{
"type": "FeatureCollection",
"name": "bageshwar_gp",
"crs": { "type": "name", "properties": { "name": "urn:ogc:def:crs:OGC::CRS84" } },
"features": [
{ "type": "Feature", "properties": { "gp_code": "21737", "gp_name": "BHAITA", "blkname": "GARUR", "dtname": "Bageshwar", "SHAPE_Area": 111217.4775390352 }, "geometry": { "type": "Polygon", "coordinates": [ [ [ 79.6685372, 30.004728 ], [ 79.6680911, 30.0046118 ], [ 79.6672528, 30.0058226 ], [ 79.667943, 30.0068602 ], [ 79.6707592, 30.008775 ], [ 79.6733192, 30.0083977 ], [ 79.6716812, 30.0078025 ], [ 79.669613, 30.006471 ], [ 79.6685372, 30.004728 ] ] ] } },
{ "type": "Feature", "properties": { "gp_code": "22034", "gp_name": "KUWARI", "blkname": "KAPKOTE", "dtname": "Bageshwar", "SHAPE_Area": 8179120.2929161191 }, "geometry": { "type": "Polygon", "coordinates": [ [ [ 79.8132588, 30.0745634 ], [ 79.8110689, 30.076245 ], [ 79.8061193, 30.0785477 ], [ 79.8037954, 30.0787448 ], [ 79.7987494, 30.0778038 ], [ 79.793272, 30.0780485 ], [ 79.7916228, 30.0776911 ], [ 79.7910157, 30.0780382 ], [ 79.7880043, 30.0814645 ], [ 79.7876609, 30.0828221 ], [ 79.7862894, 30.0851263 ], [ 79.7858468, 30.0871108 ], [ 79.7822492, 30.0900044 ], [ 79.781247, 30.0912036 ], [ 79.7795469, 30.0950864 ], [ 79.7776414, 30.0967811 ], [ 79.7771995, 30.0977462 ], [ 79.7776304, 30.0974126 ], [ 79.782839, 30.0973623 ], [ 79.7875905, 30.0979294 ], [ 79.795383, 30.0974426 ], [ 79.8012345, 30.0978926 ], [ 79.8036732, 30.0973752 ], [ 79.8056496, 30.0975793 ], [ 79.8063452, 30.0969617 ], [ 79.8083222, 30.0962319 ], [ 79.8110849, 30.0918576 ], [ 79.8102555, 30.0908693 ], [ 79.810391, 30.0899085 ], [ 79.8099823, 30.0882527 ], [ 79.8109057, 30.0881043 ], [ 79.811865, 30.0887093 ], [ 79.812892, 30.0887954 ], [ 79.8147487, 30.0896038 ], [ 79.8153349, 30.0895184 ], [ 79.8152582, 30.0877365 ], [ 79.8147144, 30.0861665 ], [ 79.8148702, 30.0857876 ], [ 79.8171845, 30.0844849 ], [ 79.8162633, 30.0807855 ], [ 79.8149312, 30.0792241 ], [ 79.8145792, 30.0781052 ], [ 79.8131644, 30.0762595 ], [ 79.8132588, 30.0745634 ] ] ] } },
{ "type": "Feature", "properties": { "gp_code": "22031", "gp_name": "KILPARA", "blkname": "KAPKOTE", "dtname": "Bageshwar", "SHAPE_Area": 22283709.337037928 }, "geometry": { "type": "Polygon", "coordinates": [ [ [ 79.8218493, 30.1202681 ], [ 79.8206428, 30.1156348 ], [ 79.8202623, 30.1093689 ], [ 79.8257172, 30.1057261 ], [ 79.8269372, 30.1041072 ], [ 79.8275028, 30.1037871 ], [ 79.8336084, 30.1058371 ], [ 79.8384909, 30.1049003 ], [ 79.841734, 30.1034983 ], [ 79.846009, 30.1034902 ], [ 79.8512907, 30.1026793 ], [ 79.8515711, 30.1013396 ], [ 79.8532474, 30.0992288 ], [ 79.8531231, 30.0980378 ], [ 79.8517331, 30.096549 ], [ 79.8496272, 30.0955562 ], [ 79.8471435, 30.0910988 ], [ 79.8463397, 30.09021 ], [ 79.8418532, 30.0881339 ], [ 79.8405773, 30.0878809 ], [ 79.8381079, 30.0884937 ], [ 79.8324023, 30.0873868 ], [ 79.8289017, 30.0855992 ], [ 79.8273049, 30.0839431 ], [ 79.8248419, 30.0821514 ], [ 79.8237948, 30.080703 ], [ 79.8227423, 30.0798996 ], [ 79.8169454, 30.0764778 ], [ 79.8140881, 30.0754886 ], [ 79.8132588, 30.0745634 ], [ 79.8131644, 30.0762595 ], [ 79.8145792, 30.0781052 ], [ 79.8149312, 30.0792241 ], [ 79.8162633, 30.0807855 ], [ 79.8171845, 30.0844849 ], [ 79.8148702, 30.0857876 ], [ 79.8147144, 30.0861665 ], [ 79.8152582, 30.0877365 ], [ 79.8153349, 30.0895184 ], [ 79.8147487, 30.0896038 ], [ 79.812892, 30.0887954 ], [ 79.811865, 30.0887093 ], [ 79.8109057, 30.0881043 ], [ 79.8099823, 30.0882527 ], [ 79.810391, 30.0899085 ], [ 79.8102555, 30.0908693 ], [ 79.8110849, 30.0918576 ], [ 79.8083222, 30.0962319 ], [ 79.8063452, 30.0969617 ], [ 79.8056496, 30.0975793 ], [ 79.8036732, 30.0973752 ], [ 79.8012345, 30.0978926 ], [ 79.795383, 30.0974426 ], [ 79.7875905, 30.0979294 ], [ 79.782839, 30.0973623 ], [ 79.7776304, 30.0974126 ], [ 79.7771995, 30.0977462 ], [ 79.7777916, 30.102244 ], [ 79.7785681, 30.1040399 ], [ 79.7792028, 30.1075951 ], [ 79.7795701, 30.1087006 ], [ 79.7816583, 30.1115575 ], [ 79.7817871, 30.1126492 ], [ 79.7782127, 30.1174283 ], [ 79.7801793, 30.1173125 ], [ 79.7852585, 30.1181776 ], [ 79.7944274, 30.1180031 ], [ 79.8001515, 30.1168066 ], [ 79.8059206, 30.1181676 ], [ 79.8094704, 30.117204 ], [ 79.8133296, 30.1192449 ], [ 79.8159445, 30.1198731 ], [ 79.8218493, 30.1202681 ] ] ] } },
{ "type": "Feature", "properties": { "gp_code": "22079", "gp_name": "TOLI", "blkname": "KAPKOTE", "dtname": "Bageshwar", "SHAPE_Area": 16819301.28524939 }, "geometry": { "type": "Polygon", "coordinates": [ [ [ 79.8448818, 30.0224225 ], [ 79.8456128, 30.0219625 ], [ 79.8466345, 30.0203252 ], [ 79.8478166, 30.0199285 ], [ 79.8495064, 30.0201589 ], [ 79.8522793, 30.0222977 ], [ 79.8573179, 30.0225375 ], [ 79.8587799, 30.0223392 ], [ 79.8711902, 30.0177389 ], [ 79.8726209, 30.0157992 ], [ 79.875192, 30.0146444 ], [ 79.8748292, 30.014288 ], [ 79.8748862, 30.0137196 ], [ 79.8759229, 30.0133452 ], [ 79.87655, 30.0120324 ], [ 79.8775867, 30.0115452 ], [ 79.8778407, 30.0111167 ], [ 79.8779132, 30.0096687 ], [ 79.8793488, 30.0060553 ], [ 79.8801417, 30.0050402 ], [ 79.8762185, 29.9979334 ], [ 79.8793515, 29.9958065 ], [ 79.8807365, 29.9963344 ], [ 79.8825029, 29.9965097 ], [ 79.8831758, 29.9958765 ], [ 79.8846394, 29.9960915 ], [ 79.8855981, 29.9946393 ], [ 79.8850102, 29.9933143 ], [ 79.8839153, 29.99199 ], [ 79.8814329, 29.9868379 ], [ 79.8803166, 29.9863991 ], [ 79.8772977, 29.9864075 ], [ 79.8721413, 29.9886683 ], [ 79.8714414, 29.9883958 ], [ 79.8686561, 29.9885694 ], [ 79.8665468, 29.9877861 ], [ 79.8645214, 29.9877648 ], [ 79.8617887, 29.9897014 ], [ 79.8588063, 29.9899873 ], [ 79.8575471, 29.9910812 ], [ 79.8561329, 29.9933156 ], [ 79.8548205, 29.9929589 ], [ 79.8540552, 29.9931418 ], [ 79.8504827, 29.9951517 ], [ 79.8488878, 29.9971304 ], [ 79.8469723, 29.9978871 ], [ 79.8473961, 30.0033187 ], [ 79.8425449, 30.0032635 ], [ 79.8417518, 30.0038993 ], [ 79.8403201, 30.0070116 ], [ 79.8387439, 30.0084998 ], [ 79.835903, 30.0099967 ], [ 79.8328082, 30.0109431 ], [ 79.8324016, 30.016284 ], [ 79.8319138, 30.0175605 ], [ 79.8328033, 30.0224191 ], [ 79.8423211, 30.0221783 ], [ 79.8436998, 30.0225486 ], [ 79.8448818, 30.0224225 ] ] ] } },
{ "type": "Feature", "properties": { "gp_code": "262942", "gp_name": "BAGHARR", "blkname": "KAPKOTE", "dtname": "Bageshwar", "SHAPE_Area": 15216432.764021043 }, "geometry": { "type": "Polygon", "coordinates": [ [ [ 79.8439735, 30.0594308 ], [ 79.8461219, 30.0542571 ], [ 79.8464906, 30.0524032 ], [ 79.8478654, 30.0501841 ], [ 79.8467103, 30.0455735 ], [ 79.8468453, 30.0449691 ], [ 79.8487382, 30.0434583 ], [ 79.8565321, 30.0389531 ], [ 79.8575794, 30.0389262 ], [ 79.8585853, 30.0393548 ], [ 79.8604463, 30.0406858 ], [ 79.8603687, 30.0399731 ], [ 79.8609184, 30.0388589 ], [ 79.8636408, 30.0358007 ], [ 79.8638173, 30.0335136 ], [ 79.8646781, 30.0322191 ], [ 79.8705728, 30.0310104 ], [ 79.8705314, 30.0304195 ], [ 79.8734138, 30.0291609 ], [ 79.8757105, 30.0276633 ], [ 79.8753683, 30.0256829 ], [ 79.8732428, 30.0252363 ], [ 79.8725534, 30.0220831 ], [ 79.8731755, 30.0200261 ], [ 79.872849, 30.0168909 ], [ 79.875192, 30.0146444 ], [ 79.8726209, 30.0157992 ], [ 79.8711902, 30.0177389 ], [ 79.8587799, 30.0223392 ], [ 79.8573179, 30.0225375 ], [ 79.8522793, 30.0222977 ], [ 79.8495064, 30.0201589 ], [ 79.8478166, 30.0199285 ], [ 79.8466604, 30.0203072 ], [ 79.8456128, 30.0219625 ], [ 79.8448818, 30.0224225 ], [ 79.8436998, 30.0225486 ], [ 79.8443163, 30.0240012 ], [ 79.8476639, 30.0285266 ], [ 79.8457714, 30.0291036 ], [ 79.8415089, 30.0322017 ], [ 79.8407049, 30.0335006 ], [ 79.8403259, 30.0349847 ], [ 79.8383195, 30.0350517 ], [ 79.8352504, 30.0345591 ], [ 79.8314978, 30.0324422 ], [ 79.8299736, 30.0324237 ], [ 79.8277317, 30.0369836 ], [ 79.8327282, 30.0405445 ], [ 79.8325, 30.040779 ], [ 79.8316081, 30.0410178 ], [ 79.8265789, 30.0409619 ], [ 79.8253187, 30.0412907 ], [ 79.8203311, 30.0409143 ], [ 79.8169968, 30.0416844 ], [ 79.8141865, 30.041859 ], [ 79.8165937, 30.0481935 ], [ 79.8242036, 30.0520988 ], [ 79.8260843, 30.0554782 ], [ 79.8274267, 30.0570756 ], [ 79.828956, 30.0578476 ], [ 79.8335039, 30.0579889 ], [ 79.8384448, 30.0609993 ], [ 79.8397724, 30.0609589 ], [ 79.8439735, 30.0594308 ] ] ] } },
{ "type": "Feature", "properties": { "gp_code": "22003", "gp_name": "DOBAAR", "blkname": "KAPKOTE", "dtname": "Bageshwar", "SHAPE_Area": 14300464.586070629 }, "geometry": { "type": "Polygon", "coordinates": [ [ [ 79.8697675, 30.064428 ], [ 79.871505, 30.058884 ], [ 79.8716243, 30.0574451 ], [ 79.8741498, 30.054513 ], [ 79.8734446, 30.0519507 ], [ 79.8735328, 30.0505568 ], [ 79.8744298, 30.0481749 ], [ 79.8754669, 30.0465735 ], [ 79.8780439, 30.0457796 ], [ 79.8798742, 30.0457299 ], [ 79.8822334, 30.0449268 ], [ 79.8817407, 30.0435735 ], [ 79.8817717, 30.0426894 ], [ 79.8825909, 30.0415164 ], [ 79.8842396, 30.0403119 ], [ 79.8856755, 30.038575 ], [ 79.8858777, 30.0373796 ], [ 79.8853589, 30.0356293 ], [ 79.8836271, 30.0333649 ], [ 79.8830205, 30.0318448 ], [ 79.8823306, 30.0271759 ], [ 79.8807545, 30.0255836 ], [ 79.8783854, 30.0251281 ], [ 79.8772811, 30.0245822 ], [ 79.8774315, 30.0239281 ], [ 79.8781987, 30.0234003 ], [ 79.877561, 30.0224395 ], [ 79.8780276, 30.0219206 ], [ 79.8782556, 30.0199268 ], [ 79.8769182, 30.0193584 ], [ 79.8762546, 30.0187224 ], [ 79.8762754, 30.0161781 ], [ 79.875192, 30.0146444 ], [ 79.872849, 30.0168909 ], [ 79.8731755, 30.0200261 ], [ 79.8725534, 30.0220831 ], [ 79.8732428, 30.0252363 ], [ 79.8753683, 30.0256829 ], [ 79.8757105, 30.0276633 ], [ 79.8734138, 30.0291609 ], [ 79.8705314, 30.0304195 ], [ 79.8705728, 30.0310104 ], [ 79.8646781, 30.0322191 ], [ 79.8638173, 30.0335136 ], [ 79.8636408, 30.0358007 ], [ 79.8609184, 30.0388589 ], [ 79.8603687, 30.0399731 ], [ 79.8604463, 30.0406858 ], [ 79.8585853, 30.0393548 ], [ 79.8575794, 30.0389262 ], [ 79.8565321, 30.0389531 ], [ 79.8487382, 30.0434583 ], [ 79.8468453, 30.0449691 ], [ 79.8467103, 30.0455735 ], [ 79.8478654, 30.0501841 ], [ 79.8464906, 30.0524032 ], [ 79.8461219, 30.0542571 ], [ 79.8439735, 30.0594308 ], [ 79.8460215, 30.0604462 ], [ 79.8492151, 30.0640061 ], [ 79.85117, 30.0653056 ], [ 79.8562732, 30.0651801 ], [ 79.8575181, 30.0633714 ], [ 79.8582391, 30.0627174 ], [ 79.8588147, 30.0626859 ], [ 79.8603858, 30.0649236 ], [ 79.8634555, 30.0683884 ], [ 79.8642646, 30.068871 ], [ 79.8713802, 30.0695256 ], [ 79.8697675, 30.064428 ] ] ] } },
{ "type": "Feature", "properties": { "gp_code": "", "gp_name": "", "blkname": "KAPKOTE", "dtname": "Bageshwar", "SHAPE_Area": 1047994.7392286912 }, "geometry": { "type": "Polygon", "coordinates": [ [ [ 79.8822334, 30.0449268 ], [ 79.8798742, 30.0457299 ], [ 79.8780439, 30.0457796 ], [ 79.8754669, 30.0465735 ], [ 79.8744298, 30.0481749 ], [ 79.8735328, 30.0505568 ], [ 79.8734446, 30.0519507 ], [ 79.8741498, 30.054513 ], [ 79.8770744, 30.0542738 ], [ 79.8828147, 30.0528752 ], [ 79.8838412, 30.049546 ], [ 79.8836855, 30.0486844 ], [ 79.8824046, 30.0466636 ], [ 79.8822334, 30.0449268 ] ] ] } },
{ "type": "Feature", "properties": { "gp_code": "22004", "gp_name": "DULAM", "blkname": "KAPKOTE", "dtname": "Bageshwar", "SHAPE_Area": 11062147.535365894 }, "geometry": { "type": "Polygon", "coordinates": [ [ [ 79.9148798, 30.0222214 ], [ 79.9170675, 30.0223155 ], [ 79.9187164, 30.0234517 ], [ 79.9230696, 30.020888 ], [ 79.9224814, 30.0154794 ], [ 79.924051, 30.0134714 ], [ 79.9249112, 30.0128802 ], [ 79.929881, 30.0110647 ], [ 79.9299524, 30.008958 ], [ 79.9362045, 30.0109446 ], [ 79.9389935, 30.0114756 ], [ 79.9384013, 30.0095091 ], [ 79.9360679, 30.0079674 ], [ 79.9354092, 30.0072053 ], [ 79.9344548, 30.0059246 ], [ 79.9336658, 30.0039942 ], [ 79.9328673, 30.0035074 ], [ 79.9303846, 30.0032919 ], [ 79.9297728, 30.0029042 ], [ 79.9289895, 30.0014881 ], [ 79.9266342, 30.0001266 ], [ 79.9265492, 29.9992111 ], [ 79.9213174, 29.9983148 ], [ 79.9216604, 29.9972083 ], [ 79.9230786, 29.9970813 ], [ 79.9246932, 29.9956774 ], [ 79.9248891, 29.995039 ], [ 79.9244504, 29.9928681 ], [ 79.922977, 29.9899983 ], [ 79.9194549, 29.9900607 ], [ 79.916154, 29.9896317 ], [ 79.915982, 29.9899201 ], [ 79.9163979, 29.9919607 ], [ 79.915636, 29.9934559 ], [ 79.9143106, 29.9946105 ], [ 79.9136336, 29.9961789 ], [ 79.9136452, 29.9971297 ], [ 79.9132768, 29.9974606 ], [ 79.9126672, 29.9968891 ], [ 79.9124763, 29.9960349 ], [ 79.9112094, 29.9940344 ], [ 79.9105389, 29.9945965 ], [ 79.9090788, 29.9949915 ], [ 79.9066382, 29.994386 ], [ 79.9055602, 29.9958019 ], [ 79.9042674, 29.9965094 ], [ 79.9001504, 29.9973402 ], [ 79.8993839, 29.9981729 ], [ 79.899479, 29.9989229 ], [ 79.9007466, 29.9999861 ], [ 79.9052055, 30.0014957 ], [ 79.9059891, 30.0044954 ], [ 79.9045344, 30.0101976 ], [ 79.9016538, 30.0150792 ], [ 79.9011412, 30.0175289 ], [ 79.9005765, 30.01835 ], [ 79.896311, 30.0212243 ], [ 79.8975141, 30.0232856 ], [ 79.9005162, 30.0260549 ], [ 79.902279, 30.0269567 ], [ 79.9048505, 30.0273351 ], [ 79.9058095, 30.0271139 ], [ 79.9068511, 30.026058 ], [ 79.908961, 30.0255522 ], [ 79.9107799, 30.0239007 ], [ 79.9148798, 30.0222214 ] ] ] } },
{ "type": "Feature", "properties": { "gp_code": "22065", "gp_name": "SHALING", "blkname": "KAPKOTE", "dtname": "Bageshwar", "SHAPE_Area": 3127071.8407507734 }, "geometry": { "type": "Polygon", "coordinates": [ [ [ 79.9596625, 30.0394505 ], [ 79.9583336, 30.0376469 ], [ 79.958155, 30.0347645 ], [ 79.9563891, 30.0310529 ], [ 79.955905, 30.0284639 ], [ 79.9545434, 30.0243552 ], [ 79.9518402, 30.0213344 ], [ 79.949641, 30.0197568 ], [ 79.9490551, 30.019509 ], [ 79.9462975, 30.0196775 ], [ 79.9435443, 30.0187812 ], [ 79.9423579, 30.0198329 ], [ 79.9399858, 30.0229151 ], [ 79.939941, 30.0258383 ], [ 79.9406625, 30.0271732 ], [ 79.9452421, 30.0300083 ], [ 79.9480529, 30.0312744 ], [ 79.9521491, 30.0319757 ], [ 79.9488577, 30.0398855 ], [ 79.951912, 30.0405198 ], [ 79.9523479, 30.0409165 ], [ 79.9556765, 30.0408017 ], [ 79.958424, 30.0402496 ], [ 79.9596625, 30.0394505 ] ] ] } },
{ "type": "Feature", "properties": { "gp_code": "22025", "gp_name": "KAFLIKAMERA", "blkname": "KAPKOTE", "dtname": "Bageshwar", "SHAPE_Area": 5460712.2948712651 }, "geometry": { "type": "Polygon", "coordinates": [ [ [ 79.9286694, 30.032628 ], [ 79.9330385, 30.0304518 ], [ 79.9345618, 30.0289986 ], [ 79.9405601, 30.0290995 ], [ 79.9397794, 30.0244219 ], [ 79.9399858, 30.0229151 ], [ 79.9423579, 30.0198329 ], [ 79.9435443, 30.0187812 ], [ 79.942123, 30.0174196 ], [ 79.9417077, 30.0164906 ], [ 79.9417009, 30.0140636 ], [ 79.940606, 30.0123409 ], [ 79.9389935, 30.0114756 ], [ 79.9362045, 30.0109446 ], [ 79.9299524, 30.008958 ], [ 79.929881, 30.0110647 ], [ 79.9249112, 30.0128802 ], [ 79.924051, 30.0134714 ], [ 79.9224814, 30.0154794 ], [ 79.9230696, 30.020888 ], [ 79.9187164, 30.0234517 ], [ 79.9185042, 30.0242638 ], [ 79.9184376, 30.0259825 ], [ 79.9188683, 30.0268349 ], [ 79.9210984, 30.0288867 ], [ 79.921804, 30.0300999 ], [ 79.9255949, 30.0324172 ], [ 79.9286694, 30.032628 ] ] ] } },
{ "type": "Feature", "properties": { "gp_code": "21998", "gp_name": "CHOURA", "blkname": "KAPKOTE", "dtname": "Bageshwar", "SHAPE_Area": 12094908.617673097 }, "geometry": { "type": "Polygon", "coordinates": [ [ [ 79.9219728, 30.0691203 ], [ 79.924851, 30.0689252 ], [ 79.9248093, 30.068429 ], [ 79.9232579, 30.0669905 ], [ 79.924414, 30.0661647 ], [ 79.9273388, 30.0658116 ], [ 79.9285259, 30.0648548 ], [ 79.9298175, 30.0652242 ], [ 79.9302784, 30.0640963 ], [ 79.9296186, 30.0618862 ], [ 79.9361008, 30.0616848 ], [ 79.9383253, 30.0611559 ], [ 79.9392165, 30.0599782 ], [ 79.9399735, 30.0596801 ], [ 79.9402889, 30.0582544 ], [ 79.943476, 30.0551357 ], [ 79.9440189, 30.052934 ], [ 79.949032, 30.0512035 ], [ 79.9508036, 30.0488974 ], [ 79.9516591, 30.0487481 ], [ 79.9524528, 30.0492168 ], [ 79.9527131, 30.0505969 ], [ 79.9533776, 30.0515078 ], [ 79.9533137, 30.0493651 ], [ 79.9536134, 30.0480071 ], [ 79.954178, 30.0473527 ], [ 79.9511376, 30.0448915 ], [ 79.9499644, 30.0429614 ], [ 79.9484597, 30.0416089 ], [ 79.9484591, 30.0407608 ], [ 79.9521491, 30.0319757 ], [ 79.9480529, 30.0312744 ], [ 79.9452421, 30.0300083 ], [ 79.9401904, 30.0266637 ], [ 79.9405601, 30.0290995 ], [ 79.9345618, 30.0289986 ], [ 79.9330385, 30.0304518 ], [ 79.9286694, 30.032628 ], [ 79.9292572, 30.0363855 ], [ 79.929312, 30.0417445 ], [ 79.9288098, 30.0429853 ], [ 79.926778, 30.044371 ], [ 79.921568, 30.0465337 ], [ 79.9189035, 30.0481857 ], [ 79.9195065, 30.0515101 ], [ 79.9190873, 30.0531793 ], [ 79.9176571, 30.0555887 ], [ 79.9182493, 30.0580695 ], [ 79.918198, 30.0592154 ], [ 79.9172662, 30.0631177 ], [ 79.9183617, 30.0659232 ], [ 79.9193958, 30.0705646 ], [ 79.9214248, 30.072833 ], [ 79.9226957, 30.0735813 ], [ 79.9227735, 30.0732701 ], [ 79.9221871, 30.0726388 ], [ 79.922306, 30.0720117 ], [ 79.9216158, 30.071006 ], [ 79.9219728, 30.0691203 ] ] ] } },
{ "type": "Feature", "properties": { "gp_code": "243109", "gp_name": "PAITHI", "blkname": "KAPKOTE", "dtname": "Bageshwar", "SHAPE_Area": 5140771.7835207731 }, "geometry": { "type": "Polygon", "coordinates": [ [ [ 79.9286694, 30.032628 ], [ 79.9255949, 30.0324172 ], [ 79.921804, 30.0300999 ], [ 79.9210984, 30.0288867 ], [ 79.9197707, 30.0278361 ], [ 79.9184376, 30.0259825 ], [ 79.9187164, 30.0234517 ], [ 79.9170675, 30.0223155 ], [ 79.915844, 30.0221444 ], [ 79.9148798, 30.0222214 ], [ 79.9107799, 30.0239007 ], [ 79.908961, 30.0255522 ], [ 79.9077954, 30.0282095 ], [ 79.9062417, 30.0331992 ], [ 79.9094831, 30.0363921 ], [ 79.9109365, 30.0410335 ], [ 79.9123576, 30.0423684 ], [ 79.9149921, 30.0436533 ], [ 79.9178085, 30.0459169 ], [ 79.9189035, 30.0481857 ], [ 79.921568, 30.0465337 ], [ 79.926778, 30.044371 ], [ 79.9288098, 30.0429853 ], [ 79.929312, 30.0417445 ], [ 79.9292572, 30.0363855 ], [ 79.9286694, 30.032628 ] ] ] } },
{ "type": "Feature", "properties": { "gp_code": "22027", "gp_name": "KARMI", "blkname": "KAPKOTE", "dtname": "Bageshwar", "SHAPE_Area": 26055585.041321818 }, "geometry": { "type": "Polygon", "coordinates": [ [ [ 79.9176571, 30.0555887 ], [ 79.9190873, 30.0531793 ], [ 79.9195065, 30.0515101 ], [ 79.9185765, 30.0472069 ], [ 79.9178085, 30.0459169 ], [ 79.9163976, 30.0446994 ], [ 79.9149921, 30.0436533 ], [ 79.9123576, 30.0423684 ], [ 79.9109365, 30.0410335 ], [ 79.9094831, 30.0363921 ], [ 79.9062417, 30.0331992 ], [ 79.9077954, 30.0282095 ], [ 79.908961, 30.0255522 ], [ 79.9068511, 30.026058 ], [ 79.9058095, 30.0271139 ], [ 79.9048505, 30.0273351 ], [ 79.902279, 30.0269567 ], [ 79.9005162, 30.0260549 ], [ 79.8975141, 30.0232856 ], [ 79.896311, 30.0212243 ], [ 79.89375, 30.020927 ], [ 79.8927028, 30.0200024 ], [ 79.8891615, 30.014797 ], [ 79.8858128, 30.0135838 ], [ 79.8848123, 30.0128847 ], [ 79.8841955, 30.01219 ], [ 79.882044, 30.0079092 ], [ 79.8806705, 30.0069348 ], [ 79.8792918, 30.0065154 ], [ 79.8779132, 30.0096687 ], [ 79.8778407, 30.0111167 ], [ 79.8775867, 30.0115452 ], [ 79.87655, 30.0120324 ], [ 79.8759229, 30.0133452 ], [ 79.8748862, 30.0137196 ], [ 79.8748292, 30.014288 ], [ 79.8762754, 30.0161781 ], [ 79.8762546, 30.0187224 ], [ 79.8769182, 30.0193584 ], [ 79.8782556, 30.0199268 ], [ 79.8780276, 30.0219206 ], [ 79.877561, 30.0224395 ], [ 79.8781987, 30.0234003 ], [ 79.8774315, 30.0239281 ], [ 79.8772811, 30.0245822 ], [ 79.8783854, 30.0251281 ], [ 79.8807545, 30.0255836 ], [ 79.8823306, 30.0271759 ], [ 79.8830205, 30.0318448 ], [ 79.8836271, 30.0333649 ], [ 79.8853589, 30.0356293 ], [ 79.8858777, 30.0373796 ], [ 79.8856755, 30.038575 ], [ 79.8842396, 30.0403119 ], [ 79.8825909, 30.0415164 ], [ 79.8817717, 30.0426894 ], [ 79.8824046, 30.0466636 ], [ 79.8836855, 30.0486844 ], [ 79.8838412, 30.049546 ], [ 79.8828147, 30.0528752 ], [ 79.8770744, 30.0542738 ], [ 79.8741498, 30.054513 ], [ 79.8716243, 30.0574451 ], [ 79.871505, 30.058884 ], [ 79.8697675, 30.064428 ], [ 79.8713802, 30.0695256 ], [ 79.8762657, 30.0706578 ], [ 79.8838275, 30.0715959 ], [ 79.8865607, 30.0710723 ], [ 79.8924784, 30.0707019 ], [ 79.8937646, 30.0709587 ], [ 79.8956839, 30.0722035 ], [ 79.896576, 30.0723206 ], [ 79.8978518, 30.0721987 ], [ 79.902763, 30.0706144 ], [ 79.9118689, 30.066701 ], [ 79.9218554, 30.0732253 ], [ 79.9193958, 30.0705646 ], [ 79.9183617, 30.0659232 ], [ 79.9174896, 30.0641055 ], [ 79.9172662, 30.0631177 ], [ 79.9182493, 30.0580695 ], [ 79.9176571, 30.0555887 ] ] ] } },
{ "type": "Feature", "properties": { "gp_code": "22015", "gp_name": "HARKOTE", "blkname": "KAPKOTE", "dtname": "Bageshwar", "SHAPE_Area": 8776476.5015527643 }, "geometry": { "type": "Polygon", "coordinates": [ [ [ 79.9595743, 30.0639499 ], [ 79.9589242, 30.0555823 ], [ 79.9582748, 30.0541347 ], [ 79.9567646, 30.0525432 ], [ 79.9533776, 30.0515078 ], [ 79.9527131, 30.0505969 ], [ 79.9524528, 30.0492168 ], [ 79.9511665, 30.0487484 ], [ 79.9504254, 30.049254 ], [ 79.949032, 30.0512035 ], [ 79.9440189, 30.052934 ], [ 79.943476, 30.0551357 ], [ 79.9402889, 30.0582544 ], [ 79.9399735, 30.0596801 ], [ 79.9392165, 30.0599782 ], [ 79.9383253, 30.0611559 ], [ 79.9361008, 30.0616848 ], [ 79.9296186, 30.0618862 ], [ 79.9302784, 30.0640963 ], [ 79.9301284, 30.0648948 ], [ 79.9293715, 30.065274 ], [ 79.9285259, 30.0648548 ], [ 79.9273388, 30.0658116 ], [ 79.924917, 30.065984 ], [ 79.9234549, 30.0668056 ], [ 79.9234084, 30.0672386 ], [ 79.9248093, 30.068429 ], [ 79.924851, 30.0689252 ], [ 79.9219728, 30.0691203 ], [ 79.9216158, 30.071006 ], [ 79.922306, 30.0720117 ], [ 79.9221871, 30.0726388 ], [ 79.9227735, 30.0732701 ], [ 79.9226957, 30.0735813 ], [ 79.9297416, 30.0780806 ], [ 79.9358737, 30.0802207 ], [ 79.9414809, 30.0804209 ], [ 79.942337, 30.0808265 ], [ 79.9433375, 30.0799734 ], [ 79.9496987, 30.0690127 ], [ 79.9517355, 30.0670808 ], [ 79.9538505, 30.0658616 ], [ 79.9595743, 30.0639499 ] ] ] } },
{ "type": "Feature", "properties": { "gp_code": "22030", "gp_name": "KHATI", "blkname": "KAPKOTE", "dtname": "Bageshwar", "SHAPE_Area": 5457173.5975144822 }, "geometry": { "type": "Polygon", "coordinates": [ [ [ 79.9354421, 30.1040976 ], [ 79.9357542, 30.1054642 ], [ 79.9352682, 30.1082026 ], [ 79.9321729, 30.111885 ], [ 79.9307517, 30.1127562 ], [ 79.9290914, 30.1128877 ], [ 79.9276701, 30.1134927 ], [ 79.9290096, 30.1149944 ], [ 79.9312715, 30.1143439 ], [ 79.9322626, 30.1143795 ], [ 79.9378099, 30.1153874 ], [ 79.93711, 30.1162674 ], [ 79.935354, 30.1212754 ], [ 79.939997, 30.1272998 ], [ 79.9421621, 30.1290265 ], [ 79.9494295, 30.1319637 ], [ 79.9514233, 30.1332437 ], [ 79.9549584, 30.1344324 ], [ 79.9563566, 30.1307462 ], [ 79.954865, 30.1279954 ], [ 79.9525279, 30.1256466 ], [ 79.9493399, 30.1230771 ], [ 79.948201, 30.1197487 ], [ 79.9499123, 30.1115558 ], [ 79.9509376, 30.1089749 ], [ 79.9508013, 30.1070669 ], [ 79.9501003, 30.1061876 ], [ 79.9484084, 30.1054532 ], [ 79.9448181, 30.1055725 ], [ 79.9415969, 30.1065169 ], [ 79.9354421, 30.1040976 ] ] ] } },
{ "type": "Feature", "properties": { "gp_code": "21979", "gp_name": "VACHAM", "blkname": "KAPKOTE", "dtname": "Bageshwar", "SHAPE_Area": 27140821.486921109 }, "geometry": { "type": "Polygon", "coordinates": [ [ [ 79.9549584, 30.1344324 ], [ 79.9514233, 30.1332437 ], [ 79.9494295, 30.1319637 ], [ 79.9421621, 30.1290265 ], [ 79.939997, 30.1272998 ], [ 79.935354, 30.1212754 ], [ 79.93711, 30.1162674 ], [ 79.9378099, 30.1153874 ], [ 79.9322626, 30.1143795 ], [ 79.9312715, 30.1143439 ], [ 79.9290096, 30.1149944 ], [ 79.9282725, 30.1143316 ], [ 79.9276701, 30.1134927 ], [ 79.9290914, 30.1128877 ], [ 79.9307517, 30.1127562 ], [ 79.9321729, 30.111885 ], [ 79.9352682, 30.1082026 ], [ 79.9357542, 30.1054642 ], [ 79.9354421, 30.1040976 ], [ 79.9286038, 30.1034599 ], [ 79.9265745, 30.1020669 ], [ 79.9238782, 30.0944218 ], [ 79.9235501, 30.0918732 ], [ 79.9225844, 30.0901639 ], [ 79.9200364, 30.0879679 ], [ 79.9155006, 30.0830704 ], [ 79.9136017, 30.0816771 ], [ 79.9009291, 30.0784233 ], [ 79.9011322, 30.0819057 ], [ 79.899288, 30.0912529 ], [ 79.8978932, 30.0941176 ], [ 79.8944743, 30.0929949 ], [ 79.8922125, 30.0932163 ], [ 79.8904228, 30.0929504 ], [ 79.8903763, 30.094042 ], [ 79.8912999, 30.0952644 ], [ 79.8955804, 30.0981057 ], [ 79.8977234, 30.0999774 ], [ 79.9004947, 30.103906 ], [ 79.9028987, 30.11046 ], [ 79.9072853, 30.117866 ], [ 79.9071146, 30.1196659 ], [ 79.9123764, 30.1198495 ], [ 79.9150905, 30.1205208 ], [ 79.9216718, 30.123974 ], [ 79.9232811, 30.1252546 ], [ 79.9239458, 30.1263189 ], [ 79.9276159, 30.1288482 ], [ 79.9281782, 30.1323169 ], [ 79.9286564, 30.1334264 ], [ 79.9286945, 30.136787 ], [ 79.9295434, 30.1422404 ], [ 79.9245305, 30.1438348 ], [ 79.9169636, 30.1449065 ], [ 79.9125884, 30.1451875 ], [ 79.9128233, 30.1488413 ], [ 79.9137489, 30.1531535 ], [ 79.9153027, 30.157655 ], [ 79.9300203, 30.1597924 ], [ 79.9336382, 30.1594795 ], [ 79.9360102, 30.1589011 ], [ 79.9372915, 30.1574028 ], [ 79.9408893, 30.1503279 ], [ 79.9420536, 30.1450225 ], [ 79.9462341, 30.1411137 ], [ 79.9513595, 30.1380524 ], [ 79.9531179, 30.1366304 ], [ 79.9549584, 30.1344324 ] ] ] } },
{ "type": "Feature", "properties": { "gp_code": "21967", "gp_name": "SURAG", "blkname": "KAPKOTE", "dtname": "Bageshwar", "SHAPE_Area": 22157109.990551911 }, "geometry": { "type": "Polygon", "coordinates": [ [ [ 79.8810576, 30.1505608 ], [ 79.882786, 30.1499247 ], [ 79.8902449, 30.149942 ], [ 79.8929795, 30.1460533 ], [ 79.893519, 30.1442623 ], [ 79.8931034, 30.1421694 ], [ 79.8913382, 30.138651 ], [ 79.8912341, 30.1367249 ], [ 79.8915297, 30.1355204 ], [ 79.892531, 30.1340858 ], [ 79.8927591, 30.1323354 ], [ 79.8917724, 30.1286231 ], [ 79.8890838, 30.1250371 ], [ 79.8902668, 30.123995 ], [ 79.8931676, 30.124563 ], [ 79.8933956, 30.1226413 ], [ 79.8925071, 30.1157937 ], [ 79.8936581, 30.1108992 ], [ 79.8935744, 30.1077641 ], [ 79.8947261, 30.1067805 ], [ 79.9004947, 30.103906 ], [ 79.8977234, 30.0999774 ], [ 79.8955804, 30.0981057 ], [ 79.890724, 30.0947005 ], [ 79.8903763, 30.094042 ], [ 79.8904228, 30.0929504 ], [ 79.8922125, 30.0932163 ], [ 79.8944743, 30.0929949 ], [ 79.8978932, 30.0941176 ], [ 79.899288, 30.0912529 ], [ 79.9011322, 30.0819057 ], [ 79.9009291, 30.0784233 ], [ 79.8932005, 30.077369 ], [ 79.8915521, 30.082796 ], [ 79.8909616, 30.0888859 ], [ 79.8902409, 30.0905956 ], [ 79.8893643, 30.0916919 ], [ 79.8860655, 30.09448 ], [ 79.8803799, 30.0969118 ], [ 79.8788496, 30.0979674 ], [ 79.8757888, 30.1010666 ], [ 79.8726188, 30.1037054 ], [ 79.8693708, 30.1088389 ], [ 79.8670617, 30.1114461 ], [ 79.8659565, 30.1132414 ], [ 79.8654061, 30.117414 ], [ 79.862271, 30.125326 ], [ 79.8652744, 30.1370953 ], [ 79.864537, 30.1406995 ], [ 79.866348, 30.1449084 ], [ 79.8675366, 30.1458017 ], [ 79.8726385, 30.1475927 ], [ 79.8747458, 30.1498933 ], [ 79.8779225, 30.1512015 ], [ 79.8788309, 30.1519322 ], [ 79.8810576, 30.1505608 ] ] ] } },
{ "type": "Feature", "properties": { "gp_code": "22078", "gp_name": "TEEKH", "blkname": "KAPKOTE", "dtname": "Bageshwar", "SHAPE_Area": 8387455.8533142032 }, "geometry": { "type": "Polygon", "coordinates": [ [ [ 79.8784657, 30.0983148 ], [ 79.8803799, 30.0969118 ], [ 79.8860655, 30.09448 ], [ 79.8893643, 30.0916919 ], [ 79.8902409, 30.0905956 ], [ 79.8909616, 30.0888859 ], [ 79.8915521, 30.082796 ], [ 79.8932005, 30.077369 ], [ 79.8887761, 30.0767154 ], [ 79.886582, 30.0760615 ], [ 79.8785064, 30.0751192 ], [ 79.8777906, 30.0760124 ], [ 79.8768466, 30.0765402 ], [ 79.8729255, 30.077704 ], [ 79.8685427, 30.0770273 ], [ 79.8641702, 30.0777262 ], [ 79.8626765, 30.0775185 ], [ 79.8612237, 30.0804235 ], [ 79.8587282, 30.0843117 ], [ 79.8597028, 30.0883627 ], [ 79.8596455, 30.0898558 ], [ 79.8591214, 30.0909971 ], [ 79.8583586, 30.092463 ], [ 79.8570355, 30.0937575 ], [ 79.853855, 30.0961028 ], [ 79.8531231, 30.0980378 ], [ 79.8552399, 30.0973164 ], [ 79.8563913, 30.0987015 ], [ 79.8579165, 30.0990129 ], [ 79.8598516, 30.0987515 ], [ 79.8616622, 30.0979713 ], [ 79.8635769, 30.0961491 ], [ 79.8646818, 30.0959778 ], [ 79.8659321, 30.0951342 ], [ 79.8674988, 30.0948547 ], [ 79.8683186, 30.0943811 ], [ 79.868661, 30.0935015 ], [ 79.8685677, 30.0918188 ], [ 79.8711459, 30.0914446 ], [ 79.8715713, 30.0899785 ], [ 79.8730757, 30.0892658 ], [ 79.874025, 30.0880162 ], [ 79.8753996, 30.0872854 ], [ 79.8756953, 30.0937226 ], [ 79.87541, 30.0951887 ], [ 79.8744451, 30.0970653 ], [ 79.8784657, 30.0983148 ] ] ] } },
{ "type": "Feature", "properties": { "gp_code": "260009", "gp_name": "DHAULAA", "blkname": "KAPKOTE", "dtname": "Bageshwar", "SHAPE_Area": 4137392.4194948426 }, "geometry": { "type": "Polygon", "coordinates": [ [ [ 79.8626765, 30.0775185 ], [ 79.8600057, 30.0746493 ], [ 79.8517851, 30.0741473 ], [ 79.8508927, 30.0751351 ], [ 79.8485065, 30.0762759 ], [ 79.8463476, 30.0808406 ], [ 79.8450557, 30.0819456 ], [ 79.8435866, 30.0854863 ], [ 79.8409614, 30.0872765 ], [ 79.8405773, 30.0878809 ], [ 79.8418532, 30.0881339 ], [ 79.8463397, 30.09021 ], [ 79.8471435, 30.0910988 ], [ 79.8496272, 30.0955562 ], [ 79.8517331, 30.096549 ], [ 79.8531231, 30.0980378 ], [ 79.853855, 30.0961028 ], [ 79.8570355, 30.0937575 ], [ 79.8583586, 30.092463 ], [ 79.8591214, 30.0909971 ], [ 79.8596455, 30.0898558 ], [ 79.8597028, 30.0883627 ], [ 79.8587282, 30.0843117 ], [ 79.8612237, 30.0804235 ], [ 79.8626765, 30.0775185 ] ] ] } },
{ "type": "Feature", "properties": { "gp_code": "260018", "gp_name": "KALO", "blkname": "KAPKOTE", "dtname": "Bageshwar", "SHAPE_Area": 2865165.3953192895 }, "geometry": { "type": "Polygon", "coordinates": [ [ [ 79.8512907, 30.1026793 ], [ 79.846009, 30.1034902 ], [ 79.841734, 30.1034983 ], [ 79.8384909, 30.1049003 ], [ 79.8336084, 30.1058371 ], [ 79.8275028, 30.1037871 ], [ 79.8269372, 30.1041072 ], [ 79.8261842, 30.105591 ], [ 79.826977, 30.1076078 ], [ 79.8312237, 30.1134825 ], [ 79.8339989, 30.1150307 ], [ 79.8358773, 30.1148462 ], [ 79.8374497, 30.1142423 ], [ 79.8412741, 30.1135125 ], [ 79.8429758, 30.1139595 ], [ 79.845653, 30.1141045 ], [ 79.8479888, 30.1109428 ], [ 79.8490533, 30.1078214 ], [ 79.8498889, 30.1068292 ], [ 79.8499306, 30.105954 ], [ 79.8511346, 30.1043123 ], [ 79.8512907, 30.1026793 ] ] ] } },
{ "type": "Feature", "properties": { "gp_code": "21980", "gp_name": "BADIYAKOTE", "blkname": "KAPKOTE", "dtname": "Bageshwar", "SHAPE_Area": 26142208.802892808 }, "geometry": { "type": "Polygon", "coordinates": [ [ [ 79.866348, 30.1449084 ], [ 79.864537, 30.1406995 ], [ 79.8652744, 30.1370953 ], [ 79.862271, 30.125326 ], [ 79.8654061, 30.117414 ], [ 79.8659565, 30.1132414 ], [ 79.8670617, 30.1114461 ], [ 79.8693708, 30.1088389 ], [ 79.8726188, 30.1037054 ], [ 79.8757888, 30.1010666 ], [ 79.8784657, 30.0983148 ], [ 79.8744451, 30.0970653 ], [ 79.87541, 30.0951887 ], [ 79.8756953, 30.0937226 ], [ 79.8753996, 30.0872854 ], [ 79.874025, 30.0880162 ], [ 79.8730757, 30.0892658 ], [ 79.8715713, 30.0899785 ], [ 79.8711459, 30.0914446 ], [ 79.8685677, 30.0918188 ], [ 79.868661, 30.0935015 ], [ 79.8683186, 30.0943811 ], [ 79.8674988, 30.0948547 ], [ 79.8659321, 30.0951342 ], [ 79.8646818, 30.0959778 ], [ 79.8635769, 30.0961491 ], [ 79.8616622, 30.0979713 ], [ 79.8598516, 30.0987515 ], [ 79.8579165, 30.0990129 ], [ 79.8563913, 30.0987015 ], [ 79.8552399, 30.0973164 ], [ 79.8531231, 30.0980378 ], [ 79.8531176, 30.0995445 ], [ 79.8512753, 30.1019396 ], [ 79.8511346, 30.1043123 ], [ 79.8499306, 30.105954 ], [ 79.8498889, 30.1068292 ], [ 79.8490533, 30.1078214 ], [ 79.8479888, 30.1109428 ], [ 79.845653, 30.1141045 ], [ 79.8429758, 30.1139595 ], [ 79.8412741, 30.1135125 ], [ 79.8374497, 30.1142423 ], [ 79.8358773, 30.1148462 ], [ 79.8339989, 30.1150307 ], [ 79.8330703, 30.1146198 ], [ 79.8312237, 30.1134825 ], [ 79.826977, 30.1076078 ], [ 79.8261842, 30.105591 ], [ 79.8262726, 30.1050227 ], [ 79.8227587, 30.1078903 ], [ 79.8202623, 30.1093689 ], [ 79.8206428, 30.1156348 ], [ 79.8218493, 30.1202681 ], [ 79.8211262, 30.1237413 ], [ 79.8208071, 30.1284461 ], [ 79.8213757, 30.1325738 ], [ 79.8230132, 30.1372524 ], [ 79.8242096, 30.1419037 ], [ 79.8238028, 30.1459273 ], [ 79.822539, 30.1505279 ], [ 79.8287746, 30.1470298 ], [ 79.8349001, 30.1448394 ], [ 79.8389806, 30.1422738 ], [ 79.8410985, 30.1414129 ], [ 79.8422608, 30.1421123 ], [ 79.8437706, 30.1439036 ], [ 79.8461111, 30.1448739 ], [ 79.8513271, 30.1460839 ], [ 79.8550226, 30.1462289 ], [ 79.8592679, 30.1482549 ], [ 79.8607368, 30.1485619 ], [ 79.8617904, 30.1486387 ], [ 79.8627819, 30.1481831 ], [ 79.8640433, 30.1473306 ], [ 79.866348, 30.1449084 ] ] ] } },
{ "type": "Feature", "properties": { "gp_code": "", "gp_name": "", "blkname": "KAPKOTE", "dtname": "Bageshwar", "SHAPE_Area": 702837759.56532383 }, "geometry": { "type": "Polygon", "coordinates": [ [ [ 79.9978172, 30.3167014 ], [ 80.0018773, 30.3156519 ], [ 80.0107007, 30.3144917 ], [ 80.0123431, 30.3147548 ], [ 80.0144385, 30.3144317 ], [ 80.0201195, 30.3154106 ], [ 80.0249765, 30.3139215 ], [ 80.0274484, 30.31133 ], [ 80.0287191, 30.3089314 ], [ 80.0302168, 30.308283 ], [ 80.0308888, 30.3067906 ], [ 80.0359554, 30.3027439 ], [ 80.0367477, 30.3003089 ], [ 80.0387976, 30.2980505 ], [ 80.0389553, 30.295994 ], [ 80.0400846, 30.2943078 ], [ 80.0406685, 30.2923688 ], [ 80.041532, 30.2913996 ], [ 80.0431388, 30.2903317 ], [ 80.0457121, 30.28958 ], [ 80.0488637, 30.2869027 ], [ 80.0531416, 30.2858813 ], [ 80.0587663, 30.2837058 ], [ 80.0644368, 30.2827748 ], [ 80.0664591, 30.2814903 ], [ 80.067904, 30.2811933 ], [ 80.0650158, 30.2791849 ], [ 80.0642317, 30.278093 ], [ 80.0622397, 30.2725309 ], [ 80.0607443, 30.2708434 ], [ 80.0626386, 30.2661806 ], [ 80.0631896, 30.2657253 ], [ 80.0641094, 30.2657257 ], [ 80.0670704, 30.2670035 ], [ 80.0685408, 30.2669364 ], [ 80.0708539, 30.2655257 ], [ 80.0731363, 30.2628249 ], [ 80.0730848, 30.262004 ], [ 80.0713826, 30.2581876 ], [ 80.0744816, 30.2533221 ], [ 80.0731453, 30.24993 ], [ 80.0727254, 30.2464821 ], [ 80.0730901, 30.2431759 ], [ 80.0775733, 30.237665 ], [ 80.082241, 30.2346523 ], [ 80.0837682, 30.2341965 ], [ 80.0846229, 30.233199 ], [ 80.0880603, 30.2310018 ], [ 80.0930146, 30.2265706 ], [ 80.0947864, 30.2266151 ], [ 80.0971076, 30.2260488 ], [ 80.1007655, 30.2271271 ], [ 80.1104457, 30.2281635 ], [ 80.1143467, 30.2277399 ], [ 80.1157602, 30.2271739 ], [ 80.1161174, 30.2265823 ], [ 80.1175252, 30.2201547 ], [ 80.1170171, 30.2180053 ], [ 80.1132289, 30.2080172 ], [ 80.1098649, 30.2033141 ], [ 80.1083966, 30.2007481 ], [ 80.1080813, 30.199516 ], [ 80.1082362, 30.197002 ], [ 80.1103282, 30.1946042 ], [ 80.1111555, 30.1929315 ], [ 80.1112242, 30.1917636 ], [ 80.1108564, 30.1902737 ], [ 80.1088209, 30.187454 ], [ 80.1081555, 30.1848825 ], [ 80.107319, 30.1833387 ], [ 80.1078407, 30.1786871 ], [ 80.105631, 30.1748618 ], [ 80.1044497, 30.1676884 ], [ 80.1032198, 30.164064 ], [ 80.1031466, 30.1628586 ], [ 80.1038051, 30.161339 ], [ 80.1031433, 30.1588972 ], [ 80.1035021, 30.1564995 ], [ 80.1032427, 30.1545414 ], [ 80.1033557, 30.1540574 ], [ 80.1049623, 30.152367 ], [ 80.1043718, 30.1489884 ], [ 80.1028233, 30.1462154 ], [ 80.1006778, 30.1443212 ], [ 80.099138, 30.1394105 ], [ 80.0966723, 30.1363916 ], [ 80.0962899, 30.1350206 ], [ 80.0962257, 30.132148 ], [ 80.0943897, 30.1300742 ], [ 80.094347, 30.1281785 ], [ 80.0895122, 30.1261242 ], [ 80.0884086, 30.1249417 ], [ 80.0874772, 30.120839 ], [ 80.0875577, 30.120024 ], [ 80.0870339, 30.119473 ], [ 80.0841836, 30.1201162 ], [ 80.0812486, 30.119549 ], [ 80.0764779, 30.1195952 ], [ 80.0742381, 30.1178754 ], [ 80.0713538, 30.1175268 ], [ 80.0666507, 30.1184183 ], [ 80.0655436, 30.117748 ], [ 80.0632783, 30.1149489 ], [ 80.0605693, 30.1130541 ], [ 80.0590263, 30.1123839 ], [ 80.0566613, 30.1107076 ], [ 80.0526282, 30.1096007 ], [ 80.048578, 30.1074437 ], [ 80.04737, 30.1056502 ], [ 80.0463804, 30.1048192 ], [ 80.0426993, 30.1025598 ], [ 80.0407879, 30.1025457 ], [ 80.0387925, 30.1019483 ], [ 80.0353633, 30.1002866 ], [ 80.0332845, 30.1008703 ], [ 80.0328651, 30.1002434 ], [ 80.0312975, 30.0994329 ], [ 80.0307832, 30.1025998 ], [ 80.0279155, 30.1047785 ], [ 80.0278268, 30.1051647 ], [ 80.0290628, 30.1117451 ], [ 80.0290369, 30.1147882 ], [ 80.0312506, 30.1240716 ], [ 80.0257882, 30.1230222 ], [ 80.020937, 30.1283031 ], [ 80.0190023, 30.1314048 ], [ 80.0154289, 30.1344739 ], [ 80.0126343, 30.1357025 ], [ 80.0044508, 30.1351652 ], [ 80.0043704, 30.1363848 ], [ 80.0016912, 30.1387541 ], [ 80.0013009, 30.138085 ], [ 80.0005821, 30.1378767 ], [ 79.9990967, 30.1356276 ], [ 79.9987613, 30.1326705 ], [ 79.9963175, 30.1327121 ], [ 79.9955269, 30.1322331 ], [ 79.9941612, 30.1337949 ], [ 79.9873733, 30.1342643 ], [ 79.9855838, 30.1355021 ], [ 79.9845182, 30.1336307 ], [ 79.9812182, 30.129348 ], [ 79.9799282, 30.1264621 ], [ 79.9769, 30.1237308 ], [ 79.9749233, 30.1189281 ], [ 79.9741646, 30.117819 ], [ 79.9719163, 30.1162689 ], [ 79.9686461, 30.1149135 ], [ 79.9659734, 30.1143786 ], [ 79.9640408, 30.1117229 ], [ 79.961772, 30.1100238 ], [ 79.9597257, 30.1075891 ], [ 79.9579535, 30.1040988 ], [ 79.9571314, 30.1012213 ], [ 79.9537501, 30.0963515 ], [ 79.9529905, 30.0935552 ], [ 79.951988, 30.0919002 ], [ 79.9509863, 30.0911565 ], [ 79.9501186, 30.0893932 ], [ 79.9485874, 30.0881715 ], [ 79.9464082, 30.0873202 ], [ 79.9427044, 30.0871372 ], [ 79.9412361, 30.0868041 ], [ 79.9408261, 30.0863983 ], [ 79.9409852, 30.0839894 ], [ 79.942337, 30.0808265 ], [ 79.9414809, 30.0804209 ], [ 79.9358737, 30.0802207 ], [ 79.9297416, 30.0780806 ], [ 79.9118689, 30.066701 ], [ 79.9081665, 30.0685019 ], [ 79.8978518, 30.0721987 ], [ 79.8956839, 30.0722035 ], [ 79.8937646, 30.0709587 ], [ 79.8924784, 30.0707019 ], [ 79.8865607, 30.0710723 ], [ 79.8838275, 30.0715959 ], [ 79.8762657, 30.0706578 ], [ 79.8697205, 30.0692729 ], [ 79.8642646, 30.068871 ], [ 79.8634555, 30.0683884 ], [ 79.8603858, 30.0649236 ], [ 79.8588147, 30.0626859 ], [ 79.8582391, 30.0627174 ], [ 79.8575181, 30.0633714 ], [ 79.8562732, 30.0651801 ], [ 79.85117, 30.0653056 ], [ 79.8492151, 30.0640061 ], [ 79.8460215, 30.0604462 ], [ 79.8439735, 30.0594308 ], [ 79.8392123, 30.0610986 ], [ 79.8384448, 30.0609993 ], [ 79.8335039, 30.0579889 ], [ 79.828956, 30.0578476 ], [ 79.8293136, 30.0584386 ], [ 79.8290384, 30.0590655 ], [ 79.8279227, 30.0608155 ], [ 79.8248044, 30.0639449 ], [ 79.8242487, 30.065519 ], [ 79.820264, 30.0685173 ], [ 79.8172281, 30.0718406 ], [ 79.8132588, 30.0745634 ], [ 79.8140881, 30.0754886 ], [ 79.8169454, 30.0764778 ], [ 79.8227423, 30.0798996 ], [ 79.8237948, 30.080703 ], [ 79.8248419, 30.0821514 ], [ 79.8273049, 30.0839431 ], [ 79.8289017, 30.0855992 ], [ 79.8329001, 30.087608 ], [ 79.8347935, 30.0876492 ], [ 79.8381079, 30.0884937 ], [ 79.8405773, 30.0878809 ], [ 79.8409614, 30.0872765 ], [ 79.8435866, 30.0854863 ], [ 79.8450557, 30.0819456 ], [ 79.8463476, 30.0808406 ], [ 79.8485065, 30.0762759 ], [ 79.8508927, 30.0751351 ], [ 79.8517851, 30.0741473 ], [ 79.8600057, 30.0746493 ], [ 79.8626765, 30.0775185 ], [ 79.8641702, 30.0777262 ], [ 79.8685427, 30.0770273 ], [ 79.8729255, 30.077704 ], [ 79.8768466, 30.0765402 ], [ 79.8777906, 30.0760124 ], [ 79.8785064, 30.0751192 ], [ 79.8839731, 30.0757054 ], [ 79.8887761, 30.0767154 ], [ 79.9009291, 30.0784233 ], [ 79.9136017, 30.0816771 ], [ 79.9155006, 30.0830704 ], [ 79.9200364, 30.0879679 ], [ 79.9225844, 30.0901639 ], [ 79.9235501, 30.0918732 ], [ 79.9238782, 30.0944218 ], [ 79.9265745, 30.1020669 ], [ 79.9273375, 30.1027071 ], [ 79.9286038, 30.1034599 ], [ 79.9303368, 30.103766 ], [ 79.9354421, 30.1040976 ], [ 79.9415969, 30.1065169 ], [ 79.9462966, 30.1053506 ], [ 79.9484084, 30.1054532 ], [ 79.9501003, 30.1061876 ], [ 79.9508013, 30.1070669 ], [ 79.9509376, 30.1089749 ], [ 79.9499123, 30.1115558 ], [ 79.948201, 30.1197487 ], [ 79.9493399, 30.1230771 ], [ 79.9525279, 30.1256466 ], [ 79.954865, 30.1279954 ], [ 79.9563566, 30.1307462 ], [ 79.9543832, 30.1354117 ], [ 79.9513595, 30.1380524 ], [ 79.9462341, 30.1411137 ], [ 79.9420536, 30.1450225 ], [ 79.9408893, 30.1503279 ], [ 79.9372915, 30.1574028 ], [ 79.9360102, 30.1589011 ], [ 79.9336382, 30.1594795 ], [ 79.9300203, 30.1597924 ], [ 79.9153027, 30.157655 ], [ 79.9137489, 30.1531535 ], [ 79.9128233, 30.1488413 ], [ 79.9125884, 30.1451875 ], [ 79.9169636, 30.1449065 ], [ 79.9245305, 30.1438348 ], [ 79.9295434, 30.1422404 ], [ 79.9286945, 30.136787 ], [ 79.9286564, 30.1334264 ], [ 79.9281782, 30.1323169 ], [ 79.9276159, 30.1288482 ], [ 79.9239458, 30.1263189 ], [ 79.9232811, 30.1252546 ], [ 79.9216718, 30.123974 ], [ 79.9150905, 30.1205208 ], [ 79.9123764, 30.1198495 ], [ 79.9071146, 30.1196659 ], [ 79.9072853, 30.117866 ], [ 79.9028987, 30.11046 ], [ 79.9004947, 30.103906 ], [ 79.8947261, 30.1067805 ], [ 79.8935744, 30.1077641 ], [ 79.8936581, 30.1108992 ], [ 79.8925071, 30.1157937 ], [ 79.8933956, 30.1226413 ], [ 79.8931676, 30.124563 ], [ 79.8902668, 30.123995 ], [ 79.8890838, 30.1250371 ], [ 79.8917724, 30.1286231 ], [ 79.8927591, 30.1323354 ], [ 79.892531, 30.1340858 ], [ 79.8915297, 30.1355204 ], [ 79.8912341, 30.1367249 ], [ 79.8913382, 30.138651 ], [ 79.8934721, 30.1431797 ], [ 79.893519, 30.1442623 ], [ 79.8929795, 30.1460533 ], [ 79.8902449, 30.149942 ], [ 79.882786, 30.1499247 ], [ 79.8810576, 30.1505608 ], [ 79.8788309, 30.1519322 ], [ 79.8779225, 30.1512015 ], [ 79.8747458, 30.1498933 ], [ 79.8726385, 30.1475927 ], [ 79.8675366, 30.1458017 ], [ 79.866348, 30.1449084 ], [ 79.8640433, 30.1473306 ], [ 79.8627819, 30.1481831 ], [ 79.8617904, 30.1486387 ], [ 79.8607368, 30.1485619 ], [ 79.8592679, 30.1482549 ], [ 79.8550226, 30.1462289 ], [ 79.8513271, 30.1460839 ], [ 79.8461111, 30.1448739 ], [ 79.8437706, 30.1439036 ], [ 79.8422608, 30.1421123 ], [ 79.8410985, 30.1414129 ], [ 79.8389806, 30.1422738 ], [ 79.8349001, 30.1448394 ], [ 79.8287746, 30.1470298 ], [ 79.8234529, 30.1499825 ], [ 79.822539, 30.1505279 ], [ 79.8208247, 30.1530849 ], [ 79.8195007, 30.1538964 ], [ 79.8160588, 30.1544677 ], [ 79.8117613, 30.1537891 ], [ 79.8038994, 30.1508801 ], [ 79.7999658, 30.1497546 ], [ 79.798673, 30.1502004 ], [ 79.7954375, 30.152445 ], [ 79.7896612, 30.1574079 ], [ 79.7877915, 30.1584758 ], [ 79.7845774, 30.1595112 ], [ 79.7856082, 30.1619207 ], [ 79.7864253, 30.165336 ], [ 79.7862327, 30.165999 ], [ 79.7810723, 30.1716025 ], [ 79.7821701, 30.1746842 ], [ 79.7828083, 30.1806842 ], [ 79.7860185, 30.184823 ], [ 79.7901445, 30.1869684 ], [ 79.7914521, 30.1881286 ], [ 79.793157, 30.1923023 ], [ 79.7957506, 30.1957141 ], [ 79.7965177, 30.1975505 ], [ 79.7970607, 30.200519 ], [ 79.7981239, 30.2022789 ], [ 79.7996031, 30.2035383 ], [ 79.800396, 30.2056589 ], [ 79.8013367, 30.211659 ], [ 79.8019591, 30.2129269 ], [ 79.8031437, 30.2124629 ], [ 79.8056936, 30.2127665 ], [ 79.8083823, 30.215285 ], [ 79.8112024, 30.2156427 ], [ 79.8118879, 30.2158776 ], [ 79.8125989, 30.2166674 ], [ 79.8150244, 30.2170249 ], [ 79.8155228, 30.2174356 ], [ 79.8171986, 30.2206346 ], [ 79.822104, 30.2264783 ], [ 79.8210438, 30.2274206 ], [ 79.8207369, 30.2282054 ], [ 79.8204704, 30.2311058 ], [ 79.8193203, 30.234696 ], [ 79.8153967, 30.2369813 ], [ 79.815043, 30.2377209 ], [ 79.8156599, 30.239733 ], [ 79.8172489, 30.2410644 ], [ 79.81786, 30.2444389 ], [ 79.8177608, 30.2453771 ], [ 79.8163365, 30.2465719 ], [ 79.814897, 30.2471577 ], [ 79.8126189, 30.2494932 ], [ 79.8063805, 30.259851 ], [ 79.8053128, 30.260581 ], [ 79.8040954, 30.2607742 ], [ 79.8045013, 30.2635128 ], [ 79.803945, 30.2691684 ], [ 79.8010169, 30.2730524 ], [ 79.7997944, 30.2763508 ], [ 79.7972649, 30.2787376 ], [ 79.7974261, 30.2805104 ], [ 79.7992363, 30.2831161 ], [ 79.7995235, 30.2843001 ], [ 79.8002823, 30.2846922 ], [ 79.8023429, 30.2847263 ], [ 79.8092527, 30.2858741 ], [ 79.8131923, 30.2855305 ], [ 79.815069, 30.2866088 ], [ 79.8186606, 30.2872618 ], [ 79.8218308, 30.2892753 ], [ 79.8253497, 30.2898647 ], [ 79.8279847, 30.2900415 ], [ 79.8318339, 30.289183 ], [ 79.8366597, 30.2875815 ], [ 79.8387935, 30.2875045 ], [ 79.8443458, 30.2881193 ], [ 79.8474839, 30.2870223 ], [ 79.8518527, 30.2860767 ], [ 79.8541723, 30.2830876 ], [ 79.8556686, 30.2822659 ], [ 79.8596909, 30.2811299 ], [ 79.8618257, 30.2800397 ], [ 79.8645449, 30.2781507 ], [ 79.8658052, 30.2762366 ], [ 79.8667543, 30.2754382 ], [ 79.8690164, 30.2744904 ], [ 79.8700932, 30.2735891 ], [ 79.8717731, 30.2714538 ], [ 79.8733234, 30.2710593 ], [ 79.8832216, 30.2741767 ], [ 79.8932069, 30.2747197 ], [ 79.8983294, 30.2764007 ], [ 79.9000963, 30.27876 ], [ 79.9005688, 30.2807782 ], [ 79.9015346, 30.2816413 ], [ 79.904333, 30.2826084 ], [ 79.9073587, 30.284541 ], [ 79.9109231, 30.2856588 ], [ 79.9131927, 30.2869024 ], [ 79.9149067, 30.2871961 ], [ 79.9172458, 30.2867383 ], [ 79.9187499, 30.2874671 ], [ 79.92245, 30.2904403 ], [ 79.9246918, 30.2927283 ], [ 79.9278277, 30.2942649 ], [ 79.9299689, 30.2974113 ], [ 79.9318081, 30.2983399 ], [ 79.9354421, 30.2982741 ], [ 79.9394723, 30.2992015 ], [ 79.9424273, 30.2984904 ], [ 79.9501712, 30.2940616 ], [ 79.9513755, 30.2925347 ], [ 79.9546774, 30.2900746 ], [ 79.9581967, 30.2913812 ], [ 79.9615522, 30.291754 ], [ 79.9635352, 30.2927752 ], [ 79.9652581, 30.2945956 ], [ 79.9671546, 30.2956564 ], [ 79.972051, 30.297509 ], [ 79.9762092, 30.2984117 ], [ 79.9769295, 30.2988866 ], [ 79.977285, 30.2995355 ], [ 79.9775126, 30.3018224 ], [ 79.9805581, 30.3042521 ], [ 79.9816658, 30.3064797 ], [ 79.9824771, 30.3088933 ], [ 79.9825498, 30.310832 ], [ 79.9862567, 30.3145751 ], [ 79.9868539, 30.3164636 ], [ 79.9925231, 30.3162606 ], [ 79.9978172, 30.3167014 ] ] ] } },
{ "type": "Feature", "properties": { "gp_code": "21993", "gp_name": "BORBALRA", "blkname": "KAPKOTE", "dtname": "Bageshwar", "SHAPE_Area": 26247862.003661174 }, "geometry": { "type": "Polygon", "coordinates": [ [ [ 79.822539, 30.1505279 ], [ 79.8238028, 30.1459273 ], [ 79.8242096, 30.1419037 ], [ 79.8230132, 30.1372524 ], [ 79.8213757, 30.1325738 ], [ 79.8208071, 30.1284461 ], [ 79.8211262, 30.1237413 ], [ 79.8218493, 30.1202681 ], [ 79.8159445, 30.1198731 ], [ 79.8133296, 30.1192449 ], [ 79.8094704, 30.117204 ], [ 79.8059206, 30.1181676 ], [ 79.8001515, 30.1168066 ], [ 79.7944274, 30.1180031 ], [ 79.7852585, 30.1181776 ], [ 79.7801793, 30.1173125 ], [ 79.7782127, 30.1174283 ], [ 79.7755697, 30.1192578 ], [ 79.7740521, 30.1216204 ], [ 79.7742527, 30.123452 ], [ 79.7733243, 30.1279487 ], [ 79.7730022, 30.1283951 ], [ 79.7716729, 30.1291834 ], [ 79.7661028, 30.1307533 ], [ 79.7630488, 30.1329972 ], [ 79.764075, 30.1343243 ], [ 79.7647057, 30.1363863 ], [ 79.7645473, 30.138971 ], [ 79.7666079, 30.1434565 ], [ 79.7698662, 30.1446186 ], [ 79.771261, 30.1458376 ], [ 79.7724894, 30.1475934 ], [ 79.7752285, 30.1489307 ], [ 79.7774963, 30.149415 ], [ 79.7789591, 30.1503499 ], [ 79.7805615, 30.1519164 ], [ 79.7821236, 30.1522784 ], [ 79.7829602, 30.156844 ], [ 79.7845774, 30.1595112 ], [ 79.7877915, 30.1584758 ], [ 79.7896612, 30.1574079 ], [ 79.7954375, 30.152445 ], [ 79.798673, 30.1502004 ], [ 79.7999658, 30.1497546 ], [ 79.8038994, 30.1508801 ], [ 79.8117613, 30.1537891 ], [ 79.8160588, 30.1544677 ], [ 79.8195007, 30.1538964 ], [ 79.8208247, 30.1530849 ], [ 79.822539, 30.1505279 ] ] ] } },
{ "type": "Feature", "properties": { "gp_code": "243106", "gp_name": "KIMU", "blkname": "KAPKOTE", "dtname": "Bageshwar", "SHAPE_Area": 13546167.160381615 }, "geometry": { "type": "Polygon", "coordinates": [ [ [ 80.0841836, 30.1201162 ], [ 80.0870339, 30.119473 ], [ 80.0864932, 30.1181597 ], [ 80.0855007, 30.1162954 ], [ 80.0843017, 30.1152148 ], [ 80.083417, 30.1125511 ], [ 80.08238, 30.1115461 ], [ 80.0831353, 30.1090878 ], [ 80.0832604, 30.1075833 ], [ 80.0831786, 30.1066588 ], [ 80.0822224, 30.1047316 ], [ 80.0823475, 30.1032114 ], [ 80.0827883, 30.1023492 ], [ 80.0822102, 30.1001241 ], [ 80.0830564, 30.0991677 ], [ 80.0830466, 30.0979296 ], [ 80.0845503, 30.0966718 ], [ 80.0844866, 30.0959543 ], [ 80.0840985, 30.0948261 ], [ 80.0831249, 30.0937609 ], [ 80.083304, 30.0923033 ], [ 80.0825282, 30.0905641 ], [ 80.0823921, 30.0891694 ], [ 80.081923, 30.0879315 ], [ 80.0803903, 30.0859889 ], [ 80.0804348, 30.0851583 ], [ 80.0798836, 30.0834565 ], [ 80.0791022, 30.0841622 ], [ 80.0775748, 30.0841503 ], [ 80.0768511, 30.084516 ], [ 80.0748094, 30.0840886 ], [ 80.072037, 30.0842032 ], [ 80.0682156, 30.0856156 ], [ 80.0670797, 30.0867497 ], [ 80.0628523, 30.0874945 ], [ 80.0611227, 30.0885008 ], [ 80.0608959, 30.0901133 ], [ 80.0584336, 30.0920378 ], [ 80.0554414, 30.0910488 ], [ 80.0549862, 30.0911762 ], [ 80.0533122, 30.0927468 ], [ 80.0519467, 30.0932847 ], [ 80.0515891, 30.0937374 ], [ 80.0519877, 30.0943313 ], [ 80.0521349, 30.0963114 ], [ 80.0507698, 30.0978252 ], [ 80.0483891, 30.1014293 ], [ 80.0448609, 30.1023494 ], [ 80.0426993, 30.1025598 ], [ 80.0463804, 30.1048192 ], [ 80.04737, 30.1056502 ], [ 80.048578, 30.1074437 ], [ 80.0526282, 30.1096007 ], [ 80.0566613, 30.1107076 ], [ 80.0590263, 30.1123839 ], [ 80.0605693, 30.1130541 ], [ 80.0632783, 30.1149489 ], [ 80.0655436, 30.117748 ], [ 80.0666507, 30.1184183 ], [ 80.0713538, 30.1175268 ], [ 80.0742381, 30.1178754 ], [ 80.0764779, 30.1195952 ], [ 80.0812486, 30.119549 ], [ 80.0841836, 30.1201162 ] ] ] } },
{ "type": "Feature", "properties": { "gp_code": "22011", "gp_name": "GOGINA", "blkname": "KAPKOTE", "dtname": "Bageshwar", "SHAPE_Area": 13180481.663872691 }, "geometry": { "type": "Polygon", "coordinates": [ [ [ 80.0407879, 30.1025457 ], [ 80.0448609, 30.1023494 ], [ 80.0483891, 30.1014293 ], [ 80.0507698, 30.0978252 ], [ 80.0521349, 30.0963114 ], [ 80.0519877, 30.0943313 ], [ 80.0515891, 30.0937374 ], [ 80.0519467, 30.0932847 ], [ 80.0533122, 30.0927468 ], [ 80.0549862, 30.0911762 ], [ 80.0554414, 30.0910488 ], [ 80.0584336, 30.0920378 ], [ 80.0608959, 30.0901133 ], [ 80.0611227, 30.0885008 ], [ 80.0628523, 30.0874945 ], [ 80.0670797, 30.0867497 ], [ 80.0682156, 30.0856156 ], [ 80.072037, 30.0842032 ], [ 80.0748094, 30.0840886 ], [ 80.0768511, 30.084516 ], [ 80.0775748, 30.0841503 ], [ 80.0791022, 30.0841622 ], [ 80.0798836, 30.0834565 ], [ 80.0798389, 30.0829645 ], [ 80.0821339, 30.0801736 ], [ 80.0815906, 30.0768555 ], [ 80.0819056, 30.0764322 ], [ 80.0829869, 30.0762394 ], [ 80.0848583, 30.073339 ], [ 80.0855859, 30.0706429 ], [ 80.0857644, 30.0684173 ], [ 80.0850695, 30.0663175 ], [ 80.0847156, 30.0624151 ], [ 80.0822275, 30.060134 ], [ 80.0813215, 30.0586006 ], [ 80.0810654, 30.0572081 ], [ 80.0772602, 30.0573439 ], [ 80.069292, 30.0605792 ], [ 80.0637283, 30.0680185 ], [ 80.0640984, 30.0708161 ], [ 80.0652662, 30.0751332 ], [ 80.0684586, 30.082211 ], [ 80.0649537, 30.0814142 ], [ 80.061923, 30.081206 ], [ 80.0606742, 30.0805392 ], [ 80.0571701, 30.0809461 ], [ 80.055523, 30.0807111 ], [ 80.0533727, 30.0818633 ], [ 80.0510568, 30.0825445 ], [ 80.0489442, 30.0840499 ], [ 80.0484032, 30.0852147 ], [ 80.0477114, 30.0856205 ], [ 80.0436879, 30.0854778 ], [ 80.0420337, 30.0863942 ], [ 80.0398528, 30.0865255 ], [ 80.0344909, 30.0877829 ], [ 80.0317763, 30.0887367 ], [ 80.0285127, 30.0904116 ], [ 80.0281673, 30.0931193 ], [ 80.0275057, 30.0943228 ], [ 80.027274, 30.0958652 ], [ 80.0290053, 30.0978723 ], [ 80.0328651, 30.1002434 ], [ 80.0332845, 30.1008703 ], [ 80.0353633, 30.1002866 ], [ 80.0387925, 30.1019483 ], [ 80.0407879, 30.1025457 ] ] ] } },
{ "type": "Feature", "properties": { "gp_code": "", "gp_name": "", "blkname": "KAPKOTE", "dtname": "Bageshwar", "SHAPE_Area": 6314347.4830523832 }, "geometry": { "type": "Polygon", "coordinates": [ [ [ 80.0193164, 30.1307368 ], [ 80.0230628, 30.1257344 ], [ 80.0257882, 30.1230222 ], [ 80.0312506, 30.1240716 ], [ 80.0290369, 30.1147882 ], [ 80.0290628, 30.1117451 ], [ 80.0278268, 30.1051647 ], [ 80.0279155, 30.1047785 ], [ 80.0307832, 30.1025998 ], [ 80.0312975, 30.0994329 ], [ 80.0297342, 30.0981201 ], [ 80.0290053, 30.0978723 ], [ 80.0277914, 30.1013737 ], [ 80.0227867, 30.1054742 ], [ 80.018986, 30.1079508 ], [ 80.0149398, 30.108568 ], [ 80.0141166, 30.1136564 ], [ 80.0129697, 30.1159785 ], [ 80.0119529, 30.1167767 ], [ 80.0072755, 30.1189538 ], [ 80.0052002, 30.1206228 ], [ 80.0035939, 30.1227631 ], [ 80.0035992, 30.1236157 ], [ 80.0041729, 30.1245771 ], [ 80.0041478, 30.1263104 ], [ 80.0053097, 30.1284649 ], [ 80.0086649, 30.129168 ], [ 80.0122897, 30.1294224 ], [ 80.0146224, 30.1290706 ], [ 80.0172528, 30.1305696 ], [ 80.0193164, 30.1307368 ] ] ] } },
{ "type": "Feature", "properties": { "gp_code": "", "gp_name": "", "blkname": "KAPKOTE", "dtname": "Bageshwar", "SHAPE_Area": 7591352.6530329389 }, "geometry": { "type": "Polygon", "coordinates": [ [ [ 80.0290053, 30.0978723 ], [ 80.0269366, 30.0956489 ], [ 80.0253205, 30.0955256 ], [ 80.0224259, 30.0960667 ], [ 80.0196465, 30.0952175 ], [ 80.016716, 30.0938583 ], [ 80.0136882, 30.0937042 ], [ 80.0079435, 30.0967478 ], [ 80.0065937, 30.0968716 ], [ 80.0029709, 30.0980458 ], [ 80.001186, 30.097675 ], [ 79.9992147, 30.0980922 ], [ 79.9983882, 30.099033 ], [ 79.9986222, 30.1005082 ], [ 79.997543, 30.1030529 ], [ 79.9957035, 30.1049311 ], [ 79.994023, 30.1053161 ], [ 79.9927813, 30.1082358 ], [ 79.9954919, 30.110137 ], [ 79.9960543, 30.111783 ], [ 79.9970623, 30.1128963 ], [ 79.9975566, 30.1140867 ], [ 79.9990518, 30.1148275 ], [ 79.999177, 30.1163326 ], [ 80.0005327, 30.1172484 ], [ 80.0011272, 30.1186085 ], [ 80.0021494, 30.1198052 ], [ 80.0043709, 30.1208389 ], [ 80.0042822, 30.121729 ], [ 80.0052002, 30.1206228 ], [ 80.0077813, 30.1186091 ], [ 80.0119529, 30.1167767 ], [ 80.0129697, 30.1159785 ], [ 80.0141166, 30.1136564 ], [ 80.0149398, 30.108568 ], [ 80.018986, 30.1079508 ], [ 80.0227867, 30.1054742 ], [ 80.0277914, 30.1013737 ], [ 80.0290053, 30.0978723 ] ] ] } },
{ "type": "Feature", "properties": { "gp_code": "22023", "gp_name": "JHUNI", "blkname": "KAPKOTE", "dtname": "Bageshwar", "SHAPE_Area": 13274694.65209306 }, "geometry": { "type": "Polygon", "coordinates": [ [ [ 80.0193164, 30.1307368 ], [ 80.0172528, 30.1305696 ], [ 80.0146224, 30.1290706 ], [ 80.0122897, 30.1294224 ], [ 80.0086649, 30.129168 ], [ 80.0049193, 30.1281524 ], [ 80.0041478, 30.1263104 ], [ 80.0041729, 30.1245771 ], [ 80.0035001, 30.1231803 ], [ 80.0041259, 30.1222552 ], [ 80.0043709, 30.1208389 ], [ 80.0021494, 30.1198052 ], [ 80.0011272, 30.1186085 ], [ 80.0005327, 30.1172484 ], [ 79.9989997, 30.1160697 ], [ 79.9990518, 30.1148275 ], [ 79.9975566, 30.1140867 ], [ 79.9970623, 30.1128963 ], [ 79.9960543, 30.111783 ], [ 79.9954919, 30.110137 ], [ 79.9928645, 30.1084523 ], [ 79.9928484, 30.1079651 ], [ 79.9938994, 30.1060876 ], [ 79.9939081, 30.1047433 ], [ 79.9934868, 30.1038144 ], [ 79.9919497, 30.1025844 ], [ 79.9918591, 30.1006086 ], [ 79.9893504, 30.0980486 ], [ 79.9890799, 30.0973902 ], [ 79.9834013, 30.09924 ], [ 79.9801224, 30.0991209 ], [ 79.9784629, 30.0997176 ], [ 79.977427, 30.1013469 ], [ 79.9748446, 30.1025939 ], [ 79.972238, 30.1056543 ], [ 79.9714044, 30.1074142 ], [ 79.9711982, 30.108718 ], [ 79.9704045, 30.1088449 ], [ 79.9695905, 30.1094184 ], [ 79.9686396, 30.1135512 ], [ 79.9659734, 30.1143786 ], [ 79.9686461, 30.1149135 ], [ 79.9719163, 30.1162689 ], [ 79.9741646, 30.117819 ], [ 79.9749233, 30.1189281 ], [ 79.9769, 30.1237308 ], [ 79.9799282, 30.1264621 ], [ 79.9812182, 30.129348 ], [ 79.9845182, 30.1336307 ], [ 79.9855838, 30.1355021 ], [ 79.9873733, 30.1342643 ], [ 79.9941612, 30.1337949 ], [ 79.9955269, 30.1322331 ], [ 79.9963175, 30.1327121 ], [ 79.9987613, 30.1326705 ], [ 79.9990967, 30.1356276 ], [ 80.0005821, 30.1378767 ], [ 80.0013009, 30.138085 ], [ 80.0016912, 30.1387541 ], [ 80.0043704, 30.1363848 ], [ 80.0044508, 30.1351652 ], [ 80.0126343, 30.1357025 ], [ 80.0154289, 30.1344739 ], [ 80.0168161, 30.1334531 ], [ 80.0190023, 30.1314048 ], [ 80.0193164, 30.1307368 ] ] ] } },
{ "type": "Feature", "properties": { "gp_code": "22028", "gp_name": "KHALJHUNI", "blkname": "KAPKOTE", "dtname": "Bageshwar", "SHAPE_Area": 6261144.7491001552 }, "geometry": { "type": "Polygon", "coordinates": [ [ [ 79.9890799, 30.0973902 ], [ 79.9856428, 30.0949391 ], [ 79.981414, 30.0940765 ], [ 79.9802211, 30.0943392 ], [ 79.9772949, 30.0939174 ], [ 79.9736925, 30.0917955 ], [ 79.9713781, 30.0909446 ], [ 79.9674072, 30.0884033 ], [ 79.9654207, 30.0885625 ], [ 79.9632581, 30.0892046 ], [ 79.9598825, 30.090763 ], [ 79.9509863, 30.0911565 ], [ 79.951988, 30.0919002 ], [ 79.9526789, 30.0930231 ], [ 79.9537501, 30.0963515 ], [ 79.9571314, 30.1012213 ], [ 79.9579535, 30.1040988 ], [ 79.9597257, 30.1075891 ], [ 79.961772, 30.1100238 ], [ 79.9640408, 30.1117229 ], [ 79.9659734, 30.1143786 ], [ 79.9686396, 30.1135512 ], [ 79.9695905, 30.1094184 ], [ 79.9704045, 30.1088449 ], [ 79.9711982, 30.108718 ], [ 79.9714044, 30.1074142 ], [ 79.972238, 30.1056543 ], [ 79.9748446, 30.1025939 ], [ 79.977427, 30.1013469 ], [ 79.9784629, 30.0997176 ], [ 79.9801224, 30.0991209 ], [ 79.9834013, 30.09924 ], [ 79.9890799, 30.0973902 ] ] ] } },
{ "type": "Feature", "properties": { "gp_code": "293880", "gp_name": "WAICHHAM", "blkname": "KAPKOTE", "dtname": "Bageshwar", "SHAPE_Area": 3085065.382937978 }, "geometry": { "type": "Polygon", "coordinates": [ [ [ 79.9855573, 30.0880193 ], [ 79.9846746, 30.0872171 ], [ 79.9847753, 30.0844337 ], [ 79.9831717, 30.083772 ], [ 79.9794271, 30.0842216 ], [ 79.9775814, 30.0850485 ], [ 79.9750397, 30.085073 ], [ 79.9673177, 30.0869101 ], [ 79.9635258, 30.0868542 ], [ 79.9592713, 30.0858104 ], [ 79.9578606, 30.0859737 ], [ 79.9530826, 30.0852188 ], [ 79.9520297, 30.0853953 ], [ 79.9518553, 30.0878855 ], [ 79.9509863, 30.0911565 ], [ 79.9598825, 30.090763 ], [ 79.9632581, 30.0892046 ], [ 79.9654207, 30.0885625 ], [ 79.9674072, 30.0884033 ], [ 79.9713781, 30.0909446 ], [ 79.9736925, 30.0917955 ], [ 79.9772949, 30.0939174 ], [ 79.9802211, 30.0943392 ], [ 79.981414, 30.0940765 ], [ 79.9856428, 30.0949391 ], [ 79.9890799, 30.0973902 ], [ 79.988757, 30.0962943 ], [ 79.9886601, 30.093272 ], [ 79.9862083, 30.0902878 ], [ 79.9855573, 30.0880193 ] ] ] } },
{ "type": "Feature", "properties": { "gp_code": "22077", "gp_name": "TARSHAL PATIASAR", "blkname": "KAPKOTE", "dtname": "Bageshwar", "SHAPE_Area": 1588149.64794015 }, "geometry": { "type": "Polygon", "coordinates": [ [ [ 79.9831717, 30.083772 ], [ 79.9835907, 30.082707 ], [ 79.9762307, 30.0830512 ], [ 79.9716483, 30.0807631 ], [ 79.9669855, 30.0810642 ], [ 79.961872, 30.0820691 ], [ 79.9555485, 30.0813288 ], [ 79.9551233, 30.0814915 ], [ 79.9547098, 30.08326 ], [ 79.9520297, 30.0853953 ], [ 79.9541149, 30.0852182 ], [ 79.9578606, 30.0859737 ], [ 79.9592713, 30.0858104 ], [ 79.9635258, 30.0868542 ], [ 79.9673177, 30.0869101 ], [ 79.9750397, 30.085073 ], [ 79.9775814, 30.0850485 ], [ 79.9794271, 30.0842216 ], [ 79.9831717, 30.083772 ] ] ] } },
{ "type": "Feature", "properties": { "gp_code": "22075", "gp_name": "SUPHI", "blkname": "KAPKOTE", "dtname": "Bageshwar", "SHAPE_Area": 10741709.774566753 }, "geometry": { "type": "Polygon", "coordinates": [ [ [ 79.9520297, 30.0853953 ], [ 79.9547098, 30.08326 ], [ 79.9551233, 30.0814915 ], [ 79.9555485, 30.0813288 ], [ 79.961872, 30.0820691 ], [ 79.9669855, 30.0810642 ], [ 79.9716483, 30.0807631 ], [ 79.9762307, 30.0830512 ], [ 79.9835907, 30.082707 ], [ 79.9846987, 30.0808341 ], [ 79.9853406, 30.0750459 ], [ 79.9841617, 30.0736846 ], [ 79.9837404, 30.0725391 ], [ 79.9823182, 30.0714666 ], [ 79.9824563, 30.0649527 ], [ 79.9799687, 30.0616571 ], [ 79.978912, 30.0578597 ], [ 79.9760825, 30.0597565 ], [ 79.9670984, 30.0629478 ], [ 79.9652337, 30.0654799 ], [ 79.9595743, 30.0639499 ], [ 79.9538505, 30.0658616 ], [ 79.9517355, 30.0670808 ], [ 79.9496987, 30.0690127 ], [ 79.9433375, 30.0799734 ], [ 79.942337, 30.0808265 ], [ 79.9409852, 30.0839894 ], [ 79.940696, 30.0858571 ], [ 79.9412361, 30.0868041 ], [ 79.9464082, 30.0873202 ], [ 79.9485874, 30.0881715 ], [ 79.9501186, 30.0893932 ], [ 79.9509863, 30.0911565 ], [ 79.9518553, 30.0878855 ], [ 79.9520297, 30.0853953 ] ] ] } },
{ "type": "Feature", "properties": { "gp_code": "22046", "gp_name": "MIKILAKHALPATTA", "blkname": "KAPKOTE", "dtname": "Bageshwar", "SHAPE_Area": 14573182.596131343 }, "geometry": { "type": "Polygon", "coordinates": [ [ [ 79.9992147, 30.0980922 ], [ 80.001186, 30.097675 ], [ 80.0029709, 30.0980458 ], [ 80.0065937, 30.0968716 ], [ 80.0079435, 30.0967478 ], [ 80.0142564, 30.0936423 ], [ 80.016716, 30.0938583 ], [ 80.0196465, 30.0952175 ], [ 80.0224259, 30.0960667 ], [ 80.0253205, 30.0955256 ], [ 80.027274, 30.0958652 ], [ 80.0275057, 30.0943228 ], [ 80.0281673, 30.0931193 ], [ 80.0285127, 30.0904116 ], [ 80.0275761, 30.0871008 ], [ 80.0270089, 30.0861713 ], [ 80.0282314, 30.0840598 ], [ 80.0275579, 30.0788746 ], [ 80.0283915, 30.0761549 ], [ 80.0286336, 30.0730125 ], [ 80.0269892, 30.070406 ], [ 80.0259039, 30.0693071 ], [ 80.0254257, 30.0675317 ], [ 80.0219929, 30.0694627 ], [ 80.0179524, 30.0701537 ], [ 80.0169323, 30.0709571 ], [ 80.0158313, 30.0728595 ], [ 80.0144548, 30.0739305 ], [ 80.006422, 30.078088 ], [ 80.005013, 30.0766226 ], [ 80.0025269, 30.0728463 ], [ 80.0018952, 30.0724517 ], [ 80.0012981, 30.0738706 ], [ 80.0010321, 30.0765177 ], [ 79.9983718, 30.0803489 ], [ 79.9970416, 30.0830436 ], [ 79.9957351, 30.0839956 ], [ 79.9916589, 30.08473 ], [ 79.994451, 30.0815518 ], [ 79.9954262, 30.077297 ], [ 79.9969222, 30.0749455 ], [ 79.9937293, 30.0722327 ], [ 79.9898954, 30.0713384 ], [ 79.9887171, 30.0704418 ], [ 79.988104, 30.069486 ], [ 79.9864293, 30.0699565 ], [ 79.9859363, 30.0696863 ], [ 79.9855878, 30.0688385 ], [ 79.9848513, 30.0687579 ], [ 79.9822694, 30.0695991 ], [ 79.9823182, 30.0714666 ], [ 79.9837404, 30.0725391 ], [ 79.9841617, 30.0736846 ], [ 79.9853406, 30.0750459 ], [ 79.9846987, 30.0808341 ], [ 79.9831717, 30.083772 ], [ 79.9847753, 30.0844337 ], [ 79.9846746, 30.0872171 ], [ 79.9855573, 30.0880193 ], [ 79.9862083, 30.0902878 ], [ 79.9886601, 30.093272 ], [ 79.988757, 30.0962943 ], [ 79.9893504, 30.0980486 ], [ 79.9918591, 30.1006086 ], [ 79.9919497, 30.1025844 ], [ 79.9934868, 30.1038144 ], [ 79.994023, 30.1053161 ], [ 79.9957035, 30.1049311 ], [ 79.997543, 30.1030529 ], [ 79.9986222, 30.1005082 ], [ 79.9983882, 30.099033 ], [ 79.9992147, 30.0980922 ] ] ] } },
{ "type": "Feature", "properties": { "gp_code": "22035", "gp_name": "LAHUR", "blkname": "KAPKOTE", "dtname": "Bageshwar", "SHAPE_Area": 15110800.479404012 }, "geometry": { "type": "Polygon", "coordinates": [ [ [ 80.0010321, 30.0765177 ], [ 80.0018952, 30.0724517 ], [ 80.0025269, 30.0728463 ], [ 80.005013, 30.0766226 ], [ 80.006422, 30.078088 ], [ 80.0130539, 30.0747762 ], [ 80.0158313, 30.0728595 ], [ 80.0169323, 30.0709571 ], [ 80.0179524, 30.0701537 ], [ 80.0219929, 30.0694627 ], [ 80.0265317, 30.0666585 ], [ 80.0279122, 30.0650204 ], [ 80.0281375, 30.0632398 ], [ 80.0293153, 30.0616022 ], [ 80.0310086, 30.0609041 ], [ 80.033217, 30.0590954 ], [ 80.0336169, 30.055137 ], [ 80.0315222, 30.0539129 ], [ 80.031023, 30.0530301 ], [ 80.0307117, 30.0513358 ], [ 80.0296315, 30.0498267 ], [ 80.0270545, 30.0491864 ], [ 80.0260563, 30.048375 ], [ 80.0238148, 30.0481617 ], [ 80.0223752, 30.0484752 ], [ 80.021737, 30.0480623 ], [ 80.0198797, 30.045884 ], [ 80.0187013, 30.0432643 ], [ 80.0163209, 30.0424955 ], [ 80.0121818, 30.0422678 ], [ 80.0109794, 30.0433501 ], [ 80.0084273, 30.0444609 ], [ 80.0069877, 30.0457567 ], [ 80.003953, 30.0472233 ], [ 80.0008927, 30.0501225 ], [ 79.9984026, 30.0559441 ], [ 79.9963913, 30.0586309 ], [ 79.9934394, 30.0596518 ], [ 79.9910489, 30.0598299 ], [ 79.9904781, 30.0594875 ], [ 79.9890207, 30.0593489 ], [ 79.9870462, 30.0604242 ], [ 79.9858689, 30.060353 ], [ 79.9830134, 30.0621508 ], [ 79.9807894, 30.062888 ], [ 79.9824563, 30.0649527 ], [ 79.9826185, 30.0663148 ], [ 79.9822694, 30.0695991 ], [ 79.9848513, 30.0687579 ], [ 79.9855878, 30.0688385 ], [ 79.9859363, 30.0696863 ], [ 79.9864293, 30.0699565 ], [ 79.988104, 30.069486 ], [ 79.9887171, 30.0704418 ], [ 79.9898954, 30.0713384 ], [ 79.9937293, 30.0722327 ], [ 79.9969222, 30.0749455 ], [ 79.9954262, 30.077297 ], [ 79.994451, 30.0815518 ], [ 79.9916589, 30.08473 ], [ 79.9957351, 30.0839956 ], [ 79.9970416, 30.0830436 ], [ 79.9983718, 30.0803489 ], [ 80.0010321, 30.0765177 ] ] ] } },
{ "type": "Feature", "properties": { "gp_code": "22010", "gp_name": "GASI", "blkname": "KAPKOTE", "dtname": "Bageshwar", "SHAPE_Area": 6341556.3177723093 }, "geometry": { "type": "Polygon", "coordinates": [ [ [ 79.9848067, 30.0612065 ], [ 79.9858689, 30.060353 ], [ 79.9870462, 30.0604242 ], [ 79.9890207, 30.0593489 ], [ 79.9904781, 30.0594875 ], [ 79.9903778, 30.0579268 ], [ 79.991115, 30.0542361 ], [ 79.9907757, 30.0522696 ], [ 79.9892535, 30.0498846 ], [ 79.9888575, 30.0481031 ], [ 79.9904907, 30.0480069 ], [ 79.9960987, 30.0460126 ], [ 79.9960561, 30.0450924 ], [ 79.9949662, 30.0442994 ], [ 79.9907371, 30.0414883 ], [ 79.9892072, 30.0410566 ], [ 79.9836227, 30.0407004 ], [ 79.9793198, 30.0412858 ], [ 79.9742407, 30.0380192 ], [ 79.9726962, 30.0385753 ], [ 79.970919, 30.0398307 ], [ 79.9702398, 30.0398898 ], [ 79.9689135, 30.0409959 ], [ 79.967659, 30.0411818 ], [ 79.9666177, 30.0420441 ], [ 79.964409, 30.042199 ], [ 79.9615176, 30.0443662 ], [ 79.9614935, 30.0463151 ], [ 79.9621005, 30.0467296 ], [ 79.9637184, 30.0469541 ], [ 79.9653633, 30.0482251 ], [ 79.9676818, 30.0490491 ], [ 79.9687422, 30.0517143 ], [ 79.9695156, 30.0525979 ], [ 79.9707864, 30.0529443 ], [ 79.9718596, 30.0527856 ], [ 79.9742149, 30.0538665 ], [ 79.9755131, 30.0557151 ], [ 79.9780969, 30.0570032 ], [ 79.978912, 30.0578597 ], [ 79.9799687, 30.0616571 ], [ 79.9807894, 30.062888 ], [ 79.9848067, 30.0612065 ] ] ] } },
{ "type": "Feature", "properties": { "gp_code": "22062", "gp_name": "RIKHARI", "blkname": "KAPKOTE", "dtname": "Bageshwar", "SHAPE_Area": 3696500.5575678349 }, "geometry": { "type": "Polygon", "coordinates": [ [ [ 79.9742149, 30.0538665 ], [ 79.9718596, 30.0527856 ], [ 79.9707864, 30.0529443 ], [ 79.9695156, 30.0525979 ], [ 79.9687422, 30.0517143 ], [ 79.9676818, 30.0490491 ], [ 79.9653633, 30.0482251 ], [ 79.9637184, 30.0469541 ], [ 79.9618515, 30.0466441 ], [ 79.9615658, 30.0460578 ], [ 79.9571218, 30.0455961 ], [ 79.954178, 30.0473527 ], [ 79.9536134, 30.0480071 ], [ 79.9533137, 30.0493651 ], [ 79.9533776, 30.0515078 ], [ 79.9567646, 30.0525432 ], [ 79.9582748, 30.0541347 ], [ 79.9589242, 30.0555823 ], [ 79.9595743, 30.0639499 ], [ 79.9647721, 30.0655027 ], [ 79.9652337, 30.0654799 ], [ 79.9670984, 30.0629478 ], [ 79.9677981, 30.0625595 ], [ 79.9760825, 30.0597565 ], [ 79.978912, 30.0578597 ], [ 79.9780969, 30.0570032 ], [ 79.9755131, 30.0557151 ], [ 79.9742149, 30.0538665 ] ] ] } },
{ "type": "Feature", "properties": { "gp_code": "22071", "gp_name": "SUDING", "blkname": "KAPKOTE", "dtname": "Bageshwar", "SHAPE_Area": 873229.48477782868 }, "geometry": { "type": "Polygon", "coordinates": [ [ [ 79.9571218, 30.0455961 ], [ 79.9615658, 30.0460578 ], [ 79.9615176, 30.0443662 ], [ 79.9596849, 30.0414037 ], [ 79.9596625, 30.0394505 ], [ 79.958424, 30.0402496 ], [ 79.9556765, 30.0408017 ], [ 79.9523479, 30.0409165 ], [ 79.951912, 30.0405198 ], [ 79.9488577, 30.0398855 ], [ 79.9484591, 30.0407608 ], [ 79.9485636, 30.0419066 ], [ 79.9499644, 30.0429614 ], [ 79.9511376, 30.0448915 ], [ 79.954178, 30.0473527 ], [ 79.9571218, 30.0455961 ] ] ] } },
{ "type": "Feature", "properties": { "gp_code": "22073", "gp_name": "SUMGARH", "blkname": "KAPKOTE", "dtname": "Bageshwar", "SHAPE_Area": 14497317.486190192 }, "geometry": { "type": "Polygon", "coordinates": [ [ [ 79.9615176, 30.0443662 ], [ 79.964409, 30.042199 ], [ 79.9666177, 30.0420441 ], [ 79.9679803, 30.0410327 ], [ 79.9689135, 30.0409959 ], [ 79.9702398, 30.0398898 ], [ 79.970919, 30.0398307 ], [ 79.9726962, 30.0385753 ], [ 79.9742407, 30.0380192 ], [ 79.9748152, 30.0370805 ], [ 79.9754007, 30.0367553 ], [ 79.9805883, 30.0346762 ], [ 79.9805781, 30.0299577 ], [ 79.981028, 30.0288701 ], [ 79.9839746, 30.0259219 ], [ 79.9856666, 30.0229613 ], [ 79.9856239, 30.0218922 ], [ 79.9804102, 30.0182742 ], [ 79.9855227, 30.0101861 ], [ 79.9854598, 30.0095276 ], [ 79.9841878, 30.0075663 ], [ 79.9842493, 30.0069483 ], [ 79.9785206, 30.0056357 ], [ 79.9734821, 30.004999 ], [ 79.9680087, 30.0048406 ], [ 79.9600376, 30.0051933 ], [ 79.9581417, 30.0065388 ], [ 79.956441, 30.012084 ], [ 79.9562731, 30.0159005 ], [ 79.9558643, 30.0166585 ], [ 79.955144, 30.0170063 ], [ 79.9539982, 30.0166371 ], [ 79.9509071, 30.0144917 ], [ 79.9465681, 30.0139573 ], [ 79.9460397, 30.0071504 ], [ 79.9402766, 30.0078255 ], [ 79.9384013, 30.0095091 ], [ 79.9389935, 30.0114756 ], [ 79.940606, 30.0123409 ], [ 79.9417009, 30.0140636 ], [ 79.9417077, 30.0164906 ], [ 79.942123, 30.0174196 ], [ 79.9435443, 30.0187812 ], [ 79.9451258, 30.0194526 ], [ 79.9462975, 30.0196775 ], [ 79.9490551, 30.019509 ], [ 79.949641, 30.0197568 ], [ 79.9518402, 30.0213344 ], [ 79.9545434, 30.0243552 ], [ 79.955905, 30.0284639 ], [ 79.9563891, 30.0310529 ], [ 79.958155, 30.0347645 ], [ 79.9583336, 30.0376469 ], [ 79.9596625, 30.0394505 ], [ 79.9599446, 30.0420261 ], [ 79.9615176, 30.0443662 ] ] ] } },
{ "type": "Feature", "properties": { "gp_code": "", "gp_name": "", "blkname": "KAPKOTE", "dtname": "Bageshwar", "SHAPE_Area": 51216920.999623634 }, "geometry": { "type": "Polygon", "coordinates": [ [ [ 80.0637283, 30.0680185 ], [ 80.0617425, 30.0671294 ], [ 80.0497051, 30.055691 ], [ 80.0490597, 30.053848 ], [ 80.0489669, 30.0520851 ], [ 80.0496092, 30.0462988 ], [ 80.0478584, 30.0432059 ], [ 80.0461824, 30.0429338 ], [ 80.0447638, 30.0412192 ], [ 80.0429772, 30.0404343 ], [ 80.0423874, 30.0389439 ], [ 80.0407298, 30.038191 ], [ 80.0410241, 30.037085 ], [ 80.037405, 30.0353708 ], [ 80.037644, 30.0341525 ], [ 80.0329289, 30.0305311 ], [ 80.0272485, 30.0319427 ], [ 80.0257569, 30.0313179 ], [ 80.0239983, 30.0312861 ], [ 80.0228749, 30.0301963 ], [ 80.0239239, 30.0270706 ], [ 80.0241168, 30.025083 ], [ 80.0224226, 30.0239452 ], [ 80.0231492, 30.0196654 ], [ 80.0265917, 30.0174529 ], [ 80.0263241, 30.0148562 ], [ 80.0283204, 30.0087327 ], [ 80.0278216, 30.0013753 ], [ 80.0269193, 30.0004297 ], [ 80.0280231, 29.9999357 ], [ 80.0281274, 29.9967181 ], [ 80.0287046, 29.9950179 ], [ 80.030773, 29.9935915 ], [ 80.0320435, 29.9932073 ], [ 80.0355193, 29.9930421 ], [ 80.0378929, 29.9939556 ], [ 80.0404032, 29.9956278 ], [ 80.0406963, 29.9929494 ], [ 80.041284, 29.9916878 ], [ 80.0419348, 29.9910112 ], [ 80.0429848, 29.9906088 ], [ 80.0498943, 29.9905885 ], [ 80.0525833, 29.9923792 ], [ 80.0548091, 29.9913182 ], [ 80.0617807, 29.9893778 ], [ 80.0674303, 29.9897046 ], [ 80.0689213, 29.9895211 ], [ 80.0695722, 29.9891735 ], [ 80.0689835, 29.9881134 ], [ 80.0655163, 29.9844219 ], [ 80.0646335, 29.9829231 ], [ 80.0635399, 29.9798339 ], [ 80.0636326, 29.9764242 ], [ 80.0619947, 29.9766077 ], [ 80.0606091, 29.9772298 ], [ 80.0556338, 29.9807418 ], [ 80.054122, 29.9811811 ], [ 80.0464676, 29.9814851 ], [ 80.0427091, 29.9832412 ], [ 80.0397902, 29.9836625 ], [ 80.0389923, 29.9841197 ], [ 80.037859, 29.9864601 ], [ 80.0351711, 29.9873382 ], [ 80.0335753, 29.9882527 ], [ 80.0318742, 29.9882347 ], [ 80.0302572, 29.9887835 ], [ 80.0287349, 29.9900269 ], [ 80.0280001, 29.9912611 ], [ 80.0268038, 29.9947074 ], [ 80.0244524, 29.9992507 ], [ 80.0202465, 30.00439 ], [ 80.0187278, 30.0056245 ], [ 80.0170529, 30.0076604 ], [ 80.0131042, 30.0109147 ], [ 80.0112521, 30.0113817 ], [ 80.0088424, 30.0114998 ], [ 80.007534, 30.0102098 ], [ 80.008148, 30.0090707 ], [ 80.0073069, 30.0083153 ], [ 80.0067929, 30.0066532 ], [ 80.0069798, 30.0058977 ], [ 80.006686, 30.0050027 ], [ 80.0056647, 30.0040381 ], [ 80.0057047, 30.0031896 ], [ 80.0044232, 30.0028875 ], [ 80.0037825, 30.003701 ], [ 80.0021539, 30.0047704 ], [ 80.0001449, 30.0047239 ], [ 79.9974279, 30.0035002 ], [ 79.9972832, 30.0014514 ], [ 79.9961, 29.9984377 ], [ 79.9953163, 29.9990379 ], [ 79.9931076, 30.0028672 ], [ 79.9920875, 30.00368 ], [ 79.9855692, 30.0053863 ], [ 79.9850358, 30.0057523 ], [ 79.9849173, 30.0063748 ], [ 79.9842493, 30.0069483 ], [ 79.9841878, 30.0075663 ], [ 79.9854598, 30.0095276 ], [ 79.9855227, 30.0101861 ], [ 79.9804102, 30.0182742 ], [ 79.9856239, 30.0218922 ], [ 79.9856666, 30.0229613 ], [ 79.9839746, 30.0259219 ], [ 79.981028, 30.0288701 ], [ 79.9805781, 30.0299577 ], [ 79.9805883, 30.0346762 ], [ 79.9754007, 30.0367553 ], [ 79.9748152, 30.0370805 ], [ 79.9742407, 30.0380192 ], [ 79.9793198, 30.0412858 ], [ 79.9836227, 30.0407004 ], [ 79.9892072, 30.0410566 ], [ 79.9907371, 30.0414883 ], [ 79.9960561, 30.0450924 ], [ 79.996259, 30.0457327 ], [ 79.995793, 30.0461843 ], [ 79.9904907, 30.0480069 ], [ 79.9888575, 30.0481031 ], [ 79.9892535, 30.0498846 ], [ 79.9907757, 30.0522696 ], [ 79.991115, 30.0542361 ], [ 79.9903778, 30.0579268 ], [ 79.9904781, 30.0594875 ], [ 79.9910489, 30.0598299 ], [ 79.9934394, 30.0596518 ], [ 79.9963913, 30.0586309 ], [ 79.9984026, 30.0559441 ], [ 80.0008927, 30.0501225 ], [ 80.003953, 30.0472233 ], [ 80.0069877, 30.0457567 ], [ 80.0084273, 30.0444609 ], [ 80.0109794, 30.0433501 ], [ 80.0121818, 30.0422678 ], [ 80.014554, 30.0422536 ], [ 80.018006, 30.0428656 ], [ 80.0187013, 30.0432643 ], [ 80.0198797, 30.045884 ], [ 80.020927, 30.0472935 ], [ 80.0223752, 30.0484752 ], [ 80.0238148, 30.0481617 ], [ 80.0260563, 30.048375 ], [ 80.0270545, 30.0491864 ], [ 80.0296315, 30.0498267 ], [ 80.0307117, 30.0513358 ], [ 80.031023, 30.0530301 ], [ 80.0315222, 30.0539129 ], [ 80.0336169, 30.055137 ], [ 80.033217, 30.0590954 ], [ 80.0310086, 30.0609041 ], [ 80.0293153, 30.0616022 ], [ 80.0281375, 30.0632398 ], [ 80.0279122, 30.0650204 ], [ 80.0274417, 30.0657848 ], [ 80.0254257, 30.0675317 ], [ 80.0259039, 30.0693071 ], [ 80.0269892, 30.070406 ], [ 80.0286336, 30.0730125 ], [ 80.0283915, 30.0761549 ], [ 80.0275579, 30.0788746 ], [ 80.0282314, 30.0840598 ], [ 80.0270089, 30.0861713 ], [ 80.0275761, 30.0871008 ], [ 80.0285127, 30.0904116 ], [ 80.0317763, 30.0887367 ], [ 80.0344909, 30.0877829 ], [ 80.0398528, 30.0865255 ], [ 80.0420337, 30.0863942 ], [ 80.0436879, 30.0854778 ], [ 80.0477114, 30.0856205 ], [ 80.0484032, 30.0852147 ], [ 80.0489442, 30.0840499 ], [ 80.0510568, 30.0825445 ], [ 80.0533727, 30.0818633 ], [ 80.055523, 30.0807111 ], [ 80.0571701, 30.0809461 ], [ 80.0606742, 30.0805392 ], [ 80.061923, 30.081206 ], [ 80.0649537, 30.0814142 ], [ 80.0684586, 30.082211 ], [ 80.0652662, 30.0751332 ], [ 80.0640984, 30.0708161 ], [ 80.0637283, 30.0680185 ] ] ] } },
{ "type": "Feature", "properties": { "gp_code": "", "gp_name": "", "blkname": "KAPKOTE", "dtname": "Bageshwar", "SHAPE_Area": 243488.47264555236 }, "geometry": { "type": "Polygon", "coordinates": [ [ [ 80.0506527, 30.0380151 ], [ 80.0488613, 30.0384002 ], [ 80.0479855, 30.0382223 ], [ 80.0458701, 30.0391236 ], [ 80.0426853, 30.0394213 ], [ 80.0429772, 30.0404343 ], [ 80.0447638, 30.0412192 ], [ 80.0455881, 30.0424207 ], [ 80.0484765, 30.0410611 ], [ 80.0503356, 30.039125 ], [ 80.0506527, 30.0380151 ] ] ] } },
{ "type": "Feature", "properties": { "gp_code": "", "gp_name": "", "blkname": "KAPKOTE", "dtname": "Bageshwar", "SHAPE_Area": 4093877.5705262106 }, "geometry": { "type": "Polygon", "coordinates": [ [ [ 80.069292, 30.0605792 ], [ 80.0671778, 30.0597644 ], [ 80.0641896, 30.0575558 ], [ 80.0643907, 30.0553812 ], [ 80.0648312, 30.0541818 ], [ 80.0664633, 30.0526631 ], [ 80.0674921, 30.0510946 ], [ 80.0674913, 30.049559 ], [ 80.0683613, 30.0481357 ], [ 80.068267, 30.0477876 ], [ 80.0663254, 30.0470162 ], [ 80.0654599, 30.0473712 ], [ 80.0605961, 30.0471787 ], [ 80.0578457, 30.0466037 ], [ 80.056046, 30.0460579 ], [ 80.0536099, 30.0440182 ], [ 80.0496092, 30.0462988 ], [ 80.0489669, 30.0520851 ], [ 80.0490597, 30.053848 ], [ 80.0497051, 30.055691 ], [ 80.0617425, 30.0671294 ], [ 80.0637283, 30.0680185 ], [ 80.069292, 30.0605792 ] ] ] } },
{ "type": "Feature", "properties": { "gp_code": "22060", "gp_name": "RATIRKETI", "blkname": "KAPKOTE", "dtname": "Bageshwar", "SHAPE_Area": 5846398.5721439272 }, "geometry": { "type": "Polygon", "coordinates": [ [ [ 80.0705867, 30.0475463 ], [ 80.0753746, 30.0468768 ], [ 80.0752349, 30.0461298 ], [ 80.0758716, 30.0439691 ], [ 80.0749289, 30.0388613 ], [ 80.0740004, 30.0378522 ], [ 80.0736977, 30.0361158 ], [ 80.0717484, 30.0343991 ], [ 80.0721363, 30.0331515 ], [ 80.0718071, 30.0315677 ], [ 80.0704135, 30.0312651 ], [ 80.0705605, 30.0307169 ], [ 80.0716184, 30.0296318 ], [ 80.0701231, 30.02716 ], [ 80.0695324, 30.0250958 ], [ 80.0686465, 30.0248077 ], [ 80.0609635, 30.0253371 ], [ 80.0607972, 30.0272858 ], [ 80.0602055, 30.0279467 ], [ 80.0589002, 30.0281318 ], [ 80.0577976, 30.0293203 ], [ 80.0574287, 30.0310926 ], [ 80.0576682, 30.0323597 ], [ 80.0570723, 30.0350628 ], [ 80.056015, 30.0362908 ], [ 80.0544797, 30.036816 ], [ 80.0534167, 30.0379351 ], [ 80.0511189, 30.0376882 ], [ 80.0506527, 30.0380151 ], [ 80.0503356, 30.039125 ], [ 80.0484765, 30.0410611 ], [ 80.0455881, 30.0424207 ], [ 80.0461824, 30.0429338 ], [ 80.0478584, 30.0432059 ], [ 80.0496092, 30.0462988 ], [ 80.0536099, 30.0440182 ], [ 80.056046, 30.0460579 ], [ 80.0605961, 30.0471787 ], [ 80.0654599, 30.0473712 ], [ 80.0663254, 30.0470162 ], [ 80.0675309, 30.0473555 ], [ 80.0690246, 30.0470447 ], [ 80.0705867, 30.0475463 ] ] ] } },
{ "type": "Feature", "properties": { "gp_code": "243105", "gp_name": "HAATIKAPRI", "blkname": "KAPKOTE", "dtname": "Bageshwar", "SHAPE_Area": 6019988.9750954034 }, "geometry": { "type": "Polygon", "coordinates": [ [ [ 80.0488613, 30.0384002 ], [ 80.0514942, 30.0375298 ], [ 80.0534167, 30.0379351 ], [ 80.0544797, 30.036816 ], [ 80.056015, 30.0362908 ], [ 80.0570723, 30.0350628 ], [ 80.0576682, 30.0323597 ], [ 80.0574287, 30.0310926 ], [ 80.0577976, 30.0293203 ], [ 80.0589002, 30.0281318 ], [ 80.0602055, 30.0279467 ], [ 80.0607972, 30.0272858 ], [ 80.0609635, 30.0253371 ], [ 80.0651847, 30.0251451 ], [ 80.0670763, 30.0247412 ], [ 80.0695324, 30.0250958 ], [ 80.0695829, 30.0199175 ], [ 80.0690871, 30.0196961 ], [ 80.0678279, 30.0198949 ], [ 80.0674924, 30.018927 ], [ 80.0686771, 30.017107 ], [ 80.0690114, 30.0159639 ], [ 80.0700626, 30.0152403 ], [ 80.0710799, 30.013817 ], [ 80.0703353, 30.0117646 ], [ 80.071447, 30.0114142 ], [ 80.0700231, 30.0112664 ], [ 80.067174, 30.0129901 ], [ 80.0644141, 30.0135452 ], [ 80.0595575, 30.0128003 ], [ 80.0597866, 30.0143781 ], [ 80.058695, 30.017185 ], [ 80.0579274, 30.0177272 ], [ 80.0528853, 30.0204029 ], [ 80.0488596, 30.0219338 ], [ 80.0459755, 30.0239702 ], [ 80.044578, 30.023814 ], [ 80.0423092, 30.0249589 ], [ 80.0414942, 30.0291851 ], [ 80.0417161, 30.0307864 ], [ 80.0400422, 30.031726 ], [ 80.0392123, 30.0329423 ], [ 80.037644, 30.0341525 ], [ 80.037405, 30.0353708 ], [ 80.0410241, 30.037085 ], [ 80.0407298, 30.038191 ], [ 80.0423874, 30.0389439 ], [ 80.0426853, 30.0394213 ], [ 80.0458701, 30.0391236 ], [ 80.0479855, 30.0382223 ], [ 80.0488613, 30.0384002 ] ] ] } },
{ "type": "Feature", "properties": { "gp_code": "22038", "gp_name": "LITI", "blkname": "KAPKOTE", "dtname": "Bageshwar", "SHAPE_Area": 11214784.729915448 }, "geometry": { "type": "Polygon", "coordinates": [ [ [ 80.0417161, 30.0307864 ], [ 80.0416531, 30.0281148 ], [ 80.0423092, 30.0249589 ], [ 80.0430284, 30.0244047 ], [ 80.044578, 30.023814 ], [ 80.0459755, 30.0239702 ], [ 80.0488596, 30.0219338 ], [ 80.0528853, 30.0204029 ], [ 80.0579274, 30.0177272 ], [ 80.058695, 30.017185 ], [ 80.0597866, 30.0143781 ], [ 80.0595575, 30.0128003 ], [ 80.0644141, 30.0135452 ], [ 80.067174, 30.0129901 ], [ 80.0700231, 30.0112664 ], [ 80.071447, 30.0114142 ], [ 80.0705045, 30.0100132 ], [ 80.0701682, 30.0099861 ], [ 80.0699574, 30.0105375 ], [ 80.0690037, 30.0112049 ], [ 80.0686596, 30.0111097 ], [ 80.0682522, 30.0097351 ], [ 80.0672976, 30.0087147 ], [ 80.0641066, 30.0079673 ], [ 80.0618079, 30.0085127 ], [ 80.0603058, 30.0071521 ], [ 80.0590614, 30.0051312 ], [ 80.056841, 30.005867 ], [ 80.0555435, 30.0072831 ], [ 80.0534169, 30.0081822 ], [ 80.0511651, 30.0088499 ], [ 80.0497732, 30.008932 ], [ 80.048209, 30.0084152 ], [ 80.0468787, 30.0061833 ], [ 80.0445007, 30.0040469 ], [ 80.0434684, 30.0036524 ], [ 80.0327707, 30.0020216 ], [ 80.0278601, 30.0021314 ], [ 80.0283204, 30.0087327 ], [ 80.0263241, 30.0148562 ], [ 80.0265917, 30.0174529 ], [ 80.0231492, 30.0196654 ], [ 80.0230387, 30.0200021 ], [ 80.0224226, 30.0239452 ], [ 80.0241168, 30.025083 ], [ 80.0241354, 30.0258684 ], [ 80.0228749, 30.0301963 ], [ 80.0239983, 30.0312861 ], [ 80.0257569, 30.0313179 ], [ 80.0272485, 30.0319427 ], [ 80.0329289, 30.0305311 ], [ 80.037644, 30.0341525 ], [ 80.0392123, 30.0329423 ], [ 80.0400422, 30.031726 ], [ 80.0417161, 30.0307864 ] ] ] } },
{ "type": "Feature", "properties": { "gp_code": "22044", "gp_name": "MALKHADUNGARCHA", "blkname": "KAPKOTE", "dtname": "Bageshwar", "SHAPE_Area": 2107769.7425564877 }, "geometry": { "type": "Polygon", "coordinates": [ [ [ 80.0810654, 30.0572081 ], [ 80.0799855, 30.0556171 ], [ 80.0795201, 30.0534972 ], [ 80.0775927, 30.0507725 ], [ 80.0767209, 30.0481078 ], [ 80.0753746, 30.0468768 ], [ 80.0705867, 30.0475463 ], [ 80.0690246, 30.0470447 ], [ 80.0675309, 30.0473555 ], [ 80.0683613, 30.0481357 ], [ 80.0674913, 30.049559 ], [ 80.0674921, 30.0510946 ], [ 80.0664633, 30.0526631 ], [ 80.0648312, 30.0541818 ], [ 80.0643907, 30.0553812 ], [ 80.0641896, 30.0575558 ], [ 80.0671778, 30.0597644 ], [ 80.069292, 30.0605792 ], [ 80.0772602, 30.0573439 ], [ 80.0810654, 30.0572081 ] ] ] } },
{ "type": "Feature", "properties": { "gp_code": "22038", "gp_name": "LITI", "blkname": "KAPKOTE", "dtname": "Bageshwar", "SHAPE_Area": 3492681.9373034085 }, "geometry": { "type": "Polygon", "coordinates": [ [ [ 80.0793148, 29.9899665 ], [ 80.0812042, 29.9888138 ], [ 80.0814767, 29.9881373 ], [ 80.0817063, 29.9859433 ], [ 80.0825659, 29.9838039 ], [ 80.0779449, 29.978365 ], [ 80.0746671, 29.9752951 ], [ 80.0687635, 29.9703615 ], [ 80.067997, 29.9701698 ], [ 80.0643254, 29.9760949 ], [ 80.0636326, 29.9764242 ], [ 80.0634965, 29.9771281 ], [ 80.0635399, 29.9798339 ], [ 80.0646335, 29.9829231 ], [ 80.0655163, 29.9844219 ], [ 80.0681639, 29.9870168 ], [ 80.0695722, 29.9891735 ], [ 80.0723761, 29.9895744 ], [ 80.0778464, 29.9925998 ], [ 80.0785383, 29.9908444 ], [ 80.0793148, 29.9899665 ] ] ] } },
{ "type": "Feature", "properties": { "gp_code": "22058", "gp_name": "RAMARI", "blkname": "KAPKOTE", "dtname": "Bageshwar", "SHAPE_Area": 12700482.906147528 }, "geometry": { "type": "Polygon", "coordinates": [ [ [ 80.0825659, 29.9838039 ], [ 80.08565, 29.9795608 ], [ 80.0878943, 29.9757935 ], [ 80.0899493, 29.9718251 ], [ 80.0909761, 29.969009 ], [ 80.0917736, 29.9684052 ], [ 80.0953844, 29.9672879 ], [ 80.0978583, 29.9625146 ], [ 80.1003772, 29.9615989 ], [ 80.1013004, 29.9608853 ], [ 80.1018246, 29.9600074 ], [ 80.1026222, 29.9596412 ], [ 80.1052468, 29.9597492 ], [ 80.1079335, 29.9587785 ], [ 80.1091494, 29.9566385 ], [ 80.1098207, 29.9560347 ], [ 80.1117313, 29.9559786 ], [ 80.1150265, 29.954733 ], [ 80.1179208, 29.9515497 ], [ 80.12772, 29.9462218 ], [ 80.1268857, 29.9439713 ], [ 80.123171, 29.945126 ], [ 80.1238181, 29.941414 ], [ 80.1237915, 29.9359289 ], [ 80.1202442, 29.9363887 ], [ 80.1123107, 29.9381496 ], [ 80.1071088, 29.9371201 ], [ 80.1068316, 29.9381945 ], [ 80.1031812, 29.9410308 ], [ 80.0974319, 29.944618 ], [ 80.0950815, 29.9457255 ], [ 80.0901347, 29.9492068 ], [ 80.0895685, 29.9501578 ], [ 80.0893411, 29.9549847 ], [ 80.0889437, 29.9570875 ], [ 80.0895957, 29.9586229 ], [ 80.0891132, 29.9591351 ], [ 80.0879381, 29.960123 ], [ 80.0816205, 29.9636549 ], [ 80.0774858, 29.9664542 ], [ 80.0730565, 29.9684674 ], [ 80.0683747, 29.9697309 ], [ 80.067997, 29.9701698 ], [ 80.0687635, 29.9703615 ], [ 80.0746671, 29.9752951 ], [ 80.0779449, 29.978365 ], [ 80.0825659, 29.9838039 ] ] ] } },
{ "type": "Feature", "properties": { "gp_code": "22072", "gp_name": "SUKHCHONAKANOULI", "blkname": "KAPKOTE", "dtname": "Bageshwar", "SHAPE_Area": 7814626.6911630193 }, "geometry": { "type": "Polygon", "coordinates": [ [ [ 80.1345966, 29.9209456 ], [ 80.1317395, 29.9186258 ], [ 80.1289886, 29.9173939 ], [ 80.1250818, 29.9146543 ], [ 80.1244287, 29.9122595 ], [ 80.1254133, 29.9104851 ], [ 80.1254749, 29.9091137 ], [ 80.1213837, 29.9106162 ], [ 80.1139784, 29.9142968 ], [ 80.1077701, 29.9193202 ], [ 80.1010426, 29.9188766 ], [ 80.1050981, 29.9241581 ], [ 80.1061088, 29.9277411 ], [ 80.1057109, 29.9288202 ], [ 80.1032569, 29.9311621 ], [ 80.099692, 29.9356622 ], [ 80.1010254, 29.9362099 ], [ 80.1047204, 29.9365366 ], [ 80.1090774, 29.9376765 ], [ 80.1123107, 29.9381496 ], [ 80.1202442, 29.9363887 ], [ 80.1237915, 29.9359289 ], [ 80.123979, 29.9345574 ], [ 80.1248592, 29.9330941 ], [ 80.1256527, 29.9290344 ], [ 80.1248618, 29.9253234 ], [ 80.1277159, 29.9247726 ], [ 80.1309063, 29.9246238 ], [ 80.134159, 29.9237983 ], [ 80.1341787, 29.9226647 ], [ 80.1338212, 29.9220799 ], [ 80.1345966, 29.9209456 ] ] ] } },
{ "type": "Feature", "properties": { "gp_code": "22033", "gp_name": "KISSMILA", "blkname": "KAPKOTE", "dtname": "Bageshwar", "SHAPE_Area": 1443504.3029754867 }, "geometry": { "type": "Polygon", "coordinates": [ [ [ 80.1306878, 29.9066777 ], [ 80.1321775, 29.9063656 ], [ 80.1344864, 29.906638 ], [ 80.1409917, 29.9059193 ], [ 80.1419775, 29.9053699 ], [ 80.1433929, 29.9020888 ], [ 80.1383342, 29.9012887 ], [ 80.1343354, 29.902908 ], [ 80.1277366, 29.9043579 ], [ 80.124779, 29.9058595 ], [ 80.1177297, 29.9084247 ], [ 80.1141005, 29.9102558 ], [ 80.1171463, 29.9128683 ], [ 80.1177125, 29.9123194 ], [ 80.120167, 29.9111656 ], [ 80.1306878, 29.9066777 ] ] ] } },
{ "type": "Feature", "properties": { "gp_code": "22047", "gp_name": "NAMTICHETABAGAR", "blkname": "KAPKOTE", "dtname": "Bageshwar", "SHAPE_Area": 15700709.634113772 }, "geometry": { "type": "Polygon", "coordinates": [ [ [ 80.0822832, 29.9499423 ], [ 80.0871749, 29.9497935 ], [ 80.0901347, 29.9492068 ], [ 80.0950815, 29.9457255 ], [ 80.0974319, 29.944618 ], [ 80.1031812, 29.9410308 ], [ 80.1068316, 29.9381945 ], [ 80.1071088, 29.9371201 ], [ 80.1047204, 29.9365366 ], [ 80.1010254, 29.9362099 ], [ 80.099692, 29.9356622 ], [ 80.1032569, 29.9311621 ], [ 80.1057109, 29.9288202 ], [ 80.1061088, 29.9277411 ], [ 80.1050981, 29.9241581 ], [ 80.1010426, 29.9188766 ], [ 80.1077701, 29.9193202 ], [ 80.1139784, 29.9142968 ], [ 80.1171463, 29.9128683 ], [ 80.1150876, 29.9109134 ], [ 80.1141005, 29.9102558 ], [ 80.1107032, 29.9132386 ], [ 80.1069881, 29.913104 ], [ 80.1030867, 29.916032 ], [ 80.0985852, 29.9168302 ], [ 80.0987523, 29.9158839 ], [ 80.0995704, 29.9152434 ], [ 80.0995279, 29.9146766 ], [ 80.0992126, 29.9140003 ], [ 80.0982886, 29.9133975 ], [ 80.0965253, 29.9130511 ], [ 80.0962515, 29.9118628 ], [ 80.0965234, 29.9106741 ], [ 80.0958509, 29.9095957 ], [ 80.0935361, 29.9083812 ], [ 80.0912149, 29.9057129 ], [ 80.0893658, 29.9026238 ], [ 80.0876029, 29.9025882 ], [ 80.086322, 29.9016381 ], [ 80.0851048, 29.9016753 ], [ 80.0828912, 29.9022707 ], [ 80.080489, 29.9034422 ], [ 80.07856, 29.9062453 ], [ 80.0781628, 29.9087688 ], [ 80.0760439, 29.9101046 ], [ 80.0741928, 29.9118928 ], [ 80.0689039, 29.9121328 ], [ 80.0681276, 29.9126085 ], [ 80.0654638, 29.9158277 ], [ 80.0647293, 29.9161389 ], [ 80.0623994, 29.9158655 ], [ 80.0619377, 29.9161034 ], [ 80.0615817, 29.9176211 ], [ 80.0619818, 29.9201442 ], [ 80.062906, 29.9214421 ], [ 80.067711, 29.9183318 ], [ 80.0703985, 29.9198848 ], [ 80.0752038, 29.9177251 ], [ 80.0758335, 29.9177065 ], [ 80.0778916, 29.9194791 ], [ 80.0825305, 29.919751 ], [ 80.0853647, 29.9206089 ], [ 80.0882989, 29.9219192 ], [ 80.0888661, 29.9225223 ], [ 80.0900022, 29.926142 ], [ 80.0900239, 29.9270744 ], [ 80.0890804, 29.9285194 ], [ 80.0870663, 29.9300564 ], [ 80.0856822, 29.9319403 ], [ 80.078758, 29.9367525 ], [ 80.0759455, 29.9375584 ], [ 80.0723361, 29.9396992 ], [ 80.0722749, 29.942716 ], [ 80.0734735, 29.9461162 ], [ 80.0756492, 29.9504941 ], [ 80.0798902, 29.9506383 ], [ 80.0822832, 29.9499423 ] ] ] } },
{ "type": "Feature", "properties": { "gp_code": "", "gp_name": "", "blkname": "KAPKOTE", "dtname": "Bageshwar", "SHAPE_Area": 18782545.161111373 }, "geometry": { "type": "Polygon", "coordinates": [ [ [ 80.0874591, 29.9215357 ], [ 80.0825305, 29.919751 ], [ 80.0778916, 29.9194791 ], [ 80.0758335, 29.9177065 ], [ 80.0752038, 29.9177251 ], [ 80.0703985, 29.9198848 ], [ 80.067711, 29.9183318 ], [ 80.062906, 29.9214421 ], [ 80.0619818, 29.9201442 ], [ 80.0615814, 29.9169446 ], [ 80.0619377, 29.9161034 ], [ 80.0623994, 29.9158655 ], [ 80.0647293, 29.9161389 ], [ 80.0654638, 29.9158277 ], [ 80.0681276, 29.9126085 ], [ 80.0689039, 29.9121328 ], [ 80.0741928, 29.9118928 ], [ 80.0760439, 29.9101046 ], [ 80.0781628, 29.9087688 ], [ 80.07856, 29.9062453 ], [ 80.080489, 29.9034422 ], [ 80.0828912, 29.9022707 ], [ 80.0851048, 29.9016753 ], [ 80.086322, 29.9016381 ], [ 80.0876029, 29.9025882 ], [ 80.0893658, 29.9026238 ], [ 80.0912149, 29.9057129 ], [ 80.0935361, 29.9083812 ], [ 80.0958509, 29.9095957 ], [ 80.0965234, 29.9106741 ], [ 80.0962515, 29.9118628 ], [ 80.0965253, 29.9130511 ], [ 80.0982886, 29.9133975 ], [ 80.0992126, 29.9140003 ], [ 80.0995279, 29.9146766 ], [ 80.0995704, 29.9152434 ], [ 80.0987523, 29.9158839 ], [ 80.0985852, 29.9168302 ], [ 80.1030867, 29.916032 ], [ 80.1069881, 29.913104 ], [ 80.1107032, 29.9132386 ], [ 80.1130308, 29.9109514 ], [ 80.1177297, 29.9084247 ], [ 80.124779, 29.9058595 ], [ 80.1277366, 29.9043579 ], [ 80.1343354, 29.902908 ], [ 80.1383342, 29.9012887 ], [ 80.1365908, 29.8999553 ], [ 80.1344078, 29.8994818 ], [ 80.1251949, 29.8995806 ], [ 80.1194057, 29.9026203 ], [ 80.1177285, 29.9043952 ], [ 80.1161555, 29.9055117 ], [ 80.1130489, 29.9049471 ], [ 80.1105938, 29.9054425 ], [ 80.1079714, 29.9065414 ], [ 80.1075306, 29.9064502 ], [ 80.1056404, 29.9049704 ], [ 80.1005994, 29.899927 ], [ 80.0987514, 29.8985385 ], [ 80.0958544, 29.8972602 ], [ 80.0952234, 29.8954138 ], [ 80.0959984, 29.893594 ], [ 80.095022, 29.892854 ], [ 80.0936366, 29.892352 ], [ 80.0903495, 29.888331 ], [ 80.0897617, 29.8879839 ], [ 80.0870546, 29.8878757 ], [ 80.0854487, 29.8869074 ], [ 80.0846932, 29.8868987 ], [ 80.0827523, 29.8870917 ], [ 80.0777498, 29.8905776 ], [ 80.0761145, 29.8928549 ], [ 80.075067, 29.8957627 ], [ 80.0715548, 29.9006191 ], [ 80.0702643, 29.900903 ], [ 80.0689734, 29.9005379 ], [ 80.0666342, 29.90202 ], [ 80.0651334, 29.9015452 ], [ 80.0635175, 29.9015275 ], [ 80.0620383, 29.9023144 ], [ 80.061472, 29.9030826 ], [ 80.0582189, 29.9026084 ], [ 80.0528462, 29.9025554 ], [ 80.0512292, 29.899996 ], [ 80.0478703, 29.8971628 ], [ 80.0449736, 29.8955546 ], [ 80.0429799, 29.8953723 ], [ 80.0376501, 29.8968913 ], [ 80.0322144, 29.8954114 ], [ 80.0292137, 29.8963079 ], [ 80.0266954, 29.8962901 ], [ 80.0260137, 29.8979724 ], [ 80.0253423, 29.8985577 ], [ 80.0200543, 29.9015206 ], [ 80.0202435, 29.9032576 ], [ 80.0244015, 29.9032091 ], [ 80.0271716, 29.9026966 ], [ 80.028095, 29.9022028 ], [ 80.0281366, 29.9009228 ], [ 80.0307595, 29.8991121 ], [ 80.0332986, 29.8984716 ], [ 80.0351875, 29.8991295 ], [ 80.0371186, 29.9002993 ], [ 80.0385674, 29.9024383 ], [ 80.0402047, 29.9035716 ], [ 80.0410857, 29.9022 ], [ 80.041358, 29.900536 ], [ 80.0419454, 29.9000787 ], [ 80.0426169, 29.8997859 ], [ 80.0445897, 29.9001694 ], [ 80.0457654, 29.9013027 ], [ 80.0459546, 29.9020889 ], [ 80.0457668, 29.9051974 ], [ 80.0440679, 29.9079041 ], [ 80.0423682, 29.9087456 ], [ 80.0412138, 29.9086179 ], [ 80.0415291, 29.9100623 ], [ 80.0430202, 29.9128047 ], [ 80.0437127, 29.9124388 ], [ 80.0448671, 29.9124933 ], [ 80.0477638, 29.9132604 ], [ 80.0505771, 29.915344 ], [ 80.0530332, 29.916294 ], [ 80.0552382, 29.9187434 ], [ 80.0580306, 29.920388 ], [ 80.0588077, 29.9213568 ], [ 80.0616424, 29.923495 ], [ 80.0626501, 29.923842 ], [ 80.0676252, 29.9244616 ], [ 80.072264, 29.9243499 ], [ 80.0737966, 29.9249252 ], [ 80.0763783, 29.9246314 ], [ 80.0778899, 29.9250329 ], [ 80.0805342, 29.9243734 ], [ 80.0821087, 29.9246286 ], [ 80.0854031, 29.9231276 ], [ 80.0874591, 29.9215357 ] ] ] } },
{ "type": "Feature", "properties": { "gp_code": "243107", "gp_name": "KALAPAARKAPARI", "blkname": "KAPKOTE", "dtname": "Bageshwar", "SHAPE_Area": 3685592.4874140243 }, "geometry": { "type": "Polygon", "coordinates": [ [ [ 80.131957, 29.9427262 ], [ 80.1360508, 29.9427959 ], [ 80.1372051, 29.9424293 ], [ 80.1385056, 29.9414957 ], [ 80.1405182, 29.939044 ], [ 80.1411463, 29.937599 ], [ 80.1422535, 29.9328991 ], [ 80.1451684, 29.9304282 ], [ 80.1460273, 29.9290012 ], [ 80.14678, 29.9264774 ], [ 80.1502375, 29.9216106 ], [ 80.1512217, 29.9197447 ], [ 80.151848, 29.9170197 ], [ 80.1527283, 29.9159766 ], [ 80.154574, 29.9148961 ], [ 80.1567319, 29.9118039 ], [ 80.1586321, 29.9043601 ], [ 80.1580223, 29.9033916 ], [ 80.1539254, 29.8998849 ], [ 80.1499994, 29.8986086 ], [ 80.1485923, 29.8977688 ], [ 80.1475225, 29.8980989 ], [ 80.1444197, 29.9008079 ], [ 80.1433929, 29.9020888 ], [ 80.1419775, 29.9053699 ], [ 80.1409917, 29.9059193 ], [ 80.1344864, 29.906638 ], [ 80.1321775, 29.9063656 ], [ 80.1306878, 29.9066777 ], [ 80.1254749, 29.9091137 ], [ 80.1254133, 29.9104851 ], [ 80.126411, 29.911234 ], [ 80.1305036, 29.9111393 ], [ 80.1353426, 29.912205 ], [ 80.1362239, 29.912058 ], [ 80.1392236, 29.9105926 ], [ 80.1415848, 29.910618 ], [ 80.1418254, 29.9099321 ], [ 80.1416979, 29.9085791 ], [ 80.1420436, 29.908076 ], [ 80.1448112, 29.9057605 ], [ 80.1463396, 29.902669 ], [ 80.1474922, 29.9013057 ], [ 80.148153, 29.9010857 ], [ 80.1551135, 29.9038219 ], [ 80.1568798, 29.9064349 ], [ 80.1551482, 29.9104912 ], [ 80.1506491, 29.917046 ], [ 80.1471653, 29.9174331 ], [ 80.1471251, 29.9189142 ], [ 80.1477044, 29.9206416 ], [ 80.1475691, 29.9215193 ], [ 80.145526, 29.9244467 ], [ 80.1438694, 29.9258743 ], [ 80.1417314, 29.9285091 ], [ 80.1413551, 29.9298076 ], [ 80.1403699, 29.9310152 ], [ 80.1397, 29.9325882 ], [ 80.139785, 29.9335755 ], [ 80.1389466, 29.9346732 ], [ 80.1376068, 29.9379289 ], [ 80.1377757, 29.9388064 ], [ 80.1359723, 29.9405997 ], [ 80.1330333, 29.9406021 ], [ 80.1319003, 29.9412247 ], [ 80.1296336, 29.9417385 ], [ 80.1286686, 29.942434 ], [ 80.1268857, 29.9439713 ], [ 80.12772, 29.9462218 ], [ 80.1292102, 29.9458915 ], [ 80.1310337, 29.9431109 ], [ 80.131957, 29.9427262 ] ] ] } },
{ "type": "Feature", "properties": { "gp_code": "22033", "gp_name": "KISSMILA", "blkname": "KAPKOTE", "dtname": "Bageshwar", "SHAPE_Area": 903508.50419282902 }, "geometry": { "type": "Polygon", "coordinates": [ [ [ 80.1349752, 29.9121047 ], [ 80.1305036, 29.9111393 ], [ 80.126411, 29.911234 ], [ 80.1254133, 29.9104851 ], [ 80.1244287, 29.9122595 ], [ 80.1247243, 29.913978 ], [ 80.1250818, 29.9146543 ], [ 80.1289886, 29.9173939 ], [ 80.1317395, 29.9186258 ], [ 80.1345966, 29.9209456 ], [ 80.1353099, 29.9205793 ], [ 80.1346684, 29.9194553 ], [ 80.1339224, 29.9186606 ], [ 80.1327622, 29.9181176 ], [ 80.1330189, 29.9177197 ], [ 80.1344246, 29.9172066 ], [ 80.1356829, 29.9162821 ], [ 80.1357454, 29.9158616 ], [ 80.1340748, 29.9140254 ], [ 80.1350395, 29.9133115 ], [ 80.1349752, 29.9121047 ] ] ] } },
{ "type": "Feature", "properties": { "gp_code": "", "gp_name": "", "blkname": "KAPKOTE", "dtname": "Bageshwar", "SHAPE_Area": 8277239.9836676419 }, "geometry": { "type": "Polygon", "coordinates": [ [ [ 80.1268857, 29.9439713 ], [ 80.1296336, 29.9417385 ], [ 80.1319003, 29.9412247 ], [ 80.1330333, 29.9406021 ], [ 80.1359723, 29.9405997 ], [ 80.1377757, 29.9388064 ], [ 80.1376068, 29.9379289 ], [ 80.1389466, 29.9346732 ], [ 80.139785, 29.9335755 ], [ 80.1397, 29.9325882 ], [ 80.1403699, 29.9310152 ], [ 80.1413551, 29.9298076 ], [ 80.1417314, 29.9285091 ], [ 80.1438694, 29.9258743 ], [ 80.145526, 29.9244467 ], [ 80.1475691, 29.9215193 ], [ 80.1477044, 29.9206416 ], [ 80.1471251, 29.9189142 ], [ 80.1471653, 29.9174331 ], [ 80.1506491, 29.917046 ], [ 80.1551482, 29.9104912 ], [ 80.1568798, 29.9064349 ], [ 80.1551135, 29.9038219 ], [ 80.1489296, 29.9011764 ], [ 80.1474922, 29.9013057 ], [ 80.1463396, 29.902669 ], [ 80.1448112, 29.9057605 ], [ 80.1416979, 29.9085791 ], [ 80.1418254, 29.9099321 ], [ 80.1415848, 29.910618 ], [ 80.1398846, 29.9104366 ], [ 80.1375557, 29.9112066 ], [ 80.1362239, 29.912058 ], [ 80.1349752, 29.9121047 ], [ 80.1350395, 29.9133115 ], [ 80.1340748, 29.9140254 ], [ 80.1357454, 29.9158616 ], [ 80.1356829, 29.9162821 ], [ 80.1344246, 29.9172066 ], [ 80.1330189, 29.9177197 ], [ 80.1327622, 29.9181176 ], [ 80.1339224, 29.9186606 ], [ 80.1353099, 29.9205793 ], [ 80.1345966, 29.9209456 ], [ 80.1338212, 29.9220799 ], [ 80.1341787, 29.9226647 ], [ 80.134159, 29.9237983 ], [ 80.1309063, 29.9246238 ], [ 80.1277159, 29.9247726 ], [ 80.1248618, 29.9253234 ], [ 80.1256527, 29.9290344 ], [ 80.1248592, 29.9330941 ], [ 80.123979, 29.9345574 ], [ 80.1238181, 29.941414 ], [ 80.123171, 29.945126 ], [ 80.1268857, 29.9439713 ] ] ] } },
{ "type": "Feature", "properties": { "gp_code": "243079", "gp_name": "CHANTOLA", "blkname": "BAGESHWAR", "dtname": "Bageshwar", "SHAPE_Area": 243184.34646526517 }, "geometry": { "type": "Polygon", "coordinates": [ [ [ 80.0265249, 29.7828199 ], [ 80.0245333, 29.783378 ], [ 80.0234218, 29.78229 ], [ 80.0222477, 29.7819244 ], [ 80.0209059, 29.7822355 ], [ 80.0200673, 29.782958 ], [ 80.0200897, 29.7833467 ], [ 80.0213267, 29.7833648 ], [ 80.0221025, 29.7837853 ], [ 80.0237802, 29.7856506 ], [ 80.0258771, 29.7864916 ], [ 80.0269463, 29.7860524 ], [ 80.0277846, 29.7844063 ], [ 80.0264846, 29.7840041 ], [ 80.0265249, 29.7828199 ] ] ] } },
{ "type": "Feature", "properties": { "gp_code": "21794", "gp_name": "KAPOORI", "blkname": "BAGESHWAR", "dtname": "Bageshwar", "SHAPE_Area": 1735359.0940726877 }, "geometry": { "type": "Polygon", "coordinates": [ [ [ 79.9925258, 29.8121538 ], [ 79.9926542, 29.8110349 ], [ 79.9915424, 29.8092571 ], [ 79.9916707, 29.8084738 ], [ 79.9927969, 29.808275 ], [ 79.9950779, 29.806808 ], [ 79.9963752, 29.8054156 ], [ 79.9965035, 29.8042594 ], [ 79.9960331, 29.8031529 ], [ 79.9969027, 29.8031281 ], [ 79.9974823, 29.8024014 ], [ 79.9980573, 29.8022951 ], [ 79.9984173, 29.8008543 ], [ 79.9955716, 29.8007163 ], [ 79.991195, 29.79965 ], [ 79.9908418, 29.800143 ], [ 79.9861688, 29.8010265 ], [ 79.9835783, 29.8021505 ], [ 79.9824906, 29.804271 ], [ 79.9823051, 29.8058872 ], [ 79.9833884, 29.80677 ], [ 79.9858117, 29.8077772 ], [ 79.9861709, 29.8083625 ], [ 79.9856403, 29.8106118 ], [ 79.9860679, 29.8113702 ], [ 79.9868947, 29.8118054 ], [ 79.9902876, 29.8123278 ], [ 79.9925258, 29.8121538 ] ] ] } },
{ "type": "Feature", "properties": { "gp_code": "", "gp_name": "", "blkname": "BAGESHWAR", "dtname": "Bageshwar", "SHAPE_Area": 571355.39503778482 }, "geometry": { "type": "Polygon", "coordinates": [ [ [ 79.9926542, 29.8117436 ], [ 79.9925258, 29.8121538 ], [ 79.9914851, 29.8123527 ], [ 79.9868947, 29.8118054 ], [ 79.9860679, 29.8113702 ], [ 79.9856403, 29.8106118 ], [ 79.9861709, 29.8083625 ], [ 79.9858117, 29.8077772 ], [ 79.9833884, 29.80677 ], [ 79.9823051, 29.8058872 ], [ 79.9812787, 29.806086 ], [ 79.9819859, 29.8073007 ], [ 79.9818626, 29.8095422 ], [ 79.9824471, 29.8095423 ], [ 79.9838298, 29.8103505 ], [ 79.9860534, 29.8139437 ], [ 79.9874647, 29.8145281 ], [ 79.9897172, 29.8148515 ], [ 79.9923973, 29.8163062 ], [ 79.9931244, 29.8155354 ], [ 79.9938428, 29.8135245 ], [ 79.9938374, 29.8128501 ], [ 79.9926542, 29.8117436 ] ] ] } },
{ "type": "Feature", "properties": { "gp_code": "", "gp_name": "", "blkname": "BAGESHWAR", "dtname": "Bageshwar", "SHAPE_Area": 1383664.9574806211 }, "geometry": { "type": "Polygon", "coordinates": [ [ [ 80.0014298, 29.7962692 ], [ 80.0002346, 29.7954096 ], [ 79.9986863, 29.7934878 ], [ 79.9984174, 29.7892284 ], [ 79.9976869, 29.7889284 ], [ 79.9904462, 29.7889795 ], [ 79.9910305, 29.7904715 ], [ 79.9908736, 29.7916277 ], [ 79.9901751, 29.791752 ], [ 79.9900753, 29.7922866 ], [ 79.9905171, 29.7942883 ], [ 79.9914582, 29.7964074 ], [ 79.9914892, 29.7991309 ], [ 79.991195, 29.79965 ], [ 79.9955716, 29.8007163 ], [ 79.9984173, 29.8008543 ], [ 80.0014298, 29.7962692 ] ] ] } },
{ "type": "Feature", "properties": { "gp_code": "21739", "gp_name": "BHANDARIGAON", "blkname": "BAGESHWAR", "dtname": "Bageshwar", "SHAPE_Area": 2560659.6986739719 }, "geometry": { "type": "Polygon", "coordinates": [ [ [ 79.9913731, 29.7827134 ], [ 79.9910453, 29.7819301 ], [ 79.9901617, 29.7817063 ], [ 79.9880522, 29.7825516 ], [ 79.9866697, 29.7823401 ], [ 79.9859856, 29.7818054 ], [ 79.9854014, 29.7806491 ], [ 79.9843142, 29.7797539 ], [ 79.9834917, 29.7797538 ], [ 79.9827932, 29.780624 ], [ 79.9819665, 29.7810591 ], [ 79.9793094, 29.7813101 ], [ 79.9796851, 29.7872877 ], [ 79.9803972, 29.7908684 ], [ 79.9835042, 29.7933056 ], [ 79.9841882, 29.7945738 ], [ 79.9844016, 29.7979057 ], [ 79.9835783, 29.8021505 ], [ 79.9861688, 29.8010265 ], [ 79.9908418, 29.800143 ], [ 79.9914892, 29.7991309 ], [ 79.9914582, 29.7964074 ], [ 79.9905171, 29.7942883 ], [ 79.9900753, 29.7922866 ], [ 79.9901751, 29.791752 ], [ 79.9908736, 29.7916277 ], [ 79.9910305, 29.7904715 ], [ 79.9902609, 29.788619 ], [ 79.990318, 29.7870524 ], [ 79.9912162, 29.7843794 ], [ 79.9913731, 29.7827134 ] ] ] } },
{ "type": "Feature", "properties": { "gp_code": "21876", "gp_name": "THANGA", "blkname": "BAGESHWAR", "dtname": "Bageshwar", "SHAPE_Area": 2179229.5584950489 }, "geometry": { "type": "Polygon", "coordinates": [ [ [ 80.0115999, 29.7997253 ], [ 80.0094714, 29.7979332 ], [ 80.0088737, 29.7970096 ], [ 80.0089995, 29.7964426 ], [ 80.0108656, 29.7954366 ], [ 80.0130882, 29.7953907 ], [ 80.0156258, 29.7982527 ], [ 80.0195364, 29.7979139 ], [ 80.0223359, 29.7984897 ], [ 80.022535, 29.7977764 ], [ 80.0215807, 29.7965694 ], [ 80.0226707, 29.7947861 ], [ 80.02245, 29.7918599 ], [ 80.0198183, 29.7907081 ], [ 80.0189587, 29.7906899 ], [ 80.0178682, 29.7899219 ], [ 80.0149327, 29.7891906 ], [ 80.013004, 29.791989 ], [ 80.0113476, 29.7920714 ], [ 80.0095863, 29.792858 ], [ 80.0054976, 29.7927485 ], [ 80.0045958, 29.7900966 ], [ 80.0027716, 29.7883592 ], [ 80.000591, 29.7887616 ], [ 79.9990185, 29.7895297 ], [ 79.9984174, 29.7892284 ], [ 79.9985298, 29.7931059 ], [ 80.0002346, 29.7954096 ], [ 80.0014298, 29.7962692 ], [ 80.0022686, 29.7963057 ], [ 80.0038202, 29.7957753 ], [ 80.0043235, 29.7959948 ], [ 80.007448, 29.7986831 ], [ 80.0079513, 29.7997713 ], [ 80.0094925, 29.7994511 ], [ 80.0109395, 29.8008501 ], [ 80.0114742, 29.8009232 ], [ 80.0117782, 29.8006214 ], [ 80.0115999, 29.7997253 ] ] ] } },
{ "type": "Feature", "properties": { "gp_code": "21832", "gp_name": "NARGOLI", "blkname": "BAGESHWAR", "dtname": "Bageshwar", "SHAPE_Area": 2239394.8827136476 }, "geometry": { "type": "Polygon", "coordinates": [ [ [ 80.0095863, 29.792858 ], [ 80.0113476, 29.7920714 ], [ 80.013004, 29.791989 ], [ 80.0149327, 29.7891906 ], [ 80.0145762, 29.7889072 ], [ 80.0141357, 29.78706 ], [ 80.0153096, 29.7853956 ], [ 80.016295, 29.7848834 ], [ 80.0190625, 29.7844076 ], [ 80.0192512, 29.78406 ], [ 80.0159384, 29.7837312 ], [ 80.0144918, 29.7843166 ], [ 80.0132547, 29.7840424 ], [ 80.0130451, 29.7846825 ], [ 80.0099211, 29.7848473 ], [ 80.0081389, 29.7841342 ], [ 80.0070696, 29.784244 ], [ 80.0066293, 29.7837136 ], [ 80.0040505, 29.784811 ], [ 79.9972943, 29.7834948 ], [ 79.9956916, 29.7827136 ], [ 79.9928554, 29.7826265 ], [ 79.9910453, 29.7819301 ], [ 79.9913731, 29.7827134 ], [ 79.9912162, 29.7843794 ], [ 79.990318, 29.7870524 ], [ 79.9904462, 29.7889795 ], [ 79.9976869, 29.7889284 ], [ 79.9990185, 29.7895297 ], [ 80.000591, 29.7887616 ], [ 80.0027716, 29.7883592 ], [ 80.0045958, 29.7900966 ], [ 80.0054976, 29.7927485 ], [ 80.0095863, 29.792858 ] ] ] } },
{ "type": "Feature", "properties": { "gp_code": "", "gp_name": "", "blkname": "BAGESHWAR", "dtname": "Bageshwar", "SHAPE_Area": 2173091.5498517076 }, "geometry": { "type": "Polygon", "coordinates": [ [ [ 80.0192512, 29.78406 ], [ 80.0197962, 29.7837491 ], [ 80.0200673, 29.782958 ], [ 80.0188513, 29.7829307 ], [ 80.0174779, 29.7821993 ], [ 80.0150241, 29.7761823 ], [ 80.0139442, 29.7745821 ], [ 80.0125028, 29.7740107 ], [ 80.0116381, 29.7745091 ], [ 80.0101969, 29.7763245 ], [ 80.0052177, 29.7769374 ], [ 80.0033519, 29.7779436 ], [ 80.0019769, 29.7767617 ], [ 80.001421, 29.7756639 ], [ 79.9998019, 29.7744483 ], [ 79.9995912, 29.7737652 ], [ 80.0002797, 29.772345 ], [ 79.9990678, 29.7735767 ], [ 79.999142, 29.7757245 ], [ 79.9984179, 29.7835155 ], [ 80.0040505, 29.784811 ], [ 80.0066293, 29.7837136 ], [ 80.0070696, 29.784244 ], [ 80.0081389, 29.7841342 ], [ 80.0099211, 29.7848473 ], [ 80.0130451, 29.7846825 ], [ 80.0132547, 29.7840424 ], [ 80.0144918, 29.7843166 ], [ 80.0159384, 29.7837312 ], [ 80.0192512, 29.78406 ] ] ] } },
{ "type": "Feature", "properties": { "gp_code": "", "gp_name": "", "blkname": "BAGESHWAR", "dtname": "Bageshwar", "SHAPE_Area": 126232.96437079458 }, "geometry": { "type": "Polygon", "coordinates": [ [ [ 79.9920125, 29.7653096 ], [ 79.9898352, 29.7642046 ], [ 79.9863582, 29.7630811 ], [ 79.9877118, 29.7651327 ], [ 79.9897638, 29.7665502 ], [ 79.9907898, 29.7668487 ], [ 79.9920125, 29.7653096 ] ] ] } },
{ "type": "Feature", "properties": { "gp_code": "", "gp_name": "", "blkname": "BAGESHWAR", "dtname": "Bageshwar", "SHAPE_Area": 2088694.864791808 }, "geometry": { "type": "Polygon", "coordinates": [ [ [ 79.9869409, 29.7783367 ], [ 79.9882094, 29.778113 ], [ 79.9896632, 29.7771309 ], [ 79.9920433, 29.7772181 ], [ 79.9931407, 29.7768824 ], [ 79.9940814, 29.77641 ], [ 79.9962221, 29.7739605 ], [ 79.9984176, 29.7727154 ], [ 80.0002797, 29.772345 ], [ 79.9993139, 29.7707762 ], [ 79.9989132, 29.7692839 ], [ 79.9984192, 29.7642973 ], [ 79.9960986, 29.7651611 ], [ 79.9941706, 29.7654479 ], [ 79.9920125, 29.7653096 ], [ 79.9888657, 29.7696834 ], [ 79.9880106, 29.7702801 ], [ 79.9871316, 29.7702314 ], [ 79.9862149, 29.7706032 ], [ 79.9847184, 29.7715978 ], [ 79.984533, 29.7728784 ], [ 79.9819245, 29.775974 ], [ 79.9815253, 29.7769686 ], [ 79.9829664, 29.77851 ], [ 79.9834917, 29.7797538 ], [ 79.9855583, 29.7794307 ], [ 79.9869409, 29.7783367 ] ] ] } },
{ "type": "Feature", "properties": { "gp_code": "21809", "gp_name": "KUCHOLI", "blkname": "BAGESHWAR", "dtname": "Bageshwar", "SHAPE_Area": 976973.978072186 }, "geometry": { "type": "Polygon", "coordinates": [ [ [ 79.9984179, 29.7835155 ], [ 79.999142, 29.7757245 ], [ 79.9988872, 29.7740794 ], [ 80.0002797, 29.772345 ], [ 79.9984176, 29.7727154 ], [ 79.9962221, 29.7739605 ], [ 79.9940814, 29.77641 ], [ 79.9931407, 29.7768824 ], [ 79.9920433, 29.7772181 ], [ 79.9896632, 29.7771309 ], [ 79.988865, 29.7778022 ], [ 79.9892213, 29.7783742 ], [ 79.9891071, 29.7807613 ], [ 79.9894918, 29.7818803 ], [ 79.9901617, 29.7817063 ], [ 79.9928554, 29.7826265 ], [ 79.9956916, 29.7827136 ], [ 79.9972943, 29.7834948 ], [ 79.9984179, 29.7835155 ] ] ] } },
{ "type": "Feature", "properties": { "gp_code": "21853", "gp_name": "RAWATSERA", "blkname": "BAGESHWAR", "dtname": "Bageshwar", "SHAPE_Area": 214848.16158821102 }, "geometry": { "type": "Polygon", "coordinates": [ [ [ 79.9892213, 29.7783742 ], [ 79.988865, 29.7778022 ], [ 79.9876678, 29.7780632 ], [ 79.9855583, 29.7794307 ], [ 79.9843142, 29.7797539 ], [ 79.9854014, 29.7806491 ], [ 79.9859856, 29.7818054 ], [ 79.9866697, 29.7823401 ], [ 79.9880522, 29.7825516 ], [ 79.9894918, 29.7818803 ], [ 79.9891071, 29.7807613 ], [ 79.9892213, 29.7783742 ] ] ] } },
{ "type": "Feature", "properties": { "gp_code": "", "gp_name": "", "blkname": "BAGESHWAR", "dtname": "Bageshwar", "SHAPE_Area": 381230.55769162043 }, "geometry": { "type": "Polygon", "coordinates": [ [ [ 79.9834917, 29.7797538 ], [ 79.9829664, 29.77851 ], [ 79.9815253, 29.7769686 ], [ 79.9819245, 29.775974 ], [ 79.9789746, 29.7746308 ], [ 79.9778199, 29.7759362 ], [ 79.9767795, 29.7761225 ], [ 79.9763234, 29.7766322 ], [ 79.9774348, 29.7780373 ], [ 79.9788342, 29.7791247 ], [ 79.9793094, 29.7813101 ], [ 79.9819665, 29.7810591 ], [ 79.9827932, 29.780624 ], [ 79.9834917, 29.7797538 ] ] ] } },
{ "type": "Feature", "properties": { "gp_code": "21765", "gp_name": "DHARI-2", "blkname": "BAGESHWAR", "dtname": "Bageshwar", "SHAPE_Area": 927866.40056658885 }, "geometry": { "type": "Polygon", "coordinates": [ [ [ 79.9654043, 29.7840652 ], [ 79.9664164, 29.7832946 ], [ 79.9683237, 29.784094 ], [ 79.9707065, 29.7833824 ], [ 79.9718324, 29.7835691 ], [ 79.9741558, 29.7825251 ], [ 79.9751392, 29.7827366 ], [ 79.9756509, 29.7822351 ], [ 79.9793094, 29.7813101 ], [ 79.9788342, 29.7791247 ], [ 79.9774348, 29.7780373 ], [ 79.9763234, 29.7766322 ], [ 79.973017, 29.7763209 ], [ 79.9717485, 29.7766563 ], [ 79.9717768, 29.7772656 ], [ 79.9712778, 29.7782353 ], [ 79.9700375, 29.7794908 ], [ 79.9692964, 29.7797144 ], [ 79.9672726, 29.7795027 ], [ 79.9653481, 29.781131 ], [ 79.9652764, 29.7825483 ], [ 79.9646488, 29.7841396 ], [ 79.9654043, 29.7840652 ] ] ] } },
{ "type": "Feature", "properties": { "gp_code": "21823", "gp_name": "MAUUDIYAR", "blkname": "BAGESHWAR", "dtname": "Bageshwar", "SHAPE_Area": 252208.67084137438 }, "geometry": { "type": "Polygon", "coordinates": [ [ [ 79.9717485, 29.7766563 ], [ 79.973017, 29.7763209 ], [ 79.9763234, 29.7766322 ], [ 79.9767795, 29.7761225 ], [ 79.9778199, 29.7759362 ], [ 79.9789746, 29.7746308 ], [ 79.9772362, 29.7728029 ], [ 79.9771509, 29.7716964 ], [ 79.9752405, 29.7753141 ], [ 79.974015, 29.7744934 ], [ 79.9715637, 29.7742816 ], [ 79.9705516, 29.7754626 ], [ 79.9717485, 29.7766563 ] ] ] } },
{ "type": "Feature", "properties": { "gp_code": "21765", "gp_name": "DHARI-2", "blkname": "BAGESHWAR", "dtname": "Bageshwar", "SHAPE_Area": 1458217.1962241812 }, "geometry": { "type": "Polygon", "coordinates": [ [ [ 79.9698824, 29.7729012 ], [ 79.9729609, 29.7721309 ], [ 79.9746429, 29.7704278 ], [ 79.9749993, 29.769657 ], [ 79.9746431, 29.7691969 ], [ 79.9760683, 29.7689858 ], [ 79.9788187, 29.7692099 ], [ 79.9796878, 29.7705653 ], [ 79.9818256, 29.7697449 ], [ 79.9825097, 29.7698942 ], [ 79.9847184, 29.7715978 ], [ 79.9862149, 29.7706032 ], [ 79.9871316, 29.7702314 ], [ 79.9880106, 29.7702801 ], [ 79.9888657, 29.7696834 ], [ 79.9907185, 29.7674206 ], [ 79.9907898, 29.7668487 ], [ 79.9897638, 29.7665502 ], [ 79.9877118, 29.7651327 ], [ 79.9863582, 29.7630811 ], [ 79.9855599, 29.7654434 ], [ 79.9848759, 29.765692 ], [ 79.9808287, 29.7655299 ], [ 79.979788, 29.767917 ], [ 79.9784199, 29.7681157 ], [ 79.9760306, 29.7665747 ], [ 79.9715354, 29.7672372 ], [ 79.9716935, 29.7678163 ], [ 79.9706185, 29.7670826 ], [ 79.9670763, 29.7670322 ], [ 79.9660932, 29.7663481 ], [ 79.9658936, 29.7666092 ], [ 79.966149, 29.770849 ], [ 79.9686568, 29.7723912 ], [ 79.9698824, 29.7729012 ] ] ] } },
{ "type": "Feature", "properties": { "gp_code": "", "gp_name": "", "blkname": "BAGESHWAR", "dtname": "Bageshwar", "SHAPE_Area": 157175.06722892617 }, "geometry": { "type": "Polygon", "coordinates": [ [ [ 79.9771509, 29.7716964 ], [ 79.9794314, 29.7698317 ], [ 79.9788187, 29.7692099 ], [ 79.9760683, 29.7689858 ], [ 79.9746431, 29.7691969 ], [ 79.9749993, 29.769657 ], [ 79.9746429, 29.7704278 ], [ 79.9729609, 29.7721309 ], [ 79.9743288, 29.7728647 ], [ 79.9749988, 29.7721063 ], [ 79.9750845, 29.7713106 ], [ 79.9757686, 29.7709502 ], [ 79.977151, 29.7710871 ], [ 79.9771509, 29.7716964 ] ] ] } },
{ "type": "Feature", "properties": { "gp_code": "", "gp_name": "", "blkname": "BAGESHWAR", "dtname": "Bageshwar", "SHAPE_Area": 433905.11660368543 }, "geometry": { "type": "Polygon", "coordinates": [ [ [ 79.9847184, 29.7715978 ], [ 79.9825097, 29.7698942 ], [ 79.9818256, 29.7697449 ], [ 79.9799301, 29.7705777 ], [ 79.9794314, 29.7698317 ], [ 79.9771509, 29.7716964 ], [ 79.9772362, 29.7728029 ], [ 79.9789746, 29.7746308 ], [ 79.9819245, 29.775974 ], [ 79.984533, 29.7728784 ], [ 79.9847184, 29.7715978 ] ] ] } },
{ "type": "Feature", "properties": { "gp_code": "21764", "gp_name": "DHARI-1", "blkname": "BAGESHWAR", "dtname": "Bageshwar", "SHAPE_Area": 438815.52526212664 }, "geometry": { "type": "Polygon", "coordinates": [ [ [ 79.9760306, 29.7665747 ], [ 79.9734474, 29.7626568 ], [ 79.9726352, 29.7623334 ], [ 79.9703112, 29.7626861 ], [ 79.9660932, 29.7663481 ], [ 79.9670763, 29.7670322 ], [ 79.9706185, 29.7670826 ], [ 79.9716935, 29.7678163 ], [ 79.9715354, 29.7672372 ], [ 79.9760306, 29.7665747 ] ] ] } },
{ "type": "Feature", "properties": { "gp_code": "21817", "gp_name": "DIGOLI", "blkname": "BAGESHWAR", "dtname": "Bageshwar", "SHAPE_Area": 2389209.4462403203 }, "geometry": { "type": "Polygon", "coordinates": [ [ [ 79.9577535, 29.775124 ], [ 79.9592072, 29.775199 ], [ 79.9607744, 29.7767411 ], [ 79.9614727, 29.7768532 ], [ 79.9618861, 29.7765922 ], [ 79.9627469, 29.7745556 ], [ 79.9646803, 29.7737207 ], [ 79.9647375, 29.7728877 ], [ 79.9626419, 29.7698917 ], [ 79.9639552, 29.7676656 ], [ 79.9640021, 29.7664477 ], [ 79.9635801, 29.7659426 ], [ 79.9607637, 29.7655512 ], [ 79.9577001, 29.7644687 ], [ 79.955876, 29.7653446 ], [ 79.9546929, 29.7653134 ], [ 79.9533866, 29.7646005 ], [ 79.9527693, 29.7646787 ], [ 79.9496614, 29.7679353 ], [ 79.9470676, 29.7682454 ], [ 79.9477655, 29.7690786 ], [ 79.9472377, 29.7702099 ], [ 79.9473372, 29.7709808 ], [ 79.9487993, 29.7725715 ], [ 79.9488183, 29.7733933 ], [ 79.950557, 29.773456 ], [ 79.9509132, 29.7737421 ], [ 79.9506849, 29.7743885 ], [ 79.9520037, 29.7753096 ], [ 79.9523086, 29.7769378 ], [ 79.9544268, 29.7799946 ], [ 79.9559987, 29.780246 ], [ 79.9566118, 29.7796867 ], [ 79.9577535, 29.775124 ] ] ] } },
{ "type": "Feature", "properties": { "gp_code": "21737", "gp_name": "BHAITA", "blkname": "BAGESHWAR", "dtname": "Bageshwar", "SHAPE_Area": 1854189.5906497138 }, "geometry": { "type": "Polygon", "coordinates": [ [ [ 79.9646488, 29.7841396 ], [ 79.9652764, 29.7825483 ], [ 79.9653481, 29.781131 ], [ 79.9644077, 29.780161 ], [ 79.9637379, 29.7799122 ], [ 79.9615715, 29.7800858 ], [ 79.9588202, 29.7816268 ], [ 79.956711, 29.7812284 ], [ 79.958308, 29.7866034 ], [ 79.9575356, 29.7870845 ], [ 79.9559963, 29.7871711 ], [ 79.9542711, 29.7885507 ], [ 79.9526935, 29.7877709 ], [ 79.9512494, 29.7884006 ], [ 79.9493687, 29.788055 ], [ 79.9488125, 29.787542 ], [ 79.9467593, 29.7892571 ], [ 79.9465309, 29.7900154 ], [ 79.9457038, 29.790873 ], [ 79.9468012, 29.7911096 ], [ 79.9476846, 29.7918434 ], [ 79.949009, 29.7948277 ], [ 79.9487806, 29.7957476 ], [ 79.949151, 29.7961829 ], [ 79.950505, 29.7966309 ], [ 79.9516593, 29.7974642 ], [ 79.953784, 29.7952518 ], [ 79.9538844, 29.7935859 ], [ 79.956949, 29.7936986 ], [ 79.9581461, 29.7943205 ], [ 79.9593584, 29.7920705 ], [ 79.9613115, 29.7910515 ], [ 79.9606714, 29.7902882 ], [ 79.9599698, 29.7867267 ], [ 79.9593175, 29.7863266 ], [ 79.9596883, 29.7858667 ], [ 79.9607574, 29.7854566 ], [ 79.9624677, 29.7854197 ], [ 79.9637792, 29.7849724 ], [ 79.9646488, 29.7841396 ] ] ] } },
{ "type": "Feature", "properties": { "gp_code": "21853", "gp_name": "RAWATSERA", "blkname": "BAGESHWAR", "dtname": "Bageshwar", "SHAPE_Area": 238629.68774358227 }, "geometry": { "type": "Polygon", "coordinates": [ [ [ 79.9642489, 29.7869991 ], [ 79.9646488, 29.7841396 ], [ 79.9637792, 29.7849724 ], [ 79.9624677, 29.7854197 ], [ 79.9607574, 29.7854566 ], [ 79.9596883, 29.7858667 ], [ 79.9593175, 29.7863266 ], [ 79.9599698, 29.7867267 ], [ 79.9606714, 29.7902882 ], [ 79.9613115, 29.7910515 ], [ 79.9642489, 29.7869991 ] ] ] } },
{ "type": "Feature", "properties": { "gp_code": "21737", "gp_name": "BHAITA", "blkname": "BAGESHWAR", "dtname": "Bageshwar", "SHAPE_Area": 126185.91077938686 }, "geometry": { "type": "Polygon", "coordinates": [ [ [ 79.9646488, 29.7841396 ], [ 79.9642489, 29.7869991 ], [ 79.9651845, 29.7863405 ], [ 79.9659027, 29.7863406 ], [ 79.9674796, 29.7855647 ], [ 79.9682448, 29.7847478 ], [ 79.9683237, 29.784094 ], [ 79.9664164, 29.7832946 ], [ 79.9654043, 29.7840652 ], [ 79.9646488, 29.7841396 ] ] ] } },
{ "type": "Feature", "properties": { "gp_code": "21853", "gp_name": "RAWATSERA", "blkname": "BAGESHWAR", "dtname": "Bageshwar", "SHAPE_Area": 231613.2919523782 }, "geometry": { "type": "Polygon", "coordinates": [ [ [ 79.9796851, 29.7872877 ], [ 79.9793094, 29.7813101 ], [ 79.9756509, 29.7822351 ], [ 79.9751392, 29.7827366 ], [ 79.9757804, 29.783607 ], [ 79.9761507, 29.7849996 ], [ 79.9796851, 29.7872877 ] ] ] } },
{ "type": "Feature", "properties": { "gp_code": "21736", "gp_name": "BHADRAKALI", "blkname": "BAGESHWAR", "dtname": "Bageshwar", "SHAPE_Area": 529866.55775360693 }, "geometry": { "type": "Polygon", "coordinates": [ [ [ 79.9777315, 29.792273 ], [ 79.9785012, 29.7922358 ], [ 79.9792423, 29.7929321 ], [ 79.9803972, 29.7908684 ], [ 79.9796851, 29.7872877 ], [ 79.9761507, 29.7849996 ], [ 79.9741541, 29.7909546 ], [ 79.974182, 29.7937271 ], [ 79.9754221, 29.7937397 ], [ 79.9777315, 29.792273 ] ] ] } },
{ "type": "Feature", "properties": { "gp_code": "21839", "gp_name": "PAITHAN", "blkname": "BAGESHWAR", "dtname": "Bageshwar", "SHAPE_Area": 1006463.983849844 }, "geometry": { "type": "Polygon", "coordinates": [ [ [ 79.9798537, 29.8027291 ], [ 79.9832178, 29.802804 ], [ 79.9835742, 29.8025492 ], [ 79.9840594, 29.7986641 ], [ 79.9844016, 29.7979057 ], [ 79.9841882, 29.7945738 ], [ 79.9835042, 29.7933056 ], [ 79.9803972, 29.7908684 ], [ 79.9792423, 29.7929321 ], [ 79.9796697, 29.7942873 ], [ 79.9793271, 29.7973582 ], [ 79.9786142, 29.7983154 ], [ 79.9767895, 29.7990984 ], [ 79.9737243, 29.8014974 ], [ 79.9721419, 29.8017831 ], [ 79.9740661, 29.8029147 ], [ 79.9759625, 29.8034156 ], [ 79.9770738, 29.8034498 ], [ 79.9798537, 29.8027291 ] ] ] } },
{ "type": "Feature", "properties": { "gp_code": "", "gp_name": "", "blkname": "BAGESHWAR", "dtname": "Bageshwar", "SHAPE_Area": 3604989.7243309328 }, "geometry": { "type": "Polygon", "coordinates": [ [ [ 79.9721419, 29.8017831 ], [ 79.9737243, 29.8014974 ], [ 79.9767895, 29.7990984 ], [ 79.9786142, 29.7983154 ], [ 79.9793271, 29.7973582 ], [ 79.9796697, 29.7942873 ], [ 79.9792423, 29.7929321 ], [ 79.9785012, 29.7922358 ], [ 79.9777315, 29.792273 ], [ 79.9754221, 29.7937397 ], [ 79.974182, 29.7937271 ], [ 79.9741541, 29.7909546 ], [ 79.9761507, 29.7849996 ], [ 79.9757804, 29.783607 ], [ 79.9751392, 29.7827366 ], [ 79.9741558, 29.7825251 ], [ 79.9718324, 29.7835691 ], [ 79.9707065, 29.7833824 ], [ 79.9683237, 29.784094 ], [ 79.9682448, 29.7847478 ], [ 79.9674796, 29.7855647 ], [ 79.9659027, 29.7863406 ], [ 79.9651845, 29.7863405 ], [ 79.9642489, 29.7869991 ], [ 79.9613115, 29.7910515 ], [ 79.9593584, 29.7920705 ], [ 79.9581461, 29.7943205 ], [ 79.9627205, 29.7979893 ], [ 79.9666475, 29.8005669 ], [ 79.9666084, 29.8013915 ], [ 79.96557, 29.8030375 ], [ 79.9704736, 29.8038466 ], [ 79.9706595, 29.801472 ], [ 79.9721419, 29.8017831 ] ] ] } },
{ "type": "Feature", "properties": { "gp_code": "", "gp_name": "", "blkname": "BAGESHWAR", "dtname": "Bageshwar", "SHAPE_Area": 940658.91869120894 }, "geometry": { "type": "Polygon", "coordinates": [ [ [ 79.9816487, 29.8101763 ], [ 79.9819859, 29.8073007 ], [ 79.9812787, 29.806086 ], [ 79.9823051, 29.8058872 ], [ 79.9824906, 29.804271 ], [ 79.9832178, 29.802804 ], [ 79.9798537, 29.8027291 ], [ 79.9770738, 29.8034498 ], [ 79.9759625, 29.8034156 ], [ 79.9740661, 29.8029147 ], [ 79.9721419, 29.8017831 ], [ 79.9706595, 29.801472 ], [ 79.9706188, 29.8034837 ], [ 79.9702026, 29.8045925 ], [ 79.9724828, 29.8073902 ], [ 79.9724257, 29.8077507 ], [ 79.9733094, 29.8083103 ], [ 79.9743202, 29.8084162 ], [ 79.9758044, 29.8072415 ], [ 79.9767025, 29.8072416 ], [ 79.977686, 29.8078136 ], [ 79.9779993, 29.8093802 ], [ 79.978598, 29.8099024 ], [ 79.9808503, 29.810487 ], [ 79.9816487, 29.8101763 ] ] ] } },
{ "type": "Feature", "properties": { "gp_code": "21731", "gp_name": "BANEGAON", "blkname": "BAGESHWAR", "dtname": "Bageshwar", "SHAPE_Area": 1722357.1561540528 }, "geometry": { "type": "Polygon", "coordinates": [ [ [ 79.9578719, 29.8041298 ], [ 79.9589409, 29.8045652 ], [ 79.9596537, 29.8044659 ], [ 79.9595839, 29.8027777 ], [ 79.9614647, 29.8024771 ], [ 79.9621916, 29.8029746 ], [ 79.9644621, 29.8032886 ], [ 79.96557, 29.8030375 ], [ 79.9666084, 29.8013915 ], [ 79.9666475, 29.8005669 ], [ 79.9627205, 29.7979893 ], [ 79.9581461, 29.7943205 ], [ 79.956949, 29.7936986 ], [ 79.9538844, 29.7935859 ], [ 79.953784, 29.7952518 ], [ 79.9532919, 29.7960411 ], [ 79.9502333, 29.7987941 ], [ 79.9498195, 29.799888 ], [ 79.9487072, 29.8007952 ], [ 79.9485501, 29.801653 ], [ 79.9487931, 29.8020983 ], [ 79.9501035, 29.8024616 ], [ 79.9510868, 29.803357 ], [ 79.95465, 29.8049246 ], [ 79.9578719, 29.8041298 ] ] ] } },
{ "type": "Feature", "properties": { "gp_code": "21736", "gp_name": "BHADRAKALI", "blkname": "BAGESHWAR", "dtname": "Bageshwar", "SHAPE_Area": 3182221.0001988825 }, "geometry": { "type": "Polygon", "coordinates": [ [ [ 79.9607253, 29.8163611 ], [ 79.9603347, 29.8145611 ], [ 79.9654385, 29.8148109 ], [ 79.9661086, 29.8145375 ], [ 79.9677342, 29.8131579 ], [ 79.9681479, 29.8122131 ], [ 79.9679774, 29.8098634 ], [ 79.968662, 29.8087197 ], [ 79.9713138, 29.8075267 ], [ 79.9724257, 29.8077507 ], [ 79.9724828, 29.8073902 ], [ 79.9702026, 29.8045925 ], [ 79.9704736, 29.8038466 ], [ 79.9673091, 29.8031249 ], [ 79.9644621, 29.8032886 ], [ 79.9621916, 29.8029746 ], [ 79.9614647, 29.8024771 ], [ 79.9595839, 29.8027777 ], [ 79.9596537, 29.8044659 ], [ 79.9589409, 29.8045652 ], [ 79.9578719, 29.8041298 ], [ 79.9542442, 29.8051418 ], [ 79.952483, 29.8071417 ], [ 79.9526379, 29.8103072 ], [ 79.9523812, 29.8106925 ], [ 79.9519393, 29.8104686 ], [ 79.9492161, 29.8113007 ], [ 79.9458519, 29.8107402 ], [ 79.9444384, 29.8108351 ], [ 79.9423737, 29.8102542 ], [ 79.9410625, 29.8094456 ], [ 79.9405339, 29.81182 ], [ 79.9399202, 29.8133116 ], [ 79.9394068, 29.8135601 ], [ 79.9401337, 29.8140203 ], [ 79.944368, 29.8135245 ], [ 79.9446102, 29.8139722 ], [ 79.9444241, 29.8157002 ], [ 79.9452366, 29.8158994 ], [ 79.9469761, 29.8154773 ], [ 79.949172, 29.8143964 ], [ 79.951895, 29.8143261 ], [ 79.9536341, 29.8148452 ], [ 79.9555685, 29.8128113 ], [ 79.9580566, 29.8134122 ], [ 79.9593275, 29.8155495 ], [ 79.9607253, 29.8163611 ] ] ] } },
{ "type": "Feature", "properties": { "gp_code": "21809", "gp_name": "KUCHOLI", "blkname": "BAGESHWAR", "dtname": "Bageshwar", "SHAPE_Area": 667710.38312526979 }, "geometry": { "type": "Polygon", "coordinates": [ [ [ 79.964367, 29.8225931 ], [ 79.9632409, 29.8218221 ], [ 79.9619436, 29.8215856 ], [ 79.960204, 29.8222814 ], [ 79.9587925, 29.8223805 ], [ 79.9574282, 29.8218749 ], [ 79.9571817, 29.8214601 ], [ 79.9565614, 29.8215332 ], [ 79.9557983, 29.8226097 ], [ 79.955741, 29.8234053 ], [ 79.9549991, 29.8249467 ], [ 79.9554552, 29.8253197 ], [ 79.9574226, 29.8256932 ], [ 79.9594753, 29.8270861 ], [ 79.9605014, 29.8283296 ], [ 79.9609976, 29.8283595 ], [ 79.9627545, 29.8272112 ], [ 79.9647508, 29.8266709 ], [ 79.9656359, 29.8227177 ], [ 79.964367, 29.8225931 ] ] ] } },
{ "type": "Feature", "properties": { "gp_code": "", "gp_name": "", "blkname": "BAGESHWAR", "dtname": "Bageshwar", "SHAPE_Area": 229591.14653179899 }, "geometry": { "type": "Polygon", "coordinates": [ [ [ 79.9716098, 29.8224951 ], [ 79.9662521, 29.8229847 ], [ 79.9656359, 29.8227177 ], [ 79.9647508, 29.8266709 ], [ 79.9659895, 29.8269571 ], [ 79.9704597, 29.8239322 ], [ 79.9716098, 29.8224951 ] ] ] } },
{ "type": "Feature", "properties": { "gp_code": "21815", "gp_name": "MALSUNA", "blkname": "BAGESHWAR", "dtname": "Bageshwar", "SHAPE_Area": 5405396.7623234298 }, "geometry": { "type": "Polygon", "coordinates": [ [ [ 79.9750342, 29.8351897 ], [ 79.9762385, 29.8331483 ], [ 79.9767277, 29.8304848 ], [ 79.9772829, 29.8296567 ], [ 79.978666, 29.8289234 ], [ 79.9809472, 29.8300302 ], [ 79.9815318, 29.8294957 ], [ 79.981204, 29.8289238 ], [ 79.982516, 29.826711 ], [ 79.9819888, 29.8243738 ], [ 79.9807914, 29.8226332 ], [ 79.9806634, 29.8207062 ], [ 79.9798825, 29.8197388 ], [ 79.9810204, 29.8168399 ], [ 79.9820186, 29.8157335 ], [ 79.9821291, 29.813052 ], [ 79.9812494, 29.8111335 ], [ 79.9814206, 29.8105368 ], [ 79.9817912, 29.8104622 ], [ 79.9816487, 29.8101763 ], [ 79.9808503, 29.810487 ], [ 79.978598, 29.8099024 ], [ 79.9779993, 29.8093802 ], [ 79.977686, 29.8078136 ], [ 79.9767025, 29.8072416 ], [ 79.9758044, 29.8072415 ], [ 79.9743202, 29.8084162 ], [ 79.9713138, 29.8075267 ], [ 79.968662, 29.8087197 ], [ 79.9679774, 29.8098634 ], [ 79.9681479, 29.8122131 ], [ 79.9677342, 29.8131579 ], [ 79.9661086, 29.8145375 ], [ 79.9654385, 29.8148109 ], [ 79.9603347, 29.8145611 ], [ 79.9607253, 29.8163611 ], [ 79.96069, 29.8182659 ], [ 79.96193, 29.8191986 ], [ 79.9636835, 29.8197958 ], [ 79.9634818, 29.8201191 ], [ 79.9594062, 29.820205 ], [ 79.9571817, 29.8214601 ], [ 79.9574282, 29.8218749 ], [ 79.9587925, 29.8223805 ], [ 79.960204, 29.8222814 ], [ 79.9619436, 29.8215856 ], [ 79.9632409, 29.8218221 ], [ 79.964367, 29.8225931 ], [ 79.9662521, 29.8229847 ], [ 79.9716098, 29.8224951 ], [ 79.9704597, 29.8239322 ], [ 79.9659895, 29.8269571 ], [ 79.9667324, 29.8274794 ], [ 79.96706, 29.8288469 ], [ 79.9669309, 29.8316441 ], [ 79.9708465, 29.8335474 ], [ 79.9714502, 29.8343426 ], [ 79.9737294, 29.8339872 ], [ 79.9740739, 29.834082 ], [ 79.974701, 29.8352755 ], [ 79.9750342, 29.8351897 ] ] ] } },
{ "type": "Feature", "properties": { "gp_code": "", "gp_name": "", "blkname": "BAGESHWAR", "dtname": "Bageshwar", "SHAPE_Area": 30475125.405006066 }, "geometry": { "type": "Polygon", "coordinates": [ [ [ 80.0117263, 29.8319787 ], [ 80.0185636, 29.8294635 ], [ 80.0196961, 29.8286221 ], [ 80.0203776, 29.8276528 ], [ 80.020325, 29.8264092 ], [ 80.0176396, 29.8217096 ], [ 80.0164755, 29.8204204 ], [ 80.0177435, 29.8152265 ], [ 80.0188024, 29.8139919 ], [ 80.0188124, 29.8107366 ], [ 80.0189592, 29.8105262 ], [ 80.0220316, 29.8115134 ], [ 80.0233213, 29.8114401 ], [ 80.0253094, 29.8101733 ], [ 80.0283286, 29.8075576 ], [ 80.0297334, 29.8068441 ], [ 80.032449, 29.806496 ], [ 80.0331508, 29.8037709 ], [ 80.0328666, 29.7998846 ], [ 80.0340405, 29.7983939 ], [ 80.0337256, 29.7972234 ], [ 80.0338826, 29.7961261 ], [ 80.0346898, 29.7958241 ], [ 80.0351142, 29.795248 ], [ 80.038663, 29.7949728 ], [ 80.0386668, 29.7902245 ], [ 80.0399245, 29.7892275 ], [ 80.0402491, 29.7879746 ], [ 80.0400916, 29.7873711 ], [ 80.0386446, 29.7863472 ], [ 80.0380781, 29.7851129 ], [ 80.0359603, 29.7847659 ], [ 80.0343872, 29.7825623 ], [ 80.0331291, 29.7822151 ], [ 80.0273425, 29.7822711 ], [ 80.0265249, 29.7828199 ], [ 80.0264846, 29.7840041 ], [ 80.0277846, 29.7844063 ], [ 80.0269463, 29.7860524 ], [ 80.0258771, 29.7864916 ], [ 80.0237802, 29.7856506 ], [ 80.0221025, 29.7837853 ], [ 80.0207187, 29.7832734 ], [ 80.0200897, 29.7833467 ], [ 80.0190625, 29.7844076 ], [ 80.016295, 29.7848834 ], [ 80.0146388, 29.7860541 ], [ 80.0141357, 29.78706 ], [ 80.0145762, 29.7889072 ], [ 80.0149327, 29.7891906 ], [ 80.0178682, 29.7899219 ], [ 80.0189587, 29.7906899 ], [ 80.0198183, 29.7907081 ], [ 80.02245, 29.7918599 ], [ 80.0226707, 29.7947861 ], [ 80.0215807, 29.7965694 ], [ 80.022535, 29.7977764 ], [ 80.0221157, 29.7986086 ], [ 80.0195364, 29.7979139 ], [ 80.0156258, 29.7982527 ], [ 80.0130882, 29.7953907 ], [ 80.0108656, 29.7954366 ], [ 80.0089995, 29.7964426 ], [ 80.0088737, 29.7970096 ], [ 80.0094714, 29.7979332 ], [ 80.0115999, 29.7997253 ], [ 80.0117782, 29.8006214 ], [ 80.0112226, 29.8009141 ], [ 80.0094925, 29.7994511 ], [ 80.0078359, 29.7996981 ], [ 80.007448, 29.7986831 ], [ 80.0038202, 29.7957753 ], [ 80.0022686, 29.7963057 ], [ 80.0014298, 29.7962692 ], [ 79.9984173, 29.8008543 ], [ 79.9980573, 29.8022951 ], [ 79.9974823, 29.8024014 ], [ 79.9969027, 29.8031281 ], [ 79.9960331, 29.8031529 ], [ 79.9965035, 29.8042594 ], [ 79.9963752, 29.8054156 ], [ 79.9950779, 29.806808 ], [ 79.9927969, 29.808275 ], [ 79.9933671, 29.8086355 ], [ 79.9934824, 29.8095908 ], [ 79.9951063, 29.8083248 ], [ 79.9991127, 29.8129336 ], [ 80.0004864, 29.8138902 ], [ 80.0018915, 29.813753 ], [ 80.0034329, 29.814329 ], [ 80.0042299, 29.8159932 ], [ 80.0049954, 29.8165601 ], [ 80.0054987, 29.8167064 ], [ 80.0063795, 29.8162675 ], [ 80.0067569, 29.8151062 ], [ 80.0084556, 29.8150512 ], [ 80.0090324, 29.8155267 ], [ 80.0086236, 29.8170446 ], [ 80.0063063, 29.8189192 ], [ 80.0054465, 29.8208578 ], [ 80.0049222, 29.8207572 ], [ 80.0047858, 29.8197057 ], [ 80.0045027, 29.8195868 ], [ 80.001965, 29.8200349 ], [ 80.0003081, 29.8188554 ], [ 79.9991232, 29.8185353 ], [ 79.9984172, 29.8166844 ], [ 79.9978025, 29.8222256 ], [ 79.9971878, 29.8228391 ], [ 79.9959515, 29.8229344 ], [ 79.9947209, 29.8220002 ], [ 79.9933381, 29.8179721 ], [ 79.9923973, 29.8163062 ], [ 79.9897172, 29.8148515 ], [ 79.9874647, 29.8145281 ], [ 79.9860534, 29.8139437 ], [ 79.9838298, 29.8103505 ], [ 79.9824471, 29.8095423 ], [ 79.9818626, 29.8095422 ], [ 79.9816487, 29.8101763 ], [ 79.9833877, 29.8122278 ], [ 79.9836299, 29.8132472 ], [ 79.9831015, 29.8196622 ], [ 79.9835577, 29.8202962 ], [ 79.9842135, 29.8204704 ], [ 79.9874072, 29.8186555 ], [ 79.988505, 29.8193145 ], [ 79.9901169, 29.8210192 ], [ 79.9888632, 29.8265375 ], [ 79.9863365, 29.8323181 ], [ 79.9850235, 29.8321294 ], [ 79.9824015, 29.8296325 ], [ 79.9815318, 29.8294957 ], [ 79.9809472, 29.8300302 ], [ 79.978666, 29.8289234 ], [ 79.9772829, 29.8296567 ], [ 79.9767277, 29.8304848 ], [ 79.9762385, 29.8331483 ], [ 79.9750342, 29.8351897 ], [ 79.974701, 29.8352755 ], [ 79.9740739, 29.834082 ], [ 79.9714502, 29.8343426 ], [ 79.9708465, 29.8335474 ], [ 79.9669309, 29.8316441 ], [ 79.96706, 29.8288469 ], [ 79.9667324, 29.8274794 ], [ 79.9659895, 29.8269571 ], [ 79.9647508, 29.8266709 ], [ 79.9627545, 29.8272112 ], [ 79.9609976, 29.8283595 ], [ 79.9605014, 29.8283296 ], [ 79.9594753, 29.8270861 ], [ 79.9574226, 29.8256932 ], [ 79.9554552, 29.8253197 ], [ 79.9549991, 29.8249467 ], [ 79.955199, 29.8241759 ], [ 79.9565614, 29.8215332 ], [ 79.9583367, 29.8209382 ], [ 79.9594062, 29.820205 ], [ 79.9634818, 29.8201191 ], [ 79.9636835, 29.8197958 ], [ 79.96193, 29.8191986 ], [ 79.96069, 29.8182659 ], [ 79.9607253, 29.8163611 ], [ 79.9593275, 29.8155495 ], [ 79.9580566, 29.8134122 ], [ 79.9555685, 29.8128113 ], [ 79.9536341, 29.8148452 ], [ 79.9528638, 29.8161628 ], [ 79.9528774, 29.8178287 ], [ 79.9556997, 29.8192219 ], [ 79.9561273, 29.8197815 ], [ 79.9559275, 29.8202663 ], [ 79.9514786, 29.8220925 ], [ 79.9484544, 29.8260325 ], [ 79.9478885, 29.826133 ], [ 79.9457459, 29.8248755 ], [ 79.9437213, 29.8249369 ], [ 79.9431369, 29.8246259 ], [ 79.9425102, 29.8231463 ], [ 79.941242, 29.8216789 ], [ 79.9393322, 29.8203977 ], [ 79.9387195, 29.8196142 ], [ 79.9387677, 29.8188911 ], [ 79.9402172, 29.8181727 ], [ 79.9411301, 29.8172406 ], [ 79.9441388, 29.8160358 ], [ 79.9444241, 29.8157002 ], [ 79.9446102, 29.8139722 ], [ 79.944368, 29.8135245 ], [ 79.9401337, 29.8140203 ], [ 79.9394068, 29.8135601 ], [ 79.935002, 29.8129243 ], [ 79.931309, 29.814079 ], [ 79.9301114, 29.8140536 ], [ 79.9293555, 29.8146873 ], [ 79.9294533, 29.8180938 ], [ 79.9324471, 29.8184307 ], [ 79.9355275, 29.8167412 ], [ 79.9367243, 29.8182087 ], [ 79.9368663, 29.8192654 ], [ 79.934527, 29.8214277 ], [ 79.9320886, 29.8221353 ], [ 79.9284317, 29.8221376 ], [ 79.9291228, 29.8227059 ], [ 79.9299488, 29.8244094 ], [ 79.9318015, 29.8257529 ], [ 79.9325564, 29.8272202 ], [ 79.9362207, 29.8270849 ], [ 79.9374038, 29.8277691 ], [ 79.9384605, 29.8301718 ], [ 79.9408655, 29.8338122 ], [ 79.9434879, 29.8365233 ], [ 79.9445706, 29.8386743 ], [ 79.942829, 29.8429688 ], [ 79.9428854, 29.8444482 ], [ 79.9432703, 29.8446721 ], [ 79.9441259, 29.8444983 ], [ 79.9480489, 29.8409442 ], [ 79.9486792, 29.8387318 ], [ 79.9468621, 29.8367304 ], [ 79.9464683, 29.8358965 ], [ 79.9466111, 29.8353744 ], [ 79.9473813, 29.8349644 ], [ 79.9483933, 29.8356609 ], [ 79.9487213, 29.8355864 ], [ 79.9488356, 29.8351389 ], [ 79.95156, 29.8326658 ], [ 79.95377, 29.8328778 ], [ 79.9553949, 29.8343079 ], [ 79.955665, 29.8365581 ], [ 79.9549801, 29.8379006 ], [ 79.9550511, 29.8386465 ], [ 79.9576741, 29.8406859 ], [ 79.9590714, 29.8413203 ], [ 79.9605258, 29.8412709 ], [ 79.9620942, 29.8417686 ], [ 79.9632065, 29.8416569 ], [ 79.9658022, 29.8398798 ], [ 79.9667749, 29.8396028 ], [ 79.9698142, 29.8400232 ], [ 79.9740579, 29.8423179 ], [ 79.9750275, 29.842318 ], [ 79.9760155, 29.841622 ], [ 79.9768529, 29.8416221 ], [ 79.9780589, 29.8421258 ], [ 79.9792308, 29.843233 ], [ 79.9798169, 29.8431053 ], [ 79.9813313, 29.8409341 ], [ 79.9855799, 29.8431485 ], [ 79.9890962, 29.8439578 ], [ 79.9900241, 29.8446391 ], [ 79.9925149, 29.8452353 ], [ 79.9935406, 29.845065 ], [ 79.9939313, 29.8446818 ], [ 79.9946397, 29.8382314 ], [ 79.9976431, 29.836045 ], [ 79.9980828, 29.8352297 ], [ 80.0021134, 29.8355484 ], [ 80.0065352, 29.8335792 ], [ 80.0087794, 29.8321435 ], [ 80.0117263, 29.8319787 ] ] ] } },
{ "type": "Feature", "properties": { "gp_code": "", "gp_name": "", "blkname": "BAGESHWAR", "dtname": "Bageshwar", "SHAPE_Area": 1466884.8309745803 }, "geometry": { "type": "Polygon", "coordinates": [ [ [ 79.9817912, 29.8104622 ], [ 79.9814206, 29.8105368 ], [ 79.9812494, 29.8111335 ], [ 79.9821291, 29.813052 ], [ 79.9820186, 29.8157335 ], [ 79.9810204, 29.8168399 ], [ 79.9798825, 29.8197388 ], [ 79.9806634, 29.8207062 ], [ 79.9807914, 29.8226332 ], [ 79.9819888, 29.8243738 ], [ 79.9824164, 29.8255797 ], [ 79.982516, 29.826711 ], [ 79.981204, 29.8289238 ], [ 79.9815318, 29.8294957 ], [ 79.9824015, 29.8296325 ], [ 79.9850235, 29.8321294 ], [ 79.9863365, 29.8323181 ], [ 79.9888632, 29.8265375 ], [ 79.9901169, 29.8210192 ], [ 79.988505, 29.8193145 ], [ 79.9874072, 29.8186555 ], [ 79.9842135, 29.8204704 ], [ 79.9835577, 29.8202962 ], [ 79.9831015, 29.8196622 ], [ 79.9830161, 29.8185557 ], [ 79.9836299, 29.8132472 ], [ 79.9833877, 29.8122278 ], [ 79.9817912, 29.8104622 ] ] ] } },
{ "type": "Feature", "properties": { "gp_code": "", "gp_name": "", "blkname": "BAGESHWAR", "dtname": "Bageshwar", "SHAPE_Area": 420196.66578684072 }, "geometry": { "type": "Polygon", "coordinates": [ [ [ 79.9984172, 29.8166844 ], [ 79.9962609, 29.8154485 ], [ 79.9949311, 29.8151324 ], [ 79.9946071, 29.8151501 ], [ 79.9942221, 29.8169652 ], [ 79.9937231, 29.817077 ], [ 79.9923973, 29.8163062 ], [ 79.9933381, 29.8179721 ], [ 79.9947209, 29.8220002 ], [ 79.9959515, 29.8229344 ], [ 79.9971878, 29.8228391 ], [ 79.9978025, 29.8222256 ], [ 79.9984172, 29.8166844 ] ] ] } },
{ "type": "Feature", "properties": { "gp_code": "21870", "gp_name": "TAKNAR", "blkname": "BAGESHWAR", "dtname": "Bageshwar", "SHAPE_Area": 1183779.4813667743 }, "geometry": { "type": "Polygon", "coordinates": [ [ [ 79.9927969, 29.808275 ], [ 79.9916707, 29.8084738 ], [ 79.9915139, 29.8088219 ], [ 79.9926542, 29.8110349 ], [ 79.9926542, 29.8117436 ], [ 79.9938374, 29.8128501 ], [ 79.9931244, 29.8155354 ], [ 79.9923973, 29.8163062 ], [ 79.9933097, 29.816903 ], [ 79.9942221, 29.8169652 ], [ 79.9946071, 29.8151501 ], [ 79.9962609, 29.8154485 ], [ 79.9984172, 29.8166844 ], [ 79.9991232, 29.8185353 ], [ 80.0003081, 29.8188554 ], [ 80.001965, 29.8200349 ], [ 80.0045027, 29.8195868 ], [ 80.0047858, 29.8197057 ], [ 80.0049222, 29.8207572 ], [ 80.0052367, 29.820867 ], [ 80.0056247, 29.8207389 ], [ 80.0056247, 29.8200714 ], [ 80.0063063, 29.8189192 ], [ 80.0086236, 29.8170446 ], [ 80.0090744, 29.815929 ], [ 80.0087912, 29.8152341 ], [ 80.0067569, 29.8151062 ], [ 80.0063795, 29.8162675 ], [ 80.0054987, 29.8167064 ], [ 80.0049954, 29.8165601 ], [ 80.0042299, 29.8159932 ], [ 80.0034329, 29.814329 ], [ 80.0018915, 29.813753 ], [ 80.0004864, 29.8138902 ], [ 79.9991127, 29.8129336 ], [ 79.9951063, 29.8083248 ], [ 79.9934824, 29.8095908 ], [ 79.9933671, 29.8086355 ], [ 79.9927969, 29.808275 ] ] ] } },
{ "type": "Feature", "properties": { "gp_code": "22054", "gp_name": "PATHKURA", "blkname": "KAPKOTE", "dtname": "Bageshwar", "SHAPE_Area": 921136.8918285598 }, "geometry": { "type": "Polygon", "coordinates": [ [ [ 79.9983714, 29.8754034 ], [ 80.0001668, 29.8743546 ], [ 79.998356, 29.873791 ], [ 79.9966929, 29.871748 ], [ 79.9928817, 29.8687784 ], [ 79.9888855, 29.8697551 ], [ 79.9861039, 29.8731112 ], [ 79.9860894, 29.8747894 ], [ 79.9855902, 29.875386 ], [ 79.9890277, 29.8751252 ], [ 79.9903399, 29.8755977 ], [ 79.9916379, 29.8753615 ], [ 79.9929216, 29.8758588 ], [ 79.9934778, 29.8764307 ], [ 79.9983714, 29.8754034 ] ] ] } },
{ "type": "Feature", "properties": { "gp_code": "22040", "gp_name": "MAHRURI", "blkname": "KAPKOTE", "dtname": "Bageshwar", "SHAPE_Area": 6886044.1360848853 }, "geometry": { "type": "Polygon", "coordinates": [ [ [ 80.0053309, 29.8725575 ], [ 80.0057295, 29.8702168 ], [ 80.0070511, 29.8679493 ], [ 80.0065054, 29.8647675 ], [ 80.0072187, 29.8631034 ], [ 80.0074492, 29.8589341 ], [ 80.0078058, 29.8578003 ], [ 80.0076586, 29.8535029 ], [ 80.0072599, 29.8518206 ], [ 80.0066515, 29.8510343 ], [ 80.006169, 29.8507417 ], [ 80.0027916, 29.8508606 ], [ 80.0000854, 29.8515099 ], [ 79.9955917, 29.8500891 ], [ 79.9931007, 29.8501316 ], [ 79.9873373, 29.8515789 ], [ 79.9821112, 29.8514081 ], [ 79.9802063, 29.8516633 ], [ 79.9789636, 29.8523759 ], [ 79.9819703, 29.8537558 ], [ 79.9835104, 29.8548499 ], [ 79.984979, 29.8567769 ], [ 79.9847792, 29.8585296 ], [ 79.9828253, 29.8603618 ], [ 79.984479, 29.8639122 ], [ 79.9860905, 29.8652425 ], [ 79.9867518, 29.8664809 ], [ 79.9866037, 29.8673061 ], [ 79.9871232, 29.8676698 ], [ 79.9880868, 29.86932 ], [ 79.9888855, 29.8697551 ], [ 79.9928817, 29.8687784 ], [ 79.9966929, 29.871748 ], [ 79.998356, 29.873791 ], [ 80.001667, 29.875033 ], [ 80.0051292, 29.8777758 ], [ 80.0077652, 29.878482 ], [ 80.0054569, 29.8738009 ], [ 80.0053309, 29.8725575 ] ] ] } },
{ "type": "Feature", "properties": { "gp_code": "", "gp_name": "", "blkname": "KAPKOTE", "dtname": "Bageshwar", "SHAPE_Area": 360041.96322001197 }, "geometry": { "type": "Polygon", "coordinates": [ [ [ 79.9888855, 29.8697551 ], [ 79.9880868, 29.86932 ], [ 79.9871232, 29.8676698 ], [ 79.9866037, 29.8673061 ], [ 79.9859619, 29.8676044 ], [ 79.9857764, 29.868201 ], [ 79.9825388, 29.8677408 ], [ 79.9818684, 29.8686357 ], [ 79.9799714, 29.8687971 ], [ 79.9801567, 29.8693689 ], [ 79.9837792, 29.8711345 ], [ 79.9850771, 29.872154 ], [ 79.9854335, 29.8729993 ], [ 79.9861039, 29.8731112 ], [ 79.9888855, 29.8697551 ] ] ] } },
{ "type": "Feature", "properties": { "gp_code": "259942", "gp_name": "SILANGAR.", "blkname": "KAPKOTE", "dtname": "Bageshwar", "SHAPE_Area": 2136412.3711723229 }, "geometry": { "type": "Polygon", "coordinates": [ [ [ 79.9698008, 29.8741656 ], [ 79.9706709, 29.8740166 ], [ 79.9710702, 29.8744145 ], [ 79.9713127, 29.8740167 ], [ 79.9711133, 29.8730844 ], [ 79.9717409, 29.8727116 ], [ 79.972361, 29.8732082 ], [ 79.9754777, 29.8734456 ], [ 79.9769612, 29.8730729 ], [ 79.9783768, 29.873377 ], [ 79.9805858, 29.8732786 ], [ 79.9828518, 29.8736952 ], [ 79.9835791, 29.8744908 ], [ 79.9841899, 29.876003 ], [ 79.9855902, 29.875386 ], [ 79.9860894, 29.8747894 ], [ 79.9861039, 29.8731112 ], [ 79.9854335, 29.8729993 ], [ 79.9850771, 29.872154 ], [ 79.9837792, 29.8711345 ], [ 79.9801567, 29.8693689 ], [ 79.9799714, 29.8687971 ], [ 79.9818684, 29.8686357 ], [ 79.9825388, 29.8677408 ], [ 79.9857764, 29.868201 ], [ 79.9859619, 29.8676044 ], [ 79.9866037, 29.8673061 ], [ 79.9867518, 29.8664809 ], [ 79.9860905, 29.8652425 ], [ 79.984479, 29.8639122 ], [ 79.9827104, 29.865093 ], [ 79.9810845, 29.8645334 ], [ 79.9778754, 29.8652167 ], [ 79.9758322, 29.8638583 ], [ 79.9733263, 29.8627299 ], [ 79.9697173, 29.8657748 ], [ 79.9683331, 29.868671 ], [ 79.9684035, 29.872251 ], [ 79.967899, 29.8764188 ], [ 79.9691872, 29.8754335 ], [ 79.9698008, 29.8741656 ] ] ] } },
{ "type": "Feature", "properties": { "gp_code": "21997", "gp_name": "CHOUNALA", "blkname": "KAPKOTE", "dtname": "Bageshwar", "SHAPE_Area": 384924.15702771809 }, "geometry": { "type": "Polygon", "coordinates": [ [ [ 79.9778754, 29.8652167 ], [ 79.981598, 29.8645832 ], [ 79.9827104, 29.865093 ], [ 79.984479, 29.8639122 ], [ 79.9828253, 29.8603618 ], [ 79.9807521, 29.8602917 ], [ 79.9791773, 29.8617213 ], [ 79.9763355, 29.8632649 ], [ 79.9750946, 29.8635879 ], [ 79.9778754, 29.8652167 ] ] ] } },
{ "type": "Feature", "properties": { "gp_code": "243104", "gp_name": "LAMJIGRA", "blkname": "KAPKOTE", "dtname": "Bageshwar", "SHAPE_Area": 2542628.2979325652 }, "geometry": { "type": "Polygon", "coordinates": [ [ [ 79.9828253, 29.8603618 ], [ 79.9847792, 29.8585296 ], [ 79.984979, 29.8567769 ], [ 79.9843232, 29.8556207 ], [ 79.9819703, 29.8537558 ], [ 79.9789636, 29.8523759 ], [ 79.9779594, 29.8523017 ], [ 79.9768362, 29.8515777 ], [ 79.9767518, 29.8486832 ], [ 79.9760326, 29.8483091 ], [ 79.9742277, 29.8485336 ], [ 79.9734147, 29.8492918 ], [ 79.9710331, 29.8500124 ], [ 79.9690084, 29.8487813 ], [ 79.9648854, 29.8547351 ], [ 79.9676943, 29.8568738 ], [ 79.9711732, 29.8608276 ], [ 79.9741106, 29.8633018 ], [ 79.9750946, 29.8635879 ], [ 79.9763355, 29.8632649 ], [ 79.9791773, 29.8617213 ], [ 79.9807521, 29.8602917 ], [ 79.9828253, 29.8603618 ] ] ] } },
{ "type": "Feature", "properties": { "gp_code": "21761", "gp_name": "DEVTOLI", "blkname": "BAGESHWAR", "dtname": "Bageshwar", "SHAPE_Area": 3694629.859700555 }, "geometry": { "type": "Polygon", "coordinates": [ [ [ 79.9767518, 29.8486832 ], [ 79.97713, 29.8473627 ], [ 79.9768529, 29.8416221 ], [ 79.9760155, 29.841622 ], [ 79.9750275, 29.842318 ], [ 79.9740579, 29.8423179 ], [ 79.9698142, 29.8400232 ], [ 79.9667749, 29.8396028 ], [ 79.9658022, 29.8398798 ], [ 79.9632065, 29.8416569 ], [ 79.9620942, 29.8417686 ], [ 79.9605258, 29.8412709 ], [ 79.9590714, 29.8413203 ], [ 79.9576741, 29.8406859 ], [ 79.9545522, 29.8383728 ], [ 79.9506923, 29.8373469 ], [ 79.9499882, 29.8408578 ], [ 79.948419, 29.8424486 ], [ 79.9484045, 29.8429831 ], [ 79.950662, 29.8458966 ], [ 79.9505873, 29.8482044 ], [ 79.9519807, 29.8508035 ], [ 79.9535639, 29.8499462 ], [ 79.9587975, 29.8501714 ], [ 79.9605519, 29.8489287 ], [ 79.9666118, 29.8519633 ], [ 79.9690084, 29.8487813 ], [ 79.9710331, 29.8500124 ], [ 79.9734147, 29.8492918 ], [ 79.9742277, 29.8485336 ], [ 79.9760326, 29.8483091 ], [ 79.9767518, 29.8486832 ] ] ] } },
{ "type": "Feature", "properties": { "gp_code": "22067", "gp_name": "SHERI", "blkname": "KAPKOTE", "dtname": "Bageshwar", "SHAPE_Area": 1891323.2015576181 }, "geometry": { "type": "Polygon", "coordinates": [ [ [ 79.9647181, 29.8553987 ], [ 79.9666118, 29.8519633 ], [ 79.9605519, 29.8489287 ], [ 79.9587975, 29.8501714 ], [ 79.9535639, 29.8499462 ], [ 79.9463891, 29.8540712 ], [ 79.9457184, 29.8550655 ], [ 79.9449198, 29.8551647 ], [ 79.9455043, 29.8554632 ], [ 79.9481428, 29.8549917 ], [ 79.9499543, 29.8550303 ], [ 79.9512088, 29.855552 ], [ 79.9522923, 29.8563355 ], [ 79.9520201, 29.8595302 ], [ 79.9529802, 29.8606165 ], [ 79.9556842, 29.8626639 ], [ 79.9558559, 29.8610852 ], [ 79.9569119, 29.8592084 ], [ 79.9568122, 29.8588727 ], [ 79.9610483, 29.8576058 ], [ 79.9647181, 29.8553987 ] ] ] } },
{ "type": "Feature", "properties": { "gp_code": "22041", "gp_name": "MAJGAON", "blkname": "KAPKOTE", "dtname": "Bageshwar", "SHAPE_Area": 1879127.157901895 }, "geometry": { "type": "Polygon", "coordinates": [ [ [ 79.9572801, 29.8669903 ], [ 79.9587092, 29.8637084 ], [ 79.9592066, 29.8636469 ], [ 79.9605896, 29.8651265 ], [ 79.9619598, 29.8656532 ], [ 79.9689636, 29.8652263 ], [ 79.9697173, 29.8657748 ], [ 79.9733263, 29.8627299 ], [ 79.9711732, 29.8608276 ], [ 79.9676943, 29.8568738 ], [ 79.9648854, 29.8547351 ], [ 79.9647181, 29.8553987 ], [ 79.9626601, 29.856823 ], [ 79.9610483, 29.8576058 ], [ 79.9568122, 29.8588727 ], [ 79.9569119, 29.8592084 ], [ 79.9558559, 29.8610852 ], [ 79.9557981, 29.8632357 ], [ 79.9554433, 29.8641467 ], [ 79.9531154, 29.8670264 ], [ 79.9551115, 29.8689538 ], [ 79.9558679, 29.867512 ], [ 79.9572801, 29.8669903 ] ] ] } },
{ "type": "Feature", "properties": { "gp_code": "22020", "gp_name": "JAKHANI", "blkname": "KAPKOTE", "dtname": "Bageshwar", "SHAPE_Area": 1670814.4405142539 }, "geometry": { "type": "Polygon", "coordinates": [ [ [ 79.9644941, 29.8768496 ], [ 79.9651075, 29.8764892 ], [ 79.9663056, 29.876676 ], [ 79.967899, 29.8764188 ], [ 79.9684035, 29.872251 ], [ 79.9683331, 29.868671 ], [ 79.9697173, 29.8657748 ], [ 79.9689636, 29.8652263 ], [ 79.9619598, 29.8656532 ], [ 79.9605896, 29.8651265 ], [ 79.9592066, 29.8636469 ], [ 79.9587092, 29.8637084 ], [ 79.9572801, 29.8669903 ], [ 79.9558679, 29.867512 ], [ 79.9551115, 29.8689538 ], [ 79.9601741, 29.8730449 ], [ 79.9625828, 29.8767249 ], [ 79.9631385, 29.8786145 ], [ 79.9639803, 29.8778937 ], [ 79.9644941, 29.8768496 ] ] ] } },
{ "type": "Feature", "properties": { "gp_code": "22032", "gp_name": "KIRAI", "blkname": "KAPKOTE", "dtname": "Bageshwar", "SHAPE_Area": 2251829.8080950184 }, "geometry": { "type": "Polygon", "coordinates": [ [ [ 79.9604383, 29.8923619 ], [ 79.9601829, 29.8878869 ], [ 79.9603972, 29.886905 ], [ 79.9611249, 29.8863955 ], [ 79.9629079, 29.8864705 ], [ 79.9628083, 29.8856128 ], [ 79.9619241, 29.885078 ], [ 79.9626234, 29.8838103 ], [ 79.9621671, 29.8832757 ], [ 79.9613542, 29.8830145 ], [ 79.9604126, 29.883238 ], [ 79.9600557, 29.8841577 ], [ 79.9590639, 29.8843681 ], [ 79.9576308, 29.8841447 ], [ 79.9581731, 29.8833617 ], [ 79.9579736, 29.882852 ], [ 79.9571322, 29.8820935 ], [ 79.956776, 29.8809747 ], [ 79.9558631, 29.8809247 ], [ 79.9554589, 29.8795434 ], [ 79.9555074, 29.8784758 ], [ 79.9547375, 29.8775806 ], [ 79.9537248, 29.877543 ], [ 79.9530554, 29.8782655 ], [ 79.9532964, 29.8786617 ], [ 79.9519838, 29.8795066 ], [ 79.9522401, 29.8808243 ], [ 79.9514047, 29.8815254 ], [ 79.9498719, 29.8817558 ], [ 79.9492012, 29.8822529 ], [ 79.949272, 29.8837197 ], [ 79.9481305, 29.884316 ], [ 79.9469037, 29.8844772 ], [ 79.946775, 29.8852976 ], [ 79.9462755, 29.8859313 ], [ 79.9447917, 29.8863535 ], [ 79.9452907, 29.8871741 ], [ 79.9455181, 29.8889517 ], [ 79.9460456, 29.8896977 ], [ 79.9459879, 29.8910774 ], [ 79.9479131, 29.8924702 ], [ 79.9514512, 29.8918995 ], [ 79.9561154, 29.8936287 ], [ 79.9567574, 29.8932808 ], [ 79.9572574, 29.8914785 ], [ 79.9596824, 29.8915786 ], [ 79.9604383, 29.8923619 ] ] ] } },
{ "type": "Feature", "properties": { "gp_code": "22039", "gp_name": "MAHOLI", "blkname": "KAPKOTE", "dtname": "Bageshwar", "SHAPE_Area": 2582513.5397630716 }, "geometry": { "type": "Polygon", "coordinates": [ [ [ 79.9758868, 29.8970262 ], [ 79.9759583, 29.8960815 ], [ 79.9753082, 29.8955201 ], [ 79.9734769, 29.8922278 ], [ 79.9740196, 29.8894683 ], [ 79.9749045, 29.8879883 ], [ 79.9749615, 29.8870321 ], [ 79.9756358, 29.8863441 ], [ 79.9755326, 29.8846207 ], [ 79.9749227, 29.8841783 ], [ 79.9702693, 29.8834762 ], [ 79.9685149, 29.882842 ], [ 79.9655193, 29.8830278 ], [ 79.9644068, 29.8827665 ], [ 79.9636135, 29.8818914 ], [ 79.9602992, 29.881075 ], [ 79.9574416, 29.882257 ], [ 79.9581731, 29.8833617 ], [ 79.9576308, 29.8841447 ], [ 79.9590639, 29.8843681 ], [ 79.9600557, 29.8841577 ], [ 79.9604126, 29.883238 ], [ 79.9613542, 29.8830145 ], [ 79.9621671, 29.8832757 ], [ 79.9626234, 29.8838103 ], [ 79.9619241, 29.885078 ], [ 79.9628083, 29.8856128 ], [ 79.9629079, 29.8864705 ], [ 79.9611249, 29.8863955 ], [ 79.9603972, 29.886905 ], [ 79.9601829, 29.8878869 ], [ 79.9604383, 29.8923619 ], [ 79.9608232, 29.8929462 ], [ 79.9608229, 29.893953 ], [ 79.9621066, 29.894811 ], [ 79.964346, 29.8956195 ], [ 79.9654017, 29.895831 ], [ 79.9701808, 29.8956207 ], [ 79.973148, 29.8960687 ], [ 79.9755872, 29.8973245 ], [ 79.9758868, 29.8970262 ] ] ] } },
{ "type": "Feature", "properties": { "gp_code": "22021", "gp_name": "JALMANI", "blkname": "KAPKOTE", "dtname": "Bageshwar", "SHAPE_Area": 1355957.0071986471 }, "geometry": { "type": "Polygon", "coordinates": [ [ [ 79.9796838, 29.883428 ], [ 79.9762488, 29.8786284 ], [ 79.9756337, 29.8783557 ], [ 79.9731659, 29.8789396 ], [ 79.9700849, 29.8790261 ], [ 79.9696715, 29.8780937 ], [ 79.9695863, 29.8765026 ], [ 79.9710702, 29.8744145 ], [ 79.9706709, 29.8740166 ], [ 79.9698008, 29.8741656 ], [ 79.9691872, 29.8754335 ], [ 79.967899, 29.8764188 ], [ 79.9663056, 29.876676 ], [ 79.9651075, 29.8764892 ], [ 79.9644941, 29.8768496 ], [ 79.9639803, 29.8778937 ], [ 79.9625536, 29.8788381 ], [ 79.9617711, 29.8806266 ], [ 79.9602992, 29.881075 ], [ 79.9636135, 29.8818914 ], [ 79.9644068, 29.8827665 ], [ 79.9655193, 29.8830278 ], [ 79.9685149, 29.882842 ], [ 79.9702693, 29.8834762 ], [ 79.9749227, 29.8841783 ], [ 79.9780002, 29.8854042 ], [ 79.9791983, 29.8864609 ], [ 79.979494, 29.886303 ], [ 79.9795123, 29.8850936 ], [ 79.9799689, 29.8842608 ], [ 79.9796838, 29.883428 ] ] ] } },
{ "type": "Feature", "properties": { "gp_code": "22054", "gp_name": "PATHKURA", "blkname": "KAPKOTE", "dtname": "Bageshwar", "SHAPE_Area": 745015.43971705064 }, "geometry": { "type": "Polygon", "coordinates": [ [ [ 79.9789428, 29.8787913 ], [ 79.979756, 29.8776105 ], [ 79.9797562, 29.8769268 ], [ 79.9784658, 29.874894 ], [ 79.9783768, 29.873377 ], [ 79.9769612, 29.8730729 ], [ 79.9754777, 29.8734456 ], [ 79.972361, 29.8732082 ], [ 79.9717409, 29.8727116 ], [ 79.9711133, 29.8730844 ], [ 79.9713127, 29.8740167 ], [ 79.9695863, 29.8765026 ], [ 79.9696715, 29.8780937 ], [ 79.9700849, 29.8790261 ], [ 79.9731659, 29.8789396 ], [ 79.9756337, 29.8783557 ], [ 79.9762488, 29.8786284 ], [ 79.9778156, 29.8808919 ], [ 79.9787001, 29.8802953 ], [ 79.9789428, 29.8787913 ] ] ] } },
{ "type": "Feature", "properties": { "gp_code": "", "gp_name": "", "blkname": "KAPKOTE", "dtname": "Bageshwar", "SHAPE_Area": 253171.87640686272 }, "geometry": { "type": "Polygon", "coordinates": [ [ [ 79.9825232, 29.8775362 ], [ 79.9824093, 29.8763926 ], [ 79.9828944, 29.8753714 ], [ 79.9841899, 29.876003 ], [ 79.9835791, 29.8744908 ], [ 79.9828518, 29.8736952 ], [ 79.9805858, 29.8732786 ], [ 79.9783768, 29.873377 ], [ 79.9784658, 29.874894 ], [ 79.9797562, 29.8769268 ], [ 79.9800555, 29.8781575 ], [ 79.9804976, 29.8783564 ], [ 79.9815847, 29.8774954 ], [ 79.9825232, 29.8775362 ] ] ] } },
{ "type": "Feature", "properties": { "gp_code": "", "gp_name": "", "blkname": "KAPKOTE", "dtname": "Bageshwar", "SHAPE_Area": 479145.8525989906 }, "geometry": { "type": "Polygon", "coordinates": [ [ [ 79.9840107, 29.8833103 ], [ 79.9840921, 29.8784065 ], [ 79.9829648, 29.8774575 ], [ 79.9815847, 29.8774954 ], [ 79.9804976, 29.8783564 ], [ 79.979756, 29.8776105 ], [ 79.9789428, 29.8787913 ], [ 79.9787001, 29.8802953 ], [ 79.9778156, 29.8808919 ], [ 79.9796838, 29.883428 ], [ 79.9799689, 29.8842608 ], [ 79.9825079, 29.8851561 ], [ 79.9840107, 29.8833103 ] ] ] } },
{ "type": "Feature", "properties": { "gp_code": "", "gp_name": "", "blkname": "KAPKOTE", "dtname": "Bageshwar", "SHAPE_Area": 422189.46916795074 }, "geometry": { "type": "Polygon", "coordinates": [ [ [ 79.9758868, 29.8970262 ], [ 79.9755872, 29.8973245 ], [ 79.9725203, 29.8959318 ], [ 79.9734186, 29.8980202 ], [ 79.9737602, 29.901625 ], [ 79.974345, 29.9021596 ], [ 79.9789388, 29.902471 ], [ 79.9801799, 29.9029559 ], [ 79.9800995, 29.9004902 ], [ 79.978596, 29.8997502 ], [ 79.9772848, 29.897362 ], [ 79.9758868, 29.8970262 ] ] ] } },
{ "type": "Feature", "properties": { "gp_code": "", "gp_name": "", "blkname": "KAPKOTE", "dtname": "Bageshwar", "SHAPE_Area": 480157.62621698569 }, "geometry": { "type": "Polygon", "coordinates": [ [ [ 79.9763274, 29.9058267 ], [ 79.9755572, 29.9045961 ], [ 79.9740309, 29.9032534 ], [ 79.9717058, 29.90201 ], [ 79.9634172, 29.9010015 ], [ 79.9638337, 29.902551 ], [ 79.9715767, 29.9049186 ], [ 79.9736162, 29.907927 ], [ 79.9752, 29.9075046 ], [ 79.9762702, 29.9064358 ], [ 79.9763274, 29.9058267 ] ] ] } },
{ "type": "Feature", "properties": { "gp_code": "", "gp_name": "", "blkname": "KAPKOTE", "dtname": "Bageshwar", "SHAPE_Area": 178789.42727226834 }, "geometry": { "type": "Polygon", "coordinates": [ [ [ 79.9627899, 29.8995968 ], [ 79.9609215, 29.8980302 ], [ 79.9594666, 29.8973586 ], [ 79.9548733, 29.8963878 ], [ 79.9556432, 29.8976683 ], [ 79.9575259, 29.8988621 ], [ 79.9582389, 29.8997324 ], [ 79.9627899, 29.8995968 ] ] ] } },
{ "type": "Feature", "properties": { "gp_code": "", "gp_name": "", "blkname": "KAPKOTE", "dtname": "Bageshwar", "SHAPE_Area": 357356.00100823515 }, "geometry": { "type": "Polygon", "coordinates": [ [ [ 79.9608232, 29.8929462 ], [ 79.9601674, 29.8918149 ], [ 79.9596824, 29.8915786 ], [ 79.9572574, 29.8914785 ], [ 79.9567574, 29.8932808 ], [ 79.9556303, 29.8936285 ], [ 79.955062, 29.8963017 ], [ 79.9594666, 29.8973586 ], [ 79.9603369, 29.8970108 ], [ 79.960808, 29.8959792 ], [ 79.9602235, 29.8947111 ], [ 79.9608232, 29.8929462 ] ] ] } },
{ "type": "Feature", "properties": { "gp_code": "21987", "gp_name": "THARAEJAR", "blkname": "KAPKOTE", "dtname": "Bageshwar", "SHAPE_Area": 209678.28118437703 }, "geometry": { "type": "Polygon", "coordinates": [ [ [ 79.9556432, 29.8976683 ], [ 79.9548733, 29.8963878 ], [ 79.9513919, 29.897692 ], [ 79.9513172, 29.8990294 ], [ 79.9557864, 29.9001347 ], [ 79.9582389, 29.8997324 ], [ 79.9575259, 29.8988621 ], [ 79.9556432, 29.8976683 ] ] ] } },
{ "type": "Feature", "properties": { "gp_code": "259943", "gp_name": "BAFILAGAON MALLA", "blkname": "KAPKOTE", "dtname": "Bageshwar", "SHAPE_Area": 422294.68110077432 }, "geometry": { "type": "Polygon", "coordinates": [ [ [ 79.9627899, 29.8995968 ], [ 79.9582389, 29.8997324 ], [ 79.9557864, 29.9001347 ], [ 79.9579672, 29.9016839 ], [ 79.9584377, 29.9025292 ], [ 79.9586506, 29.9057984 ], [ 79.9594348, 29.9073772 ], [ 79.9602196, 29.9068926 ], [ 79.9616326, 29.9052149 ], [ 79.9624177, 29.9038105 ], [ 79.9628319, 29.9022941 ], [ 79.9627899, 29.8995968 ] ] ] } },
{ "type": "Feature", "properties": { "gp_code": "22076", "gp_name": "SURKALIGAON", "blkname": "KAPKOTE", "dtname": "Bageshwar", "SHAPE_Area": 2964405.0427594315 }, "geometry": { "type": "Polygon", "coordinates": [ [ [ 79.9631893, 29.9187565 ], [ 79.9658777, 29.9163731 ], [ 79.966904, 29.9162882 ], [ 79.9700041, 29.9184792 ], [ 79.9705465, 29.9173109 ], [ 79.970334, 29.9109096 ], [ 79.9696499, 29.9081127 ], [ 79.9668827, 29.9055516 ], [ 79.9656416, 29.9050666 ], [ 79.9641293, 29.9053149 ], [ 79.9636728, 29.9050662 ], [ 79.9634732, 29.9046062 ], [ 79.9638337, 29.902551 ], [ 79.9627899, 29.8995968 ], [ 79.9628319, 29.9022941 ], [ 79.9624177, 29.9038105 ], [ 79.9616326, 29.9052149 ], [ 79.9609761, 29.9056995 ], [ 79.9617179, 29.9060104 ], [ 79.9626731, 29.908422 ], [ 79.9639997, 29.9091433 ], [ 79.9651489, 29.9088852 ], [ 79.9663821, 29.9103992 ], [ 79.9662677, 29.9110331 ], [ 79.9639276, 29.9120021 ], [ 79.9619591, 29.9105101 ], [ 79.961054, 29.9102102 ], [ 79.9603617, 29.9085582 ], [ 79.9598055, 29.9080733 ], [ 79.9586506, 29.9057984 ], [ 79.9586656, 29.9036729 ], [ 79.9579672, 29.9016839 ], [ 79.9557864, 29.9001347 ], [ 79.9513172, 29.8990294 ], [ 79.9511802, 29.9024281 ], [ 79.9525164, 29.9042802 ], [ 79.9524441, 29.9065798 ], [ 79.9528856, 29.9088297 ], [ 79.9568069, 29.9151327 ], [ 79.9582469, 29.9183772 ], [ 79.9589316, 29.9188124 ], [ 79.9594267, 29.9179042 ], [ 79.9608927, 29.9181174 ], [ 79.9619675, 29.9188414 ], [ 79.9631893, 29.9187565 ] ] ] } },
{ "type": "Feature", "properties": { "gp_code": "22082", "gp_name": "WADURA", "blkname": "KAPKOTE", "dtname": "Bageshwar", "SHAPE_Area": 255463.99560450026 }, "geometry": { "type": "Polygon", "coordinates": [ [ [ 79.9662677, 29.9110331 ], [ 79.9663821, 29.9103992 ], [ 79.9651489, 29.9088852 ], [ 79.9639997, 29.9091433 ], [ 79.9626731, 29.908422 ], [ 79.9617179, 29.9060104 ], [ 79.9609761, 29.9056995 ], [ 79.9602196, 29.9068926 ], [ 79.9594348, 29.9073772 ], [ 79.9603617, 29.9085582 ], [ 79.961054, 29.9102102 ], [ 79.9619591, 29.9105101 ], [ 79.9639276, 29.9120021 ], [ 79.9662677, 29.9110331 ] ] ] } },
{ "type": "Feature", "properties": { "gp_code": "259943", "gp_name": "BAFILAGAON MALLA", "blkname": "KAPKOTE", "dtname": "Bageshwar", "SHAPE_Area": 905180.85872780019 }, "geometry": { "type": "Polygon", "coordinates": [ [ [ 79.9736162, 29.907927 ], [ 79.9715767, 29.9049186 ], [ 79.9638337, 29.902551 ], [ 79.9634732, 29.9046062 ], [ 79.9636728, 29.9050662 ], [ 79.9641293, 29.9053149 ], [ 79.9656416, 29.9050666 ], [ 79.9668827, 29.9055516 ], [ 79.9696499, 29.9081127 ], [ 79.970334, 29.9109096 ], [ 79.9705465, 29.9173109 ], [ 79.9700041, 29.9184792 ], [ 79.9708129, 29.9187155 ], [ 79.9717634, 29.9177214 ], [ 79.9738161, 29.9164872 ], [ 79.9755407, 29.9162304 ], [ 79.9746567, 29.9129488 ], [ 79.9728028, 29.9085981 ], [ 79.9736162, 29.907927 ] ] ] } },
{ "type": "Feature", "properties": { "gp_code": "21987", "gp_name": "THARAEJAR", "blkname": "KAPKOTE", "dtname": "Bageshwar", "SHAPE_Area": 6621422.4138395032 }, "geometry": { "type": "Polygon", "coordinates": [ [ [ 79.9947392, 29.9244752 ], [ 79.9938466, 29.920483 ], [ 79.9945586, 29.9188082 ], [ 79.9958648, 29.9170987 ], [ 79.9969104, 29.9136881 ], [ 79.9961013, 29.911658 ], [ 79.9952596, 29.9104647 ], [ 79.9950599, 29.9089855 ], [ 79.9955307, 29.9071708 ], [ 79.995488, 29.905095 ], [ 79.9944181, 29.9034418 ], [ 79.9927204, 29.9022609 ], [ 79.9911653, 29.9027704 ], [ 79.9905804, 29.9025715 ], [ 79.9898956, 29.9016889 ], [ 79.9895249, 29.8998368 ], [ 79.9890541, 29.8991034 ], [ 79.9867301, 29.8969062 ], [ 79.9809715, 29.8935455 ], [ 79.9787692, 29.8932478 ], [ 79.9769289, 29.8933719 ], [ 79.9745464, 29.8939806 ], [ 79.9753082, 29.8955201 ], [ 79.9759583, 29.8960815 ], [ 79.9758868, 29.8970262 ], [ 79.9772848, 29.897362 ], [ 79.978596, 29.8997502 ], [ 79.9800995, 29.9004902 ], [ 79.9801799, 29.9029559 ], [ 79.9789388, 29.902471 ], [ 79.974345, 29.9021596 ], [ 79.9737602, 29.901625 ], [ 79.9734186, 29.8980202 ], [ 79.9725203, 29.8959318 ], [ 79.9701808, 29.8956207 ], [ 79.9654017, 29.895831 ], [ 79.964346, 29.8956195 ], [ 79.9621066, 29.894811 ], [ 79.9608229, 29.893953 ], [ 79.9608232, 29.8929462 ], [ 79.9602235, 29.8947111 ], [ 79.9607083, 29.8954819 ], [ 79.9607079, 29.8966504 ], [ 79.9594666, 29.8973586 ], [ 79.9622337, 29.8990249 ], [ 79.9634172, 29.9010015 ], [ 79.9717058, 29.90201 ], [ 79.9740309, 29.9032534 ], [ 79.9763702, 29.9056154 ], [ 79.9762702, 29.9064358 ], [ 79.9752, 29.9075046 ], [ 79.9736162, 29.907927 ], [ 79.9728028, 29.9085981 ], [ 79.9746567, 29.9129488 ], [ 79.9755407, 29.9162304 ], [ 79.9805871, 29.9159498 ], [ 79.9827174, 29.9177104 ], [ 79.9841871, 29.9171512 ], [ 79.9858567, 29.9155977 ], [ 79.9862136, 29.9137208 ], [ 79.9870983, 29.9125028 ], [ 79.9909077, 29.9133109 ], [ 79.9926057, 29.9146643 ], [ 79.993433, 29.9163315 ], [ 79.9927042, 29.9179939 ], [ 79.9881817, 29.9227697 ], [ 79.9882672, 29.9236771 ], [ 79.989423, 29.9242365 ], [ 79.9911432, 29.9239074 ], [ 79.9935324, 29.9253553 ], [ 79.9942459, 29.9254672 ], [ 79.9946455, 29.9252435 ], [ 79.9947392, 29.9244752 ] ] ] } },
{ "type": "Feature", "properties": { "gp_code": "21985", "gp_name": "BASHTI", "blkname": "KAPKOTE", "dtname": "Bageshwar", "SHAPE_Area": 994527.14840772911 }, "geometry": { "type": "Polygon", "coordinates": [ [ [ 80.0104468, 29.9200782 ], [ 80.0157256, 29.9195749 ], [ 80.0160298, 29.9181853 ], [ 80.0155364, 29.9171797 ], [ 80.0155468, 29.9164483 ], [ 80.0149486, 29.9164301 ], [ 80.0138571, 29.91558 ], [ 80.0126292, 29.9154246 ], [ 80.0112753, 29.9147665 ], [ 80.0107191, 29.9143003 ], [ 80.0100787, 29.9119782 ], [ 80.009491, 29.9114114 ], [ 80.0070879, 29.911439 ], [ 80.0044433, 29.9094552 ], [ 80.0020087, 29.9096564 ], [ 80.0055138, 29.911951 ], [ 80.0063324, 29.9132949 ], [ 80.0070254, 29.9189539 ], [ 80.0069626, 29.9217148 ], [ 80.0071726, 29.9232781 ], [ 80.0074874, 29.9236438 ], [ 80.0086209, 29.9236803 ], [ 80.0092506, 29.9229398 ], [ 80.00924, 29.9215776 ], [ 80.009943, 29.9205719 ], [ 80.0104468, 29.9200782 ] ] ] } },
{ "type": "Feature", "properties": { "gp_code": "", "gp_name": "", "blkname": "KAPKOTE", "dtname": "Bageshwar", "SHAPE_Area": 8076926.2482042592 }, "geometry": { "type": "Polygon", "coordinates": [ [ [ 80.0156089, 29.930374 ], [ 80.0174346, 29.9261868 ], [ 80.0186101, 29.9261318 ], [ 80.0204991, 29.9253636 ], [ 80.0233534, 29.923224 ], [ 80.0256397, 29.9156356 ], [ 80.0259958, 29.9121615 ], [ 80.0258067, 29.9113753 ], [ 80.025093, 29.9107172 ], [ 80.0245185, 29.9107881 ], [ 80.0234798, 29.9120408 ], [ 80.0242252, 29.9135583 ], [ 80.0242254, 29.9147742 ], [ 80.0217069, 29.9156888 ], [ 80.0190622, 29.9148115 ], [ 80.017551, 29.9149853 ], [ 80.0155468, 29.9164483 ], [ 80.0155364, 29.9171797 ], [ 80.0160298, 29.9181853 ], [ 80.0157256, 29.9195749 ], [ 80.0104468, 29.9200782 ], [ 80.00924, 29.9215776 ], [ 80.0092506, 29.9229398 ], [ 80.0082536, 29.9238266 ], [ 80.0071726, 29.9232781 ], [ 80.0066158, 29.914072 ], [ 80.0057866, 29.912335 ], [ 80.0020087, 29.9096564 ], [ 80.0001198, 29.9090621 ], [ 79.9983988, 29.9076999 ], [ 79.9976485, 29.9076741 ], [ 79.9950599, 29.9089855 ], [ 79.9952596, 29.9104647 ], [ 79.9961013, 29.911658 ], [ 79.9969104, 29.9136881 ], [ 79.9958648, 29.9170987 ], [ 79.9945586, 29.9188082 ], [ 79.9938466, 29.920483 ], [ 79.9947392, 29.9244752 ], [ 79.9946455, 29.9252435 ], [ 79.9935324, 29.9253553 ], [ 79.9911432, 29.9239074 ], [ 79.989423, 29.9242365 ], [ 79.9882672, 29.9236771 ], [ 79.9881817, 29.9227697 ], [ 79.9927042, 29.9179939 ], [ 79.993433, 29.9163315 ], [ 79.9926057, 29.9146643 ], [ 79.9909077, 29.9133109 ], [ 79.9870983, 29.9125028 ], [ 79.9862136, 29.9137208 ], [ 79.9858567, 29.9155977 ], [ 79.9841871, 29.9171512 ], [ 79.9827174, 29.9177104 ], [ 79.9868906, 29.9198244 ], [ 79.9857662, 29.9238259 ], [ 79.9854726, 29.9267207 ], [ 79.9857169, 29.9276998 ], [ 79.9883067, 29.9320421 ], [ 79.9893819, 29.9327659 ], [ 79.9904082, 29.9331491 ], [ 79.9918256, 29.9326383 ], [ 79.9938784, 29.9309356 ], [ 79.9952469, 29.9304674 ], [ 79.9967131, 29.930212 ], [ 79.9984161, 29.930439 ], [ 80.000789, 29.9298812 ], [ 80.0054911, 29.9310147 ], [ 80.0090598, 29.9332451 ], [ 80.0101514, 29.9333548 ], [ 80.011159, 29.9330073 ], [ 80.0121665, 29.9315445 ], [ 80.0156089, 29.930374 ] ] ] } },
{ "type": "Feature", "properties": { "gp_code": "", "gp_name": "", "blkname": "KAPKOTE", "dtname": "Bageshwar", "SHAPE_Area": 9138264.6614691652 }, "geometry": { "type": "Polygon", "coordinates": [ [ [ 80.0210834, 29.9054334 ], [ 80.0202435, 29.9032576 ], [ 80.0200543, 29.9015206 ], [ 80.0253423, 29.8985577 ], [ 80.0260137, 29.8979724 ], [ 80.0266954, 29.8962901 ], [ 80.0254778, 29.894096 ], [ 80.0240086, 29.8931089 ], [ 80.0144179, 29.8883558 ], [ 80.0113309, 29.892596 ], [ 80.0103657, 29.8934006 ], [ 80.0088548, 29.893547 ], [ 80.0063156, 29.8931997 ], [ 80.0039862, 29.8921575 ], [ 80.0024332, 29.890201 ], [ 80.0024122, 29.8883908 ], [ 80.0011741, 29.8878056 ], [ 80.0001268, 29.8867268 ], [ 79.9984165, 29.8839262 ], [ 79.9979628, 29.8837218 ], [ 79.9974562, 29.8836816 ], [ 79.9929574, 29.8854271 ], [ 79.9889414, 29.8835283 ], [ 79.9862882, 29.8834784 ], [ 79.9846906, 29.883068 ], [ 79.9840107, 29.8833103 ], [ 79.9825079, 29.8851561 ], [ 79.9799689, 29.8842608 ], [ 79.9795123, 29.8850936 ], [ 79.979494, 29.886303 ], [ 79.9791983, 29.8864609 ], [ 79.9767308, 29.8847452 ], [ 79.9755326, 29.8846207 ], [ 79.9756358, 29.8863441 ], [ 79.9749615, 29.8870321 ], [ 79.9749045, 29.8879883 ], [ 79.9736484, 29.8905373 ], [ 79.9734769, 29.8922278 ], [ 79.9745464, 29.8939806 ], [ 79.9769289, 29.8933719 ], [ 79.9787692, 29.8932478 ], [ 79.9809715, 29.8935455 ], [ 79.9867301, 29.8969062 ], [ 79.9890541, 29.8991034 ], [ 79.9895249, 29.8998368 ], [ 79.9898956, 29.9016889 ], [ 79.9905804, 29.9025715 ], [ 79.9911653, 29.9027704 ], [ 79.9927204, 29.9022609 ], [ 79.99444, 29.901151 ], [ 79.9971549, 29.9004701 ], [ 79.9983359, 29.9006602 ], [ 80.0021135, 29.9028544 ], [ 80.004464, 29.903476 ], [ 80.0076121, 29.903677 ], [ 80.0125232, 29.9058343 ], [ 80.0151256, 29.9050479 ], [ 80.0190711, 29.9049743 ], [ 80.0210834, 29.9054334 ] ], [ [ 80.0195992, 29.893418 ], [ 80.0229365, 29.8969284 ], [ 80.0226008, 29.8974587 ], [ 80.0200824, 29.8971116 ], [ 80.0185294, 29.8964261 ], [ 80.0176374, 29.8954296 ], [ 80.0188439, 29.8948718 ], [ 80.0193579, 29.8940581 ], [ 80.019232, 29.8935644 ], [ 80.0195992, 29.893418 ] ] ] } },
{ "type": "Feature", "properties": { "gp_code": "22064", "gp_name": "SANGAR", "blkname": "KAPKOTE", "dtname": "Bageshwar", "SHAPE_Area": 1160349.295669409 }, "geometry": { "type": "Polygon", "coordinates": [ [ [ 80.0044433, 29.9094552 ], [ 80.0051148, 29.9079375 ], [ 80.0062271, 29.9067672 ], [ 80.009501, 29.9043718 ], [ 80.0076121, 29.903677 ], [ 80.004464, 29.903476 ], [ 80.0021135, 29.9028544 ], [ 79.9983359, 29.9006602 ], [ 79.9971549, 29.9004701 ], [ 79.99444, 29.901151 ], [ 79.9927204, 29.9022609 ], [ 79.9944181, 29.9034418 ], [ 79.995488, 29.905095 ], [ 79.9955307, 29.9071708 ], [ 79.9950599, 29.9089855 ], [ 79.9976485, 29.9076741 ], [ 79.9983988, 29.9076999 ], [ 80.0011587, 29.9095284 ], [ 80.0044433, 29.9094552 ] ] ] } },
{ "type": "Feature", "properties": { "gp_code": "22054", "gp_name": "PATHKURA", "blkname": "KAPKOTE", "dtname": "Bageshwar", "SHAPE_Area": 415228.22304297675 }, "geometry": { "type": "Polygon", "coordinates": [ [ [ 79.9889414, 29.8835283 ], [ 79.9888416, 29.8822106 ], [ 79.9908957, 29.8818254 ], [ 79.9942621, 29.8818629 ], [ 79.9942414, 29.8815813 ], [ 79.992907, 29.8809305 ], [ 79.99027, 29.880849 ], [ 79.9907389, 29.8805575 ], [ 79.9897833, 29.8798489 ], [ 79.9890844, 29.8788171 ], [ 79.9890702, 29.8782453 ], [ 79.9861032, 29.8795876 ], [ 79.9855326, 29.8795005 ], [ 79.9849194, 29.8786552 ], [ 79.9840921, 29.8784065 ], [ 79.9840107, 29.8833103 ], [ 79.9846906, 29.883068 ], [ 79.9862882, 29.8834784 ], [ 79.9889414, 29.8835283 ] ] ] } },
{ "type": "Feature", "properties": { "gp_code": "22042", "gp_name": "MAJHERA", "blkname": "KAPKOTE", "dtname": "Bageshwar", "SHAPE_Area": 427147.10329433915 }, "geometry": { "type": "Polygon", "coordinates": [ [ [ 79.9890702, 29.8782453 ], [ 79.9931354, 29.8770025 ], [ 79.9934778, 29.8764307 ], [ 79.9929216, 29.8758588 ], [ 79.9916379, 29.8753615 ], [ 79.9903399, 29.8755977 ], [ 79.9890277, 29.8751252 ], [ 79.9863316, 29.875206 ], [ 79.9841899, 29.876003 ], [ 79.9828944, 29.8753714 ], [ 79.9824093, 29.8763926 ], [ 79.9825232, 29.8775362 ], [ 79.9829648, 29.8774575 ], [ 79.9840921, 29.8784065 ], [ 79.9849194, 29.8786552 ], [ 79.9855326, 29.8795005 ], [ 79.9861032, 29.8795876 ], [ 79.9890702, 29.8782453 ] ] ] } },
{ "type": "Feature", "properties": { "gp_code": "21997", "gp_name": "CHOUNALA", "blkname": "KAPKOTE", "dtname": "Bageshwar", "SHAPE_Area": 936813.7559700167 }, "geometry": { "type": "Polygon", "coordinates": [ [ [ 79.9929574, 29.8854271 ], [ 79.9974562, 29.8836816 ], [ 79.9984165, 29.8839262 ], [ 79.9983714, 29.8754034 ], [ 79.9934778, 29.8764307 ], [ 79.9931354, 29.8770025 ], [ 79.9890702, 29.8782453 ], [ 79.9890844, 29.8788171 ], [ 79.9897833, 29.8798489 ], [ 79.9907389, 29.8805575 ], [ 79.99027, 29.880849 ], [ 79.992907, 29.8809305 ], [ 79.9937343, 29.881204 ], [ 79.9942621, 29.8818629 ], [ 79.9896262, 29.8819248 ], [ 79.9888416, 29.8822106 ], [ 79.9889414, 29.8835283 ], [ 79.9929574, 29.8854271 ] ] ] } },
{ "type": "Feature", "properties": { "gp_code": "", "gp_name": "", "blkname": "KAPKOTE", "dtname": "Bageshwar", "SHAPE_Area": 461109.46245398611 }, "geometry": { "type": "Polygon", "coordinates": [ [ [ 80.0077652, 29.878482 ], [ 80.0051292, 29.8777758 ], [ 80.001667, 29.875033 ], [ 80.0001668, 29.8743546 ], [ 79.9983714, 29.8754034 ], [ 79.9982042, 29.8783872 ], [ 79.998492, 29.8794445 ], [ 80.0050034, 29.880281 ], [ 80.0060945, 29.8798238 ], [ 80.0077652, 29.878482 ] ] ] } },
{ "type": "Feature", "properties": { "gp_code": "", "gp_name": "", "blkname": "KAPKOTE", "dtname": "Bageshwar", "SHAPE_Area": 1419756.9117453876 }, "geometry": { "type": "Polygon", "coordinates": [ [ [ 80.0118156, 29.8862715 ], [ 80.0077652, 29.878482 ], [ 80.0060945, 29.8798238 ], [ 80.0050034, 29.880281 ], [ 79.9985743, 29.8793728 ], [ 79.9983275, 29.8797402 ], [ 79.998564, 29.8809409 ], [ 79.9984165, 29.8839262 ], [ 80.0001268, 29.8867268 ], [ 80.0011741, 29.8878056 ], [ 80.0034195, 29.888793 ], [ 80.0064832, 29.8894878 ], [ 80.009337, 29.8882259 ], [ 80.0118156, 29.8862715 ] ] ] } },
{ "type": "Feature", "properties": { "gp_code": "22069", "gp_name": "SIMGARI", "blkname": "KAPKOTE", "dtname": "Bageshwar", "SHAPE_Area": 664314.58204988111 }, "geometry": { "type": "Polygon", "coordinates": [ [ [ 80.0144179, 29.8883558 ], [ 80.012781, 29.8875697 ], [ 80.0118156, 29.8862715 ], [ 80.009337, 29.8882259 ], [ 80.0064832, 29.8894878 ], [ 80.0051612, 29.8893415 ], [ 80.0024122, 29.8883908 ], [ 80.0024332, 29.890201 ], [ 80.0039862, 29.8921575 ], [ 80.0051614, 29.8927975 ], [ 80.0088548, 29.893547 ], [ 80.0103657, 29.8934006 ], [ 80.0123801, 29.8913891 ], [ 80.0144179, 29.8883558 ] ] ] } },
{ "type": "Feature", "properties": { "gp_code": "", "gp_name": "", "blkname": "KAPKOTE", "dtname": "Bageshwar", "SHAPE_Area": 159249.14246560386 }, "geometry": { "type": "Polygon", "coordinates": [ [ [ 80.0229365, 29.8969284 ], [ 80.0195992, 29.893418 ], [ 80.019232, 29.8935644 ], [ 80.0193579, 29.8940581 ], [ 80.0188439, 29.8948718 ], [ 80.0176374, 29.8954296 ], [ 80.0185294, 29.8964261 ], [ 80.0200824, 29.8971116 ], [ 80.0226008, 29.8974587 ], [ 80.0229365, 29.8969284 ] ] ] } },
{ "type": "Feature", "properties": { "gp_code": "21999", "gp_name": "CHUCHER", "blkname": "KAPKOTE", "dtname": "Bageshwar", "SHAPE_Area": 1458568.8966272986 }, "geometry": { "type": "Polygon", "coordinates": [ [ [ 80.028095, 29.9022028 ], [ 80.0326916, 29.9042864 ], [ 80.0329856, 29.9051274 ], [ 80.0379391, 29.906772 ], [ 80.0417175, 29.9087641 ], [ 80.0432705, 29.9084528 ], [ 80.0444455, 29.90752 ], [ 80.0457668, 29.9051974 ], [ 80.0461017, 29.9027837 ], [ 80.0457654, 29.9013027 ], [ 80.0452195, 29.9005715 ], [ 80.0437502, 29.8998771 ], [ 80.0426169, 29.8997859 ], [ 80.041358, 29.900536 ], [ 80.0410857, 29.9022 ], [ 80.0402047, 29.9035716 ], [ 80.0385674, 29.9024383 ], [ 80.0371186, 29.9002993 ], [ 80.0351875, 29.8991295 ], [ 80.0332986, 29.8984716 ], [ 80.0307595, 29.8991121 ], [ 80.0281366, 29.9009228 ], [ 80.028095, 29.9022028 ] ] ] } },
{ "type": "Feature", "properties": { "gp_code": "22036", "gp_name": "LATHI", "blkname": "KAPKOTE", "dtname": "Bageshwar", "SHAPE_Area": 7485505.220657276 }, "geometry": { "type": "Polygon", "coordinates": [ [ [ 80.0723361, 29.9396992 ], [ 80.0768061, 29.9372837 ], [ 80.0779186, 29.9371552 ], [ 80.0809403, 29.9352887 ], [ 80.0856822, 29.9319403 ], [ 80.0870663, 29.9300564 ], [ 80.0897305, 29.9277694 ], [ 80.0900022, 29.926142 ], [ 80.0888661, 29.9225223 ], [ 80.0882989, 29.9219192 ], [ 80.0874591, 29.9215357 ], [ 80.0854031, 29.9231276 ], [ 80.0821087, 29.9246286 ], [ 80.0805342, 29.9243734 ], [ 80.0778899, 29.9250329 ], [ 80.0763783, 29.9246314 ], [ 80.0737966, 29.9249252 ], [ 80.072264, 29.9243499 ], [ 80.0676252, 29.9244616 ], [ 80.0626501, 29.923842 ], [ 80.0616424, 29.923495 ], [ 80.0588077, 29.9213568 ], [ 80.0580306, 29.920388 ], [ 80.0552382, 29.9187434 ], [ 80.0530332, 29.916294 ], [ 80.0505771, 29.915344 ], [ 80.0477638, 29.9132604 ], [ 80.0448671, 29.9124933 ], [ 80.0437127, 29.9124388 ], [ 80.0430202, 29.9128047 ], [ 80.0431044, 29.9133257 ], [ 80.0459907, 29.9143306 ], [ 80.0521108, 29.9187627 ], [ 80.0570447, 29.9218145 ], [ 80.0596696, 29.9240625 ], [ 80.0619588, 29.9266032 ], [ 80.0635545, 29.9273887 ], [ 80.0645411, 29.9274432 ], [ 80.0645016, 29.9321239 ], [ 80.0639984, 29.933148 ], [ 80.062886, 29.9335141 ], [ 80.0553078, 29.9333889 ], [ 80.0524946, 29.9326402 ], [ 80.0506256, 29.9310136 ], [ 80.0493239, 29.9304655 ], [ 80.0475815, 29.930082 ], [ 80.0426484, 29.9299371 ], [ 80.0428391, 29.9348189 ], [ 80.043721, 29.93555 ], [ 80.0481094, 29.938145 ], [ 80.0507759, 29.939095 ], [ 80.0534212, 29.9393684 ], [ 80.0566954, 29.9379411 ], [ 80.0571993, 29.9380872 ], [ 80.0586065, 29.9396225 ], [ 80.0608954, 29.9408467 ], [ 80.0649264, 29.9413936 ], [ 80.0727164, 29.9439225 ], [ 80.0722749, 29.942716 ], [ 80.0723361, 29.9396992 ] ] ] } },
{ "type": "Feature", "properties": { "gp_code": "22043", "gp_name": "MAJKHET", "blkname": "KAPKOTE", "dtname": "Bageshwar", "SHAPE_Area": 5757045.0308469413 }, "geometry": { "type": "Polygon", "coordinates": [ [ [ 80.0645411, 29.9274432 ], [ 80.0635545, 29.9273887 ], [ 80.0619588, 29.9266032 ], [ 80.0596696, 29.9240625 ], [ 80.0570447, 29.9218145 ], [ 80.0521108, 29.9187627 ], [ 80.0467149, 29.9147784 ], [ 80.0431044, 29.9133257 ], [ 80.0416561, 29.9130701 ], [ 80.0410055, 29.9132714 ], [ 80.0390748, 29.914241 ], [ 80.036389, 29.9165821 ], [ 80.0311421, 29.9181556 ], [ 80.0300404, 29.9190061 ], [ 80.0305867, 29.9215292 ], [ 80.0316788, 29.9238511 ], [ 80.0389219, 29.9283291 ], [ 80.0426387, 29.9321495 ], [ 80.0426484, 29.9299371 ], [ 80.0475815, 29.930082 ], [ 80.0506256, 29.9310136 ], [ 80.0524946, 29.9326402 ], [ 80.0539432, 29.9331334 ], [ 80.0582678, 29.9335707 ], [ 80.062886, 29.9335141 ], [ 80.0639984, 29.933148 ], [ 80.0645016, 29.9321239 ], [ 80.0645411, 29.9274432 ] ] ] } },
{ "type": "Feature", "properties": { "gp_code": "21985", "gp_name": "BASHTI", "blkname": "KAPKOTE", "dtname": "Bageshwar", "SHAPE_Area": 2616512.3324296791 }, "geometry": { "type": "Polygon", "coordinates": [ [ [ 80.0390748, 29.914241 ], [ 80.0416561, 29.9130701 ], [ 80.0431044, 29.9133257 ], [ 80.0415291, 29.9100623 ], [ 80.0412138, 29.9086179 ], [ 80.0379391, 29.906772 ], [ 80.0329856, 29.9051274 ], [ 80.0326916, 29.9042864 ], [ 80.0309704, 29.9033176 ], [ 80.028095, 29.9022028 ], [ 80.0271716, 29.9026966 ], [ 80.0244015, 29.9032091 ], [ 80.0202435, 29.9032576 ], [ 80.0223641, 29.9083406 ], [ 80.0258067, 29.9113753 ], [ 80.0279813, 29.9099647 ], [ 80.0285269, 29.9094161 ], [ 80.0287575, 29.9084927 ], [ 80.029492, 29.9081817 ], [ 80.0302372, 29.908529 ], [ 80.0302903, 29.9113357 ], [ 80.0293885, 29.9139414 ], [ 80.0284444, 29.9155323 ], [ 80.0294311, 29.9166109 ], [ 80.0300404, 29.9190061 ], [ 80.0311421, 29.9181556 ], [ 80.036389, 29.9165821 ], [ 80.0390748, 29.914241 ] ] ] } },
{ "type": "Feature", "properties": { "gp_code": "", "gp_name": "", "blkname": "KAPKOTE", "dtname": "Bageshwar", "SHAPE_Area": 948350.21869205497 }, "geometry": { "type": "Polygon", "coordinates": [ [ [ 80.0210834, 29.9054334 ], [ 80.0190711, 29.9049743 ], [ 80.0151256, 29.9050479 ], [ 80.0125232, 29.9058343 ], [ 80.009501, 29.9043718 ], [ 80.0062271, 29.9067672 ], [ 80.0051148, 29.9079375 ], [ 80.0044433, 29.9094552 ], [ 80.0054927, 29.9100768 ], [ 80.008557, 29.9103418 ], [ 80.0106348, 29.9101314 ], [ 80.012534, 29.9088056 ], [ 80.0136674, 29.908769 ], [ 80.0145803, 29.9083575 ], [ 80.0167631, 29.9087229 ], [ 80.0192186, 29.9083478 ], [ 80.0205094, 29.9086311 ], [ 80.025093, 29.9107172 ], [ 80.0223641, 29.9083406 ], [ 80.0210834, 29.9054334 ] ] ] } },
{ "type": "Feature", "properties": { "gp_code": "", "gp_name": "", "blkname": "KAPKOTE", "dtname": "Bageshwar", "SHAPE_Area": 1327141.0246763222 }, "geometry": { "type": "Polygon", "coordinates": [ [ [ 80.025093, 29.9107172 ], [ 80.0205094, 29.9086311 ], [ 80.0186729, 29.9083296 ], [ 80.0167631, 29.9087229 ], [ 80.0145803, 29.9083575 ], [ 80.0136674, 29.908769 ], [ 80.012534, 29.9088056 ], [ 80.0106348, 29.9101314 ], [ 80.0079273, 29.9103418 ], [ 80.0054927, 29.9100768 ], [ 80.0061224, 29.9109453 ], [ 80.0070879, 29.911439 ], [ 80.009491, 29.9114114 ], [ 80.0100787, 29.9119782 ], [ 80.0107191, 29.9143003 ], [ 80.011947, 29.915187 ], [ 80.0138571, 29.91558 ], [ 80.0149486, 29.9164301 ], [ 80.0155468, 29.9164483 ], [ 80.0182121, 29.9148116 ], [ 80.0190622, 29.9148115 ], [ 80.0217069, 29.9156888 ], [ 80.0238792, 29.9149937 ], [ 80.0243093, 29.9144268 ], [ 80.0242252, 29.9135583 ], [ 80.0235427, 29.9117756 ], [ 80.0245185, 29.9107881 ], [ 80.025093, 29.9107172 ] ] ] } },
{ "type": "Feature", "properties": { "gp_code": "21989", "gp_name": "BHANAR", "blkname": "KAPKOTE", "dtname": "Bageshwar", "SHAPE_Area": 17614325.859662954 }, "geometry": { "type": "Polygon", "coordinates": [ [ [ 80.0752708, 29.9497812 ], [ 80.0727164, 29.9439225 ], [ 80.0649264, 29.9413936 ], [ 80.0608954, 29.9408467 ], [ 80.0586065, 29.9396225 ], [ 80.0571993, 29.9380872 ], [ 80.0566954, 29.9379411 ], [ 80.0534212, 29.9393684 ], [ 80.0507759, 29.939095 ], [ 80.0481094, 29.938145 ], [ 80.0428391, 29.9348189 ], [ 80.0426387, 29.9321495 ], [ 80.0381478, 29.9362279 ], [ 80.0360699, 29.9376545 ], [ 80.0350203, 29.9378376 ], [ 80.0314928, 29.9349129 ], [ 80.0298759, 29.9328838 ], [ 80.0290991, 29.9325731 ], [ 80.0253627, 29.9331222 ], [ 80.0243552, 29.9335429 ], [ 80.0237465, 29.9340732 ], [ 80.0255315, 29.9371263 ], [ 80.0264557, 29.9397773 ], [ 80.0272748, 29.9411485 ], [ 80.0274429, 29.9417884 ], [ 80.0269602, 29.9425746 ], [ 80.0258897, 29.9435987 ], [ 80.025218, 29.9437816 ], [ 80.0247139, 29.9428492 ], [ 80.0185839, 29.9435266 ], [ 80.0178282, 29.943874 ], [ 80.0173454, 29.9447517 ], [ 80.0178286, 29.9465617 ], [ 80.0173458, 29.9472931 ], [ 80.017325, 29.9482438 ], [ 80.0186061, 29.9516627 ], [ 80.0183964, 29.9527597 ], [ 80.0176197, 29.953875 ], [ 80.0181452, 29.9581349 ], [ 80.0221766, 29.9588657 ], [ 80.0240876, 29.9602001 ], [ 80.0305125, 29.9600162 ], [ 80.0373996, 29.9606912 ], [ 80.0402765, 29.9619337 ], [ 80.0438254, 29.9629749 ], [ 80.0468074, 29.9642721 ], [ 80.0477316, 29.9650763 ], [ 80.0476708, 29.970488 ], [ 80.0484054, 29.9697747 ], [ 80.0512608, 29.9688231 ], [ 80.052898, 29.9674514 ], [ 80.0544516, 29.9669573 ], [ 80.0578522, 29.9646525 ], [ 80.0629929, 29.9576848 ], [ 80.0646719, 29.9563494 ], [ 80.0665191, 29.9555808 ], [ 80.068429, 29.9543185 ], [ 80.070948, 29.9534946 ], [ 80.0720604, 29.9528177 ], [ 80.0752708, 29.9497812 ] ] ] } },
{ "type": "Feature", "properties": { "gp_code": "21984", "gp_name": "BARIPANYALI", "blkname": "KAPKOTE", "dtname": "Bageshwar", "SHAPE_Area": 8778908.3432942126 }, "geometry": { "type": "Polygon", "coordinates": [ [ [ 80.0619947, 29.9766077 ], [ 80.0643254, 29.9760949 ], [ 80.0683747, 29.9697309 ], [ 80.0730565, 29.9684674 ], [ 80.0774858, 29.9664542 ], [ 80.0816205, 29.9636549 ], [ 80.0879381, 29.960123 ], [ 80.0891132, 29.9591351 ], [ 80.0895957, 29.9586229 ], [ 80.0889437, 29.9570875 ], [ 80.0893411, 29.9549847 ], [ 80.0895685, 29.9501578 ], [ 80.0901347, 29.9492068 ], [ 80.0871749, 29.9497935 ], [ 80.0822832, 29.9499423 ], [ 80.0787985, 29.9506937 ], [ 80.0763211, 29.9506766 ], [ 80.0756492, 29.9504941 ], [ 80.0752708, 29.9497812 ], [ 80.0720604, 29.9528177 ], [ 80.070948, 29.9534946 ], [ 80.068429, 29.9543185 ], [ 80.0665191, 29.9555808 ], [ 80.0646719, 29.9563494 ], [ 80.0629929, 29.9576848 ], [ 80.0578522, 29.9646525 ], [ 80.0544516, 29.9669573 ], [ 80.052898, 29.9674514 ], [ 80.0512608, 29.9688231 ], [ 80.0484054, 29.9697747 ], [ 80.047335, 29.9710731 ], [ 80.0476929, 29.97334 ], [ 80.0474425, 29.9774171 ], [ 80.047675, 29.9813476 ], [ 80.054122, 29.9811811 ], [ 80.0556338, 29.9807418 ], [ 80.0606091, 29.9772298 ], [ 80.0619947, 29.9766077 ] ] ] } },
{ "type": "Feature", "properties": { "gp_code": "", "gp_name": "", "blkname": "KAPKOTE", "dtname": "Bageshwar", "SHAPE_Area": 4887872.9186263615 }, "geometry": { "type": "Polygon", "coordinates": [ [ [ 80.0730047, 30.0065267 ], [ 80.0721393, 30.004346 ], [ 80.072279, 30.0025615 ], [ 80.0711127, 30.0010924 ], [ 80.0711922, 30.0007208 ], [ 80.0735134, 29.9992015 ], [ 80.0749833, 29.9986981 ], [ 80.075718, 29.998003 ], [ 80.0759802, 29.9975276 ], [ 80.0759992, 29.9942278 ], [ 80.0762299, 29.9937523 ], [ 80.0778464, 29.9925998 ], [ 80.0775863, 29.9924148 ], [ 80.0723761, 29.9895744 ], [ 80.0702442, 29.9891366 ], [ 80.0674303, 29.9897046 ], [ 80.0617807, 29.9893778 ], [ 80.0548091, 29.9913182 ], [ 80.0525833, 29.9923792 ], [ 80.0520902, 29.9934215 ], [ 80.0522797, 29.9944543 ], [ 80.0548541, 29.9980275 ], [ 80.0574174, 29.9999736 ], [ 80.0580045, 30.0024092 ], [ 80.0592874, 30.0034704 ], [ 80.0590614, 30.0051312 ], [ 80.0613229, 30.008227 ], [ 80.0618079, 30.0085127 ], [ 80.0634029, 30.0080493 ], [ 80.0652327, 30.0080621 ], [ 80.0677669, 30.0090548 ], [ 80.0686596, 30.0111097 ], [ 80.0692539, 30.0110414 ], [ 80.070309, 30.009952 ], [ 80.071447, 30.0114142 ], [ 80.071942, 30.0104109 ], [ 80.0732277, 30.0098272 ], [ 80.0731933, 30.0083227 ], [ 80.072724, 30.0074948 ], [ 80.0730047, 30.0065267 ] ] ] } },
{ "type": "Feature", "properties": { "gp_code": "", "gp_name": "", "blkname": "KAPKOTE", "dtname": "Bageshwar", "SHAPE_Area": 3147434.9757070225 }, "geometry": { "type": "Polygon", "coordinates": [ [ [ 80.0590614, 30.0051312 ], [ 80.0592874, 30.0034704 ], [ 80.0580045, 30.0024092 ], [ 80.0574174, 29.9999736 ], [ 80.0548541, 29.9980275 ], [ 80.0522797, 29.9944543 ], [ 80.0520902, 29.9934215 ], [ 80.0525833, 29.9923792 ], [ 80.0498943, 29.9905885 ], [ 80.0429848, 29.9906088 ], [ 80.0419348, 29.9910112 ], [ 80.041284, 29.9916878 ], [ 80.0405077, 29.9941926 ], [ 80.0404032, 29.9956278 ], [ 80.0407186, 29.9968068 ], [ 80.0422319, 29.9999874 ], [ 80.043718, 30.0019237 ], [ 80.0445007, 30.0040469 ], [ 80.0468787, 30.0061833 ], [ 80.048209, 30.0084152 ], [ 80.0503988, 30.0089727 ], [ 80.0534169, 30.0081822 ], [ 80.0555435, 30.0072831 ], [ 80.056841, 30.005867 ], [ 80.0590614, 30.0051312 ] ] ] } },
{ "type": "Feature", "properties": { "gp_code": "", "gp_name": "", "blkname": "KAPKOTE", "dtname": "Bageshwar", "SHAPE_Area": 1727209.5177492446 }, "geometry": { "type": "Polygon", "coordinates": [ [ [ 80.0404032, 29.9956278 ], [ 80.0389222, 29.9945221 ], [ 80.0360339, 29.9930877 ], [ 80.0334401, 29.9929511 ], [ 80.030773, 29.9935915 ], [ 80.0287046, 29.9950179 ], [ 80.0283162, 29.9957218 ], [ 80.0280231, 29.9999357 ], [ 80.0272137, 30.0001412 ], [ 80.0269746, 30.00059 ], [ 80.0276558, 30.0010708 ], [ 80.0278601, 30.0021314 ], [ 80.0327707, 30.0020216 ], [ 80.0355545, 30.0022932 ], [ 80.0445007, 30.0040469 ], [ 80.043718, 30.0019237 ], [ 80.0422319, 29.9999874 ], [ 80.0404032, 29.9956278 ] ] ] } },
{ "type": "Feature", "properties": { "gp_code": "22066", "gp_name": "SHAMA", "blkname": "KAPKOTE", "dtname": "Bageshwar", "SHAPE_Area": 13234756.878597194 }, "geometry": { "type": "Polygon", "coordinates": [ [ [ 80.0311602, 29.9883628 ], [ 80.0335753, 29.9882527 ], [ 80.0351711, 29.9873382 ], [ 80.037859, 29.9864601 ], [ 80.0389923, 29.9841197 ], [ 80.0397902, 29.9836625 ], [ 80.0427091, 29.9832412 ], [ 80.0453337, 29.9818328 ], [ 80.047675, 29.9813476 ], [ 80.0474425, 29.9774171 ], [ 80.0476929, 29.97334 ], [ 80.047335, 29.9710731 ], [ 80.0476708, 29.970488 ], [ 80.0477316, 29.9650763 ], [ 80.0468074, 29.9642721 ], [ 80.0438254, 29.9629749 ], [ 80.0402765, 29.9619337 ], [ 80.0373996, 29.9606912 ], [ 80.0305125, 29.9600162 ], [ 80.0240876, 29.9602001 ], [ 80.0221766, 29.9588657 ], [ 80.0185232, 29.9580435 ], [ 80.0175889, 29.9582721 ], [ 80.0168017, 29.9595246 ], [ 80.0151432, 29.9611885 ], [ 80.0137367, 29.9636202 ], [ 80.0135058, 29.9642967 ], [ 80.0139679, 29.9657227 ], [ 80.0139262, 29.9685565 ], [ 80.0134433, 29.9693244 ], [ 80.0110078, 29.9723047 ], [ 80.0075642, 29.9739137 ], [ 80.0099586, 29.980806 ], [ 80.0077326, 29.9811443 ], [ 80.0070922, 29.9815192 ], [ 80.0066932, 29.9826892 ], [ 80.0103476, 29.9860712 ], [ 80.0115867, 29.986711 ], [ 80.0140333, 29.9864914 ], [ 80.0176662, 29.9844343 ], [ 80.0186847, 29.9843154 ], [ 80.0233996, 29.9857407 ], [ 80.0287349, 29.9900269 ], [ 80.0311602, 29.9883628 ] ] ] } },
{ "type": "Feature", "properties": { "gp_code": "22050", "gp_name": "NAUKAURI", "blkname": "KAPKOTE", "dtname": "Bageshwar", "SHAPE_Area": 17627521.22826992 }, "geometry": { "type": "Polygon", "coordinates": [ [ [ 80.0287349, 29.9900269 ], [ 80.0233996, 29.9857407 ], [ 80.0186847, 29.9843154 ], [ 80.0176662, 29.9844343 ], [ 80.0155348, 29.9858422 ], [ 80.0132773, 29.9867383 ], [ 80.0115867, 29.986711 ], [ 80.0103476, 29.9860712 ], [ 80.0066932, 29.9826892 ], [ 80.0070922, 29.9815192 ], [ 80.0077326, 29.9811443 ], [ 80.0099586, 29.980806 ], [ 80.0075642, 29.9739137 ], [ 80.0052438, 29.9743617 ], [ 80.000729, 29.9764552 ], [ 79.9984086, 29.9768482 ], [ 79.9971866, 29.976556 ], [ 79.9964773, 29.9773031 ], [ 79.9936068, 29.9790344 ], [ 79.9902413, 29.9777522 ], [ 79.9883883, 29.9787991 ], [ 79.9876275, 29.9787349 ], [ 79.9870018, 29.9776452 ], [ 79.9852585, 29.9762143 ], [ 79.9818845, 29.9744976 ], [ 79.9796278, 29.9728157 ], [ 79.979026, 29.9760633 ], [ 79.9786332, 29.9768538 ], [ 79.9773691, 29.9779326 ], [ 79.9767676, 29.9795029 ], [ 79.9776915, 29.9844399 ], [ 79.977895, 29.9879639 ], [ 79.977723, 29.989139 ], [ 79.9764463, 29.9913822 ], [ 79.9765075, 29.9919484 ], [ 79.9796645, 29.9970883 ], [ 79.9783475, 30.0012751 ], [ 79.9775561, 30.0054662 ], [ 79.9842493, 30.0069483 ], [ 79.9855692, 30.0053863 ], [ 79.9920875, 30.00368 ], [ 79.9931076, 30.0028672 ], [ 79.9953163, 29.9990379 ], [ 79.9961, 29.9984377 ], [ 79.9972832, 30.0014514 ], [ 79.9974279, 30.0035002 ], [ 80.0001449, 30.0047239 ], [ 80.0021539, 30.0047704 ], [ 80.0037825, 30.003701 ], [ 80.0044232, 30.0028875 ], [ 80.0057047, 30.0031896 ], [ 80.0056647, 30.0040381 ], [ 80.006686, 30.0050027 ], [ 80.0069798, 30.0058977 ], [ 80.0067929, 30.0066532 ], [ 80.0073069, 30.0083153 ], [ 80.008148, 30.0090707 ], [ 80.007534, 30.0102098 ], [ 80.0088424, 30.0114998 ], [ 80.0123861, 30.0111712 ], [ 80.0139326, 30.0103857 ], [ 80.0170529, 30.0076604 ], [ 80.0187278, 30.0056245 ], [ 80.0202465, 30.00439 ], [ 80.0244524, 29.9992507 ], [ 80.0268038, 29.9947074 ], [ 80.0280001, 29.9912611 ], [ 80.0287349, 29.9900269 ] ] ] } },
{ "type": "Feature", "properties": { "gp_code": "22068", "gp_name": "SHIRI", "blkname": "KAPKOTE", "dtname": "Bageshwar", "SHAPE_Area": 3735571.5620168685 }, "geometry": { "type": "Polygon", "coordinates": [ [ [ 80.0075642, 29.9739137 ], [ 80.0110078, 29.9723047 ], [ 80.0139262, 29.9685565 ], [ 80.0139679, 29.9657227 ], [ 80.0135058, 29.9642967 ], [ 80.0137367, 29.9636202 ], [ 80.0129178, 29.9635837 ], [ 80.011448, 29.9642055 ], [ 80.0075846, 29.9648821 ], [ 80.0025242, 29.9664181 ], [ 79.9998812, 29.9680073 ], [ 79.9984157, 29.9685336 ], [ 79.9973954, 29.9678813 ], [ 79.9958616, 29.9682766 ], [ 79.9943461, 29.9671506 ], [ 79.9914812, 29.9695797 ], [ 79.9890394, 29.9697612 ], [ 79.9879351, 29.9704021 ], [ 79.9868945, 29.970523 ], [ 79.984352, 29.9721325 ], [ 79.9794931, 29.9713842 ], [ 79.9793457, 29.9718435 ], [ 79.9796278, 29.9728157 ], [ 79.9818845, 29.9744976 ], [ 79.9852585, 29.9762143 ], [ 79.9870018, 29.9776452 ], [ 79.9876275, 29.9787349 ], [ 79.9883883, 29.9787991 ], [ 79.9902413, 29.9777522 ], [ 79.9936068, 29.9790344 ], [ 79.9964773, 29.9773031 ], [ 79.9971866, 29.976556 ], [ 79.9984086, 29.9768482 ], [ 80.000729, 29.9764552 ], [ 80.0052438, 29.9743617 ], [ 80.0075642, 29.9739137 ] ] ] } },
{ "type": "Feature", "properties": { "gp_code": "", "gp_name": "", "blkname": "KAPKOTE", "dtname": "Bageshwar", "SHAPE_Area": 25431330.56637067 }, "geometry": { "type": "Polygon", "coordinates": [ [ [ 80.0137367, 29.9636202 ], [ 80.0142405, 29.9624684 ], [ 80.0160039, 29.9600914 ], [ 80.0168017, 29.9595246 ], [ 80.0172844, 29.9584458 ], [ 80.0181452, 29.9581349 ], [ 80.0176197, 29.953875 ], [ 80.0183964, 29.9527597 ], [ 80.0186061, 29.9516627 ], [ 80.017325, 29.9482438 ], [ 80.0173458, 29.9472931 ], [ 80.0178286, 29.9465617 ], [ 80.0173454, 29.9447517 ], [ 80.0174923, 29.9443312 ], [ 80.0185839, 29.9435266 ], [ 80.0236433, 29.9429043 ], [ 80.0247139, 29.9428492 ], [ 80.025218, 29.9437816 ], [ 80.0264355, 29.9431781 ], [ 80.0274429, 29.9417884 ], [ 80.0255315, 29.9371263 ], [ 80.0237465, 29.9340732 ], [ 80.0253627, 29.9331222 ], [ 80.0290991, 29.9325731 ], [ 80.0298759, 29.9328838 ], [ 80.0314928, 29.9349129 ], [ 80.0350203, 29.9378376 ], [ 80.0360699, 29.9376545 ], [ 80.0381478, 29.9362279 ], [ 80.0426387, 29.9321495 ], [ 80.0389219, 29.9283291 ], [ 80.0316788, 29.9238511 ], [ 80.0301666, 29.9202677 ], [ 80.0297671, 29.9174702 ], [ 80.0294311, 29.9166109 ], [ 80.0284444, 29.9155323 ], [ 80.0293885, 29.9139414 ], [ 80.0302903, 29.9113357 ], [ 80.0302372, 29.908529 ], [ 80.029492, 29.9081817 ], [ 80.0287575, 29.9084927 ], [ 80.0285269, 29.9094161 ], [ 80.0279813, 29.9099647 ], [ 80.0258067, 29.9113753 ], [ 80.0259958, 29.9121615 ], [ 80.0256397, 29.9156356 ], [ 80.0233534, 29.923224 ], [ 80.0204991, 29.9253636 ], [ 80.0186101, 29.9261318 ], [ 80.0174346, 29.9261868 ], [ 80.0156089, 29.930374 ], [ 80.0121665, 29.9315445 ], [ 80.011159, 29.9330073 ], [ 80.0101514, 29.9333548 ], [ 80.0090598, 29.9332451 ], [ 80.0054911, 29.9310147 ], [ 80.000789, 29.9298812 ], [ 79.9984161, 29.930439 ], [ 79.9967131, 29.930212 ], [ 79.9952469, 29.9304674 ], [ 79.9938784, 29.9309356 ], [ 79.9918256, 29.9326383 ], [ 79.9904082, 29.9331491 ], [ 79.9893819, 29.9327659 ], [ 79.9883067, 29.9320421 ], [ 79.9857169, 29.9276998 ], [ 79.9854726, 29.9267207 ], [ 79.9857662, 29.9238259 ], [ 79.9868906, 29.9198244 ], [ 79.9827174, 29.9177104 ], [ 79.9805871, 29.9159498 ], [ 79.9738161, 29.9164872 ], [ 79.9717634, 29.9177214 ], [ 79.9708129, 29.9187155 ], [ 79.9700041, 29.9184792 ], [ 79.966904, 29.9162882 ], [ 79.9658777, 29.9163731 ], [ 79.9631893, 29.9187565 ], [ 79.9619675, 29.9188414 ], [ 79.9608927, 29.9181174 ], [ 79.9594267, 29.9179042 ], [ 79.9589316, 29.9188124 ], [ 79.9565424, 29.9208408 ], [ 79.9552715, 29.9215216 ], [ 79.9538406, 29.9212911 ], [ 79.9535226, 29.9222275 ], [ 79.953669, 29.9229513 ], [ 79.954011, 29.9231004 ], [ 79.9548665, 29.9223982 ], [ 79.9555262, 29.9224835 ], [ 79.957163, 29.9236546 ], [ 79.9554032, 29.9248674 ], [ 79.9554752, 29.9283156 ], [ 79.9537396, 29.9299754 ], [ 79.9531037, 29.9314864 ], [ 79.9535434, 29.9321038 ], [ 79.9541787, 29.932104 ], [ 79.955621, 29.9306357 ], [ 79.9560365, 29.9306358 ], [ 79.9583575, 29.9319987 ], [ 79.9599688, 29.932485 ], [ 79.9607965, 29.9316437 ], [ 79.9614827, 29.928421 ], [ 79.9627332, 29.9274984 ], [ 79.969631, 29.9269561 ], [ 79.9752392, 29.9255525 ], [ 79.977236, 29.9261997 ], [ 79.9789751, 29.9280587 ], [ 79.9794764, 29.9300525 ], [ 79.9794333, 29.9318299 ], [ 79.9784203, 29.9331339 ], [ 79.9773781, 29.9335946 ], [ 79.9786622, 29.9349122 ], [ 79.9793469, 29.9367767 ], [ 79.9787537, 29.937408 ], [ 79.9786759, 29.9385913 ], [ 79.9778908, 29.9396228 ], [ 79.9787896, 29.9411268 ], [ 79.9790034, 29.9428669 ], [ 79.9787816, 29.9439384 ], [ 79.9795823, 29.9452884 ], [ 79.9792061, 29.9462746 ], [ 79.9803015, 29.9465088 ], [ 79.9810006, 29.947615 ], [ 79.9794448, 29.948895 ], [ 79.9781317, 29.949305 ], [ 79.9764333, 29.9492923 ], [ 79.9740355, 29.9500004 ], [ 79.9730844, 29.9507713 ], [ 79.9737576, 29.951692 ], [ 79.9761185, 29.9536175 ], [ 79.9755576, 29.9546856 ], [ 79.9774818, 29.9536699 ], [ 79.9814658, 29.953 ], [ 79.9838491, 29.9509463 ], [ 79.9873993, 29.9491641 ], [ 79.993595, 29.9483769 ], [ 79.9956358, 29.9485047 ], [ 79.9972244, 29.9500106 ], [ 79.9976582, 29.9538204 ], [ 79.9985943, 29.9551783 ], [ 79.9995202, 29.9580811 ], [ 79.9992527, 29.9589591 ], [ 79.9956901, 29.9612256 ], [ 79.9947699, 29.9605845 ], [ 79.994181, 29.961108 ], [ 79.9936042, 29.9641955 ], [ 79.9938126, 29.9665031 ], [ 79.9955255, 29.9681537 ], [ 79.9962665, 29.9682979 ], [ 79.9973954, 29.9678813 ], [ 79.9984157, 29.9685336 ], [ 79.9998812, 29.9680073 ], [ 80.0025242, 29.9664181 ], [ 80.0075846, 29.9648821 ], [ 80.011448, 29.9642055 ], [ 80.0129178, 29.9635837 ], [ 80.0137367, 29.9636202 ] ] ] } },
{ "type": "Feature", "properties": { "gp_code": "22024", "gp_name": "JOPHARA", "blkname": "KAPKOTE", "dtname": "Bageshwar", "SHAPE_Area": 5919919.8029598696 }, "geometry": { "type": "Polygon", "coordinates": [ [ [ 79.9943461, 29.9671506 ], [ 79.9938126, 29.9665031 ], [ 79.9935796, 29.9647831 ], [ 79.994181, 29.961108 ], [ 79.9947699, 29.9605845 ], [ 79.9956901, 29.9612256 ], [ 79.9992527, 29.9589591 ], [ 79.9995202, 29.9580811 ], [ 79.9985943, 29.9551783 ], [ 79.9976582, 29.9538204 ], [ 79.9972244, 29.9500106 ], [ 79.9963201, 29.9489251 ], [ 79.9956358, 29.9485047 ], [ 79.993595, 29.9483769 ], [ 79.9873993, 29.9491641 ], [ 79.9838491, 29.9509463 ], [ 79.9814658, 29.953 ], [ 79.9774818, 29.9536699 ], [ 79.9755576, 29.9546856 ], [ 79.9745538, 29.9591747 ], [ 79.9743374, 29.962191 ], [ 79.9749297, 29.9655184 ], [ 79.9769244, 29.9688709 ], [ 79.9794931, 29.9713842 ], [ 79.984352, 29.9721325 ], [ 79.9868945, 29.970523 ], [ 79.9879351, 29.9704021 ], [ 79.9890394, 29.9697612 ], [ 79.9914812, 29.9695797 ], [ 79.9943461, 29.9671506 ] ] ] } },
{ "type": "Feature", "properties": { "gp_code": "22029", "gp_name": "KHARKKANATOLI", "blkname": "KAPKOTE", "dtname": "Bageshwar", "SHAPE_Area": 5276402.5929616252 }, "geometry": { "type": "Polygon", "coordinates": [ [ [ 79.9607965, 29.9316437 ], [ 79.9588837, 29.9342994 ], [ 79.9586978, 29.935505 ], [ 79.9556571, 29.9384872 ], [ 79.9558423, 29.9392082 ], [ 79.9567125, 29.9401406 ], [ 79.9586816, 29.9411851 ], [ 79.9638313, 29.941322 ], [ 79.9679807, 29.9426354 ], [ 79.9697267, 29.9442699 ], [ 79.9702114, 29.9464575 ], [ 79.9730844, 29.9507713 ], [ 79.9740355, 29.9500004 ], [ 79.9764333, 29.9492923 ], [ 79.9781317, 29.949305 ], [ 79.9794448, 29.948895 ], [ 79.9810006, 29.947615 ], [ 79.9803015, 29.9465088 ], [ 79.9792061, 29.9462746 ], [ 79.9795823, 29.9452884 ], [ 79.9787816, 29.9439384 ], [ 79.9790034, 29.9428669 ], [ 79.9787896, 29.9411268 ], [ 79.9779476, 29.9399631 ], [ 79.9778908, 29.9396228 ], [ 79.9786759, 29.9385913 ], [ 79.9787537, 29.937408 ], [ 79.9793469, 29.9367767 ], [ 79.9786622, 29.9349122 ], [ 79.9773781, 29.9335946 ], [ 79.9790479, 29.9325507 ], [ 79.9794333, 29.9318299 ], [ 79.9794764, 29.9300525 ], [ 79.9789751, 29.9280587 ], [ 79.977236, 29.9261997 ], [ 79.9752392, 29.9255525 ], [ 79.969631, 29.9269561 ], [ 79.9627332, 29.9274984 ], [ 79.9614827, 29.928421 ], [ 79.9607965, 29.9316437 ] ] ] } },
{ "type": "Feature", "properties": { "gp_code": "22013", "gp_name": "GULAIR", "blkname": "KAPKOTE", "dtname": "Bageshwar", "SHAPE_Area": 4025680.8636833192 }, "geometry": { "type": "Polygon", "coordinates": [ [ [ 79.9755576, 29.9546856 ], [ 79.9761185, 29.9536175 ], [ 79.9737576, 29.951692 ], [ 79.9702114, 29.9464575 ], [ 79.9697267, 29.9442699 ], [ 79.9679807, 29.9426354 ], [ 79.9638313, 29.941322 ], [ 79.9586816, 29.9411851 ], [ 79.9567125, 29.9401406 ], [ 79.9558423, 29.9392082 ], [ 79.9556571, 29.9384872 ], [ 79.9516738, 29.9428611 ], [ 79.9495327, 29.9440288 ], [ 79.9471634, 29.9445749 ], [ 79.9489322, 29.9464523 ], [ 79.9497805, 29.948431 ], [ 79.9513142, 29.9501195 ], [ 79.9541251, 29.9520468 ], [ 79.9560087, 29.95288 ], [ 79.9602616, 29.95395 ], [ 79.9610194, 29.9544798 ], [ 79.9647972, 29.9556422 ], [ 79.9675301, 29.9561971 ], [ 79.9709646, 29.9563553 ], [ 79.9755576, 29.9546856 ] ] ] } },
{ "type": "Feature", "properties": { "gp_code": "22045", "gp_name": "MALLADESH", "blkname": "KAPKOTE", "dtname": "Bageshwar", "SHAPE_Area": 7223756.3334099595 }, "geometry": { "type": "Polygon", "coordinates": [ [ [ 79.9791243, 29.9754864 ], [ 79.9796278, 29.9728157 ], [ 79.9793579, 29.9723029 ], [ 79.9794931, 29.9713842 ], [ 79.9769244, 29.9688709 ], [ 79.9752486, 29.9662556 ], [ 79.9745252, 29.9634458 ], [ 79.9745538, 29.9591747 ], [ 79.9755576, 29.9546856 ], [ 79.9709646, 29.9563553 ], [ 79.9675301, 29.9561971 ], [ 79.9610194, 29.9544798 ], [ 79.9602212, 29.9567765 ], [ 79.9583809, 29.9568509 ], [ 79.9569484, 29.9581782 ], [ 79.9564292, 29.9594144 ], [ 79.956564, 29.9598845 ], [ 79.9546737, 29.9623091 ], [ 79.9549431, 29.9637621 ], [ 79.954685, 29.9649906 ], [ 79.9556659, 29.9667643 ], [ 79.9552443, 29.9673371 ], [ 79.9527089, 29.9667314 ], [ 79.9504765, 29.9650962 ], [ 79.9442432, 29.9658634 ], [ 79.9379991, 29.9635963 ], [ 79.9375564, 29.9655512 ], [ 79.9354799, 29.9684546 ], [ 79.9353156, 29.9698367 ], [ 79.9359822, 29.9726656 ], [ 79.9371965, 29.9734779 ], [ 79.9386556, 29.9757754 ], [ 79.9391708, 29.9759785 ], [ 79.9400421, 29.9758186 ], [ 79.9407419, 29.9751779 ], [ 79.9421039, 29.9751677 ], [ 79.9462264, 29.9762054 ], [ 79.9483492, 29.9761633 ], [ 79.9491839, 29.9753944 ], [ 79.9564736, 29.9728967 ], [ 79.9615659, 29.9726522 ], [ 79.9632348, 29.972033 ], [ 79.9684498, 29.971767 ], [ 79.9694929, 29.9710514 ], [ 79.970119, 29.9697909 ], [ 79.9714198, 29.9688724 ], [ 79.972185, 29.9688537 ], [ 79.9738004, 29.9699408 ], [ 79.9791243, 29.9754864 ] ] ] } },
{ "type": "Feature", "properties": { "gp_code": "21983", "gp_name": "BARAIT", "blkname": "KAPKOTE", "dtname": "Bageshwar", "SHAPE_Area": 18472780.637544744 }, "geometry": { "type": "Polygon", "coordinates": [ [ [ 79.9228306, 29.988727 ], [ 79.922781, 29.9894427 ], [ 79.9244504, 29.9928681 ], [ 79.9248891, 29.995039 ], [ 79.9246932, 29.9956774 ], [ 79.9230786, 29.9970813 ], [ 79.9216604, 29.9972083 ], [ 79.9213174, 29.9983148 ], [ 79.9265492, 29.9992111 ], [ 79.9266342, 30.0001266 ], [ 79.9289895, 30.0014881 ], [ 79.9297728, 30.0029042 ], [ 79.9303846, 30.0032919 ], [ 79.9328673, 30.0035074 ], [ 79.9336658, 30.0039942 ], [ 79.9344548, 30.0059246 ], [ 79.9354092, 30.0072053 ], [ 79.9360679, 30.0079674 ], [ 79.9384013, 30.0095091 ], [ 79.9402766, 30.0078255 ], [ 79.9460397, 30.0071504 ], [ 79.9465681, 30.0139573 ], [ 79.9509071, 30.0144917 ], [ 79.9539982, 30.0166371 ], [ 79.955144, 30.0170063 ], [ 79.9558643, 30.0166585 ], [ 79.9562731, 30.0159005 ], [ 79.956441, 30.012084 ], [ 79.9581417, 30.0065388 ], [ 79.9600376, 30.0051933 ], [ 79.9703826, 30.0048299 ], [ 79.9775561, 30.0054662 ], [ 79.9783475, 30.0012751 ], [ 79.9796645, 29.9970883 ], [ 79.9765075, 29.9919484 ], [ 79.9764463, 29.9913822 ], [ 79.977723, 29.989139 ], [ 79.977895, 29.9879639 ], [ 79.9776915, 29.9844399 ], [ 79.9767674, 29.9802721 ], [ 79.9769413, 29.9785944 ], [ 79.9773691, 29.9779326 ], [ 79.9762674, 29.9777482 ], [ 79.9751725, 29.978819 ], [ 79.9748534, 29.9787014 ], [ 79.974573, 29.9781425 ], [ 79.9749028, 29.977099 ], [ 79.9741176, 29.9766715 ], [ 79.9723504, 29.9777716 ], [ 79.9610484, 29.9794358 ], [ 79.9546788, 29.9818379 ], [ 79.9519668, 29.9820935 ], [ 79.9502366, 29.9818152 ], [ 79.9488134, 29.9813233 ], [ 79.9456973, 29.9793994 ], [ 79.9452184, 29.9801577 ], [ 79.9454504, 29.9828926 ], [ 79.945155, 29.9848902 ], [ 79.9443934, 29.9865458 ], [ 79.9430679, 29.9868979 ], [ 79.9406016, 29.9861172 ], [ 79.9394348, 29.9881678 ], [ 79.9385016, 29.9892571 ], [ 79.9376042, 29.9896559 ], [ 79.932096, 29.9884854 ], [ 79.9291374, 29.9903857 ], [ 79.927051, 29.9905771 ], [ 79.9256276, 29.99032 ], [ 79.9241311, 29.9891122 ], [ 79.9228306, 29.988727 ] ] ] } },
{ "type": "Feature", "properties": { "gp_code": "", "gp_name": "", "blkname": "KAPKOTE", "dtname": "Bageshwar", "SHAPE_Area": 12450465.076834105 }, "geometry": { "type": "Polygon", "coordinates": [ [ [ 79.9773691, 29.9779326 ], [ 79.9786332, 29.9768538 ], [ 79.9791243, 29.9754864 ], [ 79.9738004, 29.9699408 ], [ 79.972185, 29.9688537 ], [ 79.9714198, 29.9688724 ], [ 79.970119, 29.9697909 ], [ 79.9694929, 29.9710514 ], [ 79.9684498, 29.971767 ], [ 79.9632348, 29.972033 ], [ 79.9615659, 29.9726522 ], [ 79.9564736, 29.9728967 ], [ 79.9491839, 29.9753944 ], [ 79.9483492, 29.9761633 ], [ 79.9462264, 29.9762054 ], [ 79.9421039, 29.9751677 ], [ 79.9407419, 29.9751779 ], [ 79.9396494, 29.9759787 ], [ 79.9386556, 29.9757754 ], [ 79.9371965, 29.9734779 ], [ 79.9359822, 29.9726656 ], [ 79.9345343, 29.972665 ], [ 79.9330622, 29.9720341 ], [ 79.9304734, 29.971627 ], [ 79.9276765, 29.9697752 ], [ 79.9265789, 29.9675894 ], [ 79.9264966, 29.9651275 ], [ 79.9268218, 29.9632498 ], [ 79.9263932, 29.961818 ], [ 79.9245101, 29.9597411 ], [ 79.9218191, 29.9581622 ], [ 79.9204827, 29.9568047 ], [ 79.9194891, 29.9564837 ], [ 79.9190235, 29.9555754 ], [ 79.9192573, 29.9545285 ], [ 79.9181172, 29.953107 ], [ 79.9170748, 29.9526151 ], [ 79.915639, 29.9530844 ], [ 79.9154671, 29.9534155 ], [ 79.9158925, 29.9592596 ], [ 79.9163652, 29.9606986 ], [ 79.9160623, 29.962048 ], [ 79.9155219, 29.962849 ], [ 79.9103173, 29.9661367 ], [ 79.9101819, 29.9667242 ], [ 79.9106724, 29.9672159 ], [ 79.9122551, 29.967377 ], [ 79.9130644, 29.9679757 ], [ 79.9128306, 29.9690546 ], [ 79.9099705, 29.9705807 ], [ 79.9098716, 29.9715849 ], [ 79.9112924, 29.9751111 ], [ 79.9142894, 29.9786463 ], [ 79.9165616, 29.9806108 ], [ 79.9183458, 29.9811597 ], [ 79.9212783, 29.9830341 ], [ 79.9223416, 29.9831729 ], [ 79.9237951, 29.9850571 ], [ 79.9240993, 29.9873664 ], [ 79.9238422, 29.9879728 ], [ 79.9228306, 29.988727 ], [ 79.9241311, 29.9891122 ], [ 79.9256276, 29.99032 ], [ 79.927051, 29.9905771 ], [ 79.9291374, 29.9903857 ], [ 79.932096, 29.9884854 ], [ 79.9376042, 29.9896559 ], [ 79.9380597, 29.989524 ], [ 79.9394348, 29.9881678 ], [ 79.9406016, 29.9861172 ], [ 79.9419513, 29.9866411 ], [ 79.9438901, 29.9868768 ], [ 79.9443934, 29.9865458 ], [ 79.945155, 29.9848902 ], [ 79.9454504, 29.9828926 ], [ 79.9452184, 29.9801577 ], [ 79.9456973, 29.9793994 ], [ 79.9488134, 29.9813233 ], [ 79.9519668, 29.9820935 ], [ 79.9546788, 29.9818379 ], [ 79.9610484, 29.9794358 ], [ 79.9723504, 29.9777716 ], [ 79.9741176, 29.9766715 ], [ 79.9749028, 29.977099 ], [ 79.974573, 29.9781425 ], [ 79.9748534, 29.9787014 ], [ 79.9751725, 29.978819 ], [ 79.9762674, 29.9777482 ], [ 79.9773691, 29.9779326 ] ] ] } },
{ "type": "Feature", "properties": { "gp_code": "21996", "gp_name": "CHIRABAGAR", "blkname": "KAPKOTE", "dtname": "Bageshwar", "SHAPE_Area": 7660088.9463905152 }, "geometry": { "type": "Polygon", "coordinates": [ [ [ 79.922977, 29.9899983 ], [ 79.9228306, 29.988727 ], [ 79.9186836, 29.9879703 ], [ 79.916086, 29.9879531 ], [ 79.9150297, 29.9863882 ], [ 79.9140275, 29.9860791 ], [ 79.9128974, 29.9852432 ], [ 79.9126291, 29.9843651 ], [ 79.913082, 29.9834715 ], [ 79.914568, 29.9822911 ], [ 79.9159557, 29.9817385 ], [ 79.9165616, 29.9806108 ], [ 79.9142894, 29.9786463 ], [ 79.9112924, 29.9751111 ], [ 79.9096473, 29.9762533 ], [ 79.9094389, 29.9760929 ], [ 79.9088389, 29.9743192 ], [ 79.9067551, 29.9714656 ], [ 79.903689, 29.969637 ], [ 79.9020091, 29.9682151 ], [ 79.9012387, 29.964999 ], [ 79.9005647, 29.9639837 ], [ 79.8983115, 29.9660815 ], [ 79.8996613, 29.9696055 ], [ 79.901616, 29.97207 ], [ 79.901944, 29.9729157 ], [ 79.9018817, 29.9740374 ], [ 79.901341, 29.975084 ], [ 79.8994046, 29.9769428 ], [ 79.9001608, 29.9777861 ], [ 79.9002872, 29.9793787 ], [ 79.9014358, 29.9792718 ], [ 79.9034006, 29.9774462 ], [ 79.9057945, 29.9760054 ], [ 79.9065432, 29.9758135 ], [ 79.9074879, 29.9760491 ], [ 79.9079415, 29.976498 ], [ 79.909631, 29.9818618 ], [ 79.9102913, 29.985003 ], [ 79.9112208, 29.9871176 ], [ 79.910471, 29.9910282 ], [ 79.9096359, 29.991925 ], [ 79.9073278, 29.9931309 ], [ 79.9038047, 29.9942292 ], [ 79.9033748, 29.994763 ], [ 79.9017547, 29.9948368 ], [ 79.8993867, 29.9958307 ], [ 79.8964009, 29.9983374 ], [ 79.8948505, 30.0022555 ], [ 79.8938038, 30.003203 ], [ 79.890352, 30.0038395 ], [ 79.8835261, 30.0040566 ], [ 79.8801417, 30.0050402 ], [ 79.8797737, 30.0052613 ], [ 79.8792918, 30.0065154 ], [ 79.8806705, 30.0069348 ], [ 79.882044, 30.0079092 ], [ 79.8841955, 30.01219 ], [ 79.8848123, 30.0128847 ], [ 79.8858128, 30.0135838 ], [ 79.8891615, 30.014797 ], [ 79.8927028, 30.0200024 ], [ 79.89375, 30.020927 ], [ 79.896311, 30.0212243 ], [ 79.9005765, 30.01835 ], [ 79.9011412, 30.0175289 ], [ 79.9016538, 30.0150792 ], [ 79.9045344, 30.0101976 ], [ 79.9059891, 30.0044954 ], [ 79.9052055, 30.0014957 ], [ 79.9007466, 29.9999861 ], [ 79.899479, 29.9989229 ], [ 79.8993839, 29.9981729 ], [ 79.9001504, 29.9973402 ], [ 79.9042674, 29.9965094 ], [ 79.9055602, 29.9958019 ], [ 79.9066382, 29.994386 ], [ 79.9090788, 29.9949915 ], [ 79.9105389, 29.9945965 ], [ 79.9112094, 29.9940344 ], [ 79.9124763, 29.9960349 ], [ 79.9126672, 29.9968891 ], [ 79.9132768, 29.9974606 ], [ 79.9136452, 29.9971297 ], [ 79.9136336, 29.9961789 ], [ 79.9143106, 29.9946105 ], [ 79.915636, 29.9934559 ], [ 79.9163979, 29.9919607 ], [ 79.915982, 29.9899201 ], [ 79.916154, 29.9896317 ], [ 79.9194549, 29.9900607 ], [ 79.922977, 29.9899983 ] ] ] } },
{ "type": "Feature", "properties": { "gp_code": "21983", "gp_name": "BARAIT", "blkname": "KAPKOTE", "dtname": "Bageshwar", "SHAPE_Area": 848070.02185256022 }, "geometry": { "type": "Polygon", "coordinates": [ [ [ 79.9228306, 29.988727 ], [ 79.9238422, 29.9879728 ], [ 79.9240993, 29.9873664 ], [ 79.9237951, 29.9850571 ], [ 79.9223416, 29.9831729 ], [ 79.9212783, 29.9830341 ], [ 79.9183458, 29.9811597 ], [ 79.9165616, 29.9806108 ], [ 79.9159557, 29.9817385 ], [ 79.9136202, 29.9828865 ], [ 79.9127761, 29.983897 ], [ 79.9126227, 29.9847695 ], [ 79.9128974, 29.9852432 ], [ 79.9140275, 29.9860791 ], [ 79.9150297, 29.9863882 ], [ 79.916086, 29.9879531 ], [ 79.9186836, 29.9879703 ], [ 79.9228306, 29.988727 ] ] ] } },
{ "type": "Feature", "properties": { "gp_code": "262905", "gp_name": "Kirouli", "blkname": "KAPKOTE", "dtname": "Bageshwar", "SHAPE_Area": 266551.46735233703 }, "geometry": { "type": "Polygon", "coordinates": [ [ [ 79.916028, 29.9583943 ], [ 79.915564, 29.9551997 ], [ 79.915639, 29.9530844 ], [ 79.9124491, 29.953275 ], [ 79.9126077, 29.9545144 ], [ 79.9119056, 29.9584669 ], [ 79.912433, 29.9586702 ], [ 79.9138889, 29.9583829 ], [ 79.9158925, 29.9592596 ], [ 79.916028, 29.9583943 ] ] ] } },
{ "type": "Feature", "properties": { "gp_code": "", "gp_name": "", "blkname": "KAPKOTE", "dtname": "Bageshwar", "SHAPE_Area": 2525054.2192006502 }, "geometry": { "type": "Polygon", "coordinates": [ [ [ 79.9112924, 29.9751111 ], [ 79.9098716, 29.9715849 ], [ 79.9099705, 29.9705807 ], [ 79.9128306, 29.9690546 ], [ 79.9130644, 29.9679757 ], [ 79.9122551, 29.967377 ], [ 79.9106724, 29.9672159 ], [ 79.9101819, 29.9667242 ], [ 79.9103173, 29.9661367 ], [ 79.9155219, 29.962849 ], [ 79.9160623, 29.962048 ], [ 79.9163652, 29.9606986 ], [ 79.9158925, 29.9592596 ], [ 79.9138889, 29.9583829 ], [ 79.912433, 29.9586702 ], [ 79.9112186, 29.9583383 ], [ 79.9096244, 29.9572905 ], [ 79.9059801, 29.9579294 ], [ 79.9037838, 29.9579109 ], [ 79.9016867, 29.9570081 ], [ 79.8998352, 29.955757 ], [ 79.8992806, 29.9588335 ], [ 79.8996465, 29.9614191 ], [ 79.899952, 29.962947 ], [ 79.9012387, 29.964999 ], [ 79.9020091, 29.9682151 ], [ 79.903689, 29.969637 ], [ 79.9067551, 29.9714656 ], [ 79.9088389, 29.9743192 ], [ 79.9096473, 29.9762533 ], [ 79.9112924, 29.9751111 ] ] ] } },
{ "type": "Feature", "properties": { "gp_code": "", "gp_name": "", "blkname": "KAPKOTE", "dtname": "Bageshwar", "SHAPE_Area": 917017.94426693639 }, "geometry": { "type": "Polygon", "coordinates": [ [ [ 79.9124491, 29.953275 ], [ 79.9074608, 29.9527617 ], [ 79.90632, 29.952271 ], [ 79.905188, 29.9509206 ], [ 79.9019882, 29.9521271 ], [ 79.8997903, 29.953909 ], [ 79.8992835, 29.9552545 ], [ 79.9016867, 29.9570081 ], [ 79.9037838, 29.9579109 ], [ 79.9059801, 29.9579294 ], [ 79.9096244, 29.9572905 ], [ 79.9112186, 29.9583383 ], [ 79.9119056, 29.9584669 ], [ 79.9126077, 29.9545144 ], [ 79.9124491, 29.953275 ] ] ] } },
{ "type": "Feature", "properties": { "gp_code": "", "gp_name": "", "blkname": "KAPKOTE", "dtname": "Bageshwar", "SHAPE_Area": 366729.36732347152 }, "geometry": { "type": "Polygon", "coordinates": [ [ [ 79.9091312, 29.9487607 ], [ 79.9090423, 29.9481379 ], [ 79.9083786, 29.947715 ], [ 79.9032835, 29.9477343 ], [ 79.9054469, 29.9499385 ], [ 79.905188, 29.9509206 ], [ 79.90632, 29.952271 ], [ 79.9088675, 29.9530076 ], [ 79.911431, 29.9531035 ], [ 79.9104692, 29.9504266 ], [ 79.9091312, 29.9487607 ] ] ] } },
{ "type": "Feature", "properties": { "gp_code": "21992", "gp_name": "BHAYUN", "blkname": "KAPKOTE", "dtname": "Bageshwar", "SHAPE_Area": 1319517.2086572214 }, "geometry": { "type": "Polygon", "coordinates": [ [ [ 79.9096425, 29.9480604 ], [ 79.9111521, 29.9472071 ], [ 79.9123119, 29.9473168 ], [ 79.9134869, 29.9469838 ], [ 79.9122268, 29.9452386 ], [ 79.9078444, 29.94479 ], [ 79.9052807, 29.9430826 ], [ 79.9043352, 29.9418298 ], [ 79.9044397, 29.9388162 ], [ 79.9027415, 29.9387373 ], [ 79.9019758, 29.9382587 ], [ 79.8992735, 29.9346353 ], [ 79.8984784, 29.9346719 ], [ 79.89756, 29.9356092 ], [ 79.8966717, 29.9352846 ], [ 79.8954403, 29.935808 ], [ 79.8944559, 29.9372642 ], [ 79.897339, 29.9403354 ], [ 79.8981676, 29.9419929 ], [ 79.8996473, 29.9438843 ], [ 79.9032835, 29.9477343 ], [ 79.9083786, 29.947715 ], [ 79.9090423, 29.9481379 ], [ 79.9091312, 29.9487607 ], [ 79.9096425, 29.9480604 ] ] ] } },
{ "type": "Feature", "properties": { "gp_code": "", "gp_name": "", "blkname": "KAPKOTE", "dtname": "Bageshwar", "SHAPE_Area": 818927.58970381203 }, "geometry": { "type": "Polygon", "coordinates": [ [ [ 79.9192573, 29.9545285 ], [ 79.9210844, 29.9522703 ], [ 79.9215721, 29.9484176 ], [ 79.9170713, 29.9486141 ], [ 79.9134869, 29.9469838 ], [ 79.9123119, 29.9473168 ], [ 79.9111521, 29.9472071 ], [ 79.9096425, 29.9480604 ], [ 79.9091312, 29.9487607 ], [ 79.9104692, 29.9504266 ], [ 79.911431, 29.9531035 ], [ 79.9117512, 29.9532972 ], [ 79.9150992, 29.953191 ], [ 79.9170748, 29.9526151 ], [ 79.9181172, 29.953107 ], [ 79.9192573, 29.9545285 ] ] ] } },
{ "type": "Feature", "properties": { "gp_code": "21992", "gp_name": "BHAYUN", "blkname": "KAPKOTE", "dtname": "Bageshwar", "SHAPE_Area": 381311.49788842804 }, "geometry": { "type": "Polygon", "coordinates": [ [ [ 79.9253675, 29.9500351 ], [ 79.925026, 29.9481955 ], [ 79.9215721, 29.9484176 ], [ 79.9213993, 29.9508038 ], [ 79.9210844, 29.9522703 ], [ 79.9203746, 29.9530975 ], [ 79.9205091, 29.9538988 ], [ 79.921392, 29.9545189 ], [ 79.9250473, 29.9557278 ], [ 79.9246794, 29.9549814 ], [ 79.9253675, 29.9500351 ] ] ] } },
{ "type": "Feature", "properties": { "gp_code": "22005", "gp_name": "FARSALIPALLI", "blkname": "KAPKOTE", "dtname": "Bageshwar", "SHAPE_Area": 2864590.8897110843 }, "geometry": { "type": "Polygon", "coordinates": [ [ [ 79.9418128, 29.9452303 ], [ 79.9386997, 29.94579 ], [ 79.938042, 29.945461 ], [ 79.9317353, 29.945687 ], [ 79.925026, 29.9481955 ], [ 79.9253675, 29.9500351 ], [ 79.9246794, 29.9549814 ], [ 79.9250473, 29.9557278 ], [ 79.9277826, 29.9568081 ], [ 79.9298793, 29.9590312 ], [ 79.9304438, 29.9587323 ], [ 79.9310533, 29.9574315 ], [ 79.9314874, 29.95744 ], [ 79.9340629, 29.9593107 ], [ 79.9360378, 29.9599418 ], [ 79.9387505, 29.9586289 ], [ 79.9390787, 29.9587285 ], [ 79.9396499, 29.9581197 ], [ 79.9395218, 29.9575107 ], [ 79.9417074, 29.9535467 ], [ 79.9416937, 29.9523287 ], [ 79.9425793, 29.9507878 ], [ 79.942509, 29.948476 ], [ 79.9418128, 29.9452303 ] ] ] } },
{ "type": "Feature", "properties": { "gp_code": "262905", "gp_name": "Kirouli", "blkname": "KAPKOTE", "dtname": "Bageshwar", "SHAPE_Area": 2268375.6138063306 }, "geometry": { "type": "Polygon", "coordinates": [ [ [ 79.9359822, 29.9726656 ], [ 79.9353156, 29.9698367 ], [ 79.9354799, 29.9684546 ], [ 79.9375564, 29.9655512 ], [ 79.9379991, 29.9635963 ], [ 79.9378768, 29.9626561 ], [ 79.9369149, 29.9612458 ], [ 79.9360497, 29.9606576 ], [ 79.9360378, 29.9599418 ], [ 79.9340629, 29.9593107 ], [ 79.9314874, 29.95744 ], [ 79.9310533, 29.9574315 ], [ 79.9304438, 29.9587323 ], [ 79.9298793, 29.9590312 ], [ 79.9277826, 29.9568081 ], [ 79.921392, 29.9545189 ], [ 79.9205091, 29.9538988 ], [ 79.9203746, 29.9530975 ], [ 79.9190853, 29.9548276 ], [ 79.9191458, 29.9560883 ], [ 79.9204827, 29.9568047 ], [ 79.9218191, 29.9581622 ], [ 79.9245101, 29.9597411 ], [ 79.9263932, 29.961818 ], [ 79.9268218, 29.9632498 ], [ 79.9264966, 29.9651275 ], [ 79.9265789, 29.9675894 ], [ 79.9276765, 29.9697752 ], [ 79.9304734, 29.971627 ], [ 79.9325101, 29.971895 ], [ 79.9350986, 29.9727614 ], [ 79.9359822, 29.9726656 ] ] ] } },
{ "type": "Feature", "properties": { "gp_code": "22006", "gp_name": "FARSALIVALLI", "blkname": "KAPKOTE", "dtname": "Bageshwar", "SHAPE_Area": 4276981.9236854147 }, "geometry": { "type": "Polygon", "coordinates": [ [ [ 79.9610194, 29.9544798 ], [ 79.9602616, 29.95395 ], [ 79.9560087, 29.95288 ], [ 79.9524556, 29.9510644 ], [ 79.9497805, 29.948431 ], [ 79.9489322, 29.9464523 ], [ 79.9471634, 29.9445749 ], [ 79.9418128, 29.9452303 ], [ 79.942509, 29.948476 ], [ 79.9425793, 29.9507878 ], [ 79.9416937, 29.9523287 ], [ 79.9417074, 29.9535467 ], [ 79.9395218, 29.9575107 ], [ 79.9394071, 29.9585173 ], [ 79.9360378, 29.9599418 ], [ 79.9358771, 29.9603232 ], [ 79.9375233, 29.9620279 ], [ 79.9379991, 29.9635963 ], [ 79.9391153, 29.9641736 ], [ 79.9406857, 29.9643665 ], [ 79.9442432, 29.9658634 ], [ 79.9504765, 29.9650962 ], [ 79.9527089, 29.9667314 ], [ 79.9552443, 29.9673371 ], [ 79.9556659, 29.9667643 ], [ 79.954685, 29.9649906 ], [ 79.9549431, 29.9637621 ], [ 79.9546737, 29.9623091 ], [ 79.956564, 29.9598845 ], [ 79.9564292, 29.9594144 ], [ 79.9569484, 29.9581782 ], [ 79.9583809, 29.9568509 ], [ 79.9602212, 29.9567765 ], [ 79.9610194, 29.9544798 ] ] ] } },
{ "type": "Feature", "properties": { "gp_code": "243111", "gp_name": "BHAISURIKUTTER", "blkname": "KAPKOTE", "dtname": "Bageshwar", "SHAPE_Area": 1261434.9251493041 }, "geometry": { "type": "Polygon", "coordinates": [ [ [ 79.9386997, 29.94579 ], [ 79.948191, 29.9444137 ], [ 79.9504176, 29.9436438 ], [ 79.9516738, 29.9428611 ], [ 79.9535585, 29.9405747 ], [ 79.9580125, 29.9364246 ], [ 79.9589977, 29.9348464 ], [ 79.9588837, 29.9342994 ], [ 79.9548158, 29.9365232 ], [ 79.9478251, 29.9373529 ], [ 79.9452966, 29.9382976 ], [ 79.942384, 29.9412299 ], [ 79.9404119, 29.9440897 ], [ 79.939628, 29.944622 ], [ 79.9384434, 29.9446589 ], [ 79.938042, 29.945461 ], [ 79.9386997, 29.94579 ] ] ] } },
{ "type": "Feature", "properties": { "gp_code": "22049", "gp_name": "NARGARA", "blkname": "KAPKOTE", "dtname": "Bageshwar", "SHAPE_Area": 4233985.9470487833 }, "geometry": { "type": "Polygon", "coordinates": [ [ [ 79.9588837, 29.9342994 ], [ 79.9599688, 29.932485 ], [ 79.9583575, 29.9319987 ], [ 79.9560365, 29.9306358 ], [ 79.955621, 29.9306357 ], [ 79.9541787, 29.932104 ], [ 79.9531525, 29.931827 ], [ 79.9537396, 29.9299754 ], [ 79.9554752, 29.9283156 ], [ 79.9554032, 29.9248674 ], [ 79.957163, 29.9236546 ], [ 79.9555262, 29.9224835 ], [ 79.9548665, 29.9223982 ], [ 79.954011, 29.9231004 ], [ 79.953669, 29.9229513 ], [ 79.9535226, 29.9222275 ], [ 79.9542946, 29.9202017 ], [ 79.9523888, 29.9199457 ], [ 79.9509225, 29.9204135 ], [ 79.9461809, 29.9232217 ], [ 79.942955, 29.9241571 ], [ 79.9413419, 29.9250505 ], [ 79.9397778, 29.925348 ], [ 79.9391197, 29.9251099 ], [ 79.9374082, 29.93167 ], [ 79.9372456, 29.9354041 ], [ 79.9384909, 29.9405344 ], [ 79.9384434, 29.9446589 ], [ 79.939628, 29.944622 ], [ 79.9404119, 29.9440897 ], [ 79.942384, 29.9412299 ], [ 79.9452966, 29.9382976 ], [ 79.9478251, 29.9373529 ], [ 79.9548158, 29.9365232 ], [ 79.9588837, 29.9342994 ] ] ] } },
{ "type": "Feature", "properties": { "gp_code": "22014", "gp_name": "GULAMPARGAD", "blkname": "KAPKOTE", "dtname": "Bageshwar", "SHAPE_Area": 4268253.5476849601 }, "geometry": { "type": "Polygon", "coordinates": [ [ [ 79.9170713, 29.9486141 ], [ 79.925026, 29.9481955 ], [ 79.9317353, 29.945687 ], [ 79.938042, 29.945461 ], [ 79.9386154, 29.9432296 ], [ 79.9384909, 29.9405344 ], [ 79.9372456, 29.9354041 ], [ 79.9374082, 29.93167 ], [ 79.9391197, 29.9251099 ], [ 79.9385535, 29.9242004 ], [ 79.9370262, 29.9252191 ], [ 79.9359844, 29.9253802 ], [ 79.935813, 29.9258773 ], [ 79.9341147, 29.9262123 ], [ 79.9313885, 29.9276405 ], [ 79.9299736, 29.9315551 ], [ 79.9293024, 29.9323503 ], [ 79.9289843, 29.9337956 ], [ 79.9271888, 29.9351335 ], [ 79.9259726, 29.9369624 ], [ 79.9261562, 29.9375501 ], [ 79.9257999, 29.9384794 ], [ 79.9229901, 29.9395465 ], [ 79.9216039, 29.9396633 ], [ 79.9132837, 29.9441249 ], [ 79.9122268, 29.9452386 ], [ 79.9134869, 29.9469838 ], [ 79.9155136, 29.9481111 ], [ 79.9170713, 29.9486141 ] ] ] } },
{ "type": "Feature", "properties": { "gp_code": "", "gp_name": "", "blkname": "KAPKOTE", "dtname": "Bageshwar", "SHAPE_Area": 453534.71061906376 }, "geometry": { "type": "Polygon", "coordinates": [ [ [ 79.9392486, 29.903443 ], [ 79.9388346, 29.9040147 ], [ 79.9359522, 29.9050328 ], [ 79.9332833, 29.9068838 ], [ 79.9330996, 29.9074268 ], [ 79.934836, 29.9074103 ], [ 79.9360643, 29.9089483 ], [ 79.9361924, 29.9095325 ], [ 79.9353205, 29.9125775 ], [ 79.9356765, 29.9139076 ], [ 79.9364766, 29.911683 ], [ 79.9375191, 29.9099556 ], [ 79.9409161, 29.9071105 ], [ 79.9410451, 29.905793 ], [ 79.9406223, 29.9040857 ], [ 79.9401331, 29.9035677 ], [ 79.9392486, 29.903443 ] ] ] } },
{ "type": "Feature", "properties": { "gp_code": "22053", "gp_name": "PAPOLI", "blkname": "KAPKOTE", "dtname": "Bageshwar", "SHAPE_Area": 1563881.4910557147 }, "geometry": { "type": "Polygon", "coordinates": [ [ [ 79.9505479, 29.9033226 ], [ 79.9494638, 29.9030736 ], [ 79.9443276, 29.9034448 ], [ 79.9402622, 29.9020885 ], [ 79.9395343, 29.9027471 ], [ 79.9392486, 29.903443 ], [ 79.9401331, 29.9035677 ], [ 79.9406223, 29.9040857 ], [ 79.9410451, 29.905793 ], [ 79.9409161, 29.9071105 ], [ 79.9375191, 29.9099556 ], [ 79.9364766, 29.911683 ], [ 79.9356765, 29.9139076 ], [ 79.9361469, 29.9148152 ], [ 79.9387001, 29.9163326 ], [ 79.9398119, 29.9186822 ], [ 79.9409527, 29.9201244 ], [ 79.9417658, 29.92051 ], [ 79.9432782, 29.9205976 ], [ 79.9448172, 29.9194049 ], [ 79.9448256, 29.9176275 ], [ 79.9443316, 29.915017 ], [ 79.9432966, 29.9117725 ], [ 79.944497, 29.9073728 ], [ 79.9466807, 29.905509 ], [ 79.9496058, 29.9045155 ], [ 79.9505479, 29.9033226 ] ] ] } },
{ "type": "Feature", "properties": { "gp_code": "22061", "gp_name": "REMAQUTI", "blkname": "KAPKOTE", "dtname": "Bageshwar", "SHAPE_Area": 2936001.5133853704 }, "geometry": { "type": "Polygon", "coordinates": [ [ [ 79.9538406, 29.9212911 ], [ 79.9552715, 29.9215216 ], [ 79.9565424, 29.9208408 ], [ 79.9589316, 29.9188124 ], [ 79.9582469, 29.9183772 ], [ 79.9568069, 29.9151327 ], [ 79.9528856, 29.9088297 ], [ 79.9524441, 29.9065798 ], [ 79.9525164, 29.9042802 ], [ 79.9511802, 29.9024281 ], [ 79.9496058, 29.9045155 ], [ 79.9466807, 29.905509 ], [ 79.944497, 29.9073728 ], [ 79.9432966, 29.9117725 ], [ 79.9443316, 29.915017 ], [ 79.9448256, 29.9176275 ], [ 79.9448172, 29.9194049 ], [ 79.9432782, 29.9205976 ], [ 79.9417658, 29.92051 ], [ 79.9409527, 29.9201244 ], [ 79.9409092, 29.9214668 ], [ 79.9395102, 29.922846 ], [ 79.9389251, 29.92297 ], [ 79.9385535, 29.9242004 ], [ 79.9391197, 29.9251099 ], [ 79.9397778, 29.925348 ], [ 79.9413419, 29.9250505 ], [ 79.942955, 29.9241571 ], [ 79.9461809, 29.9232217 ], [ 79.9509225, 29.9204135 ], [ 79.9523888, 29.9199457 ], [ 79.9542946, 29.9202017 ], [ 79.9538406, 29.9212911 ] ] ] } },
{ "type": "Feature", "properties": { "gp_code": "22080", "gp_name": "UDIYAR", "blkname": "KAPKOTE", "dtname": "Bageshwar", "SHAPE_Area": 1742036.9834812493 }, "geometry": { "type": "Polygon", "coordinates": [ [ [ 79.9505479, 29.9033226 ], [ 79.9511802, 29.9024281 ], [ 79.9513919, 29.897692 ], [ 79.9509786, 29.8965234 ], [ 79.9480183, 29.8933711 ], [ 79.9479131, 29.8924702 ], [ 79.9459879, 29.8910774 ], [ 79.9428069, 29.8908526 ], [ 79.9415084, 29.8915358 ], [ 79.9406806, 29.8923062 ], [ 79.9392241, 29.8953635 ], [ 79.9394515, 29.8970168 ], [ 79.9404493, 29.8987573 ], [ 79.9392067, 29.9016655 ], [ 79.9392634, 29.9025108 ], [ 79.9395343, 29.9027471 ], [ 79.9402622, 29.9020885 ], [ 79.9443276, 29.9034448 ], [ 79.9494638, 29.9030736 ], [ 79.9505479, 29.9033226 ] ] ] } },
{ "type": "Feature", "properties": { "gp_code": "", "gp_name": "", "blkname": "KAPKOTE", "dtname": "Bageshwar", "SHAPE_Area": 399528.2453521287 }, "geometry": { "type": "Polygon", "coordinates": [ [ [ 79.9548733, 29.8963878 ], [ 79.9556303, 29.8936285 ], [ 79.9550742, 29.8931063 ], [ 79.9514512, 29.8918995 ], [ 79.9479131, 29.8924702 ], [ 79.9480183, 29.8933711 ], [ 79.9509786, 29.8965234 ], [ 79.9513919, 29.897692 ], [ 79.9548733, 29.8963878 ] ] ] } },
{ "type": "Feature", "properties": { "gp_code": "", "gp_name": "", "blkname": "KAPKOTE", "dtname": "Bageshwar", "SHAPE_Area": 179010.13287408053 }, "geometry": { "type": "Polygon", "coordinates": [ [ [ 79.9530554, 29.8782655 ], [ 79.9499021, 29.8776413 ], [ 79.9488883, 29.8781268 ], [ 79.9489869, 29.8795664 ], [ 79.9477473, 29.8798533 ], [ 79.9492513, 29.8811025 ], [ 79.9514047, 29.8815254 ], [ 79.9522401, 29.8808243 ], [ 79.9519838, 29.8795066 ], [ 79.9532964, 29.8786617 ], [ 79.9530554, 29.8782655 ] ] ] } },
{ "type": "Feature", "properties": { "gp_code": "", "gp_name": "", "blkname": "KAPKOTE", "dtname": "Bageshwar", "SHAPE_Area": 309692.13306103868 }, "geometry": { "type": "Polygon", "coordinates": [ [ [ 79.9514047, 29.8815254 ], [ 79.9492513, 29.8811025 ], [ 79.9477473, 29.8798533 ], [ 79.9439908, 29.8801816 ], [ 79.946249, 29.8811456 ], [ 79.946263, 29.8817298 ], [ 79.9439799, 29.8836309 ], [ 79.944436, 29.8843521 ], [ 79.9443359, 29.8849735 ], [ 79.9447917, 29.8863535 ], [ 79.9462755, 29.8859313 ], [ 79.946775, 29.8852976 ], [ 79.9469037, 29.8844772 ], [ 79.9481305, 29.884316 ], [ 79.949272, 29.8837197 ], [ 79.9492012, 29.8822529 ], [ 79.9498719, 29.8817558 ], [ 79.9514047, 29.8815254 ] ] ] } },
{ "type": "Feature", "properties": { "gp_code": "260012", "gp_name": "RAGDEV", "blkname": "KAPKOTE", "dtname": "Bageshwar", "SHAPE_Area": 713697.02028256422 }, "geometry": { "type": "Polygon", "coordinates": [ [ [ 79.9419401, 29.8836551 ], [ 79.9427248, 29.8833322 ], [ 79.9439799, 29.8836309 ], [ 79.946263, 29.8817298 ], [ 79.946249, 29.8811456 ], [ 79.9457927, 29.8807974 ], [ 79.9439908, 29.8801816 ], [ 79.9489869, 29.8795664 ], [ 79.9488883, 29.8781268 ], [ 79.9499021, 29.8776413 ], [ 79.9494744, 29.877057 ], [ 79.949635, 29.8766463 ], [ 79.9511725, 29.8752426 ], [ 79.9518861, 29.8739749 ], [ 79.9514726, 29.8736143 ], [ 79.950417, 29.8741236 ], [ 79.9490043, 29.8756024 ], [ 79.9467215, 29.8770685 ], [ 79.94384, 29.8776021 ], [ 79.9419287, 29.8774771 ], [ 79.9413289, 29.8789686 ], [ 79.9397595, 29.8796765 ], [ 79.9396735, 29.8805964 ], [ 79.9382514, 29.8825194 ], [ 79.9382511, 29.8832498 ], [ 79.9419401, 29.8836551 ] ] ] } },
{ "type": "Feature", "properties": { "gp_code": "", "gp_name": "", "blkname": "KAPKOTE", "dtname": "Bageshwar", "SHAPE_Area": 325088.70955328579 }, "geometry": { "type": "Polygon", "coordinates": [ [ [ 79.9447917, 29.8863535 ], [ 79.9443359, 29.8849735 ], [ 79.944436, 29.8843521 ], [ 79.9439799, 29.8836309 ], [ 79.9427248, 29.8833322 ], [ 79.9419401, 29.8836551 ], [ 79.9391871, 29.8834676 ], [ 79.9382511, 29.8832498 ], [ 79.9382514, 29.8825194 ], [ 79.9370235, 29.8828869 ], [ 79.9368476, 29.8837651 ], [ 79.9396426, 29.8854318 ], [ 79.9391857, 29.8863639 ], [ 79.9382011, 29.8869478 ], [ 79.9376872, 29.8876561 ], [ 79.9378868, 29.8880291 ], [ 79.9391707, 29.887781 ], [ 79.9411398, 29.886663 ], [ 79.9442673, 29.8869609 ], [ 79.9447917, 29.8863535 ] ] ] } },
{ "type": "Feature", "properties": { "gp_code": "", "gp_name": "", "blkname": "BAGESHWAR", "dtname": "Bageshwar", "SHAPE_Area": 202883.46110634319 }, "geometry": { "type": "Polygon", "coordinates": [ [ [ 79.9340936, 29.8855788 ], [ 79.9336946, 29.8849074 ], [ 79.9318689, 29.8845337 ], [ 79.9302023, 29.8803315 ], [ 79.9303442, 29.8816244 ], [ 79.9287163, 29.8847561 ], [ 79.9292151, 29.8856016 ], [ 79.930912, 29.8865968 ], [ 79.9328662, 29.8867468 ], [ 79.9340936, 29.8855788 ] ] ] } },
{ "type": "Feature", "properties": { "gp_code": "22017", "gp_name": "HORALI", "blkname": "KAPKOTE", "dtname": "Bageshwar", "SHAPE_Area": 745483.32986699347 }, "geometry": { "type": "Polygon", "coordinates": [ [ [ 79.9382514, 29.8825194 ], [ 79.9396735, 29.8805964 ], [ 79.9397595, 29.8796765 ], [ 79.9413289, 29.8789686 ], [ 79.9419287, 29.8774771 ], [ 79.9418434, 29.8768058 ], [ 79.9406902, 29.8759202 ], [ 79.9361385, 29.8757471 ], [ 79.9358355, 29.8764931 ], [ 79.9347573, 29.8772628 ], [ 79.9327001, 29.8774611 ], [ 79.9304886, 29.8785914 ], [ 79.9302023, 29.8803315 ], [ 79.9370235, 29.8828869 ], [ 79.9382514, 29.8825194 ] ] ] } },
{ "type": "Feature", "properties": { "gp_code": "", "gp_name": "", "blkname": "BAGESHWAR", "dtname": "Bageshwar", "SHAPE_Area": 237770.22891441543 }, "geometry": { "type": "Polygon", "coordinates": [ [ [ 79.9368476, 29.8837651 ], [ 79.9370235, 29.8828869 ], [ 79.9302023, 29.8803315 ], [ 79.9318689, 29.8845337 ], [ 79.9336946, 29.8849074 ], [ 79.9340936, 29.8855788 ], [ 79.9349446, 29.884769 ], [ 79.9368476, 29.8837651 ] ] ] } },
{ "type": "Feature", "properties": { "gp_code": "21823", "gp_name": "MAUUDIYAR", "blkname": "BAGESHWAR", "dtname": "Bageshwar", "SHAPE_Area": 665837.49484920851 }, "geometry": { "type": "Polygon", "coordinates": [ [ [ 79.9303442, 29.8816244 ], [ 79.9302023, 29.8803315 ], [ 79.9274344, 29.8814615 ], [ 79.9266038, 29.8814428 ], [ 79.9255804, 29.8808888 ], [ 79.9250096, 29.8809708 ], [ 79.9238692, 29.8801049 ], [ 79.9229707, 29.8799678 ], [ 79.9216007, 29.8809118 ], [ 79.9216565, 29.8830126 ], [ 79.9204883, 29.8839976 ], [ 79.9204143, 29.8848642 ], [ 79.9207705, 29.8854983 ], [ 79.9203417, 29.8868033 ], [ 79.9237651, 29.8869541 ], [ 79.9278676, 29.8854919 ], [ 79.9287163, 29.8847561 ], [ 79.9303442, 29.8816244 ] ] ] } },
{ "type": "Feature", "properties": { "gp_code": "", "gp_name": "", "blkname": "BAGESHWAR", "dtname": "Bageshwar", "SHAPE_Area": 734239.14598336909 }, "geometry": { "type": "Polygon", "coordinates": [ [ [ 79.9279699, 29.8926739 ], [ 79.9290512, 29.8924979 ], [ 79.9296681, 29.8917176 ], [ 79.9299329, 29.888649 ], [ 79.9301978, 29.8883119 ], [ 79.9325801, 29.8881886 ], [ 79.9330512, 29.8874927 ], [ 79.9328662, 29.8867468 ], [ 79.9301276, 29.886323 ], [ 79.9287163, 29.8847561 ], [ 79.9278676, 29.8854919 ], [ 79.9237651, 29.8869541 ], [ 79.9203417, 29.8868033 ], [ 79.9207265, 29.8874001 ], [ 79.9238354, 29.8886571 ], [ 79.9228642, 29.8905336 ], [ 79.9229496, 29.8909563 ], [ 79.924917, 29.892946 ], [ 79.9271077, 29.8932783 ], [ 79.9279699, 29.8926739 ] ] ] } },
{ "type": "Feature", "properties": { "gp_code": "22055", "gp_name": "POTHAN", "blkname": "KAPKOTE", "dtname": "Bageshwar", "SHAPE_Area": 1785444.7007629285 }, "geometry": { "type": "Polygon", "coordinates": [ [ [ 79.9326333, 29.895249 ], [ 79.9329283, 29.8948628 ], [ 79.933385, 29.8949806 ], [ 79.933661, 29.894168 ], [ 79.9347687, 29.8950008 ], [ 79.9382263, 29.893772 ], [ 79.9391964, 29.8936357 ], [ 79.9397526, 29.8939963 ], [ 79.9406806, 29.8923062 ], [ 79.9428069, 29.8908526 ], [ 79.9459879, 29.8910774 ], [ 79.9460456, 29.8896977 ], [ 79.9455181, 29.8889517 ], [ 79.9452907, 29.8871741 ], [ 79.9447917, 29.8863535 ], [ 79.9442673, 29.8869609 ], [ 79.9411398, 29.886663 ], [ 79.9383004, 29.8881411 ], [ 79.9376872, 29.8876561 ], [ 79.9382011, 29.8869478 ], [ 79.9391857, 29.8863639 ], [ 79.9396426, 29.8854318 ], [ 79.9368476, 29.8837651 ], [ 79.9349446, 29.884769 ], [ 79.9328662, 29.8867468 ], [ 79.9330512, 29.8874927 ], [ 79.9325801, 29.8881886 ], [ 79.9301978, 29.8883119 ], [ 79.9299329, 29.888649 ], [ 79.9296681, 29.8917176 ], [ 79.9290512, 29.8924979 ], [ 79.9284977, 29.8926866 ], [ 79.9289109, 29.8936066 ], [ 79.9288226, 29.8983549 ], [ 79.9292931, 29.8988896 ], [ 79.9301777, 29.8985792 ], [ 79.9304634, 29.8979827 ], [ 79.93209, 29.8975111 ], [ 79.932547, 29.8966039 ], [ 79.9326333, 29.895249 ] ] ] } },
{ "type": "Feature", "properties": { "gp_code": "260012", "gp_name": "RAGDEV", "blkname": "KAPKOTE", "dtname": "Bageshwar", "SHAPE_Area": 351532.5700191342 }, "geometry": { "type": "Polygon", "coordinates": [ [ [ 79.9397526, 29.8939963 ], [ 79.9391964, 29.8936357 ], [ 79.9382263, 29.893772 ], [ 79.9347687, 29.8950008 ], [ 79.9380234, 29.9000492 ], [ 79.9379365, 29.9025351 ], [ 79.9385497, 29.903219 ], [ 79.9392486, 29.903443 ], [ 79.9395343, 29.9027471 ], [ 79.9392067, 29.9016655 ], [ 79.9404493, 29.8987573 ], [ 79.9392522, 29.8961839 ], [ 79.9392241, 29.8953635 ], [ 79.9397526, 29.8939963 ] ] ] } },
{ "type": "Feature", "properties": { "gp_code": "22022", "gp_name": "JARTI", "blkname": "KAPKOTE", "dtname": "Bageshwar", "SHAPE_Area": 7503434.0250374209 }, "geometry": { "type": "Polygon", "coordinates": [ [ [ 79.9409527, 29.9201244 ], [ 79.9398119, 29.9186822 ], [ 79.9387001, 29.9163326 ], [ 79.9361469, 29.9148152 ], [ 79.9354198, 29.9136589 ], [ 79.9353205, 29.9125775 ], [ 79.9361924, 29.9095325 ], [ 79.9360643, 29.9089483 ], [ 79.934836, 29.9074103 ], [ 79.9330996, 29.9074268 ], [ 79.9338728, 29.9062757 ], [ 79.9359522, 29.9050328 ], [ 79.9388346, 29.9040147 ], [ 79.9392486, 29.903443 ], [ 79.9385497, 29.903219 ], [ 79.9379365, 29.9025351 ], [ 79.9380234, 29.9000492 ], [ 79.9375531, 29.8990173 ], [ 79.9347687, 29.8950008 ], [ 79.933661, 29.894168 ], [ 79.933385, 29.8949806 ], [ 79.9329283, 29.8948628 ], [ 79.9326333, 29.895249 ], [ 79.932547, 29.8966039 ], [ 79.93209, 29.8975111 ], [ 79.9304634, 29.8979827 ], [ 79.9301777, 29.8985792 ], [ 79.9292931, 29.8988896 ], [ 79.9288226, 29.8983549 ], [ 79.9289109, 29.8936066 ], [ 79.9284977, 29.8926866 ], [ 79.9279699, 29.8926739 ], [ 79.9271077, 29.8932783 ], [ 79.924917, 29.892946 ], [ 79.9229496, 29.8909563 ], [ 79.9228642, 29.8905336 ], [ 79.9238354, 29.8886571 ], [ 79.9214681, 29.8876615 ], [ 79.9216706, 29.8883551 ], [ 79.9209391, 29.889501 ], [ 79.9185701, 29.8910163 ], [ 79.9176872, 29.8912498 ], [ 79.9173995, 29.8921966 ], [ 79.9164689, 29.8928219 ], [ 79.9154435, 29.8945697 ], [ 79.914755, 29.8951586 ], [ 79.9148595, 29.8965412 ], [ 79.9155913, 29.8981593 ], [ 79.9156878, 29.8999049 ], [ 79.9152479, 29.9000962 ], [ 79.9139273, 29.9020751 ], [ 79.9102614, 29.9036696 ], [ 79.9104311, 29.905479 ], [ 79.9124205, 29.9102229 ], [ 79.9110986, 29.912157 ], [ 79.9144232, 29.9113734 ], [ 79.919254, 29.9126207 ], [ 79.9271744, 29.9162327 ], [ 79.9355293, 29.9190885 ], [ 79.9382163, 29.9207072 ], [ 79.9388511, 29.9217717 ], [ 79.9389251, 29.92297 ], [ 79.9395102, 29.922846 ], [ 79.9409092, 29.9214668 ], [ 79.9409527, 29.9201244 ] ] ] } },
{ "type": "Feature", "properties": { "gp_code": "21789", "gp_name": "JUNAYAL", "blkname": "BAGESHWAR", "dtname": "Bageshwar", "SHAPE_Area": 446514.87912799983 }, "geometry": { "type": "Polygon", "coordinates": [ [ [ 79.914755, 29.8951586 ], [ 79.9116584, 29.8976038 ], [ 79.9099711, 29.8997528 ], [ 79.9100333, 29.9003449 ], [ 79.9091049, 29.9003869 ], [ 79.9089573, 29.9017066 ], [ 79.9102614, 29.9036696 ], [ 79.9139273, 29.9020751 ], [ 79.9152479, 29.9000962 ], [ 79.9156878, 29.8999049 ], [ 79.9155913, 29.8981593 ], [ 79.9148595, 29.8965412 ], [ 79.914755, 29.8951586 ] ] ] } },
{ "type": "Feature", "properties": { "gp_code": "243090", "gp_name": "AKSHAURA", "blkname": "BAGESHWAR", "dtname": "Bageshwar", "SHAPE_Area": 714364.88012116484 }, "geometry": { "type": "Polygon", "coordinates": [ [ [ 79.9203417, 29.8868033 ], [ 79.9207705, 29.8854983 ], [ 79.9204143, 29.8848642 ], [ 79.9204883, 29.8839976 ], [ 79.9216565, 29.8830126 ], [ 79.9216007, 29.8809118 ], [ 79.9196619, 29.879183 ], [ 79.9165676, 29.8778017 ], [ 79.9151414, 29.877515 ], [ 79.9140125, 29.8805475 ], [ 79.9137831, 29.8821882 ], [ 79.9134545, 29.8828717 ], [ 79.9127554, 29.8831945 ], [ 79.913354, 29.8838164 ], [ 79.9133537, 29.8843012 ], [ 79.9140237, 29.8849603 ], [ 79.9147225, 29.8851472 ], [ 79.9162917, 29.884974 ], [ 79.9172908, 29.8842162 ], [ 79.9182458, 29.8851987 ], [ 79.9183162, 29.886678 ], [ 79.9189152, 29.8867901 ], [ 79.9196287, 29.8864051 ], [ 79.9203417, 29.8868033 ] ] ] } },
{ "type": "Feature", "properties": { "gp_code": "21789", "gp_name": "JUNAYAL", "blkname": "BAGESHWAR", "dtname": "Bageshwar", "SHAPE_Area": 953454.42504181771 }, "geometry": { "type": "Polygon", "coordinates": [ [ [ 79.914755, 29.8951586 ], [ 79.9154435, 29.8945697 ], [ 79.9164689, 29.8928219 ], [ 79.9173995, 29.8921966 ], [ 79.9176872, 29.8912498 ], [ 79.9205363, 29.8899491 ], [ 79.9216706, 29.8883551 ], [ 79.9214681, 29.8876615 ], [ 79.9207265, 29.8874001 ], [ 79.9196287, 29.8864051 ], [ 79.9189152, 29.8867901 ], [ 79.9183162, 29.886678 ], [ 79.9182458, 29.8851987 ], [ 79.9172908, 29.8842162 ], [ 79.9162917, 29.884974 ], [ 79.9147225, 29.8851472 ], [ 79.9136245, 29.8846742 ], [ 79.913354, 29.8838164 ], [ 79.9121564, 29.8830326 ], [ 79.9123543, 29.8855064 ], [ 79.9121391, 29.8873211 ], [ 79.9115673, 29.8890113 ], [ 79.9102258, 29.8897067 ], [ 79.90994, 29.8904275 ], [ 79.9136046, 29.8927167 ], [ 79.914755, 29.8951586 ] ] ] } },
{ "type": "Feature", "properties": { "gp_code": "21866", "gp_name": "SUNDIL", "blkname": "BAGESHWAR", "dtname": "Bageshwar", "SHAPE_Area": 1925713.2073632227 }, "geometry": { "type": "Polygon", "coordinates": [ [ [ 79.914755, 29.8951586 ], [ 79.9136046, 29.8927167 ], [ 79.90994, 29.8904275 ], [ 79.9102258, 29.8897067 ], [ 79.9115673, 29.8890113 ], [ 79.9121391, 29.8873211 ], [ 79.9123543, 29.8855064 ], [ 79.9121564, 29.8830326 ], [ 79.9089912, 29.8810544 ], [ 79.9077644, 29.8811532 ], [ 79.9074075, 29.8815632 ], [ 79.9075205, 29.8829928 ], [ 79.9072057, 29.8842729 ], [ 79.9067346, 29.8848196 ], [ 79.9059924, 29.885304 ], [ 79.9022466, 29.8861921 ], [ 79.9016831, 29.8871287 ], [ 79.9017253, 29.8878497 ], [ 79.9048176, 29.8920157 ], [ 79.902752, 29.8953701 ], [ 79.9041834, 29.8967056 ], [ 79.9051497, 29.8969363 ], [ 79.9063705, 29.8979587 ], [ 79.9099711, 29.8997528 ], [ 79.9116584, 29.8976038 ], [ 79.914755, 29.8951586 ] ] ] } },
{ "type": "Feature", "properties": { "gp_code": "", "gp_name": "", "blkname": "BAGESHWAR", "dtname": "Bageshwar", "SHAPE_Area": 4722880.8619053708 }, "geometry": { "type": "Polygon", "coordinates": [ [ [ 79.9089912, 29.8810544 ], [ 79.9127554, 29.8831945 ], [ 79.9134545, 29.8828717 ], [ 79.9151414, 29.877515 ], [ 79.9165676, 29.8778017 ], [ 79.9196619, 29.879183 ], [ 79.9216007, 29.8809118 ], [ 79.9229707, 29.8799678 ], [ 79.9238692, 29.8801049 ], [ 79.9250096, 29.8809708 ], [ 79.9261508, 29.8811377 ], [ 79.9273217, 29.8791245 ], [ 79.927765, 29.8771855 ], [ 79.9267244, 29.8760539 ], [ 79.9224043, 29.8733793 ], [ 79.9178258, 29.8733646 ], [ 79.9165132, 29.8738736 ], [ 79.9148573, 29.875787 ], [ 79.9145532, 29.8768394 ], [ 79.9140009, 29.8766443 ], [ 79.9125364, 29.8769122 ], [ 79.9120781, 29.8758802 ], [ 79.9100796, 29.8750511 ], [ 79.908311, 29.8749879 ], [ 79.9064298, 29.8754968 ], [ 79.9045742, 29.8746626 ], [ 79.9024578, 29.8773096 ], [ 79.9000636, 29.8787992 ], [ 79.8986513, 29.8789973 ], [ 79.8975522, 29.8799537 ], [ 79.8973935, 29.882129 ], [ 79.896865, 29.8830485 ], [ 79.8958944, 29.8837688 ], [ 79.8921135, 29.8846987 ], [ 79.8927856, 29.8827848 ], [ 79.8928296, 29.8814423 ], [ 79.8922458, 29.8801989 ], [ 79.891561, 29.8803476 ], [ 79.8892402, 29.882287 ], [ 79.8882786, 29.8821602 ], [ 79.8869248, 29.8807422 ], [ 79.8868128, 29.8784425 ], [ 79.8851411, 29.8795986 ], [ 79.8838733, 29.8796835 ], [ 79.8828159, 29.8816094 ], [ 79.8826379, 29.883511 ], [ 79.8833206, 29.8848738 ], [ 79.8848852, 29.8835552 ], [ 79.8859602, 29.8833856 ], [ 79.8874254, 29.883855 ], [ 79.8887435, 29.8850054 ], [ 79.8885742, 29.8865981 ], [ 79.8873722, 29.8886232 ], [ 79.88742, 29.8898153 ], [ 79.8884455, 29.8903268 ], [ 79.8899112, 29.890413 ], [ 79.8912307, 29.8900307 ], [ 79.8926005, 29.887903 ], [ 79.8937738, 29.8870523 ], [ 79.8949463, 29.8870956 ], [ 79.8953366, 29.887777 ], [ 79.8950915, 29.8887135 ], [ 79.895725, 29.8907148 ], [ 79.8966521, 29.8920778 ], [ 79.8999237, 29.8944213 ], [ 79.9017313, 29.8946779 ], [ 79.902752, 29.8953701 ], [ 79.9048176, 29.8920157 ], [ 79.9017253, 29.8878497 ], [ 79.9016831, 29.8871287 ], [ 79.9022466, 29.8861921 ], [ 79.9059924, 29.885304 ], [ 79.9067346, 29.8848196 ], [ 79.9072057, 29.8842729 ], [ 79.9075205, 29.8829928 ], [ 79.9074075, 29.8815632 ], [ 79.9077644, 29.8811532 ], [ 79.9089912, 29.8810544 ] ] ] } },
{ "type": "Feature", "properties": { "gp_code": "21833", "gp_name": "NAUGAON", "blkname": "BAGESHWAR", "dtname": "Bageshwar", "SHAPE_Area": 721562.09553322941 }, "geometry": { "type": "Polygon", "coordinates": [ [ [ 79.8975522, 29.8799537 ], [ 79.8986513, 29.8789973 ], [ 79.9000636, 29.8787992 ], [ 79.9009912, 29.8782902 ], [ 79.9027778, 29.876848 ], [ 79.9014356, 29.8755184 ], [ 79.9011071, 29.8760651 ], [ 79.8994949, 29.8766111 ], [ 79.8961869, 29.8754654 ], [ 79.8949224, 29.8760613 ], [ 79.8933335, 29.8760602 ], [ 79.8922458, 29.8801989 ], [ 79.8928296, 29.8814423 ], [ 79.8927856, 29.8827848 ], [ 79.8921135, 29.8846987 ], [ 79.8949383, 29.8841536 ], [ 79.896865, 29.8830485 ], [ 79.8973935, 29.882129 ], [ 79.8975522, 29.8799537 ] ] ] } },
{ "type": "Feature", "properties": { "gp_code": "21986", "gp_name": "BASKUNA", "blkname": "KAPKOTE", "dtname": "Bageshwar", "SHAPE_Area": 5358092.248934322 }, "geometry": { "type": "Polygon", "coordinates": [ [ [ 79.9101654, 29.9136523 ], [ 79.9124205, 29.9102229 ], [ 79.9104311, 29.905479 ], [ 79.9089171, 29.9044777 ], [ 79.9043499, 29.9025806 ], [ 79.8989512, 29.9017898 ], [ 79.8973148, 29.9011502 ], [ 79.8962162, 29.900298 ], [ 79.8951399, 29.9018938 ], [ 79.8931843, 29.9031697 ], [ 79.8921582, 29.9030626 ], [ 79.8923259, 29.906958 ], [ 79.8914941, 29.9081069 ], [ 79.8888159, 29.9104658 ], [ 79.888085, 29.9130568 ], [ 79.8865314, 29.9141076 ], [ 79.8865308, 29.9146953 ], [ 79.890441, 29.9171553 ], [ 79.8915029, 29.9181348 ], [ 79.8910798, 29.9202146 ], [ 79.89137, 29.9207352 ], [ 79.8973556, 29.9205147 ], [ 79.8987658, 29.9208361 ], [ 79.901352, 29.9230387 ], [ 79.903339, 29.9230399 ], [ 79.9040139, 29.9226343 ], [ 79.9038914, 29.9213894 ], [ 79.90415, 29.9211813 ], [ 79.9075476, 29.9209375 ], [ 79.9086151, 29.9203719 ], [ 79.9092915, 29.9179683 ], [ 79.9091906, 29.9161756 ], [ 79.9095874, 29.9157889 ], [ 79.9101654, 29.9136523 ] ] ] } },
{ "type": "Feature", "properties": { "gp_code": "21773", "gp_name": "GADERA", "blkname": "KAPKOTE", "dtname": "Bageshwar", "SHAPE_Area": 5202278.1244976427 }, "geometry": { "type": "Polygon", "coordinates": [ [ [ 79.9299736, 29.9315551 ], [ 79.93096, 29.9282991 ], [ 79.9320737, 29.9270815 ], [ 79.9341147, 29.9262123 ], [ 79.935813, 29.9258773 ], [ 79.9359844, 29.9253802 ], [ 79.9370262, 29.9252191 ], [ 79.9385535, 29.9242004 ], [ 79.9389251, 29.92297 ], [ 79.9388511, 29.9217717 ], [ 79.9382163, 29.9207072 ], [ 79.933233, 29.9181084 ], [ 79.9271744, 29.9162327 ], [ 79.919254, 29.9126207 ], [ 79.9183527, 29.913237 ], [ 79.9137262, 29.9188436 ], [ 79.9128392, 29.9222431 ], [ 79.9088803, 29.9266009 ], [ 79.9084376, 29.9281178 ], [ 79.9087057, 29.930586 ], [ 79.9107682, 29.9285509 ], [ 79.914107, 29.9277047 ], [ 79.9148895, 29.928164 ], [ 79.9162072, 29.9298294 ], [ 79.9181143, 29.929811 ], [ 79.9202113, 29.9305279 ], [ 79.9229823, 29.9323883 ], [ 79.9251952, 29.9351837 ], [ 79.9259726, 29.9369624 ], [ 79.9271888, 29.9351335 ], [ 79.9289843, 29.9337956 ], [ 79.9293024, 29.9323503 ], [ 79.9299736, 29.9315551 ] ] ] } },
{ "type": "Feature", "properties": { "gp_code": "243110", "gp_name": "JAALEAKH", "blkname": "KAPKOTE", "dtname": "Bageshwar", "SHAPE_Area": 4008502.473709363 }, "geometry": { "type": "Polygon", "coordinates": [ [ [ 79.9261562, 29.9375501 ], [ 79.9251952, 29.9351837 ], [ 79.9221422, 29.9316323 ], [ 79.9187766, 29.9299396 ], [ 79.9162072, 29.9298294 ], [ 79.9148895, 29.928164 ], [ 79.914107, 29.9277047 ], [ 79.9107682, 29.9285509 ], [ 79.9086592, 29.9309005 ], [ 79.9078666, 29.9313168 ], [ 79.9045603, 29.9314987 ], [ 79.8988655, 29.9340707 ], [ 79.9019758, 29.9382587 ], [ 79.9027415, 29.9387373 ], [ 79.9044397, 29.9388162 ], [ 79.9043352, 29.9418298 ], [ 79.9052807, 29.9430826 ], [ 79.9078444, 29.94479 ], [ 79.9103213, 29.9452376 ], [ 79.9122268, 29.9452386 ], [ 79.9132837, 29.9441249 ], [ 79.9216039, 29.9396633 ], [ 79.9229901, 29.9395465 ], [ 79.9257999, 29.9384794 ], [ 79.9261562, 29.9375501 ] ] ] } },
{ "type": "Feature", "properties": { "gp_code": "22007", "gp_name": "GADERA", "blkname": "KAPKOTE", "dtname": "Bageshwar", "SHAPE_Area": 2256016.3405353134 }, "geometry": { "type": "Polygon", "coordinates": [ [ [ 79.9098989, 29.9253651 ], [ 79.9128392, 29.9222431 ], [ 79.9137262, 29.9188436 ], [ 79.9183527, 29.913237 ], [ 79.919254, 29.9126207 ], [ 79.9144232, 29.9113734 ], [ 79.9110986, 29.912157 ], [ 79.9101654, 29.9136523 ], [ 79.9095874, 29.9157889 ], [ 79.9091906, 29.9161756 ], [ 79.9092915, 29.9179683 ], [ 79.9086151, 29.9203719 ], [ 79.9075476, 29.9209375 ], [ 79.90415, 29.9211813 ], [ 79.9038914, 29.9213894 ], [ 79.9040139, 29.9226343 ], [ 79.9037929, 29.9229012 ], [ 79.901352, 29.9230387 ], [ 79.9026122, 29.9246581 ], [ 79.9025856, 29.9259482 ], [ 79.9020996, 29.9270044 ], [ 79.8999913, 29.929105 ], [ 79.8972708, 29.9302598 ], [ 79.897754, 29.9327068 ], [ 79.8988655, 29.9340707 ], [ 79.9045603, 29.9314987 ], [ 79.9078666, 29.9313168 ], [ 79.9086592, 29.9309005 ], [ 79.9085609, 29.9273059 ], [ 79.9098989, 29.9253651 ] ] ] } },
{ "type": "Feature", "properties": { "gp_code": "21978", "gp_name": "ASSON", "blkname": "KAPKOTE", "dtname": "Bageshwar", "SHAPE_Area": 1837794.0891814611 }, "geometry": { "type": "Polygon", "coordinates": [ [ [ 79.8860653, 29.9391379 ], [ 79.8902027, 29.9387627 ], [ 79.8914537, 29.9391194 ], [ 79.893269, 29.9366629 ], [ 79.8944559, 29.9372642 ], [ 79.8956959, 29.9355524 ], [ 79.8966717, 29.9352846 ], [ 79.89756, 29.9356092 ], [ 79.8984784, 29.9346719 ], [ 79.8992735, 29.9346353 ], [ 79.897754, 29.9327068 ], [ 79.8972708, 29.9302598 ], [ 79.8955211, 29.9308704 ], [ 79.8937124, 29.9309915 ], [ 79.8931083, 29.9304907 ], [ 79.8930709, 29.9294787 ], [ 79.8927011, 29.928978 ], [ 79.891067, 29.9287989 ], [ 79.8899949, 29.9283089 ], [ 79.8887066, 29.9270402 ], [ 79.8846147, 29.9240958 ], [ 79.8833475, 29.9235778 ], [ 79.8800795, 29.9231973 ], [ 79.8780347, 29.9238135 ], [ 79.8794304, 29.9264321 ], [ 79.8814828, 29.9273845 ], [ 79.8830219, 29.9277262 ], [ 79.88517, 29.9301542 ], [ 79.8865623, 29.9308363 ], [ 79.8868549, 29.9315602 ], [ 79.8875876, 29.9320077 ], [ 79.8889056, 29.9337327 ], [ 79.8894654, 29.9351034 ], [ 79.8883429, 29.9344986 ], [ 79.8872432, 29.9345191 ], [ 79.8859466, 29.9359868 ], [ 79.8855541, 29.9375616 ], [ 79.8861398, 29.938456 ], [ 79.8860653, 29.9391379 ] ] ] } },
{ "type": "Feature", "properties": { "gp_code": "", "gp_name": "", "blkname": "KAPKOTE", "dtname": "Bageshwar", "SHAPE_Area": 2370793.8428546381 }, "geometry": { "type": "Polygon", "coordinates": [ [ [ 79.8955211, 29.9308704 ], [ 79.8999913, 29.929105 ], [ 79.901269, 29.9279491 ], [ 79.9025856, 29.9259482 ], [ 79.9026122, 29.9246581 ], [ 79.9018854, 29.9235122 ], [ 79.8987658, 29.9208361 ], [ 79.8954055, 29.9204814 ], [ 79.89137, 29.9207352 ], [ 79.8910798, 29.9202146 ], [ 79.8915029, 29.9181348 ], [ 79.890441, 29.9171553 ], [ 79.888269, 29.9168307 ], [ 79.8846944, 29.9168393 ], [ 79.884753, 29.9174601 ], [ 79.8855736, 29.9186638 ], [ 79.8857513, 29.9197427 ], [ 79.8855339, 29.9201763 ], [ 79.8818437, 29.9207742 ], [ 79.881025, 29.922464 ], [ 79.8800795, 29.9231973 ], [ 79.8833475, 29.9235778 ], [ 79.8846147, 29.9240958 ], [ 79.8887066, 29.9270402 ], [ 79.8899949, 29.9283089 ], [ 79.891067, 29.9287989 ], [ 79.8927011, 29.928978 ], [ 79.8930709, 29.9294787 ], [ 79.8931083, 29.9304907 ], [ 79.8937124, 29.9309915 ], [ 79.8955211, 29.9308704 ] ] ] } },
{ "type": "Feature", "properties": { "gp_code": "22081", "gp_name": "UTROURA", "blkname": "KAPKOTE", "dtname": "Bageshwar", "SHAPE_Area": 1235502.1010072851 }, "geometry": { "type": "Polygon", "coordinates": [ [ [ 79.8855541, 29.9375616 ], [ 79.8859466, 29.9359868 ], [ 79.8872432, 29.9345191 ], [ 79.8883429, 29.9344986 ], [ 79.8894654, 29.9351034 ], [ 79.8889056, 29.9337327 ], [ 79.8875876, 29.9320077 ], [ 79.8868549, 29.9315602 ], [ 79.8865623, 29.9308363 ], [ 79.88517, 29.9301542 ], [ 79.8830219, 29.9277262 ], [ 79.8814828, 29.9273845 ], [ 79.8794304, 29.9264321 ], [ 79.8798446, 29.9274326 ], [ 79.8796366, 29.9288362 ], [ 79.8772813, 29.9353681 ], [ 79.8771495, 29.9382683 ], [ 79.8774809, 29.9380121 ], [ 79.8822287, 29.9375028 ], [ 79.8832955, 29.9378989 ], [ 79.8842871, 29.9400684 ], [ 79.8860653, 29.9391379 ], [ 79.8861398, 29.938456 ], [ 79.8855541, 29.9375616 ] ] ] } },
{ "type": "Feature", "properties": { "gp_code": "", "gp_name": "", "blkname": "KAPKOTE", "dtname": "Bageshwar", "SHAPE_Area": 1329663.3336578114 }, "geometry": { "type": "Polygon", "coordinates": [ [ [ 79.8800795, 29.9231973 ], [ 79.881025, 29.922464 ], [ 79.8818437, 29.9207742 ], [ 79.8855339, 29.9201763 ], [ 79.8857513, 29.9197427 ], [ 79.8855736, 29.9186638 ], [ 79.884753, 29.9174601 ], [ 79.8846944, 29.9168393 ], [ 79.888269, 29.9168307 ], [ 79.890441, 29.9171553 ], [ 79.8865308, 29.9146953 ], [ 79.8865314, 29.9141076 ], [ 79.8870714, 29.913702 ], [ 79.8866891, 29.9134042 ], [ 79.8823361, 29.9132232 ], [ 79.8814037, 29.9136563 ], [ 79.8789412, 29.9157586 ], [ 79.876252, 29.9172202 ], [ 79.875119, 29.9174105 ], [ 79.8742007, 29.9165869 ], [ 79.8741685, 29.9143442 ], [ 79.8723579, 29.9170196 ], [ 79.8702513, 29.9189461 ], [ 79.8695642, 29.9192127 ], [ 79.8695004, 29.9194754 ], [ 79.8699071, 29.9196296 ], [ 79.873256, 29.9191835 ], [ 79.8746403, 29.9207125 ], [ 79.8770183, 29.9222314 ], [ 79.8774611, 29.9233921 ], [ 79.8780347, 29.9238135 ], [ 79.8800795, 29.9231973 ] ] ] } },
{ "type": "Feature", "properties": { "gp_code": "", "gp_name": "", "blkname": "KAPKOTE", "dtname": "Bageshwar", "SHAPE_Area": 885214.21988936234 }, "geometry": { "type": "Polygon", "coordinates": [ [ [ 79.8870714, 29.913702 ], [ 79.888085, 29.9130568 ], [ 79.8888159, 29.9104658 ], [ 79.8873582, 29.9100783 ], [ 79.8829784, 29.9101305 ], [ 79.8819356, 29.9105678 ], [ 79.8816414, 29.9103753 ], [ 79.8816678, 29.90963 ], [ 79.8803678, 29.9084298 ], [ 79.8785287, 29.9079583 ], [ 79.8788838, 29.9085248 ], [ 79.8787234, 29.9095183 ], [ 79.8764896, 29.9112903 ], [ 79.8754577, 29.9129883 ], [ 79.8753834, 29.9136614 ], [ 79.8746309, 29.9136229 ], [ 79.8741685, 29.9143442 ], [ 79.8742007, 29.9165869 ], [ 79.875119, 29.9174105 ], [ 79.876252, 29.9172202 ], [ 79.8789412, 29.9157586 ], [ 79.8814037, 29.9136563 ], [ 79.8823361, 29.9132232 ], [ 79.8847617, 29.9131471 ], [ 79.8866891, 29.9134042 ], [ 79.8870714, 29.913702 ] ] ] } },
{ "type": "Feature", "properties": { "gp_code": "21988", "gp_name": "BERAMAJHERA", "blkname": "KAPKOTE", "dtname": "Bageshwar", "SHAPE_Area": 4547416.5804900462 }, "geometry": { "type": "Polygon", "coordinates": [ [ [ 79.9104702, 29.9042192 ], [ 79.9089573, 29.9017066 ], [ 79.9091049, 29.9003869 ], [ 79.9100333, 29.9003449 ], [ 79.9099711, 29.8997528 ], [ 79.9063705, 29.8979587 ], [ 79.9051497, 29.8969363 ], [ 79.9041834, 29.8967056 ], [ 79.9017313, 29.8946779 ], [ 79.8999237, 29.8944213 ], [ 79.8966521, 29.8920778 ], [ 79.895725, 29.8907148 ], [ 79.8950915, 29.8887135 ], [ 79.8953366, 29.887777 ], [ 79.8949463, 29.8870956 ], [ 79.8937738, 29.8870523 ], [ 79.8926005, 29.887903 ], [ 79.8912307, 29.8900307 ], [ 79.8899112, 29.890413 ], [ 79.8884455, 29.8903268 ], [ 79.88742, 29.8898153 ], [ 79.8873722, 29.8886232 ], [ 79.8885742, 29.8865981 ], [ 79.8887435, 29.8850054 ], [ 79.8874254, 29.883855 ], [ 79.8859602, 29.8833856 ], [ 79.8848852, 29.8835552 ], [ 79.8820111, 29.8860264 ], [ 79.8805828, 29.8868302 ], [ 79.8792603, 29.8902777 ], [ 79.8802352, 29.8926199 ], [ 79.8788152, 29.8976727 ], [ 79.8797767, 29.8977323 ], [ 79.8844654, 29.8998431 ], [ 79.8904497, 29.9012521 ], [ 79.8921582, 29.9030626 ], [ 79.8931843, 29.9031697 ], [ 79.8951399, 29.9018938 ], [ 79.8962162, 29.900298 ], [ 79.8973148, 29.9011502 ], [ 79.8989512, 29.9017898 ], [ 79.9043499, 29.9025806 ], [ 79.9089171, 29.9044777 ], [ 79.9104311, 29.905479 ], [ 79.9104702, 29.9042192 ] ] ] } },
{ "type": "Feature", "properties": { "gp_code": "", "gp_name": "", "blkname": "BAGESHWAR", "dtname": "Bageshwar", "SHAPE_Area": 214305.57279530395 }, "geometry": { "type": "Polygon", "coordinates": [ [ [ 79.8922458, 29.8801989 ], [ 79.8927182, 29.87826 ], [ 79.8914055, 29.8787067 ], [ 79.8868128, 29.8784425 ], [ 79.8869248, 29.8807422 ], [ 79.8882786, 29.8821602 ], [ 79.8892402, 29.882287 ], [ 79.891561, 29.8803476 ], [ 79.8922458, 29.8801989 ] ] ] } },
{ "type": "Feature", "properties": { "gp_code": "21840", "gp_name": "PALAYAN", "blkname": "BAGESHWAR", "dtname": "Bageshwar", "SHAPE_Area": 1102951.5087713769 }, "geometry": { "type": "Polygon", "coordinates": [ [ [ 79.8828159, 29.8816094 ], [ 79.8838733, 29.8796835 ], [ 79.8851411, 29.8795986 ], [ 79.8868128, 29.8784425 ], [ 79.8896776, 29.8787566 ], [ 79.8921759, 29.878558 ], [ 79.8927182, 29.87826 ], [ 79.8931615, 29.8769303 ], [ 79.8933335, 29.8760602 ], [ 79.893006, 29.8753266 ], [ 79.8915095, 29.874095 ], [ 79.8906548, 29.8728513 ], [ 79.8843791, 29.8726605 ], [ 79.8821395, 29.8730443 ], [ 79.8804994, 29.872782 ], [ 79.880938, 29.8764991 ], [ 79.8803967, 29.8772935 ], [ 79.8803951, 29.8789114 ], [ 79.8812239, 29.8806149 ], [ 79.8819566, 29.8807858 ], [ 79.8828159, 29.8816094 ] ] ] } },
{ "type": "Feature", "properties": { "gp_code": "21786", "gp_name": "JHARKOTE", "blkname": "BAGESHWAR", "dtname": "Bageshwar", "SHAPE_Area": 1472189.6415297736 }, "geometry": { "type": "Polygon", "coordinates": [ [ [ 79.8833206, 29.8848738 ], [ 79.8826379, 29.883511 ], [ 79.8828159, 29.8816094 ], [ 79.8819566, 29.8807858 ], [ 79.8812239, 29.8806149 ], [ 79.8803951, 29.8789114 ], [ 79.8803967, 29.8772935 ], [ 79.880938, 29.8764991 ], [ 79.8805611, 29.8742178 ], [ 79.8792223, 29.8741795 ], [ 79.8750331, 29.876249 ], [ 79.8748278, 29.8773611 ], [ 79.8736654, 29.8784056 ], [ 79.8707838, 29.8787517 ], [ 79.8673588, 29.8802357 ], [ 79.8682901, 29.880559 ], [ 79.8712082, 29.8848879 ], [ 79.8720881, 29.8856337 ], [ 79.8726625, 29.8855786 ], [ 79.8740291, 29.8846343 ], [ 79.8749481, 29.8845905 ], [ 79.8765557, 29.8851701 ], [ 79.8795695, 29.8847899 ], [ 79.8814256, 29.885217 ], [ 79.8820111, 29.8860264 ], [ 79.8833206, 29.8848738 ] ] ] } },
{ "type": "Feature", "properties": { "gp_code": "243091", "gp_name": "PALSON", "blkname": "BAGESHWAR", "dtname": "Bageshwar", "SHAPE_Area": 1688502.7063646333 }, "geometry": { "type": "Polygon", "coordinates": [ [ [ 79.8646785, 29.8804115 ], [ 79.8673588, 29.8802357 ], [ 79.8707838, 29.8787517 ], [ 79.8736654, 29.8784056 ], [ 79.8748278, 29.8773611 ], [ 79.8750331, 29.876249 ], [ 79.8758376, 29.8758381 ], [ 79.8761324, 29.8745704 ], [ 79.8756881, 29.8722233 ], [ 79.8750642, 29.8708102 ], [ 79.8722265, 29.8727314 ], [ 79.8699197, 29.872241 ], [ 79.8669075, 29.8726834 ], [ 79.8655612, 29.8734361 ], [ 79.8643246, 29.8752053 ], [ 79.8635607, 29.8756058 ], [ 79.8615149, 29.876133 ], [ 79.859586, 29.8755353 ], [ 79.8582539, 29.8762792 ], [ 79.8575569, 29.8770556 ], [ 79.8573337, 29.8799078 ], [ 79.8576013, 29.8809086 ], [ 79.8588817, 29.882602 ], [ 79.8595148, 29.8844226 ], [ 79.8596235, 29.8854444 ], [ 79.8592985, 29.8865018 ], [ 79.860244, 29.8855683 ], [ 79.8602589, 29.8836887 ], [ 79.8608754, 29.8816599 ], [ 79.8622017, 29.8811323 ], [ 79.8639886, 29.8810004 ], [ 79.8646785, 29.8804115 ] ] ] } },
{ "type": "Feature", "properties": { "gp_code": "", "gp_name": "", "blkname": "BAGESHWAR", "dtname": "Bageshwar", "SHAPE_Area": 1442146.0248598189 }, "geometry": { "type": "Polygon", "coordinates": [ [ [ 79.8796514, 29.8909892 ], [ 79.8792603, 29.8902777 ], [ 79.8805828, 29.8868302 ], [ 79.8820111, 29.8860264 ], [ 79.8814256, 29.885217 ], [ 79.8795695, 29.8847899 ], [ 79.8765557, 29.8851701 ], [ 79.8749481, 29.8845905 ], [ 79.8740291, 29.8846343 ], [ 79.8726625, 29.8855786 ], [ 79.8720881, 29.8856337 ], [ 79.8712082, 29.8848879 ], [ 79.8682901, 29.880559 ], [ 79.8673588, 29.8802357 ], [ 79.8646785, 29.8804115 ], [ 79.8639886, 29.8810004 ], [ 79.8622017, 29.8811323 ], [ 79.8608754, 29.8816599 ], [ 79.8602589, 29.8836887 ], [ 79.860244, 29.8855683 ], [ 79.8587872, 29.887113 ], [ 79.8586966, 29.8882474 ], [ 79.8597175, 29.8883484 ], [ 79.8625667, 29.8856927 ], [ 79.8643547, 29.8846598 ], [ 79.8656185, 29.8844718 ], [ 79.8703012, 29.8856546 ], [ 79.8725846, 29.8868909 ], [ 79.8747394, 29.8890391 ], [ 79.8745724, 29.8900177 ], [ 79.8728869, 29.8907393 ], [ 79.8728986, 29.8914598 ], [ 79.8754752, 29.8933994 ], [ 79.8772876, 29.8934898 ], [ 79.8785141, 29.892334 ], [ 79.8790897, 29.8910332 ], [ 79.8796514, 29.8909892 ] ] ] } },
{ "type": "Feature", "properties": { "gp_code": "22052", "gp_name": "BATALGAON", "blkname": "KAPKOTE", "dtname": "Bageshwar", "SHAPE_Area": 4337830.4792014025 }, "geometry": { "type": "Polygon", "coordinates": [ [ [ 79.8788838, 29.9085248 ], [ 79.8785287, 29.9079583 ], [ 79.8803678, 29.9084298 ], [ 79.8816678, 29.90963 ], [ 79.8816414, 29.9103753 ], [ 79.8819356, 29.9105678 ], [ 79.8829784, 29.9101305 ], [ 79.8873582, 29.9100783 ], [ 79.8888159, 29.9104658 ], [ 79.8914941, 29.9081069 ], [ 79.8923259, 29.906958 ], [ 79.8921582, 29.9030626 ], [ 79.8904497, 29.9012521 ], [ 79.8844654, 29.8998431 ], [ 79.8797767, 29.8977323 ], [ 79.8788152, 29.8976727 ], [ 79.8769544, 29.8998974 ], [ 79.8762543, 29.9013428 ], [ 79.8744143, 29.8992569 ], [ 79.8728278, 29.8985245 ], [ 79.8734207, 29.8929752 ], [ 79.8708808, 29.8928286 ], [ 79.8698346, 29.8924608 ], [ 79.8670001, 29.893326 ], [ 79.8647376, 29.8962825 ], [ 79.8640716, 29.8983728 ], [ 79.8642488, 29.8996631 ], [ 79.8653362, 29.90177 ], [ 79.8680995, 29.9036033 ], [ 79.8681235, 29.9050936 ], [ 79.8673431, 29.9066834 ], [ 79.8686064, 29.9070848 ], [ 79.8733141, 29.9097577 ], [ 79.8744867, 29.9115714 ], [ 79.8743958, 29.9130838 ], [ 79.8750218, 29.9138131 ], [ 79.8753834, 29.9136614 ], [ 79.8754577, 29.9129883 ], [ 79.8764896, 29.9112903 ], [ 79.8787234, 29.9095183 ], [ 79.8788838, 29.9085248 ] ] ] } },
{ "type": "Feature", "properties": { "gp_code": "22012", "gp_name": "GOLANA", "blkname": "KAPKOTE", "dtname": "Bageshwar", "SHAPE_Area": 382035.08420951583 }, "geometry": { "type": "Polygon", "coordinates": [ [ [ 79.8554837, 29.9070402 ], [ 79.8572235, 29.9038054 ], [ 79.8553935, 29.903461 ], [ 79.8544163, 29.9029132 ], [ 79.8527811, 29.9039238 ], [ 79.8492385, 29.9030835 ], [ 79.8481097, 29.9034524 ], [ 79.8480045, 29.905988 ], [ 79.8520762, 29.9063476 ], [ 79.8549345, 29.9072733 ], [ 79.8554837, 29.9070402 ] ] ] } },
{ "type": "Feature", "properties": { "gp_code": "", "gp_name": "", "blkname": "BAGESHWAR", "dtname": "Bageshwar", "SHAPE_Area": 83374.596946021586 }, "geometry": { "type": "Polygon", "coordinates": [ [ [ 79.8575481, 29.8941289 ], [ 79.8568293, 29.8935841 ], [ 79.8558768, 29.8933811 ], [ 79.8537387, 29.8938155 ], [ 79.8529929, 29.8943683 ], [ 79.852796, 29.8957614 ], [ 79.8575481, 29.8941289 ] ] ] } },
{ "type": "Feature", "properties": { "gp_code": "21847", "gp_name": "PAPON", "blkname": "BAGESHWAR", "dtname": "Bageshwar", "SHAPE_Area": 3739122.4120472702 }, "geometry": { "type": "Polygon", "coordinates": [ [ [ 79.8788152, 29.8976727 ], [ 79.8802352, 29.8926199 ], [ 79.8796514, 29.8909892 ], [ 79.8790897, 29.8910332 ], [ 79.8785141, 29.892334 ], [ 79.8772876, 29.8934898 ], [ 79.8754752, 29.8933994 ], [ 79.8728986, 29.8914598 ], [ 79.8728869, 29.8907393 ], [ 79.8745724, 29.8900177 ], [ 79.8747394, 29.8890391 ], [ 79.8725846, 29.8868909 ], [ 79.8703012, 29.8856546 ], [ 79.8656185, 29.8844718 ], [ 79.8636779, 29.8849707 ], [ 79.8597175, 29.8883484 ], [ 79.8589516, 29.8884367 ], [ 79.8586966, 29.8882474 ], [ 79.8587872, 29.887113 ], [ 79.8576131, 29.887023 ], [ 79.8577786, 29.8873902 ], [ 79.8568078, 29.8880789 ], [ 79.8544207, 29.8883882 ], [ 79.8511933, 29.8869505 ], [ 79.8477855, 29.886914 ], [ 79.8467017, 29.8861011 ], [ 79.8447973, 29.8872721 ], [ 79.8435574, 29.8896237 ], [ 79.844589, 29.8914265 ], [ 79.8453669, 29.8919722 ], [ 79.8467578, 29.8922404 ], [ 79.8471657, 29.892719 ], [ 79.8473559, 29.8937091 ], [ 79.8482613, 29.8944439 ], [ 79.8484648, 29.8949891 ], [ 79.8482594, 29.895912 ], [ 79.8506969, 29.8963035 ], [ 79.852796, 29.8957614 ], [ 79.8529929, 29.8943683 ], [ 79.8537387, 29.8938155 ], [ 79.8558768, 29.8933811 ], [ 79.8568293, 29.8935841 ], [ 79.8575481, 29.8941289 ], [ 79.8589924, 29.8929716 ], [ 79.8595719, 29.8929527 ], [ 79.8607062, 29.8944218 ], [ 79.8643028, 29.8970495 ], [ 79.8670001, 29.893326 ], [ 79.8698346, 29.8924608 ], [ 79.8708808, 29.8928286 ], [ 79.8734207, 29.8929752 ], [ 79.8728278, 29.8985245 ], [ 79.8744143, 29.8992569 ], [ 79.8762543, 29.9013428 ], [ 79.8769544, 29.8998974 ], [ 79.8788152, 29.8976727 ] ] ] } },
{ "type": "Feature", "properties": { "gp_code": "21758", "gp_name": "CHOURA", "blkname": "BAGESHWAR", "dtname": "Bageshwar", "SHAPE_Area": 462577.46370791114 }, "geometry": { "type": "Polygon", "coordinates": [ [ [ 79.8553063, 29.8799486 ], [ 79.8573337, 29.8799078 ], [ 79.8575569, 29.8770556 ], [ 79.8582539, 29.8762792 ], [ 79.859586, 29.8755353 ], [ 79.8583295, 29.874225 ], [ 79.8564483, 29.8746491 ], [ 79.8547392, 29.8740728 ], [ 79.8546423, 29.8733171 ], [ 79.8537751, 29.8734334 ], [ 79.852443, 29.8741559 ], [ 79.8536999, 29.8750192 ], [ 79.8535752, 29.8772436 ], [ 79.8511778, 29.8802323 ], [ 79.8511523, 29.881105 ], [ 79.8518481, 29.8814569 ], [ 79.8536203, 29.8804048 ], [ 79.8553063, 29.8799486 ] ] ] } },
{ "type": "Feature", "properties": { "gp_code": "", "gp_name": "", "blkname": "BAGESHWAR", "dtname": "Bageshwar", "SHAPE_Area": 233035.59569990553 }, "geometry": { "type": "Polygon", "coordinates": [ [ [ 79.8587872, 29.887113 ], [ 79.8596235, 29.8854444 ], [ 79.8595148, 29.8844226 ], [ 79.8588817, 29.882602 ], [ 79.8576013, 29.8809086 ], [ 79.8573337, 29.8799078 ], [ 79.8553063, 29.8799486 ], [ 79.8530214, 29.8807768 ], [ 79.8552442, 29.8807575 ], [ 79.8566481, 29.8813867 ], [ 79.8570747, 29.8821108 ], [ 79.8567038, 29.8859634 ], [ 79.8576131, 29.887023 ], [ 79.8587872, 29.887113 ] ] ] } },
{ "type": "Feature", "properties": { "gp_code": "", "gp_name": "", "blkname": "KAPKOTE", "dtname": "Bageshwar", "SHAPE_Area": 6640932.2306119259 }, "geometry": { "type": "Polygon", "coordinates": [ [ [ 79.8441029, 29.9124792 ], [ 79.850614, 29.9120738 ], [ 79.8517075, 29.9115309 ], [ 79.855439, 29.9124675 ], [ 79.859767, 29.9121932 ], [ 79.8622078, 29.910186 ], [ 79.863219, 29.9074584 ], [ 79.8673431, 29.9066834 ], [ 79.8681235, 29.9050936 ], [ 79.8680995, 29.9036033 ], [ 79.8653362, 29.90177 ], [ 79.8642488, 29.8996631 ], [ 79.8642825, 29.8971653 ], [ 79.8630812, 29.8967785 ], [ 79.8593177, 29.8979248 ], [ 79.8574109, 29.8989448 ], [ 79.8538892, 29.9020921 ], [ 79.8524715, 29.9026442 ], [ 79.8505175, 29.9022167 ], [ 79.8488089, 29.9009805 ], [ 79.8479313, 29.8994045 ], [ 79.8464185, 29.8979131 ], [ 79.8450022, 29.8973157 ], [ 79.8402135, 29.897609 ], [ 79.8378206, 29.8967126 ], [ 79.8331798, 29.8959842 ], [ 79.829515, 29.8962358 ], [ 79.8266314, 29.8968288 ], [ 79.8253585, 29.8986155 ], [ 79.8231576, 29.9001031 ], [ 79.8202734, 29.9010365 ], [ 79.8125108, 29.9017691 ], [ 79.8123692, 29.9025141 ], [ 79.8127001, 29.9031818 ], [ 79.8141163, 29.9036283 ], [ 79.8195213, 29.9034651 ], [ 79.822888, 29.9021367 ], [ 79.8248019, 29.9027059 ], [ 79.8252727, 29.9038186 ], [ 79.8256769, 29.9068219 ], [ 79.8268631, 29.907546 ], [ 79.8290967, 29.9077486 ], [ 79.829697, 29.907549 ], [ 79.8305026, 29.9065601 ], [ 79.831294, 29.9065943 ], [ 79.8326716, 29.9072963 ], [ 79.8341016, 29.9071199 ], [ 79.8346968, 29.9066482 ], [ 79.8353531, 29.9067764 ], [ 79.8404434, 29.9091503 ], [ 79.8405688, 29.9108298 ], [ 79.8419418, 29.9127569 ], [ 79.843081, 29.9129453 ], [ 79.8441029, 29.9124792 ] ], [ [ 79.8480045, 29.905988 ], [ 79.8481097, 29.9034524 ], [ 79.8485313, 29.9032081 ], [ 79.8492385, 29.9030835 ], [ 79.8527811, 29.9039238 ], [ 79.8544163, 29.9029132 ], [ 79.8553935, 29.903461 ], [ 79.8572235, 29.9038054 ], [ 79.8554837, 29.9070402 ], [ 79.8549345, 29.9072733 ], [ 79.8520762, 29.9063476 ], [ 79.8480045, 29.905988 ] ], [ [ 79.8284077, 29.9029378 ], [ 79.8294827, 29.9009815 ], [ 79.831692, 29.9002498 ], [ 79.8328054, 29.9001656 ], [ 79.8343078, 29.900942 ], [ 79.8349454, 29.901432 ], [ 79.8351231, 29.9021774 ], [ 79.83447, 29.9037226 ], [ 79.8338439, 29.9042002 ], [ 79.8325496, 29.9044067 ], [ 79.8290832, 29.9036948 ], [ 79.8284077, 29.9029378 ] ] ] } },
{ "type": "Feature", "properties": { "gp_code": "22009", "gp_name": "GAIRKHET", "blkname": "KAPKOTE", "dtname": "Bageshwar", "SHAPE_Area": 2357990.8471812303 }, "geometry": { "type": "Polygon", "coordinates": [ [ [ 79.8589766, 29.9216825 ], [ 79.8597168, 29.9189876 ], [ 79.8594105, 29.9181924 ], [ 79.8561099, 29.9173837 ], [ 79.8544591, 29.917298 ], [ 79.8524474, 29.9161459 ], [ 79.8506094, 29.915844 ], [ 79.8487838, 29.9158645 ], [ 79.8463955, 29.9166519 ], [ 79.8463943, 29.9176417 ], [ 79.8459856, 29.9177859 ], [ 79.842424, 29.9175823 ], [ 79.8402419, 29.9168684 ], [ 79.8357646, 29.9168183 ], [ 79.8289909, 29.9104399 ], [ 79.8256604, 29.9094799 ], [ 79.8233751, 29.9096553 ], [ 79.8241898, 29.9112577 ], [ 79.8241092, 29.9122514 ], [ 79.8259226, 29.9124085 ], [ 79.8279782, 29.9131804 ], [ 79.8297586, 29.9143785 ], [ 79.8317078, 29.9150216 ], [ 79.8320869, 29.9158447 ], [ 79.8337894, 29.9174811 ], [ 79.8386914, 29.9204884 ], [ 79.8394626, 29.9216965 ], [ 79.8394978, 29.9229038 ], [ 79.8400196, 29.9234751 ], [ 79.8422917, 29.9237966 ], [ 79.8459092, 29.9229061 ], [ 79.847131, 29.9228859 ], [ 79.8503552, 29.9239745 ], [ 79.8527011, 29.9238489 ], [ 79.8587886, 29.9211937 ], [ 79.8589766, 29.9216825 ] ] ] } },
{ "type": "Feature", "properties": { "gp_code": "22059", "gp_name": "RANTHAL", "blkname": "KAPKOTE", "dtname": "Bageshwar", "SHAPE_Area": 2879318.1578523354 }, "geometry": { "type": "Polygon", "coordinates": [ [ [ 79.8723579, 29.9170196 ], [ 79.8746309, 29.9136229 ], [ 79.8744867, 29.9115714 ], [ 79.8739772, 29.9104255 ], [ 79.8717089, 29.9086829 ], [ 79.8673431, 29.9066834 ], [ 79.863219, 29.9074584 ], [ 79.8622078, 29.910186 ], [ 79.859767, 29.9121932 ], [ 79.855439, 29.9124675 ], [ 79.8517075, 29.9115309 ], [ 79.850614, 29.9120738 ], [ 79.8441029, 29.9124792 ], [ 79.8459259, 29.9162341 ], [ 79.8463955, 29.9166519 ], [ 79.8487838, 29.9158645 ], [ 79.8506094, 29.915844 ], [ 79.8524474, 29.9161459 ], [ 79.8544591, 29.917298 ], [ 79.8561099, 29.9173837 ], [ 79.8594105, 29.9181924 ], [ 79.8645253, 29.9173281 ], [ 79.8695642, 29.9192127 ], [ 79.8702513, 29.9189461 ], [ 79.8723579, 29.9170196 ] ] ] } },
{ "type": "Feature", "properties": { "gp_code": "22037", "gp_name": "LEELEE", "blkname": "KAPKOTE", "dtname": "Bageshwar", "SHAPE_Area": 6743113.1356324013 }, "geometry": { "type": "Polygon", "coordinates": [ [ [ 79.8720765, 29.9446853 ], [ 79.8695441, 29.9421233 ], [ 79.8694673, 29.9412003 ], [ 79.8691242, 29.9407834 ], [ 79.8654476, 29.9375111 ], [ 79.8645781, 29.9361963 ], [ 79.8645707, 29.9317731 ], [ 79.8652967, 29.9296903 ], [ 79.8670317, 29.9272678 ], [ 79.8692375, 29.9253753 ], [ 79.870583, 29.9231091 ], [ 79.8695642, 29.9192127 ], [ 79.8645253, 29.9173281 ], [ 79.8594105, 29.9181924 ], [ 79.8597168, 29.9189876 ], [ 79.8584089, 29.9247377 ], [ 79.8573392, 29.9269698 ], [ 79.8556327, 29.9283358 ], [ 79.8515959, 29.929422 ], [ 79.8530743, 29.9342204 ], [ 79.8454069, 29.9345558 ], [ 79.8476506, 29.9357753 ], [ 79.8492301, 29.9381699 ], [ 79.8491547, 29.9396336 ], [ 79.8501894, 29.9411463 ], [ 79.8518256, 29.9423978 ], [ 79.8527207, 29.9426871 ], [ 79.853902, 29.9448089 ], [ 79.8563772, 29.9472256 ], [ 79.859527, 29.9498779 ], [ 79.865389, 29.951838 ], [ 79.866333, 29.952437 ], [ 79.8671357, 29.9532603 ], [ 79.8671346, 29.9542646 ], [ 79.8682637, 29.9539557 ], [ 79.8688163, 29.9534219 ], [ 79.8702672, 29.9503676 ], [ 79.8717158, 29.949482 ], [ 79.8725143, 29.9484249 ], [ 79.8727315, 29.9469075 ], [ 79.8725384, 29.9458309 ], [ 79.8720765, 29.9446853 ] ] ] } },
{ "type": "Feature", "properties": { "gp_code": "22081", "gp_name": "UTROURA", "blkname": "KAPKOTE", "dtname": "Bageshwar", "SHAPE_Area": 2357093.9108049641 }, "geometry": { "type": "Polygon", "coordinates": [ [ [ 79.8447082, 29.9344797 ], [ 79.8530743, 29.9342204 ], [ 79.8515959, 29.929422 ], [ 79.8556327, 29.9283358 ], [ 79.8573392, 29.9269698 ], [ 79.8584089, 29.9247377 ], [ 79.8589766, 29.9216825 ], [ 79.8587886, 29.9211937 ], [ 79.8545102, 29.9231481 ], [ 79.8517969, 29.9239332 ], [ 79.8494268, 29.9238033 ], [ 79.847131, 29.9228859 ], [ 79.8412165, 29.9237955 ], [ 79.8400196, 29.9234751 ], [ 79.8394978, 29.9229038 ], [ 79.8376662, 29.9259683 ], [ 79.8377625, 29.927336 ], [ 79.8391711, 29.9288652 ], [ 79.8424191, 29.9308022 ], [ 79.8435989, 29.9328632 ], [ 79.8439197, 29.9341182 ], [ 79.8447082, 29.9344797 ] ] ] } },
{ "type": "Feature", "properties": { "gp_code": "22008", "gp_name": "GAINAR", "blkname": "KAPKOTE", "dtname": "Bageshwar", "SHAPE_Area": 6502541.0898068519 }, "geometry": { "type": "Polygon", "coordinates": [ [ [ 79.8749805, 29.9602001 ], [ 79.8759751, 29.9593782 ], [ 79.8759879, 29.9588761 ], [ 79.8772529, 29.9575844 ], [ 79.8789466, 29.9569447 ], [ 79.879757, 29.9562402 ], [ 79.880335, 29.9548945 ], [ 79.879686, 29.9535906 ], [ 79.8764758, 29.9494643 ], [ 79.875987, 29.9475729 ], [ 79.8765413, 29.9453512 ], [ 79.8772813, 29.9353681 ], [ 79.8796366, 29.9288362 ], [ 79.8798446, 29.9274326 ], [ 79.8788553, 29.9250428 ], [ 79.8774611, 29.9233921 ], [ 79.8770183, 29.9222314 ], [ 79.8746403, 29.9207125 ], [ 79.8729617, 29.9191085 ], [ 79.8708761, 29.919609 ], [ 79.8695004, 29.9194754 ], [ 79.870583, 29.9231091 ], [ 79.8692375, 29.9253753 ], [ 79.8670317, 29.9272678 ], [ 79.8652967, 29.9296903 ], [ 79.8645707, 29.9317731 ], [ 79.8644703, 29.9338457 ], [ 79.8645781, 29.9361963 ], [ 79.8654476, 29.9375111 ], [ 79.8691242, 29.9407834 ], [ 79.8694673, 29.9412003 ], [ 79.8695441, 29.9421233 ], [ 79.8720765, 29.9446853 ], [ 79.8727315, 29.9469075 ], [ 79.8725143, 29.9484249 ], [ 79.8717158, 29.949482 ], [ 79.8702672, 29.9503676 ], [ 79.8688163, 29.9534219 ], [ 79.8682637, 29.9539557 ], [ 79.8671346, 29.9542646 ], [ 79.8670458, 29.9570208 ], [ 79.8686383, 29.9593404 ], [ 79.8684536, 29.9599065 ], [ 79.8669936, 29.9599267 ], [ 79.8657627, 29.960681 ], [ 79.8630047, 29.9611626 ], [ 79.8630021, 29.9635236 ], [ 79.8615523, 29.9653599 ], [ 79.8612932, 29.966631 ], [ 79.8634629, 29.9684277 ], [ 79.8649204, 29.9708219 ], [ 79.8653129, 29.9709718 ], [ 79.8658776, 29.9709376 ], [ 79.8666637, 29.9700114 ], [ 79.8703704, 29.9689034 ], [ 79.8709229, 29.9685513 ], [ 79.8710093, 29.9680813 ], [ 79.8707768, 29.9674615 ], [ 79.871011, 29.9664254 ], [ 79.870597, 29.9653495 ], [ 79.8706963, 29.9623121 ], [ 79.87136, 29.9612015 ], [ 79.8726367, 29.9605615 ], [ 79.8749805, 29.9602001 ] ] ] } },
{ "type": "Feature", "properties": { "gp_code": "22026", "gp_name": "KAPKOTE", "blkname": "KAPKOTE", "dtname": "Bageshwar", "SHAPE_Area": 6700858.7346485248 }, "geometry": { "type": "Polygon", "coordinates": [ [ [ 79.8983115, 29.9660815 ], [ 79.9005647, 29.9639837 ], [ 79.899952, 29.962947 ], [ 79.8992806, 29.9588335 ], [ 79.8998352, 29.955757 ], [ 79.8992835, 29.9552545 ], [ 79.8992962, 29.9546776 ], [ 79.8997903, 29.953909 ], [ 79.9019882, 29.9521271 ], [ 79.905188, 29.9509206 ], [ 79.9054469, 29.9499385 ], [ 79.8996473, 29.9438843 ], [ 79.8962292, 29.9390447 ], [ 79.8944559, 29.9372642 ], [ 79.893269, 29.9366629 ], [ 79.8914537, 29.9391194 ], [ 79.8902027, 29.9387627 ], [ 79.8870997, 29.9389385 ], [ 79.8835387, 29.9402281 ], [ 79.8825059, 29.941309 ], [ 79.8822858, 29.9419687 ], [ 79.8821343, 29.946413 ], [ 79.8818147, 29.9470324 ], [ 79.8821575, 29.9478446 ], [ 79.8821303, 29.9505369 ], [ 79.8831572, 29.9544478 ], [ 79.8830331, 29.9558579 ], [ 79.87969, 29.9578605 ], [ 79.8794228, 29.9592847 ], [ 79.8800905, 29.9615074 ], [ 79.8811374, 29.9628754 ], [ 79.8818606, 29.9631325 ], [ 79.8825968, 29.9631437 ], [ 79.8851619, 29.9622268 ], [ 79.8863153, 29.9622062 ], [ 79.8872744, 29.9627538 ], [ 79.8884619, 29.9627953 ], [ 79.8920308, 29.9644643 ], [ 79.8948644, 29.9651926 ], [ 79.8959931, 29.9653322 ], [ 79.8978217, 29.9648206 ], [ 79.8983115, 29.9660815 ] ] ] } },
{ "type": "Feature", "properties": { "gp_code": "", "gp_name": "", "blkname": "KAPKOTE", "dtname": "Bageshwar", "SHAPE_Area": 3564920.5885837753 }, "geometry": { "type": "Polygon", "coordinates": [ [ [ 79.895697, 29.9672764 ], [ 79.8963354, 29.9668281 ], [ 79.8963729, 29.9659948 ], [ 79.8959931, 29.9653322 ], [ 79.8920308, 29.9644643 ], [ 79.8884619, 29.9627953 ], [ 79.8872744, 29.9627538 ], [ 79.8863153, 29.9622062 ], [ 79.8851619, 29.9622268 ], [ 79.8825968, 29.9631437 ], [ 79.8818606, 29.9631325 ], [ 79.8811374, 29.9628754 ], [ 79.8800905, 29.9615074 ], [ 79.8794228, 29.9592847 ], [ 79.87969, 29.9578605 ], [ 79.8830331, 29.9558579 ], [ 79.8831572, 29.9544478 ], [ 79.8821303, 29.9505369 ], [ 79.8821575, 29.9478446 ], [ 79.8818147, 29.9470324 ], [ 79.8821343, 29.946413 ], [ 79.8820876, 29.943945 ], [ 79.8824186, 29.9431355 ], [ 79.8825059, 29.941309 ], [ 79.8835387, 29.9402281 ], [ 79.8842871, 29.9400684 ], [ 79.8832955, 29.9378989 ], [ 79.8822287, 29.9375028 ], [ 79.8774809, 29.9380121 ], [ 79.8771495, 29.9382683 ], [ 79.8765413, 29.9453512 ], [ 79.876012, 29.9471136 ], [ 79.8761577, 29.9486414 ], [ 79.8764758, 29.9494643 ], [ 79.8802373, 29.9543709 ], [ 79.880335, 29.9548945 ], [ 79.879757, 29.9562402 ], [ 79.8789466, 29.9569447 ], [ 79.8772529, 29.9575844 ], [ 79.8754102, 29.9599013 ], [ 79.8726367, 29.9605615 ], [ 79.87136, 29.9612015 ], [ 79.8706963, 29.9623121 ], [ 79.8704989, 29.9633696 ], [ 79.8707638, 29.9650761 ], [ 79.8751499, 29.9680877 ], [ 79.8770212, 29.9684705 ], [ 79.8808128, 29.9681956 ], [ 79.8887722, 29.9683977 ], [ 79.8927152, 29.9675095 ], [ 79.895697, 29.9672764 ] ] ] } },
{ "type": "Feature", "properties": { "gp_code": "22056", "gp_name": "POTHING", "blkname": "KAPKOTE", "dtname": "Bageshwar", "SHAPE_Area": 16599310.756737491 }, "geometry": { "type": "Polygon", "coordinates": [ [ [ 79.8504827, 29.9951517 ], [ 79.8548205, 29.9929589 ], [ 79.8561329, 29.9933156 ], [ 79.8575471, 29.9910812 ], [ 79.8588063, 29.9899873 ], [ 79.8617887, 29.9897014 ], [ 79.8645214, 29.9877648 ], [ 79.8665468, 29.9877861 ], [ 79.8686561, 29.9885694 ], [ 79.8714414, 29.9883958 ], [ 79.8721413, 29.9886683 ], [ 79.8762789, 29.9866525 ], [ 79.8808935, 29.9862927 ], [ 79.8829953, 29.9827582 ], [ 79.8836487, 29.9795324 ], [ 79.8827519, 29.9767221 ], [ 79.8814814, 29.9747021 ], [ 79.8805496, 29.9738895 ], [ 79.8799745, 29.9722973 ], [ 79.8811642, 29.9728003 ], [ 79.8835287, 29.9750873 ], [ 79.8845115, 29.9754628 ], [ 79.8898703, 29.9748794 ], [ 79.8941928, 29.9757365 ], [ 79.8960571, 29.9767312 ], [ 79.8971862, 29.976561 ], [ 79.8970278, 29.9752148 ], [ 79.8962319, 29.9732273 ], [ 79.8966034, 29.9698747 ], [ 79.8963188, 29.9684403 ], [ 79.895697, 29.9672764 ], [ 79.8927152, 29.9675095 ], [ 79.8887722, 29.9683977 ], [ 79.8808128, 29.9681956 ], [ 79.8770212, 29.9684705 ], [ 79.8751499, 29.9680877 ], [ 79.8707638, 29.9650761 ], [ 79.8709229, 29.9685513 ], [ 79.8678242, 29.9698259 ], [ 79.8666637, 29.9700114 ], [ 79.8658776, 29.9709376 ], [ 79.8653129, 29.9709718 ], [ 79.8649204, 29.9708219 ], [ 79.8634629, 29.9684277 ], [ 79.8612932, 29.966631 ], [ 79.8615523, 29.9653599 ], [ 79.8630021, 29.9635236 ], [ 79.8630047, 29.9611626 ], [ 79.8588965, 29.9594284 ], [ 79.8576514, 29.9593816 ], [ 79.8564546, 29.9598162 ], [ 79.853219, 29.9620782 ], [ 79.8520432, 29.9640129 ], [ 79.8513791, 29.9682671 ], [ 79.8521181, 29.9694967 ], [ 79.8520436, 29.9701911 ], [ 79.8504178, 29.9702003 ], [ 79.8490321, 29.969574 ], [ 79.8474388, 29.9680982 ], [ 79.8463223, 29.9680438 ], [ 79.8453767, 29.9687052 ], [ 79.8449594, 29.9736298 ], [ 79.8457224, 29.9748821 ], [ 79.8450362, 29.9764056 ], [ 79.8420318, 29.9793103 ], [ 79.8379083, 29.9796481 ], [ 79.8369137, 29.9800637 ], [ 79.8340368, 29.9825363 ], [ 79.8340743, 29.983629 ], [ 79.8347223, 29.985403 ], [ 79.8345244, 29.9865565 ], [ 79.8336509, 29.9881687 ], [ 79.8336966, 29.9892486 ], [ 79.8352979, 29.9908678 ], [ 79.8358108, 29.9936446 ], [ 79.8369793, 29.9940901 ], [ 79.8406999, 29.9940695 ], [ 79.841405, 29.9943244 ], [ 79.8444087, 29.9968553 ], [ 79.8465795, 29.9978867 ], [ 79.847365, 29.9978874 ], [ 79.8488878, 29.9971304 ], [ 79.8504827, 29.9951517 ] ] ] } },
{ "type": "Feature", "properties": { "gp_code": "", "gp_name": "", "blkname": "KAPKOTE", "dtname": "Bageshwar", "SHAPE_Area": 9979105.6305501517 }, "geometry": { "type": "Polygon", "coordinates": [ [ [ 79.8996613, 29.9696055 ], [ 79.8978217, 29.9648206 ], [ 79.8959931, 29.9653322 ], [ 79.8963729, 29.9659948 ], [ 79.8963354, 29.9668281 ], [ 79.895697, 29.9672764 ], [ 79.8963188, 29.9684403 ], [ 79.8966034, 29.9698747 ], [ 79.8962319, 29.9732273 ], [ 79.8972356, 29.9761017 ], [ 79.8971862, 29.976561 ], [ 79.8968056, 29.9767317 ], [ 79.8960571, 29.9767312 ], [ 79.8941928, 29.9757365 ], [ 79.8898703, 29.9748794 ], [ 79.8845115, 29.9754628 ], [ 79.8835287, 29.9750873 ], [ 79.8811642, 29.9728003 ], [ 79.8799745, 29.9722973 ], [ 79.8805496, 29.9738895 ], [ 79.8814814, 29.9747021 ], [ 79.8827519, 29.9767221 ], [ 79.8836487, 29.9795324 ], [ 79.8829953, 29.9827582 ], [ 79.8822862, 29.9843296 ], [ 79.8808935, 29.9862927 ], [ 79.8803166, 29.9863991 ], [ 79.8814329, 29.9868379 ], [ 79.8819845, 29.9875541 ], [ 79.8839153, 29.99199 ], [ 79.8850102, 29.9933143 ], [ 79.8855981, 29.9946393 ], [ 79.8846394, 29.9960915 ], [ 79.8831758, 29.9958765 ], [ 79.8825029, 29.9965097 ], [ 79.8807365, 29.9963344 ], [ 79.8793515, 29.9958065 ], [ 79.8762185, 29.9979334 ], [ 79.8801417, 30.0050402 ], [ 79.8851951, 30.0038084 ], [ 79.890352, 30.0038395 ], [ 79.8938038, 30.003203 ], [ 79.8948505, 30.0022555 ], [ 79.8964009, 29.9983374 ], [ 79.8993867, 29.9958307 ], [ 79.9017547, 29.9948368 ], [ 79.9033748, 29.994763 ], [ 79.9038047, 29.9942292 ], [ 79.9073278, 29.9931309 ], [ 79.9096359, 29.991925 ], [ 79.910471, 29.9910282 ], [ 79.9112208, 29.9871176 ], [ 79.9102913, 29.985003 ], [ 79.909631, 29.9818618 ], [ 79.9079415, 29.976498 ], [ 79.9074879, 29.9760491 ], [ 79.9065432, 29.9758135 ], [ 79.9057945, 29.9760054 ], [ 79.9034006, 29.9774462 ], [ 79.9014358, 29.9792718 ], [ 79.9002872, 29.9793787 ], [ 79.9001608, 29.9777861 ], [ 79.8994046, 29.9769428 ], [ 79.901341, 29.975084 ], [ 79.9018817, 29.9740374 ], [ 79.901944, 29.9729157 ], [ 79.901616, 29.97207 ], [ 79.8996613, 29.9696055 ] ] ] } },
{ "type": "Feature", "properties": { "gp_code": "22057", "gp_name": "PURKUNI", "blkname": "KAPKOTE", "dtname": "Bageshwar", "SHAPE_Area": 4726940.9681190979 }, "geometry": { "type": "Polygon", "coordinates": [ [ [ 79.8156363, 29.9427934 ], [ 79.8127939, 29.9430319 ], [ 79.8112448, 29.9426922 ], [ 79.8107655, 29.9432579 ], [ 79.8140487, 29.946189 ], [ 79.8149789, 29.9476003 ], [ 79.8148061, 29.9483052 ], [ 79.8142656, 29.9487747 ], [ 79.8145756, 29.9515105 ], [ 79.8162462, 29.9533495 ], [ 79.8160003, 29.9537125 ], [ 79.8150922, 29.9538397 ], [ 79.814576, 29.9544587 ], [ 79.8123733, 29.9553614 ], [ 79.811229, 29.9564128 ], [ 79.8119572, 29.9582961 ], [ 79.8136855, 29.9591691 ], [ 79.8155756, 29.9587119 ], [ 79.8174891, 29.9590345 ], [ 79.8223254, 29.9613385 ], [ 79.8231294, 29.9614659 ], [ 79.8261405, 29.9611047 ], [ 79.827155, 29.9605194 ], [ 79.8293905, 29.9587163 ], [ 79.8299325, 29.9571464 ], [ 79.8298388, 29.9539199 ], [ 79.8288589, 29.9528078 ], [ 79.8287865, 29.951953 ], [ 79.8296526, 29.9481858 ], [ 79.8295763, 29.9462187 ], [ 79.8278167, 29.9435653 ], [ 79.8281612, 29.9428712 ], [ 79.8299047, 29.9417726 ], [ 79.8319807, 29.9397022 ], [ 79.8332731, 29.9378404 ], [ 79.8325115, 29.9372775 ], [ 79.8318859, 29.9372234 ], [ 79.8312231, 29.9375325 ], [ 79.8282669, 29.937444 ], [ 79.823647, 29.9381095 ], [ 79.8201454, 29.9380733 ], [ 79.8199318, 29.9414734 ], [ 79.8195908, 29.9420671 ], [ 79.8170109, 29.9423355 ], [ 79.8156363, 29.9427934 ] ] ] } },
{ "type": "Feature", "properties": { "gp_code": "", "gp_name": "", "blkname": "KAPKOTE", "dtname": "Bageshwar", "SHAPE_Area": 128433665.53960271 }, "geometry": { "type": "Polygon", "coordinates": [ [ [ 79.8436998, 30.0225486 ], [ 79.8423211, 30.0221783 ], [ 79.8328033, 30.0224191 ], [ 79.8319138, 30.0175605 ], [ 79.8324016, 30.016284 ], [ 79.8328082, 30.0109431 ], [ 79.835903, 30.0099967 ], [ 79.8387439, 30.0084998 ], [ 79.8403201, 30.0070116 ], [ 79.8417518, 30.0038993 ], [ 79.8425449, 30.0032635 ], [ 79.8473961, 30.0033187 ], [ 79.8469723, 29.9978871 ], [ 79.8457704, 29.9976401 ], [ 79.8444087, 29.9968553 ], [ 79.841405, 29.9943244 ], [ 79.8406999, 29.9940695 ], [ 79.8369793, 29.9940901 ], [ 79.8358108, 29.9936446 ], [ 79.8352979, 29.9908678 ], [ 79.8336966, 29.9892486 ], [ 79.8336509, 29.9881687 ], [ 79.8345244, 29.9865565 ], [ 79.8347223, 29.985403 ], [ 79.8340743, 29.983629 ], [ 79.8340368, 29.9825363 ], [ 79.8369137, 29.9800637 ], [ 79.8379083, 29.9796481 ], [ 79.8420318, 29.9793103 ], [ 79.8450362, 29.9764056 ], [ 79.8457224, 29.9748821 ], [ 79.8449594, 29.9736298 ], [ 79.8453767, 29.9687052 ], [ 79.8463223, 29.9680438 ], [ 79.8474388, 29.9680982 ], [ 79.8490321, 29.969574 ], [ 79.8504178, 29.9702003 ], [ 79.8520436, 29.9701911 ], [ 79.8521181, 29.9694967 ], [ 79.8513791, 29.9682671 ], [ 79.8520432, 29.9640129 ], [ 79.853219, 29.9620782 ], [ 79.8549627, 29.9607977 ], [ 79.8564546, 29.9598162 ], [ 79.8583323, 29.9593264 ], [ 79.8630047, 29.9611626 ], [ 79.8657627, 29.960681 ], [ 79.8669936, 29.9599267 ], [ 79.8681814, 29.9600373 ], [ 79.8686383, 29.9593404 ], [ 79.8670458, 29.9570208 ], [ 79.8671357, 29.9532603 ], [ 79.865389, 29.951838 ], [ 79.859527, 29.9498779 ], [ 79.8563772, 29.9472256 ], [ 79.853902, 29.9448089 ], [ 79.8527207, 29.9426871 ], [ 79.8518256, 29.9423978 ], [ 79.8501894, 29.9411463 ], [ 79.8491547, 29.9396336 ], [ 79.8492301, 29.9381699 ], [ 79.8476506, 29.9357753 ], [ 79.8454069, 29.9345558 ], [ 79.8439197, 29.9341182 ], [ 79.8438248, 29.9346498 ], [ 79.8426952, 29.9355248 ], [ 79.8412681, 29.9387606 ], [ 79.8398064, 29.9402336 ], [ 79.8389601, 29.9401259 ], [ 79.8373677, 29.9383935 ], [ 79.8372743, 29.9347502 ], [ 79.8366375, 29.933991 ], [ 79.8342212, 29.9338604 ], [ 79.8328656, 29.9330369 ], [ 79.8312332, 29.9302034 ], [ 79.8305469, 29.9297325 ], [ 79.8275484, 29.9290986 ], [ 79.8259408, 29.9296743 ], [ 79.8235446, 29.9285819 ], [ 79.8227243, 29.9275233 ], [ 79.8226657, 29.9260415 ], [ 79.8237091, 29.925067 ], [ 79.8240127, 29.9241458 ], [ 79.8256013, 29.9227506 ], [ 79.8257498, 29.9218319 ], [ 79.8238748, 29.9207401 ], [ 79.8235322, 29.9201734 ], [ 79.8215094, 29.9194767 ], [ 79.8211303, 29.918707 ], [ 79.8202963, 29.9187275 ], [ 79.8197307, 29.9196778 ], [ 79.8195044, 29.9234597 ], [ 79.8142912, 29.9236729 ], [ 79.8137499, 29.924762 ], [ 79.8134154, 29.9269412 ], [ 79.8128134, 29.9275816 ], [ 79.810685, 29.9280205 ], [ 79.8087388, 29.929126 ], [ 79.808749, 29.9304401 ], [ 79.8092981, 29.9322784 ], [ 79.8121597, 29.9346952 ], [ 79.8143686, 29.9374554 ], [ 79.8138856, 29.940489 ], [ 79.8127307, 29.9416415 ], [ 79.8107553, 29.941917 ], [ 79.8099833, 29.9413178 ], [ 79.8102217, 29.9378779 ], [ 79.8089365, 29.9360495 ], [ 79.8018952, 29.9285836 ], [ 79.8010612, 29.9285291 ], [ 79.7999438, 29.929297 ], [ 79.797578, 29.9283325 ], [ 79.7963511, 29.9285019 ], [ 79.7946564, 29.9297071 ], [ 79.793736, 29.9299623 ], [ 79.7904558, 29.9296327 ], [ 79.7885959, 29.9303617 ], [ 79.787406, 29.9303601 ], [ 79.7868783, 29.9305304 ], [ 79.7864465, 29.9316149 ], [ 79.7852919, 29.9328681 ], [ 79.7846782, 29.9330596 ], [ 79.7832316, 29.9326089 ], [ 79.7813388, 29.9304396 ], [ 79.7787205, 29.9309789 ], [ 79.7772476, 29.9315324 ], [ 79.7764848, 29.9327814 ], [ 79.7706913, 29.9348139 ], [ 79.7708585, 29.9372181 ], [ 79.770637, 29.9375703 ], [ 79.7688205, 29.938134 ], [ 79.7670393, 29.9394455 ], [ 79.7667556, 29.9410304 ], [ 79.7679052, 29.9421284 ], [ 79.7701849, 29.9432214 ], [ 79.7706989, 29.9438632 ], [ 79.7706612, 29.9443759 ], [ 79.7676474, 29.9445289 ], [ 79.7649336, 29.9436306 ], [ 79.7630348, 29.9422603 ], [ 79.7611701, 29.9422789 ], [ 79.760335, 29.9428012 ], [ 79.7595192, 29.9459303 ], [ 79.7580304, 29.947036 ], [ 79.7565166, 29.9505839 ], [ 79.7566012, 29.9512464 ], [ 79.7568702, 29.951858 ], [ 79.7578389, 29.9518824 ], [ 79.760026, 29.9502473 ], [ 79.7622469, 29.9500689 ], [ 79.7628963, 29.9504972 ], [ 79.763835, 29.9535648 ], [ 79.7636136, 29.9538529 ], [ 79.7612591, 29.9533366 ], [ 79.7599826, 29.9536125 ], [ 79.7589384, 29.9543268 ], [ 79.7589124, 29.9550639 ], [ 79.7578325, 29.9551798 ], [ 79.75668, 29.9548041 ], [ 79.7550964, 29.9553253 ], [ 79.7544077, 29.9561148 ], [ 79.7542096, 29.9570119 ], [ 79.7527472, 29.9582276 ], [ 79.7526478, 29.9588685 ], [ 79.7530605, 29.9610699 ], [ 79.7529349, 29.9624906 ], [ 79.7539505, 29.9638703 ], [ 79.7600311, 29.9662002 ], [ 79.7625954, 29.9666647 ], [ 79.766043, 29.9666551 ], [ 79.7690258, 29.9659757 ], [ 79.7707191, 29.9659247 ], [ 79.7710621, 29.9662029 ], [ 79.775419, 29.965568 ], [ 79.7780958, 29.96445 ], [ 79.7800136, 29.96238 ], [ 79.7814506, 29.9615486 ], [ 79.7823574, 29.9621695 ], [ 79.7818632, 29.9641346 ], [ 79.7830263, 29.965557 ], [ 79.7881935, 29.9671068 ], [ 79.7941362, 29.9693534 ], [ 79.7963932, 29.9697942 ], [ 79.7977898, 29.97111 ], [ 79.8007712, 29.9712739 ], [ 79.8031729, 29.9732746 ], [ 79.805613, 29.97441 ], [ 79.8090849, 29.9748094 ], [ 79.8090208, 29.9762194 ], [ 79.8127121, 29.9780078 ], [ 79.8142702, 29.9782447 ], [ 79.8161712, 29.9804967 ], [ 79.8178197, 29.9843273 ], [ 79.8188864, 29.9850015 ], [ 79.8207266, 29.9853454 ], [ 79.8208119, 29.9857407 ], [ 79.8201943, 29.9864392 ], [ 79.8158758, 29.9876902 ], [ 79.813456, 29.9891723 ], [ 79.8134917, 29.9898667 ], [ 79.8145586, 29.9904128 ], [ 79.8147421, 29.9908083 ], [ 79.8145563, 29.991919 ], [ 79.8138604, 29.9928805 ], [ 79.8142654, 29.9976233 ], [ 79.8137355, 29.9990541 ], [ 79.8128764, 29.9990424 ], [ 79.812104, 29.9985608 ], [ 79.8112218, 29.9975984 ], [ 79.8109164, 29.9967007 ], [ 79.8109914, 29.9957821 ], [ 79.8101721, 29.9938903 ], [ 79.8104562, 29.9926941 ], [ 79.8100906, 29.9910272 ], [ 79.8103038, 29.9880683 ], [ 79.8100226, 29.9873736 ], [ 79.8076706, 29.9846788 ], [ 79.8062355, 29.9842391 ], [ 79.8048488, 29.9842481 ], [ 79.8030927, 29.9850365 ], [ 79.8021959, 29.9856764 ], [ 79.8015685, 29.9866157 ], [ 79.8012714, 29.9882391 ], [ 79.8016234, 29.9906539 ], [ 79.801042, 29.993452 ], [ 79.8004024, 29.9943593 ], [ 79.8005337, 29.9966241 ], [ 79.8010558, 29.9975751 ], [ 79.8008862, 29.9987611 ], [ 79.800002, 29.9990805 ], [ 79.797477, 29.9971118 ], [ 79.7971466, 29.9965345 ], [ 79.7976641, 29.9952959 ], [ 79.797752, 29.9940676 ], [ 79.7973494, 29.9926142 ], [ 79.7965916, 29.9920742 ], [ 79.79627, 29.9909513 ], [ 79.7974038, 29.9894201 ], [ 79.7977042, 29.9858525 ], [ 79.7982726, 29.9841622 ], [ 79.7976851, 29.98253 ], [ 79.7980052, 29.9818895 ], [ 79.7994844, 29.9820732 ], [ 79.8022411, 29.9804418 ], [ 79.8029693, 29.9778254 ], [ 79.8020046, 29.9749398 ], [ 79.7975271, 29.9741544 ], [ 79.7960692, 29.9727958 ], [ 79.7948554, 29.972196 ], [ 79.7927704, 29.9716165 ], [ 79.7907212, 29.9716779 ], [ 79.785062, 29.9731341 ], [ 79.7847368, 29.9737216 ], [ 79.7847983, 29.9765737 ], [ 79.7836198, 29.9768606 ], [ 79.7834371, 29.9760805 ], [ 79.7825296, 29.9758229 ], [ 79.782469, 29.9753634 ], [ 79.7832936, 29.973965 ], [ 79.7833084, 29.9725442 ], [ 79.7828935, 29.9712403 ], [ 79.7821523, 29.9702693 ], [ 79.7801859, 29.9689505 ], [ 79.779462, 29.9689174 ], [ 79.7779271, 29.969567 ], [ 79.7770176, 29.9704204 ], [ 79.7747969, 29.9703212 ], [ 79.7735688, 29.9708857 ], [ 79.7730289, 29.9708849 ], [ 79.7724286, 29.9703927 ], [ 79.7717189, 29.969302 ], [ 79.7711912, 29.9693867 ], [ 79.7701497, 29.9685733 ], [ 79.7695241, 29.968487 ], [ 79.768149, 29.9690264 ], [ 79.7649954, 29.969068 ], [ 79.7633383, 29.9693968 ], [ 79.7626398, 29.9689364 ], [ 79.76091, 29.968827 ], [ 79.7600254, 29.9694133 ], [ 79.7598033, 29.970054 ], [ 79.7600108, 29.9705777 ], [ 79.7641397, 29.9737887 ], [ 79.766135, 29.9763342 ], [ 79.7662291, 29.9772921 ], [ 79.7645054, 29.9803197 ], [ 79.7634085, 29.980753 ], [ 79.7623266, 29.981777 ], [ 79.7620309, 29.9823962 ], [ 79.7621767, 29.9831442 ], [ 79.7606282, 29.9843384 ], [ 79.7601841, 29.9855342 ], [ 79.7600644, 29.9866951 ], [ 79.7605481, 29.9876713 ], [ 79.7625091, 29.9889775 ], [ 79.7629004, 29.9896832 ], [ 79.7626219, 29.9904125 ], [ 79.7595605, 29.9906397 ], [ 79.7582603, 29.9903386 ], [ 79.7574767, 29.9893974 ], [ 79.7548051, 29.9875346 ], [ 79.7531841, 29.9880876 ], [ 79.752435, 29.9878514 ], [ 79.7524391, 29.9858143 ], [ 79.7514793, 29.9815257 ], [ 79.7505498, 29.9799859 ], [ 79.7474441, 29.9774444 ], [ 79.7473971, 29.9760435 ], [ 79.7467725, 29.9751129 ], [ 79.7469924, 29.9737788 ], [ 79.7439097, 29.9754192 ], [ 79.7427486, 29.9753975 ], [ 79.7421786, 29.9757633 ], [ 79.7418742, 29.9768104 ], [ 79.7419691, 29.9779632 ], [ 79.7424564, 29.9789947 ], [ 79.7412914, 29.9808165 ], [ 79.7408057, 29.9843837 ], [ 79.7424992, 29.9857739 ], [ 79.742383, 29.9868837 ], [ 79.7410389, 29.9871987 ], [ 79.7401822, 29.9885254 ], [ 79.7394636, 29.9891437 ], [ 79.7388602, 29.9891427 ], [ 79.7366644, 29.9884256 ], [ 79.7359267, 29.987354 ], [ 79.7358921, 29.9863087 ], [ 79.7341888, 29.9854978 ], [ 79.7333605, 29.984208 ], [ 79.7334535, 29.9833212 ], [ 79.7363312, 29.9808511 ], [ 79.7383362, 29.9785818 ], [ 79.7382484, 29.9770454 ], [ 79.7366925, 29.9753085 ], [ 79.7365573, 29.9746541 ], [ 79.7382223, 29.9732594 ], [ 79.7456306, 29.9689598 ], [ 79.7472385, 29.9675748 ], [ 79.7492621, 29.9646109 ], [ 79.7490686, 29.9601095 ], [ 79.7483667, 29.9594557 ], [ 79.7481512, 29.9575726 ], [ 79.7486091, 29.9558542 ], [ 79.7489071, 29.9557319 ], [ 79.7500183, 29.9563339 ], [ 79.7506535, 29.9561304 ], [ 79.7508998, 29.9556394 ], [ 79.7509273, 29.9541865 ], [ 79.7516665, 29.9526705 ], [ 79.7518175, 29.9508011 ], [ 79.7522852, 29.9500326 ], [ 79.7521901, 29.9485368 ], [ 79.7525858, 29.9469989 ], [ 79.7531776, 29.9461613 ], [ 79.7528969, 29.9447985 ], [ 79.7542341, 29.9437884 ], [ 79.7543119, 29.9426639 ], [ 79.7549265, 29.9420666 ], [ 79.7548909, 29.9414576 ], [ 79.753923, 29.9408471 ], [ 79.7540832, 29.9404734 ], [ 79.7554468, 29.9395246 ], [ 79.7581344, 29.9389517 ], [ 79.7610202, 29.9373439 ], [ 79.7613771, 29.9367984 ], [ 79.7613912, 29.9358369 ], [ 79.7594181, 29.9349044 ], [ 79.7571913, 29.9345746 ], [ 79.7532607, 29.9346922 ], [ 79.7523186, 29.9332534 ], [ 79.7505166, 29.9329251 ], [ 79.7491936, 29.9320363 ], [ 79.7489613, 29.9316727 ], [ 79.7491101, 29.930893 ], [ 79.7505485, 29.9292926 ], [ 79.7549283, 29.9276178 ], [ 79.7569414, 29.928095 ], [ 79.7586587, 29.9280976 ], [ 79.7594204, 29.9274363 ], [ 79.7606294, 29.9243916 ], [ 79.7609598, 29.9242654 ], [ 79.76134, 29.9242873 ], [ 79.7618774, 29.9254634 ], [ 79.7634334, 29.9263845 ], [ 79.7665609, 29.9265065 ], [ 79.7697148, 29.925667 ], [ 79.770832, 29.9251344 ], [ 79.7715326, 29.9243554 ], [ 79.7730328, 29.9218668 ], [ 79.7735773, 29.9196252 ], [ 79.7742889, 29.9195514 ], [ 79.7755509, 29.9202263 ], [ 79.7768526, 29.919384 ], [ 79.7779099, 29.9179858 ], [ 79.7819794, 29.9169458 ], [ 79.7824069, 29.9158516 ], [ 79.7807669, 29.9156752 ], [ 79.7780781, 29.9162249 ], [ 79.7728498, 29.9159197 ], [ 79.770064, 29.916086 ], [ 79.7667385, 29.917401 ], [ 79.7639045, 29.9172266 ], [ 79.7601951, 29.9148797 ], [ 79.7570258, 29.911299 ], [ 79.7557447, 29.910435 ], [ 79.7540405, 29.9135082 ], [ 79.7550128, 29.9160214 ], [ 79.75452, 29.9181066 ], [ 79.7475234, 29.9241613 ], [ 79.7467388, 29.9264181 ], [ 79.7471691, 29.9291563 ], [ 79.7479682, 29.9309959 ], [ 79.7483064, 29.9338938 ], [ 79.7421501, 29.9411927 ], [ 79.7401199, 29.9429926 ], [ 79.7371296, 29.9465844 ], [ 79.7347617, 29.9487586 ], [ 79.7301894, 29.9516483 ], [ 79.7270429, 29.9548708 ], [ 79.7244659, 29.9561744 ], [ 79.7234508, 29.9586103 ], [ 79.7195054, 29.9618577 ], [ 79.719024, 29.9678338 ], [ 79.7182394, 29.9697506 ], [ 79.7156422, 29.9715043 ], [ 79.7151342, 29.9728421 ], [ 79.7162428, 29.9797173 ], [ 79.7172251, 29.981697 ], [ 79.7180197, 29.9854946 ], [ 79.7205382, 29.9881763 ], [ 79.7203062, 29.9892947 ], [ 79.7178685, 29.9913684 ], [ 79.7181626, 29.993207 ], [ 79.71956, 29.9944082 ], [ 79.7257528, 29.996904 ], [ 79.7274499, 29.9970789 ], [ 79.7318048, 29.9953355 ], [ 79.7328709, 29.9952499 ], [ 79.7349346, 29.9962522 ], [ 79.7408083, 29.9973606 ], [ 79.7440649, 29.9986844 ], [ 79.7460362, 30.0000061 ], [ 79.7475009, 30.0027779 ], [ 79.7474988, 30.0037778 ], [ 79.7480968, 30.0048228 ], [ 79.7484496, 30.0048405 ], [ 79.7503202, 30.0067532 ], [ 79.7551555, 30.0080804 ], [ 79.7612869, 30.0083023 ], [ 79.7663229, 30.0101471 ], [ 79.7680917, 30.008926 ], [ 79.7738479, 30.0061112 ], [ 79.7772381, 30.0056311 ], [ 79.7779636, 30.0057985 ], [ 79.7796365, 30.0069726 ], [ 79.7809273, 30.0067886 ], [ 79.7822637, 30.0077143 ], [ 79.7832621, 30.0098398 ], [ 79.7884308, 30.014643 ], [ 79.7891448, 30.0162268 ], [ 79.7982682, 30.0157994 ], [ 79.8011538, 30.018043 ], [ 79.8026567, 30.018513 ], [ 79.8037453, 30.0183828 ], [ 79.8064189, 30.0200353 ], [ 79.8107098, 30.0220493 ], [ 79.8122129, 30.0223433 ], [ 79.8134514, 30.0232551 ], [ 79.8134403, 30.0244054 ], [ 79.8109956, 30.0290326 ], [ 79.810855, 30.0299392 ], [ 79.8116514, 30.0331335 ], [ 79.8126766, 30.0352722 ], [ 79.8128884, 30.0365714 ], [ 79.8125197, 30.0373652 ], [ 79.8132188, 30.0386737 ], [ 79.8134872, 30.0406451 ], [ 79.8141865, 30.041859 ], [ 79.8169968, 30.0416844 ], [ 79.8203311, 30.0409143 ], [ 79.8253187, 30.0412907 ], [ 79.8265789, 30.0409619 ], [ 79.8316081, 30.0410178 ], [ 79.8325, 30.040779 ], [ 79.8327282, 30.0405445 ], [ 79.8277317, 30.0369836 ], [ 79.8299736, 30.0324237 ], [ 79.8314978, 30.0324422 ], [ 79.8352504, 30.0345591 ], [ 79.8383195, 30.0350517 ], [ 79.8403259, 30.0349847 ], [ 79.8407049, 30.0335006 ], [ 79.8415089, 30.0322017 ], [ 79.8457714, 30.0291036 ], [ 79.8476639, 30.0285266 ], [ 79.8443163, 30.0240012 ], [ 79.8436998, 30.0225486 ] ], [ [ 79.8156363, 29.9427934 ], [ 79.8170109, 29.9423355 ], [ 79.8195908, 29.9420671 ], [ 79.8199318, 29.9414734 ], [ 79.8201454, 29.9380733 ], [ 79.823647, 29.9381095 ], [ 79.8282669, 29.937444 ], [ 79.8312231, 29.9375325 ], [ 79.8318859, 29.9372234 ], [ 79.8325115, 29.9372775 ], [ 79.8332731, 29.9378404 ], [ 79.8319807, 29.9397022 ], [ 79.8299047, 29.9417726 ], [ 79.8281612, 29.9428712 ], [ 79.8278167, 29.9435653 ], [ 79.8295763, 29.9462187 ], [ 79.8296526, 29.9481858 ], [ 79.8287865, 29.951953 ], [ 79.8288589, 29.9528078 ], [ 79.8298388, 29.9539199 ], [ 79.8299325, 29.9571464 ], [ 79.8293905, 29.9587163 ], [ 79.827155, 29.9605194 ], [ 79.8261405, 29.9611047 ], [ 79.8231294, 29.9614659 ], [ 79.8223254, 29.9613385 ], [ 79.8174891, 29.9590345 ], [ 79.8155756, 29.9587119 ], [ 79.8136855, 29.9591691 ], [ 79.8119572, 29.9582961 ], [ 79.811229, 29.9564128 ], [ 79.8123733, 29.9553614 ], [ 79.814576, 29.9544587 ], [ 79.8150922, 29.9538397 ], [ 79.8160003, 29.9537125 ], [ 79.8162462, 29.9533495 ], [ 79.8145756, 29.9515105 ], [ 79.8142656, 29.9487747 ], [ 79.8148061, 29.9483052 ], [ 79.8149789, 29.9476003 ], [ 79.8140487, 29.946189 ], [ 79.8107655, 29.9432579 ], [ 79.8112448, 29.9426922 ], [ 79.8127939, 29.9430319 ], [ 79.8156363, 29.9427934 ] ] ] } },
{ "type": "Feature", "properties": { "gp_code": "22018", "gp_name": "JAGTHANA", "blkname": "KAPKOTE", "dtname": "Bageshwar", "SHAPE_Area": 5841158.4235817194 }, "geometry": { "type": "Polygon", "coordinates": [ [ [ 79.7710621, 29.9662029 ], [ 79.7717189, 29.969302 ], [ 79.7730289, 29.9708849 ], [ 79.7747969, 29.9703212 ], [ 79.7770176, 29.9704204 ], [ 79.7779271, 29.969567 ], [ 79.779462, 29.9689174 ], [ 79.7801859, 29.9689505 ], [ 79.7821523, 29.9702693 ], [ 79.7828935, 29.9712403 ], [ 79.7833084, 29.9725442 ], [ 79.7832936, 29.973965 ], [ 79.7825679, 29.9749469 ], [ 79.7825296, 29.9758229 ], [ 79.7834371, 29.9760805 ], [ 79.7836198, 29.9768606 ], [ 79.7847983, 29.9765737 ], [ 79.7847368, 29.9737216 ], [ 79.785062, 29.9731341 ], [ 79.7907212, 29.9716779 ], [ 79.7927704, 29.9716165 ], [ 79.7948554, 29.972196 ], [ 79.7960692, 29.9727958 ], [ 79.7975271, 29.9741544 ], [ 79.8020046, 29.9749398 ], [ 79.8029693, 29.9778254 ], [ 79.8022411, 29.9804418 ], [ 79.7994844, 29.9820732 ], [ 79.7980052, 29.9818895 ], [ 79.7976851, 29.98253 ], [ 79.7982726, 29.9841622 ], [ 79.7977042, 29.9858525 ], [ 79.7974038, 29.9894201 ], [ 79.79627, 29.9909513 ], [ 79.7965916, 29.9920742 ], [ 79.7973494, 29.9926142 ], [ 79.797752, 29.9940676 ], [ 79.7976641, 29.9952959 ], [ 79.7971466, 29.9965345 ], [ 79.797477, 29.9971118 ], [ 79.800002, 29.9990805 ], [ 79.8008862, 29.9987611 ], [ 79.8010558, 29.9975751 ], [ 79.8005337, 29.9966241 ], [ 79.8004024, 29.9943593 ], [ 79.801042, 29.993452 ], [ 79.8016234, 29.9906539 ], [ 79.8012714, 29.9882391 ], [ 79.8015685, 29.9866157 ], [ 79.8021959, 29.9856764 ], [ 79.8030927, 29.9850365 ], [ 79.8048488, 29.9842481 ], [ 79.8062355, 29.9842391 ], [ 79.8076706, 29.9846788 ], [ 79.8100226, 29.9873736 ], [ 79.8103038, 29.9880683 ], [ 79.8100906, 29.9910272 ], [ 79.8104562, 29.9926941 ], [ 79.8101721, 29.9938903 ], [ 79.8109914, 29.9957821 ], [ 79.8109164, 29.9967007 ], [ 79.8112218, 29.9975984 ], [ 79.812104, 29.9985608 ], [ 79.8128764, 29.9990424 ], [ 79.8137355, 29.9990541 ], [ 79.8142654, 29.9976233 ], [ 79.8138604, 29.9928805 ], [ 79.8145563, 29.991919 ], [ 79.8147421, 29.9908083 ], [ 79.8145586, 29.9904128 ], [ 79.8134917, 29.9898667 ], [ 79.813456, 29.9891723 ], [ 79.8158758, 29.9876902 ], [ 79.8201943, 29.9864392 ], [ 79.8208119, 29.9857407 ], [ 79.8207266, 29.9853454 ], [ 79.8188864, 29.9850015 ], [ 79.8178197, 29.9843273 ], [ 79.8161712, 29.9804967 ], [ 79.8142702, 29.9782447 ], [ 79.8127121, 29.9780078 ], [ 79.8106765, 29.9771615 ], [ 79.8090208, 29.9762194 ], [ 79.8090849, 29.9748094 ], [ 79.805613, 29.97441 ], [ 79.8031729, 29.9732746 ], [ 79.8007712, 29.9712739 ], [ 79.7977898, 29.97111 ], [ 79.7963932, 29.9697942 ], [ 79.7941362, 29.9693534 ], [ 79.7881935, 29.9671068 ], [ 79.7830263, 29.965557 ], [ 79.7818632, 29.9641346 ], [ 79.7823574, 29.9621695 ], [ 79.7814506, 29.9615486 ], [ 79.7808123, 29.961708 ], [ 79.7776168, 29.9647378 ], [ 79.775419, 29.965568 ], [ 79.7710621, 29.9662029 ] ] ] } },
{ "type": "Feature", "properties": { "gp_code": "22074", "gp_name": "SUMTI", "blkname": "KAPKOTE", "dtname": "Bageshwar", "SHAPE_Area": 3192026.4286891301 }, "geometry": { "type": "Polygon", "coordinates": [ [ [ 79.7627428, 29.9727825 ], [ 79.7601054, 29.9724154 ], [ 79.7577886, 29.9712368 ], [ 79.7567842, 29.97037 ], [ 79.7558503, 29.9710736 ], [ 79.7551016, 29.9711473 ], [ 79.751122, 29.9731497 ], [ 79.7493423, 29.9734033 ], [ 79.7477376, 29.9731666 ], [ 79.7469924, 29.9737788 ], [ 79.7467725, 29.9751129 ], [ 79.7473971, 29.9760435 ], [ 79.7474441, 29.9774444 ], [ 79.7505498, 29.9799859 ], [ 79.7514793, 29.9815257 ], [ 79.7524391, 29.9858143 ], [ 79.752435, 29.9878514 ], [ 79.7531841, 29.9880876 ], [ 79.7548051, 29.9875346 ], [ 79.7574767, 29.9893974 ], [ 79.7582603, 29.9903386 ], [ 79.7595605, 29.9906397 ], [ 79.7626219, 29.9904125 ], [ 79.7629004, 29.9896832 ], [ 79.7625091, 29.9889775 ], [ 79.7605481, 29.9876713 ], [ 79.7600644, 29.9866951 ], [ 79.7601841, 29.9855342 ], [ 79.7606282, 29.9843384 ], [ 79.7621767, 29.9831442 ], [ 79.7620309, 29.9823962 ], [ 79.7623266, 29.981777 ], [ 79.7634085, 29.980753 ], [ 79.7645054, 29.9803197 ], [ 79.7662291, 29.9772921 ], [ 79.766135, 29.9763342 ], [ 79.7652906, 29.9751365 ], [ 79.7641397, 29.9737887 ], [ 79.7627428, 29.9727825 ] ] ] } },
{ "type": "Feature", "properties": { "gp_code": "260020", "gp_name": "BAISANII", "blkname": "KAPKOTE", "dtname": "Bageshwar", "SHAPE_Area": 5941256.8918520082 }, "geometry": { "type": "Polygon", "coordinates": [ [ [ 79.7410389, 29.9871987 ], [ 79.7419953, 29.9871408 ], [ 79.7426004, 29.9863489 ], [ 79.7424992, 29.9857739 ], [ 79.7408057, 29.9843837 ], [ 79.7412914, 29.9808165 ], [ 79.7424564, 29.9789947 ], [ 79.7419691, 29.9779632 ], [ 79.7418742, 29.9768104 ], [ 79.7424068, 29.9755258 ], [ 79.744525, 29.9751525 ], [ 79.7477376, 29.9731666 ], [ 79.7493423, 29.9734033 ], [ 79.751122, 29.9731497 ], [ 79.7551016, 29.9711473 ], [ 79.7558503, 29.9710736 ], [ 79.7567842, 29.97037 ], [ 79.7577886, 29.9712368 ], [ 79.7601054, 29.9724154 ], [ 79.7627428, 29.9727825 ], [ 79.7600108, 29.9705777 ], [ 79.7598033, 29.970054 ], [ 79.7600254, 29.9694133 ], [ 79.76091, 29.968827 ], [ 79.7626398, 29.9689364 ], [ 79.7633383, 29.9693968 ], [ 79.7649954, 29.969068 ], [ 79.768149, 29.9690264 ], [ 79.7695241, 29.968487 ], [ 79.7701497, 29.9685733 ], [ 79.7711912, 29.9693867 ], [ 79.7717189, 29.969302 ], [ 79.7710621, 29.9662029 ], [ 79.7707191, 29.9659247 ], [ 79.7648772, 29.9667282 ], [ 79.7600311, 29.9662002 ], [ 79.7545715, 29.9642967 ], [ 79.7529349, 29.9624906 ], [ 79.7527472, 29.9582276 ], [ 79.7542096, 29.9570119 ], [ 79.7544077, 29.9561148 ], [ 79.7550964, 29.9553253 ], [ 79.75668, 29.9548041 ], [ 79.7578325, 29.9551798 ], [ 79.7589124, 29.9550639 ], [ 79.7589384, 29.9543268 ], [ 79.7599826, 29.9536125 ], [ 79.7612591, 29.9533366 ], [ 79.7636136, 29.9538529 ], [ 79.763835, 29.9535648 ], [ 79.7628963, 29.9504972 ], [ 79.7622469, 29.9500689 ], [ 79.760026, 29.9502473 ], [ 79.7578389, 29.9518824 ], [ 79.7568702, 29.951858 ], [ 79.7566012, 29.9512464 ], [ 79.7565166, 29.9505839 ], [ 79.7580304, 29.947036 ], [ 79.7595192, 29.9459303 ], [ 79.760335, 29.9428012 ], [ 79.7611701, 29.9422789 ], [ 79.7630348, 29.9422603 ], [ 79.7649336, 29.9436306 ], [ 79.7676474, 29.9445289 ], [ 79.7697039, 29.9445562 ], [ 79.7671443, 29.9433235 ], [ 79.7649404, 29.9414563 ], [ 79.7610202, 29.9373439 ], [ 79.7581344, 29.9389517 ], [ 79.7547644, 29.9397838 ], [ 79.7540832, 29.9404734 ], [ 79.753923, 29.9408471 ], [ 79.7548909, 29.9414576 ], [ 79.7549265, 29.9420666 ], [ 79.7543119, 29.9426639 ], [ 79.7542341, 29.9437884 ], [ 79.7528969, 29.9447985 ], [ 79.7531776, 29.9461613 ], [ 79.7525858, 29.9469989 ], [ 79.7521901, 29.9485368 ], [ 79.7522852, 29.9500326 ], [ 79.7518175, 29.9508011 ], [ 79.7516665, 29.9526705 ], [ 79.7509273, 29.9541865 ], [ 79.7508998, 29.9556394 ], [ 79.7506535, 29.9561304 ], [ 79.7500183, 29.9563339 ], [ 79.7489071, 29.9557319 ], [ 79.7486091, 29.9558542 ], [ 79.7481512, 29.9575726 ], [ 79.7483667, 29.9594557 ], [ 79.7490686, 29.9601095 ], [ 79.7492621, 29.9646109 ], [ 79.7472385, 29.9675748 ], [ 79.7456306, 29.9689598 ], [ 79.7382223, 29.9732594 ], [ 79.7365573, 29.9746541 ], [ 79.7366925, 29.9753085 ], [ 79.7382484, 29.9770454 ], [ 79.7383362, 29.9785818 ], [ 79.7363312, 29.9808511 ], [ 79.7334535, 29.9833212 ], [ 79.7333605, 29.984208 ], [ 79.7341888, 29.9854978 ], [ 79.7358921, 29.9863087 ], [ 79.7361761, 29.9878499 ], [ 79.7371419, 29.9887633 ], [ 79.7394636, 29.9891437 ], [ 79.7410389, 29.9871987 ] ] ] } },
{ "type": "Feature", "properties": { "gp_code": "22048", "gp_name": "NANKANYALIKOT", "blkname": "KAPKOTE", "dtname": "Bageshwar", "SHAPE_Area": 6194880.6725975368 }, "geometry": { "type": "Polygon", "coordinates": [ [ [ 79.7904558, 29.9296327 ], [ 79.7904873, 29.9289004 ], [ 79.7896937, 29.9267626 ], [ 79.7883118, 29.9243569 ], [ 79.785242, 29.9234388 ], [ 79.78514, 29.9215107 ], [ 79.785767, 29.9206888 ], [ 79.7854075, 29.9199749 ], [ 79.7843348, 29.9190736 ], [ 79.7824069, 29.9158516 ], [ 79.7819794, 29.9169458 ], [ 79.7779099, 29.9179858 ], [ 79.7768526, 29.919384 ], [ 79.7755509, 29.9202263 ], [ 79.7742889, 29.9195514 ], [ 79.7735773, 29.9196252 ], [ 79.7730328, 29.9218668 ], [ 79.7715326, 29.9243554 ], [ 79.770832, 29.9251344 ], [ 79.7697148, 29.925667 ], [ 79.7665609, 29.9265065 ], [ 79.7634334, 29.9263845 ], [ 79.7618774, 29.9254634 ], [ 79.76134, 29.9242873 ], [ 79.7609598, 29.9242654 ], [ 79.7606294, 29.9243916 ], [ 79.7594204, 29.9274363 ], [ 79.7586587, 29.9280976 ], [ 79.7569414, 29.928095 ], [ 79.7549283, 29.9276178 ], [ 79.7518622, 29.9286536 ], [ 79.7498111, 29.9299752 ], [ 79.7491101, 29.930893 ], [ 79.7489613, 29.9316727 ], [ 79.7505166, 29.9329251 ], [ 79.7523186, 29.9332534 ], [ 79.7532607, 29.9346922 ], [ 79.7571913, 29.9345746 ], [ 79.760791, 29.9353979 ], [ 79.7613912, 29.9358369 ], [ 79.7613771, 29.9367984 ], [ 79.7610202, 29.9373439 ], [ 79.7649404, 29.9414563 ], [ 79.7671443, 29.9433235 ], [ 79.7697039, 29.9445562 ], [ 79.7706612, 29.9443759 ], [ 79.7706989, 29.9438632 ], [ 79.7701849, 29.9432214 ], [ 79.7679052, 29.9421284 ], [ 79.7667556, 29.9410304 ], [ 79.7668543, 29.9399581 ], [ 79.7670393, 29.9394455 ], [ 79.7682574, 29.9384423 ], [ 79.770637, 29.9375703 ], [ 79.7708585, 29.9372181 ], [ 79.7706913, 29.9348139 ], [ 79.7764848, 29.9327814 ], [ 79.7772476, 29.9315324 ], [ 79.7813388, 29.9304396 ], [ 79.7832316, 29.9326089 ], [ 79.7846782, 29.9330596 ], [ 79.7852919, 29.9328681 ], [ 79.7864465, 29.9316149 ], [ 79.7868783, 29.9305304 ], [ 79.7885959, 29.9303617 ], [ 79.7904558, 29.9296327 ] ] ] } },
{ "type": "Feature", "properties": { "gp_code": "", "gp_name": "", "blkname": "BAGESHWAR", "dtname": "Bageshwar", "SHAPE_Area": 5557983.916636561 }, "geometry": { "type": "Polygon", "coordinates": [ [ [ 79.770064, 29.916086 ], [ 79.7728498, 29.9159197 ], [ 79.7780781, 29.9162249 ], [ 79.7807669, 29.9156752 ], [ 79.7824071, 29.9158517 ], [ 79.7838545, 29.9137562 ], [ 79.7864051, 29.911021 ], [ 79.7891535, 29.9087519 ], [ 79.791835, 29.907112 ], [ 79.7920696, 29.9033584 ], [ 79.7915575, 29.9024379 ], [ 79.7898896, 29.9010273 ], [ 79.7865949, 29.9011761 ], [ 79.7855239, 29.9017713 ], [ 79.7865356, 29.9024936 ], [ 79.7862343, 29.9034876 ], [ 79.7833353, 29.907145 ], [ 79.782773, 29.9083928 ], [ 79.7790097, 29.9087225 ], [ 79.7785438, 29.9096681 ], [ 79.7756525, 29.9093535 ], [ 79.7746809, 29.9098112 ], [ 79.7737689, 29.9092133 ], [ 79.773642, 29.9083803 ], [ 79.7728583, 29.907259 ], [ 79.7711202, 29.9064998 ], [ 79.7704064, 29.9066977 ], [ 79.7687635, 29.9078638 ], [ 79.7671312, 29.9109565 ], [ 79.7663471, 29.9106197 ], [ 79.7654077, 29.9094251 ], [ 79.7658398, 29.9073127 ], [ 79.7663548, 29.9065676 ], [ 79.7676687, 29.9058858 ], [ 79.7679489, 29.9048065 ], [ 79.7663775, 29.9021177 ], [ 79.7665857, 29.9001704 ], [ 79.7662266, 29.8989727 ], [ 79.7650855, 29.8982819 ], [ 79.7642309, 29.8981494 ], [ 79.7594948, 29.8980057 ], [ 79.7560637, 29.8996743 ], [ 79.7547984, 29.8994281 ], [ 79.7507451, 29.900292 ], [ 79.7516789, 29.9026638 ], [ 79.7544715, 29.9047389 ], [ 79.7564708, 29.9091288 ], [ 79.7563259, 29.9098605 ], [ 79.7557447, 29.910435 ], [ 79.7570258, 29.911299 ], [ 79.7601951, 29.9148797 ], [ 79.7639045, 29.9172266 ], [ 79.7667385, 29.917401 ], [ 79.770064, 29.916086 ] ] ] } },
{ "type": "Feature", "properties": { "gp_code": "", "gp_name": "", "blkname": "GARUR", "dtname": "Bageshwar", "SHAPE_Area": 927734.66571813647 }, "geometry": { "type": "Polygon", "coordinates": [ [ [ 79.7323106, 29.9363828 ], [ 79.7338011, 29.936519 ], [ 79.7344335, 29.9361732 ], [ 79.7344822, 29.9348464 ], [ 79.7356574, 29.933271 ], [ 79.7367857, 29.9324898 ], [ 79.7378617, 29.9322041 ], [ 79.7408204, 29.9322336 ], [ 79.7420795, 29.9314873 ], [ 79.7422225, 29.9310861 ], [ 79.7405795, 29.9304392 ], [ 79.7395517, 29.929481 ], [ 79.7363729, 29.9286383 ], [ 79.7349134, 29.9273622 ], [ 79.734496, 29.9256468 ], [ 79.731284, 29.9257778 ], [ 79.7319499, 29.926946 ], [ 79.7318286, 29.9277983 ], [ 79.732276, 29.9287357 ], [ 79.7315344, 29.9296265 ], [ 79.7310497, 29.9297277 ], [ 79.731307, 29.9321735 ], [ 79.7310894, 29.9327976 ], [ 79.7306222, 29.9330843 ], [ 79.7305061, 29.9341347 ], [ 79.7296178, 29.9344108 ], [ 79.7280922, 29.9372827 ], [ 79.7286312, 29.9368335 ], [ 79.7309559, 29.9368732 ], [ 79.7323106, 29.9363828 ] ] ] } },
{ "type": "Feature", "properties": { "gp_code": "21893", "gp_name": "CHANISHERA", "blkname": "GARUR", "dtname": "Bageshwar", "SHAPE_Area": 2269812.1344564785 }, "geometry": { "type": "Polygon", "coordinates": [ [ [ 79.72517, 29.9463172 ], [ 79.72918, 29.9420174 ], [ 79.7284585, 29.9414611 ], [ 79.7288143, 29.9401236 ], [ 79.7323106, 29.9363828 ], [ 79.7309559, 29.9368732 ], [ 79.7286312, 29.9368335 ], [ 79.7280922, 29.9372827 ], [ 79.7296178, 29.9344108 ], [ 79.7305061, 29.9341347 ], [ 79.7306222, 29.9330843 ], [ 79.7310894, 29.9327976 ], [ 79.731307, 29.9321735 ], [ 79.7310497, 29.9297277 ], [ 79.7315344, 29.9296265 ], [ 79.732276, 29.9287357 ], [ 79.7318286, 29.9277983 ], [ 79.7319499, 29.926946 ], [ 79.7312179, 29.9252843 ], [ 79.7300443, 29.9257303 ], [ 79.7256454, 29.9245392 ], [ 79.7260709, 29.9251025 ], [ 79.7273667, 29.9257688 ], [ 79.7291695, 29.9261385 ], [ 79.7299466, 29.9271955 ], [ 79.7289597, 29.9283684 ], [ 79.7272187, 29.9283357 ], [ 79.7270035, 29.9304367 ], [ 79.7274287, 29.9336984 ], [ 79.727234, 29.9342482 ], [ 79.7247079, 29.93413 ], [ 79.7214492, 29.9334008 ], [ 79.7198917, 29.9327142 ], [ 79.7188476, 29.9314585 ], [ 79.7189174, 29.9307847 ], [ 79.7199434, 29.9299836 ], [ 79.7197285, 29.9294331 ], [ 79.7176754, 29.9290182 ], [ 79.7169013, 29.9291358 ], [ 79.7160065, 29.9298132 ], [ 79.715204, 29.9298762 ], [ 79.7129059, 29.9296541 ], [ 79.7112744, 29.9290217 ], [ 79.7098035, 29.9302631 ], [ 79.709489, 29.9309217 ], [ 79.709653, 29.9313184 ], [ 79.7119505, 29.9318528 ], [ 79.7126264, 29.9323595 ], [ 79.7127813, 29.9330462 ], [ 79.7117784, 29.9336813 ], [ 79.7122829, 29.9344924 ], [ 79.7137162, 29.9347527 ], [ 79.7163327, 29.9338999 ], [ 79.7187674, 29.9342015 ], [ 79.7223156, 29.9356498 ], [ 79.7245808, 29.9375221 ], [ 79.7250571, 29.9383059 ], [ 79.7241018, 29.9405443 ], [ 79.7219454, 29.9429244 ], [ 79.7213424, 29.9428614 ], [ 79.7212164, 29.9436635 ], [ 79.718718, 29.9458106 ], [ 79.7235605, 29.9484158 ], [ 79.7243204, 29.9480166 ], [ 79.72517, 29.9463172 ] ] ] } },
{ "type": "Feature", "properties": { "gp_code": "21916", "gp_name": "JAKH", "blkname": "GARUR", "dtname": "Bageshwar", "SHAPE_Area": 1252371.332496648 }, "geometry": { "type": "Polygon", "coordinates": [ [ [ 79.734496, 29.9256468 ], [ 79.7336252, 29.9231921 ], [ 79.7320174, 29.9212033 ], [ 79.7330601, 29.9171862 ], [ 79.7344831, 29.9158536 ], [ 79.7353557, 29.913843 ], [ 79.7323598, 29.9110979 ], [ 79.7319376, 29.9085968 ], [ 79.7345614, 29.906853 ], [ 79.7345218, 29.906246 ], [ 79.7321084, 29.9042069 ], [ 79.7319885, 29.9027577 ], [ 79.7288377, 29.9050274 ], [ 79.7262519, 29.9064405 ], [ 79.7271631, 29.9085484 ], [ 79.7296076, 29.9093059 ], [ 79.7301742, 29.9103426 ], [ 79.7292396, 29.9110895 ], [ 79.7292328, 29.9115801 ], [ 79.7313682, 29.9132489 ], [ 79.7314323, 29.9151819 ], [ 79.7295482, 29.9181921 ], [ 79.7290607, 29.920263 ], [ 79.7296981, 29.9224464 ], [ 79.7309008, 29.9240723 ], [ 79.7302058, 29.9244775 ], [ 79.7291132, 29.924555 ], [ 79.7259803, 29.9240848 ], [ 79.7255349, 29.9243577 ], [ 79.7300443, 29.9257303 ], [ 79.7312179, 29.9252843 ], [ 79.731284, 29.9257778 ], [ 79.734496, 29.9256468 ] ] ] } },
{ "type": "Feature", "properties": { "gp_code": "21782", "gp_name": "HARBAR", "blkname": "GARUR", "dtname": "Bageshwar", "SHAPE_Area": 2745568.306208373 }, "geometry": { "type": "Polygon", "coordinates": [ [ [ 79.7506995, 29.90038 ], [ 79.7484692, 29.8955098 ], [ 79.7463497, 29.8954177 ], [ 79.7452233, 29.8957135 ], [ 79.7416289, 29.8979881 ], [ 79.7401987, 29.8985211 ], [ 79.7380433, 29.900382 ], [ 79.7358679, 29.9015275 ], [ 79.7321704, 29.9027976 ], [ 79.7321084, 29.9042069 ], [ 79.7345218, 29.906246 ], [ 79.7345614, 29.906853 ], [ 79.7319376, 29.9085968 ], [ 79.7323598, 29.9110979 ], [ 79.7352889, 29.9135526 ], [ 79.7344831, 29.9158536 ], [ 79.7358822, 29.9160515 ], [ 79.7376303, 29.9179901 ], [ 79.7387316, 29.9181998 ], [ 79.7390188, 29.9178236 ], [ 79.739745, 29.9134237 ], [ 79.742251, 29.9112172 ], [ 79.743246, 29.9096329 ], [ 79.7408508, 29.907032 ], [ 79.7407632, 29.9056175 ], [ 79.7422353, 29.9041467 ], [ 79.7466441, 29.9044935 ], [ 79.7484506, 29.9038123 ], [ 79.7494789, 29.9030152 ], [ 79.7506995, 29.90038 ] ] ] } },
{ "type": "Feature", "properties": { "gp_code": "21800", "gp_name": "KHABDOLI", "blkname": "BAGESHWAR", "dtname": "Bageshwar", "SHAPE_Area": 437126.05335200351 }, "geometry": { "type": "Polygon", "coordinates": [ [ [ 79.7371002, 29.8906108 ], [ 79.7355127, 29.8881187 ], [ 79.7343587, 29.8857103 ], [ 79.7333962, 29.8854289 ], [ 79.7310564, 29.8857248 ], [ 79.7300952, 29.8848439 ], [ 79.7290636, 29.8846424 ], [ 79.7279625, 29.8848404 ], [ 79.727583, 29.8853393 ], [ 79.7284946, 29.8864912 ], [ 79.7286315, 29.8882088 ], [ 79.7292827, 29.889289 ], [ 79.7329405, 29.889335 ], [ 79.7360792, 29.8908389 ], [ 79.7371002, 29.8906108 ] ] ] } },
{ "type": "Feature", "properties": { "gp_code": "21745", "gp_name": "BIJORIJHAL", "blkname": "BAGESHWAR", "dtname": "Bageshwar", "SHAPE_Area": 1113178.6781918129 }, "geometry": { "type": "Polygon", "coordinates": [ [ [ 79.7216449, 29.8821468 ], [ 79.7218327, 29.8809294 ], [ 79.7248613, 29.8795244 ], [ 79.7256544, 29.8786065 ], [ 79.7261158, 29.8773582 ], [ 79.7236777, 29.8755755 ], [ 79.7212982, 29.8732133 ], [ 79.7196895, 29.8697782 ], [ 79.7187972, 29.8689173 ], [ 79.7185988, 29.8697749 ], [ 79.717899, 29.8706444 ], [ 79.7174222, 29.8735563 ], [ 79.7167113, 29.8742649 ], [ 79.7168455, 29.8750441 ], [ 79.7157875, 29.8764411 ], [ 79.7156349, 29.8779897 ], [ 79.714681, 29.8797316 ], [ 79.7178269, 29.8820802 ], [ 79.7188396, 29.88233 ], [ 79.7216449, 29.8821468 ] ] ] } },
{ "type": "Feature", "properties": { "gp_code": "21800", "gp_name": "KHABDOLI", "blkname": "BAGESHWAR", "dtname": "Bageshwar", "SHAPE_Area": 526006.05164719187 }, "geometry": { "type": "Polygon", "coordinates": [ [ [ 79.7476214, 29.882907 ], [ 79.7496016, 29.8812075 ], [ 79.7499947, 29.8801859 ], [ 79.7498414, 29.8786181 ], [ 79.7491778, 29.878106 ], [ 79.7473129, 29.878235 ], [ 79.7429804, 29.8795505 ], [ 79.7419302, 29.8797158 ], [ 79.7401338, 29.8794124 ], [ 79.7397041, 29.8796688 ], [ 79.7401841, 29.8809986 ], [ 79.7409067, 29.8817444 ], [ 79.7410541, 29.8827297 ], [ 79.7457581, 29.8834183 ], [ 79.7476214, 29.882907 ] ] ] } },
{ "type": "Feature", "properties": { "gp_code": "21845", "gp_name": "PANDRAHPALI", "blkname": "BAGESHWAR", "dtname": "Bageshwar", "SHAPE_Area": 4355961.2607886465 }, "geometry": { "type": "Polygon", "coordinates": [ [ [ 79.7729146, 29.9005111 ], [ 79.7696525, 29.8978713 ], [ 79.7695319, 29.8965201 ], [ 79.7699189, 29.8952852 ], [ 79.7687688, 29.8931312 ], [ 79.7686747, 29.891805 ], [ 79.7695244, 29.8901519 ], [ 79.7698266, 29.8887229 ], [ 79.7706693, 29.8881399 ], [ 79.7715994, 29.8865998 ], [ 79.7747648, 29.8873501 ], [ 79.7764919, 29.8867931 ], [ 79.7804044, 29.8845485 ], [ 79.7805916, 29.8836041 ], [ 79.7802542, 29.8815399 ], [ 79.7781599, 29.8793992 ], [ 79.7800754, 29.8782417 ], [ 79.7795774, 29.8759421 ], [ 79.7798662, 29.8744293 ], [ 79.7789267, 29.8745909 ], [ 79.7753805, 29.8742368 ], [ 79.7745585, 29.8753916 ], [ 79.7738873, 29.8773594 ], [ 79.7718856, 29.8784458 ], [ 79.7719699, 29.8791172 ], [ 79.7714253, 29.8805086 ], [ 79.7696831, 29.8815627 ], [ 79.7692751, 29.8824144 ], [ 79.7674264, 29.8831382 ], [ 79.7650878, 29.882737 ], [ 79.7644868, 29.8836933 ], [ 79.7647696, 29.8850362 ], [ 79.7626016, 29.8873135 ], [ 79.7612576, 29.8865227 ], [ 79.7603022, 29.8863597 ], [ 79.7594462, 29.8863833 ], [ 79.7582583, 29.8872272 ], [ 79.7585684, 29.8902851 ], [ 79.7597936, 29.8910949 ], [ 79.7638083, 29.8917047 ], [ 79.7653101, 29.8933032 ], [ 79.7652516, 29.8940489 ], [ 79.7572858, 29.8968961 ], [ 79.7559883, 29.8965461 ], [ 79.755388, 29.8971046 ], [ 79.752649, 29.8970383 ], [ 79.7484692, 29.8955098 ], [ 79.7506995, 29.90038 ], [ 79.7547984, 29.8994281 ], [ 79.7560637, 29.8996743 ], [ 79.7594948, 29.8980057 ], [ 79.7642309, 29.8981494 ], [ 79.7650855, 29.8982819 ], [ 79.7662266, 29.8989727 ], [ 79.7665857, 29.9001704 ], [ 79.7663775, 29.9021177 ], [ 79.7679489, 29.9048065 ], [ 79.7676687, 29.9058858 ], [ 79.7663548, 29.9065676 ], [ 79.7658398, 29.9073127 ], [ 79.7654077, 29.9094251 ], [ 79.7663471, 29.9106197 ], [ 79.7671312, 29.9109565 ], [ 79.7687635, 29.9078638 ], [ 79.7711202, 29.9064998 ], [ 79.7712229, 29.9049338 ], [ 79.7737251, 29.9019541 ], [ 79.7729146, 29.9005111 ] ] ] } },
{ "type": "Feature", "properties": { "gp_code": "243097", "gp_name": "GWAD", "blkname": "BAGESHWAR", "dtname": "Bageshwar", "SHAPE_Area": 2243633.8245563051 }, "geometry": { "type": "Polygon", "coordinates": [ [ [ 79.7865949, 29.9011761 ], [ 79.7926588, 29.9007862 ], [ 79.7934717, 29.9009737 ], [ 79.7939542, 29.9004667 ], [ 79.793951, 29.8958779 ], [ 79.793383, 29.8943358 ], [ 79.7925146, 29.8932657 ], [ 79.7930012, 29.8923092 ], [ 79.7912078, 29.8899576 ], [ 79.790924, 29.8890622 ], [ 79.7908263, 29.8877818 ], [ 79.791964, 29.884828 ], [ 79.7899528, 29.8813914 ], [ 79.7863784, 29.878018 ], [ 79.7839297, 29.877462 ], [ 79.7823455, 29.875887 ], [ 79.7807928, 29.8747413 ], [ 79.7798662, 29.8744293 ], [ 79.7795774, 29.8759421 ], [ 79.7800754, 29.8782417 ], [ 79.7826411, 29.8780752 ], [ 79.7838386, 29.878487 ], [ 79.7846221, 29.8790599 ], [ 79.7860006, 29.881958 ], [ 79.787454, 29.8828798 ], [ 79.7893421, 29.8846841 ], [ 79.7895179, 29.8854805 ], [ 79.7888128, 29.8872276 ], [ 79.7873865, 29.8889085 ], [ 79.7859939, 29.8924006 ], [ 79.7818534, 29.8959615 ], [ 79.7806826, 29.896569 ], [ 79.7816487, 29.8987829 ], [ 79.7835572, 29.9005754 ], [ 79.7855239, 29.9017713 ], [ 79.7865949, 29.9011761 ] ] ] } },
{ "type": "Feature", "properties": { "gp_code": "", "gp_name": "", "blkname": "BAGESHWAR", "dtname": "Bageshwar", "SHAPE_Area": 190320.6889873881 }, "geometry": { "type": "Polygon", "coordinates": [ [ [ 79.7909064, 29.8826481 ], [ 79.7926227, 29.8799405 ], [ 79.7919818, 29.8793554 ], [ 79.7890893, 29.8775244 ], [ 79.7884332, 29.8775235 ], [ 79.787102, 29.8786927 ], [ 79.7909064, 29.8826481 ] ] ] } },
{ "type": "Feature", "properties": { "gp_code": "21721", "gp_name": "AAREY", "blkname": "BAGESHWAR", "dtname": "Bageshwar", "SHAPE_Area": 2133224.8812508304 }, "geometry": { "type": "Polygon", "coordinates": [ [ [ 79.8091731, 29.9048213 ], [ 79.8106471, 29.9018772 ], [ 79.8069518, 29.9020468 ], [ 79.8052119, 29.9016718 ], [ 79.8051271, 29.9011745 ], [ 79.8055278, 29.9004044 ], [ 79.8050715, 29.9002671 ], [ 79.805279, 29.8997435 ], [ 79.8049311, 29.8987877 ], [ 79.8036642, 29.897046 ], [ 79.7999163, 29.8945926 ], [ 79.7985808, 29.8925208 ], [ 79.7984372, 29.8918189 ], [ 79.7989365, 29.8904611 ], [ 79.7974721, 29.8888233 ], [ 79.7973323, 29.8870567 ], [ 79.7975996, 29.883127 ], [ 79.7981098, 29.8826573 ], [ 79.7966031, 29.8821299 ], [ 79.7963961, 29.8811579 ], [ 79.7945177, 29.8811556 ], [ 79.7923365, 29.8804746 ], [ 79.7920366, 29.8806607 ], [ 79.7909064, 29.8826481 ], [ 79.791964, 29.884828 ], [ 79.7908263, 29.8877818 ], [ 79.7912078, 29.8899576 ], [ 79.7930012, 29.8923092 ], [ 79.7952237, 29.8940647 ], [ 79.7964782, 29.8957399 ], [ 79.797641, 29.8988534 ], [ 79.798779, 29.9008685 ], [ 79.7996764, 29.9017521 ], [ 79.8035387, 29.904218 ], [ 79.8060057, 29.9049295 ], [ 79.8091731, 29.9048213 ] ] ] } },
{ "type": "Feature", "properties": { "gp_code": "21725", "gp_name": "ANARSA", "blkname": "BAGESHWAR", "dtname": "Bageshwar", "SHAPE_Area": 2418022.7809493314 }, "geometry": { "type": "Polygon", "coordinates": [ [ [ 79.7937305, 29.9167972 ], [ 79.7937743, 29.9162131 ], [ 79.7913965, 29.9132517 ], [ 79.7915416, 29.9118349 ], [ 79.7924002, 29.9103569 ], [ 79.793629, 29.9092522 ], [ 79.7946714, 29.9087315 ], [ 79.7962409, 29.9086589 ], [ 79.7961858, 29.907478 ], [ 79.8007116, 29.9055818 ], [ 79.8034646, 29.9058959 ], [ 79.80519, 29.906578 ], [ 79.8091416, 29.9067728 ], [ 79.8111666, 29.9073221 ], [ 79.8126348, 29.9082436 ], [ 79.8133441, 29.9074477 ], [ 79.812887, 29.9064774 ], [ 79.8107422, 29.9050096 ], [ 79.8060057, 29.9049295 ], [ 79.8035387, 29.904218 ], [ 79.7996764, 29.9017521 ], [ 79.798779, 29.9008685 ], [ 79.797641, 29.8988534 ], [ 79.7964782, 29.8957399 ], [ 79.7952237, 29.8940647 ], [ 79.7930012, 29.8923092 ], [ 79.7925146, 29.8932657 ], [ 79.793383, 29.8943358 ], [ 79.793951, 29.8958779 ], [ 79.7939542, 29.9004667 ], [ 79.7934717, 29.9009737 ], [ 79.7898896, 29.9010273 ], [ 79.7915575, 29.9024379 ], [ 79.7920696, 29.9033584 ], [ 79.791835, 29.907112 ], [ 79.7891535, 29.9087519 ], [ 79.7864051, 29.911021 ], [ 79.7838545, 29.9137562 ], [ 79.782407, 29.9158515 ], [ 79.7891702, 29.9167932 ], [ 79.7937305, 29.9167972 ] ] ] } },
{ "type": "Feature", "properties": { "gp_code": "", "gp_name": "", "blkname": "BAGESHWAR", "dtname": "Bageshwar", "SHAPE_Area": 5248460.4233908812 }, "geometry": { "type": "Polygon", "coordinates": [ [ [ 79.7865356, 29.9024936 ], [ 79.7835572, 29.9005754 ], [ 79.7816487, 29.8987829 ], [ 79.7806826, 29.896569 ], [ 79.7818534, 29.8959615 ], [ 79.7859939, 29.8924006 ], [ 79.7873865, 29.8889085 ], [ 79.7888128, 29.8872276 ], [ 79.7895179, 29.8854805 ], [ 79.7893421, 29.8846841 ], [ 79.787454, 29.8828798 ], [ 79.7860006, 29.881958 ], [ 79.7846221, 29.8790599 ], [ 79.7838386, 29.878487 ], [ 79.7826411, 29.8780752 ], [ 79.7800754, 29.8782417 ], [ 79.7781599, 29.8793992 ], [ 79.7802542, 29.8815399 ], [ 79.7805916, 29.8836041 ], [ 79.7804044, 29.8845485 ], [ 79.7764919, 29.8867931 ], [ 79.7747648, 29.8873501 ], [ 79.7715994, 29.8865998 ], [ 79.7706693, 29.8881399 ], [ 79.7698266, 29.8887229 ], [ 79.7695244, 29.8901519 ], [ 79.7686747, 29.891805 ], [ 79.7687688, 29.8931312 ], [ 79.7699189, 29.8952852 ], [ 79.7695319, 29.8965201 ], [ 79.7696525, 29.8978713 ], [ 79.7729146, 29.9005111 ], [ 79.7737251, 29.9019541 ], [ 79.7712229, 29.9049338 ], [ 79.7711202, 29.9064998 ], [ 79.7728583, 29.907259 ], [ 79.773642, 29.9083803 ], [ 79.7737689, 29.9092133 ], [ 79.7746809, 29.9098112 ], [ 79.7756525, 29.9093535 ], [ 79.7785438, 29.9096681 ], [ 79.7790097, 29.9087225 ], [ 79.7815032, 29.9084284 ], [ 79.7822162, 29.9086282 ], [ 79.7831733, 29.9079458 ], [ 79.7833353, 29.907145 ], [ 79.7862343, 29.9034876 ], [ 79.7865356, 29.9024936 ] ] ] } },
{ "type": "Feature", "properties": { "gp_code": "21994", "gp_name": "CHACHAI", "blkname": "KAPKOTE", "dtname": "Bageshwar", "SHAPE_Area": 2767066.700620668 }, "geometry": { "type": "Polygon", "coordinates": [ [ [ 79.7946564, 29.9297071 ], [ 79.7963511, 29.9285019 ], [ 79.797578, 29.9283325 ], [ 79.7999438, 29.929297 ], [ 79.8001313, 29.9270963 ], [ 79.8023451, 29.9234023 ], [ 79.8026537, 29.922174 ], [ 79.8010451, 29.9183383 ], [ 79.8019013, 29.9171622 ], [ 79.8013892, 29.915574 ], [ 79.8005603, 29.9144662 ], [ 79.7937305, 29.9167972 ], [ 79.7891702, 29.9167932 ], [ 79.7824071, 29.9158517 ], [ 79.7843348, 29.9190736 ], [ 79.7854075, 29.9199749 ], [ 79.785767, 29.9206888 ], [ 79.78514, 29.9215107 ], [ 79.785242, 29.9234388 ], [ 79.7883118, 29.9243569 ], [ 79.7896937, 29.9267626 ], [ 79.7904873, 29.9289004 ], [ 79.7904558, 29.9296327 ], [ 79.793736, 29.9299623 ], [ 79.7946564, 29.9297071 ] ] ] } },
{ "type": "Feature", "properties": { "gp_code": "", "gp_name": "", "blkname": "BAGESHWAR", "dtname": "Bageshwar", "SHAPE_Area": 2013575.890610904 }, "geometry": { "type": "Polygon", "coordinates": [ [ [ 79.8013892, 29.915574 ], [ 79.8064752, 29.9131962 ], [ 79.8079441, 29.9113674 ], [ 79.8128329, 29.9098831 ], [ 79.8129807, 29.909117 ], [ 79.8126348, 29.9082436 ], [ 79.8111666, 29.9073221 ], [ 79.8091416, 29.9067728 ], [ 79.80519, 29.906578 ], [ 79.8034646, 29.9058959 ], [ 79.8007116, 29.9055818 ], [ 79.7961858, 29.907478 ], [ 79.7962409, 29.9086589 ], [ 79.7946714, 29.9087315 ], [ 79.793629, 29.9092522 ], [ 79.7924002, 29.9103569 ], [ 79.7915416, 29.9118349 ], [ 79.7913965, 29.9132517 ], [ 79.7937743, 29.9162131 ], [ 79.7937305, 29.9167972 ], [ 79.8005603, 29.9144662 ], [ 79.8013892, 29.915574 ] ] ] } },
{ "type": "Feature", "properties": { "gp_code": "22016", "gp_name": "HARSILA", "blkname": "KAPKOTE", "dtname": "Bageshwar", "SHAPE_Area": 3945488.1905703126 }, "geometry": { "type": "Polygon", "coordinates": [ [ [ 79.8142912, 29.9236729 ], [ 79.8191363, 29.9235341 ], [ 79.8197009, 29.9232463 ], [ 79.8197307, 29.9196778 ], [ 79.82106, 29.9176381 ], [ 79.8215069, 29.9127776 ], [ 79.8229795, 29.9121809 ], [ 79.8241092, 29.9122514 ], [ 79.8241898, 29.9112577 ], [ 79.8233751, 29.9096553 ], [ 79.8207448, 29.9100195 ], [ 79.818856, 29.9096615 ], [ 79.8162658, 29.9088801 ], [ 79.8133441, 29.9074477 ], [ 79.8126348, 29.9082436 ], [ 79.8129807, 29.909117 ], [ 79.8128329, 29.9098831 ], [ 79.8079441, 29.9113674 ], [ 79.8064752, 29.9131962 ], [ 79.8013892, 29.915574 ], [ 79.8019013, 29.9171622 ], [ 79.8010451, 29.9183383 ], [ 79.8026537, 29.922174 ], [ 79.8039647, 29.9230517 ], [ 79.8067696, 29.926158 ], [ 79.8087388, 29.929126 ], [ 79.810685, 29.9280205 ], [ 79.8128134, 29.9275816 ], [ 79.8134154, 29.9269412 ], [ 79.8137499, 29.924762 ], [ 79.8142912, 29.9236729 ] ] ] } },
{ "type": "Feature", "properties": { "gp_code": "", "gp_name": "", "blkname": "KAPKOTE", "dtname": "Bageshwar", "SHAPE_Area": 1267902.7364061305 }, "geometry": { "type": "Polygon", "coordinates": [ [ [ 79.8087388, 29.929126 ], [ 79.8067696, 29.926158 ], [ 79.8039647, 29.9230517 ], [ 79.8026537, 29.922174 ], [ 79.8023451, 29.9234023 ], [ 79.8001313, 29.9270963 ], [ 79.7999438, 29.929297 ], [ 79.8010612, 29.9285291 ], [ 79.8018952, 29.9285836 ], [ 79.8036835, 29.9301884 ], [ 79.8089365, 29.9360495 ], [ 79.8102217, 29.9378779 ], [ 79.8099833, 29.9413178 ], [ 79.8107553, 29.941917 ], [ 79.8120066, 29.9418544 ], [ 79.8132465, 29.9413003 ], [ 79.8138856, 29.940489 ], [ 79.8143686, 29.9374554 ], [ 79.8121597, 29.9346952 ], [ 79.8092981, 29.9322784 ], [ 79.808749, 29.9304401 ], [ 79.8087388, 29.929126 ] ] ] } },
{ "type": "Feature", "properties": { "gp_code": "21995", "gp_name": "CHALKANA", "blkname": "KAPKOTE", "dtname": "Bageshwar", "SHAPE_Area": 4268704.9398413254 }, "geometry": { "type": "Polygon", "coordinates": [ [ [ 79.8438248, 29.9346498 ], [ 79.8435989, 29.9328632 ], [ 79.8424191, 29.9308022 ], [ 79.8391711, 29.9288652 ], [ 79.8377625, 29.927336 ], [ 79.8376662, 29.9259683 ], [ 79.8394978, 29.9229038 ], [ 79.8394626, 29.9216965 ], [ 79.8386914, 29.9204884 ], [ 79.8337894, 29.9174811 ], [ 79.8320869, 29.9158447 ], [ 79.8317078, 29.9150216 ], [ 79.8297586, 29.9143785 ], [ 79.8279782, 29.9131804 ], [ 79.8259226, 29.9124085 ], [ 79.8237644, 29.9121497 ], [ 79.8221329, 29.9123937 ], [ 79.8215069, 29.9127776 ], [ 79.82106, 29.9176381 ], [ 79.8206276, 29.918621 ], [ 79.8211303, 29.918707 ], [ 79.8215094, 29.9194767 ], [ 79.8235322, 29.9201734 ], [ 79.8238748, 29.9207401 ], [ 79.8257498, 29.9218319 ], [ 79.8256013, 29.9227506 ], [ 79.8240127, 29.9241458 ], [ 79.8237091, 29.925067 ], [ 79.8226657, 29.9260415 ], [ 79.8227243, 29.9275233 ], [ 79.8235446, 29.9285819 ], [ 79.8259408, 29.9296743 ], [ 79.8275484, 29.9290986 ], [ 79.8305469, 29.9297325 ], [ 79.8312332, 29.9302034 ], [ 79.8328656, 29.9330369 ], [ 79.8342212, 29.9338604 ], [ 79.8366375, 29.933991 ], [ 79.8372743, 29.9347502 ], [ 79.8373677, 29.9383935 ], [ 79.8389601, 29.9401259 ], [ 79.8398064, 29.9402336 ], [ 79.8412681, 29.9387606 ], [ 79.8426952, 29.9355248 ], [ 79.8438248, 29.9346498 ] ] ] } },
{ "type": "Feature", "properties": { "gp_code": "22012", "gp_name": "GOLANA", "blkname": "KAPKOTE", "dtname": "Bageshwar", "SHAPE_Area": 2958715.127536864 }, "geometry": { "type": "Polygon", "coordinates": [ [ [ 79.8463943, 29.9176417 ], [ 79.8463955, 29.9166519 ], [ 79.8459259, 29.9162341 ], [ 79.8441029, 29.9124792 ], [ 79.843081, 29.9129453 ], [ 79.8419418, 29.9127569 ], [ 79.8405688, 29.9108298 ], [ 79.8404434, 29.9091503 ], [ 79.8346968, 29.9066482 ], [ 79.8341016, 29.9071199 ], [ 79.8326716, 29.9072963 ], [ 79.831294, 29.9065943 ], [ 79.8305026, 29.9065601 ], [ 79.829697, 29.907549 ], [ 79.8290967, 29.9077486 ], [ 79.8268631, 29.907546 ], [ 79.8256769, 29.9068219 ], [ 79.8252727, 29.9038186 ], [ 79.8248019, 29.9027059 ], [ 79.822888, 29.9021367 ], [ 79.8195213, 29.9034651 ], [ 79.8134271, 29.9035719 ], [ 79.8127001, 29.9031818 ], [ 79.8123692, 29.9025141 ], [ 79.8125108, 29.9017691 ], [ 79.8114289, 29.9013671 ], [ 79.8106471, 29.9018772 ], [ 79.8091731, 29.9048213 ], [ 79.8107422, 29.9050096 ], [ 79.812887, 29.9064774 ], [ 79.8133441, 29.9074477 ], [ 79.8162658, 29.9088801 ], [ 79.818856, 29.9096615 ], [ 79.8220852, 29.9100098 ], [ 79.8247031, 29.909401 ], [ 79.8289909, 29.9104399 ], [ 79.8357646, 29.9168183 ], [ 79.8402419, 29.9168684 ], [ 79.842424, 29.9175823 ], [ 79.8463943, 29.9176417 ] ] ] } },
{ "type": "Feature", "properties": { "gp_code": "22012", "gp_name": "GOLANA", "blkname": "KAPKOTE", "dtname": "Bageshwar", "SHAPE_Area": 303469.34363540309 }, "geometry": { "type": "Polygon", "coordinates": [ [ [ 79.8349454, 29.901432 ], [ 79.8328054, 29.9001656 ], [ 79.831692, 29.9002498 ], [ 79.8294827, 29.9009815 ], [ 79.8284077, 29.9029378 ], [ 79.8290832, 29.9036948 ], [ 79.8298232, 29.9039514 ], [ 79.8325496, 29.9044067 ], [ 79.8338439, 29.9042002 ], [ 79.8350072, 29.9029113 ], [ 79.8351231, 29.9021774 ], [ 79.8349454, 29.901432 ] ] ] } },
{ "type": "Feature", "properties": { "gp_code": "21755", "gp_name": "CHIRANG", "blkname": "BAGESHWAR", "dtname": "Bageshwar", "SHAPE_Area": 370520.54490494216 }, "geometry": { "type": "Polygon", "coordinates": [ [ [ 79.8181291, 29.8889754 ], [ 79.8182356, 29.888281 ], [ 79.8169873, 29.8883604 ], [ 79.8161307, 29.8888193 ], [ 79.8122924, 29.8894862 ], [ 79.814455, 29.8955062 ], [ 79.8163824, 29.8972113 ], [ 79.8165783, 29.8968922 ], [ 79.8161146, 29.8965937 ], [ 79.8160428, 29.8955931 ], [ 79.8166542, 29.8951681 ], [ 79.8172233, 29.8902516 ], [ 79.8181291, 29.8889754 ] ] ] } },
{ "type": "Feature", "properties": { "gp_code": "21755", "gp_name": "CHIRANG", "blkname": "BAGESHWAR", "dtname": "Bageshwar", "SHAPE_Area": 2137226.5097191134 }, "geometry": { "type": "Polygon", "coordinates": [ [ [ 79.8122166, 29.8831217 ], [ 79.812132, 29.8824379 ], [ 79.8135477, 29.8801399 ], [ 79.8151428, 29.8804805 ], [ 79.8178409, 29.8802691 ], [ 79.8184692, 29.8798472 ], [ 79.820101, 29.8759582 ], [ 79.8197008, 29.8755361 ], [ 79.8199474, 29.8736708 ], [ 79.8188966, 29.8705122 ], [ 79.8200113, 29.8690093 ], [ 79.8202555, 29.8677914 ], [ 79.8153334, 29.8688694 ], [ 79.813577, 29.8701322 ], [ 79.8090688, 29.8709236 ], [ 79.8068864, 29.8710453 ], [ 79.8058456, 29.870783 ], [ 79.8057452, 29.8714916 ], [ 79.8065107, 29.8741401 ], [ 79.8080043, 29.8767026 ], [ 79.8064296, 29.8803056 ], [ 79.8068539, 29.8826431 ], [ 79.8114174, 29.8833197 ], [ 79.8122166, 29.8831217 ] ] ] } },
{ "type": "Feature", "properties": { "gp_code": "21775", "gp_name": "GAJLI", "blkname": "BAGESHWAR", "dtname": "Bageshwar", "SHAPE_Area": 3777295.4397856877 }, "geometry": { "type": "Polygon", "coordinates": [ [ [ 79.8266487, 29.8805087 ], [ 79.831322, 29.8774426 ], [ 79.8357293, 29.8739797 ], [ 79.8371279, 29.8734093 ], [ 79.8380499, 29.8721782 ], [ 79.8381455, 29.8696313 ], [ 79.8378188, 29.8686614 ], [ 79.8367218, 29.8677404 ], [ 79.8364946, 29.8669322 ], [ 79.8338609, 29.8633973 ], [ 79.8329797, 29.866363 ], [ 79.8330777, 29.8677056 ], [ 79.8309801, 29.8684493 ], [ 79.8276413, 29.8688024 ], [ 79.8202555, 29.8677914 ], [ 79.8200113, 29.8690093 ], [ 79.8188966, 29.8705122 ], [ 79.8199474, 29.8736708 ], [ 79.8197008, 29.8755361 ], [ 79.820101, 29.8759582 ], [ 79.8184692, 29.8798472 ], [ 79.8178409, 29.8802691 ], [ 79.8151428, 29.8804805 ], [ 79.8135477, 29.8801399 ], [ 79.812132, 29.8824379 ], [ 79.8122166, 29.8831217 ], [ 79.8114174, 29.8833197 ], [ 79.8117867, 29.8843891 ], [ 79.811866, 29.8884913 ], [ 79.8122924, 29.8894862 ], [ 79.8182356, 29.888281 ], [ 79.8179096, 29.8869009 ], [ 79.8186677, 29.8855095 ], [ 79.820667, 29.8839704 ], [ 79.8210959, 29.8832499 ], [ 79.825807, 29.8805327 ], [ 79.8266487, 29.8805087 ] ] ] } },
{ "type": "Feature", "properties": { "gp_code": "", "gp_name": "", "blkname": "BAGESHWAR", "dtname": "Bageshwar", "SHAPE_Area": 14865753.455279958 }, "geometry": { "type": "Polygon", "coordinates": [ [ [ 79.8642825, 29.8971653 ], [ 79.8607062, 29.8944218 ], [ 79.8595719, 29.8929527 ], [ 79.8589924, 29.8929716 ], [ 79.8575481, 29.8941289 ], [ 79.8513864, 29.8961596 ], [ 79.8482594, 29.895912 ], [ 79.8484648, 29.8949891 ], [ 79.8482613, 29.8944439 ], [ 79.8473559, 29.8937091 ], [ 79.8471657, 29.892719 ], [ 79.8467578, 29.8922404 ], [ 79.8453669, 29.8919722 ], [ 79.844589, 29.8914265 ], [ 79.8435574, 29.8896237 ], [ 79.843879, 29.8886402 ], [ 79.8447973, 29.8872721 ], [ 79.8467017, 29.8861011 ], [ 79.8477855, 29.886914 ], [ 79.8511933, 29.8869505 ], [ 79.8544207, 29.8883882 ], [ 79.8568078, 29.8880789 ], [ 79.8577786, 29.8873902 ], [ 79.8567038, 29.8859634 ], [ 79.8570747, 29.8821108 ], [ 79.8566481, 29.8813867 ], [ 79.8552442, 29.8807575 ], [ 79.8530214, 29.8807768 ], [ 79.8518481, 29.8814569 ], [ 79.8511523, 29.881105 ], [ 79.8511778, 29.8802323 ], [ 79.8535752, 29.8772436 ], [ 79.8536999, 29.8750192 ], [ 79.852443, 29.8741559 ], [ 79.848646, 29.8732371 ], [ 79.8446652, 29.8727863 ], [ 79.8435535, 29.8730939 ], [ 79.8400257, 29.8718238 ], [ 79.8380499, 29.8721782 ], [ 79.8371279, 29.8734093 ], [ 79.8357293, 29.8739797 ], [ 79.831322, 29.8774426 ], [ 79.8266487, 29.8805087 ], [ 79.825807, 29.8805327 ], [ 79.8210959, 29.8832499 ], [ 79.820667, 29.8839704 ], [ 79.8186677, 29.8855095 ], [ 79.8179096, 29.8869009 ], [ 79.8181291, 29.8889754 ], [ 79.8172233, 29.8902516 ], [ 79.8166542, 29.8951681 ], [ 79.8160428, 29.8955931 ], [ 79.8161146, 29.8965937 ], [ 79.8165783, 29.8968922 ], [ 79.8163824, 29.8972113 ], [ 79.814455, 29.8955062 ], [ 79.8136761, 29.8935895 ], [ 79.8130446, 29.8911621 ], [ 79.811866, 29.8884913 ], [ 79.8117867, 29.8843891 ], [ 79.8114174, 29.8833197 ], [ 79.807681, 29.8827932 ], [ 79.8080798, 29.883179 ], [ 79.8078223, 29.8833812 ], [ 79.8049296, 29.8833198 ], [ 79.8033861, 29.883596 ], [ 79.8029296, 29.8818497 ], [ 79.8024193, 29.8816557 ], [ 79.8010766, 29.8827977 ], [ 79.7996491, 29.8834672 ], [ 79.7981098, 29.8826573 ], [ 79.7975996, 29.883127 ], [ 79.7974721, 29.8888233 ], [ 79.7989365, 29.8904611 ], [ 79.7984372, 29.8918189 ], [ 79.7985808, 29.8925208 ], [ 79.7999163, 29.8945926 ], [ 79.8036642, 29.897046 ], [ 79.8049311, 29.8987877 ], [ 79.805279, 29.8997435 ], [ 79.8050715, 29.9002671 ], [ 79.8055278, 29.9004044 ], [ 79.8051271, 29.9011745 ], [ 79.8052119, 29.9016718 ], [ 79.8055851, 29.9018837 ], [ 79.8106471, 29.9018772 ], [ 79.8114289, 29.9013671 ], [ 79.8133828, 29.9017525 ], [ 79.8202734, 29.9010365 ], [ 79.8231576, 29.9001031 ], [ 79.8253585, 29.8986155 ], [ 79.8266314, 29.8968288 ], [ 79.829515, 29.8962358 ], [ 79.8331798, 29.8959842 ], [ 79.8378206, 29.8967126 ], [ 79.8402135, 29.897609 ], [ 79.8450022, 29.8973157 ], [ 79.8464185, 29.8979131 ], [ 79.8479313, 29.8994045 ], [ 79.8488089, 29.9009805 ], [ 79.8505175, 29.9022167 ], [ 79.8524715, 29.9026442 ], [ 79.8538892, 29.9020921 ], [ 79.8574109, 29.8989448 ], [ 79.8593177, 29.8979248 ], [ 79.8630812, 29.8967785 ], [ 79.8642825, 29.8971653 ] ] ] } },
{ "type": "Feature", "properties": { "gp_code": "21798", "gp_name": "KARULI", "blkname": "BAGESHWAR", "dtname": "Bageshwar", "SHAPE_Area": 1271596.5013203316 }, "geometry": { "type": "Polygon", "coordinates": [ [ [ 79.8338609, 29.8633973 ], [ 79.8334413, 29.862609 ], [ 79.8294128, 29.8621141 ], [ 79.826676, 29.8610919 ], [ 79.8242082, 29.8614124 ], [ 79.8213968, 29.8626897 ], [ 79.8188701, 29.8642781 ], [ 79.8183699, 29.8649612 ], [ 79.8185031, 29.8665463 ], [ 79.8198563, 29.8676915 ], [ 79.8233501, 29.8680434 ], [ 79.8253603, 29.8686298 ], [ 79.8276413, 29.8688024 ], [ 79.8309801, 29.8684493 ], [ 79.8330777, 29.8677056 ], [ 79.8329797, 29.866363 ], [ 79.8338609, 29.8633973 ] ] ] } },
{ "type": "Feature", "properties": { "gp_code": "262944", "gp_name": "TUPED", "blkname": "BAGESHWAR", "dtname": "Bageshwar", "SHAPE_Area": 1708901.2587150526 }, "geometry": { "type": "Polygon", "coordinates": [ [ [ 79.8198563, 29.8676915 ], [ 79.8185031, 29.8665463 ], [ 79.8183699, 29.8649612 ], [ 79.8157706, 29.8626151 ], [ 79.8139033, 29.8618795 ], [ 79.8114649, 29.8616653 ], [ 79.8100517, 29.8624717 ], [ 79.8075476, 29.8586524 ], [ 79.8062746, 29.8609879 ], [ 79.8025222, 29.8619655 ], [ 79.7999289, 29.8621094 ], [ 79.8008236, 29.8628584 ], [ 79.8010508, 29.863443 ], [ 79.805134, 29.8659778 ], [ 79.8061488, 29.8684339 ], [ 79.8058456, 29.870783 ], [ 79.8068864, 29.8710453 ], [ 79.8090688, 29.8709236 ], [ 79.813577, 29.8701322 ], [ 79.8153334, 29.8688694 ], [ 79.8198563, 29.8676915 ] ] ] } },
{ "type": "Feature", "properties": { "gp_code": "21774", "gp_name": "GAIRAR", "blkname": "BAGESHWAR", "dtname": "Bageshwar", "SHAPE_Area": 405555.45936802821 }, "geometry": { "type": "Polygon", "coordinates": [ [ [ 79.8241509, 29.8566202 ], [ 79.8215699, 29.8563936 ], [ 79.8210431, 29.8558087 ], [ 79.8204783, 29.8581983 ], [ 79.8184978, 29.8604178 ], [ 79.8157706, 29.8626151 ], [ 79.8183699, 29.8649612 ], [ 79.8180879, 29.8627855 ], [ 79.8196021, 29.8611214 ], [ 79.8264217, 29.8593761 ], [ 79.8241509, 29.8566202 ] ] ] } },
{ "type": "Feature", "properties": { "gp_code": "21879", "gp_name": "WALNA", "blkname": "BAGESHWAR", "dtname": "Bageshwar", "SHAPE_Area": 1741529.2037691083 }, "geometry": { "type": "Polygon", "coordinates": [ [ [ 79.8157706, 29.8626151 ], [ 79.8184978, 29.8604178 ], [ 79.8204783, 29.8581983 ], [ 79.8210431, 29.8558087 ], [ 79.8215699, 29.8563936 ], [ 79.8241509, 29.8566202 ], [ 79.8260077, 29.8546332 ], [ 79.8268496, 29.8542487 ], [ 79.8249118, 29.8530781 ], [ 79.822227, 29.8540746 ], [ 79.8207744, 29.854267 ], [ 79.8181988, 29.8504477 ], [ 79.818057, 29.8499006 ], [ 79.8183725, 29.8490848 ], [ 79.813074, 29.8526665 ], [ 79.8094794, 29.8544281 ], [ 79.8098765, 29.855883 ], [ 79.8097182, 29.8567779 ], [ 79.8075476, 29.8586524 ], [ 79.8100517, 29.8624717 ], [ 79.8114649, 29.8616653 ], [ 79.8139033, 29.8618795 ], [ 79.8157706, 29.8626151 ] ] ] } },
{ "type": "Feature", "properties": { "gp_code": "21778", "gp_name": "GOGINAPANI", "blkname": "BAGESHWAR", "dtname": "Bageshwar", "SHAPE_Area": 1784453.712946089 }, "geometry": { "type": "Polygon", "coordinates": [ [ [ 79.8183725, 29.8490848 ], [ 79.8184901, 29.8485038 ], [ 79.8215419, 29.8462372 ], [ 79.8225359, 29.8460711 ], [ 79.8218079, 29.844696 ], [ 79.8181445, 29.843772 ], [ 79.8172846, 29.8438688 ], [ 79.8149194, 29.8453596 ], [ 79.8122389, 29.8450954 ], [ 79.8102119, 29.8464854 ], [ 79.8034094, 29.846701 ], [ 79.8008562, 29.8470957 ], [ 79.799715, 29.8473554 ], [ 79.797937, 29.8489319 ], [ 79.7979361, 29.849454 ], [ 79.7997881, 29.8506373 ], [ 79.800387, 29.8506629 ], [ 79.8011701, 29.8514222 ], [ 79.8027168, 29.8513434 ], [ 79.8067308, 29.8520256 ], [ 79.8094794, 29.8544281 ], [ 79.813074, 29.8526665 ], [ 79.8183725, 29.8490848 ] ] ] } },
{ "type": "Feature", "properties": { "gp_code": "", "gp_name": "", "blkname": "BAGESHWAR", "dtname": "Bageshwar", "SHAPE_Area": 807914.37354786694 }, "geometry": { "type": "Polygon", "coordinates": [ [ [ 79.8268496, 29.8542487 ], [ 79.8299456, 29.8532699 ], [ 79.8296474, 29.8523373 ], [ 79.8289927, 29.8514291 ], [ 79.826541, 29.8506185 ], [ 79.8257295, 29.8496728 ], [ 79.8253463, 29.8483422 ], [ 79.8230849, 29.8462769 ], [ 79.8215419, 29.8462372 ], [ 79.8184901, 29.8485038 ], [ 79.818057, 29.8499006 ], [ 79.8181988, 29.8504477 ], [ 79.8207744, 29.854267 ], [ 79.822227, 29.8540746 ], [ 79.8249118, 29.8530781 ], [ 79.8268496, 29.8542487 ] ] ] } },
{ "type": "Feature", "properties": { "gp_code": "", "gp_name": "", "blkname": "BAGESHWAR", "dtname": "Bageshwar", "SHAPE_Area": 414678.16651077033 }, "geometry": { "type": "Polygon", "coordinates": [ [ [ 79.8301451, 29.8585472 ], [ 79.8310167, 29.857392 ], [ 79.8313752, 29.8559255 ], [ 79.8310061, 29.8546944 ], [ 79.8311496, 29.8540357 ], [ 79.8299456, 29.8532699 ], [ 79.8260077, 29.8546332 ], [ 79.8241509, 29.8566202 ], [ 79.8264217, 29.8593761 ], [ 79.8301451, 29.8585472 ] ] ] } },
{ "type": "Feature", "properties": { "gp_code": "21774", "gp_name": "GAIRAR", "blkname": "BAGESHWAR", "dtname": "Bageshwar", "SHAPE_Area": 903576.33257566253 }, "geometry": { "type": "Polygon", "coordinates": [ [ [ 79.8383551, 29.8566847 ], [ 79.8386058, 29.8558334 ], [ 79.8378644, 29.8556835 ], [ 79.8367516, 29.856018 ], [ 79.8351122, 29.8555191 ], [ 79.8319072, 29.8527809 ], [ 79.8316233, 29.8498773 ], [ 79.8296394, 29.8477396 ], [ 79.8263622, 29.8463236 ], [ 79.8232899, 29.8445406 ], [ 79.8230849, 29.8462769 ], [ 79.8253463, 29.8483422 ], [ 79.8257295, 29.8496728 ], [ 79.826541, 29.8506185 ], [ 79.8289927, 29.8514291 ], [ 79.8299456, 29.8532699 ], [ 79.8311496, 29.8540357 ], [ 79.8310061, 29.8546944 ], [ 79.8313752, 29.8559255 ], [ 79.8310167, 29.857392 ], [ 79.8301451, 29.8585472 ], [ 79.8329596, 29.8601848 ], [ 79.8350428, 29.8594038 ], [ 79.8383551, 29.8566847 ] ] ] } },
{ "type": "Feature", "properties": { "gp_code": "", "gp_name": "", "blkname": "BAGESHWAR", "dtname": "Bageshwar", "SHAPE_Area": 1255701.3396985678 }, "geometry": { "type": "Polygon", "coordinates": [ [ [ 79.8334413, 29.862609 ], [ 79.8334987, 29.8622365 ], [ 79.8373948, 29.8603136 ], [ 79.8393912, 29.8605021 ], [ 79.8411301, 29.8612994 ], [ 79.8430043, 29.8622149 ], [ 79.8431316, 29.8630603 ], [ 79.8441415, 29.8626075 ], [ 79.8445456, 29.8614705 ], [ 79.8445472, 29.8602025 ], [ 79.8435809, 29.8574543 ], [ 79.8442112, 29.8552546 ], [ 79.8439938, 29.8540927 ], [ 79.8425452, 29.8532516 ], [ 79.8386058, 29.8558334 ], [ 79.8383551, 29.8566847 ], [ 79.836556, 29.8582865 ], [ 79.8339154, 29.8599496 ], [ 79.8329596, 29.8601848 ], [ 79.8301451, 29.8585472 ], [ 79.8234682, 29.8603177 ], [ 79.8209863, 29.860576 ], [ 79.8196021, 29.8611214 ], [ 79.8180879, 29.8627855 ], [ 79.8183699, 29.8649612 ], [ 79.8196126, 29.8636947 ], [ 79.8242082, 29.8614124 ], [ 79.826676, 29.8610919 ], [ 79.8294128, 29.8621141 ], [ 79.8334413, 29.862609 ] ] ] } },
{ "type": "Feature", "properties": { "gp_code": "21752", "gp_name": "BURGHUNA", "blkname": "BAGESHWAR", "dtname": "Bageshwar", "SHAPE_Area": 1174444.2338514049 }, "geometry": { "type": "Polygon", "coordinates": [ [ [ 79.8375147, 29.8455454 ], [ 79.837414, 29.8444553 ], [ 79.8383994, 29.8422205 ], [ 79.8378514, 29.8417083 ], [ 79.8351224, 29.8407713 ], [ 79.8285507, 29.841543 ], [ 79.8274153, 29.8414751 ], [ 79.8261788, 29.8407063 ], [ 79.8255537, 29.84065 ], [ 79.8248771, 29.8409162 ], [ 79.8232899, 29.8445406 ], [ 79.8303786, 29.848341 ], [ 79.8311584, 29.8472073 ], [ 79.8338915, 29.8454453 ], [ 79.8345547, 29.8454423 ], [ 79.8351898, 29.8475897 ], [ 79.8358269, 29.8482243 ], [ 79.8379556, 29.8486191 ], [ 79.8399991, 29.8471997 ], [ 79.8399246, 29.8466935 ], [ 79.8375147, 29.8455454 ] ] ] } },
{ "type": "Feature", "properties": { "gp_code": "21874", "gp_name": "TUNERA", "blkname": "BAGESHWAR", "dtname": "Bageshwar", "SHAPE_Area": 370713.99475184211 }, "geometry": { "type": "Polygon", "coordinates": [ [ [ 79.8277611, 29.8296166 ], [ 79.8278808, 29.8244127 ], [ 79.8256138, 29.8256113 ], [ 79.8244875, 29.8255603 ], [ 79.8241458, 29.8252367 ], [ 79.8233614, 29.8254348 ], [ 79.8237866, 29.8285697 ], [ 79.8228682, 29.831271 ], [ 79.8228096, 29.8323401 ], [ 79.8221065, 29.8333427 ], [ 79.8277611, 29.8296166 ] ] ] } },
{ "type": "Feature", "properties": { "gp_code": "21874", "gp_name": "TUNERA", "blkname": "BAGESHWAR", "dtname": "Bageshwar", "SHAPE_Area": 793850.4303150354 }, "geometry": { "type": "Polygon", "coordinates": [ [ [ 79.8263899, 29.8222556 ], [ 79.8283499, 29.8207981 ], [ 79.8286751, 29.8208842 ], [ 79.8290504, 29.8198066 ], [ 79.8289126, 29.8187907 ], [ 79.827282, 29.8179985 ], [ 79.8264422, 29.8170527 ], [ 79.8261018, 29.8157843 ], [ 79.8256462, 29.8153611 ], [ 79.8175493, 29.8147927 ], [ 79.8167641, 29.8155502 ], [ 79.8158226, 29.8158972 ], [ 79.8167201, 29.8163956 ], [ 79.8199763, 29.8169818 ], [ 79.8204112, 29.8173072 ], [ 79.8205813, 29.8179912 ], [ 79.8187122, 29.8189588 ], [ 79.8185263, 29.8193191 ], [ 79.8212512, 29.8210301 ], [ 79.8251945, 29.8221983 ], [ 79.8263899, 29.8222556 ] ] ] } },
{ "type": "Feature", "properties": { "gp_code": "", "gp_name": "", "blkname": "BAGESHWAR", "dtname": "Bageshwar", "SHAPE_Area": 15290138.496240649 }, "geometry": { "type": "Polygon", "coordinates": [ [ [ 79.8386058, 29.8558334 ], [ 79.8425452, 29.8532516 ], [ 79.8428156, 29.8536248 ], [ 79.8442014, 29.8516744 ], [ 79.8449757, 29.8519609 ], [ 79.8477854, 29.8479733 ], [ 79.8477131, 29.8465853 ], [ 79.8460801, 29.8432353 ], [ 79.8462119, 29.8404756 ], [ 79.8449586, 29.8392934 ], [ 79.8433483, 29.8384714 ], [ 79.8403291, 29.8392302 ], [ 79.8378458, 29.8373099 ], [ 79.8358095, 29.8352317 ], [ 79.8304388, 29.8317329 ], [ 79.8277611, 29.8296166 ], [ 79.8215763, 29.8337317 ], [ 79.8178906, 29.8374715 ], [ 79.8177685, 29.8376739 ], [ 79.818937, 29.8382098 ], [ 79.8189508, 29.8384708 ], [ 79.8181218, 29.8398498 ], [ 79.8179268, 29.8413155 ], [ 79.8161807, 29.8410411 ], [ 79.8154681, 29.8408165 ], [ 79.8152693, 29.8402693 ], [ 79.816061, 29.8352851 ], [ 79.8164468, 29.834751 ], [ 79.814905, 29.8332119 ], [ 79.8058547, 29.8333463 ], [ 79.803545, 29.8332192 ], [ 79.803061, 29.832771 ], [ 79.8024616, 29.8330935 ], [ 79.8005228, 29.8328798 ], [ 79.7997972, 29.8319092 ], [ 79.7991379, 29.829055 ], [ 79.7983648, 29.8272082 ], [ 79.7983942, 29.8266115 ], [ 79.798922, 29.8264506 ], [ 79.8005465, 29.8269996 ], [ 79.8012575, 29.8282312 ], [ 79.8021553, 29.8284561 ], [ 79.8053237, 29.8265081 ], [ 79.8056098, 29.8259094 ], [ 79.8080504, 29.8242736 ], [ 79.8121732, 29.8227245 ], [ 79.8145548, 29.8223543 ], [ 79.8180756, 29.822868 ], [ 79.8233614, 29.8254348 ], [ 79.8241458, 29.8252367 ], [ 79.8244875, 29.8255603 ], [ 79.8256138, 29.8256113 ], [ 79.8278808, 29.8244127 ], [ 79.8283993, 29.8218722 ], [ 79.8288707, 29.8212387 ], [ 79.8286751, 29.8208842 ], [ 79.8283499, 29.8207981 ], [ 79.8263899, 29.8222556 ], [ 79.8251945, 29.8221983 ], [ 79.8212512, 29.8210301 ], [ 79.8185263, 29.8193191 ], [ 79.8187122, 29.8189588 ], [ 79.8205813, 29.8179912 ], [ 79.8204112, 29.8173072 ], [ 79.8143119, 29.8155971 ], [ 79.8121303, 29.8157935 ], [ 79.8086471, 29.817112 ], [ 79.8073389, 29.8165711 ], [ 79.8055427, 29.8165068 ], [ 79.8034606, 29.8169146 ], [ 79.8024046, 29.8175225 ], [ 79.7999945, 29.8179546 ], [ 79.7974677, 29.8199904 ], [ 79.7967688, 29.8201511 ], [ 79.7943609, 29.8192654 ], [ 79.7937491, 29.8184938 ], [ 79.7946225, 29.816175 ], [ 79.7954301, 29.8154968 ], [ 79.7953382, 29.8145424 ], [ 79.7946268, 29.8136713 ], [ 79.7933877, 29.8129859 ], [ 79.7925181, 29.8129351 ], [ 79.7914764, 29.8135553 ], [ 79.7904355, 29.8136783 ], [ 79.7899797, 29.8134415 ], [ 79.7874704, 29.8135128 ], [ 79.7864861, 29.8138969 ], [ 79.7861426, 29.8146673 ], [ 79.7848177, 29.8141309 ], [ 79.7829336, 29.8153965 ], [ 79.7811217, 29.8161151 ], [ 79.7813521, 29.8164718 ], [ 79.7799942, 29.8168098 ], [ 79.7793654, 29.8176668 ], [ 79.7778965, 29.8179258 ], [ 79.7769757, 29.8225244 ], [ 79.7772437, 29.8241285 ], [ 79.777998, 29.8249003 ], [ 79.7782023, 29.8301966 ], [ 79.7786455, 29.8314901 ], [ 79.7796135, 29.8323741 ], [ 79.7814106, 29.8320533 ], [ 79.7831356, 29.8322296 ], [ 79.7834357, 29.831882 ], [ 79.7831245, 29.8304519 ], [ 79.7835547, 29.8290601 ], [ 79.7844693, 29.8278803 ], [ 79.7865961, 29.8265032 ], [ 79.7873412, 29.8243783 ], [ 79.7889558, 29.8222918 ], [ 79.7956856, 29.822024 ], [ 79.7965966, 29.8229978 ], [ 79.796283, 29.8255699 ], [ 79.7959641, 29.8260926 ], [ 79.7934111, 29.8273484 ], [ 79.7930365, 29.8289606 ], [ 79.7939174, 29.8308016 ], [ 79.7881958, 29.833119 ], [ 79.7870815, 29.8343731 ], [ 79.7896874, 29.8364153 ], [ 79.7901683, 29.8387034 ], [ 79.7908941, 29.8395124 ], [ 79.7911349, 29.8404451 ], [ 79.7907763, 29.8416877 ], [ 79.7908601, 29.8427321 ], [ 79.7916572, 29.8436033 ], [ 79.7916409, 29.8447843 ], [ 79.7924635, 29.8474705 ], [ 79.7932468, 29.8480683 ], [ 79.7952244, 29.8475423 ], [ 79.7960209, 29.847761 ], [ 79.7963502, 29.8469907 ], [ 79.7971499, 29.8462831 ], [ 79.7995036, 29.8458385 ], [ 79.8014476, 29.8429443 ], [ 79.8027931, 29.8429229 ], [ 79.8071724, 29.8386997 ], [ 79.8083996, 29.838092 ], [ 79.810139, 29.8382805 ], [ 79.811735, 29.8389288 ], [ 79.8124041, 29.8396382 ], [ 79.812317, 29.8406326 ], [ 79.8115315, 29.841477 ], [ 79.8116154, 29.8425089 ], [ 79.8107838, 29.8454791 ], [ 79.8109972, 29.8458274 ], [ 79.8122389, 29.8450954 ], [ 79.8149194, 29.8453596 ], [ 79.8172846, 29.8438688 ], [ 79.8181445, 29.843772 ], [ 79.8218079, 29.844696 ], [ 79.8229156, 29.8464178 ], [ 79.8232899, 29.8445406 ], [ 79.8248771, 29.8409162 ], [ 79.8261788, 29.8407063 ], [ 79.8274153, 29.8414751 ], [ 79.8285507, 29.841543 ], [ 79.8351224, 29.8407713 ], [ 79.8359132, 29.8409055 ], [ 79.8383994, 29.8422205 ], [ 79.8373238, 29.8451225 ], [ 79.8379225, 29.8458906 ], [ 79.8399246, 29.8466935 ], [ 79.8399991, 29.8471997 ], [ 79.8379556, 29.8486191 ], [ 79.8358269, 29.8482243 ], [ 79.8351898, 29.8475897 ], [ 79.8345547, 29.8454423 ], [ 79.8338915, 29.8454453 ], [ 79.8311584, 29.8472073 ], [ 79.8303786, 29.848341 ], [ 79.8316233, 29.8498773 ], [ 79.8319072, 29.8527809 ], [ 79.8351122, 29.8555191 ], [ 79.8367516, 29.856018 ], [ 79.8378644, 29.8556835 ], [ 79.8386058, 29.8558334 ] ], [ [ 79.7999705, 29.8392752 ], [ 79.7992871, 29.8386776 ], [ 79.7984484, 29.8370481 ], [ 79.8004916, 29.8345145 ], [ 79.8022734, 29.8348275 ], [ 79.8041279, 29.8343201 ], [ 79.8050109, 29.83498 ], [ 79.8018961, 29.8389171 ], [ 79.8012109, 29.8394135 ], [ 79.7999705, 29.8392752 ] ] ] } },
{ "type": "Feature", "properties": { "gp_code": "21819", "gp_name": "MANKOTE", "blkname": "BAGESHWAR", "dtname": "Bageshwar", "SHAPE_Area": 2876867.2010086821 }, "geometry": { "type": "Polygon", "coordinates": [ [ [ 79.8177685, 29.8376739 ], [ 79.8228096, 29.8323401 ], [ 79.8228682, 29.831271 ], [ 79.8237866, 29.8285697 ], [ 79.8233614, 29.8254348 ], [ 79.8180756, 29.822868 ], [ 79.8145548, 29.8223543 ], [ 79.8121732, 29.8227245 ], [ 79.8080504, 29.8242736 ], [ 79.8056098, 29.8259094 ], [ 79.8053237, 29.8265081 ], [ 79.8070883, 29.8286734 ], [ 79.803061, 29.832771 ], [ 79.803545, 29.8332192 ], [ 79.8058547, 29.8333463 ], [ 79.814905, 29.8332119 ], [ 79.8164468, 29.834751 ], [ 79.816061, 29.8352851 ], [ 79.8154717, 29.8383238 ], [ 79.8154681, 29.8408165 ], [ 79.8179268, 29.8413155 ], [ 79.8181218, 29.8398498 ], [ 79.8189508, 29.8384708 ], [ 79.818937, 29.8382098 ], [ 79.8177685, 29.8376739 ] ] ] } },
{ "type": "Feature", "properties": { "gp_code": "21846", "gp_name": "PANTQUARRALLI", "blkname": "BAGESHWAR", "dtname": "Bageshwar", "SHAPE_Area": 1132454.7068300238 }, "geometry": { "type": "Polygon", "coordinates": [ [ [ 79.8109972, 29.8458274 ], [ 79.8107838, 29.8454791 ], [ 79.8116154, 29.8425089 ], [ 79.8115315, 29.841477 ], [ 79.812317, 29.8406326 ], [ 79.8124041, 29.8396382 ], [ 79.811735, 29.8389288 ], [ 79.810139, 29.8382805 ], [ 79.8083996, 29.838092 ], [ 79.8071724, 29.8386997 ], [ 79.8027931, 29.8429229 ], [ 79.8014476, 29.8429443 ], [ 79.7995036, 29.8458385 ], [ 79.7971499, 29.8462831 ], [ 79.7957999, 29.8477731 ], [ 79.7968826, 29.8483836 ], [ 79.7967964, 29.8488186 ], [ 79.7979361, 29.849454 ], [ 79.797937, 29.8489319 ], [ 79.799715, 29.8473554 ], [ 79.8034094, 29.846701 ], [ 79.8092793, 29.8466407 ], [ 79.8102119, 29.8464854 ], [ 79.8109972, 29.8458274 ] ] ] } },
{ "type": "Feature", "properties": { "gp_code": "21754", "gp_name": "CHATI", "blkname": "BAGESHWAR", "dtname": "Bageshwar", "SHAPE_Area": 280865.64972568938 }, "geometry": { "type": "Polygon", "coordinates": [ [ [ 79.8050109, 29.83498 ], [ 79.8041279, 29.8343201 ], [ 79.8022734, 29.8348275 ], [ 79.8004916, 29.8345145 ], [ 79.7984484, 29.8370481 ], [ 79.7986754, 29.8377818 ], [ 79.7999705, 29.8392752 ], [ 79.8012109, 29.8394135 ], [ 79.8033673, 29.83734 ], [ 79.8050109, 29.83498 ] ] ] } },
{ "type": "Feature", "properties": { "gp_code": "21754", "gp_name": "CHATI", "blkname": "BAGESHWAR", "dtname": "Bageshwar", "SHAPE_Area": 495090.83734221198 }, "geometry": { "type": "Polygon", "coordinates": [ [ [ 79.8070883, 29.8286734 ], [ 79.8053237, 29.8265081 ], [ 79.8021553, 29.8284561 ], [ 79.8012575, 29.8282312 ], [ 79.8005465, 29.8269996 ], [ 79.798922, 29.8264506 ], [ 79.7983942, 29.8266115 ], [ 79.799357, 29.8307401 ], [ 79.8005228, 29.8328798 ], [ 79.8024616, 29.8330935 ], [ 79.803061, 29.832771 ], [ 79.8070883, 29.8286734 ] ] ] } },
{ "type": "Feature", "properties": { "gp_code": "21816", "gp_name": "MALTA", "blkname": "BAGESHWAR", "dtname": "Bageshwar", "SHAPE_Area": 2435199.6216360675 }, "geometry": { "type": "Polygon", "coordinates": [ [ [ 79.7999945, 29.8179546 ], [ 79.8055427, 29.8165068 ], [ 79.8073389, 29.8165711 ], [ 79.8086471, 29.817112 ], [ 79.8121303, 29.8157935 ], [ 79.8143119, 29.8155971 ], [ 79.8158226, 29.8158972 ], [ 79.8167641, 29.8155502 ], [ 79.8175493, 29.8147927 ], [ 79.8163237, 29.8145178 ], [ 79.8147568, 29.8136334 ], [ 79.8144319, 29.8116314 ], [ 79.8140535, 29.8113256 ], [ 79.8120081, 29.8118089 ], [ 79.8106405, 29.8111981 ], [ 79.8064376, 29.8120973 ], [ 79.8038383, 29.8113025 ], [ 79.8031979, 29.8117611 ], [ 79.8027989, 29.8116363 ], [ 79.8024122, 29.8126272 ], [ 79.7987457, 29.8144286 ], [ 79.7976903, 29.8146635 ], [ 79.7971917, 29.8144639 ], [ 79.7960848, 29.8124726 ], [ 79.7952001, 29.8118382 ], [ 79.7885445, 29.8106735 ], [ 79.7831804, 29.8092878 ], [ 79.7823896, 29.8086264 ], [ 79.7795843, 29.8120448 ], [ 79.7784571, 29.8143425 ], [ 79.7774784, 29.8155334 ], [ 79.777142, 29.8172907 ], [ 79.7778965, 29.8179258 ], [ 79.7793654, 29.8176668 ], [ 79.7799942, 29.8168098 ], [ 79.7813521, 29.8164718 ], [ 79.7811217, 29.8161151 ], [ 79.7829336, 29.8153965 ], [ 79.7848177, 29.8141309 ], [ 79.7861426, 29.8146673 ], [ 79.7864861, 29.8138969 ], [ 79.7874704, 29.8135128 ], [ 79.7899797, 29.8134415 ], [ 79.7904355, 29.8136783 ], [ 79.7914764, 29.8135553 ], [ 79.7925181, 29.8129351 ], [ 79.7933877, 29.8129859 ], [ 79.7946268, 29.8136713 ], [ 79.7953382, 29.8145424 ], [ 79.7954301, 29.8154968 ], [ 79.7946225, 29.816175 ], [ 79.7937498, 29.818096 ], [ 79.7943609, 29.8192654 ], [ 79.7967688, 29.8201511 ], [ 79.7974677, 29.8199904 ], [ 79.7999945, 29.8179546 ] ] ] } },
{ "type": "Feature", "properties": { "gp_code": "", "gp_name": "", "blkname": "BAGESHWAR", "dtname": "Bageshwar", "SHAPE_Area": 1256045.2483007403 }, "geometry": { "type": "Polygon", "coordinates": [ [ [ 79.7831245, 29.8304519 ], [ 79.7863169, 29.8312518 ], [ 79.7882253, 29.8325969 ], [ 79.7881958, 29.833119 ], [ 79.7936745, 29.8310873 ], [ 79.7939174, 29.8308016 ], [ 79.7930365, 29.8289606 ], [ 79.7934111, 29.8273484 ], [ 79.7954075, 29.8264648 ], [ 79.796283, 29.8255699 ], [ 79.7965966, 29.8229978 ], [ 79.796227, 29.8223136 ], [ 79.7956856, 29.822024 ], [ 79.791651, 29.8219845 ], [ 79.7889558, 29.8222918 ], [ 79.7873412, 29.8243783 ], [ 79.7865961, 29.8265032 ], [ 79.7844693, 29.8278803 ], [ 79.7835547, 29.8290601 ], [ 79.7831245, 29.8304519 ] ] ] } },
{ "type": "Feature", "properties": { "gp_code": "21771", "gp_name": "FALTANIA", "blkname": "BAGESHWAR", "dtname": "Bageshwar", "SHAPE_Area": 462386.05152334546 }, "geometry": { "type": "Polygon", "coordinates": [ [ [ 79.7841433, 29.8349038 ], [ 79.7854793, 29.8338219 ], [ 79.7870815, 29.8343731 ], [ 79.7881958, 29.833119 ], [ 79.7882253, 29.8325969 ], [ 79.7863169, 29.8312518 ], [ 79.7833379, 29.8306884 ], [ 79.7834357, 29.831882 ], [ 79.7831356, 29.8322296 ], [ 79.7814106, 29.8320533 ], [ 79.7796135, 29.8323741 ], [ 79.7771019, 29.8335641 ], [ 79.7739775, 29.8344797 ], [ 79.7740196, 29.83489 ], [ 79.7760264, 29.8368943 ], [ 79.7778421, 29.834224 ], [ 79.7841433, 29.8349038 ] ] ] } },
{ "type": "Feature", "properties": { "gp_code": "", "gp_name": "", "blkname": "BAGESHWAR", "dtname": "Bageshwar", "SHAPE_Area": 2537615.5372426524 }, "geometry": { "type": "Polygon", "coordinates": [ [ [ 79.7880503, 29.8514056 ], [ 79.7890677, 29.8485104 ], [ 79.7932468, 29.8480683 ], [ 79.7924635, 29.8474705 ], [ 79.7916409, 29.8447843 ], [ 79.7916572, 29.8436033 ], [ 79.7908601, 29.8427321 ], [ 79.7907763, 29.8416877 ], [ 79.7911349, 29.8404451 ], [ 79.7908941, 29.8395124 ], [ 79.7901683, 29.8387034 ], [ 79.7896874, 29.8364153 ], [ 79.7887763, 29.8355191 ], [ 79.7870815, 29.8343731 ], [ 79.7854793, 29.8338219 ], [ 79.7804466, 29.8375168 ], [ 79.776536, 29.8389213 ], [ 79.7735122, 29.8394268 ], [ 79.7733252, 29.8402595 ], [ 79.7775096, 29.8446132 ], [ 79.7783786, 29.8451241 ], [ 79.7812302, 29.8453269 ], [ 79.7836242, 29.8462873 ], [ 79.7843213, 29.8472455 ], [ 79.7846454, 29.8494711 ], [ 79.7842276, 29.8518698 ], [ 79.7862241, 29.8518724 ], [ 79.7880503, 29.8514056 ] ] ] } },
{ "type": "Feature", "properties": { "gp_code": "", "gp_name": "", "blkname": "BAGESHWAR", "dtname": "Bageshwar", "SHAPE_Area": 317673.82384209574 }, "geometry": { "type": "Polygon", "coordinates": [ [ [ 79.7841433, 29.8349038 ], [ 79.7778421, 29.834224 ], [ 79.7760264, 29.8368943 ], [ 79.7756111, 29.8378634 ], [ 79.7756089, 29.8390568 ], [ 79.7804466, 29.8375168 ], [ 79.7841433, 29.8349038 ] ] ] } },
{ "type": "Feature", "properties": { "gp_code": "", "gp_name": "", "blkname": "BAGESHWAR", "dtname": "Bageshwar", "SHAPE_Area": 642585.9561568331 }, "geometry": { "type": "Polygon", "coordinates": [ [ [ 79.7832831, 29.8537488 ], [ 79.7842276, 29.8518698 ], [ 79.7846454, 29.8494711 ], [ 79.7843213, 29.8472455 ], [ 79.7829262, 29.8458388 ], [ 79.7803891, 29.8451766 ], [ 79.7808012, 29.8459976 ], [ 79.7805861, 29.8466686 ], [ 79.7790281, 29.8487177 ], [ 79.7781833, 29.8506185 ], [ 79.7783005, 29.8519597 ], [ 79.7776051, 29.8549345 ], [ 79.7832831, 29.8537488 ] ] ] } },
{ "type": "Feature", "properties": { "gp_code": "", "gp_name": "", "blkname": "BAGESHWAR", "dtname": "Bageshwar", "SHAPE_Area": 540914.6639262893 }, "geometry": { "type": "Polygon", "coordinates": [ [ [ 79.7821152, 29.8609572 ], [ 79.781332, 29.8602601 ], [ 79.7812627, 29.8591163 ], [ 79.7823112, 29.8549284 ], [ 79.7832831, 29.8537488 ], [ 79.7822473, 29.8537747 ], [ 79.7773195, 29.8551081 ], [ 79.7780015, 29.8565262 ], [ 79.7782414, 29.8579188 ], [ 79.7775382, 29.8603668 ], [ 79.7781628, 29.8619712 ], [ 79.7780723, 29.8636922 ], [ 79.7773782, 29.8646217 ], [ 79.7802609, 29.8652411 ], [ 79.7804406, 29.8634128 ], [ 79.7821152, 29.8609572 ] ] ] } },
{ "type": "Feature", "properties": { "gp_code": "259938", "gp_name": "RIKHAYAAL", "blkname": "BAGESHWAR", "dtname": "Bageshwar", "SHAPE_Area": 277010.31342382688 }, "geometry": { "type": "Polygon", "coordinates": [ [ [ 79.7911865, 29.8520561 ], [ 79.7880503, 29.8514056 ], [ 79.7862241, 29.8518724 ], [ 79.7842276, 29.8518698 ], [ 79.7832831, 29.8537488 ], [ 79.7854343, 29.8553673 ], [ 79.7912134, 29.8530009 ], [ 79.7911865, 29.8520561 ] ] ] } },
{ "type": "Feature", "properties": { "gp_code": "", "gp_name": "", "blkname": "BAGESHWAR", "dtname": "Bageshwar", "SHAPE_Area": 600960.33343783102 }, "geometry": { "type": "Polygon", "coordinates": [ [ [ 79.784808, 29.8606095 ], [ 79.7841713, 29.8595926 ], [ 79.7844602, 29.8574921 ], [ 79.7848892, 29.8568338 ], [ 79.7857455, 29.8564496 ], [ 79.788655, 29.8563415 ], [ 79.7889835, 29.8560685 ], [ 79.788899, 29.8554468 ], [ 79.7900982, 29.8547274 ], [ 79.7910759, 29.8545416 ], [ 79.7943224, 29.8529427 ], [ 79.7957489, 29.8526834 ], [ 79.7969092, 29.8516236 ], [ 79.7979361, 29.849454 ], [ 79.7967964, 29.8488186 ], [ 79.7946261, 29.8515367 ], [ 79.7911865, 29.8520561 ], [ 79.7912134, 29.8530009 ], [ 79.7854343, 29.8553673 ], [ 79.7832831, 29.8537488 ], [ 79.7823112, 29.8549284 ], [ 79.7817236, 29.8566058 ], [ 79.781332, 29.8602601 ], [ 79.7821152, 29.8609572 ], [ 79.784808, 29.8606095 ] ] ] } },
{ "type": "Feature", "properties": { "gp_code": "", "gp_name": "", "blkname": "BAGESHWAR", "dtname": "Bageshwar", "SHAPE_Area": 377975.39212745207 }, "geometry": { "type": "Polygon", "coordinates": [ [ [ 79.7946261, 29.8515367 ], [ 79.7968826, 29.8483836 ], [ 79.7952244, 29.8475423 ], [ 79.7917843, 29.8483212 ], [ 79.7890677, 29.8485104 ], [ 79.7880503, 29.8514056 ], [ 79.7911865, 29.8520561 ], [ 79.7946261, 29.8515367 ] ] ] } },
{ "type": "Feature", "properties": { "gp_code": "259935", "gp_name": "FALYAATI", "blkname": "BAGESHWAR", "dtname": "Bageshwar", "SHAPE_Area": 477822.28793892881 }, "geometry": { "type": "Polygon", "coordinates": [ [ [ 79.8067308, 29.8520256 ], [ 79.8011701, 29.8514222 ], [ 79.8031915, 29.8536872 ], [ 79.8043293, 29.8555905 ], [ 79.8054495, 29.8565399 ], [ 79.806814, 29.859759 ], [ 79.8081619, 29.857957 ], [ 79.8097182, 29.8567779 ], [ 79.8098765, 29.855883 ], [ 79.8094794, 29.8544281 ], [ 79.8067308, 29.8520256 ] ] ] } },
{ "type": "Feature", "properties": { "gp_code": "21759", "gp_name": "DEVALCHOURA", "blkname": "BAGESHWAR", "dtname": "Bageshwar", "SHAPE_Area": 2597111.1602508002 }, "geometry": { "type": "Polygon", "coordinates": [ [ [ 79.7999289, 29.8621094 ], [ 79.8047192, 29.8615703 ], [ 79.8062746, 29.8609879 ], [ 79.806814, 29.859759 ], [ 79.8054495, 29.8565399 ], [ 79.8043293, 29.8555905 ], [ 79.8031915, 29.8536872 ], [ 79.800387, 29.8506629 ], [ 79.7997881, 29.8506373 ], [ 79.7979361, 29.849454 ], [ 79.7969092, 29.8516236 ], [ 79.7957489, 29.8526834 ], [ 79.7943224, 29.8529427 ], [ 79.7910759, 29.8545416 ], [ 79.7900982, 29.8547274 ], [ 79.788899, 29.8554468 ], [ 79.7889835, 29.8560685 ], [ 79.788655, 29.8563415 ], [ 79.7857455, 29.8564496 ], [ 79.7848892, 29.8568338 ], [ 79.7844602, 29.8574921 ], [ 79.7841713, 29.8595926 ], [ 79.784808, 29.8606095 ], [ 79.7862534, 29.8596575 ], [ 79.7884366, 29.8589767 ], [ 79.7889067, 29.8592383 ], [ 79.7896022, 29.8612158 ], [ 79.7901393, 29.8615516 ], [ 79.7918603, 29.8616446 ], [ 79.7937909, 29.864055 ], [ 79.7963786, 29.8663194 ], [ 79.7965366, 29.8653654 ], [ 79.7981828, 29.8642474 ], [ 79.7999289, 29.8621094 ] ] ] } },
{ "type": "Feature", "properties": { "gp_code": "21806", "gp_name": "KHULDORI", "blkname": "BAGESHWAR", "dtname": "Bageshwar", "SHAPE_Area": 4338199.69443026 }, "geometry": { "type": "Polygon", "coordinates": [ [ [ 79.8080798, 29.883179 ], [ 79.8068539, 29.8826431 ], [ 79.8064296, 29.8803056 ], [ 79.8080043, 29.8767026 ], [ 79.8065107, 29.8741401 ], [ 79.8057452, 29.8714916 ], [ 79.8061488, 29.8684339 ], [ 79.8056947, 29.8669541 ], [ 79.805134, 29.8659778 ], [ 79.8010508, 29.863443 ], [ 79.8008236, 29.8628584 ], [ 79.7999289, 29.8621094 ], [ 79.7981828, 29.8642474 ], [ 79.7965366, 29.8653654 ], [ 79.7963536, 29.8664703 ], [ 79.7933714, 29.8672994 ], [ 79.7918265, 29.8682212 ], [ 79.7913795, 29.8707766 ], [ 79.7886726, 29.8709977 ], [ 79.7870712, 29.8733077 ], [ 79.7820278, 29.8738338 ], [ 79.7816791, 29.8736237 ], [ 79.7807928, 29.8747413 ], [ 79.7839297, 29.877462 ], [ 79.7863784, 29.878018 ], [ 79.787102, 29.8786927 ], [ 79.7884332, 29.8775235 ], [ 79.7890893, 29.8775244 ], [ 79.7919818, 29.8793554 ], [ 79.7926227, 29.8799405 ], [ 79.7923365, 29.8804746 ], [ 79.7945177, 29.8811556 ], [ 79.7963961, 29.8811579 ], [ 79.7966031, 29.8821299 ], [ 79.799093, 29.8833422 ], [ 79.7996491, 29.8834672 ], [ 79.8005055, 29.8831326 ], [ 79.8024193, 29.8816557 ], [ 79.8029296, 29.8818497 ], [ 79.8033861, 29.883596 ], [ 79.8049296, 29.8833198 ], [ 79.8078223, 29.8833812 ], [ 79.8080798, 29.883179 ] ] ] } },
{ "type": "Feature", "properties": { "gp_code": "21777", "gp_name": "GHIROULI", "blkname": "BAGESHWAR", "dtname": "Bageshwar", "SHAPE_Area": 1388775.4772790454 }, "geometry": { "type": "Polygon", "coordinates": [ [ [ 79.7963786, 29.8663194 ], [ 79.7937909, 29.864055 ], [ 79.7918603, 29.8616446 ], [ 79.7901393, 29.8615516 ], [ 79.7896022, 29.8612158 ], [ 79.7889067, 29.8592383 ], [ 79.7880515, 29.8589762 ], [ 79.7862534, 29.8596575 ], [ 79.784808, 29.8606095 ], [ 79.78443, 29.8623989 ], [ 79.785954, 29.867759 ], [ 79.7846802, 29.8703181 ], [ 79.7845065, 29.8717349 ], [ 79.7840488, 29.8724926 ], [ 79.7821227, 29.8728257 ], [ 79.7816791, 29.8736237 ], [ 79.7820278, 29.8738338 ], [ 79.7870712, 29.8733077 ], [ 79.7886726, 29.8709977 ], [ 79.7913795, 29.8707766 ], [ 79.7918265, 29.8682212 ], [ 79.7933714, 29.8672994 ], [ 79.7958255, 29.8667307 ], [ 79.7963786, 29.8663194 ] ] ] } },
{ "type": "Feature", "properties": { "gp_code": "", "gp_name": "", "blkname": "BAGESHWAR", "dtname": "Bageshwar", "SHAPE_Area": 541256.24226932647 }, "geometry": { "type": "Polygon", "coordinates": [ [ [ 79.7812933, 29.8740055 ], [ 79.7821227, 29.8728257 ], [ 79.7840488, 29.8724926 ], [ 79.7845065, 29.8717349 ], [ 79.7846802, 29.8703181 ], [ 79.785954, 29.867759 ], [ 79.78443, 29.8623989 ], [ 79.784808, 29.8606095 ], [ 79.7830673, 29.8628853 ], [ 79.7809053, 29.8676155 ], [ 79.7807687, 29.8722645 ], [ 79.7812933, 29.8740055 ] ] ] } },
{ "type": "Feature", "properties": { "gp_code": "", "gp_name": "", "blkname": "BAGESHWAR", "dtname": "Bageshwar", "SHAPE_Area": 354522.02685112017 }, "geometry": { "type": "Polygon", "coordinates": [ [ [ 79.7812933, 29.8740055 ], [ 79.7807687, 29.8722645 ], [ 79.7809053, 29.8676155 ], [ 79.7830673, 29.8628853 ], [ 79.784808, 29.8606095 ], [ 79.7821152, 29.8609572 ], [ 79.7804406, 29.8634128 ], [ 79.7798227, 29.866893 ], [ 79.778906, 29.8690299 ], [ 79.7798662, 29.8744293 ], [ 79.7807928, 29.8747413 ], [ 79.7812933, 29.8740055 ] ] ] } },
{ "type": "Feature", "properties": { "gp_code": "21721", "gp_name": "AAREY", "blkname": "BAGESHWAR", "dtname": "Bageshwar", "SHAPE_Area": 637577.1432008954 }, "geometry": { "type": "Polygon", "coordinates": [ [ [ 79.7802609, 29.8652411 ], [ 79.7773782, 29.8646217 ], [ 79.7750405, 29.8692235 ], [ 79.7735169, 29.8697879 ], [ 79.771602, 29.8698402 ], [ 79.7712733, 29.8701878 ], [ 79.7719993, 29.8709595 ], [ 79.7730066, 29.8710818 ], [ 79.774222, 29.8722057 ], [ 79.7750174, 29.8740342 ], [ 79.7759867, 29.8743867 ], [ 79.7789267, 29.8745909 ], [ 79.7798662, 29.8744293 ], [ 79.778906, 29.8690299 ], [ 79.7802609, 29.8652411 ] ] ] } },
{ "type": "Feature", "properties": { "gp_code": "", "gp_name": "", "blkname": "BAGESHWAR", "dtname": "Bageshwar", "SHAPE_Area": 715255.47461987392 }, "geometry": { "type": "Polygon", "coordinates": [ [ [ 79.7776051, 29.8549345 ], [ 79.7783005, 29.8519597 ], [ 79.7781833, 29.8506185 ], [ 79.7790281, 29.8487177 ], [ 79.7808012, 29.8459976 ], [ 79.7803891, 29.8451766 ], [ 79.7783786, 29.8451241 ], [ 79.7764988, 29.8437168 ], [ 79.7759712, 29.8437285 ], [ 79.7739166, 29.8455821 ], [ 79.7737262, 29.8471191 ], [ 79.7726816, 29.8473266 ], [ 79.7744356, 29.8490843 ], [ 79.7732489, 29.8507484 ], [ 79.7732458, 29.8523979 ], [ 79.7748269, 29.8534513 ], [ 79.7759674, 29.8536269 ], [ 79.7769791, 29.8543143 ], [ 79.7773195, 29.8551081 ], [ 79.7776051, 29.8549345 ] ] ] } },
{ "type": "Feature", "properties": { "gp_code": "", "gp_name": "", "blkname": "BAGESHWAR", "dtname": "Bageshwar", "SHAPE_Area": 301430.20423783199 }, "geometry": { "type": "Polygon", "coordinates": [ [ [ 79.7726816, 29.8473266 ], [ 79.77123, 29.8474388 ], [ 79.7710879, 29.8471931 ], [ 79.7699606, 29.8475893 ], [ 79.7689609, 29.8483835 ], [ 79.7687148, 29.8503224 ], [ 79.7694396, 29.8516288 ], [ 79.7732458, 29.8523979 ], [ 79.7732489, 29.8507484 ], [ 79.7744356, 29.8490843 ], [ 79.7726816, 29.8473266 ] ] ] } },
{ "type": "Feature", "properties": { "gp_code": "21770", "gp_name": "Dhyangar", "blkname": "BAGESHWAR", "dtname": "Bageshwar", "SHAPE_Area": 290399.22663530428 }, "geometry": { "type": "Polygon", "coordinates": [ [ [ 79.7504975, 29.8503515 ], [ 79.7531161, 29.8491433 ], [ 79.7543894, 29.847094 ], [ 79.7519704, 29.8444798 ], [ 79.7484512, 29.8459234 ], [ 79.7504975, 29.8503515 ] ] ] } },
{ "type": "Feature", "properties": { "gp_code": "21803", "gp_name": "KHOLI", "blkname": "BAGESHWAR", "dtname": "Bageshwar", "SHAPE_Area": 527021.03914788773 }, "geometry": { "type": "Polygon", "coordinates": [ [ [ 79.7558381, 29.8566662 ], [ 79.7557594, 29.8562985 ], [ 79.7546885, 29.8558298 ], [ 79.7535166, 29.8547936 ], [ 79.7538384, 29.8534371 ], [ 79.7535587, 29.8528917 ], [ 79.7517618, 29.8518211 ], [ 79.7523239, 29.8514772 ], [ 79.7522103, 29.8508764 ], [ 79.7511466, 29.8505893 ], [ 79.7508846, 29.8501959 ], [ 79.7495341, 29.8504182 ], [ 79.7490328, 29.8509466 ], [ 79.7484394, 29.8520988 ], [ 79.7487148, 29.856594 ], [ 79.7501728, 29.8564857 ], [ 79.7504202, 29.8590154 ], [ 79.7513136, 29.858939 ], [ 79.7558381, 29.8566662 ] ] ] } },
{ "type": "Feature", "properties": { "gp_code": "", "gp_name": "", "blkname": "BAGESHWAR", "dtname": "Bageshwar", "SHAPE_Area": 23620479.915502418 }, "geometry": { "type": "Polygon", "coordinates": [ [ [ 79.7484692, 29.8955098 ], [ 79.752649, 29.8970383 ], [ 79.755388, 29.8971046 ], [ 79.7559883, 29.8965461 ], [ 79.7572858, 29.8968961 ], [ 79.7652516, 29.8940489 ], [ 79.7653101, 29.8933032 ], [ 79.7638083, 29.8917047 ], [ 79.7597936, 29.8910949 ], [ 79.7585684, 29.8902851 ], [ 79.7582583, 29.8872272 ], [ 79.7594462, 29.8863833 ], [ 79.7603022, 29.8863597 ], [ 79.7612576, 29.8865227 ], [ 79.7626016, 29.8873135 ], [ 79.7647696, 29.8850362 ], [ 79.7644868, 29.8836933 ], [ 79.7650878, 29.882737 ], [ 79.7674264, 29.8831382 ], [ 79.7692751, 29.8824144 ], [ 79.7696831, 29.8815627 ], [ 79.7714253, 29.8805086 ], [ 79.7719699, 29.8791172 ], [ 79.7718856, 29.8784458 ], [ 79.7738873, 29.8773594 ], [ 79.7745585, 29.8753916 ], [ 79.7753805, 29.8742368 ], [ 79.7750174, 29.8740342 ], [ 79.774222, 29.8722057 ], [ 79.7730066, 29.8710818 ], [ 79.7719993, 29.8709595 ], [ 79.7712733, 29.8701878 ], [ 79.771602, 29.8698402 ], [ 79.7735169, 29.8697879 ], [ 79.7750405, 29.8692235 ], [ 79.7780723, 29.8636922 ], [ 79.7781628, 29.8619712 ], [ 79.7775382, 29.8603668 ], [ 79.778183, 29.858677 ], [ 79.7780015, 29.8565262 ], [ 79.7769791, 29.8543143 ], [ 79.7759674, 29.8536269 ], [ 79.7748269, 29.8534513 ], [ 79.7724763, 29.8521179 ], [ 79.7694396, 29.8516288 ], [ 79.7691409, 29.8512305 ], [ 79.7687148, 29.8503224 ], [ 79.7689609, 29.8483835 ], [ 79.7699606, 29.8475893 ], [ 79.7710879, 29.8471931 ], [ 79.7721667, 29.8450226 ], [ 79.7721057, 29.8443105 ], [ 79.7710367, 29.8440479 ], [ 79.7692531, 29.8446669 ], [ 79.7686404, 29.8443801 ], [ 79.7685144, 29.8431617 ], [ 79.7675323, 29.8421782 ], [ 79.7654339, 29.8433313 ], [ 79.7629195, 29.8457642 ], [ 79.7616641, 29.8460234 ], [ 79.7599652, 29.8470403 ], [ 79.7543894, 29.847094 ], [ 79.7531161, 29.8491433 ], [ 79.7508846, 29.8501959 ], [ 79.7511466, 29.8505893 ], [ 79.7523503, 29.8510101 ], [ 79.7523239, 29.8514772 ], [ 79.7517618, 29.8518211 ], [ 79.7535587, 29.8528917 ], [ 79.7538384, 29.8534371 ], [ 79.7535166, 29.8547936 ], [ 79.7546885, 29.8558298 ], [ 79.7557594, 29.8562985 ], [ 79.7558381, 29.8566662 ], [ 79.7513136, 29.858939 ], [ 79.7504202, 29.8590154 ], [ 79.7449427, 29.8578391 ], [ 79.7436373, 29.8570976 ], [ 79.7428529, 29.8594346 ], [ 79.7470656, 29.862379 ], [ 79.7470872, 29.8630185 ], [ 79.7468222, 29.8636476 ], [ 79.7446168, 29.8657026 ], [ 79.7443856, 29.8666015 ], [ 79.7448605, 29.8678767 ], [ 79.7419615, 29.8690558 ], [ 79.7408492, 29.8691639 ], [ 79.740697, 29.8698486 ], [ 79.7396124, 29.8711904 ], [ 79.7377587, 29.8713119 ], [ 79.73726, 29.8721758 ], [ 79.7367747, 29.8739136 ], [ 79.7369107, 29.8746733 ], [ 79.7381466, 29.8757544 ], [ 79.7386481, 29.8771941 ], [ 79.7384392, 29.8783528 ], [ 79.7348128, 29.8798857 ], [ 79.7314596, 29.8805397 ], [ 79.7311318, 29.8800895 ], [ 79.7315458, 29.8795106 ], [ 79.7317561, 29.8777074 ], [ 79.7306895, 29.8778855 ], [ 79.7261158, 29.8773582 ], [ 79.7256544, 29.8786065 ], [ 79.7248613, 29.8795244 ], [ 79.7218327, 29.8809294 ], [ 79.7215779, 29.8813673 ], [ 79.7216449, 29.8821468 ], [ 79.7230114, 29.8835747 ], [ 79.7232932, 29.8859516 ], [ 79.7215469, 29.8874474 ], [ 79.7208449, 29.8885552 ], [ 79.7209246, 29.8888252 ], [ 79.7234462, 29.8893041 ], [ 79.7238232, 29.8899342 ], [ 79.7213506, 29.8931174 ], [ 79.7169224, 29.896442 ], [ 79.7145262, 29.8965837 ], [ 79.7088876, 29.892396 ], [ 79.7087524, 29.8938146 ], [ 79.7083065, 29.8938339 ], [ 79.7066215, 29.8953795 ], [ 79.7058043, 29.8966619 ], [ 79.705745, 29.8974712 ], [ 79.7060645, 29.8981312 ], [ 79.708801, 29.8979441 ], [ 79.7118632, 29.8997902 ], [ 79.7141303, 29.901303 ], [ 79.7158695, 29.9029846 ], [ 79.7165211, 29.9042112 ], [ 79.7223001, 29.8988227 ], [ 79.7255307, 29.8976143 ], [ 79.7340583, 29.8955577 ], [ 79.736028, 29.8942042 ], [ 79.7390673, 29.890853 ], [ 79.7415268, 29.8903571 ], [ 79.7445573, 29.8911474 ], [ 79.7484692, 29.8955098 ] ], [ [ 79.7346335, 29.8859306 ], [ 79.7355127, 29.8881187 ], [ 79.7371002, 29.8906108 ], [ 79.7355519, 29.8907182 ], [ 79.7329405, 29.889335 ], [ 79.7292827, 29.889289 ], [ 79.7286315, 29.8882088 ], [ 79.7284946, 29.8864912 ], [ 79.727583, 29.8853393 ], [ 79.7279625, 29.8848404 ], [ 79.7290636, 29.8846424 ], [ 79.7300952, 29.8848439 ], [ 79.7310564, 29.8857248 ], [ 79.7333962, 29.8854289 ], [ 79.7346335, 29.8859306 ] ], [ [ 79.7496016, 29.8812075 ], [ 79.7476214, 29.882907 ], [ 79.7457581, 29.8834183 ], [ 79.7413911, 29.8828304 ], [ 79.7410541, 29.8827297 ], [ 79.7409067, 29.8817444 ], [ 79.7401841, 29.8809986 ], [ 79.7397041, 29.8796688 ], [ 79.7401338, 29.8794124 ], [ 79.7419302, 29.8797158 ], [ 79.7429804, 29.8795505 ], [ 79.7473129, 29.878235 ], [ 79.7491778, 29.878106 ], [ 79.7498414, 29.8786181 ], [ 79.7499947, 29.8801859 ], [ 79.7496016, 29.8812075 ] ] ] } },
{ "type": "Feature", "properties": { "gp_code": "21877", "gp_name": "UDALGAON", "blkname": "BAGESHWAR", "dtname": "Bageshwar", "SHAPE_Area": 2569558.4100543847 }, "geometry": { "type": "Polygon", "coordinates": [ [ [ 79.7384392, 29.8783528 ], [ 79.7386481, 29.8771941 ], [ 79.7381466, 29.8757544 ], [ 79.7369107, 29.8746733 ], [ 79.7367747, 29.8739136 ], [ 79.73726, 29.8721758 ], [ 79.7377587, 29.8713119 ], [ 79.7396124, 29.8711904 ], [ 79.740697, 29.8698486 ], [ 79.7408492, 29.8691639 ], [ 79.7419615, 29.8690558 ], [ 79.7448605, 29.8678767 ], [ 79.7443856, 29.8666015 ], [ 79.7446168, 29.8657026 ], [ 79.7468222, 29.8636476 ], [ 79.7470872, 29.8630185 ], [ 79.7470656, 29.862379 ], [ 79.7428529, 29.8594346 ], [ 79.7424515, 29.8595139 ], [ 79.7414964, 29.861236 ], [ 79.7407814, 29.8632184 ], [ 79.7375425, 29.866041 ], [ 79.7360629, 29.8663683 ], [ 79.7345168, 29.8656114 ], [ 79.7329229, 29.8657836 ], [ 79.7332889, 29.8661689 ], [ 79.7331736, 29.8691015 ], [ 79.7327483, 29.8696404 ], [ 79.7300261, 29.869819 ], [ 79.7280252, 29.8694227 ], [ 79.7260978, 29.8700389 ], [ 79.7259591, 29.8705233 ], [ 79.7265402, 29.877319 ], [ 79.7306895, 29.8778855 ], [ 79.7317561, 29.8777074 ], [ 79.7315458, 29.8795106 ], [ 79.7311083, 29.8803692 ], [ 79.7314596, 29.8805397 ], [ 79.7348128, 29.8798857 ], [ 79.7384392, 29.8783528 ] ] ] } },
{ "type": "Feature", "properties": { "gp_code": "21800", "gp_name": "KHABDOLI", "blkname": "BAGESHWAR", "dtname": "Bageshwar", "SHAPE_Area": 361280.30237722129 }, "geometry": { "type": "Polygon", "coordinates": [ [ [ 79.7265402, 29.877319 ], [ 79.7260978, 29.8700389 ], [ 79.7258345, 29.8698386 ], [ 79.7230914, 29.8711829 ], [ 79.7222772, 29.8712615 ], [ 79.7201234, 29.8705583 ], [ 79.7212982, 29.8732133 ], [ 79.7236777, 29.8755755 ], [ 79.7261158, 29.8773582 ], [ 79.7265402, 29.877319 ] ] ] } },
{ "type": "Feature", "properties": { "gp_code": "21859", "gp_name": "SELTA", "blkname": "BAGESHWAR", "dtname": "Bageshwar", "SHAPE_Area": 557222.98136338789 }, "geometry": { "type": "Polygon", "coordinates": [ [ [ 79.7270247, 29.8553267 ], [ 79.7302911, 29.855622 ], [ 79.7308989, 29.8555331 ], [ 79.7314216, 29.8550343 ], [ 79.7315847, 29.8538255 ], [ 79.7289776, 29.8508433 ], [ 79.7261472, 29.8504089 ], [ 79.7231398, 29.8522224 ], [ 79.7213522, 29.8519196 ], [ 79.7214452, 29.8538783 ], [ 79.7210201, 29.8543172 ], [ 79.7252471, 29.8556335 ], [ 79.7270247, 29.8553267 ] ] ] } },
{ "type": "Feature", "properties": { "gp_code": "", "gp_name": "", "blkname": "BAGESHWAR", "dtname": "Bageshwar", "SHAPE_Area": 424208.86182752444 }, "geometry": { "type": "Polygon", "coordinates": [ [ [ 79.7252411, 29.8455059 ], [ 79.7232332, 29.8451967 ], [ 79.7176157, 29.8417156 ], [ 79.7155985, 29.8416721 ], [ 79.7155971, 29.8422566 ], [ 79.7168893, 29.844837 ], [ 79.7199322, 29.8475004 ], [ 79.7206176, 29.8485808 ], [ 79.7238086, 29.8472503 ], [ 79.7252949, 29.8458532 ], [ 79.7252411, 29.8455059 ] ] ] } },
{ "type": "Feature", "properties": { "gp_code": "21723", "gp_name": "AMSARKOTE", "blkname": "BAGESHWAR", "dtname": "Bageshwar", "SHAPE_Area": 1026448.8949931181 }, "geometry": { "type": "Polygon", "coordinates": [ [ [ 79.7303634, 29.8488171 ], [ 79.7312244, 29.848209 ], [ 79.7320271, 29.8480705 ], [ 79.7335163, 29.8485326 ], [ 79.7365579, 29.8484758 ], [ 79.7378343, 29.8489379 ], [ 79.7388343, 29.846188 ], [ 79.7401348, 29.8447609 ], [ 79.739273, 29.8446898 ], [ 79.7388275, 29.8439995 ], [ 79.7388481, 29.8423957 ], [ 79.7393998, 29.8416472 ], [ 79.7384484, 29.8416656 ], [ 79.7373408, 29.8424083 ], [ 79.7359031, 29.8420162 ], [ 79.7353813, 29.8421503 ], [ 79.7343485, 29.8426882 ], [ 79.7344165, 29.8430431 ], [ 79.7326543, 29.8442743 ], [ 79.730802, 29.8448008 ], [ 79.7282029, 29.8446015 ], [ 79.726102, 29.8449678 ], [ 79.7252411, 29.8455059 ], [ 79.7252949, 29.8458532 ], [ 79.7238086, 29.8472503 ], [ 79.7206176, 29.8485808 ], [ 79.7233148, 29.8483356 ], [ 79.7282762, 29.8492233 ], [ 79.7303634, 29.8488171 ] ] ] } },
{ "type": "Feature", "properties": { "gp_code": "21803", "gp_name": "KHOLI", "blkname": "BAGESHWAR", "dtname": "Bageshwar", "SHAPE_Area": 1023768.3986078207 }, "geometry": { "type": "Polygon", "coordinates": [ [ [ 79.7454245, 29.8483969 ], [ 79.7422019, 29.8473325 ], [ 79.740966, 29.8463313 ], [ 79.7401348, 29.8447609 ], [ 79.738604, 29.8466291 ], [ 79.7397308, 29.8504463 ], [ 79.7381454, 29.8520925 ], [ 79.7374895, 29.8532806 ], [ 79.7371263, 29.8569372 ], [ 79.7402475, 29.8609193 ], [ 79.740946, 29.8613101 ], [ 79.7414964, 29.861236 ], [ 79.7424515, 29.8595139 ], [ 79.7428529, 29.8594346 ], [ 79.7436373, 29.8570976 ], [ 79.7429053, 29.856297 ], [ 79.7429309, 29.855038 ], [ 79.7423171, 29.8525589 ], [ 79.742777, 29.8518601 ], [ 79.7454062, 29.8498757 ], [ 79.7454245, 29.8483969 ] ] ] } },
{ "type": "Feature", "properties": { "gp_code": "21728", "gp_name": "BAHULI", "blkname": "BAGESHWAR", "dtname": "Bageshwar", "SHAPE_Area": 941875.44859200157 }, "geometry": { "type": "Polygon", "coordinates": [ [ [ 79.7504202, 29.8590154 ], [ 79.7501728, 29.8564857 ], [ 79.7487148, 29.856594 ], [ 79.7484394, 29.8520988 ], [ 79.7495341, 29.8504182 ], [ 79.7504975, 29.8503515 ], [ 79.7484512, 29.8459234 ], [ 79.7474681, 29.8450125 ], [ 79.7461503, 29.8454629 ], [ 79.7457196, 29.8480176 ], [ 79.7452033, 29.8482066 ], [ 79.7455785, 29.8489259 ], [ 79.7454062, 29.8498757 ], [ 79.742777, 29.8518601 ], [ 79.7423171, 29.8525589 ], [ 79.7429309, 29.855038 ], [ 79.7429053, 29.856297 ], [ 79.7449427, 29.8578391 ], [ 79.7504202, 29.8590154 ] ] ] } },
{ "type": "Feature", "properties": { "gp_code": "", "gp_name": "", "blkname": "BAGESHWAR", "dtname": "Bageshwar", "SHAPE_Area": 171438.48148122191 }, "geometry": { "type": "Polygon", "coordinates": [ [ [ 79.7435761, 29.8479742 ], [ 79.7457196, 29.8480176 ], [ 79.7461503, 29.8454629 ], [ 79.7437293, 29.845956 ], [ 79.7429389, 29.8457349 ], [ 79.7428602, 29.8449853 ], [ 79.7425282, 29.8447849 ], [ 79.741394, 29.8445033 ], [ 79.7401348, 29.8447609 ], [ 79.740966, 29.8463313 ], [ 79.7422019, 29.8473325 ], [ 79.7435761, 29.8479742 ] ] ] } },
{ "type": "Feature", "properties": { "gp_code": "", "gp_name": "", "blkname": "BAGESHWAR", "dtname": "Bageshwar", "SHAPE_Area": 112849.83372206712 }, "geometry": { "type": "Polygon", "coordinates": [ [ [ 79.7445661, 29.8459373 ], [ 79.7474681, 29.8450125 ], [ 79.7456132, 29.8440004 ], [ 79.7427147, 29.8439125 ], [ 79.7417387, 29.8441041 ], [ 79.741394, 29.8445033 ], [ 79.7428602, 29.8449853 ], [ 79.7431793, 29.8458851 ], [ 79.7445661, 29.8459373 ] ] ] } },
{ "type": "Feature", "properties": { "gp_code": "21851", "gp_name": "QUARRALLI", "blkname": "BAGESHWAR", "dtname": "Bageshwar", "SHAPE_Area": 1458878.3130893309 }, "geometry": { "type": "Polygon", "coordinates": [ [ [ 79.7519704, 29.8444798 ], [ 79.752999, 29.8435365 ], [ 79.7488989, 29.8411355 ], [ 79.7484512, 29.8396694 ], [ 79.7452382, 29.8396679 ], [ 79.7440025, 29.8386267 ], [ 79.7424706, 29.8389548 ], [ 79.7418592, 29.8385633 ], [ 79.7393731, 29.8383863 ], [ 79.7383998, 29.8375985 ], [ 79.7377047, 29.8356837 ], [ 79.7357017, 29.8343564 ], [ 79.7350253, 29.8344452 ], [ 79.7346749, 29.8348443 ], [ 79.7343226, 29.8361179 ], [ 79.7345263, 29.8372974 ], [ 79.7329021, 29.8384039 ], [ 79.7326717, 29.8389132 ], [ 79.7328747, 29.8404624 ], [ 79.7327346, 29.8416513 ], [ 79.7322918, 29.8423401 ], [ 79.7338438, 29.8428423 ], [ 79.7359031, 29.8420162 ], [ 79.7372032, 29.8424231 ], [ 79.7384484, 29.8416656 ], [ 79.7393998, 29.8416472 ], [ 79.7388481, 29.8423957 ], [ 79.7388275, 29.8439995 ], [ 79.739273, 29.8446898 ], [ 79.741394, 29.8445033 ], [ 79.7417387, 29.8441041 ], [ 79.7427147, 29.8439125 ], [ 79.7456132, 29.8440004 ], [ 79.7466097, 29.8443916 ], [ 79.7484514, 29.8459236 ], [ 79.7519704, 29.8444798 ] ] ] } },
{ "type": "Feature", "properties": { "gp_code": "", "gp_name": "", "blkname": "BAGESHWAR", "dtname": "Bageshwar", "SHAPE_Area": 388534.64438791591 }, "geometry": { "type": "Polygon", "coordinates": [ [ [ 79.7506562, 29.8363681 ], [ 79.7499999, 29.8343296 ], [ 79.7491553, 29.8334113 ], [ 79.7484318, 29.8333849 ], [ 79.7474705, 29.8326839 ], [ 79.7452421, 29.8294826 ], [ 79.7428574, 29.8298486 ], [ 79.7420657, 29.830277 ], [ 79.7437852, 29.8329917 ], [ 79.748337, 29.8371382 ], [ 79.7488847, 29.836608 ], [ 79.7506562, 29.8363681 ] ] ] } },
{ "type": "Feature", "properties": { "gp_code": "", "gp_name": "", "blkname": "BAGESHWAR", "dtname": "Bageshwar", "SHAPE_Area": 587863.00352101459 }, "geometry": { "type": "Polygon", "coordinates": [ [ [ 79.7443002, 29.8387771 ], [ 79.7454767, 29.8381958 ], [ 79.7476329, 29.8377907 ], [ 79.748337, 29.8371382 ], [ 79.7437852, 29.8329917 ], [ 79.7424649, 29.831237 ], [ 79.7419628, 29.8328875 ], [ 79.7412808, 29.8339247 ], [ 79.7377047, 29.8356837 ], [ 79.7383998, 29.8375985 ], [ 79.7393731, 29.8383863 ], [ 79.7418592, 29.8385633 ], [ 79.7424706, 29.8389548 ], [ 79.7436377, 29.838621 ], [ 79.7443002, 29.8387771 ] ] ] } },
{ "type": "Feature", "properties": { "gp_code": "", "gp_name": "", "blkname": "BAGESHWAR", "dtname": "Bageshwar", "SHAPE_Area": 255031.30422225647 }, "geometry": { "type": "Polygon", "coordinates": [ [ [ 79.7345263, 29.8372974 ], [ 79.7338125, 29.836127 ], [ 79.7330968, 29.8358111 ], [ 79.729798, 29.8374594 ], [ 79.7282861, 29.8369772 ], [ 79.7313814, 29.8419388 ], [ 79.7322918, 29.8423401 ], [ 79.7327346, 29.8416513 ], [ 79.7328747, 29.8404624 ], [ 79.7326717, 29.8389132 ], [ 79.7329021, 29.8384039 ], [ 79.7345263, 29.8372974 ] ] ] } },
{ "type": "Feature", "properties": { "gp_code": "", "gp_name": "", "blkname": "BAGESHWAR", "dtname": "Bageshwar", "SHAPE_Area": 946699.07556618087 }, "geometry": { "type": "Polygon", "coordinates": [ [ [ 79.7343485, 29.8426882 ], [ 79.7335228, 29.8428617 ], [ 79.7313814, 29.8419388 ], [ 79.7282861, 29.8369772 ], [ 79.7280753, 29.8363823 ], [ 79.7285211, 29.8356436 ], [ 79.7264223, 29.8336764 ], [ 79.725703, 29.8324161 ], [ 79.7247743, 29.8334433 ], [ 79.7216582, 29.8344727 ], [ 79.7210695, 29.8363204 ], [ 79.722338, 29.8379614 ], [ 79.7223015, 29.8389107 ], [ 79.7240334, 29.8396631 ], [ 79.726151, 29.8411873 ], [ 79.7280017, 29.8437819 ], [ 79.7295527, 29.8447538 ], [ 79.730802, 29.8448008 ], [ 79.7326543, 29.8442743 ], [ 79.7344165, 29.8430431 ], [ 79.7343485, 29.8426882 ] ] ] } },
{ "type": "Feature", "properties": { "gp_code": "21829", "gp_name": "NAIL", "blkname": "BAGESHWAR", "dtname": "Bageshwar", "SHAPE_Area": 940562.8647615579 }, "geometry": { "type": "Polygon", "coordinates": [ [ [ 79.726102, 29.8449678 ], [ 79.7295527, 29.8447538 ], [ 79.7280017, 29.8437819 ], [ 79.726151, 29.8411873 ], [ 79.7240334, 29.8396631 ], [ 79.7223015, 29.8389107 ], [ 79.7216012, 29.8393891 ], [ 79.7200786, 29.8385971 ], [ 79.7183485, 29.8383043 ], [ 79.7146231, 29.8384402 ], [ 79.7132152, 29.8376083 ], [ 79.7121316, 29.8387298 ], [ 79.7103615, 29.838964 ], [ 79.7106321, 29.8396765 ], [ 79.7155971, 29.8422566 ], [ 79.7155985, 29.8416721 ], [ 79.7176157, 29.8417156 ], [ 79.7232332, 29.8451967 ], [ 79.7252411, 29.8455059 ], [ 79.726102, 29.8449678 ] ] ] } },
{ "type": "Feature", "properties": { "gp_code": "259984", "gp_name": "BHAAYERI", "blkname": "BAGESHWAR", "dtname": "Bageshwar", "SHAPE_Area": 611587.52409896581 }, "geometry": { "type": "Polygon", "coordinates": [ [ [ 79.7287801, 29.8266928 ], [ 79.7251158, 29.8259146 ], [ 79.7227232, 29.8272696 ], [ 79.7246744, 29.8289989 ], [ 79.7258965, 29.833006 ], [ 79.728012, 29.835228 ], [ 79.7291571, 29.8356896 ], [ 79.7297601, 29.835141 ], [ 79.729958, 29.8342807 ], [ 79.7298644, 29.8293752 ], [ 79.7301655, 29.8279767 ], [ 79.7287801, 29.8266928 ] ] ] } },
{ "type": "Feature", "properties": { "gp_code": "21753", "gp_name": "CHAMI", "blkname": "BAGESHWAR", "dtname": "Bageshwar", "SHAPE_Area": 471152.92249829526 }, "geometry": { "type": "Polygon", "coordinates": [ [ [ 79.7345263, 29.8372974 ], [ 79.7343226, 29.8361179 ], [ 79.7350253, 29.8344452 ], [ 79.7333083, 29.8334231 ], [ 79.7323251, 29.8322623 ], [ 79.7321907, 29.8306493 ], [ 79.7341526, 29.8285779 ], [ 79.7297771, 29.8274064 ], [ 79.7301655, 29.8279767 ], [ 79.7298644, 29.8293752 ], [ 79.729958, 29.8342807 ], [ 79.7295187, 29.8354404 ], [ 79.728168, 29.8359627 ], [ 79.7282861, 29.8369772 ], [ 79.729798, 29.8374594 ], [ 79.7330968, 29.8358111 ], [ 79.7338125, 29.836127 ], [ 79.7345263, 29.8372974 ] ] ] } },
{ "type": "Feature", "properties": { "gp_code": "21868", "gp_name": "SYUNI", "blkname": "BAGESHWAR", "dtname": "Bageshwar", "SHAPE_Area": 4964744.5388643881 }, "geometry": { "type": "Polygon", "coordinates": [ [ [ 79.7377047, 29.8356837 ], [ 79.7412808, 29.8339247 ], [ 79.7419628, 29.8328875 ], [ 79.7424649, 29.831237 ], [ 79.7424206, 29.8304974 ], [ 79.7420657, 29.830277 ], [ 79.7428574, 29.8298486 ], [ 79.7452421, 29.8294826 ], [ 79.7452559, 29.828684 ], [ 79.7434497, 29.8261221 ], [ 79.7402323, 29.824668 ], [ 79.7393632, 29.8237922 ], [ 79.7378293, 29.8229303 ], [ 79.7373718, 29.8224948 ], [ 79.7371447, 29.8215051 ], [ 79.7351632, 29.8199571 ], [ 79.7296648, 29.8171907 ], [ 79.7273856, 29.8166273 ], [ 79.7267564, 29.8161315 ], [ 79.7256095, 29.8165443 ], [ 79.7237143, 29.8184498 ], [ 79.7231535, 29.8181391 ], [ 79.721778, 29.8182566 ], [ 79.7212883, 29.8168767 ], [ 79.7207409, 29.8166823 ], [ 79.7184663, 29.818141 ], [ 79.7175426, 29.8180345 ], [ 79.7160931, 29.818574 ], [ 79.7137951, 29.8199191 ], [ 79.7112384, 29.8202098 ], [ 79.7101137, 29.8198251 ], [ 79.7081373, 29.8208433 ], [ 79.707096, 29.8201569 ], [ 79.7058796, 29.8202836 ], [ 79.7032383, 29.8183511 ], [ 79.7026655, 29.8182501 ], [ 79.7018088, 29.8189039 ], [ 79.7065415, 29.8231913 ], [ 79.7089903, 29.8260063 ], [ 79.7117304, 29.825992 ], [ 79.7149498, 29.8266701 ], [ 79.7178983, 29.8268533 ], [ 79.7202789, 29.8273519 ], [ 79.7212528, 29.8280063 ], [ 79.7257005, 29.8258357 ], [ 79.7287801, 29.8266928 ], [ 79.7297771, 29.8274064 ], [ 79.7341526, 29.8285779 ], [ 79.7321907, 29.8306493 ], [ 79.7323251, 29.8322623 ], [ 79.7333083, 29.8334231 ], [ 79.7350253, 29.8344452 ], [ 79.7357017, 29.8343564 ], [ 79.7377047, 29.8356837 ] ] ] } },
{ "type": "Feature", "properties": { "gp_code": "21787", "gp_name": "JHIROULI", "blkname": "BAGESHWAR", "dtname": "Bageshwar", "SHAPE_Area": 96840.285377312277 }, "geometry": { "type": "Polygon", "coordinates": [ [ [ 79.7212528, 29.8280063 ], [ 79.7202789, 29.8273519 ], [ 79.7169006, 29.8266933 ], [ 79.7180228, 29.829802 ], [ 79.7212528, 29.8280063 ] ] ] } },
{ "type": "Feature", "properties": { "gp_code": "259935", "gp_name": "FALYAATI", "blkname": "BAGESHWAR", "dtname": "Bageshwar", "SHAPE_Area": 2110199.8390306132 }, "geometry": { "type": "Polygon", "coordinates": [ [ [ 79.7500992, 29.8230886 ], [ 79.7493815, 29.8227606 ], [ 79.7471814, 29.8227403 ], [ 79.7462178, 29.8204453 ], [ 79.7466095, 29.8194466 ], [ 79.7464728, 29.8190367 ], [ 79.7451797, 29.8180953 ], [ 79.744263, 29.8180639 ], [ 79.7412912, 29.819818 ], [ 79.7402592, 29.8200562 ], [ 79.7380145, 29.819353 ], [ 79.7306425, 29.8155734 ], [ 79.7301459, 29.8147082 ], [ 79.7308578, 29.8140698 ], [ 79.7336088, 29.8137496 ], [ 79.7342121, 29.8125049 ], [ 79.7369692, 29.8124859 ], [ 79.7376705, 29.8113878 ], [ 79.7375353, 29.8103083 ], [ 79.7369082, 29.8094054 ], [ 79.7335017, 29.8076534 ], [ 79.7316343, 29.8074505 ], [ 79.7288789, 29.8082096 ], [ 79.729525, 29.810435 ], [ 79.7293618, 29.8116739 ], [ 79.7289229, 29.8132521 ], [ 79.7268236, 29.8142379 ], [ 79.7267564, 29.8161315 ], [ 79.7273856, 29.8166273 ], [ 79.7296648, 29.8171907 ], [ 79.7335276, 29.8189382 ], [ 79.7351632, 29.8199571 ], [ 79.7371447, 29.8215051 ], [ 79.7373718, 29.8224948 ], [ 79.7378293, 29.8229303 ], [ 79.7393632, 29.8237922 ], [ 79.7402323, 29.824668 ], [ 79.7434497, 29.8261221 ], [ 79.7440445, 29.8266827 ], [ 79.7452559, 29.828684 ], [ 79.7452421, 29.8294826 ], [ 79.746954, 29.8276727 ], [ 79.7491556, 29.8270234 ], [ 79.751901, 29.8266914 ], [ 79.7513433, 29.8256641 ], [ 79.7505636, 29.8251182 ], [ 79.7505661, 29.823879 ], [ 79.7500992, 29.8230886 ] ] ] } },
{ "type": "Feature", "properties": { "gp_code": "21788", "gp_name": "JOLKANDAY", "blkname": "BAGESHWAR", "dtname": "Bageshwar", "SHAPE_Area": 3703305.9476746228 }, "geometry": { "type": "Polygon", "coordinates": [ [ [ 79.7583775, 29.81865 ], [ 79.7607484, 29.8164406 ], [ 79.7605518, 29.8149112 ], [ 79.7594858, 29.8132561 ], [ 79.7588077, 29.8127657 ], [ 79.7569372, 29.8125839 ], [ 79.7548376, 29.8136097 ], [ 79.7519581, 29.8134685 ], [ 79.7493513, 29.8124078 ], [ 79.7484515, 29.812771 ], [ 79.7475874, 29.8123831 ], [ 79.745262, 29.8091554 ], [ 79.7445371, 29.8047769 ], [ 79.7423513, 29.8061138 ], [ 79.7405967, 29.8067805 ], [ 79.7369082, 29.8094054 ], [ 79.7375353, 29.8103083 ], [ 79.7376705, 29.8113878 ], [ 79.7369692, 29.8124859 ], [ 79.7342121, 29.8125049 ], [ 79.7336088, 29.8137496 ], [ 79.7308578, 29.8140698 ], [ 79.7301459, 29.8147082 ], [ 79.7306425, 29.8155734 ], [ 79.7318785, 29.816315 ], [ 79.7380145, 29.819353 ], [ 79.7402592, 29.8200562 ], [ 79.7412912, 29.819818 ], [ 79.744263, 29.8180639 ], [ 79.7451797, 29.8180953 ], [ 79.7464728, 29.8190367 ], [ 79.7466095, 29.8194466 ], [ 79.7462178, 29.8204453 ], [ 79.7486209, 29.8210345 ], [ 79.7500023, 29.8217826 ], [ 79.7512165, 29.8230037 ], [ 79.7534058, 29.8237894 ], [ 79.7577823, 29.8240446 ], [ 79.7572703, 29.8234347 ], [ 79.7570724, 29.8225393 ], [ 79.7581013, 29.8213349 ], [ 79.7581881, 29.8206886 ], [ 79.7576756, 29.8203149 ], [ 79.7583775, 29.81865 ] ] ] } },
{ "type": "Feature", "properties": { "gp_code": "", "gp_name": "", "blkname": "BAGESHWAR", "dtname": "Bageshwar", "SHAPE_Area": 4792081.6232034853 }, "geometry": { "type": "Polygon", "coordinates": [ [ [ 79.7608389, 29.8377303 ], [ 79.7590494, 29.8340852 ], [ 79.761631, 29.8337037 ], [ 79.7629868, 29.8330592 ], [ 79.7611207, 29.8316647 ], [ 79.7612243, 29.8312168 ], [ 79.7620576, 29.8308416 ], [ 79.7621077, 29.830497 ], [ 79.7613975, 29.8272388 ], [ 79.7626972, 29.8261094 ], [ 79.764337, 29.8260123 ], [ 79.7647514, 29.8255156 ], [ 79.7645537, 29.8245332 ], [ 79.7632997, 29.8226856 ], [ 79.7624057, 29.8220188 ], [ 79.7609985, 29.8197808 ], [ 79.7609128, 29.8191332 ], [ 79.7620987, 29.8185747 ], [ 79.7633575, 29.8188961 ], [ 79.7637667, 29.818602 ], [ 79.7645414, 29.816067 ], [ 79.766638, 29.8156225 ], [ 79.767577, 29.816606 ], [ 79.7677448, 29.818384 ], [ 79.7673567, 29.8200245 ], [ 79.7700488, 29.8196958 ], [ 79.7710264, 29.8191863 ], [ 79.7711753, 29.8178665 ], [ 79.7705918, 29.8165457 ], [ 79.7697628, 29.8159484 ], [ 79.7702529, 29.8150124 ], [ 79.7698659, 29.8130532 ], [ 79.771771, 29.8126301 ], [ 79.7724575, 29.811013 ], [ 79.7689562, 29.8071869 ], [ 79.7678296, 29.8053858 ], [ 79.7654372, 29.805425 ], [ 79.7634361, 29.8050814 ], [ 79.7603631, 29.8035866 ], [ 79.7591297, 29.8033126 ], [ 79.7563512, 29.807796 ], [ 79.7544457, 29.8084744 ], [ 79.7527368, 29.8085144 ], [ 79.7502972, 29.8077016 ], [ 79.7445371, 29.8047769 ], [ 79.745262, 29.8091554 ], [ 79.7475874, 29.8123831 ], [ 79.7484515, 29.812771 ], [ 79.7493513, 29.8124078 ], [ 79.7519581, 29.8134685 ], [ 79.7548376, 29.8136097 ], [ 79.7569372, 29.8125839 ], [ 79.7588077, 29.8127657 ], [ 79.7594858, 29.8132561 ], [ 79.7605518, 29.8149112 ], [ 79.7607484, 29.8164406 ], [ 79.7583775, 29.81865 ], [ 79.7576756, 29.8203149 ], [ 79.7581881, 29.8206886 ], [ 79.7581013, 29.8213349 ], [ 79.7570724, 29.8225393 ], [ 79.7572703, 29.8234347 ], [ 79.7583517, 29.8245303 ], [ 79.7578081, 29.8254495 ], [ 79.7536133, 29.8287283 ], [ 79.7560981, 29.8339782 ], [ 79.7539714, 29.8344478 ], [ 79.7570599, 29.8379361 ], [ 79.7608389, 29.8377303 ] ] ] } },
{ "type": "Feature", "properties": { "gp_code": "21723", "gp_name": "AMSARKOTE", "blkname": "BAGESHWAR", "dtname": "Bageshwar", "SHAPE_Area": 394863.91245924582 }, "geometry": { "type": "Polygon", "coordinates": [ [ [ 79.7512165, 29.8230037 ], [ 79.7500023, 29.8217826 ], [ 79.7486209, 29.8210345 ], [ 79.7462178, 29.8204453 ], [ 79.7471814, 29.8227403 ], [ 79.7493815, 29.8227606 ], [ 79.7500992, 29.8230886 ], [ 79.7505661, 29.823879 ], [ 79.7505636, 29.8251182 ], [ 79.7513433, 29.8256641 ], [ 79.753242, 29.82618 ], [ 79.7541954, 29.828179 ], [ 79.7578081, 29.8254495 ], [ 79.7583517, 29.8245303 ], [ 79.7577823, 29.8240446 ], [ 79.7534058, 29.8237894 ], [ 79.7512165, 29.8230037 ] ] ] } },
{ "type": "Feature", "properties": { "gp_code": "", "gp_name": "", "blkname": "BAGESHWAR", "dtname": "Bageshwar", "SHAPE_Area": 891763.69358017819 }, "geometry": { "type": "Polygon", "coordinates": [ [ [ 79.7539714, 29.8344478 ], [ 79.7560981, 29.8339782 ], [ 79.7536373, 29.8291566 ], [ 79.7536133, 29.8287283 ], [ 79.7541954, 29.828179 ], [ 79.753242, 29.82618 ], [ 79.7513433, 29.8256641 ], [ 79.751901, 29.8266914 ], [ 79.7491556, 29.8270234 ], [ 79.746954, 29.8276727 ], [ 79.7452421, 29.8294826 ], [ 79.7474705, 29.8326839 ], [ 79.7484318, 29.8333849 ], [ 79.7491553, 29.8334113 ], [ 79.7499999, 29.8343296 ], [ 79.7506562, 29.8363681 ], [ 79.7518587, 29.8362375 ], [ 79.7539714, 29.8344478 ] ] ] } },
{ "type": "Feature", "properties": { "gp_code": "", "gp_name": "", "blkname": "BAGESHWAR", "dtname": "Bageshwar", "SHAPE_Area": 479895.02200089517 }, "geometry": { "type": "Polygon", "coordinates": [ [ [ 79.7551139, 29.8413145 ], [ 79.7534965, 29.8404965 ], [ 79.7525532, 29.8383146 ], [ 79.7513144, 29.8374674 ], [ 79.7506562, 29.8363681 ], [ 79.7488847, 29.836608 ], [ 79.7476329, 29.8377907 ], [ 79.7454767, 29.8381958 ], [ 79.7443002, 29.8387771 ], [ 79.7452382, 29.8396679 ], [ 79.7484512, 29.8396694 ], [ 79.7488989, 29.8411355 ], [ 79.752999, 29.8435365 ], [ 79.7538263, 29.8434135 ], [ 79.7547982, 29.8422837 ], [ 79.7551139, 29.8413145 ] ] ] } },
{ "type": "Feature", "properties": { "gp_code": "21803", "gp_name": "KHOLI", "blkname": "BAGESHWAR", "dtname": "Bageshwar", "SHAPE_Area": 366646.9580954453 }, "geometry": { "type": "Polygon", "coordinates": [ [ [ 79.7582826, 29.8397405 ], [ 79.7539714, 29.8344478 ], [ 79.7518587, 29.8362375 ], [ 79.7506562, 29.8363681 ], [ 79.7513144, 29.8374674 ], [ 79.7525532, 29.8383146 ], [ 79.7534965, 29.8404965 ], [ 79.7551139, 29.8413145 ], [ 79.7582826, 29.8397405 ] ] ] } },
{ "type": "Feature", "properties": { "gp_code": "", "gp_name": "", "blkname": "BAGESHWAR", "dtname": "Bageshwar", "SHAPE_Area": 107460.0211230188 }, "geometry": { "type": "Polygon", "coordinates": [ [ [ 79.7608389, 29.8377303 ], [ 79.7570599, 29.8379361 ], [ 79.7582826, 29.8397405 ], [ 79.7598366, 29.839892 ], [ 79.7611624, 29.84049 ], [ 79.7612937, 29.8385266 ], [ 79.7608389, 29.8377303 ] ] ] } },
{ "type": "Feature", "properties": { "gp_code": "", "gp_name": "", "blkname": "BAGESHWAR", "dtname": "Bageshwar", "SHAPE_Area": 869198.82041270833 }, "geometry": { "type": "Polygon", "coordinates": [ [ [ 79.7642339, 29.8444732 ], [ 79.7634369, 29.843664 ], [ 79.7632209, 29.8428841 ], [ 79.7632997, 29.8408916 ], [ 79.7582826, 29.8397405 ], [ 79.7551139, 29.8413145 ], [ 79.7547982, 29.8422837 ], [ 79.7538263, 29.8434135 ], [ 79.752999, 29.8435365 ], [ 79.7519704, 29.8444798 ], [ 79.7543894, 29.847094 ], [ 79.7599652, 29.8470403 ], [ 79.7616641, 29.8460234 ], [ 79.7629195, 29.8457642 ], [ 79.7642339, 29.8444732 ] ] ] } },
{ "type": "Feature", "properties": { "gp_code": "", "gp_name": "", "blkname": "BAGESHWAR", "dtname": "Bageshwar", "SHAPE_Area": 132953.92737520137 }, "geometry": { "type": "Polygon", "coordinates": [ [ [ 79.7640202, 29.8369518 ], [ 79.7625235, 29.8366886 ], [ 79.7608389, 29.8377303 ], [ 79.7612937, 29.8385266 ], [ 79.7611624, 29.84049 ], [ 79.7632997, 29.8408916 ], [ 79.7640202, 29.8369518 ] ] ] } },
{ "type": "Feature", "properties": { "gp_code": "21723", "gp_name": "AMSARKOTE", "blkname": "BAGESHWAR", "dtname": "Bageshwar", "SHAPE_Area": 151477.68039674652 }, "geometry": { "type": "Polygon", "coordinates": [ [ [ 79.7608389, 29.8377303 ], [ 79.7625235, 29.8366886 ], [ 79.763707, 29.8367152 ], [ 79.7626374, 29.8341486 ], [ 79.7620162, 29.8335799 ], [ 79.7590494, 29.8340852 ], [ 79.7608389, 29.8377303 ] ] ] } },
{ "type": "Feature", "properties": { "gp_code": "21788", "gp_name": "JOLKANDAY", "blkname": "BAGESHWAR", "dtname": "Bageshwar", "SHAPE_Area": 140729.52066390327 }, "geometry": { "type": "Polygon", "coordinates": [ [ [ 79.7665847, 29.8305532 ], [ 79.7621077, 29.830497 ], [ 79.7620576, 29.8308416 ], [ 79.7610799, 29.8314854 ], [ 79.7629868, 29.8330592 ], [ 79.765455, 29.832292 ], [ 79.766683, 29.8313738 ], [ 79.7665847, 29.8305532 ] ] ] } },
{ "type": "Feature", "properties": { "gp_code": "", "gp_name": "", "blkname": "BAGESHWAR", "dtname": "Bageshwar", "SHAPE_Area": 523406.56587606377 }, "geometry": { "type": "Polygon", "coordinates": [ [ [ 79.773768, 29.8301904 ], [ 79.7693044, 29.8265481 ], [ 79.7654531, 29.8272359 ], [ 79.7623795, 29.8281975 ], [ 79.7617096, 29.8280846 ], [ 79.7621077, 29.830497 ], [ 79.7678962, 29.8306794 ], [ 79.7697341, 29.8314528 ], [ 79.7713024, 29.8315296 ], [ 79.7719874, 29.8311825 ], [ 79.772288, 29.8305738 ], [ 79.773768, 29.8301904 ] ] ] } },
{ "type": "Feature", "properties": { "gp_code": "", "gp_name": "", "blkname": "BAGESHWAR", "dtname": "Bageshwar", "SHAPE_Area": 222114.33074241219 }, "geometry": { "type": "Polygon", "coordinates": [ [ [ 79.7713024, 29.8315296 ], [ 79.7697341, 29.8314528 ], [ 79.7678962, 29.8306794 ], [ 79.7665847, 29.8305532 ], [ 79.766683, 29.8313738 ], [ 79.765455, 29.832292 ], [ 79.7681577, 29.8356773 ], [ 79.7692575, 29.8346844 ], [ 79.7713024, 29.8315296 ] ] ] } },
{ "type": "Feature", "properties": { "gp_code": "", "gp_name": "", "blkname": "BAGESHWAR", "dtname": "Bageshwar", "SHAPE_Area": 567350.34972839151 }, "geometry": { "type": "Polygon", "coordinates": [ [ [ 79.7675323, 29.8421782 ], [ 79.7679334, 29.8412215 ], [ 79.7695596, 29.8397927 ], [ 79.769549, 29.8389116 ], [ 79.7711773, 29.8374718 ], [ 79.7718045, 29.8375721 ], [ 79.7727012, 29.838456 ], [ 79.772999, 29.8393267 ], [ 79.7735122, 29.8394268 ], [ 79.7738446, 29.8384736 ], [ 79.7740455, 29.8353501 ], [ 79.7740222, 29.8309368 ], [ 79.773768, 29.8301904 ], [ 79.772288, 29.8305738 ], [ 79.7719874, 29.8311825 ], [ 79.7713024, 29.8315296 ], [ 79.7692575, 29.8346844 ], [ 79.7681577, 29.8356773 ], [ 79.7699815, 29.8363885 ], [ 79.7701233, 29.8368239 ], [ 79.7685672, 29.8378162 ], [ 79.7661817, 29.8400256 ], [ 79.7671184, 29.8423516 ], [ 79.7675323, 29.8421782 ] ] ] } },
{ "type": "Feature", "properties": { "gp_code": "", "gp_name": "", "blkname": "BAGESHWAR", "dtname": "Bageshwar", "SHAPE_Area": 260268.96442931431 }, "geometry": { "type": "Polygon", "coordinates": [ [ [ 79.7681577, 29.8356773 ], [ 79.765455, 29.832292 ], [ 79.7639996, 29.8328369 ], [ 79.7648489, 29.8336541 ], [ 79.7655223, 29.8363032 ], [ 79.7657262, 29.8396022 ], [ 79.7661817, 29.8400256 ], [ 79.7685672, 29.8378162 ], [ 79.7701233, 29.8368239 ], [ 79.7699815, 29.8363885 ], [ 79.7681577, 29.8356773 ] ] ] } },
{ "type": "Feature", "properties": { "gp_code": "", "gp_name": "", "blkname": "BAGESHWAR", "dtname": "Bageshwar", "SHAPE_Area": 234447.18085643955 }, "geometry": { "type": "Polygon", "coordinates": [ [ [ 79.7661817, 29.8400256 ], [ 79.7657262, 29.8396022 ], [ 79.7655223, 29.8363032 ], [ 79.7648489, 29.8336541 ], [ 79.7639996, 29.8328369 ], [ 79.7620162, 29.8335799 ], [ 79.7626374, 29.8341486 ], [ 79.7640202, 29.8369518 ], [ 79.7632997, 29.8408916 ], [ 79.7651397, 29.8406208 ], [ 79.7661817, 29.8400256 ] ] ] } },
{ "type": "Feature", "properties": { "gp_code": "", "gp_name": "", "blkname": "BAGESHWAR", "dtname": "Bageshwar", "SHAPE_Area": 149213.77230442496 }, "geometry": { "type": "Polygon", "coordinates": [ [ [ 79.7671184, 29.8423516 ], [ 79.7661817, 29.8400256 ], [ 79.7651397, 29.8406208 ], [ 79.7632997, 29.8408916 ], [ 79.7632209, 29.8428841 ], [ 79.7634369, 29.843664 ], [ 79.7642339, 29.8444732 ], [ 79.7654339, 29.8433313 ], [ 79.7671184, 29.8423516 ] ] ] } },
{ "type": "Feature", "properties": { "gp_code": "", "gp_name": "", "blkname": "BAGESHWAR", "dtname": "Bageshwar", "SHAPE_Area": 275007.76283611136 }, "geometry": { "type": "Polygon", "coordinates": [ [ [ 79.7733252, 29.8402595 ], [ 79.7735122, 29.8394268 ], [ 79.772999, 29.8393267 ], [ 79.7727012, 29.838456 ], [ 79.7718045, 29.8375721 ], [ 79.7711773, 29.8374718 ], [ 79.769549, 29.8389116 ], [ 79.7695596, 29.8397927 ], [ 79.7679334, 29.8412215 ], [ 79.7675323, 29.8421782 ], [ 79.7685144, 29.8431617 ], [ 79.7686404, 29.8443801 ], [ 79.7689683, 29.8444428 ], [ 79.769455, 29.8434365 ], [ 79.7716107, 29.842097 ], [ 79.7720618, 29.8412377 ], [ 79.7733252, 29.8402595 ] ] ] } },
{ "type": "Feature", "properties": { "gp_code": "", "gp_name": "", "blkname": "BAGESHWAR", "dtname": "Bageshwar", "SHAPE_Area": 332615.09892614116 }, "geometry": { "type": "Polygon", "coordinates": [ [ [ 79.77123, 29.8474388 ], [ 79.7737262, 29.8471191 ], [ 79.7739166, 29.8455821 ], [ 79.7753325, 29.844146 ], [ 79.7764988, 29.8437168 ], [ 79.7733252, 29.8402595 ], [ 79.7720618, 29.8412377 ], [ 79.7716107, 29.842097 ], [ 79.769455, 29.8434365 ], [ 79.7689683, 29.8444428 ], [ 79.7692531, 29.8446669 ], [ 79.7710367, 29.8440479 ], [ 79.7721057, 29.8443105 ], [ 79.7721667, 29.8450226 ], [ 79.7710879, 29.8471931 ], [ 79.77123, 29.8474388 ] ] ] } },
{ "type": "Feature", "properties": { "gp_code": "", "gp_name": "", "blkname": "BAGESHWAR", "dtname": "Bageshwar", "SHAPE_Area": 91500.390884212364 }, "geometry": { "type": "Polygon", "coordinates": [ [ [ 79.7756089, 29.8390568 ], [ 79.7756111, 29.8378634 ], [ 79.7760264, 29.8368943 ], [ 79.7740196, 29.83489 ], [ 79.7738446, 29.8384736 ], [ 79.7735122, 29.8394268 ], [ 79.7756089, 29.8390568 ] ] ] } },
{ "type": "Feature", "properties": { "gp_code": "21803", "gp_name": "KHOLI", "blkname": "BAGESHWAR", "dtname": "Bageshwar", "SHAPE_Area": 235681.44509227076 }, "geometry": { "type": "Polygon", "coordinates": [ [ [ 79.7782023, 29.8301966 ], [ 79.773768, 29.8301904 ], [ 79.7740222, 29.8309368 ], [ 79.7739775, 29.8344797 ], [ 79.7771019, 29.8335641 ], [ 79.7796135, 29.8323741 ], [ 79.7786455, 29.8314901 ], [ 79.7782023, 29.8301966 ] ] ] } },
{ "type": "Feature", "properties": { "gp_code": "", "gp_name": "", "blkname": "BAGESHWAR", "dtname": "Bageshwar", "SHAPE_Area": 179460.8474050065 }, "geometry": { "type": "Polygon", "coordinates": [ [ [ 79.7778965, 29.8179258 ], [ 79.777142, 29.8172907 ], [ 79.7754174, 29.821151 ], [ 79.7742439, 29.822001 ], [ 79.7729695, 29.8224443 ], [ 79.7752625, 29.823815 ], [ 79.7772437, 29.8241285 ], [ 79.7769998, 29.8216205 ], [ 79.7778518, 29.8189949 ], [ 79.7778965, 29.8179258 ] ] ] } },
{ "type": "Feature", "properties": { "gp_code": "", "gp_name": "", "blkname": "BAGESHWAR", "dtname": "Bageshwar", "SHAPE_Area": 747504.50149879232 }, "geometry": { "type": "Polygon", "coordinates": [ [ [ 79.7772437, 29.8241285 ], [ 79.7752625, 29.823815 ], [ 79.7729695, 29.8224443 ], [ 79.7696181, 29.8229741 ], [ 79.7692977, 29.8265416 ], [ 79.773768, 29.8301904 ], [ 79.7782023, 29.8301966 ], [ 79.777998, 29.8249003 ], [ 79.7772437, 29.8241285 ] ] ] } },
{ "type": "Feature", "properties": { "gp_code": "", "gp_name": "", "blkname": "BAGESHWAR", "dtname": "Bageshwar", "SHAPE_Area": 366734.36083823151 }, "geometry": { "type": "Polygon", "coordinates": [ [ [ 79.7693044, 29.8265481 ], [ 79.7696181, 29.8229741 ], [ 79.7632997, 29.8226856 ], [ 79.7645537, 29.8245332 ], [ 79.7647514, 29.8255156 ], [ 79.764337, 29.8260123 ], [ 79.7626972, 29.8261094 ], [ 79.7613975, 29.8272388 ], [ 79.7617096, 29.8280846 ], [ 79.7623795, 29.8281975 ], [ 79.7654531, 29.8272359 ], [ 79.7693044, 29.8265481 ] ] ] } },
{ "type": "Feature", "properties": { "gp_code": "", "gp_name": "", "blkname": "BAGESHWAR", "dtname": "Bageshwar", "SHAPE_Area": 513791.00770477223 }, "geometry": { "type": "Polygon", "coordinates": [ [ [ 79.7696181, 29.8229741 ], [ 79.7683847, 29.8217798 ], [ 79.7673567, 29.8200245 ], [ 79.7677448, 29.818384 ], [ 79.767577, 29.816606 ], [ 79.766638, 29.8156225 ], [ 79.7645414, 29.816067 ], [ 79.7637667, 29.818602 ], [ 79.7633575, 29.8188961 ], [ 79.7620987, 29.8185747 ], [ 79.7609128, 29.8191332 ], [ 79.7609985, 29.8197808 ], [ 79.7624057, 29.8220188 ], [ 79.7632997, 29.8226856 ], [ 79.7696181, 29.8229741 ] ] ] } },
{ "type": "Feature", "properties": { "gp_code": "", "gp_name": "", "blkname": "BAGESHWAR", "dtname": "Bageshwar", "SHAPE_Area": 2264173.0645518848 }, "geometry": { "type": "Polygon", "coordinates": [ [ [ 79.7696181, 29.8229741 ], [ 79.7742439, 29.822001 ], [ 79.7754174, 29.821151 ], [ 79.7759071, 29.8203853 ], [ 79.777142, 29.8172907 ], [ 79.7774784, 29.8155334 ], [ 79.7784571, 29.8143425 ], [ 79.7795843, 29.8120448 ], [ 79.7827654, 29.8078336 ], [ 79.7822798, 29.8063853 ], [ 79.7829672, 29.804172 ], [ 79.7847925, 29.803004 ], [ 79.7841679, 29.8027807 ], [ 79.7818973, 29.8029333 ], [ 79.7786948, 29.8035408 ], [ 79.7776737, 29.8039399 ], [ 79.7759997, 29.805684 ], [ 79.7745705, 29.806038 ], [ 79.7703501, 29.8053285 ], [ 79.7703865, 29.8062768 ], [ 79.7696594, 29.806298 ], [ 79.7689562, 29.8071869 ], [ 79.7724575, 29.811013 ], [ 79.771771, 29.8126301 ], [ 79.7698659, 29.8130532 ], [ 79.7702529, 29.8150124 ], [ 79.7697628, 29.8159484 ], [ 79.7705918, 29.8165457 ], [ 79.7711753, 29.8178665 ], [ 79.7710264, 29.8191863 ], [ 79.7700488, 29.8196958 ], [ 79.7673567, 29.8200245 ], [ 79.7683847, 29.8217798 ], [ 79.7696181, 29.8229741 ] ] ] } },
{ "type": "Feature", "properties": { "gp_code": "243099", "gp_name": "KHARKTAMTA", "blkname": "BAGESHWAR", "dtname": "Bageshwar", "SHAPE_Area": 955125.38555289828 }, "geometry": { "type": "Polygon", "coordinates": [ [ [ 79.7722878, 29.7920409 ], [ 79.7729256, 29.7909611 ], [ 79.7779051, 29.7888116 ], [ 79.7798968, 29.7875573 ], [ 79.7793762, 29.7863218 ], [ 79.7783398, 29.7856961 ], [ 79.7752711, 29.785582 ], [ 79.7741372, 29.785002 ], [ 79.7721351, 29.7830049 ], [ 79.7708913, 29.7836766 ], [ 79.7702444, 29.7867319 ], [ 79.7686609, 29.7878754 ], [ 79.7662503, 29.7880054 ], [ 79.7663475, 29.7905863 ], [ 79.7683839, 29.7927473 ], [ 79.7698701, 29.7919786 ], [ 79.7709854, 29.7928511 ], [ 79.7721073, 29.7930641 ], [ 79.7722878, 29.7920409 ] ] ] } },
{ "type": "Feature", "properties": { "gp_code": "", "gp_name": "", "blkname": "BAGESHWAR", "dtname": "Bageshwar", "SHAPE_Area": 181875.19007987133 }, "geometry": { "type": "Polygon", "coordinates": [ [ [ 79.7702444, 29.7867319 ], [ 79.7681423, 29.7856164 ], [ 79.7670609, 29.7842355 ], [ 79.7661694, 29.7836224 ], [ 79.765055, 29.7862016 ], [ 79.7650528, 29.7873696 ], [ 79.766824, 29.7881397 ], [ 79.7686609, 29.7878754 ], [ 79.7702444, 29.7867319 ] ] ] } },
{ "type": "Feature", "properties": { "gp_code": "243085", "gp_name": "SAKIRA", "blkname": "BAGESHWAR", "dtname": "Bageshwar", "SHAPE_Area": 522567.61042431724 }, "geometry": { "type": "Polygon", "coordinates": [ [ [ 79.7661694, 29.7836224 ], [ 79.7661871, 29.7810193 ], [ 79.7665345, 29.7793623 ], [ 79.7659764, 29.7778263 ], [ 79.7624701, 29.7775431 ], [ 79.7634126, 29.7781452 ], [ 79.7636157, 29.7786572 ], [ 79.7623226, 29.7804677 ], [ 79.76199, 29.7818253 ], [ 79.7613174, 29.7827022 ], [ 79.7599478, 29.7827789 ], [ 79.7605689, 29.7847155 ], [ 79.7617182, 29.7856326 ], [ 79.7650528, 29.7873696 ], [ 79.765055, 29.7862016 ], [ 79.7661694, 29.7836224 ] ] ] } },
{ "type": "Feature", "properties": { "gp_code": "21756", "gp_name": "CHOUGAONCHINA", "blkname": "BAGESHWAR", "dtname": "Bageshwar", "SHAPE_Area": 882111.2260896588 }, "geometry": { "type": "Polygon", "coordinates": [ [ [ 79.7689526, 29.7955403 ], [ 79.7678585, 29.7941037 ], [ 79.7677578, 29.7933916 ], [ 79.7683839, 29.7927473 ], [ 79.7663475, 29.7905863 ], [ 79.7662503, 29.7880054 ], [ 79.7641105, 29.7867455 ], [ 79.7615335, 29.7871086 ], [ 79.7607672, 29.7876637 ], [ 79.7599, 29.7876846 ], [ 79.760216, 29.7891424 ], [ 79.7602069, 29.7938144 ], [ 79.7617825, 29.7968314 ], [ 79.7645409, 29.7949777 ], [ 79.7654146, 29.7955608 ], [ 79.767447, 29.7958607 ], [ 79.7686296, 29.7977312 ], [ 79.769394, 29.7980368 ], [ 79.769498, 29.7971318 ], [ 79.7689526, 29.7955403 ] ] ] } },
{ "type": "Feature", "properties": { "gp_code": "", "gp_name": "", "blkname": "BAGESHWAR", "dtname": "Bageshwar", "SHAPE_Area": 95525.523130129339 }, "geometry": { "type": "Polygon", "coordinates": [ [ [ 79.7569419, 29.7938429 ], [ 79.7570869, 29.7914404 ], [ 79.7551883, 29.7906032 ], [ 79.7547785, 29.791448 ], [ 79.7546578, 29.7944291 ], [ 79.7552836, 29.7940184 ], [ 79.7569419, 29.7938429 ] ] ] } },
{ "type": "Feature", "properties": { "gp_code": "", "gp_name": "", "blkname": "BAGESHWAR", "dtname": "Bageshwar", "SHAPE_Area": 75946.16599002642 }, "geometry": { "type": "Polygon", "coordinates": [ [ [ 79.7571564, 29.7885482 ], [ 79.7550637, 29.7891235 ], [ 79.7541237, 29.7893819 ], [ 79.7549985, 29.7898687 ], [ 79.7551883, 29.7906032 ], [ 79.7570869, 29.7914404 ], [ 79.7573304, 29.79084 ], [ 79.7571564, 29.7885482 ] ] ] } },
{ "type": "Feature", "properties": { "gp_code": "243099", "gp_name": "KHARKTAMTA", "blkname": "BAGESHWAR", "dtname": "Bageshwar", "SHAPE_Area": 224736.7897597292 }, "geometry": { "type": "Polygon", "coordinates": [ [ [ 79.760216, 29.7891424 ], [ 79.7599, 29.7876846 ], [ 79.7571564, 29.7885482 ], [ 79.7573304, 29.79084 ], [ 79.7569061, 29.7926081 ], [ 79.7595053, 29.7938405 ], [ 79.7602069, 29.7938144 ], [ 79.760216, 29.7891424 ] ] ] } },
{ "type": "Feature", "properties": { "gp_code": "", "gp_name": "", "blkname": "BAGESHWAR", "dtname": "Bageshwar", "SHAPE_Area": 395713.41090458445 }, "geometry": { "type": "Polygon", "coordinates": [ [ [ 79.7571564, 29.7885482 ], [ 79.7607672, 29.7876637 ], [ 79.7615335, 29.7871086 ], [ 79.7641105, 29.7867455 ], [ 79.7617182, 29.7856326 ], [ 79.7605689, 29.7847155 ], [ 79.7599478, 29.7827789 ], [ 79.7588126, 29.7828996 ], [ 79.7576662, 29.7822082 ], [ 79.7567132, 29.7804714 ], [ 79.7560346, 29.7818831 ], [ 79.7559048, 29.7830287 ], [ 79.7565006, 29.7848206 ], [ 79.7563699, 29.7864335 ], [ 79.7574379, 29.7880592 ], [ 79.7571564, 29.7885482 ] ] ] } },
{ "type": "Feature", "properties": { "gp_code": "21720", "gp_name": "AAGAR", "blkname": "BAGESHWAR", "dtname": "Bageshwar", "SHAPE_Area": 277153.51399037492 }, "geometry": { "type": "Polygon", "coordinates": [ [ [ 79.7532906, 29.7829914 ], [ 79.7531665, 29.7876523 ], [ 79.7526668, 29.7887973 ], [ 79.7541237, 29.7893819 ], [ 79.7571564, 29.7885482 ], [ 79.7574379, 29.7880592 ], [ 79.7563699, 29.7864335 ], [ 79.7565759, 29.7854437 ], [ 79.7561828, 29.7843196 ], [ 79.7532906, 29.7829914 ] ] ] } },
{ "type": "Feature", "properties": { "gp_code": "21842", "gp_name": "PALRIBAGAR", "blkname": "BAGESHWAR", "dtname": "Bageshwar", "SHAPE_Area": 338909.85232222383 }, "geometry": { "type": "Polygon", "coordinates": [ [ [ 79.7531665, 29.7876523 ], [ 79.7530975, 29.7839144 ], [ 79.7532906, 29.7829914 ], [ 79.7521821, 29.7825114 ], [ 79.7516333, 29.7827219 ], [ 79.7504465, 29.784249 ], [ 79.7500744, 29.7842546 ], [ 79.7484518, 29.7828662 ], [ 79.7479734, 29.7834117 ], [ 79.7482133, 29.7867102 ], [ 79.7526668, 29.7887973 ], [ 79.7531665, 29.7876523 ] ] ] } },
{ "type": "Feature", "properties": { "gp_code": "21860", "gp_name": "SHESHAKHANI", "blkname": "BAGESHWAR", "dtname": "Bageshwar", "SHAPE_Area": 301147.20940063882 }, "geometry": { "type": "Polygon", "coordinates": [ [ [ 79.7549985, 29.7898687 ], [ 79.75073, 29.7879711 ], [ 79.7501685, 29.7881371 ], [ 79.7499129, 29.7884371 ], [ 79.7500862, 29.791007 ], [ 79.7495242, 29.7914288 ], [ 79.7509386, 29.792054 ], [ 79.7524789, 29.7934691 ], [ 79.7535626, 29.7936154 ], [ 79.7546578, 29.7944291 ], [ 79.7547785, 29.791448 ], [ 79.7551883, 29.7906032 ], [ 79.7549985, 29.7898687 ] ] ] } },
{ "type": "Feature", "properties": { "gp_code": "21791", "gp_name": "BORGAON", "blkname": "BAGESHWAR", "dtname": "Bageshwar", "SHAPE_Area": 2100756.3033483811 }, "geometry": { "type": "Polygon", "coordinates": [ [ [ 79.7703865, 29.8062768 ], [ 79.7703501, 29.8053285 ], [ 79.7692962, 29.8027379 ], [ 79.7690311, 29.7980306 ], [ 79.767447, 29.7958607 ], [ 79.7654146, 29.7955608 ], [ 79.7645409, 29.7949777 ], [ 79.7617825, 29.7968314 ], [ 79.7602069, 29.7938144 ], [ 79.7595053, 29.7938405 ], [ 79.7569061, 29.7926081 ], [ 79.7569419, 29.7938429 ], [ 79.7552836, 29.7940184 ], [ 79.7546578, 29.7944291 ], [ 79.7535626, 29.7936154 ], [ 79.7524789, 29.7934691 ], [ 79.7509386, 29.792054 ], [ 79.7495242, 29.7914288 ], [ 79.7496246, 29.7922188 ], [ 79.7517524, 29.7947017 ], [ 79.75466, 29.7997129 ], [ 79.7565005, 29.802102 ], [ 79.7634361, 29.8050814 ], [ 79.7654372, 29.805425 ], [ 79.7678296, 29.8053858 ], [ 79.7689562, 29.8071869 ], [ 79.7696594, 29.806298 ], [ 79.7703865, 29.8062768 ] ] ] } },
{ "type": "Feature", "properties": { "gp_code": "", "gp_name": "", "blkname": "BAGESHWAR", "dtname": "Bageshwar", "SHAPE_Area": 3201231.7224169946 }, "geometry": { "type": "Polygon", "coordinates": [ [ [ 79.7591297, 29.8033126 ], [ 79.7565005, 29.802102 ], [ 79.7557535, 29.8014165 ], [ 79.7517524, 29.7947017 ], [ 79.7496246, 29.7922188 ], [ 79.7464504, 29.7931279 ], [ 79.744106, 29.7943541 ], [ 79.7415517, 29.7939952 ], [ 79.7384922, 29.7940952 ], [ 79.7382395, 29.7944046 ], [ 79.7390504, 29.7956552 ], [ 79.7389578, 29.7960648 ], [ 79.7365815, 29.7981796 ], [ 79.7347361, 29.7984664 ], [ 79.7347318, 29.8004751 ], [ 79.7351693, 29.8021547 ], [ 79.7382382, 29.8027074 ], [ 79.7431433, 29.8041607 ], [ 79.7502972, 29.8077016 ], [ 79.7527368, 29.8085144 ], [ 79.7544457, 29.8084744 ], [ 79.7563512, 29.807796 ], [ 79.7591297, 29.8033126 ] ] ] } },
{ "type": "Feature", "properties": { "gp_code": "21812", "gp_name": "LETI", "blkname": "BAGESHWAR", "dtname": "Bageshwar", "SHAPE_Area": 847998.76671111514 }, "geometry": { "type": "Polygon", "coordinates": [ [ [ 79.7445371, 29.8047769 ], [ 79.7382382, 29.8027074 ], [ 79.7311375, 29.8014285 ], [ 79.730407, 29.8027265 ], [ 79.7312738, 29.8046067 ], [ 79.7342086, 29.8081706 ], [ 79.7369082, 29.8094054 ], [ 79.7405967, 29.8067805 ], [ 79.7423513, 29.8061138 ], [ 79.7445371, 29.8047769 ] ] ] } },
{ "type": "Feature", "properties": { "gp_code": "21765", "gp_name": "DHARI-2", "blkname": "BAGESHWAR", "dtname": "Bageshwar", "SHAPE_Area": 1269360.2922406259 }, "geometry": { "type": "Polygon", "coordinates": [ [ [ 79.7240124, 29.8183804 ], [ 79.7249941, 29.8170167 ], [ 79.7267564, 29.8161315 ], [ 79.7267077, 29.8148074 ], [ 79.7270304, 29.8139984 ], [ 79.7289229, 29.8132521 ], [ 79.729525, 29.810435 ], [ 79.7284841, 29.8069555 ], [ 79.7281296, 29.8066551 ], [ 79.7273745, 29.8066966 ], [ 79.7211848, 29.8097103 ], [ 79.7191618, 29.8096778 ], [ 79.7187707, 29.8103067 ], [ 79.7184036, 29.8150296 ], [ 79.7176236, 29.8163141 ], [ 79.7175426, 29.8180345 ], [ 79.7184663, 29.818141 ], [ 79.7193275, 29.817413 ], [ 79.7210481, 29.8166964 ], [ 79.7215624, 29.8172969 ], [ 79.721778, 29.8182566 ], [ 79.7240124, 29.8183804 ] ] ] } },
{ "type": "Feature", "properties": { "gp_code": "", "gp_name": "", "blkname": "BAGESHWAR", "dtname": "Bageshwar", "SHAPE_Area": 3695902.1561915949 }, "geometry": { "type": "Polygon", "coordinates": [ [ [ 79.7288789, 29.8082096 ], [ 79.7325281, 29.8074419 ], [ 79.7342086, 29.8081706 ], [ 79.7312738, 29.8046067 ], [ 79.730407, 29.8027265 ], [ 79.7311375, 29.8014285 ], [ 79.7298093, 29.8009666 ], [ 79.7288036, 29.7998057 ], [ 79.727526, 29.7972052 ], [ 79.7263816, 29.7965636 ], [ 79.724412, 29.7960406 ], [ 79.7236343, 29.7953997 ], [ 79.7233614, 29.7944798 ], [ 79.7247673, 29.7908445 ], [ 79.7242879, 29.7902668 ], [ 79.7159689, 29.7904295 ], [ 79.7140191, 29.7913255 ], [ 79.7120876, 29.7941803 ], [ 79.710505, 29.7947571 ], [ 79.7083445, 29.7950531 ], [ 79.7089342, 29.7976475 ], [ 79.7158318, 29.8026965 ], [ 79.7172711, 29.8046578 ], [ 79.7173374, 29.8057172 ], [ 79.7180225, 29.8067528 ], [ 79.7206511, 29.8098503 ], [ 79.7278204, 29.8065647 ], [ 79.7284841, 29.8069555 ], [ 79.7288789, 29.8082096 ] ] ] } },
{ "type": "Feature", "properties": { "gp_code": "21860", "gp_name": "SHESHAKHANI", "blkname": "BAGESHWAR", "dtname": "Bageshwar", "SHAPE_Area": 514664.61011152004 }, "geometry": { "type": "Polygon", "coordinates": [ [ [ 79.7345881, 29.7927098 ], [ 79.7332934, 29.7927076 ], [ 79.7313434, 29.7937338 ], [ 79.7302398, 29.7953909 ], [ 79.7302596, 29.79679 ], [ 79.7347361, 29.7984664 ], [ 79.7365815, 29.7981796 ], [ 79.7380275, 29.7971026 ], [ 79.7389578, 29.7960648 ], [ 79.7387652, 29.7950351 ], [ 79.7382395, 29.7944046 ], [ 79.7345881, 29.7927098 ] ] ] } },
{ "type": "Feature", "properties": { "gp_code": "", "gp_name": "", "blkname": "BAGESHWAR", "dtname": "Bageshwar", "SHAPE_Area": 788595.56976582296 }, "geometry": { "type": "Polygon", "coordinates": [ [ [ 79.7496246, 29.7922188 ], [ 79.7495242, 29.7914288 ], [ 79.7485744, 29.7909768 ], [ 79.743343, 29.7893785 ], [ 79.7399925, 29.78722 ], [ 79.7383905, 29.785383 ], [ 79.738639, 29.7870199 ], [ 79.7378437, 29.7879243 ], [ 79.7374691, 29.7893524 ], [ 79.736903, 29.7898203 ], [ 79.7365216, 29.7913937 ], [ 79.7376534, 29.7925648 ], [ 79.7394901, 29.7936321 ], [ 79.7395008, 29.7939769 ], [ 79.744106, 29.7943541 ], [ 79.7464504, 29.7931279 ], [ 79.7496246, 29.7922188 ] ] ] } },
{ "type": "Feature", "properties": { "gp_code": "21720", "gp_name": "AAGAR", "blkname": "BAGESHWAR", "dtname": "Bageshwar", "SHAPE_Area": 1449122.8960880921 }, "geometry": { "type": "Polygon", "coordinates": [ [ [ 79.7532906, 29.7829914 ], [ 79.7530124, 29.7818229 ], [ 79.7531429, 29.7803325 ], [ 79.7484518, 29.7779357 ], [ 79.7460657, 29.7775 ], [ 79.7467894, 29.7796457 ], [ 79.7471585, 29.7800047 ], [ 79.7485557, 29.7800069 ], [ 79.7488629, 29.7805093 ], [ 79.7445726, 29.7821048 ], [ 79.7411918, 29.7825892 ], [ 79.7389861, 29.7823436 ], [ 79.7363969, 29.7814833 ], [ 79.7375894, 29.7844645 ], [ 79.7399925, 29.78722 ], [ 79.743343, 29.7893785 ], [ 79.7495242, 29.7914288 ], [ 79.7500862, 29.791007 ], [ 79.7499129, 29.7884371 ], [ 79.75073, 29.7879711 ], [ 79.7482133, 29.7867102 ], [ 79.7479734, 29.7834117 ], [ 79.7484518, 29.7828662 ], [ 79.7500744, 29.7842546 ], [ 79.7504465, 29.784249 ], [ 79.7516333, 29.7827219 ], [ 79.7521821, 29.7825114 ], [ 79.7532906, 29.7829914 ] ] ] } },
{ "type": "Feature", "properties": { "gp_code": "21842", "gp_name": "PALRIBAGAR", "blkname": "BAGESHWAR", "dtname": "Bageshwar", "SHAPE_Area": 552904.30557719734 }, "geometry": { "type": "Polygon", "coordinates": [ [ [ 79.7489251, 29.7802764 ], [ 79.7485557, 29.7800069 ], [ 79.7471585, 29.7800047 ], [ 79.7460326, 29.7779775 ], [ 79.7460657, 29.7775 ], [ 79.7454994, 29.7771393 ], [ 79.7428749, 29.7776248 ], [ 79.7394814, 29.7787787 ], [ 79.7363969, 29.7814833 ], [ 79.7389861, 29.7823436 ], [ 79.7411918, 29.7825892 ], [ 79.7431399, 29.7824024 ], [ 79.7484104, 29.7807416 ], [ 79.7489251, 29.7802764 ] ] ] } },
{ "type": "Feature", "properties": { "gp_code": "", "gp_name": "", "blkname": "BAGESHWAR", "dtname": "Bageshwar", "SHAPE_Area": 106578.44997056562 }, "geometry": { "type": "Polygon", "coordinates": [ [ [ 79.7462336, 29.7747401 ], [ 79.7447499, 29.77394 ], [ 79.7414521, 29.7732252 ], [ 79.743134, 29.7742373 ], [ 79.7445157, 29.7763782 ], [ 79.7460657, 29.7775 ], [ 79.7462336, 29.7747401 ] ] ] } },
{ "type": "Feature", "properties": { "gp_code": "21748", "gp_name": "BINSAR", "blkname": "BAGESHWAR", "dtname": "Bageshwar", "SHAPE_Area": 237886.41834676394 }, "geometry": { "type": "Polygon", "coordinates": [ [ [ 79.7473902, 29.7740516 ], [ 79.7495981, 29.773886 ], [ 79.7503644, 29.7733088 ], [ 79.7496892, 29.7730185 ], [ 79.7513349, 29.7726094 ], [ 79.7516165, 29.7720981 ], [ 79.7504583, 29.7710061 ], [ 79.7494625, 29.7715942 ], [ 79.7489542, 29.7711818 ], [ 79.7447254, 29.7719242 ], [ 79.744088, 29.7726997 ], [ 79.7443497, 29.7735946 ], [ 79.7458908, 29.7746136 ], [ 79.7462336, 29.7747401 ], [ 79.7473902, 29.7740516 ] ] ] } },
{ "type": "Feature", "properties": { "gp_code": "21835", "gp_name": "OKHALISIROD", "blkname": "BAGESHWAR", "dtname": "Bageshwar", "SHAPE_Area": 55576.483373662515 }, "geometry": { "type": "Polygon", "coordinates": [ [ [ 79.7489542, 29.7711818 ], [ 79.7489564, 29.7700694 ], [ 79.7462628, 29.7707917 ], [ 79.7446454, 29.7718485 ], [ 79.7489542, 29.7711818 ] ] ] } },
{ "type": "Feature", "properties": { "gp_code": "", "gp_name": "", "blkname": "BAGESHWAR", "dtname": "Bageshwar", "SHAPE_Area": 507715.83859749045 }, "geometry": { "type": "Polygon", "coordinates": [ [ [ 79.7489564, 29.7700694 ], [ 79.7496969, 29.7692139 ], [ 79.7498195, 29.7681138 ], [ 79.7491678, 29.7674932 ], [ 79.7465606, 29.7680638 ], [ 79.7445695, 29.7670312 ], [ 79.7405774, 29.768857 ], [ 79.739734, 29.7681912 ], [ 79.7381013, 29.7683022 ], [ 79.7376662, 29.7677123 ], [ 79.7375548, 29.7696347 ], [ 79.7379575, 29.770771 ], [ 79.7422025, 29.7711455 ], [ 79.7447254, 29.7719242 ], [ 79.7452882, 29.7712399 ], [ 79.7462628, 29.7707917 ], [ 79.7489564, 29.7700694 ] ] ] } },
{ "type": "Feature", "properties": { "gp_code": "243087", "gp_name": "JOSHIPALRI", "blkname": "BAGESHWAR", "dtname": "Bageshwar", "SHAPE_Area": 152782.54229647663 }, "geometry": { "type": "Polygon", "coordinates": [ [ [ 79.7422025, 29.7711455 ], [ 79.7379575, 29.770771 ], [ 79.7397239, 29.7724628 ], [ 79.7414521, 29.7732252 ], [ 79.7447499, 29.77394 ], [ 79.7440875, 29.7729545 ], [ 79.7447254, 29.7719242 ], [ 79.7422025, 29.7711455 ] ] ] } },
{ "type": "Feature", "properties": { "gp_code": "21783", "gp_name": "JANOUTIPALARI", "blkname": "BAGESHWAR", "dtname": "Bageshwar", "SHAPE_Area": 2064887.1396079725 }, "geometry": { "type": "Polygon", "coordinates": [ [ [ 79.7298844, 29.7902735 ], [ 79.7317657, 29.7892273 ], [ 79.7340717, 29.7904553 ], [ 79.7359123, 29.7896388 ], [ 79.736903, 29.7898203 ], [ 79.7374691, 29.7893524 ], [ 79.7378437, 29.7879243 ], [ 79.738639, 29.7870199 ], [ 79.7385944, 29.7864701 ], [ 79.7383905, 29.785383 ], [ 79.7375894, 29.7844645 ], [ 79.7363969, 29.7814833 ], [ 79.7394814, 29.7787787 ], [ 79.7428749, 29.7776248 ], [ 79.7454994, 29.7771393 ], [ 79.7445157, 29.7763782 ], [ 79.742608, 29.7737767 ], [ 79.7397239, 29.7724628 ], [ 79.7379575, 29.770771 ], [ 79.7358563, 29.7756947 ], [ 79.7348597, 29.7809899 ], [ 79.7298802, 29.7817412 ], [ 79.7288238, 29.7828088 ], [ 79.7282519, 29.7826259 ], [ 79.7282886, 29.7814445 ], [ 79.727041, 29.780787 ], [ 79.72619, 29.7812113 ], [ 79.7256392, 29.7826435 ], [ 79.7248626, 29.7828221 ], [ 79.7274201, 29.7855223 ], [ 79.7279333, 29.7865825 ], [ 79.7275061, 29.7880509 ], [ 79.7282799, 29.7904657 ], [ 79.7298844, 29.7902735 ] ] ] } },
{ "type": "Feature", "properties": { "gp_code": "21757", "gp_name": "CHOUNA", "blkname": "BAGESHWAR", "dtname": "Bageshwar", "SHAPE_Area": 1844357.3440261886 }, "geometry": { "type": "Polygon", "coordinates": [ [ [ 79.7348597, 29.7809899 ], [ 79.7358563, 29.7756947 ], [ 79.7379575, 29.770771 ], [ 79.7375548, 29.7696347 ], [ 79.7376662, 29.7677123 ], [ 79.7366421, 29.7672009 ], [ 79.7357865, 29.7655305 ], [ 79.7348138, 29.7650891 ], [ 79.7329577, 29.765246 ], [ 79.7326476, 29.7656053 ], [ 79.7328413, 29.7678682 ], [ 79.7315247, 29.7683968 ], [ 79.7309439, 29.7720437 ], [ 79.7303237, 29.7727922 ], [ 79.7292922, 29.7730204 ], [ 79.7289446, 29.7747688 ], [ 79.7282567, 29.7750075 ], [ 79.7272495, 29.774616 ], [ 79.7266418, 29.7748598 ], [ 79.7249711, 29.7766019 ], [ 79.723995, 29.7801422 ], [ 79.724045, 29.7821107 ], [ 79.7242642, 29.7827211 ], [ 79.7253754, 29.782773 ], [ 79.72619, 29.7812113 ], [ 79.727041, 29.780787 ], [ 79.7282886, 29.7814445 ], [ 79.7282519, 29.7826259 ], [ 79.7288238, 29.7828088 ], [ 79.7298802, 29.7817412 ], [ 79.7348597, 29.7809899 ] ] ] } },
{ "type": "Feature", "properties": { "gp_code": "", "gp_name": "", "blkname": "BAGESHWAR", "dtname": "Bageshwar", "SHAPE_Area": 164944.616821898 }, "geometry": { "type": "Polygon", "coordinates": [ [ [ 79.7195835, 29.7679393 ], [ 79.7188136, 29.7689474 ], [ 79.7190973, 29.7701372 ], [ 79.7212492, 29.7709004 ], [ 79.7232878, 29.7711438 ], [ 79.7236446, 29.7704049 ], [ 79.72352, 29.769755 ], [ 79.7212563, 29.7677014 ], [ 79.7207987, 29.7675116 ], [ 79.7195835, 29.7679393 ] ] ] } },
{ "type": "Feature", "properties": { "gp_code": "21797", "gp_name": "KARASMAFI", "blkname": "BAGESHWAR", "dtname": "Bageshwar", "SHAPE_Area": 588612.44453992788 }, "geometry": { "type": "Polygon", "coordinates": [ [ [ 79.7272248, 29.7560191 ], [ 79.7238465, 29.7556985 ], [ 79.723009, 29.7563018 ], [ 79.7240958, 29.7569083 ], [ 79.7256042, 29.75852 ], [ 79.7260634, 29.7601651 ], [ 79.7260608, 29.7617889 ], [ 79.7255067, 29.7641707 ], [ 79.7244781, 29.7657993 ], [ 79.7242998, 29.7669067 ], [ 79.7256839, 29.768102 ], [ 79.7260355, 29.7681026 ], [ 79.7285745, 29.7658354 ], [ 79.7293744, 29.7629688 ], [ 79.7294797, 29.7619396 ], [ 79.7290266, 29.7596601 ], [ 79.7282479, 29.7579832 ], [ 79.7281394, 29.7568102 ], [ 79.7272248, 29.7560191 ] ] ] } },
{ "type": "Feature", "properties": { "gp_code": "21796", "gp_name": "KARASIBOONGA", "blkname": "BAGESHWAR", "dtname": "Bageshwar", "SHAPE_Area": 2219512.0269156229 }, "geometry": { "type": "Polygon", "coordinates": [ [ [ 79.7456425, 29.7563989 ], [ 79.7483948, 29.7547541 ], [ 79.7487863, 29.7537553 ], [ 79.7484521, 29.7499353 ], [ 79.7441174, 29.7499369 ], [ 79.744051, 29.7493119 ], [ 79.7299935, 29.749756 ], [ 79.7240677, 29.7505671 ], [ 79.7237125, 29.7507399 ], [ 79.7240852, 29.7514213 ], [ 79.7258577, 29.7532192 ], [ 79.7258558, 29.7535531 ], [ 79.7255568, 29.7540823 ], [ 79.7228515, 29.7550172 ], [ 79.7222604, 29.7555909 ], [ 79.7228542, 29.7563665 ], [ 79.7238465, 29.7556985 ], [ 79.7272248, 29.7560191 ], [ 79.7284644, 29.7574604 ], [ 79.7300899, 29.7553343 ], [ 79.7327894, 29.7543643 ], [ 79.7344963, 29.7542772 ], [ 79.7356408, 29.7546888 ], [ 79.7356629, 29.7550886 ], [ 79.7344892, 29.7575753 ], [ 79.7366429, 29.7574489 ], [ 79.7374526, 29.7564408 ], [ 79.7387196, 29.7556625 ], [ 79.740547, 29.7555713 ], [ 79.7403026, 29.7574298 ], [ 79.7409431, 29.7574309 ], [ 79.7411149, 29.7578709 ], [ 79.7422942, 29.7581326 ], [ 79.7435085, 29.7580746 ], [ 79.7449758, 29.7575172 ], [ 79.7456425, 29.7563989 ] ] ] } },
{ "type": "Feature", "properties": { "gp_code": "243080", "gp_name": "BILORI", "blkname": "BAGESHWAR", "dtname": "Bageshwar", "SHAPE_Area": 1017702.9289852622 }, "geometry": { "type": "Polygon", "coordinates": [ [ [ 79.7445695, 29.7670312 ], [ 79.7459018, 29.7653193 ], [ 79.7464632, 29.763876 ], [ 79.7461746, 29.7636071 ], [ 79.7441432, 29.7636944 ], [ 79.7415654, 29.7615296 ], [ 79.7401566, 29.7614674 ], [ 79.7387254, 29.7606746 ], [ 79.736733, 29.7613328 ], [ 79.7346133, 29.7611085 ], [ 79.7335604, 29.7606671 ], [ 79.7321392, 29.7617421 ], [ 79.7329577, 29.765246 ], [ 79.7348138, 29.7650891 ], [ 79.7357865, 29.7655305 ], [ 79.7366421, 29.7672009 ], [ 79.7375235, 29.7674722 ], [ 79.7381013, 29.7683022 ], [ 79.739734, 29.7681912 ], [ 79.7405774, 29.768857 ], [ 79.7445695, 29.7670312 ] ] ] } },
{ "type": "Feature", "properties": { "gp_code": "21821", "gp_name": "MATELA", "blkname": "BAGESHWAR", "dtname": "Bageshwar", "SHAPE_Area": 404993.83101649903 }, "geometry": { "type": "Polygon", "coordinates": [ [ [ 79.7410925, 29.757631 ], [ 79.7403026, 29.7574298 ], [ 79.740547, 29.7555713 ], [ 79.7387196, 29.7556625 ], [ 79.7374526, 29.7564408 ], [ 79.7366429, 29.7574489 ], [ 79.7344892, 29.7575753 ], [ 79.7336094, 29.759218 ], [ 79.7335604, 29.7606671 ], [ 79.7346133, 29.7611085 ], [ 79.736733, 29.7613328 ], [ 79.7387254, 29.7606746 ], [ 79.7408841, 29.7587101 ], [ 79.7411829, 29.7582208 ], [ 79.7410925, 29.757631 ] ] ] } },
{ "type": "Feature", "properties": { "gp_code": "", "gp_name": "", "blkname": "BAGESHWAR", "dtname": "Bageshwar", "SHAPE_Area": 41754661.909163266 }, "geometry": { "type": "Polygon", "coordinates": [ [ [ 79.7347361, 29.7984664 ], [ 79.7302596, 29.79679 ], [ 79.7302398, 29.7953909 ], [ 79.7313434, 29.7937338 ], [ 79.7323532, 29.7930159 ], [ 79.7340268, 29.7926489 ], [ 79.7382395, 29.7944046 ], [ 79.7396044, 29.7937423 ], [ 79.7376534, 29.7925648 ], [ 79.7365216, 29.7913937 ], [ 79.736903, 29.7898203 ], [ 79.73668, 29.7896151 ], [ 79.733731, 29.790439 ], [ 79.7315022, 29.7891968 ], [ 79.7298844, 29.7902735 ], [ 79.7282799, 29.7904657 ], [ 79.7275061, 29.7880509 ], [ 79.7279333, 29.7865825 ], [ 79.7274201, 29.7855223 ], [ 79.7248626, 29.7828221 ], [ 79.7242642, 29.7827211 ], [ 79.723995, 29.7801422 ], [ 79.7249711, 29.7766019 ], [ 79.7266418, 29.7748598 ], [ 79.7272495, 29.774616 ], [ 79.7282567, 29.7750075 ], [ 79.7289446, 29.7747688 ], [ 79.7292922, 29.7730204 ], [ 79.7303237, 29.7727922 ], [ 79.7309439, 29.7720437 ], [ 79.7315247, 29.7683968 ], [ 79.7328413, 29.7678682 ], [ 79.7326476, 29.7656053 ], [ 79.7329577, 29.765246 ], [ 79.7329132, 29.7644547 ], [ 79.732032, 29.7620637 ], [ 79.7335604, 29.7606671 ], [ 79.7336094, 29.759218 ], [ 79.7355242, 29.7556681 ], [ 79.7356408, 29.7546888 ], [ 79.7344963, 29.7542772 ], [ 79.7327894, 29.7543643 ], [ 79.7306001, 29.7551102 ], [ 79.7296538, 29.7556933 ], [ 79.7287916, 29.7571461 ], [ 79.7282984, 29.7574401 ], [ 79.7294797, 29.7619396 ], [ 79.7290312, 29.7648527 ], [ 79.7285745, 29.7658354 ], [ 79.7260355, 29.7681026 ], [ 79.7256839, 29.768102 ], [ 79.7242998, 29.7669067 ], [ 79.7244781, 29.7657993 ], [ 79.7255067, 29.7641707 ], [ 79.7260608, 29.7617889 ], [ 79.7256954, 29.758725 ], [ 79.7247131, 29.757449 ], [ 79.7226711, 29.7563262 ], [ 79.7222604, 29.7555909 ], [ 79.7228515, 29.7550172 ], [ 79.7255568, 29.7540823 ], [ 79.7258558, 29.7535531 ], [ 79.7258577, 29.7532192 ], [ 79.7237125, 29.7507399 ], [ 79.7299935, 29.749756 ], [ 79.744051, 29.7493119 ], [ 79.7444791, 29.7489204 ], [ 79.7448128, 29.7479244 ], [ 79.7445152, 29.745738 ], [ 79.7441624, 29.7453388 ], [ 79.743441, 29.7450676 ], [ 79.7403465, 29.7451398 ], [ 79.7400526, 29.7447536 ], [ 79.7376518, 29.7442868 ], [ 79.7354265, 29.7444504 ], [ 79.7339598, 29.7412976 ], [ 79.7332978, 29.7408207 ], [ 79.7330323, 29.7401084 ], [ 79.73323, 29.7381075 ], [ 79.7338376, 29.7365011 ], [ 79.7351927, 29.7366834 ], [ 79.7385783, 29.7381934 ], [ 79.7368981, 29.7349631 ], [ 79.737922, 29.7350226 ], [ 79.7402768, 29.7362416 ], [ 79.7406453, 29.736165 ], [ 79.7417272, 29.7344881 ], [ 79.7430147, 29.7339507 ], [ 79.7447901, 29.7339535 ], [ 79.7457755, 29.7348359 ], [ 79.7457944, 29.7363918 ], [ 79.7465, 29.737158 ], [ 79.7484267, 29.7352258 ], [ 79.7490654, 29.7352799 ], [ 79.7490832, 29.7366538 ], [ 79.7498419, 29.7376319 ], [ 79.7518867, 29.7385972 ], [ 79.7541493, 29.7387026 ], [ 79.7555834, 29.7369594 ], [ 79.7562699, 29.7367311 ], [ 79.7569558, 29.736834 ], [ 79.758704, 29.7386585 ], [ 79.7587301, 29.740251 ], [ 79.7591528, 29.7405702 ], [ 79.762716, 29.7399766 ], [ 79.7612493, 29.7359996 ], [ 79.7618646, 29.7348857 ], [ 79.7625517, 29.7343389 ], [ 79.7640719, 29.7343063 ], [ 79.765352, 29.7356361 ], [ 79.7643916, 29.7378579 ], [ 79.7653604, 29.7378101 ], [ 79.7683369, 29.7358634 ], [ 79.7690975, 29.7350491 ], [ 79.7691732, 29.7335841 ], [ 79.773992, 29.7327245 ], [ 79.7740227, 29.731922 ], [ 79.7733925, 29.7310017 ], [ 79.7732524, 29.7300735 ], [ 79.773473, 29.729182 ], [ 79.7732642, 29.7276593 ], [ 79.7735787, 29.7272648 ], [ 79.7744841, 29.7270558 ], [ 79.7752713, 29.7276366 ], [ 79.7760789, 29.7276738 ], [ 79.777385, 29.7265303 ], [ 79.7806685, 29.7255864 ], [ 79.7792389, 29.7251449 ], [ 79.7775555, 29.7237157 ], [ 79.7774409, 29.7225307 ], [ 79.7780857, 29.721111 ], [ 79.7793197, 29.720694 ], [ 79.7861664, 29.7201281 ], [ 79.7877363, 29.7196397 ], [ 79.7916622, 29.7199028 ], [ 79.792445, 29.7187731 ], [ 79.79365, 29.7182777 ], [ 79.7947828, 29.7173173 ], [ 79.7941332, 29.7154264 ], [ 79.7920545, 29.712294 ], [ 79.7946534, 29.7117239 ], [ 79.7991547, 29.7112893 ], [ 79.7970386, 29.7093565 ], [ 79.7949683, 29.7084277 ], [ 79.7940806, 29.7070838 ], [ 79.7933383, 29.7070458 ], [ 79.7922629, 29.7081296 ], [ 79.7889851, 29.7084213 ], [ 79.7856145, 29.7102286 ], [ 79.7813076, 29.7115023 ], [ 79.780303, 29.7115119 ], [ 79.7787723, 29.7108302 ], [ 79.777494, 29.7094802 ], [ 79.7750986, 29.7078655 ], [ 79.7748741, 29.7073513 ], [ 79.7741394, 29.7071243 ], [ 79.7728698, 29.7060538 ], [ 79.7711554, 29.7064295 ], [ 79.7698206, 29.7054889 ], [ 79.7673891, 29.7053115 ], [ 79.7596126, 29.7010306 ], [ 79.7583572, 29.7009081 ], [ 79.7575153, 29.7012741 ], [ 79.7569115, 29.7018322 ], [ 79.755462, 29.7046362 ], [ 79.7529464, 29.7067682 ], [ 79.7523155, 29.7083364 ], [ 79.7484163, 29.7085606 ], [ 79.7459019, 29.7098371 ], [ 79.7440273, 29.7121086 ], [ 79.740994, 29.7147281 ], [ 79.7363402, 29.7173627 ], [ 79.7346058, 29.7187092 ], [ 79.7315762, 29.7222677 ], [ 79.7302052, 29.7260207 ], [ 79.7290503, 29.7277983 ], [ 79.7233572, 29.7295969 ], [ 79.7217106, 29.730613 ], [ 79.7211325, 29.7317744 ], [ 79.7205844, 29.7341988 ], [ 79.720826, 29.7364235 ], [ 79.7205598, 29.7378008 ], [ 79.7169404, 29.7385694 ], [ 79.7145172, 29.7399023 ], [ 79.7115376, 29.7424919 ], [ 79.7085462, 29.7466249 ], [ 79.7081956, 29.7482208 ], [ 79.7084285, 29.7523383 ], [ 79.708174, 29.7533972 ], [ 79.7075839, 29.7544226 ], [ 79.7046859, 29.756956 ], [ 79.7037787, 29.7616447 ], [ 79.7032004, 29.7622985 ], [ 79.6971739, 29.7644309 ], [ 79.6962319, 29.7655285 ], [ 79.6953431, 29.7728825 ], [ 79.6955242, 29.7737624 ], [ 79.6969747, 29.775564 ], [ 79.6972889, 29.7769414 ], [ 79.6962585, 29.7825985 ], [ 79.6968004, 29.7837931 ], [ 79.7018382, 29.7872261 ], [ 79.702477, 29.7883665 ], [ 79.7030881, 29.7915457 ], [ 79.7030809, 29.7945238 ], [ 79.7037624, 29.7971796 ], [ 79.7050692, 29.796766 ], [ 79.7073673, 29.7952482 ], [ 79.710505, 29.7947571 ], [ 79.7120876, 29.7941803 ], [ 79.7140191, 29.7913255 ], [ 79.714937, 29.7907475 ], [ 79.7159689, 29.7904295 ], [ 79.7242879, 29.7902668 ], [ 79.7247673, 29.7908445 ], [ 79.7233614, 29.7944798 ], [ 79.7236343, 29.7953997 ], [ 79.724412, 29.7960406 ], [ 79.7263816, 29.7965636 ], [ 79.727526, 29.7972052 ], [ 79.7288036, 29.7998057 ], [ 79.7298093, 29.8009666 ], [ 79.7351693, 29.8021547 ], [ 79.7347318, 29.8004751 ], [ 79.7347361, 29.7984664 ] ], [ [ 79.706924, 29.7684565 ], [ 79.7071437, 29.7676174 ], [ 79.7090444, 29.7680006 ], [ 79.7106839, 29.7674039 ], [ 79.7119554, 29.7674062 ], [ 79.7131251, 29.7663644 ], [ 79.7144672, 29.7660914 ], [ 79.7150869, 29.7655928 ], [ 79.7158077, 29.7659738 ], [ 79.7163783, 29.7677148 ], [ 79.7181105, 29.770845 ], [ 79.7170898, 29.771333 ], [ 79.7159329, 29.771311 ], [ 79.7128648, 29.7704261 ], [ 79.7102392, 29.7714008 ], [ 79.709164, 29.7711303 ], [ 79.7088187, 29.7714082 ], [ 79.7058855, 29.7716128 ], [ 79.7049106, 29.7721107 ], [ 79.7031235, 29.7721075 ], [ 79.7024721, 29.7714766 ], [ 79.7027619, 29.770028 ], [ 79.7007379, 29.7685351 ], [ 79.700613, 29.7680852 ], [ 79.7011413, 29.7675565 ], [ 79.7017715, 29.7674677 ], [ 79.706924, 29.7684565 ] ], [ [ 79.7195835, 29.7679393 ], [ 79.7207987, 29.7675116 ], [ 79.7212563, 29.7677014 ], [ 79.72352, 29.769755 ], [ 79.7236446, 29.7704049 ], [ 79.7232878, 29.7711438 ], [ 79.7212492, 29.7709004 ], [ 79.7190973, 29.7701372 ], [ 79.7188136, 29.7689474 ], [ 79.7195835, 29.7679393 ] ], [ [ 79.7257802, 29.7454951 ], [ 79.7251517, 29.7455944 ], [ 79.724349, 29.7463285 ], [ 79.7236286, 29.7489054 ], [ 79.7230604, 29.749303 ], [ 79.7225308, 29.7489035 ], [ 79.7218818, 29.7459578 ], [ 79.7202695, 29.7454342 ], [ 79.7173672, 29.7452106 ], [ 79.7159841, 29.7443466 ], [ 79.7157116, 29.7437319 ], [ 79.716724, 29.7430221 ], [ 79.7203525, 29.7430306 ], [ 79.7218209, 29.7421745 ], [ 79.7235619, 29.7432462 ], [ 79.7246634, 29.7432001 ], [ 79.7264966, 29.7425405 ], [ 79.7264769, 29.7436447 ], [ 79.7257802, 29.7454951 ] ], [ [ 79.7272163, 29.7457611 ], [ 79.7272178, 29.7450796 ], [ 79.7285071, 29.7430124 ], [ 79.7287136, 29.7416104 ], [ 79.7297246, 29.7408791 ], [ 79.7307751, 29.7412118 ], [ 79.7310986, 29.7425466 ], [ 79.7322606, 29.7434872 ], [ 79.7296055, 29.7447622 ], [ 79.7291421, 29.7457241 ], [ 79.7280299, 29.7463555 ], [ 79.7272163, 29.7457611 ] ], [ [ 79.7617818, 29.7305189 ], [ 79.762412, 29.7291948 ], [ 79.7650551, 29.7286509 ], [ 79.7654567, 29.7288058 ], [ 79.7656358, 29.7303589 ], [ 79.7661155, 29.7313788 ], [ 79.7658492, 29.7332767 ], [ 79.7636738, 29.7334264 ], [ 79.7626087, 29.7331446 ], [ 79.7621808, 29.7327491 ], [ 79.7617818, 29.7305189 ] ], [ [ 79.7695849, 29.7228968 ], [ 79.7724934, 29.7255864 ], [ 79.7724238, 29.7258822 ], [ 79.7711362, 29.7260777 ], [ 79.7691312, 29.7271107 ], [ 79.7676125, 29.7266701 ], [ 79.7655271, 29.7269959 ], [ 79.7618069, 29.7285031 ], [ 79.7612169, 29.7283707 ], [ 79.7581076, 29.7257354 ], [ 79.7583844, 29.7254563 ], [ 79.7627801, 29.7253258 ], [ 79.7646458, 29.7248736 ], [ 79.767262, 29.7227126 ], [ 79.7679657, 29.7224615 ], [ 79.7695849, 29.7228968 ] ] ] } },
{ "type": "Feature", "properties": { "gp_code": "", "gp_name": "", "blkname": "BAGESHWAR", "dtname": "Bageshwar", "SHAPE_Area": 6421736.2422119798 }, "geometry": { "type": "Polygon", "coordinates": [ [ [ 79.7588126, 29.7828996 ], [ 79.7613174, 29.7827022 ], [ 79.76199, 29.7818253 ], [ 79.7623226, 29.7804677 ], [ 79.7636157, 29.7786572 ], [ 79.7634126, 29.7781452 ], [ 79.7613495, 29.7767516 ], [ 79.7609691, 29.7756164 ], [ 79.7585632, 29.7741518 ], [ 79.7579226, 29.7725488 ], [ 79.7576111, 29.7713507 ], [ 79.7586074, 29.7704623 ], [ 79.7577725, 29.7696088 ], [ 79.757325, 29.7677015 ], [ 79.7591525, 29.7656017 ], [ 79.7584042, 29.7635647 ], [ 79.7585201, 29.7629642 ], [ 79.7595401, 29.7630102 ], [ 79.7609793, 29.7638356 ], [ 79.7651618, 29.7636192 ], [ 79.7654419, 29.7638532 ], [ 79.7654526, 29.7649101 ], [ 79.7664443, 29.7664133 ], [ 79.7692074, 29.768442 ], [ 79.770266, 29.7683322 ], [ 79.7713265, 29.7671545 ], [ 79.7715512, 29.7656493 ], [ 79.7673588, 29.7615643 ], [ 79.767335, 29.7606409 ], [ 79.767898, 29.7596071 ], [ 79.7690085, 29.7589617 ], [ 79.7689094, 29.7573836 ], [ 79.771459, 29.7575875 ], [ 79.7733818, 29.7589029 ], [ 79.7755142, 29.7572038 ], [ 79.7755668, 29.756325 ], [ 79.774969, 29.7555343 ], [ 79.7729425, 29.7549941 ], [ 79.7692633, 29.7522333 ], [ 79.7665865, 29.7519514 ], [ 79.7663835, 29.7514059 ], [ 79.7658865, 29.751294 ], [ 79.7641389, 29.7518143 ], [ 79.7618794, 29.7499433 ], [ 79.7615763, 29.7500406 ], [ 79.7613744, 29.7507645 ], [ 79.7622483, 29.7537584 ], [ 79.762208, 29.7548263 ], [ 79.7616446, 29.7560492 ], [ 79.7610836, 29.7560484 ], [ 79.7597567, 29.7543286 ], [ 79.7594677, 29.7543439 ], [ 79.7595314, 29.7552605 ], [ 79.7589428, 29.7550484 ], [ 79.7583754, 29.7522508 ], [ 79.7570335, 29.7495696 ], [ 79.7554359, 29.7487181 ], [ 79.7533635, 29.7483774 ], [ 79.7514644, 29.7489414 ], [ 79.7487206, 29.7488462 ], [ 79.7484521, 29.7499353 ], [ 79.7487863, 29.7537553 ], [ 79.7483948, 29.7547541 ], [ 79.7458778, 29.7561721 ], [ 79.7454003, 29.7571681 ], [ 79.7443796, 29.7578061 ], [ 79.7422942, 29.7581326 ], [ 79.7411149, 29.7578709 ], [ 79.7408841, 29.7587101 ], [ 79.7387254, 29.7606746 ], [ 79.7401566, 29.7614674 ], [ 79.7419087, 29.7617 ], [ 79.7427656, 29.7627608 ], [ 79.7441432, 29.7636944 ], [ 79.7461746, 29.7636071 ], [ 79.7464632, 29.763876 ], [ 79.7477579, 29.7623389 ], [ 79.7506536, 29.7612605 ], [ 79.7518453, 29.7612086 ], [ 79.7537663, 29.7619335 ], [ 79.7553419, 29.763949 ], [ 79.7560793, 29.7657417 ], [ 79.7561117, 29.766929 ], [ 79.7526123, 29.7689038 ], [ 79.7496969, 29.7692139 ], [ 79.7489564, 29.7700694 ], [ 79.7489542, 29.7711818 ], [ 79.7494625, 29.7715942 ], [ 79.7504583, 29.7710061 ], [ 79.7513751, 29.7716639 ], [ 79.7516165, 29.7720981 ], [ 79.7513349, 29.7726094 ], [ 79.7496892, 29.7730185 ], [ 79.7497024, 29.7732329 ], [ 79.751448, 29.773455 ], [ 79.7524279, 29.7744244 ], [ 79.7524982, 29.7775059 ], [ 79.753528, 29.779076 ], [ 79.7543443, 29.7789883 ], [ 79.7552903, 29.7778105 ], [ 79.7561446, 29.7778229 ], [ 79.7571375, 29.7787366 ], [ 79.7567132, 29.7804714 ], [ 79.7571065, 29.7815177 ], [ 79.7588126, 29.7828996 ] ] ] } },
{ "type": "Feature", "properties": { "gp_code": "", "gp_name": "", "blkname": "BAGESHWAR", "dtname": "Bageshwar", "SHAPE_Area": 872757.10186347191 }, "geometry": { "type": "Polygon", "coordinates": [ [ [ 79.7464632, 29.763876 ], [ 79.7459018, 29.7653193 ], [ 79.7445695, 29.7670312 ], [ 79.7465606, 29.7680638 ], [ 79.7485608, 29.7674422 ], [ 79.7495571, 29.7676137 ], [ 79.7498195, 29.7681138 ], [ 79.7496969, 29.7692139 ], [ 79.7526123, 29.7689038 ], [ 79.7561117, 29.766929 ], [ 79.7560793, 29.7657417 ], [ 79.7546696, 29.7629361 ], [ 79.7537663, 29.7619335 ], [ 79.7518453, 29.7612086 ], [ 79.7506536, 29.7612605 ], [ 79.748165, 29.7621346 ], [ 79.7464632, 29.763876 ] ] ] } },
{ "type": "Feature", "properties": { "gp_code": "", "gp_name": "", "blkname": "BAGESHWAR", "dtname": "Bageshwar", "SHAPE_Area": 443787.45139203826 }, "geometry": { "type": "Polygon", "coordinates": [ [ [ 79.753528, 29.779076 ], [ 79.7524982, 29.7775059 ], [ 79.7524279, 29.7744244 ], [ 79.751448, 29.773455 ], [ 79.7503644, 29.7733088 ], [ 79.7489473, 29.7741186 ], [ 79.7480749, 29.7738802 ], [ 79.7462336, 29.7747401 ], [ 79.7460657, 29.7775 ], [ 79.7484518, 29.7779357 ], [ 79.7531429, 29.7803325 ], [ 79.7536286, 29.7797881 ], [ 79.753528, 29.779076 ] ] ] } },
{ "type": "Feature", "properties": { "gp_code": "21756", "gp_name": "CHOUGAONCHINA", "blkname": "BAGESHWAR", "dtname": "Bageshwar", "SHAPE_Area": 240351.65070361135 }, "geometry": { "type": "Polygon", "coordinates": [ [ [ 79.7561446, 29.7778229 ], [ 79.7552903, 29.7778105 ], [ 79.7543443, 29.7789883 ], [ 79.753528, 29.779076 ], [ 79.7536286, 29.7797881 ], [ 79.7531429, 29.7803325 ], [ 79.7530124, 29.7818229 ], [ 79.7532906, 29.7829914 ], [ 79.7561828, 29.7843196 ], [ 79.7560346, 29.7818831 ], [ 79.7571375, 29.7787366 ], [ 79.7561446, 29.7778229 ] ] ] } },
{ "type": "Feature", "properties": { "gp_code": "", "gp_name": "", "blkname": "BAGESHWAR", "dtname": "Bageshwar", "SHAPE_Area": 287598.50471000199 }, "geometry": { "type": "Polygon", "coordinates": [ [ [ 79.763871, 29.7718272 ], [ 79.7639201, 29.7709173 ], [ 79.7618956, 29.7700738 ], [ 79.7586074, 29.7704623 ], [ 79.7576111, 29.7713507 ], [ 79.7585632, 29.7741518 ], [ 79.7599631, 29.7749363 ], [ 79.7608589, 29.7747124 ], [ 79.763871, 29.7718272 ] ] ] } },
{ "type": "Feature", "properties": { "gp_code": "243087", "gp_name": "JOSHIPALRI", "blkname": "BAGESHWAR", "dtname": "Bageshwar", "SHAPE_Area": 1010208.927396566 }, "geometry": { "type": "Polygon", "coordinates": [ [ [ 79.7682447, 29.7718558 ], [ 79.7679044, 29.7697305 ], [ 79.7682244, 29.7690747 ], [ 79.7692074, 29.768442 ], [ 79.7679209, 29.7677281 ], [ 79.765859, 29.7657561 ], [ 79.7651618, 29.7636192 ], [ 79.7609793, 29.7638356 ], [ 79.7595401, 29.7630102 ], [ 79.7585201, 29.7629642 ], [ 79.7584042, 29.7635647 ], [ 79.7591525, 29.7656017 ], [ 79.757325, 29.7677015 ], [ 79.7577725, 29.7696088 ], [ 79.7586074, 29.7704623 ], [ 79.7618956, 29.7700738 ], [ 79.7639201, 29.7709173 ], [ 79.763871, 29.7718272 ], [ 79.7655386, 29.7733537 ], [ 79.7682447, 29.7718558 ] ] ] } },
{ "type": "Feature", "properties": { "gp_code": "", "gp_name": "", "blkname": "BAGESHWAR", "dtname": "Bageshwar", "SHAPE_Area": 52319.6272631393 }, "geometry": { "type": "Polygon", "coordinates": [ [ [ 79.770154, 29.7736607 ], [ 79.7697807, 29.7723488 ], [ 79.7692389, 29.7720686 ], [ 79.7682447, 29.7718558 ], [ 79.7669423, 29.7727884 ], [ 79.7684966, 29.7735248 ], [ 79.770154, 29.7736607 ] ] ] } },
{ "type": "Feature", "properties": { "gp_code": "", "gp_name": "", "blkname": "BAGESHWAR", "dtname": "Bageshwar", "SHAPE_Area": 137412.16589774075 }, "geometry": { "type": "Polygon", "coordinates": [ [ [ 79.7675105, 29.7757483 ], [ 79.765278, 29.7762457 ], [ 79.7640796, 29.7761327 ], [ 79.7633157, 29.7755086 ], [ 79.7609691, 29.7756164 ], [ 79.7613495, 29.7767516 ], [ 79.7624701, 29.7775431 ], [ 79.7659764, 29.7778263 ], [ 79.7675105, 29.7757483 ] ] ] } },
{ "type": "Feature", "properties": { "gp_code": "21748", "gp_name": "BINSAR", "blkname": "BAGESHWAR", "dtname": "Bageshwar", "SHAPE_Area": 1277658.2297867581 }, "geometry": { "type": "Polygon", "coordinates": [ [ [ 79.7708913, 29.7836766 ], [ 79.7724956, 29.7831197 ], [ 79.773837, 29.7818089 ], [ 79.7748318, 29.7817213 ], [ 79.7758543, 29.7804657 ], [ 79.7766098, 29.7787313 ], [ 79.7761013, 29.7778852 ], [ 79.7743915, 29.7784724 ], [ 79.7725939, 29.7782363 ], [ 79.7724422, 29.7775241 ], [ 79.7728388, 29.7768238 ], [ 79.7733238, 29.7765464 ], [ 79.7739102, 29.7766918 ], [ 79.774147, 29.7751143 ], [ 79.7708014, 29.7752413 ], [ 79.7691293, 29.7761177 ], [ 79.7683006, 29.7760164 ], [ 79.7677526, 29.7758376 ], [ 79.7677536, 29.7753482 ], [ 79.7671555, 29.7746576 ], [ 79.763871, 29.7718272 ], [ 79.7608589, 29.7747124 ], [ 79.7599631, 29.7749363 ], [ 79.7603829, 29.7754264 ], [ 79.7613894, 29.7757526 ], [ 79.7633157, 29.7755086 ], [ 79.7640796, 29.7761327 ], [ 79.765278, 29.7762457 ], [ 79.7675105, 29.7757483 ], [ 79.7659764, 29.7778263 ], [ 79.7665345, 29.7793623 ], [ 79.7661871, 29.7810193 ], [ 79.7661694, 29.7836224 ], [ 79.7670609, 29.7842355 ], [ 79.7681423, 29.7856164 ], [ 79.7702444, 29.7867319 ], [ 79.7708913, 29.7836766 ] ] ] } },
{ "type": "Feature", "properties": { "gp_code": "", "gp_name": "", "blkname": "BAGESHWAR", "dtname": "Bageshwar", "SHAPE_Area": 135080.29623728059 }, "geometry": { "type": "Polygon", "coordinates": [ [ [ 79.7708014, 29.7752413 ], [ 79.7709304, 29.7744739 ], [ 79.770154, 29.7736607 ], [ 79.7684966, 29.7735248 ], [ 79.7669423, 29.7727884 ], [ 79.7655386, 29.7733537 ], [ 79.7671555, 29.7746576 ], [ 79.7677536, 29.7753482 ], [ 79.7677526, 29.7758376 ], [ 79.7691293, 29.7761177 ], [ 79.7708014, 29.7752413 ] ] ] } },
{ "type": "Feature", "properties": { "gp_code": "259938", "gp_name": "RIKHAYAAL", "blkname": "BAGESHWAR", "dtname": "Bageshwar", "SHAPE_Area": 132142.08021206735 }, "geometry": { "type": "Polygon", "coordinates": [ [ [ 79.7780086, 29.7754627 ], [ 79.7780717, 29.7741946 ], [ 79.7724781, 29.7740251 ], [ 79.770154, 29.7736607 ], [ 79.7709304, 29.7744739 ], [ 79.7708014, 29.7752413 ], [ 79.774147, 29.7751143 ], [ 79.7776352, 29.7758293 ], [ 79.7780086, 29.7754627 ] ] ] } },
{ "type": "Feature", "properties": { "gp_code": "243089", "gp_name": "CHANI", "blkname": "BAGESHWAR", "dtname": "Bageshwar", "SHAPE_Area": 599174.46616822679 }, "geometry": { "type": "Polygon", "coordinates": [ [ [ 79.7793459, 29.7747526 ], [ 79.7776417, 29.772089 ], [ 79.7777356, 29.7696665 ], [ 79.7770734, 29.7691983 ], [ 79.776973, 29.7682971 ], [ 79.7753408, 29.7683727 ], [ 79.7750469, 29.7687172 ], [ 79.7748651, 29.7704857 ], [ 79.774188, 29.771219 ], [ 79.7723526, 29.7707826 ], [ 79.770266, 29.7683322 ], [ 79.7692074, 29.768442 ], [ 79.7682244, 29.7690747 ], [ 79.7679044, 29.7697305 ], [ 79.7682447, 29.7718558 ], [ 79.7697807, 29.7723488 ], [ 79.770154, 29.7736607 ], [ 79.7724781, 29.7740251 ], [ 79.7780717, 29.7741946 ], [ 79.7780103, 29.7745505 ], [ 79.7793459, 29.7747526 ] ] ] } },
{ "type": "Feature", "properties": { "gp_code": "21741", "gp_name": "BHATKHOLA", "blkname": "BAGESHWAR", "dtname": "Bageshwar", "SHAPE_Area": 1161704.4603964861 }, "geometry": { "type": "Polygon", "coordinates": [ [ [ 79.7777356, 29.7696665 ], [ 79.778144, 29.7695002 ], [ 79.7785685, 29.7674205 ], [ 79.7798316, 29.7669883 ], [ 79.7798986, 29.7651751 ], [ 79.7794039, 29.763706 ], [ 79.7785891, 29.7630708 ], [ 79.7760527, 29.762511 ], [ 79.771794, 29.7601177 ], [ 79.7692655, 29.7579818 ], [ 79.7690101, 29.7580846 ], [ 79.7690085, 29.7589617 ], [ 79.767898, 29.7596071 ], [ 79.767335, 29.7606409 ], [ 79.7673588, 29.7615643 ], [ 79.7715512, 29.7656493 ], [ 79.7713265, 29.7671545 ], [ 79.770266, 29.7683322 ], [ 79.7713597, 29.7698467 ], [ 79.7723526, 29.7707826 ], [ 79.774188, 29.771219 ], [ 79.7748651, 29.7704857 ], [ 79.7750469, 29.7687172 ], [ 79.7760807, 29.7681513 ], [ 79.776973, 29.7682971 ], [ 79.7770734, 29.7691983 ], [ 79.7777356, 29.7696665 ] ] ] } },
{ "type": "Feature", "properties": { "gp_code": "21790", "gp_name": "KABHARA", "blkname": "BAGESHWAR", "dtname": "Bageshwar", "SHAPE_Area": 3212072.0252465708 }, "geometry": { "type": "Polygon", "coordinates": [ [ [ 79.805988, 29.7641072 ], [ 79.8043259, 29.7589655 ], [ 79.8019073, 29.7565485 ], [ 79.800741, 29.7541041 ], [ 79.7985304, 29.7563535 ], [ 79.7974066, 29.7565541 ], [ 79.7956967, 29.757453 ], [ 79.792999, 29.7576919 ], [ 79.790369, 29.7564005 ], [ 79.7889431, 29.7551972 ], [ 79.7878344, 29.7549398 ], [ 79.7862655, 29.7553271 ], [ 79.7848385, 29.7547468 ], [ 79.783551, 29.754656 ], [ 79.7809658, 29.7529727 ], [ 79.7798566, 29.7530157 ], [ 79.7782241, 29.7533027 ], [ 79.7788473, 29.7541936 ], [ 79.7789605, 29.7550281 ], [ 79.7785901, 29.7554058 ], [ 79.7767592, 29.7561275 ], [ 79.775835, 29.756025 ], [ 79.7755142, 29.7572038 ], [ 79.7733818, 29.7589029 ], [ 79.771459, 29.7575875 ], [ 79.7696109, 29.75724 ], [ 79.7687687, 29.7576282 ], [ 79.7690101, 29.7580846 ], [ 79.7692655, 29.7579818 ], [ 79.7722029, 29.7603728 ], [ 79.7723476, 29.7596802 ], [ 79.7754703, 29.7602853 ], [ 79.7782629, 29.7601 ], [ 79.7833727, 29.7618202 ], [ 79.7874733, 29.7624747 ], [ 79.7921285, 29.7639342 ], [ 79.7952773, 29.7642942 ], [ 79.7973559, 29.7641188 ], [ 79.8000447, 29.7651234 ], [ 79.8029384, 29.7655274 ], [ 79.8050554, 29.7653075 ], [ 79.805988, 29.7641072 ] ] ] } },
{ "type": "Feature", "properties": { "gp_code": "", "gp_name": "", "blkname": "BAGESHWAR", "dtname": "Bageshwar", "SHAPE_Area": 1476102.3622783381 }, "geometry": { "type": "Polygon", "coordinates": [ [ [ 79.805867, 29.7680674 ], [ 79.8064679, 29.767078 ], [ 79.807221, 29.766556 ], [ 79.8063968, 29.7657458 ], [ 79.805988, 29.7641072 ], [ 79.8050554, 29.7653075 ], [ 79.8029384, 29.7655274 ], [ 79.8000447, 29.7651234 ], [ 79.7973559, 29.7641188 ], [ 79.7952773, 29.7642942 ], [ 79.7921285, 29.7639342 ], [ 79.7874733, 29.7624747 ], [ 79.7833727, 29.7618202 ], [ 79.7782629, 29.7601 ], [ 79.7754703, 29.7602853 ], [ 79.7729596, 29.7596699 ], [ 79.7721178, 29.7598801 ], [ 79.7722029, 29.7603728 ], [ 79.7760527, 29.762511 ], [ 79.7785891, 29.7630708 ], [ 79.7794039, 29.763706 ], [ 79.779619, 29.7646741 ], [ 79.781795, 29.7653397 ], [ 79.7832516, 29.7654244 ], [ 79.7852279, 29.7654159 ], [ 79.7862747, 29.7647387 ], [ 79.7873968, 29.7646734 ], [ 79.7895352, 29.7668232 ], [ 79.7894829, 29.7676019 ], [ 79.7920969, 29.7675385 ], [ 79.7928991, 29.7682404 ], [ 79.7952324, 29.7682656 ], [ 79.795678, 29.7686889 ], [ 79.7974528, 29.7672672 ], [ 79.805867, 29.7680674 ] ] ] } },
{ "type": "Feature", "properties": { "gp_code": "", "gp_name": "", "blkname": "BAGESHWAR", "dtname": "Bageshwar", "SHAPE_Area": 458891.91516117961 }, "geometry": { "type": "Polygon", "coordinates": [ [ [ 79.8032883, 29.7699554 ], [ 79.8008789, 29.7696521 ], [ 79.7988129, 29.7698498 ], [ 79.796136, 29.769357 ], [ 79.7962245, 29.7698132 ], [ 79.7940523, 29.7724803 ], [ 79.7940256, 29.7731811 ], [ 79.7985771, 29.7736763 ], [ 79.8021988, 29.7734805 ], [ 79.8034371, 29.7726032 ], [ 79.803706, 29.7719027 ], [ 79.8032883, 29.7699554 ] ] ] } },
{ "type": "Feature", "properties": { "gp_code": "", "gp_name": "", "blkname": "BAGESHWAR", "dtname": "Bageshwar", "SHAPE_Area": 278591.38629144477 }, "geometry": { "type": "Polygon", "coordinates": [ [ [ 79.8058666, 29.7683677 ], [ 79.8054976, 29.7678667 ], [ 79.7974528, 29.7672672 ], [ 79.795678, 29.7686889 ], [ 79.796136, 29.769357 ], [ 79.7988129, 29.7698498 ], [ 79.8008789, 29.7696521 ], [ 79.8036709, 29.7699559 ], [ 79.8058666, 29.7683677 ] ] ] } },
{ "type": "Feature", "properties": { "gp_code": "243084", "gp_name": "BEHARGAON", "blkname": "BAGESHWAR", "dtname": "Bageshwar", "SHAPE_Area": 125618.98873469314 }, "geometry": { "type": "Polygon", "coordinates": [ [ [ 79.798549, 29.7752448 ], [ 79.7986185, 29.776016 ], [ 79.799373, 29.7767585 ], [ 79.8027632, 29.7778425 ], [ 79.8034697, 29.7761631 ], [ 79.8031018, 29.7757088 ], [ 79.8000797, 29.7749575 ], [ 79.798549, 29.7752448 ] ] ] } },
{ "type": "Feature", "properties": { "gp_code": "", "gp_name": "", "blkname": "BAGESHWAR", "dtname": "Bageshwar", "SHAPE_Area": 199949.30344499147 }, "geometry": { "type": "Polygon", "coordinates": [ [ [ 79.799373, 29.7767585 ], [ 79.7986185, 29.776016 ], [ 79.798549, 29.7752448 ], [ 79.7975166, 29.7749543 ], [ 79.7974792, 29.7744759 ], [ 79.7985771, 29.7736763 ], [ 79.7940256, 29.7731811 ], [ 79.7937817, 29.7741486 ], [ 79.7947471, 29.7763747 ], [ 79.7963402, 29.7769218 ], [ 79.799373, 29.7767585 ] ] ] } },
{ "type": "Feature", "properties": { "gp_code": "", "gp_name": "", "blkname": "BAGESHWAR", "dtname": "Bageshwar", "SHAPE_Area": 569031.39805021766 }, "geometry": { "type": "Polygon", "coordinates": [ [ [ 79.7947471, 29.7763747 ], [ 79.7937817, 29.7741486 ], [ 79.7877506, 29.7739628 ], [ 79.7877243, 29.7744189 ], [ 79.7871657, 29.7749967 ], [ 79.7849806, 29.7765894 ], [ 79.789934, 29.779717 ], [ 79.7911084, 29.7790065 ], [ 79.7947766, 29.7792211 ], [ 79.7947471, 29.7763747 ] ] ] } },
{ "type": "Feature", "properties": { "gp_code": "", "gp_name": "", "blkname": "BAGESHWAR", "dtname": "Bageshwar", "SHAPE_Area": 222477.77578348847 }, "geometry": { "type": "Polygon", "coordinates": [ [ [ 79.7937817, 29.7741486 ], [ 79.7940523, 29.7724803 ], [ 79.7929307, 29.7721674 ], [ 79.7907015, 29.7708073 ], [ 79.788547, 29.7705487 ], [ 79.7886584, 29.7725067 ], [ 79.7877506, 29.7739628 ], [ 79.7937817, 29.7741486 ] ] ] } },
{ "type": "Feature", "properties": { "gp_code": "", "gp_name": "", "blkname": "BAGESHWAR", "dtname": "Bageshwar", "SHAPE_Area": 379728.46885559341 }, "geometry": { "type": "Polygon", "coordinates": [ [ [ 79.7962245, 29.7698132 ], [ 79.7952324, 29.7682656 ], [ 79.7928991, 29.7682404 ], [ 79.7920969, 29.7675385 ], [ 79.7908731, 29.7674257 ], [ 79.7885131, 29.7680456 ], [ 79.7878741, 29.7689014 ], [ 79.7876805, 29.7702361 ], [ 79.7907015, 29.7708073 ], [ 79.7929307, 29.7721674 ], [ 79.7940523, 29.7724803 ], [ 79.7962245, 29.7698132 ] ] ] } },
{ "type": "Feature", "properties": { "gp_code": "21878", "gp_name": "UDERKKHANI", "blkname": "BAGESHWAR", "dtname": "Bageshwar", "SHAPE_Area": 888068.09655369236 }, "geometry": { "type": "Polygon", "coordinates": [ [ [ 79.7876805, 29.7702361 ], [ 79.7878741, 29.7689014 ], [ 79.7885131, 29.7680456 ], [ 79.7894829, 29.7676019 ], [ 79.7895352, 29.7668232 ], [ 79.7873968, 29.7646734 ], [ 79.7862747, 29.7647387 ], [ 79.7852279, 29.7654159 ], [ 79.7832516, 29.7654244 ], [ 79.781795, 29.7653397 ], [ 79.779619, 29.7646741 ], [ 79.7799989, 29.7661431 ], [ 79.7798316, 29.7669883 ], [ 79.7785685, 29.7674205 ], [ 79.7783126, 29.7678873 ], [ 79.778144, 29.7695002 ], [ 79.7777356, 29.7696665 ], [ 79.7776417, 29.772089 ], [ 79.7782397, 29.7729711 ], [ 79.7793619, 29.7729282 ], [ 79.7835733, 29.770976 ], [ 79.7876805, 29.7702361 ] ] ] } },
{ "type": "Feature", "properties": { "gp_code": "21801", "gp_name": "KHANKAR", "blkname": "BAGESHWAR", "dtname": "Bageshwar", "SHAPE_Area": 443123.743094504 }, "geometry": { "type": "Polygon", "coordinates": [ [ [ 79.7822317, 29.7797402 ], [ 79.7827431, 29.7790178 ], [ 79.7793459, 29.7747526 ], [ 79.7780103, 29.7745505 ], [ 79.7780086, 29.7754627 ], [ 79.7776352, 29.7758293 ], [ 79.774147, 29.7751143 ], [ 79.7739102, 29.7766918 ], [ 79.7733238, 29.7765464 ], [ 79.7724422, 29.7775241 ], [ 79.7725939, 29.7782363 ], [ 79.7730908, 29.7784372 ], [ 79.7751313, 29.7783733 ], [ 79.7761013, 29.7778852 ], [ 79.7766098, 29.7787313 ], [ 79.780927, 29.7805784 ], [ 79.7822317, 29.7797402 ] ] ] } },
{ "type": "Feature", "properties": { "gp_code": "259938", "gp_name": "RIKHAYAAL", "blkname": "BAGESHWAR", "dtname": "Bageshwar", "SHAPE_Area": 703606.8779267997 }, "geometry": { "type": "Polygon", "coordinates": [ [ [ 79.788547, 29.7705487 ], [ 79.7876805, 29.7702361 ], [ 79.7835733, 29.770976 ], [ 79.779936, 29.7727621 ], [ 79.7782397, 29.7729711 ], [ 79.7798546, 29.7754986 ], [ 79.7827431, 29.7790178 ], [ 79.7838306, 29.7782389 ], [ 79.7849806, 29.7765894 ], [ 79.7877243, 29.7744189 ], [ 79.7886584, 29.7725067 ], [ 79.788547, 29.7705487 ] ] ] } },
{ "type": "Feature", "properties": { "gp_code": "21863", "gp_name": "SIMSYARI", "blkname": "BAGESHWAR", "dtname": "Bageshwar", "SHAPE_Area": 907719.49000350991 }, "geometry": { "type": "Polygon", "coordinates": [ [ [ 79.7843781, 29.7846933 ], [ 79.7856543, 29.7841499 ], [ 79.7873885, 29.7842523 ], [ 79.7888568, 29.7832197 ], [ 79.789934, 29.779717 ], [ 79.7849806, 29.7765894 ], [ 79.7838306, 29.7782389 ], [ 79.780927, 29.7805784 ], [ 79.7766098, 29.7787313 ], [ 79.7746009, 29.7824885 ], [ 79.7754785, 29.7837579 ], [ 79.7769327, 29.7835152 ], [ 79.7782599, 29.7830053 ], [ 79.7805967, 29.7812731 ], [ 79.7821377, 29.7824321 ], [ 79.7831547, 29.7842022 ], [ 79.7843781, 29.7846933 ] ] ] } },
{ "type": "Feature", "properties": { "gp_code": "", "gp_name": "", "blkname": "BAGESHWAR", "dtname": "Bageshwar", "SHAPE_Area": 95711.940600979025 }, "geometry": { "type": "Polygon", "coordinates": [ [ [ 79.7827095, 29.7835564 ], [ 79.7821377, 29.7824321 ], [ 79.7805967, 29.7812731 ], [ 79.7786816, 29.7825387 ], [ 79.7803115, 29.7838535 ], [ 79.7802976, 29.7844987 ], [ 79.7817529, 29.7836553 ], [ 79.7827095, 29.7835564 ] ] ] } },
{ "type": "Feature", "properties": { "gp_code": "", "gp_name": "", "blkname": "BAGESHWAR", "dtname": "Bageshwar", "SHAPE_Area": 84914.668336026065 }, "geometry": { "type": "Polygon", "coordinates": [ [ [ 79.7802976, 29.7844987 ], [ 79.7803115, 29.7838535 ], [ 79.7786816, 29.7825387 ], [ 79.7782599, 29.7830053 ], [ 79.7769327, 29.7835152 ], [ 79.7754785, 29.7837579 ], [ 79.776714, 29.7845717 ], [ 79.7778996, 29.7848181 ], [ 79.7802976, 29.7844987 ] ] ] } },
{ "type": "Feature", "properties": { "gp_code": "", "gp_name": "", "blkname": "BAGESHWAR", "dtname": "Bageshwar", "SHAPE_Area": 297275.90813269833 }, "geometry": { "type": "Polygon", "coordinates": [ [ [ 79.7843781, 29.7846933 ], [ 79.7831547, 29.7842022 ], [ 79.7827095, 29.7835564 ], [ 79.7817529, 29.7836553 ], [ 79.7802976, 29.7844987 ], [ 79.7778996, 29.7848181 ], [ 79.776714, 29.7845717 ], [ 79.7747656, 29.7830561 ], [ 79.7748318, 29.7817213 ], [ 79.773837, 29.7818089 ], [ 79.7724956, 29.7831197 ], [ 79.7741372, 29.785002 ], [ 79.7752711, 29.785582 ], [ 79.7783398, 29.7856961 ], [ 79.7793762, 29.7863218 ], [ 79.7798968, 29.7875573 ], [ 79.7817747, 29.7857355 ], [ 79.7838542, 29.7852933 ], [ 79.7843781, 29.7846933 ] ] ] } },
{ "type": "Feature", "properties": { "gp_code": "", "gp_name": "", "blkname": "BAGESHWAR", "dtname": "Bageshwar", "SHAPE_Area": 5274234.3430782398 }, "geometry": { "type": "Polygon", "coordinates": [ [ [ 79.7847925, 29.803004 ], [ 79.7900047, 29.8001361 ], [ 79.790973, 29.7987071 ], [ 79.789496, 29.7972146 ], [ 79.7887187, 29.7968576 ], [ 79.7877348, 29.7979354 ], [ 79.7867518, 29.798468 ], [ 79.7827343, 29.7984627 ], [ 79.7808363, 29.7971253 ], [ 79.780122, 29.7971799 ], [ 79.7796104, 29.7979579 ], [ 79.7784357, 29.7987016 ], [ 79.7772499, 29.798522 ], [ 79.7760032, 29.7967849 ], [ 79.7747077, 29.7938499 ], [ 79.7746729, 29.7919219 ], [ 79.7763817, 29.7920021 ], [ 79.7783974, 29.7916156 ], [ 79.7798725, 29.7904523 ], [ 79.7796885, 29.7899821 ], [ 79.780276, 29.7894601 ], [ 79.7821223, 29.7911089 ], [ 79.7876416, 29.7931708 ], [ 79.7888383, 29.7940434 ], [ 79.7897503, 29.7940364 ], [ 79.792491, 29.7922018 ], [ 79.7944573, 29.7895788 ], [ 79.7960377, 29.7902038 ], [ 79.797046, 29.7897044 ], [ 79.7971251, 29.7892522 ], [ 79.7959905, 29.7879121 ], [ 79.7958507, 29.7868664 ], [ 79.7984323, 29.784222 ], [ 79.7998104, 29.7837287 ], [ 79.799225, 29.7829826 ], [ 79.7991882, 29.7820815 ], [ 79.8006963, 29.7800699 ], [ 79.8055808, 29.7800539 ], [ 79.8056718, 29.7786687 ], [ 79.8040655, 29.7784109 ], [ 79.799373, 29.7767585 ], [ 79.7963402, 29.7769218 ], [ 79.7947471, 29.7763747 ], [ 79.7947766, 29.7792211 ], [ 79.7911084, 29.7790065 ], [ 79.789934, 29.779717 ], [ 79.7893304, 29.7821969 ], [ 79.7888568, 29.7832197 ], [ 79.7881034, 29.7838306 ], [ 79.7873885, 29.7842523 ], [ 79.7856543, 29.7841499 ], [ 79.7843781, 29.7846933 ], [ 79.7838542, 29.7852933 ], [ 79.7817747, 29.7857355 ], [ 79.7798968, 29.7875573 ], [ 79.7779051, 29.7888116 ], [ 79.7729256, 29.7909611 ], [ 79.7722878, 29.7920409 ], [ 79.7721073, 29.7930641 ], [ 79.7709854, 29.7928511 ], [ 79.7698701, 29.7919786 ], [ 79.7677578, 29.7933916 ], [ 79.7678585, 29.7941037 ], [ 79.7689526, 29.7955403 ], [ 79.769498, 29.7971318 ], [ 79.769535, 29.7978326 ], [ 79.7690311, 29.7980306 ], [ 79.7689781, 29.8004028 ], [ 79.7692962, 29.8027379 ], [ 79.7703501, 29.8053285 ], [ 79.7745705, 29.806038 ], [ 79.7759997, 29.805684 ], [ 79.7776737, 29.8039399 ], [ 79.7786948, 29.8035408 ], [ 79.7818973, 29.8029333 ], [ 79.7841679, 29.8027807 ], [ 79.7847925, 29.803004 ] ] ] } },
{ "type": "Feature", "properties": { "gp_code": "", "gp_name": "", "blkname": "BAGESHWAR", "dtname": "Bageshwar", "SHAPE_Area": 553208.81992288143 }, "geometry": { "type": "Polygon", "coordinates": [ [ [ 79.7887187, 29.7968576 ], [ 79.7888383, 29.7940434 ], [ 79.7884946, 29.7936648 ], [ 79.7821223, 29.7911089 ], [ 79.7806583, 29.7896608 ], [ 79.7798676, 29.7896264 ], [ 79.7798725, 29.7904523 ], [ 79.7826139, 29.7944134 ], [ 79.7831892, 29.7976042 ], [ 79.7836398, 29.7984639 ], [ 79.7867518, 29.798468 ], [ 79.7877348, 29.7979354 ], [ 79.7887187, 29.7968576 ] ] ] } },
{ "type": "Feature", "properties": { "gp_code": "243096", "gp_name": "PAATLI", "blkname": "BAGESHWAR", "dtname": "Bageshwar", "SHAPE_Area": 665917.81004629121 }, "geometry": { "type": "Polygon", "coordinates": [ [ [ 79.7836398, 29.7984639 ], [ 79.7831892, 29.7976042 ], [ 79.7826139, 29.7944134 ], [ 79.7798725, 29.7904523 ], [ 79.7776701, 29.7918593 ], [ 79.7746729, 29.7919219 ], [ 79.7747077, 29.7938499 ], [ 79.7760032, 29.7967849 ], [ 79.7772499, 29.798522 ], [ 79.7784357, 29.7987016 ], [ 79.7796104, 29.7979579 ], [ 79.780122, 29.7971799 ], [ 79.7808363, 29.7971253 ], [ 79.7827343, 29.7984627 ], [ 79.7836398, 29.7984639 ] ] ] } },
{ "type": "Feature", "properties": { "gp_code": "243083", "gp_name": "NOUGAON-2", "blkname": "BAGESHWAR", "dtname": "Bageshwar", "SHAPE_Area": 1140206.4101898603 }, "geometry": { "type": "Polygon", "coordinates": [ [ [ 79.8121194, 29.8042626 ], [ 79.8120348, 29.8036533 ], [ 79.8106958, 29.8030425 ], [ 79.8084624, 29.8000686 ], [ 79.8072662, 29.7992466 ], [ 79.8046866, 29.7989327 ], [ 79.8030749, 29.7995648 ], [ 79.8022157, 29.8020129 ], [ 79.7990044, 29.8044085 ], [ 79.7993441, 29.8058759 ], [ 79.8011105, 29.8077543 ], [ 79.8097485, 29.8072312 ], [ 79.8112752, 29.8063129 ], [ 79.8121194, 29.8042626 ] ] ] } },
{ "type": "Feature", "properties": { "gp_code": "", "gp_name": "", "blkname": "BAGESHWAR", "dtname": "Bageshwar", "SHAPE_Area": 326706.42830820591 }, "geometry": { "type": "Polygon", "coordinates": [ [ [ 79.7997314, 29.7931701 ], [ 79.7964537, 29.7931188 ], [ 79.7951644, 29.7938513 ], [ 79.7945512, 29.7944513 ], [ 79.7933087, 29.7976645 ], [ 79.800799, 29.7972117 ], [ 79.7997757, 29.7960181 ], [ 79.7993394, 29.794144 ], [ 79.7997314, 29.7931701 ] ] ] } },
{ "type": "Feature", "properties": { "gp_code": "", "gp_name": "", "blkname": "BAGESHWAR", "dtname": "Bageshwar", "SHAPE_Area": 1041760.0669861047 }, "geometry": { "type": "Polygon", "coordinates": [ [ [ 79.7933087, 29.7976645 ], [ 79.7945512, 29.7944513 ], [ 79.7951644, 29.7938513 ], [ 79.7964537, 29.7931188 ], [ 79.800715, 29.7933647 ], [ 79.801237, 29.792702 ], [ 79.8012797, 29.7899433 ], [ 79.8008029, 29.7875563 ], [ 79.8003033, 29.7864603 ], [ 79.7985071, 29.7847675 ], [ 79.7984323, 29.784222 ], [ 79.7958507, 29.7868664 ], [ 79.7959905, 29.7879121 ], [ 79.7971251, 29.7892522 ], [ 79.797046, 29.7897044 ], [ 79.7960377, 29.7902038 ], [ 79.7944573, 29.7895788 ], [ 79.792491, 29.7922018 ], [ 79.7897503, 29.7940364 ], [ 79.7888383, 29.7940434 ], [ 79.7885916, 29.7965905 ], [ 79.790973, 29.7987071 ], [ 79.7923019, 29.7986062 ], [ 79.7933087, 29.7976645 ] ] ] } },
{ "type": "Feature", "properties": { "gp_code": "", "gp_name": "", "blkname": "BAGESHWAR", "dtname": "Bageshwar", "SHAPE_Area": 379747.90658718912 }, "geometry": { "type": "Polygon", "coordinates": [ [ [ 79.8052427, 29.7919783 ], [ 79.8052587, 29.7898981 ], [ 79.8049163, 29.7886963 ], [ 79.8019987, 29.7869017 ], [ 79.8011079, 29.785766 ], [ 79.8004477, 29.7839297 ], [ 79.7998104, 29.7837287 ], [ 79.7984323, 29.784222 ], [ 79.7985071, 29.7847675 ], [ 79.8003033, 29.7864603 ], [ 79.8008029, 29.7875563 ], [ 79.8012797, 29.7899433 ], [ 79.801237, 29.792702 ], [ 79.800715, 29.7933647 ], [ 79.8046048, 29.7924992 ], [ 79.8052427, 29.7919783 ] ] ] } },
{ "type": "Feature", "properties": { "gp_code": "21813", "gp_name": "LOBH", "blkname": "BAGESHWAR", "dtname": "Bageshwar", "SHAPE_Area": 877481.09824661317 }, "geometry": { "type": "Polygon", "coordinates": [ [ [ 79.807477, 29.7903958 ], [ 79.8071239, 29.7797384 ], [ 79.8066664, 29.7787144 ], [ 79.8056718, 29.7786687 ], [ 79.8055808, 29.7800539 ], [ 79.8006963, 29.7800699 ], [ 79.7991882, 29.7820815 ], [ 79.799225, 29.7829826 ], [ 79.7998104, 29.7837287 ], [ 79.8004477, 29.7839297 ], [ 79.8011079, 29.785766 ], [ 79.8019987, 29.7869017 ], [ 79.8049163, 29.7886963 ], [ 79.8052587, 29.7898981 ], [ 79.8052427, 29.7919783 ], [ 79.807477, 29.7903958 ] ] ] } },
{ "type": "Feature", "properties": { "gp_code": "", "gp_name": "", "blkname": "BAGESHWAR", "dtname": "Bageshwar", "SHAPE_Area": 226496.7365319214 }, "geometry": { "type": "Polygon", "coordinates": [ [ [ 79.8117118, 29.7940717 ], [ 79.8122214, 29.7944616 ], [ 79.8138796, 29.79433 ], [ 79.8154857, 29.7948769 ], [ 79.8167227, 29.7949228 ], [ 79.8189298, 29.7944581 ], [ 79.8191604, 29.7937909 ], [ 79.8169805, 29.7930988 ], [ 79.8141259, 29.7916828 ], [ 79.8129491, 29.7917867 ], [ 79.8120334, 29.7923256 ], [ 79.8115093, 29.7930814 ], [ 79.8117118, 29.7940717 ] ] ] } },
{ "type": "Feature", "properties": { "gp_code": "", "gp_name": "", "blkname": "BAGESHWAR", "dtname": "Bageshwar", "SHAPE_Area": 9086358.0785867199 }, "geometry": { "type": "Polygon", "coordinates": [ [ [ 79.8027989, 29.8116363 ], [ 79.8025145, 29.8112008 ], [ 79.8025455, 29.8094328 ], [ 79.7998418, 29.8066349 ], [ 79.7990044, 29.8044085 ], [ 79.8022157, 29.8020129 ], [ 79.8030749, 29.7995648 ], [ 79.8046866, 29.7989327 ], [ 79.8059694, 29.7990088 ], [ 79.8072662, 29.7992466 ], [ 79.8084624, 29.8000686 ], [ 79.8106958, 29.8030425 ], [ 79.8120348, 29.8036533 ], [ 79.8121194, 29.8042626 ], [ 79.8135854, 29.805781 ], [ 79.8150361, 29.8088882 ], [ 79.8194132, 29.807609 ], [ 79.8202555, 29.8067645 ], [ 79.820771, 29.8053419 ], [ 79.821955, 29.8046405 ], [ 79.8235126, 29.8019567 ], [ 79.8227866, 29.8012846 ], [ 79.8225601, 29.8001903 ], [ 79.8225622, 29.7987605 ], [ 79.8228335, 29.7984376 ], [ 79.8253567, 29.7983409 ], [ 79.8263816, 29.7993366 ], [ 79.8264123, 29.7977577 ], [ 79.8261136, 29.7973222 ], [ 79.8267703, 29.7966391 ], [ 79.8256175, 29.7953573 ], [ 79.8256467, 29.7948601 ], [ 79.8272574, 29.7948618 ], [ 79.8290378, 29.7958707 ], [ 79.8296822, 29.7955779 ], [ 79.8269749, 29.7929841 ], [ 79.8255218, 29.7924853 ], [ 79.8235831, 29.7925951 ], [ 79.8232118, 29.7930547 ], [ 79.8206331, 29.792194 ], [ 79.8196065, 29.7924042 ], [ 79.8187659, 29.7921919 ], [ 79.8178834, 29.7912958 ], [ 79.8169281, 29.7892047 ], [ 79.8190401, 29.7878083 ], [ 79.821378, 29.7881595 ], [ 79.8227497, 29.7873102 ], [ 79.8234909, 29.7872986 ], [ 79.8248394, 29.7880775 ], [ 79.8254853, 29.7880219 ], [ 79.827554, 29.7866316 ], [ 79.8303426, 29.7876847 ], [ 79.8318429, 29.7876059 ], [ 79.8343979, 29.7848982 ], [ 79.8344918, 29.7832935 ], [ 79.835103, 29.782485 ], [ 79.8397936, 29.7786187 ], [ 79.840076, 29.7777953 ], [ 79.8373411, 29.7788997 ], [ 79.8299193, 29.7804251 ], [ 79.8282099, 29.781062 ], [ 79.8245479, 29.7817394 ], [ 79.8220587, 29.7815238 ], [ 79.8130179, 29.7881564 ], [ 79.8104774, 29.7894735 ], [ 79.8081822, 29.7899818 ], [ 79.8046048, 29.7924992 ], [ 79.800715, 29.7933647 ], [ 79.7997314, 29.7931701 ], [ 79.7993394, 29.794144 ], [ 79.7997757, 29.7960181 ], [ 79.800799, 29.7972117 ], [ 79.7933087, 29.7976645 ], [ 79.7923019, 29.7986062 ], [ 79.790973, 29.7987071 ], [ 79.7900047, 29.8001361 ], [ 79.7841404, 29.8033645 ], [ 79.7829672, 29.804172 ], [ 79.7825752, 29.8049805 ], [ 79.7822798, 29.8063853 ], [ 79.7827654, 29.8078336 ], [ 79.7823896, 29.8086264 ], [ 79.7831804, 29.8092878 ], [ 79.7885445, 29.8106735 ], [ 79.7952001, 29.8118382 ], [ 79.7960848, 29.8124726 ], [ 79.7971917, 29.8144639 ], [ 79.7976903, 29.8146635 ], [ 79.7987457, 29.8144286 ], [ 79.8024122, 29.8126272 ], [ 79.8027989, 29.8116363 ] ], [ [ 79.8117118, 29.7940717 ], [ 79.8115093, 29.7930814 ], [ 79.8120334, 29.7923256 ], [ 79.8129491, 29.7917867 ], [ 79.8141259, 29.7916828 ], [ 79.8169805, 29.7930988 ], [ 79.8191604, 29.7937909 ], [ 79.8189298, 29.7944581 ], [ 79.8167227, 29.7949228 ], [ 79.8154857, 29.7948769 ], [ 79.8138796, 29.79433 ], [ 79.8122214, 29.7944616 ], [ 79.8117118, 29.7940717 ] ] ] } },
{ "type": "Feature", "properties": { "gp_code": "", "gp_name": "", "blkname": "BAGESHWAR", "dtname": "Bageshwar", "SHAPE_Area": 843135.57686205511 }, "geometry": { "type": "Polygon", "coordinates": [ [ [ 79.8144319, 29.8116314 ], [ 79.8149326, 29.8104634 ], [ 79.8150361, 29.8088882 ], [ 79.8135854, 29.805781 ], [ 79.8121194, 29.8042626 ], [ 79.8112752, 29.8063129 ], [ 79.8097485, 29.8072312 ], [ 79.8011105, 29.8077543 ], [ 79.8025455, 29.8094328 ], [ 79.8025145, 29.8112008 ], [ 79.8031979, 29.8117611 ], [ 79.8038383, 29.8113025 ], [ 79.8046669, 29.8113526 ], [ 79.8069753, 29.8120889 ], [ 79.8106405, 29.8111981 ], [ 79.8120081, 29.8118089 ], [ 79.8140535, 29.8113256 ], [ 79.8144319, 29.8116314 ] ] ] } },
{ "type": "Feature", "properties": { "gp_code": "21767", "gp_name": "DHUNGA", "blkname": "BAGESHWAR", "dtname": "Bageshwar", "SHAPE_Area": 663027.89233782818 }, "geometry": { "type": "Polygon", "coordinates": [ [ [ 79.8186895, 29.8150427 ], [ 79.8229096, 29.8148609 ], [ 79.8229143, 29.8116409 ], [ 79.8186998, 29.8079425 ], [ 79.8150361, 29.8088882 ], [ 79.8149326, 29.8104634 ], [ 79.8144319, 29.8116314 ], [ 79.8147568, 29.8136334 ], [ 79.8163237, 29.8145178 ], [ 79.8186895, 29.8150427 ] ] ] } },
{ "type": "Feature", "properties": { "gp_code": "21827", "gp_name": "NAGHARMAJILA", "blkname": "BAGESHWAR", "dtname": "Bageshwar", "SHAPE_Area": 1537288.0302235342 }, "geometry": { "type": "Polygon", "coordinates": [ [ [ 79.8228594, 29.8076812 ], [ 79.825269, 29.8073605 ], [ 79.8257616, 29.8066625 ], [ 79.8301401, 29.8036827 ], [ 79.8304917, 29.8036612 ], [ 79.830623, 29.8052964 ], [ 79.8315134, 29.8070439 ], [ 79.832069, 29.8073109 ], [ 79.8329756, 29.8073119 ], [ 79.8347071, 29.8066742 ], [ 79.8379205, 29.8048934 ], [ 79.8368405, 29.8024664 ], [ 79.8351188, 29.8020983 ], [ 79.8306297, 29.7991546 ], [ 79.8297472, 29.798271 ], [ 79.8287736, 29.7981643 ], [ 79.8267703, 29.7966391 ], [ 79.8261136, 29.7973222 ], [ 79.8264123, 29.7977577 ], [ 79.8263816, 29.7993366 ], [ 79.8253567, 29.7983409 ], [ 79.8239599, 29.7982399 ], [ 79.8228335, 29.7984376 ], [ 79.8225622, 29.7987605 ], [ 79.8227866, 29.8012846 ], [ 79.8235126, 29.8019567 ], [ 79.8232122, 29.8027521 ], [ 79.821955, 29.8046405 ], [ 79.820771, 29.8053419 ], [ 79.8202555, 29.8067645 ], [ 79.8186998, 29.8079425 ], [ 79.8201807, 29.8091887 ], [ 79.8228594, 29.8076812 ] ] ] } },
{ "type": "Feature", "properties": { "gp_code": "21792", "gp_name": "KANDEY", "blkname": "BAGESHWAR", "dtname": "Bageshwar", "SHAPE_Area": 1087082.6847533025 }, "geometry": { "type": "Polygon", "coordinates": [ [ [ 79.8289126, 29.8187907 ], [ 79.8282578, 29.8134245 ], [ 79.8292118, 29.8117161 ], [ 79.8297567, 29.8094042 ], [ 79.8329756, 29.8073119 ], [ 79.8315134, 29.8070439 ], [ 79.830623, 29.8052964 ], [ 79.8304917, 29.8036612 ], [ 79.8288084, 29.8044924 ], [ 79.8257616, 29.8066625 ], [ 79.825269, 29.8073605 ], [ 79.8228594, 29.8076812 ], [ 79.8201807, 29.8091887 ], [ 79.8229143, 29.8116409 ], [ 79.8229096, 29.8148609 ], [ 79.822667, 29.8150595 ], [ 79.8256462, 29.8153611 ], [ 79.8261018, 29.8157843 ], [ 79.8264422, 29.8170527 ], [ 79.827282, 29.8179985 ], [ 79.8289126, 29.8187907 ] ] ] } },
{ "type": "Feature", "properties": { "gp_code": "", "gp_name": "", "blkname": "BAGESHWAR", "dtname": "Bageshwar", "SHAPE_Area": 365424.59816017927 }, "geometry": { "type": "Polygon", "coordinates": [ [ [ 79.8349069, 29.8145442 ], [ 79.8374649, 29.8126072 ], [ 79.8391637, 29.8108436 ], [ 79.8423169, 29.8087332 ], [ 79.8438002, 29.8081876 ], [ 79.8409757, 29.8083638 ], [ 79.8401807, 29.808703 ], [ 79.838299, 29.809817 ], [ 79.8361292, 29.8119781 ], [ 79.8332624, 29.8129697 ], [ 79.8284867, 29.8128777 ], [ 79.8282578, 29.8134245 ], [ 79.8285117, 29.8153766 ], [ 79.8294598, 29.8150482 ], [ 79.8349069, 29.8145442 ] ] ] } },
{ "type": "Feature", "properties": { "gp_code": "21867", "gp_name": "SYALDOBA", "blkname": "BAGESHWAR", "dtname": "Bageshwar", "SHAPE_Area": 724030.11153267522 }, "geometry": { "type": "Polygon", "coordinates": [ [ [ 79.8401807, 29.808703 ], [ 79.8379205, 29.8048934 ], [ 79.8329756, 29.8073119 ], [ 79.8297567, 29.8094042 ], [ 79.8292118, 29.8117161 ], [ 79.8284867, 29.8128777 ], [ 79.8332624, 29.8129697 ], [ 79.8361292, 29.8119781 ], [ 79.838299, 29.809817 ], [ 79.8401807, 29.808703 ] ] ] } },
{ "type": "Feature", "properties": { "gp_code": "21822", "gp_name": "MATIYOLI", "blkname": "BAGESHWAR", "dtname": "Bageshwar", "SHAPE_Area": 2568387.4934952999 }, "geometry": { "type": "Polygon", "coordinates": [ [ [ 79.8432394, 29.803643 ], [ 79.8442094, 29.803128 ], [ 79.8450647, 29.8031288 ], [ 79.8443368, 29.8016933 ], [ 79.8405784, 29.7999542 ], [ 79.8401516, 29.7993197 ], [ 79.8400966, 29.7977283 ], [ 79.8373371, 29.7959086 ], [ 79.8380334, 29.7949724 ], [ 79.8380198, 29.7944502 ], [ 79.8373083, 29.7935792 ], [ 79.8365963, 29.793019 ], [ 79.8336185, 29.7920835 ], [ 79.8344186, 29.790667 ], [ 79.8352532, 29.7899542 ], [ 79.8384468, 29.7891055 ], [ 79.8415924, 29.787423 ], [ 79.8413505, 29.787056 ], [ 79.8369479, 29.7858332 ], [ 79.835722, 29.7859314 ], [ 79.8343979, 29.7848982 ], [ 79.8318429, 29.7876059 ], [ 79.8303426, 29.7876847 ], [ 79.830273, 29.7890465 ], [ 79.829304, 29.7889335 ], [ 79.8280777, 29.7892555 ], [ 79.8269979, 29.7918824 ], [ 79.8250892, 29.7913162 ], [ 79.8205379, 29.7890608 ], [ 79.8194106, 29.7899423 ], [ 79.8192228, 29.7905642 ], [ 79.820021, 29.7916214 ], [ 79.8214265, 29.7925912 ], [ 79.8232118, 29.7930547 ], [ 79.8235831, 29.7925951 ], [ 79.8255218, 29.7924853 ], [ 79.8269749, 29.7929841 ], [ 79.8296822, 29.7955779 ], [ 79.8290378, 29.7958707 ], [ 79.8272574, 29.7948618 ], [ 79.8256467, 29.7948601 ], [ 79.8256175, 29.7953573 ], [ 79.8262434, 29.7962532 ], [ 79.8287736, 29.7981643 ], [ 79.8297472, 29.798271 ], [ 79.8306297, 29.7991546 ], [ 79.8351188, 29.8020983 ], [ 79.8384897, 29.8027628 ], [ 79.8415121, 29.8055062 ], [ 79.8430238, 29.8050104 ], [ 79.8428251, 29.8042891 ], [ 79.8432394, 29.803643 ] ] ] } },
{ "type": "Feature", "properties": { "gp_code": "21869", "gp_name": "TACHANI", "blkname": "BAGESHWAR", "dtname": "Bageshwar", "SHAPE_Area": 526989.17219239264 }, "geometry": { "type": "Polygon", "coordinates": [ [ [ 79.8200388, 29.7892468 ], [ 79.8205379, 29.7890608 ], [ 79.8213927, 29.7893104 ], [ 79.8250892, 29.7913162 ], [ 79.8269979, 29.7918824 ], [ 79.8280777, 29.7892555 ], [ 79.829304, 29.7889335 ], [ 79.830273, 29.7890465 ], [ 79.8303426, 29.7876847 ], [ 79.827554, 29.7866316 ], [ 79.8254853, 29.7880219 ], [ 79.8248394, 29.7880775 ], [ 79.8234909, 29.7872986 ], [ 79.8227497, 29.7873102 ], [ 79.821378, 29.7881595 ], [ 79.8190401, 29.7878083 ], [ 79.8169281, 29.7892047 ], [ 79.8178834, 29.7912958 ], [ 79.8187659, 29.7921919 ], [ 79.8196065, 29.7924042 ], [ 79.8206331, 29.792194 ], [ 79.8192228, 29.7905642 ], [ 79.8200388, 29.7892468 ] ] ] } },
{ "type": "Feature", "properties": { "gp_code": "21838", "gp_name": "PAGANA", "blkname": "BAGESHWAR", "dtname": "Bageshwar", "SHAPE_Area": 2860466.2967217634 }, "geometry": { "type": "Polygon", "coordinates": [ [ [ 79.8220587, 29.7815238 ], [ 79.8234083, 29.7797903 ], [ 79.8222234, 29.7790215 ], [ 79.8190864, 29.7790291 ], [ 79.8186417, 29.7779384 ], [ 79.8174192, 29.7768135 ], [ 79.8116817, 29.7762507 ], [ 79.8112231, 29.7759498 ], [ 79.8109571, 29.7748037 ], [ 79.8113282, 29.7739142 ], [ 79.8066904, 29.7715281 ], [ 79.8061557, 29.7709712 ], [ 79.805749, 29.7701586 ], [ 79.8058666, 29.7683677 ], [ 79.8046153, 29.7694008 ], [ 79.8032883, 29.7699554 ], [ 79.803706, 29.7719027 ], [ 79.8034371, 29.7726032 ], [ 79.8021988, 29.7734805 ], [ 79.7985771, 29.7736763 ], [ 79.7974792, 29.7744759 ], [ 79.7975166, 29.7749543 ], [ 79.7982302, 29.7752667 ], [ 79.8000797, 29.7749575 ], [ 79.8031018, 29.7757088 ], [ 79.8034697, 29.7761631 ], [ 79.8027632, 29.7778425 ], [ 79.8040655, 29.7784109 ], [ 79.8066664, 29.7787144 ], [ 79.8071239, 29.7797384 ], [ 79.807477, 29.7903958 ], [ 79.8104774, 29.7894735 ], [ 79.8130179, 29.7881564 ], [ 79.8220587, 29.7815238 ] ] ] } },
{ "type": "Feature", "properties": { "gp_code": "", "gp_name": "", "blkname": "BAGESHWAR", "dtname": "Bageshwar", "SHAPE_Area": 1762992.64342148 }, "geometry": { "type": "Polygon", "coordinates": [ [ [ 79.8268939, 29.7645709 ], [ 79.8268476, 29.7642977 ], [ 79.8245027, 29.7634274 ], [ 79.8183581, 29.7630693 ], [ 79.8178733, 29.7629084 ], [ 79.817097, 29.761884 ], [ 79.8148019, 29.7607531 ], [ 79.8132352, 29.7609118 ], [ 79.8102589, 29.7644571 ], [ 79.8099276, 29.7643232 ], [ 79.8096231, 29.7633772 ], [ 79.8084894, 29.7626639 ], [ 79.8072531, 29.762351 ], [ 79.8057096, 29.7628052 ], [ 79.8063968, 29.7657458 ], [ 79.807221, 29.766556 ], [ 79.8064679, 29.767078 ], [ 79.805867, 29.7680674 ], [ 79.805749, 29.7701586 ], [ 79.8066904, 29.7715281 ], [ 79.8113282, 29.7739142 ], [ 79.811571, 29.7735696 ], [ 79.8108595, 29.7719001 ], [ 79.8109276, 29.7708756 ], [ 79.811673, 29.7703388 ], [ 79.8116541, 29.7692534 ], [ 79.8121526, 29.7684975 ], [ 79.8184044, 29.7687861 ], [ 79.8213234, 29.7665388 ], [ 79.8233386, 29.7661406 ], [ 79.8268939, 29.7645709 ] ] ] } },
{ "type": "Feature", "properties": { "gp_code": "21776", "gp_name": "GHATGAR", "blkname": "BAGESHWAR", "dtname": "Bageshwar", "SHAPE_Area": 1890744.3273269432 }, "geometry": { "type": "Polygon", "coordinates": [ [ [ 79.8270364, 29.7695294 ], [ 79.8275443, 29.7683716 ], [ 79.8268939, 29.7645709 ], [ 79.8233386, 29.7661406 ], [ 79.8213234, 29.7665388 ], [ 79.8184044, 29.7687861 ], [ 79.8121526, 29.7684975 ], [ 79.8116541, 29.7692534 ], [ 79.811673, 29.7703388 ], [ 79.8109276, 29.7708756 ], [ 79.8108595, 29.7719001 ], [ 79.811571, 29.7735696 ], [ 79.8109571, 29.7748037 ], [ 79.8109688, 29.7754712 ], [ 79.8116817, 29.7762507 ], [ 79.8174192, 29.7768135 ], [ 79.8186417, 29.7779384 ], [ 79.8190864, 29.7790291 ], [ 79.8222234, 29.7790215 ], [ 79.8234083, 29.7797903 ], [ 79.8237246, 29.7771396 ], [ 79.823287, 29.7759468 ], [ 79.820948, 29.7732189 ], [ 79.8221698, 29.7721983 ], [ 79.8248072, 29.7710088 ], [ 79.8270364, 29.7695294 ] ] ] } },
{ "type": "Feature", "properties": { "gp_code": "21750", "gp_name": "BOHALA", "blkname": "BAGESHWAR", "dtname": "Bageshwar", "SHAPE_Area": 5584810.3467113795 }, "geometry": { "type": "Polygon", "coordinates": [ [ [ 79.8102589, 29.7644571 ], [ 79.8132352, 29.7609118 ], [ 79.8148019, 29.7607531 ], [ 79.817097, 29.761884 ], [ 79.8178733, 29.7629084 ], [ 79.8183581, 29.7630693 ], [ 79.8245027, 29.7634274 ], [ 79.8268476, 29.7642977 ], [ 79.8266294, 29.7594706 ], [ 79.8287805, 29.7568752 ], [ 79.8318615, 29.7522793 ], [ 79.8326444, 29.7499465 ], [ 79.8315364, 29.750485 ], [ 79.8308404, 29.7515316 ], [ 79.8291046, 29.7499243 ], [ 79.8274099, 29.7493592 ], [ 79.8205731, 29.7495133 ], [ 79.8184628, 29.748145 ], [ 79.8149137, 29.7469372 ], [ 79.8109436, 29.7484677 ], [ 79.8097192, 29.7471922 ], [ 79.8080196, 29.7465807 ], [ 79.8051199, 29.7462163 ], [ 79.8048142, 29.7469661 ], [ 79.8021569, 29.7482234 ], [ 79.800216, 29.7499474 ], [ 79.8002064, 29.7518757 ], [ 79.800741, 29.7541041 ], [ 79.8019073, 29.7565485 ], [ 79.8043259, 29.7589655 ], [ 79.8057096, 29.7628052 ], [ 79.8072531, 29.762351 ], [ 79.8084894, 29.7626639 ], [ 79.8096231, 29.7633772 ], [ 79.8099276, 29.7643232 ], [ 79.8102589, 29.7644571 ] ] ] } },
{ "type": "Feature", "properties": { "gp_code": "21852", "gp_name": "RATMOLI", "blkname": "BAGESHWAR", "dtname": "Bageshwar", "SHAPE_Area": 1507169.4459446659 }, "geometry": { "type": "Polygon", "coordinates": [ [ [ 79.8528612, 29.7801231 ], [ 79.8571226, 29.7801393 ], [ 79.8570377, 29.7796046 ], [ 79.8580085, 29.7781632 ], [ 79.858095, 29.7773552 ], [ 79.8566619, 29.7718958 ], [ 79.8512464, 29.7717914 ], [ 79.8503491, 29.7714052 ], [ 79.8482502, 29.7745612 ], [ 79.8463257, 29.7764813 ], [ 79.8443722, 29.7772885 ], [ 79.840076, 29.7777953 ], [ 79.8397936, 29.7786187 ], [ 79.8416728, 29.7802866 ], [ 79.8438809, 29.7811217 ], [ 79.8454343, 29.781173 ], [ 79.8470166, 29.780988 ], [ 79.8476014, 29.7805907 ], [ 79.8516208, 29.7804701 ], [ 79.8528612, 29.7801231 ] ] ] } },
{ "type": "Feature", "properties": { "gp_code": "25483", "gp_name": "PALTODI", "blkname": "BAGESHWAR", "dtname": "Bageshwar", "SHAPE_Area": 285639.28566276893 }, "geometry": { "type": "Polygon", "coordinates": [ [ [ 79.8553505, 29.7720562 ], [ 79.856206, 29.7717213 ], [ 79.8571749, 29.7718962 ], [ 79.8591163, 29.7691377 ], [ 79.8573184, 29.7679747 ], [ 79.8532167, 29.7694189 ], [ 79.8503491, 29.7714052 ], [ 79.8512464, 29.7717914 ], [ 79.8553505, 29.7720562 ] ] ] } },
{ "type": "Feature", "properties": { "gp_code": "21810", "gp_name": "KULARANGCHAURA", "blkname": "BAGESHWAR", "dtname": "Bageshwar", "SHAPE_Area": 2533958.3285081889 }, "geometry": { "type": "Polygon", "coordinates": [ [ [ 79.8633353, 29.7828022 ], [ 79.8642653, 29.7781313 ], [ 79.8660181, 29.7783068 ], [ 79.8670861, 29.7791656 ], [ 79.8696227, 29.7794412 ], [ 79.8700794, 29.7788945 ], [ 79.8700532, 29.7767063 ], [ 79.8703527, 29.7764827 ], [ 79.8731733, 29.7777655 ], [ 79.874114, 29.7776792 ], [ 79.8741618, 29.772706 ], [ 79.8722023, 29.7706699 ], [ 79.8715693, 29.7692642 ], [ 79.8698634, 29.7674558 ], [ 79.867519, 29.7683666 ], [ 79.8626871, 29.7681923 ], [ 79.8606849, 29.7690848 ], [ 79.8591163, 29.7691377 ], [ 79.8578884, 29.771126 ], [ 79.8571749, 29.7718962 ], [ 79.8566619, 29.7718958 ], [ 79.858095, 29.7773552 ], [ 79.8580085, 29.7781632 ], [ 79.8570377, 29.7796046 ], [ 79.8571226, 29.7801393 ], [ 79.8581191, 29.7811224 ], [ 79.8609396, 29.7825049 ], [ 79.8633353, 29.7828022 ] ] ] } },
{ "type": "Feature", "properties": { "gp_code": "", "gp_name": "", "blkname": "BAGESHWAR", "dtname": "Bageshwar", "SHAPE_Area": 5063651.2415531399 }, "geometry": { "type": "Polygon", "coordinates": [ [ [ 79.8783792, 29.7882505 ], [ 79.8814271, 29.7886707 ], [ 79.883993, 29.7904428 ], [ 79.8843381, 29.7897986 ], [ 79.8866344, 29.7877988 ], [ 79.88976, 29.7863106 ], [ 79.8898585, 29.7853739 ], [ 79.8892245, 29.7846921 ], [ 79.888933, 29.7830738 ], [ 79.8882015, 29.7823068 ], [ 79.8879508, 29.781485 ], [ 79.888449, 29.7784746 ], [ 79.886938, 29.7760889 ], [ 79.8860452, 29.7753009 ], [ 79.884644, 29.7758744 ], [ 79.8835705, 29.7754904 ], [ 79.8811316, 29.7737427 ], [ 79.8779094, 29.774379 ], [ 79.8741618, 29.772706 ], [ 79.874114, 29.7776792 ], [ 79.8731733, 29.7777655 ], [ 79.8703527, 29.7764827 ], [ 79.8700532, 29.7767063 ], [ 79.8700794, 29.7788945 ], [ 79.8696227, 29.7794412 ], [ 79.8670861, 29.7791656 ], [ 79.8660181, 29.7783068 ], [ 79.8642653, 29.7781313 ], [ 79.8633353, 29.7828022 ], [ 79.8609396, 29.7825049 ], [ 79.8590021, 29.7817573 ], [ 79.8571226, 29.7801393 ], [ 79.8564525, 29.779987 ], [ 79.853347, 29.7799872 ], [ 79.8516208, 29.7804701 ], [ 79.8476014, 29.7805907 ], [ 79.8470166, 29.780988 ], [ 79.8484364, 29.7820542 ], [ 79.8488077, 29.7833288 ], [ 79.8492838, 29.7837712 ], [ 79.8507115, 29.7842953 ], [ 79.8515268, 29.7849858 ], [ 79.8526951, 29.7879122 ], [ 79.853322, 29.7880743 ], [ 79.8534061, 29.790066 ], [ 79.8540034, 29.7903999 ], [ 79.8566839, 29.7897434 ], [ 79.8584709, 29.7898934 ], [ 79.8599484, 29.7910154 ], [ 79.8612319, 29.7887154 ], [ 79.8660928, 29.7883092 ], [ 79.8719836, 29.7813386 ], [ 79.8744506, 29.7798002 ], [ 79.8751659, 29.7803967 ], [ 79.8750366, 29.7814037 ], [ 79.8766318, 29.7825114 ], [ 79.8780839, 29.7842531 ], [ 79.8783792, 29.7882505 ] ] ] } },
{ "type": "Feature", "properties": { "gp_code": "21842", "gp_name": "PALRIBAGAR", "blkname": "BAGESHWAR", "dtname": "Bageshwar", "SHAPE_Area": 1685662.4640850259 }, "geometry": { "type": "Polygon", "coordinates": [ [ [ 79.8702962, 29.7895248 ], [ 79.8748593, 29.7875516 ], [ 79.8761965, 29.7882083 ], [ 79.8783792, 29.7882505 ], [ 79.8780839, 29.7842531 ], [ 79.8766318, 29.7825114 ], [ 79.8750366, 29.7814037 ], [ 79.8751659, 29.7803967 ], [ 79.8744506, 29.7798002 ], [ 79.8719836, 29.7813386 ], [ 79.8660928, 29.7883092 ], [ 79.8612319, 29.7887154 ], [ 79.8599484, 29.7910154 ], [ 79.8595709, 29.7938316 ], [ 79.8628722, 29.7940377 ], [ 79.8662409, 29.7949997 ], [ 79.8683665, 29.7946828 ], [ 79.8687592, 29.7941966 ], [ 79.8691873, 29.7917514 ], [ 79.8702962, 29.7895248 ] ] ] } },
{ "type": "Feature", "properties": { "gp_code": "21880", "gp_name": "AGARMARTOLI", "blkname": "BAGESHWAR", "dtname": "Bageshwar", "SHAPE_Area": 2390161.0180462794 }, "geometry": { "type": "Polygon", "coordinates": [ [ [ 79.891841, 29.8051187 ], [ 79.8961052, 29.8044163 ], [ 79.896916, 29.8049106 ], [ 79.8980154, 29.8028351 ], [ 79.8979956, 29.801865 ], [ 79.8967765, 29.8013673 ], [ 79.8951669, 29.7999241 ], [ 79.8942557, 29.7986056 ], [ 79.8939169, 29.7947886 ], [ 79.892877, 29.7946161 ], [ 79.8920968, 29.7936362 ], [ 79.8925887, 29.7893358 ], [ 79.8913693, 29.7881427 ], [ 79.8906382, 29.7869074 ], [ 79.88976, 29.7863106 ], [ 79.8866344, 29.7877988 ], [ 79.8843381, 29.7897986 ], [ 79.8827225, 29.7946517 ], [ 79.8819435, 29.7947182 ], [ 79.8847608, 29.7969837 ], [ 79.8852041, 29.7985249 ], [ 79.8851858, 29.802926 ], [ 79.8903507, 29.8056179 ], [ 79.8913274, 29.8055908 ], [ 79.891841, 29.8051187 ] ] ] } },
{ "type": "Feature", "properties": { "gp_code": "21827", "gp_name": "NAGHARMAJILA", "blkname": "BAGESHWAR", "dtname": "Bageshwar", "SHAPE_Area": 912447.01947055571 }, "geometry": { "type": "Polygon", "coordinates": [ [ [ 79.8887419, 29.8114446 ], [ 79.8913274, 29.8055908 ], [ 79.8903507, 29.8056179 ], [ 79.8851858, 29.802926 ], [ 79.8852041, 29.7985249 ], [ 79.8847608, 29.7969837 ], [ 79.8819435, 29.7947182 ], [ 79.8809157, 29.7951613 ], [ 79.8814985, 29.7983554 ], [ 79.8803232, 29.8020164 ], [ 79.8805565, 29.8028791 ], [ 79.8820684, 29.8020931 ], [ 79.8839434, 29.8018797 ], [ 79.8844772, 29.8022603 ], [ 79.8848431, 29.8034976 ], [ 79.8842539, 29.8085945 ], [ 79.8852651, 29.8096271 ], [ 79.8887419, 29.8114446 ] ] ] } },
{ "type": "Feature", "properties": { "gp_code": "", "gp_name": "", "blkname": "BAGESHWAR", "dtname": "Bageshwar", "SHAPE_Area": 1127469.7278744928 }, "geometry": { "type": "Polygon", "coordinates": [ [ [ 79.8950341, 29.8165414 ], [ 79.8967223, 29.8149558 ], [ 79.8973762, 29.8138709 ], [ 79.8969091, 29.813203 ], [ 79.8971208, 29.8124202 ], [ 79.8958634, 29.8088951 ], [ 79.896916, 29.8049106 ], [ 79.8961052, 29.8044163 ], [ 79.8933524, 29.804697 ], [ 79.891841, 29.8051187 ], [ 79.8913274, 29.8055908 ], [ 79.8904064, 29.8081718 ], [ 79.8887419, 29.8114446 ], [ 79.8889544, 29.8128869 ], [ 79.8876134, 29.8139552 ], [ 79.8878482, 29.8144534 ], [ 79.8892523, 29.8146028 ], [ 79.8914318, 29.8165188 ], [ 79.8950341, 29.8165414 ] ] ] } },
{ "type": "Feature", "properties": { "gp_code": "", "gp_name": "", "blkname": "BAGESHWAR", "dtname": "Bageshwar", "SHAPE_Area": 1857618.4687144714 }, "geometry": { "type": "Polygon", "coordinates": [ [ [ 79.8805075, 29.8119085 ], [ 79.8831835, 29.809837 ], [ 79.8842539, 29.8085945 ], [ 79.8848431, 29.8034976 ], [ 79.8844772, 29.8022603 ], [ 79.8839434, 29.8018797 ], [ 79.8820684, 29.8020931 ], [ 79.8805565, 29.8028791 ], [ 79.879882, 29.8038471 ], [ 79.8785141, 29.8046977 ], [ 79.8769033, 29.8043558 ], [ 79.8755351, 29.8055044 ], [ 79.8748993, 29.8065259 ], [ 79.872101, 29.8081409 ], [ 79.8709915, 29.8083112 ], [ 79.8651757, 29.8135012 ], [ 79.8645172, 29.8147332 ], [ 79.8651054, 29.8141534 ], [ 79.8656726, 29.8141374 ], [ 79.8658565, 29.8154802 ], [ 79.8662557, 29.8155054 ], [ 79.8698899, 29.8144098 ], [ 79.8724296, 29.8147023 ], [ 79.8744114, 29.8144925 ], [ 79.87713, 29.8128562 ], [ 79.8805075, 29.8119085 ] ] ] } },
{ "type": "Feature", "properties": { "gp_code": "21785", "gp_name": "JETHAI", "blkname": "BAGESHWAR", "dtname": "Bageshwar", "SHAPE_Area": 3162330.7976885075 }, "geometry": { "type": "Polygon", "coordinates": [ [ [ 79.8805565, 29.8028791 ], [ 79.8803232, 29.8020164 ], [ 79.8814985, 29.7983554 ], [ 79.8809157, 29.7951613 ], [ 79.8827225, 29.7946517 ], [ 79.883993, 29.7904428 ], [ 79.8814271, 29.7886707 ], [ 79.8761965, 29.7882083 ], [ 79.8748593, 29.7875516 ], [ 79.8709809, 29.7890156 ], [ 79.8702962, 29.7895248 ], [ 79.8691873, 29.7917514 ], [ 79.8687592, 29.7941966 ], [ 79.8683665, 29.7946828 ], [ 79.8662409, 29.7949997 ], [ 79.8661277, 29.795514 ], [ 79.8698986, 29.7977539 ], [ 79.8697272, 29.8019259 ], [ 79.8699402, 29.8027466 ], [ 79.8679462, 29.8039545 ], [ 79.8680993, 29.8046224 ], [ 79.8696132, 29.8064436 ], [ 79.872101, 29.8081409 ], [ 79.8748993, 29.8065259 ], [ 79.8755351, 29.8055044 ], [ 79.8769033, 29.8043558 ], [ 79.8785141, 29.8046977 ], [ 79.879882, 29.8038471 ], [ 79.8805565, 29.8028791 ] ] ] } },
{ "type": "Feature", "properties": { "gp_code": "", "gp_name": "", "blkname": "BAGESHWAR", "dtname": "Bageshwar", "SHAPE_Area": 3115755.6465583565 }, "geometry": { "type": "Polygon", "coordinates": [ [ [ 79.8645172, 29.8147332 ], [ 79.8651757, 29.8135012 ], [ 79.8680104, 29.8108636 ], [ 79.8709915, 29.8083112 ], [ 79.872101, 29.8081409 ], [ 79.8696132, 29.8064436 ], [ 79.8680993, 29.8046224 ], [ 79.8679462, 29.8039545 ], [ 79.8699402, 29.8027466 ], [ 79.8697272, 29.8019259 ], [ 79.8698986, 29.7977539 ], [ 79.8661277, 29.795514 ], [ 79.8654575, 29.7957124 ], [ 79.863624, 29.7971633 ], [ 79.8633165, 29.7983649 ], [ 79.8638279, 29.7998946 ], [ 79.8645834, 29.7999325 ], [ 79.8655092, 29.8006171 ], [ 79.8656499, 29.8023329 ], [ 79.8650504, 29.803041 ], [ 79.8658051, 29.8037627 ], [ 79.8658061, 29.8044274 ], [ 79.8646047, 29.8048873 ], [ 79.8628796, 29.806657 ], [ 79.860499, 29.806568 ], [ 79.8599861, 29.8063437 ], [ 79.8596162, 29.8056969 ], [ 79.8592908, 29.8034961 ], [ 79.8584654, 29.8022832 ], [ 79.8571053, 29.8021384 ], [ 79.8558706, 29.8026539 ], [ 79.8531448, 29.8052623 ], [ 79.8511822, 29.8063657 ], [ 79.8505051, 29.8072438 ], [ 79.8500695, 29.8088675 ], [ 79.8504977, 29.8104068 ], [ 79.8528116, 29.8130558 ], [ 79.8506751, 29.8169588 ], [ 79.8512306, 29.8174515 ], [ 79.852257, 29.8174699 ], [ 79.8543821, 29.8167011 ], [ 79.8564781, 29.8165165 ], [ 79.8574482, 29.8159827 ], [ 79.8588167, 29.8160461 ], [ 79.8596155, 29.8156863 ], [ 79.8603598, 29.813101 ], [ 79.8619149, 29.812058 ], [ 79.863712, 29.81261 ], [ 79.8645172, 29.8147332 ] ] ] } },
{ "type": "Feature", "properties": { "gp_code": "21808", "gp_name": "KIMOLI", "blkname": "BAGESHWAR", "dtname": "Bageshwar", "SHAPE_Area": 422872.00671343843 }, "geometry": { "type": "Polygon", "coordinates": [ [ [ 79.8532041, 29.8027911 ], [ 79.8533953, 29.7983376 ], [ 79.8522281, 29.7969814 ], [ 79.8492366, 29.7953748 ], [ 79.8499186, 29.7972466 ], [ 79.8491195, 29.7979421 ], [ 79.8489619, 29.798576 ], [ 79.8492596, 29.7999438 ], [ 79.8485451, 29.8013294 ], [ 79.8491002, 29.8020261 ], [ 79.8501693, 29.8020768 ], [ 79.8511503, 29.8041913 ], [ 79.8519618, 29.8050374 ], [ 79.8527032, 29.8049386 ], [ 79.8532041, 29.8027911 ] ] ] } },
{ "type": "Feature", "properties": { "gp_code": "21780", "gp_name": "GURNA", "blkname": "BAGESHWAR", "dtname": "Bageshwar", "SHAPE_Area": 1461601.6303665636 }, "geometry": { "type": "Polygon", "coordinates": [ [ [ 79.8646157, 29.7965073 ], [ 79.862051, 29.7954981 ], [ 79.8561782, 29.7955303 ], [ 79.8532554, 29.796112 ], [ 79.8522281, 29.7969814 ], [ 79.8533953, 29.7983376 ], [ 79.8534965, 29.7999448 ], [ 79.8530903, 29.8038984 ], [ 79.8527032, 29.8049386 ], [ 79.8531448, 29.8052623 ], [ 79.8558706, 29.8026539 ], [ 79.8571053, 29.8021384 ], [ 79.8584654, 29.8022832 ], [ 79.8592908, 29.8034961 ], [ 79.8596162, 29.8056969 ], [ 79.8599861, 29.8063437 ], [ 79.8615679, 29.8068051 ], [ 79.8628796, 29.806657 ], [ 79.8646047, 29.8048873 ], [ 79.8658061, 29.8044274 ], [ 79.8658051, 29.8037627 ], [ 79.8650504, 29.803041 ], [ 79.8656499, 29.8023329 ], [ 79.8655092, 29.8006171 ], [ 79.8645834, 29.7999325 ], [ 79.8638279, 29.7998946 ], [ 79.8633165, 29.7983649 ], [ 79.863624, 29.7971633 ], [ 79.8646157, 29.7965073 ] ] ] } },
{ "type": "Feature", "properties": { "gp_code": "21861", "gp_name": "SIMALGAON", "blkname": "BAGESHWAR", "dtname": "Bageshwar", "SHAPE_Area": 2076709.5985809402 }, "geometry": { "type": "Polygon", "coordinates": [ [ [ 79.8439405, 29.7902724 ], [ 79.8455067, 29.7916539 ], [ 79.8480967, 29.7948881 ], [ 79.8459445, 29.7948993 ], [ 79.8424934, 29.7961641 ], [ 79.8433473, 29.7972341 ], [ 79.8434725, 29.7996586 ], [ 79.8450647, 29.8031288 ], [ 79.8463328, 29.8035651 ], [ 79.8469745, 29.8034041 ], [ 79.8474615, 29.80149 ], [ 79.8485451, 29.8013294 ], [ 79.8492596, 29.7999438 ], [ 79.8489619, 29.798576 ], [ 79.8491195, 29.7979421 ], [ 79.8499186, 29.7972466 ], [ 79.8492366, 29.7953748 ], [ 79.8522281, 29.7969814 ], [ 79.8532554, 29.796112 ], [ 79.8561782, 29.7955303 ], [ 79.862051, 29.7954981 ], [ 79.8646157, 29.7965073 ], [ 79.8654575, 29.7957124 ], [ 79.8661277, 29.795514 ], [ 79.8662409, 29.7949997 ], [ 79.8654617, 29.7946128 ], [ 79.8628722, 29.7940377 ], [ 79.8595709, 29.7938316 ], [ 79.8599484, 29.7910154 ], [ 79.8584709, 29.7898934 ], [ 79.8566839, 29.7897434 ], [ 79.8547731, 29.7903882 ], [ 79.8535903, 29.7902255 ], [ 79.8530939, 29.7878954 ], [ 79.8480059, 29.7877711 ], [ 79.844745, 29.7888826 ], [ 79.8439405, 29.7902724 ] ] ] } },
{ "type": "Feature", "properties": { "gp_code": "21808", "gp_name": "KIMOLI", "blkname": "BAGESHWAR", "dtname": "Bageshwar", "SHAPE_Area": 139484.57987073873 }, "geometry": { "type": "Polygon", "coordinates": [ [ [ 79.8455067, 29.7916539 ], [ 79.8439405, 29.7902724 ], [ 79.8445228, 29.7919762 ], [ 79.8443915, 29.7943508 ], [ 79.8436768, 29.7959415 ], [ 79.8459445, 29.7948993 ], [ 79.8480967, 29.7948881 ], [ 79.8455067, 29.7916539 ] ] ] } },
{ "type": "Feature", "properties": { "gp_code": "21869", "gp_name": "TACHANI", "blkname": "BAGESHWAR", "dtname": "Bageshwar", "SHAPE_Area": 1523187.6021955656 }, "geometry": { "type": "Polygon", "coordinates": [ [ [ 79.8480059, 29.7877711 ], [ 79.8499873, 29.7876237 ], [ 79.8526951, 29.7879122 ], [ 79.8515268, 29.7849858 ], [ 79.8507115, 29.7842953 ], [ 79.8492838, 29.7837712 ], [ 79.8488077, 29.7833288 ], [ 79.8484364, 29.7820542 ], [ 79.8470166, 29.780988 ], [ 79.8454343, 29.781173 ], [ 79.8429975, 29.780922 ], [ 79.8416728, 29.7802866 ], [ 79.8397936, 29.7786187 ], [ 79.8380248, 29.7798354 ], [ 79.8344918, 29.7832935 ], [ 79.8343979, 29.7848982 ], [ 79.8349387, 29.7854582 ], [ 79.835722, 29.7859314 ], [ 79.8369479, 29.7858332 ], [ 79.8413505, 29.787056 ], [ 79.8439405, 29.7902724 ], [ 79.844745, 29.7888826 ], [ 79.8480059, 29.7877711 ] ] ] } },
{ "type": "Feature", "properties": { "gp_code": "", "gp_name": "", "blkname": "BAGESHWAR", "dtname": "Bageshwar", "SHAPE_Area": 841625.59453985014 }, "geometry": { "type": "Polygon", "coordinates": [ [ [ 79.841715, 29.7962603 ], [ 79.8436768, 29.7959415 ], [ 79.8443915, 29.7943508 ], [ 79.8445228, 29.7919762 ], [ 79.8435685, 29.7920895 ], [ 79.8420461, 29.7892759 ], [ 79.8405942, 29.7877329 ], [ 79.8384468, 29.7891055 ], [ 79.8352532, 29.7899542 ], [ 79.8344186, 29.790667 ], [ 79.8336185, 29.7920835 ], [ 79.8365963, 29.793019 ], [ 79.8373083, 29.7935792 ], [ 79.8380198, 29.7944502 ], [ 79.8380334, 29.7949724 ], [ 79.8373371, 29.7959086 ], [ 79.8400966, 29.7977283 ], [ 79.8413237, 29.7977864 ], [ 79.841715, 29.7962603 ] ] ] } },
{ "type": "Feature", "properties": { "gp_code": "21861", "gp_name": "SIMALGAON", "blkname": "BAGESHWAR", "dtname": "Bageshwar", "SHAPE_Area": 70620.019296907732 }, "geometry": { "type": "Polygon", "coordinates": [ [ [ 79.8439405, 29.7902724 ], [ 79.8415924, 29.787423 ], [ 79.8405942, 29.7877329 ], [ 79.8420461, 29.7892759 ], [ 79.8435685, 29.7920895 ], [ 79.8445228, 29.7919762 ], [ 79.8439405, 29.7902724 ] ] ] } },
{ "type": "Feature", "properties": { "gp_code": "", "gp_name": "", "blkname": "BAGESHWAR", "dtname": "Bageshwar", "SHAPE_Area": 181193.26559415623 }, "geometry": { "type": "Polygon", "coordinates": [ [ [ 79.8424934, 29.7961641 ], [ 79.841715, 29.7962603 ], [ 79.8413237, 29.7977864 ], [ 79.8400966, 29.7977283 ], [ 79.8401516, 29.7993197 ], [ 79.8415897, 29.8005892 ], [ 79.8443368, 29.8016933 ], [ 79.8434725, 29.7996586 ], [ 79.8433473, 29.7972341 ], [ 79.8424934, 29.7961641 ] ] ] } },
{ "type": "Feature", "properties": { "gp_code": "21834", "gp_name": "NAYAL", "blkname": "BAGESHWAR", "dtname": "Bageshwar", "SHAPE_Area": 3720800.7169468873 }, "geometry": { "type": "Polygon", "coordinates": [ [ [ 79.8458474, 29.8241027 ], [ 79.8491695, 29.8240188 ], [ 79.8495263, 29.8236959 ], [ 79.8474554, 29.8222933 ], [ 79.8457735, 29.8225041 ], [ 79.8458638, 29.8214046 ], [ 79.847364, 29.8202443 ], [ 79.8470555, 29.8197945 ], [ 79.8483767, 29.8196183 ], [ 79.848376, 29.8193595 ], [ 79.8430127, 29.8162079 ], [ 79.841754, 29.8141282 ], [ 79.8416846, 29.8127233 ], [ 79.841899, 29.8122511 ], [ 79.8437645, 29.8109255 ], [ 79.8460357, 29.8103032 ], [ 79.8463785, 29.8098187 ], [ 79.8463797, 29.8088614 ], [ 79.8475904, 29.8097079 ], [ 79.8502276, 29.809785 ], [ 79.8500695, 29.8088675 ], [ 79.8505051, 29.8072438 ], [ 79.8517822, 29.805899 ], [ 79.8531448, 29.8052623 ], [ 79.8527032, 29.8049386 ], [ 79.8515771, 29.804863 ], [ 79.8501693, 29.8020768 ], [ 79.8491002, 29.8020261 ], [ 79.8485451, 29.8013294 ], [ 79.8474615, 29.80149 ], [ 79.8469745, 29.8034041 ], [ 79.8463328, 29.8035651 ], [ 79.8454638, 29.8031292 ], [ 79.8442094, 29.803128 ], [ 79.8432394, 29.803643 ], [ 79.8428251, 29.8042891 ], [ 79.8430238, 29.8050104 ], [ 79.8415121, 29.8055062 ], [ 79.8384897, 29.8027628 ], [ 79.8368405, 29.8024664 ], [ 79.8374085, 29.8040102 ], [ 79.8401807, 29.808703 ], [ 79.8409757, 29.8083638 ], [ 79.8438002, 29.8081876 ], [ 79.8423169, 29.8087332 ], [ 79.8391637, 29.8108436 ], [ 79.8374649, 29.8126072 ], [ 79.8349069, 29.8145442 ], [ 79.8294598, 29.8150482 ], [ 79.8285117, 29.8153766 ], [ 79.8290504, 29.8198066 ], [ 79.8284842, 29.8223199 ], [ 79.8296955, 29.8227439 ], [ 79.8308079, 29.8225212 ], [ 79.8327173, 29.8233189 ], [ 79.8346706, 29.8233084 ], [ 79.838148, 29.8243935 ], [ 79.8394886, 29.8240841 ], [ 79.8401293, 29.8247685 ], [ 79.8403848, 29.8256017 ], [ 79.8425517, 29.8258027 ], [ 79.8426814, 29.8247402 ], [ 79.8458474, 29.8241027 ] ] ] } },
{ "type": "Feature", "properties": { "gp_code": "", "gp_name": "", "blkname": "BAGESHWAR", "dtname": "Bageshwar", "SHAPE_Area": 294092.61602829711 }, "geometry": { "type": "Polygon", "coordinates": [ [ [ 79.8457735, 29.8225041 ], [ 79.851439, 29.8219074 ], [ 79.852011, 29.8204783 ], [ 79.852257, 29.8174699 ], [ 79.8512306, 29.8174515 ], [ 79.8506751, 29.8169588 ], [ 79.8483767, 29.8196183 ], [ 79.8470555, 29.8197945 ], [ 79.847364, 29.8202443 ], [ 79.8458638, 29.8214046 ], [ 79.8457735, 29.8225041 ] ] ] } },
{ "type": "Feature", "properties": { "gp_code": "260000", "gp_name": "JALTHAKOT", "blkname": "BAGESHWAR", "dtname": "Bageshwar", "SHAPE_Area": 1009098.380977736 }, "geometry": { "type": "Polygon", "coordinates": [ [ [ 79.8528116, 29.8130558 ], [ 79.8502276, 29.809785 ], [ 79.8475904, 29.8097079 ], [ 79.8463797, 29.8088614 ], [ 79.8463785, 29.8098187 ], [ 79.8460357, 29.8103032 ], [ 79.8437645, 29.8109255 ], [ 79.841899, 29.8122511 ], [ 79.8416408, 29.8134816 ], [ 79.8420884, 29.8149095 ], [ 79.8430127, 29.8162079 ], [ 79.848376, 29.8193595 ], [ 79.8506751, 29.8169588 ], [ 79.8528116, 29.8130558 ] ] ] } },
{ "type": "Feature", "properties": { "gp_code": "260000", "gp_name": "JALTHAKOT", "blkname": "BAGESHWAR", "dtname": "Bageshwar", "SHAPE_Area": 1549198.6387408467 }, "geometry": { "type": "Polygon", "coordinates": [ [ [ 79.8596642, 29.8230088 ], [ 79.8605918, 29.8221891 ], [ 79.8644342, 29.8223313 ], [ 79.8655397, 29.8216463 ], [ 79.8663392, 29.8206399 ], [ 79.8651198, 29.8199306 ], [ 79.8623852, 29.8200561 ], [ 79.8622397, 29.8191618 ], [ 79.8627781, 29.8180552 ], [ 79.8641958, 29.816481 ], [ 79.8645172, 29.8147332 ], [ 79.863712, 29.81261 ], [ 79.8625421, 29.8120586 ], [ 79.8614728, 29.812182 ], [ 79.8603598, 29.813101 ], [ 79.8596155, 29.8156863 ], [ 79.8588167, 29.8160461 ], [ 79.8574482, 29.8159827 ], [ 79.8564781, 29.8165165 ], [ 79.8543821, 29.8167011 ], [ 79.852257, 29.8174699 ], [ 79.852011, 29.8204783 ], [ 79.851439, 29.8219074 ], [ 79.8474554, 29.8222933 ], [ 79.8495263, 29.8236959 ], [ 79.8526193, 29.8244695 ], [ 79.8565119, 29.8242119 ], [ 79.8596642, 29.8230088 ] ] ] } },
{ "type": "Feature", "properties": { "gp_code": "21826", "gp_name": "MUSOULI", "blkname": "BAGESHWAR", "dtname": "Bageshwar", "SHAPE_Area": 2782783.8814163771 }, "geometry": { "type": "Polygon", "coordinates": [ [ [ 79.8623782, 29.8312037 ], [ 79.8630921, 29.8303217 ], [ 79.8649314, 29.8303232 ], [ 79.8709389, 29.8257159 ], [ 79.8710255, 29.8247587 ], [ 79.8720233, 29.8249708 ], [ 79.8716111, 29.8228739 ], [ 79.8709287, 29.8216811 ], [ 79.8698063, 29.8210415 ], [ 79.8688298, 29.820913 ], [ 79.8666808, 29.8213371 ], [ 79.8663392, 29.8206399 ], [ 79.8655397, 29.8216463 ], [ 79.8644342, 29.8223313 ], [ 79.8605918, 29.8221891 ], [ 79.8596642, 29.8230088 ], [ 79.8565119, 29.8242119 ], [ 79.8526193, 29.8244695 ], [ 79.8495263, 29.8236959 ], [ 79.8491695, 29.8240188 ], [ 79.8458474, 29.8241027 ], [ 79.8426814, 29.8247402 ], [ 79.8425517, 29.8258027 ], [ 79.8434793, 29.8263747 ], [ 79.8434482, 29.8271959 ], [ 79.8469691, 29.8274051 ], [ 79.84848, 29.8281704 ], [ 79.8501019, 29.8310934 ], [ 79.8518542, 29.8323506 ], [ 79.8533663, 29.8317428 ], [ 79.8545775, 29.8323779 ], [ 79.8552299, 29.8332449 ], [ 79.8582963, 29.8325486 ], [ 79.8623782, 29.8312037 ] ] ] } },
{ "type": "Feature", "properties": { "gp_code": "", "gp_name": "", "blkname": "BAGESHWAR", "dtname": "Bageshwar", "SHAPE_Area": 197622.11596241855 }, "geometry": { "type": "Polygon", "coordinates": [ [ [ 79.8550022, 29.8350014 ], [ 79.8552299, 29.8332449 ], [ 79.8545775, 29.8323779 ], [ 79.8533663, 29.8317428 ], [ 79.8520359, 29.832158 ], [ 79.8516682, 29.8328601 ], [ 79.8494715, 29.8335543 ], [ 79.8487998, 29.8342895 ], [ 79.8491415, 29.8352695 ], [ 79.8524076, 29.8345515 ], [ 79.8539468, 29.8351994 ], [ 79.8550022, 29.8350014 ] ] ] } },
{ "type": "Feature", "properties": { "gp_code": "", "gp_name": "", "blkname": "BAGESHWAR", "dtname": "Bageshwar", "SHAPE_Area": 1031287.5170716168 }, "geometry": { "type": "Polygon", "coordinates": [ [ [ 79.8656912, 29.8396352 ], [ 79.8661382, 29.8350731 ], [ 79.86594, 29.8337428 ], [ 79.8638324, 29.8313293 ], [ 79.862949, 29.8307318 ], [ 79.8623782, 29.8312037 ], [ 79.8582963, 29.8325486 ], [ 79.8552299, 29.8332449 ], [ 79.8549884, 29.8345538 ], [ 79.8592621, 29.838026 ], [ 79.8617538, 29.8412231 ], [ 79.8623369, 29.8426656 ], [ 79.8656912, 29.8396352 ] ] ] } },
{ "type": "Feature", "properties": { "gp_code": "21828", "gp_name": "NAGHARSAHU", "blkname": "BAGESHWAR", "dtname": "Bageshwar", "SHAPE_Area": 1510943.8422686427 }, "geometry": { "type": "Polygon", "coordinates": [ [ [ 79.8592238, 29.8465789 ], [ 79.8596243, 29.8454604 ], [ 79.8623369, 29.8426656 ], [ 79.8617538, 29.8412231 ], [ 79.8592621, 29.838026 ], [ 79.8549884, 29.8345538 ], [ 79.855215, 29.8358967 ], [ 79.8533574, 29.8392018 ], [ 79.8528136, 29.8408547 ], [ 79.8556314, 29.8455812 ], [ 79.8541198, 29.8456171 ], [ 79.8531078, 29.8452433 ], [ 79.848862, 29.8422683 ], [ 79.8462686, 29.8407616 ], [ 79.8460972, 29.8409604 ], [ 79.8460801, 29.8432353 ], [ 79.8469049, 29.8450635 ], [ 79.8522636, 29.8475921 ], [ 79.8561963, 29.8502559 ], [ 79.8575661, 29.8495858 ], [ 79.8585386, 29.8471874 ], [ 79.8592238, 29.8465789 ] ] ] } },
{ "type": "Feature", "properties": { "gp_code": "21752", "gp_name": "BURGHUNA", "blkname": "BAGESHWAR", "dtname": "Bageshwar", "SHAPE_Area": 244932.94258388833 }, "geometry": { "type": "Polygon", "coordinates": [ [ [ 79.8528136, 29.8408547 ], [ 79.8501044, 29.8407279 ], [ 79.8494907, 29.8412246 ], [ 79.8495325, 29.841983 ], [ 79.848862, 29.8422683 ], [ 79.8531078, 29.8452433 ], [ 79.8541198, 29.8456171 ], [ 79.8556314, 29.8455812 ], [ 79.8528136, 29.8408547 ] ] ] } },
{ "type": "Feature", "properties": { "gp_code": "260000", "gp_name": "JALTHAKOT", "blkname": "BAGESHWAR", "dtname": "Bageshwar", "SHAPE_Area": 722394.18717128527 }, "geometry": { "type": "Polygon", "coordinates": [ [ [ 79.8494907, 29.8412246 ], [ 79.8509259, 29.8405408 ], [ 79.8528136, 29.8408547 ], [ 79.8533574, 29.8392018 ], [ 79.855215, 29.8358967 ], [ 79.8550022, 29.8350014 ], [ 79.8539468, 29.8351994 ], [ 79.8524076, 29.8345515 ], [ 79.849541, 29.8350461 ], [ 79.8464554, 29.8372041 ], [ 79.8452753, 29.8368447 ], [ 79.8444339, 29.8369558 ], [ 79.843549, 29.837676 ], [ 79.8433483, 29.8384714 ], [ 79.8449586, 29.8392934 ], [ 79.8462686, 29.8407616 ], [ 79.848862, 29.8422683 ], [ 79.8495325, 29.841983 ], [ 79.8494907, 29.8412246 ] ] ] } },
{ "type": "Feature", "properties": { "gp_code": "21865", "gp_name": "SIROULI", "blkname": "BAGESHWAR", "dtname": "Bageshwar", "SHAPE_Area": 3337002.8577373279 }, "geometry": { "type": "Polygon", "coordinates": [ [ [ 79.8444339, 29.8369558 ], [ 79.8452753, 29.8368447 ], [ 79.8464554, 29.8372041 ], [ 79.8491415, 29.8352695 ], [ 79.8487998, 29.8342895 ], [ 79.8494715, 29.8335543 ], [ 79.8516682, 29.8328601 ], [ 79.8518542, 29.8323506 ], [ 79.8501019, 29.8310934 ], [ 79.84848, 29.8281704 ], [ 79.8469691, 29.8274051 ], [ 79.8434482, 29.8271959 ], [ 79.8434793, 29.8263747 ], [ 79.8431788, 29.8260519 ], [ 79.8403848, 29.8256017 ], [ 79.8401293, 29.8247685 ], [ 79.8394886, 29.8240841 ], [ 79.838148, 29.8243935 ], [ 79.8346706, 29.8233084 ], [ 79.8327173, 29.8233189 ], [ 79.8308079, 29.8225212 ], [ 79.8296955, 29.8227439 ], [ 79.8284842, 29.8223199 ], [ 79.8277677, 29.8249609 ], [ 79.8277611, 29.8296166 ], [ 79.8304388, 29.8317329 ], [ 79.8358095, 29.8352317 ], [ 79.8378458, 29.8373099 ], [ 79.8403291, 29.8392302 ], [ 79.8433483, 29.8384714 ], [ 79.843549, 29.837676 ], [ 79.8444339, 29.8369558 ] ] ] } },
{ "type": "Feature", "properties": { "gp_code": "21740", "gp_name": "BHARUCHOUBATTA", "blkname": "BAGESHWAR", "dtname": "Bageshwar", "SHAPE_Area": 1995068.3379018814 }, "geometry": { "type": "Polygon", "coordinates": [ [ [ 79.8445777, 29.869936 ], [ 79.8450632, 29.8694641 ], [ 79.8459189, 29.8695519 ], [ 79.847132, 29.8688694 ], [ 79.8476681, 29.8671364 ], [ 79.8503026, 29.8653544 ], [ 79.8513086, 29.8642998 ], [ 79.8519506, 29.8620513 ], [ 79.8526884, 29.8620872 ], [ 79.8527465, 29.8611798 ], [ 79.8522057, 29.8602345 ], [ 79.8521365, 29.858432 ], [ 79.8537668, 29.8547041 ], [ 79.8533397, 29.8540946 ], [ 79.8510031, 29.8525217 ], [ 79.8484786, 29.8525487 ], [ 79.8480084, 29.852225 ], [ 79.8475816, 29.8513296 ], [ 79.8472993, 29.8489922 ], [ 79.8449757, 29.8519609 ], [ 79.8442014, 29.8516744 ], [ 79.8438161, 29.8519351 ], [ 79.8428156, 29.8536248 ], [ 79.8439938, 29.8540927 ], [ 79.8442112, 29.8552546 ], [ 79.8435809, 29.8574543 ], [ 79.8445472, 29.8602025 ], [ 79.8445456, 29.8614705 ], [ 79.8441415, 29.8626075 ], [ 79.8431316, 29.8630603 ], [ 79.8432464, 29.8625507 ], [ 79.8425195, 29.8621398 ], [ 79.8403778, 29.8640272 ], [ 79.84384, 29.8664775 ], [ 79.8443315, 29.8672072 ], [ 79.8442301, 29.8684502 ], [ 79.8427449, 29.8700229 ], [ 79.8445777, 29.869936 ] ] ] } },
{ "type": "Feature", "properties": { "gp_code": "243091", "gp_name": "PALSON", "blkname": "BAGESHWAR", "dtname": "Bageshwar", "SHAPE_Area": 318436.72573697515 }, "geometry": { "type": "Polygon", "coordinates": [ [ [ 79.8393912, 29.8605021 ], [ 79.8373948, 29.8603136 ], [ 79.8334987, 29.8622365 ], [ 79.8334413, 29.862609 ], [ 79.8359009, 29.8629537 ], [ 79.8375395, 29.8641238 ], [ 79.8393644, 29.8646602 ], [ 79.8425195, 29.8621398 ], [ 79.8393912, 29.8605021 ] ] ] } },
{ "type": "Feature", "properties": { "gp_code": "", "gp_name": "", "blkname": "BAGESHWAR", "dtname": "Bageshwar", "SHAPE_Area": 434725.2562701705 }, "geometry": { "type": "Polygon", "coordinates": [ [ [ 79.8403778, 29.8640272 ], [ 79.8393644, 29.8646602 ], [ 79.8375395, 29.8641238 ], [ 79.8359009, 29.8629537 ], [ 79.8334413, 29.862609 ], [ 79.8364946, 29.8669322 ], [ 79.8371944, 29.8662741 ], [ 79.838478, 29.8662256 ], [ 79.8393259, 29.8667766 ], [ 79.8408992, 29.8688758 ], [ 79.8427449, 29.8700229 ], [ 79.8442301, 29.8684502 ], [ 79.8443315, 29.8672072 ], [ 79.84384, 29.8664775 ], [ 79.8403778, 29.8640272 ] ] ] } },
{ "type": "Feature", "properties": { "gp_code": "21769", "gp_name": "DUNGARI", "blkname": "BAGESHWAR", "dtname": "Bageshwar", "SHAPE_Area": 1206622.9346703831 }, "geometry": { "type": "Polygon", "coordinates": [ [ [ 79.8546423, 29.8733171 ], [ 79.8571478, 29.8717653 ], [ 79.8575272, 29.8710419 ], [ 79.8573942, 29.8699135 ], [ 79.8567478, 29.8691679 ], [ 79.8561983, 29.8691035 ], [ 79.8553687, 29.8684003 ], [ 79.8524619, 29.8686318 ], [ 79.8491896, 29.8681712 ], [ 79.8459189, 29.8695519 ], [ 79.8450632, 29.8694641 ], [ 79.8445777, 29.869936 ], [ 79.8427449, 29.8700229 ], [ 79.8408992, 29.8688758 ], [ 79.8393259, 29.8667766 ], [ 79.838478, 29.8662256 ], [ 79.8371944, 29.8662741 ], [ 79.8364946, 29.8669322 ], [ 79.8367218, 29.8677404 ], [ 79.8378188, 29.8686614 ], [ 79.8381455, 29.8696313 ], [ 79.8380499, 29.8721782 ], [ 79.8400257, 29.8718238 ], [ 79.8435535, 29.8730939 ], [ 79.8454102, 29.8728083 ], [ 79.852443, 29.8741559 ], [ 79.8537751, 29.8734334 ], [ 79.8546423, 29.8733171 ] ] ] } },
{ "type": "Feature", "properties": { "gp_code": "21786", "gp_name": "JHARKOTE", "blkname": "BAGESHWAR", "dtname": "Bageshwar", "SHAPE_Area": 244693.92009347063 }, "geometry": { "type": "Polygon", "coordinates": [ [ [ 79.8601839, 29.8652433 ], [ 79.8582566, 29.8633364 ], [ 79.8585384, 29.8624851 ], [ 79.8582212, 29.8622613 ], [ 79.8559973, 29.8634089 ], [ 79.8546047, 29.8638441 ], [ 79.8540432, 29.8635988 ], [ 79.8576513, 29.8679414 ], [ 79.8575595, 29.8686357 ], [ 79.8584468, 29.8678389 ], [ 79.8596094, 29.8656579 ], [ 79.8601839, 29.8652433 ] ] ] } },
{ "type": "Feature", "properties": { "gp_code": "21853", "gp_name": "RAWATSERA", "blkname": "BAGESHWAR", "dtname": "Bageshwar", "SHAPE_Area": 437320.90507756383 }, "geometry": { "type": "Polygon", "coordinates": [ [ [ 79.8491896, 29.8681712 ], [ 79.8533046, 29.8685581 ], [ 79.8537209, 29.8676644 ], [ 79.8559682, 29.8674323 ], [ 79.856848, 29.8670179 ], [ 79.8526884, 29.8620872 ], [ 79.8519506, 29.8620513 ], [ 79.8513086, 29.8642998 ], [ 79.8503026, 29.8653544 ], [ 79.8476681, 29.8671364 ], [ 79.847132, 29.8688694 ], [ 79.8491896, 29.8681712 ] ] ] } },
{ "type": "Feature", "properties": { "gp_code": "", "gp_name": "", "blkname": "BAGESHWAR", "dtname": "Bageshwar", "SHAPE_Area": 202229.83300904694 }, "geometry": { "type": "Polygon", "coordinates": [ [ [ 79.8583295, 29.874225 ], [ 79.8579521, 29.8732242 ], [ 79.858636, 29.8732035 ], [ 79.8588934, 29.872448 ], [ 79.8613485, 29.8721308 ], [ 79.8599203, 29.8715336 ], [ 79.8575595, 29.8686357 ], [ 79.8567478, 29.8691679 ], [ 79.8573942, 29.8699135 ], [ 79.8575272, 29.8710419 ], [ 79.8571478, 29.8717653 ], [ 79.8546423, 29.8733171 ], [ 79.8547392, 29.8740728 ], [ 79.8564483, 29.8746491 ], [ 79.8583295, 29.874225 ] ] ] } },
{ "type": "Feature", "properties": { "gp_code": "", "gp_name": "", "blkname": "BAGESHWAR", "dtname": "Bageshwar", "SHAPE_Area": 75390.288689372159 }, "geometry": { "type": "Polygon", "coordinates": [ [ [ 79.8575595, 29.8686357 ], [ 79.8576513, 29.8679414 ], [ 79.856848, 29.8670179 ], [ 79.8559682, 29.8674323 ], [ 79.8537209, 29.8676644 ], [ 79.8533046, 29.8685581 ], [ 79.8553687, 29.8684003 ], [ 79.8561983, 29.8691035 ], [ 79.8567478, 29.8691679 ], [ 79.8575595, 29.8686357 ] ] ] } },
{ "type": "Feature", "properties": { "gp_code": "21746", "gp_name": "BILARI", "blkname": "BAGESHWAR", "dtname": "Bageshwar", "SHAPE_Area": 801867.06441368954 }, "geometry": { "type": "Polygon", "coordinates": [ [ [ 79.8639297, 29.8682161 ], [ 79.8649077, 29.8672484 ], [ 79.8706464, 29.8682216 ], [ 79.8703564, 29.8659543 ], [ 79.864202, 29.8649168 ], [ 79.8619563, 29.8637015 ], [ 79.8605901, 29.8623592 ], [ 79.8585384, 29.8624851 ], [ 79.8582566, 29.8633364 ], [ 79.8601839, 29.8652433 ], [ 79.8596094, 29.8656579 ], [ 79.8584468, 29.8678389 ], [ 79.8575595, 29.8686357 ], [ 79.8599203, 29.8715336 ], [ 79.8613485, 29.8721308 ], [ 79.8622892, 29.8717698 ], [ 79.8635244, 29.8702594 ], [ 79.8639297, 29.8682161 ] ] ] } },
{ "type": "Feature", "properties": { "gp_code": "21743", "gp_name": "BHATOURA", "blkname": "BAGESHWAR", "dtname": "Bageshwar", "SHAPE_Area": 1149319.3509635618 }, "geometry": { "type": "Polygon", "coordinates": [ [ [ 79.8708515, 29.8599515 ], [ 79.8708529, 29.8585945 ], [ 79.8715944, 29.8572604 ], [ 79.8713396, 29.8568598 ], [ 79.8679686, 29.8564273 ], [ 79.8651239, 29.8582228 ], [ 79.8617933, 29.8584313 ], [ 79.8596616, 29.8590079 ], [ 79.8581308, 29.8586506 ], [ 79.8582609, 29.8595791 ], [ 79.8579424, 29.8604942 ], [ 79.8573191, 29.86093 ], [ 79.8556091, 29.8612585 ], [ 79.8527465, 29.8611798 ], [ 79.8526884, 29.8620872 ], [ 79.8546047, 29.8638441 ], [ 79.8582212, 29.8622613 ], [ 79.8585384, 29.8624851 ], [ 79.8605901, 29.8623592 ], [ 79.8624933, 29.8640425 ], [ 79.8653588, 29.8651857 ], [ 79.8671106, 29.8642797 ], [ 79.8708515, 29.8599515 ] ] ] } },
{ "type": "Feature", "properties": { "gp_code": "21746", "gp_name": "BILARI", "blkname": "BAGESHWAR", "dtname": "Bageshwar", "SHAPE_Area": 797915.17582106555 }, "geometry": { "type": "Polygon", "coordinates": [ [ [ 79.8582609, 29.8595791 ], [ 79.8581308, 29.8586506 ], [ 79.8596616, 29.8590079 ], [ 79.8617933, 29.8584313 ], [ 79.8651239, 29.8582228 ], [ 79.8679686, 29.8564273 ], [ 79.8661095, 29.8553985 ], [ 79.8642718, 29.8556417 ], [ 79.8615288, 29.855339 ], [ 79.8599078, 29.8557269 ], [ 79.8567442, 29.8549456 ], [ 79.8555442, 29.8554339 ], [ 79.85479, 29.8566345 ], [ 79.8528658, 29.8568042 ], [ 79.8521365, 29.858432 ], [ 79.8522057, 29.8602345 ], [ 79.8527465, 29.8611798 ], [ 79.8564639, 29.861206 ], [ 79.8579424, 29.8604942 ], [ 79.8582609, 29.8595791 ] ] ] } },
{ "type": "Feature", "properties": { "gp_code": "", "gp_name": "", "blkname": "BAGESHWAR", "dtname": "Bageshwar", "SHAPE_Area": 339261.40657123656 }, "geometry": { "type": "Polygon", "coordinates": [ [ [ 79.8550399, 29.851411 ], [ 79.8517865, 29.8506626 ], [ 79.8477854, 29.8479733 ], [ 79.8472993, 29.8489922 ], [ 79.8475816, 29.8513296 ], [ 79.8480084, 29.852225 ], [ 79.8484786, 29.8525487 ], [ 79.8510031, 29.8525217 ], [ 79.8533397, 29.8540946 ], [ 79.8537668, 29.8547041 ], [ 79.8554604, 29.8528291 ], [ 79.8550399, 29.851411 ] ] ] } },
{ "type": "Feature", "properties": { "gp_code": "21752", "gp_name": "BURGHUNA", "blkname": "BAGESHWAR", "dtname": "Bageshwar", "SHAPE_Area": 317975.18333521986 }, "geometry": { "type": "Polygon", "coordinates": [ [ [ 79.8522636, 29.8475921 ], [ 79.8469049, 29.8450635 ], [ 79.8477131, 29.8465853 ], [ 79.8477854, 29.8479733 ], [ 79.8517865, 29.8506626 ], [ 79.8550399, 29.851411 ], [ 79.8561963, 29.8502559 ], [ 79.8522636, 29.8475921 ] ] ] } },
{ "type": "Feature", "properties": { "gp_code": "21807", "gp_name": "KHUNOULI", "blkname": "BAGESHWAR", "dtname": "Bageshwar", "SHAPE_Area": 1672174.8702441708 }, "geometry": { "type": "Polygon", "coordinates": [ [ [ 79.8555442, 29.8554339 ], [ 79.8578542, 29.8550355 ], [ 79.8599078, 29.8557269 ], [ 79.8615288, 29.855339 ], [ 79.8642718, 29.8556417 ], [ 79.8661095, 29.8553985 ], [ 79.8660353, 29.853274 ], [ 79.8665464, 29.8526293 ], [ 79.8677483, 29.8494328 ], [ 79.8679925, 29.8477797 ], [ 79.868525, 29.8465959 ], [ 79.8662651, 29.8458675 ], [ 79.864018, 29.844047 ], [ 79.8630781, 29.84289 ], [ 79.8623369, 29.8426656 ], [ 79.8617661, 29.8430132 ], [ 79.8596243, 29.8454604 ], [ 79.8592238, 29.8465789 ], [ 79.8578639, 29.8484408 ], [ 79.8575661, 29.8495858 ], [ 79.8561963, 29.8502559 ], [ 79.8550399, 29.851411 ], [ 79.8554604, 29.8528291 ], [ 79.8537668, 29.8547041 ], [ 79.8528658, 29.8568042 ], [ 79.85479, 29.8566345 ], [ 79.8555442, 29.8554339 ] ] ] } },
{ "type": "Feature", "properties": { "gp_code": "21804", "gp_name": "KHOLIAGAON", "blkname": "BAGESHWAR", "dtname": "Bageshwar", "SHAPE_Area": 471844.89023898996 }, "geometry": { "type": "Polygon", "coordinates": [ [ [ 79.870886, 29.8635441 ], [ 79.871269, 29.863333 ], [ 79.872966, 29.8635235 ], [ 79.8737058, 29.8639022 ], [ 79.8737114, 29.8633411 ], [ 79.8750858, 29.8621126 ], [ 79.8768874, 29.8597337 ], [ 79.8767096, 29.8589216 ], [ 79.8708515, 29.8599515 ], [ 79.8671106, 29.8642797 ], [ 79.8653588, 29.8651857 ], [ 79.8703564, 29.8659543 ], [ 79.8708326, 29.8657685 ], [ 79.870886, 29.8635441 ] ] ] } },
{ "type": "Feature", "properties": { "gp_code": "243092", "gp_name": "CHATIKHET", "blkname": "BAGESHWAR", "dtname": "Bageshwar", "SHAPE_Area": 1043768.9705286898 }, "geometry": { "type": "Polygon", "coordinates": [ [ [ 79.8669075, 29.8726834 ], [ 79.8699197, 29.872241 ], [ 79.8722265, 29.8727314 ], [ 79.8736592, 29.8719659 ], [ 79.8748984, 29.8707323 ], [ 79.8743774, 29.8685408 ], [ 79.8741098, 29.8681513 ], [ 79.8727466, 29.8684362 ], [ 79.8700846, 29.8682425 ], [ 79.8649077, 29.8672484 ], [ 79.8639297, 29.8682161 ], [ 79.8635244, 29.8702594 ], [ 79.8622892, 29.8717698 ], [ 79.8604933, 29.8723749 ], [ 79.8588934, 29.872448 ], [ 79.858636, 29.8732035 ], [ 79.8579521, 29.8732242 ], [ 79.857915, 29.8736499 ], [ 79.859586, 29.8755353 ], [ 79.8615149, 29.876133 ], [ 79.8643246, 29.8752053 ], [ 79.8655612, 29.8734361 ], [ 79.8669075, 29.8726834 ] ] ] } },
{ "type": "Feature", "properties": { "gp_code": "", "gp_name": "", "blkname": "BAGESHWAR", "dtname": "Bageshwar", "SHAPE_Area": 1420058.0893907689 }, "geometry": { "type": "Polygon", "coordinates": [ [ [ 79.8836662, 29.8700158 ], [ 79.8844598, 29.8674471 ], [ 79.8839266, 29.8645327 ], [ 79.8855619, 29.8625207 ], [ 79.8857669, 29.8615643 ], [ 79.8856281, 29.8599626 ], [ 79.8860439, 29.8587783 ], [ 79.8850823, 29.8568701 ], [ 79.8835125, 29.8571137 ], [ 79.880104, 29.8587685 ], [ 79.8775021, 29.8610748 ], [ 79.8760954, 29.8606007 ], [ 79.8750858, 29.8621126 ], [ 79.8737114, 29.8633411 ], [ 79.8740987, 29.8665052 ], [ 79.8755147, 29.86694 ], [ 79.8751697, 29.867418 ], [ 79.8743783, 29.8676176 ], [ 79.8741098, 29.8681513 ], [ 79.8747847, 29.8695643 ], [ 79.8748984, 29.8707323 ], [ 79.8767629, 29.8693879 ], [ 79.8776436, 29.8692551 ], [ 79.8793656, 29.8700238 ], [ 79.8804612, 29.8720155 ], [ 79.8807933, 29.8712908 ], [ 79.8824051, 29.8715049 ], [ 79.8836662, 29.8700158 ] ], [ [ 79.8791881, 29.8688225 ], [ 79.878589, 29.8681213 ], [ 79.8786801, 29.8663752 ], [ 79.8808903, 29.8637408 ], [ 79.8824855, 29.863653 ], [ 79.8826091, 29.8678129 ], [ 79.8822255, 29.8686245 ], [ 79.8814082, 29.8692245 ], [ 79.8803873, 29.869246 ], [ 79.8791881, 29.8688225 ] ] ] } },
{ "type": "Feature", "properties": { "gp_code": "21758", "gp_name": "CHOURA", "blkname": "BAGESHWAR", "dtname": "Bageshwar", "SHAPE_Area": 244336.61826909048 }, "geometry": { "type": "Polygon", "coordinates": [ [ [ 79.872966, 29.8635235 ], [ 79.871269, 29.863333 ], [ 79.870886, 29.8635441 ], [ 79.8708326, 29.8657685 ], [ 79.8703564, 29.8659543 ], [ 79.8706464, 29.8682216 ], [ 79.8727466, 29.8684362 ], [ 79.8741098, 29.8681513 ], [ 79.8743783, 29.8676176 ], [ 79.8751697, 29.867418 ], [ 79.8755147, 29.86694 ], [ 79.8740987, 29.8665052 ], [ 79.8737058, 29.8639022 ], [ 79.872966, 29.8635235 ] ] ] } },
{ "type": "Feature", "properties": { "gp_code": "", "gp_name": "", "blkname": "BAGESHWAR", "dtname": "Bageshwar", "SHAPE_Area": 251943.30868047717 }, "geometry": { "type": "Polygon", "coordinates": [ [ [ 79.8791881, 29.8688225 ], [ 79.8803873, 29.869246 ], [ 79.8814082, 29.8692245 ], [ 79.8822255, 29.8686245 ], [ 79.8826091, 29.8678129 ], [ 79.8824855, 29.863653 ], [ 79.8808903, 29.8637408 ], [ 79.8786801, 29.8663752 ], [ 79.878589, 29.8681213 ], [ 79.8791881, 29.8688225 ] ] ] } },
{ "type": "Feature", "properties": { "gp_code": "243092", "gp_name": "CHATIKHET", "blkname": "BAGESHWAR", "dtname": "Bageshwar", "SHAPE_Area": 868248.78106744518 }, "geometry": { "type": "Polygon", "coordinates": [ [ [ 79.8758376, 29.8758381 ], [ 79.8792223, 29.8741795 ], [ 79.8805611, 29.8742178 ], [ 79.8804994, 29.872782 ], [ 79.8821395, 29.8730443 ], [ 79.8843791, 29.8726605 ], [ 79.8918546, 29.8728183 ], [ 79.8940513, 29.8706036 ], [ 79.8949655, 29.8689882 ], [ 79.8913462, 29.8697655 ], [ 79.8850447, 29.8697186 ], [ 79.8836662, 29.8700158 ], [ 79.8824051, 29.8715049 ], [ 79.8807933, 29.8712908 ], [ 79.8804612, 29.8720155 ], [ 79.8793656, 29.8700238 ], [ 79.8776436, 29.8692551 ], [ 79.8767629, 29.8693879 ], [ 79.8750642, 29.8708102 ], [ 79.8756881, 29.8722233 ], [ 79.8761324, 29.8745704 ], [ 79.8758376, 29.8758381 ] ] ] } },
{ "type": "Feature", "properties": { "gp_code": "21837", "gp_name": "PADAI", "blkname": "BAGESHWAR", "dtname": "Bageshwar", "SHAPE_Area": 391135.13074050122 }, "geometry": { "type": "Polygon", "coordinates": [ [ [ 79.8949224, 29.8760613 ], [ 79.8961869, 29.8754654 ], [ 79.8966295, 29.8747074 ], [ 79.8976032, 29.8701584 ], [ 79.8949655, 29.8689882 ], [ 79.8940513, 29.8706036 ], [ 79.8918546, 29.8728183 ], [ 79.8906548, 29.8728513 ], [ 79.8915095, 29.874095 ], [ 79.893006, 29.8753266 ], [ 79.8933335, 29.8760602 ], [ 79.8949224, 29.8760613 ] ] ] } },
{ "type": "Feature", "properties": { "gp_code": "21804", "gp_name": "KHOLIAGAON", "blkname": "BAGESHWAR", "dtname": "Bageshwar", "SHAPE_Area": 1429121.3709880556 }, "geometry": { "type": "Polygon", "coordinates": [ [ [ 79.8871453, 29.8696349 ], [ 79.8913462, 29.8697655 ], [ 79.8949655, 29.8689882 ], [ 79.8940319, 29.8661412 ], [ 79.8933705, 29.8659337 ], [ 79.8922324, 29.8663403 ], [ 79.8914543, 29.8659505 ], [ 79.8910474, 29.8643708 ], [ 79.8896584, 29.8621231 ], [ 79.8899912, 29.8609777 ], [ 79.8921274, 29.8587014 ], [ 79.8930561, 29.8583215 ], [ 79.8940896, 29.8584223 ], [ 79.8937212, 29.8564978 ], [ 79.8915295, 29.853015 ], [ 79.8905469, 29.8531256 ], [ 79.8905461, 29.8540376 ], [ 79.8896515, 29.8556387 ], [ 79.8860439, 29.8587783 ], [ 79.8856281, 29.8599626 ], [ 79.8855619, 29.8625207 ], [ 79.8839266, 29.8645327 ], [ 79.8844598, 29.8674471 ], [ 79.8836662, 29.8700158 ], [ 79.8871453, 29.8696349 ] ] ] } },
{ "type": "Feature", "properties": { "gp_code": "21781", "gp_name": "GWARBHILKOTE", "blkname": "BAGESHWAR", "dtname": "Bageshwar", "SHAPE_Area": 2366184.7290715519 }, "geometry": { "type": "Polygon", "coordinates": [ [ [ 79.8799377, 29.8591688 ], [ 79.880104, 29.8587685 ], [ 79.881968, 29.8577354 ], [ 79.8850823, 29.8568701 ], [ 79.8860439, 29.8587783 ], [ 79.8896515, 29.8556387 ], [ 79.8905461, 29.8540376 ], [ 79.8905469, 29.8531256 ], [ 79.8888889, 29.8522457 ], [ 79.8885832, 29.8517228 ], [ 79.8885326, 29.8512333 ], [ 79.8892351, 29.8504219 ], [ 79.889556, 29.8482976 ], [ 79.886456, 29.8477505 ], [ 79.8794131, 29.8475785 ], [ 79.8784949, 29.8470551 ], [ 79.8777559, 29.8460312 ], [ 79.8775786, 29.8446852 ], [ 79.8772723, 29.8447629 ], [ 79.8767862, 29.8460639 ], [ 79.8754838, 29.8470083 ], [ 79.874487, 29.8486203 ], [ 79.8733357, 29.8515002 ], [ 79.8745147, 29.8545132 ], [ 79.8749512, 29.8564177 ], [ 79.8749621, 29.8582641 ], [ 79.8753951, 29.8590763 ], [ 79.8767096, 29.8589216 ], [ 79.8768874, 29.8597337 ], [ 79.8760954, 29.8606007 ], [ 79.8775021, 29.8610748 ], [ 79.8786609, 29.8599019 ], [ 79.8799377, 29.8591688 ] ] ] } },
{ "type": "Feature", "properties": { "gp_code": "", "gp_name": "", "blkname": "BAGESHWAR", "dtname": "Bageshwar", "SHAPE_Area": 4670658.6780342786 }, "geometry": { "type": "Polygon", "coordinates": [ [ [ 79.8753951, 29.8590763 ], [ 79.8749621, 29.8582641 ], [ 79.8749512, 29.8564177 ], [ 79.8745147, 29.8545132 ], [ 79.8733357, 29.8515002 ], [ 79.874487, 29.8486203 ], [ 79.8754838, 29.8470083 ], [ 79.8767862, 29.8460639 ], [ 79.8772723, 29.8447629 ], [ 79.8775786, 29.8446852 ], [ 79.8777559, 29.8460312 ], [ 79.8784949, 29.8470551 ], [ 79.8794131, 29.8475785 ], [ 79.886456, 29.8477505 ], [ 79.889556, 29.8482976 ], [ 79.8892351, 29.8504219 ], [ 79.8885326, 29.8512333 ], [ 79.8885832, 29.8517228 ], [ 79.8896795, 29.8527913 ], [ 79.8905469, 29.8531256 ], [ 79.8915295, 29.853015 ], [ 79.8923565, 29.8540642 ], [ 79.8974135, 29.850861 ], [ 79.8949564, 29.8462827 ], [ 79.8916606, 29.84554 ], [ 79.8911736, 29.8440069 ], [ 79.8844111, 29.8385556 ], [ 79.8834656, 29.8348474 ], [ 79.8820025, 29.8328451 ], [ 79.8790749, 29.8303309 ], [ 79.8766672, 29.8291018 ], [ 79.8798647, 29.8318779 ], [ 79.8802262, 29.8344345 ], [ 79.8764303, 29.8378163 ], [ 79.8759153, 29.8394195 ], [ 79.8744305, 29.8391955 ], [ 79.8713313, 29.8408245 ], [ 79.8673714, 29.8418494 ], [ 79.8673424, 29.8423342 ], [ 79.8688254, 29.8430748 ], [ 79.869251, 29.8444118 ], [ 79.8691641, 29.8456549 ], [ 79.8679925, 29.8477797 ], [ 79.8677483, 29.8494328 ], [ 79.8665464, 29.8526293 ], [ 79.8660353, 29.853274 ], [ 79.8659834, 29.8540303 ], [ 79.8661095, 29.8553985 ], [ 79.8670913, 29.8561111 ], [ 79.8713396, 29.8568598 ], [ 79.8715944, 29.8572604 ], [ 79.8708529, 29.8585945 ], [ 79.8708515, 29.8599515 ], [ 79.8753951, 29.8590763 ] ] ] } },
{ "type": "Feature", "properties": { "gp_code": "", "gp_name": "", "blkname": "BAGESHWAR", "dtname": "Bageshwar", "SHAPE_Area": 578670.04597850738 }, "geometry": { "type": "Polygon", "coordinates": [ [ [ 79.8950357, 29.8368348 ], [ 79.8942939, 29.8372446 ], [ 79.893808, 29.838475 ], [ 79.8937351, 29.8403397 ], [ 79.8898225, 29.842875 ], [ 79.8911736, 29.8440069 ], [ 79.8916606, 29.84554 ], [ 79.8949564, 29.8462827 ], [ 79.8977251, 29.8435247 ], [ 79.8978402, 29.8423065 ], [ 79.8964464, 29.8378924 ], [ 79.8956344, 29.8369844 ], [ 79.8950357, 29.8368348 ] ] ] } },
{ "type": "Feature", "properties": { "gp_code": "", "gp_name": "", "blkname": "BAGESHWAR", "dtname": "Bageshwar", "SHAPE_Area": 729841.35558726534 }, "geometry": { "type": "Polygon", "coordinates": [ [ [ 79.8950357, 29.8368348 ], [ 79.8955071, 29.8358655 ], [ 79.8953083, 29.834846 ], [ 79.8955373, 29.8338889 ], [ 79.8932703, 29.8337382 ], [ 79.891717, 29.8326681 ], [ 79.8894489, 29.8338351 ], [ 79.8878523, 29.8334362 ], [ 79.8874823, 29.8336593 ], [ 79.8884909, 29.836731 ], [ 79.889061, 29.8370298 ], [ 79.8895889, 29.8366945 ], [ 79.8908151, 29.8367823 ], [ 79.8909856, 29.8374786 ], [ 79.8897434, 29.8392679 ], [ 79.8878183, 29.8393785 ], [ 79.8844111, 29.8385556 ], [ 79.8898225, 29.842875 ], [ 79.8937351, 29.8403397 ], [ 79.893808, 29.838475 ], [ 79.8942939, 29.8372446 ], [ 79.8950357, 29.8368348 ] ] ] } },
{ "type": "Feature", "properties": { "gp_code": "", "gp_name": "", "blkname": "BAGESHWAR", "dtname": "Bageshwar", "SHAPE_Area": 436330.86020435567 }, "geometry": { "type": "Polygon", "coordinates": [ [ [ 79.89049, 29.8335002 ], [ 79.8861301, 29.8300909 ], [ 79.884434, 29.8293313 ], [ 79.8795183, 29.8259463 ], [ 79.8791757, 29.8263563 ], [ 79.8798429, 29.8293528 ], [ 79.8822506, 29.8313934 ], [ 79.8874823, 29.8336593 ], [ 79.8878523, 29.8334362 ], [ 79.8894489, 29.8338351 ], [ 79.89049, 29.8335002 ] ] ] } },
{ "type": "Feature", "properties": { "gp_code": "", "gp_name": "", "blkname": "BAGESHWAR", "dtname": "Bageshwar", "SHAPE_Area": 204544.37377736915 }, "geometry": { "type": "Polygon", "coordinates": [ [ [ 79.8851777, 29.8269076 ], [ 79.8817852, 29.8259728 ], [ 79.8807985, 29.8267595 ], [ 79.8874979, 29.8311112 ], [ 79.8874854, 29.8292464 ], [ 79.8868589, 29.8283136 ], [ 79.8851777, 29.8269076 ] ] ] } },
{ "type": "Feature", "properties": { "gp_code": "", "gp_name": "", "blkname": "BAGESHWAR", "dtname": "Bageshwar", "SHAPE_Area": 882799.99784017913 }, "geometry": { "type": "Polygon", "coordinates": [ [ [ 79.8874823, 29.8336593 ], [ 79.8848158, 29.832713 ], [ 79.880441, 29.8301116 ], [ 79.8798429, 29.8293528 ], [ 79.8791757, 29.8263563 ], [ 79.8779362, 29.8253856 ], [ 79.8766108, 29.8248128 ], [ 79.8739876, 29.8246491 ], [ 79.8718104, 29.8240134 ], [ 79.8720233, 29.8249708 ], [ 79.8726824, 29.8257701 ], [ 79.875415, 29.8277308 ], [ 79.8766672, 29.8291018 ], [ 79.8790749, 29.8303309 ], [ 79.8820025, 29.8328451 ], [ 79.8834656, 29.8348474 ], [ 79.8844111, 29.8385556 ], [ 79.8878183, 29.8393785 ], [ 79.8897434, 29.8392679 ], [ 79.8909856, 29.8374786 ], [ 79.8908151, 29.8367823 ], [ 79.8895889, 29.8366945 ], [ 79.889061, 29.8370298 ], [ 79.8884909, 29.836731 ], [ 79.8874823, 29.8336593 ] ] ] } },
{ "type": "Feature", "properties": { "gp_code": "259978", "gp_name": "BAHAALI", "blkname": "BAGESHWAR", "dtname": "Bageshwar", "SHAPE_Area": 2737655.5681163315 }, "geometry": { "type": "Polygon", "coordinates": [ [ [ 79.8713313, 29.8408245 ], [ 79.8744305, 29.8391955 ], [ 79.8759153, 29.8394195 ], [ 79.8764303, 29.8378163 ], [ 79.8802262, 29.8344345 ], [ 79.88027, 29.833667 ], [ 79.8798647, 29.8318779 ], [ 79.8720233, 29.8249708 ], [ 79.8710255, 29.8247587 ], [ 79.8709389, 29.8257159 ], [ 79.8663868, 29.8293672 ], [ 79.8649314, 29.8303232 ], [ 79.8630921, 29.8303217 ], [ 79.862949, 29.8307318 ], [ 79.8638324, 29.8313293 ], [ 79.86594, 29.8337428 ], [ 79.8661382, 29.8350731 ], [ 79.8656912, 29.8396352 ], [ 79.8623369, 29.8426656 ], [ 79.8630781, 29.84289 ], [ 79.864018, 29.844047 ], [ 79.8662651, 29.8458675 ], [ 79.868525, 29.8465959 ], [ 79.8691641, 29.8456549 ], [ 79.869251, 29.8444118 ], [ 79.8688254, 29.8430748 ], [ 79.8673424, 29.8423342 ], [ 79.8673714, 29.8418494 ], [ 79.8713313, 29.8408245 ] ] ] } },
{ "type": "Feature", "properties": { "gp_code": "21740", "gp_name": "BHARUCHOUBATTA", "blkname": "BAGESHWAR", "dtname": "Bageshwar", "SHAPE_Area": 356233.50055835024 }, "geometry": { "type": "Polygon", "coordinates": [ [ [ 79.8813288, 29.8261838 ], [ 79.880917, 29.8244306 ], [ 79.8817877, 29.8234491 ], [ 79.8799646, 29.8215208 ], [ 79.8786981, 29.8191081 ], [ 79.8778001, 29.8189209 ], [ 79.8772756, 29.8208343 ], [ 79.8775693, 29.8215936 ], [ 79.8767838, 29.8229108 ], [ 79.8751714, 29.8242771 ], [ 79.8739876, 29.8246491 ], [ 79.8766108, 29.8248128 ], [ 79.8791757, 29.8263563 ], [ 79.8795183, 29.8259463 ], [ 79.8807985, 29.8267595 ], [ 79.8813288, 29.8261838 ] ] ] } },
{ "type": "Feature", "properties": { "gp_code": "21762", "gp_name": "DHAPOLI", "blkname": "BAGESHWAR", "dtname": "Bageshwar", "SHAPE_Area": 1676544.7778845881 }, "geometry": { "type": "Polygon", "coordinates": [ [ [ 79.8772756, 29.8208343 ], [ 79.8805075, 29.8119085 ], [ 79.87713, 29.8128562 ], [ 79.8744114, 29.8144925 ], [ 79.8724296, 29.8147023 ], [ 79.8698899, 29.8144098 ], [ 79.8662557, 29.8155054 ], [ 79.8658565, 29.8154802 ], [ 79.8656726, 29.8141374 ], [ 79.8651054, 29.8141534 ], [ 79.8645172, 29.8147332 ], [ 79.8641958, 29.816481 ], [ 79.8627781, 29.8180552 ], [ 79.8622397, 29.8191618 ], [ 79.8623852, 29.8200561 ], [ 79.8651198, 29.8199306 ], [ 79.8663392, 29.8206399 ], [ 79.8666808, 29.8213371 ], [ 79.8675113, 29.8209971 ], [ 79.8698063, 29.8210415 ], [ 79.8709287, 29.8216811 ], [ 79.8716111, 29.8228739 ], [ 79.8718104, 29.8240134 ], [ 79.8739876, 29.8246491 ], [ 79.8751714, 29.8242771 ], [ 79.8767838, 29.8229108 ], [ 79.8775693, 29.8215936 ], [ 79.8772756, 29.8208343 ] ] ] } },
{ "type": "Feature", "properties": { "gp_code": "21844", "gp_name": "PANCHOURA", "blkname": "BAGESHWAR", "dtname": "Bageshwar", "SHAPE_Area": 1677788.722372246 }, "geometry": { "type": "Polygon", "coordinates": [ [ [ 79.8860191, 29.8266844 ], [ 79.8882306, 29.8249828 ], [ 79.8882102, 29.8242205 ], [ 79.8861237, 29.821575 ], [ 79.8862676, 29.8201205 ], [ 79.8871387, 29.818592 ], [ 79.8852872, 29.8164648 ], [ 79.8889544, 29.8128869 ], [ 79.8889977, 29.8123648 ], [ 79.8887419, 29.8114446 ], [ 79.8852651, 29.8096271 ], [ 79.8842539, 29.8085945 ], [ 79.8831835, 29.809837 ], [ 79.8805075, 29.8119085 ], [ 79.8778001, 29.8189209 ], [ 79.8786981, 29.8191081 ], [ 79.8799646, 29.8215208 ], [ 79.8817877, 29.8234491 ], [ 79.880917, 29.8244306 ], [ 79.8813288, 29.8261838 ], [ 79.8817852, 29.8259728 ], [ 79.8833819, 29.8262102 ], [ 79.8851777, 29.8269076 ], [ 79.8860191, 29.8266844 ] ] ] } },
{ "type": "Feature", "properties": { "gp_code": "21831", "gp_name": "NARAYANGUNPH", "blkname": "BAGESHWAR", "dtname": "Bageshwar", "SHAPE_Area": 399732.70744369685 }, "geometry": { "type": "Polygon", "coordinates": [ [ [ 79.8933914, 29.8191837 ], [ 79.8916147, 29.8192975 ], [ 79.8911872, 29.8190485 ], [ 79.8909572, 29.8182802 ], [ 79.8862413, 29.8177336 ], [ 79.8871387, 29.818592 ], [ 79.8862676, 29.8201205 ], [ 79.8861237, 29.821575 ], [ 79.8882102, 29.8242205 ], [ 79.8901066, 29.8230387 ], [ 79.8924075, 29.8207368 ], [ 79.8933914, 29.8191837 ] ] ] } },
{ "type": "Feature", "properties": { "gp_code": "21827", "gp_name": "NAGHARMAJILA", "blkname": "BAGESHWAR", "dtname": "Bageshwar", "SHAPE_Area": 976134.54450720409 }, "geometry": { "type": "Polygon", "coordinates": [ [ [ 79.9038151, 29.8238864 ], [ 79.9035305, 29.8231278 ], [ 79.9011075, 29.8221691 ], [ 79.9017354, 29.8214112 ], [ 79.9014792, 29.8209262 ], [ 79.9019355, 29.8207897 ], [ 79.9016374, 29.8192106 ], [ 79.8998862, 29.8162383 ], [ 79.8973762, 29.8138709 ], [ 79.8967223, 29.8149558 ], [ 79.8950341, 29.8165414 ], [ 79.8914318, 29.8165188 ], [ 79.8892523, 29.8146028 ], [ 79.8878482, 29.8144534 ], [ 79.8876134, 29.8139552 ], [ 79.8852872, 29.8164648 ], [ 79.8862413, 29.8177336 ], [ 79.8909572, 29.8182802 ], [ 79.8911872, 29.8190485 ], [ 79.8916147, 29.8192975 ], [ 79.8933914, 29.8191837 ], [ 79.8941814, 29.8187273 ], [ 79.8955782, 29.8192006 ], [ 79.897945, 29.8190343 ], [ 79.8995261, 29.8208006 ], [ 79.8990411, 29.8210863 ], [ 79.8991105, 29.8233738 ], [ 79.8995522, 29.823747 ], [ 79.9002654, 29.8233496 ], [ 79.9005065, 29.8249038 ], [ 79.8996708, 29.8260176 ], [ 79.902616, 29.8257629 ], [ 79.903315, 29.8252909 ], [ 79.9038151, 29.8238864 ] ] ] } },
{ "type": "Feature", "properties": { "gp_code": "21793", "gp_name": "KANDEYKANYAL", "blkname": "BAGESHWAR", "dtname": "Bageshwar", "SHAPE_Area": 2233676.677154717 }, "geometry": { "type": "Polygon", "coordinates": [ [ [ 79.8955373, 29.8338889 ], [ 79.8951109, 29.8322103 ], [ 79.8954397, 29.8312781 ], [ 79.8962099, 29.8308808 ], [ 79.8966244, 29.8297374 ], [ 79.8981937, 29.8286941 ], [ 79.8999621, 29.8281482 ], [ 79.902158, 29.8279382 ], [ 79.9049264, 29.8248443 ], [ 79.9051981, 29.8238499 ], [ 79.9073529, 29.8212404 ], [ 79.9060137, 29.8205662 ], [ 79.901973, 29.82116 ], [ 79.9011075, 29.8221691 ], [ 79.9035305, 29.8231278 ], [ 79.9037719, 29.8243836 ], [ 79.903315, 29.8252909 ], [ 79.902616, 29.8257629 ], [ 79.8996708, 29.8260176 ], [ 79.9005065, 29.8249038 ], [ 79.9002654, 29.8233496 ], [ 79.8995522, 29.823747 ], [ 79.8991105, 29.8233738 ], [ 79.8990411, 29.8210863 ], [ 79.8995261, 29.8208006 ], [ 79.897945, 29.8190343 ], [ 79.8955782, 29.8192006 ], [ 79.8941814, 29.8187273 ], [ 79.8933914, 29.8191837 ], [ 79.8924075, 29.8207368 ], [ 79.8901066, 29.8230387 ], [ 79.8882102, 29.8242205 ], [ 79.8882306, 29.8249828 ], [ 79.8860191, 29.8266844 ], [ 79.8851777, 29.8269076 ], [ 79.8868589, 29.8283136 ], [ 79.8874854, 29.8292464 ], [ 79.8874979, 29.8311112 ], [ 79.89049, 29.8335002 ], [ 79.891717, 29.8326681 ], [ 79.8932703, 29.8337382 ], [ 79.8955373, 29.8338889 ] ] ] } },
{ "type": "Feature", "properties": { "gp_code": "", "gp_name": "", "blkname": "BAGESHWAR", "dtname": "Bageshwar", "SHAPE_Area": 166860.59972873449 }, "geometry": { "type": "Polygon", "coordinates": [ [ [ 79.9071204, 29.8270833 ], [ 79.9069361, 29.8257032 ], [ 79.9049264, 29.8248443 ], [ 79.902158, 29.8279382 ], [ 79.9040828, 29.8280015 ], [ 79.9059928, 29.8286739 ], [ 79.9066482, 29.8293207 ], [ 79.9071204, 29.8270833 ] ] ] } },
{ "type": "Feature", "properties": { "gp_code": "", "gp_name": "", "blkname": "BAGESHWAR", "dtname": "Bageshwar", "SHAPE_Area": 134229.88284233506 }, "geometry": { "type": "Polygon", "coordinates": [ [ [ 79.9087215, 29.8213904 ], [ 79.9073529, 29.8212404 ], [ 79.9051981, 29.8238499 ], [ 79.9049264, 29.8248443 ], [ 79.9069361, 29.8257032 ], [ 79.9068937, 29.8252432 ], [ 79.9091059, 29.8221054 ], [ 79.9087215, 29.8213904 ] ] ] } },
{ "type": "Feature", "properties": { "gp_code": "21766", "gp_name": "DHOPOLASERA", "blkname": "BAGESHWAR", "dtname": "Bageshwar", "SHAPE_Area": 1483047.1279474739 }, "geometry": { "type": "Polygon", "coordinates": [ [ [ 79.915376, 29.82669 ], [ 79.916119, 29.8243283 ], [ 79.9170461, 29.823732 ], [ 79.9190253, 29.8205164 ], [ 79.9181899, 29.818996 ], [ 79.9171926, 29.8179512 ], [ 79.9147834, 29.8175832 ], [ 79.9147558, 29.8163649 ], [ 79.9159971, 29.8149172 ], [ 79.9116502, 29.8130376 ], [ 79.9110946, 29.812453 ], [ 79.9106234, 29.8134597 ], [ 79.9094109, 29.8145034 ], [ 79.9057716, 29.8195736 ], [ 79.9057141, 29.8202946 ], [ 79.9073529, 29.8212404 ], [ 79.910347, 29.8211924 ], [ 79.9101741, 29.8235916 ], [ 79.9106721, 29.8249594 ], [ 79.9122116, 29.8254202 ], [ 79.9126533, 29.8259053 ], [ 79.9127315, 29.8284116 ], [ 79.9140492, 29.8278703 ], [ 79.9146771, 29.8270004 ], [ 79.915376, 29.82669 ] ] ] } },
{ "type": "Feature", "properties": { "gp_code": "", "gp_name": "", "blkname": "BAGESHWAR", "dtname": "Bageshwar", "SHAPE_Area": 87457.634396997077 }, "geometry": { "type": "Polygon", "coordinates": [ [ [ 79.9159971, 29.8149172 ], [ 79.9147558, 29.8163649 ], [ 79.9145842, 29.8171107 ], [ 79.9147834, 29.8175832 ], [ 79.9154106, 29.8178073 ], [ 79.9171926, 29.8179512 ], [ 79.917479, 29.8160866 ], [ 79.9159971, 29.8149172 ] ] ] } },
{ "type": "Feature", "properties": { "gp_code": "21849", "gp_name": "POKHARI", "blkname": "BAGESHWAR", "dtname": "Bageshwar", "SHAPE_Area": 1155298.7007201987 }, "geometry": { "type": "Polygon", "coordinates": [ [ [ 79.9260164, 29.8334298 ], [ 79.9264807, 29.8302882 ], [ 79.9241, 29.8295163 ], [ 79.9220338, 29.827576 ], [ 79.9206094, 29.8254494 ], [ 79.9206169, 29.8247932 ], [ 79.9190253, 29.8205164 ], [ 79.9170461, 29.823732 ], [ 79.916119, 29.8243283 ], [ 79.915376, 29.82669 ], [ 79.9159286, 29.8276358 ], [ 79.9161426, 29.8314766 ], [ 79.9166829, 29.8338638 ], [ 79.9196203, 29.8336415 ], [ 79.9240258, 29.8343149 ], [ 79.9256943, 29.8339179 ], [ 79.9260164, 29.8334298 ] ] ] } },
{ "type": "Feature", "properties": { "gp_code": "21841", "gp_name": "PALIBAGYALI", "blkname": "BAGESHWAR", "dtname": "Bageshwar", "SHAPE_Area": 326612.2625211433 }, "geometry": { "type": "Polygon", "coordinates": [ [ [ 79.9087215, 29.8213904 ], [ 79.9091059, 29.8221054 ], [ 79.9068937, 29.8252432 ], [ 79.9071204, 29.8270833 ], [ 79.9127315, 29.8284116 ], [ 79.9126533, 29.8259053 ], [ 79.9122116, 29.8254202 ], [ 79.9106721, 29.8249594 ], [ 79.9101741, 29.8235916 ], [ 79.910347, 29.8211924 ], [ 79.9087215, 29.8213904 ] ] ] } },
{ "type": "Feature", "properties": { "gp_code": "", "gp_name": "", "blkname": "BAGESHWAR", "dtname": "Bageshwar", "SHAPE_Area": 123748.83891750714 }, "geometry": { "type": "Polygon", "coordinates": [ [ [ 79.9075443, 29.8321202 ], [ 79.9089262, 29.8338596 ], [ 79.9096665, 29.8353519 ], [ 79.9093804, 29.8365949 ], [ 79.9112925, 29.8347063 ], [ 79.9116353, 29.8337865 ], [ 79.9114077, 29.8331648 ], [ 79.9095976, 29.8321071 ], [ 79.9075443, 29.8321202 ] ] ] } },
{ "type": "Feature", "properties": { "gp_code": "", "gp_name": "", "blkname": "BAGESHWAR", "dtname": "Bageshwar", "SHAPE_Area": 1058823.3069895606 }, "geometry": { "type": "Polygon", "coordinates": [ [ [ 79.9155396, 29.838092 ], [ 79.9156908, 29.8348868 ], [ 79.9166829, 29.8338638 ], [ 79.9161426, 29.8314766 ], [ 79.9159286, 29.8276358 ], [ 79.915376, 29.82669 ], [ 79.9146771, 29.8270004 ], [ 79.9140492, 29.8278703 ], [ 79.9127315, 29.8284116 ], [ 79.9071204, 29.8270833 ], [ 79.9066482, 29.8293207 ], [ 79.9075443, 29.8321202 ], [ 79.9102533, 29.8323188 ], [ 79.9114077, 29.8331648 ], [ 79.9116353, 29.8337865 ], [ 79.9112925, 29.8347063 ], [ 79.9091092, 29.8370547 ], [ 79.9095501, 29.8385219 ], [ 79.9105762, 29.8393056 ], [ 79.9116754, 29.8376404 ], [ 79.9121175, 29.8375287 ], [ 79.9148544, 29.8387236 ], [ 79.9155396, 29.838092 ] ] ] } },
{ "type": "Feature", "properties": { "gp_code": "21732", "gp_name": "BASTOLI", "blkname": "BAGESHWAR", "dtname": "Bageshwar", "SHAPE_Area": 2062104.4455236762 }, "geometry": { "type": "Polygon", "coordinates": [ [ [ 79.9228636, 29.8458944 ], [ 79.9266313, 29.8438759 ], [ 79.9297393, 29.8416957 ], [ 79.9294713, 29.8404616 ], [ 79.9281645, 29.8389483 ], [ 79.9282739, 29.8372354 ], [ 79.9277146, 29.8337425 ], [ 79.9260164, 29.8334298 ], [ 79.9256943, 29.8339179 ], [ 79.9240258, 29.8343149 ], [ 79.9196203, 29.8336415 ], [ 79.9166829, 29.8338638 ], [ 79.9156908, 29.8348868 ], [ 79.9155396, 29.838092 ], [ 79.9162232, 29.8389108 ], [ 79.918048, 29.8397187 ], [ 79.9180618, 29.8400679 ], [ 79.9168203, 29.8414409 ], [ 79.9161055, 29.8441755 ], [ 79.9164464, 29.846115 ], [ 79.9170314, 29.8456304 ], [ 79.9176589, 29.8455686 ], [ 79.9182144, 29.846464 ], [ 79.9180569, 29.8475578 ], [ 79.9190261, 29.8481799 ], [ 79.9204097, 29.847646 ], [ 79.9228636, 29.8458944 ] ] ] } },
{ "type": "Feature", "properties": { "gp_code": "21763", "gp_name": "DHAPTI", "blkname": "BAGESHWAR", "dtname": "Bageshwar", "SHAPE_Area": 237441.13216750012 }, "geometry": { "type": "Polygon", "coordinates": [ [ [ 79.9164464, 29.846115 ], [ 79.9161055, 29.8441755 ], [ 79.9168203, 29.8414409 ], [ 79.9144097, 29.8425585 ], [ 79.9125557, 29.8429678 ], [ 79.9108575, 29.8446451 ], [ 79.9113274, 29.8456896 ], [ 79.9111417, 29.84605 ], [ 79.9133667, 29.8454421 ], [ 79.9156476, 29.8464378 ], [ 79.9164464, 29.846115 ] ] ] } },
{ "type": "Feature", "properties": { "gp_code": "21729", "gp_name": "BAJINA", "blkname": "BAGESHWAR", "dtname": "Bageshwar", "SHAPE_Area": 1257206.8168369452 }, "geometry": { "type": "Polygon", "coordinates": [ [ [ 79.906097, 29.8416029 ], [ 79.908408, 29.8404108 ], [ 79.9094489, 29.8404238 ], [ 79.9100902, 29.8408841 ], [ 79.9106182, 29.840325 ], [ 79.9105762, 29.8393056 ], [ 79.9095501, 29.8385219 ], [ 79.9091092, 29.8370547 ], [ 79.9096665, 29.8353519 ], [ 79.9089262, 29.8338596 ], [ 79.9077579, 29.8326034 ], [ 79.9066482, 29.8293207 ], [ 79.9059928, 29.8286739 ], [ 79.9040828, 29.8280015 ], [ 79.902158, 29.8279382 ], [ 79.8999893, 29.8297146 ], [ 79.9008863, 29.8313189 ], [ 79.9015681, 29.8346261 ], [ 79.9005399, 29.8365151 ], [ 79.9027168, 29.8369766 ], [ 79.9042173, 29.8383945 ], [ 79.9037886, 29.8395006 ], [ 79.902504, 29.841203 ], [ 79.906097, 29.8416029 ] ] ] } },
{ "type": "Feature", "properties": { "gp_code": "21857", "gp_name": "SASHOLA", "blkname": "BAGESHWAR", "dtname": "Bageshwar", "SHAPE_Area": 1326087.5197015926 }, "geometry": { "type": "Polygon", "coordinates": [ [ [ 79.8993197, 29.846559 ], [ 79.9008765, 29.8435888 ], [ 79.9037886, 29.8395006 ], [ 79.9042173, 29.8383945 ], [ 79.9027168, 29.8369766 ], [ 79.9005399, 29.8365151 ], [ 79.9015681, 29.8346261 ], [ 79.9008863, 29.8313189 ], [ 79.8999893, 29.8297146 ], [ 79.902158, 29.8279382 ], [ 79.8999621, 29.8281482 ], [ 79.8981937, 29.8286941 ], [ 79.8966244, 29.8297374 ], [ 79.8962099, 29.8308808 ], [ 79.8954397, 29.8312781 ], [ 79.8951109, 29.8322103 ], [ 79.8955379, 29.833143 ], [ 79.8953083, 29.834846 ], [ 79.8955071, 29.8358655 ], [ 79.8950357, 29.8368348 ], [ 79.8956344, 29.8369844 ], [ 79.8964464, 29.8378924 ], [ 79.8978402, 29.8423065 ], [ 79.8977251, 29.8435247 ], [ 79.8949564, 29.8462827 ], [ 79.8986933, 29.8458851 ], [ 79.8993197, 29.846559 ] ] ] } },
{ "type": "Feature", "properties": { "gp_code": "21837", "gp_name": "PADAI", "blkname": "BAGESHWAR", "dtname": "Bageshwar", "SHAPE_Area": 1762897.1091946492 }, "geometry": { "type": "Polygon", "coordinates": [ [ [ 79.8993197, 29.846559 ], [ 79.8986933, 29.8458851 ], [ 79.8949564, 29.8462827 ], [ 79.8974135, 29.850861 ], [ 79.8923565, 29.8540642 ], [ 79.8937212, 29.8564978 ], [ 79.8940896, 29.8584223 ], [ 79.8948799, 29.8593905 ], [ 79.897941, 29.8610497 ], [ 79.9000829, 29.8633089 ], [ 79.9012189, 29.8633855 ], [ 79.9021966, 29.8625346 ], [ 79.9022479, 29.8593415 ], [ 79.904935, 29.8586193 ], [ 79.9055215, 29.8581087 ], [ 79.9058641, 29.8572574 ], [ 79.9057186, 29.8558523 ], [ 79.9017172, 29.8510814 ], [ 79.8993197, 29.846559 ] ] ] } },
{ "type": "Feature", "properties": { "gp_code": "", "gp_name": "", "blkname": "BAGESHWAR", "dtname": "Bageshwar", "SHAPE_Area": 825305.13299574493 }, "geometry": { "type": "Polygon", "coordinates": [ [ [ 79.9000829, 29.8633089 ], [ 79.8990249, 29.8619179 ], [ 79.8948799, 29.8593905 ], [ 79.8940896, 29.8584223 ], [ 79.8930561, 29.8583215 ], [ 79.8921274, 29.8587014 ], [ 79.8899912, 29.8609777 ], [ 79.8896584, 29.8621231 ], [ 79.8910474, 29.8643708 ], [ 79.8914543, 29.8659505 ], [ 79.8922324, 29.8663403 ], [ 79.8933705, 29.8659337 ], [ 79.8940319, 29.8661412 ], [ 79.8949655, 29.8689882 ], [ 79.8973086, 29.8664485 ], [ 79.8981895, 29.8644906 ], [ 79.8994119, 29.8630438 ], [ 79.9000829, 29.8633089 ] ] ] } },
{ "type": "Feature", "properties": { "gp_code": "", "gp_name": "", "blkname": "BAGESHWAR", "dtname": "Bageshwar", "SHAPE_Area": 363553.78347682412 }, "geometry": { "type": "Polygon", "coordinates": [ [ [ 79.9011071, 29.8760651 ], [ 79.9021633, 29.8751335 ], [ 79.8997763, 29.8711509 ], [ 79.8994004, 29.8700725 ], [ 79.8996445, 29.8680464 ], [ 79.8989168, 29.8684065 ], [ 79.8976032, 29.8701584 ], [ 79.8966295, 29.8747074 ], [ 79.8961869, 29.8754654 ], [ 79.8994949, 29.8766111 ], [ 79.9011071, 29.8760651 ] ] ] } },
{ "type": "Feature", "properties": { "gp_code": "", "gp_name": "", "blkname": "BAGESHWAR", "dtname": "Bageshwar", "SHAPE_Area": 278427.86124524701 }, "geometry": { "type": "Polygon", "coordinates": [ [ [ 79.9040623, 29.872636 ], [ 79.9022156, 29.8685861 ], [ 79.8996445, 29.8680464 ], [ 79.8994004, 29.8700725 ], [ 79.8997763, 29.8711509 ], [ 79.9021633, 29.8751335 ], [ 79.9039477, 29.8733321 ], [ 79.9040623, 29.872636 ] ] ] } },
{ "type": "Feature", "properties": { "gp_code": "21837", "gp_name": "PADAI", "blkname": "BAGESHWAR", "dtname": "Bageshwar", "SHAPE_Area": 283048.36468928371 }, "geometry": { "type": "Polygon", "coordinates": [ [ [ 79.9040623, 29.872636 ], [ 79.9034051, 29.8740403 ], [ 79.9014356, 29.8755184 ], [ 79.9027778, 29.876848 ], [ 79.9045742, 29.8746626 ], [ 79.9064298, 29.8754968 ], [ 79.908311, 29.8749879 ], [ 79.9100796, 29.8750511 ], [ 79.9120781, 29.8758802 ], [ 79.9122183, 29.8761958 ], [ 79.9126465, 29.875761 ], [ 79.9115498, 29.8735602 ], [ 79.9061585, 29.8732712 ], [ 79.9040623, 29.872636 ] ] ] } },
{ "type": "Feature", "properties": { "gp_code": "243090", "gp_name": "AKSHAURA", "blkname": "BAGESHWAR", "dtname": "Bageshwar", "SHAPE_Area": 197704.4124439414 }, "geometry": { "type": "Polygon", "coordinates": [ [ [ 79.9115498, 29.8735602 ], [ 79.9121495, 29.8727276 ], [ 79.9122214, 29.8718327 ], [ 79.9116229, 29.8710865 ], [ 79.9111235, 29.8713846 ], [ 79.908542, 29.8712215 ], [ 79.9055037, 29.8715554 ], [ 79.9040623, 29.872636 ], [ 79.9061585, 29.8732712 ], [ 79.9115498, 29.8735602 ] ] ] } },
{ "type": "Feature", "properties": { "gp_code": "21837", "gp_name": "PADAI", "blkname": "BAGESHWAR", "dtname": "Bageshwar", "SHAPE_Area": 512583.29734215589 }, "geometry": { "type": "Polygon", "coordinates": [ [ [ 79.9040623, 29.872636 ], [ 79.9055037, 29.8715554 ], [ 79.908542, 29.8712215 ], [ 79.9111235, 29.8713846 ], [ 79.9116229, 29.8710865 ], [ 79.9112809, 29.8706512 ], [ 79.9117803, 29.8703532 ], [ 79.9128785, 29.8703299 ], [ 79.9141934, 29.8694899 ], [ 79.916531, 29.8686154 ], [ 79.9165322, 29.8668999 ], [ 79.9155624, 29.8667627 ], [ 79.9137503, 29.8679178 ], [ 79.9114519, 29.868524 ], [ 79.9077891, 29.8671562 ], [ 79.9071751, 29.8680385 ], [ 79.9071175, 29.8688589 ], [ 79.9066324, 29.8690823 ], [ 79.9065344, 29.8698812 ], [ 79.9022156, 29.8685861 ], [ 79.9040623, 29.872636 ] ] ] } },
{ "type": "Feature", "properties": { "gp_code": "", "gp_name": "", "blkname": "BAGESHWAR", "dtname": "Bageshwar", "SHAPE_Area": 371361.87580161419 }, "geometry": { "type": "Polygon", "coordinates": [ [ [ 79.915928, 29.8744948 ], [ 79.9159319, 29.8688139 ], [ 79.9128785, 29.8703299 ], [ 79.9112809, 29.8706512 ], [ 79.9122214, 29.8718327 ], [ 79.9121495, 29.8727276 ], [ 79.9115498, 29.8735602 ], [ 79.9126465, 29.875761 ], [ 79.9122183, 29.8761958 ], [ 79.9125364, 29.8769122 ], [ 79.9140009, 29.8766443 ], [ 79.9145532, 29.8768394 ], [ 79.9148573, 29.875787 ], [ 79.915928, 29.8744948 ] ] ] } },
{ "type": "Feature", "properties": { "gp_code": "243090", "gp_name": "AKSHAURA", "blkname": "BAGESHWAR", "dtname": "Bageshwar", "SHAPE_Area": 326004.29495354055 }, "geometry": { "type": "Polygon", "coordinates": [ [ [ 79.9196685, 29.8690893 ], [ 79.9242904, 29.8678609 ], [ 79.9254028, 29.8679111 ], [ 79.9263152, 29.8686698 ], [ 79.9286629, 29.8665495 ], [ 79.9292268, 29.8651034 ], [ 79.9277579, 29.8648915 ], [ 79.9260018, 29.8667684 ], [ 79.920968, 29.8666535 ], [ 79.9200557, 29.8658575 ], [ 79.9181438, 29.867025 ], [ 79.9165322, 29.8668999 ], [ 79.916531, 29.8686154 ], [ 79.9179717, 29.8684296 ], [ 79.9196685, 29.8690893 ] ] ] } },
{ "type": "Feature", "properties": { "gp_code": "", "gp_name": "", "blkname": "BAGESHWAR", "dtname": "Bageshwar", "SHAPE_Area": 7626227.0937115522 }, "geometry": { "type": "Polygon", "coordinates": [ [ [ 79.8996445, 29.8680464 ], [ 79.9065344, 29.8698812 ], [ 79.9066324, 29.8690823 ], [ 79.9071175, 29.8688589 ], [ 79.9071751, 29.8680385 ], [ 79.9077891, 29.8671562 ], [ 79.9114519, 29.868524 ], [ 79.9137503, 29.8679178 ], [ 79.9155624, 29.8667627 ], [ 79.9181438, 29.867025 ], [ 79.9190283, 29.866665 ], [ 79.9196421, 29.8658946 ], [ 79.9200557, 29.8658575 ], [ 79.920968, 29.8666535 ], [ 79.9260018, 29.8667684 ], [ 79.9277579, 29.8648915 ], [ 79.9327924, 29.8650801 ], [ 79.9346759, 29.8634524 ], [ 79.9369166, 29.8603207 ], [ 79.937473, 29.8599977 ], [ 79.9395688, 29.8614653 ], [ 79.9422222, 29.859813 ], [ 79.9421654, 29.8593779 ], [ 79.9401838, 29.8577238 ], [ 79.9363497, 29.8535082 ], [ 79.9352235, 29.8526376 ], [ 79.932714, 29.8519155 ], [ 79.9295188, 29.8533189 ], [ 79.9232865, 29.8577188 ], [ 79.9223277, 29.8590588 ], [ 79.9222699, 29.8601652 ], [ 79.9209729, 29.8615853 ], [ 79.9201866, 29.8618796 ], [ 79.9167214, 29.8612812 ], [ 79.9154805, 29.8615167 ], [ 79.9137273, 29.8600365 ], [ 79.9128583, 29.8586314 ], [ 79.9113921, 29.8547893 ], [ 79.9103515, 29.8542542 ], [ 79.9095535, 29.853396 ], [ 79.9084145, 29.8508097 ], [ 79.9071463, 29.8494664 ], [ 79.9085427, 29.8491131 ], [ 79.9099456, 29.8471042 ], [ 79.9111417, 29.84605 ], [ 79.9113274, 29.8456896 ], [ 79.9108575, 29.8446451 ], [ 79.9112858, 29.8440113 ], [ 79.9132261, 29.84262 ], [ 79.9144097, 29.8425585 ], [ 79.9168203, 29.8414409 ], [ 79.9180618, 29.8400679 ], [ 79.918048, 29.8397187 ], [ 79.9162232, 29.8389108 ], [ 79.9155396, 29.838092 ], [ 79.9148544, 29.8387236 ], [ 79.9121175, 29.8375287 ], [ 79.9113043, 29.8380753 ], [ 79.9105762, 29.8393056 ], [ 79.9106182, 29.840325 ], [ 79.9100902, 29.8408841 ], [ 79.9094489, 29.8404238 ], [ 79.908408, 29.8404108 ], [ 79.906097, 29.8416029 ], [ 79.902504, 29.841203 ], [ 79.8993197, 29.846559 ], [ 79.9017172, 29.8510814 ], [ 79.9057186, 29.8558523 ], [ 79.9058641, 29.8572574 ], [ 79.904935, 29.8586193 ], [ 79.9022479, 29.8593415 ], [ 79.9021966, 29.8625346 ], [ 79.9012189, 29.8633855 ], [ 79.8994119, 29.8630438 ], [ 79.8981895, 29.8644906 ], [ 79.8973086, 29.8664485 ], [ 79.8949655, 29.8689882 ], [ 79.8976032, 29.8701584 ], [ 79.8989168, 29.8684065 ], [ 79.8996445, 29.8680464 ] ] ] } },
{ "type": "Feature", "properties": { "gp_code": "21732", "gp_name": "BASTOLI", "blkname": "BAGESHWAR", "dtname": "Bageshwar", "SHAPE_Area": 1551223.5337881621 }, "geometry": { "type": "Polygon", "coordinates": [ [ [ 79.9209729, 29.8615853 ], [ 79.9222699, 29.8601652 ], [ 79.9226704, 29.8583007 ], [ 79.9242828, 29.8570583 ], [ 79.9206052, 29.8541477 ], [ 79.9154589, 29.8513605 ], [ 79.9147469, 29.8498186 ], [ 79.914248, 29.8495076 ], [ 79.9134063, 29.8500541 ], [ 79.9122797, 29.8500535 ], [ 79.9103837, 29.8491699 ], [ 79.9092287, 29.84902 ], [ 79.9089152, 29.8486469 ], [ 79.9085427, 29.8491131 ], [ 79.9071463, 29.8494664 ], [ 79.9084145, 29.8508097 ], [ 79.9095535, 29.853396 ], [ 79.9103515, 29.8542542 ], [ 79.9113921, 29.8547893 ], [ 79.9128583, 29.8586314 ], [ 79.9137273, 29.8600365 ], [ 79.9154805, 29.8615167 ], [ 79.9167214, 29.8612812 ], [ 79.9201866, 29.8618796 ], [ 79.9209729, 29.8615853 ] ] ] } },
{ "type": "Feature", "properties": { "gp_code": "243082", "gp_name": "GARWASIRMOLI", "blkname": "BAGESHWAR", "dtname": "Bageshwar", "SHAPE_Area": 2448592.9192509511 }, "geometry": { "type": "Polygon", "coordinates": [ [ [ 79.9318011, 29.8522508 ], [ 79.9326014, 29.8492179 ], [ 79.9325593, 29.8479996 ], [ 79.9322321, 29.8465699 ], [ 79.9308429, 29.8452051 ], [ 79.9299381, 29.8431378 ], [ 79.9297393, 29.8416957 ], [ 79.9204097, 29.847646 ], [ 79.9190261, 29.8481799 ], [ 79.9180569, 29.8475578 ], [ 79.9182144, 29.846464 ], [ 79.9176589, 29.8455686 ], [ 79.9156476, 29.8464378 ], [ 79.9133667, 29.8454421 ], [ 79.9111417, 29.84605 ], [ 79.9099456, 29.8471042 ], [ 79.9089152, 29.8486469 ], [ 79.9092287, 29.84902 ], [ 79.9103837, 29.8491699 ], [ 79.9122797, 29.8500535 ], [ 79.9134063, 29.8500541 ], [ 79.914248, 29.8495076 ], [ 79.9147469, 29.8498186 ], [ 79.9154589, 29.8513605 ], [ 79.9206052, 29.8541477 ], [ 79.9242828, 29.8570583 ], [ 79.9295188, 29.8533189 ], [ 79.9318011, 29.8522508 ] ] ] } },
{ "type": "Feature", "properties": { "gp_code": "21773", "gp_name": "GADERA", "blkname": "BAGESHWAR", "dtname": "Bageshwar", "SHAPE_Area": 1675111.4334439265 }, "geometry": { "type": "Polygon", "coordinates": [ [ [ 79.9165132, 29.8738736 ], [ 79.9178258, 29.8733646 ], [ 79.9224043, 29.8733793 ], [ 79.9228605, 29.8736157 ], [ 79.9265848, 29.8710442 ], [ 79.927738, 29.871024 ], [ 79.9312784, 29.8690449 ], [ 79.9318344, 29.8694181 ], [ 79.9321763, 29.8702014 ], [ 79.932175, 29.8725259 ], [ 79.9334594, 29.8713331 ], [ 79.9351429, 29.8704139 ], [ 79.9374117, 29.8683388 ], [ 79.9377133, 29.8643486 ], [ 79.9384624, 29.8634665 ], [ 79.9390124, 29.8616889 ], [ 79.9395688, 29.8614653 ], [ 79.937473, 29.8599977 ], [ 79.9369166, 29.8603207 ], [ 79.9346759, 29.8634524 ], [ 79.9327924, 29.8650801 ], [ 79.9292268, 29.8651034 ], [ 79.9286629, 29.8665495 ], [ 79.9263152, 29.8686698 ], [ 79.9254028, 29.8679111 ], [ 79.9242904, 29.8678609 ], [ 79.9202737, 29.8690905 ], [ 79.9179717, 29.8684296 ], [ 79.9159319, 29.8688139 ], [ 79.915928, 29.8744948 ], [ 79.9165132, 29.8738736 ] ] ] } },
{ "type": "Feature", "properties": { "gp_code": "22007", "gp_name": "GADERA", "blkname": "KAPKOTE", "dtname": "Bageshwar", "SHAPE_Area": 1097362.3536932049 }, "geometry": { "type": "Polygon", "coordinates": [ [ [ 79.9318344, 29.8694181 ], [ 79.9312784, 29.8690449 ], [ 79.927738, 29.871024 ], [ 79.9265848, 29.8710442 ], [ 79.9228605, 29.8736157 ], [ 79.9267244, 29.8760539 ], [ 79.927765, 29.8771855 ], [ 79.9273217, 29.8791245 ], [ 79.9261508, 29.8811377 ], [ 79.9266038, 29.8814428 ], [ 79.9274344, 29.8814615 ], [ 79.9302023, 29.8803315 ], [ 79.9304886, 29.8785914 ], [ 79.9315159, 29.8779205 ], [ 79.9327001, 29.8774611 ], [ 79.9347573, 29.8772628 ], [ 79.9358355, 29.8764931 ], [ 79.9361385, 29.8757471 ], [ 79.9356112, 29.8750259 ], [ 79.9357544, 29.8737953 ], [ 79.932175, 29.8725259 ], [ 79.9321763, 29.8702014 ], [ 79.9318344, 29.8694181 ] ] ] } },
{ "type": "Feature", "properties": { "gp_code": "22000", "gp_name": "DARSINGH", "blkname": "KAPKOTE", "dtname": "Bageshwar", "SHAPE_Area": 1499952.2364578536 }, "geometry": { "type": "Polygon", "coordinates": [ [ [ 79.9415051, 29.8683652 ], [ 79.9374269, 29.8665985 ], [ 79.9374117, 29.8683388 ], [ 79.9351429, 29.8704139 ], [ 79.9334594, 29.8713331 ], [ 79.932175, 29.8725259 ], [ 79.9357544, 29.8737953 ], [ 79.9356112, 29.8750259 ], [ 79.9361385, 29.8757471 ], [ 79.9406902, 29.8759202 ], [ 79.9418434, 29.8768058 ], [ 79.9419287, 29.8774771 ], [ 79.9455517, 29.8774411 ], [ 79.9467215, 29.8770685 ], [ 79.9490043, 29.8756024 ], [ 79.950417, 29.8741236 ], [ 79.9514726, 29.8736143 ], [ 79.9438006, 29.8700815 ], [ 79.9415051, 29.8683652 ] ] ] } },
{ "type": "Feature", "properties": { "gp_code": "", "gp_name": "", "blkname": "KAPKOTE", "dtname": "Bageshwar", "SHAPE_Area": 2819602.6698921979 }, "geometry": { "type": "Polygon", "coordinates": [ [ [ 79.9574416, 29.882257 ], [ 79.9617711, 29.8806266 ], [ 79.9625536, 29.8788381 ], [ 79.9631385, 29.8786145 ], [ 79.9625828, 29.8767249 ], [ 79.9601741, 29.8730449 ], [ 79.9568937, 29.8705703 ], [ 79.9518037, 29.8659321 ], [ 79.9503207, 29.8651237 ], [ 79.9447592, 29.8633443 ], [ 79.9388124, 29.8623352 ], [ 79.9384624, 29.8634665 ], [ 79.9377133, 29.8643486 ], [ 79.9374269, 29.8665985 ], [ 79.937768, 29.8664861 ], [ 79.9415051, 29.8683652 ], [ 79.9438006, 29.8700815 ], [ 79.9518861, 29.8739749 ], [ 79.9511725, 29.8752426 ], [ 79.949635, 29.8766463 ], [ 79.9494744, 29.877057 ], [ 79.9499021, 29.8776413 ], [ 79.9530554, 29.8782655 ], [ 79.9537248, 29.877543 ], [ 79.9547375, 29.8775806 ], [ 79.9555074, 29.8784758 ], [ 79.9554589, 29.8795434 ], [ 79.9558631, 29.8809247 ], [ 79.956776, 29.8809747 ], [ 79.9568899, 29.8816584 ], [ 79.9574416, 29.882257 ] ] ] } },
{ "type": "Feature", "properties": { "gp_code": "21991", "gp_name": "BHANTOLA", "blkname": "KAPKOTE", "dtname": "Bageshwar", "SHAPE_Area": 1007170.7492944751 }, "geometry": { "type": "Polygon", "coordinates": [ [ [ 79.9556842, 29.8626639 ], [ 79.9529802, 29.8606165 ], [ 79.9519204, 29.8590827 ], [ 79.9459304, 29.8595656 ], [ 79.94295, 29.8588063 ], [ 79.9424083, 29.858284 ], [ 79.9414811, 29.8588182 ], [ 79.9421654, 29.8593779 ], [ 79.9422222, 29.859813 ], [ 79.9390124, 29.8616889 ], [ 79.9388124, 29.8623352 ], [ 79.9392117, 29.8625964 ], [ 79.9417788, 29.8626719 ], [ 79.9460712, 29.8637176 ], [ 79.9503207, 29.8651237 ], [ 79.9531154, 29.8670264 ], [ 79.9554433, 29.8641467 ], [ 79.9557981, 29.8632357 ], [ 79.9556842, 29.8626639 ] ] ] } },
{ "type": "Feature", "properties": { "gp_code": "", "gp_name": "", "blkname": "KAPKOTE", "dtname": "Bageshwar", "SHAPE_Area": 511360.23503395979 }, "geometry": { "type": "Polygon", "coordinates": [ [ [ 79.9519204, 29.8590827 ], [ 79.9522923, 29.8563355 ], [ 79.9499543, 29.8550303 ], [ 79.9481428, 29.8549917 ], [ 79.9455043, 29.8554632 ], [ 79.9449198, 29.8551647 ], [ 79.9424662, 29.8577449 ], [ 79.9424083, 29.858284 ], [ 79.94295, 29.8588063 ], [ 79.9459304, 29.8595656 ], [ 79.9519204, 29.8590827 ] ] ] } },
{ "type": "Feature", "properties": { "gp_code": "22019", "gp_name": "JAHAKARA", "blkname": "KAPKOTE", "dtname": "Bageshwar", "SHAPE_Area": 3019338.0411169031 }, "geometry": { "type": "Polygon", "coordinates": [ [ [ 79.9424083, 29.858284 ], [ 79.9424662, 29.8577449 ], [ 79.9449198, 29.8551647 ], [ 79.9457184, 29.8550655 ], [ 79.9463891, 29.8540712 ], [ 79.9519807, 29.8508035 ], [ 79.9505873, 29.8482044 ], [ 79.950662, 29.8458966 ], [ 79.9484045, 29.8429831 ], [ 79.948419, 29.8424486 ], [ 79.9499882, 29.8408578 ], [ 79.9506923, 29.8373469 ], [ 79.9473813, 29.8349644 ], [ 79.9466111, 29.8353744 ], [ 79.9464683, 29.8358965 ], [ 79.9468621, 29.8367304 ], [ 79.9486792, 29.8387318 ], [ 79.9480489, 29.8409442 ], [ 79.9441259, 29.8444983 ], [ 79.9432703, 29.8446721 ], [ 79.9428854, 29.8444482 ], [ 79.9427431, 29.843752 ], [ 79.9435855, 29.8413778 ], [ 79.9423925, 29.8411581 ], [ 79.9392359, 29.8422465 ], [ 79.9326014, 29.8492179 ], [ 79.9318011, 29.8522508 ], [ 79.9336409, 29.8519781 ], [ 79.9352235, 29.8526376 ], [ 79.9414811, 29.8588182 ], [ 79.9424083, 29.858284 ] ] ] } },
{ "type": "Feature", "properties": { "gp_code": "262943", "gp_name": "THAALA", "blkname": "BAGESHWAR", "dtname": "Bageshwar", "SHAPE_Area": 395096.80631726328 }, "geometry": { "type": "Polygon", "coordinates": [ [ [ 79.9483933, 29.8356609 ], [ 79.9506923, 29.8373469 ], [ 79.9550511, 29.8386465 ], [ 79.9549801, 29.8379006 ], [ 79.955665, 29.8365581 ], [ 79.9553949, 29.8343079 ], [ 79.95377, 29.8328778 ], [ 79.952829, 29.8326911 ], [ 79.95156, 29.8326658 ], [ 79.9509895, 29.8329765 ], [ 79.9483933, 29.8356609 ] ] ] } },
{ "type": "Feature", "properties": { "gp_code": "21763", "gp_name": "DHAPTI", "blkname": "BAGESHWAR", "dtname": "Bageshwar", "SHAPE_Area": 2296764.1212251298 }, "geometry": { "type": "Polygon", "coordinates": [ [ [ 79.9423925, 29.8411581 ], [ 79.9435855, 29.8413778 ], [ 79.9445706, 29.8386743 ], [ 79.9434879, 29.8365233 ], [ 79.9408655, 29.8338122 ], [ 79.9409366, 29.8342971 ], [ 79.939739, 29.8340356 ], [ 79.9368597, 29.8322692 ], [ 79.9353909, 29.832567 ], [ 79.9333798, 29.8337472 ], [ 79.9275196, 29.8335209 ], [ 79.9282739, 29.8372354 ], [ 79.9281645, 29.8389483 ], [ 79.9294713, 29.8404616 ], [ 79.9299381, 29.8431378 ], [ 79.9308429, 29.8452051 ], [ 79.9322321, 29.8465699 ], [ 79.9326014, 29.8492179 ], [ 79.9392359, 29.8422465 ], [ 79.9423925, 29.8411581 ] ] ] } },
{ "type": "Feature", "properties": { "gp_code": "21802", "gp_name": "KHANTOLI", "blkname": "BAGESHWAR", "dtname": "Bageshwar", "SHAPE_Area": 1574123.7996339293 }, "geometry": { "type": "Polygon", "coordinates": [ [ [ 79.9409366, 29.8342971 ], [ 79.9384605, 29.8301718 ], [ 79.9374038, 29.8277691 ], [ 79.9367054, 29.8272964 ], [ 79.9362207, 29.8270849 ], [ 79.9325564, 29.8272202 ], [ 79.9318015, 29.8257529 ], [ 79.9299488, 29.8244094 ], [ 79.929193, 29.8246205 ], [ 79.9281218, 29.8256595 ], [ 79.92664, 29.8260987 ], [ 79.9249294, 29.8256007 ], [ 79.9197274, 29.8224032 ], [ 79.9206094, 29.8254494 ], [ 79.9220338, 29.827576 ], [ 79.9241, 29.8295163 ], [ 79.9264807, 29.8302882 ], [ 79.9260164, 29.8334298 ], [ 79.9333798, 29.8337472 ], [ 79.9353909, 29.832567 ], [ 79.9368597, 29.8322692 ], [ 79.939739, 29.8340356 ], [ 79.9409366, 29.8342971 ] ] ] } },
{ "type": "Feature", "properties": { "gp_code": "21855", "gp_name": "RIKHARI", "blkname": "BAGESHWAR", "dtname": "Bageshwar", "SHAPE_Area": 1827594.6552621557 }, "geometry": { "type": "Polygon", "coordinates": [ [ [ 79.9291228, 29.8227059 ], [ 79.9284317, 29.8221376 ], [ 79.9320886, 29.8221353 ], [ 79.934527, 29.8214277 ], [ 79.9368663, 29.8192654 ], [ 79.9367243, 29.8182087 ], [ 79.9355275, 29.8167412 ], [ 79.9324471, 29.8184307 ], [ 79.9294533, 29.8180938 ], [ 79.9293555, 29.8146873 ], [ 79.9275305, 29.8149725 ], [ 79.9244505, 29.8160527 ], [ 79.9213426, 29.8159517 ], [ 79.9184349, 29.814993 ], [ 79.9159971, 29.8149172 ], [ 79.917479, 29.8160866 ], [ 79.9171926, 29.8179512 ], [ 79.9181899, 29.818996 ], [ 79.9197274, 29.8224032 ], [ 79.9223687, 29.8242297 ], [ 79.9249294, 29.8256007 ], [ 79.92664, 29.8260987 ], [ 79.9281218, 29.8256595 ], [ 79.929193, 29.8246205 ], [ 79.9299488, 29.8244094 ], [ 79.9291228, 29.8227059 ] ] ] } },
{ "type": "Feature", "properties": { "gp_code": "21832", "gp_name": "NARGOLI", "blkname": "BAGESHWAR", "dtname": "Bageshwar", "SHAPE_Area": 332061.51507880032 }, "geometry": { "type": "Polygon", "coordinates": [ [ [ 79.9484544, 29.8260325 ], [ 79.9514786, 29.8220925 ], [ 79.9498675, 29.8221418 ], [ 79.9476146, 29.8213916 ], [ 79.9461323, 29.8215314 ], [ 79.944364, 29.8224508 ], [ 79.9427523, 29.8239172 ], [ 79.9431369, 29.8246259 ], [ 79.9437213, 29.8249369 ], [ 79.9457459, 29.8248755 ], [ 79.9478885, 29.826133 ], [ 79.9484544, 29.8260325 ] ] ] } },
{ "type": "Feature", "properties": { "gp_code": "21809", "gp_name": "KUCHOLI", "blkname": "BAGESHWAR", "dtname": "Bageshwar", "SHAPE_Area": 998794.51634421758 }, "geometry": { "type": "Polygon", "coordinates": [ [ [ 79.9461323, 29.8215314 ], [ 79.9476146, 29.8213916 ], [ 79.9498675, 29.8221418 ], [ 79.9514786, 29.8220925 ], [ 79.9553856, 29.8205396 ], [ 79.9561273, 29.8197815 ], [ 79.9556997, 29.8192219 ], [ 79.9528774, 29.8178287 ], [ 79.949014, 29.8174173 ], [ 79.9466186, 29.8179636 ], [ 79.9441388, 29.8160358 ], [ 79.9418431, 29.8167933 ], [ 79.9402172, 29.8181727 ], [ 79.9387677, 29.8188911 ], [ 79.9387195, 29.8196142 ], [ 79.9393322, 29.8203977 ], [ 79.941242, 29.8216789 ], [ 79.9425102, 29.8231463 ], [ 79.9427523, 29.8239172 ], [ 79.944364, 29.8224508 ], [ 79.9461323, 29.8215314 ] ] ] } },
{ "type": "Feature", "properties": { "gp_code": "21734", "gp_name": "BERATALARA", "blkname": "BAGESHWAR", "dtname": "Bageshwar", "SHAPE_Area": 322336.31578276452 }, "geometry": { "type": "Polygon", "coordinates": [ [ [ 79.9466186, 29.8179636 ], [ 79.949014, 29.8174173 ], [ 79.9528774, 29.8178287 ], [ 79.9528638, 29.8161628 ], [ 79.9536341, 29.8148452 ], [ 79.951895, 29.8143261 ], [ 79.949172, 29.8143964 ], [ 79.9469761, 29.8154773 ], [ 79.9452366, 29.8158994 ], [ 79.9444241, 29.8157002 ], [ 79.9441388, 29.8160358 ], [ 79.9466186, 29.8179636 ] ] ] } },
{ "type": "Feature", "properties": { "gp_code": "21734", "gp_name": "BERATALARA", "blkname": "BAGESHWAR", "dtname": "Bageshwar", "SHAPE_Area": 1120651.3463705548 }, "geometry": { "type": "Polygon", "coordinates": [ [ [ 79.9492161, 29.8113007 ], [ 79.9519393, 29.8104686 ], [ 79.9523812, 29.8106925 ], [ 79.9526379, 29.8103072 ], [ 79.952483, 29.8071417 ], [ 79.95465, 29.8049246 ], [ 79.9510868, 29.803357 ], [ 79.9467657, 29.8074957 ], [ 79.9456399, 29.8066499 ], [ 79.9443914, 29.8064838 ], [ 79.9418485, 29.8052935 ], [ 79.9422537, 29.8035759 ], [ 79.9422066, 29.8017006 ], [ 79.9373882, 29.8022583 ], [ 79.9410633, 29.8077797 ], [ 79.9410625, 29.8094456 ], [ 79.9414473, 29.809769 ], [ 79.9444384, 29.8108351 ], [ 79.9458519, 29.8107402 ], [ 79.9492161, 29.8113007 ] ] ] } },
{ "type": "Feature", "properties": { "gp_code": "", "gp_name": "", "blkname": "BAGESHWAR", "dtname": "Bageshwar", "SHAPE_Area": 351973.20738494513 }, "geometry": { "type": "Polygon", "coordinates": [ [ [ 79.9422066, 29.8017006 ], [ 79.9426046, 29.8002435 ], [ 79.94466, 29.7982577 ], [ 79.9450283, 29.7975034 ], [ 79.9448459, 29.7968653 ], [ 79.9437344, 29.7960443 ], [ 79.9422657, 29.797312 ], [ 79.9366052, 29.8000823 ], [ 79.9365622, 29.8005672 ], [ 79.9373882, 29.8022583 ], [ 79.9422066, 29.8017006 ] ] ] } },
{ "type": "Feature", "properties": { "gp_code": "", "gp_name": "", "blkname": "BAGESHWAR", "dtname": "Bageshwar", "SHAPE_Area": 1002878.6306528089 }, "geometry": { "type": "Polygon", "coordinates": [ [ [ 79.9510868, 29.803357 ], [ 79.9501035, 29.8024616 ], [ 79.9487931, 29.8020983 ], [ 79.9485501, 29.801653 ], [ 79.9487072, 29.8007952 ], [ 79.9498195, 29.799888 ], [ 79.9502333, 29.7987941 ], [ 79.9516593, 29.7974642 ], [ 79.9487806, 29.7957476 ], [ 79.9482815, 29.7960707 ], [ 79.947412, 29.7960331 ], [ 79.9465855, 29.7955356 ], [ 79.94466, 29.7982577 ], [ 79.9426046, 29.8002435 ], [ 79.9418485, 29.8052935 ], [ 79.9443914, 29.8064838 ], [ 79.9456399, 29.8066499 ], [ 79.9467657, 29.8074957 ], [ 79.9510868, 29.803357 ] ] ] } },
{ "type": "Feature", "properties": { "gp_code": "21760", "gp_name": "DEVALVICHRAL", "blkname": "BAGESHWAR", "dtname": "Bageshwar", "SHAPE_Area": 989749.65718556498 }, "geometry": { "type": "Polygon", "coordinates": [ [ [ 79.9542711, 29.7885507 ], [ 79.9559963, 29.7871711 ], [ 79.9575356, 29.7870845 ], [ 79.958308, 29.7866034 ], [ 79.956711, 29.7812284 ], [ 79.954858, 29.7817998 ], [ 79.9535752, 29.7817995 ], [ 79.9499418, 29.7793491 ], [ 79.9498703, 29.7798712 ], [ 79.9485727, 29.7815617 ], [ 79.9481438, 29.7847196 ], [ 79.9462192, 29.7856514 ], [ 79.9453259, 29.7864997 ], [ 79.946163, 29.7870886 ], [ 79.9463466, 29.7876656 ], [ 79.9478145, 29.7882255 ], [ 79.9488125, 29.787542 ], [ 79.9493687, 29.788055 ], [ 79.9512494, 29.7884006 ], [ 79.9526935, 29.7877709 ], [ 79.9542711, 29.7885507 ] ] ] } },
{ "type": "Feature", "properties": { "gp_code": "", "gp_name": "", "blkname": "BAGESHWAR", "dtname": "Bageshwar", "SHAPE_Area": 10273582.530181635 }, "geometry": { "type": "Polygon", "coordinates": [ [ [ 79.9429365, 29.7954722 ], [ 79.9448459, 29.7968653 ], [ 79.9450283, 29.7975034 ], [ 79.9465855, 29.7955356 ], [ 79.947412, 29.7960331 ], [ 79.9482815, 29.7960707 ], [ 79.9487806, 29.7957476 ], [ 79.949009, 29.7948277 ], [ 79.9476846, 29.7918434 ], [ 79.9468012, 29.7911096 ], [ 79.9450792, 29.7907384 ], [ 79.94284, 29.7883855 ], [ 79.9390491, 29.7872154 ], [ 79.9370822, 29.787252 ], [ 79.932095, 29.7845272 ], [ 79.9327943, 29.7829609 ], [ 79.9319964, 29.7825006 ], [ 79.930943, 29.7801254 ], [ 79.9317062, 29.7787734 ], [ 79.9328042, 29.7779475 ], [ 79.9329126, 29.7751157 ], [ 79.9335397, 29.7749295 ], [ 79.9338678, 29.7744323 ], [ 79.9337684, 29.7737981 ], [ 79.9347954, 29.7721201 ], [ 79.9360211, 29.7719341 ], [ 79.9377311, 29.7722829 ], [ 79.938059, 29.7720468 ], [ 79.9379317, 29.7702066 ], [ 79.9381884, 29.7698834 ], [ 79.9412247, 29.7681439 ], [ 79.9430804, 29.7674968 ], [ 79.9446737, 29.7675856 ], [ 79.9470676, 29.7682454 ], [ 79.9496614, 29.7679353 ], [ 79.9527693, 29.7646787 ], [ 79.9533866, 29.7646005 ], [ 79.9546929, 29.7653134 ], [ 79.955876, 29.7653446 ], [ 79.9577001, 29.7644687 ], [ 79.9607637, 29.7655512 ], [ 79.9635801, 29.7659426 ], [ 79.9640021, 29.7664477 ], [ 79.9639552, 29.7676656 ], [ 79.9626419, 29.7698917 ], [ 79.9647375, 29.7728877 ], [ 79.9646803, 29.7737207 ], [ 79.9627469, 29.7745556 ], [ 79.9618861, 29.7765922 ], [ 79.9614727, 29.7768532 ], [ 79.9607744, 29.7767411 ], [ 79.9592072, 29.775199 ], [ 79.9577535, 29.775124 ], [ 79.9569256, 29.7788911 ], [ 79.9559987, 29.780246 ], [ 79.9544268, 29.7799946 ], [ 79.9523086, 29.7769378 ], [ 79.9520037, 29.7753096 ], [ 79.9506849, 29.7743885 ], [ 79.9509132, 29.7737421 ], [ 79.950557, 29.773456 ], [ 79.9488183, 29.7733933 ], [ 79.9467515, 29.7742505 ], [ 79.9464803, 29.7751456 ], [ 79.9448551, 29.776264 ], [ 79.9444699, 29.7771342 ], [ 79.9445978, 29.778017 ], [ 79.9499418, 29.7793491 ], [ 79.9535752, 29.7817995 ], [ 79.954858, 29.7817998 ], [ 79.956711, 29.7812284 ], [ 79.9588202, 29.7816268 ], [ 79.9624837, 29.7798373 ], [ 79.9644077, 29.780161 ], [ 79.9653481, 29.781131 ], [ 79.9672726, 29.7795027 ], [ 79.9692964, 29.7797144 ], [ 79.9700375, 29.7794908 ], [ 79.9712778, 29.7782353 ], [ 79.9717768, 29.7772656 ], [ 79.9717485, 29.7766563 ], [ 79.9705516, 29.7754626 ], [ 79.9715637, 29.7742816 ], [ 79.9727181, 29.7741947 ], [ 79.974015, 29.7744934 ], [ 79.9752405, 29.7753141 ], [ 79.9755255, 29.7751401 ], [ 79.9758791, 29.7738044 ], [ 79.9771509, 29.7716964 ], [ 79.977151, 29.7710871 ], [ 79.9757686, 29.7709502 ], [ 79.9750845, 29.7713106 ], [ 79.9749988, 29.7721063 ], [ 79.9743288, 29.7728647 ], [ 79.9729609, 29.7721309 ], [ 79.9698824, 29.7729012 ], [ 79.9673459, 29.7716325 ], [ 79.966149, 29.770849 ], [ 79.9658936, 29.7666092 ], [ 79.9667775, 29.7656147 ], [ 79.9703112, 29.7626861 ], [ 79.9726352, 29.7623334 ], [ 79.9734474, 29.7626568 ], [ 79.9760306, 29.7665747 ], [ 79.9784199, 29.7681157 ], [ 79.979788, 29.767917 ], [ 79.9808287, 29.7655299 ], [ 79.9848759, 29.765692 ], [ 79.9855599, 29.7654434 ], [ 79.9863582, 29.7630811 ], [ 79.9838217, 29.7626022 ], [ 79.9751938, 29.759604 ], [ 79.9708499, 29.7606678 ], [ 79.9678722, 29.7624984 ], [ 79.9672914, 29.7621645 ], [ 79.9664079, 29.7630517 ], [ 79.964016, 29.7642861 ], [ 79.9605994, 29.7644982 ], [ 79.9565974, 29.7636456 ], [ 79.9536688, 29.7641983 ], [ 79.9457132, 29.7640255 ], [ 79.9388798, 29.7649174 ], [ 79.9350717, 29.7669173 ], [ 79.9315577, 29.7665326 ], [ 79.9313128, 29.7681081 ], [ 79.932093, 29.7694711 ], [ 79.9324825, 29.7713024 ], [ 79.9322371, 29.7737721 ], [ 79.9303801, 29.7775186 ], [ 79.9294018, 29.7811803 ], [ 79.9291549, 29.7861197 ], [ 79.9295848, 29.7875286 ], [ 79.9313983, 29.789953 ], [ 79.9293961, 29.7911019 ], [ 79.923977, 29.7915678 ], [ 79.9168498, 29.7910959 ], [ 79.9139196, 29.7927551 ], [ 79.912455, 29.7927117 ], [ 79.9112093, 29.7917716 ], [ 79.9112363, 29.7902413 ], [ 79.9121645, 29.7893476 ], [ 79.9108955, 29.7889637 ], [ 79.9094722, 29.7891722 ], [ 79.9089905, 29.7904956 ], [ 79.9091114, 29.7953511 ], [ 79.9129151, 29.798337 ], [ 79.9143363, 29.797115 ], [ 79.9162093, 29.7962625 ], [ 79.9165662, 29.795554 ], [ 79.9173648, 29.7949701 ], [ 79.9179065, 29.7948087 ], [ 79.9192888, 29.7954311 ], [ 79.920315, 29.7955062 ], [ 79.9208999, 29.7948351 ], [ 79.9235773, 29.7949604 ], [ 79.9259898, 29.7928856 ], [ 79.9276004, 29.7929857 ], [ 79.9280986, 29.7942417 ], [ 79.9274842, 29.7966533 ], [ 79.9270134, 29.7973493 ], [ 79.9259869, 29.7977219 ], [ 79.9249742, 29.7987409 ], [ 79.925016, 29.8003447 ], [ 79.9258067, 29.8036842 ], [ 79.92098, 29.8032395 ], [ 79.918883, 29.8055696 ], [ 79.9188969, 29.8061539 ], [ 79.9201791, 29.8073356 ], [ 79.9237282, 29.8082822 ], [ 79.9249969, 29.8083574 ], [ 79.9262231, 29.8078855 ], [ 79.9270931, 29.8072145 ], [ 79.9276644, 29.8053624 ], [ 79.9320991, 29.8030892 ], [ 79.9336963, 29.8018466 ], [ 79.934738, 29.7998578 ], [ 79.9358363, 29.7985652 ], [ 79.9364791, 29.7959671 ], [ 79.9383609, 29.7954581 ], [ 79.9429365, 29.7954722 ] ] ] } },
{ "type": "Feature", "properties": { "gp_code": "", "gp_name": "", "blkname": "BAGESHWAR", "dtname": "Bageshwar", "SHAPE_Area": 399527.19002342795 }, "geometry": { "type": "Polygon", "coordinates": [ [ [ 79.9478145, 29.7882255 ], [ 79.9463466, 29.7876656 ], [ 79.946163, 29.7870886 ], [ 79.9453259, 29.7864997 ], [ 79.9446507, 29.7872299 ], [ 79.9427129, 29.7856502 ], [ 79.9418578, 29.7856499 ], [ 79.9415731, 29.7847546 ], [ 79.9401908, 29.7842545 ], [ 79.9393026, 29.7842542 ], [ 79.9384944, 29.7849151 ], [ 79.9370822, 29.787252 ], [ 79.9390491, 29.7872154 ], [ 79.94284, 29.7883855 ], [ 79.9450792, 29.7907384 ], [ 79.9457038, 29.790873 ], [ 79.9478145, 29.7882255 ] ] ] } },
{ "type": "Feature", "properties": { "gp_code": "260004", "gp_name": "MANAKBHADA", "blkname": "BAGESHWAR", "dtname": "Bageshwar", "SHAPE_Area": 725178.69531808025 }, "geometry": { "type": "Polygon", "coordinates": [ [ [ 79.9446507, 29.7872299 ], [ 79.9462192, 29.7856514 ], [ 79.9481438, 29.7847196 ], [ 79.9485727, 29.7815617 ], [ 79.9498703, 29.7798712 ], [ 79.9499418, 29.7793491 ], [ 79.9445978, 29.778017 ], [ 79.9436276, 29.7802298 ], [ 79.940536, 29.7823182 ], [ 79.9393026, 29.7842542 ], [ 79.9410459, 29.7844188 ], [ 79.9415731, 29.7847546 ], [ 79.9418578, 29.7856499 ], [ 79.9427129, 29.7856502 ], [ 79.9446507, 29.7872299 ] ] ] } },
{ "type": "Feature", "properties": { "gp_code": "", "gp_name": "", "blkname": "BAGESHWAR", "dtname": "Bageshwar", "SHAPE_Area": 225490.180201668 }, "geometry": { "type": "Polygon", "coordinates": [ [ [ 79.9384944, 29.7849151 ], [ 79.9393462, 29.7839792 ], [ 79.9327943, 29.7829609 ], [ 79.932095, 29.7845272 ], [ 79.9370822, 29.787252 ], [ 79.9384944, 29.7849151 ] ] ] } },
{ "type": "Feature", "properties": { "gp_code": "21856", "gp_name": "SANIUDIYAR", "blkname": "BAGESHWAR", "dtname": "Bageshwar", "SHAPE_Area": 2360090.4679446933 }, "geometry": { "type": "Polygon", "coordinates": [ [ [ 79.9394068, 29.8135601 ], [ 79.9399202, 29.8133116 ], [ 79.9405339, 29.81182 ], [ 79.9410625, 29.8094456 ], [ 79.9410633, 29.8077797 ], [ 79.9375803, 29.8028749 ], [ 79.9365622, 29.8005672 ], [ 79.9366052, 29.8000823 ], [ 79.9422657, 29.797312 ], [ 79.9437344, 29.7960443 ], [ 79.9429365, 29.7954722 ], [ 79.9383609, 29.7954581 ], [ 79.9364791, 29.7959671 ], [ 79.9358363, 29.7985652 ], [ 79.934738, 29.7998578 ], [ 79.9336963, 29.8018466 ], [ 79.9320991, 29.8030892 ], [ 79.9276644, 29.8053624 ], [ 79.9270931, 29.8072145 ], [ 79.9249969, 29.8083574 ], [ 79.9253667, 29.8097002 ], [ 79.9285011, 29.8129962 ], [ 79.9293555, 29.8146873 ], [ 79.9301114, 29.8140536 ], [ 79.931309, 29.814079 ], [ 79.935002, 29.8129243 ], [ 79.9394068, 29.8135601 ] ] ] } },
{ "type": "Feature", "properties": { "gp_code": "", "gp_name": "", "blkname": "BAGESHWAR", "dtname": "Bageshwar", "SHAPE_Area": 417257.3082014547 }, "geometry": { "type": "Polygon", "coordinates": [ [ [ 79.9244505, 29.8160527 ], [ 79.9293555, 29.8146873 ], [ 79.9285011, 29.8129962 ], [ 79.9260789, 29.8107076 ], [ 79.9253667, 29.8097002 ], [ 79.9249969, 29.8083574 ], [ 79.9234393, 29.8112598 ], [ 79.9228133, 29.8134655 ], [ 79.9213426, 29.8159517 ], [ 79.9244505, 29.8160527 ] ] ] } },
{ "type": "Feature", "properties": { "gp_code": "21862", "gp_name": "SIMKUNA", "blkname": "BAGESHWAR", "dtname": "Bageshwar", "SHAPE_Area": 3476751.6786872298 }, "geometry": { "type": "Polygon", "coordinates": [ [ [ 79.9213426, 29.8159517 ], [ 79.9228133, 29.8134655 ], [ 79.9234393, 29.8112598 ], [ 79.9249969, 29.8083574 ], [ 79.9218894, 29.8079829 ], [ 79.9201791, 29.8073356 ], [ 79.9188969, 29.8061539 ], [ 79.918883, 29.8055696 ], [ 79.92098, 29.8032395 ], [ 79.9258067, 29.8036842 ], [ 79.925016, 29.8003447 ], [ 79.9249742, 29.7987409 ], [ 79.9259869, 29.7977219 ], [ 79.9270134, 29.7973493 ], [ 79.9274842, 29.7966533 ], [ 79.9280986, 29.7942417 ], [ 79.9276004, 29.7929857 ], [ 79.9259898, 29.7928856 ], [ 79.9235773, 29.7949604 ], [ 79.9208999, 29.7948351 ], [ 79.920315, 29.7955062 ], [ 79.9192888, 29.7954311 ], [ 79.9179065, 29.7948087 ], [ 79.9173648, 29.7949701 ], [ 79.9165662, 29.795554 ], [ 79.9162093, 29.7962625 ], [ 79.9143363, 29.797115 ], [ 79.9128579, 29.7986851 ], [ 79.9120024, 29.798983 ], [ 79.9117237, 29.7996495 ], [ 79.9105345, 29.8004587 ], [ 79.909749, 29.8004985 ], [ 79.9096062, 29.8008714 ], [ 79.9103322, 29.8022866 ], [ 79.9103168, 29.8038743 ], [ 79.9111142, 29.805006 ], [ 79.9105573, 29.8063733 ], [ 79.9104557, 29.8082957 ], [ 79.9112782, 29.8097134 ], [ 79.9110946, 29.812453 ], [ 79.9116502, 29.8130376 ], [ 79.9159971, 29.8149172 ], [ 79.9184349, 29.814993 ], [ 79.9213426, 29.8159517 ] ] ] } },
{ "type": "Feature", "properties": { "gp_code": "", "gp_name": "", "blkname": "BAGESHWAR", "dtname": "Bageshwar", "SHAPE_Area": 141571.51056220126 }, "geometry": { "type": "Polygon", "coordinates": [ [ [ 79.9112782, 29.8097134 ], [ 79.9104557, 29.8082957 ], [ 79.9105573, 29.8063733 ], [ 79.9099301, 29.8063481 ], [ 79.9089828, 29.8066236 ], [ 79.9070429, 29.8100448 ], [ 79.9106346, 29.8105311 ], [ 79.9112782, 29.8097134 ] ] ] } },
{ "type": "Feature", "properties": { "gp_code": "21735", "gp_name": "BHADOURA", "blkname": "BAGESHWAR", "dtname": "Bageshwar", "SHAPE_Area": 1729813.6314892482 }, "geometry": { "type": "Polygon", "coordinates": [ [ [ 79.9106234, 29.8134597 ], [ 79.9110946, 29.812453 ], [ 79.9112782, 29.8097134 ], [ 79.9106346, 29.8105311 ], [ 79.9070429, 29.8100448 ], [ 79.9051788, 29.8118032 ], [ 79.9035245, 29.8126103 ], [ 79.9038113, 29.8104721 ], [ 79.9033415, 29.8096637 ], [ 79.9002775, 29.8084186 ], [ 79.8991252, 29.8053844 ], [ 79.8976575, 29.80465 ], [ 79.8974156, 29.8042023 ], [ 79.8971587, 29.8045129 ], [ 79.8958634, 29.8088951 ], [ 79.8971208, 29.8124202 ], [ 79.8969091, 29.813203 ], [ 79.8998862, 29.8162383 ], [ 79.9016374, 29.8192106 ], [ 79.9019644, 29.8203297 ], [ 79.9019355, 29.8207897 ], [ 79.9014792, 29.8209262 ], [ 79.9017354, 29.8214112 ], [ 79.901973, 29.82116 ], [ 79.9060137, 29.8205662 ], [ 79.9057141, 29.8202946 ], [ 79.9057716, 29.8195736 ], [ 79.9094109, 29.8145034 ], [ 79.9106234, 29.8134597 ] ] ] } },
{ "type": "Feature", "properties": { "gp_code": "21727", "gp_name": "BAAZJHIROTI", "blkname": "BAGESHWAR", "dtname": "Bageshwar", "SHAPE_Area": 1815621.2826366378 }, "geometry": { "type": "Polygon", "coordinates": [ [ [ 79.9070429, 29.8100448 ], [ 79.9089828, 29.8066236 ], [ 79.9105573, 29.8063733 ], [ 79.9111142, 29.805006 ], [ 79.9103168, 29.8038743 ], [ 79.9103322, 29.8022866 ], [ 79.9097483, 29.8014931 ], [ 79.909749, 29.8004985 ], [ 79.9105345, 29.8004587 ], [ 79.9117237, 29.7996495 ], [ 79.9120024, 29.798983 ], [ 79.9128579, 29.7986851 ], [ 79.9129151, 29.798337 ], [ 79.9091114, 29.7953511 ], [ 79.908742, 29.7964994 ], [ 79.9073743, 29.7975206 ], [ 79.9043623, 29.7985249 ], [ 79.9019792, 29.8016813 ], [ 79.9009529, 29.8016434 ], [ 79.9000698, 29.8007726 ], [ 79.8992717, 29.8006353 ], [ 79.8983018, 29.8012688 ], [ 79.8974156, 29.8042023 ], [ 79.8976575, 29.80465 ], [ 79.8991252, 29.8053844 ], [ 79.9002775, 29.8084186 ], [ 79.9033415, 29.8096637 ], [ 79.9038113, 29.8104721 ], [ 79.9035245, 29.8126103 ], [ 79.9051788, 29.8118032 ], [ 79.9070429, 29.8100448 ] ] ] } },
{ "type": "Feature", "properties": { "gp_code": "", "gp_name": "", "blkname": "BAGESHWAR", "dtname": "Bageshwar", "SHAPE_Area": 966591.30354683392 }, "geometry": { "type": "Polygon", "coordinates": [ [ [ 79.9043623, 29.7985249 ], [ 79.9036635, 29.798072 ], [ 79.9001036, 29.7930452 ], [ 79.8985912, 29.7918094 ], [ 79.897517, 29.7920217 ], [ 79.8939169, 29.7947886 ], [ 79.8942557, 29.7986056 ], [ 79.8951669, 29.7999241 ], [ 79.8967765, 29.8013673 ], [ 79.8979956, 29.801865 ], [ 79.8983018, 29.8012688 ], [ 79.8992717, 29.8006353 ], [ 79.9000698, 29.8007726 ], [ 79.9009529, 29.8016434 ], [ 79.9019792, 29.8016813 ], [ 79.9043623, 29.7985249 ] ] ] } },
{ "type": "Feature", "properties": { "gp_code": "21817", "gp_name": "DIGOLI", "blkname": "BAGESHWAR", "dtname": "Bageshwar", "SHAPE_Area": 833008.43313196034 }, "geometry": { "type": "Polygon", "coordinates": [ [ [ 79.9436276, 29.7802298 ], [ 79.9440983, 29.7793347 ], [ 79.9397258, 29.779496 ], [ 79.9329126, 29.7751157 ], [ 79.9328042, 29.7779475 ], [ 79.9317062, 29.7787734 ], [ 79.930943, 29.7801254 ], [ 79.9319964, 29.7825006 ], [ 79.9327943, 29.7829609 ], [ 79.9393462, 29.7839792 ], [ 79.940536, 29.7823182 ], [ 79.9436276, 29.7802298 ] ] ] } },
{ "type": "Feature", "properties": { "gp_code": "21760", "gp_name": "DEVALVICHRAL", "blkname": "BAGESHWAR", "dtname": "Bageshwar", "SHAPE_Area": 1636945.1372181785 }, "geometry": { "type": "Polygon", "coordinates": [ [ [ 79.9397258, 29.779496 ], [ 79.9440983, 29.7793347 ], [ 79.9448551, 29.776264 ], [ 79.9464803, 29.7751456 ], [ 79.9467515, 29.7742505 ], [ 79.9488183, 29.7733933 ], [ 79.9487993, 29.7725715 ], [ 79.9473372, 29.7709808 ], [ 79.9472377, 29.7702099 ], [ 79.9477655, 29.7690786 ], [ 79.9470676, 29.7682454 ], [ 79.9446737, 29.7675856 ], [ 79.9430804, 29.7674968 ], [ 79.9412247, 29.7681439 ], [ 79.9381884, 29.7698834 ], [ 79.9379317, 29.7702066 ], [ 79.938059, 29.7720468 ], [ 79.9377311, 29.7722829 ], [ 79.9353228, 29.7719462 ], [ 79.9343248, 29.7727291 ], [ 79.9337684, 29.7737981 ], [ 79.9338678, 29.7744323 ], [ 79.9335397, 29.7749295 ], [ 79.9329126, 29.7751157 ], [ 79.9397258, 29.779496 ] ] ] } },
{ "type": "Feature", "properties": { "gp_code": "", "gp_name": "", "blkname": "BAGESHWAR", "dtname": "Bageshwar", "SHAPE_Area": 108494.28909251932 }, "geometry": { "type": "Polygon", "coordinates": [ [ [ 79.8846809, 29.7127596 ], [ 79.8800334, 29.7138294 ], [ 79.8793214, 29.7142276 ], [ 79.8804353, 29.7154397 ], [ 79.8808872, 29.7155606 ], [ 79.8850205, 29.7134919 ], [ 79.8846809, 29.7127596 ] ] ] } },
{ "type": "Feature", "properties": { "gp_code": "21871", "gp_name": "TARMOLI", "blkname": "BAGESHWAR", "dtname": "Bageshwar", "SHAPE_Area": 1767791.3494529284 }, "geometry": { "type": "Polygon", "coordinates": [ [ [ 79.8765176, 29.7152394 ], [ 79.8711921, 29.7149352 ], [ 79.867589, 29.7141924 ], [ 79.8668737, 29.7137314 ], [ 79.8654577, 29.7110886 ], [ 79.8647673, 29.7108797 ], [ 79.8629308, 29.7137172 ], [ 79.8615235, 29.714549 ], [ 79.8569163, 29.7148122 ], [ 79.8571914, 29.715799 ], [ 79.8577623, 29.7162599 ], [ 79.8591873, 29.7164803 ], [ 79.8605229, 29.7179996 ], [ 79.8605413, 29.718408 ], [ 79.8579491, 29.7210944 ], [ 79.8606937, 29.7227114 ], [ 79.8607548, 29.7238833 ], [ 79.8610791, 29.7240388 ], [ 79.8645794, 29.723333 ], [ 79.8654088, 29.7227966 ], [ 79.8657987, 29.7222598 ], [ 79.8657303, 29.7216021 ], [ 79.8666605, 29.720789 ], [ 79.8708599, 29.7199728 ], [ 79.872971, 29.720531 ], [ 79.8735629, 29.7203548 ], [ 79.8755971, 29.7190533 ], [ 79.875838, 29.7167296 ], [ 79.8765176, 29.7152394 ] ] ] } },
{ "type": "Feature", "properties": { "gp_code": "", "gp_name": "", "blkname": "BAGESHWAR", "dtname": "Bageshwar", "SHAPE_Area": 290518.16559612879 }, "geometry": { "type": "Polygon", "coordinates": [ [ [ 79.8826103, 29.7238524 ], [ 79.8815962, 29.7226092 ], [ 79.8804729, 29.7219288 ], [ 79.8794245, 29.7218019 ], [ 79.8772731, 29.7226169 ], [ 79.8756186, 29.7225938 ], [ 79.8764647, 29.7242441 ], [ 79.8776564, 29.7255466 ], [ 79.8804001, 29.7266634 ], [ 79.8809676, 29.7257927 ], [ 79.8820595, 29.7249708 ], [ 79.8826103, 29.7238524 ] ] ] } },
{ "type": "Feature", "properties": { "gp_code": "21726", "gp_name": "ASON", "blkname": "BAGESHWAR", "dtname": "Bageshwar", "SHAPE_Area": 2782383.9935673159 }, "geometry": { "type": "Polygon", "coordinates": [ [ [ 79.8508076, 29.7404776 ], [ 79.8502813, 29.7394413 ], [ 79.8481901, 29.7394942 ], [ 79.8476771, 29.737877 ], [ 79.8492479, 29.737177 ], [ 79.8532928, 29.7365778 ], [ 79.8558059, 29.7355333 ], [ 79.857457, 29.7359129 ], [ 79.8594794, 29.7356078 ], [ 79.8607915, 29.7358994 ], [ 79.862079, 29.7357416 ], [ 79.8635804, 29.7352523 ], [ 79.8649127, 29.7342998 ], [ 79.8672478, 29.7351567 ], [ 79.8709521, 29.7357626 ], [ 79.868284, 29.7337521 ], [ 79.8671947, 29.732431 ], [ 79.8649227, 29.7308855 ], [ 79.8635478, 29.7290756 ], [ 79.8622126, 29.7311605 ], [ 79.8599983, 29.7321062 ], [ 79.8589056, 29.7321381 ], [ 79.8566704, 29.731895 ], [ 79.8552425, 29.7286274 ], [ 79.8526439, 29.727792 ], [ 79.8515084, 29.7269469 ], [ 79.8510372, 29.7271712 ], [ 79.8510468, 29.7295717 ], [ 79.8505316, 29.7298891 ], [ 79.846689, 29.7295786 ], [ 79.8455208, 29.7297529 ], [ 79.8439149, 29.7285127 ], [ 79.843538, 29.7285891 ], [ 79.8431345, 29.729904 ], [ 79.8435351, 29.7309019 ], [ 79.8455617, 29.7328118 ], [ 79.8460942, 29.7340313 ], [ 79.8439559, 29.7357502 ], [ 79.8436668, 29.7369689 ], [ 79.84406, 29.7378407 ], [ 79.841988, 29.7376194 ], [ 79.8425649, 29.7382777 ], [ 79.8427895, 29.7394616 ], [ 79.8423196, 29.741351 ], [ 79.8434284, 29.7419254 ], [ 79.8453081, 29.7447172 ], [ 79.8501965, 29.7443368 ], [ 79.8527182, 29.7435861 ], [ 79.8542851, 29.7426694 ], [ 79.8514789, 29.7410318 ], [ 79.8508076, 29.7404776 ] ] ] } },
{ "type": "Feature", "properties": { "gp_code": "259937", "gp_name": "KISROLII", "blkname": "BAGESHWAR", "dtname": "Bageshwar", "SHAPE_Area": 3180034.1191438865 }, "geometry": { "type": "Polygon", "coordinates": [ [ [ 79.8635478, 29.7290756 ], [ 79.8649227, 29.7308855 ], [ 79.8671947, 29.732431 ], [ 79.868284, 29.7337521 ], [ 79.8709521, 29.7357626 ], [ 79.8672478, 29.7351567 ], [ 79.8649127, 29.7342998 ], [ 79.8635804, 29.7352523 ], [ 79.8612939, 29.7358998 ], [ 79.8601639, 29.7356029 ], [ 79.857457, 29.7359129 ], [ 79.8558059, 29.7355333 ], [ 79.8532928, 29.7365778 ], [ 79.848004, 29.7376033 ], [ 79.8476388, 29.7383921 ], [ 79.8479643, 29.7392419 ], [ 79.8487551, 29.7396591 ], [ 79.8502813, 29.7394413 ], [ 79.8508076, 29.7404776 ], [ 79.8514789, 29.7410318 ], [ 79.8542851, 29.7426694 ], [ 79.8562733, 29.7416257 ], [ 79.8586253, 29.7412735 ], [ 79.8631439, 29.7399781 ], [ 79.8661556, 29.7396115 ], [ 79.8683558, 29.7387866 ], [ 79.8697968, 29.7378797 ], [ 79.8729453, 29.7340066 ], [ 79.8754755, 29.7329191 ], [ 79.8773801, 29.7314189 ], [ 79.8791455, 29.7280285 ], [ 79.8804001, 29.7266634 ], [ 79.8776564, 29.7255466 ], [ 79.8764647, 29.7242441 ], [ 79.8756186, 29.7225938 ], [ 79.8733835, 29.7224495 ], [ 79.8717127, 29.7229963 ], [ 79.8709073, 29.7246508 ], [ 79.8694754, 29.7248798 ], [ 79.8686582, 29.7257341 ], [ 79.8668366, 29.7262971 ], [ 79.8667226, 29.7272671 ], [ 79.8662573, 29.7278477 ], [ 79.864197, 29.7284707 ], [ 79.8635478, 29.7290756 ] ] ] } },
{ "type": "Feature", "properties": { "gp_code": "259937", "gp_name": "KISROLII", "blkname": "BAGESHWAR", "dtname": "Bageshwar", "SHAPE_Area": 2998974.7662291508 }, "geometry": { "type": "Polygon", "coordinates": [ [ [ 79.8635478, 29.7290756 ], [ 79.8629047, 29.7282123 ], [ 79.8611094, 29.7268431 ], [ 79.8607214, 29.7257357 ], [ 79.8595609, 29.7246879 ], [ 79.8574007, 29.724823 ], [ 79.8552474, 29.7244868 ], [ 79.854634, 29.7228339 ], [ 79.8537604, 29.7235675 ], [ 79.8516012, 29.7228969 ], [ 79.8484115, 29.7228391 ], [ 79.8458853, 29.7245083 ], [ 79.8455777, 29.7243929 ], [ 79.8444453, 29.7220865 ], [ 79.8428079, 29.7221473 ], [ 79.8426604, 29.7224938 ], [ 79.8430867, 29.7230533 ], [ 79.8433862, 29.7244785 ], [ 79.841689, 29.7259785 ], [ 79.8413247, 29.7260111 ], [ 79.8395319, 29.7236855 ], [ 79.8390172, 29.7235754 ], [ 79.8379993, 29.7241005 ], [ 79.8393649, 29.7265462 ], [ 79.8393955, 29.727193 ], [ 79.8352136, 29.7271723 ], [ 79.8351631, 29.7291984 ], [ 79.8344721, 29.7313668 ], [ 79.8295381, 29.7310521 ], [ 79.8314961, 29.7318653 ], [ 79.8333042, 29.732196 ], [ 79.841988, 29.7376194 ], [ 79.84406, 29.7378407 ], [ 79.8436668, 29.7369689 ], [ 79.8439559, 29.7357502 ], [ 79.8460942, 29.7340313 ], [ 79.8455617, 29.7328118 ], [ 79.8435351, 29.7309019 ], [ 79.8431345, 29.729904 ], [ 79.843538, 29.7285891 ], [ 79.8439149, 29.7285127 ], [ 79.8455208, 29.7297529 ], [ 79.846689, 29.7295786 ], [ 79.8505316, 29.7298891 ], [ 79.8510468, 29.7295717 ], [ 79.8510372, 29.7271712 ], [ 79.8515084, 29.7269469 ], [ 79.8526439, 29.727792 ], [ 79.8552425, 29.7286274 ], [ 79.8566704, 29.731895 ], [ 79.8589056, 29.7321381 ], [ 79.8599983, 29.7321062 ], [ 79.8622126, 29.7311605 ], [ 79.8635478, 29.7290756 ] ] ] } },
{ "type": "Feature", "properties": { "gp_code": "243088", "gp_name": "SIMTOLI-2", "blkname": "BAGESHWAR", "dtname": "Bageshwar", "SHAPE_Area": 1482236.8703860457 }, "geometry": { "type": "Polygon", "coordinates": [ [ [ 79.8315364, 29.750485 ], [ 79.8333713, 29.7493852 ], [ 79.8362838, 29.7487229 ], [ 79.8384558, 29.7487251 ], [ 79.840616, 29.7480481 ], [ 79.8453081, 29.7447172 ], [ 79.8451773, 29.7442457 ], [ 79.8434284, 29.7419254 ], [ 79.8423196, 29.741351 ], [ 79.8411807, 29.7415537 ], [ 79.8355116, 29.7451789 ], [ 79.8318613, 29.7455701 ], [ 79.8309427, 29.7447156 ], [ 79.8311015, 29.7459898 ], [ 79.8306768, 29.7469958 ], [ 79.8292744, 29.7476313 ], [ 79.8282456, 29.7474621 ], [ 79.8233223, 29.7444973 ], [ 79.8221037, 29.7442284 ], [ 79.8217306, 29.7448204 ], [ 79.8224105, 29.7466238 ], [ 79.8209614, 29.746721 ], [ 79.8184628, 29.748145 ], [ 79.8200047, 29.7492763 ], [ 79.8213314, 29.7496323 ], [ 79.8246364, 29.7492735 ], [ 79.8274099, 29.7493592 ], [ 79.8291046, 29.7499243 ], [ 79.8308404, 29.7515316 ], [ 79.8315364, 29.750485 ] ] ] } },
{ "type": "Feature", "properties": { "gp_code": "21843", "gp_name": "PANA", "blkname": "BAGESHWAR", "dtname": "Bageshwar", "SHAPE_Area": 1890617.8427301319 }, "geometry": { "type": "Polygon", "coordinates": [ [ [ 79.8423196, 29.741351 ], [ 79.8427895, 29.7394616 ], [ 79.8425649, 29.7382777 ], [ 79.841988, 29.7376194 ], [ 79.8333042, 29.732196 ], [ 79.8314961, 29.7318653 ], [ 79.8295381, 29.7310521 ], [ 79.8293369, 29.7312383 ], [ 79.8298254, 29.7321814 ], [ 79.8315067, 29.7333396 ], [ 79.830394, 29.7342126 ], [ 79.8286481, 29.7343724 ], [ 79.8275075, 29.7371936 ], [ 79.8275811, 29.7384432 ], [ 79.8286213, 29.7400775 ], [ 79.8305205, 29.7420442 ], [ 79.8309427, 29.7447156 ], [ 79.8318613, 29.7455701 ], [ 79.8355116, 29.7451789 ], [ 79.8398076, 29.7422021 ], [ 79.8423196, 29.741351 ] ] ] } },
{ "type": "Feature", "properties": { "gp_code": "259941", "gp_name": "NANDIGAAON", "blkname": "BAGESHWAR", "dtname": "Bageshwar", "SHAPE_Area": 598795.12428850762 }, "geometry": { "type": "Polygon", "coordinates": [ [ [ 79.8149137, 29.7469372 ], [ 79.8158304, 29.7462629 ], [ 79.816467, 29.7452508 ], [ 79.8165187, 29.7448241 ], [ 79.8158552, 29.7443329 ], [ 79.816528, 29.7435246 ], [ 79.8160837, 29.7428744 ], [ 79.8143259, 29.7419424 ], [ 79.8140478, 29.7424389 ], [ 79.8120242, 29.743545 ], [ 79.8114987, 29.7443069 ], [ 79.8097817, 29.744536 ], [ 79.8089063, 29.7441719 ], [ 79.8064838, 29.7412675 ], [ 79.8055915, 29.7440651 ], [ 79.8058086, 29.7449369 ], [ 79.8051199, 29.7462163 ], [ 79.8080196, 29.7465807 ], [ 79.8097192, 29.7471922 ], [ 79.8109436, 29.7484677 ], [ 79.8149137, 29.7469372 ] ] ] } },
{ "type": "Feature", "properties": { "gp_code": "", "gp_name": "", "blkname": "BAGESHWAR", "dtname": "Bageshwar", "SHAPE_Area": 742443.17340508837 }, "geometry": { "type": "Polygon", "coordinates": [ [ [ 79.8140478, 29.7424389 ], [ 79.8152036, 29.7407777 ], [ 79.8152192, 29.7400897 ], [ 79.8137336, 29.7377821 ], [ 79.8133138, 29.7354884 ], [ 79.8127889, 29.7350673 ], [ 79.8113291, 29.7350911 ], [ 79.8105256, 29.7354724 ], [ 79.8089162, 29.7378402 ], [ 79.8083444, 29.7394161 ], [ 79.8070847, 29.739749 ], [ 79.8058169, 29.7406265 ], [ 79.8089063, 29.7441719 ], [ 79.8097817, 29.744536 ], [ 79.8114987, 29.7443069 ], [ 79.8120242, 29.743545 ], [ 79.8140478, 29.7424389 ] ] ] } },
{ "type": "Feature", "properties": { "gp_code": "", "gp_name": "", "blkname": "BAGESHWAR", "dtname": "Bageshwar", "SHAPE_Area": 26556301.636041388 }, "geometry": { "type": "Polygon", "coordinates": [ [ [ 79.792999, 29.7576919 ], [ 79.7962706, 29.7573091 ], [ 79.7974066, 29.7565541 ], [ 79.7985304, 29.7563535 ], [ 79.800741, 29.7541041 ], [ 79.8000867, 29.7506443 ], [ 79.8005289, 29.7472067 ], [ 79.8003551, 29.7463783 ], [ 79.7997428, 29.7458043 ], [ 79.7968824, 29.745202 ], [ 79.7958472, 29.7443853 ], [ 79.7951773, 29.7434162 ], [ 79.7951941, 29.7420531 ], [ 79.7956034, 29.7417606 ], [ 79.7969898, 29.7420426 ], [ 79.7979974, 29.741891 ], [ 79.7987572, 29.741446 ], [ 79.7997453, 29.7397847 ], [ 79.8010345, 29.7390029 ], [ 79.8025718, 29.7387307 ], [ 79.8046362, 29.7373425 ], [ 79.804962, 29.7366124 ], [ 79.8075684, 29.7362078 ], [ 79.8090804, 29.7354771 ], [ 79.8105256, 29.7354724 ], [ 79.8113291, 29.7350911 ], [ 79.8127889, 29.7350673 ], [ 79.8133138, 29.7354884 ], [ 79.8137336, 29.7377821 ], [ 79.8152192, 29.7400897 ], [ 79.8152036, 29.7407777 ], [ 79.8143259, 29.7419424 ], [ 79.8160837, 29.7428744 ], [ 79.816528, 29.7435246 ], [ 79.8158555, 29.7441227 ], [ 79.8165187, 29.7448241 ], [ 79.816467, 29.7452508 ], [ 79.8158304, 29.7462629 ], [ 79.8149137, 29.7469372 ], [ 79.8184628, 29.748145 ], [ 79.8209614, 29.746721 ], [ 79.8224105, 29.7466238 ], [ 79.8217306, 29.7448204 ], [ 79.8218187, 29.7444383 ], [ 79.8225709, 29.7441779 ], [ 79.8282456, 29.7474621 ], [ 79.8300776, 29.7474538 ], [ 79.8306768, 29.7469958 ], [ 79.8311015, 29.7459898 ], [ 79.8308779, 29.7430612 ], [ 79.8305205, 29.7420442 ], [ 79.8286213, 29.7400775 ], [ 79.8275811, 29.7384432 ], [ 79.8275075, 29.7371936 ], [ 79.8286481, 29.7343724 ], [ 79.830394, 29.7342126 ], [ 79.8315067, 29.7333396 ], [ 79.8298254, 29.7321814 ], [ 79.8293369, 29.7312383 ], [ 79.8344721, 29.7313668 ], [ 79.8351631, 29.7291984 ], [ 79.8352136, 29.7271723 ], [ 79.8393955, 29.727193 ], [ 79.8393649, 29.7265462 ], [ 79.8379993, 29.7241005 ], [ 79.8390172, 29.7235754 ], [ 79.8395319, 29.7236855 ], [ 79.8413247, 29.7260111 ], [ 79.8433862, 29.7244785 ], [ 79.8430867, 29.7230533 ], [ 79.8426604, 29.7224938 ], [ 79.8428079, 29.7221473 ], [ 79.8444453, 29.7220865 ], [ 79.8455777, 29.7243929 ], [ 79.8458853, 29.7245083 ], [ 79.8484115, 29.7228391 ], [ 79.8516012, 29.7228969 ], [ 79.8537604, 29.7235675 ], [ 79.854634, 29.7228339 ], [ 79.8552474, 29.7244868 ], [ 79.8574007, 29.724823 ], [ 79.8595609, 29.7246879 ], [ 79.8607214, 29.7257357 ], [ 79.8611094, 29.7268431 ], [ 79.8629047, 29.7282123 ], [ 79.8635478, 29.7290756 ], [ 79.864197, 29.7284707 ], [ 79.8662573, 29.7278477 ], [ 79.8667226, 29.7272671 ], [ 79.8668366, 29.7262971 ], [ 79.8686582, 29.7257341 ], [ 79.8694754, 29.7248798 ], [ 79.8709073, 29.7246508 ], [ 79.8714739, 29.7232153 ], [ 79.8723409, 29.7226899 ], [ 79.8733835, 29.7224495 ], [ 79.8772731, 29.7226169 ], [ 79.8794245, 29.7218019 ], [ 79.8804729, 29.7219288 ], [ 79.8815962, 29.7226092 ], [ 79.8826103, 29.7238524 ], [ 79.8832534, 29.7234985 ], [ 79.8849631, 29.7221709 ], [ 79.8856602, 29.7206617 ], [ 79.8865782, 29.7202324 ], [ 79.8884403, 29.7185874 ], [ 79.8904194, 29.7185371 ], [ 79.8912317, 29.7181463 ], [ 79.8938052, 29.7141543 ], [ 79.8939939, 29.7122054 ], [ 79.8846809, 29.7127596 ], [ 79.8850205, 29.7134919 ], [ 79.8808872, 29.7155606 ], [ 79.8804353, 29.7154397 ], [ 79.8793214, 29.7142276 ], [ 79.8765176, 29.7152394 ], [ 79.875838, 29.7167296 ], [ 79.8755971, 29.7190533 ], [ 79.8735629, 29.7203548 ], [ 79.872971, 29.720531 ], [ 79.8708599, 29.7199728 ], [ 79.8666605, 29.720789 ], [ 79.8657303, 29.7216021 ], [ 79.8657987, 29.7222598 ], [ 79.8654088, 29.7227966 ], [ 79.8645794, 29.723333 ], [ 79.8610791, 29.7240388 ], [ 79.8607548, 29.7238833 ], [ 79.8606937, 29.7227114 ], [ 79.8579491, 29.7210944 ], [ 79.8605413, 29.718408 ], [ 79.8605229, 29.7179996 ], [ 79.8591873, 29.7164803 ], [ 79.8577623, 29.7162599 ], [ 79.8571914, 29.715799 ], [ 79.8569163, 29.7148122 ], [ 79.8506394, 29.7147394 ], [ 79.8451617, 29.7169485 ], [ 79.840308, 29.7171575 ], [ 79.8386105, 29.7164954 ], [ 79.8374205, 29.7142636 ], [ 79.8354628, 29.7133627 ], [ 79.8343029, 29.7121229 ], [ 79.8339218, 29.7107245 ], [ 79.8334955, 29.7102833 ], [ 79.8327513, 29.7102387 ], [ 79.832189, 29.7107314 ], [ 79.8306194, 29.7107087 ], [ 79.828486, 29.7097848 ], [ 79.8279457, 29.7100418 ], [ 79.8278313, 29.7110282 ], [ 79.8247544, 29.7114031 ], [ 79.8236973, 29.7130051 ], [ 79.8230636, 29.7127495 ], [ 79.8228561, 29.7107543 ], [ 79.8225231, 29.7105512 ], [ 79.8219237, 29.7108245 ], [ 79.8214382, 29.7122188 ], [ 79.8207779, 29.7126812 ], [ 79.8203611, 29.7124725 ], [ 79.8201485, 29.7110637 ], [ 79.8193596, 29.7109149 ], [ 79.8180453, 29.7119712 ], [ 79.8168482, 29.7139018 ], [ 79.8160995, 29.7135502 ], [ 79.8155118, 29.7119272 ], [ 79.8146813, 29.7115645 ], [ 79.8117705, 29.7114735 ], [ 79.809503, 29.712134 ], [ 79.8069851, 29.7122845 ], [ 79.8065575, 29.7127114 ], [ 79.8065668, 29.7147832 ], [ 79.8061842, 29.715949 ], [ 79.8036797, 29.7168378 ], [ 79.8061933, 29.7194749 ], [ 79.8060428, 29.7200067 ], [ 79.8055316, 29.7202641 ], [ 79.8035064, 29.7202489 ], [ 79.8026073, 29.7211014 ], [ 79.800827, 29.7208508 ], [ 79.8006908, 29.7211889 ], [ 79.8014668, 29.7223486 ], [ 79.7992486, 29.7221101 ], [ 79.796203, 29.7234377 ], [ 79.7969314, 29.724305 ], [ 79.7991197, 29.7250339 ], [ 79.7994542, 29.7257987 ], [ 79.799351, 29.7264101 ], [ 79.7985618, 29.7270207 ], [ 79.7972624, 29.7272229 ], [ 79.7964161, 29.7269798 ], [ 79.7961542, 29.7264794 ], [ 79.7941551, 29.7260819 ], [ 79.7926642, 29.7272903 ], [ 79.7916165, 29.7294088 ], [ 79.7867388, 29.7309837 ], [ 79.7867153, 29.7318946 ], [ 79.7858232, 29.7328235 ], [ 79.7869818, 29.7339525 ], [ 79.7872485, 29.7358639 ], [ 79.7869773, 29.7365324 ], [ 79.7856621, 29.7373333 ], [ 79.785457, 29.7377407 ], [ 79.7857771, 29.7383399 ], [ 79.7856594, 29.7389003 ], [ 79.7841409, 29.7390512 ], [ 79.7837479, 29.7387812 ], [ 79.7836472, 29.7375599 ], [ 79.7826844, 29.7371382 ], [ 79.7785507, 29.7385085 ], [ 79.7777187, 29.7384309 ], [ 79.7769468, 29.7374489 ], [ 79.7757357, 29.7371542 ], [ 79.7735153, 29.737941 ], [ 79.7731617, 29.738471 ], [ 79.7695869, 29.7387253 ], [ 79.7688856, 29.7390556 ], [ 79.7685608, 29.7409629 ], [ 79.7680489, 29.7414845 ], [ 79.7663248, 29.7422592 ], [ 79.7643314, 29.7426098 ], [ 79.7651278, 29.744143 ], [ 79.7646201, 29.744895 ], [ 79.7615221, 29.7459085 ], [ 79.7614485, 29.7461855 ], [ 79.7622355, 29.7469001 ], [ 79.767856, 29.7470357 ], [ 79.7707444, 29.7482501 ], [ 79.7736302, 29.7469228 ], [ 79.776994, 29.7476728 ], [ 79.7784223, 29.7475215 ], [ 79.7791099, 29.7482299 ], [ 79.7810282, 29.7490797 ], [ 79.7795947, 29.7499446 ], [ 79.7790066, 29.7506783 ], [ 79.7782263, 29.752079 ], [ 79.7785564, 29.7528471 ], [ 79.7782241, 29.7533027 ], [ 79.7809658, 29.7529727 ], [ 79.783551, 29.754656 ], [ 79.7848385, 29.7547468 ], [ 79.7862655, 29.7553271 ], [ 79.7878344, 29.7549398 ], [ 79.7889431, 29.7551972 ], [ 79.790369, 29.7564005 ], [ 79.792999, 29.7576919 ] ], [ [ 79.7978188, 29.7328453 ], [ 79.7977936, 29.7315443 ], [ 79.7968923, 29.7303406 ], [ 79.7968931, 29.729882 ], [ 79.797361, 29.7293857 ], [ 79.7994707, 29.7291081 ], [ 79.7998977, 29.7291245 ], [ 79.8007322, 29.7298549 ], [ 79.8019512, 29.7297418 ], [ 79.8058539, 29.7310587 ], [ 79.8071294, 29.7322324 ], [ 79.8067196, 29.7328816 ], [ 79.8053614, 29.7332749 ], [ 79.8043822, 29.7339872 ], [ 79.8030222, 29.735508 ], [ 79.8026845, 29.7367179 ], [ 79.8012658, 29.7376739 ], [ 79.7976159, 29.7385781 ], [ 79.7941165, 29.7387095 ], [ 79.7902168, 29.7394477 ], [ 79.7890785, 29.7392233 ], [ 79.788624, 29.7360631 ], [ 79.7901381, 29.7341859 ], [ 79.7900107, 29.7318925 ], [ 79.7920856, 29.7306594 ], [ 79.7932534, 29.7306737 ], [ 79.7926627, 29.7324873 ], [ 79.7908069, 29.7357793 ], [ 79.7913599, 29.7367865 ], [ 79.7920021, 29.7368765 ], [ 79.7926038, 29.7367545 ], [ 79.7946916, 29.7348288 ], [ 79.79624, 29.7342192 ], [ 79.7978188, 29.7328453 ] ] ] } },
{ "type": "Feature", "properties": { "gp_code": "21835", "gp_name": "OKHALISIROD", "blkname": "BAGESHWAR", "dtname": "Bageshwar", "SHAPE_Area": 1525950.6121206367 }, "geometry": { "type": "Polygon", "coordinates": [ [ [ 79.7704777, 29.738561 ], [ 79.7731617, 29.738471 ], [ 79.7735153, 29.737941 ], [ 79.7757357, 29.7371542 ], [ 79.7769468, 29.7374489 ], [ 79.7777187, 29.7384309 ], [ 79.7785507, 29.7385085 ], [ 79.7826844, 29.7371382 ], [ 79.7836472, 29.7375599 ], [ 79.7837479, 29.7387812 ], [ 79.7841409, 29.7390512 ], [ 79.7856594, 29.7389003 ], [ 79.7857771, 29.7383399 ], [ 79.785457, 29.7377407 ], [ 79.7856621, 29.7373333 ], [ 79.7869773, 29.7365324 ], [ 79.7872485, 29.7358639 ], [ 79.7869818, 29.7339525 ], [ 79.7858232, 29.7328235 ], [ 79.7867153, 29.7318946 ], [ 79.7867388, 29.7309837 ], [ 79.7916165, 29.7294088 ], [ 79.7926642, 29.7272903 ], [ 79.7941551, 29.7260819 ], [ 79.7961542, 29.7264794 ], [ 79.7946831, 29.7245792 ], [ 79.7937353, 29.7240047 ], [ 79.7926117, 29.7238122 ], [ 79.7921291, 29.7243212 ], [ 79.7908811, 29.7247861 ], [ 79.7901097, 29.7264049 ], [ 79.7888983, 29.7272345 ], [ 79.785782, 29.7271412 ], [ 79.7852995, 29.7275801 ], [ 79.7853711, 29.7284084 ], [ 79.7848302, 29.7288663 ], [ 79.783524, 29.7286989 ], [ 79.7830638, 29.7289404 ], [ 79.7824347, 29.7297549 ], [ 79.7830639, 29.7309852 ], [ 79.7829012, 29.7321443 ], [ 79.7811337, 29.7328681 ], [ 79.7806952, 29.7331415 ], [ 79.780388, 29.7339269 ], [ 79.77912, 29.7344707 ], [ 79.779702, 29.735497 ], [ 79.7787533, 29.7367581 ], [ 79.777466, 29.7369081 ], [ 79.7758161, 29.736183 ], [ 79.773818, 29.7360622 ], [ 79.7730455, 29.7354114 ], [ 79.7711037, 29.7366087 ], [ 79.7695544, 29.7366231 ], [ 79.7683011, 29.7376332 ], [ 79.7670926, 29.7376579 ], [ 79.765967, 29.7384781 ], [ 79.7661262, 29.7391917 ], [ 79.7686784, 29.7405713 ], [ 79.7688856, 29.7390556 ], [ 79.7704777, 29.738561 ] ] ] } },
{ "type": "Feature", "properties": { "gp_code": "", "gp_name": "", "blkname": "BAGESHWAR", "dtname": "Bageshwar", "SHAPE_Area": 1909805.9422245137 }, "geometry": { "type": "Polygon", "coordinates": [ [ [ 79.8064483, 29.7150893 ], [ 79.8052348, 29.7153735 ], [ 79.8045779, 29.7159756 ], [ 79.8041164, 29.7158654 ], [ 79.8028312, 29.714691 ], [ 79.7999334, 29.7129117 ], [ 79.7994832, 29.7124944 ], [ 79.7991547, 29.7112893 ], [ 79.7946534, 29.7117239 ], [ 79.7920545, 29.712294 ], [ 79.7941332, 29.7154264 ], [ 79.7947828, 29.7173173 ], [ 79.79365, 29.7182777 ], [ 79.792445, 29.7187731 ], [ 79.7916622, 29.7199028 ], [ 79.7900894, 29.7199231 ], [ 79.7890865, 29.7195841 ], [ 79.7891064, 29.7207754 ], [ 79.7918104, 29.7244399 ], [ 79.7926117, 29.7238122 ], [ 79.7937353, 29.7240047 ], [ 79.7956448, 29.7255742 ], [ 79.7964161, 29.7269798 ], [ 79.7972624, 29.7272229 ], [ 79.7985618, 29.7270207 ], [ 79.799351, 29.7264101 ], [ 79.7994542, 29.7257987 ], [ 79.7991197, 29.7250339 ], [ 79.7969314, 29.724305 ], [ 79.796203, 29.7234377 ], [ 79.7992486, 29.7221101 ], [ 79.8014668, 29.7223486 ], [ 79.8006908, 29.7211889 ], [ 79.800827, 29.7208508 ], [ 79.8026073, 29.7211014 ], [ 79.8035064, 29.7202489 ], [ 79.8055316, 29.7202641 ], [ 79.8060428, 29.7200067 ], [ 79.8061933, 29.7194749 ], [ 79.8036797, 29.7168378 ], [ 79.8039794, 29.716526 ], [ 79.805534, 29.7163814 ], [ 79.8061842, 29.715949 ], [ 79.8064483, 29.7150893 ] ] ] } },
{ "type": "Feature", "properties": { "gp_code": "243086", "gp_name": "SIYA", "blkname": "BAGESHWAR", "dtname": "Bageshwar", "SHAPE_Area": 1405170.4541220041 }, "geometry": { "type": "Polygon", "coordinates": [ [ [ 79.7978188, 29.7328453 ], [ 79.79624, 29.7342192 ], [ 79.7946916, 29.7348288 ], [ 79.7926038, 29.7367545 ], [ 79.7920021, 29.7368765 ], [ 79.7913599, 29.7367865 ], [ 79.7908069, 29.7357793 ], [ 79.7926627, 29.7324873 ], [ 79.7932534, 29.7306737 ], [ 79.7920856, 29.7306594 ], [ 79.7900107, 29.7318925 ], [ 79.7901381, 29.7341859 ], [ 79.788624, 29.7360631 ], [ 79.7890785, 29.7392233 ], [ 79.7902168, 29.7394477 ], [ 79.7941165, 29.7387095 ], [ 79.7976159, 29.7385781 ], [ 79.8012658, 29.7376739 ], [ 79.8026845, 29.7367179 ], [ 79.8030222, 29.735508 ], [ 79.8043822, 29.7339872 ], [ 79.8053614, 29.7332749 ], [ 79.8067196, 29.7328816 ], [ 79.8071294, 29.7322324 ], [ 79.8058539, 29.7310587 ], [ 79.8019512, 29.7297418 ], [ 79.8007322, 29.7298549 ], [ 79.7998977, 29.7291245 ], [ 79.7994707, 29.7291081 ], [ 79.797361, 29.7293857 ], [ 79.7968931, 29.729882 ], [ 79.7968923, 29.7303406 ], [ 79.7977936, 29.7315443 ], [ 79.7978188, 29.7328453 ] ] ] } },
{ "type": "Feature", "properties": { "gp_code": "21854", "gp_name": "REIKHOLI", "blkname": "BAGESHWAR", "dtname": "Bageshwar", "SHAPE_Area": 1226371.2618979062 }, "geometry": { "type": "Polygon", "coordinates": [ [ [ 79.8048142, 29.7469661 ], [ 79.8058086, 29.7449369 ], [ 79.8055915, 29.7440651 ], [ 79.8065316, 29.7416965 ], [ 79.8058169, 29.7406265 ], [ 79.8070847, 29.739749 ], [ 79.8083444, 29.7394161 ], [ 79.8089162, 29.7378402 ], [ 79.8105256, 29.7354724 ], [ 79.8090804, 29.7354771 ], [ 79.8075684, 29.7362078 ], [ 79.804962, 29.7366124 ], [ 79.8046362, 29.7373425 ], [ 79.8025718, 29.7387307 ], [ 79.8010345, 29.7390029 ], [ 79.7997453, 29.7397847 ], [ 79.7987572, 29.741446 ], [ 79.7979974, 29.741891 ], [ 79.7969898, 29.7420426 ], [ 79.7956034, 29.7417606 ], [ 79.7951941, 29.7420531 ], [ 79.7951773, 29.7434162 ], [ 79.7958472, 29.7443853 ], [ 79.7968824, 29.745202 ], [ 79.7997428, 29.7458043 ], [ 79.8003551, 29.7463783 ], [ 79.8005289, 29.7472067 ], [ 79.800216, 29.7499474 ], [ 79.8021569, 29.7482234 ], [ 79.8048142, 29.7469661 ] ] ] } },
{ "type": "Feature", "properties": { "gp_code": "21744", "gp_name": "BHOLANANAGHAR", "blkname": "BAGESHWAR", "dtname": "Bageshwar", "SHAPE_Area": 3073142.9958330425 }, "geometry": { "type": "Polygon", "coordinates": [ [ [ 79.7782241, 29.7533027 ], [ 79.7785564, 29.7528471 ], [ 79.7782263, 29.752079 ], [ 79.7790066, 29.7506783 ], [ 79.7795947, 29.7499446 ], [ 79.7810282, 29.7490797 ], [ 79.7791099, 29.7482299 ], [ 79.7784223, 29.7475215 ], [ 79.776994, 29.7476728 ], [ 79.7736302, 29.7469228 ], [ 79.7707444, 29.7482501 ], [ 79.767856, 29.7470357 ], [ 79.7622355, 29.7469001 ], [ 79.7614485, 29.7461855 ], [ 79.7592384, 29.7453478 ], [ 79.7583263, 29.7451744 ], [ 79.755924, 29.7455212 ], [ 79.7551435, 29.7452588 ], [ 79.7597754, 29.741345 ], [ 79.760615, 29.7412444 ], [ 79.7620953, 29.7420078 ], [ 79.7629579, 29.7413402 ], [ 79.76425, 29.741272 ], [ 79.762716, 29.7399766 ], [ 79.7591528, 29.7405702 ], [ 79.7575214, 29.7387459 ], [ 79.7565286, 29.7387954 ], [ 79.7556428, 29.7390766 ], [ 79.7543485, 29.7412764 ], [ 79.7536612, 29.7418741 ], [ 79.7510899, 29.7428002 ], [ 79.7498166, 29.7422315 ], [ 79.7484522, 29.743102 ], [ 79.7505228, 29.7442493 ], [ 79.747864, 29.7474277 ], [ 79.7484521, 29.7499353 ], [ 79.7487206, 29.7488462 ], [ 79.7514644, 29.7489414 ], [ 79.7533635, 29.7483774 ], [ 79.7554359, 29.7487181 ], [ 79.7572517, 29.7499386 ], [ 79.7583754, 29.7522508 ], [ 79.7589428, 29.7550484 ], [ 79.7595314, 29.7552605 ], [ 79.7594677, 29.7543439 ], [ 79.7597567, 29.7543286 ], [ 79.7610836, 29.7560484 ], [ 79.7616446, 29.7560492 ], [ 79.762208, 29.7548263 ], [ 79.7622483, 29.7537584 ], [ 79.7613744, 29.7507645 ], [ 79.7617344, 29.7499625 ], [ 79.7641389, 29.7518143 ], [ 79.7658865, 29.751294 ], [ 79.7663835, 29.7514059 ], [ 79.7665865, 29.7519514 ], [ 79.7692633, 29.7522333 ], [ 79.7729425, 29.7549941 ], [ 79.774969, 29.7555343 ], [ 79.7755668, 29.756325 ], [ 79.775835, 29.756025 ], [ 79.7767592, 29.7561275 ], [ 79.7789605, 29.7550281 ], [ 79.7788473, 29.7541936 ], [ 79.7782241, 29.7533027 ] ] ] } },
{ "type": "Feature", "properties": { "gp_code": "21805", "gp_name": "KHOULSEER", "blkname": "BAGESHWAR", "dtname": "Bageshwar", "SHAPE_Area": 2996749.3109434401 }, "geometry": { "type": "Polygon", "coordinates": [ [ [ 79.7660843, 29.7382298 ], [ 79.7670926, 29.7376579 ], [ 79.7683011, 29.7376332 ], [ 79.7695544, 29.7366231 ], [ 79.7711037, 29.7366087 ], [ 79.7730455, 29.7354114 ], [ 79.773818, 29.7360622 ], [ 79.7758161, 29.736183 ], [ 79.777466, 29.7369081 ], [ 79.7787533, 29.7367581 ], [ 79.779702, 29.735497 ], [ 79.77912, 29.7344707 ], [ 79.780388, 29.7339269 ], [ 79.7806952, 29.7331415 ], [ 79.7811337, 29.7328681 ], [ 79.7829012, 29.7321443 ], [ 79.7830639, 29.7309852 ], [ 79.7824347, 29.7297549 ], [ 79.7830638, 29.7289404 ], [ 79.783524, 29.7286989 ], [ 79.7848302, 29.7288663 ], [ 79.7853711, 29.7284084 ], [ 79.7852995, 29.7275801 ], [ 79.785782, 29.7271412 ], [ 79.7888983, 29.7272345 ], [ 79.7901097, 29.7264049 ], [ 79.7908811, 29.7247861 ], [ 79.7918104, 29.7244399 ], [ 79.7891064, 29.7207754 ], [ 79.7890865, 29.7195841 ], [ 79.7813779, 29.7206823 ], [ 79.7793197, 29.720694 ], [ 79.7780857, 29.721111 ], [ 79.7774409, 29.7225307 ], [ 79.7775555, 29.7237157 ], [ 79.7792389, 29.7251449 ], [ 79.7806685, 29.7255864 ], [ 79.777385, 29.7265303 ], [ 79.7760789, 29.7276738 ], [ 79.7752713, 29.7276366 ], [ 79.7744841, 29.7270558 ], [ 79.7735787, 29.7272648 ], [ 79.7732642, 29.7276593 ], [ 79.773473, 29.729182 ], [ 79.7732524, 29.7300735 ], [ 79.7733925, 29.7310017 ], [ 79.7740227, 29.731922 ], [ 79.773992, 29.7327245 ], [ 79.7691732, 29.7335841 ], [ 79.7690975, 29.7350491 ], [ 79.7683369, 29.7358634 ], [ 79.7653604, 29.7378101 ], [ 79.7643916, 29.7378579 ], [ 79.765352, 29.7356361 ], [ 79.7640719, 29.7343063 ], [ 79.7625517, 29.7343389 ], [ 79.7613599, 29.7354073 ], [ 79.7612493, 29.7359996 ], [ 79.762716, 29.7399766 ], [ 79.7640761, 29.7408699 ], [ 79.7645799, 29.7424669 ], [ 79.7672743, 29.7419675 ], [ 79.7685608, 29.7409629 ], [ 79.7686784, 29.7405713 ], [ 79.7661262, 29.7391917 ], [ 79.7660843, 29.7382298 ] ] ] } },
{ "type": "Feature", "properties": { "gp_code": "21805", "gp_name": "KHOULSEER", "blkname": "BAGESHWAR", "dtname": "Bageshwar", "SHAPE_Area": 547164.03659588925 }, "geometry": { "type": "Polygon", "coordinates": [ [ [ 79.7655271, 29.7269959 ], [ 79.7676125, 29.7266701 ], [ 79.7691312, 29.7271107 ], [ 79.7711362, 29.7260777 ], [ 79.7724238, 29.7258822 ], [ 79.7724934, 29.7255864 ], [ 79.7695849, 29.7228968 ], [ 79.7679657, 29.7224615 ], [ 79.767262, 29.7227126 ], [ 79.7646458, 29.7248736 ], [ 79.7627801, 29.7253258 ], [ 79.7583844, 29.7254563 ], [ 79.7581076, 29.7257354 ], [ 79.7612169, 29.7283707 ], [ 79.7618069, 29.7285031 ], [ 79.7655271, 29.7269959 ] ] ] } },
{ "type": "Feature", "properties": { "gp_code": "", "gp_name": "", "blkname": "BAGESHWAR", "dtname": "Bageshwar", "SHAPE_Area": 239434.05900566588 }, "geometry": { "type": "Polygon", "coordinates": [ [ [ 79.7617818, 29.7305189 ], [ 79.7621808, 29.7327491 ], [ 79.7626087, 29.7331446 ], [ 79.7636738, 29.7334264 ], [ 79.7658492, 29.7332767 ], [ 79.7661155, 29.7313788 ], [ 79.7656358, 29.7303589 ], [ 79.7654567, 29.7288058 ], [ 79.7650551, 29.7286509 ], [ 79.762412, 29.7291948 ], [ 79.7617818, 29.7305189 ] ] ] } },
{ "type": "Feature", "properties": { "gp_code": "", "gp_name": "", "blkname": "BAGESHWAR", "dtname": "Bageshwar", "SHAPE_Area": 184396.85192016212 }, "geometry": { "type": "Polygon", "coordinates": [ [ [ 79.7498419, 29.7376319 ], [ 79.7484532, 29.7371559 ], [ 79.7476713, 29.7378179 ], [ 79.7470519, 29.7393945 ], [ 79.7472354, 29.7400401 ], [ 79.7487947, 29.7409209 ], [ 79.7498166, 29.7422315 ], [ 79.7509419, 29.741016 ], [ 79.7514452, 29.7398531 ], [ 79.7498419, 29.7376319 ] ] ] } },
{ "type": "Feature", "properties": { "gp_code": "", "gp_name": "", "blkname": "BAGESHWAR", "dtname": "Bageshwar", "SHAPE_Area": 314038.96526795009 }, "geometry": { "type": "Polygon", "coordinates": [ [ [ 79.7587301, 29.740251 ], [ 79.758704, 29.7386585 ], [ 79.7569558, 29.736834 ], [ 79.7555834, 29.7369594 ], [ 79.7545585, 29.7384611 ], [ 79.7530687, 29.7388283 ], [ 79.7498419, 29.7376319 ], [ 79.7514452, 29.7398531 ], [ 79.7509419, 29.741016 ], [ 79.7498166, 29.7422315 ], [ 79.7510899, 29.7428002 ], [ 79.7536612, 29.7418741 ], [ 79.7543485, 29.7412764 ], [ 79.7556428, 29.7390766 ], [ 79.7575214, 29.7387459 ], [ 79.7587301, 29.740251 ] ] ] } },
{ "type": "Feature", "properties": { "gp_code": "21835", "gp_name": "OKHALISIROD", "blkname": "BAGESHWAR", "dtname": "Bageshwar", "SHAPE_Area": 427814.81414990226 }, "geometry": { "type": "Polygon", "coordinates": [ [ [ 79.7609156, 29.7461911 ], [ 79.7646201, 29.744895 ], [ 79.7651278, 29.744143 ], [ 79.7642253, 29.7427466 ], [ 79.7645799, 29.7424669 ], [ 79.76425, 29.741272 ], [ 79.7629579, 29.7413402 ], [ 79.7620953, 29.7420078 ], [ 79.760615, 29.7412444 ], [ 79.7597754, 29.741345 ], [ 79.7551435, 29.7452588 ], [ 79.755924, 29.7455212 ], [ 79.7583263, 29.7451744 ], [ 79.7609156, 29.7461911 ] ] ] } },
{ "type": "Feature", "properties": { "gp_code": "21848", "gp_name": "PASDEVE", "blkname": "BAGESHWAR", "dtname": "Bageshwar", "SHAPE_Area": 1589541.4337578695 }, "geometry": { "type": "Polygon", "coordinates": [ [ [ 79.747864, 29.7474277 ], [ 79.7505228, 29.7442493 ], [ 79.7484522, 29.743102 ], [ 79.7498166, 29.7422315 ], [ 79.7487947, 29.7409209 ], [ 79.7472354, 29.7400401 ], [ 79.7470519, 29.7393945 ], [ 79.7476713, 29.7378179 ], [ 79.7484532, 29.7371559 ], [ 79.7498419, 29.7376319 ], [ 79.7490832, 29.7366538 ], [ 79.7492169, 29.7353804 ], [ 79.7484267, 29.7352258 ], [ 79.7467504, 29.7371777 ], [ 79.7457944, 29.7363918 ], [ 79.7458917, 29.735614 ], [ 79.7455135, 29.7343496 ], [ 79.7447901, 29.7339535 ], [ 79.7430147, 29.7339507 ], [ 79.7417272, 29.7344881 ], [ 79.7406453, 29.736165 ], [ 79.7402768, 29.7362416 ], [ 79.737922, 29.7350226 ], [ 79.7368981, 29.7349631 ], [ 79.7385783, 29.7381934 ], [ 79.739829, 29.7390055 ], [ 79.7407206, 29.7401214 ], [ 79.7400526, 29.7447536 ], [ 79.7403465, 29.7451398 ], [ 79.743441, 29.7450676 ], [ 79.7445152, 29.745738 ], [ 79.744758, 29.7485247 ], [ 79.744051, 29.7493119 ], [ 79.7441174, 29.7499369 ], [ 79.7484521, 29.7499353 ], [ 79.747864, 29.7474277 ] ] ] } },
{ "type": "Feature", "properties": { "gp_code": "21784", "gp_name": "JATHA", "blkname": "BAGESHWAR", "dtname": "Bageshwar", "SHAPE_Area": 640807.68143131374 }, "geometry": { "type": "Polygon", "coordinates": [ [ [ 79.7402216, 29.7445676 ], [ 79.7407206, 29.7401214 ], [ 79.739829, 29.7390055 ], [ 79.7351927, 29.7366834 ], [ 79.7338376, 29.7365011 ], [ 79.7335719, 29.7367064 ], [ 79.7330323, 29.7401084 ], [ 79.7332978, 29.7408207 ], [ 79.7339598, 29.7412976 ], [ 79.7354265, 29.7444504 ], [ 79.7376518, 29.7442868 ], [ 79.7384026, 29.7446224 ], [ 79.7402216, 29.7445676 ] ] ] } },
{ "type": "Feature", "properties": { "gp_code": "", "gp_name": "", "blkname": "BAGESHWAR", "dtname": "Bageshwar", "SHAPE_Area": 187004.8717971461 }, "geometry": { "type": "Polygon", "coordinates": [ [ [ 79.7272163, 29.7457611 ], [ 79.7280299, 29.7463555 ], [ 79.7291421, 29.7457241 ], [ 79.7296055, 29.7447622 ], [ 79.7322606, 29.7434872 ], [ 79.7310986, 29.7425466 ], [ 79.7307751, 29.7412118 ], [ 79.7297246, 29.7408791 ], [ 79.7287136, 29.7416104 ], [ 79.7285071, 29.7430124 ], [ 79.7272178, 29.7450796 ], [ 79.7272163, 29.7457611 ] ] ] } },
{ "type": "Feature", "properties": { "gp_code": "21784", "gp_name": "JATHA", "blkname": "BAGESHWAR", "dtname": "Bageshwar", "SHAPE_Area": 458495.97955985426 }, "geometry": { "type": "Polygon", "coordinates": [ [ [ 79.7264769, 29.7436447 ], [ 79.7264966, 29.7425405 ], [ 79.7246634, 29.7432001 ], [ 79.7235619, 29.7432462 ], [ 79.7218209, 29.7421745 ], [ 79.7203525, 29.7430306 ], [ 79.716724, 29.7430221 ], [ 79.7157116, 29.7437319 ], [ 79.7159841, 29.7443466 ], [ 79.7173672, 29.7452106 ], [ 79.7202695, 29.7454342 ], [ 79.7218818, 29.7459578 ], [ 79.7225308, 29.7489035 ], [ 79.7230604, 29.749303 ], [ 79.7236286, 29.7489054 ], [ 79.724349, 29.7463285 ], [ 79.7251517, 29.7455944 ], [ 79.7257802, 29.7454951 ], [ 79.7264769, 29.7436447 ] ] ] } },
{ "type": "Feature", "properties": { "gp_code": "21903", "gp_name": "DUMLOTE", "blkname": "GARUR", "dtname": "Bageshwar", "SHAPE_Area": 3161278.6732504149 }, "geometry": { "type": "Polygon", "coordinates": [ [ [ 79.5700679, 29.8785802 ], [ 79.5704981, 29.8668511 ], [ 79.5684052, 29.8632904 ], [ 79.5614366, 29.8594318 ], [ 79.5599004, 29.8594476 ], [ 79.5577526, 29.8612063 ], [ 79.5572053, 29.8621283 ], [ 79.5578758, 29.8637589 ], [ 79.5577057, 29.8659585 ], [ 79.5564771, 29.8669526 ], [ 79.556968, 29.8716134 ], [ 79.5585629, 29.8735632 ], [ 79.5597706, 29.8756848 ], [ 79.5608449, 29.8784768 ], [ 79.5625549, 29.8793994 ], [ 79.5637999, 29.8807517 ], [ 79.5647164, 29.880974 ], [ 79.5689084, 29.8786756 ], [ 79.5700679, 29.8785802 ] ] ] } },
{ "type": "Feature", "properties": { "gp_code": "21933", "gp_name": "LOBANJ", "blkname": "GARUR", "dtname": "Bageshwar", "SHAPE_Area": 911526.97877544852 }, "geometry": { "type": "Polygon", "coordinates": [ [ [ 79.5886686, 29.8775794 ], [ 79.5939562, 29.8769832 ], [ 79.5946113, 29.8765153 ], [ 79.5934334, 29.875603 ], [ 79.5911058, 29.8756471 ], [ 79.5897088, 29.875114 ], [ 79.5830575, 29.8687619 ], [ 79.5817933, 29.8662806 ], [ 79.5799129, 29.8663356 ], [ 79.5794533, 29.8666342 ], [ 79.5804669, 29.8686353 ], [ 79.5810923, 29.8735132 ], [ 79.5809508, 29.8746519 ], [ 79.5819206, 29.8760433 ], [ 79.5830159, 29.8765328 ], [ 79.5833386, 29.8771361 ], [ 79.5851517, 29.8766811 ], [ 79.5886686, 29.8775794 ] ] ] } },
{ "type": "Feature", "properties": { "gp_code": "", "gp_name": "", "blkname": "GARUR", "dtname": "Bageshwar", "SHAPE_Area": 3080876.8306048387 }, "geometry": { "type": "Polygon", "coordinates": [ [ [ 79.5791078, 29.867093 ], [ 79.5799129, 29.8663356 ], [ 79.5813, 29.8663892 ], [ 79.5843519, 29.8656876 ], [ 79.5858419, 29.8658113 ], [ 79.5879938, 29.8668361 ], [ 79.589066, 29.8684775 ], [ 79.5896966, 29.8684491 ], [ 79.5861842, 29.864299 ], [ 79.5833113, 29.862607 ], [ 79.5804506, 29.8573663 ], [ 79.5830043, 29.8561184 ], [ 79.5842763, 29.8569461 ], [ 79.5848129, 29.8563381 ], [ 79.5840366, 29.8548665 ], [ 79.5840395, 29.8540062 ], [ 79.584493, 29.853649 ], [ 79.5849423, 29.8545462 ], [ 79.5864235, 29.8542991 ], [ 79.5869975, 29.8548024 ], [ 79.5885598, 29.8548781 ], [ 79.5906541, 29.8557436 ], [ 79.5913951, 29.8554946 ], [ 79.5915308, 29.8517671 ], [ 79.591987, 29.8506213 ], [ 79.5961776, 29.8517071 ], [ 79.5974525, 29.8516386 ], [ 79.5994326, 29.8496721 ], [ 79.602515, 29.8501456 ], [ 79.6034619, 29.8497895 ], [ 79.6027646, 29.8492501 ], [ 79.599313, 29.8485247 ], [ 79.5994402, 29.8473422 ], [ 79.6008715, 29.8456192 ], [ 79.5994711, 29.8462153 ], [ 79.5956789, 29.8491038 ], [ 79.5911361, 29.8501516 ], [ 79.589371, 29.8500871 ], [ 79.5871911, 29.8506612 ], [ 79.5851932, 29.8516353 ], [ 79.5815737, 29.8541891 ], [ 79.5795033, 29.8562122 ], [ 79.5766921, 29.8603118 ], [ 79.5751319, 29.863945 ], [ 79.5721764, 29.8632945 ], [ 79.5684052, 29.8632904 ], [ 79.5704981, 29.8668511 ], [ 79.5700679, 29.8785802 ], [ 79.5734166, 29.8750819 ], [ 79.5773948, 29.8718248 ], [ 79.5793215, 29.8682926 ], [ 79.5791078, 29.867093 ] ] ] } },
{ "type": "Feature", "properties": { "gp_code": "259947", "gp_name": "TALLANAKURI", "blkname": "GARUR", "dtname": "Bageshwar", "SHAPE_Area": 2135541.5129014496 }, "geometry": { "type": "Polygon", "coordinates": [ [ [ 79.6002367, 29.8817041 ], [ 79.6027186, 29.8814864 ], [ 79.6052349, 29.8798339 ], [ 79.6036545, 29.8774669 ], [ 79.6023524, 29.8777285 ], [ 79.5998032, 29.8789013 ], [ 79.598761, 29.878529 ], [ 79.5988788, 29.8775801 ], [ 79.5993239, 29.8774852 ], [ 79.6011174, 29.8749227 ], [ 79.5994689, 29.8741592 ], [ 79.5989026, 29.8731334 ], [ 79.5974286, 29.8729003 ], [ 79.5928355, 29.8692065 ], [ 79.5902726, 29.8676212 ], [ 79.5896966, 29.8684491 ], [ 79.589066, 29.8684775 ], [ 79.5879938, 29.8668361 ], [ 79.5858419, 29.8658113 ], [ 79.5843519, 29.8656876 ], [ 79.5817933, 29.8662806 ], [ 79.5830575, 29.8687619 ], [ 79.5897088, 29.875114 ], [ 79.5911058, 29.8756471 ], [ 79.5934334, 29.875603 ], [ 79.5945658, 29.8764052 ], [ 79.5945759, 29.8767002 ], [ 79.5939562, 29.8769832 ], [ 79.5906469, 29.8774495 ], [ 79.5938492, 29.8798957 ], [ 79.5956064, 29.882478 ], [ 79.5959102, 29.8842474 ], [ 79.5975223, 29.8839067 ], [ 79.6002367, 29.8817041 ] ] ] } },
{ "type": "Feature", "properties": { "gp_code": "21902", "gp_name": "DUDHILA", "blkname": "GARUR", "dtname": "Bageshwar", "SHAPE_Area": 791320.22827171034 }, "geometry": { "type": "Polygon", "coordinates": [ [ [ 79.5971827, 29.8650706 ], [ 79.5969488, 29.8638678 ], [ 79.5950305, 29.8641359 ], [ 79.5918142, 29.8660264 ], [ 79.5902726, 29.8676212 ], [ 79.5928355, 29.8692065 ], [ 79.5974286, 29.8729003 ], [ 79.5989026, 29.8731334 ], [ 79.5994689, 29.8741592 ], [ 79.6011174, 29.8749227 ], [ 79.6016814, 29.8742446 ], [ 79.601344, 29.8722453 ], [ 79.5991836, 29.8691704 ], [ 79.5987007, 29.8671427 ], [ 79.5971827, 29.8650706 ] ] ] } },
{ "type": "Feature", "properties": { "gp_code": "21925", "gp_name": "KAUSANI", "blkname": "GARUR", "dtname": "Bageshwar", "SHAPE_Area": 6964221.0708834762 }, "geometry": { "type": "Polygon", "coordinates": [ [ [ 79.5896966, 29.8684491 ], [ 79.5918142, 29.8660264 ], [ 79.5935839, 29.8647718 ], [ 79.5950305, 29.8641359 ], [ 79.5969488, 29.8638678 ], [ 79.5973372, 29.8599049 ], [ 79.5978685, 29.8587071 ], [ 79.5986268, 29.8581694 ], [ 79.5997736, 29.8580523 ], [ 79.6008962, 29.8583149 ], [ 79.6018967, 29.8591018 ], [ 79.6042124, 29.8591274 ], [ 79.6062509, 29.8597719 ], [ 79.6079261, 29.8593063 ], [ 79.6085555, 29.8594196 ], [ 79.6128143, 29.8613326 ], [ 79.615289, 29.8583148 ], [ 79.6174958, 29.8564814 ], [ 79.6178643, 29.8559427 ], [ 79.6171113, 29.8547817 ], [ 79.6170909, 29.8539823 ], [ 79.6177823, 29.8528248 ], [ 79.6195975, 29.85153 ], [ 79.6208167, 29.8501739 ], [ 79.6203587, 29.8488473 ], [ 79.6199312, 29.8486547 ], [ 79.6208537, 29.8471323 ], [ 79.620936, 29.8458182 ], [ 79.6202297, 29.843809 ], [ 79.6195816, 29.844615 ], [ 79.6183758, 29.8453302 ], [ 79.6144518, 29.8428841 ], [ 79.6117281, 29.8414986 ], [ 79.6105141, 29.8411959 ], [ 79.6105131, 29.8415157 ], [ 79.6096396, 29.842253 ], [ 79.6077808, 29.8428481 ], [ 79.6062688, 29.8437629 ], [ 79.6049882, 29.8451197 ], [ 79.602533, 29.8457932 ], [ 79.6015715, 29.8453212 ], [ 79.6003077, 29.8461256 ], [ 79.5994402, 29.8473422 ], [ 79.599313, 29.8485247 ], [ 79.6027646, 29.8492501 ], [ 79.6034619, 29.8497895 ], [ 79.602515, 29.8501456 ], [ 79.5994326, 29.8496721 ], [ 79.5974525, 29.8516386 ], [ 79.5961776, 29.8517071 ], [ 79.591987, 29.8506213 ], [ 79.5915308, 29.8517671 ], [ 79.5913951, 29.8554946 ], [ 79.5906541, 29.8557436 ], [ 79.5885598, 29.8548781 ], [ 79.5869975, 29.8548024 ], [ 79.5864235, 29.8542991 ], [ 79.5849423, 29.8545462 ], [ 79.584493, 29.853649 ], [ 79.5840395, 29.8540062 ], [ 79.5840366, 29.8548665 ], [ 79.5848129, 29.8563381 ], [ 79.5842763, 29.8569461 ], [ 79.5830043, 29.8561184 ], [ 79.5804506, 29.8573663 ], [ 79.5833113, 29.862607 ], [ 79.5861842, 29.864299 ], [ 79.5896966, 29.8684491 ] ] ] } },
{ "type": "Feature", "properties": { "gp_code": "21797", "gp_name": "KARASMAFI", "blkname": "BAGESHWAR", "dtname": "Bageshwar", "SHAPE_Area": 875273.84024556866 }, "geometry": { "type": "Polygon", "coordinates": [ [ [ 79.7068253, 29.7714246 ], [ 79.7088187, 29.7714082 ], [ 79.709164, 29.7711303 ], [ 79.7102392, 29.7714008 ], [ 79.7128648, 29.7704261 ], [ 79.7159329, 29.771311 ], [ 79.7170898, 29.771333 ], [ 79.7181105, 29.770845 ], [ 79.7163783, 29.7677148 ], [ 79.7158077, 29.7659738 ], [ 79.7150869, 29.7655928 ], [ 79.7144672, 29.7660914 ], [ 79.7131251, 29.7663644 ], [ 79.7119554, 29.7674062 ], [ 79.7106839, 29.7674039 ], [ 79.7090444, 29.7680006 ], [ 79.7071437, 29.7676174 ], [ 79.706924, 29.7684565 ], [ 79.7017715, 29.7674677 ], [ 79.7007282, 29.7678155 ], [ 79.7007379, 29.7685351 ], [ 79.7027619, 29.770028 ], [ 79.7024721, 29.7714766 ], [ 79.7031235, 29.7721075 ], [ 79.7049106, 29.7721107 ], [ 79.7068253, 29.7714246 ] ] ] } },
{ "type": "Feature", "properties": { "gp_code": "243093", "gp_name": "CHAUHNA", "blkname": "BAGESHWAR", "dtname": "Bageshwar", "SHAPE_Area": 2081238.3498137491 }, "geometry": { "type": "Polygon", "coordinates": [ [ [ 79.7147194, 29.8191512 ], [ 79.7175426, 29.8180345 ], [ 79.7176236, 29.8163141 ], [ 79.7184036, 29.8150296 ], [ 79.7187707, 29.8103067 ], [ 79.7191618, 29.8096778 ], [ 79.7206511, 29.8098503 ], [ 79.7180225, 29.8067528 ], [ 79.7173374, 29.8057172 ], [ 79.7172711, 29.8046578 ], [ 79.7158318, 29.8026965 ], [ 79.7089342, 29.7976475 ], [ 79.7089275, 29.8004532 ], [ 79.7095165, 29.8021532 ], [ 79.7111632, 29.8035952 ], [ 79.7133605, 29.8047683 ], [ 79.7141534, 29.8062588 ], [ 79.7148917, 29.8066298 ], [ 79.7132835, 29.8070592 ], [ 79.710618, 29.8064024 ], [ 79.7107983, 29.8088936 ], [ 79.7114178, 29.8108449 ], [ 79.7113866, 29.8121425 ], [ 79.710811, 29.8132807 ], [ 79.7095245, 29.8145576 ], [ 79.707068, 29.816292 ], [ 79.7071322, 29.8181808 ], [ 79.7078631, 29.8192414 ], [ 79.7099664, 29.8191153 ], [ 79.7102866, 29.8194107 ], [ 79.7101137, 29.8198251 ], [ 79.7112384, 29.8202098 ], [ 79.7137951, 29.8199191 ], [ 79.7147194, 29.8191512 ] ] ] } },
{ "type": "Feature", "properties": { "gp_code": "21768", "gp_name": "DOBA", "blkname": "BAGESHWAR", "dtname": "Bageshwar", "SHAPE_Area": 4306537.9317198358 }, "geometry": { "type": "Polygon", "coordinates": [ [ [ 79.7101137, 29.8198251 ], [ 79.7102866, 29.8194107 ], [ 79.7099664, 29.8191153 ], [ 79.7078631, 29.8192414 ], [ 79.7071322, 29.8181808 ], [ 79.7069401, 29.8170612 ], [ 79.707068, 29.816292 ], [ 79.7095245, 29.8145576 ], [ 79.710811, 29.8132807 ], [ 79.7113866, 29.8121425 ], [ 79.7114178, 29.8108449 ], [ 79.7107983, 29.8088936 ], [ 79.7105633, 29.8065022 ], [ 79.7132835, 29.8070592 ], [ 79.7148917, 29.8066298 ], [ 79.7141534, 29.8062588 ], [ 79.7133605, 29.8047683 ], [ 79.7111632, 29.8035952 ], [ 79.7095165, 29.8021532 ], [ 79.7089275, 29.8004532 ], [ 79.7089342, 29.7976475 ], [ 79.7083445, 29.7950531 ], [ 79.7073673, 29.7952482 ], [ 79.7050692, 29.796766 ], [ 79.7037624, 29.7971796 ], [ 79.7013024, 29.8002969 ], [ 79.6972295, 29.807025 ], [ 79.6967246, 29.8073438 ], [ 79.6929344, 29.8076798 ], [ 79.689032, 29.809661 ], [ 79.6889932, 29.8105071 ], [ 79.6896945, 29.8124437 ], [ 79.6918478, 29.8145698 ], [ 79.6956753, 29.8145971 ], [ 79.6973018, 29.8149199 ], [ 79.7018088, 29.8189039 ], [ 79.7026655, 29.8182501 ], [ 79.7032383, 29.8183511 ], [ 79.7058796, 29.8202836 ], [ 79.707096, 29.8201569 ], [ 79.7081373, 29.8208433 ], [ 79.7101137, 29.8198251 ] ] ] } },
{ "type": "Feature", "properties": { "gp_code": "21858", "gp_name": "SAT", "blkname": "BAGESHWAR", "dtname": "Bageshwar", "SHAPE_Area": 768583.01286322856 }, "geometry": { "type": "Polygon", "coordinates": [ [ [ 79.7106935, 29.8327897 ], [ 79.7089808, 29.8300385 ], [ 79.7106112, 29.830153 ], [ 79.7112123, 29.8290282 ], [ 79.7108598, 29.8278434 ], [ 79.7102255, 29.8270778 ], [ 79.7092594, 29.8261018 ], [ 79.7085319, 29.8260005 ], [ 79.7077287, 29.8263988 ], [ 79.7017781, 29.8330051 ], [ 79.702707, 29.833521 ], [ 79.7039996, 29.8336816 ], [ 79.7056299, 29.8349306 ], [ 79.7084046, 29.8361907 ], [ 79.7091062, 29.8351577 ], [ 79.711239, 29.8347418 ], [ 79.7116498, 29.8343028 ], [ 79.7114599, 29.8333981 ], [ 79.7106935, 29.8327897 ] ] ] } },
{ "type": "Feature", "properties": { "gp_code": "259984", "gp_name": "BHAAYERI", "blkname": "BAGESHWAR", "dtname": "Bageshwar", "SHAPE_Area": 575222.00590308849 }, "geometry": { "type": "Polygon", "coordinates": [ [ [ 79.7132279, 29.8321546 ], [ 79.7164331, 29.8313858 ], [ 79.7180228, 29.829802 ], [ 79.7169006, 29.8266933 ], [ 79.7149498, 29.8266701 ], [ 79.7117304, 29.825992 ], [ 79.7089903, 29.8260063 ], [ 79.7108598, 29.8278434 ], [ 79.7112123, 29.8290282 ], [ 79.7106112, 29.830153 ], [ 79.7089808, 29.8300385 ], [ 79.7097783, 29.8313484 ], [ 79.7105453, 29.8324197 ], [ 79.7132279, 29.8321546 ] ] ] } },
{ "type": "Feature", "properties": { "gp_code": "21779", "gp_name": "GUNAKOTE", "blkname": "BAGESHWAR", "dtname": "Bageshwar", "SHAPE_Area": 1521241.2839209016 }, "geometry": { "type": "Polygon", "coordinates": [ [ [ 79.7224059, 29.8383812 ], [ 79.7210695, 29.8363204 ], [ 79.7216582, 29.8344727 ], [ 79.7247743, 29.8334433 ], [ 79.725703, 29.8324161 ], [ 79.7246744, 29.8289989 ], [ 79.7227232, 29.8272696 ], [ 79.7180228, 29.829802 ], [ 79.7164331, 29.8313858 ], [ 79.7116684, 29.8324916 ], [ 79.7105453, 29.8324197 ], [ 79.7114599, 29.8333981 ], [ 79.7116498, 29.8343028 ], [ 79.711239, 29.8347418 ], [ 79.7091062, 29.8351577 ], [ 79.7084046, 29.8361907 ], [ 79.7085519, 29.8369004 ], [ 79.7091813, 29.8373013 ], [ 79.7132152, 29.8376083 ], [ 79.7146231, 29.8384402 ], [ 79.7183485, 29.8383043 ], [ 79.7200786, 29.8385971 ], [ 79.7216012, 29.8393891 ], [ 79.7223015, 29.8389107 ], [ 79.7224059, 29.8383812 ] ] ] } },
{ "type": "Feature", "properties": { "gp_code": "", "gp_name": "", "blkname": "BAGESHWAR", "dtname": "Bageshwar", "SHAPE_Area": 132385.07862412528 }, "geometry": { "type": "Polygon", "coordinates": [ [ [ 79.7105192, 29.8394587 ], [ 79.7103615, 29.838964 ], [ 79.7121316, 29.8387298 ], [ 79.7132152, 29.8376083 ], [ 79.710006, 29.8375526 ], [ 79.7085519, 29.8369004 ], [ 79.7084046, 29.8361907 ], [ 79.7074405, 29.8366843 ], [ 79.7070537, 29.8371978 ], [ 79.7071201, 29.8378902 ], [ 79.7079575, 29.8387026 ], [ 79.7086819, 29.8393368 ], [ 79.7105192, 29.8394587 ] ] ] } },
{ "type": "Feature", "properties": { "gp_code": "21872", "gp_name": "THAKLAD", "blkname": "BAGESHWAR", "dtname": "Bageshwar", "SHAPE_Area": 743035.05118282372 }, "geometry": { "type": "Polygon", "coordinates": [ [ [ 79.6989697, 29.8521943 ], [ 79.6989993, 29.8494563 ], [ 79.697949, 29.8476957 ], [ 79.695202, 29.8460517 ], [ 79.6946095, 29.8446216 ], [ 79.6938528, 29.8447102 ], [ 79.6929784, 29.8460076 ], [ 79.6927429, 29.8484953 ], [ 79.6931414, 29.8495653 ], [ 79.6923954, 29.8499336 ], [ 79.6901281, 29.8490099 ], [ 79.6899785, 29.8492295 ], [ 79.6912181, 29.8531789 ], [ 79.692019, 29.85376 ], [ 79.697293, 29.8534102 ], [ 79.6982797, 29.8530723 ], [ 79.6989697, 29.8521943 ] ] ] } },
{ "type": "Feature", "properties": { "gp_code": "", "gp_name": "", "blkname": "BAGESHWAR", "dtname": "Bageshwar", "SHAPE_Area": 35280733.205615744 }, "geometry": { "type": "Polygon", "coordinates": [ [ [ 79.6722906, 29.8827027 ], [ 79.6756468, 29.8829654 ], [ 79.6789587, 29.8836815 ], [ 79.6799682, 29.8834637 ], [ 79.6803848, 29.8820056 ], [ 79.6795753, 29.8802554 ], [ 79.6793942, 29.8780531 ], [ 79.6779752, 29.8739273 ], [ 79.6781091, 29.8733684 ], [ 79.6800566, 29.8715333 ], [ 79.6813749, 29.8716158 ], [ 79.6830121, 29.8725083 ], [ 79.6836426, 29.8725495 ], [ 79.6846029, 29.8719055 ], [ 79.6881791, 29.8739772 ], [ 79.6892633, 29.8737045 ], [ 79.6894744, 29.8718264 ], [ 79.69002, 29.8714277 ], [ 79.6918358, 29.8719858 ], [ 79.6930281, 29.872008 ], [ 79.695186, 29.8733261 ], [ 79.698, 29.871273 ], [ 79.7002216, 29.8676399 ], [ 79.7013453, 29.867602 ], [ 79.701988, 29.8672835 ], [ 79.7025174, 29.866485 ], [ 79.7035044, 29.8660472 ], [ 79.7054085, 29.865631 ], [ 79.710588, 29.8662854 ], [ 79.7115159, 29.8674645 ], [ 79.7136073, 29.8624332 ], [ 79.7142725, 29.8623244 ], [ 79.7149021, 29.8626952 ], [ 79.71553, 29.8638455 ], [ 79.716871, 29.8648446 ], [ 79.7192446, 29.8647538 ], [ 79.7218832, 29.8629872 ], [ 79.7226076, 29.8619992 ], [ 79.7228553, 29.8589419 ], [ 79.7243727, 29.8570859 ], [ 79.7253697, 29.8571975 ], [ 79.7259974, 29.8584776 ], [ 79.7254286, 29.8616243 ], [ 79.7247057, 29.8634652 ], [ 79.7248116, 29.86584 ], [ 79.7251317, 29.8662702 ], [ 79.7267018, 29.8665127 ], [ 79.7287894, 29.8659966 ], [ 79.7303256, 29.8660591 ], [ 79.7334966, 29.8655398 ], [ 79.7345168, 29.8656114 ], [ 79.7360629, 29.8663683 ], [ 79.7375425, 29.866041 ], [ 79.7403677, 29.8637273 ], [ 79.7414896, 29.8617307 ], [ 79.7414964, 29.861236 ], [ 79.740946, 29.8613101 ], [ 79.7402475, 29.8609193 ], [ 79.7371263, 29.8569372 ], [ 79.7374895, 29.8532806 ], [ 79.7381454, 29.8520925 ], [ 79.7397308, 29.8504463 ], [ 79.7391517, 29.8478373 ], [ 79.7385964, 29.8472906 ], [ 79.7382008, 29.8475959 ], [ 79.7378343, 29.8489379 ], [ 79.7365579, 29.8484758 ], [ 79.7335163, 29.8485326 ], [ 79.7320271, 29.8480705 ], [ 79.7290672, 29.8492247 ], [ 79.7233148, 29.8483356 ], [ 79.7206176, 29.8485808 ], [ 79.7215666, 29.8496316 ], [ 79.7213325, 29.8517896 ], [ 79.7217072, 29.8520901 ], [ 79.7231398, 29.8522224 ], [ 79.7261472, 29.8504089 ], [ 79.7289776, 29.8508433 ], [ 79.7315847, 29.8538255 ], [ 79.7314216, 29.8550343 ], [ 79.7308989, 29.8555331 ], [ 79.7276668, 29.8552579 ], [ 79.7252471, 29.8556335 ], [ 79.7210201, 29.8543172 ], [ 79.7193407, 29.8543243 ], [ 79.7179811, 29.8535975 ], [ 79.7147133, 29.8539065 ], [ 79.7130236, 29.8534089 ], [ 79.7111427, 29.8513421 ], [ 79.7113412, 29.8498236 ], [ 79.7126824, 29.849786 ], [ 79.7149881, 29.8491006 ], [ 79.7206176, 29.8485808 ], [ 79.7199322, 29.8475004 ], [ 79.7168893, 29.844837 ], [ 79.7155971, 29.8422566 ], [ 79.7105192, 29.8394587 ], [ 79.7086819, 29.8393368 ], [ 79.7071201, 29.8378902 ], [ 79.7070537, 29.8371978 ], [ 79.7074405, 29.8366843 ], [ 79.7084046, 29.8361907 ], [ 79.7056299, 29.8349306 ], [ 79.7039996, 29.8336816 ], [ 79.702707, 29.833521 ], [ 79.7017781, 29.8330051 ], [ 79.7077287, 29.8263988 ], [ 79.7089903, 29.8260063 ], [ 79.7085307, 29.8253035 ], [ 79.7056834, 29.8273869 ], [ 79.704502, 29.8277845 ], [ 79.7030694, 29.8277719 ], [ 79.7013337, 29.8271804 ], [ 79.6966418, 29.8269505 ], [ 79.6949384, 29.8272864 ], [ 79.6843311, 29.8320933 ], [ 79.6797272, 29.8330824 ], [ 79.6762561, 29.8344757 ], [ 79.6747565, 29.8363943 ], [ 79.6738579, 29.8398271 ], [ 79.6731667, 29.8411447 ], [ 79.6720633, 29.8422817 ], [ 79.6701578, 29.8432771 ], [ 79.6686875, 29.843336 ], [ 79.6637008, 29.8404724 ], [ 79.6596478, 29.8389465 ], [ 79.6578784, 29.8403137 ], [ 79.6561572, 29.8409696 ], [ 79.6573527, 29.8417875 ], [ 79.6574731, 29.8426804 ], [ 79.6568962, 29.8439111 ], [ 79.6547998, 29.8466025 ], [ 79.6540184, 29.8531674 ], [ 79.6526574, 29.8545982 ], [ 79.6525942, 29.8551447 ], [ 79.6551248, 29.8565959 ], [ 79.6558188, 29.858476 ], [ 79.6565741, 29.8589672 ], [ 79.6589919, 29.8593321 ], [ 79.65993, 29.8600335 ], [ 79.660657, 29.8651509 ], [ 79.6600198, 29.867823 ], [ 79.6584369, 29.8698549 ], [ 79.6582385, 29.8712381 ], [ 79.6593735, 29.8755875 ], [ 79.6603823, 29.8774642 ], [ 79.6617942, 29.8780518 ], [ 79.6629983, 29.8815678 ], [ 79.6643817, 29.8831997 ], [ 79.6662491, 29.8839311 ], [ 79.6679079, 29.8841442 ], [ 79.6703008, 29.8837117 ], [ 79.6722906, 29.8827027 ] ], [ [ 79.6634249, 29.8664819 ], [ 79.6632276, 29.8658003 ], [ 79.6642105, 29.8650276 ], [ 79.6648272, 29.8636798 ], [ 79.665333, 29.8636141 ], [ 79.6667408, 29.8643917 ], [ 79.6685643, 29.8644355 ], [ 79.6691766, 29.8646906 ], [ 79.6709492, 29.8666176 ], [ 79.6724677, 29.8689849 ], [ 79.6700452, 29.8694007 ], [ 79.6689624, 29.87028 ], [ 79.6680776, 29.8701881 ], [ 79.6671731, 29.8688672 ], [ 79.6634249, 29.8664819 ] ], [ [ 79.6948153, 29.8448519 ], [ 79.695202, 29.8460517 ], [ 79.697949, 29.8476957 ], [ 79.6989993, 29.8494563 ], [ 79.6989697, 29.8521943 ], [ 79.6982797, 29.8530723 ], [ 79.697293, 29.8534102 ], [ 79.692019, 29.85376 ], [ 79.6912181, 29.8531789 ], [ 79.6899785, 29.8492295 ], [ 79.6901281, 29.8490099 ], [ 79.6923954, 29.8499336 ], [ 79.6931414, 29.8495653 ], [ 79.6927429, 29.8484953 ], [ 79.6929784, 29.8460076 ], [ 79.6938528, 29.8447102 ], [ 79.6942887, 29.8445711 ], [ 79.6948153, 29.8448519 ] ], [ [ 79.7021038, 29.8502815 ], [ 79.701626, 29.8487617 ], [ 79.7017683, 29.8467834 ], [ 79.7022867, 29.8457252 ], [ 79.7034446, 29.8456673 ], [ 79.7041084, 29.8460782 ], [ 79.7078315, 29.8469836 ], [ 79.7086434, 29.8478752 ], [ 79.7082294, 29.848414 ], [ 79.7054667, 29.848499 ], [ 79.7035477, 29.850454 ], [ 79.7021038, 29.8502815 ] ] ] } },
{ "type": "Feature", "properties": { "gp_code": "21858", "gp_name": "SAT", "blkname": "BAGESHWAR", "dtname": "Bageshwar", "SHAPE_Area": 277879.69026078575 }, "geometry": { "type": "Polygon", "coordinates": [ [ [ 79.7054667, 29.848499 ], [ 79.7082294, 29.848414 ], [ 79.7086434, 29.8478752 ], [ 79.7078315, 29.8469836 ], [ 79.7041084, 29.8460782 ], [ 79.7034446, 29.8456673 ], [ 79.7019768, 29.8459244 ], [ 79.701626, 29.8487617 ], [ 79.7023554, 29.8504918 ], [ 79.7035477, 29.850454 ], [ 79.7054667, 29.848499 ] ] ] } },
{ "type": "Feature", "properties": { "gp_code": "21829", "gp_name": "NAIL", "blkname": "BAGESHWAR", "dtname": "Bageshwar", "SHAPE_Area": 665310.53580758872 }, "geometry": { "type": "Polygon", "coordinates": [ [ [ 79.7214452, 29.8538783 ], [ 79.7215666, 29.8496316 ], [ 79.7206176, 29.8485808 ], [ 79.7149881, 29.8491006 ], [ 79.7126824, 29.849786 ], [ 79.7116435, 29.8497077 ], [ 79.7111571, 29.850118 ], [ 79.7111427, 29.8513421 ], [ 79.7130236, 29.8534089 ], [ 79.7147133, 29.8539065 ], [ 79.7179811, 29.8535975 ], [ 79.7200511, 29.8544754 ], [ 79.7210201, 29.8543172 ], [ 79.7214452, 29.8538783 ] ] ] } },
{ "type": "Feature", "properties": { "gp_code": "21859", "gp_name": "SELTA", "blkname": "BAGESHWAR", "dtname": "Bageshwar", "SHAPE_Area": 2539804.0365775754 }, "geometry": { "type": "Polygon", "coordinates": [ [ [ 79.7142985, 29.8708679 ], [ 79.7148846, 29.8705039 ], [ 79.71538, 29.8692111 ], [ 79.7174451, 29.8685952 ], [ 79.7187972, 29.8689173 ], [ 79.7201234, 29.8705583 ], [ 79.7222772, 29.8712615 ], [ 79.724078, 29.8708948 ], [ 79.7254217, 29.8698579 ], [ 79.7260978, 29.8700389 ], [ 79.7280252, 29.8694227 ], [ 79.7300261, 29.869819 ], [ 79.7327483, 29.8696404 ], [ 79.7331736, 29.8691015 ], [ 79.7332889, 29.8661689 ], [ 79.7329229, 29.8657836 ], [ 79.7319541, 29.865782 ], [ 79.7287894, 29.8659966 ], [ 79.7267018, 29.8665127 ], [ 79.7251317, 29.8662702 ], [ 79.7248116, 29.86584 ], [ 79.7247057, 29.8634652 ], [ 79.7254286, 29.8616243 ], [ 79.7259974, 29.8584776 ], [ 79.7257812, 29.8577678 ], [ 79.7249346, 29.8569969 ], [ 79.7243727, 29.8570859 ], [ 79.7228553, 29.8589419 ], [ 79.7226076, 29.8619992 ], [ 79.7218832, 29.8629872 ], [ 79.7192446, 29.8647538 ], [ 79.716871, 29.8648446 ], [ 79.7159989, 29.8643259 ], [ 79.7149021, 29.8626952 ], [ 79.7142725, 29.8623244 ], [ 79.7136073, 29.8624332 ], [ 79.7115159, 29.8674645 ], [ 79.710588, 29.8662854 ], [ 79.7054085, 29.865631 ], [ 79.7025174, 29.866485 ], [ 79.701988, 29.8672835 ], [ 79.7013453, 29.867602 ], [ 79.7028331, 29.868644 ], [ 79.7033579, 29.8697441 ], [ 79.7033552, 29.8708432 ], [ 79.7037439, 29.8713036 ], [ 79.7052341, 29.8714262 ], [ 79.7061443, 29.8719474 ], [ 79.708481, 29.8707702 ], [ 79.7099364, 29.8707252 ], [ 79.7135781, 29.8724804 ], [ 79.7142985, 29.8708679 ] ] ] } },
{ "type": "Feature", "properties": { "gp_code": "21872", "gp_name": "THAKLAD", "blkname": "BAGESHWAR", "dtname": "Bageshwar", "SHAPE_Area": 786630.66736212396 }, "geometry": { "type": "Polygon", "coordinates": [ [ [ 79.7013453, 29.867602 ], [ 79.7002216, 29.8676399 ], [ 79.698, 29.871273 ], [ 79.695186, 29.8733261 ], [ 79.694878, 29.8747335 ], [ 79.6974582, 29.8771274 ], [ 79.6978959, 29.8763088 ], [ 79.6995948, 29.8755126 ], [ 79.7043778, 29.8746921 ], [ 79.7053656, 29.8739644 ], [ 79.7058031, 29.8732058 ], [ 79.7061443, 29.8719474 ], [ 79.7052341, 29.8714262 ], [ 79.7037439, 29.8713036 ], [ 79.7033552, 29.8708432 ], [ 79.7033579, 29.8697441 ], [ 79.7028331, 29.868644 ], [ 79.7013453, 29.867602 ] ] ] } },
{ "type": "Feature", "properties": { "gp_code": "21722", "gp_name": "AIRARI", "blkname": "BAGESHWAR", "dtname": "Bageshwar", "SHAPE_Area": 467209.42503801745 }, "geometry": { "type": "Polygon", "coordinates": [ [ [ 79.6634249, 29.8664819 ], [ 79.6671731, 29.8688672 ], [ 79.6680776, 29.8701881 ], [ 79.6689624, 29.87028 ], [ 79.6700452, 29.8694007 ], [ 79.6724677, 29.8689849 ], [ 79.6709492, 29.8666176 ], [ 79.6691766, 29.8646906 ], [ 79.6685643, 29.8644355 ], [ 79.6667408, 29.8643917 ], [ 79.665333, 29.8636141 ], [ 79.6648272, 29.8636798 ], [ 79.6642105, 29.8650276 ], [ 79.6632276, 29.8658003 ], [ 79.6634249, 29.8664819 ] ] ] } },
{ "type": "Feature", "properties": { "gp_code": "21931", "gp_name": "LAKHANI", "blkname": "GARUR", "dtname": "Bageshwar", "SHAPE_Area": 6326275.7453281414 }, "geometry": { "type": "Polygon", "coordinates": [ [ [ 79.6603823, 29.8774642 ], [ 79.6593735, 29.8755875 ], [ 79.6582385, 29.8712381 ], [ 79.6584369, 29.8698549 ], [ 79.6600198, 29.867823 ], [ 79.660657, 29.8651509 ], [ 79.65993, 29.8600335 ], [ 79.6589919, 29.8593321 ], [ 79.6565741, 29.8589672 ], [ 79.6558188, 29.858476 ], [ 79.6551248, 29.8565959 ], [ 79.6526751, 29.8553416 ], [ 79.6525333, 29.8548758 ], [ 79.6540184, 29.8531674 ], [ 79.6547998, 29.8466025 ], [ 79.6568962, 29.8439111 ], [ 79.6574731, 29.8426804 ], [ 79.6573527, 29.8417875 ], [ 79.6561572, 29.8409696 ], [ 79.6544963, 29.8405763 ], [ 79.650024, 29.8413262 ], [ 79.6438825, 29.8405533 ], [ 79.6392501, 29.8411226 ], [ 79.6391076, 29.8428011 ], [ 79.6398784, 29.8455337 ], [ 79.639481, 29.8483879 ], [ 79.6446402, 29.8510274 ], [ 79.6464178, 29.852725 ], [ 79.6494971, 29.8542606 ], [ 79.6507537, 29.8558121 ], [ 79.6504405, 29.8570905 ], [ 79.6495201, 29.8582476 ], [ 79.6492024, 29.8611248 ], [ 79.6495869, 29.8635308 ], [ 79.6491513, 29.8669902 ], [ 79.649344, 29.86773 ], [ 79.6481182, 29.8714445 ], [ 79.6456242, 29.8735923 ], [ 79.6455613, 29.8754658 ], [ 79.6446787, 29.8763662 ], [ 79.6460895, 29.8771856 ], [ 79.6462651, 29.8764856 ], [ 79.6485413, 29.8778504 ], [ 79.6502237, 29.8776878 ], [ 79.6504946, 29.8783842 ], [ 79.6498476, 29.8801064 ], [ 79.6508806, 29.880279 ], [ 79.6519939, 29.8813601 ], [ 79.6536498, 29.8821246 ], [ 79.6559156, 29.8812585 ], [ 79.6578343, 29.8798637 ], [ 79.6597206, 29.8777094 ], [ 79.6603823, 29.8774642 ] ] ] } },
{ "type": "Feature", "properties": { "gp_code": "21924", "gp_name": "KATARMAL", "blkname": "GARUR", "dtname": "Bageshwar", "SHAPE_Area": 1699803.7914273026 }, "geometry": { "type": "Polygon", "coordinates": [ [ [ 79.6390621, 29.8749018 ], [ 79.6397868, 29.8741041 ], [ 79.6398112, 29.8735746 ], [ 79.6387102, 29.8713474 ], [ 79.6388576, 29.8698751 ], [ 79.6382771, 29.8689447 ], [ 79.6382845, 29.8664067 ], [ 79.6341579, 29.8661976 ], [ 79.6312825, 29.8654816 ], [ 79.6298082, 29.865843 ], [ 79.6275615, 29.8656061 ], [ 79.626235, 29.8651324 ], [ 79.6251214, 29.8670113 ], [ 79.6250719, 29.8682102 ], [ 79.6255501, 29.8692905 ], [ 79.62557, 29.8702898 ], [ 79.6272142, 29.8725118 ], [ 79.6276182, 29.8738709 ], [ 79.6267936, 29.876603 ], [ 79.6295903, 29.8753801 ], [ 79.6390621, 29.8749018 ] ] ] } },
{ "type": "Feature", "properties": { "gp_code": "21899", "gp_name": "DHIANA", "blkname": "GARUR", "dtname": "Bageshwar", "SHAPE_Area": 3013189.9650309351 }, "geometry": { "type": "Polygon", "coordinates": [ [ [ 79.6446787, 29.8763662 ], [ 79.6455613, 29.8754658 ], [ 79.6456242, 29.8735923 ], [ 79.6481182, 29.8714445 ], [ 79.649344, 29.86773 ], [ 79.6491513, 29.8669902 ], [ 79.6495869, 29.8635308 ], [ 79.6492024, 29.8611248 ], [ 79.6495201, 29.8582476 ], [ 79.6507749, 29.8564017 ], [ 79.6507537, 29.8558121 ], [ 79.6494971, 29.8542606 ], [ 79.6482701, 29.8538429 ], [ 79.6451428, 29.851648 ], [ 79.6440376, 29.8532844 ], [ 79.6427964, 29.8543808 ], [ 79.6411288, 29.8581993 ], [ 79.6407799, 29.8598184 ], [ 79.6397138, 29.8606613 ], [ 79.6389701, 29.8617612 ], [ 79.6382845, 29.8664067 ], [ 79.6382771, 29.8689447 ], [ 79.6388576, 29.8698751 ], [ 79.6387102, 29.8713474 ], [ 79.6398112, 29.8735746 ], [ 79.6397868, 29.8741041 ], [ 79.6390621, 29.8749018 ], [ 79.6394386, 29.8755522 ], [ 79.6413003, 29.8779844 ], [ 79.6446787, 29.8763662 ] ] ] } },
{ "type": "Feature", "properties": { "gp_code": "21947", "gp_name": "NAUGHARESTATE", "blkname": "GARUR", "dtname": "Bageshwar", "SHAPE_Area": 3023275.0260555134 }, "geometry": { "type": "Polygon", "coordinates": [ [ [ 79.6382845, 29.8664067 ], [ 79.6389701, 29.8617612 ], [ 79.6397138, 29.8606613 ], [ 79.6407799, 29.8598184 ], [ 79.6411288, 29.8581993 ], [ 79.6427964, 29.8543808 ], [ 79.6440376, 29.8532844 ], [ 79.6451428, 29.851648 ], [ 79.6433357, 29.8502251 ], [ 79.639481, 29.8483879 ], [ 79.6379094, 29.8487841 ], [ 79.6365546, 29.8495105 ], [ 79.6360389, 29.8504487 ], [ 79.6347295, 29.8513051 ], [ 79.6316012, 29.8523598 ], [ 79.627727, 29.8546067 ], [ 79.626235, 29.8651324 ], [ 79.6275615, 29.8656061 ], [ 79.6298082, 29.865843 ], [ 79.6312825, 29.8654816 ], [ 79.6341579, 29.8661976 ], [ 79.6382845, 29.8664067 ] ] ] } },
{ "type": "Feature", "properties": { "gp_code": "243103", "gp_name": "MALLDOBA", "blkname": "GARUR", "dtname": "Bageshwar", "SHAPE_Area": 1910841.8066836563 }, "geometry": { "type": "Polygon", "coordinates": [ [ [ 79.6178643, 29.8559427 ], [ 79.6219812, 29.8554427 ], [ 79.6246169, 29.8557586 ], [ 79.627727, 29.8546067 ], [ 79.6316012, 29.8523598 ], [ 79.6347295, 29.8513051 ], [ 79.6360389, 29.8504487 ], [ 79.6365546, 29.8495105 ], [ 79.6353164, 29.8495877 ], [ 79.6314247, 29.846534 ], [ 79.6277827, 29.8466327 ], [ 79.6258597, 29.8457089 ], [ 79.6244213, 29.843787 ], [ 79.6228195, 29.8428239 ], [ 79.6217421, 29.8428214 ], [ 79.6206402, 29.8432985 ], [ 79.6202297, 29.843809 ], [ 79.620936, 29.8458182 ], [ 79.6208537, 29.8471323 ], [ 79.6199312, 29.8486547 ], [ 79.6203587, 29.8488473 ], [ 79.6208167, 29.8501739 ], [ 79.6195975, 29.85153 ], [ 79.6177823, 29.8528248 ], [ 79.6170909, 29.8539823 ], [ 79.6171113, 29.8547817 ], [ 79.6178643, 29.8559427 ] ] ] } },
{ "type": "Feature", "properties": { "gp_code": "", "gp_name": "", "blkname": "GARUR", "dtname": "Bageshwar", "SHAPE_Area": 359370.35634313599 }, "geometry": { "type": "Polygon", "coordinates": [ [ [ 79.6202804, 29.8621642 ], [ 79.61888, 29.8611012 ], [ 79.6170242, 29.8606571 ], [ 79.6145934, 29.8608112 ], [ 79.6128143, 29.8613326 ], [ 79.6127038, 29.8638044 ], [ 79.6133907, 29.8641059 ], [ 79.6134098, 29.865345 ], [ 79.6141181, 29.8661261 ], [ 79.6202804, 29.8621642 ] ] ] } },
{ "type": "Feature", "properties": { "gp_code": "", "gp_name": "", "blkname": "GARUR", "dtname": "Bageshwar", "SHAPE_Area": 1362995.7368451857 }, "geometry": { "type": "Polygon", "coordinates": [ [ [ 79.626235, 29.8651324 ], [ 79.627727, 29.8546067 ], [ 79.6246169, 29.8557586 ], [ 79.6219812, 29.8554427 ], [ 79.6178643, 29.8559427 ], [ 79.615289, 29.8583148 ], [ 79.6128143, 29.8613326 ], [ 79.6145934, 29.8608112 ], [ 79.6170242, 29.8606571 ], [ 79.61888, 29.8611012 ], [ 79.6209392, 29.862505 ], [ 79.6219215, 29.8636864 ], [ 79.6233293, 29.8683724 ], [ 79.62557, 29.8702898 ], [ 79.6255501, 29.8692905 ], [ 79.6250719, 29.8682102 ], [ 79.6251214, 29.8670113 ], [ 79.626235, 29.8651324 ] ] ] } },
{ "type": "Feature", "properties": { "gp_code": "21919", "gp_name": "JINKHOLA", "blkname": "GARUR", "dtname": "Bageshwar", "SHAPE_Area": 418402.42669230269 }, "geometry": { "type": "Polygon", "coordinates": [ [ [ 79.6269971, 29.8760286 ], [ 79.6238913, 29.8718646 ], [ 79.619547, 29.8678526 ], [ 79.6189345, 29.8694 ], [ 79.6177469, 29.8697169 ], [ 79.6167406, 29.8704542 ], [ 79.6185678, 29.8713814 ], [ 79.6222375, 29.8749923 ], [ 79.6235102, 29.8757479 ], [ 79.6256913, 29.875287 ], [ 79.6269971, 29.8760286 ] ] ] } },
{ "type": "Feature", "properties": { "gp_code": "", "gp_name": "", "blkname": "GARUR", "dtname": "Bageshwar", "SHAPE_Area": 690377.52507034398 }, "geometry": { "type": "Polygon", "coordinates": [ [ [ 79.62557, 29.8702898 ], [ 79.6233293, 29.8683724 ], [ 79.6219215, 29.8636864 ], [ 79.6202804, 29.8621642 ], [ 79.6141181, 29.8661261 ], [ 79.6150557, 29.8669277 ], [ 79.6167994, 29.8665921 ], [ 79.619547, 29.8678526 ], [ 79.6238913, 29.8718646 ], [ 79.6269971, 29.8760286 ], [ 79.6276182, 29.8738709 ], [ 79.6272142, 29.8725118 ], [ 79.62557, 29.8702898 ] ] ] } },
{ "type": "Feature", "properties": { "gp_code": "21933", "gp_name": "LOBANJ", "blkname": "GARUR", "dtname": "Bageshwar", "SHAPE_Area": 297429.30358658911 }, "geometry": { "type": "Polygon", "coordinates": [ [ [ 79.6145086, 29.8750351 ], [ 79.6143507, 29.8742103 ], [ 79.6148941, 29.8727678 ], [ 79.6120746, 29.8724813 ], [ 79.6113423, 29.8719999 ], [ 79.6102466, 29.8704334 ], [ 79.6097775, 29.8719461 ], [ 79.6082771, 29.8714579 ], [ 79.6082762, 29.8717527 ], [ 79.6073686, 29.87233 ], [ 79.6072103, 29.8737667 ], [ 79.6075862, 29.8742191 ], [ 79.6092696, 29.8748427 ], [ 79.6114012, 29.8751475 ], [ 79.6145086, 29.8750351 ] ] ] } },
{ "type": "Feature", "properties": { "gp_code": "", "gp_name": "", "blkname": "GARUR", "dtname": "Bageshwar", "SHAPE_Area": 429905.64444242587 }, "geometry": { "type": "Polygon", "coordinates": [ [ [ 79.6167406, 29.8704542 ], [ 79.6177469, 29.8697169 ], [ 79.6189345, 29.8694 ], [ 79.619547, 29.8678526 ], [ 79.6167994, 29.8665921 ], [ 79.6150557, 29.8669277 ], [ 79.6131592, 29.8687398 ], [ 79.6131506, 29.8693613 ], [ 79.6126728, 29.8699996 ], [ 79.6113264, 29.8697716 ], [ 79.6102466, 29.8704334 ], [ 79.6113423, 29.8719999 ], [ 79.6120746, 29.8724813 ], [ 79.6148941, 29.8727678 ], [ 79.6167406, 29.8704542 ] ] ] } },
{ "type": "Feature", "properties": { "gp_code": "260376", "gp_name": "RATORE", "blkname": "GARUR", "dtname": "Bageshwar", "SHAPE_Area": 3124673.1577196694 }, "geometry": { "type": "Polygon", "coordinates": [ [ [ 79.6023524, 29.8777285 ], [ 79.6036545, 29.8774669 ], [ 79.6042033, 29.8779679 ], [ 79.6054234, 29.876492 ], [ 79.6067091, 29.8759955 ], [ 79.6069398, 29.8755564 ], [ 79.6067138, 29.8745167 ], [ 79.6072103, 29.8737667 ], [ 79.6073686, 29.87233 ], [ 79.6082762, 29.8717527 ], [ 79.6082771, 29.8714579 ], [ 79.6097775, 29.8719461 ], [ 79.6099239, 29.8709723 ], [ 79.6109278, 29.869843 ], [ 79.6126728, 29.8699996 ], [ 79.6131506, 29.8693613 ], [ 79.6131592, 29.8687398 ], [ 79.6150557, 29.8669277 ], [ 79.6134098, 29.865345 ], [ 79.6133907, 29.8641059 ], [ 79.6127038, 29.8638044 ], [ 79.6128143, 29.8613326 ], [ 79.6085555, 29.8594196 ], [ 79.6079261, 29.8593063 ], [ 79.6062509, 29.8597719 ], [ 79.6042124, 29.8591274 ], [ 79.6018967, 29.8591018 ], [ 79.6008962, 29.8583149 ], [ 79.5997736, 29.8580523 ], [ 79.5986268, 29.8581694 ], [ 79.5978685, 29.8587071 ], [ 79.5973372, 29.8599049 ], [ 79.5969488, 29.8638678 ], [ 79.597399, 29.8655307 ], [ 79.5979711, 29.8658819 ], [ 79.5987007, 29.8671427 ], [ 79.5991836, 29.8691704 ], [ 79.601344, 29.8722453 ], [ 79.6016814, 29.8742446 ], [ 79.5993239, 29.8774852 ], [ 79.5988788, 29.8775801 ], [ 79.598761, 29.878529 ], [ 79.5998032, 29.8789013 ], [ 79.6023524, 29.8777285 ] ] ] } },
{ "type": "Feature", "properties": { "gp_code": "21898", "gp_name": "DARSHANI", "blkname": "GARUR", "dtname": "Bageshwar", "SHAPE_Area": 1695937.3817385288 }, "geometry": { "type": "Polygon", "coordinates": [ [ [ 79.609831, 29.8904544 ], [ 79.6094183, 29.8878711 ], [ 79.6102204, 29.8860342 ], [ 79.6095698, 29.8849853 ], [ 79.6084432, 29.8846815 ], [ 79.6075845, 29.8850366 ], [ 79.6048016, 29.8872899 ], [ 79.6031159, 29.884421 ], [ 79.6030666, 29.8820219 ], [ 79.6027186, 29.8814864 ], [ 79.6002367, 29.8817041 ], [ 79.5975223, 29.8839067 ], [ 79.5965094, 29.8842812 ], [ 79.594832, 29.8843546 ], [ 79.5982685, 29.8900742 ], [ 79.6000248, 29.8904701 ], [ 79.6024768, 29.8903423 ], [ 79.6033228, 29.8908054 ], [ 79.6037447, 29.8940082 ], [ 79.6062972, 29.8962646 ], [ 79.6072842, 29.8953352 ], [ 79.6100525, 29.8941524 ], [ 79.6131646, 29.8921277 ], [ 79.6121781, 29.8910945 ], [ 79.609831, 29.8904544 ] ] ] } },
{ "type": "Feature", "properties": { "gp_code": "21889", "gp_name": "BHETAKUTOLIA", "blkname": "GARUR", "dtname": "Bageshwar", "SHAPE_Area": 340307.676282876 }, "geometry": { "type": "Polygon", "coordinates": [ [ [ 79.6070663, 29.8826311 ], [ 79.6052349, 29.8798339 ], [ 79.6027186, 29.8814864 ], [ 79.6030666, 29.8820219 ], [ 79.6031159, 29.884421 ], [ 79.6048016, 29.8872899 ], [ 79.6075845, 29.8850366 ], [ 79.6084432, 29.8846815 ], [ 79.6084027, 29.8842231 ], [ 79.6070663, 29.8826311 ] ] ] } },
{ "type": "Feature", "properties": { "gp_code": "", "gp_name": "", "blkname": "GARUR", "dtname": "Bageshwar", "SHAPE_Area": 224848.96141506272 }, "geometry": { "type": "Polygon", "coordinates": [ [ [ 79.6168441, 29.8868827 ], [ 79.6149757, 29.8869767 ], [ 79.6095698, 29.8849853 ], [ 79.6102204, 29.8860342 ], [ 79.6094183, 29.8878711 ], [ 79.6096556, 29.8901516 ], [ 79.6107454, 29.8908828 ], [ 79.6112166, 29.8893772 ], [ 79.6119536, 29.8883382 ], [ 79.6140811, 29.8882788 ], [ 79.6168441, 29.8868827 ] ] ] } },
{ "type": "Feature", "properties": { "gp_code": "21902", "gp_name": "DUDHILA", "blkname": "GARUR", "dtname": "Bageshwar", "SHAPE_Area": 369464.07534838794 }, "geometry": { "type": "Polygon", "coordinates": [ [ [ 79.6187137, 29.8869855 ], [ 79.6201155, 29.8860796 ], [ 79.6196597, 29.8851392 ], [ 79.6198947, 29.8833113 ], [ 79.6166613, 29.8833036 ], [ 79.6095698, 29.8849853 ], [ 79.6149757, 29.8869767 ], [ 79.6187137, 29.8869855 ] ] ] } },
{ "type": "Feature", "properties": { "gp_code": "21881", "gp_name": "AMOLI", "blkname": "GARUR", "dtname": "Bageshwar", "SHAPE_Area": 371400.56444365828 }, "geometry": { "type": "Polygon", "coordinates": [ [ [ 79.6198947, 29.8833113 ], [ 79.6199221, 29.8818725 ], [ 79.6173791, 29.8810871 ], [ 79.6148343, 29.8808812 ], [ 79.6117816, 29.8817532 ], [ 79.6084027, 29.8842231 ], [ 79.6084432, 29.8846815 ], [ 79.6095698, 29.8849853 ], [ 79.6166613, 29.8833036 ], [ 79.6198947, 29.8833113 ] ] ] } },
{ "type": "Feature", "properties": { "gp_code": "21942", "gp_name": "MATHURON", "blkname": "GARUR", "dtname": "Bageshwar", "SHAPE_Area": 1212785.6609611819 }, "geometry": { "type": "Polygon", "coordinates": [ [ [ 79.6199221, 29.8818725 ], [ 79.6191559, 29.880018 ], [ 79.6145086, 29.8750351 ], [ 79.6114012, 29.8751475 ], [ 79.6092696, 29.8748427 ], [ 79.6075862, 29.8742191 ], [ 79.6072103, 29.8737667 ], [ 79.6067138, 29.8745167 ], [ 79.6069398, 29.8755564 ], [ 79.6067091, 29.8759955 ], [ 79.6054234, 29.876492 ], [ 79.6042033, 29.8779679 ], [ 79.6047032, 29.879393 ], [ 79.6058806, 29.8805199 ], [ 79.6070663, 29.8826311 ], [ 79.6084027, 29.8842231 ], [ 79.6117816, 29.8817532 ], [ 79.6148343, 29.8808812 ], [ 79.6173791, 29.8810871 ], [ 79.6199221, 29.8818725 ] ] ] } },
{ "type": "Feature", "properties": { "gp_code": "21941", "gp_name": "MATHENA", "blkname": "GARUR", "dtname": "Bageshwar", "SHAPE_Area": 404237.06106869027 }, "geometry": { "type": "Polygon", "coordinates": [ [ [ 79.6284718, 29.8881836 ], [ 79.6303147, 29.8881779 ], [ 79.6305034, 29.8878463 ], [ 79.6304672, 29.8868352 ], [ 79.6286716, 29.8841942 ], [ 79.6291648, 29.8828372 ], [ 79.6282467, 29.8817645 ], [ 79.6272928, 29.8812072 ], [ 79.6256206, 29.8812232 ], [ 79.6246658, 29.8820932 ], [ 79.6240031, 29.8856802 ], [ 79.6244905, 29.8862563 ], [ 79.6258332, 29.8861206 ], [ 79.626691, 29.8864943 ], [ 79.627847, 29.8878997 ], [ 79.6284718, 29.8881836 ] ] ] } },
{ "type": "Feature", "properties": { "gp_code": "21919", "gp_name": "JINKHOLA", "blkname": "GARUR", "dtname": "Bageshwar", "SHAPE_Area": 191011.04720932001 }, "geometry": { "type": "Polygon", "coordinates": [ [ [ 79.6240031, 29.8856802 ], [ 79.6224329, 29.8857955 ], [ 79.6217256, 29.8864481 ], [ 79.6214161, 29.8872206 ], [ 79.6215119, 29.8893422 ], [ 79.6211981, 29.8916234 ], [ 79.623136, 29.8902282 ], [ 79.6242671, 29.8886349 ], [ 79.6246806, 29.8873174 ], [ 79.6244905, 29.8862563 ], [ 79.6240031, 29.8856802 ] ] ] } },
{ "type": "Feature", "properties": { "gp_code": "21938", "gp_name": "MALDE", "blkname": "GARUR", "dtname": "Bageshwar", "SHAPE_Area": 958534.13915825624 }, "geometry": { "type": "Polygon", "coordinates": [ [ [ 79.6164005, 29.8959865 ], [ 79.6182202, 29.8961593 ], [ 79.6199098, 29.8941103 ], [ 79.6201868, 29.8926262 ], [ 79.6211981, 29.8916234 ], [ 79.6215119, 29.8893422 ], [ 79.6214161, 29.8872206 ], [ 79.6224329, 29.8857955 ], [ 79.6220136, 29.8852692 ], [ 79.6216611, 29.8852188 ], [ 79.6187137, 29.8869855 ], [ 79.6168441, 29.8868827 ], [ 79.6140811, 29.8882788 ], [ 79.612432, 29.888146 ], [ 79.6119536, 29.8883382 ], [ 79.6112166, 29.8893772 ], [ 79.6107454, 29.8908828 ], [ 79.6121781, 29.8910945 ], [ 79.6131646, 29.8921277 ], [ 79.613983, 29.8923478 ], [ 79.6151282, 29.8935747 ], [ 79.6153023, 29.8961029 ], [ 79.6157737, 29.8963122 ], [ 79.6164005, 29.8959865 ] ] ] } },
{ "type": "Feature", "properties": { "gp_code": "21906", "gp_name": "GADSER", "blkname": "GARUR", "dtname": "Bageshwar", "SHAPE_Area": 120780.78768557103 }, "geometry": { "type": "Polygon", "coordinates": [ [ [ 79.6243513, 29.8991032 ], [ 79.6225657, 29.8981074 ], [ 79.6205753, 29.8979442 ], [ 79.6189507, 29.8972019 ], [ 79.6176684, 29.897977 ], [ 79.6186278, 29.8986186 ], [ 79.6208854, 29.8989566 ], [ 79.6227298, 29.900244 ], [ 79.623469, 29.9003647 ], [ 79.6243513, 29.8991032 ] ] ] } },
{ "type": "Feature", "properties": { "gp_code": "21963", "gp_name": "SHILLI", "blkname": "GARUR", "dtname": "Bageshwar", "SHAPE_Area": 629926.56631711719 }, "geometry": { "type": "Polygon", "coordinates": [ [ [ 79.6262672, 29.8911623 ], [ 79.6274846, 29.8898323 ], [ 79.627847, 29.8878997 ], [ 79.6262594, 29.8862654 ], [ 79.6244905, 29.8862563 ], [ 79.6246806, 29.8873174 ], [ 79.6242671, 29.8886349 ], [ 79.623136, 29.8902282 ], [ 79.6201868, 29.8926262 ], [ 79.6199098, 29.8941103 ], [ 79.6182202, 29.8961593 ], [ 79.6186105, 29.896869 ], [ 79.6205753, 29.8979442 ], [ 79.6225657, 29.8981074 ], [ 79.6234207, 29.8985499 ], [ 79.6238653, 29.8954093 ], [ 79.6224949, 29.8933839 ], [ 79.6235214, 29.8925338 ], [ 79.6262672, 29.8911623 ] ] ] } },
{ "type": "Feature", "properties": { "gp_code": "21941", "gp_name": "MATHENA", "blkname": "GARUR", "dtname": "Bageshwar", "SHAPE_Area": 748954.91005855601 }, "geometry": { "type": "Polygon", "coordinates": [ [ [ 79.6277887, 29.8902637 ], [ 79.6274846, 29.8898323 ], [ 79.6268954, 29.8903608 ], [ 79.6260087, 29.8920043 ], [ 79.6261305, 29.8931098 ], [ 79.627761, 29.8956413 ], [ 79.6280187, 29.8969652 ], [ 79.6276054, 29.8981935 ], [ 79.6268066, 29.8989747 ], [ 79.6262909, 29.9002027 ], [ 79.6271311, 29.9007597 ], [ 79.6329621, 29.902597 ], [ 79.6345428, 29.9028236 ], [ 79.6344316, 29.901951 ], [ 79.6325073, 29.898297 ], [ 79.6297113, 29.8940251 ], [ 79.629714, 29.8931032 ], [ 79.6302752, 29.8918753 ], [ 79.6300142, 29.890754 ], [ 79.6277887, 29.8902637 ] ] ] } },
{ "type": "Feature", "properties": { "gp_code": "", "gp_name": "", "blkname": "GARUR", "dtname": "Bageshwar", "SHAPE_Area": 402596.96908613521 }, "geometry": { "type": "Polygon", "coordinates": [ [ [ 79.6262672, 29.8911623 ], [ 79.6226779, 29.8930572 ], [ 79.6224939, 29.893711 ], [ 79.6238653, 29.8954093 ], [ 79.6234207, 29.8985499 ], [ 79.6262909, 29.9002027 ], [ 79.6268066, 29.8989747 ], [ 79.6276054, 29.8981935 ], [ 79.6280187, 29.8969652 ], [ 79.627761, 29.8956413 ], [ 79.6261305, 29.8931098 ], [ 79.6259619, 29.8924403 ], [ 79.6262672, 29.8911623 ] ] ] } },
{ "type": "Feature", "properties": { "gp_code": "21906", "gp_name": "GADSER", "blkname": "GARUR", "dtname": "Bageshwar", "SHAPE_Area": 144709.70327530737 }, "geometry": { "type": "Polygon", "coordinates": [ [ [ 79.6255469, 29.9016779 ], [ 79.6225608, 29.9034156 ], [ 79.6222952, 29.9047036 ], [ 79.6229513, 29.9059244 ], [ 79.6241746, 29.9048108 ], [ 79.6267352, 29.9037623 ], [ 79.6268751, 29.9026524 ], [ 79.6255469, 29.9016779 ] ] ] } },
{ "type": "Feature", "properties": { "gp_code": "", "gp_name": "", "blkname": "GARUR", "dtname": "Bageshwar", "SHAPE_Area": 166598.8783059204 }, "geometry": { "type": "Polygon", "coordinates": [ [ [ 79.623213, 29.9059151 ], [ 79.6229513, 29.9059244 ], [ 79.6222952, 29.9047036 ], [ 79.622332, 29.9038413 ], [ 79.6225608, 29.9034156 ], [ 79.6236658, 29.9029523 ], [ 79.6180347, 29.9027607 ], [ 79.6190946, 29.9040122 ], [ 79.6197144, 29.9059168 ], [ 79.6207384, 29.9059242 ], [ 79.6224045, 29.9068967 ], [ 79.623213, 29.9059151 ] ] ] } },
{ "type": "Feature", "properties": { "gp_code": "21886", "gp_name": "BHAKUNKHULA", "blkname": "GARUR", "dtname": "Bageshwar", "SHAPE_Area": 497013.3681642813 }, "geometry": { "type": "Polygon", "coordinates": [ [ [ 79.6268751, 29.9026524 ], [ 79.6271311, 29.9007597 ], [ 79.6243513, 29.8991032 ], [ 79.623469, 29.9003647 ], [ 79.6227298, 29.900244 ], [ 79.6208854, 29.8989566 ], [ 79.6186278, 29.8986186 ], [ 79.6176684, 29.897977 ], [ 79.6164945, 29.8986632 ], [ 79.6157634, 29.8996229 ], [ 79.6166026, 29.9004774 ], [ 79.6169628, 29.9017272 ], [ 79.6180347, 29.9027607 ], [ 79.6236658, 29.9029523 ], [ 79.6251616, 29.9016742 ], [ 79.6260811, 29.9018675 ], [ 79.6268751, 29.9026524 ] ] ] } },
{ "type": "Feature", "properties": { "gp_code": "", "gp_name": "", "blkname": "GARUR", "dtname": "Bageshwar", "SHAPE_Area": 65055.337382155238 }, "geometry": { "type": "Polygon", "coordinates": [ [ [ 79.6165559, 29.9045216 ], [ 79.6132551, 29.90494 ], [ 79.6138383, 29.9067886 ], [ 79.6154139, 29.9065513 ], [ 79.6165559, 29.9045216 ] ] ] } },
{ "type": "Feature", "properties": { "gp_code": "21946", "gp_name": "NAUGHAR", "blkname": "GARUR", "dtname": "Bageshwar", "SHAPE_Area": 196634.40568499049 }, "geometry": { "type": "Polygon", "coordinates": [ [ [ 79.6157634, 29.8996229 ], [ 79.6173897, 29.8979962 ], [ 79.6134615, 29.8972087 ], [ 79.6123227, 29.8975727 ], [ 79.6107714, 29.8988527 ], [ 79.6112572, 29.9005606 ], [ 79.6157634, 29.8996229 ] ] ] } },
{ "type": "Feature", "properties": { "gp_code": "21905", "gp_name": "FULWARI GOONTH", "blkname": "GARUR", "dtname": "Bageshwar", "SHAPE_Area": 525873.94564985693 }, "geometry": { "type": "Polygon", "coordinates": [ [ [ 79.6132551, 29.90494 ], [ 79.6190946, 29.9040122 ], [ 79.6169628, 29.9017272 ], [ 79.6166026, 29.9004774 ], [ 79.6157634, 29.8996229 ], [ 79.6112572, 29.9005606 ], [ 79.6107714, 29.8988527 ], [ 79.6094601, 29.8997813 ], [ 79.6082141, 29.9016419 ], [ 79.6107348, 29.903229 ], [ 79.6113681, 29.9044399 ], [ 79.611845, 29.9047285 ], [ 79.6132551, 29.90494 ] ] ] } },
{ "type": "Feature", "properties": { "gp_code": "259946", "gp_name": "SYALDETEET", "blkname": "GARUR", "dtname": "Bageshwar", "SHAPE_Area": 612687.94837368594 }, "geometry": { "type": "Polygon", "coordinates": [ [ [ 79.6107714, 29.8988527 ], [ 79.6123227, 29.8975727 ], [ 79.6134615, 29.8972087 ], [ 79.6173897, 29.8979962 ], [ 79.6189507, 29.8972019 ], [ 79.6182202, 29.8961593 ], [ 79.6176919, 29.89594 ], [ 79.6164005, 29.8959865 ], [ 79.6157737, 29.8963122 ], [ 79.6153023, 29.8961029 ], [ 79.6151282, 29.8935747 ], [ 79.613983, 29.8923478 ], [ 79.6131646, 29.8921277 ], [ 79.6100525, 29.8941524 ], [ 79.6072842, 29.8953352 ], [ 79.6062972, 29.8962646 ], [ 79.606749, 29.8972768 ], [ 79.6064402, 29.8977766 ], [ 79.6070307, 29.8981929 ], [ 79.6088491, 29.8987093 ], [ 79.6100445, 29.8984644 ], [ 79.6107714, 29.8988527 ] ] ] } },
{ "type": "Feature", "properties": { "gp_code": "", "gp_name": "", "blkname": "GARUR", "dtname": "Bageshwar", "SHAPE_Area": 480285.36524027021 }, "geometry": { "type": "Polygon", "coordinates": [ [ [ 79.6062972, 29.8962646 ], [ 79.6037447, 29.8940082 ], [ 79.6033228, 29.8908054 ], [ 79.6024768, 29.8903423 ], [ 79.6000248, 29.8904701 ], [ 79.5982685, 29.8900742 ], [ 79.5982411, 29.8921268 ], [ 79.5989964, 29.8936049 ], [ 79.5990255, 29.8951464 ], [ 79.6015367, 29.8960696 ], [ 79.602263, 29.8966265 ], [ 79.6036562, 29.8967587 ], [ 79.6043282, 29.8965175 ], [ 79.6056048, 29.8975516 ], [ 79.6064402, 29.8977766 ], [ 79.606749, 29.8972768 ], [ 79.6062972, 29.8962646 ] ] ] } },
{ "type": "Feature", "properties": { "gp_code": "21949", "gp_name": "PACHANA", "blkname": "GARUR", "dtname": "Bageshwar", "SHAPE_Area": 633636.87849251169 }, "geometry": { "type": "Polygon", "coordinates": [ [ [ 79.6056048, 29.8975516 ], [ 79.6043282, 29.8965175 ], [ 79.6036562, 29.8967587 ], [ 79.602263, 29.8966265 ], [ 79.5982885, 29.901345 ], [ 79.598228, 29.9024748 ], [ 79.5998475, 29.9029993 ], [ 79.6025147, 29.9049784 ], [ 79.6025119, 29.9042245 ], [ 79.6036943, 29.9026073 ], [ 79.6070613, 29.9006922 ], [ 79.6088491, 29.8987093 ], [ 79.6056048, 29.8975516 ] ] ] } },
{ "type": "Feature", "properties": { "gp_code": "243102", "gp_name": "BIMOLA", "blkname": "GARUR", "dtname": "Bageshwar", "SHAPE_Area": 257803.37855004068 }, "geometry": { "type": "Polygon", "coordinates": [ [ [ 79.6063033, 29.9040242 ], [ 79.6094601, 29.8997813 ], [ 79.6107714, 29.8988527 ], [ 79.6100445, 29.8984644 ], [ 79.6088491, 29.8987093 ], [ 79.6070613, 29.9006922 ], [ 79.6036943, 29.9026073 ], [ 79.6025119, 29.9042245 ], [ 79.6025767, 29.9051669 ], [ 79.6040081, 29.9057474 ], [ 79.6048341, 29.9048165 ], [ 79.6063033, 29.9040242 ] ] ] } },
{ "type": "Feature", "properties": { "gp_code": "21938", "gp_name": "MALDE", "blkname": "GARUR", "dtname": "Bageshwar", "SHAPE_Area": 1021863.8005673911 }, "geometry": { "type": "Polygon", "coordinates": [ [ [ 79.6104626, 29.9065391 ], [ 79.611845, 29.9047285 ], [ 79.6113681, 29.9044399 ], [ 79.6107348, 29.903229 ], [ 79.6082141, 29.9016419 ], [ 79.6063033, 29.9040242 ], [ 79.6048341, 29.9048165 ], [ 79.6040081, 29.9057474 ], [ 79.6025767, 29.9051669 ], [ 79.602193, 29.9059689 ], [ 79.6021897, 29.9069898 ], [ 79.6028424, 29.908067 ], [ 79.6027124, 29.9106885 ], [ 79.6030651, 29.9124735 ], [ 79.603829, 29.9137541 ], [ 79.6046689, 29.9144054 ], [ 79.6039017, 29.9159003 ], [ 79.6032514, 29.9164439 ], [ 79.6050524, 29.9168385 ], [ 79.6054957, 29.9150628 ], [ 79.6091885, 29.910055 ], [ 79.6104626, 29.9065391 ] ] ] } },
{ "type": "Feature", "properties": { "gp_code": "21969", "gp_name": "TAILIHAT", "blkname": "GARUR", "dtname": "Bageshwar", "SHAPE_Area": 1150803.1659675729 }, "geometry": { "type": "Polygon", "coordinates": [ [ [ 79.6078069, 29.9204892 ], [ 79.6091694, 29.9204229 ], [ 79.6102145, 29.9195766 ], [ 79.6116077, 29.9168111 ], [ 79.6138542, 29.9152503 ], [ 79.6136042, 29.9135635 ], [ 79.6138383, 29.9067886 ], [ 79.6132551, 29.90494 ], [ 79.611845, 29.9047285 ], [ 79.6098674, 29.9076677 ], [ 79.6091885, 29.910055 ], [ 79.6054957, 29.9150628 ], [ 79.6050524, 29.9168385 ], [ 79.6060919, 29.9194939 ], [ 79.6060334, 29.9200091 ], [ 79.6073872, 29.9200917 ], [ 79.6078069, 29.9204892 ] ] ] } },
{ "type": "Feature", "properties": { "gp_code": "21937", "gp_name": "MALADUNAGARI", "blkname": "GARUR", "dtname": "Bageshwar", "SHAPE_Area": 358941.63864781801 }, "geometry": { "type": "Polygon", "coordinates": [ [ [ 79.613766, 29.9215642 ], [ 79.6140331, 29.91985 ], [ 79.6138542, 29.9152503 ], [ 79.6116077, 29.9168111 ], [ 79.6104297, 29.9187213 ], [ 79.6102145, 29.9195766 ], [ 79.6105393, 29.92003 ], [ 79.6098494, 29.9222883 ], [ 79.6101051, 29.924192 ], [ 79.6114005, 29.9247601 ], [ 79.6122697, 29.9233745 ], [ 79.612474, 29.922137 ], [ 79.613766, 29.9215642 ] ] ] } },
{ "type": "Feature", "properties": { "gp_code": "21922", "gp_name": "KAJYUULI", "blkname": "GARUR", "dtname": "Bageshwar", "SHAPE_Area": 714762.32099659159 }, "geometry": { "type": "Polygon", "coordinates": [ [ [ 79.6064887, 29.9270627 ], [ 79.6113579, 29.9255706 ], [ 79.6118104, 29.9249209 ], [ 79.6101051, 29.924192 ], [ 79.6098457, 29.923448 ], [ 79.610472, 29.9197225 ], [ 79.6102145, 29.9195766 ], [ 79.6091694, 29.9204229 ], [ 79.6078069, 29.9204892 ], [ 79.6073872, 29.9200917 ], [ 79.6060334, 29.9200091 ], [ 79.6043311, 29.9203717 ], [ 79.6030728, 29.9202864 ], [ 79.6022704, 29.9207037 ], [ 79.6020008, 29.9231365 ], [ 79.6013522, 29.9248893 ], [ 79.6014192, 29.9260226 ], [ 79.6036943, 29.9255394 ], [ 79.6048428, 29.9257602 ], [ 79.6064887, 29.9270627 ] ] ] } },
{ "type": "Feature", "properties": { "gp_code": "21913", "gp_name": "GWARPAJENA", "blkname": "GARUR", "dtname": "Bageshwar", "SHAPE_Area": 2589245.9044748861 }, "geometry": { "type": "Polygon", "coordinates": [ [ [ 79.6109197, 29.9346412 ], [ 79.6092967, 29.9315002 ], [ 79.6101023, 29.9286376 ], [ 79.6094576, 29.9274168 ], [ 79.6098305, 29.9264513 ], [ 79.6097085, 29.9258687 ], [ 79.6064887, 29.9270627 ], [ 79.6048428, 29.9257602 ], [ 79.6036943, 29.9255394 ], [ 79.6020778, 29.9257336 ], [ 79.6005957, 29.9265676 ], [ 79.5990471, 29.9268809 ], [ 79.5958191, 29.9257528 ], [ 79.5932985, 29.9240416 ], [ 79.5939524, 29.925045 ], [ 79.5942991, 29.9283244 ], [ 79.5953477, 29.9298081 ], [ 79.5985812, 29.9310354 ], [ 79.5973505, 29.9315428 ], [ 79.5972603, 29.9330343 ], [ 79.5962934, 29.9346475 ], [ 79.5964619, 29.9352972 ], [ 79.5999117, 29.9347982 ], [ 79.6021149, 29.9335915 ], [ 79.6032715, 29.9339982 ], [ 79.6039352, 29.9363936 ], [ 79.6038254, 29.938668 ], [ 79.6042394, 29.9391002 ], [ 79.6060254, 29.9393474 ], [ 79.6055569, 29.9403166 ], [ 79.6062815, 29.9411222 ], [ 79.6065023, 29.9432389 ], [ 79.6079665, 29.9448678 ], [ 79.6093694, 29.9452181 ], [ 79.6106495, 29.9435959 ], [ 79.6112698, 29.9417934 ], [ 79.6112625, 29.940495 ], [ 79.6118017, 29.9391483 ], [ 79.6123804, 29.9385684 ], [ 79.6118053, 29.9353074 ], [ 79.6109197, 29.9346412 ] ] ] } },
{ "type": "Feature", "properties": { "gp_code": "", "gp_name": "", "blkname": "GARUR", "dtname": "Bageshwar", "SHAPE_Area": 813475.44111374323 }, "geometry": { "type": "Polygon", "coordinates": [ [ [ 79.6161404, 29.9323566 ], [ 79.619458, 29.9317796 ], [ 79.6188293, 29.9308415 ], [ 79.6167181, 29.9290969 ], [ 79.6159194, 29.9278641 ], [ 79.6156413, 29.9259399 ], [ 79.6145077, 29.9245495 ], [ 79.613766, 29.9215642 ], [ 79.612474, 29.922137 ], [ 79.6122697, 29.9233745 ], [ 79.6114005, 29.9247601 ], [ 79.6118104, 29.9249209 ], [ 79.6116262, 29.9253504 ], [ 79.6097085, 29.9258687 ], [ 79.6098305, 29.9264513 ], [ 79.6094576, 29.9274168 ], [ 79.6101023, 29.9286376 ], [ 79.6095852, 29.9302173 ], [ 79.6100136, 29.931492 ], [ 79.6105923, 29.9320187 ], [ 79.6120139, 29.9322997 ], [ 79.6150643, 29.9321285 ], [ 79.6161404, 29.9323566 ] ] ] } },
{ "type": "Feature", "properties": { "gp_code": "21884", "gp_name": "AYARTOLI", "blkname": "GARUR", "dtname": "Bageshwar", "SHAPE_Area": 2819289.8137702779 }, "geometry": { "type": "Polygon", "coordinates": [ [ [ 79.6319053, 29.9382362 ], [ 79.6310909, 29.9372568 ], [ 79.6308299, 29.9363159 ], [ 79.6307842, 29.934492 ], [ 79.6310934, 29.9338583 ], [ 79.6308812, 29.9324949 ], [ 79.628173, 29.9286825 ], [ 79.6278291, 29.9257478 ], [ 79.6269969, 29.9243879 ], [ 79.6268192, 29.9229205 ], [ 79.6254615, 29.9214302 ], [ 79.6251623, 29.9205427 ], [ 79.6252092, 29.9182283 ], [ 79.6235631, 29.9160661 ], [ 79.6226281, 29.9167132 ], [ 79.6224017, 29.9181797 ], [ 79.6210114, 29.9206892 ], [ 79.619978, 29.9218713 ], [ 79.6192887, 29.9239958 ], [ 79.6184422, 29.9248361 ], [ 79.6191001, 29.9252207 ], [ 79.6186632, 29.9267965 ], [ 79.6176737, 29.9274752 ], [ 79.6159194, 29.9278641 ], [ 79.6167181, 29.9290969 ], [ 79.6188293, 29.9308415 ], [ 79.619458, 29.9317796 ], [ 79.6191846, 29.9319487 ], [ 79.622136, 29.9361075 ], [ 79.6258197, 29.9391441 ], [ 79.6264062, 29.9408651 ], [ 79.6255813, 29.9426919 ], [ 79.6278235, 29.9426376 ], [ 79.6296571, 29.9421958 ], [ 79.6301233, 29.9423456 ], [ 79.630224, 29.9429058 ], [ 79.6316148, 29.9402427 ], [ 79.6319053, 29.9382362 ] ] ] } },
{ "type": "Feature", "properties": { "gp_code": "21928", "gp_name": "KOTLI", "blkname": "GARUR", "dtname": "Bageshwar", "SHAPE_Area": 404125.75261341047 }, "geometry": { "type": "Polygon", "coordinates": [ [ [ 79.6354365, 29.9227667 ], [ 79.6341208, 29.9213165 ], [ 79.6332054, 29.9197179 ], [ 79.6311464, 29.91903 ], [ 79.6252183, 29.9189619 ], [ 79.6251623, 29.9205427 ], [ 79.6254615, 29.9214302 ], [ 79.6260571, 29.9219176 ], [ 79.6283912, 29.9214274 ], [ 79.6329031, 29.9232814 ], [ 79.6350881, 29.923207 ], [ 79.6354365, 29.9227667 ] ] ] } },
{ "type": "Feature", "properties": { "gp_code": "21891", "gp_name": "BINKHOLI", "blkname": "GARUR", "dtname": "Bageshwar", "SHAPE_Area": 867135.02680605091 }, "geometry": { "type": "Polygon", "coordinates": [ [ [ 79.6388705, 29.9206928 ], [ 79.6342809, 29.9172281 ], [ 79.6283015, 29.9136508 ], [ 79.6238409, 29.9135926 ], [ 79.6228526, 29.9139829 ], [ 79.6235631, 29.9160661 ], [ 79.6252092, 29.9182283 ], [ 79.6252183, 29.9189619 ], [ 79.6311464, 29.91903 ], [ 79.6332054, 29.9197179 ], [ 79.6341208, 29.9213165 ], [ 79.6354365, 29.9227667 ], [ 79.6363814, 29.9226003 ], [ 79.6388705, 29.9206928 ] ] ] } },
{ "type": "Feature", "properties": { "gp_code": "21971", "gp_name": "THANDANGOLI", "blkname": "GARUR", "dtname": "Bageshwar", "SHAPE_Area": 1203785.9389970519 }, "geometry": { "type": "Polygon", "coordinates": [ [ [ 79.6233156, 29.9151239 ], [ 79.6212487, 29.9138602 ], [ 79.6202592, 29.9137092 ], [ 79.6183095, 29.9150031 ], [ 79.6149652, 29.9147276 ], [ 79.6138542, 29.9152503 ], [ 79.6138547, 29.9223177 ], [ 79.6145077, 29.9245495 ], [ 79.6156413, 29.9259399 ], [ 79.6159194, 29.9278641 ], [ 79.6176737, 29.9274752 ], [ 79.6186632, 29.9267965 ], [ 79.6191001, 29.9252207 ], [ 79.6184422, 29.9248361 ], [ 79.6192887, 29.9239958 ], [ 79.619978, 29.9218713 ], [ 79.6210114, 29.9206892 ], [ 79.6224017, 29.9181797 ], [ 79.6226281, 29.9167132 ], [ 79.6235631, 29.9160661 ], [ 79.6233156, 29.9151239 ] ] ] } },
{ "type": "Feature", "properties": { "gp_code": "", "gp_name": "", "blkname": "GARUR", "dtname": "Bageshwar", "SHAPE_Area": 1017752.1191321656 }, "geometry": { "type": "Polygon", "coordinates": [ [ [ 79.6233156, 29.9151239 ], [ 79.622299, 29.9127029 ], [ 79.6221657, 29.9116519 ], [ 79.6211127, 29.9099743 ], [ 79.6213573, 29.9081609 ], [ 79.619711, 29.9070435 ], [ 79.6197144, 29.9059168 ], [ 79.6190946, 29.9040122 ], [ 79.6165559, 29.9045216 ], [ 79.6154139, 29.9065513 ], [ 79.6138383, 29.9067886 ], [ 79.6136042, 29.9135635 ], [ 79.6138542, 29.9152503 ], [ 79.6149652, 29.9147276 ], [ 79.6183095, 29.9150031 ], [ 79.6202592, 29.9137092 ], [ 79.6212487, 29.9138602 ], [ 79.6233156, 29.9151239 ] ] ] } },
{ "type": "Feature", "properties": { "gp_code": "259946", "gp_name": "SYALDETEET", "blkname": "GARUR", "dtname": "Bageshwar", "SHAPE_Area": 51292.267283565539 }, "geometry": { "type": "Polygon", "coordinates": [ [ [ 79.6207384, 29.9059242 ], [ 79.6197144, 29.9059168 ], [ 79.619711, 29.9070435 ], [ 79.6213573, 29.9081609 ], [ 79.6224045, 29.9068967 ], [ 79.6207384, 29.9059242 ] ] ] } },
{ "type": "Feature", "properties": { "gp_code": "21958", "gp_name": "PURARA", "blkname": "GARUR", "dtname": "Bageshwar", "SHAPE_Area": 1977099.0421965292 }, "geometry": { "type": "Polygon", "coordinates": [ [ [ 79.6328092, 29.9137729 ], [ 79.6328489, 29.9119193 ], [ 79.6331817, 29.9109487 ], [ 79.6344957, 29.9092486 ], [ 79.6363715, 29.9036799 ], [ 79.6350495, 29.902676 ], [ 79.6337465, 29.9027871 ], [ 79.6271311, 29.9007597 ], [ 79.6267352, 29.9037623 ], [ 79.6241746, 29.9048108 ], [ 79.6230865, 29.9063608 ], [ 79.6214724, 29.907725 ], [ 79.6211127, 29.9099743 ], [ 79.6212817, 29.9105198 ], [ 79.6221657, 29.9116519 ], [ 79.6228526, 29.9139829 ], [ 79.6238409, 29.9135926 ], [ 79.6283015, 29.9136508 ], [ 79.631581, 29.9154552 ], [ 79.6328092, 29.9137729 ] ] ] } },
{ "type": "Feature", "properties": { "gp_code": "21960", "gp_name": "RIYUNILKHMAR", "blkname": "GARUR", "dtname": "Bageshwar", "SHAPE_Area": 437689.28179474961 }, "geometry": { "type": "Polygon", "coordinates": [ [ [ 79.6368019, 29.9189437 ], [ 79.6360141, 29.9149671 ], [ 79.6358191, 29.9110849 ], [ 79.6361247, 29.9046015 ], [ 79.6344957, 29.9092486 ], [ 79.6331817, 29.9109487 ], [ 79.6328489, 29.9119193 ], [ 79.6328092, 29.9137729 ], [ 79.631581, 29.9154552 ], [ 79.6368019, 29.9189437 ] ] ] } },
{ "type": "Feature", "properties": { "gp_code": "260377", "gp_name": "RAMPUR KOTHON", "blkname": "GARUR", "dtname": "Bageshwar", "SHAPE_Area": 361291.0695062803 }, "geometry": { "type": "Polygon", "coordinates": [ [ [ 79.6379842, 29.9051323 ], [ 79.6363715, 29.9036799 ], [ 79.6361247, 29.9046015 ], [ 79.6358191, 29.9110849 ], [ 79.6360213, 29.9125341 ], [ 79.6369602, 29.9130557 ], [ 79.6388827, 29.9145188 ], [ 79.6391893, 29.9117898 ], [ 79.6386553, 29.9070022 ], [ 79.6379842, 29.9051323 ] ] ] } },
{ "type": "Feature", "properties": { "gp_code": "21957", "gp_name": "POORVI AYARTOLI", "blkname": "GARUR", "dtname": "Bageshwar", "SHAPE_Area": 565418.52292229782 }, "geometry": { "type": "Polygon", "coordinates": [ [ [ 79.6406413, 29.9092872 ], [ 79.6414301, 29.9061858 ], [ 79.6398938, 29.907025 ], [ 79.6386553, 29.9070022 ], [ 79.6391893, 29.9117898 ], [ 79.6388833, 29.914319 ], [ 79.6389612, 29.9198307 ], [ 79.6390392, 29.9204058 ], [ 79.6400846, 29.9208938 ], [ 79.6408133, 29.9207368 ], [ 79.6416801, 29.9200449 ], [ 79.6425163, 29.9181436 ], [ 79.6429557, 29.9157458 ], [ 79.6421638, 29.9141864 ], [ 79.6418612, 29.9124539 ], [ 79.6407272, 29.9103147 ], [ 79.6406413, 29.9092872 ] ] ] } },
{ "type": "Feature", "properties": { "gp_code": "21958", "gp_name": "PURARA", "blkname": "GARUR", "dtname": "Bageshwar", "SHAPE_Area": 230947.70474886574 }, "geometry": { "type": "Polygon", "coordinates": [ [ [ 79.6388827, 29.9145188 ], [ 79.6360213, 29.9125341 ], [ 79.6360141, 29.9149671 ], [ 79.6366211, 29.918517 ], [ 79.6370514, 29.9192218 ], [ 79.6388705, 29.9206928 ], [ 79.6388827, 29.9145188 ] ] ] } },
{ "type": "Feature", "properties": { "gp_code": "21897", "gp_name": "CHAURSON", "blkname": "GARUR", "dtname": "Bageshwar", "SHAPE_Area": 2883349.0540027553 }, "geometry": { "type": "Polygon", "coordinates": [ [ [ 79.6398645, 29.9387249 ], [ 79.640858, 29.9356198 ], [ 79.6400718, 29.9320795 ], [ 79.6417171, 29.9298133 ], [ 79.6424791, 29.9260583 ], [ 79.6421174, 29.9251952 ], [ 79.6420563, 29.9227468 ], [ 79.6413101, 29.9210898 ], [ 79.6390392, 29.9204058 ], [ 79.6363814, 29.9226003 ], [ 79.6343139, 29.9233638 ], [ 79.6329031, 29.9232814 ], [ 79.6283912, 29.9214274 ], [ 79.6260571, 29.9219176 ], [ 79.6268192, 29.9229205 ], [ 79.6269969, 29.9243879 ], [ 79.6278291, 29.9257478 ], [ 79.628173, 29.9286825 ], [ 79.6308812, 29.9324949 ], [ 79.6310934, 29.9338583 ], [ 79.6307547, 29.9348487 ], [ 79.6310909, 29.9372568 ], [ 79.6319053, 29.9382362 ], [ 79.6347478, 29.939105 ], [ 79.6398645, 29.9387249 ] ] ] } },
{ "type": "Feature", "properties": { "gp_code": "21894", "gp_name": "CHANOLI", "blkname": "GARUR", "dtname": "Bageshwar", "SHAPE_Area": 1286097.7090081538 }, "geometry": { "type": "Polygon", "coordinates": [ [ [ 79.656367, 29.9176641 ], [ 79.6563702, 29.9165426 ], [ 79.6555815, 29.9157564 ], [ 79.6496812, 29.913371 ], [ 79.6486514, 29.9125395 ], [ 79.6475084, 29.9111782 ], [ 79.6461926, 29.9061196 ], [ 79.6456566, 29.9050593 ], [ 79.6452477, 29.9047511 ], [ 79.6435063, 29.904663 ], [ 79.6413492, 29.9058447 ], [ 79.6406413, 29.9092872 ], [ 79.6407272, 29.9103147 ], [ 79.6418612, 29.9124539 ], [ 79.642589, 29.9152329 ], [ 79.6449984, 29.9154198 ], [ 79.6503101, 29.9177068 ], [ 79.6532127, 29.9180103 ], [ 79.6555391, 29.9174226 ], [ 79.656367, 29.9176641 ] ] ] } },
{ "type": "Feature", "properties": { "gp_code": "21957", "gp_name": "POORVI AYARTOLI", "blkname": "GARUR", "dtname": "Bageshwar", "SHAPE_Area": 1455628.158291704 }, "geometry": { "type": "Polygon", "coordinates": [ [ [ 79.6580399, 29.9100118 ], [ 79.6575519, 29.9040358 ], [ 79.65294, 29.9046655 ], [ 79.6456566, 29.9050593 ], [ 79.6461926, 29.9061196 ], [ 79.6475084, 29.9111782 ], [ 79.6486514, 29.9125395 ], [ 79.6496812, 29.913371 ], [ 79.6555815, 29.9157564 ], [ 79.6563702, 29.9165426 ], [ 79.6563145, 29.915933 ], [ 79.6569145, 29.9146554 ], [ 79.6568796, 29.9110509 ], [ 79.6580399, 29.9100118 ] ] ] } },
{ "type": "Feature", "properties": { "gp_code": "21940", "gp_name": "MANYURA", "blkname": "GARUR", "dtname": "Bageshwar", "SHAPE_Area": 2674873.4333642228 }, "geometry": { "type": "Polygon", "coordinates": [ [ [ 79.6414301, 29.9061858 ], [ 79.6413492, 29.9058447 ], [ 79.6417793, 29.9054105 ], [ 79.6435063, 29.904663 ], [ 79.6452477, 29.9047511 ], [ 79.6456566, 29.9050593 ], [ 79.65294, 29.9046655 ], [ 79.6575519, 29.9040358 ], [ 79.658923, 29.9017506 ], [ 79.6564282, 29.8967588 ], [ 79.6563174, 29.8944112 ], [ 79.6544835, 29.8941176 ], [ 79.6509762, 29.8946531 ], [ 79.6481527, 29.8944437 ], [ 79.6473474, 29.8953412 ], [ 79.6459931, 29.8957379 ], [ 79.6436305, 29.8958526 ], [ 79.6389996, 29.8991196 ], [ 79.6366283, 29.9021318 ], [ 79.6363055, 29.9027306 ], [ 79.6363715, 29.9036799 ], [ 79.6379842, 29.9051323 ], [ 79.6386553, 29.9070022 ], [ 79.6398938, 29.907025 ], [ 79.6414301, 29.9061858 ] ] ] } },
{ "type": "Feature", "properties": { "gp_code": "", "gp_name": "", "blkname": "GARUR", "dtname": "Bageshwar", "SHAPE_Area": 526053.93180666876 }, "geometry": { "type": "Polygon", "coordinates": [ [ [ 79.6403432, 29.8981056 ], [ 79.6373586, 29.8965627 ], [ 79.6361577, 29.8948947 ], [ 79.6373927, 29.8927265 ], [ 79.6394671, 29.891393 ], [ 79.6340883, 29.8912388 ], [ 79.6334158, 29.8916049 ], [ 79.6328792, 29.8930845 ], [ 79.6330405, 29.8956903 ], [ 79.636484, 29.900259 ], [ 79.6366283, 29.9021318 ], [ 79.6378492, 29.900336 ], [ 79.6403432, 29.8981056 ] ] ] } },
{ "type": "Feature", "properties": { "gp_code": "21885", "gp_name": "BANDH", "blkname": "GARUR", "dtname": "Bageshwar", "SHAPE_Area": 467380.93182925554 }, "geometry": { "type": "Polygon", "coordinates": [ [ [ 79.6363055, 29.9027306 ], [ 79.6366283, 29.9021318 ], [ 79.636484, 29.900259 ], [ 79.6330405, 29.8956903 ], [ 79.6328792, 29.8930845 ], [ 79.6334158, 29.8916049 ], [ 79.6340883, 29.8912388 ], [ 79.6307113, 29.8905976 ], [ 79.6300142, 29.890754 ], [ 79.6302752, 29.8918753 ], [ 79.629714, 29.8931032 ], [ 79.6297113, 29.8940251 ], [ 79.6325073, 29.898297 ], [ 79.6344316, 29.901951 ], [ 79.6345428, 29.9028236 ], [ 79.6350495, 29.902676 ], [ 79.6363715, 29.9036799 ], [ 79.6363055, 29.9027306 ] ] ] } },
{ "type": "Feature", "properties": { "gp_code": "21919", "gp_name": "JINKHOLA", "blkname": "GARUR", "dtname": "Bageshwar", "SHAPE_Area": 481300.02343749371 }, "geometry": { "type": "Polygon", "coordinates": [ [ [ 79.6417514, 29.891548 ], [ 79.6394671, 29.891393 ], [ 79.6382364, 29.8921039 ], [ 79.6373927, 29.8927265 ], [ 79.6361577, 29.8948947 ], [ 79.6373586, 29.8965627 ], [ 79.6403432, 29.8981056 ], [ 79.6436305, 29.8958526 ], [ 79.6423992, 29.8924106 ], [ 79.6417514, 29.891548 ] ] ] } },
{ "type": "Feature", "properties": { "gp_code": "21885", "gp_name": "BANDH", "blkname": "GARUR", "dtname": "Bageshwar", "SHAPE_Area": 271032.5429925464 }, "geometry": { "type": "Polygon", "coordinates": [ [ [ 79.6481527, 29.8944437 ], [ 79.6478483, 29.8916178 ], [ 79.646746, 29.8920434 ], [ 79.6451891, 29.8920883 ], [ 79.6417514, 29.891548 ], [ 79.6423992, 29.8924106 ], [ 79.6436305, 29.8958526 ], [ 79.6459931, 29.8957379 ], [ 79.6473474, 29.8953412 ], [ 79.6481527, 29.8944437 ] ] ] } },
{ "type": "Feature", "properties": { "gp_code": "", "gp_name": "", "blkname": "GARUR", "dtname": "Bageshwar", "SHAPE_Area": 6132289.9342735 }, "geometry": { "type": "Polygon", "coordinates": [ [ [ 79.646746, 29.8920434 ], [ 79.6480671, 29.8912985 ], [ 79.6501766, 29.891423 ], [ 79.6525632, 29.8908986 ], [ 79.6535058, 29.8900813 ], [ 79.6538752, 29.8891928 ], [ 79.653797, 29.8884532 ], [ 79.6510849, 29.886529 ], [ 79.6500702, 29.8844984 ], [ 79.6485361, 29.8836658 ], [ 79.6472247, 29.8811449 ], [ 79.6479302, 29.8790181 ], [ 79.6450999, 29.8764971 ], [ 79.6446787, 29.8763662 ], [ 79.6413003, 29.8779844 ], [ 79.6390621, 29.8749018 ], [ 79.6295903, 29.8753801 ], [ 79.6267936, 29.876603 ], [ 79.6269971, 29.8760286 ], [ 79.6256913, 29.875287 ], [ 79.6235102, 29.8757479 ], [ 79.6222375, 29.8749923 ], [ 79.6185678, 29.8713814 ], [ 79.6167406, 29.8704542 ], [ 79.6148941, 29.8727678 ], [ 79.6143507, 29.8742103 ], [ 79.6145086, 29.8750351 ], [ 79.6191559, 29.880018 ], [ 79.6199221, 29.8818725 ], [ 79.6196597, 29.8851392 ], [ 79.6201155, 29.8860796 ], [ 79.6216611, 29.8852188 ], [ 79.6224329, 29.8857955 ], [ 79.6240031, 29.8856802 ], [ 79.6246658, 29.8820932 ], [ 79.6256206, 29.8812232 ], [ 79.6272928, 29.8812072 ], [ 79.6282467, 29.8817645 ], [ 79.6291648, 29.8828372 ], [ 79.6286716, 29.8841942 ], [ 79.6304672, 29.8868352 ], [ 79.6303147, 29.8881779 ], [ 79.6284718, 29.8881836 ], [ 79.627847, 29.8878997 ], [ 79.6274846, 29.8898323 ], [ 79.6277887, 29.8902637 ], [ 79.6340883, 29.8912388 ], [ 79.6417514, 29.891548 ], [ 79.6451891, 29.8920883 ], [ 79.646746, 29.8920434 ] ] ] } },
{ "type": "Feature", "properties": { "gp_code": "21923", "gp_name": "KANSYARI", "blkname": "GARUR", "dtname": "Bageshwar", "SHAPE_Area": 3981258.1372301159 }, "geometry": { "type": "Polygon", "coordinates": [ [ [ 79.6563174, 29.8944112 ], [ 79.6567199, 29.8939924 ], [ 79.6581544, 29.8935758 ], [ 79.6589676, 29.8939272 ], [ 79.660917, 29.8939413 ], [ 79.6614169, 29.8935677 ], [ 79.6613723, 29.893108 ], [ 79.6645632, 29.8919556 ], [ 79.6681057, 29.8901244 ], [ 79.6699642, 29.8898084 ], [ 79.6749138, 29.8913172 ], [ 79.6760377, 29.8912595 ], [ 79.6766372, 29.8900365 ], [ 79.6744903, 29.8867097 ], [ 79.6740701, 29.8837372 ], [ 79.6732326, 29.8828429 ], [ 79.6716243, 29.8828843 ], [ 79.6692807, 29.8840399 ], [ 79.6679079, 29.8841442 ], [ 79.6652819, 29.8836434 ], [ 79.6643817, 29.8831997 ], [ 79.6629983, 29.8815678 ], [ 79.6617942, 29.8780518 ], [ 79.6603823, 29.8774642 ], [ 79.6597206, 29.8777094 ], [ 79.6578343, 29.8798637 ], [ 79.6559156, 29.8812585 ], [ 79.6536498, 29.8821246 ], [ 79.6519939, 29.8813601 ], [ 79.6508806, 29.880279 ], [ 79.6498476, 29.8801064 ], [ 79.6504946, 29.8783842 ], [ 79.6502237, 29.8776878 ], [ 79.6485413, 29.8778504 ], [ 79.6462651, 29.8764856 ], [ 79.6462941, 29.8778255 ], [ 79.6479302, 29.8790181 ], [ 79.6472247, 29.8811449 ], [ 79.6481, 29.8830482 ], [ 79.6485361, 29.8836658 ], [ 79.6500702, 29.8844984 ], [ 79.6510849, 29.886529 ], [ 79.653797, 29.8884532 ], [ 79.6538752, 29.8891928 ], [ 79.6535058, 29.8900813 ], [ 79.6525632, 29.8908986 ], [ 79.6512548, 29.8913054 ], [ 79.6478832, 29.8914181 ], [ 79.6481527, 29.8944437 ], [ 79.6509762, 29.8946531 ], [ 79.6544835, 29.8941176 ], [ 79.6563174, 29.8944112 ] ] ] } },
{ "type": "Feature", "properties": { "gp_code": "21915", "gp_name": "JAISAR", "blkname": "GARUR", "dtname": "Bageshwar", "SHAPE_Area": 1946793.5054308586 }, "geometry": { "type": "Polygon", "coordinates": [ [ [ 79.6659622, 29.8983032 ], [ 79.6712026, 29.8983939 ], [ 79.6746513, 29.8995199 ], [ 79.6761767, 29.899453 ], [ 79.6776345, 29.8989264 ], [ 79.6772457, 29.898506 ], [ 79.6751592, 29.898252 ], [ 79.6716894, 29.8964665 ], [ 79.6703185, 29.8945253 ], [ 79.6682795, 29.8937218 ], [ 79.6668145, 29.8926657 ], [ 79.6658782, 29.8912189 ], [ 79.6613723, 29.893108 ], [ 79.6614169, 29.8935677 ], [ 79.660917, 29.8939413 ], [ 79.6589676, 29.8939272 ], [ 79.6581544, 29.8935758 ], [ 79.6567199, 29.8939924 ], [ 79.6563174, 29.8944112 ], [ 79.6564282, 29.8967588 ], [ 79.658923, 29.9017506 ], [ 79.6575519, 29.9040358 ], [ 79.6580399, 29.9100118 ], [ 79.6585938, 29.908804 ], [ 79.6604662, 29.9076789 ], [ 79.6616393, 29.9065023 ], [ 79.6648034, 29.9014314 ], [ 79.6647546, 29.8995896 ], [ 79.6652043, 29.8986713 ], [ 79.6659622, 29.8983032 ] ] ] } },
{ "type": "Feature", "properties": { "gp_code": "21772", "gp_name": "FATGALI", "blkname": "BAGESHWAR", "dtname": "Bageshwar", "SHAPE_Area": 544301.74983796512 }, "geometry": { "type": "Polygon", "coordinates": [ [ [ 79.6828743, 29.8833695 ], [ 79.6799742, 29.8789723 ], [ 79.6795778, 29.8792762 ], [ 79.6795753, 29.8802554 ], [ 79.6803848, 29.8820056 ], [ 79.6802563, 29.8829347 ], [ 79.6796466, 29.8836729 ], [ 79.6732326, 29.8828429 ], [ 79.6740701, 29.8837372 ], [ 79.674516, 29.885559 ], [ 79.6803084, 29.8875522 ], [ 79.6817279, 29.8876397 ], [ 79.6831846, 29.8856582 ], [ 79.6832564, 29.8844793 ], [ 79.6828743, 29.8833695 ] ] ] } },
{ "type": "Feature", "properties": { "gp_code": "21730", "gp_name": "BAMRARI", "blkname": "BAGESHWAR", "dtname": "Bageshwar", "SHAPE_Area": 2294505.3370199059 }, "geometry": { "type": "Polygon", "coordinates": [ [ [ 79.6948714, 29.8814556 ], [ 79.694551, 29.8797098 ], [ 79.6947586, 29.8792306 ], [ 79.6966874, 29.8781951 ], [ 79.6974582, 29.8771274 ], [ 79.694878, 29.8747335 ], [ 79.695186, 29.8733261 ], [ 79.6940817, 29.8724697 ], [ 79.69002, 29.8714277 ], [ 79.6894744, 29.8718264 ], [ 79.6892633, 29.8737045 ], [ 79.6881791, 29.8739772 ], [ 79.6846029, 29.8719055 ], [ 79.6836426, 29.8725495 ], [ 79.6830121, 29.8725083 ], [ 79.6813749, 29.8716158 ], [ 79.6800566, 29.8715333 ], [ 79.6781091, 29.8733684 ], [ 79.6782244, 29.8750769 ], [ 79.6793942, 29.8780531 ], [ 79.6795778, 29.8792762 ], [ 79.6799742, 29.8789723 ], [ 79.6803231, 29.8792877 ], [ 79.6828743, 29.8833695 ], [ 79.6908525, 29.8823058 ], [ 79.6939828, 29.8811912 ], [ 79.6948714, 29.8814556 ] ] ] } },
{ "type": "Feature", "properties": { "gp_code": "", "gp_name": "", "blkname": "BAGESHWAR", "dtname": "Bageshwar", "SHAPE_Area": 2434165.3126254007 }, "geometry": { "type": "Polygon", "coordinates": [ [ [ 79.6948714, 29.8814556 ], [ 79.6939828, 29.8811912 ], [ 79.6908525, 29.8823058 ], [ 79.6828743, 29.8833695 ], [ 79.6832564, 29.8844793 ], [ 79.6831846, 29.8856582 ], [ 79.6817279, 29.8876397 ], [ 79.6839556, 29.8873272 ], [ 79.6860644, 29.8878669 ], [ 79.687224, 29.8910646 ], [ 79.6886523, 29.8933524 ], [ 79.6900012, 29.8946403 ], [ 79.6958974, 29.8963653 ], [ 79.6979845, 29.897476 ], [ 79.698929, 29.8989924 ], [ 79.6997739, 29.8960763 ], [ 79.7007519, 29.8947093 ], [ 79.7023816, 29.8941527 ], [ 79.7022727, 29.8936185 ], [ 79.7010694, 29.8914725 ], [ 79.6978364, 29.8912167 ], [ 79.696646, 29.8903252 ], [ 79.6972926, 29.8838717 ], [ 79.6948714, 29.8814556 ] ] ] } },
{ "type": "Feature", "properties": { "gp_code": "21814", "gp_name": "MAGHRUPHARI", "blkname": "BAGESHWAR", "dtname": "Bageshwar", "SHAPE_Area": 2596459.3787954729 }, "geometry": { "type": "Polygon", "coordinates": [ [ [ 79.714681, 29.8797316 ], [ 79.7156349, 29.8779897 ], [ 79.7157875, 29.8764411 ], [ 79.7168455, 29.8750441 ], [ 79.7167113, 29.8742649 ], [ 79.7174222, 29.8735563 ], [ 79.717899, 29.8706444 ], [ 79.7185988, 29.8697749 ], [ 79.7187972, 29.8689173 ], [ 79.7174451, 29.8685952 ], [ 79.71538, 29.8692111 ], [ 79.7135781, 29.8724804 ], [ 79.7099364, 29.8707252 ], [ 79.708481, 29.8707702 ], [ 79.7061443, 29.8719474 ], [ 79.7053656, 29.8739644 ], [ 79.7043778, 29.8746921 ], [ 79.6995948, 29.8755126 ], [ 79.6978959, 29.8763088 ], [ 79.6974582, 29.8771274 ], [ 79.6981756, 29.8791571 ], [ 79.7019744, 29.8823816 ], [ 79.704162, 29.8833648 ], [ 79.7087126, 29.8839826 ], [ 79.7106361, 29.88519 ], [ 79.7117161, 29.8842827 ], [ 79.7132684, 29.881137 ], [ 79.714681, 29.8797316 ] ] ] } },
{ "type": "Feature", "properties": { "gp_code": "21836", "gp_name": "OKHALSON", "blkname": "BAGESHWAR", "dtname": "Bageshwar", "SHAPE_Area": 2385759.3238834469 }, "geometry": { "type": "Polygon", "coordinates": [ [ [ 79.7226458, 29.8831927 ], [ 79.7216449, 29.8821468 ], [ 79.7188396, 29.88233 ], [ 79.7178269, 29.8820802 ], [ 79.714681, 29.8797316 ], [ 79.7132684, 29.881137 ], [ 79.7117161, 29.8842827 ], [ 79.7106361, 29.88519 ], [ 79.7086509, 29.890657 ], [ 79.7088876, 29.892396 ], [ 79.7145262, 29.8965837 ], [ 79.7169224, 29.896442 ], [ 79.7182716, 29.8956699 ], [ 79.7222586, 29.8921997 ], [ 79.7238232, 29.8899342 ], [ 79.7234462, 29.8893041 ], [ 79.7209246, 29.8888252 ], [ 79.7208449, 29.8885552 ], [ 79.7215469, 29.8874474 ], [ 79.7232932, 29.8859516 ], [ 79.7233644, 29.8848825 ], [ 79.7226458, 29.8831927 ] ] ] } },
{ "type": "Feature", "properties": { "gp_code": "243098", "gp_name": "MAALUJHAL", "blkname": "BAGESHWAR", "dtname": "Bageshwar", "SHAPE_Area": 3502924.3273858479 }, "geometry": { "type": "Polygon", "coordinates": [ [ [ 79.7165211, 29.9042112 ], [ 79.7158695, 29.9029846 ], [ 79.7141303, 29.901303 ], [ 79.708801, 29.8979441 ], [ 79.7065943, 29.8982051 ], [ 79.70587, 29.897951 ], [ 79.7058043, 29.8966619 ], [ 79.7066215, 29.8953795 ], [ 79.7088907, 29.8935351 ], [ 79.7086509, 29.890657 ], [ 79.7106361, 29.88519 ], [ 79.7087126, 29.8839826 ], [ 79.704162, 29.8833648 ], [ 79.7019744, 29.8823816 ], [ 79.6981756, 29.8791571 ], [ 79.6974582, 29.8771274 ], [ 79.6966874, 29.8781951 ], [ 79.6947586, 29.8792306 ], [ 79.694551, 29.8797098 ], [ 79.6948714, 29.8814556 ], [ 79.6972926, 29.8838717 ], [ 79.696646, 29.8903252 ], [ 79.6978364, 29.8912167 ], [ 79.7010694, 29.8914725 ], [ 79.7022727, 29.8936185 ], [ 79.7023816, 29.8941527 ], [ 79.7007519, 29.8947093 ], [ 79.6997739, 29.8960763 ], [ 79.6989016, 29.8985493 ], [ 79.6991875, 29.8994075 ], [ 79.7001907, 29.9001668 ], [ 79.7022217, 29.8990905 ], [ 79.7028246, 29.8997164 ], [ 79.7025656, 29.900912 ], [ 79.7066244, 29.9043647 ], [ 79.7112689, 29.9049889 ], [ 79.7127984, 29.9058842 ], [ 79.7158223, 29.9051309 ], [ 79.7165211, 29.9042112 ] ] ] } },
{ "type": "Feature", "properties": { "gp_code": "21910", "gp_name": "GARKHET", "blkname": "GARUR", "dtname": "Bageshwar", "SHAPE_Area": 302384.26607860351 }, "geometry": { "type": "Polygon", "coordinates": [ [ [ 79.6969346, 29.9034998 ], [ 79.6934035, 29.9030736 ], [ 79.6920459, 29.9048295 ], [ 79.691906, 29.9057485 ], [ 79.6923378, 29.9062177 ], [ 79.6957785, 29.9072545 ], [ 79.6983928, 29.9074592 ], [ 79.6986453, 29.9061391 ], [ 79.6969346, 29.9034998 ] ] ] } },
{ "type": "Feature", "properties": { "gp_code": "21910", "gp_name": "GARKHET", "blkname": "GARUR", "dtname": "Bageshwar", "SHAPE_Area": 555826.56554235367 }, "geometry": { "type": "Polygon", "coordinates": [ [ [ 79.7138018, 29.9075241 ], [ 79.713945, 29.9069879 ], [ 79.7134359, 29.9064424 ], [ 79.7116698, 29.9064393 ], [ 79.7088931, 29.9070338 ], [ 79.7076321, 29.9068317 ], [ 79.705822, 29.9060291 ], [ 79.7054315, 29.9062882 ], [ 79.7049928, 29.9074864 ], [ 79.7049903, 29.9085055 ], [ 79.7044376, 29.9094437 ], [ 79.7031963, 29.9105405 ], [ 79.7028671, 29.911534 ], [ 79.7042805, 29.9127655 ], [ 79.7054378, 29.9132273 ], [ 79.7058223, 29.9130881 ], [ 79.7093034, 29.9105565 ], [ 79.7102571, 29.9095269 ], [ 79.7138018, 29.9075241 ] ] ] } },
{ "type": "Feature", "properties": { "gp_code": "21910", "gp_name": "GARKHET", "blkname": "GARUR", "dtname": "Bageshwar", "SHAPE_Area": 459185.60648914502 }, "geometry": { "type": "Polygon", "coordinates": [ [ [ 79.6814745, 29.9167777 ], [ 79.6797025, 29.9155947 ], [ 79.6769795, 29.916972 ], [ 79.6757219, 29.9170537 ], [ 79.6749183, 29.9176226 ], [ 79.6716515, 29.9180467 ], [ 79.6712861, 29.9185217 ], [ 79.671433, 29.9189185 ], [ 79.6732286, 29.9197548 ], [ 79.676978, 29.9223488 ], [ 79.6780451, 29.9204702 ], [ 79.6817223, 29.9177298 ], [ 79.6814745, 29.9167777 ] ] ] } },
{ "type": "Feature", "properties": { "gp_code": "21944", "gp_name": "NARGWARI", "blkname": "GARUR", "dtname": "Bageshwar", "SHAPE_Area": 358468.25334783888 }, "geometry": { "type": "Polygon", "coordinates": [ [ [ 79.6745115, 29.9240468 ], [ 79.6763882, 29.9243777 ], [ 79.6767359, 29.9241554 ], [ 79.676948, 29.9235313 ], [ 79.6766436, 29.9224453 ], [ 79.676978, 29.9223488 ], [ 79.6732286, 29.9197548 ], [ 79.671433, 29.9189185 ], [ 79.6696622, 29.9204786 ], [ 79.6693301, 29.9212808 ], [ 79.6695772, 29.9224806 ], [ 79.670168, 29.9228089 ], [ 79.6717153, 29.9229013 ], [ 79.6730097, 29.9244768 ], [ 79.6745115, 29.9240468 ] ] ] } },
{ "type": "Feature", "properties": { "gp_code": "21944", "gp_name": "NARGWARI", "blkname": "GARUR", "dtname": "Bageshwar", "SHAPE_Area": 957179.78700515884 }, "geometry": { "type": "Polygon", "coordinates": [ [ [ 79.6594659, 29.9199887 ], [ 79.6610143, 29.9199819 ], [ 79.6624408, 29.9184363 ], [ 79.6630854, 29.9175983 ], [ 79.6637225, 29.9153116 ], [ 79.6655071, 29.9169839 ], [ 79.6670191, 29.9177064 ], [ 79.6643118, 29.9136843 ], [ 79.6638345, 29.9120946 ], [ 79.6618182, 29.9112911 ], [ 79.6600522, 29.9112275 ], [ 79.6580399, 29.9100118 ], [ 79.6568796, 29.9110509 ], [ 79.6569145, 29.9146554 ], [ 79.6563145, 29.915933 ], [ 79.6565212, 29.9189234 ], [ 79.6561081, 29.9199788 ], [ 79.6577412, 29.9215137 ], [ 79.6583377, 29.9215149 ], [ 79.6587074, 29.9205266 ], [ 79.6594659, 29.9199887 ] ] ] } },
{ "type": "Feature", "properties": { "gp_code": "21973", "gp_name": "TILSARI", "blkname": "GARUR", "dtname": "Bageshwar", "SHAPE_Area": 1642312.8800176552 }, "geometry": { "type": "Polygon", "coordinates": [ [ [ 79.6611663, 29.9272458 ], [ 79.6620169, 29.9269817 ], [ 79.6641708, 29.9275119 ], [ 79.6678168, 29.9196064 ], [ 79.6678423, 29.9186672 ], [ 79.6670191, 29.9177064 ], [ 79.6655071, 29.9169839 ], [ 79.6640243, 29.9153376 ], [ 79.6635844, 29.9154512 ], [ 79.6630854, 29.9175983 ], [ 79.6610143, 29.9199819 ], [ 79.6594659, 29.9199887 ], [ 79.6587074, 29.9205266 ], [ 79.6583377, 29.9215149 ], [ 79.6569149, 29.9216918 ], [ 79.6553867, 29.9226877 ], [ 79.6543145, 29.9246337 ], [ 79.6532206, 29.9302064 ], [ 79.6568675, 29.9304739 ], [ 79.6594466, 29.9314788 ], [ 79.6599876, 29.9304205 ], [ 79.6597633, 29.9285617 ], [ 79.6611663, 29.9272458 ] ] ] } },
{ "type": "Feature", "properties": { "gp_code": "21974", "gp_name": "URKHULI", "blkname": "GARUR", "dtname": "Bageshwar", "SHAPE_Area": 1025854.9891773745 }, "geometry": { "type": "Polygon", "coordinates": [ [ [ 79.6605153, 29.9407922 ], [ 79.6599294, 29.9410807 ], [ 79.6601329, 29.9421802 ], [ 79.6604989, 29.9422956 ], [ 79.6613197, 29.9438436 ], [ 79.6620407, 29.9444596 ], [ 79.6624492, 29.944354 ], [ 79.6631792, 29.9422467 ], [ 79.6654469, 29.9412046 ], [ 79.6659333, 29.9422821 ], [ 79.6670805, 29.9430973 ], [ 79.668133, 29.9453097 ], [ 79.6702779, 29.9467657 ], [ 79.6714936, 29.9483694 ], [ 79.6719371, 29.9485288 ], [ 79.6728261, 29.948045 ], [ 79.6730222, 29.9470443 ], [ 79.6744852, 29.9447081 ], [ 79.6768237, 29.9426809 ], [ 79.6781228, 29.9420491 ], [ 79.6784214, 29.9410189 ], [ 79.677023, 29.940461 ], [ 79.671475, 29.9404449 ], [ 79.6662767, 29.939458 ], [ 79.664568, 29.9400492 ], [ 79.6636776, 29.9410335 ], [ 79.6627325, 29.9412199 ], [ 79.6605153, 29.9407922 ] ] ] } },
{ "type": "Feature", "properties": { "gp_code": "", "gp_name": "", "blkname": "GARUR", "dtname": "Bageshwar", "SHAPE_Area": 789684.07419844798 }, "geometry": { "type": "Polygon", "coordinates": [ [ [ 79.6977172, 29.9538185 ], [ 79.6977393, 29.9517619 ], [ 79.6938388, 29.9515439 ], [ 79.6882856, 29.9488671 ], [ 79.6879826, 29.9494266 ], [ 79.6898535, 29.9509715 ], [ 79.6918855, 29.9520755 ], [ 79.6922363, 29.9528938 ], [ 79.6883133, 29.9536693 ], [ 79.6846535, 29.955413 ], [ 79.6799973, 29.9564085 ], [ 79.677582, 29.9573057 ], [ 79.6751061, 29.9595506 ], [ 79.6756586, 29.9601549 ], [ 79.6772851, 29.9607947 ], [ 79.6799663, 29.9587723 ], [ 79.6809731, 29.9575998 ], [ 79.6858681, 29.9573616 ], [ 79.6868478, 29.9570463 ], [ 79.688146, 29.955937 ], [ 79.6901761, 29.9551795 ], [ 79.6953329, 29.9538639 ], [ 79.6977172, 29.9538185 ] ] ] } },
{ "type": "Feature", "properties": { "gp_code": "259944", "gp_name": "BAIGAON KALRAUN", "blkname": "GARUR", "dtname": "Bageshwar", "SHAPE_Area": 1142880.5966125166 }, "geometry": { "type": "Polygon", "coordinates": [ [ [ 79.7102588, 29.9567653 ], [ 79.7116125, 29.955512 ], [ 79.7128694, 29.9550057 ], [ 79.7132009, 29.9544116 ], [ 79.7151161, 29.9530769 ], [ 79.7192535, 29.9491082 ], [ 79.7212392, 29.9482012 ], [ 79.7225027, 29.948008 ], [ 79.7203894, 29.946537 ], [ 79.718718, 29.9458106 ], [ 79.7165415, 29.9470135 ], [ 79.7141465, 29.9491106 ], [ 79.708236, 29.9530151 ], [ 79.7072639, 29.9525525 ], [ 79.6998211, 29.950963 ], [ 79.6977393, 29.9517619 ], [ 79.6977172, 29.9538185 ], [ 79.7048648, 29.9538961 ], [ 79.7057054, 29.9546112 ], [ 79.707786, 29.9555665 ], [ 79.708552, 29.9565144 ], [ 79.7102588, 29.9567653 ] ] ] } },
{ "type": "Feature", "properties": { "gp_code": "21909", "gp_name": "GANIGAON", "blkname": "GARUR", "dtname": "Bageshwar", "SHAPE_Area": 2300779.869370026 }, "geometry": { "type": "Polygon", "coordinates": [ [ [ 79.7102588, 29.9567653 ], [ 79.708552, 29.9565144 ], [ 79.7080749, 29.9561171 ], [ 79.7078396, 29.9569765 ], [ 79.7068448, 29.9581373 ], [ 79.6975632, 29.9654913 ], [ 79.6968182, 29.9652818 ], [ 79.6964726, 29.9646468 ], [ 79.6971537, 29.9630722 ], [ 79.6991358, 29.9613092 ], [ 79.6992484, 29.9606602 ], [ 79.6987501, 29.9595963 ], [ 79.6978802, 29.9592726 ], [ 79.6965249, 29.9595971 ], [ 79.6943861, 29.9614267 ], [ 79.6936004, 29.9661033 ], [ 79.6929676, 29.9669628 ], [ 79.6909883, 29.9682689 ], [ 79.6906965, 29.9688779 ], [ 79.6908363, 29.9694263 ], [ 79.69247, 29.9712189 ], [ 79.6947293, 29.9721711 ], [ 79.6942598, 29.97331 ], [ 79.6950423, 29.9744959 ], [ 79.6931249, 29.9741999 ], [ 79.6923667, 29.9746593 ], [ 79.6926862, 29.9752769 ], [ 79.6951605, 29.977348 ], [ 79.6963817, 29.9772289 ], [ 79.6978776, 29.9776578 ], [ 79.7036261, 29.9802503 ], [ 79.7036671, 29.9797399 ], [ 79.7009622, 29.9774948 ], [ 79.7009237, 29.9750073 ], [ 79.7003702, 29.9732421 ], [ 79.7002102, 29.9712715 ], [ 79.7008505, 29.970007 ], [ 79.7027443, 29.9682661 ], [ 79.7035352, 29.9660277 ], [ 79.7037218, 29.9641647 ], [ 79.7087508, 29.9603084 ], [ 79.7094745, 29.9574948 ], [ 79.7102588, 29.9567653 ] ] ] } },
{ "type": "Feature", "properties": { "gp_code": "21932", "gp_name": "LAMCHULA", "blkname": "GARUR", "dtname": "Bageshwar", "SHAPE_Area": 1606592.9681487973 }, "geometry": { "type": "Polygon", "coordinates": [ [ [ 79.7036261, 29.9802503 ], [ 79.7021709, 29.9794151 ], [ 79.6963817, 29.9772289 ], [ 79.6951605, 29.977348 ], [ 79.6954427, 29.9783086 ], [ 79.6946617, 29.9787829 ], [ 79.6899832, 29.9785956 ], [ 79.6872149, 29.9771532 ], [ 79.6834591, 29.9767792 ], [ 79.6826729, 29.9770502 ], [ 79.6818616, 29.9782181 ], [ 79.681973, 29.97915 ], [ 79.6836241, 29.9812246 ], [ 79.6849889, 29.9817525 ], [ 79.6864069, 29.9814778 ], [ 79.6870546, 29.9819895 ], [ 79.6869843, 29.9827525 ], [ 79.6858859, 29.9850176 ], [ 79.6852213, 29.9854399 ], [ 79.6841966, 29.9854626 ], [ 79.6837428, 29.9859672 ], [ 79.6837917, 29.9866812 ], [ 79.6848851, 29.987793 ], [ 79.6860301, 29.987488 ], [ 79.6863801, 29.9864183 ], [ 79.6871055, 29.9860134 ], [ 79.6892749, 29.9835497 ], [ 79.689679, 29.9812809 ], [ 79.6902158, 29.9806179 ], [ 79.6915229, 29.9814381 ], [ 79.6921125, 29.9824055 ], [ 79.6951341, 29.9851169 ], [ 79.6978903, 29.9869655 ], [ 79.6986162, 29.9871884 ], [ 79.7000933, 29.9869745 ], [ 79.7007489, 29.9865743 ], [ 79.700956, 29.9857026 ], [ 79.6974125, 29.9822173 ], [ 79.6968336, 29.9815125 ], [ 79.6966994, 29.9805211 ], [ 79.6972132, 29.9799175 ], [ 79.6994664, 29.9802984 ], [ 79.7002847, 29.9808549 ], [ 79.7016123, 29.9826611 ], [ 79.7021128, 29.9828503 ], [ 79.7031268, 29.9825252 ], [ 79.7036178, 29.9819116 ], [ 79.703962, 29.9808121 ], [ 79.7036261, 29.9802503 ] ] ] } },
{ "type": "Feature", "properties": { "gp_code": "21967", "gp_name": "SURAG", "blkname": "GARUR", "dtname": "Bageshwar", "SHAPE_Area": 355823.89341209573 }, "geometry": { "type": "Polygon", "coordinates": [ [ [ 79.6831068, 29.9984391 ], [ 79.6852447, 29.9974418 ], [ 79.6852717, 29.995767 ], [ 79.6844832, 29.9946901 ], [ 79.6837324, 29.9943588 ], [ 79.6830943, 29.9947001 ], [ 79.6806006, 29.9947073 ], [ 79.6795394, 29.9955872 ], [ 79.6783151, 29.9957285 ], [ 79.677061, 29.9963504 ], [ 79.6766202, 29.9973009 ], [ 79.6767217, 29.9976728 ], [ 79.677745, 29.9982001 ], [ 79.679642, 29.9977381 ], [ 79.6831068, 29.9984391 ] ] ] } },
{ "type": "Feature", "properties": { "gp_code": "21962", "gp_name": "SALIKHANYARI", "blkname": "GARUR", "dtname": "Bageshwar", "SHAPE_Area": 407834.40695868863 }, "geometry": { "type": "Polygon", "coordinates": [ [ [ 79.6409339, 29.9826718 ], [ 79.6381807, 29.9820116 ], [ 79.6372229, 29.9825248 ], [ 79.6365707, 29.9836334 ], [ 79.636634, 29.9846027 ], [ 79.6378439, 29.9881358 ], [ 79.6385591, 29.9888509 ], [ 79.6391791, 29.9886753 ], [ 79.6407224, 29.9866018 ], [ 79.6424261, 29.9862926 ], [ 79.6430534, 29.9858976 ], [ 79.6433859, 29.9850955 ], [ 79.6426838, 29.9838155 ], [ 79.6409339, 29.9826718 ] ] ] } },
{ "type": "Feature", "properties": { "gp_code": "21917", "gp_name": "JAKHERA", "blkname": "GARUR", "dtname": "Bageshwar", "SHAPE_Area": 3418774.3518729936 }, "geometry": { "type": "Polygon", "coordinates": [ [ [ 79.6772851, 29.9607947 ], [ 79.6756586, 29.9601549 ], [ 79.6751061, 29.9595506 ], [ 79.6739411, 29.9612917 ], [ 79.6719474, 29.9627667 ], [ 79.6700158, 29.9636151 ], [ 79.6694954, 29.964511 ], [ 79.6646663, 29.9676033 ], [ 79.6591778, 29.972379 ], [ 79.6594941, 29.9732419 ], [ 79.659858, 29.9734013 ], [ 79.6615996, 29.9728506 ], [ 79.6677622, 29.9677287 ], [ 79.6697341, 29.9667812 ], [ 79.6702462, 29.9668219 ], [ 79.6707232, 29.9672391 ], [ 79.6706426, 29.967576 ], [ 79.6689673, 29.9682911 ], [ 79.6667318, 29.969902 ], [ 79.6667986, 29.9704572 ], [ 79.6677344, 29.9716881 ], [ 79.6690873, 29.9723351 ], [ 79.6695524, 29.9729406 ], [ 79.6695325, 29.9761121 ], [ 79.6707116, 29.9779084 ], [ 79.6713935, 29.9783657 ], [ 79.6711709, 29.9790976 ], [ 79.6691549, 29.9810669 ], [ 79.6664518, 29.9828849 ], [ 79.6547304, 29.9852687 ], [ 79.6518134, 29.9861247 ], [ 79.6474561, 29.9890192 ], [ 79.6448815, 29.989776 ], [ 79.6413856, 29.9939171 ], [ 79.6385674, 29.9957042 ], [ 79.6377218, 29.996733 ], [ 79.6381939, 29.9993142 ], [ 79.6391727, 30.000874 ], [ 79.6400606, 30.0011168 ], [ 79.6413942, 30.0004726 ], [ 79.641725, 29.9983276 ], [ 79.6426114, 29.9969322 ], [ 79.6423243, 29.9958414 ], [ 79.6429583, 29.9951193 ], [ 79.6438417, 29.9947546 ], [ 79.6440738, 29.9941593 ], [ 79.648262, 29.9898683 ], [ 79.6490489, 29.9893943 ], [ 79.6511552, 29.9893889 ], [ 79.6529852, 29.9883123 ], [ 79.6588095, 29.9898623 ], [ 79.6628294, 29.987818 ], [ 79.6640968, 29.9864629 ], [ 79.666354, 29.9853724 ], [ 79.6712248, 29.9818441 ], [ 79.6732002, 29.979638 ], [ 79.6733953, 29.9790437 ], [ 79.6733217, 29.9767442 ], [ 79.6726475, 29.9734127 ], [ 79.6728412, 29.9725395 ], [ 79.6749687, 29.9695322 ], [ 79.6750116, 29.9662418 ], [ 79.6761872, 29.9650449 ], [ 79.6780104, 29.9640958 ], [ 79.6797623, 29.9625147 ], [ 79.6794453, 29.9618649 ], [ 79.6775834, 29.9621883 ], [ 79.67742, 29.9615437 ], [ 79.677062, 29.9613497 ], [ 79.6772851, 29.9607947 ] ] ] } },
{ "type": "Feature", "properties": { "gp_code": "21880", "gp_name": "AGARMARTOLI", "blkname": "GARUR", "dtname": "Bageshwar", "SHAPE_Area": 1413100.4293121703 }, "geometry": { "type": "Polygon", "coordinates": [ [ [ 79.6568675, 29.9304739 ], [ 79.6532206, 29.9302064 ], [ 79.6530086, 29.9322421 ], [ 79.6543512, 29.9360435 ], [ 79.6544288, 29.9410891 ], [ 79.6549772, 29.9418895 ], [ 79.6578642, 29.9432444 ], [ 79.6583434, 29.9441845 ], [ 79.6575281, 29.9486187 ], [ 79.655194, 29.950482 ], [ 79.6559238, 29.9520421 ], [ 79.656747, 29.9530779 ], [ 79.6574975, 29.9534141 ], [ 79.6578075, 29.9533349 ], [ 79.6577306, 29.9520859 ], [ 79.6582706, 29.9503397 ], [ 79.6594856, 29.9480833 ], [ 79.6599406, 29.9464656 ], [ 79.6595278, 29.945276 ], [ 79.6602033, 29.9415062 ], [ 79.6599294, 29.9410807 ], [ 79.6606882, 29.9404929 ], [ 79.6607915, 29.938375 ], [ 79.661506, 29.9371776 ], [ 79.661754, 29.9357958 ], [ 79.6602749, 29.9343576 ], [ 79.6594466, 29.9314788 ], [ 79.6568675, 29.9304739 ] ] ] } },
{ "type": "Feature", "properties": { "gp_code": "21820", "gp_name": "MANTOLI", "blkname": "GARUR", "dtname": "Bageshwar", "SHAPE_Area": 1391153.8636294873 }, "geometry": { "type": "Polygon", "coordinates": [ [ [ 79.6544288, 29.9410891 ], [ 79.6543512, 29.9360435 ], [ 79.6530086, 29.9322421 ], [ 79.6503731, 29.9352357 ], [ 79.6480503, 29.9371989 ], [ 79.6473981, 29.9387489 ], [ 79.6476278, 29.9405349 ], [ 79.6484034, 29.9420752 ], [ 79.6507486, 29.9449039 ], [ 79.6514995, 29.9465677 ], [ 79.655194, 29.950482 ], [ 79.6575281, 29.9486187 ], [ 79.6583434, 29.9441845 ], [ 79.6578642, 29.9432444 ], [ 79.6549772, 29.9418895 ], [ 79.6544288, 29.9410891 ] ] ] } },
{ "type": "Feature", "properties": { "gp_code": "260377", "gp_name": "RAMPUR KOTHON", "blkname": "GARUR", "dtname": "Bageshwar", "SHAPE_Area": 3326252.0654811398 }, "geometry": { "type": "Polygon", "coordinates": [ [ [ 79.6378257, 29.9577557 ], [ 79.6396529, 29.9526578 ], [ 79.641349, 29.9535808 ], [ 79.6415941, 29.9563715 ], [ 79.6422464, 29.9570965 ], [ 79.6427073, 29.957152 ], [ 79.6430619, 29.9565234 ], [ 79.6430303, 29.9550325 ], [ 79.6446021, 29.9533353 ], [ 79.6437668, 29.9509398 ], [ 79.643849, 29.9500479 ], [ 79.6434412, 29.9493731 ], [ 79.6416746, 29.9482838 ], [ 79.6412956, 29.9475149 ], [ 79.6418381, 29.9468569 ], [ 79.6442405, 29.9465351 ], [ 79.6444525, 29.945404 ], [ 79.6402007, 29.9424525 ], [ 79.6403846, 29.9418285 ], [ 79.6423341, 29.9406632 ], [ 79.6424714, 29.9398922 ], [ 79.6398645, 29.9387249 ], [ 79.6347478, 29.939105 ], [ 79.6319053, 29.9382362 ], [ 79.6316148, 29.9402427 ], [ 79.6300686, 29.9434803 ], [ 79.6270318, 29.9466055 ], [ 79.6252859, 29.9475405 ], [ 79.6249993, 29.9487937 ], [ 79.6256668, 29.9519769 ], [ 79.6265941, 29.9527712 ], [ 79.6287565, 29.9502296 ], [ 79.6295609, 29.9504922 ], [ 79.6325994, 29.9554073 ], [ 79.6350939, 29.9556969 ], [ 79.6355168, 29.9561176 ], [ 79.6357407, 29.9573669 ], [ 79.6367965, 29.9583109 ], [ 79.6378257, 29.9577557 ] ] ] } },
{ "type": "Feature", "properties": { "gp_code": "21945", "gp_name": "NAUGAON", "blkname": "GARUR", "dtname": "Bageshwar", "SHAPE_Area": 1463646.2187463986 }, "geometry": { "type": "Polygon", "coordinates": [ [ [ 79.6285343, 29.9592054 ], [ 79.6282583, 29.9578405 ], [ 79.6255983, 29.9576362 ], [ 79.6241389, 29.9580137 ], [ 79.6194254, 29.9569924 ], [ 79.6214647, 29.9589807 ], [ 79.621648, 29.9596935 ], [ 79.6210914, 29.9602473 ], [ 79.6214393, 29.9618735 ], [ 79.6212181, 29.9634539 ], [ 79.62139, 29.9667894 ], [ 79.6196134, 29.9707101 ], [ 79.6185413, 29.9713914 ], [ 79.6187041, 29.9757725 ], [ 79.623581, 29.9742824 ], [ 79.6244673, 29.9729712 ], [ 79.6240318, 29.9720535 ], [ 79.6235965, 29.9692129 ], [ 79.6239775, 29.9677796 ], [ 79.6257102, 29.9663704 ], [ 79.6300979, 29.9649363 ], [ 79.6303044, 29.9644115 ], [ 79.629992, 29.9636313 ], [ 79.627368, 29.961476 ], [ 79.6277111, 29.9609316 ], [ 79.6290814, 29.9604243 ], [ 79.6285343, 29.9592054 ] ] ] } },
{ "type": "Feature", "properties": { "gp_code": "21892", "gp_name": "BOONGA", "blkname": "GARUR", "dtname": "Bageshwar", "SHAPE_Area": 161544.09549153803 }, "geometry": { "type": "Polygon", "coordinates": [ [ [ 79.6212401, 29.9674036 ], [ 79.6212181, 29.9634539 ], [ 79.6209111, 29.9633342 ], [ 79.6201341, 29.9643037 ], [ 79.6201311, 29.965275 ], [ 79.6191335, 29.9680633 ], [ 79.6186627, 29.9689288 ], [ 79.61791, 29.9693879 ], [ 79.6182737, 29.9695672 ], [ 79.6185413, 29.9713914 ], [ 79.6196134, 29.9707101 ], [ 79.6202699, 29.9696182 ], [ 79.6207033, 29.9679772 ], [ 79.6212401, 29.9674036 ] ] ] } },
{ "type": "Feature", "properties": { "gp_code": "", "gp_name": "", "blkname": "GARUR", "dtname": "Bageshwar", "SHAPE_Area": 137089.97819967588 }, "geometry": { "type": "Polygon", "coordinates": [ [ [ 79.6187567, 29.9643252 ], [ 79.61827, 29.9634321 ], [ 79.6175995, 29.9630836 ], [ 79.6174054, 29.9632962 ], [ 79.6172068, 29.9649014 ], [ 79.6155895, 29.9688571 ], [ 79.6172386, 29.969312 ], [ 79.6172633, 29.9687174 ], [ 79.6184997, 29.9664357 ], [ 79.6187567, 29.9643252 ] ] ] } },
{ "type": "Feature", "properties": { "gp_code": "21890", "gp_name": "BHILKOT", "blkname": "GARUR", "dtname": "Bageshwar", "SHAPE_Area": 97488.497052322607 }, "geometry": { "type": "Polygon", "coordinates": [ [ [ 79.6201341, 29.9643037 ], [ 79.6187567, 29.9643252 ], [ 79.6184997, 29.9664357 ], [ 79.6172633, 29.9687174 ], [ 79.6172386, 29.969312 ], [ 79.61791, 29.9693879 ], [ 79.6186627, 29.9689288 ], [ 79.6201311, 29.965275 ], [ 79.6201341, 29.9643037 ] ] ] } },
{ "type": "Feature", "properties": { "gp_code": "21882", "gp_name": "AMSYARI", "blkname": "GARUR", "dtname": "Bageshwar", "SHAPE_Area": 472470.16359868419 }, "geometry": { "type": "Polygon", "coordinates": [ [ [ 79.6206259, 29.9635417 ], [ 79.6212181, 29.9634539 ], [ 79.6214393, 29.9618735 ], [ 79.6210914, 29.9602473 ], [ 79.621648, 29.9596935 ], [ 79.6214647, 29.9589807 ], [ 79.6194254, 29.9569924 ], [ 79.6177435, 29.956146 ], [ 79.6171232, 29.954301 ], [ 79.6161551, 29.952693 ], [ 79.6154276, 29.9523939 ], [ 79.6145004, 29.9531698 ], [ 79.6151698, 29.9537765 ], [ 79.6148066, 29.957145 ], [ 79.615886, 29.9577522 ], [ 79.6176172, 29.9577246 ], [ 79.6184131, 29.9603515 ], [ 79.618516, 29.961839 ], [ 79.6175995, 29.9630836 ], [ 79.61827, 29.9634321 ], [ 79.6187567, 29.9643252 ], [ 79.6201341, 29.9643037 ], [ 79.6206259, 29.9635417 ] ] ] } },
{ "type": "Feature", "properties": { "gp_code": "21943", "gp_name": "MAVWAI", "blkname": "GARUR", "dtname": "Bageshwar", "SHAPE_Area": 693312.7637000439 }, "geometry": { "type": "Polygon", "coordinates": [ [ [ 79.6276353, 29.9577945 ], [ 79.6272734, 29.9570007 ], [ 79.6273457, 29.9556827 ], [ 79.6267148, 29.9535602 ], [ 79.6262387, 29.9529148 ], [ 79.6241791, 29.9527416 ], [ 79.6225536, 29.9520638 ], [ 79.6211992, 29.9520606 ], [ 79.6195699, 29.952602 ], [ 79.6161551, 29.952693 ], [ 79.6171232, 29.954301 ], [ 79.6177435, 29.956146 ], [ 79.6186183, 29.9566634 ], [ 79.6241389, 29.9580137 ], [ 79.6255983, 29.9576362 ], [ 79.6276353, 29.9577945 ] ] ] } },
{ "type": "Feature", "properties": { "gp_code": "21895", "gp_name": "CHATIA", "blkname": "GARUR", "dtname": "Bageshwar", "SHAPE_Area": 2705509.5426266254 }, "geometry": { "type": "Polygon", "coordinates": [ [ [ 79.6252859, 29.9475405 ], [ 79.6270318, 29.9466055 ], [ 79.6300686, 29.9434803 ], [ 79.6301233, 29.9423456 ], [ 79.6255813, 29.9426919 ], [ 79.6264062, 29.9408651 ], [ 79.6258197, 29.9391441 ], [ 79.622136, 29.9361075 ], [ 79.6191846, 29.9319487 ], [ 79.6161404, 29.9323566 ], [ 79.6150643, 29.9321285 ], [ 79.6111834, 29.9322382 ], [ 79.6100136, 29.931492 ], [ 79.6095852, 29.9302173 ], [ 79.6092967, 29.9315002 ], [ 79.6109197, 29.9346412 ], [ 79.6118053, 29.9353074 ], [ 79.6122197, 29.9382296 ], [ 79.6140786, 29.9434306 ], [ 79.6141892, 29.9444419 ], [ 79.614947, 29.9459404 ], [ 79.6216998, 29.9484243 ], [ 79.6252859, 29.9475405 ] ] ] } },
{ "type": "Feature", "properties": { "gp_code": "", "gp_name": "", "blkname": "GARUR", "dtname": "Bageshwar", "SHAPE_Area": 702836.18457180902 }, "geometry": { "type": "Polygon", "coordinates": [ [ [ 79.6241791, 29.9527416 ], [ 79.6265941, 29.9527712 ], [ 79.6258249, 29.9523737 ], [ 79.6249993, 29.9487937 ], [ 79.6252859, 29.9475405 ], [ 79.6216998, 29.9484243 ], [ 79.614947, 29.9459404 ], [ 79.6155915, 29.9473097 ], [ 79.6157134, 29.9483606 ], [ 79.6154276, 29.9523939 ], [ 79.6161551, 29.952693 ], [ 79.6183632, 29.9526883 ], [ 79.6211992, 29.9520606 ], [ 79.6225536, 29.9520638 ], [ 79.6241791, 29.9527416 ] ] ] } },
{ "type": "Feature", "properties": { "gp_code": "", "gp_name": "", "blkname": "GARUR", "dtname": "Bageshwar", "SHAPE_Area": 293967376.81942093 }, "geometry": { "type": "Polygon", "coordinates": [ [ [ 79.4877977, 30.0220478 ], [ 79.4925594, 30.022123 ], [ 79.4933538, 30.0215397 ], [ 79.493975, 30.0197411 ], [ 79.4984839, 30.0153982 ], [ 79.5014996, 30.0147981 ], [ 79.5047981, 30.0145683 ], [ 79.5086402, 30.013727 ], [ 79.5165827, 30.013822 ], [ 79.5231589, 30.0134683 ], [ 79.5237936, 30.0130259 ], [ 79.5259547, 30.0085897 ], [ 79.5266552, 30.0069747 ], [ 79.5268861, 30.0053227 ], [ 79.5328982, 29.9999201 ], [ 79.5364032, 29.9993706 ], [ 79.5400804, 29.9972489 ], [ 79.5440842, 29.9971841 ], [ 79.5477223, 29.9958326 ], [ 79.5479873, 29.9965321 ], [ 79.5497724, 29.9981138 ], [ 79.5545472, 29.999909 ], [ 79.5589685, 30.0022805 ], [ 79.5624589, 30.0033937 ], [ 79.5637522, 30.0031471 ], [ 79.5645916, 30.0025008 ], [ 79.5661029, 30.0023538 ], [ 79.5702309, 30.0041774 ], [ 79.5772234, 30.0049143 ], [ 79.5790147, 30.0058797 ], [ 79.5812227, 30.0050147 ], [ 79.5841933, 30.005049 ], [ 79.5874415, 30.0044798 ], [ 79.587634, 30.0055909 ], [ 79.5883831, 30.0068012 ], [ 79.5903393, 30.0079879 ], [ 79.5952937, 30.010115 ], [ 79.5956742, 30.0123816 ], [ 79.5963357, 30.0132818 ], [ 79.6020173, 30.0145652 ], [ 79.6029242, 30.0150917 ], [ 79.6033192, 30.0160878 ], [ 79.6043877, 30.0171743 ], [ 79.607339, 30.0190378 ], [ 79.6101337, 30.0201102 ], [ 79.6151665, 30.0202947 ], [ 79.617369, 30.0188581 ], [ 79.6206294, 30.0177551 ], [ 79.622366, 30.0174216 ], [ 79.6262828, 30.0173687 ], [ 79.6283981, 30.018013 ], [ 79.6299999, 30.0193482 ], [ 79.6320878, 30.0200827 ], [ 79.6348129, 30.0202142 ], [ 79.6377978, 30.0197757 ], [ 79.6423047, 30.0176889 ], [ 79.6441258, 30.016378 ], [ 79.6451155, 30.01497 ], [ 79.6458874, 30.0144449 ], [ 79.6508237, 30.0135917 ], [ 79.6546639, 30.0121004 ], [ 79.6569181, 30.0091643 ], [ 79.6601722, 30.0063812 ], [ 79.6622072, 30.0051327 ], [ 79.6638622, 30.0046918 ], [ 79.6655157, 30.0048019 ], [ 79.6663518, 30.0051857 ], [ 79.6674378, 30.006523 ], [ 79.6677792, 30.0077175 ], [ 79.6692411, 30.0088789 ], [ 79.6707592, 30.008775 ], [ 79.6674067, 30.0062277 ], [ 79.6673258, 30.0056069 ], [ 79.6678782, 30.0052199 ], [ 79.6680911, 30.0046118 ], [ 79.6685372, 30.004728 ], [ 79.669613, 30.006471 ], [ 79.6716812, 30.0078025 ], [ 79.6733192, 30.0083977 ], [ 79.6762674, 30.0083281 ], [ 79.6775809, 30.00918 ], [ 79.6799589, 30.0094779 ], [ 79.6820827, 30.00934 ], [ 79.6879724, 30.008113 ], [ 79.6909432, 30.005887 ], [ 79.6947232, 30.004279 ], [ 79.6977341, 30.0047319 ], [ 79.7019931, 30.0039135 ], [ 79.7063769, 30.0037634 ], [ 79.7087504, 30.0042278 ], [ 79.7117854, 30.0029271 ], [ 79.7139421, 30.0027682 ], [ 79.7185865, 30.0014695 ], [ 79.7206986, 30.0013415 ], [ 79.7250892, 30.0019018 ], [ 79.7269999, 30.0016469 ], [ 79.7286118, 30.0019446 ], [ 79.7306085, 30.0034748 ], [ 79.7351043, 30.0046262 ], [ 79.7369433, 30.0056532 ], [ 79.7383649, 30.0057637 ], [ 79.7425412, 30.0039118 ], [ 79.7463108, 30.0047332 ], [ 79.7480968, 30.0048228 ], [ 79.7474988, 30.0037778 ], [ 79.7475009, 30.0027779 ], [ 79.7460362, 30.0000061 ], [ 79.7440649, 29.9986844 ], [ 79.7408083, 29.9973606 ], [ 79.7349346, 29.9962522 ], [ 79.7328709, 29.9952499 ], [ 79.7318048, 29.9953355 ], [ 79.7274499, 29.9970789 ], [ 79.7257528, 29.996904 ], [ 79.71956, 29.9944082 ], [ 79.7181626, 29.993207 ], [ 79.7178685, 29.9913684 ], [ 79.7203062, 29.9892947 ], [ 79.7205382, 29.9881763 ], [ 79.7180197, 29.9854946 ], [ 79.7172251, 29.981697 ], [ 79.7162428, 29.9797173 ], [ 79.7151342, 29.9728421 ], [ 79.7156422, 29.9715043 ], [ 79.7182394, 29.9697506 ], [ 79.719024, 29.9678338 ], [ 79.7195054, 29.9618577 ], [ 79.7234508, 29.9586103 ], [ 79.7244659, 29.9561744 ], [ 79.7270429, 29.9548708 ], [ 79.7301894, 29.9516483 ], [ 79.7347617, 29.9487586 ], [ 79.7371296, 29.9465844 ], [ 79.7401199, 29.9429926 ], [ 79.7421501, 29.9411927 ], [ 79.7483064, 29.9338938 ], [ 79.7479682, 29.9309959 ], [ 79.7471691, 29.9291563 ], [ 79.7467388, 29.9264181 ], [ 79.7475234, 29.9241613 ], [ 79.75452, 29.9181066 ], [ 79.7550128, 29.9160214 ], [ 79.7540405, 29.9135082 ], [ 79.7563259, 29.9098605 ], [ 79.7564708, 29.9091288 ], [ 79.7544715, 29.9047389 ], [ 79.7516789, 29.9026638 ], [ 79.7506995, 29.90038 ], [ 79.7494789, 29.9030152 ], [ 79.7484506, 29.9038123 ], [ 79.7466441, 29.9044935 ], [ 79.7422353, 29.9041467 ], [ 79.7407632, 29.9056175 ], [ 79.7408508, 29.907032 ], [ 79.743246, 29.9096329 ], [ 79.742251, 29.9112172 ], [ 79.739745, 29.9134237 ], [ 79.7390188, 29.9178236 ], [ 79.7382327, 29.9182981 ], [ 79.7358822, 29.9160515 ], [ 79.7344831, 29.9158536 ], [ 79.7330601, 29.9171862 ], [ 79.7320174, 29.9212033 ], [ 79.7336252, 29.9231921 ], [ 79.7345656, 29.9252974 ], [ 79.7344942, 29.9264794 ], [ 79.7349134, 29.9273622 ], [ 79.7363729, 29.9286383 ], [ 79.7395517, 29.929481 ], [ 79.7405795, 29.9304392 ], [ 79.7417851, 29.9307682 ], [ 79.7422279, 29.9312546 ], [ 79.7408204, 29.9322336 ], [ 79.7378617, 29.9322041 ], [ 79.7367857, 29.9324898 ], [ 79.7356574, 29.933271 ], [ 79.7344822, 29.9348464 ], [ 79.7344335, 29.9361732 ], [ 79.7338011, 29.936519 ], [ 79.7321283, 29.9364766 ], [ 79.7311352, 29.9378428 ], [ 79.7292763, 29.9394649 ], [ 79.7284252, 29.9411141 ], [ 79.72918, 29.9420174 ], [ 79.72517, 29.9463172 ], [ 79.7243204, 29.9480166 ], [ 79.7235605, 29.9484158 ], [ 79.7225027, 29.948008 ], [ 79.7212392, 29.9482012 ], [ 79.7192535, 29.9491082 ], [ 79.7151161, 29.9530769 ], [ 79.7132009, 29.9544116 ], [ 79.7128694, 29.9550057 ], [ 79.7105785, 29.9563198 ], [ 79.7094745, 29.9574948 ], [ 79.7087508, 29.9603084 ], [ 79.7037218, 29.9641647 ], [ 79.7035352, 29.9660277 ], [ 79.7027443, 29.9682661 ], [ 79.7008505, 29.970007 ], [ 79.7001004, 29.9718095 ], [ 79.7009237, 29.9750073 ], [ 79.7009622, 29.9774948 ], [ 79.7036671, 29.9797399 ], [ 79.703938, 29.9813076 ], [ 79.7031268, 29.9825252 ], [ 79.7021128, 29.9828503 ], [ 79.7016123, 29.9826611 ], [ 79.7002847, 29.9808549 ], [ 79.6994664, 29.9802984 ], [ 79.6972132, 29.9799175 ], [ 79.6966994, 29.9805211 ], [ 79.6968336, 29.9815125 ], [ 79.6974125, 29.9822173 ], [ 79.700956, 29.9857026 ], [ 79.7007489, 29.9865743 ], [ 79.7000933, 29.9869745 ], [ 79.6986162, 29.9871884 ], [ 79.6978903, 29.9869655 ], [ 79.6951341, 29.9851169 ], [ 79.6921125, 29.9824055 ], [ 79.6915229, 29.9814381 ], [ 79.6902158, 29.9806179 ], [ 79.689679, 29.9812809 ], [ 79.6892749, 29.9835497 ], [ 79.6871055, 29.9860134 ], [ 79.6863801, 29.9864183 ], [ 79.6860301, 29.987488 ], [ 79.6848851, 29.987793 ], [ 79.6837917, 29.9866812 ], [ 79.6837428, 29.9859672 ], [ 79.6841966, 29.9854626 ], [ 79.6852213, 29.9854399 ], [ 79.6858859, 29.9850176 ], [ 79.6869843, 29.9827525 ], [ 79.6870546, 29.9819895 ], [ 79.6864069, 29.9814778 ], [ 79.6849889, 29.9817525 ], [ 79.6836241, 29.9812246 ], [ 79.6823854, 29.9798241 ], [ 79.6818434, 29.9786344 ], [ 79.681965, 29.9778417 ], [ 79.6826729, 29.9770502 ], [ 79.6834591, 29.9767792 ], [ 79.6872149, 29.9771532 ], [ 79.6899832, 29.9785956 ], [ 79.6934321, 29.9788004 ], [ 79.6953167, 29.9785309 ], [ 79.6955173, 29.9780561 ], [ 79.6951605, 29.977348 ], [ 79.6926862, 29.9752769 ], [ 79.6923667, 29.9746593 ], [ 79.6931249, 29.9741999 ], [ 79.6950423, 29.9744959 ], [ 79.6942598, 29.97331 ], [ 79.6947293, 29.9721711 ], [ 79.69247, 29.9712189 ], [ 79.6908363, 29.9694263 ], [ 79.6906965, 29.9688779 ], [ 79.6909883, 29.9682689 ], [ 79.6929676, 29.9669628 ], [ 79.6936004, 29.9661033 ], [ 79.6943861, 29.9614267 ], [ 79.6965249, 29.9595971 ], [ 79.6978802, 29.9592726 ], [ 79.6987501, 29.9595963 ], [ 79.6992484, 29.9606602 ], [ 79.6991358, 29.9613092 ], [ 79.6971537, 29.9630722 ], [ 79.6964726, 29.9646468 ], [ 79.6968182, 29.9652818 ], [ 79.6978082, 29.9654125 ], [ 79.7002268, 29.9631622 ], [ 79.701834, 29.9622533 ], [ 79.7068448, 29.9581373 ], [ 79.7078396, 29.9569765 ], [ 79.7080749, 29.9561171 ], [ 79.707786, 29.9555665 ], [ 79.7057054, 29.9546112 ], [ 79.7048648, 29.9538961 ], [ 79.6953329, 29.9538639 ], [ 79.6890826, 29.9555144 ], [ 79.6868478, 29.9570463 ], [ 79.6858681, 29.9573616 ], [ 79.6809731, 29.9575998 ], [ 79.6799663, 29.9587723 ], [ 79.677665, 29.9603486 ], [ 79.677062, 29.9613497 ], [ 79.67742, 29.9615437 ], [ 79.6775834, 29.9621883 ], [ 79.6794453, 29.9618649 ], [ 79.6797623, 29.9625147 ], [ 79.6780104, 29.9640958 ], [ 79.6761872, 29.9650449 ], [ 79.6750116, 29.9662418 ], [ 79.6749687, 29.9695322 ], [ 79.6728412, 29.9725395 ], [ 79.6726475, 29.9734127 ], [ 79.6733217, 29.9767442 ], [ 79.6733953, 29.9790437 ], [ 79.6732002, 29.979638 ], [ 79.6712248, 29.9818441 ], [ 79.666354, 29.9853724 ], [ 79.6640968, 29.9864629 ], [ 79.6628294, 29.987818 ], [ 79.6588095, 29.9898623 ], [ 79.6529852, 29.9883123 ], [ 79.6511552, 29.9893889 ], [ 79.6494362, 29.9893258 ], [ 79.648262, 29.9898683 ], [ 79.6440738, 29.9941593 ], [ 79.6438417, 29.9947546 ], [ 79.6429583, 29.9951193 ], [ 79.6423243, 29.9958414 ], [ 79.6426114, 29.9969322 ], [ 79.641725, 29.9983276 ], [ 79.6415828, 30.0002202 ], [ 79.6410519, 30.0007096 ], [ 79.6400606, 30.0011168 ], [ 79.6391727, 30.000874 ], [ 79.6381939, 29.9993142 ], [ 79.6377086, 29.9973376 ], [ 79.6379622, 29.9962876 ], [ 79.6413856, 29.9939171 ], [ 79.6448815, 29.989776 ], [ 79.6474561, 29.9890192 ], [ 79.6518134, 29.9861247 ], [ 79.6547304, 29.9852687 ], [ 79.660209, 29.9843586 ], [ 79.6619755, 29.9836685 ], [ 79.6659048, 29.9830919 ], [ 79.6691549, 29.9810669 ], [ 79.6711709, 29.9790976 ], [ 79.6713935, 29.9783657 ], [ 79.6707116, 29.9779084 ], [ 79.6695325, 29.9761121 ], [ 79.6695524, 29.9729406 ], [ 79.6690873, 29.9723351 ], [ 79.6677344, 29.9716881 ], [ 79.6667986, 29.9704572 ], [ 79.6667318, 29.969902 ], [ 79.6689673, 29.9682911 ], [ 79.6706426, 29.967576 ], [ 79.6705644, 29.9670009 ], [ 79.6697341, 29.9667812 ], [ 79.6677622, 29.9677287 ], [ 79.6615996, 29.9728506 ], [ 79.659858, 29.9734013 ], [ 79.6594941, 29.9732419 ], [ 79.6591778, 29.972379 ], [ 79.6646663, 29.9676033 ], [ 79.6694954, 29.964511 ], [ 79.6700158, 29.9636151 ], [ 79.6719474, 29.9627667 ], [ 79.6739411, 29.9612917 ], [ 79.6751061, 29.9595506 ], [ 79.6772287, 29.9574735 ], [ 79.6799973, 29.9564085 ], [ 79.6846535, 29.955413 ], [ 79.6883133, 29.9536693 ], [ 79.6922363, 29.9528938 ], [ 79.6918855, 29.9520755 ], [ 79.6898535, 29.9509715 ], [ 79.6879826, 29.9494266 ], [ 79.6880407, 29.9489608 ], [ 79.6887238, 29.9488779 ], [ 79.6938388, 29.9515439 ], [ 79.6947858, 29.9517564 ], [ 79.6982687, 29.9516935 ], [ 79.6998211, 29.950963 ], [ 79.7072639, 29.9525525 ], [ 79.708236, 29.9530151 ], [ 79.7141465, 29.9491106 ], [ 79.7165415, 29.9470135 ], [ 79.7182504, 29.9462335 ], [ 79.7212164, 29.9436635 ], [ 79.7213424, 29.9428614 ], [ 79.7219454, 29.9429244 ], [ 79.7241018, 29.9405443 ], [ 79.7250571, 29.9383059 ], [ 79.7245808, 29.9375221 ], [ 79.7223156, 29.9356498 ], [ 79.7177552, 29.9339049 ], [ 79.7155386, 29.9340571 ], [ 79.7137162, 29.9347527 ], [ 79.7122829, 29.9344924 ], [ 79.7117784, 29.9336813 ], [ 79.7127813, 29.9330462 ], [ 79.7126264, 29.9323595 ], [ 79.7119505, 29.9318528 ], [ 79.709653, 29.9313184 ], [ 79.709489, 29.9309217 ], [ 79.7098035, 29.9302631 ], [ 79.7112744, 29.9290217 ], [ 79.7129059, 29.9296541 ], [ 79.715204, 29.9298762 ], [ 79.7160065, 29.9298132 ], [ 79.7169013, 29.9291358 ], [ 79.7185115, 29.9291733 ], [ 79.7197285, 29.9294331 ], [ 79.7199951, 29.9297854 ], [ 79.7189174, 29.9307847 ], [ 79.7188482, 29.9311909 ], [ 79.7191989, 29.9320985 ], [ 79.7198917, 29.9327142 ], [ 79.7214492, 29.9334008 ], [ 79.7247079, 29.93413 ], [ 79.727234, 29.9342482 ], [ 79.7274287, 29.9336984 ], [ 79.7270035, 29.9304367 ], [ 79.7272187, 29.9283357 ], [ 79.7289597, 29.9283684 ], [ 79.7299466, 29.9271955 ], [ 79.7291695, 29.9261385 ], [ 79.7273667, 29.9257688 ], [ 79.7257244, 29.9248491 ], [ 79.7255349, 29.9243577 ], [ 79.7257745, 29.9240761 ], [ 79.7291132, 29.924555 ], [ 79.7307751, 29.9243 ], [ 79.7309008, 29.9240723 ], [ 79.7296981, 29.9224464 ], [ 79.7290607, 29.920263 ], [ 79.7295482, 29.9181921 ], [ 79.7314323, 29.9151819 ], [ 79.7315149, 29.913834 ], [ 79.7309824, 29.9127626 ], [ 79.7292328, 29.9115801 ], [ 79.7292396, 29.9110895 ], [ 79.7301742, 29.9103426 ], [ 79.7300953, 29.9099906 ], [ 79.7296076, 29.9093059 ], [ 79.7271631, 29.9085484 ], [ 79.7262751, 29.9062324 ], [ 79.7288377, 29.9050274 ], [ 79.731664, 29.9028662 ], [ 79.7332374, 29.9026334 ], [ 79.7380433, 29.900382 ], [ 79.7401987, 29.8985211 ], [ 79.7416289, 29.8979881 ], [ 79.7452233, 29.8957135 ], [ 79.7463497, 29.8954177 ], [ 79.7484692, 29.8955098 ], [ 79.7445573, 29.8911474 ], [ 79.7415268, 29.8903571 ], [ 79.7390673, 29.890853 ], [ 79.736028, 29.8942042 ], [ 79.7340583, 29.8955577 ], [ 79.7255307, 29.8976143 ], [ 79.7223001, 29.8988227 ], [ 79.7158223, 29.9051309 ], [ 79.7127984, 29.9058842 ], [ 79.7112689, 29.9049889 ], [ 79.7066244, 29.9043647 ], [ 79.7025656, 29.900912 ], [ 79.7028246, 29.8997164 ], [ 79.7022217, 29.8990905 ], [ 79.7001907, 29.9001668 ], [ 79.6991875, 29.8994075 ], [ 79.6979845, 29.897476 ], [ 79.6958974, 29.8963653 ], [ 79.6900012, 29.8946403 ], [ 79.6886523, 29.8933524 ], [ 79.687224, 29.8910646 ], [ 79.6860644, 29.8878669 ], [ 79.6839556, 29.8873272 ], [ 79.6803084, 29.8875522 ], [ 79.674516, 29.885559 ], [ 79.6744903, 29.8867097 ], [ 79.6766372, 29.8900365 ], [ 79.6760377, 29.8912595 ], [ 79.6749138, 29.8913172 ], [ 79.6699642, 29.8898084 ], [ 79.6681057, 29.8901244 ], [ 79.6658782, 29.8912189 ], [ 79.6668145, 29.8926657 ], [ 79.6682795, 29.8937218 ], [ 79.6703185, 29.8945253 ], [ 79.6716894, 29.8964665 ], [ 79.6751592, 29.898252 ], [ 79.6772457, 29.898506 ], [ 79.6776345, 29.8989264 ], [ 79.6761767, 29.899453 ], [ 79.6746513, 29.8995199 ], [ 79.6712026, 29.8983939 ], [ 79.6668112, 29.8981731 ], [ 79.6652043, 29.8986713 ], [ 79.6647546, 29.8995896 ], [ 79.6648034, 29.9014314 ], [ 79.6616393, 29.9065023 ], [ 79.6604662, 29.9076789 ], [ 79.6585938, 29.908804 ], [ 79.6580399, 29.9100118 ], [ 79.6600522, 29.9112275 ], [ 79.6618182, 29.9112911 ], [ 79.6638345, 29.9120946 ], [ 79.6643118, 29.9136843 ], [ 79.6678423, 29.9186672 ], [ 79.6678168, 29.9196064 ], [ 79.6641708, 29.9275119 ], [ 79.6620169, 29.9269817 ], [ 79.6611663, 29.9272458 ], [ 79.6597633, 29.9285617 ], [ 79.6599876, 29.9304205 ], [ 79.6594466, 29.9314788 ], [ 79.6597285, 29.9328378 ], [ 79.6602749, 29.9343576 ], [ 79.661754, 29.9357958 ], [ 79.661506, 29.9371776 ], [ 79.6607915, 29.938375 ], [ 79.6608733, 29.9399238 ], [ 79.6605153, 29.9407922 ], [ 79.6627325, 29.9412199 ], [ 79.6636776, 29.9410335 ], [ 79.664568, 29.9400492 ], [ 79.6662767, 29.939458 ], [ 79.671475, 29.9404449 ], [ 79.6752765, 29.940294 ], [ 79.6782625, 29.9408302 ], [ 79.6781228, 29.9420491 ], [ 79.6768237, 29.9426809 ], [ 79.6744852, 29.9447081 ], [ 79.6725521, 29.9483517 ], [ 79.6714936, 29.9483694 ], [ 79.6702779, 29.9467657 ], [ 79.668133, 29.9453097 ], [ 79.6670805, 29.9430973 ], [ 79.6659333, 29.9422821 ], [ 79.6654469, 29.9412046 ], [ 79.6631792, 29.9422467 ], [ 79.6622798, 29.9444502 ], [ 79.6617565, 29.9443401 ], [ 79.6604989, 29.9422956 ], [ 79.6601329, 29.9421802 ], [ 79.6595278, 29.945276 ], [ 79.6599406, 29.9464656 ], [ 79.6594856, 29.9480833 ], [ 79.6582706, 29.9503397 ], [ 79.6577306, 29.9520859 ], [ 79.6578075, 29.9533349 ], [ 79.656747, 29.9530779 ], [ 79.655194, 29.950482 ], [ 79.6514995, 29.9465677 ], [ 79.6507486, 29.9449039 ], [ 79.6484034, 29.9420752 ], [ 79.6476278, 29.9405349 ], [ 79.6473981, 29.9387489 ], [ 79.6480503, 29.9371989 ], [ 79.6503731, 29.9352357 ], [ 79.6530086, 29.9322421 ], [ 79.6543145, 29.9246337 ], [ 79.6553867, 29.9226877 ], [ 79.656088, 29.9220897 ], [ 79.6577412, 29.9215137 ], [ 79.656185, 29.9202015 ], [ 79.6565212, 29.9189234 ], [ 79.656367, 29.9176641 ], [ 79.6555391, 29.9174226 ], [ 79.6532127, 29.9180103 ], [ 79.6503101, 29.9177068 ], [ 79.6449984, 29.9154198 ], [ 79.642589, 29.9152329 ], [ 79.6429557, 29.9157458 ], [ 79.6425163, 29.9181436 ], [ 79.6416801, 29.9200449 ], [ 79.6408133, 29.9207368 ], [ 79.6417407, 29.9217053 ], [ 79.642267, 29.9246504 ], [ 79.6421174, 29.9251952 ], [ 79.6424791, 29.9260583 ], [ 79.6417171, 29.9298133 ], [ 79.6400718, 29.9320795 ], [ 79.640858, 29.9356198 ], [ 79.6398645, 29.9387249 ], [ 79.6424714, 29.9398922 ], [ 79.6425062, 29.9401878 ], [ 79.6416723, 29.9412763 ], [ 79.6403846, 29.9418285 ], [ 79.6402007, 29.9424525 ], [ 79.6444525, 29.945404 ], [ 79.6442405, 29.9465351 ], [ 79.6418381, 29.9468569 ], [ 79.6412956, 29.9475149 ], [ 79.6416746, 29.9482838 ], [ 79.6434412, 29.9493731 ], [ 79.643849, 29.9500479 ], [ 79.6437668, 29.9509398 ], [ 79.6446021, 29.9533353 ], [ 79.6430303, 29.9550325 ], [ 79.6430619, 29.9565234 ], [ 79.6425079, 29.957211 ], [ 79.6415941, 29.9563715 ], [ 79.641349, 29.9535808 ], [ 79.6396529, 29.9526578 ], [ 79.6378257, 29.9577557 ], [ 79.6367965, 29.9583109 ], [ 79.6357407, 29.9573669 ], [ 79.6355168, 29.9561176 ], [ 79.6350939, 29.9556969 ], [ 79.6325994, 29.9554073 ], [ 79.6295609, 29.9504922 ], [ 79.6287565, 29.9502296 ], [ 79.6262387, 29.9529148 ], [ 79.6267148, 29.9535602 ], [ 79.6273457, 29.9556827 ], [ 79.6272734, 29.9570007 ], [ 79.6276353, 29.9577945 ], [ 79.6284457, 29.9579797 ], [ 79.6285343, 29.9592054 ], [ 79.6291163, 29.9601618 ], [ 79.6289643, 29.9605678 ], [ 79.6277111, 29.9609316 ], [ 79.627368, 29.961476 ], [ 79.629992, 29.9636313 ], [ 79.6303044, 29.9644115 ], [ 79.6300979, 29.9649363 ], [ 79.6257102, 29.9663704 ], [ 79.6239775, 29.9677796 ], [ 79.6235965, 29.9692129 ], [ 79.6240318, 29.9720535 ], [ 79.6244673, 29.9729712 ], [ 79.623581, 29.9742824 ], [ 79.6187041, 29.9757725 ], [ 79.6187411, 29.9730223 ], [ 79.6182737, 29.9695672 ], [ 79.6166583, 29.9692462 ], [ 79.6166091, 29.9704156 ], [ 79.6144176, 29.9723034 ], [ 79.6122463, 29.9715697 ], [ 79.6123578, 29.9756881 ], [ 79.6120478, 29.9765298 ], [ 79.6113044, 29.9775984 ], [ 79.6098436, 29.9787545 ], [ 79.6084099, 29.978533 ], [ 79.6076273, 29.9776292 ], [ 79.6066506, 29.9745502 ], [ 79.6047766, 29.9719829 ], [ 79.6035733, 29.9709492 ], [ 79.6029755, 29.969243 ], [ 79.6032408, 29.9681831 ], [ 79.6044621, 29.9671454 ], [ 79.6063387, 29.9676555 ], [ 79.6076337, 29.9684923 ], [ 79.6078588, 29.9672828 ], [ 79.6053653, 29.9659384 ], [ 79.6054475, 29.9651259 ], [ 79.6061224, 29.9640968 ], [ 79.6014496, 29.9606399 ], [ 79.6017133, 29.9600657 ], [ 79.6012382, 29.9567389 ], [ 79.6017831, 29.9543284 ], [ 79.5994549, 29.9536338 ], [ 79.5984741, 29.9524767 ], [ 79.5982014, 29.9514898 ], [ 79.5974411, 29.951649 ], [ 79.5952977, 29.951018 ], [ 79.593403, 29.9521996 ], [ 79.5928175, 29.9533051 ], [ 79.5940152, 29.9559718 ], [ 79.5939079, 29.9578212 ], [ 79.5946955, 29.9602057 ], [ 79.5936751, 29.9607135 ], [ 79.5919087, 29.9606075 ], [ 79.5914041, 29.9624621 ], [ 79.590384, 29.9637862 ], [ 79.5915796, 29.9661892 ], [ 79.5915992, 29.9671147 ], [ 79.5931432, 29.9692396 ], [ 79.5957919, 29.9703365 ], [ 79.5998415, 29.9712088 ], [ 79.6007495, 29.9720337 ], [ 79.6007343, 29.9732329 ], [ 79.6012332, 29.9738189 ], [ 79.6031975, 29.9753897 ], [ 79.6045397, 29.9757596 ], [ 79.6059022, 29.976873 ], [ 79.6063379, 29.9776669 ], [ 79.6050714, 29.9786567 ], [ 79.6010244, 29.9802705 ], [ 79.5978531, 29.9822398 ], [ 79.5956148, 29.9843453 ], [ 79.594607, 29.9861367 ], [ 79.5935471, 29.9864908 ], [ 79.5923081, 29.9859029 ], [ 79.5915054, 29.9859158 ], [ 79.5905988, 29.9846548 ], [ 79.5897738, 29.9845288 ], [ 79.588894, 29.9837882 ], [ 79.5888512, 29.9812757 ], [ 79.5896816, 29.9782301 ], [ 79.5895021, 29.9772733 ], [ 79.5903392, 29.9754419 ], [ 79.5896213, 29.9756779 ], [ 79.5890023, 29.9735356 ], [ 79.5864108, 29.9706597 ], [ 79.5857392, 29.9715116 ], [ 79.5852091, 29.9734132 ], [ 79.5847633, 29.9739373 ], [ 79.5847022, 29.9751778 ], [ 79.5806127, 29.9759782 ], [ 79.5790581, 29.9778325 ], [ 79.5778344, 29.9777996 ], [ 79.5747017, 29.9767656 ], [ 79.5721226, 29.9767289 ], [ 79.5690239, 29.9756788 ], [ 79.5656311, 29.9752375 ], [ 79.5634165, 29.9785716 ], [ 79.5596823, 29.9810046 ], [ 79.5593157, 29.9816279 ], [ 79.559334, 29.9821037 ], [ 79.5600797, 29.9828887 ], [ 79.5606808, 29.985187 ], [ 79.5602073, 29.9868045 ], [ 79.5577727, 29.9880609 ], [ 79.5574107, 29.9896812 ], [ 79.556403, 29.9906042 ], [ 79.5570575, 29.9922314 ], [ 79.556979, 29.9934849 ], [ 79.556468, 29.9940789 ], [ 79.5556809, 29.9942915 ], [ 79.5532907, 29.9940719 ], [ 79.5527238, 29.993436 ], [ 79.5522391, 29.9921017 ], [ 79.5546334, 29.9896108 ], [ 79.5540487, 29.9875923 ], [ 79.5546969, 29.9854409 ], [ 79.5542572, 29.9850383 ], [ 79.5530322, 29.9853323 ], [ 79.5520458, 29.9850075 ], [ 79.5517568, 29.9846449 ], [ 79.5517885, 29.9837629 ], [ 79.554126, 29.9811925 ], [ 79.5557063, 29.9802008 ], [ 79.5568424, 29.9776915 ], [ 79.5571688, 29.9724296 ], [ 79.561063, 29.9689713 ], [ 79.5625525, 29.9662596 ], [ 79.5616142, 29.9660242 ], [ 79.5606436, 29.966864 ], [ 79.557821, 29.9682798 ], [ 79.5562699, 29.9707373 ], [ 79.556111, 29.972174 ], [ 79.5533871, 29.9746195 ], [ 79.5510698, 29.9779234 ], [ 79.5503185, 29.9810284 ], [ 79.5497456, 29.9820129 ], [ 79.5499975, 29.9847391 ], [ 79.549465, 29.98559 ], [ 79.5475064, 29.9841574 ], [ 79.5449154, 29.9813503 ], [ 79.5439821, 29.979752 ], [ 79.5431372, 29.9773412 ], [ 79.5432893, 29.9762415 ], [ 79.5442633, 29.9745396 ], [ 79.5495994, 29.9691133 ], [ 79.5503184, 29.9678317 ], [ 79.5482138, 29.9674889 ], [ 79.5479732, 29.9678946 ], [ 79.5471538, 29.9678428 ], [ 79.5441, 29.9686866 ], [ 79.5404724, 29.9707577 ], [ 79.5385968, 29.9731163 ], [ 79.5373537, 29.9736627 ], [ 79.5335297, 29.9764268 ], [ 79.5333857, 29.9768575 ], [ 79.5341429, 29.9783067 ], [ 79.535938, 29.9807797 ], [ 79.5360505, 29.9811467 ], [ 79.5356155, 29.9817699 ], [ 79.5330699, 29.9805831 ], [ 79.5307825, 29.9803585 ], [ 79.5280246, 29.9810938 ], [ 79.5264885, 29.9823728 ], [ 79.524681, 29.9846272 ], [ 79.5241871, 29.9857358 ], [ 79.5241468, 29.9873313 ], [ 79.5206256, 29.9910672 ], [ 79.5188078, 29.9936559 ], [ 79.5167914, 29.9976068 ], [ 79.5152934, 29.999003 ], [ 79.5139771, 29.9990885 ], [ 79.5104528, 29.9981874 ], [ 79.5099138, 29.9977398 ], [ 79.5097001, 29.9969435 ], [ 79.5103872, 29.9956465 ], [ 79.5133608, 29.9941724 ], [ 79.5142355, 29.9932285 ], [ 79.5138273, 29.9913839 ], [ 79.5137258, 29.9882617 ], [ 79.5157852, 29.9871331 ], [ 79.5169408, 29.9842525 ], [ 79.5157792, 29.9829011 ], [ 79.5161346, 29.9822728 ], [ 79.5175734, 29.9811572 ], [ 79.5151392, 29.9777405 ], [ 79.5136395, 29.9770026 ], [ 79.5120001, 29.9770175 ], [ 79.5101293, 29.9765411 ], [ 79.5092561, 29.975696 ], [ 79.5113048, 29.974384 ], [ 79.5129454, 29.9726049 ], [ 79.5149364, 29.9714513 ], [ 79.5171326, 29.9687719 ], [ 79.5181486, 29.9680415 ], [ 79.5195041, 29.9678176 ], [ 79.5202984, 29.9684543 ], [ 79.5204769, 29.9693865 ], [ 79.5192635, 29.9711173 ], [ 79.5174929, 29.9726681 ], [ 79.5165389, 29.9750043 ], [ 79.5167543, 29.9762608 ], [ 79.5201739, 29.976639 ], [ 79.5227757, 29.9783232 ], [ 79.5235982, 29.977612 ], [ 79.5241787, 29.97468 ], [ 79.5248301, 29.9740377 ], [ 79.5254083, 29.9725322 ], [ 79.527085, 29.9708529 ], [ 79.5284966, 29.9708273 ], [ 79.5289876, 29.9704521 ], [ 79.529689, 29.9686107 ], [ 79.529934, 29.968537 ], [ 79.5303052, 29.9697175 ], [ 79.5309461, 29.9703042 ], [ 79.5310681, 29.9711569 ], [ 79.5316687, 29.9718722 ], [ 79.5324945, 29.9702294 ], [ 79.5340899, 29.9697879 ], [ 79.5360196, 29.9682374 ], [ 79.5366977, 29.9665148 ], [ 79.5382947, 29.9656174 ], [ 79.5396888, 29.9641644 ], [ 79.5380138, 29.9616026 ], [ 79.5340593, 29.9583452 ], [ 79.5338124, 29.9574178 ], [ 79.5357532, 29.9558871 ], [ 79.5363154, 29.9547092 ], [ 79.5359085, 29.9524334 ], [ 79.5362916, 29.9519686 ], [ 79.5375734, 29.9516006 ], [ 79.540976, 29.951754 ], [ 79.5418222, 29.9506761 ], [ 79.5436194, 29.949467 ], [ 79.5436101, 29.9488921 ], [ 79.5419675, 29.9468258 ], [ 79.5418242, 29.9453281 ], [ 79.540633, 29.9442945 ], [ 79.5431872, 29.9401884 ], [ 79.54442, 29.9392007 ], [ 79.545957, 29.9390365 ], [ 79.5498658, 29.9422539 ], [ 79.5501466, 29.9401534 ], [ 79.5516322, 29.9384824 ], [ 79.5518004, 29.9360544 ], [ 79.5521797, 29.9350147 ], [ 79.5551107, 29.9307661 ], [ 79.5616352, 29.9242712 ], [ 79.563813, 29.9252872 ], [ 79.5645986, 29.926113 ], [ 79.5656847, 29.9257373 ], [ 79.5670167, 29.9245187 ], [ 79.5720969, 29.9230503 ], [ 79.5723757, 29.9214056 ], [ 79.5728451, 29.9205841 ], [ 79.5758976, 29.916439 ], [ 79.5775391, 29.915571 ], [ 79.57927, 29.9151492 ], [ 79.5813696, 29.9153196 ], [ 79.5822408, 29.9165298 ], [ 79.5832876, 29.9165226 ], [ 79.5867585, 29.9146977 ], [ 79.5872856, 29.9135839 ], [ 79.5870999, 29.9113036 ], [ 79.5901833, 29.9095014 ], [ 79.5939413, 29.9086 ], [ 79.5981787, 29.9088435 ], [ 79.5977119, 29.9106811 ], [ 79.5982534, 29.91208 ], [ 79.5995077, 29.913 ], [ 79.6019134, 29.9132488 ], [ 79.6022133, 29.9137353 ], [ 79.6018134, 29.9142547 ], [ 79.5990597, 29.9143222 ], [ 79.5986378, 29.9145987 ], [ 79.5994646, 29.9157655 ], [ 79.5994097, 29.9169052 ], [ 79.6012111, 29.9170402 ], [ 79.6032514, 29.9164439 ], [ 79.6039017, 29.9159003 ], [ 79.6046689, 29.9144054 ], [ 79.603829, 29.9137541 ], [ 79.6030651, 29.9124735 ], [ 79.6027124, 29.9106885 ], [ 79.6028424, 29.908067 ], [ 79.6021897, 29.9069898 ], [ 79.6025147, 29.9049784 ], [ 79.5998475, 29.9029993 ], [ 79.5978528, 29.9023847 ], [ 79.5948902, 29.9003155 ], [ 79.5943233, 29.8997292 ], [ 79.5945827, 29.898699 ], [ 79.5931969, 29.8984118 ], [ 79.5909709, 29.8985858 ], [ 79.587762, 29.8970858 ], [ 79.5824557, 29.8984897 ], [ 79.5796942, 29.8975805 ], [ 79.5777184, 29.8998156 ], [ 79.5750631, 29.9011072 ], [ 79.5734638, 29.9029765 ], [ 79.570278, 29.9030275 ], [ 79.567822, 29.9022426 ], [ 79.5637985, 29.9030697 ], [ 79.5629894, 29.9041294 ], [ 79.5617255, 29.903748 ], [ 79.5608463, 29.9038669 ], [ 79.5595102, 29.9062045 ], [ 79.5591845, 29.9097281 ], [ 79.5577974, 29.9116624 ], [ 79.5574436, 29.9131787 ], [ 79.5550252, 29.9136868 ], [ 79.5534904, 29.9133555 ], [ 79.5529699, 29.912561 ], [ 79.5546919, 29.9104124 ], [ 79.5563898, 29.9074753 ], [ 79.5567982, 29.9047903 ], [ 79.5560406, 29.9042827 ], [ 79.5554715, 29.9043505 ], [ 79.5536956, 29.9061894 ], [ 79.5527879, 29.9066224 ], [ 79.5503751, 29.9088317 ], [ 79.5497521, 29.9111743 ], [ 79.5488621, 29.9118558 ], [ 79.5481797, 29.9137039 ], [ 79.5482212, 29.9159626 ], [ 79.5478771, 29.9167051 ], [ 79.5448463, 29.9209093 ], [ 79.5430562, 29.9218707 ], [ 79.5392095, 29.9189902 ], [ 79.5386333, 29.917918 ], [ 79.5387417, 29.9163126 ], [ 79.5411117, 29.9139007 ], [ 79.5411587, 29.9135093 ], [ 79.5333558, 29.9143345 ], [ 79.5326809, 29.9152841 ], [ 79.5327317, 29.9168802 ], [ 79.5324442, 29.9176822 ], [ 79.531133, 29.9183723 ], [ 79.5297004, 29.9180906 ], [ 79.5297113, 29.9171609 ], [ 79.5319722, 29.913141 ], [ 79.536094, 29.910878 ], [ 79.5370383, 29.9108591 ], [ 79.5408141, 29.9073262 ], [ 79.5427191, 29.9039086 ], [ 79.5469157, 29.9012688 ], [ 79.5492845, 29.8986808 ], [ 79.5497792, 29.8971754 ], [ 79.549691, 29.8948507 ], [ 79.5500391, 29.8944347 ], [ 79.5513139, 29.8943843 ], [ 79.5496828, 29.8924468 ], [ 79.5482988, 29.8913823 ], [ 79.5481856, 29.8881405 ], [ 79.5486637, 29.8873349 ], [ 79.5488526, 29.8858366 ], [ 79.5506874, 29.8858018 ], [ 79.5567572, 29.8877072 ], [ 79.5586644, 29.886793 ], [ 79.5618422, 29.886352 ], [ 79.5610986, 29.8858703 ], [ 79.5603425, 29.8845104 ], [ 79.5597064, 29.883998 ], [ 79.5586818, 29.8819669 ], [ 79.5595138, 29.8801606 ], [ 79.5608449, 29.8784768 ], [ 79.5597706, 29.8756848 ], [ 79.5585629, 29.8735632 ], [ 79.556968, 29.8716134 ], [ 79.5564771, 29.8669526 ], [ 79.5577057, 29.8659585 ], [ 79.5578758, 29.8637589 ], [ 79.5572053, 29.8621283 ], [ 79.5577526, 29.8612063 ], [ 79.5599004, 29.8594476 ], [ 79.5570742, 29.8611387 ], [ 79.5553241, 29.8632323 ], [ 79.5539674, 29.8643077 ], [ 79.5522678, 29.8651024 ], [ 79.5482288, 29.8660504 ], [ 79.546422, 29.8660354 ], [ 79.5435676, 29.867816 ], [ 79.5416049, 29.86841 ], [ 79.5373381, 29.8689374 ], [ 79.5335572, 29.8682571 ], [ 79.5282275, 29.8679019 ], [ 79.5226619, 29.8692345 ], [ 79.5196141, 29.8717036 ], [ 79.5117134, 29.8720297 ], [ 79.5094855, 29.8729422 ], [ 79.5084734, 29.8737285 ], [ 79.5077521, 29.8734865 ], [ 79.5069672, 29.8747931 ], [ 79.5053208, 29.8793445 ], [ 79.5035814, 29.8813376 ], [ 79.5030943, 29.882695 ], [ 79.4995429, 29.8888334 ], [ 79.494219, 29.8961938 ], [ 79.4915265, 29.9266263 ], [ 79.49228, 29.9466615 ], [ 79.4920902, 29.9492354 ], [ 79.4913619, 29.9506287 ], [ 79.4902646, 29.9513062 ], [ 79.4885325, 29.9539689 ], [ 79.4872079, 29.9552105 ], [ 79.4854376, 29.956281 ], [ 79.4827297, 29.9573568 ], [ 79.4825336, 29.9580515 ], [ 79.4827311, 29.9586422 ], [ 79.4836851, 29.959512 ], [ 79.4861785, 29.9610976 ], [ 79.4868948, 29.9623013 ], [ 79.4869172, 29.9638259 ], [ 79.4885614, 29.9701663 ], [ 79.4882415, 29.9713392 ], [ 79.4846865, 29.9750093 ], [ 79.4832881, 29.9754029 ], [ 79.4800914, 29.9752973 ], [ 79.4787913, 29.9755824 ], [ 79.4775294, 29.9776357 ], [ 79.4738837, 29.9794248 ], [ 79.4727649, 29.9797052 ], [ 79.4716404, 29.979467 ], [ 79.4714037, 29.9811767 ], [ 79.4718434, 29.9857094 ], [ 79.4715959, 29.9870582 ], [ 79.470598, 29.9891879 ], [ 79.4721089, 29.9976485 ], [ 79.4732771, 29.9999299 ], [ 79.4734159, 30.0011439 ], [ 79.4790652, 30.0134477 ], [ 79.4800025, 30.016535 ], [ 79.4804552, 30.0171568 ], [ 79.4824897, 30.0183177 ], [ 79.4828437, 30.0188702 ], [ 79.4836394, 30.0227108 ], [ 79.4844757, 30.0233467 ], [ 79.4855186, 30.0225488 ], [ 79.4877977, 30.0220478 ] ], [ [ 79.5844804, 29.9033145 ], [ 79.5832312, 29.9017706 ], [ 79.5832367, 29.9013565 ], [ 79.5843337, 29.899922 ], [ 79.5853716, 29.8991415 ], [ 79.5864762, 29.8988272 ], [ 79.5878632, 29.899138 ], [ 79.5893278, 29.9000239 ], [ 79.5894169, 29.9006189 ], [ 79.5885913, 29.9025398 ], [ 79.5863452, 29.9029235 ], [ 79.5857443, 29.9033355 ], [ 79.5844804, 29.9033145 ] ], [ [ 79.6105641, 29.9992666 ], [ 79.6095756, 29.9919301 ], [ 79.6083762, 29.9908868 ], [ 79.6084184, 29.9901585 ], [ 79.6107043, 29.9891581 ], [ 79.6155761, 29.9858496 ], [ 79.6183244, 29.9825706 ], [ 79.6198391, 29.9823908 ], [ 79.620398, 29.985737 ], [ 79.62105, 29.986576 ], [ 79.618244, 29.9919609 ], [ 79.6177319, 29.993704 ], [ 79.6146241, 29.9971753 ], [ 79.6116332, 29.999626 ], [ 79.6108361, 29.9996637 ], [ 79.6105641, 29.9992666 ] ], [ [ 79.6378439, 29.9881358 ], [ 79.636634, 29.9846027 ], [ 79.6365707, 29.9836334 ], [ 79.6372229, 29.9825248 ], [ 79.6381807, 29.9820116 ], [ 79.6409339, 29.9826718 ], [ 79.6432511, 29.9844807 ], [ 79.6433859, 29.9850955 ], [ 79.6430534, 29.9858976 ], [ 79.6407224, 29.9866018 ], [ 79.6391791, 29.9886753 ], [ 79.6385591, 29.9888509 ], [ 79.6378439, 29.9881358 ] ], [ [ 79.6318432, 29.9864969 ], [ 79.6297967, 29.9874486 ], [ 79.6290686, 29.9872636 ], [ 79.6267827, 29.9845973 ], [ 79.6263965, 29.9824308 ], [ 79.6275858, 29.9806892 ], [ 79.6275379, 29.979589 ], [ 79.6280346, 29.9790797 ], [ 79.6285015, 29.9790412 ], [ 79.6296489, 29.9798416 ], [ 79.6309916, 29.9819458 ], [ 79.6318432, 29.9864969 ] ], [ [ 79.6730097, 29.9244768 ], [ 79.6717153, 29.9229013 ], [ 79.670168, 29.9228089 ], [ 79.6693167, 29.9220142 ], [ 79.6696622, 29.9204786 ], [ 79.671433, 29.9189185 ], [ 79.6712861, 29.9185217 ], [ 79.6716515, 29.9180467 ], [ 79.6749183, 29.9176226 ], [ 79.6757219, 29.9170537 ], [ 79.6769795, 29.916972 ], [ 79.6785742, 29.9163111 ], [ 79.6797025, 29.9155947 ], [ 79.6814745, 29.9167777 ], [ 79.6817223, 29.9177298 ], [ 79.6780451, 29.9204702 ], [ 79.676978, 29.9223488 ], [ 79.6766436, 29.9224453 ], [ 79.676948, 29.9235313 ], [ 79.6767359, 29.9241554 ], [ 79.6763882, 29.9243777 ], [ 79.6745115, 29.9240468 ], [ 79.6730097, 29.9244768 ] ], [ [ 79.7028671, 29.911534 ], [ 79.7031963, 29.9105405 ], [ 79.7044376, 29.9094437 ], [ 79.7049903, 29.9085055 ], [ 79.7049928, 29.9074864 ], [ 79.7054315, 29.9062882 ], [ 79.705822, 29.9060291 ], [ 79.7076321, 29.9068317 ], [ 79.7088931, 29.9070338 ], [ 79.7116698, 29.9064393 ], [ 79.7134359, 29.9064424 ], [ 79.713945, 29.9069879 ], [ 79.7138018, 29.9075241 ], [ 79.7102571, 29.9095269 ], [ 79.7093034, 29.9105565 ], [ 79.7058223, 29.9130881 ], [ 79.7054378, 29.9132273 ], [ 79.7042805, 29.9127655 ], [ 79.7028671, 29.911534 ] ], [ [ 79.6983928, 29.9074592 ], [ 79.6957785, 29.9072545 ], [ 79.6923378, 29.9062177 ], [ 79.691906, 29.9057485 ], [ 79.6920459, 29.9048295 ], [ 79.6934035, 29.9030736 ], [ 79.6969346, 29.9034998 ], [ 79.6986453, 29.9061391 ], [ 79.6983928, 29.9074592 ] ], [ [ 79.6831068, 29.9984391 ], [ 79.6804048, 29.9977792 ], [ 79.6772217, 29.9980454 ], [ 79.6767217, 29.9976728 ], [ 79.6767415, 29.9966124 ], [ 79.6777282, 29.9959355 ], [ 79.6795394, 29.9955872 ], [ 79.6806006, 29.9947073 ], [ 79.6830943, 29.9947001 ], [ 79.6840001, 29.9943919 ], [ 79.6852717, 29.995767 ], [ 79.6852447, 29.9974418 ], [ 79.6831068, 29.9984391 ] ] ] } },
{ "type": "Feature", "properties": { "gp_code": "21968", "gp_name": "SYALISTATE", "blkname": "GARUR", "dtname": "Bageshwar", "SHAPE_Area": 873347.93759794242 }, "geometry": { "type": "Polygon", "coordinates": [ [ [ 79.6127748, 29.9517582 ], [ 79.6143224, 29.9518511 ], [ 79.6154278, 29.9523345 ], [ 79.6157134, 29.9483606 ], [ 79.6155915, 29.9473097 ], [ 79.6141892, 29.9444419 ], [ 79.6123804, 29.9385684 ], [ 79.6118017, 29.9391483 ], [ 79.6112625, 29.940495 ], [ 79.6112698, 29.9417934 ], [ 79.6106495, 29.9435959 ], [ 79.6081483, 29.9463651 ], [ 79.6083987, 29.9481349 ], [ 79.6077628, 29.9494467 ], [ 79.6086051, 29.9494388 ], [ 79.6091048, 29.9497671 ], [ 79.6102915, 29.9521428 ], [ 79.6107693, 29.952477 ], [ 79.6114295, 29.9524587 ], [ 79.6127748, 29.9517582 ] ] ] } },
{ "type": "Feature", "properties": { "gp_code": "", "gp_name": "", "blkname": "GARUR", "dtname": "Bageshwar", "SHAPE_Area": 894096.59175577282 }, "geometry": { "type": "Polygon", "coordinates": [ [ [ 79.6114883, 29.9554621 ], [ 79.6154278, 29.9523345 ], [ 79.6143224, 29.9518511 ], [ 79.6127748, 29.9517582 ], [ 79.6114295, 29.9524587 ], [ 79.6107693, 29.952477 ], [ 79.6102915, 29.9521428 ], [ 79.6091048, 29.9497671 ], [ 79.6086051, 29.9494388 ], [ 79.6077628, 29.9494467 ], [ 79.6065254, 29.9520306 ], [ 79.6049422, 29.9523638 ], [ 79.6032704, 29.9538036 ], [ 79.6017831, 29.9543284 ], [ 79.6012382, 29.9567389 ], [ 79.6015784, 29.957787 ], [ 79.6015036, 29.959779 ], [ 79.6054926, 29.9581732 ], [ 79.6063846, 29.9568968 ], [ 79.6085934, 29.9566643 ], [ 79.6114883, 29.9554621 ] ] ] } },
{ "type": "Feature", "properties": { "gp_code": "21911", "gp_name": "GHETI", "blkname": "GARUR", "dtname": "Bageshwar", "SHAPE_Area": 1996761.7502198678 }, "geometry": { "type": "Polygon", "coordinates": [ [ [ 79.6175995, 29.9630836 ], [ 79.618516, 29.961839 ], [ 79.6180905, 29.9589269 ], [ 79.6176172, 29.9577246 ], [ 79.615886, 29.9577522 ], [ 79.6148066, 29.957145 ], [ 79.6151698, 29.9537765 ], [ 79.6145004, 29.9531698 ], [ 79.6114883, 29.9554621 ], [ 79.6085934, 29.9566643 ], [ 79.6063846, 29.9568968 ], [ 79.6054926, 29.9581732 ], [ 79.6015036, 29.959779 ], [ 79.6016651, 29.9608684 ], [ 79.6061224, 29.9640968 ], [ 79.6096448, 29.9660975 ], [ 79.6150673, 29.9683801 ], [ 79.6155895, 29.9688571 ], [ 79.6169312, 29.9656937 ], [ 79.6175995, 29.9630836 ] ] ] } },
{ "type": "Feature", "properties": { "gp_code": "21914", "gp_name": "HARINAGARI", "blkname": "GARUR", "dtname": "Bageshwar", "SHAPE_Area": 532021.1786830402 }, "geometry": { "type": "Polygon", "coordinates": [ [ [ 79.6166583, 29.9692462 ], [ 79.6096448, 29.9660975 ], [ 79.6061224, 29.9640968 ], [ 79.6052524, 29.9656309 ], [ 79.6078588, 29.9672828 ], [ 79.6076337, 29.9684923 ], [ 79.6122463, 29.9715697 ], [ 79.6142353, 29.9723426 ], [ 79.6166091, 29.9704156 ], [ 79.6166583, 29.9692462 ] ] ] } },
{ "type": "Feature", "properties": { "gp_code": "", "gp_name": "", "blkname": "GARUR", "dtname": "Bageshwar", "SHAPE_Area": 892085.55970064562 }, "geometry": { "type": "Polygon", "coordinates": [ [ [ 79.6122463, 29.9715697 ], [ 79.6063387, 29.9676555 ], [ 79.6049632, 29.9670773 ], [ 79.6038348, 29.9675304 ], [ 79.602966, 29.9686681 ], [ 79.6035733, 29.9709492 ], [ 79.6047766, 29.9719829 ], [ 79.6066506, 29.9745502 ], [ 79.6076273, 29.9776292 ], [ 79.6084099, 29.978533 ], [ 79.6098436, 29.9787545 ], [ 79.6113044, 29.9775984 ], [ 79.6120478, 29.9765298 ], [ 79.6123578, 29.9756881 ], [ 79.6122463, 29.9715697 ] ] ] } },
{ "type": "Feature", "properties": { "gp_code": "21962", "gp_name": "SALIKHANYARI", "blkname": "GARUR", "dtname": "Bageshwar", "SHAPE_Area": 437496.97805518389 }, "geometry": { "type": "Polygon", "coordinates": [ [ [ 79.6307205, 29.9812366 ], [ 79.6285015, 29.9790412 ], [ 79.6276984, 29.9792177 ], [ 79.6275858, 29.9806892 ], [ 79.6263965, 29.9824308 ], [ 79.6264903, 29.9833825 ], [ 79.6272758, 29.9852922 ], [ 79.6290686, 29.9872636 ], [ 79.6297967, 29.9874486 ], [ 79.6318432, 29.9864969 ], [ 79.6314445, 29.9836599 ], [ 79.6307205, 29.9812366 ] ] ] } },
{ "type": "Feature", "properties": { "gp_code": "21954", "gp_name": "TALLA PAYYA", "blkname": "GARUR", "dtname": "Bageshwar", "SHAPE_Area": 1525014.9037829791 }, "geometry": { "type": "Polygon", "coordinates": [ [ [ 79.6198391, 29.9823908 ], [ 79.6183244, 29.9825706 ], [ 79.6155761, 29.9858496 ], [ 79.6107043, 29.9891581 ], [ 79.6084184, 29.9901585 ], [ 79.6083762, 29.9908868 ], [ 79.6095756, 29.9919301 ], [ 79.6098581, 29.9956971 ], [ 79.6108361, 29.9996637 ], [ 79.6121121, 29.9994091 ], [ 79.6146241, 29.9971753 ], [ 79.6177319, 29.993704 ], [ 79.618244, 29.9919609 ], [ 79.62105, 29.986576 ], [ 79.620398, 29.985737 ], [ 79.6198391, 29.9823908 ] ] ] } },
{ "type": "Feature", "properties": { "gp_code": "21930", "gp_name": "KULAON", "blkname": "GARUR", "dtname": "Bageshwar", "SHAPE_Area": 2845936.4992432306 }, "geometry": { "type": "Polygon", "coordinates": [ [ [ 79.5916016, 29.9664073 ], [ 79.5897312, 29.967473 ], [ 79.5893333, 29.9673134 ], [ 79.5863972, 29.9695005 ], [ 79.5860505, 29.9703429 ], [ 79.586117, 29.9708683 ], [ 79.5865392, 29.970657 ], [ 79.5890023, 29.9735356 ], [ 79.5896213, 29.9756779 ], [ 79.5903392, 29.9754419 ], [ 79.5895021, 29.9772733 ], [ 79.5896816, 29.9782301 ], [ 79.5888512, 29.9812757 ], [ 79.588894, 29.9837882 ], [ 79.5897738, 29.9845288 ], [ 79.5908599, 29.9848686 ], [ 79.5911872, 29.9857514 ], [ 79.5935471, 29.9864908 ], [ 79.5949154, 29.9858401 ], [ 79.5956148, 29.9843453 ], [ 79.5978531, 29.9822398 ], [ 79.6010244, 29.9802705 ], [ 79.6050714, 29.9786567 ], [ 79.6063379, 29.9776669 ], [ 79.6059022, 29.976873 ], [ 79.6045397, 29.9757596 ], [ 79.6031975, 29.9753897 ], [ 79.6012332, 29.9738189 ], [ 79.6007343, 29.9732329 ], [ 79.6007495, 29.9720337 ], [ 79.5998415, 29.9712088 ], [ 79.5957919, 29.9703365 ], [ 79.5931432, 29.9692396 ], [ 79.5915992, 29.9671147 ], [ 79.5916016, 29.9664073 ] ] ] } },
{ "type": "Feature", "properties": { "gp_code": "21966", "gp_name": "SIRKOTE", "blkname": "GARUR", "dtname": "Bageshwar", "SHAPE_Area": 2875151.7622518297 }, "geometry": { "type": "Polygon", "coordinates": [ [ [ 79.586117, 29.9708683 ], [ 79.5863972, 29.9695005 ], [ 79.5893333, 29.9673134 ], [ 79.5881524, 29.9664283 ], [ 79.5865425, 29.9645163 ], [ 79.5837969, 29.9635181 ], [ 79.5804998, 29.9630649 ], [ 79.576104, 29.9645458 ], [ 79.5736452, 29.9646662 ], [ 79.5715151, 29.9642567 ], [ 79.5710669, 29.9687354 ], [ 79.5703408, 29.9693971 ], [ 79.5701355, 29.971404 ], [ 79.5704378, 29.9728568 ], [ 79.5690239, 29.9756788 ], [ 79.5721226, 29.9767289 ], [ 79.5747017, 29.9767656 ], [ 79.5778344, 29.9777996 ], [ 79.5790581, 29.9778325 ], [ 79.5806127, 29.9759782 ], [ 79.5847022, 29.9751778 ], [ 79.5847633, 29.9739373 ], [ 79.586117, 29.9708683 ] ] ] } },
{ "type": "Feature", "properties": { "gp_code": "", "gp_name": "", "blkname": "GARUR", "dtname": "Bageshwar", "SHAPE_Area": 2579633.203507131 }, "geometry": { "type": "Polygon", "coordinates": [ [ [ 79.5616142, 29.9660242 ], [ 79.5617887, 29.964984 ], [ 79.561382, 29.9639394 ], [ 79.5615291, 29.9635635 ], [ 79.5596818, 29.9612888 ], [ 79.5591137, 29.9609998 ], [ 79.5575768, 29.9587184 ], [ 79.5566164, 29.9583318 ], [ 79.5555606, 29.9591292 ], [ 79.5551719, 29.960185 ], [ 79.5555516, 29.9616268 ], [ 79.5550405, 29.9628644 ], [ 79.5507328, 29.9673522 ], [ 79.5495994, 29.9691133 ], [ 79.5473955, 29.9715125 ], [ 79.5458067, 29.97275 ], [ 79.5442633, 29.9745396 ], [ 79.5431169, 29.976687 ], [ 79.5439821, 29.979752 ], [ 79.5449154, 29.9813503 ], [ 79.5490386, 29.9854501 ], [ 79.5496302, 29.9855558 ], [ 79.5499975, 29.9847391 ], [ 79.5497456, 29.9820129 ], [ 79.5503185, 29.9810284 ], [ 79.5510698, 29.9779234 ], [ 79.5533871, 29.9746195 ], [ 79.556111, 29.972174 ], [ 79.5562699, 29.9707373 ], [ 79.557821, 29.9682798 ], [ 79.5606436, 29.966864 ], [ 79.5616142, 29.9660242 ] ] ] } },
{ "type": "Feature", "properties": { "gp_code": "260378", "gp_name": "HAWIL KULWAN", "blkname": "GARUR", "dtname": "Bageshwar", "SHAPE_Area": 2355634.9212938389 }, "geometry": { "type": "Polygon", "coordinates": [ [ [ 79.5656311, 29.9752375 ], [ 79.566895, 29.9719504 ], [ 79.5661032, 29.9705062 ], [ 79.5643439, 29.9684235 ], [ 79.5641386, 29.9675573 ], [ 79.5625525, 29.9662596 ], [ 79.561063, 29.9689713 ], [ 79.5571688, 29.9724296 ], [ 79.5568424, 29.9776915 ], [ 79.5557063, 29.9802008 ], [ 79.554126, 29.9811925 ], [ 79.5517885, 29.9837629 ], [ 79.5517568, 29.9846449 ], [ 79.5520458, 29.9850075 ], [ 79.5530322, 29.9853323 ], [ 79.5542572, 29.9850383 ], [ 79.5546969, 29.9854409 ], [ 79.5540487, 29.9875923 ], [ 79.5546334, 29.9896108 ], [ 79.5522391, 29.9921017 ], [ 79.5527238, 29.993436 ], [ 79.5532907, 29.9940719 ], [ 79.5556809, 29.9942915 ], [ 79.556468, 29.9940789 ], [ 79.556979, 29.9934849 ], [ 79.5570575, 29.9922314 ], [ 79.556403, 29.9906042 ], [ 79.5574107, 29.9896812 ], [ 79.5577727, 29.9880609 ], [ 79.5602073, 29.9868045 ], [ 79.5606808, 29.985187 ], [ 79.5600797, 29.9828887 ], [ 79.559334, 29.9821037 ], [ 79.5593157, 29.9816279 ], [ 79.5596823, 29.9810046 ], [ 79.5634165, 29.9785716 ], [ 79.5656311, 29.9752375 ] ] ] } },
{ "type": "Feature", "properties": { "gp_code": "", "gp_name": "", "blkname": "GARUR", "dtname": "Bageshwar", "SHAPE_Area": 2038812.0345963538 }, "geometry": { "type": "Polygon", "coordinates": [ [ [ 79.5715151, 29.9642567 ], [ 79.5699355, 29.9602583 ], [ 79.5698847, 29.9585137 ], [ 79.5704095, 29.9581583 ], [ 79.5740861, 29.9581284 ], [ 79.5754567, 29.9567741 ], [ 79.5739702, 29.955452 ], [ 79.5691037, 29.9543197 ], [ 79.5680212, 29.9543757 ], [ 79.5674036, 29.9552066 ], [ 79.5648819, 29.9569641 ], [ 79.5626211, 29.9605831 ], [ 79.5623757, 29.9623467 ], [ 79.561382, 29.9639394 ], [ 79.5617887, 29.964984 ], [ 79.5616142, 29.9660242 ], [ 79.5623598, 29.9660262 ], [ 79.5641386, 29.9675573 ], [ 79.5643439, 29.9684235 ], [ 79.5666638, 29.9713204 ], [ 79.5668871, 29.9723087 ], [ 79.5656311, 29.9752375 ], [ 79.5690239, 29.9756788 ], [ 79.5704378, 29.9728568 ], [ 79.5701355, 29.971404 ], [ 79.5703408, 29.9693971 ], [ 79.5710669, 29.9687354 ], [ 79.5715151, 29.9642567 ] ] ] } },
{ "type": "Feature", "properties": { "gp_code": "21935", "gp_name": "MAGDIESTATE", "blkname": "GARUR", "dtname": "Bageshwar", "SHAPE_Area": 8903734.6462954357 }, "geometry": { "type": "Polygon", "coordinates": [ [ [ 79.5615291, 29.9635635 ], [ 79.562054, 29.9632081 ], [ 79.5623757, 29.9623467 ], [ 79.5626211, 29.9605831 ], [ 79.563908, 29.9587176 ], [ 79.5649095, 29.9507918 ], [ 79.5662051, 29.9497322 ], [ 79.5703051, 29.9489502 ], [ 79.5737633, 29.9478344 ], [ 79.5743892, 29.9462006 ], [ 79.5744791, 29.9448975 ], [ 79.575172, 29.9436603 ], [ 79.5751684, 29.9422132 ], [ 79.5726359, 29.9414879 ], [ 79.571394, 29.9402457 ], [ 79.5653052, 29.9402988 ], [ 79.5615094, 29.9419885 ], [ 79.5595843, 29.9424491 ], [ 79.5581783, 29.9441798 ], [ 79.5583558, 29.9454391 ], [ 79.5567417, 29.9464605 ], [ 79.5562904, 29.9469351 ], [ 79.5560992, 29.9478811 ], [ 79.5551118, 29.9484826 ], [ 79.5546307, 29.9479712 ], [ 79.5545502, 29.9466478 ], [ 79.5523343, 29.9456951 ], [ 79.5519746, 29.9444552 ], [ 79.5498658, 29.9422539 ], [ 79.545957, 29.9390365 ], [ 79.54442, 29.9392007 ], [ 79.5431872, 29.9401884 ], [ 79.540633, 29.9442945 ], [ 79.5418242, 29.9453281 ], [ 79.5419675, 29.9468258 ], [ 79.5436101, 29.9488921 ], [ 79.5436194, 29.949467 ], [ 79.5418222, 29.9506761 ], [ 79.540976, 29.951754 ], [ 79.5375734, 29.9516006 ], [ 79.5362916, 29.9519686 ], [ 79.5359085, 29.9524334 ], [ 79.5363154, 29.9547092 ], [ 79.5357532, 29.9558871 ], [ 79.5338124, 29.9574178 ], [ 79.5340593, 29.9583452 ], [ 79.5380138, 29.9616026 ], [ 79.5396888, 29.9641644 ], [ 79.5410105, 29.9638411 ], [ 79.5418189, 29.9646041 ], [ 79.5436246, 29.964909 ], [ 79.5452364, 29.9661426 ], [ 79.5473512, 29.9667927 ], [ 79.5482138, 29.9674889 ], [ 79.5503184, 29.9678317 ], [ 79.5541145, 29.9639719 ], [ 79.5554879, 29.9619091 ], [ 79.5551719, 29.960185 ], [ 79.5555606, 29.9591292 ], [ 79.5566164, 29.9583318 ], [ 79.5575768, 29.9587184 ], [ 79.5591137, 29.9609998 ], [ 79.5596818, 29.9612888 ], [ 79.5615291, 29.9635635 ] ] ] } },
{ "type": "Feature", "properties": { "gp_code": "21896", "gp_name": "CHATYANI", "blkname": "GARUR", "dtname": "Bageshwar", "SHAPE_Area": 2865122.6553849145 }, "geometry": { "type": "Polygon", "coordinates": [ [ [ 79.5754567, 29.9567741 ], [ 79.5773964, 29.9553817 ], [ 79.5791497, 29.9535873 ], [ 79.5829915, 29.9518082 ], [ 79.5841693, 29.9501956 ], [ 79.5862533, 29.9498342 ], [ 79.5860251, 29.9466322 ], [ 79.5856136, 29.9457844 ], [ 79.5830432, 29.9432843 ], [ 79.5804261, 29.9397837 ], [ 79.5764817, 29.9384303 ], [ 79.5759124, 29.938528 ], [ 79.5745252, 29.9398129 ], [ 79.5755151, 29.9415153 ], [ 79.5751684, 29.9422132 ], [ 79.575172, 29.9436603 ], [ 79.5744791, 29.9448975 ], [ 79.5743892, 29.9462006 ], [ 79.5737633, 29.9478344 ], [ 79.5703051, 29.9489502 ], [ 79.5662051, 29.9497322 ], [ 79.5649095, 29.9507918 ], [ 79.563908, 29.9587176 ], [ 79.5648819, 29.9569641 ], [ 79.5674036, 29.9552066 ], [ 79.5680212, 29.9543757 ], [ 79.5691037, 29.9543197 ], [ 79.5739702, 29.955452 ], [ 79.5754567, 29.9567741 ] ] ] } },
{ "type": "Feature", "properties": { "gp_code": "21951", "gp_name": "PARKOTI", "blkname": "GARUR", "dtname": "Bageshwar", "SHAPE_Area": 1884737.3867735243 }, "geometry": { "type": "Polygon", "coordinates": [ [ [ 79.590384, 29.9637862 ], [ 79.588433, 29.9625289 ], [ 79.5879651, 29.9611897 ], [ 79.5859231, 29.9601351 ], [ 79.5842816, 29.9587332 ], [ 79.5835612, 29.9574914 ], [ 79.5816315, 29.9559403 ], [ 79.5797428, 29.953232 ], [ 79.5740861, 29.9581284 ], [ 79.5704095, 29.9581583 ], [ 79.5698847, 29.9585137 ], [ 79.5699355, 29.9602583 ], [ 79.5715151, 29.9642567 ], [ 79.5736452, 29.9646662 ], [ 79.576104, 29.9645458 ], [ 79.5804998, 29.9630649 ], [ 79.5837969, 29.9635181 ], [ 79.5865425, 29.9645163 ], [ 79.5881524, 29.9664283 ], [ 79.5897312, 29.967473 ], [ 79.5916016, 29.9664073 ], [ 79.590384, 29.9637862 ] ] ] } },
{ "type": "Feature", "properties": { "gp_code": "", "gp_name": "", "blkname": "GARUR", "dtname": "Bageshwar", "SHAPE_Area": 213637.07268463267 }, "geometry": { "type": "Polygon", "coordinates": [ [ [ 79.5939079, 29.9578212 ], [ 79.5940152, 29.9559718 ], [ 79.5928225, 29.9535058 ], [ 79.5914198, 29.9534651 ], [ 79.5913777, 29.9550236 ], [ 79.5908919, 29.9556368 ], [ 79.5896555, 29.9560748 ], [ 79.5887971, 29.9560103 ], [ 79.5880029, 29.9567247 ], [ 79.5885051, 29.957203 ], [ 79.5896574, 29.9572418 ], [ 79.5913837, 29.9578912 ], [ 79.5939079, 29.9578212 ] ] ] } },
{ "type": "Feature", "properties": { "gp_code": "21939", "gp_name": "MANAKHET", "blkname": "GARUR", "dtname": "Bageshwar", "SHAPE_Area": 3603412.2922460916 }, "geometry": { "type": "Polygon", "coordinates": [ [ [ 79.5914041, 29.9624621 ], [ 79.5919087, 29.9606075 ], [ 79.5936751, 29.9607135 ], [ 79.5946955, 29.9602057 ], [ 79.5939079, 29.9578212 ], [ 79.5913837, 29.9578912 ], [ 79.5896574, 29.9572418 ], [ 79.5885051, 29.957203 ], [ 79.5880029, 29.9567247 ], [ 79.5887971, 29.9560103 ], [ 79.5896555, 29.9560748 ], [ 79.5908919, 29.9556368 ], [ 79.5913777, 29.9550236 ], [ 79.5914198, 29.9534651 ], [ 79.5928225, 29.9535058 ], [ 79.593403, 29.9521996 ], [ 79.5952977, 29.951018 ], [ 79.5974411, 29.951649 ], [ 79.5982014, 29.9514898 ], [ 79.5984741, 29.9524767 ], [ 79.5998299, 29.9538132 ], [ 79.6017831, 29.9543284 ], [ 79.6032704, 29.9538036 ], [ 79.6044463, 29.9526252 ], [ 79.6065254, 29.9520306 ], [ 79.6083987, 29.9481349 ], [ 79.6081483, 29.9463651 ], [ 79.6093694, 29.9452181 ], [ 79.6079665, 29.9448678 ], [ 79.6065023, 29.9432389 ], [ 79.6052534, 29.9449506 ], [ 79.6039274, 29.944992 ], [ 79.6010043, 29.9433198 ], [ 79.6005835, 29.9425975 ], [ 79.5967185, 29.9429398 ], [ 79.5959204, 29.9433839 ], [ 79.5956004, 29.9437994 ], [ 79.5955512, 29.9448895 ], [ 79.5960675, 29.9462487 ], [ 79.5951485, 29.9470765 ], [ 79.5937279, 29.9464584 ], [ 79.592452, 29.9476009 ], [ 79.5912486, 29.9473531 ], [ 79.589911, 29.9477274 ], [ 79.5860251, 29.9466322 ], [ 79.5862533, 29.9498342 ], [ 79.5841693, 29.9501956 ], [ 79.5829915, 29.9518082 ], [ 79.5797428, 29.953232 ], [ 79.5799834, 29.9539212 ], [ 79.5816315, 29.9559403 ], [ 79.5835612, 29.9574914 ], [ 79.5851225, 29.9595596 ], [ 79.5874656, 29.960787 ], [ 79.5879651, 29.9611897 ], [ 79.588433, 29.9625289 ], [ 79.590384, 29.9637862 ], [ 79.5914041, 29.9624621 ] ] ] } },
{ "type": "Feature", "properties": { "gp_code": "21908", "gp_name": "GALAI", "blkname": "GARUR", "dtname": "Bageshwar", "SHAPE_Area": 726969.92950270488 }, "geometry": { "type": "Polygon", "coordinates": [ [ [ 79.5960675, 29.9462487 ], [ 79.5955512, 29.9448895 ], [ 79.5956004, 29.9437994 ], [ 79.5967185, 29.9429398 ], [ 79.6005835, 29.9425975 ], [ 79.6010043, 29.9433198 ], [ 79.6031914, 29.9447201 ], [ 79.6043483, 29.9450574 ], [ 79.6052534, 29.9449506 ], [ 79.6065023, 29.9432389 ], [ 79.6060439, 29.9406657 ], [ 79.6055569, 29.9403166 ], [ 79.5953898, 29.9419731 ], [ 79.5920846, 29.9417809 ], [ 79.5924287, 29.9419896 ], [ 79.5926018, 29.9436902 ], [ 79.5919949, 29.9448186 ], [ 79.5906084, 29.9459352 ], [ 79.5873555, 29.9469875 ], [ 79.5880427, 29.9474005 ], [ 79.5889563, 29.9473087 ], [ 79.589911, 29.9477274 ], [ 79.5912486, 29.9473531 ], [ 79.592452, 29.9476009 ], [ 79.5933064, 29.9465763 ], [ 79.5937279, 29.9464584 ], [ 79.5951485, 29.9470765 ], [ 79.5960675, 29.9462487 ] ] ] } },
{ "type": "Feature", "properties": { "gp_code": "21955", "gp_name": "PINGLO", "blkname": "GARUR", "dtname": "Bageshwar", "SHAPE_Area": 1322816.4605195548 }, "geometry": { "type": "Polygon", "coordinates": [ [ [ 79.5920846, 29.9417809 ], [ 79.5953898, 29.9419731 ], [ 79.5993452, 29.9414876 ], [ 79.6055569, 29.9403166 ], [ 79.6061042, 29.9396301 ], [ 79.6057824, 29.9391389 ], [ 79.6042394, 29.9391002 ], [ 79.6038254, 29.938668 ], [ 79.6038797, 29.9359523 ], [ 79.6032715, 29.9339982 ], [ 79.6028854, 29.9337544 ], [ 79.6021149, 29.9335915 ], [ 79.5999117, 29.9347982 ], [ 79.5964619, 29.9352972 ], [ 79.5962934, 29.9346475 ], [ 79.5972603, 29.9330343 ], [ 79.5973505, 29.9315428 ], [ 79.5941373, 29.9336386 ], [ 79.5929554, 29.9357468 ], [ 79.5921397, 29.9380542 ], [ 79.5901331, 29.9400214 ], [ 79.5910288, 29.9420904 ], [ 79.5914684, 29.9422997 ], [ 79.5920846, 29.9417809 ] ] ] } },
{ "type": "Feature", "properties": { "gp_code": "", "gp_name": "", "blkname": "GARUR", "dtname": "Bageshwar", "SHAPE_Area": 771415.00765771407 }, "geometry": { "type": "Polygon", "coordinates": [ [ [ 79.6005957, 29.9265676 ], [ 79.6014192, 29.9260226 ], [ 79.6013522, 29.9248893 ], [ 79.6020008, 29.9231365 ], [ 79.6020047, 29.9219421 ], [ 79.6014117, 29.922347 ], [ 79.6000481, 29.9217489 ], [ 79.5967773, 29.9198327 ], [ 79.5961843, 29.918508 ], [ 79.595684, 29.9183878 ], [ 79.5930259, 29.9200489 ], [ 79.5912494, 29.9227669 ], [ 79.5899244, 29.9241075 ], [ 79.5921778, 29.9238409 ], [ 79.5936899, 29.9241117 ], [ 79.5950581, 29.9253049 ], [ 79.5972507, 29.9264205 ], [ 79.5990471, 29.9268809 ], [ 79.6005957, 29.9265676 ] ] ] } },
{ "type": "Feature", "properties": { "gp_code": "21950", "gp_name": "PARAINA", "blkname": "GARUR", "dtname": "Bageshwar", "SHAPE_Area": 2623623.161636001 }, "geometry": { "type": "Polygon", "coordinates": [ [ [ 79.5926018, 29.9436902 ], [ 79.5920846, 29.9417809 ], [ 79.5914684, 29.9422997 ], [ 79.5910288, 29.9420904 ], [ 79.5901331, 29.9400214 ], [ 79.5921397, 29.9380542 ], [ 79.5929554, 29.9357468 ], [ 79.5941373, 29.9336386 ], [ 79.596855, 29.9316927 ], [ 79.5985812, 29.9310354 ], [ 79.5953477, 29.9298081 ], [ 79.5942991, 29.9283244 ], [ 79.5937998, 29.9247392 ], [ 79.5932985, 29.9240416 ], [ 79.5921778, 29.9238409 ], [ 79.5883647, 29.9243414 ], [ 79.5856638, 29.9255339 ], [ 79.5855884, 29.9259351 ], [ 79.586076, 29.9264716 ], [ 79.5857782, 29.9268492 ], [ 79.5868045, 29.9314691 ], [ 79.5870529, 29.9371146 ], [ 79.5856527, 29.9372399 ], [ 79.5841268, 29.9358384 ], [ 79.5828254, 29.9353518 ], [ 79.5836696, 29.9364319 ], [ 79.5838933, 29.9392722 ], [ 79.5832776, 29.9396126 ], [ 79.5809746, 29.9391557 ], [ 79.5804261, 29.9397837 ], [ 79.5830432, 29.9432843 ], [ 79.5856136, 29.9457844 ], [ 79.5860251, 29.9466322 ], [ 79.5873555, 29.9469875 ], [ 79.5906084, 29.9459352 ], [ 79.5919949, 29.9448186 ], [ 79.5926018, 29.9436902 ] ] ] } },
{ "type": "Feature", "properties": { "gp_code": "21900", "gp_name": "DHOL GAON", "blkname": "GARUR", "dtname": "Bageshwar", "SHAPE_Area": 2520919.9563254416 }, "geometry": { "type": "Polygon", "coordinates": [ [ [ 79.5809746, 29.9391557 ], [ 79.5832776, 29.9396126 ], [ 79.5838933, 29.9392722 ], [ 79.5836696, 29.9364319 ], [ 79.5828254, 29.9353518 ], [ 79.5841268, 29.9358384 ], [ 79.5856527, 29.9372399 ], [ 79.5870529, 29.9371146 ], [ 79.5868045, 29.9314691 ], [ 79.5857782, 29.9268492 ], [ 79.586076, 29.9264716 ], [ 79.5855884, 29.9259351 ], [ 79.5859377, 29.9252917 ], [ 79.5841527, 29.9245252 ], [ 79.5815598, 29.9243834 ], [ 79.5799317, 29.9238133 ], [ 79.5735743, 29.9203085 ], [ 79.5728451, 29.9205841 ], [ 79.5723757, 29.9214056 ], [ 79.5720969, 29.9230503 ], [ 79.5731851, 29.9242624 ], [ 79.5735121, 29.9251158 ], [ 79.5761161, 29.9279448 ], [ 79.576378, 29.9289097 ], [ 79.5756745, 29.9299684 ], [ 79.5752694, 29.9385263 ], [ 79.5754731, 29.938839 ], [ 79.5764817, 29.9384303 ], [ 79.5772779, 29.9385662 ], [ 79.5804261, 29.9397837 ], [ 79.5809746, 29.9391557 ] ] ] } },
{ "type": "Feature", "properties": { "gp_code": "21883", "gp_name": "ANA", "blkname": "GARUR", "dtname": "Bageshwar", "SHAPE_Area": 859354.31565854233 }, "geometry": { "type": "Polygon", "coordinates": [ [ [ 79.5807076, 29.9206691 ], [ 79.5840816, 29.9206184 ], [ 79.5847441, 29.9198766 ], [ 79.5830984, 29.9186334 ], [ 79.582761, 29.9174629 ], [ 79.5813696, 29.9153196 ], [ 79.57927, 29.9151492 ], [ 79.5775391, 29.915571 ], [ 79.5758976, 29.916439 ], [ 79.5728451, 29.9205841 ], [ 79.5735743, 29.9203085 ], [ 79.5799317, 29.9238133 ], [ 79.5815598, 29.9243834 ], [ 79.5841527, 29.9245252 ], [ 79.5834576, 29.9234268 ], [ 79.5805043, 29.9219076 ], [ 79.5801938, 29.9211882 ], [ 79.5807076, 29.9206691 ] ] ] } },
{ "type": "Feature", "properties": { "gp_code": "21918", "gp_name": "JIJOLI", "blkname": "GARUR", "dtname": "Bageshwar", "SHAPE_Area": 1367340.3686522287 }, "geometry": { "type": "Polygon", "coordinates": [ [ [ 79.5899244, 29.9241075 ], [ 79.5912494, 29.9227669 ], [ 79.5930259, 29.9200489 ], [ 79.595684, 29.9183878 ], [ 79.5873277, 29.912905 ], [ 79.5870673, 29.9142277 ], [ 79.5864903, 29.9149349 ], [ 79.5857421, 29.9150806 ], [ 79.5832876, 29.9165226 ], [ 79.5822408, 29.9165298 ], [ 79.5830984, 29.9186334 ], [ 79.5847441, 29.9198766 ], [ 79.5845547, 29.9203718 ], [ 79.5840816, 29.9206184 ], [ 79.5807076, 29.9206691 ], [ 79.5801938, 29.9211882 ], [ 79.5807823, 29.9221115 ], [ 79.5834576, 29.9234268 ], [ 79.5841527, 29.9245252 ], [ 79.5859377, 29.9252917 ], [ 79.5883647, 29.9243414 ], [ 79.5899244, 29.9241075 ] ] ] } },
{ "type": "Feature", "properties": { "gp_code": "21883", "gp_name": "ANA", "blkname": "GARUR", "dtname": "Bageshwar", "SHAPE_Area": 1694579.9268495725 }, "geometry": { "type": "Polygon", "coordinates": [ [ [ 79.6022704, 29.9207037 ], [ 79.6030728, 29.9202864 ], [ 79.6043311, 29.9203717 ], [ 79.6060334, 29.9200091 ], [ 79.605889, 29.9188937 ], [ 79.6050524, 29.9168385 ], [ 79.6046277, 29.916586 ], [ 79.6032514, 29.9164439 ], [ 79.6012111, 29.9170402 ], [ 79.5994097, 29.9169052 ], [ 79.5994646, 29.9157655 ], [ 79.5986378, 29.9145987 ], [ 79.5990597, 29.9143222 ], [ 79.6018134, 29.9142547 ], [ 79.6022133, 29.9137353 ], [ 79.6019134, 29.9132488 ], [ 79.5995077, 29.913 ], [ 79.5982534, 29.91208 ], [ 79.5977119, 29.9106811 ], [ 79.5981787, 29.9088435 ], [ 79.5961203, 29.9085509 ], [ 79.5927745, 29.9087606 ], [ 79.5901833, 29.9095014 ], [ 79.5870999, 29.9113036 ], [ 79.5870395, 29.9123442 ], [ 79.5873277, 29.912905 ], [ 79.590286, 29.9146323 ], [ 79.5940657, 29.9174272 ], [ 79.5961843, 29.918508 ], [ 79.5967773, 29.9198327 ], [ 79.6014117, 29.922347 ], [ 79.6020047, 29.9219421 ], [ 79.6022704, 29.9207037 ] ] ] } },
{ "type": "Feature", "properties": { "gp_code": "243101", "gp_name": "BHAGARTOLA", "blkname": "GARUR", "dtname": "Bageshwar", "SHAPE_Area": 2620678.1561699533 }, "geometry": { "type": "Polygon", "coordinates": [ [ [ 79.5982885, 29.901345 ], [ 79.602263, 29.8966265 ], [ 79.6015367, 29.8960696 ], [ 79.5990255, 29.8951464 ], [ 79.5974385, 29.8951425 ], [ 79.5949139, 29.893864 ], [ 79.592427, 29.8883778 ], [ 79.5901897, 29.8856031 ], [ 79.5901912, 29.8851572 ], [ 79.5892855, 29.885115 ], [ 79.5875005, 29.8840163 ], [ 79.584411, 29.8838036 ], [ 79.5831482, 29.8842749 ], [ 79.5821889, 29.8858518 ], [ 79.5813483, 29.8862608 ], [ 79.5788241, 29.8846634 ], [ 79.5787252, 29.8852663 ], [ 79.5796618, 29.8871076 ], [ 79.5826117, 29.8894051 ], [ 79.584855, 29.8904369 ], [ 79.5858689, 29.8916885 ], [ 79.5858789, 29.8920999 ], [ 79.5847299, 29.892087 ], [ 79.5839606, 29.8925113 ], [ 79.5831545, 29.8937136 ], [ 79.5831446, 29.8966279 ], [ 79.5828452, 29.8976878 ], [ 79.5821935, 29.8983549 ], [ 79.583093, 29.8984418 ], [ 79.587762, 29.8970858 ], [ 79.5909709, 29.8985858 ], [ 79.5931969, 29.8984118 ], [ 79.5945827, 29.898699 ], [ 79.5943233, 29.8997292 ], [ 79.5966378, 29.9016581 ], [ 79.598228, 29.9024748 ], [ 79.5982885, 29.901345 ] ] ] } },
{ "type": "Feature", "properties": { "gp_code": "21901", "gp_name": "DHOUNAI", "blkname": "GARUR", "dtname": "Bageshwar", "SHAPE_Area": 708369.48435829359 }, "geometry": { "type": "Polygon", "coordinates": [ [ [ 79.5932291, 29.8836411 ], [ 79.5920473, 29.883858 ], [ 79.5914479, 29.8848357 ], [ 79.5901912, 29.8851572 ], [ 79.5901897, 29.8856031 ], [ 79.592427, 29.8883778 ], [ 79.5949139, 29.893864 ], [ 79.5974385, 29.8951425 ], [ 79.5990255, 29.8951464 ], [ 79.5989964, 29.8936049 ], [ 79.5982411, 29.8921268 ], [ 79.5980433, 29.8893599 ], [ 79.594832, 29.8843546 ], [ 79.5932291, 29.8836411 ] ] ] } },
{ "type": "Feature", "properties": { "gp_code": "", "gp_name": "", "blkname": "GARUR", "dtname": "Bageshwar", "SHAPE_Area": 1006527.9726394268 }, "geometry": { "type": "Polygon", "coordinates": [ [ [ 79.594832, 29.8843546 ], [ 79.5959102, 29.8842474 ], [ 79.5959246, 29.8833381 ], [ 79.5949337, 29.8813173 ], [ 79.5938492, 29.8798957 ], [ 79.5906469, 29.8774495 ], [ 79.5880726, 29.8775179 ], [ 79.5851517, 29.8766811 ], [ 79.5839932, 29.876828 ], [ 79.5818887, 29.8781201 ], [ 79.5825682, 29.8788805 ], [ 79.58435, 29.8825734 ], [ 79.5879366, 29.8833864 ], [ 79.5901912, 29.8851572 ], [ 79.5914479, 29.8848357 ], [ 79.5924839, 29.8836193 ], [ 79.5932291, 29.8836411 ], [ 79.594832, 29.8843546 ] ] ] } },
{ "type": "Feature", "properties": { "gp_code": "243100", "gp_name": "RATMATIYA", "blkname": "GARUR", "dtname": "Bageshwar", "SHAPE_Area": 2270580.1619375385 }, "geometry": { "type": "Polygon", "coordinates": [ [ [ 79.5790929, 29.8865226 ], [ 79.5788241, 29.8846634 ], [ 79.5813483, 29.8862608 ], [ 79.5821889, 29.8858518 ], [ 79.5831482, 29.8842749 ], [ 79.584411, 29.8838036 ], [ 79.5875005, 29.8840163 ], [ 79.5892855, 29.885115 ], [ 79.5901912, 29.8851572 ], [ 79.5879366, 29.8833864 ], [ 79.58435, 29.8825734 ], [ 79.5825682, 29.8788805 ], [ 79.5818887, 29.8781201 ], [ 79.5833386, 29.8771361 ], [ 79.583271, 29.8767862 ], [ 79.5819206, 29.8760433 ], [ 79.5809508, 29.8746519 ], [ 79.5810923, 29.8735132 ], [ 79.5804669, 29.8686353 ], [ 79.5794533, 29.8666342 ], [ 79.5791078, 29.867093 ], [ 79.5793215, 29.8682926 ], [ 79.5773948, 29.8718248 ], [ 79.5734166, 29.8750819 ], [ 79.5700679, 29.8785802 ], [ 79.5712987, 29.8790881 ], [ 79.5716258, 29.8806477 ], [ 79.5724593, 29.8816591 ], [ 79.57218, 29.8828175 ], [ 79.5729421, 29.8845981 ], [ 79.5731431, 29.8861373 ], [ 79.574343, 29.8873196 ], [ 79.575694, 29.8879126 ], [ 79.5765197, 29.8878848 ], [ 79.5786204, 29.8872009 ], [ 79.5790929, 29.8865226 ] ] ] } },
{ "type": "Feature", "properties": { "gp_code": "21929", "gp_name": "KOTTULARI", "blkname": "GARUR", "dtname": "Bageshwar", "SHAPE_Area": 705855.03200974106 }, "geometry": { "type": "Polygon", "coordinates": [ [ [ 79.5821935, 29.8983549 ], [ 79.5828452, 29.8976878 ], [ 79.5831446, 29.8966279 ], [ 79.5831545, 29.8937136 ], [ 79.5805729, 29.893479 ], [ 79.5766392, 29.8960559 ], [ 79.574762, 29.8960609 ], [ 79.574531, 29.8970714 ], [ 79.5722415, 29.898751 ], [ 79.5718441, 29.9025361 ], [ 79.5721728, 29.9030019 ], [ 79.5734638, 29.9029765 ], [ 79.5750631, 29.9011072 ], [ 79.5777184, 29.8998156 ], [ 79.5796942, 29.8975805 ], [ 79.5821935, 29.8983549 ] ] ] } },
{ "type": "Feature", "properties": { "gp_code": "21901", "gp_name": "DHOUNAI", "blkname": "GARUR", "dtname": "Bageshwar", "SHAPE_Area": 1187209.0570655002 }, "geometry": { "type": "Polygon", "coordinates": [ [ [ 79.5776309, 29.8954737 ], [ 79.5805729, 29.893479 ], [ 79.5831545, 29.8937136 ], [ 79.5839606, 29.8925113 ], [ 79.5847299, 29.892087 ], [ 79.5858789, 29.8920999 ], [ 79.5858689, 29.8916885 ], [ 79.584855, 29.8904369 ], [ 79.5826117, 29.8894051 ], [ 79.5796618, 29.8871076 ], [ 79.5790262, 29.885893 ], [ 79.5790929, 29.8865226 ], [ 79.5786204, 29.8872009 ], [ 79.5765197, 29.8878848 ], [ 79.575694, 29.8879126 ], [ 79.5736913, 29.8867783 ], [ 79.5718955, 29.8904456 ], [ 79.5727612, 29.8953938 ], [ 79.574762, 29.8960609 ], [ 79.5760701, 29.8961337 ], [ 79.5776309, 29.8954737 ] ] ] } },
{ "type": "Feature", "properties": { "gp_code": "243101", "gp_name": "BHAGARTOLA", "blkname": "GARUR", "dtname": "Bageshwar", "SHAPE_Area": 282672.04837518325 }, "geometry": { "type": "Polygon", "coordinates": [ [ [ 79.5878632, 29.899138 ], [ 79.5864762, 29.8988272 ], [ 79.5853716, 29.8991415 ], [ 79.5843337, 29.899922 ], [ 79.5832367, 29.9013565 ], [ 79.5832312, 29.9017706 ], [ 79.5844804, 29.9033145 ], [ 79.5857443, 29.9033355 ], [ 79.5863452, 29.9029235 ], [ 79.5885913, 29.9025398 ], [ 79.5894169, 29.9006189 ], [ 79.5893278, 29.9000239 ], [ 79.5878632, 29.899138 ] ] ] } },
{ "type": "Feature", "properties": { "gp_code": "21956", "gp_name": "POKHARI", "blkname": "GARUR", "dtname": "Bageshwar", "SHAPE_Area": 846524.69121022802 }, "geometry": { "type": "Polygon", "coordinates": [ [ [ 79.5629894, 29.9041294 ], [ 79.5637985, 29.9030697 ], [ 79.567822, 29.9022426 ], [ 79.570278, 29.9030275 ], [ 79.5721728, 29.9030019 ], [ 79.5718284, 29.9021494 ], [ 79.5722415, 29.898751 ], [ 79.574531, 29.8970714 ], [ 79.574762, 29.8960609 ], [ 79.5736893, 29.8957194 ], [ 79.5714722, 29.8967293 ], [ 79.5698814, 29.8958458 ], [ 79.5680527, 29.8964471 ], [ 79.5664093, 29.8974981 ], [ 79.5641358, 29.897677 ], [ 79.5629556, 29.900961 ], [ 79.5608463, 29.9038669 ], [ 79.5617255, 29.903748 ], [ 79.5629894, 29.9041294 ] ] ] } },
{ "type": "Feature", "properties": { "gp_code": "21959", "gp_name": "RANKUNDI", "blkname": "GARUR", "dtname": "Bageshwar", "SHAPE_Area": 2029071.9525312756 }, "geometry": { "type": "Polygon", "coordinates": [ [ [ 79.5533014, 29.8890464 ], [ 79.5534947, 29.8894966 ], [ 79.5530756, 29.891214 ], [ 79.5542189, 29.8932821 ], [ 79.5568747, 29.8950192 ], [ 79.560513, 29.8956239 ], [ 79.5616884, 29.8978078 ], [ 79.563067, 29.8972267 ], [ 79.5641358, 29.897677 ], [ 79.5659212, 29.897621 ], [ 79.5698814, 29.8958458 ], [ 79.5714722, 29.8967293 ], [ 79.5736893, 29.8957194 ], [ 79.5727612, 29.8953938 ], [ 79.5718955, 29.8904456 ], [ 79.5728435, 29.8882099 ], [ 79.5714456, 29.8884121 ], [ 79.5705315, 29.8874926 ], [ 79.5701629, 29.8874934 ], [ 79.5684403, 29.8882182 ], [ 79.5670991, 29.8881147 ], [ 79.5656629, 29.8889202 ], [ 79.5616734, 29.8886696 ], [ 79.5533014, 29.8890464 ] ] ] } },
{ "type": "Feature", "properties": { "gp_code": "21888", "gp_name": "BHATARIA", "blkname": "GARUR", "dtname": "Bageshwar", "SHAPE_Area": 1775932.5803511133 }, "geometry": { "type": "Polygon", "coordinates": [ [ [ 79.5728435, 29.8882099 ], [ 79.5736913, 29.8867783 ], [ 79.5731431, 29.8861373 ], [ 79.5729421, 29.8845981 ], [ 79.57218, 29.8828175 ], [ 79.5724593, 29.8816591 ], [ 79.5716258, 29.8806477 ], [ 79.5710589, 29.8787977 ], [ 79.5696439, 29.8785092 ], [ 79.5689084, 29.8786756 ], [ 79.5647164, 29.880974 ], [ 79.5637999, 29.8807517 ], [ 79.5625549, 29.8793994 ], [ 79.5608449, 29.8784768 ], [ 79.5595138, 29.8801606 ], [ 79.5586818, 29.8819669 ], [ 79.5597064, 29.883998 ], [ 79.5603425, 29.8845104 ], [ 79.5610986, 29.8858703 ], [ 79.5618422, 29.886352 ], [ 79.5586644, 29.886793 ], [ 79.5567572, 29.8877072 ], [ 79.5539971, 29.88692 ], [ 79.5534429, 29.8879577 ], [ 79.5533014, 29.8890464 ], [ 79.5616734, 29.8886696 ], [ 79.5656629, 29.8889202 ], [ 79.5670991, 29.8881147 ], [ 79.5684403, 29.8882182 ], [ 79.5701629, 29.8874934 ], [ 79.5705315, 29.8874926 ], [ 79.5714456, 29.8884121 ], [ 79.5728435, 29.8882099 ] ] ] } },
{ "type": "Feature", "properties": { "gp_code": "21959", "gp_name": "RANKUNDI", "blkname": "GARUR", "dtname": "Bageshwar", "SHAPE_Area": 154056.42420526131 }, "geometry": { "type": "Polygon", "coordinates": [ [ [ 79.5533014, 29.8890464 ], [ 79.5534429, 29.8879577 ], [ 79.5539971, 29.88692 ], [ 79.5506874, 29.8858018 ], [ 79.5488526, 29.8858366 ], [ 79.5486637, 29.8873349 ], [ 79.5494321, 29.8872771 ], [ 79.5518519, 29.8888116 ], [ 79.5533014, 29.8890464 ] ] ] } },
{ "type": "Feature", "properties": { "gp_code": "21921", "gp_name": "KAFALDHUNGA", "blkname": "GARUR", "dtname": "Bageshwar", "SHAPE_Area": 1024524.1573511575 }, "geometry": { "type": "Polygon", "coordinates": [ [ [ 79.5616884, 29.8978078 ], [ 79.560513, 29.8956239 ], [ 79.5568747, 29.8950192 ], [ 79.5542189, 29.8932821 ], [ 79.5530756, 29.891214 ], [ 79.5534947, 29.8894966 ], [ 79.5533014, 29.8890464 ], [ 79.5518519, 29.8888116 ], [ 79.5494321, 29.8872771 ], [ 79.5486637, 29.8873349 ], [ 79.5481856, 29.8881405 ], [ 79.5482988, 29.8913823 ], [ 79.551934, 29.8948732 ], [ 79.5527128, 29.8976098 ], [ 79.5546154, 29.9000139 ], [ 79.5561254, 29.9008705 ], [ 79.558026, 29.9007171 ], [ 79.5616884, 29.8978078 ] ] ] } },
{ "type": "Feature", "properties": { "gp_code": "21912", "gp_name": "GHIRTOLI", "blkname": "GARUR", "dtname": "Bageshwar", "SHAPE_Area": 1414251.2756560114 }, "geometry": { "type": "Polygon", "coordinates": [ [ [ 79.5597757, 29.9057401 ], [ 79.5629556, 29.900961 ], [ 79.5641358, 29.897677 ], [ 79.5638173, 29.8973774 ], [ 79.563067, 29.8972267 ], [ 79.5616884, 29.8978078 ], [ 79.558026, 29.9007171 ], [ 79.5561254, 29.9008705 ], [ 79.5552848, 29.9005114 ], [ 79.5532414, 29.8983421 ], [ 79.5523681, 29.8985605 ], [ 79.5488085, 29.9012964 ], [ 79.5516316, 29.9043449 ], [ 79.5539927, 29.9058284 ], [ 79.5554715, 29.9043505 ], [ 79.5560406, 29.9042827 ], [ 79.5567982, 29.9047903 ], [ 79.5563898, 29.9074753 ], [ 79.5546919, 29.9104124 ], [ 79.5530509, 29.9121747 ], [ 79.5529699, 29.912561 ], [ 79.5534904, 29.9133555 ], [ 79.5550252, 29.9136868 ], [ 79.5574436, 29.9131787 ], [ 79.5577974, 29.9116624 ], [ 79.5591845, 29.9097281 ], [ 79.5597757, 29.9057401 ] ] ] } },
{ "type": "Feature", "properties": { "gp_code": "260028", "gp_name": "HAR BAGAR", "blkname": "GARUR", "dtname": "Bageshwar", "SHAPE_Area": 706394.42552453245 }, "geometry": { "type": "Polygon", "coordinates": [ [ [ 79.551934, 29.8948732 ], [ 79.5513139, 29.8943843 ], [ 79.5500391, 29.8944347 ], [ 79.549691, 29.8948507 ], [ 79.5497792, 29.8971754 ], [ 79.548644, 29.8996009 ], [ 79.5455008, 29.9023849 ], [ 79.5439967, 29.903025 ], [ 79.5478561, 29.9054149 ], [ 79.5491782, 29.9078967 ], [ 79.5503751, 29.9088317 ], [ 79.5539927, 29.9058284 ], [ 79.5516316, 29.9043449 ], [ 79.5488085, 29.9012964 ], [ 79.5523681, 29.8985605 ], [ 79.5532414, 29.8983421 ], [ 79.5527128, 29.8976098 ], [ 79.551934, 29.8948732 ] ] ] } },
{ "type": "Feature", "properties": { "gp_code": "21970", "gp_name": "THAKALA", "blkname": "GARUR", "dtname": "Bageshwar", "SHAPE_Area": 327223.11006620154 }, "geometry": { "type": "Polygon", "coordinates": [ [ [ 79.5503751, 29.9088317 ], [ 79.5491782, 29.9078967 ], [ 79.5478561, 29.9054149 ], [ 79.5439967, 29.903025 ], [ 79.5427191, 29.9039086 ], [ 79.5418497, 29.9051749 ], [ 79.5418713, 29.9054823 ], [ 79.5429176, 29.9055943 ], [ 79.5452509, 29.908416 ], [ 79.5482796, 29.9085465 ], [ 79.5500546, 29.9093612 ], [ 79.5503751, 29.9088317 ] ] ] } },
{ "type": "Feature", "properties": { "gp_code": "", "gp_name": "", "blkname": "GARUR", "dtname": "Bageshwar", "SHAPE_Area": 382382.99611278181 }, "geometry": { "type": "Polygon", "coordinates": [ [ [ 79.5488621, 29.9118558 ], [ 79.5497521, 29.9111743 ], [ 79.5500546, 29.9093612 ], [ 79.5482796, 29.9085465 ], [ 79.5452509, 29.908416 ], [ 79.5435799, 29.9095413 ], [ 79.5433578, 29.910477 ], [ 79.5411117, 29.9139007 ], [ 79.5423488, 29.9132203 ], [ 79.5447119, 29.9126322 ], [ 79.5460644, 29.9127239 ], [ 79.5488621, 29.9118558 ] ] ] } },
{ "type": "Feature", "properties": { "gp_code": "21970", "gp_name": "THAKALA", "blkname": "GARUR", "dtname": "Bageshwar", "SHAPE_Area": 890508.27189961635 }, "geometry": { "type": "Polygon", "coordinates": [ [ [ 79.5481797, 29.9137039 ], [ 79.5488621, 29.9118558 ], [ 79.5460644, 29.9127239 ], [ 79.5447119, 29.9126322 ], [ 79.5423488, 29.9132203 ], [ 79.5411117, 29.9139007 ], [ 79.5387417, 29.9163126 ], [ 79.5386333, 29.917918 ], [ 79.5392095, 29.9189902 ], [ 79.5427036, 29.9218201 ], [ 79.5448463, 29.9209093 ], [ 79.5478771, 29.9167051 ], [ 79.5482212, 29.9159626 ], [ 79.5481797, 29.9137039 ] ] ] } },
{ "type": "Feature", "properties": { "gp_code": "21907", "gp_name": "GAIRLEKH", "blkname": "GARUR", "dtname": "Bageshwar", "SHAPE_Area": 906363.30127871502 }, "geometry": { "type": "Polygon", "coordinates": [ [ [ 79.5731851, 29.9242624 ], [ 79.5720969, 29.9230503 ], [ 79.5670167, 29.9245187 ], [ 79.5683433, 29.9258603 ], [ 79.570595, 29.9295338 ], [ 79.5713139, 29.9322169 ], [ 79.5721509, 29.933686 ], [ 79.5727807, 29.9358287 ], [ 79.5741866, 29.9368211 ], [ 79.5751001, 29.9381095 ], [ 79.5753954, 29.9333328 ], [ 79.5757337, 29.9325952 ], [ 79.5756745, 29.9299684 ], [ 79.576378, 29.9289097 ], [ 79.5761161, 29.9279448 ], [ 79.5735121, 29.9251158 ], [ 79.5731851, 29.9242624 ] ] ] } },
{ "type": "Feature", "properties": { "gp_code": "21965", "gp_name": "SIMKHET", "blkname": "GARUR", "dtname": "Bageshwar", "SHAPE_Area": 3470207.8547367048 }, "geometry": { "type": "Polygon", "coordinates": [ [ [ 79.5567417, 29.9464605 ], [ 79.5583558, 29.9454391 ], [ 79.5581783, 29.9441798 ], [ 79.5595843, 29.9424491 ], [ 79.5615094, 29.9419885 ], [ 79.5653052, 29.9402988 ], [ 79.571394, 29.9402457 ], [ 79.5726359, 29.9414879 ], [ 79.5749323, 29.9421928 ], [ 79.5754226, 29.9419363 ], [ 79.5755051, 29.9411287 ], [ 79.5744989, 29.940016 ], [ 79.5754731, 29.938839 ], [ 79.5741866, 29.9368211 ], [ 79.5727807, 29.9358287 ], [ 79.5721509, 29.933686 ], [ 79.5713139, 29.9322169 ], [ 79.570595, 29.9295338 ], [ 79.5683433, 29.9258603 ], [ 79.5670167, 29.9245187 ], [ 79.5652423, 29.9259016 ], [ 79.5648784, 29.9306485 ], [ 79.5641552, 29.9340315 ], [ 79.5627377, 29.9326301 ], [ 79.5621429, 29.9350717 ], [ 79.5618909, 29.9355419 ], [ 79.5610931, 29.935847 ], [ 79.5574024, 29.9352373 ], [ 79.5536213, 29.9328976 ], [ 79.5521797, 29.9350147 ], [ 79.5518004, 29.9360544 ], [ 79.5516322, 29.9384824 ], [ 79.5501466, 29.9401534 ], [ 79.5498658, 29.9422539 ], [ 79.5519746, 29.9444552 ], [ 79.5523343, 29.9456951 ], [ 79.5545502, 29.9466478 ], [ 79.5544733, 29.9474356 ], [ 79.5548747, 29.9483836 ], [ 79.5557563, 29.9482816 ], [ 79.5567417, 29.9464605 ] ] ] } },
{ "type": "Feature", "properties": { "gp_code": "21907", "gp_name": "GAIRLEKH", "blkname": "GARUR", "dtname": "Bageshwar", "SHAPE_Area": 1161282.1581389399 }, "geometry": { "type": "Polygon", "coordinates": [ [ [ 79.5618909, 29.9355419 ], [ 79.5627377, 29.9326301 ], [ 79.5641552, 29.9340315 ], [ 79.5648784, 29.9306485 ], [ 79.5653032, 29.9263676 ], [ 79.5652423, 29.9259016 ], [ 79.5643597, 29.9261123 ], [ 79.563813, 29.9252872 ], [ 79.5616352, 29.9242712 ], [ 79.5551107, 29.9307661 ], [ 79.5536213, 29.9328976 ], [ 79.5574024, 29.9352373 ], [ 79.5610931, 29.935847 ], [ 79.5618909, 29.9355419 ] ] ] } },
{ "type": "Feature", "properties": { "gp_code": "21970", "gp_name": "THAKALA", "blkname": "GARUR", "dtname": "Bageshwar", "SHAPE_Area": 613523.51629545528 }, "geometry": { "type": "Polygon", "coordinates": [ [ [ 79.5333558, 29.9143345 ], [ 79.5411587, 29.9135093 ], [ 79.5433578, 29.910477 ], [ 79.5435799, 29.9095413 ], [ 79.5425663, 29.9098061 ], [ 79.5385969, 29.909428 ], [ 79.5370383, 29.9108591 ], [ 79.536094, 29.910878 ], [ 79.5319722, 29.913141 ], [ 79.5297113, 29.9171609 ], [ 79.5297004, 29.9180906 ], [ 79.531133, 29.9183723 ], [ 79.5324442, 29.9176822 ], [ 79.5327317, 29.9168802 ], [ 79.5326809, 29.9152841 ], [ 79.5333558, 29.9143345 ] ] ] } },
{ "type": "Feature", "properties": { "gp_code": "", "gp_name": "", "blkname": "GARUR", "dtname": "Bageshwar", "SHAPE_Area": 230474.99749796267 }, "geometry": { "type": "Polygon", "coordinates": [ [ [ 79.5435799, 29.9095413 ], [ 79.5452509, 29.908416 ], [ 79.5429176, 29.9055943 ], [ 79.5418713, 29.9054823 ], [ 79.5408141, 29.9073262 ], [ 79.5385969, 29.909428 ], [ 79.5425663, 29.9098061 ], [ 79.5435799, 29.9095413 ] ] ] } },
{ "type": "Feature", "properties": { "gp_code": "21972", "gp_name": "THAPAL BAJWAR", "blkname": "GARUR", "dtname": "Bageshwar", "SHAPE_Area": 480014.21902873728 }, "geometry": { "type": "Polygon", "coordinates": [ [ [ 79.5113048, 29.974384 ], [ 79.5131624, 29.9755696 ], [ 79.5167543, 29.9762608 ], [ 79.5165389, 29.9750043 ], [ 79.5168273, 29.9740239 ], [ 79.5174929, 29.9726681 ], [ 79.5200983, 29.9701485 ], [ 79.5204769, 29.9693865 ], [ 79.5202984, 29.9684543 ], [ 79.5195041, 29.9678176 ], [ 79.5181486, 29.9680415 ], [ 79.5171326, 29.9687719 ], [ 79.5149364, 29.9714513 ], [ 79.5129454, 29.9726049 ], [ 79.5113048, 29.974384 ] ] ] } },
{ "type": "Feature", "properties": { "gp_code": "21961", "gp_name": "ROLYANA", "blkname": "GARUR", "dtname": "Bageshwar", "SHAPE_Area": 2459033.7981575006 }, "geometry": { "type": "Polygon", "coordinates": [ [ [ 79.5482138, 29.9674889 ], [ 79.5473512, 29.9667927 ], [ 79.5452364, 29.9661426 ], [ 79.5436246, 29.964909 ], [ 79.5418189, 29.9646041 ], [ 79.5410105, 29.9638411 ], [ 79.5405898, 29.9638506 ], [ 79.5392838, 29.9644309 ], [ 79.5382947, 29.9656174 ], [ 79.5366977, 29.9665148 ], [ 79.5360196, 29.9682374 ], [ 79.5352655, 29.9689588 ], [ 79.5340899, 29.9697879 ], [ 79.5324945, 29.9702294 ], [ 79.5318966, 29.9718134 ], [ 79.5313394, 29.9716334 ], [ 79.5309461, 29.9703042 ], [ 79.5303052, 29.9697175 ], [ 79.5298089, 29.9685218 ], [ 79.5289876, 29.9704521 ], [ 79.5284966, 29.9708273 ], [ 79.527085, 29.9708529 ], [ 79.5254083, 29.9725322 ], [ 79.5248301, 29.9740377 ], [ 79.5241787, 29.97468 ], [ 79.5235982, 29.977612 ], [ 79.5227757, 29.9783232 ], [ 79.5229778, 29.9790572 ], [ 79.5236005, 29.9799411 ], [ 79.526684, 29.9803862 ], [ 79.5280246, 29.9810938 ], [ 79.5307825, 29.9803585 ], [ 79.5330699, 29.9805831 ], [ 79.5356155, 29.9817699 ], [ 79.5360505, 29.9811467 ], [ 79.535938, 29.9807797 ], [ 79.5341429, 29.9783067 ], [ 79.5333857, 29.9768575 ], [ 79.5335297, 29.9764268 ], [ 79.5373537, 29.9736627 ], [ 79.5385968, 29.9731163 ], [ 79.5404724, 29.9707577 ], [ 79.5441, 29.9686866 ], [ 79.5471538, 29.9678428 ], [ 79.5479732, 29.9678946 ], [ 79.5482138, 29.9674889 ] ] ] } },
{ "type": "Feature", "properties": { "gp_code": "21936", "gp_name": "MAJKOTE", "blkname": "GARUR", "dtname": "Bageshwar", "SHAPE_Area": 2554854.5808676216 }, "geometry": { "type": "Polygon", "coordinates": [ [ [ 79.5280246, 29.9810938 ], [ 79.526684, 29.9803862 ], [ 79.5236005, 29.9799411 ], [ 79.5227757, 29.9783232 ], [ 79.5201739, 29.976639 ], [ 79.5184169, 29.9766138 ], [ 79.5131624, 29.9755696 ], [ 79.5113048, 29.974384 ], [ 79.5092561, 29.975696 ], [ 79.5101293, 29.9765411 ], [ 79.5120001, 29.9770175 ], [ 79.5136395, 29.9770026 ], [ 79.5151392, 29.9777405 ], [ 79.5175734, 29.9811572 ], [ 79.5161346, 29.9822728 ], [ 79.5157792, 29.9829011 ], [ 79.5169408, 29.9842525 ], [ 79.5157852, 29.9871331 ], [ 79.5137258, 29.9882617 ], [ 79.5138273, 29.9913839 ], [ 79.5142355, 29.9932285 ], [ 79.5133608, 29.9941724 ], [ 79.5103872, 29.9956465 ], [ 79.5097001, 29.9969435 ], [ 79.5099138, 29.9977398 ], [ 79.5104528, 29.9981874 ], [ 79.5139771, 29.9990885 ], [ 79.5152934, 29.999003 ], [ 79.5161511, 29.9982986 ], [ 79.5206256, 29.9910672 ], [ 79.5241468, 29.9873313 ], [ 79.5241871, 29.9857358 ], [ 79.524681, 29.9846272 ], [ 79.5264885, 29.9823728 ], [ 79.5280246, 29.9810938 ] ] ] } }
]
}
