{
"type": "FeatureCollection",
"name": "champawat_gp",
"crs": { "type": "name", "properties": { "name": "urn:ogc:def:crs:OGC::CRS84" } },
"features": [
{ "type": "Feature", "properties": { "gp_code": "22745", "gp_name": "PACHPAKARIYA", "blkname": "CHAMPAWAT", "dtname": "Champawat", "SHAPE_Area": 1575496.2058474275 }, "geometry": { "type": "Polygon", "coordinates": [ [ [ 80.0715336, 28.9927554 ], [ 80.0713693, 28.9900341 ], [ 80.0681764, 28.9865512 ], [ 80.0675608, 28.9853849 ], [ 80.067564, 28.984061 ], [ 80.0685234, 28.9816943 ], [ 80.068157, 28.9797346 ], [ 80.0688953, 28.9790015 ], [ 80.0682774, 28.9770418 ], [ 80.0653782, 28.9744626 ], [ 80.0648415, 28.9737455 ], [ 80.0648474, 28.9727308 ], [ 80.0592216, 28.9742035 ], [ 80.0588541, 28.9770135 ], [ 80.0581306, 28.9784122 ], [ 80.0706509, 28.9930348 ], [ 80.0715336, 28.9927554 ] ] ] } },
{ "type": "Feature", "properties": { "gp_code": "260386", "gp_name": "DEVIPUR", "blkname": "CHAMPAWAT", "dtname": "Champawat", "SHAPE_Area": 654568.32878407766 }, "geometry": { "type": "Polygon", "coordinates": [ [ [ 80.0592216, 28.9742035 ], [ 80.0656781, 28.9722828 ], [ 80.0670198, 28.9721527 ], [ 80.0672083, 28.9718483 ], [ 80.0658044, 28.9695917 ], [ 80.0663891, 28.9683504 ], [ 80.0663083, 28.96773 ], [ 80.0657973, 28.9672532 ], [ 80.0632709, 28.9670572 ], [ 80.0610339, 28.9680036 ], [ 80.0597627, 28.9677659 ], [ 80.0572232, 28.9700506 ], [ 80.0592204, 28.9728562 ], [ 80.0592216, 28.9742035 ] ] ] } },
{ "type": "Feature", "properties": { "gp_code": "243021", "gp_name": "GUDMEE", "blkname": "CHAMPAWAT", "dtname": "Champawat", "SHAPE_Area": 10202325.318128848 }, "geometry": { "type": "Polygon", "coordinates": [ [ [ 80.0963195, 28.9757371 ], [ 80.0765239, 28.9448671 ], [ 80.0771089, 28.9459929 ], [ 80.0770195, 28.9473632 ], [ 80.0767714, 28.9477904 ], [ 80.0743505, 28.9487993 ], [ 80.0740033, 28.9534416 ], [ 80.0727673, 28.9537897 ], [ 80.070503, 28.9526588 ], [ 80.0699499, 28.9528576 ], [ 80.0679299, 28.9542387 ], [ 80.067332, 28.9551127 ], [ 80.0666112, 28.9583799 ], [ 80.0656296, 28.959542 ], [ 80.0640266, 28.9600193 ], [ 80.0609779, 28.9594645 ], [ 80.0598492, 28.9601401 ], [ 80.059398, 28.9609545 ], [ 80.0597627, 28.9677659 ], [ 80.0610339, 28.9680036 ], [ 80.0626246, 28.9671906 ], [ 80.0646873, 28.9670134 ], [ 80.0657973, 28.9672532 ], [ 80.0663083, 28.96773 ], [ 80.0663891, 28.9683504 ], [ 80.0657552, 28.9693514 ], [ 80.0670115, 28.9711709 ], [ 80.0671691, 28.9720143 ], [ 80.0648474, 28.9727308 ], [ 80.0648415, 28.9737455 ], [ 80.0673293, 28.9760336 ], [ 80.0777241, 28.9722569 ], [ 80.0820687, 28.9867088 ], [ 80.0820469, 28.9892722 ], [ 80.0843734, 28.9895176 ], [ 80.0849699, 28.9885773 ], [ 80.0886991, 28.9849055 ], [ 80.0874409, 28.9832197 ], [ 80.0978027, 28.9796366 ], [ 80.0963195, 28.9757371 ] ] ] } },
{ "type": "Feature", "properties": { "gp_code": "22685", "gp_name": "BANBASA", "blkname": "CHAMPAWAT", "dtname": "Champawat", "SHAPE_Area": 3122084.0524872155 }, "geometry": { "type": "Polygon", "coordinates": [ [ [ 80.0820469, 28.9892722 ], [ 80.0820687, 28.9867088 ], [ 80.0777241, 28.9722569 ], [ 80.0673293, 28.9760336 ], [ 80.0685311, 28.9774824 ], [ 80.0688953, 28.9790015 ], [ 80.068157, 28.9797346 ], [ 80.0685234, 28.9816943 ], [ 80.067564, 28.984061 ], [ 80.0675608, 28.9853849 ], [ 80.0681764, 28.9865512 ], [ 80.0713693, 28.9900341 ], [ 80.0715336, 28.9927554 ], [ 80.0736603, 28.9924825 ], [ 80.0743362, 28.9930764 ], [ 80.0786228, 28.9937014 ], [ 80.0798532, 28.9918124 ], [ 80.0800725, 28.9907482 ], [ 80.0811212, 28.990917 ], [ 80.0820469, 28.9892722 ] ] ] } },
{ "type": "Feature", "properties": { "gp_code": "22689", "gp_name": "BHAJANPUR", "blkname": "CHAMPAWAT", "dtname": "Champawat", "SHAPE_Area": 4154465.7648171238 }, "geometry": { "type": "Polygon", "coordinates": [ [ [ 80.0950197, 29.0201348 ], [ 80.0969477, 29.0169001 ], [ 80.0970019, 29.0163558 ], [ 80.0939404, 29.0138604 ], [ 80.0904973, 29.0122616 ], [ 80.0867441, 29.0099425 ], [ 80.0850676, 29.0082305 ], [ 80.0843201, 29.0071104 ], [ 80.0833151, 29.0018281 ], [ 80.0827452, 29.0005246 ], [ 80.0818841, 29.0000984 ], [ 80.0795128, 28.9998547 ], [ 80.0786166, 28.9985838 ], [ 80.0780666, 28.9984459 ], [ 80.0772601, 28.9962804 ], [ 80.0781198, 28.9954958 ], [ 80.0786228, 28.9937014 ], [ 80.0743362, 28.9930764 ], [ 80.0736603, 28.9924825 ], [ 80.0706509, 28.9930348 ], [ 80.0581306, 28.9784122 ], [ 80.0567754, 28.9790924 ], [ 80.0585899, 28.9826472 ], [ 80.0565339, 28.9831727 ], [ 80.0567425, 28.9841495 ], [ 80.0583008, 28.9852501 ], [ 80.0608686, 28.9881005 ], [ 80.0613865, 28.9878518 ], [ 80.0624701, 28.9890112 ], [ 80.0630351, 28.9886935 ], [ 80.0634002, 28.9888832 ], [ 80.0642955, 28.9901117 ], [ 80.0647439, 28.9924796 ], [ 80.0674635, 28.9924888 ], [ 80.0703681, 28.9930964 ], [ 80.070808, 28.9936484 ], [ 80.072769, 28.9971317 ], [ 80.0757414, 29.0043612 ], [ 80.0814666, 29.015308 ], [ 80.0854043, 29.0210207 ], [ 80.0871336, 29.0198193 ], [ 80.0889898, 29.0178172 ], [ 80.0909206, 29.0182483 ], [ 80.0950197, 29.0201348 ] ] ] } },
{ "type": "Feature", "properties": { "gp_code": "22767", "gp_name": "TARKULI", "blkname": "CHAMPAWAT", "dtname": "Champawat", "SHAPE_Area": 1014959.3648546913 }, "geometry": { "type": "Polygon", "coordinates": [ [ [ 80.2765286, 29.2181212 ], [ 80.2756755, 29.2182079 ], [ 80.2735312, 29.2205329 ], [ 80.2711831, 29.2234362 ], [ 80.270301, 29.2251242 ], [ 80.276961, 29.2279742 ], [ 80.2810024, 29.2286683 ], [ 80.2829234, 29.2279069 ], [ 80.2829206, 29.2267132 ], [ 80.2823568, 29.2257856 ], [ 80.2793946, 29.2246349 ], [ 80.2792638, 29.2240856 ], [ 80.2804669, 29.2211842 ], [ 80.277765, 29.2204214 ], [ 80.2787012, 29.2188943 ], [ 80.2765286, 29.2181212 ] ] ] } },
{ "type": "Feature", "properties": { "gp_code": "22767", "gp_name": "TARKULI", "blkname": "CHAMPAWAT", "dtname": "Champawat", "SHAPE_Area": 4157281.0706469519 }, "geometry": { "type": "Polygon", "coordinates": [ [ [ 80.300396, 29.2431917 ], [ 80.3001895, 29.2416386 ], [ 80.2988938, 29.2398238 ], [ 80.2959836, 29.2385322 ], [ 80.2928762, 29.2341554 ], [ 80.2918484, 29.2347899 ], [ 80.2900148, 29.2348866 ], [ 80.2872041, 29.2339916 ], [ 80.2856055, 29.2339944 ], [ 80.2851293, 29.2336257 ], [ 80.2840273, 29.2335519 ], [ 80.2824617, 29.2338768 ], [ 80.2808686, 29.2362861 ], [ 80.2745809, 29.235937 ], [ 80.2724209, 29.236187 ], [ 80.2689181, 29.2348854 ], [ 80.2688324, 29.2352077 ], [ 80.2691735, 29.2380495 ], [ 80.2706491, 29.2410031 ], [ 80.2724909, 29.2434444 ], [ 80.2725591, 29.2449412 ], [ 80.2734053, 29.2465315 ], [ 80.2733857, 29.24746 ], [ 80.2779224, 29.2471301 ], [ 80.279755, 29.2454026 ], [ 80.2813311, 29.244945 ], [ 80.2824951, 29.2437492 ], [ 80.2837467, 29.2430649 ], [ 80.2854749, 29.2429291 ], [ 80.2868149, 29.243173 ], [ 80.2904493, 29.2451372 ], [ 80.2937791, 29.2461354 ], [ 80.2959014, 29.2482159 ], [ 80.2987214, 29.2488667 ], [ 80.3000247, 29.2457665 ], [ 80.300396, 29.2431917 ] ] ] } },
{ "type": "Feature", "properties": { "gp_code": "22753", "gp_name": "RIYASI BAMAN GAON", "blkname": "CHAMPAWAT", "dtname": "Champawat", "SHAPE_Area": 12426085.457780812 }, "geometry": { "type": "Polygon", "coordinates": [ [ [ 80.2539517, 29.2544936 ], [ 80.2543915, 29.2513868 ], [ 80.2564209, 29.2498715 ], [ 80.2589309, 29.249858 ], [ 80.259983, 29.2494293 ], [ 80.260411, 29.2474389 ], [ 80.2628959, 29.2481554 ], [ 80.2647804, 29.2469237 ], [ 80.2657135, 29.246868 ], [ 80.2662293, 29.2472249 ], [ 80.2661169, 29.2486162 ], [ 80.2664756, 29.2492907 ], [ 80.2696947, 29.2491906 ], [ 80.2702345, 29.2489623 ], [ 80.2710095, 29.2476914 ], [ 80.2733857, 29.24746 ], [ 80.2734053, 29.2465315 ], [ 80.2725591, 29.2449412 ], [ 80.2724909, 29.2434444 ], [ 80.2706491, 29.2410031 ], [ 80.2691735, 29.2380495 ], [ 80.2689181, 29.2348854 ], [ 80.2672541, 29.234604 ], [ 80.2655077, 29.2362555 ], [ 80.2640402, 29.2370727 ], [ 80.264382, 29.2352341 ], [ 80.2655852, 29.2321434 ], [ 80.2660073, 29.227538 ], [ 80.2670097, 29.226551 ], [ 80.270301, 29.2251242 ], [ 80.2711831, 29.2234362 ], [ 80.2747384, 29.219375 ], [ 80.2737332, 29.2190545 ], [ 80.2667115, 29.2134666 ], [ 80.2677869, 29.211333 ], [ 80.2675252, 29.2063629 ], [ 80.2620759, 29.2062123 ], [ 80.2603905, 29.2069133 ], [ 80.259489, 29.2076917 ], [ 80.2580443, 29.2106461 ], [ 80.2573578, 29.214769 ], [ 80.2573979, 29.2179776 ], [ 80.25511, 29.2203206 ], [ 80.2525735, 29.2214389 ], [ 80.2525927, 29.2226659 ], [ 80.2511272, 29.2243263 ], [ 80.2510654, 29.2258329 ], [ 80.2530561, 29.2274026 ], [ 80.2542796, 29.2288313 ], [ 80.2538198, 29.2310776 ], [ 80.2550441, 29.2328853 ], [ 80.2526897, 29.2330974 ], [ 80.2478484, 29.232126 ], [ 80.2452057, 29.2339729 ], [ 80.2382534, 29.2375331 ], [ 80.2381663, 29.2381996 ], [ 80.2413525, 29.2412785 ], [ 80.2423635, 29.2432605 ], [ 80.2422997, 29.2467935 ], [ 80.240765, 29.2480742 ], [ 80.2401052, 29.2494931 ], [ 80.2400105, 29.2510183 ], [ 80.240415, 29.252673 ], [ 80.2448745, 29.2541513 ], [ 80.2476049, 29.2526099 ], [ 80.2489384, 29.2526895 ], [ 80.2539517, 29.2544936 ] ] ] } },
{ "type": "Feature", "properties": { "gp_code": "22720", "gp_name": "KALI GOOTH (PURNAGIRI)", "blkname": "CHAMPAWAT", "dtname": "Champawat", "SHAPE_Area": 465754.59326266602 }, "geometry": { "type": "Polygon", "coordinates": [ [ [ 80.2525644, 29.1903276 ], [ 80.2498003, 29.190474 ], [ 80.248389, 29.1916199 ], [ 80.2460363, 29.1920498 ], [ 80.2451824, 29.1933932 ], [ 80.2453093, 29.1956477 ], [ 80.248395, 29.1966617 ], [ 80.2493878, 29.1961748 ], [ 80.2508269, 29.1948624 ], [ 80.2539634, 29.1906622 ], [ 80.2525644, 29.1903276 ] ] ] } },
{ "type": "Feature", "properties": { "gp_code": "", "gp_name": "", "blkname": "CHAMPAWAT", "dtname": "Champawat", "SHAPE_Area": 955154.79170458508 }, "geometry": { "type": "Polygon", "coordinates": [ [ [ 80.2905869, 29.1955801 ], [ 80.2884954, 29.1952566 ], [ 80.2850977, 29.1962142 ], [ 80.2836086, 29.1978262 ], [ 80.2814635, 29.2020439 ], [ 80.2756698, 29.2066587 ], [ 80.2769686, 29.207281 ], [ 80.2779189, 29.2072416 ], [ 80.2797097, 29.2063477 ], [ 80.2826898, 29.206134 ], [ 80.2848471, 29.2049932 ], [ 80.2854724, 29.2044994 ], [ 80.2877944, 29.1999093 ], [ 80.2890892, 29.1994522 ], [ 80.2905869, 29.1955801 ] ] ] } },
{ "type": "Feature", "properties": { "gp_code": "", "gp_name": "", "blkname": "CHAMPAWAT", "dtname": "Champawat", "SHAPE_Area": 10497490.535480123 }, "geometry": { "type": "Polygon", "coordinates": [ [ [ 80.2689181, 29.2348854 ], [ 80.2724209, 29.236187 ], [ 80.2745809, 29.235937 ], [ 80.2808686, 29.2362861 ], [ 80.2824617, 29.2338768 ], [ 80.2840273, 29.2335519 ], [ 80.2851293, 29.2336257 ], [ 80.2856055, 29.2339944 ], [ 80.2872041, 29.2339916 ], [ 80.2900148, 29.2348866 ], [ 80.2918484, 29.2347899 ], [ 80.2928762, 29.2341554 ], [ 80.290729, 29.2321295 ], [ 80.2906375, 29.230266 ], [ 80.2945821, 29.2238209 ], [ 80.295327, 29.2231067 ], [ 80.2960803, 29.2212489 ], [ 80.2958908, 29.2187363 ], [ 80.2949679, 29.217087 ], [ 80.2941679, 29.2142732 ], [ 80.2940458, 29.2118215 ], [ 80.2943416, 29.2104211 ], [ 80.2972595, 29.20696 ], [ 80.2974751, 29.2059358 ], [ 80.2973755, 29.2049264 ], [ 80.2960448, 29.2031515 ], [ 80.2951428, 29.2004017 ], [ 80.2937327, 29.1977599 ], [ 80.2912739, 29.1959042 ], [ 80.2905869, 29.1955801 ], [ 80.2890892, 29.1994522 ], [ 80.2877944, 29.1999093 ], [ 80.2854724, 29.2044994 ], [ 80.283661, 29.2057723 ], [ 80.2818261, 29.2062682 ], [ 80.2797097, 29.2063477 ], [ 80.279106, 29.2068415 ], [ 80.2769686, 29.207281 ], [ 80.2756698, 29.2066587 ], [ 80.274773, 29.2069814 ], [ 80.2721595, 29.2068528 ], [ 80.2701727, 29.2071153 ], [ 80.2675252, 29.2063629 ], [ 80.2677869, 29.211333 ], [ 80.2667324, 29.213154 ], [ 80.2669499, 29.2138642 ], [ 80.2744035, 29.219385 ], [ 80.2750188, 29.2191565 ], [ 80.2760422, 29.2180178 ], [ 80.2787012, 29.2188943 ], [ 80.277765, 29.2204214 ], [ 80.2804669, 29.2211842 ], [ 80.2792638, 29.2240856 ], [ 80.2793946, 29.2246349 ], [ 80.2823568, 29.2257856 ], [ 80.2829206, 29.2267132 ], [ 80.2829234, 29.2279069 ], [ 80.2810024, 29.2286683 ], [ 80.2753829, 29.2274653 ], [ 80.270301, 29.2251242 ], [ 80.2670097, 29.226551 ], [ 80.2660073, 29.227538 ], [ 80.2655852, 29.2321434 ], [ 80.264382, 29.2352341 ], [ 80.2640402, 29.2370727 ], [ 80.2655077, 29.2362555 ], [ 80.2672541, 29.234604 ], [ 80.2689181, 29.2348854 ] ] ] } },
{ "type": "Feature", "properties": { "gp_code": "22720", "gp_name": "KALI GOOTH (PURNAGIRI)", "blkname": "CHAMPAWAT", "dtname": "Champawat", "SHAPE_Area": 1320990.2744240414 }, "geometry": { "type": "Polygon", "coordinates": [ [ [ 80.241764, 29.1835185 ], [ 80.2413748, 29.180824 ], [ 80.2428193, 29.1810144 ], [ 80.2431654, 29.1804042 ], [ 80.242945, 29.1798912 ], [ 80.2354507, 29.1752342 ], [ 80.2343911, 29.1755566 ], [ 80.2328499, 29.1773555 ], [ 80.2316449, 29.1781273 ], [ 80.227167, 29.1784065 ], [ 80.2272453, 29.1812778 ], [ 80.2379098, 29.1850321 ], [ 80.2394453, 29.1850619 ], [ 80.241436, 29.1840483 ], [ 80.241764, 29.1835185 ] ] ] } },
{ "type": "Feature", "properties": { "gp_code": "", "gp_name": "", "blkname": "CHAMPAWAT", "dtname": "Champawat", "SHAPE_Area": 213511.40990839363 }, "geometry": { "type": "Polygon", "coordinates": [ [ [ 80.2014337, 29.1533232 ], [ 80.2012554, 29.1557401 ], [ 80.2044474, 29.1566003 ], [ 80.205322, 29.156263 ], [ 80.2064506, 29.1551574 ], [ 80.2062482, 29.1540853 ], [ 80.2054988, 29.152982 ], [ 80.2049334, 29.1528067 ], [ 80.2038584, 29.1532241 ], [ 80.2014337, 29.1533232 ] ] ] } },
{ "type": "Feature", "properties": { "gp_code": "", "gp_name": "", "blkname": "CHAMPAWAT", "dtname": "Champawat", "SHAPE_Area": 185774.49959725776 }, "geometry": { "type": "Polygon", "coordinates": [ [ [ 80.1898636, 29.1579865 ], [ 80.187083, 29.1579739 ], [ 80.1860626, 29.1583351 ], [ 80.1859998, 29.1590154 ], [ 80.1865211, 29.160159 ], [ 80.1871962, 29.1604623 ], [ 80.1879344, 29.1602854 ], [ 80.1908615, 29.1607221 ], [ 80.1920638, 29.1600084 ], [ 80.191889, 29.1590244 ], [ 80.1898636, 29.1579865 ] ] ] } },
{ "type": "Feature", "properties": { "gp_code": "", "gp_name": "", "blkname": "CHAMPAWAT", "dtname": "Champawat", "SHAPE_Area": 151944.32987156051 }, "geometry": { "type": "Polygon", "coordinates": [ [ [ 80.1868141, 29.1609349 ], [ 80.186269, 29.1622319 ], [ 80.1866361, 29.1638158 ], [ 80.1881865, 29.164198 ], [ 80.1897719, 29.163524 ], [ 80.1903725, 29.1628672 ], [ 80.1902247, 29.161587 ], [ 80.1868141, 29.1609349 ] ] ] } },
{ "type": "Feature", "properties": { "gp_code": "22720", "gp_name": "KALI GOOTH (PURNAGIRI)", "blkname": "CHAMPAWAT", "dtname": "Champawat", "SHAPE_Area": 2263495.3319226601 }, "geometry": { "type": "Polygon", "coordinates": [ [ [ 80.2107262, 29.1886074 ], [ 80.2121968, 29.1847327 ], [ 80.2119919, 29.1823164 ], [ 80.2114056, 29.1806368 ], [ 80.2107662, 29.1799976 ], [ 80.2119967, 29.1744427 ], [ 80.211429, 29.1730512 ], [ 80.2108633, 29.1728119 ], [ 80.2098797, 29.1734213 ], [ 80.208005, 29.1755523 ], [ 80.2066934, 29.1763061 ], [ 80.2052186, 29.1777163 ], [ 80.2005385, 29.1760178 ], [ 80.1985049, 29.1758364 ], [ 80.1979328, 29.1829265 ], [ 80.1984444, 29.1835021 ], [ 80.2019855, 29.1854981 ], [ 80.2038874, 29.1887443 ], [ 80.2054744, 29.1889343 ], [ 80.2063852, 29.1883091 ], [ 80.2070418, 29.1883402 ], [ 80.208287, 29.1913792 ], [ 80.2088889, 29.1913464 ], [ 80.2107262, 29.1886074 ] ] ] } },
{ "type": "Feature", "properties": { "gp_code": "22720", "gp_name": "KALI GOOTH (PURNAGIRI)", "blkname": "CHAMPAWAT", "dtname": "Champawat", "SHAPE_Area": 374299.92292173393 }, "geometry": { "type": "Polygon", "coordinates": [ [ [ 80.1962796, 29.1739827 ], [ 80.1900945, 29.1717176 ], [ 80.1894039, 29.1733028 ], [ 80.1894229, 29.1737829 ], [ 80.1905006, 29.1749659 ], [ 80.1909245, 29.177878 ], [ 80.1920552, 29.1779247 ], [ 80.1931295, 29.1768832 ], [ 80.1957178, 29.1762079 ], [ 80.1968108, 29.1754704 ], [ 80.1967362, 29.1744302 ], [ 80.1962796, 29.1739827 ] ] ] } },
{ "type": "Feature", "properties": { "gp_code": "22750", "gp_name": "POTH", "blkname": "CHAMPAWAT", "dtname": "Champawat", "SHAPE_Area": 378462.25477748917 }, "geometry": { "type": "Polygon", "coordinates": [ [ [ 80.1960917, 29.1819687 ], [ 80.1929921, 29.1823085 ], [ 80.1900389, 29.1830321 ], [ 80.1889822, 29.1837055 ], [ 80.1893132, 29.1854495 ], [ 80.1904743, 29.1874886 ], [ 80.1915692, 29.1878793 ], [ 80.1959769, 29.1843132 ], [ 80.1962309, 29.1835128 ], [ 80.1960917, 29.1819687 ] ] ] } },
{ "type": "Feature", "properties": { "gp_code": "", "gp_name": "", "blkname": "CHAMPAWAT", "dtname": "Champawat", "SHAPE_Area": 220193.67855330199 }, "geometry": { "type": "Polygon", "coordinates": [ [ [ 80.1864029, 29.2019598 ], [ 80.185764, 29.2025702 ], [ 80.1863156, 29.2046228 ], [ 80.1915079, 29.2045044 ], [ 80.1925124, 29.2038455 ], [ 80.1926762, 29.203364 ], [ 80.192529, 29.2028028 ], [ 80.191431, 29.2020983 ], [ 80.1864029, 29.2019598 ] ] ] } },
{ "type": "Feature", "properties": { "gp_code": "", "gp_name": "", "blkname": "CHAMPAWAT", "dtname": "Champawat", "SHAPE_Area": 568201.87566785899 }, "geometry": { "type": "Polygon", "coordinates": [ [ [ 80.2028156, 29.2073467 ], [ 80.2010855, 29.2078603 ], [ 80.1954205, 29.2109511 ], [ 80.1899969, 29.2104927 ], [ 80.1883535, 29.2099523 ], [ 80.1883872, 29.2104791 ], [ 80.191235, 29.2119841 ], [ 80.1918029, 29.2135516 ], [ 80.191459, 29.2153123 ], [ 80.1920243, 29.2152156 ], [ 80.195232, 29.2134994 ], [ 80.1994253, 29.2122141 ], [ 80.2021594, 29.2109945 ], [ 80.202767, 29.2088254 ], [ 80.2028156, 29.2073467 ] ] ] } },
{ "type": "Feature", "properties": { "gp_code": "", "gp_name": "", "blkname": "CHAMPAWAT", "dtname": "Champawat", "SHAPE_Area": 558164.17282116483 }, "geometry": { "type": "Polygon", "coordinates": [ [ [ 80.222841, 29.2047167 ], [ 80.2197144, 29.2045661 ], [ 80.2137097, 29.2049926 ], [ 80.2108494, 29.2055852 ], [ 80.2084841, 29.2065026 ], [ 80.2097783, 29.2077378 ], [ 80.2109312, 29.2082977 ], [ 80.2122665, 29.208713 ], [ 80.2148998, 29.2089181 ], [ 80.2175863, 29.2081766 ], [ 80.22008, 29.2070583 ], [ 80.2218332, 29.205949 ], [ 80.222841, 29.2047167 ] ] ] } },
{ "type": "Feature", "properties": { "gp_code": "", "gp_name": "", "blkname": "CHAMPAWAT", "dtname": "Champawat", "SHAPE_Area": 343049.26037056773 }, "geometry": { "type": "Polygon", "coordinates": [ [ [ 80.2034757, 29.1998216 ], [ 80.2027104, 29.2014107 ], [ 80.2036636, 29.2029173 ], [ 80.2054002, 29.2027386 ], [ 80.2074124, 29.2033617 ], [ 80.2108134, 29.2035979 ], [ 80.2114897, 29.2034847 ], [ 80.2119824, 29.2029707 ], [ 80.2117247, 29.2018963 ], [ 80.2105166, 29.2011279 ], [ 80.2083214, 29.2003608 ], [ 80.2060543, 29.2003156 ], [ 80.2034757, 29.1998216 ] ] ] } },
{ "type": "Feature", "properties": { "gp_code": "", "gp_name": "", "blkname": "CHAMPAWAT", "dtname": "Champawat", "SHAPE_Area": 380316.04622166342 }, "geometry": { "type": "Polygon", "coordinates": [ [ [ 80.2325319, 29.1880639 ], [ 80.2252131, 29.1895501 ], [ 80.2249404, 29.1903526 ], [ 80.2255907, 29.1910575 ], [ 80.2308503, 29.1931113 ], [ 80.2334502, 29.1903404 ], [ 80.2337586, 29.1890727 ], [ 80.2333368, 29.1883514 ], [ 80.2325319, 29.1880639 ] ] ] } },
{ "type": "Feature", "properties": { "gp_code": "", "gp_name": "", "blkname": "CHAMPAWAT", "dtname": "Champawat", "SHAPE_Area": 1098753.7326382129 }, "geometry": { "type": "Polygon", "coordinates": [ [ [ 80.2433946, 29.2084064 ], [ 80.2405888, 29.2029062 ], [ 80.2407529, 29.201857 ], [ 80.2418375, 29.2002725 ], [ 80.2392362, 29.197735 ], [ 80.2364608, 29.1964218 ], [ 80.2334757, 29.1962558 ], [ 80.2292913, 29.1970521 ], [ 80.2280913, 29.1975808 ], [ 80.2273333, 29.1983722 ], [ 80.2271574, 29.1987444 ], [ 80.2360709, 29.2032338 ], [ 80.2385244, 29.205123 ], [ 80.2401699, 29.2051206 ], [ 80.2420216, 29.2077325 ], [ 80.2425529, 29.208261 ], [ 80.2433946, 29.2084064 ] ] ] } },
{ "type": "Feature", "properties": { "gp_code": "", "gp_name": "", "blkname": "CHAMPAWAT", "dtname": "Champawat", "SHAPE_Area": 113461.26787674479 }, "geometry": { "type": "Polygon", "coordinates": [ [ [ 80.2356427, 29.2096554 ], [ 80.235471, 29.2122281 ], [ 80.2390032, 29.2119284 ], [ 80.2386456, 29.2097285 ], [ 80.2356427, 29.2096554 ] ] ] } },
{ "type": "Feature", "properties": { "gp_code": "", "gp_name": "", "blkname": "CHAMPAWAT", "dtname": "Champawat", "SHAPE_Area": 489180.07903447043 }, "geometry": { "type": "Polygon", "coordinates": [ [ [ 80.2476369, 29.2172742 ], [ 80.2477343, 29.2162843 ], [ 80.2445368, 29.2126722 ], [ 80.2444802, 29.2116187 ], [ 80.2385747, 29.2141296 ], [ 80.2383726, 29.2172886 ], [ 80.2411033, 29.2173047 ], [ 80.2433971, 29.2168314 ], [ 80.2476369, 29.2172742 ] ] ] } },
{ "type": "Feature", "properties": { "gp_code": "", "gp_name": "", "blkname": "CHAMPAWAT", "dtname": "Champawat", "SHAPE_Area": 11242912.189582691 }, "geometry": { "type": "Polygon", "coordinates": [ [ [ 80.2290039, 29.2180136 ], [ 80.2344123, 29.218254 ], [ 80.2363766, 29.2174727 ], [ 80.2383726, 29.2172886 ], [ 80.2385747, 29.2141296 ], [ 80.2444802, 29.2116187 ], [ 80.2444878, 29.2110595 ], [ 80.2440171, 29.2091442 ], [ 80.2433946, 29.2084064 ], [ 80.2425529, 29.208261 ], [ 80.2420216, 29.2077325 ], [ 80.2401699, 29.2051206 ], [ 80.2385244, 29.205123 ], [ 80.2360709, 29.2032338 ], [ 80.2271574, 29.1987444 ], [ 80.2258749, 29.2024809 ], [ 80.224747, 29.2038462 ], [ 80.222841, 29.2047167 ], [ 80.2218332, 29.205949 ], [ 80.22008, 29.2070583 ], [ 80.2175863, 29.2081766 ], [ 80.2148998, 29.2089181 ], [ 80.2122665, 29.208713 ], [ 80.2097783, 29.2077378 ], [ 80.2084841, 29.2065026 ], [ 80.2028156, 29.2073467 ], [ 80.202767, 29.2088254 ], [ 80.2021594, 29.2109945 ], [ 80.1994253, 29.2122141 ], [ 80.195232, 29.2134994 ], [ 80.191459, 29.2153123 ], [ 80.1901111, 29.2171216 ], [ 80.1901768, 29.2200338 ], [ 80.1898126, 29.2219935 ], [ 80.1902277, 29.2232881 ], [ 80.1917973, 29.2246933 ], [ 80.1945195, 29.2243659 ], [ 80.195861, 29.2247564 ], [ 80.1965533, 29.2241315 ], [ 80.1967072, 29.2234672 ], [ 80.1951739, 29.2228609 ], [ 80.1962652, 29.2207793 ], [ 80.2006445, 29.221574 ], [ 80.2017016, 29.2210446 ], [ 80.2041824, 29.2209615 ], [ 80.2052187, 29.2188799 ], [ 80.2074609, 29.2179488 ], [ 80.2093786, 29.2165941 ], [ 80.2105134, 29.2162326 ], [ 80.212142, 29.2165385 ], [ 80.2159717, 29.2159733 ], [ 80.216191, 29.216245 ], [ 80.2159733, 29.2168854 ], [ 80.2145725, 29.2190796 ], [ 80.2148853, 29.2205994 ], [ 80.2145765, 29.2213359 ], [ 80.212789, 29.2215304 ], [ 80.2115681, 29.2222521 ], [ 80.2097613, 29.2217904 ], [ 80.2081033, 29.2229927 ], [ 80.2041819, 29.2233818 ], [ 80.2049895, 29.2264212 ], [ 80.2033662, 29.2265673 ], [ 80.2023457, 29.2272726 ], [ 80.2001792, 29.2306353 ], [ 80.2054829, 29.2339447 ], [ 80.2062595, 29.2334634 ], [ 80.2071406, 29.232145 ], [ 80.2077585, 29.2319428 ], [ 80.2115414, 29.2331775 ], [ 80.2123364, 29.2331764 ], [ 80.2138007, 29.2320278 ], [ 80.2185837, 29.229325 ], [ 80.2207359, 29.2276485 ], [ 80.2215305, 29.2273995 ], [ 80.2223768, 29.2264685 ], [ 80.2222508, 29.2251826 ], [ 80.2208204, 29.2254634 ], [ 80.2209707, 29.2206439 ], [ 80.2206418, 29.2194667 ], [ 80.2211831, 29.2181487 ], [ 80.2220459, 29.217302 ], [ 80.2256469, 29.2164146 ], [ 80.2290039, 29.2180136 ] ], [ [ 80.2356427, 29.2096554 ], [ 80.2386456, 29.2097285 ], [ 80.2390032, 29.2119284 ], [ 80.235471, 29.2122281 ], [ 80.2356427, 29.2096554 ] ] ] } },
{ "type": "Feature", "properties": { "gp_code": "22763", "gp_name": "SORAI", "blkname": "CHAMPAWAT", "dtname": "Champawat", "SHAPE_Area": 11517586.71487402 }, "geometry": { "type": "Polygon", "coordinates": [ [ [ 80.2168634, 29.2505619 ], [ 80.2226044, 29.2499932 ], [ 80.2285416, 29.2510848 ], [ 80.2343626, 29.2506625 ], [ 80.2400105, 29.2510183 ], [ 80.2404745, 29.2486015 ], [ 80.2422997, 29.2467935 ], [ 80.2424928, 29.2461115 ], [ 80.2423635, 29.2432605 ], [ 80.2413525, 29.2412785 ], [ 80.2381663, 29.2381996 ], [ 80.2382534, 29.2375331 ], [ 80.2378989, 29.2369758 ], [ 80.2363771, 29.2356609 ], [ 80.2361281, 29.2348246 ], [ 80.2366036, 29.2340645 ], [ 80.2364228, 29.2319108 ], [ 80.2362626, 29.2312603 ], [ 80.2350944, 29.2300997 ], [ 80.2332198, 29.2290952 ], [ 80.2322309, 29.2293446 ], [ 80.2273466, 29.2343414 ], [ 80.2269958, 29.2324362 ], [ 80.2270283, 29.229249 ], [ 80.2259835, 29.2268482 ], [ 80.225904, 29.2252111 ], [ 80.2268331, 29.2229687 ], [ 80.228611, 29.2206311 ], [ 80.2292652, 29.2186573 ], [ 80.2290039, 29.2180136 ], [ 80.2260027, 29.2164611 ], [ 80.2220459, 29.217302 ], [ 80.2211831, 29.2181487 ], [ 80.2206418, 29.2194667 ], [ 80.2209707, 29.2206439 ], [ 80.2208204, 29.2254634 ], [ 80.2222508, 29.2251826 ], [ 80.2223768, 29.2264685 ], [ 80.2215305, 29.2273995 ], [ 80.2207359, 29.2276485 ], [ 80.2185837, 29.229325 ], [ 80.2138007, 29.2320278 ], [ 80.2123364, 29.2331764 ], [ 80.2115414, 29.2331775 ], [ 80.2077585, 29.2319428 ], [ 80.2071406, 29.232145 ], [ 80.2062595, 29.2334634 ], [ 80.2054829, 29.2339447 ], [ 80.2001686, 29.2306275 ], [ 80.2002315, 29.231317 ], [ 80.199809, 29.2322164 ], [ 80.2002197, 29.2348966 ], [ 80.1996393, 29.2365089 ], [ 80.2003142, 29.2386465 ], [ 80.1994689, 29.2403521 ], [ 80.2004606, 29.241761 ], [ 80.2013833, 29.2442701 ], [ 80.2052757, 29.2474418 ], [ 80.2056652, 29.2479527 ], [ 80.2056842, 29.2487584 ], [ 80.2089531, 29.2487387 ], [ 80.2110209, 29.2490924 ], [ 80.2121979, 29.250302 ], [ 80.2158695, 29.2513188 ], [ 80.2168634, 29.2505619 ] ] ] } },
{ "type": "Feature", "properties": { "gp_code": "", "gp_name": "", "blkname": "CHAMPAWAT", "dtname": "Champawat", "SHAPE_Area": 406658.24022812181 }, "geometry": { "type": "Polygon", "coordinates": [ [ [ 80.2344123, 29.218254 ], [ 80.2290039, 29.2180136 ], [ 80.2292652, 29.2186573 ], [ 80.2290073, 29.2198387 ], [ 80.2265809, 29.2234128 ], [ 80.2299224, 29.2229325 ], [ 80.2337294, 29.2230045 ], [ 80.2342216, 29.2216866 ], [ 80.234059, 29.2197808 ], [ 80.2344123, 29.218254 ] ] ] } },
{ "type": "Feature", "properties": { "gp_code": "", "gp_name": "", "blkname": "CHAMPAWAT", "dtname": "Champawat", "SHAPE_Area": 5008771.1518722661 }, "geometry": { "type": "Polygon", "coordinates": [ [ [ 80.2525735, 29.2214389 ], [ 80.2493746, 29.2214561 ], [ 80.2481103, 29.2207124 ], [ 80.2474005, 29.2195012 ], [ 80.2472867, 29.2182113 ], [ 80.2476369, 29.2172742 ], [ 80.2429152, 29.2168322 ], [ 80.2411033, 29.2173047 ], [ 80.2369959, 29.217351 ], [ 80.2344123, 29.218254 ], [ 80.234059, 29.2197808 ], [ 80.2342216, 29.2216866 ], [ 80.2337294, 29.2230045 ], [ 80.2289244, 29.2230037 ], [ 80.2265809, 29.2234128 ], [ 80.2263451, 29.2238282 ], [ 80.225904, 29.2252111 ], [ 80.2259835, 29.2268482 ], [ 80.2270283, 29.229249 ], [ 80.2269958, 29.2324362 ], [ 80.2273466, 29.2343414 ], [ 80.2308378, 29.2306638 ], [ 80.2327428, 29.2290959 ], [ 80.2350944, 29.2300997 ], [ 80.2362626, 29.2312603 ], [ 80.2366036, 29.2340645 ], [ 80.2361281, 29.2348246 ], [ 80.2363771, 29.2356609 ], [ 80.2382534, 29.2375331 ], [ 80.2452057, 29.2339729 ], [ 80.2478484, 29.232126 ], [ 80.2526897, 29.2330974 ], [ 80.2550441, 29.2328853 ], [ 80.2538198, 29.2310776 ], [ 80.2543124, 29.2290587 ], [ 80.2540627, 29.2284243 ], [ 80.2509243, 29.2254542 ], [ 80.2511272, 29.2243263 ], [ 80.2525927, 29.2226659 ], [ 80.2525735, 29.2214389 ] ] ] } },
{ "type": "Feature", "properties": { "gp_code": "22683", "gp_name": "BAKODA", "blkname": "CHAMPAWAT", "dtname": "Champawat", "SHAPE_Area": 9661463.6473345309 }, "geometry": { "type": "Polygon", "coordinates": [ [ [ 80.1960011, 29.2401065 ], [ 80.198616, 29.2401342 ], [ 80.1995577, 29.2407084 ], [ 80.1994689, 29.2403521 ], [ 80.2003142, 29.2386465 ], [ 80.1996393, 29.2365089 ], [ 80.2002197, 29.2348966 ], [ 80.199809, 29.2322164 ], [ 80.2002315, 29.231317 ], [ 80.2001686, 29.2306275 ], [ 80.2023457, 29.2272726 ], [ 80.2033662, 29.2265673 ], [ 80.2049895, 29.2264212 ], [ 80.2041819, 29.2233818 ], [ 80.2081033, 29.2229927 ], [ 80.2097613, 29.2217904 ], [ 80.2115681, 29.2222521 ], [ 80.212789, 29.2215304 ], [ 80.2145765, 29.2213359 ], [ 80.2148853, 29.2205994 ], [ 80.2145725, 29.2190796 ], [ 80.2159733, 29.2168854 ], [ 80.216191, 29.216245 ], [ 80.2159717, 29.2159733 ], [ 80.212142, 29.2165385 ], [ 80.2105134, 29.2162326 ], [ 80.2093786, 29.2165941 ], [ 80.2074609, 29.2179488 ], [ 80.2052187, 29.2188799 ], [ 80.2041824, 29.2209615 ], [ 80.2017016, 29.2210446 ], [ 80.2006445, 29.221574 ], [ 80.1962652, 29.2207793 ], [ 80.1951739, 29.2228609 ], [ 80.1967072, 29.2234672 ], [ 80.1961709, 29.2245959 ], [ 80.195861, 29.2247564 ], [ 80.1945195, 29.2243659 ], [ 80.1917973, 29.2246933 ], [ 80.1902277, 29.2232881 ], [ 80.1898126, 29.2219935 ], [ 80.1901768, 29.2200338 ], [ 80.1899593, 29.2178465 ], [ 80.1901111, 29.2171216 ], [ 80.1917314, 29.2145118 ], [ 80.1916554, 29.2126237 ], [ 80.191235, 29.2119841 ], [ 80.1886201, 29.2107989 ], [ 80.1883535, 29.2099523 ], [ 80.185286, 29.2139851 ], [ 80.1824283, 29.2166072 ], [ 80.1747501, 29.2207998 ], [ 80.1717302, 29.2213144 ], [ 80.1684828, 29.2235648 ], [ 80.1675293, 29.2238602 ], [ 80.1689613, 29.2254629 ], [ 80.1680808, 29.2267872 ], [ 80.1685307, 29.228094 ], [ 80.1707536, 29.2288696 ], [ 80.1722185, 29.2303037 ], [ 80.1735451, 29.2307995 ], [ 80.1748265, 29.2317926 ], [ 80.1761554, 29.2339566 ], [ 80.1786253, 29.2346917 ], [ 80.1797057, 29.2356369 ], [ 80.1799623, 29.2360697 ], [ 80.1792877, 29.2374499 ], [ 80.1801122, 29.2384595 ], [ 80.1795286, 29.2395509 ], [ 80.1796213, 29.2404811 ], [ 80.183882, 29.2408646 ], [ 80.1874373, 29.2435104 ], [ 80.1891144, 29.2425786 ], [ 80.1916578, 29.2420642 ], [ 80.1940946, 29.2411626 ], [ 80.1960011, 29.2401065 ] ] ] } },
{ "type": "Feature", "properties": { "gp_code": "", "gp_name": "", "blkname": "CHAMPAWAT", "dtname": "Champawat", "SHAPE_Area": 18272717.73016604 }, "geometry": { "type": "Polygon", "coordinates": [ [ [ 80.1927801, 29.2652321 ], [ 80.1931782, 29.2633036 ], [ 80.1935785, 29.262769 ], [ 80.1950618, 29.2612951 ], [ 80.1964718, 29.2604206 ], [ 80.1978676, 29.260015 ], [ 80.2028138, 29.2613335 ], [ 80.2086817, 29.263589 ], [ 80.2112438, 29.2653163 ], [ 80.215822, 29.2666586 ], [ 80.2170621, 29.2676551 ], [ 80.2192501, 29.2685806 ], [ 80.2201186, 29.2682942 ], [ 80.2228103, 29.2696973 ], [ 80.2239537, 29.269318 ], [ 80.2270907, 29.2704079 ], [ 80.2280855, 29.2700416 ], [ 80.2280814, 29.2678466 ], [ 80.2277975, 29.2669742 ], [ 80.2283893, 29.2656576 ], [ 80.2293389, 29.2649267 ], [ 80.2294446, 29.2625342 ], [ 80.2316777, 29.2604289 ], [ 80.2315878, 29.2599992 ], [ 80.2309184, 29.2595181 ], [ 80.2267119, 29.2583647 ], [ 80.22246, 29.256664 ], [ 80.2189457, 29.2540518 ], [ 80.218026, 29.2527619 ], [ 80.2171899, 29.250353 ], [ 80.2158695, 29.2513188 ], [ 80.2121979, 29.250302 ], [ 80.2110209, 29.2490924 ], [ 80.2089531, 29.2487387 ], [ 80.2056842, 29.2487584 ], [ 80.2056652, 29.2479527 ], [ 80.2052757, 29.2474418 ], [ 80.2019144, 29.2448738 ], [ 80.2013833, 29.2442701 ], [ 80.2004606, 29.241761 ], [ 80.198616, 29.2401342 ], [ 80.1960011, 29.2401065 ], [ 80.1940946, 29.2411626 ], [ 80.1916578, 29.2420642 ], [ 80.1891144, 29.2425786 ], [ 80.1874373, 29.2435104 ], [ 80.183882, 29.2408646 ], [ 80.1796213, 29.2404811 ], [ 80.1779964, 29.2423917 ], [ 80.1775413, 29.2438999 ], [ 80.1766822, 29.2442216 ], [ 80.1738291, 29.2442408 ], [ 80.173626, 29.2428616 ], [ 80.1719409, 29.241083 ], [ 80.170773, 29.2428807 ], [ 80.1703552, 29.2450306 ], [ 80.1691866, 29.2463951 ], [ 80.1675931, 29.2446324 ], [ 80.1667882, 29.2444568 ], [ 80.164686, 29.2453092 ], [ 80.1640124, 29.2476195 ], [ 80.1636834, 29.2478444 ], [ 80.1609403, 29.2480077 ], [ 80.1585622, 29.2477053 ], [ 80.1555462, 29.2491197 ], [ 80.1526937, 29.2496839 ], [ 80.1509835, 29.2507744 ], [ 80.1539564, 29.2528835 ], [ 80.1553843, 29.2542891 ], [ 80.158774, 29.256318 ], [ 80.1593696, 29.2574639 ], [ 80.1604407, 29.258557 ], [ 80.1649609, 29.2615227 ], [ 80.1647251, 29.2629299 ], [ 80.1611595, 29.2629335 ], [ 80.1612798, 29.2639756 ], [ 80.1637189, 29.2659011 ], [ 80.1635423, 29.2672562 ], [ 80.1638276, 29.268026 ], [ 80.1661786, 29.2707854 ], [ 80.1659132, 29.2711552 ], [ 80.1663831, 29.2718043 ], [ 80.1701385, 29.2736439 ], [ 80.1732366, 29.2725089 ], [ 80.1738292, 29.2712577 ], [ 80.1773318, 29.2686484 ], [ 80.1863123, 29.2730153 ], [ 80.1866709, 29.2743176 ], [ 80.1864352, 29.2756727 ], [ 80.1876254, 29.2766613 ], [ 80.1868547, 29.2779649 ], [ 80.1891731, 29.2782228 ], [ 80.1898814, 29.2750955 ], [ 80.1895189, 29.2712399 ], [ 80.1908834, 29.269675 ], [ 80.1914736, 29.2670689 ], [ 80.1927801, 29.2652321 ] ], [ [ 80.1719257, 29.2660212 ], [ 80.1712708, 29.265149 ], [ 80.1716708, 29.26438 ], [ 80.1704501, 29.2626227 ], [ 80.1718292, 29.2607453 ], [ 80.1730955, 29.2602512 ], [ 80.1763363, 29.2543048 ], [ 80.1786833, 29.254185 ], [ 80.1787406, 29.2526868 ], [ 80.1825587, 29.2529169 ], [ 80.1830508, 29.2540758 ], [ 80.1849261, 29.2564446 ], [ 80.1849866, 29.2571481 ], [ 80.1859822, 29.2573033 ], [ 80.1863964, 29.2561564 ], [ 80.1875997, 29.2561811 ], [ 80.1878965, 29.2559071 ], [ 80.1880122, 29.2538226 ], [ 80.1905529, 29.2540931 ], [ 80.1916999, 29.256085 ], [ 80.1935142, 29.2573074 ], [ 80.1944651, 29.2573714 ], [ 80.1949212, 29.2581203 ], [ 80.1920355, 29.2616994 ], [ 80.1906497, 29.2620436 ], [ 80.1833647, 29.2654614 ], [ 80.1820303, 29.2673128 ], [ 80.180588, 29.2677285 ], [ 80.1744197, 29.2646116 ], [ 80.1719257, 29.2660212 ] ] ] } },
{ "type": "Feature", "properties": { "gp_code": "260391", "gp_name": "VICHAI", "blkname": "CHAMPAWAT", "dtname": "Champawat", "SHAPE_Area": 2004263.44620012 }, "geometry": { "type": "Polygon", "coordinates": [ [ [ 80.2056597, 29.273306 ], [ 80.2055774, 29.2685121 ], [ 80.2060631, 29.2657758 ], [ 80.2069981, 29.2652013 ], [ 80.2096116, 29.2644424 ], [ 80.2086817, 29.263589 ], [ 80.2028138, 29.2613335 ], [ 80.1978676, 29.260015 ], [ 80.1964718, 29.2604206 ], [ 80.1950618, 29.2612951 ], [ 80.1935785, 29.262769 ], [ 80.1931782, 29.2633036 ], [ 80.1927801, 29.2652321 ], [ 80.1951753, 29.2672875 ], [ 80.1968291, 29.2702166 ], [ 80.1992557, 29.2731838 ], [ 80.2003408, 29.2735342 ], [ 80.2032867, 29.2758753 ], [ 80.2056597, 29.273306 ] ] ] } },
{ "type": "Feature", "properties": { "gp_code": "22743", "gp_name": "NEED TALLI", "blkname": "CHAMPAWAT", "dtname": "Champawat", "SHAPE_Area": 8972429.802175004 }, "geometry": { "type": "Polygon", "coordinates": [ [ [ 80.2262471, 29.3147108 ], [ 80.2263, 29.3112067 ], [ 80.2268314, 29.3091869 ], [ 80.2277656, 29.3080262 ], [ 80.2293413, 29.3082194 ], [ 80.2306811, 29.3093898 ], [ 80.2320039, 29.3093879 ], [ 80.2327315, 29.3090872 ], [ 80.2330575, 29.3085787 ], [ 80.2328923, 29.3076541 ], [ 80.2310586, 29.3046086 ], [ 80.2299727, 29.3041282 ], [ 80.2290119, 29.3024582 ], [ 80.2250458, 29.2998495 ], [ 80.2251689, 29.2981087 ], [ 80.2238005, 29.2974593 ], [ 80.2211096, 29.2968638 ], [ 80.2198593, 29.2957192 ], [ 80.2141025, 29.2924183 ], [ 80.2099835, 29.2908475 ], [ 80.2087758, 29.2910377 ], [ 80.2067716, 29.2906164 ], [ 80.2046339, 29.2913149 ], [ 80.2031828, 29.2923545 ], [ 80.1976833, 29.2933121 ], [ 80.1969494, 29.2937401 ], [ 80.1967623, 29.2973307 ], [ 80.1950432, 29.3003834 ], [ 80.1964025, 29.3006412 ], [ 80.1986601, 29.3001977 ], [ 80.1985152, 29.3009806 ], [ 80.1972939, 29.302857 ], [ 80.1984415, 29.3053674 ], [ 80.1986655, 29.3069784 ], [ 80.2056739, 29.3099808 ], [ 80.2098865, 29.3144141 ], [ 80.2102592, 29.3162954 ], [ 80.2112579, 29.3180864 ], [ 80.2130101, 29.3197939 ], [ 80.2142743, 29.3194856 ], [ 80.2153066, 29.3213633 ], [ 80.2158546, 29.3213683 ], [ 80.216553, 29.3212371 ], [ 80.2169231, 29.3203769 ], [ 80.2182293, 29.3193461 ], [ 80.2211415, 29.3187689 ], [ 80.2216906, 29.3183123 ], [ 80.2219262, 29.3170745 ], [ 80.2218458, 29.3136617 ], [ 80.2224082, 29.3123845 ], [ 80.2228536, 29.3121103 ], [ 80.2241773, 29.3126295 ], [ 80.2244757, 29.3132544 ], [ 80.2244034, 29.3143747 ], [ 80.2248803, 29.3150514 ], [ 80.2256829, 29.3151154 ], [ 80.2262471, 29.3147108 ] ] ] } },
{ "type": "Feature", "properties": { "gp_code": "22714", "gp_name": "GURKHOLI GUNTH", "blkname": "CHAMPAWAT", "dtname": "Champawat", "SHAPE_Area": 6608090.2639815696 }, "geometry": { "type": "Polygon", "coordinates": [ [ [ 80.2210694, 29.291028 ], [ 80.2207552, 29.289856 ], [ 80.2201595, 29.2891013 ], [ 80.2178091, 29.2876455 ], [ 80.2160527, 29.2859674 ], [ 80.2136975, 29.2816978 ], [ 80.2114194, 29.2789652 ], [ 80.211477, 29.2778709 ], [ 80.2107612, 29.2763867 ], [ 80.2090501, 29.2749951 ], [ 80.2056597, 29.273306 ], [ 80.2032867, 29.2758753 ], [ 80.1978208, 29.2771587 ], [ 80.1965056, 29.2809593 ], [ 80.1901296, 29.2808373 ], [ 80.1895544, 29.2829017 ], [ 80.1884666, 29.2840469 ], [ 80.1883732, 29.2846484 ], [ 80.1874739, 29.2858996 ], [ 80.1844507, 29.2881672 ], [ 80.1835518, 29.289772 ], [ 80.1833521, 29.2911401 ], [ 80.1866207, 29.2910067 ], [ 80.1886667, 29.291759 ], [ 80.1899594, 29.2924485 ], [ 80.1932737, 29.2958219 ], [ 80.1948218, 29.2964568 ], [ 80.1967162, 29.2949333 ], [ 80.1969494, 29.2937401 ], [ 80.1976833, 29.2933121 ], [ 80.2031828, 29.2923545 ], [ 80.2046339, 29.2913149 ], [ 80.2067716, 29.2906164 ], [ 80.2087758, 29.2910377 ], [ 80.2099835, 29.2908475 ], [ 80.2141025, 29.2924183 ], [ 80.2198593, 29.2957192 ], [ 80.2211096, 29.2968638 ], [ 80.2238005, 29.2974593 ], [ 80.2251689, 29.2981087 ], [ 80.2257912, 29.2971178 ], [ 80.2242272, 29.294858 ], [ 80.222679, 29.293592 ], [ 80.2210694, 29.291028 ] ] ] } },
{ "type": "Feature", "properties": { "gp_code": "22798", "gp_name": "KAYAL", "blkname": "LOHAGHAT", "dtname": "Champawat", "SHAPE_Area": 596742.85537858179 }, "geometry": { "type": "Polygon", "coordinates": [ [ [ 80.2397963, 29.3012904 ], [ 80.2407843, 29.2999387 ], [ 80.2388329, 29.2977975 ], [ 80.2383272, 29.2976158 ], [ 80.2369612, 29.2982171 ], [ 80.2359507, 29.2982446 ], [ 80.2354127, 29.2988707 ], [ 80.2336347, 29.2994074 ], [ 80.2329672, 29.3000987 ], [ 80.232224, 29.3000217 ], [ 80.231285, 29.2985381 ], [ 80.2305706, 29.297992 ], [ 80.227672, 29.2975923 ], [ 80.2264372, 29.2968775 ], [ 80.2253924, 29.297431 ], [ 80.2290347, 29.3001597 ], [ 80.2322177, 29.3015881 ], [ 80.2352807, 29.3024173 ], [ 80.2396802, 29.3026973 ], [ 80.2397963, 29.3012904 ] ] ] } },
{ "type": "Feature", "properties": { "gp_code": "", "gp_name": "", "blkname": "LOHAGHAT", "dtname": "Champawat", "SHAPE_Area": 1649091.8556282772 }, "geometry": { "type": "Polygon", "coordinates": [ [ [ 80.2431757, 29.3117584 ], [ 80.2416841, 29.3090512 ], [ 80.239682, 29.3035831 ], [ 80.2396802, 29.3026973 ], [ 80.2352807, 29.3024173 ], [ 80.2322177, 29.3015881 ], [ 80.2290347, 29.3001597 ], [ 80.2253924, 29.297431 ], [ 80.2250283, 29.2984167 ], [ 80.2250458, 29.2998495 ], [ 80.2290119, 29.3024582 ], [ 80.2299727, 29.3041282 ], [ 80.2310586, 29.3046086 ], [ 80.2328923, 29.3076541 ], [ 80.2330575, 29.3085787 ], [ 80.2327315, 29.3090872 ], [ 80.2320039, 29.3093879 ], [ 80.2306811, 29.3093898 ], [ 80.2293413, 29.3082194 ], [ 80.2277656, 29.3080262 ], [ 80.2268314, 29.3091869 ], [ 80.2263, 29.3112067 ], [ 80.2262471, 29.3147108 ], [ 80.2268625, 29.3149867 ], [ 80.2289376, 29.3119096 ], [ 80.232715, 29.3131286 ], [ 80.2356566, 29.3125251 ], [ 80.2358009, 29.3102584 ], [ 80.2364541, 29.3098145 ], [ 80.2374322, 29.3083802 ], [ 80.2382046, 29.3081445 ], [ 80.2414202, 29.3108753 ], [ 80.2431757, 29.3117584 ] ] ] } },
{ "type": "Feature", "properties": { "gp_code": "22752", "gp_name": "RAMAILA", "blkname": "CHAMPAWAT", "dtname": "Champawat", "SHAPE_Area": 8470564.4847793803 }, "geometry": { "type": "Polygon", "coordinates": [ [ [ 80.2537794, 29.2902017 ], [ 80.2514422, 29.286838 ], [ 80.248179, 29.2852499 ], [ 80.2436596, 29.2811457 ], [ 80.2429927, 29.2801678 ], [ 80.2405402, 29.2798197 ], [ 80.2375367, 29.2787299 ], [ 80.2353073, 29.2784076 ], [ 80.2344788, 29.2803107 ], [ 80.2353881, 29.2817945 ], [ 80.234975, 29.2833322 ], [ 80.2345454, 29.2840754 ], [ 80.2336102, 29.2845718 ], [ 80.2328824, 29.2846901 ], [ 80.2316926, 29.2841707 ], [ 80.2310066, 29.282856 ], [ 80.2293864, 29.2825066 ], [ 80.2283761, 29.2825602 ], [ 80.223505, 29.2840912 ], [ 80.2230722, 29.2832155 ], [ 80.2231151, 29.2821116 ], [ 80.2234102, 29.2809518 ], [ 80.2246546, 29.2788658 ], [ 80.224176, 29.2771469 ], [ 80.2225402, 29.2763936 ], [ 80.2219739, 29.2754695 ], [ 80.2220609, 29.2742578 ], [ 80.220976, 29.2741682 ], [ 80.2202234, 29.2730553 ], [ 80.2179297, 29.2730011 ], [ 80.217442, 29.2732773 ], [ 80.2180907, 29.2746118 ], [ 80.2183539, 29.2764678 ], [ 80.2182557, 29.2797311 ], [ 80.2165191, 29.2807496 ], [ 80.2149661, 29.2806214 ], [ 80.2142694, 29.2815993 ], [ 80.2136975, 29.2816978 ], [ 80.2160527, 29.2859674 ], [ 80.2178091, 29.2876455 ], [ 80.2201595, 29.2891013 ], [ 80.2207552, 29.289856 ], [ 80.2214116, 29.2917734 ], [ 80.222679, 29.293592 ], [ 80.2242272, 29.294858 ], [ 80.2257912, 29.2971178 ], [ 80.2264372, 29.2968775 ], [ 80.227672, 29.2975923 ], [ 80.2305706, 29.297992 ], [ 80.231285, 29.2985381 ], [ 80.232224, 29.3000217 ], [ 80.2329672, 29.3000987 ], [ 80.2336347, 29.2994074 ], [ 80.2354127, 29.2988707 ], [ 80.2359507, 29.2982446 ], [ 80.2369612, 29.2982171 ], [ 80.2383272, 29.2976158 ], [ 80.2388329, 29.2977975 ], [ 80.2410667, 29.300191 ], [ 80.2421665, 29.3002414 ], [ 80.2439832, 29.3020624 ], [ 80.2456941, 29.3029846 ], [ 80.2468828, 29.3028786 ], [ 80.248689, 29.3017626 ], [ 80.2497982, 29.2998899 ], [ 80.2497757, 29.2993023 ], [ 80.251188, 29.2978264 ], [ 80.2521026, 29.2976104 ], [ 80.2525486, 29.2971527 ], [ 80.252257, 29.2950264 ], [ 80.2529471, 29.2942791 ], [ 80.2532743, 29.2929914 ], [ 80.2538795, 29.2923469 ], [ 80.2537794, 29.2902017 ] ] ] } },
{ "type": "Feature", "properties": { "gp_code": "260259", "gp_name": "haram", "blkname": "CHAMPAWAT", "dtname": "Champawat", "SHAPE_Area": 7059308.9812500346 }, "geometry": { "type": "Polygon", "coordinates": [ [ [ 80.25128, 29.2803088 ], [ 80.2480134, 29.2785073 ], [ 80.2464047, 29.2764776 ], [ 80.2468768, 29.2748095 ], [ 80.2467556, 29.2736632 ], [ 80.245387, 29.2728316 ], [ 80.2438409, 29.272365 ], [ 80.2433035, 29.2710631 ], [ 80.2438366, 29.2702286 ], [ 80.2361097, 29.2697191 ], [ 80.2302837, 29.2687374 ], [ 80.2292742, 29.2691557 ], [ 80.2280838, 29.2691152 ], [ 80.2280855, 29.2700416 ], [ 80.2265111, 29.2703566 ], [ 80.2239537, 29.269318 ], [ 80.2228103, 29.2696973 ], [ 80.2201186, 29.2682942 ], [ 80.2192501, 29.2685806 ], [ 80.2170621, 29.2676551 ], [ 80.215822, 29.2666586 ], [ 80.2112438, 29.2653163 ], [ 80.2096116, 29.2644424 ], [ 80.2069981, 29.2652013 ], [ 80.2060631, 29.2657758 ], [ 80.2055774, 29.2685121 ], [ 80.2056597, 29.273306 ], [ 80.2101658, 29.2757622 ], [ 80.211477, 29.2778709 ], [ 80.2114194, 29.2789652 ], [ 80.2136975, 29.2816978 ], [ 80.2142694, 29.2815993 ], [ 80.2149661, 29.2806214 ], [ 80.2165191, 29.2807496 ], [ 80.2182557, 29.2797311 ], [ 80.2183539, 29.2764678 ], [ 80.2180907, 29.2746118 ], [ 80.217442, 29.2732773 ], [ 80.2179297, 29.2730011 ], [ 80.2202234, 29.2730553 ], [ 80.220976, 29.2741682 ], [ 80.2220609, 29.2742578 ], [ 80.2219739, 29.2754695 ], [ 80.2225402, 29.2763936 ], [ 80.224176, 29.2771469 ], [ 80.2246546, 29.2788658 ], [ 80.2234102, 29.2809518 ], [ 80.2231151, 29.2821116 ], [ 80.2230722, 29.2832155 ], [ 80.223505, 29.2840912 ], [ 80.2283761, 29.2825602 ], [ 80.2293864, 29.2825066 ], [ 80.2310066, 29.282856 ], [ 80.2316926, 29.2841707 ], [ 80.2328824, 29.2846901 ], [ 80.2336102, 29.2845718 ], [ 80.2345454, 29.2840754 ], [ 80.234975, 29.2833322 ], [ 80.2353881, 29.2817945 ], [ 80.2344788, 29.2803107 ], [ 80.2353073, 29.2784076 ], [ 80.2375367, 29.2787299 ], [ 80.2405402, 29.2798197 ], [ 80.2429927, 29.2801678 ], [ 80.2436596, 29.2811457 ], [ 80.248179, 29.2852499 ], [ 80.2514422, 29.286838 ], [ 80.2537794, 29.2902017 ], [ 80.2543856, 29.2898815 ], [ 80.2536088, 29.2849131 ], [ 80.2523036, 29.2814079 ], [ 80.25128, 29.2803088 ] ] ] } },
{ "type": "Feature", "properties": { "gp_code": "", "gp_name": "", "blkname": "CHAMPAWAT", "dtname": "Champawat", "SHAPE_Area": 4051235.525713128 }, "geometry": { "type": "Polygon", "coordinates": [ [ [ 80.2734581, 29.2586688 ], [ 80.2740178, 29.2568023 ], [ 80.272333, 29.2549674 ], [ 80.2702069, 29.2556147 ], [ 80.2659842, 29.2557617 ], [ 80.2646536, 29.2553721 ], [ 80.2633218, 29.2543668 ], [ 80.2630426, 29.2531173 ], [ 80.2633797, 29.2516056 ], [ 80.2637612, 29.2509333 ], [ 80.2649963, 29.2502386 ], [ 80.2665199, 29.2501731 ], [ 80.2671562, 29.2505149 ], [ 80.2668702, 29.2522901 ], [ 80.2671912, 29.2531851 ], [ 80.2688092, 29.2536768 ], [ 80.2711283, 29.2537475 ], [ 80.2723598, 29.2526727 ], [ 80.2723009, 29.2513155 ], [ 80.2717359, 29.2507428 ], [ 80.2709055, 29.2503897 ], [ 80.2673172, 29.2499921 ], [ 80.2661542, 29.2487138 ], [ 80.2662293, 29.2472249 ], [ 80.2652293, 29.2468381 ], [ 80.2628959, 29.2481554 ], [ 80.260411, 29.2474389 ], [ 80.259983, 29.2494293 ], [ 80.2596918, 29.2496749 ], [ 80.2564209, 29.2498715 ], [ 80.2543915, 29.2513868 ], [ 80.2539517, 29.2544936 ], [ 80.2489384, 29.2526895 ], [ 80.2476049, 29.2526099 ], [ 80.2448745, 29.2541513 ], [ 80.2404149, 29.252673 ], [ 80.2364399, 29.2559357 ], [ 80.2357879, 29.2568226 ], [ 80.2355532, 29.2583861 ], [ 80.2357628, 29.2591935 ], [ 80.2410215, 29.2589773 ], [ 80.2424152, 29.2575422 ], [ 80.2424139, 29.2569169 ], [ 80.2428292, 29.2565515 ], [ 80.2488305, 29.2580374 ], [ 80.2513228, 29.2596005 ], [ 80.2524932, 29.2596547 ], [ 80.254788, 29.2582425 ], [ 80.2582571, 29.2588339 ], [ 80.2616989, 29.2565336 ], [ 80.2658342, 29.2602582 ], [ 80.2660586, 29.2606682 ], [ 80.2658055, 29.2617041 ], [ 80.2670242, 29.2644445 ], [ 80.2598758, 29.2646987 ], [ 80.2589933, 29.264952 ], [ 80.259411, 29.266276 ], [ 80.2701066, 29.2680959 ], [ 80.2712867, 29.2677675 ], [ 80.271658, 29.2672817 ], [ 80.2714864, 29.2666105 ], [ 80.2695886, 29.2647387 ], [ 80.2691824, 29.2638345 ], [ 80.2694035, 29.2627988 ], [ 80.2711131, 29.2613594 ], [ 80.2734581, 29.2586688 ] ] ] } },
{ "type": "Feature", "properties": { "gp_code": "22760", "gp_name": "SIMIYORI", "blkname": "CHAMPAWAT", "dtname": "Champawat", "SHAPE_Area": 12340962.605518382 }, "geometry": { "type": "Polygon", "coordinates": [ [ [ 80.2854935, 29.2696364 ], [ 80.2856613, 29.2685727 ], [ 80.2853193, 29.2679017 ], [ 80.2826316, 29.2649588 ], [ 80.2818076, 29.2628148 ], [ 80.2803377, 29.2619872 ], [ 80.2784498, 29.2597984 ], [ 80.2774057, 29.2591006 ], [ 80.2734581, 29.2586688 ], [ 80.2711131, 29.2613594 ], [ 80.2694035, 29.2627988 ], [ 80.2691824, 29.2638345 ], [ 80.2695886, 29.2647387 ], [ 80.2714864, 29.2666105 ], [ 80.271658, 29.2672817 ], [ 80.270936, 29.2679173 ], [ 80.2696278, 29.2680874 ], [ 80.259411, 29.266276 ], [ 80.2589933, 29.264952 ], [ 80.2598758, 29.2646987 ], [ 80.2670242, 29.2644445 ], [ 80.2658055, 29.2617041 ], [ 80.2660586, 29.2606682 ], [ 80.2658342, 29.2602582 ], [ 80.2616989, 29.2565336 ], [ 80.2582571, 29.2588339 ], [ 80.254788, 29.2582425 ], [ 80.2524932, 29.2596547 ], [ 80.2513228, 29.2596005 ], [ 80.2488305, 29.2580374 ], [ 80.2428292, 29.2565515 ], [ 80.2424139, 29.2569169 ], [ 80.2424152, 29.2575422 ], [ 80.2410215, 29.2589773 ], [ 80.2357628, 29.2591935 ], [ 80.2355532, 29.2583861 ], [ 80.2357879, 29.2568226 ], [ 80.2364399, 29.2559357 ], [ 80.240415, 29.252673 ], [ 80.2400105, 29.2510183 ], [ 80.2343626, 29.2506625 ], [ 80.2285416, 29.2510848 ], [ 80.2226044, 29.2499932 ], [ 80.2203561, 29.2503539 ], [ 80.2171899, 29.250353 ], [ 80.218026, 29.2527619 ], [ 80.2189457, 29.2540518 ], [ 80.22246, 29.256664 ], [ 80.2267119, 29.2583647 ], [ 80.2309184, 29.2595181 ], [ 80.2315878, 29.2599992 ], [ 80.2313716, 29.2609789 ], [ 80.2301795, 29.2616427 ], [ 80.2294446, 29.2625342 ], [ 80.2293389, 29.2649267 ], [ 80.2279745, 29.2662835 ], [ 80.2277975, 29.2669742 ], [ 80.2280838, 29.2691152 ], [ 80.2292742, 29.2691557 ], [ 80.2302837, 29.2687374 ], [ 80.2361097, 29.2697191 ], [ 80.2438366, 29.2702286 ], [ 80.2459776, 29.2709027 ], [ 80.2495501, 29.2706254 ], [ 80.2501348, 29.270941 ], [ 80.2499838, 29.2715982 ], [ 80.2502253, 29.272052 ], [ 80.2511368, 29.2727162 ], [ 80.2542808, 29.2702113 ], [ 80.2563323, 29.2693778 ], [ 80.2606305, 29.2694456 ], [ 80.2625035, 29.269741 ], [ 80.2631214, 29.2701318 ], [ 80.26529, 29.2693633 ], [ 80.265632, 29.2700716 ], [ 80.2689357, 29.2726593 ], [ 80.2734143, 29.2773157 ], [ 80.2772548, 29.2819358 ], [ 80.2778966, 29.2834084 ], [ 80.2804665, 29.2859411 ], [ 80.2808251, 29.2845507 ], [ 80.282341, 29.2821134 ], [ 80.2855625, 29.2810443 ], [ 80.2858269, 29.2803909 ], [ 80.287528, 29.2798375 ], [ 80.2876732, 29.2782516 ], [ 80.2866808, 29.2769661 ], [ 80.2860118, 29.2729376 ], [ 80.2845823, 29.2712425 ], [ 80.2846449, 29.2707199 ], [ 80.2854935, 29.2696364 ] ] ] } },
{ "type": "Feature", "properties": { "gp_code": "243022", "gp_name": "AAMNEE", "blkname": "CHAMPAWAT", "dtname": "Champawat", "SHAPE_Area": 5721292.7745794738 }, "geometry": { "type": "Polygon", "coordinates": [ [ [ 80.2941683, 29.2580073 ], [ 80.2995092, 29.2580264 ], [ 80.3001115, 29.2560407 ], [ 80.3000846, 29.2546485 ], [ 80.2984796, 29.2510321 ], [ 80.2987214, 29.2488667 ], [ 80.2959014, 29.2482159 ], [ 80.2937791, 29.2461354 ], [ 80.2895627, 29.2447788 ], [ 80.2863177, 29.2430034 ], [ 80.2837467, 29.2430649 ], [ 80.2824951, 29.2437492 ], [ 80.2813311, 29.244945 ], [ 80.279755, 29.2454026 ], [ 80.2779224, 29.2471301 ], [ 80.2772746, 29.2473586 ], [ 80.27183, 29.2474247 ], [ 80.2710095, 29.2476914 ], [ 80.2702345, 29.2489623 ], [ 80.2696947, 29.2491906 ], [ 80.2664756, 29.2492907 ], [ 80.2677403, 29.2501884 ], [ 80.2709055, 29.2503897 ], [ 80.2717359, 29.2507428 ], [ 80.2723009, 29.2513155 ], [ 80.2723598, 29.2526727 ], [ 80.2711283, 29.2537475 ], [ 80.2688092, 29.2536768 ], [ 80.2671912, 29.2531851 ], [ 80.2668702, 29.2522901 ], [ 80.2671562, 29.2505149 ], [ 80.2665199, 29.2501731 ], [ 80.2649963, 29.2502386 ], [ 80.2637612, 29.2509333 ], [ 80.2630426, 29.2531173 ], [ 80.2637058, 29.254814 ], [ 80.2659842, 29.2557617 ], [ 80.2702069, 29.2556147 ], [ 80.272333, 29.2549674 ], [ 80.2740178, 29.2568023 ], [ 80.2734581, 29.2586688 ], [ 80.2774057, 29.2591006 ], [ 80.2784498, 29.2597984 ], [ 80.2803377, 29.2619872 ], [ 80.2818076, 29.2628148 ], [ 80.2827647, 29.2626825 ], [ 80.2863643, 29.2597937 ], [ 80.2881391, 29.2590536 ], [ 80.2914049, 29.2590384 ], [ 80.2941683, 29.2580073 ] ] ] } },
{ "type": "Feature", "properties": { "gp_code": "22749", "gp_name": "POLAP", "blkname": "CHAMPAWAT", "dtname": "Champawat", "SHAPE_Area": 8598072.5064352546 }, "geometry": { "type": "Polygon", "coordinates": [ [ [ 80.2957832, 29.2926948 ], [ 80.2980818, 29.2927465 ], [ 80.3008075, 29.293469 ], [ 80.302914, 29.2933344 ], [ 80.3075095, 29.2898865 ], [ 80.3056567, 29.2882217 ], [ 80.3041621, 29.2846842 ], [ 80.3046504, 29.2751821 ], [ 80.3030596, 29.2704307 ], [ 80.3028153, 29.2679677 ], [ 80.3022631, 29.2661441 ], [ 80.3003384, 29.2637304 ], [ 80.2994583, 29.2616073 ], [ 80.2992153, 29.2585962 ], [ 80.2995092, 29.2580264 ], [ 80.295253, 29.2578933 ], [ 80.2941683, 29.2580073 ], [ 80.2914049, 29.2590384 ], [ 80.2881391, 29.2590536 ], [ 80.2863643, 29.2597937 ], [ 80.2827647, 29.2626825 ], [ 80.2818076, 29.2628148 ], [ 80.2826316, 29.2649588 ], [ 80.2856613, 29.2685727 ], [ 80.2854935, 29.2696364 ], [ 80.2846449, 29.2707199 ], [ 80.2845823, 29.2712425 ], [ 80.2860118, 29.2729376 ], [ 80.2866808, 29.2769661 ], [ 80.2876732, 29.2782516 ], [ 80.287528, 29.2798375 ], [ 80.2855403, 29.2806899 ], [ 80.285808, 29.281389 ], [ 80.2856402, 29.2824527 ], [ 80.2877624, 29.2845476 ], [ 80.2871395, 29.2866289 ], [ 80.2884844, 29.288464 ], [ 80.2883916, 29.2897234 ], [ 80.2878729, 29.290853 ], [ 80.2889645, 29.2935187 ], [ 80.2887544, 29.2946664 ], [ 80.2957832, 29.2926948 ] ] ] } },
{ "type": "Feature", "properties": { "gp_code": "22678", "gp_name": "BACHKOT", "blkname": "CHAMPAWAT", "dtname": "Champawat", "SHAPE_Area": 4034924.2083153427 }, "geometry": { "type": "Polygon", "coordinates": [ [ [ 80.2971054, 29.3159084 ], [ 80.2966713, 29.3124394 ], [ 80.2957936, 29.3103331 ], [ 80.2958341, 29.3094563 ], [ 80.2966386, 29.3077012 ], [ 80.2963593, 29.3066011 ], [ 80.29693, 29.3049585 ], [ 80.2989718, 29.304395 ], [ 80.3013298, 29.3025438 ], [ 80.302707, 29.3000041 ], [ 80.3027254, 29.2988474 ], [ 80.304868, 29.2960357 ], [ 80.3068656, 29.2948661 ], [ 80.3085213, 29.2931745 ], [ 80.309547, 29.2900828 ], [ 80.3075095, 29.2898865 ], [ 80.302914, 29.2933344 ], [ 80.3008075, 29.293469 ], [ 80.2980818, 29.2927465 ], [ 80.2957832, 29.2926948 ], [ 80.2887544, 29.2946664 ], [ 80.2890469, 29.2969046 ], [ 80.2886867, 29.2976141 ], [ 80.2887643, 29.2989198 ], [ 80.2914938, 29.3011721 ], [ 80.2896207, 29.3011103 ], [ 80.2877139, 29.3002368 ], [ 80.2870126, 29.3007045 ], [ 80.2866225, 29.3022815 ], [ 80.2868074, 29.3039695 ], [ 80.28854, 29.3076507 ], [ 80.2883223, 29.3101416 ], [ 80.2885257, 29.3106822 ], [ 80.2861273, 29.3135499 ], [ 80.2868427, 29.314584 ], [ 80.2888648, 29.314571 ], [ 80.2898767, 29.314933 ], [ 80.2921046, 29.3164772 ], [ 80.2932972, 29.3167269 ], [ 80.2957162, 29.3180002 ], [ 80.2971054, 29.3159084 ] ] ] } },
{ "type": "Feature", "properties": { "gp_code": "22766", "gp_name": "TAMALI", "blkname": "CHAMPAWAT", "dtname": "Champawat", "SHAPE_Area": 6874530.3661613632 }, "geometry": { "type": "Polygon", "coordinates": [ [ [ 80.2861273, 29.3135499 ], [ 80.2885257, 29.3106822 ], [ 80.2883223, 29.3101416 ], [ 80.28854, 29.3076507 ], [ 80.2868074, 29.3039695 ], [ 80.2866225, 29.3022815 ], [ 80.2870126, 29.3007045 ], [ 80.2877139, 29.3002368 ], [ 80.2896207, 29.3011103 ], [ 80.291504, 29.3009762 ], [ 80.2887643, 29.2989198 ], [ 80.2886867, 29.2976141 ], [ 80.2890469, 29.2969046 ], [ 80.2886602, 29.2953661 ], [ 80.2889645, 29.2935187 ], [ 80.2878729, 29.290853 ], [ 80.2883916, 29.2897234 ], [ 80.2884844, 29.288464 ], [ 80.2871395, 29.2866289 ], [ 80.2877624, 29.2845476 ], [ 80.2856402, 29.2824527 ], [ 80.285808, 29.281389 ], [ 80.2855625, 29.2810443 ], [ 80.282341, 29.2821134 ], [ 80.2808251, 29.2845507 ], [ 80.280415, 29.2866594 ], [ 80.2722694, 29.2888375 ], [ 80.2686491, 29.292556 ], [ 80.2660571, 29.2944912 ], [ 80.26659, 29.2949006 ], [ 80.266508, 29.2963839 ], [ 80.2677232, 29.2973333 ], [ 80.2676414, 29.2989005 ], [ 80.2689328, 29.3006053 ], [ 80.2689031, 29.3016406 ], [ 80.2693725, 29.3021995 ], [ 80.2692467, 29.3030485 ], [ 80.2695892, 29.3039713 ], [ 80.2700583, 29.304381 ], [ 80.2714421, 29.3045185 ], [ 80.2717195, 29.3048725 ], [ 80.2717435, 29.3060944 ], [ 80.2737162, 29.3078819 ], [ 80.2746663, 29.3091954 ], [ 80.2758977, 29.3125791 ], [ 80.2776134, 29.3135928 ], [ 80.2798691, 29.3133837 ], [ 80.2804533, 29.3128417 ], [ 80.2815168, 29.3125414 ], [ 80.2831475, 29.3135645 ], [ 80.2848797, 29.3125168 ], [ 80.2856681, 29.3128325 ], [ 80.2861273, 29.3135499 ] ] ] } },
{ "type": "Feature", "properties": { "gp_code": "22723", "gp_name": "KARI", "blkname": "CHAMPAWAT", "dtname": "Champawat", "SHAPE_Area": 7318297.9307349361 }, "geometry": { "type": "Polygon", "coordinates": [ [ [ 80.2641534, 29.2949793 ], [ 80.2660571, 29.2944912 ], [ 80.268235, 29.2929111 ], [ 80.2722694, 29.2888375 ], [ 80.280415, 29.2866594 ], [ 80.2804665, 29.2859411 ], [ 80.2778966, 29.2834084 ], [ 80.2772548, 29.2819358 ], [ 80.2734143, 29.2773157 ], [ 80.2689357, 29.2726593 ], [ 80.265632, 29.2700716 ], [ 80.26529, 29.2693633 ], [ 80.2631214, 29.2701318 ], [ 80.2625035, 29.269741 ], [ 80.2606305, 29.2694456 ], [ 80.2563323, 29.2693778 ], [ 80.2542808, 29.2702113 ], [ 80.2511368, 29.2727162 ], [ 80.2502253, 29.272052 ], [ 80.2499838, 29.2715982 ], [ 80.2501872, 29.2710673 ], [ 80.2498055, 29.2707059 ], [ 80.2459776, 29.2709027 ], [ 80.2438366, 29.2702286 ], [ 80.2433035, 29.2710631 ], [ 80.2438409, 29.272365 ], [ 80.245387, 29.2728316 ], [ 80.2467556, 29.2736632 ], [ 80.2468768, 29.2748095 ], [ 80.2464047, 29.2764776 ], [ 80.2480134, 29.2785073 ], [ 80.250044, 29.2794645 ], [ 80.2523036, 29.2814079 ], [ 80.2536088, 29.2849131 ], [ 80.2543856, 29.2898815 ], [ 80.2551089, 29.289957 ], [ 80.2559943, 29.291047 ], [ 80.2568993, 29.2913253 ], [ 80.25874, 29.291257 ], [ 80.2622744, 29.2920909 ], [ 80.2633398, 29.2927234 ], [ 80.262789, 29.2938996 ], [ 80.2631519, 29.2943747 ], [ 80.2641534, 29.2949793 ] ] ] } },
{ "type": "Feature", "properties": { "gp_code": "22786", "gp_name": "DUNGARA BORA", "blkname": "LOHAGHAT", "dtname": "Champawat", "SHAPE_Area": 8335614.5335563254 }, "geometry": { "type": "Polygon", "coordinates": [ [ [ 80.2758977, 29.3125791 ], [ 80.2746663, 29.3091954 ], [ 80.2737162, 29.3078819 ], [ 80.2717435, 29.3060944 ], [ 80.2717195, 29.3048725 ], [ 80.2714421, 29.3045185 ], [ 80.2700583, 29.304381 ], [ 80.2695892, 29.3039713 ], [ 80.2692467, 29.3030485 ], [ 80.2693725, 29.3021995 ], [ 80.2689031, 29.3016406 ], [ 80.2689328, 29.3006053 ], [ 80.2676414, 29.2989005 ], [ 80.2677232, 29.2973333 ], [ 80.266508, 29.2963839 ], [ 80.26659, 29.2949006 ], [ 80.2660571, 29.2944912 ], [ 80.2651845, 29.2944833 ], [ 80.2646109, 29.2949786 ], [ 80.2637061, 29.2947935 ], [ 80.262789, 29.2938996 ], [ 80.2633398, 29.2927234 ], [ 80.2622744, 29.2920909 ], [ 80.25874, 29.291257 ], [ 80.2568993, 29.2913253 ], [ 80.2559943, 29.291047 ], [ 80.2551089, 29.289957 ], [ 80.2541193, 29.2899306 ], [ 80.253684, 29.2903977 ], [ 80.2539833, 29.2910781 ], [ 80.2538795, 29.2923469 ], [ 80.2532743, 29.2929914 ], [ 80.2529471, 29.2942791 ], [ 80.252257, 29.2950264 ], [ 80.2525486, 29.2971527 ], [ 80.2521026, 29.2976104 ], [ 80.251188, 29.2978264 ], [ 80.2497757, 29.2993023 ], [ 80.2497982, 29.2998899 ], [ 80.248689, 29.3017626 ], [ 80.2468828, 29.3028786 ], [ 80.2456941, 29.3029846 ], [ 80.2439832, 29.3020624 ], [ 80.2421665, 29.3002414 ], [ 80.2407843, 29.2999387 ], [ 80.2397963, 29.3012904 ], [ 80.239682, 29.3035831 ], [ 80.2416841, 29.3090512 ], [ 80.2431757, 29.3117584 ], [ 80.2482299, 29.3122196 ], [ 80.2498583, 29.3126465 ], [ 80.2503089, 29.3132273 ], [ 80.2504566, 29.3148782 ], [ 80.251011, 29.3154089 ], [ 80.253286, 29.3142113 ], [ 80.2560549, 29.3150837 ], [ 80.2583326, 29.3151547 ], [ 80.2605738, 29.3181358 ], [ 80.2591741, 29.3206005 ], [ 80.2594756, 29.3222415 ], [ 80.2648119, 29.3191548 ], [ 80.2685093, 29.3162759 ], [ 80.2735266, 29.3135252 ], [ 80.2758977, 29.3125791 ] ] ] } },
{ "type": "Feature", "properties": { "gp_code": "22798", "gp_name": "KAYAL", "blkname": "LOHAGHAT", "dtname": "Champawat", "SHAPE_Area": 1154247.0330604308 }, "geometry": { "type": "Polygon", "coordinates": [ [ [ 80.2485606, 29.3315531 ], [ 80.2488712, 29.3309418 ], [ 80.2543432, 29.3314555 ], [ 80.2592995, 29.3296381 ], [ 80.2497356, 29.3267806 ], [ 80.2490715, 29.326258 ], [ 80.2486737, 29.3246765 ], [ 80.2464626, 29.3276819 ], [ 80.2446089, 29.3293828 ], [ 80.2397172, 29.3326918 ], [ 80.2395845, 29.3336353 ], [ 80.2452139, 29.3358436 ], [ 80.2481713, 29.334259 ], [ 80.2498775, 29.3337943 ], [ 80.2486669, 29.3325943 ], [ 80.2485606, 29.3315531 ] ] ] } },
{ "type": "Feature", "properties": { "gp_code": "22816", "gp_name": "MATIYANI", "blkname": "LOHAGHAT", "dtname": "Champawat", "SHAPE_Area": 4546643.5530236987 }, "geometry": { "type": "Polygon", "coordinates": [ [ [ 80.2799621, 29.3573173 ], [ 80.2800479, 29.35392 ], [ 80.2795312, 29.3501612 ], [ 80.2797953, 29.3476211 ], [ 80.2802969, 29.3466433 ], [ 80.2717038, 29.3460143 ], [ 80.2696795, 29.3452716 ], [ 80.2671403, 29.3426456 ], [ 80.2651158, 29.341735 ], [ 80.2631718, 29.3386044 ], [ 80.2583487, 29.3330161 ], [ 80.2573652, 29.3310217 ], [ 80.2592995, 29.3296381 ], [ 80.2541832, 29.3314619 ], [ 80.2528578, 29.3337523 ], [ 80.2547149, 29.3361744 ], [ 80.2549731, 29.337517 ], [ 80.2540854, 29.3405963 ], [ 80.2542616, 29.3434687 ], [ 80.2534341, 29.3448317 ], [ 80.250031, 29.3465159 ], [ 80.2550212, 29.3504719 ], [ 80.2565759, 29.3506653 ], [ 80.2622687, 29.3494156 ], [ 80.2652184, 29.3498304 ], [ 80.2670628, 29.3511052 ], [ 80.2682815, 29.3534161 ], [ 80.2716366, 29.3541473 ], [ 80.2743786, 29.3568287 ], [ 80.2773821, 29.3574204 ], [ 80.2799621, 29.3573173 ] ] ] } },
{ "type": "Feature", "properties": { "gp_code": "22811", "gp_name": "MADUWA", "blkname": "LOHAGHAT", "dtname": "Champawat", "SHAPE_Area": 6965282.8176049562 }, "geometry": { "type": "Polygon", "coordinates": [ [ [ 80.2913056, 29.3352681 ], [ 80.2895506, 29.334707 ], [ 80.2881195, 29.3326763 ], [ 80.2875227, 29.3323415 ], [ 80.2843606, 29.3320114 ], [ 80.283569, 29.3302594 ], [ 80.2836836, 29.3291959 ], [ 80.2845027, 29.3289799 ], [ 80.2861116, 29.3297232 ], [ 80.2865173, 29.3302635 ], [ 80.2867511, 29.3300858 ], [ 80.28753, 29.3308865 ], [ 80.290915, 29.3311731 ], [ 80.2957608, 29.3245264 ], [ 80.2971203, 29.3239076 ], [ 80.3002866, 29.3238189 ], [ 80.2994511, 29.322088 ], [ 80.2995427, 29.3203623 ], [ 80.2991902, 29.319822 ], [ 80.2979024, 29.3198244 ], [ 80.2968935, 29.3207496 ], [ 80.2962022, 29.3209375 ], [ 80.2959452, 29.3203036 ], [ 80.2965476, 29.318549 ], [ 80.2932972, 29.3167269 ], [ 80.2921046, 29.3164772 ], [ 80.2898767, 29.314933 ], [ 80.2888648, 29.314571 ], [ 80.2868427, 29.314584 ], [ 80.2856681, 29.3128325 ], [ 80.2848797, 29.3125168 ], [ 80.2831475, 29.3135645 ], [ 80.2815168, 29.3125414 ], [ 80.2804533, 29.3128417 ], [ 80.2798691, 29.3133837 ], [ 80.2788372, 29.3135628 ], [ 80.2776134, 29.3135928 ], [ 80.2758977, 29.3125791 ], [ 80.2747811, 29.3129635 ], [ 80.2685093, 29.3162759 ], [ 80.2648119, 29.3191548 ], [ 80.2594756, 29.3222415 ], [ 80.2589883, 29.3233242 ], [ 80.2579039, 29.3239043 ], [ 80.255925, 29.3243179 ], [ 80.2565243, 29.3258838 ], [ 80.2677068, 29.3290181 ], [ 80.2708763, 29.3279309 ], [ 80.275178, 29.3286697 ], [ 80.2750033, 29.3266927 ], [ 80.2752538, 29.3244911 ], [ 80.2763411, 29.3252354 ], [ 80.2771537, 29.3268755 ], [ 80.2778784, 29.3273033 ], [ 80.2794967, 29.3274684 ], [ 80.2793027, 29.3264614 ], [ 80.2777635, 29.3235354 ], [ 80.2813626, 29.3242753 ], [ 80.2834725, 29.3253535 ], [ 80.2826875, 29.3265115 ], [ 80.2820539, 29.3287137 ], [ 80.2823816, 29.3323321 ], [ 80.2841206, 29.3340825 ], [ 80.2860679, 29.3338178 ], [ 80.287452, 29.3339925 ], [ 80.289256, 29.3361625 ], [ 80.2905321, 29.3367534 ], [ 80.2911408, 29.3360407 ], [ 80.2913056, 29.3352681 ] ] ] } },
{ "type": "Feature", "properties": { "gp_code": "", "gp_name": "", "blkname": "LOHAGHAT", "dtname": "Champawat", "SHAPE_Area": 281831.19537271495 }, "geometry": { "type": "Polygon", "coordinates": [ [ [ 80.290915, 29.3311731 ], [ 80.28753, 29.3308865 ], [ 80.2867511, 29.3300858 ], [ 80.2865173, 29.3302635 ], [ 80.2861116, 29.3297232 ], [ 80.2845027, 29.3289799 ], [ 80.2836836, 29.3291959 ], [ 80.283569, 29.3302594 ], [ 80.2843606, 29.3320114 ], [ 80.2875227, 29.3323415 ], [ 80.2881195, 29.3326763 ], [ 80.2895506, 29.334707 ], [ 80.2913056, 29.3352681 ], [ 80.29072, 29.3330741 ], [ 80.290915, 29.3311731 ] ] ] } },
{ "type": "Feature", "properties": { "gp_code": "", "gp_name": "", "blkname": "LOHAGHAT", "dtname": "Champawat", "SHAPE_Area": 964979.863506297 }, "geometry": { "type": "Polygon", "coordinates": [ [ [ 80.2905321, 29.3367534 ], [ 80.289256, 29.3361625 ], [ 80.287452, 29.3339925 ], [ 80.2860679, 29.3338178 ], [ 80.2841206, 29.3340825 ], [ 80.2823816, 29.3323321 ], [ 80.2838793, 29.3355939 ], [ 80.2789483, 29.339128 ], [ 80.2818272, 29.3412496 ], [ 80.2800194, 29.3420921 ], [ 80.276577, 29.3449893 ], [ 80.2737266, 29.3461041 ], [ 80.275271, 29.3464653 ], [ 80.2774528, 29.3462563 ], [ 80.2802969, 29.3466433 ], [ 80.2821676, 29.3435736 ], [ 80.2847485, 29.3403482 ], [ 80.2883923, 29.3384131 ], [ 80.2905321, 29.3367534 ] ] ] } },
{ "type": "Feature", "properties": { "gp_code": "22823", "gp_name": "PASAM", "blkname": "LOHAGHAT", "dtname": "Champawat", "SHAPE_Area": 5331152.2304082932 }, "geometry": { "type": "Polygon", "coordinates": [ [ [ 80.2551261, 29.3753966 ], [ 80.2570165, 29.374344 ], [ 80.2598484, 29.374027 ], [ 80.2612372, 29.3721192 ], [ 80.2630379, 29.3718058 ], [ 80.2635484, 29.3711325 ], [ 80.2646205, 29.3707428 ], [ 80.2652384, 29.3696812 ], [ 80.2661335, 29.3694038 ], [ 80.266712, 29.3683595 ], [ 80.2676372, 29.3683321 ], [ 80.2701212, 29.3698886 ], [ 80.2712955, 29.3701238 ], [ 80.2719913, 29.3699038 ], [ 80.2723253, 29.3679679 ], [ 80.2716141, 29.3662708 ], [ 80.2713738, 29.3646888 ], [ 80.2720815, 29.3631518 ], [ 80.2737364, 29.3620051 ], [ 80.2790783, 29.3598948 ], [ 80.2799561, 29.3590679 ], [ 80.2799621, 29.3573173 ], [ 80.2773821, 29.3574204 ], [ 80.2743786, 29.3568287 ], [ 80.2716366, 29.3541473 ], [ 80.2682815, 29.3534161 ], [ 80.2670628, 29.3511052 ], [ 80.2652184, 29.3498304 ], [ 80.2641957, 29.3495057 ], [ 80.2606404, 29.3496327 ], [ 80.2595024, 29.3501382 ], [ 80.2565759, 29.3506653 ], [ 80.2550212, 29.3504719 ], [ 80.2538978, 29.3529079 ], [ 80.2521978, 29.3545334 ], [ 80.2555196, 29.3546774 ], [ 80.2573315, 29.3556444 ], [ 80.2590352, 29.3557909 ], [ 80.2615825, 29.3571951 ], [ 80.2576268, 29.3594119 ], [ 80.2575226, 29.3604753 ], [ 80.2579706, 29.3608663 ], [ 80.2580809, 29.3627314 ], [ 80.2566594, 29.3651959 ], [ 80.2565402, 29.369337 ], [ 80.2557567, 29.371446 ], [ 80.25399, 29.3717845 ], [ 80.2527313, 29.3706674 ], [ 80.2502405, 29.3710443 ], [ 80.2492598, 29.3704862 ], [ 80.2488748, 29.3696288 ], [ 80.251021, 29.3673685 ], [ 80.2501472, 29.3670155 ], [ 80.2489345, 29.3675396 ], [ 80.2475981, 29.3676569 ], [ 80.247248, 29.3710179 ], [ 80.247755, 29.3716944 ], [ 80.2478967, 29.3737246 ], [ 80.2485164, 29.3743503 ], [ 80.2495794, 29.3739083 ], [ 80.249747, 29.3744632 ], [ 80.2504825, 29.3748443 ], [ 80.2509069, 29.3741069 ], [ 80.2518968, 29.3739562 ], [ 80.2523663, 29.3744591 ], [ 80.2537083, 29.3746062 ], [ 80.2551261, 29.3753966 ] ] ] } },
{ "type": "Feature", "properties": { "gp_code": "22830", "gp_name": "SULALA", "blkname": "LOHAGHAT", "dtname": "Champawat", "SHAPE_Area": 2215622.5141928541 }, "geometry": { "type": "Polygon", "coordinates": [ [ [ 80.2478967, 29.3737246 ], [ 80.247755, 29.3716944 ], [ 80.247248, 29.3710179 ], [ 80.2475981, 29.3676569 ], [ 80.2467038, 29.3665903 ], [ 80.246964, 29.3628387 ], [ 80.2481189, 29.3604924 ], [ 80.2465082, 29.3579941 ], [ 80.2465338, 29.3559621 ], [ 80.2461461, 29.3553375 ], [ 80.2438857, 29.3551065 ], [ 80.2364051, 29.3558322 ], [ 80.2374969, 29.3609712 ], [ 80.2374195, 29.3679322 ], [ 80.2393825, 29.3684287 ], [ 80.2404782, 29.3703885 ], [ 80.2446332, 29.3721779 ], [ 80.2452384, 29.3733875 ], [ 80.2452401, 29.3742367 ], [ 80.2478967, 29.3737246 ] ] ] } },
{ "type": "Feature", "properties": { "gp_code": "22828", "gp_name": "SAILPEDU", "blkname": "LOHAGHAT", "dtname": "Champawat", "SHAPE_Area": 5486517.7076774659 }, "geometry": { "type": "Polygon", "coordinates": [ [ [ 80.2452401, 29.3742367 ], [ 80.2452384, 29.3733875 ], [ 80.2446332, 29.3721779 ], [ 80.2404782, 29.3703885 ], [ 80.2393825, 29.3684287 ], [ 80.2388494, 29.3681546 ], [ 80.2374195, 29.3679322 ], [ 80.2369446, 29.3685775 ], [ 80.2363468, 29.3687205 ], [ 80.2349614, 29.3680951 ], [ 80.2341665, 29.3689075 ], [ 80.2333788, 29.3689087 ], [ 80.2315329, 29.3678347 ], [ 80.2309681, 29.3666753 ], [ 80.2295804, 29.3659519 ], [ 80.2293965, 29.3650986 ], [ 80.2286015, 29.3648665 ], [ 80.2275295, 29.3655884 ], [ 80.2262574, 29.365757 ], [ 80.2242821, 29.364865 ], [ 80.2234592, 29.3637693 ], [ 80.2224875, 29.3632979 ], [ 80.2216221, 29.3634431 ], [ 80.221081, 29.364479 ], [ 80.2204553, 29.3644533 ], [ 80.2202603, 29.3618679 ], [ 80.2196536, 29.3614365 ], [ 80.2190305, 29.3614904 ], [ 80.217441, 29.362113 ], [ 80.2171567, 29.364071 ], [ 80.2180592, 29.3653285 ], [ 80.2174586, 29.3666995 ], [ 80.2176587, 29.3678391 ], [ 80.21725, 29.3685973 ], [ 80.2199099, 29.3708649 ], [ 80.2205042, 29.3723997 ], [ 80.2185665, 29.3731985 ], [ 80.218143, 29.3735706 ], [ 80.217816, 29.3747009 ], [ 80.2162407, 29.3748622 ], [ 80.2151172, 29.3759101 ], [ 80.2150277, 29.3767175 ], [ 80.2169205, 29.377409 ], [ 80.2196176, 29.3801123 ], [ 80.2198193, 29.3815678 ], [ 80.2193665, 29.3832156 ], [ 80.2194777, 29.3841691 ], [ 80.2213992, 29.383901 ], [ 80.2226381, 29.3843695 ], [ 80.2252616, 29.3845477 ], [ 80.2273927, 29.3852423 ], [ 80.2292626, 29.385179 ], [ 80.2303174, 29.3844496 ], [ 80.2310604, 29.3835841 ], [ 80.2311026, 29.3829927 ], [ 80.2322604, 29.3817854 ], [ 80.234233, 29.3811153 ], [ 80.2345248, 29.3797879 ], [ 80.2348418, 29.3795992 ], [ 80.2368022, 29.3800803 ], [ 80.2409509, 29.3766014 ], [ 80.2421773, 29.3751134 ], [ 80.2437514, 29.3743831 ], [ 80.2452401, 29.3742367 ] ] ] } },
{ "type": "Feature", "properties": { "gp_code": "22808", "gp_name": "KUNADI", "blkname": "LOHAGHAT", "dtname": "Champawat", "SHAPE_Area": 2562054.8251065332 }, "geometry": { "type": "Polygon", "coordinates": [ [ [ 80.2346932, 29.3682016 ], [ 80.2355462, 29.3681611 ], [ 80.2363468, 29.3687205 ], [ 80.2369446, 29.3685775 ], [ 80.2374195, 29.3679322 ], [ 80.2374969, 29.3609712 ], [ 80.2364051, 29.3558322 ], [ 80.231129, 29.3550733 ], [ 80.2279402, 29.3606174 ], [ 80.223431, 29.3561348 ], [ 80.2164954, 29.3557578 ], [ 80.2151926, 29.3571166 ], [ 80.214865, 29.3579056 ], [ 80.2169966, 29.3591918 ], [ 80.2178986, 29.3602219 ], [ 80.2185373, 29.3616655 ], [ 80.2196536, 29.3614365 ], [ 80.2202603, 29.3618679 ], [ 80.2204553, 29.3644533 ], [ 80.221081, 29.364479 ], [ 80.2216221, 29.3634431 ], [ 80.2224875, 29.3632979 ], [ 80.2234592, 29.3637693 ], [ 80.2242821, 29.364865 ], [ 80.2262574, 29.365757 ], [ 80.2275295, 29.3655884 ], [ 80.2289467, 29.3649161 ], [ 80.2293965, 29.3650986 ], [ 80.2295804, 29.3659519 ], [ 80.2309681, 29.3666753 ], [ 80.2315329, 29.3678347 ], [ 80.2323132, 29.3684553 ], [ 80.2338468, 29.3689629 ], [ 80.2344172, 29.3687253 ], [ 80.2346932, 29.3682016 ] ] ] } },
{ "type": "Feature", "properties": { "gp_code": "22797", "gp_name": "KAMLADY", "blkname": "LOHAGHAT", "dtname": "Champawat", "SHAPE_Area": 2085940.743101439 }, "geometry": { "type": "Polygon", "coordinates": [ [ [ 80.2399364, 29.3424504 ], [ 80.2396566, 29.3409495 ], [ 80.2391127, 29.3410309 ], [ 80.2289028, 29.3383111 ], [ 80.2257349, 29.3381033 ], [ 80.2237104, 29.3384246 ], [ 80.2225555, 29.3389107 ], [ 80.2224037, 29.3395406 ], [ 80.2231605, 29.3405941 ], [ 80.2264685, 29.3416814 ], [ 80.2272672, 29.3430604 ], [ 80.2277616, 29.3452589 ], [ 80.2287102, 29.3464706 ], [ 80.2297889, 29.3495242 ], [ 80.2307952, 29.3506078 ], [ 80.2330128, 29.3516207 ], [ 80.2338352, 29.35354 ], [ 80.2357714, 29.3548925 ], [ 80.2362193, 29.3537393 ], [ 80.2366514, 29.3534201 ], [ 80.2368572, 29.3523886 ], [ 80.2366285, 29.3496599 ], [ 80.2396305, 29.3453172 ], [ 80.2399364, 29.3424504 ] ] ] } },
{ "type": "Feature", "properties": { "gp_code": "22797", "gp_name": "KAMLADY", "blkname": "LOHAGHAT", "dtname": "Champawat", "SHAPE_Area": 755524.99978648557 }, "geometry": { "type": "Polygon", "coordinates": [ [ [ 80.2481181, 29.339693 ], [ 80.2405041, 29.3385042 ], [ 80.2397562, 29.3387818 ], [ 80.2397403, 29.3394934 ], [ 80.2400722, 29.340143 ], [ 80.2412134, 29.3404315 ], [ 80.2419093, 29.3422655 ], [ 80.2432426, 29.3466924 ], [ 80.2436414, 29.351318 ], [ 80.2440223, 29.3516347 ], [ 80.2451126, 29.351527 ], [ 80.2456661, 29.3512682 ], [ 80.246183, 29.350039 ], [ 80.2463056, 29.343374 ], [ 80.2467388, 29.3423795 ], [ 80.2472394, 29.3416811 ], [ 80.2498322, 29.3407958 ], [ 80.2481181, 29.339693 ] ] ] } },
{ "type": "Feature", "properties": { "gp_code": "22798", "gp_name": "KAYAL", "blkname": "LOHAGHAT", "dtname": "Champawat", "SHAPE_Area": 278871.66537514009 }, "geometry": { "type": "Polygon", "coordinates": [ [ [ 80.2477124, 29.320204 ], [ 80.2477106, 29.3192843 ], [ 80.2446966, 29.3192889 ], [ 80.2438583, 29.3172147 ], [ 80.239258, 29.3179292 ], [ 80.2408523, 29.3212758 ], [ 80.2415797, 29.3217227 ], [ 80.2429787, 29.3215555 ], [ 80.2436226, 29.3204933 ], [ 80.2477124, 29.320204 ] ] ] } },
{ "type": "Feature", "properties": { "gp_code": "", "gp_name": "", "blkname": "LOHAGHAT", "dtname": "Champawat", "SHAPE_Area": 611476.6840555392 }, "geometry": { "type": "Polygon", "coordinates": [ [ [ 80.2239834, 29.3311581 ], [ 80.2231834, 29.3277868 ], [ 80.2264544, 29.32836 ], [ 80.2252632, 29.3245883 ], [ 80.2283564, 29.3236406 ], [ 80.2287431, 29.3217769 ], [ 80.2261597, 29.3218396 ], [ 80.2237924, 29.3223263 ], [ 80.2215873, 29.3232138 ], [ 80.2205669, 29.3244415 ], [ 80.2203456, 29.3286515 ], [ 80.2206302, 29.3297005 ], [ 80.2219105, 29.3307836 ], [ 80.2239834, 29.3311581 ] ] ] } },
{ "type": "Feature", "properties": { "gp_code": "", "gp_name": "", "blkname": "LOHAGHAT", "dtname": "Champawat", "SHAPE_Area": 38667215.988562107 }, "geometry": { "type": "Polygon", "coordinates": [ [ [ 80.2615825, 29.3571951 ], [ 80.2590352, 29.3557909 ], [ 80.2573315, 29.3556444 ], [ 80.2555196, 29.3546774 ], [ 80.2521978, 29.3545334 ], [ 80.2538978, 29.3529079 ], [ 80.2550212, 29.3504719 ], [ 80.250031, 29.3465159 ], [ 80.2534341, 29.3448317 ], [ 80.2542616, 29.3434687 ], [ 80.2540854, 29.3405963 ], [ 80.2549731, 29.337517 ], [ 80.2547149, 29.3361744 ], [ 80.2528578, 29.3337523 ], [ 80.2541832, 29.3314619 ], [ 80.2488712, 29.3309418 ], [ 80.2485606, 29.3315531 ], [ 80.2486669, 29.3325943 ], [ 80.2498775, 29.3337943 ], [ 80.2481713, 29.334259 ], [ 80.2452139, 29.3358436 ], [ 80.2395845, 29.3336353 ], [ 80.2397172, 29.3326918 ], [ 80.2446089, 29.3293828 ], [ 80.2464626, 29.3276819 ], [ 80.2486737, 29.3246765 ], [ 80.2490715, 29.326258 ], [ 80.2497356, 29.3267806 ], [ 80.2592995, 29.3296381 ], [ 80.2573652, 29.3310217 ], [ 80.2576433, 29.3316927 ], [ 80.2583487, 29.3330161 ], [ 80.2631718, 29.3386044 ], [ 80.2651158, 29.341735 ], [ 80.2671403, 29.3426456 ], [ 80.2696795, 29.3452716 ], [ 80.2717038, 29.3460143 ], [ 80.2737266, 29.3461041 ], [ 80.276577, 29.3449893 ], [ 80.2800194, 29.3420921 ], [ 80.2818272, 29.3412496 ], [ 80.2789483, 29.339128 ], [ 80.2838793, 29.3355939 ], [ 80.2823816, 29.3323321 ], [ 80.2820539, 29.3287137 ], [ 80.2826875, 29.3265115 ], [ 80.2834725, 29.3253535 ], [ 80.2813626, 29.3242753 ], [ 80.2777635, 29.3235354 ], [ 80.2793027, 29.3264614 ], [ 80.2794967, 29.3274684 ], [ 80.2778784, 29.3273033 ], [ 80.2771537, 29.3268755 ], [ 80.2763411, 29.3252354 ], [ 80.2752538, 29.3244911 ], [ 80.2750033, 29.3266927 ], [ 80.275178, 29.3286697 ], [ 80.2708763, 29.3279309 ], [ 80.2677068, 29.3290181 ], [ 80.2565243, 29.3258838 ], [ 80.255925, 29.3243179 ], [ 80.2579039, 29.3239043 ], [ 80.2589883, 29.3233242 ], [ 80.2594756, 29.3222415 ], [ 80.2591741, 29.3206005 ], [ 80.2605738, 29.3181358 ], [ 80.2583326, 29.3151547 ], [ 80.2560549, 29.3150837 ], [ 80.253286, 29.3142113 ], [ 80.251011, 29.3154089 ], [ 80.2504566, 29.3148782 ], [ 80.2503089, 29.3132273 ], [ 80.2498583, 29.3126465 ], [ 80.2482299, 29.3122196 ], [ 80.2431757, 29.3117584 ], [ 80.2414202, 29.3108753 ], [ 80.2382046, 29.3081445 ], [ 80.2374322, 29.3083802 ], [ 80.2364541, 29.3098145 ], [ 80.2358009, 29.3102584 ], [ 80.2356566, 29.3125251 ], [ 80.232715, 29.3131286 ], [ 80.2289376, 29.3119096 ], [ 80.2268625, 29.3149867 ], [ 80.2262471, 29.3147108 ], [ 80.2256829, 29.3151154 ], [ 80.2248803, 29.3150514 ], [ 80.2244034, 29.3143747 ], [ 80.2244757, 29.3132544 ], [ 80.2241773, 29.3126295 ], [ 80.223582, 29.3122004 ], [ 80.2228536, 29.3121103 ], [ 80.2224082, 29.3123845 ], [ 80.2217277, 29.3141223 ], [ 80.2219262, 29.3170745 ], [ 80.2216906, 29.3183123 ], [ 80.2202979, 29.319103 ], [ 80.2182293, 29.3193461 ], [ 80.2169231, 29.3203769 ], [ 80.216553, 29.3212371 ], [ 80.2153066, 29.3213633 ], [ 80.2147066, 29.3204638 ], [ 80.2141415, 29.3204646 ], [ 80.2138089, 29.3226701 ], [ 80.2141037, 29.324369 ], [ 80.2151754, 29.3268897 ], [ 80.215822, 29.3273605 ], [ 80.2141464, 29.3310536 ], [ 80.2132655, 29.3313126 ], [ 80.2102432, 29.3306107 ], [ 80.2089671, 29.3319212 ], [ 80.2090593, 29.3307655 ], [ 80.2081855, 29.3304542 ], [ 80.2079394, 29.329966 ], [ 80.2035077, 29.3287538 ], [ 80.2010656, 29.3261257 ], [ 80.1994963, 29.3253063 ], [ 80.1984636, 29.3256599 ], [ 80.1980214, 29.3280051 ], [ 80.1975101, 29.3289958 ], [ 80.1959434, 29.3299616 ], [ 80.1949995, 29.3299562 ], [ 80.194553, 29.329566 ], [ 80.1945291, 29.32855 ], [ 80.1949435, 29.3274033 ], [ 80.1947864, 29.3267716 ], [ 80.1940216, 29.3265158 ], [ 80.1936049, 29.3268229 ], [ 80.1910667, 29.3300333 ], [ 80.1910185, 29.3336416 ], [ 80.1906561, 29.3343141 ], [ 80.1890285, 29.3347818 ], [ 80.1879923, 29.33473 ], [ 80.1841162, 29.3336542 ], [ 80.1833683, 29.3337271 ], [ 80.1829546, 29.3341468 ], [ 80.1834314, 29.3354191 ], [ 80.1847526, 29.3369859 ], [ 80.184871, 29.3379127 ], [ 80.1834563, 29.3385557 ], [ 80.1836975, 29.3394204 ], [ 80.1818198, 29.3422128 ], [ 80.179319, 29.3438429 ], [ 80.1793201, 29.3445975 ], [ 80.1797119, 29.3452256 ], [ 80.183389, 29.3476115 ], [ 80.1824494, 29.3493106 ], [ 80.1805102, 29.3484873 ], [ 80.1756879, 29.3455684 ], [ 80.1724868, 29.3469633 ], [ 80.1700596, 29.3436172 ], [ 80.1694675, 29.3436178 ], [ 80.1653615, 29.3461631 ], [ 80.1658921, 29.3469231 ], [ 80.1632023, 29.3483644 ], [ 80.1616251, 29.3485028 ], [ 80.159516, 29.3494293 ], [ 80.1589236, 29.3491704 ], [ 80.1576296, 29.3476153 ], [ 80.1568218, 29.3473802 ], [ 80.1538072, 29.3475011 ], [ 80.152992, 29.3487812 ], [ 80.1525437, 29.3488229 ], [ 80.1526044, 29.3543176 ], [ 80.1546808, 29.3572398 ], [ 80.1564001, 29.3561274 ], [ 80.1579896, 29.3555623 ], [ 80.1587442, 29.3561746 ], [ 80.159552, 29.3563389 ], [ 80.160386, 29.3560315 ], [ 80.1614612, 29.3547805 ], [ 80.1634241, 29.3532693 ], [ 80.1653617, 29.3528664 ], [ 80.1696677, 29.3527644 ], [ 80.1723934, 29.3571569 ], [ 80.1719803, 29.3560102 ], [ 80.1741638, 29.3527451 ], [ 80.176556, 29.3503371 ], [ 80.1779026, 29.3508308 ], [ 80.1791179, 29.3535886 ], [ 80.1832533, 29.3513175 ], [ 80.1872384, 29.3537394 ], [ 80.1950066, 29.3454175 ], [ 80.1976098, 29.3443243 ], [ 80.2017286, 29.3438338 ], [ 80.2038409, 29.3441951 ], [ 80.204397, 29.3454684 ], [ 80.204794, 29.3484579 ], [ 80.2065853, 29.3498029 ], [ 80.2077188, 29.3516156 ], [ 80.2076661, 29.3543513 ], [ 80.2100418, 29.3567719 ], [ 80.2113183, 29.3575807 ], [ 80.2128396, 29.3579387 ], [ 80.214865, 29.3579056 ], [ 80.2158834, 29.3561754 ], [ 80.2164954, 29.3557578 ], [ 80.223431, 29.3561348 ], [ 80.2279402, 29.3606174 ], [ 80.231129, 29.3550733 ], [ 80.2365126, 29.355847 ], [ 80.2438857, 29.3551065 ], [ 80.2461461, 29.3553375 ], [ 80.2465338, 29.3559621 ], [ 80.2465082, 29.3579941 ], [ 80.2481189, 29.3604924 ], [ 80.246964, 29.3628387 ], [ 80.2467038, 29.3665903 ], [ 80.2475981, 29.3676569 ], [ 80.2489345, 29.3675396 ], [ 80.2501472, 29.3670155 ], [ 80.251021, 29.3673685 ], [ 80.2488748, 29.3696288 ], [ 80.2492598, 29.3704862 ], [ 80.2502405, 29.3710443 ], [ 80.2527313, 29.3706674 ], [ 80.25399, 29.3717845 ], [ 80.2557567, 29.371446 ], [ 80.2560962, 29.3708485 ], [ 80.2567705, 29.3674153 ], [ 80.2566594, 29.3651959 ], [ 80.2580809, 29.3627314 ], [ 80.2579706, 29.3608663 ], [ 80.2575226, 29.3604753 ], [ 80.2576268, 29.3594119 ], [ 80.2615825, 29.3571951 ] ], [ [ 80.2289028, 29.3383111 ], [ 80.2391127, 29.3410309 ], [ 80.2396566, 29.3409495 ], [ 80.2399364, 29.3424504 ], [ 80.2396305, 29.3453172 ], [ 80.2366285, 29.3496599 ], [ 80.2368572, 29.3523886 ], [ 80.2366514, 29.3534201 ], [ 80.2362193, 29.3537393 ], [ 80.2357714, 29.3548925 ], [ 80.2338352, 29.35354 ], [ 80.2330128, 29.3516207 ], [ 80.2307952, 29.3506078 ], [ 80.2297889, 29.3495242 ], [ 80.2287102, 29.3464706 ], [ 80.2277616, 29.3452589 ], [ 80.2272672, 29.3430604 ], [ 80.2264685, 29.3416814 ], [ 80.2231605, 29.3405941 ], [ 80.2224037, 29.3395406 ], [ 80.2225555, 29.3389107 ], [ 80.2257349, 29.3381033 ], [ 80.2289028, 29.3383111 ] ], [ [ 80.2211043, 29.3435851 ], [ 80.2194735, 29.345384 ], [ 80.218085, 29.3432248 ], [ 80.2196151, 29.3422824 ], [ 80.2211043, 29.3435851 ] ], [ [ 80.2158114, 29.3496809 ], [ 80.2143922, 29.3498345 ], [ 80.2128335, 29.3493588 ], [ 80.2135292, 29.346264 ], [ 80.2150271, 29.3465957 ], [ 80.2158114, 29.3496809 ] ], [ [ 80.2432426, 29.3466924 ], [ 80.2412134, 29.3404315 ], [ 80.2400722, 29.340143 ], [ 80.2397562, 29.3387818 ], [ 80.2405041, 29.3385042 ], [ 80.2470618, 29.3394065 ], [ 80.2481181, 29.339693 ], [ 80.2498322, 29.3407958 ], [ 80.2472394, 29.3416811 ], [ 80.2467388, 29.3423795 ], [ 80.2463056, 29.343374 ], [ 80.246183, 29.350039 ], [ 80.2456661, 29.3512682 ], [ 80.2451126, 29.351527 ], [ 80.2440223, 29.3516347 ], [ 80.2436414, 29.351318 ], [ 80.2432426, 29.3466924 ] ], [ [ 80.2020274, 29.3343591 ], [ 80.2007335, 29.3331462 ], [ 80.2032333, 29.3311857 ], [ 80.2053738, 29.3317135 ], [ 80.2051903, 29.3346735 ], [ 80.2020274, 29.3343591 ] ], [ [ 80.2261597, 29.3218396 ], [ 80.2287431, 29.3217769 ], [ 80.2283564, 29.3236406 ], [ 80.2252632, 29.3245883 ], [ 80.2264544, 29.32836 ], [ 80.2231834, 29.3277868 ], [ 80.2239834, 29.3311581 ], [ 80.2219105, 29.3307836 ], [ 80.2206302, 29.3297005 ], [ 80.2203456, 29.3286515 ], [ 80.2205669, 29.3244415 ], [ 80.2215873, 29.3232138 ], [ 80.2237924, 29.3223263 ], [ 80.2261597, 29.3218396 ] ], [ [ 80.2477124, 29.320204 ], [ 80.2436226, 29.3204933 ], [ 80.2429787, 29.3215555 ], [ 80.2415797, 29.3217227 ], [ 80.2408523, 29.3212758 ], [ 80.239258, 29.3179292 ], [ 80.2438583, 29.3172147 ], [ 80.2446966, 29.3192889 ], [ 80.2477106, 29.3192843 ], [ 80.2477124, 29.320204 ] ] ] } },
{ "type": "Feature", "properties": { "gp_code": "", "gp_name": "", "blkname": "LOHAGHAT", "dtname": "Champawat", "SHAPE_Area": 68290.728422719461 }, "geometry": { "type": "Polygon", "coordinates": [ [ [ 80.2194735, 29.345384 ], [ 80.2211043, 29.3435851 ], [ 80.2196151, 29.3422824 ], [ 80.218085, 29.3432248 ], [ 80.2194735, 29.345384 ] ] ] } },
{ "type": "Feature", "properties": { "gp_code": "22798", "gp_name": "KAYAL", "blkname": "LOHAGHAT", "dtname": "Champawat", "SHAPE_Area": 155847.1703724121 }, "geometry": { "type": "Polygon", "coordinates": [ [ [ 80.2053738, 29.3317135 ], [ 80.2032333, 29.3311857 ], [ 80.2007335, 29.3331462 ], [ 80.2020274, 29.3343591 ], [ 80.2051903, 29.3346735 ], [ 80.2053738, 29.3317135 ] ] ] } },
{ "type": "Feature", "properties": { "gp_code": "", "gp_name": "", "blkname": "LOHAGHAT", "dtname": "Champawat", "SHAPE_Area": 607759.12759480963 }, "geometry": { "type": "Polygon", "coordinates": [ [ [ 80.2147066, 29.3204638 ], [ 80.2145707, 29.3196975 ], [ 80.213494, 29.319522 ], [ 80.212057, 29.3211041 ], [ 80.2113476, 29.3232511 ], [ 80.2114563, 29.3239467 ], [ 80.2123863, 29.3248181 ], [ 80.2123154, 29.3257497 ], [ 80.2112777, 29.3263274 ], [ 80.2095015, 29.3263884 ], [ 80.2088261, 29.3269234 ], [ 80.2086415, 29.3276205 ], [ 80.2096558, 29.3296642 ], [ 80.2096125, 29.3304849 ], [ 80.2090593, 29.3307655 ], [ 80.2089671, 29.3319212 ], [ 80.2102432, 29.3306107 ], [ 80.2132655, 29.3313126 ], [ 80.2141464, 29.3310536 ], [ 80.2153266, 29.3287173 ], [ 80.215822, 29.3273605 ], [ 80.2151754, 29.3268897 ], [ 80.2141037, 29.324369 ], [ 80.2138089, 29.3226701 ], [ 80.2141415, 29.3204646 ], [ 80.2147066, 29.3204638 ] ] ] } },
{ "type": "Feature", "properties": { "gp_code": "22724", "gp_name": "KATHNAULI", "blkname": "CHAMPAWAT", "dtname": "Champawat", "SHAPE_Area": 763517.91914217523 }, "geometry": { "type": "Polygon", "coordinates": [ [ [ 80.2095015, 29.3263884 ], [ 80.2112777, 29.3263274 ], [ 80.2120947, 29.3259812 ], [ 80.2123863, 29.3248181 ], [ 80.2107192, 29.3256221 ], [ 80.2065478, 29.3256511 ], [ 80.2031374, 29.3220272 ], [ 80.1989517, 29.3213685 ], [ 80.1980357, 29.3207801 ], [ 80.1987107, 29.3221235 ], [ 80.1987264, 29.3235031 ], [ 80.1994963, 29.3253063 ], [ 80.2010656, 29.3261257 ], [ 80.2035077, 29.3287538 ], [ 80.2074707, 29.3296996 ], [ 80.2085054, 29.3306752 ], [ 80.2093973, 29.3307001 ], [ 80.2096252, 29.3291953 ], [ 80.2086262, 29.32736 ], [ 80.2095015, 29.3263884 ] ] ] } },
{ "type": "Feature", "properties": { "gp_code": "22820", "gp_name": "NAKOT KHOLIYA", "blkname": "LOHAGHAT", "dtname": "Champawat", "SHAPE_Area": 239254.00727756234 }, "geometry": { "type": "Polygon", "coordinates": [ [ [ 80.1948637, 29.3591596 ], [ 80.1904264, 29.3555858 ], [ 80.1857207, 29.3575022 ], [ 80.1890811, 29.3588025 ], [ 80.1917476, 29.3591936 ], [ 80.1948637, 29.3591596 ] ] ] } },
{ "type": "Feature", "properties": { "gp_code": "22774", "gp_name": "BANKOO", "blkname": "LOHAGHAT", "dtname": "Champawat", "SHAPE_Area": 3245609.5972588635 }, "geometry": { "type": "Polygon", "coordinates": [ [ [ 80.2025795, 29.356026 ], [ 80.2060361, 29.3542004 ], [ 80.2071362, 29.354093 ], [ 80.2076661, 29.3543513 ], [ 80.2078716, 29.3529861 ], [ 80.2077188, 29.3516156 ], [ 80.2065853, 29.3498029 ], [ 80.204794, 29.3484579 ], [ 80.204397, 29.3454684 ], [ 80.2038409, 29.3441951 ], [ 80.2017286, 29.3438338 ], [ 80.1976098, 29.3443243 ], [ 80.1950066, 29.3454175 ], [ 80.1872384, 29.3537394 ], [ 80.1832533, 29.3513175 ], [ 80.1830385, 29.3559597 ], [ 80.1857207, 29.3575022 ], [ 80.1904264, 29.3555858 ], [ 80.1955572, 29.3598563 ], [ 80.1971257, 29.3634207 ], [ 80.1976372, 29.3614006 ], [ 80.1989269, 29.3596673 ], [ 80.2015204, 29.357876 ], [ 80.2025795, 29.356026 ] ] ] } },
{ "type": "Feature", "properties": { "gp_code": "22808", "gp_name": "KUNADI", "blkname": "LOHAGHAT", "dtname": "Champawat", "SHAPE_Area": 109362.00490395611 }, "geometry": { "type": "Polygon", "coordinates": [ [ [ 80.2146199, 29.3463687 ], [ 80.2135292, 29.346264 ], [ 80.2128335, 29.3493588 ], [ 80.2149981, 29.3498715 ], [ 80.2158114, 29.3496809 ], [ 80.2153395, 29.3471337 ], [ 80.2146199, 29.3463687 ] ] ] } },
{ "type": "Feature", "properties": { "gp_code": "22820", "gp_name": "NAKOT KHOLIYA", "blkname": "LOHAGHAT", "dtname": "Champawat", "SHAPE_Area": 2737113.2915131263 }, "geometry": { "type": "Polygon", "coordinates": [ [ [ 80.2079944, 29.3841985 ], [ 80.207957, 29.3830774 ], [ 80.2072464, 29.3826991 ], [ 80.2070719, 29.3818654 ], [ 80.2060626, 29.3809826 ], [ 80.206961, 29.3797835 ], [ 80.2074752, 29.3779483 ], [ 80.2096968, 29.3752728 ], [ 80.2119762, 29.3739926 ], [ 80.2118591, 29.3722365 ], [ 80.2106822, 29.3718784 ], [ 80.2101897, 29.3724034 ], [ 80.2076708, 29.3725343 ], [ 80.2065981, 29.3729452 ], [ 80.2019061, 29.3729663 ], [ 80.2011428, 29.3720271 ], [ 80.1999089, 29.3691018 ], [ 80.1989974, 29.3678131 ], [ 80.1937058, 29.3659399 ], [ 80.1924133, 29.3651737 ], [ 80.1914199, 29.3655028 ], [ 80.1907612, 29.3676655 ], [ 80.1931231, 29.3697318 ], [ 80.1916043, 29.3715903 ], [ 80.1917918, 29.3733791 ], [ 80.1908028, 29.3765481 ], [ 80.192407, 29.3767541 ], [ 80.1937064, 29.3772985 ], [ 80.1949634, 29.3783888 ], [ 80.1973134, 29.3782787 ], [ 80.1980416, 29.3785847 ], [ 80.1988395, 29.3793256 ], [ 80.1994276, 29.3813741 ], [ 80.1988947, 29.3823022 ], [ 80.1989461, 29.3829115 ], [ 80.200097, 29.3836874 ], [ 80.2009139, 29.3836775 ], [ 80.2015506, 29.3844805 ], [ 80.2020645, 29.384259 ], [ 80.202061, 29.3821127 ], [ 80.2025544, 29.3816616 ], [ 80.2036135, 29.3817575 ], [ 80.2047439, 29.3823213 ], [ 80.2054734, 29.3843783 ], [ 80.2059872, 29.3840067 ], [ 80.2070068, 29.384606 ], [ 80.2079944, 29.3841985 ] ] ] } },
{ "type": "Feature", "properties": { "gp_code": "22780", "gp_name": "CHAUDALA", "blkname": "LOHAGHAT", "dtname": "Champawat", "SHAPE_Area": 4675571.6638740487 }, "geometry": { "type": "Polygon", "coordinates": [ [ [ 80.204919, 29.3731445 ], [ 80.2076708, 29.3725343 ], [ 80.2101897, 29.3724034 ], [ 80.2106822, 29.3718784 ], [ 80.2118591, 29.3722365 ], [ 80.2130541, 29.371409 ], [ 80.213475, 29.3703467 ], [ 80.2135888, 29.3682008 ], [ 80.2144557, 29.367766 ], [ 80.2163496, 29.3678482 ], [ 80.21725, 29.3685973 ], [ 80.2176587, 29.3678391 ], [ 80.2174586, 29.3666995 ], [ 80.2180592, 29.3653285 ], [ 80.2171567, 29.364071 ], [ 80.2172498, 29.3628728 ], [ 80.217441, 29.362113 ], [ 80.2185373, 29.3616655 ], [ 80.2178986, 29.3602219 ], [ 80.2169966, 29.3591918 ], [ 80.214865, 29.3579056 ], [ 80.2128396, 29.3579387 ], [ 80.2113183, 29.3575807 ], [ 80.2100418, 29.3567719 ], [ 80.2076661, 29.3543513 ], [ 80.2071362, 29.354093 ], [ 80.2060361, 29.3542004 ], [ 80.2025795, 29.356026 ], [ 80.2015204, 29.357876 ], [ 80.1989269, 29.3596673 ], [ 80.1976372, 29.3614006 ], [ 80.1971257, 29.3634207 ], [ 80.1955572, 29.3598563 ], [ 80.1948637, 29.3591596 ], [ 80.1917476, 29.3591936 ], [ 80.1890811, 29.3588025 ], [ 80.1857207, 29.3575022 ], [ 80.1830385, 29.3559597 ], [ 80.1827107, 29.3589312 ], [ 80.1851353, 29.3596564 ], [ 80.1893696, 29.3599848 ], [ 80.1920648, 29.362742 ], [ 80.1924821, 29.3639547 ], [ 80.1924133, 29.3651737 ], [ 80.1937058, 29.3659399 ], [ 80.1989974, 29.3678131 ], [ 80.1999089, 29.3691018 ], [ 80.2011428, 29.3720271 ], [ 80.2019061, 29.3729663 ], [ 80.204919, 29.3731445 ] ] ] } },
{ "type": "Feature", "properties": { "gp_code": "", "gp_name": "", "blkname": "LOHAGHAT", "dtname": "Champawat", "SHAPE_Area": 314585.65688730654 }, "geometry": { "type": "Polygon", "coordinates": [ [ [ 80.1988651, 29.3827438 ], [ 80.1994276, 29.3813741 ], [ 80.1988395, 29.3793256 ], [ 80.1977488, 29.3783819 ], [ 80.1949634, 29.3783888 ], [ 80.1953451, 29.378904 ], [ 80.1948026, 29.3807623 ], [ 80.1951691, 29.3825513 ], [ 80.1948332, 29.3836152 ], [ 80.1953917, 29.3843614 ], [ 80.1968464, 29.384902 ], [ 80.1974922, 29.3846182 ], [ 80.1980273, 29.3824952 ], [ 80.1988651, 29.3827438 ] ] ] } },
{ "type": "Feature", "properties": { "gp_code": "22785", "gp_name": "DUMDAI", "blkname": "LOHAGHAT", "dtname": "Champawat", "SHAPE_Area": 2102414.5541637256 }, "geometry": { "type": "Polygon", "coordinates": [ [ [ 80.2056084, 29.4040225 ], [ 80.2043439, 29.4025922 ], [ 80.2017793, 29.400988 ], [ 80.2017985, 29.4003874 ], [ 80.2026038, 29.3994589 ], [ 80.2033472, 29.397612 ], [ 80.2039112, 29.3971521 ], [ 80.2054945, 29.3969822 ], [ 80.2056452, 29.3966464 ], [ 80.2038588, 29.3959774 ], [ 80.2034841, 29.3949533 ], [ 80.2058419, 29.3936608 ], [ 80.2058409, 29.3930602 ], [ 80.2050032, 29.3926991 ], [ 80.2034798, 29.3923743 ], [ 80.2004749, 29.392802 ], [ 80.200151, 29.3921135 ], [ 80.1963094, 29.39271 ], [ 80.1948164, 29.3925352 ], [ 80.1941521, 29.3934016 ], [ 80.1939119, 29.3945324 ], [ 80.1931258, 29.3949926 ], [ 80.1920393, 29.3967604 ], [ 80.1914147, 29.3972028 ], [ 80.1870386, 29.3980735 ], [ 80.1874431, 29.3987443 ], [ 80.1919268, 29.4022188 ], [ 80.1923081, 29.4034465 ], [ 80.1944832, 29.403857 ], [ 80.1957455, 29.4045391 ], [ 80.1987753, 29.4044484 ], [ 80.2022812, 29.4048923 ], [ 80.2056084, 29.4040225 ] ] ] } },
{ "type": "Feature", "properties": { "gp_code": "22792", "gp_name": "GUR MANGAL", "blkname": "LOHAGHAT", "dtname": "Champawat", "SHAPE_Area": 3291113.3724728636 }, "geometry": { "type": "Polygon", "coordinates": [ [ [ 80.2095251, 29.3947336 ], [ 80.2124656, 29.39208 ], [ 80.2129293, 29.3919293 ], [ 80.2134138, 29.3921936 ], [ 80.2138773, 29.3918927 ], [ 80.213129, 29.3907984 ], [ 80.2119881, 29.3900404 ], [ 80.2102455, 29.3913587 ], [ 80.2090663, 29.391846 ], [ 80.2080178, 29.3921035 ], [ 80.2079558, 29.391185 ], [ 80.2094469, 29.3902645 ], [ 80.210653, 29.387834 ], [ 80.2119018, 29.3880639 ], [ 80.2128884, 29.3886439 ], [ 80.2131667, 29.389379 ], [ 80.214773, 29.3888379 ], [ 80.2159885, 29.3889734 ], [ 80.216204, 29.3884423 ], [ 80.2159323, 29.3865547 ], [ 80.2137298, 29.3845711 ], [ 80.2140574, 29.383767 ], [ 80.2143712, 29.3800436 ], [ 80.2139102, 29.3781945 ], [ 80.2140688, 29.377422 ], [ 80.2150277, 29.3767175 ], [ 80.2151172, 29.3759101 ], [ 80.2162407, 29.3748622 ], [ 80.217816, 29.3747009 ], [ 80.218143, 29.3735706 ], [ 80.2185665, 29.3731985 ], [ 80.2205042, 29.3723997 ], [ 80.2199099, 29.3708649 ], [ 80.2163496, 29.3678482 ], [ 80.2158092, 29.3677245 ], [ 80.2144557, 29.367766 ], [ 80.2135888, 29.3682008 ], [ 80.213475, 29.3703467 ], [ 80.2130541, 29.371409 ], [ 80.2118591, 29.3722365 ], [ 80.2117095, 29.372677 ], [ 80.2119762, 29.3739926 ], [ 80.2101203, 29.3748173 ], [ 80.2074752, 29.3779483 ], [ 80.206961, 29.3797835 ], [ 80.2060626, 29.3809826 ], [ 80.2070719, 29.3818654 ], [ 80.2072464, 29.3826991 ], [ 80.207957, 29.3830774 ], [ 80.2079944, 29.3841985 ], [ 80.2070068, 29.384606 ], [ 80.2059872, 29.3840067 ], [ 80.2054734, 29.3843783 ], [ 80.2047439, 29.3823213 ], [ 80.2036135, 29.3817575 ], [ 80.2025544, 29.3816616 ], [ 80.202061, 29.3821127 ], [ 80.2019337, 29.3844359 ], [ 80.2015506, 29.3844805 ], [ 80.2009139, 29.3836775 ], [ 80.2003592, 29.3837223 ], [ 80.201291, 29.3860707 ], [ 80.202441, 29.3862989 ], [ 80.2030674, 29.386934 ], [ 80.2030279, 29.3874817 ], [ 80.201738, 29.3881369 ], [ 80.2013565, 29.3891797 ], [ 80.2006718, 29.3898341 ], [ 80.2001501, 29.3915129 ], [ 80.2004749, 29.392802 ], [ 80.2034798, 29.3923743 ], [ 80.2054573, 29.3928488 ], [ 80.2060129, 29.3933603 ], [ 80.2034841, 29.3949533 ], [ 80.2038588, 29.3959774 ], [ 80.2056452, 29.3966464 ], [ 80.2063804, 29.3959477 ], [ 80.2095251, 29.3947336 ] ] ] } },
{ "type": "Feature", "properties": { "gp_code": "22820", "gp_name": "NAKOT KHOLIYA", "blkname": "LOHAGHAT", "dtname": "Champawat", "SHAPE_Area": 340057.35938538547 }, "geometry": { "type": "Polygon", "coordinates": [ [ [ 80.2140574, 29.383767 ], [ 80.2145447, 29.3824109 ], [ 80.2170842, 29.3826272 ], [ 80.2198435, 29.3805215 ], [ 80.2179087, 29.3781887 ], [ 80.2169205, 29.377409 ], [ 80.2150277, 29.3767175 ], [ 80.2140688, 29.377422 ], [ 80.2139102, 29.3781945 ], [ 80.2143712, 29.3800436 ], [ 80.2140574, 29.383767 ] ] ] } },
{ "type": "Feature", "properties": { "gp_code": "22815", "gp_name": "MARLAK PANDEY", "blkname": "LOHAGHAT", "dtname": "Champawat", "SHAPE_Area": 1130499.0816558581 }, "geometry": { "type": "Polygon", "coordinates": [ [ [ 80.2247257, 29.3897954 ], [ 80.2265067, 29.3880731 ], [ 80.2280463, 29.3875767 ], [ 80.2285301, 29.3870074 ], [ 80.2284404, 29.3853091 ], [ 80.2243609, 29.3843595 ], [ 80.2226381, 29.3843695 ], [ 80.2213992, 29.383901 ], [ 80.2194777, 29.3841691 ], [ 80.2193665, 29.3832156 ], [ 80.2198435, 29.3805215 ], [ 80.2170842, 29.3826272 ], [ 80.2145447, 29.3824109 ], [ 80.2137298, 29.3845711 ], [ 80.2159323, 29.3865547 ], [ 80.216204, 29.3884423 ], [ 80.2159885, 29.3889734 ], [ 80.2189233, 29.3888481 ], [ 80.2190545, 29.3896517 ], [ 80.2200598, 29.3901658 ], [ 80.2200003, 29.3907877 ], [ 80.2190935, 29.3921158 ], [ 80.2188958, 29.3928516 ], [ 80.2191345, 29.3933606 ], [ 80.2197848, 29.3929927 ], [ 80.2202452, 29.392137 ], [ 80.2220445, 29.3913308 ], [ 80.2235473, 29.3898252 ], [ 80.2247257, 29.3897954 ] ] ] } },
{ "type": "Feature", "properties": { "gp_code": "22812", "gp_name": "MAJH PEEPAL", "blkname": "LOHAGHAT", "dtname": "Champawat", "SHAPE_Area": 4730531.9772915533 }, "geometry": { "type": "Polygon", "coordinates": [ [ [ 80.2349592, 29.401369 ], [ 80.2334432, 29.3997549 ], [ 80.2327832, 29.3974418 ], [ 80.2310036, 29.3950684 ], [ 80.2308819, 29.3947153 ], [ 80.2313741, 29.3936194 ], [ 80.234918, 29.3903551 ], [ 80.2357248, 29.3902921 ], [ 80.2378439, 29.3909249 ], [ 80.2394663, 29.3901806 ], [ 80.2393548, 29.3890564 ], [ 80.2399954, 29.3882949 ], [ 80.24038, 29.38639 ], [ 80.2407531, 29.3861251 ], [ 80.2428574, 29.3852567 ], [ 80.2435541, 29.385558 ], [ 80.244518, 29.3866753 ], [ 80.2461644, 29.3869746 ], [ 80.2471359, 29.386832 ], [ 80.2480959, 29.3861301 ], [ 80.2499889, 29.3834532 ], [ 80.250941, 29.3803928 ], [ 80.2544968, 29.3800328 ], [ 80.2545549, 29.3772535 ], [ 80.2555519, 29.3753493 ], [ 80.2547105, 29.3752854 ], [ 80.2537083, 29.3746062 ], [ 80.2523663, 29.3744591 ], [ 80.2518968, 29.3739562 ], [ 80.2509069, 29.3741069 ], [ 80.2504825, 29.3748443 ], [ 80.249747, 29.3744632 ], [ 80.2495794, 29.3739083 ], [ 80.2485164, 29.3743503 ], [ 80.2475242, 29.3736115 ], [ 80.2456644, 29.3743119 ], [ 80.2430852, 29.3745888 ], [ 80.2421773, 29.3751134 ], [ 80.2409509, 29.3766014 ], [ 80.2368022, 29.3800803 ], [ 80.2348418, 29.3795992 ], [ 80.2345248, 29.3797879 ], [ 80.234233, 29.3811153 ], [ 80.2322604, 29.3817854 ], [ 80.2311026, 29.3829927 ], [ 80.2310604, 29.3835841 ], [ 80.2303174, 29.3844496 ], [ 80.2292626, 29.385179 ], [ 80.2284404, 29.3853091 ], [ 80.2286767, 29.3866811 ], [ 80.2280463, 29.3875767 ], [ 80.2265067, 29.3880731 ], [ 80.2247257, 29.3897954 ], [ 80.2235473, 29.3898252 ], [ 80.2220445, 29.3913308 ], [ 80.2202452, 29.392137 ], [ 80.2197848, 29.3929927 ], [ 80.2191345, 29.3933606 ], [ 80.2190443, 29.393661 ], [ 80.2194886, 29.3940225 ], [ 80.2202445, 29.3936682 ], [ 80.2212336, 29.3940643 ], [ 80.2220802, 29.3937187 ], [ 80.2248541, 29.3938914 ], [ 80.2263716, 29.3964154 ], [ 80.2292, 29.3987166 ], [ 80.2300503, 29.4003317 ], [ 80.2349592, 29.401369 ] ] ] } },
{ "type": "Feature", "properties": { "gp_code": "22771", "gp_name": "BAGOTI", "blkname": "LOHAGHAT", "dtname": "Champawat", "SHAPE_Area": 5519307.534432495 }, "geometry": { "type": "Polygon", "coordinates": [ [ [ 80.2482014, 29.406189 ], [ 80.2532059, 29.4043439 ], [ 80.2533655, 29.4037607 ], [ 80.2532641, 29.4019367 ], [ 80.2524632, 29.4009588 ], [ 80.2513972, 29.4004475 ], [ 80.2508416, 29.3995718 ], [ 80.2491354, 29.3984367 ], [ 80.2485164, 29.3956959 ], [ 80.2530164, 29.395423 ], [ 80.2558071, 29.3957171 ], [ 80.256596, 29.3961075 ], [ 80.259499, 29.3991477 ], [ 80.2586632, 29.3966451 ], [ 80.258505, 29.3923181 ], [ 80.2565586, 29.3883857 ], [ 80.2559848, 29.3889462 ], [ 80.2555188, 29.3901779 ], [ 80.2538556, 29.3892293 ], [ 80.2531329, 29.3899765 ], [ 80.2495123, 29.3899822 ], [ 80.2494283, 29.3895467 ], [ 80.2484724, 29.3893276 ], [ 80.2471263, 29.3882381 ], [ 80.2471359, 29.386832 ], [ 80.2461644, 29.3869746 ], [ 80.244518, 29.3866753 ], [ 80.2435541, 29.385558 ], [ 80.2428574, 29.3852567 ], [ 80.24038, 29.38639 ], [ 80.2399954, 29.3882949 ], [ 80.2393548, 29.3890564 ], [ 80.2394663, 29.3901806 ], [ 80.2378439, 29.3909249 ], [ 80.2357248, 29.3902921 ], [ 80.234918, 29.3903551 ], [ 80.2319276, 29.3929915 ], [ 80.2308819, 29.3947153 ], [ 80.2327832, 29.3974418 ], [ 80.2334432, 29.3997549 ], [ 80.2349592, 29.401369 ], [ 80.2350328, 29.4029234 ], [ 80.2366316, 29.4056148 ], [ 80.2367667, 29.4076902 ], [ 80.2371518, 29.408564 ], [ 80.2391203, 29.4093869 ], [ 80.2406054, 29.4105859 ], [ 80.2425947, 29.4108568 ], [ 80.2452499, 29.4080926 ], [ 80.2482014, 29.406189 ] ] ] } },
{ "type": "Feature", "properties": { "gp_code": "22793", "gp_name": "GURELI", "blkname": "LOHAGHAT", "dtname": "Champawat", "SHAPE_Area": 6072070.3270856561 }, "geometry": { "type": "Polygon", "coordinates": [ [ [ 80.2343049, 29.4126443 ], [ 80.2356461, 29.4124127 ], [ 80.2366837, 29.411678 ], [ 80.2382422, 29.4090968 ], [ 80.2369191, 29.4082023 ], [ 80.2366316, 29.4056148 ], [ 80.2350328, 29.4029234 ], [ 80.2349592, 29.401369 ], [ 80.2300503, 29.4003317 ], [ 80.2292, 29.3987166 ], [ 80.2263716, 29.3964154 ], [ 80.2248541, 29.3938914 ], [ 80.2220802, 29.3937187 ], [ 80.2212336, 29.3940643 ], [ 80.2202445, 29.3936682 ], [ 80.2192061, 29.3939523 ], [ 80.2188958, 29.3928516 ], [ 80.2200598, 29.3901658 ], [ 80.2190545, 29.3896517 ], [ 80.2189233, 29.3888481 ], [ 80.2153994, 29.388777 ], [ 80.2131667, 29.389379 ], [ 80.2128884, 29.3886439 ], [ 80.2119018, 29.3880639 ], [ 80.210653, 29.387834 ], [ 80.2094469, 29.3902645 ], [ 80.2079558, 29.391185 ], [ 80.2080178, 29.3921035 ], [ 80.2102455, 29.3913587 ], [ 80.2119881, 29.3900404 ], [ 80.213129, 29.3907984 ], [ 80.2138773, 29.3918927 ], [ 80.2134138, 29.3921936 ], [ 80.2129293, 29.3919293 ], [ 80.2124656, 29.39208 ], [ 80.2095251, 29.3947336 ], [ 80.2063804, 29.3959477 ], [ 80.2054945, 29.3969822 ], [ 80.2039112, 29.3971521 ], [ 80.202995, 29.3980894 ], [ 80.2026038, 29.3994589 ], [ 80.2017985, 29.4003874 ], [ 80.2017793, 29.400988 ], [ 80.2043439, 29.4025922 ], [ 80.2056084, 29.4040225 ], [ 80.2082914, 29.4040013 ], [ 80.210693, 29.4045988 ], [ 80.2106149, 29.4060651 ], [ 80.2109684, 29.4063605 ], [ 80.211886, 29.4062533 ], [ 80.2140672, 29.4076106 ], [ 80.2199893, 29.408212 ], [ 80.2205947, 29.4061808 ], [ 80.2214597, 29.4047842 ], [ 80.2235278, 29.4050109 ], [ 80.2247118, 29.4070937 ], [ 80.2248557, 29.4085508 ], [ 80.22526, 29.409036 ], [ 80.2303977, 29.4108569 ], [ 80.2330151, 29.4133615 ], [ 80.2336605, 29.4132723 ], [ 80.2343049, 29.4126443 ] ] ] } },
{ "type": "Feature", "properties": { "gp_code": "22794", "gp_name": "JAKH JINDI", "blkname": "LOHAGHAT", "dtname": "Champawat", "SHAPE_Area": 3195902.5513633299 }, "geometry": { "type": "Polygon", "coordinates": [ [ [ 80.2218655, 29.4229467 ], [ 80.2223895, 29.4225751 ], [ 80.2246502, 29.4231195 ], [ 80.2254969, 29.422712 ], [ 80.2270063, 29.4227354 ], [ 80.2268804, 29.4200859 ], [ 80.2271774, 29.4169943 ], [ 80.2252798, 29.4164318 ], [ 80.2235862, 29.4170523 ], [ 80.2218509, 29.4169135 ], [ 80.2198913, 29.41545 ], [ 80.2190804, 29.4132432 ], [ 80.218915, 29.4110176 ], [ 80.2189729, 29.4095867 ], [ 80.2199893, 29.408212 ], [ 80.2140672, 29.4076106 ], [ 80.211886, 29.4062533 ], [ 80.2112102, 29.4062012 ], [ 80.2090673, 29.4095072 ], [ 80.2092509, 29.4106905 ], [ 80.2097854, 29.4106633 ], [ 80.2106741, 29.4112274 ], [ 80.2116423, 29.4111202 ], [ 80.2151507, 29.4100203 ], [ 80.2147091, 29.411328 ], [ 80.21197, 29.4140166 ], [ 80.209584, 29.4153519 ], [ 80.2110675, 29.4192539 ], [ 80.2136113, 29.4209807 ], [ 80.2139922, 29.4219209 ], [ 80.2141807, 29.4235942 ], [ 80.2134451, 29.4298657 ], [ 80.2181302, 29.4308329 ], [ 80.2187228, 29.4306005 ], [ 80.2207557, 29.4278772 ], [ 80.2219248, 29.4270988 ], [ 80.2231448, 29.4267526 ], [ 80.2226357, 29.4248358 ], [ 80.2217255, 29.4236359 ], [ 80.2218655, 29.4229467 ] ] ] } },
{ "type": "Feature", "properties": { "gp_code": "22779", "gp_name": "BUSKUNI", "blkname": "LOHAGHAT", "dtname": "Champawat", "SHAPE_Area": 2442985.4932080321 }, "geometry": { "type": "Polygon", "coordinates": [ [ [ 80.2318158, 29.4186437 ], [ 80.2365669, 29.4159077 ], [ 80.2385679, 29.4151805 ], [ 80.241333, 29.4131759 ], [ 80.2427861, 29.4128636 ], [ 80.2419911, 29.4116771 ], [ 80.2425947, 29.4108568 ], [ 80.2406054, 29.4105859 ], [ 80.239595, 29.4096689 ], [ 80.2382422, 29.4090968 ], [ 80.2366837, 29.411678 ], [ 80.2356461, 29.4124127 ], [ 80.2347079, 29.4124228 ], [ 80.2336605, 29.4132723 ], [ 80.2330151, 29.4133615 ], [ 80.2303977, 29.4108569 ], [ 80.22526, 29.409036 ], [ 80.2248557, 29.4085508 ], [ 80.2247118, 29.4070937 ], [ 80.2235278, 29.4050109 ], [ 80.2219639, 29.4047217 ], [ 80.2211375, 29.4051379 ], [ 80.2199893, 29.408212 ], [ 80.2189729, 29.4095867 ], [ 80.2189578, 29.4124307 ], [ 80.2194054, 29.4145322 ], [ 80.2204976, 29.4160674 ], [ 80.2218509, 29.4169135 ], [ 80.2235862, 29.4170523 ], [ 80.2252798, 29.4164318 ], [ 80.2271774, 29.4169943 ], [ 80.2268804, 29.4200859 ], [ 80.2270063, 29.4227354 ], [ 80.2289511, 29.4214917 ], [ 80.2318158, 29.4186437 ] ] ] } },
{ "type": "Feature", "properties": { "gp_code": "22822", "gp_name": "NIDIL", "blkname": "LOHAGHAT", "dtname": "Champawat", "SHAPE_Area": 7774698.1762432083 }, "geometry": { "type": "Polygon", "coordinates": [ [ [ 80.231882, 29.4469022 ], [ 80.236725, 29.4460998 ], [ 80.2424254, 29.4437867 ], [ 80.2422402, 29.4428758 ], [ 80.2428354, 29.4416517 ], [ 80.244977, 29.4400067 ], [ 80.2473958, 29.4371419 ], [ 80.247634, 29.4355913 ], [ 80.2472728, 29.4316029 ], [ 80.2444128, 29.4249892 ], [ 80.2441382, 29.4236997 ], [ 80.2441545, 29.4201303 ], [ 80.2456734, 29.4176613 ], [ 80.2459838, 29.415829 ], [ 80.2447056, 29.4141285 ], [ 80.2427861, 29.4128636 ], [ 80.241333, 29.4131759 ], [ 80.2385679, 29.4151805 ], [ 80.2365669, 29.4159077 ], [ 80.2346681, 29.4173015 ], [ 80.2330901, 29.4177542 ], [ 80.2284222, 29.421934 ], [ 80.2270063, 29.4227354 ], [ 80.2254969, 29.422712 ], [ 80.2246502, 29.4231195 ], [ 80.2223895, 29.4225751 ], [ 80.2218655, 29.4229467 ], [ 80.2217255, 29.4236359 ], [ 80.2226357, 29.4248358 ], [ 80.2248877, 29.4309542 ], [ 80.2250009, 29.4321463 ], [ 80.2261345, 29.4341406 ], [ 80.2261975, 29.4354742 ], [ 80.2266906, 29.4360887 ], [ 80.2267738, 29.4368993 ], [ 80.2274221, 29.4375213 ], [ 80.2281434, 29.440214 ], [ 80.230208, 29.4427694 ], [ 80.2310955, 29.4433803 ], [ 80.231882, 29.4469022 ] ] ] } },
{ "type": "Feature", "properties": { "gp_code": "22779", "gp_name": "BUSKUNI", "blkname": "LOHAGHAT", "dtname": "Champawat", "SHAPE_Area": 1368849.5125523424 }, "geometry": { "type": "Polygon", "coordinates": [ [ [ 80.2147091, 29.411328 ], [ 80.2151507, 29.4100203 ], [ 80.2116423, 29.4111202 ], [ 80.2106741, 29.4112274 ], [ 80.2097854, 29.4106633 ], [ 80.2092509, 29.4106905 ], [ 80.2090673, 29.4095072 ], [ 80.2108784, 29.4068023 ], [ 80.2109684, 29.4063605 ], [ 80.2104527, 29.4056414 ], [ 80.210693, 29.4045988 ], [ 80.2082914, 29.4040013 ], [ 80.2065565, 29.403986 ], [ 80.2022812, 29.4048923 ], [ 80.1999077, 29.4045971 ], [ 80.2025573, 29.4093036 ], [ 80.2029853, 29.412922 ], [ 80.2038551, 29.4142281 ], [ 80.2046744, 29.4146215 ], [ 80.209584, 29.4153519 ], [ 80.21197, 29.4140166 ], [ 80.2147091, 29.411328 ] ] ] } },
{ "type": "Feature", "properties": { "gp_code": "", "gp_name": "", "blkname": "LOHAGHAT", "dtname": "Champawat", "SHAPE_Area": 2214712.0281272409 }, "geometry": { "type": "Polygon", "coordinates": [ [ [ 80.1964867, 29.404517 ], [ 80.1957455, 29.4045391 ], [ 80.1944832, 29.403857 ], [ 80.1923081, 29.4034465 ], [ 80.1919334, 29.402886 ], [ 80.1911517, 29.4034974 ], [ 80.191045, 29.4045547 ], [ 80.1901928, 29.4052007 ], [ 80.1878476, 29.408489 ], [ 80.1864212, 29.412474 ], [ 80.1850111, 29.4138181 ], [ 80.1831953, 29.4138378 ], [ 80.1808995, 29.4166314 ], [ 80.1802842, 29.4177017 ], [ 80.1799751, 29.4191319 ], [ 80.1816125, 29.4197604 ], [ 80.1855, 29.4203025 ], [ 80.1886642, 29.4180731 ], [ 80.190439, 29.4176471 ], [ 80.1918695, 29.4164265 ], [ 80.192979, 29.4163192 ], [ 80.1943902, 29.4156817 ], [ 80.1958429, 29.4156622 ], [ 80.1970321, 29.4149542 ], [ 80.1973101, 29.4122159 ], [ 80.1968623, 29.4097258 ], [ 80.1973004, 29.4061394 ], [ 80.1964867, 29.404517 ] ] ] } },
{ "type": "Feature", "properties": { "gp_code": "260392", "gp_name": "SILANG TAK", "blkname": "LOHAGHAT", "dtname": "Champawat", "SHAPE_Area": 10489197.749236677 }, "geometry": { "type": "Polygon", "coordinates": [ [ [ 80.1982481, 29.4372067 ], [ 80.1985455, 29.4352498 ], [ 80.2013149, 29.4369733 ], [ 80.2044951, 29.4382411 ], [ 80.2064066, 29.4387638 ], [ 80.2094146, 29.4387558 ], [ 80.2110517, 29.4372365 ], [ 80.2112073, 29.4361284 ], [ 80.2117693, 29.435114 ], [ 80.211502, 29.4322529 ], [ 80.2119071, 29.4307765 ], [ 80.212608, 29.4300171 ], [ 80.2134451, 29.4298657 ], [ 80.2141807, 29.4235942 ], [ 80.2136113, 29.4209807 ], [ 80.2110675, 29.4192539 ], [ 80.209584, 29.4153519 ], [ 80.2046744, 29.4146215 ], [ 80.2038551, 29.4142281 ], [ 80.2029853, 29.412922 ], [ 80.2025573, 29.4093036 ], [ 80.2021912, 29.4084363 ], [ 80.1999077, 29.4045971 ], [ 80.1987753, 29.4044484 ], [ 80.1964867, 29.404517 ], [ 80.1973004, 29.4061394 ], [ 80.1968623, 29.4097258 ], [ 80.1973101, 29.4122159 ], [ 80.1970321, 29.4149542 ], [ 80.1958429, 29.4156622 ], [ 80.1943902, 29.4156817 ], [ 80.192979, 29.4163192 ], [ 80.1918695, 29.4164265 ], [ 80.190439, 29.4176471 ], [ 80.1886642, 29.4180731 ], [ 80.1855, 29.4203025 ], [ 80.1853927, 29.4209543 ], [ 80.1847086, 29.4211373 ], [ 80.1834462, 29.4224672 ], [ 80.1823335, 29.4244741 ], [ 80.1817037, 29.4280889 ], [ 80.1800816, 29.430819 ], [ 80.1804714, 29.4329023 ], [ 80.1814554, 29.4342947 ], [ 80.1809656, 29.4351157 ], [ 80.1824847, 29.4361298 ], [ 80.1840468, 29.4361931 ], [ 80.1844656, 29.4375861 ], [ 80.1863427, 29.43929 ], [ 80.1863591, 29.4402667 ], [ 80.1870301, 29.4412817 ], [ 80.1866156, 29.4426236 ], [ 80.1869977, 29.4433141 ], [ 80.1879561, 29.4432247 ], [ 80.190115, 29.4419487 ], [ 80.1928114, 29.4415578 ], [ 80.1939677, 29.4406836 ], [ 80.1954884, 29.4401952 ], [ 80.1982481, 29.4372067 ] ] ] } },
{ "type": "Feature", "properties": { "gp_code": "22777", "gp_name": "BIBIL", "blkname": "LOHAGHAT", "dtname": "Champawat", "SHAPE_Area": 6726120.1839456428 }, "geometry": { "type": "Polygon", "coordinates": [ [ [ 80.197102, 29.4586687 ], [ 80.2005547, 29.4551608 ], [ 80.2050324, 29.4518327 ], [ 80.2110566, 29.45322 ], [ 80.2130503, 29.4531652 ], [ 80.2182264, 29.4520123 ], [ 80.2194273, 29.4522812 ], [ 80.2188188, 29.4505157 ], [ 80.219119, 29.4490846 ], [ 80.2189163, 29.448608 ], [ 80.2181089, 29.4476763 ], [ 80.2177018, 29.4465607 ], [ 80.2161704, 29.4458153 ], [ 80.2141819, 29.445853 ], [ 80.2121888, 29.4443602 ], [ 80.2112684, 29.4430279 ], [ 80.2105688, 29.4411123 ], [ 80.2094362, 29.4399042 ], [ 80.2094146, 29.4387558 ], [ 80.2064066, 29.4387638 ], [ 80.2044951, 29.4382411 ], [ 80.2013149, 29.4369733 ], [ 80.1983821, 29.4352412 ], [ 80.1982481, 29.4372067 ], [ 80.1954884, 29.4401952 ], [ 80.1939677, 29.4406836 ], [ 80.1928114, 29.4415578 ], [ 80.190115, 29.4419487 ], [ 80.1879561, 29.4432247 ], [ 80.1869977, 29.4433141 ], [ 80.1870369, 29.4457486 ], [ 80.1868744, 29.4465432 ], [ 80.1857607, 29.4479639 ], [ 80.1859869, 29.4499432 ], [ 80.1853392, 29.4508669 ], [ 80.184853, 29.45248 ], [ 80.185099, 29.4532129 ], [ 80.1846685, 29.4538385 ], [ 80.1836273, 29.4541001 ], [ 80.1836582, 29.4548945 ], [ 80.1824988, 29.4557163 ], [ 80.1825147, 29.4563804 ], [ 80.1839449, 29.4574987 ], [ 80.1882082, 29.457624 ], [ 80.1933652, 29.4588894 ], [ 80.1957994, 29.4590995 ], [ 80.197102, 29.4586687 ] ] ] } },
{ "type": "Feature", "properties": { "gp_code": "22799", "gp_name": "KHAIKOT MALLA", "blkname": "LOHAGHAT", "dtname": "Champawat", "SHAPE_Area": 4529212.5239190608 }, "geometry": { "type": "Polygon", "coordinates": [ [ [ 80.231882, 29.4469022 ], [ 80.2313485, 29.4437951 ], [ 80.2281434, 29.440214 ], [ 80.2274221, 29.4375213 ], [ 80.2267738, 29.4368993 ], [ 80.2266906, 29.4360887 ], [ 80.2261975, 29.4354742 ], [ 80.2261345, 29.4341406 ], [ 80.2250009, 29.4321463 ], [ 80.2244768, 29.4297234 ], [ 80.2231448, 29.4267526 ], [ 80.2219248, 29.4270988 ], [ 80.2207557, 29.4278772 ], [ 80.2184407, 29.4308129 ], [ 80.2134451, 29.4298657 ], [ 80.2121748, 29.4303886 ], [ 80.211502, 29.4322529 ], [ 80.2117693, 29.435114 ], [ 80.2112073, 29.4361284 ], [ 80.2110517, 29.4372365 ], [ 80.2094146, 29.4387558 ], [ 80.2094362, 29.4399042 ], [ 80.2105688, 29.4411123 ], [ 80.2115518, 29.4435574 ], [ 80.2128761, 29.445057 ], [ 80.2141819, 29.445853 ], [ 80.2161704, 29.4458153 ], [ 80.2177018, 29.4465607 ], [ 80.219119, 29.4490846 ], [ 80.2188188, 29.4505157 ], [ 80.2194273, 29.4522812 ], [ 80.2217599, 29.4503881 ], [ 80.2229541, 29.4497919 ], [ 80.2282785, 29.4485116 ], [ 80.231882, 29.4469022 ] ] ] } },
{ "type": "Feature", "properties": { "gp_code": "", "gp_name": "", "blkname": "LOHAGHAT", "dtname": "Champawat", "SHAPE_Area": 785039.605094734 }, "geometry": { "type": "Polygon", "coordinates": [ [ [ 80.2600954, 29.3999198 ], [ 80.256596, 29.3961075 ], [ 80.2558071, 29.3957171 ], [ 80.2530164, 29.395423 ], [ 80.2485164, 29.3956959 ], [ 80.2491354, 29.3984367 ], [ 80.2508416, 29.3995718 ], [ 80.2513972, 29.4004475 ], [ 80.2524632, 29.4009588 ], [ 80.2532641, 29.4019367 ], [ 80.2532059, 29.4043439 ], [ 80.2563411, 29.4024268 ], [ 80.2569619, 29.4015748 ], [ 80.2600954, 29.3999198 ] ] ] } },
{ "type": "Feature", "properties": { "gp_code": "22787", "gp_name": "DUNGARA LETI", "blkname": "LOHAGHAT", "dtname": "Champawat", "SHAPE_Area": 7547960.5636728862 }, "geometry": { "type": "Polygon", "coordinates": [ [ [ 80.2719913, 29.3699038 ], [ 80.2712955, 29.3701238 ], [ 80.2701212, 29.3698886 ], [ 80.2676372, 29.3683321 ], [ 80.266712, 29.3683595 ], [ 80.2661335, 29.3694038 ], [ 80.2652384, 29.3696812 ], [ 80.2646205, 29.3707428 ], [ 80.2635484, 29.3711325 ], [ 80.2630379, 29.3718058 ], [ 80.2612372, 29.3721192 ], [ 80.2598484, 29.374027 ], [ 80.2567835, 29.3744499 ], [ 80.2555519, 29.3753493 ], [ 80.2545549, 29.3772535 ], [ 80.2544968, 29.3800328 ], [ 80.250941, 29.3803928 ], [ 80.2499889, 29.3834532 ], [ 80.2480959, 29.3861301 ], [ 80.2471355, 29.3866159 ], [ 80.2471263, 29.3882381 ], [ 80.2484724, 29.3893276 ], [ 80.2494283, 29.3895467 ], [ 80.2495123, 29.3899822 ], [ 80.2531329, 29.3899765 ], [ 80.2538556, 29.3892293 ], [ 80.2555188, 29.3901779 ], [ 80.2559848, 29.3889462 ], [ 80.2565586, 29.3883857 ], [ 80.258505, 29.3923181 ], [ 80.2586632, 29.3966451 ], [ 80.2590926, 29.3982671 ], [ 80.2600954, 29.3999198 ], [ 80.262892, 29.3980046 ], [ 80.264805, 29.3971106 ], [ 80.2673363, 29.3961813 ], [ 80.27174, 29.3951721 ], [ 80.2747388, 29.3933805 ], [ 80.275822, 29.3919523 ], [ 80.2757928, 29.3909398 ], [ 80.2738811, 29.3886592 ], [ 80.2731558, 29.3872392 ], [ 80.2730897, 29.3862076 ], [ 80.273642, 29.3848036 ], [ 80.2747988, 29.3831865 ], [ 80.2786737, 29.3802478 ], [ 80.2791589, 29.3788395 ], [ 80.2784089, 29.3780494 ], [ 80.2733063, 29.3754174 ], [ 80.2715805, 29.3737804 ], [ 80.2713172, 29.3715653 ], [ 80.2719913, 29.3699038 ] ] ] } },
{ "type": "Feature", "properties": { "gp_code": "", "gp_name": "", "blkname": "CHAMPAWAT", "dtname": "Champawat", "SHAPE_Area": 6914463.392678923 }, "geometry": { "type": "Polygon", "coordinates": [ [ [ 80.3150762, 29.2970657 ], [ 80.3110126, 29.2908983 ], [ 80.309547, 29.2900828 ], [ 80.3085213, 29.2931745 ], [ 80.3068656, 29.2948661 ], [ 80.304868, 29.2960357 ], [ 80.3027254, 29.2988474 ], [ 80.302707, 29.3000041 ], [ 80.3013298, 29.3025438 ], [ 80.2989718, 29.304395 ], [ 80.29693, 29.3049585 ], [ 80.2963593, 29.3066011 ], [ 80.2966386, 29.3077012 ], [ 80.2958341, 29.3094563 ], [ 80.2957936, 29.3103331 ], [ 80.2966713, 29.3124394 ], [ 80.2966973, 29.3143608 ], [ 80.2971054, 29.3159084 ], [ 80.2957162, 29.3180002 ], [ 80.2966334, 29.31881 ], [ 80.295946, 29.3206488 ], [ 80.2965108, 29.3209555 ], [ 80.2979024, 29.3198244 ], [ 80.2991902, 29.319822 ], [ 80.2995427, 29.3203623 ], [ 80.299537, 29.3224236 ], [ 80.3002866, 29.3238189 ], [ 80.3023763, 29.3233489 ], [ 80.3080986, 29.3229319 ], [ 80.3091936, 29.3225265 ], [ 80.3114998, 29.3206667 ], [ 80.3134256, 29.3180512 ], [ 80.316881, 29.3152491 ], [ 80.3169197, 29.313615 ], [ 80.3159984, 29.3084388 ], [ 80.3181495, 29.3045508 ], [ 80.3185156, 29.3030096 ], [ 80.3181572, 29.3018899 ], [ 80.3166845, 29.300229 ], [ 80.3150762, 29.2970657 ] ] ] } },
{ "type": "Feature", "properties": { "gp_code": "260410", "gp_name": "OKHLANJ", "blkname": "BARAKOT", "dtname": "Champawat", "SHAPE_Area": 2889729.8598343534 }, "geometry": { "type": "Polygon", "coordinates": [ [ [ 80.0625471, 29.4996368 ], [ 80.0510093, 29.4994864 ], [ 80.0457695, 29.4973355 ], [ 80.0451724, 29.4977166 ], [ 80.0436512, 29.4998697 ], [ 80.0419485, 29.5001272 ], [ 80.0427489, 29.5012912 ], [ 80.0408394, 29.50517 ], [ 80.0397316, 29.5082568 ], [ 80.0432957, 29.5086257 ], [ 80.0451889, 29.5096824 ], [ 80.0466016, 29.5100641 ], [ 80.0517857, 29.5108904 ], [ 80.052747, 29.5115141 ], [ 80.0535775, 29.5126856 ], [ 80.0553065, 29.5129495 ], [ 80.0558968, 29.5127221 ], [ 80.0558961, 29.5111726 ], [ 80.0613766, 29.5006741 ], [ 80.0625471, 29.4996368 ] ] ] } },
{ "type": "Feature", "properties": { "gp_code": "22656", "gp_name": "KOTHERA", "blkname": "BARAKOT", "dtname": "Champawat", "SHAPE_Area": 1796059.9893313299 }, "geometry": { "type": "Polygon", "coordinates": [ [ [ 80.0610947, 29.5144154 ], [ 80.0622204, 29.5125071 ], [ 80.0640835, 29.5114644 ], [ 80.0668126, 29.507551 ], [ 80.067768, 29.5070233 ], [ 80.0706048, 29.5072731 ], [ 80.0710099, 29.5075926 ], [ 80.0713752, 29.5072383 ], [ 80.0718175, 29.5038758 ], [ 80.0721461, 29.503332 ], [ 80.0717629, 29.5028199 ], [ 80.065989, 29.5001674 ], [ 80.0625471, 29.4996368 ], [ 80.0613766, 29.5006741 ], [ 80.0558961, 29.5111726 ], [ 80.0558968, 29.5127221 ], [ 80.0553065, 29.5129495 ], [ 80.0570431, 29.5125953 ], [ 80.0588198, 29.5129258 ], [ 80.0610947, 29.5144154 ] ] ] } },
{ "type": "Feature", "properties": { "gp_code": "22660", "gp_name": "MIRTOLI", "blkname": "BARAKOT", "dtname": "Champawat", "SHAPE_Area": 647810.69891013752 }, "geometry": { "type": "Polygon", "coordinates": [ [ [ 80.0846113, 29.5111329 ], [ 80.0873398, 29.5090488 ], [ 80.0898323, 29.5089639 ], [ 80.0899963, 29.5083552 ], [ 80.0894522, 29.5071986 ], [ 80.0896403, 29.5060003 ], [ 80.0930059, 29.5060809 ], [ 80.0940563, 29.5054916 ], [ 80.0941467, 29.505037 ], [ 80.0934179, 29.5045209 ], [ 80.0886418, 29.5031987 ], [ 80.0861654, 29.501612 ], [ 80.0856967, 29.5016665 ], [ 80.0843599, 29.5032554 ], [ 80.0842069, 29.5039579 ], [ 80.0852818, 29.5064205 ], [ 80.0850711, 29.5071597 ], [ 80.0844433, 29.5076876 ], [ 80.0838804, 29.5102076 ], [ 80.0842235, 29.510982 ], [ 80.0846113, 29.5111329 ] ] ] } },
{ "type": "Feature", "properties": { "gp_code": "", "gp_name": "", "blkname": "BARAKOT", "dtname": "Champawat", "SHAPE_Area": 16206161.660829367 }, "geometry": { "type": "Polygon", "coordinates": [ [ [ 80.0872425, 29.5214074 ], [ 80.0920029, 29.5193541 ], [ 80.0937063, 29.5194383 ], [ 80.0943616, 29.5184963 ], [ 80.0954713, 29.5179172 ], [ 80.0984544, 29.5185906 ], [ 80.1011965, 29.5174304 ], [ 80.1045643, 29.5172091 ], [ 80.1092021, 29.5160348 ], [ 80.1103998, 29.5143097 ], [ 80.1122696, 29.5148119 ], [ 80.1164947, 29.5132235 ], [ 80.1238992, 29.5098184 ], [ 80.1275806, 29.507421 ], [ 80.1291077, 29.5056493 ], [ 80.1298197, 29.5042859 ], [ 80.1300661, 29.5032285 ], [ 80.1297735, 29.5018532 ], [ 80.1259723, 29.5025464 ], [ 80.1227797, 29.5020769 ], [ 80.1212474, 29.5012367 ], [ 80.1207023, 29.5013416 ], [ 80.1166523, 29.5040596 ], [ 80.1139973, 29.5053655 ], [ 80.1125533, 29.5058084 ], [ 80.110966, 29.5054108 ], [ 80.1107685, 29.5057338 ], [ 80.1099335, 29.5056817 ], [ 80.1096142, 29.5044048 ], [ 80.1102132, 29.5025295 ], [ 80.111682, 29.5006798 ], [ 80.1130805, 29.5001224 ], [ 80.1126067, 29.4998915 ], [ 80.110296, 29.4969403 ], [ 80.1086416, 29.4976004 ], [ 80.1056047, 29.4972097 ], [ 80.1040555, 29.4985904 ], [ 80.1025014, 29.4991919 ], [ 80.100503, 29.4994227 ], [ 80.095114, 29.4965943 ], [ 80.0812406, 29.4960074 ], [ 80.0802102, 29.4950012 ], [ 80.0784723, 29.4922998 ], [ 80.0770991, 29.4914925 ], [ 80.0761388, 29.4931285 ], [ 80.0733371, 29.4964483 ], [ 80.0722461, 29.4950359 ], [ 80.0628608, 29.4934157 ], [ 80.060738, 29.493354 ], [ 80.0600596, 29.4936716 ], [ 80.0609005, 29.4953674 ], [ 80.061023, 29.4982019 ], [ 80.0625471, 29.4996368 ], [ 80.066481, 29.5003123 ], [ 80.0711805, 29.5024807 ], [ 80.0721461, 29.503332 ], [ 80.0718175, 29.5038758 ], [ 80.0713752, 29.5072383 ], [ 80.0710099, 29.5075926 ], [ 80.0706048, 29.5072731 ], [ 80.067768, 29.5070233 ], [ 80.0668126, 29.507551 ], [ 80.0640835, 29.5114644 ], [ 80.0622204, 29.5125071 ], [ 80.0610947, 29.5144154 ], [ 80.0625924, 29.5153316 ], [ 80.0690155, 29.5176216 ], [ 80.0750595, 29.5190454 ], [ 80.0779149, 29.5209163 ], [ 80.0813741, 29.5218181 ], [ 80.0872425, 29.5214074 ] ], [ [ 80.0844433, 29.5076876 ], [ 80.0850711, 29.5071597 ], [ 80.0852818, 29.5064205 ], [ 80.0842069, 29.5039579 ], [ 80.0843599, 29.5032554 ], [ 80.0856967, 29.5016665 ], [ 80.0861654, 29.501612 ], [ 80.0886418, 29.5031987 ], [ 80.0934179, 29.5045209 ], [ 80.0941467, 29.505037 ], [ 80.0940563, 29.5054916 ], [ 80.0930059, 29.5060809 ], [ 80.0896403, 29.5060003 ], [ 80.0894522, 29.5071986 ], [ 80.0899963, 29.5083552 ], [ 80.0898323, 29.5089639 ], [ 80.0873398, 29.5090488 ], [ 80.0870921, 29.5095034 ], [ 80.0846113, 29.5111329 ], [ 80.0839617, 29.5106899 ], [ 80.0838804, 29.5102076 ], [ 80.0844433, 29.5076876 ] ] ] } },
{ "type": "Feature", "properties": { "gp_code": "22636", "gp_name": "BAUTARIMAY GUNTH", "blkname": "BARAKOT", "dtname": "Champawat", "SHAPE_Area": 1033354.1618358585 }, "geometry": { "type": "Polygon", "coordinates": [ [ [ 80.1089683, 29.5198148 ], [ 80.1098402, 29.5177763 ], [ 80.1122696, 29.5148119 ], [ 80.1103998, 29.5143097 ], [ 80.1092021, 29.5160348 ], [ 80.1045643, 29.5172091 ], [ 80.1011965, 29.5174304 ], [ 80.0984544, 29.5185906 ], [ 80.0954713, 29.5179172 ], [ 80.0943616, 29.5184963 ], [ 80.0937063, 29.5194383 ], [ 80.0953235, 29.5198362 ], [ 80.1008161, 29.5229787 ], [ 80.1043189, 29.5235505 ], [ 80.1070337, 29.5221978 ], [ 80.1089683, 29.5198148 ] ] ] } },
{ "type": "Feature", "properties": { "gp_code": "", "gp_name": "", "blkname": "BARAKOT", "dtname": "Champawat", "SHAPE_Area": 292002.82769667124 }, "geometry": { "type": "Polygon", "coordinates": [ [ [ 80.1475276, 29.4801926 ], [ 80.1489741, 29.4775886 ], [ 80.1431568, 29.4810885 ], [ 80.1378442, 29.485332 ], [ 80.139845, 29.487379 ], [ 80.1413511, 29.4839511 ], [ 80.1423321, 29.4828824 ], [ 80.1443557, 29.4824379 ], [ 80.1475276, 29.4801926 ] ] ] } },
{ "type": "Feature", "properties": { "gp_code": "22640", "gp_name": "CHHANDA", "blkname": "BARAKOT", "dtname": "Champawat", "SHAPE_Area": 461531.31970540009 }, "geometry": { "type": "Polygon", "coordinates": [ [ [ 80.1342774, 29.4725655 ], [ 80.1331673, 29.4726193 ], [ 80.1326641, 29.4738561 ], [ 80.1315344, 29.4745282 ], [ 80.1309297, 29.4754118 ], [ 80.1301941, 29.4772258 ], [ 80.1302266, 29.4784679 ], [ 80.1308133, 29.4798098 ], [ 80.1320253, 29.4805506 ], [ 80.1339632, 29.4805842 ], [ 80.134586, 29.4778638 ], [ 80.1363184, 29.4746832 ], [ 80.1363376, 29.4737648 ], [ 80.135893, 29.4732883 ], [ 80.1342774, 29.4725655 ] ] ] } },
{ "type": "Feature", "properties": { "gp_code": "22672", "gp_name": "SUTERA", "blkname": "BARAKOT", "dtname": "Champawat", "SHAPE_Area": 7915395.6193228699 }, "geometry": { "type": "Polygon", "coordinates": [ [ [ 80.149875, 29.4712172 ], [ 80.1513875, 29.4715037 ], [ 80.1537881, 29.4692836 ], [ 80.1574166, 29.466835 ], [ 80.1584242, 29.4655977 ], [ 80.1526772, 29.4613216 ], [ 80.1517646, 29.4600261 ], [ 80.1478941, 29.4571918 ], [ 80.1482872, 29.4549864 ], [ 80.1481659, 29.4532154 ], [ 80.1497195, 29.4506215 ], [ 80.1500611, 29.4493318 ], [ 80.1498556, 29.4463999 ], [ 80.1521067, 29.4432399 ], [ 80.1526124, 29.4399679 ], [ 80.1519759, 29.4393304 ], [ 80.1488266, 29.4381676 ], [ 80.1450689, 29.4343911 ], [ 80.1426881, 29.4346052 ], [ 80.1399861, 29.4362679 ], [ 80.1374581, 29.444474 ], [ 80.1349781, 29.4485121 ], [ 80.1334762, 29.45272 ], [ 80.1333091, 29.4537769 ], [ 80.1342421, 29.4564573 ], [ 80.1341088, 29.4591664 ], [ 80.1351185, 29.4595895 ], [ 80.1411715, 29.4638384 ], [ 80.141636, 29.4645677 ], [ 80.1419988, 29.472911 ], [ 80.1431568, 29.4810885 ], [ 80.1489741, 29.4775886 ], [ 80.1492585, 29.4753494 ], [ 80.1491062, 29.4724325 ], [ 80.149875, 29.4712172 ] ] ] } },
{ "type": "Feature", "properties": { "gp_code": "22633", "gp_name": "BALSAUN", "blkname": "BARAKOT", "dtname": "Champawat", "SHAPE_Area": 5886092.5352492779 }, "geometry": { "type": "Polygon", "coordinates": [ [ [ 80.1375926, 29.470546 ], [ 80.1388216, 29.468188 ], [ 80.1400011, 29.4671537 ], [ 80.1417464, 29.4666488 ], [ 80.141636, 29.4645677 ], [ 80.1411715, 29.4638384 ], [ 80.1351185, 29.4595895 ], [ 80.1341088, 29.4591664 ], [ 80.1342421, 29.4564573 ], [ 80.1333091, 29.4537769 ], [ 80.1334762, 29.45272 ], [ 80.1349781, 29.4485121 ], [ 80.1374581, 29.444474 ], [ 80.1399861, 29.4362679 ], [ 80.1426881, 29.4346052 ], [ 80.1450689, 29.4343911 ], [ 80.1392928, 29.4298744 ], [ 80.1361433, 29.4281813 ], [ 80.1274327, 29.4313122 ], [ 80.1253512, 29.4325251 ], [ 80.1242775, 29.4327603 ], [ 80.1228457, 29.4325329 ], [ 80.1232118, 29.4353588 ], [ 80.1227852, 29.4374743 ], [ 80.128389, 29.4367766 ], [ 80.1297519, 29.4376234 ], [ 80.1307117, 29.4388149 ], [ 80.1312686, 29.4406426 ], [ 80.1317267, 29.4444486 ], [ 80.130176, 29.4474084 ], [ 80.1304614, 29.4501283 ], [ 80.1301308, 29.4507733 ], [ 80.1243356, 29.454211 ], [ 80.1244797, 29.4552671 ], [ 80.1254641, 29.4575323 ], [ 80.1236769, 29.4589693 ], [ 80.1240427, 29.4598135 ], [ 80.1251775, 29.4613757 ], [ 80.1277661, 29.4638894 ], [ 80.1281379, 29.4650505 ], [ 80.1293106, 29.4664528 ], [ 80.1297268, 29.4704901 ], [ 80.1310731, 29.4701549 ], [ 80.1364352, 29.4709778 ], [ 80.1375926, 29.470546 ] ] ] } },
{ "type": "Feature", "properties": { "gp_code": "22639", "gp_name": "CHAMRAULI", "blkname": "BARAKOT", "dtname": "Champawat", "SHAPE_Area": 4326078.6669883151 }, "geometry": { "type": "Polygon", "coordinates": [ [ [ 80.1742932, 29.4528212 ], [ 80.1756547, 29.4525558 ], [ 80.1796921, 29.453565 ], [ 80.1807033, 29.4527038 ], [ 80.1815063, 29.4510949 ], [ 80.182146, 29.4507409 ], [ 80.1853392, 29.4508669 ], [ 80.1859869, 29.4499432 ], [ 80.1857607, 29.4479639 ], [ 80.1868744, 29.4465432 ], [ 80.1868985, 29.4460513 ], [ 80.1846433, 29.4443766 ], [ 80.1826044, 29.4434088 ], [ 80.1783654, 29.4430589 ], [ 80.1752819, 29.4415322 ], [ 80.1722462, 29.4418436 ], [ 80.1708565, 29.4414775 ], [ 80.1697453, 29.4405248 ], [ 80.1694838, 29.4411433 ], [ 80.1683748, 29.4418157 ], [ 80.1681821, 29.442367 ], [ 80.1723756, 29.4455958 ], [ 80.1723763, 29.4462552 ], [ 80.171945, 29.4467961 ], [ 80.1712273, 29.4469968 ], [ 80.170137, 29.4465564 ], [ 80.1617158, 29.4419549 ], [ 80.1570703, 29.4386742 ], [ 80.1559381, 29.4369796 ], [ 80.155693, 29.4346306 ], [ 80.1569618, 29.4309567 ], [ 80.157443, 29.4303013 ], [ 80.1544259, 29.4298252 ], [ 80.1537809, 29.430391 ], [ 80.1537425, 29.4319808 ], [ 80.1532599, 29.433253 ], [ 80.1493082, 29.4359416 ], [ 80.1482202, 29.4372851 ], [ 80.1488266, 29.4381676 ], [ 80.1519759, 29.4393304 ], [ 80.1540074, 29.4420685 ], [ 80.1580282, 29.4460919 ], [ 80.1654593, 29.4496876 ], [ 80.1679043, 29.4519106 ], [ 80.1690979, 29.4540289 ], [ 80.1725101, 29.4551027 ], [ 80.1731817, 29.4548902 ], [ 80.1742932, 29.4528212 ] ] ] } },
{ "type": "Feature", "properties": { "gp_code": "22669", "gp_name": "SEEL", "blkname": "BARAKOT", "dtname": "Champawat", "SHAPE_Area": 5259053.2993539544 }, "geometry": { "type": "Polygon", "coordinates": [ [ [ 80.1761667, 29.4655814 ], [ 80.1802734, 29.4652903 ], [ 80.1820462, 29.4645229 ], [ 80.1822009, 29.4606 ], [ 80.1826443, 29.458542 ], [ 80.1834552, 29.4574843 ], [ 80.1839449, 29.4574987 ], [ 80.1825147, 29.4563804 ], [ 80.1824988, 29.4557163 ], [ 80.1836582, 29.4548945 ], [ 80.1836273, 29.4541001 ], [ 80.1846685, 29.4538385 ], [ 80.185099, 29.4532129 ], [ 80.184853, 29.45248 ], [ 80.1853392, 29.4508669 ], [ 80.182146, 29.4507409 ], [ 80.1815063, 29.4510949 ], [ 80.1807033, 29.4527038 ], [ 80.1796921, 29.453565 ], [ 80.1756547, 29.4525558 ], [ 80.1742932, 29.4528212 ], [ 80.1731817, 29.4548902 ], [ 80.171798, 29.4550545 ], [ 80.1690979, 29.4540289 ], [ 80.1679043, 29.4519106 ], [ 80.1654593, 29.4496876 ], [ 80.1580282, 29.4460919 ], [ 80.1540074, 29.4420685 ], [ 80.1526124, 29.4399679 ], [ 80.1521067, 29.4432399 ], [ 80.1498556, 29.4463999 ], [ 80.1500611, 29.4493318 ], [ 80.1497195, 29.4506215 ], [ 80.1481659, 29.4532154 ], [ 80.1482872, 29.4549864 ], [ 80.1478941, 29.4571918 ], [ 80.1517646, 29.4600261 ], [ 80.1526772, 29.4613216 ], [ 80.154073, 29.4622924 ], [ 80.1557231, 29.4613624 ], [ 80.1583307, 29.4615641 ], [ 80.1598032, 29.4609268 ], [ 80.1594787, 29.4596731 ], [ 80.1576162, 29.4569323 ], [ 80.1578904, 29.4556817 ], [ 80.1601532, 29.4560616 ], [ 80.1615422, 29.4555581 ], [ 80.1615731, 29.4544492 ], [ 80.1628624, 29.4544769 ], [ 80.1662213, 29.4537767 ], [ 80.169262, 29.4552339 ], [ 80.1701342, 29.4562028 ], [ 80.1701216, 29.4600029 ], [ 80.171682, 29.4618948 ], [ 80.1720566, 29.4627952 ], [ 80.1720592, 29.4646498 ], [ 80.1761667, 29.4655814 ] ] ] } },
{ "type": "Feature", "properties": { "gp_code": "22668", "gp_name": "SALAN", "blkname": "BARAKOT", "dtname": "Champawat", "SHAPE_Area": 2982532.1419345411 }, "geometry": { "type": "Polygon", "coordinates": [ [ [ 80.1669215, 29.4648585 ], [ 80.1705121, 29.4642363 ], [ 80.1720592, 29.4646498 ], [ 80.1720566, 29.4627952 ], [ 80.171682, 29.4618948 ], [ 80.1701216, 29.4600029 ], [ 80.1701342, 29.4562028 ], [ 80.1698262, 29.45563 ], [ 80.1662213, 29.4537767 ], [ 80.1628624, 29.4544769 ], [ 80.1615731, 29.4544492 ], [ 80.1615422, 29.4555581 ], [ 80.1601532, 29.4560616 ], [ 80.1578904, 29.4556817 ], [ 80.1576162, 29.4569323 ], [ 80.1594787, 29.4596731 ], [ 80.1598032, 29.4609268 ], [ 80.1576042, 29.4616532 ], [ 80.1557231, 29.4613624 ], [ 80.154073, 29.4622924 ], [ 80.1584242, 29.4655977 ], [ 80.1574166, 29.466835 ], [ 80.1537881, 29.4692836 ], [ 80.1513875, 29.4715037 ], [ 80.1544636, 29.4723754 ], [ 80.1599582, 29.4747661 ], [ 80.1620413, 29.4744515 ], [ 80.1626952, 29.4737736 ], [ 80.163147, 29.4724363 ], [ 80.1616793, 29.4708056 ], [ 80.1615626, 29.4693567 ], [ 80.1618805, 29.4687012 ], [ 80.164563, 29.4683024 ], [ 80.1656336, 29.4676241 ], [ 80.1664045, 29.4654876 ], [ 80.1669215, 29.4648585 ] ] ] } },
{ "type": "Feature", "properties": { "gp_code": "22664", "gp_name": "PUNYAL", "blkname": "BARAKOT", "dtname": "Champawat", "SHAPE_Area": 3787771.1746643852 }, "geometry": { "type": "Polygon", "coordinates": [ [ [ 80.1869977, 29.4433141 ], [ 80.1866156, 29.4426236 ], [ 80.1870301, 29.4412817 ], [ 80.1863591, 29.4402667 ], [ 80.1863427, 29.43929 ], [ 80.1844656, 29.4375861 ], [ 80.1840468, 29.4361931 ], [ 80.1824847, 29.4361298 ], [ 80.1809656, 29.4351157 ], [ 80.1814554, 29.4342947 ], [ 80.1804714, 29.4329023 ], [ 80.1800816, 29.430819 ], [ 80.1817037, 29.4280889 ], [ 80.1823335, 29.4244741 ], [ 80.1834462, 29.4224672 ], [ 80.1847086, 29.4211373 ], [ 80.1853927, 29.4209543 ], [ 80.1855, 29.4203025 ], [ 80.1816125, 29.4197604 ], [ 80.177118, 29.4183068 ], [ 80.175794, 29.4183082 ], [ 80.1724756, 29.4174002 ], [ 80.1698732, 29.4180021 ], [ 80.1675942, 29.4157253 ], [ 80.1636667, 29.4154168 ], [ 80.1615909, 29.4160576 ], [ 80.1634587, 29.4171977 ], [ 80.166765, 29.4185009 ], [ 80.1705964, 29.4213325 ], [ 80.1723276, 29.4236258 ], [ 80.1744454, 29.425179 ], [ 80.1745512, 29.4286434 ], [ 80.1736776, 29.4323133 ], [ 80.1744638, 29.4381705 ], [ 80.1733551, 29.440161 ], [ 80.1697453, 29.4405248 ], [ 80.1699752, 29.4408995 ], [ 80.1722462, 29.4418436 ], [ 80.1752819, 29.4415322 ], [ 80.1783654, 29.4430589 ], [ 80.1826044, 29.4434088 ], [ 80.1846433, 29.4443766 ], [ 80.1868985, 29.4460513 ], [ 80.1869977, 29.4433141 ] ] ] } },
{ "type": "Feature", "properties": { "gp_code": "22659", "gp_name": "MAU", "blkname": "BARAKOT", "dtname": "Champawat", "SHAPE_Area": 4350529.2873749258 }, "geometry": { "type": "Polygon", "coordinates": [ [ [ 80.1694838, 29.4411433 ], [ 80.1697453, 29.4405248 ], [ 80.1733551, 29.440161 ], [ 80.1744638, 29.4381705 ], [ 80.1736776, 29.4323133 ], [ 80.1745512, 29.4286434 ], [ 80.1744454, 29.425179 ], [ 80.1723276, 29.4236258 ], [ 80.1708492, 29.4217031 ], [ 80.1696589, 29.4218456 ], [ 80.1669978, 29.4234029 ], [ 80.1652028, 29.423917 ], [ 80.1646051, 29.4243068 ], [ 80.1641776, 29.4254114 ], [ 80.1613892, 29.4264562 ], [ 80.1600008, 29.4266601 ], [ 80.159013, 29.4275383 ], [ 80.1586336, 29.42868 ], [ 80.1569618, 29.4309567 ], [ 80.155693, 29.4346306 ], [ 80.1559381, 29.4369796 ], [ 80.1570703, 29.4386742 ], [ 80.1578177, 29.4392564 ], [ 80.1617158, 29.4419549 ], [ 80.170137, 29.4465564 ], [ 80.1712273, 29.4469968 ], [ 80.171945, 29.4467961 ], [ 80.1723763, 29.4462552 ], [ 80.1723756, 29.4455958 ], [ 80.1681821, 29.442367 ], [ 80.1683748, 29.4418157 ], [ 80.1694838, 29.4411433 ] ] ] } },
{ "type": "Feature", "properties": { "gp_code": "22652", "gp_name": "KAKRI", "blkname": "BARAKOT", "dtname": "Champawat", "SHAPE_Area": 1519979.1538799249 }, "geometry": { "type": "Polygon", "coordinates": [ [ [ 80.1634587, 29.4171977 ], [ 80.1614257, 29.416013 ], [ 80.1604223, 29.4141307 ], [ 80.1597678, 29.4141313 ], [ 80.1586553, 29.4165549 ], [ 80.1579119, 29.4168161 ], [ 80.1569109, 29.4165285 ], [ 80.1545428, 29.4184651 ], [ 80.1547666, 29.4200193 ], [ 80.1558465, 29.4214925 ], [ 80.1566885, 29.4240625 ], [ 80.1584358, 29.4257211 ], [ 80.1600008, 29.4266601 ], [ 80.1613892, 29.4264562 ], [ 80.1641776, 29.4254114 ], [ 80.1646051, 29.4243068 ], [ 80.1652028, 29.423917 ], [ 80.1669978, 29.4234029 ], [ 80.1696589, 29.4218456 ], [ 80.1708492, 29.4217031 ], [ 80.166765, 29.4185009 ], [ 80.1634587, 29.4171977 ] ] ] } },
{ "type": "Feature", "properties": { "gp_code": "22817", "gp_name": "MORA", "blkname": "LOHAGHAT", "dtname": "Champawat", "SHAPE_Area": 2072396.8531625879 }, "geometry": { "type": "Polygon", "coordinates": [ [ [ 80.1750911, 29.4181039 ], [ 80.1765714, 29.416283 ], [ 80.1805736, 29.4145297 ], [ 80.1831953, 29.4138378 ], [ 80.1850111, 29.4138181 ], [ 80.1856458, 29.4133404 ], [ 80.1864212, 29.412474 ], [ 80.187838, 29.4088158 ], [ 80.1869169, 29.407544 ], [ 80.1868753, 29.4066962 ], [ 80.185564, 29.406733 ], [ 80.1849579, 29.4061684 ], [ 80.1843936, 29.4065048 ], [ 80.1837093, 29.4076007 ], [ 80.181855, 29.408751 ], [ 80.1807242, 29.408028 ], [ 80.1793521, 29.4078529 ], [ 80.1786665, 29.408101 ], [ 80.1784259, 29.4100941 ], [ 80.1762197, 29.4101892 ], [ 80.1746084, 29.4108302 ], [ 80.174099, 29.4107275 ], [ 80.1727789, 29.4094245 ], [ 80.1723051, 29.4096105 ], [ 80.1713791, 29.4110158 ], [ 80.1701285, 29.4111938 ], [ 80.1685039, 29.4108687 ], [ 80.1669715, 29.4115062 ], [ 80.1650252, 29.4118438 ], [ 80.1640282, 29.4131079 ], [ 80.1627793, 29.4135055 ], [ 80.1615909, 29.4160576 ], [ 80.1636667, 29.4154168 ], [ 80.1675942, 29.4157253 ], [ 80.1698732, 29.4180021 ], [ 80.1724756, 29.4174002 ], [ 80.1750911, 29.4181039 ] ] ] } },
{ "type": "Feature", "properties": { "gp_code": "", "gp_name": "", "blkname": "LOHAGHAT", "dtname": "Champawat", "SHAPE_Area": 245914.14344076597 }, "geometry": { "type": "Polygon", "coordinates": [ [ [ 80.1831953, 29.4138378 ], [ 80.1805736, 29.4145297 ], [ 80.1765714, 29.416283 ], [ 80.1750911, 29.4181039 ], [ 80.177118, 29.4183068 ], [ 80.1799751, 29.4191319 ], [ 80.1802842, 29.4177017 ], [ 80.1808995, 29.4166314 ], [ 80.1831953, 29.4138378 ] ] ] } },
{ "type": "Feature", "properties": { "gp_code": "22826", "gp_name": "PULLA", "blkname": "LOHAGHAT", "dtname": "Champawat", "SHAPE_Area": 2659370.6351678367 }, "geometry": { "type": "Polygon", "coordinates": [ [ [ 80.1784259, 29.4100941 ], [ 80.1786665, 29.408101 ], [ 80.1793521, 29.4078529 ], [ 80.1807242, 29.408028 ], [ 80.1815119, 29.4086631 ], [ 80.1822382, 29.4086623 ], [ 80.1831044, 29.407778 ], [ 80.1837093, 29.4076007 ], [ 80.1843936, 29.4065048 ], [ 80.1849579, 29.4061684 ], [ 80.185564, 29.406733 ], [ 80.1868753, 29.4066962 ], [ 80.1869169, 29.407544 ], [ 80.1878476, 29.408489 ], [ 80.1901928, 29.4052007 ], [ 80.191045, 29.4045547 ], [ 80.1911517, 29.4034974 ], [ 80.1918437, 29.4030614 ], [ 80.1919268, 29.4022188 ], [ 80.1874431, 29.3987443 ], [ 80.1870386, 29.3980735 ], [ 80.1810676, 29.3980274 ], [ 80.1786452, 29.3968642 ], [ 80.1762242, 29.3965842 ], [ 80.1759237, 29.3980331 ], [ 80.1750768, 29.398299 ], [ 80.17514, 29.4001713 ], [ 80.1725452, 29.4019693 ], [ 80.1723445, 29.4026408 ], [ 80.1733945, 29.4033639 ], [ 80.1733751, 29.4038938 ], [ 80.172771, 29.4046718 ], [ 80.1706137, 29.4055926 ], [ 80.1705754, 29.4070234 ], [ 80.1712425, 29.4080472 ], [ 80.1708422, 29.4103617 ], [ 80.1710664, 29.4110868 ], [ 80.1713791, 29.4110158 ], [ 80.1723051, 29.4096105 ], [ 80.1727789, 29.4094245 ], [ 80.174099, 29.4107275 ], [ 80.1746084, 29.4108302 ], [ 80.1762197, 29.4101892 ], [ 80.1784259, 29.4100941 ] ] ] } },
{ "type": "Feature", "properties": { "gp_code": "22833", "gp_name": "TUN KANDEY", "blkname": "LOHAGHAT", "dtname": "Champawat", "SHAPE_Area": 4106308.4362956127 }, "geometry": { "type": "Polygon", "coordinates": [ [ [ 80.1810676, 29.3980274 ], [ 80.1870386, 29.3980735 ], [ 80.1914147, 29.3972028 ], [ 80.1920393, 29.3967604 ], [ 80.1931258, 29.3949926 ], [ 80.1939119, 29.3945324 ], [ 80.1941521, 29.3934016 ], [ 80.1948164, 29.3925352 ], [ 80.1963094, 29.39271 ], [ 80.200151, 29.3921135 ], [ 80.2006718, 29.3898341 ], [ 80.2013565, 29.3891797 ], [ 80.201738, 29.3881369 ], [ 80.2030279, 29.3874817 ], [ 80.2030674, 29.386934 ], [ 80.202441, 29.3862989 ], [ 80.201291, 29.3860707 ], [ 80.2003592, 29.3837223 ], [ 80.1988651, 29.3827438 ], [ 80.1980273, 29.3824952 ], [ 80.1974922, 29.3846182 ], [ 80.1968464, 29.384902 ], [ 80.1953917, 29.3843614 ], [ 80.1948332, 29.3836152 ], [ 80.1940107, 29.3836218 ], [ 80.1922424, 29.3822743 ], [ 80.1900346, 29.3836016 ], [ 80.1904364, 29.384445 ], [ 80.1902951, 29.385001 ], [ 80.1892917, 29.3858226 ], [ 80.1880663, 29.3857899 ], [ 80.1867836, 29.3849269 ], [ 80.1863327, 29.3850262 ], [ 80.1858242, 29.3859365 ], [ 80.1839403, 29.3861277 ], [ 80.1832192, 29.3865688 ], [ 80.1815568, 29.386457 ], [ 80.1803827, 29.3869049 ], [ 80.1791061, 29.3860958 ], [ 80.1764357, 29.3895487 ], [ 80.1754409, 29.3901261 ], [ 80.1736705, 29.3932746 ], [ 80.1715604, 29.395036 ], [ 80.1710793, 29.3958832 ], [ 80.1786452, 29.3968642 ], [ 80.1810676, 29.3980274 ] ] ] } },
{ "type": "Feature", "properties": { "gp_code": "22788", "gp_name": "DUNGARI", "blkname": "LOHAGHAT", "dtname": "Champawat", "SHAPE_Area": 1931620.1627374319 }, "geometry": { "type": "Polygon", "coordinates": [ [ [ 80.1918099, 29.3824719 ], [ 80.1925889, 29.3823951 ], [ 80.1940107, 29.3836218 ], [ 80.1950635, 29.3833593 ], [ 80.1948026, 29.3807623 ], [ 80.1953451, 29.378904 ], [ 80.1937064, 29.3772985 ], [ 80.192407, 29.3767541 ], [ 80.1908028, 29.3765481 ], [ 80.1884556, 29.3742566 ], [ 80.1822008, 29.3712459 ], [ 80.1802981, 29.3724613 ], [ 80.1793463, 29.3726898 ], [ 80.179167, 29.3732066 ], [ 80.179921, 29.3750095 ], [ 80.1794029, 29.3758896 ], [ 80.1800453, 29.3769582 ], [ 80.1795958, 29.3775575 ], [ 80.1795983, 29.379256 ], [ 80.1825472, 29.381693 ], [ 80.1845549, 29.3824652 ], [ 80.1859591, 29.3835555 ], [ 80.1867836, 29.3849269 ], [ 80.1880663, 29.3857899 ], [ 80.1887417, 29.3858724 ], [ 80.1900741, 29.3853249 ], [ 80.1904364, 29.384445 ], [ 80.1900346, 29.3836016 ], [ 80.1918099, 29.3824719 ] ] ] } },
{ "type": "Feature", "properties": { "gp_code": "243024", "gp_name": "BORABUNGA", "blkname": "LOHAGHAT", "dtname": "Champawat", "SHAPE_Area": 1127533.8320857282 }, "geometry": { "type": "Polygon", "coordinates": [ [ [ 80.1815568, 29.386457 ], [ 80.1832192, 29.3865688 ], [ 80.1839403, 29.3861277 ], [ 80.1858242, 29.3859365 ], [ 80.1863327, 29.3850262 ], [ 80.1867836, 29.3849269 ], [ 80.1859591, 29.3835555 ], [ 80.1845549, 29.3824652 ], [ 80.1825472, 29.381693 ], [ 80.1795983, 29.379256 ], [ 80.1795958, 29.3775575 ], [ 80.1800453, 29.3769582 ], [ 80.1794029, 29.3758896 ], [ 80.1785036, 29.376573 ], [ 80.1760803, 29.3770761 ], [ 80.1731539, 29.3768973 ], [ 80.171733, 29.3763179 ], [ 80.1724448, 29.377636 ], [ 80.168255, 29.3776077 ], [ 80.168473, 29.3786918 ], [ 80.1730617, 29.3790281 ], [ 80.173521, 29.3793688 ], [ 80.1740756, 29.382006 ], [ 80.1757152, 29.3821827 ], [ 80.1774741, 29.3831026 ], [ 80.1779516, 29.3840195 ], [ 80.177953, 29.3849976 ], [ 80.1785691, 29.3859826 ], [ 80.1803827, 29.3869049 ], [ 80.1815568, 29.386457 ] ] ] } },
{ "type": "Feature", "properties": { "gp_code": "22784", "gp_name": "DORJA", "blkname": "LOHAGHAT", "dtname": "Champawat", "SHAPE_Area": 2327536.7174125807 }, "geometry": { "type": "Polygon", "coordinates": [ [ [ 80.1791061, 29.3860958 ], [ 80.1783002, 29.3856645 ], [ 80.1774741, 29.3831026 ], [ 80.1757152, 29.3821827 ], [ 80.1740756, 29.382006 ], [ 80.1718094, 29.3823957 ], [ 80.1701657, 29.3814189 ], [ 80.1694118, 29.3814197 ], [ 80.1686567, 29.3805126 ], [ 80.1672692, 29.379842 ], [ 80.1660309, 29.3799848 ], [ 80.1640943, 29.3795434 ], [ 80.1611311, 29.380314 ], [ 80.1584918, 29.3797389 ], [ 80.1569573, 29.3798112 ], [ 80.1569616, 29.3821013 ], [ 80.1595637, 29.3823638 ], [ 80.1624496, 29.3835797 ], [ 80.1644082, 29.3851322 ], [ 80.1662274, 29.3880098 ], [ 80.1673411, 29.3911883 ], [ 80.1671412, 29.3924604 ], [ 80.1692827, 29.3949312 ], [ 80.1710793, 29.3958832 ], [ 80.1715604, 29.395036 ], [ 80.1736705, 29.3932746 ], [ 80.1754409, 29.3901261 ], [ 80.1764357, 29.3895487 ], [ 80.1791061, 29.3860958 ] ] ] } },
{ "type": "Feature", "properties": { "gp_code": "", "gp_name": "", "blkname": "LOHAGHAT", "dtname": "Champawat", "SHAPE_Area": 740486.25583710824 }, "geometry": { "type": "Polygon", "coordinates": [ [ [ 80.1740756, 29.382006 ], [ 80.173521, 29.3793688 ], [ 80.1730617, 29.3790281 ], [ 80.1689559, 29.3788191 ], [ 80.168473, 29.3786918 ], [ 80.168195, 29.3780096 ], [ 80.168255, 29.3776077 ], [ 80.1724448, 29.377636 ], [ 80.1713135, 29.3755411 ], [ 80.1709928, 29.372881 ], [ 80.1714328, 29.3718947 ], [ 80.1668299, 29.3736359 ], [ 80.164532, 29.3765317 ], [ 80.1647238, 29.3790546 ], [ 80.1655462, 29.3799027 ], [ 80.166771, 29.3797836 ], [ 80.1681312, 29.3801595 ], [ 80.1694118, 29.3814197 ], [ 80.1701657, 29.3814189 ], [ 80.1712572, 29.3822313 ], [ 80.1724556, 29.3824069 ], [ 80.1740756, 29.382006 ] ] ] } },
{ "type": "Feature", "properties": { "gp_code": "22809", "gp_name": "MAANA DHUNGA", "blkname": "LOHAGHAT", "dtname": "Champawat", "SHAPE_Area": 653395.61540040444 }, "geometry": { "type": "Polygon", "coordinates": [ [ [ 80.1611311, 29.380314 ], [ 80.1640943, 29.3795434 ], [ 80.165278, 29.3796558 ], [ 80.1647238, 29.3790546 ], [ 80.164532, 29.3765317 ], [ 80.1668299, 29.3736359 ], [ 80.164014, 29.3716626 ], [ 80.1619684, 29.3721364 ], [ 80.1572619, 29.3758963 ], [ 80.1574783, 29.3766507 ], [ 80.1582062, 29.3774754 ], [ 80.1607933, 29.3793357 ], [ 80.1611311, 29.380314 ] ] ] } },
{ "type": "Feature", "properties": { "gp_code": "22803", "gp_name": "KIMTOLI", "blkname": "LOHAGHAT", "dtname": "Champawat", "SHAPE_Area": 1106668.5234518647 }, "geometry": { "type": "Polygon", "coordinates": [ [ [ 80.164761, 29.4037792 ], [ 80.1680473, 29.4024334 ], [ 80.1686529, 29.4026977 ], [ 80.1694798, 29.4025731 ], [ 80.1699828, 29.4015834 ], [ 80.1714746, 29.4008753 ], [ 80.1739753, 29.4003249 ], [ 80.1749235, 29.4004122 ], [ 80.1753009, 29.3998356 ], [ 80.1750768, 29.398299 ], [ 80.1759237, 29.3980331 ], [ 80.1762242, 29.3965842 ], [ 80.1710793, 29.3958832 ], [ 80.1692827, 29.3949312 ], [ 80.1680302, 29.3935723 ], [ 80.1680558, 29.3975822 ], [ 80.1630357, 29.3996189 ], [ 80.1623964, 29.400549 ], [ 80.1596343, 29.401753 ], [ 80.1590303, 29.4026192 ], [ 80.1592338, 29.4040144 ], [ 80.1611697, 29.4034826 ], [ 80.1622409, 29.4050007 ], [ 80.163129, 29.4053177 ], [ 80.1645199, 29.404592 ], [ 80.164761, 29.4037792 ] ] ] } },
{ "type": "Feature", "properties": { "gp_code": "22806", "gp_name": "KOTLA", "blkname": "LOHAGHAT", "dtname": "Champawat", "SHAPE_Area": 3253346.6921810834 }, "geometry": { "type": "Polygon", "coordinates": [ [ [ 80.1597678, 29.4141313 ], [ 80.1604223, 29.4141307 ], [ 80.1615909, 29.4160576 ], [ 80.1627793, 29.4135055 ], [ 80.1640282, 29.4131079 ], [ 80.1650252, 29.4118438 ], [ 80.1669715, 29.4115062 ], [ 80.1685039, 29.4108687 ], [ 80.1710664, 29.4110868 ], [ 80.1708259, 29.4094874 ], [ 80.1712425, 29.4080472 ], [ 80.1705754, 29.4070234 ], [ 80.1706137, 29.4055926 ], [ 80.1729725, 29.4045125 ], [ 80.1733945, 29.4033639 ], [ 80.1723445, 29.4026408 ], [ 80.1725452, 29.4019693 ], [ 80.1749235, 29.4004122 ], [ 80.1739753, 29.4003249 ], [ 80.1711117, 29.4009993 ], [ 80.1699828, 29.4015834 ], [ 80.1694798, 29.4025731 ], [ 80.1686529, 29.4026977 ], [ 80.1680473, 29.4024334 ], [ 80.1667972, 29.4028409 ], [ 80.164761, 29.4037792 ], [ 80.1645199, 29.404592 ], [ 80.163129, 29.4053177 ], [ 80.1622409, 29.4050007 ], [ 80.1611697, 29.4034826 ], [ 80.1592338, 29.4040144 ], [ 80.1590303, 29.4026192 ], [ 80.1596343, 29.401753 ], [ 80.1623964, 29.400549 ], [ 80.1630357, 29.3996189 ], [ 80.1680558, 29.3975822 ], [ 80.1680302, 29.3935723 ], [ 80.1671412, 29.3924604 ], [ 80.1578022, 29.3927525 ], [ 80.1571991, 29.3943783 ], [ 80.1566552, 29.3949617 ], [ 80.1578274, 29.3967447 ], [ 80.1599467, 29.3976082 ], [ 80.1600941, 29.3985376 ], [ 80.1588049, 29.399952 ], [ 80.1565307, 29.4041408 ], [ 80.1560503, 29.4070736 ], [ 80.1564951, 29.4140627 ], [ 80.1559976, 29.4148302 ], [ 80.1561952, 29.4157861 ], [ 80.1569109, 29.4165285 ], [ 80.1579119, 29.4168161 ], [ 80.1586553, 29.4165549 ], [ 80.1597678, 29.4141313 ] ] ] } },
{ "type": "Feature", "properties": { "gp_code": "260411", "gp_name": "SUDARKA", "blkname": "LOHAGHAT", "dtname": "Champawat", "SHAPE_Area": 446170.04993144231 }, "geometry": { "type": "Polygon", "coordinates": [ [ [ 80.1511306, 29.4041776 ], [ 80.1499176, 29.402013 ], [ 80.146314, 29.3997552 ], [ 80.1435797, 29.3989187 ], [ 80.139858, 29.398975 ], [ 80.1376042, 29.3993943 ], [ 80.1425077, 29.4007678 ], [ 80.1450221, 29.4026356 ], [ 80.1462012, 29.4023984 ], [ 80.1477756, 29.4031213 ], [ 80.1495506, 29.4062805 ], [ 80.151189, 29.4065008 ], [ 80.1511306, 29.4041776 ] ] ] } },
{ "type": "Feature", "properties": { "gp_code": "22819", "gp_name": "NAKOT", "blkname": "LOHAGHAT", "dtname": "Champawat", "SHAPE_Area": 2710665.3268008251 }, "geometry": { "type": "Polygon", "coordinates": [ [ [ 80.1560816, 29.4081665 ], [ 80.1565307, 29.4041408 ], [ 80.1588049, 29.399952 ], [ 80.1600941, 29.3985376 ], [ 80.1599467, 29.3976082 ], [ 80.1578274, 29.3967447 ], [ 80.1566552, 29.3949617 ], [ 80.1555452, 29.3945212 ], [ 80.1546763, 29.3933032 ], [ 80.153142, 29.3922448 ], [ 80.1527378, 29.3916269 ], [ 80.1501957, 29.3912229 ], [ 80.1485401, 29.3899526 ], [ 80.1457556, 29.3892309 ], [ 80.1444026, 29.3878366 ], [ 80.1439188, 29.3880667 ], [ 80.1435968, 29.3887382 ], [ 80.1435995, 29.3910877 ], [ 80.1431575, 29.3925719 ], [ 80.1419491, 29.3941981 ], [ 80.1392891, 29.3965322 ], [ 80.136999, 29.39943 ], [ 80.139858, 29.398975 ], [ 80.1435797, 29.3989187 ], [ 80.146314, 29.3997552 ], [ 80.1499176, 29.402013 ], [ 80.1511306, 29.4041776 ], [ 80.1537603, 29.4058447 ], [ 80.1560816, 29.4081665 ] ] ] } },
{ "type": "Feature", "properties": { "gp_code": "22803", "gp_name": "KIMTOLI", "blkname": "LOHAGHAT", "dtname": "Champawat", "SHAPE_Area": 2162604.9926816765 }, "geometry": { "type": "Polygon", "coordinates": [ [ [ 80.1578022, 29.3927525 ], [ 80.1671412, 29.3924604 ], [ 80.1674027, 29.3919655 ], [ 80.1662274, 29.3880098 ], [ 80.1644082, 29.3851322 ], [ 80.1624496, 29.3835797 ], [ 80.1595637, 29.3823638 ], [ 80.1569616, 29.3821013 ], [ 80.1564176, 29.3825258 ], [ 80.1551059, 29.3821031 ], [ 80.1548456, 29.3835872 ], [ 80.1539196, 29.385019 ], [ 80.1508758, 29.3866471 ], [ 80.1495064, 29.3883089 ], [ 80.1476913, 29.3885756 ], [ 80.1445625, 29.3865999 ], [ 80.1444026, 29.3878366 ], [ 80.1453115, 29.388931 ], [ 80.1465024, 29.3895835 ], [ 80.1485401, 29.3899526 ], [ 80.1501957, 29.3912229 ], [ 80.1527378, 29.3916269 ], [ 80.1558683, 29.3947505 ], [ 80.1566552, 29.3949617 ], [ 80.1571991, 29.3943783 ], [ 80.1578022, 29.3927525 ] ] ] } },
{ "type": "Feature", "properties": { "gp_code": "22801", "gp_name": "KHATERA MALLA", "blkname": "LOHAGHAT", "dtname": "Champawat", "SHAPE_Area": 5008092.8097365443 }, "geometry": { "type": "Polygon", "coordinates": [ [ [ 80.1435968, 29.3887382 ], [ 80.1439188, 29.3880667 ], [ 80.1444026, 29.3878366 ], [ 80.1445625, 29.3865999 ], [ 80.1476913, 29.3885756 ], [ 80.1495064, 29.3883089 ], [ 80.1508758, 29.3866471 ], [ 80.1539196, 29.385019 ], [ 80.1548456, 29.3835872 ], [ 80.1551059, 29.3821031 ], [ 80.1564176, 29.3825258 ], [ 80.1569616, 29.3821013 ], [ 80.1569573, 29.3798112 ], [ 80.1572263, 29.3795987 ], [ 80.1611311, 29.380314 ], [ 80.1607933, 29.3793357 ], [ 80.1582062, 29.3774754 ], [ 80.1574783, 29.3766507 ], [ 80.1572619, 29.3758963 ], [ 80.1545301, 29.3766536 ], [ 80.1498267, 29.3721835 ], [ 80.1472941, 29.3705823 ], [ 80.1428633, 29.3688648 ], [ 80.1420353, 29.3689358 ], [ 80.1407553, 29.3734239 ], [ 80.1399623, 29.3745683 ], [ 80.1382136, 29.3756781 ], [ 80.1348534, 29.3741894 ], [ 80.1337921, 29.3762419 ], [ 80.1337531, 29.3774445 ], [ 80.1328794, 29.3787305 ], [ 80.1330871, 29.3796467 ], [ 80.132303, 29.3810065 ], [ 80.1326835, 29.3842958 ], [ 80.1333979, 29.3851205 ], [ 80.1348662, 29.3858974 ], [ 80.1352711, 29.3868522 ], [ 80.1354275, 29.3886217 ], [ 80.1372225, 29.3884082 ], [ 80.1390385, 29.3889719 ], [ 80.1410988, 29.3914608 ], [ 80.1419491, 29.3941981 ], [ 80.1434188, 29.3918297 ], [ 80.1435968, 29.3887382 ] ] ] } },
{ "type": "Feature", "properties": { "gp_code": "", "gp_name": "", "blkname": "LOHAGHAT", "dtname": "Champawat", "SHAPE_Area": 220289.17664521403 }, "geometry": { "type": "Polygon", "coordinates": [ [ [ 80.132303, 29.3810065 ], [ 80.1330871, 29.3796467 ], [ 80.1328794, 29.3787305 ], [ 80.1337531, 29.3774445 ], [ 80.1337921, 29.3762419 ], [ 80.1319244, 29.3765723 ], [ 80.1310908, 29.3756873 ], [ 80.1295444, 29.3758449 ], [ 80.1306185, 29.379074 ], [ 80.1293107, 29.3798045 ], [ 80.1304422, 29.3811061 ], [ 80.132303, 29.3810065 ] ] ] } },
{ "type": "Feature", "properties": { "gp_code": "22821", "gp_name": "NASKHOLA", "blkname": "LOHAGHAT", "dtname": "Champawat", "SHAPE_Area": 771837.58044521196 }, "geometry": { "type": "Polygon", "coordinates": [ [ [ 80.1382415, 29.397699 ], [ 80.1419491, 29.3941981 ], [ 80.1410988, 29.3914608 ], [ 80.1390385, 29.3889719 ], [ 80.1379689, 29.3884958 ], [ 80.1354275, 29.3886217 ], [ 80.1367813, 29.3907403 ], [ 80.1368034, 29.3924361 ], [ 80.1297844, 29.3930249 ], [ 80.1317449, 29.3966975 ], [ 80.1365849, 29.3954277 ], [ 80.1382415, 29.397699 ] ] ] } },
{ "type": "Feature", "properties": { "gp_code": "22814", "gp_name": "MANGOLI", "blkname": "LOHAGHAT", "dtname": "Champawat", "SHAPE_Area": 5386558.448326611 }, "geometry": { "type": "Polygon", "coordinates": [ [ [ 80.1358899, 29.4180315 ], [ 80.1376837, 29.4182889 ], [ 80.1388049, 29.4177552 ], [ 80.1340006, 29.4153658 ], [ 80.1329059, 29.4142032 ], [ 80.1327298, 29.4136201 ], [ 80.1331255, 29.4127383 ], [ 80.134764, 29.4124242 ], [ 80.1357644, 29.4139631 ], [ 80.1409528, 29.4170468 ], [ 80.1413258, 29.4165711 ], [ 80.1420842, 29.4164792 ], [ 80.1432304, 29.4170773 ], [ 80.1440931, 29.4170244 ], [ 80.1449848, 29.4163595 ], [ 80.1463231, 29.4160326 ], [ 80.1483469, 29.4166559 ], [ 80.1490306, 29.4162385 ], [ 80.1498493, 29.4162615 ], [ 80.149296, 29.4153353 ], [ 80.1476882, 29.4144088 ], [ 80.1477151, 29.412871 ], [ 80.1464543, 29.409874 ], [ 80.1431376, 29.4047241 ], [ 80.136999, 29.39943 ], [ 80.136026, 29.3996849 ], [ 80.1327173, 29.3993608 ], [ 80.1310339, 29.4003249 ], [ 80.1307127, 29.4017472 ], [ 80.1264187, 29.4018959 ], [ 80.1245161, 29.4030435 ], [ 80.1251125, 29.4045017 ], [ 80.124936, 29.4064294 ], [ 80.1226166, 29.4073689 ], [ 80.1184736, 29.4078465 ], [ 80.1194633, 29.4090292 ], [ 80.1201916, 29.4111485 ], [ 80.1198513, 29.4137806 ], [ 80.1202152, 29.4146282 ], [ 80.1212651, 29.4155107 ], [ 80.1209027, 29.4161645 ], [ 80.1221141, 29.4170997 ], [ 80.1230427, 29.417629 ], [ 80.1251609, 29.4173977 ], [ 80.127522, 29.4179434 ], [ 80.1313568, 29.4193534 ], [ 80.1333693, 29.4192525 ], [ 80.1358899, 29.4180315 ] ] ] } },
{ "type": "Feature", "properties": { "gp_code": "", "gp_name": "", "blkname": "LOHAGHAT", "dtname": "Champawat", "SHAPE_Area": 239276.71707815063 }, "geometry": { "type": "Polygon", "coordinates": [ [ [ 80.1409528, 29.4170468 ], [ 80.1357644, 29.4139631 ], [ 80.134764, 29.4124242 ], [ 80.1331255, 29.4127383 ], [ 80.1327298, 29.4136201 ], [ 80.1329059, 29.4142032 ], [ 80.1340006, 29.4153658 ], [ 80.135434, 29.4162478 ], [ 80.1388049, 29.4177552 ], [ 80.1409528, 29.4170468 ] ] ] } },
{ "type": "Feature", "properties": { "gp_code": "22831", "gp_name": "THATA", "blkname": "LOHAGHAT", "dtname": "Champawat", "SHAPE_Area": 1873037.7082044419 }, "geometry": { "type": "Polygon", "coordinates": [ [ [ 80.1569109, 29.4165285 ], [ 80.1561952, 29.4157861 ], [ 80.1559976, 29.4148302 ], [ 80.1564951, 29.4140627 ], [ 80.1560816, 29.4081665 ], [ 80.1537603, 29.4058447 ], [ 80.1511306, 29.4041776 ], [ 80.151189, 29.4065008 ], [ 80.1495506, 29.4062805 ], [ 80.1477756, 29.4031213 ], [ 80.1471599, 29.4027773 ], [ 80.1462012, 29.4023984 ], [ 80.1450221, 29.4026356 ], [ 80.1425077, 29.4007678 ], [ 80.136999, 29.39943 ], [ 80.1431376, 29.4047241 ], [ 80.1464543, 29.409874 ], [ 80.1477151, 29.412871 ], [ 80.1476882, 29.4144088 ], [ 80.149296, 29.4153353 ], [ 80.1498493, 29.4162615 ], [ 80.1505932, 29.416758 ], [ 80.1523338, 29.4169908 ], [ 80.1530022, 29.4161045 ], [ 80.1535228, 29.4161301 ], [ 80.1552076, 29.4176872 ], [ 80.1557709, 29.4176647 ], [ 80.1569109, 29.4165285 ] ] ] } },
{ "type": "Feature", "properties": { "gp_code": "22657", "gp_name": "LIDU", "blkname": "BARAKOT", "dtname": "Champawat", "SHAPE_Area": 2129045.5637054536 }, "geometry": { "type": "Polygon", "coordinates": [ [ [ 80.1537809, 29.430391 ], [ 80.1544259, 29.4298252 ], [ 80.1561212, 29.4301062 ], [ 80.1555544, 29.4286936 ], [ 80.1547058, 29.4278112 ], [ 80.1543811, 29.4263631 ], [ 80.1535726, 29.4251628 ], [ 80.1535314, 29.4244562 ], [ 80.1545789, 29.4231129 ], [ 80.1542149, 29.4224419 ], [ 80.1533671, 29.4221602 ], [ 80.1526413, 29.4226555 ], [ 80.1513098, 29.4227627 ], [ 80.1505428, 29.4224101 ], [ 80.1504205, 29.421527 ], [ 80.1477961, 29.4202223 ], [ 80.1468251, 29.4181036 ], [ 80.1463231, 29.4160326 ], [ 80.1449848, 29.4163595 ], [ 80.1440931, 29.4170244 ], [ 80.1432304, 29.4170773 ], [ 80.1420842, 29.4164792 ], [ 80.1413258, 29.4165711 ], [ 80.1409528, 29.4170468 ], [ 80.1411367, 29.4190272 ], [ 80.1430774, 29.422311 ], [ 80.1465092, 29.4238622 ], [ 80.1465954, 29.4284901 ], [ 80.1450217, 29.4285975 ], [ 80.1440132, 29.4289164 ], [ 80.1436505, 29.4293406 ], [ 80.1445806, 29.4309648 ], [ 80.1450689, 29.4343911 ], [ 80.1482202, 29.4372851 ], [ 80.1493082, 29.4359416 ], [ 80.1532599, 29.433253 ], [ 80.1537425, 29.4319808 ], [ 80.1537809, 29.430391 ] ] ] } },
{ "type": "Feature", "properties": { "gp_code": "22775", "gp_name": "BASAN", "blkname": "LOHAGHAT", "dtname": "Champawat", "SHAPE_Area": 975429.7637377819 }, "geometry": { "type": "Polygon", "coordinates": [ [ [ 80.1562432, 29.42295 ], [ 80.1558465, 29.4214925 ], [ 80.1547666, 29.4200193 ], [ 80.1544726, 29.4188361 ], [ 80.1552076, 29.4176872 ], [ 80.1535228, 29.4161301 ], [ 80.1530022, 29.4161045 ], [ 80.1523338, 29.4169908 ], [ 80.1505932, 29.416758 ], [ 80.1498493, 29.4162615 ], [ 80.1490306, 29.4162385 ], [ 80.1483469, 29.4166559 ], [ 80.1464597, 29.4161256 ], [ 80.1468251, 29.4181036 ], [ 80.1477961, 29.4202223 ], [ 80.1504205, 29.421527 ], [ 80.1505428, 29.4224101 ], [ 80.1513098, 29.4227627 ], [ 80.1526413, 29.4226555 ], [ 80.1533671, 29.4221602 ], [ 80.1542149, 29.4224419 ], [ 80.1545789, 29.4231129 ], [ 80.1535314, 29.4244562 ], [ 80.1535726, 29.4251628 ], [ 80.1543811, 29.4263631 ], [ 80.1547058, 29.4278112 ], [ 80.1555544, 29.4286936 ], [ 80.1561212, 29.4301062 ], [ 80.157443, 29.4303013 ], [ 80.1586336, 29.42868 ], [ 80.159013, 29.4275383 ], [ 80.1600008, 29.4266601 ], [ 80.1573351, 29.4248567 ], [ 80.1562432, 29.42295 ] ] ] } },
{ "type": "Feature", "properties": { "gp_code": "22638", "gp_name": "CHAMI", "blkname": "BARAKOT", "dtname": "Champawat", "SHAPE_Area": 1619074.4808001046 }, "geometry": { "type": "Polygon", "coordinates": [ [ [ 80.1465954, 29.4284901 ], [ 80.1465092, 29.4238622 ], [ 80.1430774, 29.422311 ], [ 80.1415414, 29.4200867 ], [ 80.1409528, 29.4170468 ], [ 80.1376837, 29.4182889 ], [ 80.1362295, 29.4180312 ], [ 80.1361981, 29.4204956 ], [ 80.1356934, 29.4214337 ], [ 80.1356059, 29.4230357 ], [ 80.1348041, 29.4243647 ], [ 80.1347169, 29.4262923 ], [ 80.1361433, 29.4281813 ], [ 80.1392928, 29.4298744 ], [ 80.1450689, 29.4343911 ], [ 80.1445806, 29.4309648 ], [ 80.1436505, 29.4293406 ], [ 80.1440132, 29.4289164 ], [ 80.1450217, 29.4285975 ], [ 80.1465954, 29.4284901 ] ] ] } },
{ "type": "Feature", "properties": { "gp_code": "22782", "gp_name": "CHHATOLI", "blkname": "LOHAGHAT", "dtname": "Champawat", "SHAPE_Area": 3305386.4836870986 }, "geometry": { "type": "Polygon", "coordinates": [ [ [ 80.131656, 29.429694 ], [ 80.1361433, 29.4281813 ], [ 80.1347169, 29.4262923 ], [ 80.1348041, 29.4243647 ], [ 80.1356059, 29.4230357 ], [ 80.1356934, 29.4214337 ], [ 80.1361981, 29.4204956 ], [ 80.1362295, 29.4180312 ], [ 80.1333693, 29.4192525 ], [ 80.1313568, 29.4193534 ], [ 80.1251609, 29.4173977 ], [ 80.1230427, 29.417629 ], [ 80.1209027, 29.4161645 ], [ 80.1212651, 29.4155107 ], [ 80.1202152, 29.4146282 ], [ 80.120317, 29.4156086 ], [ 80.1186345, 29.4178266 ], [ 80.118736, 29.4184978 ], [ 80.119766, 29.419442 ], [ 80.1196197, 29.4199876 ], [ 80.1185021, 29.4208563 ], [ 80.1187808, 29.4230617 ], [ 80.1180653, 29.4237013 ], [ 80.1162039, 29.4236906 ], [ 80.1154856, 29.424317 ], [ 80.1155162, 29.4251462 ], [ 80.1169141, 29.4262848 ], [ 80.1172762, 29.4268207 ], [ 80.1171911, 29.4273949 ], [ 80.1166421, 29.4282873 ], [ 80.1142592, 29.4295608 ], [ 80.1180288, 29.4296394 ], [ 80.1216464, 29.4321599 ], [ 80.1242775, 29.4327603 ], [ 80.131656, 29.429694 ] ] ] } },
{ "type": "Feature", "properties": { "gp_code": "", "gp_name": "", "blkname": "BARAKOT", "dtname": "Champawat", "SHAPE_Area": 354712.2586523433 }, "geometry": { "type": "Polygon", "coordinates": [ [ [ 80.104239, 29.4369511 ], [ 80.1062545, 29.4384223 ], [ 80.1071839, 29.4397287 ], [ 80.110047, 29.4371303 ], [ 80.1102881, 29.436035 ], [ 80.109003, 29.4331466 ], [ 80.1093767, 29.4323161 ], [ 80.1064314, 29.4329111 ], [ 80.1064722, 29.433547 ], [ 80.1059426, 29.4347154 ], [ 80.104239, 29.4369511 ] ] ] } },
{ "type": "Feature", "properties": { "gp_code": "", "gp_name": "", "blkname": "BARAKOT", "dtname": "Champawat", "SHAPE_Area": 1196151.3536807506 }, "geometry": { "type": "Polygon", "coordinates": [ [ [ 80.1145761, 29.4307241 ], [ 80.1103371, 29.4292151 ], [ 80.1087901, 29.4292683 ], [ 80.1054444, 29.4311458 ], [ 80.0979314, 29.4310073 ], [ 80.0973128, 29.431864 ], [ 80.0969882, 29.4331821 ], [ 80.1010634, 29.4334976 ], [ 80.104239, 29.4369511 ], [ 80.1059426, 29.4347154 ], [ 80.1064722, 29.433547 ], [ 80.1064314, 29.4329111 ], [ 80.1093767, 29.4323161 ], [ 80.109003, 29.4331466 ], [ 80.1102881, 29.436035 ], [ 80.110047, 29.4371303 ], [ 80.1071839, 29.4397287 ], [ 80.107871, 29.4409117 ], [ 80.1116166, 29.4380035 ], [ 80.1127046, 29.4362011 ], [ 80.1139949, 29.4348754 ], [ 80.1159711, 29.4335669 ], [ 80.115829, 29.4327192 ], [ 80.1145761, 29.4307241 ] ] ] } },
{ "type": "Feature", "properties": { "gp_code": "22827", "gp_name": "RAIKOT KANWAR", "blkname": "LOHAGHAT", "dtname": "Champawat", "SHAPE_Area": 3556047.926477456 }, "geometry": { "type": "Polygon", "coordinates": [ [ [ 80.1054444, 29.4311458 ], [ 80.1087901, 29.4292683 ], [ 80.1103371, 29.4292151 ], [ 80.1145761, 29.4307241 ], [ 80.1147661, 29.4304496 ], [ 80.1142592, 29.4295608 ], [ 80.1166421, 29.4282873 ], [ 80.1172762, 29.4268207 ], [ 80.1155162, 29.4251462 ], [ 80.1154856, 29.424317 ], [ 80.1162039, 29.4236906 ], [ 80.1180653, 29.4237013 ], [ 80.11866, 29.4233046 ], [ 80.1188488, 29.422511 ], [ 80.1185021, 29.4208563 ], [ 80.1196197, 29.4199876 ], [ 80.119766, 29.419442 ], [ 80.118736, 29.4184978 ], [ 80.1186345, 29.4178266 ], [ 80.120317, 29.4156086 ], [ 80.1166555, 29.4158762 ], [ 80.1139412, 29.4150568 ], [ 80.1127817, 29.4157111 ], [ 80.1114299, 29.4156944 ], [ 80.1089869, 29.4135941 ], [ 80.1077063, 29.4141425 ], [ 80.1060011, 29.4136667 ], [ 80.1039135, 29.4142952 ], [ 80.1028642, 29.4140397 ], [ 80.1032905, 29.4148183 ], [ 80.1036355, 29.4195327 ], [ 80.1055832, 29.4227723 ], [ 80.1054878, 29.4229987 ], [ 80.1043936, 29.4229662 ], [ 80.1037082, 29.4225734 ], [ 80.10265, 29.4232693 ], [ 80.0993762, 29.422546 ], [ 80.0989651, 29.4233807 ], [ 80.0995079, 29.4253992 ], [ 80.0988734, 29.4265121 ], [ 80.0992151, 29.4270784 ], [ 80.0994286, 29.4291178 ], [ 80.0990999, 29.4300656 ], [ 80.0979314, 29.4310073 ], [ 80.1054444, 29.4311458 ] ] ] } },
{ "type": "Feature", "properties": { "gp_code": "", "gp_name": "", "blkname": "LOHAGHAT", "dtname": "Champawat", "SHAPE_Area": 1633682.7572803225 }, "geometry": { "type": "Polygon", "coordinates": [ [ [ 80.1184736, 29.4078465 ], [ 80.1226166, 29.4073689 ], [ 80.124936, 29.4064294 ], [ 80.1251125, 29.4045017 ], [ 80.1245161, 29.4030435 ], [ 80.1264187, 29.4018959 ], [ 80.1307127, 29.4017472 ], [ 80.1310339, 29.4003249 ], [ 80.1321627, 29.3995114 ], [ 80.1365, 29.3996402 ], [ 80.136999, 29.39943 ], [ 80.1382415, 29.397699 ], [ 80.1365849, 29.3954277 ], [ 80.1288812, 29.3972829 ], [ 80.1271488, 29.394767 ], [ 80.1255255, 29.4010631 ], [ 80.1226106, 29.401378 ], [ 80.1229714, 29.4052848 ], [ 80.1194022, 29.4057564 ], [ 80.1154919, 29.4014144 ], [ 80.1152503, 29.4018738 ], [ 80.1146046, 29.4016623 ], [ 80.1140809, 29.402546 ], [ 80.1139612, 29.4040298 ], [ 80.1129122, 29.4040306 ], [ 80.1107732, 29.4032901 ], [ 80.109361, 29.4032558 ], [ 80.1073868, 29.406397 ], [ 80.108074, 29.4078979 ], [ 80.1087906, 29.408401 ], [ 80.1094154, 29.4077469 ], [ 80.1116542, 29.4071801 ], [ 80.1153459, 29.4069656 ], [ 80.1184736, 29.4078465 ] ] ] } },
{ "type": "Feature", "properties": { "gp_code": "22807", "gp_name": "KOYATI", "blkname": "LOHAGHAT", "dtname": "Champawat", "SHAPE_Area": 2217130.4314349042 }, "geometry": { "type": "Polygon", "coordinates": [ [ [ 80.1271488, 29.394767 ], [ 80.1259472, 29.3934607 ], [ 80.1250591, 29.3930022 ], [ 80.1243252, 29.3927916 ], [ 80.1234104, 29.3935704 ], [ 80.1224952, 29.3938424 ], [ 80.1179342, 29.3911429 ], [ 80.1172806, 29.389472 ], [ 80.1175493, 29.3888115 ], [ 80.1194997, 29.3870415 ], [ 80.1198484, 29.3863023 ], [ 80.117061, 29.3850389 ], [ 80.1133383, 29.3919155 ], [ 80.1124772, 29.3925409 ], [ 80.1119386, 29.3925531 ], [ 80.111036, 29.3918935 ], [ 80.1091184, 29.3912617 ], [ 80.1106332, 29.3934687 ], [ 80.1158425, 29.3987821 ], [ 80.116267, 29.3997887 ], [ 80.1154919, 29.4014144 ], [ 80.1194022, 29.4057564 ], [ 80.1229714, 29.4052848 ], [ 80.1226106, 29.401378 ], [ 80.1255255, 29.4010631 ], [ 80.1271488, 29.394767 ] ] ] } },
{ "type": "Feature", "properties": { "gp_code": "22791", "gp_name": "GANGNAULA", "blkname": "LOHAGHAT", "dtname": "Champawat", "SHAPE_Area": 1784603.7485774988 }, "geometry": { "type": "Polygon", "coordinates": [ [ [ 80.1317449, 29.3966975 ], [ 80.1297844, 29.3930249 ], [ 80.1368034, 29.3924361 ], [ 80.1367813, 29.3907403 ], [ 80.1356097, 29.3892398 ], [ 80.1348662, 29.3858974 ], [ 80.1333979, 29.3851205 ], [ 80.1326835, 29.3842958 ], [ 80.1327098, 29.3834686 ], [ 80.1298846, 29.3855243 ], [ 80.1285926, 29.385938 ], [ 80.1273942, 29.3857268 ], [ 80.1262085, 29.3846901 ], [ 80.1250234, 29.3843491 ], [ 80.1207246, 29.3850474 ], [ 80.1197479, 29.3867087 ], [ 80.1207577, 29.3879445 ], [ 80.1212732, 29.3891453 ], [ 80.1228476, 29.3902129 ], [ 80.1250591, 29.3930022 ], [ 80.1264924, 29.3940344 ], [ 80.1288812, 29.3972829 ], [ 80.1317449, 29.3966975 ] ] ] } },
{ "type": "Feature", "properties": { "gp_code": "22821", "gp_name": "NASKHOLA", "blkname": "LOHAGHAT", "dtname": "Champawat", "SHAPE_Area": 2172365.1074098255 }, "geometry": { "type": "Polygon", "coordinates": [ [ [ 80.1298846, 29.3855243 ], [ 80.1327098, 29.3834686 ], [ 80.132303, 29.3810065 ], [ 80.1304422, 29.3811061 ], [ 80.1293107, 29.3798045 ], [ 80.1306185, 29.379074 ], [ 80.1295444, 29.3758449 ], [ 80.1310908, 29.3756873 ], [ 80.1319244, 29.3765723 ], [ 80.1337921, 29.3762419 ], [ 80.1348534, 29.3741894 ], [ 80.1325778, 29.3737197 ], [ 80.1318772, 29.373119 ], [ 80.1305851, 29.3732261 ], [ 80.1301271, 29.3730025 ], [ 80.1295468, 29.3715763 ], [ 80.128295, 29.3716126 ], [ 80.127702, 29.3709646 ], [ 80.1270159, 29.3712835 ], [ 80.126348, 29.3725634 ], [ 80.1259134, 29.3726049 ], [ 80.1226948, 29.3712279 ], [ 80.1222787, 29.3724073 ], [ 80.1209612, 29.3742005 ], [ 80.119872, 29.3754039 ], [ 80.1189569, 29.375664 ], [ 80.1181245, 29.3765348 ], [ 80.1181456, 29.377471 ], [ 80.1200738, 29.3795894 ], [ 80.1199866, 29.3832196 ], [ 80.1206431, 29.3842526 ], [ 80.1207246, 29.3850474 ], [ 80.1250234, 29.3843491 ], [ 80.1262085, 29.3846901 ], [ 80.1273942, 29.3857268 ], [ 80.1285926, 29.385938 ], [ 80.1298846, 29.3855243 ] ] ] } },
{ "type": "Feature", "properties": { "gp_code": "22650", "gp_name": "JHIRKUNI", "blkname": "LOHAGHAT", "dtname": "Champawat", "SHAPE_Area": 365055.50995005586 }, "geometry": { "type": "Polygon", "coordinates": [ [ [ 80.1234104, 29.3935704 ], [ 80.1243252, 29.3927916 ], [ 80.1250591, 29.3930022 ], [ 80.1228476, 29.3902129 ], [ 80.1212732, 29.3891453 ], [ 80.1207577, 29.3879445 ], [ 80.1197479, 29.3867087 ], [ 80.1175493, 29.3888115 ], [ 80.1172806, 29.389472 ], [ 80.1179342, 29.3911429 ], [ 80.1224952, 29.3938424 ], [ 80.1234104, 29.3935704 ] ] ] } },
{ "type": "Feature", "properties": { "gp_code": "22776", "gp_name": "BHUMLAI", "blkname": "LOHAGHAT", "dtname": "Champawat", "SHAPE_Area": 2416900.8259734325 }, "geometry": { "type": "Polygon", "coordinates": [ [ [ 80.1133383, 29.3919155 ], [ 80.117061, 29.3850389 ], [ 80.1198484, 29.3863023 ], [ 80.1205638, 29.3856393 ], [ 80.1207246, 29.3850474 ], [ 80.1206431, 29.3842526 ], [ 80.1199866, 29.3832196 ], [ 80.1200738, 29.3795894 ], [ 80.1181456, 29.377471 ], [ 80.1181948, 29.3762786 ], [ 80.117348, 29.376447 ], [ 80.1166015, 29.3761914 ], [ 80.1152585, 29.3744258 ], [ 80.1144824, 29.3747003 ], [ 80.1141605, 29.3756455 ], [ 80.1122893, 29.3774943 ], [ 80.1118524, 29.3791356 ], [ 80.1099895, 29.3809173 ], [ 80.1092018, 29.3806349 ], [ 80.1074787, 29.3807421 ], [ 80.1056743, 29.38026 ], [ 80.1054053, 29.3804841 ], [ 80.1050998, 29.3821619 ], [ 80.1046262, 29.3825598 ], [ 80.1045865, 29.3833498 ], [ 80.1035787, 29.3855081 ], [ 80.103326, 29.3874322 ], [ 80.1049003, 29.3885265 ], [ 80.1075836, 29.3891606 ], [ 80.1084516, 29.3900079 ], [ 80.1091184, 29.3912617 ], [ 80.111036, 29.3918935 ], [ 80.1119386, 29.3925531 ], [ 80.1124772, 29.3925409 ], [ 80.1133383, 29.3919155 ] ] ] } },
{ "type": "Feature", "properties": { "gp_code": "22783", "gp_name": "DENSLI", "blkname": "LOHAGHAT", "dtname": "Champawat", "SHAPE_Area": 3054357.5984699316 }, "geometry": { "type": "Polygon", "coordinates": [ [ [ 80.1084341, 29.404515 ], [ 80.109361, 29.4032558 ], [ 80.1107732, 29.4032901 ], [ 80.1129122, 29.4040306 ], [ 80.1139612, 29.4040298 ], [ 80.1140809, 29.402546 ], [ 80.1146046, 29.4016623 ], [ 80.1152503, 29.4018738 ], [ 80.116267, 29.3997887 ], [ 80.1158425, 29.3987821 ], [ 80.1106332, 29.3934687 ], [ 80.1084516, 29.3900079 ], [ 80.1075836, 29.3891606 ], [ 80.1049003, 29.3885265 ], [ 80.103326, 29.3874322 ], [ 80.1012909, 29.3899949 ], [ 80.097903, 29.3909686 ], [ 80.0958124, 29.3961066 ], [ 80.0938191, 29.3953414 ], [ 80.0926372, 29.3957207 ], [ 80.0926387, 29.397759 ], [ 80.097066, 29.3981337 ], [ 80.0977682, 29.3990371 ], [ 80.099655, 29.3998573 ], [ 80.1009372, 29.401358 ], [ 80.1084341, 29.404515 ] ] ] } },
{ "type": "Feature", "properties": { "gp_code": "22796", "gp_name": "KALIGAON", "blkname": "LOHAGHAT", "dtname": "Champawat", "SHAPE_Area": 1242215.9121782214 }, "geometry": { "type": "Polygon", "coordinates": [ [ [ 80.1087906, 29.408401 ], [ 80.108074, 29.4078979 ], [ 80.1073868, 29.406397 ], [ 80.1084341, 29.404515 ], [ 80.1009372, 29.401358 ], [ 80.0990394, 29.3993896 ], [ 80.0977682, 29.3990371 ], [ 80.0953991, 29.4004958 ], [ 80.0958747, 29.4025711 ], [ 80.0955224, 29.4035341 ], [ 80.0946255, 29.4044796 ], [ 80.0942134, 29.4063788 ], [ 80.0943658, 29.4078272 ], [ 80.0946484, 29.4080036 ], [ 80.0953139, 29.4077207 ], [ 80.1025368, 29.4085111 ], [ 80.1087906, 29.408401 ] ] ] } },
{ "type": "Feature", "properties": { "gp_code": "22827", "gp_name": "RAIKOT KANWAR", "blkname": "LOHAGHAT", "dtname": "Champawat", "SHAPE_Area": 658006.27872714936 }, "geometry": { "type": "Polygon", "coordinates": [ [ [ 80.0913393, 29.40714 ], [ 80.0924694, 29.4077753 ], [ 80.0943658, 29.4078272 ], [ 80.0942134, 29.4063788 ], [ 80.0946255, 29.4044796 ], [ 80.0955224, 29.4035341 ], [ 80.0958747, 29.4025711 ], [ 80.0951061, 29.399891 ], [ 80.091897, 29.3977731 ], [ 80.0913332, 29.3989923 ], [ 80.0915567, 29.4012179 ], [ 80.0888157, 29.404717 ], [ 80.0873035, 29.4058307 ], [ 80.087546, 29.4063075 ], [ 80.0894025, 29.4071367 ], [ 80.0898475, 29.4086423 ], [ 80.0912186, 29.4077406 ], [ 80.0913393, 29.40714 ] ] ] } },
{ "type": "Feature", "properties": { "gp_code": "", "gp_name": "", "blkname": "LOHAGHAT", "dtname": "Champawat", "SHAPE_Area": 993266.07717765355 }, "geometry": { "type": "Polygon", "coordinates": [ [ [ 80.0904482, 29.4096547 ], [ 80.0894025, 29.4071367 ], [ 80.087546, 29.4063075 ], [ 80.0873035, 29.4058307 ], [ 80.0888157, 29.404717 ], [ 80.0915567, 29.4012179 ], [ 80.0913332, 29.3989923 ], [ 80.091897, 29.3977731 ], [ 80.0902421, 29.3965552 ], [ 80.0879417, 29.3954789 ], [ 80.0862492, 29.3982885 ], [ 80.0858646, 29.3994694 ], [ 80.0858425, 29.40154 ], [ 80.0842436, 29.4029829 ], [ 80.0842229, 29.4071755 ], [ 80.0872725, 29.4107792 ], [ 80.0884257, 29.4111907 ], [ 80.0892139, 29.4111284 ], [ 80.0895668, 29.4109839 ], [ 80.0895542, 29.409923 ], [ 80.0904482, 29.4096547 ] ] ] } },
{ "type": "Feature", "properties": { "gp_code": "243023", "gp_name": "CHIRIYADHUNGA", "blkname": "LOHAGHAT", "dtname": "Champawat", "SHAPE_Area": 1774251.7635350721 }, "geometry": { "type": "Polygon", "coordinates": [ [ [ 80.0850274, 29.3929626 ], [ 80.0854423, 29.3917441 ], [ 80.0877053, 29.3935232 ], [ 80.0880553, 29.3933815 ], [ 80.0888734, 29.3889951 ], [ 80.0898159, 29.3891832 ], [ 80.0910321, 29.3876578 ], [ 80.0932757, 29.3889277 ], [ 80.0939751, 29.3879958 ], [ 80.0955231, 29.3878181 ], [ 80.0962872, 29.3883022 ], [ 80.0956191, 29.3851582 ], [ 80.0932587, 29.3845413 ], [ 80.0927137, 29.383941 ], [ 80.0906557, 29.3830943 ], [ 80.0841207, 29.3830272 ], [ 80.0814188, 29.3843358 ], [ 80.0790201, 29.3868278 ], [ 80.0781728, 29.3866163 ], [ 80.0790206, 29.3875167 ], [ 80.082333, 29.3941217 ], [ 80.083728, 29.3987668 ], [ 80.0846292, 29.3993156 ], [ 80.0851909, 29.3981699 ], [ 80.0850274, 29.3929626 ] ] ] } },
{ "type": "Feature", "properties": { "gp_code": "", "gp_name": "", "blkname": "LOHAGHAT", "dtname": "Champawat", "SHAPE_Area": 688212.67083188344 }, "geometry": { "type": "Polygon", "coordinates": [ [ [ 80.0977682, 29.3990371 ], [ 80.097066, 29.3981337 ], [ 80.0926387, 29.397759 ], [ 80.0926372, 29.3957207 ], [ 80.0911799, 29.3949656 ], [ 80.0907893, 29.394383 ], [ 80.0901278, 29.3923605 ], [ 80.0925356, 29.3894351 ], [ 80.0932757, 29.3889277 ], [ 80.0922952, 29.3882652 ], [ 80.0910321, 29.3876578 ], [ 80.0898159, 29.3891832 ], [ 80.0888734, 29.3889951 ], [ 80.0880553, 29.3933815 ], [ 80.0877053, 29.3935232 ], [ 80.0854423, 29.3917441 ], [ 80.0850274, 29.3929626 ], [ 80.0851909, 29.3981699 ], [ 80.0846292, 29.3993156 ], [ 80.0858646, 29.3994694 ], [ 80.0865514, 29.3976348 ], [ 80.0879417, 29.3954789 ], [ 80.0902421, 29.3965552 ], [ 80.0933501, 29.3985671 ], [ 80.0951061, 29.399891 ], [ 80.0953991, 29.4004958 ], [ 80.0977682, 29.3990371 ] ] ] } },
{ "type": "Feature", "properties": { "gp_code": "22781", "gp_name": "CHAURI RAI", "blkname": "LOHAGHAT", "dtname": "Champawat", "SHAPE_Area": 569429.58829549991 }, "geometry": { "type": "Polygon", "coordinates": [ [ [ 80.0977015, 29.3912691 ], [ 80.0968948, 29.3914285 ], [ 80.0961477, 29.390475 ], [ 80.0965904, 29.3891146 ], [ 80.0962872, 29.3883022 ], [ 80.0955231, 29.3878181 ], [ 80.0939751, 29.3879958 ], [ 80.0901278, 29.3923605 ], [ 80.0911799, 29.3949656 ], [ 80.0926372, 29.3957207 ], [ 80.0938191, 29.3953414 ], [ 80.0958124, 29.3961066 ], [ 80.0972774, 29.3929812 ], [ 80.0977015, 29.3912691 ] ] ] } },
{ "type": "Feature", "properties": { "gp_code": "22802", "gp_name": "KHUNA BORA", "blkname": "LOHAGHAT", "dtname": "Champawat", "SHAPE_Area": 4704623.7599401511 }, "geometry": { "type": "Polygon", "coordinates": [ [ [ 80.1050998, 29.3821619 ], [ 80.1056743, 29.38026 ], [ 80.1074787, 29.3807421 ], [ 80.1081382, 29.3805648 ], [ 80.107666, 29.3793979 ], [ 80.1037766, 29.3734839 ], [ 80.1008878, 29.3711606 ], [ 80.1017193, 29.3674106 ], [ 80.1017322, 29.3656861 ], [ 80.0977454, 29.3654835 ], [ 80.0961327, 29.3640719 ], [ 80.0915291, 29.3641586 ], [ 80.0902794, 29.3645034 ], [ 80.089764, 29.3642814 ], [ 80.0893286, 29.3650569 ], [ 80.084411, 29.3681586 ], [ 80.0833604, 29.3693667 ], [ 80.0812319, 29.3699851 ], [ 80.0874626, 29.3740572 ], [ 80.0899412, 29.3765201 ], [ 80.0937394, 29.3791118 ], [ 80.0944536, 29.3799486 ], [ 80.0949392, 29.3812217 ], [ 80.0956262, 29.3818462 ], [ 80.095883, 29.3832019 ], [ 80.0956804, 29.3861298 ], [ 80.0965901, 29.388726 ], [ 80.0961477, 29.390475 ], [ 80.0968948, 29.3914285 ], [ 80.1016941, 29.3896767 ], [ 80.1024393, 29.3882807 ], [ 80.103326, 29.3874322 ], [ 80.1035787, 29.3855081 ], [ 80.1045865, 29.3833498 ], [ 80.1046262, 29.3825598 ], [ 80.1050998, 29.3821619 ] ] ] } },
{ "type": "Feature", "properties": { "gp_code": "22772", "gp_name": "BALAI", "blkname": "LOHAGHAT", "dtname": "Champawat", "SHAPE_Area": 3888701.4588072463 }, "geometry": { "type": "Polygon", "coordinates": [ [ [ 80.0956191, 29.3851582 ], [ 80.095883, 29.3832019 ], [ 80.0956262, 29.3818462 ], [ 80.0949392, 29.3812217 ], [ 80.0944536, 29.3799486 ], [ 80.0937394, 29.3791118 ], [ 80.0899412, 29.3765201 ], [ 80.0874626, 29.3740572 ], [ 80.0812319, 29.3699851 ], [ 80.079611, 29.3685079 ], [ 80.075084, 29.365518 ], [ 80.0715995, 29.3644556 ], [ 80.0703324, 29.3685682 ], [ 80.0707004, 29.3691016 ], [ 80.0728003, 29.3691949 ], [ 80.0713559, 29.3701576 ], [ 80.0710918, 29.3707993 ], [ 80.0727627, 29.3738405 ], [ 80.0729528, 29.3766584 ], [ 80.0728322, 29.3775663 ], [ 80.0724191, 29.3777687 ], [ 80.0764966, 29.383243 ], [ 80.0781728, 29.3866163 ], [ 80.0790201, 29.3868278 ], [ 80.0814188, 29.3843358 ], [ 80.0841207, 29.3830272 ], [ 80.0906557, 29.3830943 ], [ 80.0927137, 29.383941 ], [ 80.0932587, 29.3845413 ], [ 80.0956191, 29.3851582 ] ] ] } },
{ "type": "Feature", "properties": { "gp_code": "22804", "gp_name": "KOLIDEK", "blkname": "LOHAGHAT", "dtname": "Champawat", "SHAPE_Area": 1978923.4533318961 }, "geometry": { "type": "Polygon", "coordinates": [ [ [ 80.081319, 29.4100303 ], [ 80.0835767, 29.4083295 ], [ 80.0842229, 29.4071755 ], [ 80.0841146, 29.4035187 ], [ 80.0845609, 29.4024987 ], [ 80.0858425, 29.40154 ], [ 80.0858646, 29.3994694 ], [ 80.0846292, 29.3993156 ], [ 80.0841943, 29.3997588 ], [ 80.0824889, 29.400285 ], [ 80.0816779, 29.401264 ], [ 80.0799612, 29.4024598 ], [ 80.0777377, 29.402224 ], [ 80.0761144, 29.402575 ], [ 80.07481, 29.4048419 ], [ 80.0739515, 29.4052646 ], [ 80.0730102, 29.4050796 ], [ 80.0714095, 29.4037515 ], [ 80.0703624, 29.4036181 ], [ 80.0697384, 29.4028355 ], [ 80.0687178, 29.4026685 ], [ 80.0673476, 29.4030347 ], [ 80.0675138, 29.4057541 ], [ 80.0672554, 29.4065989 ], [ 80.0660093, 29.4083301 ], [ 80.0660102, 29.409937 ], [ 80.0665409, 29.4122957 ], [ 80.0701053, 29.4115834 ], [ 80.0725634, 29.4103977 ], [ 80.0761048, 29.4107669 ], [ 80.0787396, 29.4100239 ], [ 80.081319, 29.4100303 ] ] ] } },
{ "type": "Feature", "properties": { "gp_code": "22825", "gp_name": "PAU", "blkname": "LOHAGHAT", "dtname": "Champawat", "SHAPE_Area": 3568133.4483384066 }, "geometry": { "type": "Polygon", "coordinates": [ [ [ 80.0787456, 29.4305956 ], [ 80.0777764, 29.4293949 ], [ 80.0755155, 29.4278416 ], [ 80.0715194, 29.4259711 ], [ 80.0706714, 29.4250177 ], [ 80.0708806, 29.4238232 ], [ 80.0723966, 29.421007 ], [ 80.0748042, 29.4187917 ], [ 80.0756722, 29.4201048 ], [ 80.0752073, 29.4210218 ], [ 80.0770194, 29.4200038 ], [ 80.0774176, 29.417006 ], [ 80.0802258, 29.4114731 ], [ 80.081319, 29.4100303 ], [ 80.0787396, 29.4100239 ], [ 80.0761048, 29.4107669 ], [ 80.0725634, 29.4103977 ], [ 80.0701053, 29.4115834 ], [ 80.0670349, 29.4120792 ], [ 80.0654823, 29.4127288 ], [ 80.0635655, 29.4145013 ], [ 80.063638, 29.4181684 ], [ 80.0631799, 29.4196209 ], [ 80.0615333, 29.4207444 ], [ 80.0608986, 29.4221249 ], [ 80.0607233, 29.4245456 ], [ 80.0611359, 29.4261318 ], [ 80.0614892, 29.4266467 ], [ 80.0633604, 29.4275936 ], [ 80.0642434, 29.428407 ], [ 80.0625139, 29.4304764 ], [ 80.0787456, 29.4305956 ] ] ] } },
{ "type": "Feature", "properties": { "gp_code": "260260", "gp_name": "raikot Mahar", "blkname": "LOHAGHAT", "dtname": "Champawat", "SHAPE_Area": 1265458.0744084087 }, "geometry": { "type": "Polygon", "coordinates": [ [ [ 80.1028642, 29.4140397 ], [ 80.1016301, 29.4134532 ], [ 80.0976156, 29.4131528 ], [ 80.0962384, 29.4122574 ], [ 80.0932858, 29.4128154 ], [ 80.0932521, 29.4149065 ], [ 80.0941946, 29.4166468 ], [ 80.0953867, 29.4214771 ], [ 80.0960576, 29.4218682 ], [ 80.0982697, 29.4220317 ], [ 80.10265, 29.4232693 ], [ 80.1037082, 29.4225734 ], [ 80.1043936, 29.4229662 ], [ 80.1054878, 29.4229987 ], [ 80.1053628, 29.4221547 ], [ 80.1036355, 29.4195327 ], [ 80.1032905, 29.4148183 ], [ 80.1028642, 29.4140397 ] ] ] } },
{ "type": "Feature", "properties": { "gp_code": "22824", "gp_name": "PATAN PATANI", "blkname": "LOHAGHAT", "dtname": "Champawat", "SHAPE_Area": 7376591.6562991692 }, "geometry": { "type": "Polygon", "coordinates": [ [ [ 80.0858126, 29.426087 ], [ 80.0863892, 29.426097 ], [ 80.0876139, 29.4275796 ], [ 80.0886616, 29.4282074 ], [ 80.0917801, 29.4288854 ], [ 80.0949453, 29.4288321 ], [ 80.0990999, 29.4300656 ], [ 80.0994633, 29.4284174 ], [ 80.0988734, 29.4265121 ], [ 80.0995079, 29.4253992 ], [ 80.0989651, 29.4233807 ], [ 80.0993762, 29.422546 ], [ 80.0982697, 29.4220317 ], [ 80.0960576, 29.4218682 ], [ 80.0953867, 29.4214771 ], [ 80.0941946, 29.4166468 ], [ 80.0932521, 29.4149065 ], [ 80.0932858, 29.4128154 ], [ 80.0962384, 29.4122574 ], [ 80.0976156, 29.4131528 ], [ 80.1016301, 29.4134532 ], [ 80.1039135, 29.4142952 ], [ 80.1060011, 29.4136667 ], [ 80.1077063, 29.4141425 ], [ 80.1089869, 29.4135941 ], [ 80.1114299, 29.4156944 ], [ 80.1127817, 29.4157111 ], [ 80.1139412, 29.4150568 ], [ 80.1166555, 29.4158762 ], [ 80.120317, 29.4156086 ], [ 80.1198513, 29.4137806 ], [ 80.1201916, 29.4111485 ], [ 80.1194633, 29.4090292 ], [ 80.1184736, 29.4078465 ], [ 80.1153459, 29.4069656 ], [ 80.1116542, 29.4071801 ], [ 80.1094154, 29.4077469 ], [ 80.1087906, 29.408401 ], [ 80.1025368, 29.4085111 ], [ 80.0965244, 29.4078082 ], [ 80.0953139, 29.4077207 ], [ 80.0946484, 29.4080036 ], [ 80.0938815, 29.4076685 ], [ 80.0924694, 29.4077753 ], [ 80.0913393, 29.40714 ], [ 80.0912186, 29.4077406 ], [ 80.0898475, 29.4086423 ], [ 80.0904482, 29.4096547 ], [ 80.0895542, 29.409923 ], [ 80.0895668, 29.4109839 ], [ 80.0884257, 29.4111907 ], [ 80.086625, 29.4102233 ], [ 80.0842229, 29.4071755 ], [ 80.0835767, 29.4083295 ], [ 80.0806724, 29.4107106 ], [ 80.0774176, 29.417006 ], [ 80.0768668, 29.4206218 ], [ 80.0759503, 29.4225279 ], [ 80.0758691, 29.4242997 ], [ 80.0767411, 29.4264624 ], [ 80.0810382, 29.4301788 ], [ 80.0823442, 29.430034 ], [ 80.0858126, 29.426087 ] ] ] } },
{ "type": "Feature", "properties": { "gp_code": "", "gp_name": "", "blkname": "LOHAGHAT", "dtname": "Champawat", "SHAPE_Area": 760918.07329277333 }, "geometry": { "type": "Polygon", "coordinates": [ [ [ 80.0979314, 29.4310073 ], [ 80.0990999, 29.4300656 ], [ 80.0949453, 29.4288321 ], [ 80.0917801, 29.4288854 ], [ 80.0886616, 29.4282074 ], [ 80.0876139, 29.4275796 ], [ 80.0860478, 29.4259632 ], [ 80.0823442, 29.430034 ], [ 80.0850177, 29.4302855 ], [ 80.0880835, 29.4319248 ], [ 80.0895573, 29.4332132 ], [ 80.0907328, 29.4335251 ], [ 80.0919677, 29.4335765 ], [ 80.0956849, 29.4309436 ], [ 80.0979314, 29.4310073 ] ] ] } },
{ "type": "Feature", "properties": { "gp_code": "", "gp_name": "", "blkname": "BARAKOT", "dtname": "Champawat", "SHAPE_Area": 1535963.453148125 }, "geometry": { "type": "Polygon", "coordinates": [ [ [ 80.0992943, 29.4402813 ], [ 80.0980823, 29.4387631 ], [ 80.0970513, 29.4363615 ], [ 80.0969882, 29.4331821 ], [ 80.0973128, 29.431864 ], [ 80.0979314, 29.4310073 ], [ 80.0956849, 29.4309436 ], [ 80.0919677, 29.4335765 ], [ 80.0907328, 29.4335251 ], [ 80.0895573, 29.4332132 ], [ 80.0880835, 29.4319248 ], [ 80.0850177, 29.4302855 ], [ 80.0823442, 29.430034 ], [ 80.0823182, 29.4306751 ], [ 80.0800264, 29.4347759 ], [ 80.0773565, 29.4367137 ], [ 80.0785481, 29.4370958 ], [ 80.0799601, 29.436318 ], [ 80.0849635, 29.4350436 ], [ 80.0853293, 29.4388499 ], [ 80.087369, 29.4381531 ], [ 80.0886374, 29.4370905 ], [ 80.0909772, 29.4358881 ], [ 80.0912135, 29.4368233 ], [ 80.0933413, 29.440179 ], [ 80.0946538, 29.441291 ], [ 80.0992943, 29.4402813 ] ] ] } },
{ "type": "Feature", "properties": { "gp_code": "", "gp_name": "", "blkname": "LOHAGHAT", "dtname": "Champawat", "SHAPE_Area": 595509.15032051434 }, "geometry": { "type": "Polygon", "coordinates": [ [ [ 80.0810382, 29.4301788 ], [ 80.0767411, 29.4264624 ], [ 80.0758691, 29.4242997 ], [ 80.0760559, 29.4220952 ], [ 80.0770194, 29.4200038 ], [ 80.0752073, 29.4210218 ], [ 80.0756722, 29.4201048 ], [ 80.0748042, 29.4187917 ], [ 80.0723966, 29.421007 ], [ 80.0708806, 29.4238232 ], [ 80.0706714, 29.4250177 ], [ 80.0715194, 29.4259711 ], [ 80.0755155, 29.4278416 ], [ 80.0777764, 29.4293949 ], [ 80.0787456, 29.4305956 ], [ 80.0810382, 29.4301788 ] ] ] } },
{ "type": "Feature", "properties": { "gp_code": "22673", "gp_name": "TADAG", "blkname": "BARAKOT", "dtname": "Champawat", "SHAPE_Area": 2669748.6289393236 }, "geometry": { "type": "Polygon", "coordinates": [ [ [ 80.085328, 29.4369333 ], [ 80.0849635, 29.4350436 ], [ 80.0799601, 29.436318 ], [ 80.0785481, 29.4370958 ], [ 80.074855, 29.4364793 ], [ 80.0689235, 29.4382131 ], [ 80.0670929, 29.4383661 ], [ 80.0630926, 29.4397874 ], [ 80.060454, 29.439497 ], [ 80.0615446, 29.4414573 ], [ 80.0614372, 29.44236 ], [ 80.0620496, 29.4421989 ], [ 80.0635279, 29.4438726 ], [ 80.0636184, 29.4449259 ], [ 80.0628708, 29.4459049 ], [ 80.0662413, 29.4467984 ], [ 80.0681161, 29.4467801 ], [ 80.0681157, 29.446047 ], [ 80.0697905, 29.4460463 ], [ 80.0731565, 29.4473679 ], [ 80.0733535, 29.4468698 ], [ 80.0753888, 29.4454387 ], [ 80.0783717, 29.4453888 ], [ 80.0796636, 29.445918 ], [ 80.0820782, 29.4446479 ], [ 80.0840717, 29.4424763 ], [ 80.0844241, 29.4406264 ], [ 80.0842286, 29.437708 ], [ 80.0838348, 29.4370667 ], [ 80.0842179, 29.4366425 ], [ 80.085328, 29.4369333 ] ] ] } },
{ "type": "Feature", "properties": { "gp_code": "22648", "gp_name": "GUMAID", "blkname": "BARAKOT", "dtname": "Champawat", "SHAPE_Area": 2295608.5346160997 }, "geometry": { "type": "Polygon", "coordinates": [ [ [ 80.083918, 29.4516201 ], [ 80.0877171, 29.4482895 ], [ 80.0885234, 29.4468407 ], [ 80.0891953, 29.4413607 ], [ 80.0904954, 29.4392621 ], [ 80.0912135, 29.4368233 ], [ 80.0909772, 29.4358881 ], [ 80.0886374, 29.4370905 ], [ 80.087369, 29.4381531 ], [ 80.0853293, 29.4388499 ], [ 80.085328, 29.4369333 ], [ 80.0842179, 29.4366425 ], [ 80.0838348, 29.4370667 ], [ 80.0842286, 29.437708 ], [ 80.0844241, 29.4406264 ], [ 80.0840717, 29.4424763 ], [ 80.0820782, 29.4446479 ], [ 80.0809548, 29.4454052 ], [ 80.0796636, 29.445918 ], [ 80.0783717, 29.4453888 ], [ 80.0753888, 29.4454387 ], [ 80.0733535, 29.4468698 ], [ 80.0731565, 29.4473679 ], [ 80.0697905, 29.4460463 ], [ 80.0681157, 29.446047 ], [ 80.0681161, 29.4467801 ], [ 80.0693268, 29.4465941 ], [ 80.0699293, 29.4469794 ], [ 80.0711349, 29.4489581 ], [ 80.0745965, 29.4509986 ], [ 80.0769494, 29.4534287 ], [ 80.0793411, 29.4542992 ], [ 80.083616, 29.4574089 ], [ 80.0832153, 29.4566881 ], [ 80.0830965, 29.4548548 ], [ 80.083918, 29.4516201 ] ] ] } },
{ "type": "Feature", "properties": { "gp_code": "22655", "gp_name": "KHOLASUNAR", "blkname": "BARAKOT", "dtname": "Champawat", "SHAPE_Area": 1104963.4511880444 }, "geometry": { "type": "Polygon", "coordinates": [ [ [ 80.0780936, 29.4625025 ], [ 80.0797334, 29.4592031 ], [ 80.0810977, 29.4579458 ], [ 80.0829095, 29.4570179 ], [ 80.0805727, 29.4550935 ], [ 80.0793411, 29.4542992 ], [ 80.0769494, 29.4534287 ], [ 80.075909, 29.4523757 ], [ 80.0737237, 29.4537512 ], [ 80.0711554, 29.4567261 ], [ 80.0695743, 29.457866 ], [ 80.0690768, 29.4603849 ], [ 80.0742208, 29.4616186 ], [ 80.0751898, 29.4615488 ], [ 80.0780936, 29.4625025 ] ] ] } },
{ "type": "Feature", "properties": { "gp_code": "22646", "gp_name": "FARTOLA", "blkname": "BARAKOT", "dtname": "Champawat", "SHAPE_Area": 585189.84950993606 }, "geometry": { "type": "Polygon", "coordinates": [ [ [ 80.0759628, 29.4617825 ], [ 80.0690768, 29.4603849 ], [ 80.06929, 29.4626405 ], [ 80.0703439, 29.463616 ], [ 80.0721335, 29.4646039 ], [ 80.0748187, 29.4674454 ], [ 80.0786037, 29.4687955 ], [ 80.0784259, 29.466818 ], [ 80.0778606, 29.4662312 ], [ 80.0776464, 29.4625336 ], [ 80.0759628, 29.4617825 ] ] ] } },
{ "type": "Feature", "properties": { "gp_code": "22646", "gp_name": "FARTOLA", "blkname": "BARAKOT", "dtname": "Champawat", "SHAPE_Area": 1626419.0051329075 }, "geometry": { "type": "Polygon", "coordinates": [ [ [ 80.0860171, 29.4576549 ], [ 80.0829095, 29.4570179 ], [ 80.0810977, 29.4579458 ], [ 80.0797334, 29.4592031 ], [ 80.0780936, 29.4625025 ], [ 80.0828084, 29.4643956 ], [ 80.0841335, 29.4676812 ], [ 80.0861148, 29.4711194 ], [ 80.08799, 29.4762244 ], [ 80.0921325, 29.475048 ], [ 80.0912315, 29.4744768 ], [ 80.0902233, 29.4719025 ], [ 80.0892846, 29.4708904 ], [ 80.0889151, 29.4696064 ], [ 80.0888781, 29.4672941 ], [ 80.0899472, 29.4646104 ], [ 80.0899055, 29.4638945 ], [ 80.0891868, 29.4630246 ], [ 80.089351, 29.4620975 ], [ 80.0898508, 29.4614869 ], [ 80.0897857, 29.46099 ], [ 80.0886311, 29.4593014 ], [ 80.0873592, 29.4582309 ], [ 80.0860171, 29.4576549 ] ] ] } },
{ "type": "Feature", "properties": { "gp_code": "22649", "gp_name": "GWEENARA", "blkname": "BARAKOT", "dtname": "Champawat", "SHAPE_Area": 600798.99163973809 }, "geometry": { "type": "Polygon", "coordinates": [ [ [ 80.0952711, 29.4543949 ], [ 80.0941328, 29.4510376 ], [ 80.093379, 29.4503788 ], [ 80.0924153, 29.4519245 ], [ 80.0903688, 29.4537591 ], [ 80.0884883, 29.4573033 ], [ 80.0881128, 29.4588073 ], [ 80.0894085, 29.4603311 ], [ 80.0898508, 29.4614869 ], [ 80.0921155, 29.4602136 ], [ 80.093468, 29.4589614 ], [ 80.0940724, 29.4567774 ], [ 80.0952711, 29.4543949 ] ] ] } },
{ "type": "Feature", "properties": { "gp_code": "22674", "gp_name": "TALLA BAPRU", "blkname": "BARAKOT", "dtname": "Champawat", "SHAPE_Area": 3455194.873026357 }, "geometry": { "type": "Polygon", "coordinates": [ [ [ 80.0973593, 29.4757246 ], [ 80.0987618, 29.4743445 ], [ 80.0991219, 29.4720106 ], [ 80.1012124, 29.466365 ], [ 80.1036415, 29.4646226 ], [ 80.104181, 29.4624284 ], [ 80.1066011, 29.4602563 ], [ 80.1073734, 29.4589243 ], [ 80.1094436, 29.4575325 ], [ 80.1096485, 29.4562757 ], [ 80.1089754, 29.4537114 ], [ 80.1077364, 29.456792 ], [ 80.1067891, 29.4568854 ], [ 80.1048342, 29.4554755 ], [ 80.1044106, 29.4555839 ], [ 80.1024288, 29.4571354 ], [ 80.100717, 29.4578369 ], [ 80.0999351, 29.4588777 ], [ 80.099117, 29.4587186 ], [ 80.0977942, 29.45691 ], [ 80.0975261, 29.4560003 ], [ 80.095701, 29.4550177 ], [ 80.0952711, 29.4543949 ], [ 80.0940724, 29.4567774 ], [ 80.093468, 29.4589614 ], [ 80.0921155, 29.4602136 ], [ 80.0895561, 29.4616751 ], [ 80.0891868, 29.4630246 ], [ 80.0899055, 29.4638945 ], [ 80.0899472, 29.4646104 ], [ 80.0888781, 29.4672941 ], [ 80.0889151, 29.4696064 ], [ 80.0892846, 29.4708904 ], [ 80.0902233, 29.4719025 ], [ 80.0912315, 29.4744768 ], [ 80.0915556, 29.4748784 ], [ 80.0929995, 29.4748517 ], [ 80.0935333, 29.4751913 ], [ 80.0944528, 29.4769006 ], [ 80.0957012, 29.4777444 ], [ 80.0969155, 29.4802156 ], [ 80.0991707, 29.478348 ], [ 80.0973474, 29.4763928 ], [ 80.0973593, 29.4757246 ] ] ] } },
{ "type": "Feature", "properties": { "gp_code": "22658", "gp_name": "MALLA BAPARU", "blkname": "BARAKOT", "dtname": "Champawat", "SHAPE_Area": 3435562.9112806832 }, "geometry": { "type": "Polygon", "coordinates": [ [ [ 80.1024288, 29.4571354 ], [ 80.1048342, 29.4554755 ], [ 80.1070657, 29.4569624 ], [ 80.1079363, 29.456555 ], [ 80.1081764, 29.4552106 ], [ 80.1089754, 29.4537114 ], [ 80.1078825, 29.4509374 ], [ 80.1069854, 29.4496407 ], [ 80.1052575, 29.449746 ], [ 80.105398, 29.4515112 ], [ 80.1039741, 29.451598 ], [ 80.1028038, 29.4521872 ], [ 80.1018059, 29.4506693 ], [ 80.1016822, 29.4483872 ], [ 80.1009504, 29.4469323 ], [ 80.0976637, 29.4452987 ], [ 80.094971, 29.4421417 ], [ 80.0946538, 29.441291 ], [ 80.0933413, 29.440179 ], [ 80.0912135, 29.4368233 ], [ 80.0904954, 29.4392621 ], [ 80.0891953, 29.4413607 ], [ 80.0885234, 29.4468407 ], [ 80.0877171, 29.4482895 ], [ 80.083918, 29.4516201 ], [ 80.0837066, 29.4521765 ], [ 80.0830965, 29.4548548 ], [ 80.0832153, 29.4566881 ], [ 80.083616, 29.4574089 ], [ 80.0860171, 29.4576549 ], [ 80.0881128, 29.4588073 ], [ 80.0884883, 29.4573033 ], [ 80.0903688, 29.4537591 ], [ 80.0924153, 29.4519245 ], [ 80.093379, 29.4503788 ], [ 80.0941328, 29.4510376 ], [ 80.095701, 29.4550177 ], [ 80.0975261, 29.4560003 ], [ 80.0977942, 29.45691 ], [ 80.0994586, 29.4588986 ], [ 80.0999351, 29.4588777 ], [ 80.100717, 29.4578369 ], [ 80.1024288, 29.4571354 ] ] ] } },
{ "type": "Feature", "properties": { "gp_code": "", "gp_name": "", "blkname": "BARAKOT", "dtname": "Champawat", "SHAPE_Area": 1389436.7631111552 }, "geometry": { "type": "Polygon", "coordinates": [ [ [ 80.1147356, 29.4498912 ], [ 80.1137887, 29.4467057 ], [ 80.1142721, 29.4455173 ], [ 80.1138278, 29.4451114 ], [ 80.1114464, 29.4449011 ], [ 80.110443, 29.4443302 ], [ 80.109038, 29.4429966 ], [ 80.1062545, 29.4384223 ], [ 80.1048284, 29.4375221 ], [ 80.1010634, 29.4334976 ], [ 80.0969882, 29.4331821 ], [ 80.0970513, 29.4363615 ], [ 80.0980823, 29.4387631 ], [ 80.0992943, 29.4402813 ], [ 80.1001019, 29.4408108 ], [ 80.1034839, 29.4422257 ], [ 80.1046037, 29.4429981 ], [ 80.1051732, 29.4441422 ], [ 80.1058586, 29.4473248 ], [ 80.1091648, 29.4470973 ], [ 80.1104685, 29.4474343 ], [ 80.1116726, 29.4479867 ], [ 80.1140883, 29.4499843 ], [ 80.1147356, 29.4498912 ] ] ] } },
{ "type": "Feature", "properties": { "gp_code": "22634", "gp_name": "BANTOLI", "blkname": "BARAKOT", "dtname": "Champawat", "SHAPE_Area": 947029.90454166569 }, "geometry": { "type": "Polygon", "coordinates": [ [ [ 80.1034839, 29.4422257 ], [ 80.0992943, 29.4402813 ], [ 80.0946538, 29.441291 ], [ 80.094971, 29.4421417 ], [ 80.0976637, 29.4452987 ], [ 80.1009504, 29.4469323 ], [ 80.1016822, 29.4483872 ], [ 80.1018059, 29.4506693 ], [ 80.1028038, 29.4521872 ], [ 80.1039741, 29.451598 ], [ 80.105398, 29.4515112 ], [ 80.1052575, 29.449746 ], [ 80.1069854, 29.4496407 ], [ 80.1056671, 29.4470157 ], [ 80.1051732, 29.4441422 ], [ 80.1046037, 29.4429981 ], [ 80.1034839, 29.4422257 ] ] ] } },
{ "type": "Feature", "properties": { "gp_code": "22630", "gp_name": "AAGAR", "blkname": "BARAKOT", "dtname": "Champawat", "SHAPE_Area": 3071849.8797519547 }, "geometry": { "type": "Polygon", "coordinates": [ [ [ 80.1204876, 29.4455438 ], [ 80.1211323, 29.4445541 ], [ 80.1220612, 29.4450832 ], [ 80.1254921, 29.4454692 ], [ 80.1256101, 29.4423251 ], [ 80.1251651, 29.441301 ], [ 80.1241151, 29.440666 ], [ 80.1229445, 29.4405255 ], [ 80.1227852, 29.4374743 ], [ 80.1232118, 29.4353588 ], [ 80.1228457, 29.4325329 ], [ 80.1216464, 29.4321599 ], [ 80.1180288, 29.4296394 ], [ 80.1142592, 29.4295608 ], [ 80.1147661, 29.4304496 ], [ 80.1145761, 29.4307241 ], [ 80.115829, 29.4327192 ], [ 80.1159711, 29.4335669 ], [ 80.1139949, 29.4348754 ], [ 80.1127046, 29.4362011 ], [ 80.1116166, 29.4380035 ], [ 80.107871, 29.4409117 ], [ 80.109038, 29.4429966 ], [ 80.110443, 29.4443302 ], [ 80.1114464, 29.4449011 ], [ 80.1138278, 29.4451114 ], [ 80.1142721, 29.4455173 ], [ 80.1137887, 29.4467057 ], [ 80.1147356, 29.4498912 ], [ 80.1156179, 29.4499877 ], [ 80.1177902, 29.451284 ], [ 80.1226115, 29.4526973 ], [ 80.1223497, 29.4510178 ], [ 80.1215353, 29.4499925 ], [ 80.1221457, 29.4488631 ], [ 80.1219028, 29.4481921 ], [ 80.1208928, 29.4471684 ], [ 80.1204876, 29.4455438 ] ] ] } },
{ "type": "Feature", "properties": { "gp_code": "22640", "gp_name": "CHHANDA", "blkname": "BARAKOT", "dtname": "Champawat", "SHAPE_Area": 1878675.8801404641 }, "geometry": { "type": "Polygon", "coordinates": [ [ [ 80.130176, 29.4474084 ], [ 80.1317267, 29.4444486 ], [ 80.1314409, 29.4413578 ], [ 80.1307117, 29.4388149 ], [ 80.1297519, 29.4376234 ], [ 80.128389, 29.4367766 ], [ 80.1227852, 29.4374743 ], [ 80.1229445, 29.4405255 ], [ 80.1241151, 29.440666 ], [ 80.1251651, 29.441301 ], [ 80.1256101, 29.4423251 ], [ 80.1256519, 29.4437734 ], [ 80.1254921, 29.4454692 ], [ 80.1220612, 29.4450832 ], [ 80.1211323, 29.4445541 ], [ 80.1204876, 29.4455438 ], [ 80.1208928, 29.4471684 ], [ 80.1219028, 29.4481921 ], [ 80.1221457, 29.4488631 ], [ 80.1215353, 29.4499925 ], [ 80.1223497, 29.4510178 ], [ 80.1226115, 29.4526973 ], [ 80.122463, 29.4572398 ], [ 80.122684, 29.4583832 ], [ 80.1236769, 29.4589693 ], [ 80.1254641, 29.4575323 ], [ 80.1244797, 29.4552671 ], [ 80.1243356, 29.454211 ], [ 80.1301308, 29.4507733 ], [ 80.1304614, 29.4501283 ], [ 80.130176, 29.4474084 ] ] ] } },
{ "type": "Feature", "properties": { "gp_code": "22654", "gp_name": "KHAKORA", "blkname": "BARAKOT", "dtname": "Champawat", "SHAPE_Area": 2622959.8160266769 }, "geometry": { "type": "Polygon", "coordinates": [ [ [ 80.1297268, 29.4704901 ], [ 80.1293106, 29.4664528 ], [ 80.1281379, 29.4650505 ], [ 80.1277661, 29.4638894 ], [ 80.1270001, 29.4629425 ], [ 80.1251775, 29.4613757 ], [ 80.1236769, 29.4589693 ], [ 80.122684, 29.4583832 ], [ 80.122463, 29.4572398 ], [ 80.1226115, 29.4526973 ], [ 80.1177902, 29.451284 ], [ 80.1156179, 29.4499877 ], [ 80.1140883, 29.4499843 ], [ 80.1162443, 29.452393 ], [ 80.1174797, 29.4532631 ], [ 80.1181764, 29.4544517 ], [ 80.1182024, 29.457006 ], [ 80.1179991, 29.4587026 ], [ 80.1163122, 29.4620339 ], [ 80.116632, 29.464104 ], [ 80.1151975, 29.4656912 ], [ 80.1146928, 29.4671953 ], [ 80.1127419, 29.4703587 ], [ 80.1128249, 29.4709561 ], [ 80.1142934, 29.4710796 ], [ 80.1152718, 29.4705049 ], [ 80.1166447, 29.4709278 ], [ 80.1189352, 29.4704846 ], [ 80.1215036, 29.4714382 ], [ 80.1243547, 29.4716891 ], [ 80.1258296, 29.4693396 ], [ 80.1263237, 29.4690715 ], [ 80.1266716, 29.4713394 ], [ 80.1272449, 29.4720885 ], [ 80.1297268, 29.4704901 ] ] ] } },
{ "type": "Feature", "properties": { "gp_code": "22643", "gp_name": "DAYARTOLI", "blkname": "BARAKOT", "dtname": "Champawat", "SHAPE_Area": 4844733.5256784474 }, "geometry": { "type": "Polygon", "coordinates": [ [ [ 80.1047291, 29.4779813 ], [ 80.1064572, 29.4747649 ], [ 80.1075205, 29.4756667 ], [ 80.1097222, 29.4762832 ], [ 80.1111477, 29.4776212 ], [ 80.1117142, 29.4792172 ], [ 80.1123798, 29.4798451 ], [ 80.1134296, 29.4757657 ], [ 80.1134631, 29.4737881 ], [ 80.1126728, 29.4720273 ], [ 80.1127419, 29.4703587 ], [ 80.1146928, 29.4671953 ], [ 80.1151975, 29.4656912 ], [ 80.116632, 29.464104 ], [ 80.1163122, 29.4620339 ], [ 80.1179991, 29.4587026 ], [ 80.1182024, 29.457006 ], [ 80.1181764, 29.4544517 ], [ 80.1174797, 29.4532631 ], [ 80.1116726, 29.4479867 ], [ 80.1091648, 29.4470973 ], [ 80.1058586, 29.4473248 ], [ 80.1078825, 29.4509374 ], [ 80.1089754, 29.4537114 ], [ 80.1096199, 29.457177 ], [ 80.1092371, 29.4577298 ], [ 80.1073734, 29.4589243 ], [ 80.1066011, 29.4602563 ], [ 80.104181, 29.4624284 ], [ 80.1036415, 29.4646226 ], [ 80.1012124, 29.466365 ], [ 80.0991219, 29.4720106 ], [ 80.0987618, 29.4743445 ], [ 80.0973593, 29.4757246 ], [ 80.0973474, 29.4763928 ], [ 80.0998341, 29.479256 ], [ 80.0995667, 29.4798535 ], [ 80.1004965, 29.4795748 ], [ 80.1012728, 29.4789048 ], [ 80.1047291, 29.4779813 ] ] ] } },
{ "type": "Feature", "properties": { "gp_code": "22634", "gp_name": "BANTOLI", "blkname": "BARAKOT", "dtname": "Champawat", "SHAPE_Area": 1458146.7382257855 }, "geometry": { "type": "Polygon", "coordinates": [ [ [ 80.1101817, 29.4869865 ], [ 80.111552, 29.4846955 ], [ 80.1102532, 29.4842238 ], [ 80.1091458, 29.4833594 ], [ 80.108898, 29.4827519 ], [ 80.1090623, 29.4821029 ], [ 80.111181, 29.4804177 ], [ 80.1123798, 29.4798451 ], [ 80.1117142, 29.4792172 ], [ 80.1111477, 29.4776212 ], [ 80.1097222, 29.4762832 ], [ 80.1075205, 29.4756667 ], [ 80.1064572, 29.4747649 ], [ 80.1047291, 29.4779813 ], [ 80.1012728, 29.4789048 ], [ 80.0989668, 29.4803791 ], [ 80.0986387, 29.4821509 ], [ 80.0990443, 29.4842286 ], [ 80.0977412, 29.4859726 ], [ 80.104906, 29.4855654 ], [ 80.1060175, 29.4868221 ], [ 80.1071944, 29.4864917 ], [ 80.1090428, 29.4865935 ], [ 80.1101817, 29.4869865 ] ] ] } },
{ "type": "Feature", "properties": { "gp_code": "22640", "gp_name": "CHHANDA", "blkname": "BARAKOT", "dtname": "Champawat", "SHAPE_Area": 1321816.4499339445 }, "geometry": { "type": "Polygon", "coordinates": [ [ [ 80.1215265, 29.4801577 ], [ 80.1234667, 29.478285 ], [ 80.1242084, 29.4782845 ], [ 80.1247149, 29.4786514 ], [ 80.1243547, 29.4716891 ], [ 80.1215036, 29.4714382 ], [ 80.1189352, 29.4704846 ], [ 80.1166447, 29.4709278 ], [ 80.1152718, 29.4705049 ], [ 80.1142934, 29.4710796 ], [ 80.1128249, 29.4709561 ], [ 80.1126728, 29.4720273 ], [ 80.1134631, 29.4737881 ], [ 80.1134296, 29.4757657 ], [ 80.1123798, 29.4798451 ], [ 80.1144034, 29.4786591 ], [ 80.1170989, 29.4785645 ], [ 80.1186177, 29.4789032 ], [ 80.1212212, 29.4809406 ], [ 80.1215265, 29.4801577 ] ] ] } },
{ "type": "Feature", "properties": { "gp_code": "", "gp_name": "", "blkname": "BARAKOT", "dtname": "Champawat", "SHAPE_Area": 9757574.1367318649 }, "geometry": { "type": "Polygon", "coordinates": [ [ [ 80.1040555, 29.4985904 ], [ 80.1056047, 29.4972097 ], [ 80.1086416, 29.4976004 ], [ 80.110296, 29.4969403 ], [ 80.112422, 29.496642 ], [ 80.1156421, 29.4936553 ], [ 80.1200492, 29.4925213 ], [ 80.1225199, 29.4903029 ], [ 80.124397, 29.4899306 ], [ 80.1260022, 29.4902473 ], [ 80.1270628, 29.4909176 ], [ 80.1278916, 29.4919766 ], [ 80.128064, 29.4928419 ], [ 80.1298984, 29.4910187 ], [ 80.1326094, 29.4889807 ], [ 80.1394814, 29.4880288 ], [ 80.139845, 29.487379 ], [ 80.1378442, 29.485332 ], [ 80.1431568, 29.4810885 ], [ 80.1419988, 29.472911 ], [ 80.1417464, 29.4666488 ], [ 80.1400011, 29.4671537 ], [ 80.1388216, 29.468188 ], [ 80.1375926, 29.470546 ], [ 80.1364352, 29.4709778 ], [ 80.1310731, 29.4701549 ], [ 80.1297268, 29.4704901 ], [ 80.1272449, 29.4720885 ], [ 80.1266716, 29.4713394 ], [ 80.1263237, 29.4690715 ], [ 80.1258296, 29.4693396 ], [ 80.1243547, 29.4716891 ], [ 80.1247149, 29.4786514 ], [ 80.1242084, 29.4782845 ], [ 80.1234667, 29.478285 ], [ 80.1215265, 29.4801577 ], [ 80.1212212, 29.4809406 ], [ 80.1186177, 29.4789032 ], [ 80.1159923, 29.4784829 ], [ 80.1144034, 29.4786591 ], [ 80.1132741, 29.4795148 ], [ 80.111181, 29.4804177 ], [ 80.1090623, 29.4821029 ], [ 80.108898, 29.4827519 ], [ 80.1091458, 29.4833594 ], [ 80.1102532, 29.4842238 ], [ 80.111552, 29.4846955 ], [ 80.1101817, 29.4869865 ], [ 80.1090428, 29.4865935 ], [ 80.1071944, 29.4864917 ], [ 80.1060175, 29.4868221 ], [ 80.104906, 29.4855654 ], [ 80.0977412, 29.4859726 ], [ 80.0988723, 29.4872078 ], [ 80.095704, 29.490651 ], [ 80.0961424, 29.4933455 ], [ 80.0957394, 29.4942641 ], [ 80.0898197, 29.49455 ], [ 80.0878661, 29.4942686 ], [ 80.0861709, 29.4951173 ], [ 80.0861251, 29.4963323 ], [ 80.095114, 29.4965943 ], [ 80.100503, 29.4994227 ], [ 80.1025014, 29.4991919 ], [ 80.1040555, 29.4985904 ] ], [ [ 80.1308133, 29.4798098 ], [ 80.1300845, 29.4777262 ], [ 80.1309297, 29.4754118 ], [ 80.1315344, 29.4745282 ], [ 80.1326641, 29.4738561 ], [ 80.1331673, 29.4726193 ], [ 80.1337411, 29.4724177 ], [ 80.135893, 29.4732883 ], [ 80.1363376, 29.4737648 ], [ 80.1363184, 29.4746832 ], [ 80.134586, 29.4778638 ], [ 80.1339632, 29.4805842 ], [ 80.1320253, 29.4805506 ], [ 80.1308133, 29.4798098 ] ] ] } },
{ "type": "Feature", "properties": { "gp_code": "22670", "gp_name": "SINGADA", "blkname": "BARAKOT", "dtname": "Champawat", "SHAPE_Area": 2462767.0222165165 }, "geometry": { "type": "Polygon", "coordinates": [ [ [ 80.1296824, 29.5016758 ], [ 80.1254686, 29.4966736 ], [ 80.1254166, 29.4954732 ], [ 80.128064, 29.4928419 ], [ 80.1278916, 29.4919766 ], [ 80.1270628, 29.4909176 ], [ 80.1260022, 29.4902473 ], [ 80.124397, 29.4899306 ], [ 80.1233878, 29.4900727 ], [ 80.1221094, 29.4905495 ], [ 80.1215823, 29.4913545 ], [ 80.1200492, 29.4925213 ], [ 80.1156421, 29.4936553 ], [ 80.112422, 29.496642 ], [ 80.110296, 29.4969403 ], [ 80.1126067, 29.4998915 ], [ 80.1130805, 29.5001224 ], [ 80.111682, 29.5006798 ], [ 80.1107474, 29.5016502 ], [ 80.1096142, 29.5044048 ], [ 80.1096592, 29.505405 ], [ 80.1099335, 29.5056817 ], [ 80.1107685, 29.5057338 ], [ 80.110966, 29.5054108 ], [ 80.1125533, 29.5058084 ], [ 80.1139973, 29.5053655 ], [ 80.1212474, 29.5012367 ], [ 80.1227797, 29.5020769 ], [ 80.1259723, 29.5025464 ], [ 80.1296824, 29.5016758 ] ] ] } },
{ "type": "Feature", "properties": { "gp_code": "", "gp_name": "", "blkname": "BARAKOT", "dtname": "Champawat", "SHAPE_Area": 1866136.2939334491 }, "geometry": { "type": "Polygon", "coordinates": [ [ [ 80.097473, 29.4885507 ], [ 80.0931812, 29.4884755 ], [ 80.0889114, 29.489267 ], [ 80.0855603, 29.490501 ], [ 80.0844538, 29.4905325 ], [ 80.0837704, 29.4896059 ], [ 80.0830037, 29.4874743 ], [ 80.083144, 29.485919 ], [ 80.0836146, 29.4855685 ], [ 80.0838258, 29.4846621 ], [ 80.0775872, 29.4851802 ], [ 80.0769343, 29.486056 ], [ 80.0766885, 29.488322 ], [ 80.0772519, 29.4915143 ], [ 80.0784723, 29.4922998 ], [ 80.0802102, 29.4950012 ], [ 80.0812406, 29.4960074 ], [ 80.0861251, 29.4963323 ], [ 80.0861709, 29.4951173 ], [ 80.0878661, 29.4942686 ], [ 80.0898197, 29.49455 ], [ 80.0957394, 29.4942641 ], [ 80.0961424, 29.4933455 ], [ 80.095704, 29.490651 ], [ 80.097473, 29.4885507 ] ] ] } },
{ "type": "Feature", "properties": { "gp_code": "22642", "gp_name": "CHURANI", "blkname": "BARAKOT", "dtname": "Champawat", "SHAPE_Area": 3054064.7357976544 }, "geometry": { "type": "Polygon", "coordinates": [ [ [ 80.0931812, 29.4884755 ], [ 80.097473, 29.4885507 ], [ 80.0988723, 29.4872078 ], [ 80.0977412, 29.4859726 ], [ 80.0989114, 29.4846638 ], [ 80.0986852, 29.4814196 ], [ 80.0989668, 29.4803791 ], [ 80.0998341, 29.479256 ], [ 80.0991707, 29.478348 ], [ 80.0969155, 29.4802156 ], [ 80.0957012, 29.4777444 ], [ 80.0944528, 29.4769006 ], [ 80.0940517, 29.475809 ], [ 80.0929995, 29.4748517 ], [ 80.08799, 29.4762244 ], [ 80.0846471, 29.4763705 ], [ 80.0843352, 29.4771058 ], [ 80.0803182, 29.480714 ], [ 80.0777191, 29.4844952 ], [ 80.0775872, 29.4851802 ], [ 80.0838258, 29.4846621 ], [ 80.0836146, 29.4855685 ], [ 80.083144, 29.485919 ], [ 80.0830037, 29.4874743 ], [ 80.0837704, 29.4896059 ], [ 80.0844538, 29.4905325 ], [ 80.0855603, 29.490501 ], [ 80.0889114, 29.489267 ], [ 80.0931812, 29.4884755 ] ] ] } },
{ "type": "Feature", "properties": { "gp_code": "22754", "gp_name": "RUIEYAN", "blkname": "BARAKOT", "dtname": "Champawat", "SHAPE_Area": 1001371.3790381014 }, "geometry": { "type": "Polygon", "coordinates": [ [ [ 80.0828084, 29.4643956 ], [ 80.0776464, 29.4625336 ], [ 80.0778606, 29.4662312 ], [ 80.0784259, 29.466818 ], [ 80.0786501, 29.4676831 ], [ 80.0785228, 29.4710512 ], [ 80.0824087, 29.4735212 ], [ 80.0845173, 29.4758375 ], [ 80.0846471, 29.4763705 ], [ 80.08799, 29.4762244 ], [ 80.0861148, 29.4711194 ], [ 80.0841335, 29.4676812 ], [ 80.0828084, 29.4643956 ] ] ] } },
{ "type": "Feature", "properties": { "gp_code": "22635", "gp_name": "BARAKOT", "blkname": "BARAKOT", "dtname": "Champawat", "SHAPE_Area": 4603128.1413818551 }, "geometry": { "type": "Polygon", "coordinates": [ [ [ 80.0772517, 29.4854378 ], [ 80.0803182, 29.480714 ], [ 80.0843352, 29.4771058 ], [ 80.0846471, 29.4763705 ], [ 80.0845173, 29.4758375 ], [ 80.0824087, 29.4735212 ], [ 80.0785228, 29.4710512 ], [ 80.0786037, 29.4687955 ], [ 80.0748187, 29.4674454 ], [ 80.0721335, 29.4646039 ], [ 80.0703439, 29.463616 ], [ 80.06929, 29.4626405 ], [ 80.0652647, 29.4626112 ], [ 80.0634759, 29.4629828 ], [ 80.0638649, 29.4641156 ], [ 80.0637478, 29.4652589 ], [ 80.0632185, 29.4659596 ], [ 80.0632775, 29.467722 ], [ 80.0623609, 29.4692352 ], [ 80.0627732, 29.4697295 ], [ 80.0620911, 29.4709657 ], [ 80.0622212, 29.4721811 ], [ 80.0637437, 29.4742172 ], [ 80.0638856, 29.4756797 ], [ 80.0650518, 29.4771933 ], [ 80.0681179, 29.4870205 ], [ 80.0698126, 29.4866258 ], [ 80.0703181, 29.4854102 ], [ 80.0713397, 29.4846096 ], [ 80.0724131, 29.4845853 ], [ 80.0734601, 29.483524 ], [ 80.0753907, 29.4837187 ], [ 80.0772517, 29.4854378 ] ] ] } },
{ "type": "Feature", "properties": { "gp_code": "22642", "gp_name": "CHURANI", "blkname": "BARAKOT", "dtname": "Champawat", "SHAPE_Area": 1363469.0189488016 }, "geometry": { "type": "Polygon", "coordinates": [ [ [ 80.0733371, 29.4964483 ], [ 80.0772519, 29.4915143 ], [ 80.0766885, 29.488322 ], [ 80.0772517, 29.4854378 ], [ 80.0753907, 29.4837187 ], [ 80.0734601, 29.483524 ], [ 80.0724131, 29.4845853 ], [ 80.0713397, 29.4846096 ], [ 80.0703181, 29.4854102 ], [ 80.0698126, 29.4866258 ], [ 80.0681179, 29.4870205 ], [ 80.0658228, 29.4881414 ], [ 80.0656347, 29.4888419 ], [ 80.0661652, 29.4900982 ], [ 80.0675359, 29.4915485 ], [ 80.0676379, 29.492281 ], [ 80.0671092, 29.4942278 ], [ 80.0722461, 29.4950359 ], [ 80.0733371, 29.4964483 ] ] ] } },
{ "type": "Feature", "properties": { "gp_code": "22662", "gp_name": "PAMDA", "blkname": "BARAKOT", "dtname": "Champawat", "SHAPE_Area": 1474836.3363391415 }, "geometry": { "type": "Polygon", "coordinates": [ [ [ 80.0603747, 29.493416 ], [ 80.0628608, 29.4934157 ], [ 80.0671092, 29.4942278 ], [ 80.0676379, 29.492281 ], [ 80.0675359, 29.4915485 ], [ 80.0661652, 29.4900982 ], [ 80.0656347, 29.4888419 ], [ 80.0661637, 29.487835 ], [ 80.0681179, 29.4870205 ], [ 80.067484, 29.4853112 ], [ 80.0656388, 29.4858328 ], [ 80.0640161, 29.4852214 ], [ 80.0611583, 29.4848579 ], [ 80.0593534, 29.4869286 ], [ 80.0570581, 29.4870087 ], [ 80.0558923, 29.4866209 ], [ 80.0549634, 29.4896298 ], [ 80.0572983, 29.4951272 ], [ 80.0585403, 29.4973824 ], [ 80.060263, 29.4994729 ], [ 80.0625471, 29.4996368 ], [ 80.061023, 29.4982019 ], [ 80.0609005, 29.4953674 ], [ 80.0600596, 29.4936716 ], [ 80.0603747, 29.493416 ] ] ] } },
{ "type": "Feature", "properties": { "gp_code": "22637", "gp_name": "BISRADI", "blkname": "BARAKOT", "dtname": "Champawat", "SHAPE_Area": 3162285.9462859747 }, "geometry": { "type": "Polygon", "coordinates": [ [ [ 80.0451724, 29.4977166 ], [ 80.0462522, 29.4973559 ], [ 80.0510093, 29.4994864 ], [ 80.060263, 29.4994729 ], [ 80.0585403, 29.4973824 ], [ 80.0572983, 29.4951272 ], [ 80.0549634, 29.4896298 ], [ 80.0558923, 29.4866209 ], [ 80.0537852, 29.4862212 ], [ 80.0523865, 29.4845923 ], [ 80.0512459, 29.4843821 ], [ 80.0510081, 29.4824023 ], [ 80.0501431, 29.4817541 ], [ 80.0494651, 29.4801266 ], [ 80.0486199, 29.4798337 ], [ 80.0474291, 29.4802579 ], [ 80.0459554, 29.4799404 ], [ 80.0448031, 29.4802619 ], [ 80.0443916, 29.4814951 ], [ 80.0448545, 29.4844895 ], [ 80.0425161, 29.48611 ], [ 80.0417942, 29.4884926 ], [ 80.0406181, 29.4896579 ], [ 80.0404222, 29.4903643 ], [ 80.0408347, 29.4917752 ], [ 80.0432601, 29.4925573 ], [ 80.0434275, 29.4944292 ], [ 80.0442101, 29.4958655 ], [ 80.0440861, 29.4979127 ], [ 80.0429684, 29.4999008 ], [ 80.0436512, 29.4998697 ], [ 80.0451724, 29.4977166 ] ] ] } },
{ "type": "Feature", "properties": { "gp_code": "22661", "gp_name": "NADERA", "blkname": "BARAKOT", "dtname": "Champawat", "SHAPE_Area": 1191584.324151797 }, "geometry": { "type": "Polygon", "coordinates": [ [ [ 80.0588538, 29.4760524 ], [ 80.0597, 29.4734772 ], [ 80.0592438, 29.473243 ], [ 80.0566427, 29.4738722 ], [ 80.0565492, 29.4752731 ], [ 80.0558309, 29.4747275 ], [ 80.055419, 29.4748924 ], [ 80.0537251, 29.4773545 ], [ 80.0525962, 29.4798887 ], [ 80.0519842, 29.480136 ], [ 80.0515842, 29.4807954 ], [ 80.0510081, 29.4824023 ], [ 80.0510087, 29.4838872 ], [ 80.0512459, 29.4843821 ], [ 80.0523865, 29.4845923 ], [ 80.0537852, 29.4862212 ], [ 80.0570581, 29.4870087 ], [ 80.0593534, 29.4869286 ], [ 80.0595174, 29.4851467 ], [ 80.0604342, 29.4822728 ], [ 80.059904, 29.4813152 ], [ 80.0597129, 29.4799663 ], [ 80.0590199, 29.4789054 ], [ 80.0588538, 29.4760524 ] ] ] } },
{ "type": "Feature", "properties": { "gp_code": "22631", "gp_name": "BAIRA BADWAL", "blkname": "BARAKOT", "dtname": "Champawat", "SHAPE_Area": 3051663.509012728 }, "geometry": { "type": "Polygon", "coordinates": [ [ [ 80.0452489, 29.4799583 ], [ 80.0474291, 29.4802579 ], [ 80.0486199, 29.4798337 ], [ 80.0494651, 29.4801266 ], [ 80.0452616, 29.4770894 ], [ 80.0484424, 29.4750057 ], [ 80.0501098, 29.4733594 ], [ 80.0550175, 29.4721013 ], [ 80.0550029, 29.4700157 ], [ 80.0569676, 29.4701992 ], [ 80.0566281, 29.4690992 ], [ 80.0558044, 29.4681047 ], [ 80.0556506, 29.4664877 ], [ 80.0550266, 29.4659729 ], [ 80.0532135, 29.4649538 ], [ 80.048987, 29.4667857 ], [ 80.0466234, 29.467397 ], [ 80.0464828, 29.4693539 ], [ 80.0456479, 29.4715789 ], [ 80.0439068, 29.4739689 ], [ 80.0433895, 29.4755347 ], [ 80.0407521, 29.4736711 ], [ 80.0353689, 29.4725007 ], [ 80.0291922, 29.4690593 ], [ 80.0280507, 29.4702646 ], [ 80.0275802, 29.4717067 ], [ 80.0285226, 29.4750746 ], [ 80.0284521, 29.4757543 ], [ 80.0303824, 29.4748888 ], [ 80.031383, 29.4750328 ], [ 80.0337492, 29.4762271 ], [ 80.0346911, 29.4771126 ], [ 80.0350917, 29.478297 ], [ 80.0354849, 29.4807007 ], [ 80.0359756, 29.4815927 ], [ 80.0358051, 29.4825068 ], [ 80.0390507, 29.4831743 ], [ 80.0399727, 29.4837109 ], [ 80.0448545, 29.4844895 ], [ 80.0443916, 29.4814951 ], [ 80.0448031, 29.4802619 ], [ 80.0452489, 29.4799583 ] ] ] } },
{ "type": "Feature", "properties": { "gp_code": "22637", "gp_name": "BISRADI", "blkname": "BARAKOT", "dtname": "Champawat", "SHAPE_Area": 1039706.9876299461 }, "geometry": { "type": "Polygon", "coordinates": [ [ [ 80.0611583, 29.4848579 ], [ 80.0640161, 29.4852214 ], [ 80.0656388, 29.4858328 ], [ 80.067484, 29.4853112 ], [ 80.0650518, 29.4771933 ], [ 80.0638856, 29.4756797 ], [ 80.0637437, 29.4742172 ], [ 80.0629544, 29.4729713 ], [ 80.0625308, 29.4733937 ], [ 80.0611303, 29.4737651 ], [ 80.0597, 29.4734772 ], [ 80.0588538, 29.4760524 ], [ 80.0590199, 29.4789054 ], [ 80.0597129, 29.4799663 ], [ 80.059904, 29.4813152 ], [ 80.0604342, 29.4822728 ], [ 80.0595174, 29.4851467 ], [ 80.0593534, 29.4869286 ], [ 80.0611583, 29.4848579 ] ] ] } },
{ "type": "Feature", "properties": { "gp_code": "22662", "gp_name": "PAMDA", "blkname": "BARAKOT", "dtname": "Champawat", "SHAPE_Area": 1981708.5406161756 }, "geometry": { "type": "Polygon", "coordinates": [ [ [ 80.0652647, 29.4626112 ], [ 80.06929, 29.4626405 ], [ 80.0690764, 29.4596735 ], [ 80.0695743, 29.457866 ], [ 80.0688482, 29.4570241 ], [ 80.0637405, 29.4535997 ], [ 80.0634372, 29.4516426 ], [ 80.0626897, 29.4511804 ], [ 80.0629314, 29.450881 ], [ 80.0699995, 29.4498431 ], [ 80.0703572, 29.4488279 ], [ 80.0693188, 29.4470658 ], [ 80.0662413, 29.4467984 ], [ 80.0628708, 29.4459049 ], [ 80.0620728, 29.4484693 ], [ 80.0610844, 29.4491408 ], [ 80.0595707, 29.4489648 ], [ 80.0571079, 29.4473054 ], [ 80.0559725, 29.4497525 ], [ 80.056679, 29.4505352 ], [ 80.0564909, 29.4509472 ], [ 80.0543851, 29.4525341 ], [ 80.0543852, 29.4528431 ], [ 80.0584813, 29.4542013 ], [ 80.0584589, 29.4563129 ], [ 80.0603663, 29.4582588 ], [ 80.0613212, 29.4612249 ], [ 80.0622399, 29.4625223 ], [ 80.0634759, 29.4629828 ], [ 80.0652647, 29.4626112 ] ] ] } },
{ "type": "Feature", "properties": { "gp_code": "22674", "gp_name": "TALLA BAPRU", "blkname": "BARAKOT", "dtname": "Champawat", "SHAPE_Area": 909233.95299714466 }, "geometry": { "type": "Polygon", "coordinates": [ [ [ 80.0699293, 29.4469794 ], [ 80.0693268, 29.4465941 ], [ 80.0681161, 29.4467801 ], [ 80.0693188, 29.4470658 ], [ 80.0703572, 29.4488279 ], [ 80.0699995, 29.4498431 ], [ 80.0629314, 29.450881 ], [ 80.0626897, 29.4511804 ], [ 80.0634372, 29.4516426 ], [ 80.0637405, 29.4535997 ], [ 80.0688482, 29.4570241 ], [ 80.0695743, 29.457866 ], [ 80.0711554, 29.4567261 ], [ 80.0737237, 29.4537512 ], [ 80.075909, 29.4523757 ], [ 80.0745965, 29.4509986 ], [ 80.0711349, 29.4489581 ], [ 80.0699293, 29.4469794 ] ] ] } },
{ "type": "Feature", "properties": { "gp_code": "22650", "gp_name": "JHIRKUNI", "blkname": "BARAKOT", "dtname": "Champawat", "SHAPE_Area": 641168.90428770415 }, "geometry": { "type": "Polygon", "coordinates": [ [ [ 80.0595499, 29.4476755 ], [ 80.0601547, 29.4463682 ], [ 80.0597799, 29.4445683 ], [ 80.0600727, 29.4438424 ], [ 80.0614372, 29.44236 ], [ 80.0615446, 29.4414573 ], [ 80.060454, 29.439497 ], [ 80.0587986, 29.4379786 ], [ 80.058537, 29.4396921 ], [ 80.057069, 29.4413101 ], [ 80.0538879, 29.4417081 ], [ 80.0527269, 29.4429794 ], [ 80.0536353, 29.443562 ], [ 80.0557958, 29.4462638 ], [ 80.056254, 29.4475482 ], [ 80.0574409, 29.4473141 ], [ 80.0590459, 29.4486824 ], [ 80.0606909, 29.4492205 ], [ 80.0599944, 29.4486644 ], [ 80.0595499, 29.4476755 ] ] ] } },
{ "type": "Feature", "properties": { "gp_code": "", "gp_name": "", "blkname": "BARAKOT", "dtname": "Champawat", "SHAPE_Area": 251077.33551570692 }, "geometry": { "type": "Polygon", "coordinates": [ [ [ 80.0628708, 29.4459049 ], [ 80.0636184, 29.4449259 ], [ 80.0635279, 29.4438726 ], [ 80.0620496, 29.4421989 ], [ 80.0614372, 29.44236 ], [ 80.0600727, 29.4438424 ], [ 80.0597799, 29.4445683 ], [ 80.0601547, 29.4463682 ], [ 80.0595499, 29.4476755 ], [ 80.0599944, 29.4486644 ], [ 80.0606909, 29.4492205 ], [ 80.0620728, 29.4484693 ], [ 80.0628708, 29.4459049 ] ] ] } },
{ "type": "Feature", "properties": { "gp_code": "", "gp_name": "", "blkname": "BARAKOT", "dtname": "Champawat", "SHAPE_Area": 532862.21297031105 }, "geometry": { "type": "Polygon", "coordinates": [ [ [ 80.056254, 29.4475482 ], [ 80.0557958, 29.4462638 ], [ 80.0536353, 29.443562 ], [ 80.0514222, 29.4421426 ], [ 80.0503211, 29.439952 ], [ 80.0494976, 29.4388988 ], [ 80.0490836, 29.438888 ], [ 80.0488842, 29.4403404 ], [ 80.0477433, 29.4419785 ], [ 80.0480622, 29.4446565 ], [ 80.0498513, 29.4457272 ], [ 80.0502162, 29.4460876 ], [ 80.0503696, 29.4470557 ], [ 80.0513348, 29.4475705 ], [ 80.0540417, 29.4480434 ], [ 80.056254, 29.4475482 ] ] ] } },
{ "type": "Feature", "properties": { "gp_code": "22641", "gp_name": "CHHULAPE", "blkname": "BARAKOT", "dtname": "Champawat", "SHAPE_Area": 2642615.4079840002 }, "geometry": { "type": "Polygon", "coordinates": [ [ [ 80.0357457, 29.4604576 ], [ 80.0430191, 29.4601159 ], [ 80.0444904, 29.4604039 ], [ 80.0457375, 29.4558532 ], [ 80.0467079, 29.4549877 ], [ 80.0487661, 29.454051 ], [ 80.0507028, 29.4523901 ], [ 80.0521488, 29.4520405 ], [ 80.0523963, 29.4529056 ], [ 80.0530437, 29.4532762 ], [ 80.0548556, 29.452225 ], [ 80.056679, 29.4505352 ], [ 80.0559725, 29.4497525 ], [ 80.056886, 29.4474468 ], [ 80.0540417, 29.4480434 ], [ 80.0505698, 29.4472411 ], [ 80.0502162, 29.4460876 ], [ 80.0480622, 29.4446565 ], [ 80.0478495, 29.4426377 ], [ 80.0458015, 29.4413919 ], [ 80.0446834, 29.4411863 ], [ 80.0432482, 29.4421137 ], [ 80.0419184, 29.4423407 ], [ 80.0435427, 29.4433084 ], [ 80.0439196, 29.4441118 ], [ 80.0438022, 29.4448741 ], [ 80.0422023, 29.4464607 ], [ 80.0396853, 29.4507051 ], [ 80.0386029, 29.4517353 ], [ 80.0392625, 29.4535068 ], [ 80.0392864, 29.4547016 ], [ 80.036392, 29.4572155 ], [ 80.0343449, 29.4596262 ], [ 80.0332387, 29.460283 ], [ 80.0357457, 29.4604576 ] ] ] } },
{ "type": "Feature", "properties": { "gp_code": "", "gp_name": "", "blkname": "BARAKOT", "dtname": "Champawat", "SHAPE_Area": 680538.83712715644 }, "geometry": { "type": "Polygon", "coordinates": [ [ [ 80.0532135, 29.4649538 ], [ 80.0544478, 29.4612763 ], [ 80.0539884, 29.4605349 ], [ 80.0510814, 29.460505 ], [ 80.049646, 29.4618547 ], [ 80.0488693, 29.4620197 ], [ 80.0483631, 29.4618448 ], [ 80.0470091, 29.4603929 ], [ 80.0444904, 29.4604039 ], [ 80.0440266, 29.4627247 ], [ 80.04481, 29.4642481 ], [ 80.0459351, 29.464612 ], [ 80.0464091, 29.4653027 ], [ 80.0466234, 29.467397 ], [ 80.048987, 29.4667857 ], [ 80.0532135, 29.4649538 ] ] ] } },
{ "type": "Feature", "properties": { "gp_code": "22651", "gp_name": "KAKAR KHATERI", "blkname": "BARAKOT", "dtname": "Champawat", "SHAPE_Area": 3665311.6500532622 }, "geometry": { "type": "Polygon", "coordinates": [ [ [ 80.055419, 29.4748924 ], [ 80.0558309, 29.4747275 ], [ 80.0565492, 29.4752731 ], [ 80.0566427, 29.4738722 ], [ 80.0592438, 29.473243 ], [ 80.060271, 29.4737757 ], [ 80.0611303, 29.4737651 ], [ 80.0625308, 29.4733937 ], [ 80.0629544, 29.4729713 ], [ 80.0622212, 29.4721811 ], [ 80.0620911, 29.4709657 ], [ 80.0627732, 29.4697295 ], [ 80.0623609, 29.4692352 ], [ 80.0632775, 29.467722 ], [ 80.0632185, 29.4659596 ], [ 80.0637478, 29.4652589 ], [ 80.0638649, 29.4641156 ], [ 80.0634759, 29.4629828 ], [ 80.0622399, 29.4625223 ], [ 80.0615215, 29.461678 ], [ 80.0603663, 29.4582588 ], [ 80.0584589, 29.4563129 ], [ 80.0584813, 29.4542013 ], [ 80.0547501, 29.453152 ], [ 80.0543851, 29.4525341 ], [ 80.053385, 29.4532555 ], [ 80.0526906, 29.4531836 ], [ 80.0521488, 29.4520405 ], [ 80.0517723, 29.4520365 ], [ 80.0507028, 29.4523901 ], [ 80.0487661, 29.454051 ], [ 80.0467079, 29.4549877 ], [ 80.0457375, 29.4558532 ], [ 80.0444904, 29.4604039 ], [ 80.0470091, 29.4603929 ], [ 80.0483631, 29.4618448 ], [ 80.0488693, 29.4620197 ], [ 80.049646, 29.4618547 ], [ 80.0510814, 29.460505 ], [ 80.0539884, 29.4605349 ], [ 80.0544478, 29.4612763 ], [ 80.0532135, 29.4649538 ], [ 80.0556506, 29.4664877 ], [ 80.0558044, 29.4681047 ], [ 80.0566281, 29.4690992 ], [ 80.0569676, 29.4701992 ], [ 80.0550029, 29.4700157 ], [ 80.0550175, 29.4721013 ], [ 80.0501098, 29.4733594 ], [ 80.0484424, 29.4750057 ], [ 80.0452616, 29.4770894 ], [ 80.0494651, 29.4801266 ], [ 80.0501431, 29.4817541 ], [ 80.0510081, 29.4824023 ], [ 80.0515842, 29.4807954 ], [ 80.0519842, 29.480136 ], [ 80.0525962, 29.4798887 ], [ 80.0537251, 29.4773545 ], [ 80.055419, 29.4748924 ] ] ] } },
{ "type": "Feature", "properties": { "gp_code": "22661", "gp_name": "NADERA", "blkname": "BARAKOT", "dtname": "Champawat", "SHAPE_Area": 2132168.7404640405 }, "geometry": { "type": "Polygon", "coordinates": [ [ [ 80.0464091, 29.4653027 ], [ 80.0459351, 29.464612 ], [ 80.04481, 29.4642481 ], [ 80.0443901, 29.4636607 ], [ 80.0440263, 29.4620888 ], [ 80.0444904, 29.4604039 ], [ 80.0414655, 29.4601781 ], [ 80.0406423, 29.4620735 ], [ 80.0396069, 29.4629905 ], [ 80.0366646, 29.4633723 ], [ 80.0351232, 29.4649897 ], [ 80.032428, 29.4651345 ], [ 80.031204, 29.4656601 ], [ 80.0294036, 29.467298 ], [ 80.0291922, 29.4690593 ], [ 80.0353689, 29.4725007 ], [ 80.0407521, 29.4736711 ], [ 80.0433895, 29.4755347 ], [ 80.0439068, 29.4739689 ], [ 80.0456479, 29.4715789 ], [ 80.0464828, 29.4693539 ], [ 80.0464091, 29.4653027 ] ] ] } },
{ "type": "Feature", "properties": { "gp_code": "22645", "gp_name": "EZARA", "blkname": "BARAKOT", "dtname": "Champawat", "SHAPE_Area": 1678580.3967762545 }, "geometry": { "type": "Polygon", "coordinates": [ [ [ 80.0344483, 29.4509406 ], [ 80.0356823, 29.4449147 ], [ 80.0340346, 29.4444104 ], [ 80.0333632, 29.4419384 ], [ 80.0308093, 29.4411252 ], [ 80.0297376, 29.4376542 ], [ 80.0284663, 29.4358725 ], [ 80.0272074, 29.4363671 ], [ 80.0267957, 29.4369234 ], [ 80.0259843, 29.4393338 ], [ 80.0250664, 29.4394987 ], [ 80.0222308, 29.4409515 ], [ 80.0220425, 29.4415593 ], [ 80.0222898, 29.4422082 ], [ 80.023102, 29.4431556 ], [ 80.0205366, 29.4434754 ], [ 80.019666, 29.4447115 ], [ 80.0187246, 29.4450824 ], [ 80.0207841, 29.445319 ], [ 80.0241381, 29.4463692 ], [ 80.0265864, 29.4485318 ], [ 80.0307637, 29.4468522 ], [ 80.0290932, 29.4491288 ], [ 80.0290816, 29.4501794 ], [ 80.0344483, 29.4509406 ] ] ] } },
{ "type": "Feature", "properties": { "gp_code": "22650", "gp_name": "JHIRKUNI", "blkname": "BARAKOT", "dtname": "Champawat", "SHAPE_Area": 3283317.7866395316 }, "geometry": { "type": "Polygon", "coordinates": [ [ [ 80.0361352, 29.4641655 ], [ 80.0366646, 29.4633723 ], [ 80.0387831, 29.4631967 ], [ 80.0402423, 29.4625989 ], [ 80.0414655, 29.4601781 ], [ 80.0349336, 29.4604887 ], [ 80.0332387, 29.460283 ], [ 80.0343449, 29.4596262 ], [ 80.036392, 29.4572155 ], [ 80.0392864, 29.4547016 ], [ 80.0392625, 29.4535068 ], [ 80.0386029, 29.4517353 ], [ 80.0396853, 29.4507051 ], [ 80.0422023, 29.4464607 ], [ 80.0438022, 29.4448741 ], [ 80.0439196, 29.4441118 ], [ 80.0435427, 29.4433084 ], [ 80.0412122, 29.4418465 ], [ 80.0395994, 29.4399207 ], [ 80.0362331, 29.4375009 ], [ 80.0356331, 29.4375113 ], [ 80.0349389, 29.4381089 ], [ 80.0346806, 29.4400557 ], [ 80.0333632, 29.4419384 ], [ 80.0340346, 29.4444104 ], [ 80.0356823, 29.4449147 ], [ 80.0357294, 29.4453267 ], [ 80.0344483, 29.4509406 ], [ 80.0325771, 29.4506114 ], [ 80.0321183, 29.4514149 ], [ 80.0322955, 29.4536397 ], [ 80.0329433, 29.4559262 ], [ 80.0310485, 29.4559369 ], [ 80.028083, 29.4571116 ], [ 80.0281067, 29.4579562 ], [ 80.0292483, 29.457956 ], [ 80.029072, 29.4590272 ], [ 80.028178, 29.4608197 ], [ 80.0256592, 29.4601402 ], [ 80.0232697, 29.4587604 ], [ 80.0228932, 29.4598729 ], [ 80.0213164, 29.4609649 ], [ 80.0181269, 29.4616966 ], [ 80.017927, 29.4626339 ], [ 80.0211404, 29.4640549 ], [ 80.0216113, 29.4645389 ], [ 80.0226823, 29.4647653 ], [ 80.0300383, 29.463796 ], [ 80.0330161, 29.4639293 ], [ 80.032428, 29.4651345 ], [ 80.0345583, 29.4651649 ], [ 80.0361352, 29.4641655 ] ] ] } },
{ "type": "Feature", "properties": { "gp_code": "22666", "gp_name": "RAIGAON", "blkname": "BARAKOT", "dtname": "Champawat", "SHAPE_Area": 1124233.8962511667 }, "geometry": { "type": "Polygon", "coordinates": [ [ [ 80.0325771, 29.4506114 ], [ 80.0290816, 29.4501794 ], [ 80.0290932, 29.4491288 ], [ 80.0305754, 29.4467904 ], [ 80.0265864, 29.4485318 ], [ 80.0225621, 29.4513445 ], [ 80.0213738, 29.4528381 ], [ 80.0206445, 29.4552691 ], [ 80.0210801, 29.455784 ], [ 80.0228337, 29.4562266 ], [ 80.0246347, 29.4572564 ], [ 80.0263295, 29.4578535 ], [ 80.0281067, 29.4579562 ], [ 80.0279301, 29.4576576 ], [ 80.0283772, 29.4568644 ], [ 80.0310485, 29.4559369 ], [ 80.0329433, 29.4559262 ], [ 80.0322955, 29.4536397 ], [ 80.0321183, 29.4514149 ], [ 80.0325771, 29.4506114 ] ] ] } },
{ "type": "Feature", "properties": { "gp_code": "", "gp_name": "", "blkname": "BARAKOT", "dtname": "Champawat", "SHAPE_Area": 389029.939161836 }, "geometry": { "type": "Polygon", "coordinates": [ [ [ 80.023102, 29.4431556 ], [ 80.0220425, 29.4415593 ], [ 80.0222308, 29.4409515 ], [ 80.0238545, 29.4401272 ], [ 80.0230893, 29.4387574 ], [ 80.022548, 29.4386338 ], [ 80.021242, 29.4391182 ], [ 80.0157702, 29.4400149 ], [ 80.0137345, 29.4410246 ], [ 80.0186301, 29.4430223 ], [ 80.0205366, 29.4434754 ], [ 80.023102, 29.4431556 ] ] ] } },
{ "type": "Feature", "properties": { "gp_code": "22667", "gp_name": "RAWAL GAON", "blkname": "BARAKOT", "dtname": "Champawat", "SHAPE_Area": 2906684.7438598229 }, "geometry": { "type": "Polygon", "coordinates": [ [ [ 80.0195736, 29.4554134 ], [ 80.0210801, 29.455784 ], [ 80.0206445, 29.4552691 ], [ 80.0213738, 29.4528381 ], [ 80.0219385, 29.4519831 ], [ 80.0265864, 29.4485318 ], [ 80.0241381, 29.4463692 ], [ 80.0207841, 29.445319 ], [ 80.0187246, 29.4450824 ], [ 80.019666, 29.4447115 ], [ 80.0205366, 29.4434754 ], [ 80.0186301, 29.4430223 ], [ 80.0137345, 29.4410246 ], [ 80.0088274, 29.4412722 ], [ 80.0081097, 29.4422919 ], [ 80.0065093, 29.4432499 ], [ 80.0045912, 29.4451762 ], [ 80.0030145, 29.4510165 ], [ 80.0045562, 29.4510576 ], [ 80.0074513, 29.4522111 ], [ 80.0106407, 29.4523242 ], [ 80.0123824, 29.4518606 ], [ 80.0135828, 29.4524579 ], [ 80.0150188, 29.4538998 ], [ 80.0171608, 29.4544249 ], [ 80.0188675, 29.4558152 ], [ 80.0195736, 29.4554134 ] ] ] } },
{ "type": "Feature", "properties": { "gp_code": "", "gp_name": "", "blkname": "BARAKOT", "dtname": "Champawat", "SHAPE_Area": 607486.27900749235 }, "geometry": { "type": "Polygon", "coordinates": [ [ [ 80.0188675, 29.4558152 ], [ 80.0171608, 29.4544249 ], [ 80.0150188, 29.4538998 ], [ 80.0128766, 29.4520356 ], [ 80.0120293, 29.4518813 ], [ 80.0106407, 29.4523242 ], [ 80.010441, 29.4565679 ], [ 80.0110885, 29.4593798 ], [ 80.0118653, 29.4594209 ], [ 80.0121123, 29.4582569 ], [ 80.0129243, 29.457608 ], [ 80.0135717, 29.4575462 ], [ 80.0154314, 29.4590704 ], [ 80.0157493, 29.4603063 ], [ 80.0165262, 29.4605844 ], [ 80.0171381, 29.4597603 ], [ 80.0182203, 29.4564848 ], [ 80.0188675, 29.4558152 ] ] ] } },
{ "type": "Feature", "properties": { "gp_code": "", "gp_name": "", "blkname": "BARAKOT", "dtname": "Champawat", "SHAPE_Area": 654905.58559047792 }, "geometry": { "type": "Polygon", "coordinates": [ [ [ 80.0181154, 29.4628605 ], [ 80.0181269, 29.4616966 ], [ 80.0213164, 29.4609649 ], [ 80.0228932, 29.4598729 ], [ 80.0232697, 29.4587604 ], [ 80.0256592, 29.4601402 ], [ 80.028178, 29.4608197 ], [ 80.029072, 29.4590272 ], [ 80.0292483, 29.457956 ], [ 80.0263295, 29.4578535 ], [ 80.0234341, 29.4567827 ], [ 80.0228337, 29.4562266 ], [ 80.0195736, 29.4554134 ], [ 80.0182203, 29.4564848 ], [ 80.0171381, 29.4597603 ], [ 80.0165262, 29.4605844 ], [ 80.0164794, 29.4628709 ], [ 80.0181154, 29.4628605 ] ] ] } },
{ "type": "Feature", "properties": { "gp_code": "22671", "gp_name": "SUNGAR KHAL", "blkname": "BARAKOT", "dtname": "Champawat", "SHAPE_Area": 8492753.3979548756 }, "geometry": { "type": "Polygon", "coordinates": [ [ [ 80.0252022, 29.4984421 ], [ 80.0265751, 29.4918884 ], [ 80.0249411, 29.4878132 ], [ 80.0246464, 29.4859799 ], [ 80.0249682, 29.4828365 ], [ 80.0242923, 29.4816542 ], [ 80.0262751, 29.4781854 ], [ 80.0284521, 29.4757543 ], [ 80.0285226, 29.4750746 ], [ 80.0275802, 29.4717067 ], [ 80.0280507, 29.4702646 ], [ 80.0291922, 29.4690593 ], [ 80.0294036, 29.467298 ], [ 80.031204, 29.4656601 ], [ 80.032428, 29.4651345 ], [ 80.0330161, 29.4639293 ], [ 80.0291909, 29.4638167 ], [ 80.0226823, 29.4647653 ], [ 80.0216113, 29.4645389 ], [ 80.0195396, 29.4632414 ], [ 80.0181154, 29.4628605 ], [ 80.0164794, 29.4628709 ], [ 80.0143962, 29.463551 ], [ 80.0125955, 29.4643854 ], [ 80.0117717, 29.4653639 ], [ 80.0124931, 29.4663557 ], [ 80.0145904, 29.4676624 ], [ 80.0142779, 29.4704795 ], [ 80.0132992, 29.4714246 ], [ 80.0113192, 29.4718915 ], [ 80.0060344, 29.4756821 ], [ 80.0045279, 29.4775979 ], [ 80.0037627, 29.4791944 ], [ 80.0021972, 29.4808835 ], [ 80.0018559, 29.4835512 ], [ 80.0007022, 29.4851991 ], [ 80.0013139, 29.4858886 ], [ 80.0018498, 29.4875294 ], [ 80.0031981, 29.4897665 ], [ 80.0039038, 29.4899514 ], [ 80.0077192, 29.4893391 ], [ 80.0104529, 29.491045 ], [ 80.0115544, 29.4923731 ], [ 80.0126261, 29.4927637 ], [ 80.015573, 29.4926796 ], [ 80.0195626, 29.4931593 ], [ 80.0211403, 29.4945338 ], [ 80.0217658, 29.4963307 ], [ 80.0234631, 29.498518 ], [ 80.0252022, 29.4984421 ] ] ] } },
{ "type": "Feature", "properties": { "gp_code": "22665", "gp_name": "RAI DHARI", "blkname": "BARAKOT", "dtname": "Champawat", "SHAPE_Area": 6407854.1370075224 }, "geometry": { "type": "Polygon", "coordinates": [ [ [ 80.0339397, 29.5085259 ], [ 80.0374128, 29.5077484 ], [ 80.0397316, 29.5082568 ], [ 80.0408394, 29.50517 ], [ 80.0427489, 29.5012912 ], [ 80.0419485, 29.5001272 ], [ 80.0429684, 29.4999008 ], [ 80.0440861, 29.4979127 ], [ 80.0442101, 29.4958655 ], [ 80.0434275, 29.4944292 ], [ 80.0432601, 29.4925573 ], [ 80.0408347, 29.4917752 ], [ 80.0404222, 29.4903643 ], [ 80.0406181, 29.4896579 ], [ 80.0417942, 29.4884926 ], [ 80.0425161, 29.48611 ], [ 80.0448545, 29.4844895 ], [ 80.0399727, 29.4837109 ], [ 80.0390507, 29.4831743 ], [ 80.0358051, 29.4825068 ], [ 80.0359756, 29.4815927 ], [ 80.0354849, 29.4807007 ], [ 80.0346911, 29.4771126 ], [ 80.0324189, 29.4754446 ], [ 80.031383, 29.4750328 ], [ 80.029688, 29.4750125 ], [ 80.0284521, 29.4757543 ], [ 80.0268517, 29.4774231 ], [ 80.0242923, 29.4816542 ], [ 80.0249682, 29.4828365 ], [ 80.0246464, 29.4859799 ], [ 80.0249411, 29.4878132 ], [ 80.0265751, 29.4918884 ], [ 80.0252022, 29.4984421 ], [ 80.0259789, 29.4992985 ], [ 80.0282701, 29.4990879 ], [ 80.0300867, 29.5000186 ], [ 80.0302475, 29.5025023 ], [ 80.0297239, 29.5048078 ], [ 80.0302342, 29.5073296 ], [ 80.0307877, 29.5082211 ], [ 80.0323749, 29.5085774 ], [ 80.0339397, 29.5085259 ] ] ] } },
{ "type": "Feature", "properties": { "gp_code": "22667", "gp_name": "RAWAL GAON", "blkname": "BARAKOT", "dtname": "Champawat", "SHAPE_Area": 7397478.4572538678 }, "geometry": { "type": "Polygon", "coordinates": [ [ [ 79.9876312, 29.4849163 ], [ 79.9857842, 29.4837575 ], [ 79.9840348, 29.4832511 ], [ 79.9908823, 29.4771033 ], [ 79.9925944, 29.4776899 ], [ 79.997278, 29.4814955 ], [ 79.9977382, 29.486704 ], [ 79.9986646, 29.4864095 ], [ 79.999766, 29.4854459 ], [ 80.0007022, 29.4851991 ], [ 80.0018559, 29.4835512 ], [ 80.0021972, 29.4808835 ], [ 80.0037627, 29.4791944 ], [ 80.0045279, 29.4775979 ], [ 80.0060344, 29.4756821 ], [ 80.0113192, 29.4718915 ], [ 80.0139248, 29.4710094 ], [ 80.0145301, 29.4696582 ], [ 80.0145904, 29.4676624 ], [ 80.0101121, 29.4643856 ], [ 80.0077226, 29.4619549 ], [ 80.0051804, 29.4621095 ], [ 80.0037092, 29.463325 ], [ 80.0029442, 29.4635516 ], [ 79.998438, 29.46402 ], [ 79.9969166, 29.4636529 ], [ 79.9928043, 29.4576652 ], [ 79.9916408, 29.4570475 ], [ 79.9910355, 29.4593646 ], [ 79.9856103, 29.4620045 ], [ 79.9848811, 29.4644612 ], [ 79.982901, 29.4662925 ], [ 79.9826632, 29.4675813 ], [ 79.9808377, 29.4686219 ], [ 79.9817158, 29.4695856 ], [ 79.9812486, 29.4711163 ], [ 79.9821336, 29.4716165 ], [ 79.9819243, 29.4730253 ], [ 79.9824698, 29.4743484 ], [ 79.9822444, 29.476782 ], [ 79.9849696, 29.481117 ], [ 79.9819437, 29.483844 ], [ 79.9819645, 29.4845148 ], [ 79.9836163, 29.4847772 ], [ 79.9854716, 29.4846029 ], [ 79.9861813, 29.4850504 ], [ 79.9871097, 29.487729 ], [ 79.9883995, 29.4888217 ], [ 79.9884466, 29.4865736 ], [ 79.9876312, 29.4849163 ] ] ] } },
{ "type": "Feature", "properties": { "gp_code": "22653", "gp_name": "KAMA JYULA", "blkname": "BARAKOT", "dtname": "Champawat", "SHAPE_Area": 900685.73275241849 }, "geometry": { "type": "Polygon", "coordinates": [ [ [ 79.9923778, 29.4861911 ], [ 79.9935697, 29.486057 ], [ 79.9947058, 29.4875695 ], [ 79.9955213, 29.4876548 ], [ 79.9977382, 29.486704 ], [ 79.9976286, 29.4846063 ], [ 79.9930889, 29.4846788 ], [ 79.9928521, 29.4811782 ], [ 79.9889698, 29.4812374 ], [ 79.9897515, 29.4799441 ], [ 79.9915349, 29.4788226 ], [ 79.9937095, 29.4785544 ], [ 79.9925944, 29.4776899 ], [ 79.9908823, 29.4771033 ], [ 79.9840348, 29.4832511 ], [ 79.9857842, 29.4837575 ], [ 79.9876312, 29.4849163 ], [ 79.9884466, 29.4865736 ], [ 79.9883995, 29.4888217 ], [ 79.9888434, 29.4891978 ], [ 79.9901541, 29.4889414 ], [ 79.9916389, 29.4867705 ], [ 79.9923778, 29.4861911 ] ] ] } },
{ "type": "Feature", "properties": { "gp_code": "22632", "gp_name": "BAIRAOM", "blkname": "BARAKOT", "dtname": "Champawat", "SHAPE_Area": 424917.05609751004 }, "geometry": { "type": "Polygon", "coordinates": [ [ [ 79.997278, 29.4814955 ], [ 79.9937095, 29.4785544 ], [ 79.9915349, 29.4788226 ], [ 79.9897515, 29.4799441 ], [ 79.9889698, 29.4812374 ], [ 79.9928521, 29.4811782 ], [ 79.9930889, 29.4846788 ], [ 79.9976286, 29.4846063 ], [ 79.997278, 29.4814955 ] ] ] } },
{ "type": "Feature", "properties": { "gp_code": "", "gp_name": "", "blkname": "PATI", "dtname": "Champawat", "SHAPE_Area": 3078497.4051781767 }, "geometry": { "type": "Polygon", "coordinates": [ [ [ 79.9472102, 29.4999386 ], [ 79.9506697, 29.4990514 ], [ 79.9530676, 29.4992106 ], [ 79.9537753, 29.4989351 ], [ 79.9547829, 29.4982171 ], [ 79.9563445, 29.4963826 ], [ 79.9581024, 29.4971787 ], [ 79.9610092, 29.4943478 ], [ 79.9604103, 29.4923596 ], [ 79.9580299, 29.489716 ], [ 79.9573032, 29.4871142 ], [ 79.9556587, 29.4857234 ], [ 79.9556594, 29.4836255 ], [ 79.9539874, 29.4816369 ], [ 79.9525247, 29.4789532 ], [ 79.951591, 29.4782577 ], [ 79.9498067, 29.4783059 ], [ 79.947326, 29.4770733 ], [ 79.9458572, 29.4769489 ], [ 79.9469686, 29.481525 ], [ 79.9461903, 29.4835772 ], [ 79.9467613, 29.484442 ], [ 79.9468471, 29.4854436 ], [ 79.9461994, 29.4873533 ], [ 79.9461849, 29.4885974 ], [ 79.9472102, 29.4999386 ] ] ] } },
{ "type": "Feature", "properties": { "gp_code": "22850", "gp_name": "CHILNIYA", "blkname": "PATI", "dtname": "Champawat", "SHAPE_Area": 3350519.436649505 }, "geometry": { "type": "Polygon", "coordinates": [ [ [ 79.9836163, 29.4847772 ], [ 79.9819645, 29.4845148 ], [ 79.9819437, 29.483844 ], [ 79.9849696, 29.481117 ], [ 79.9822444, 29.476782 ], [ 79.9824698, 29.4743484 ], [ 79.9819243, 29.4730253 ], [ 79.9821336, 29.4716165 ], [ 79.9812486, 29.4711163 ], [ 79.9817158, 29.4695856 ], [ 79.9805002, 29.4683919 ], [ 79.9793213, 29.4659705 ], [ 79.9779392, 29.4648587 ], [ 79.9782462, 29.4626389 ], [ 79.9780234, 29.4617362 ], [ 79.9768529, 29.4602967 ], [ 79.9760023, 29.4621384 ], [ 79.9752915, 29.4622237 ], [ 79.9749012, 29.4621017 ], [ 79.9741349, 29.4606867 ], [ 79.970824, 29.4606861 ], [ 79.9701624, 29.4622716 ], [ 79.9710216, 29.4645788 ], [ 79.9702245, 29.4644672 ], [ 79.9701559, 29.4655471 ], [ 79.9694923, 29.4664491 ], [ 79.9706758, 29.4671807 ], [ 79.9689374, 29.4702567 ], [ 79.969045, 29.471706 ], [ 79.9703688, 29.4735724 ], [ 79.9703062, 29.4753435 ], [ 79.9705464, 29.4757104 ], [ 79.9718875, 29.4760975 ], [ 79.9722359, 29.4765732 ], [ 79.9722915, 29.4774026 ], [ 79.9731693, 29.4794275 ], [ 79.9749185, 29.4803303 ], [ 79.9762425, 29.4816844 ], [ 79.9765908, 29.4826907 ], [ 79.9764789, 29.4851544 ], [ 79.9770155, 29.4855692 ], [ 79.9801486, 29.4855093 ], [ 79.9836163, 29.4847772 ] ] ] } },
{ "type": "Feature", "properties": { "gp_code": "22870", "gp_name": "KAJEENA", "blkname": "PATI", "dtname": "Champawat", "SHAPE_Area": 4915150.0973836463 }, "geometry": { "type": "Polygon", "coordinates": [ [ [ 79.9681722, 29.4781459 ], [ 79.9724137, 29.477352 ], [ 79.9718875, 29.4760975 ], [ 79.9705464, 29.4757104 ], [ 79.9703062, 29.4753435 ], [ 79.9703688, 29.4735724 ], [ 79.969045, 29.471706 ], [ 79.9689374, 29.4702567 ], [ 79.9706758, 29.4671807 ], [ 79.9694923, 29.4664491 ], [ 79.9701559, 29.4655471 ], [ 79.9702245, 29.4644672 ], [ 79.9710216, 29.4645788 ], [ 79.9701624, 29.4622716 ], [ 79.970762, 29.4609911 ], [ 79.9706229, 29.4595517 ], [ 79.9713899, 29.458015 ], [ 79.9715308, 29.4569068 ], [ 79.9691043, 29.456348 ], [ 79.9663283, 29.4546465 ], [ 79.9638576, 29.4538684 ], [ 79.9608869, 29.4539892 ], [ 79.9637736, 29.4562253 ], [ 79.9638845, 29.45693 ], [ 79.9634678, 29.4574888 ], [ 79.9581088, 29.4591155 ], [ 79.956943, 29.4581676 ], [ 79.9552223, 29.4560046 ], [ 79.9541119, 29.4556397 ], [ 79.9521962, 29.4556392 ], [ 79.949752, 29.4581898 ], [ 79.9484745, 29.4588698 ], [ 79.9492512, 29.4608625 ], [ 79.9495281, 29.4625634 ], [ 79.9490817, 29.4678117 ], [ 79.956189, 29.4704866 ], [ 79.9556331, 29.4720415 ], [ 79.9548833, 29.4725272 ], [ 79.9523704, 29.4723606 ], [ 79.9539867, 29.4740748 ], [ 79.9550041, 29.474319 ], [ 79.9563681, 29.4724923 ], [ 79.9572371, 29.471933 ], [ 79.9598051, 29.4724293 ], [ 79.9612704, 29.4723569 ], [ 79.963152, 29.4727843 ], [ 79.9643785, 29.4734309 ], [ 79.9659111, 29.4759073 ], [ 79.9668367, 29.476166 ], [ 79.9681722, 29.4781459 ] ] ] } },
{ "type": "Feature", "properties": { "gp_code": "22852", "gp_name": "CHORA SAUN", "blkname": "PATI", "dtname": "Champawat", "SHAPE_Area": 1996747.7027934103 }, "geometry": { "type": "Polygon", "coordinates": [ [ [ 79.9434262, 29.4393696 ], [ 79.9426074, 29.439534 ], [ 79.941715, 29.4406803 ], [ 79.9409255, 29.4439751 ], [ 79.9397201, 29.4459555 ], [ 79.9392874, 29.4491948 ], [ 79.9406178, 29.4499718 ], [ 79.942215, 29.4500422 ], [ 79.9437156, 29.4495581 ], [ 79.9453143, 29.4495154 ], [ 79.9468291, 29.4499643 ], [ 79.947789, 29.4495213 ], [ 79.9506967, 29.4470179 ], [ 79.9586347, 29.449799 ], [ 79.9608869, 29.4539892 ], [ 79.9638576, 29.4538684 ], [ 79.9663283, 29.4546465 ], [ 79.9691043, 29.456348 ], [ 79.9715308, 29.4569068 ], [ 79.9719756, 29.4562586 ], [ 79.9750701, 29.4542099 ], [ 79.975055, 29.4535395 ], [ 79.9714326, 29.453758 ], [ 79.964696, 29.4532848 ], [ 79.9636854, 29.448292 ], [ 79.9629586, 29.4474702 ], [ 79.9612608, 29.447218 ], [ 79.9595775, 29.4475359 ], [ 79.9568294, 29.4464381 ], [ 79.9528579, 29.4457154 ], [ 79.9476884, 29.4438355 ], [ 79.9448736, 29.4433466 ], [ 79.9440939, 29.4418338 ], [ 79.9434262, 29.4393696 ] ] ] } },
{ "type": "Feature", "properties": { "gp_code": "22888", "gp_name": "MAUN KANDA", "blkname": "PATI", "dtname": "Champawat", "SHAPE_Area": 7164019.0199522683 }, "geometry": { "type": "Polygon", "coordinates": [ [ [ 79.9889959, 29.4603571 ], [ 79.988226, 29.4596302 ], [ 79.9877886, 29.4564021 ], [ 79.9849355, 29.4528479 ], [ 79.9838509, 29.44964 ], [ 79.9821991, 29.4466228 ], [ 79.9809387, 29.4457364 ], [ 79.9793779, 29.4456143 ], [ 79.9785976, 29.4451019 ], [ 79.9786263, 29.4407838 ], [ 79.9796994, 29.4401375 ], [ 79.9804387, 29.4391987 ], [ 79.9822636, 29.4388143 ], [ 79.9832809, 29.4391315 ], [ 79.9839706, 29.440083 ], [ 79.9860051, 29.440437 ], [ 79.9871058, 29.4415349 ], [ 79.9876807, 29.4429062 ], [ 79.9875515, 29.4445722 ], [ 79.9868824, 29.4456943 ], [ 79.9870741, 29.4470766 ], [ 79.9866035, 29.4480698 ], [ 79.9866521, 29.4495884 ], [ 79.9872373, 29.4503203 ], [ 79.9896901, 29.4513573 ], [ 79.9890141, 29.4521928 ], [ 79.9885053, 29.4538516 ], [ 79.991834, 29.4542038 ], [ 79.9937919, 29.4556317 ], [ 79.9970799, 29.4517509 ], [ 79.9973726, 29.4509703 ], [ 79.9972947, 29.4501515 ], [ 79.996634, 29.4489821 ], [ 79.9958676, 29.4485551 ], [ 79.994223, 29.4484087 ], [ 79.993582, 29.4476158 ], [ 79.993808, 29.4470227 ], [ 79.9953798, 29.4462375 ], [ 79.995812, 29.4428466 ], [ 79.9961883, 29.4419806 ], [ 79.9971703, 29.4410589 ], [ 79.9963062, 29.4402272 ], [ 79.9944223, 29.4392759 ], [ 79.9906177, 29.4392572 ], [ 79.9886112, 29.4387326 ], [ 79.9879578, 29.4383395 ], [ 79.9879423, 29.4380006 ], [ 79.989294, 29.4372933 ], [ 79.9890851, 29.4370736 ], [ 79.9839317, 29.4353403 ], [ 79.9833268, 29.4341213 ], [ 79.9782962, 29.4358711 ], [ 79.9751608, 29.4355139 ], [ 79.972262, 29.4372455 ], [ 79.9698831, 29.4377928 ], [ 79.9700148, 29.4389442 ], [ 79.9694132, 29.4400579 ], [ 79.9697701, 29.4415768 ], [ 79.9695187, 29.44387 ], [ 79.9690168, 29.4449067 ], [ 79.9672797, 29.4467409 ], [ 79.9712907, 29.4486562 ], [ 79.9738304, 29.4508615 ], [ 79.9741226, 29.4528498 ], [ 79.9751533, 29.4537222 ], [ 79.9747852, 29.4546355 ], [ 79.9719756, 29.4562586 ], [ 79.9715308, 29.4569068 ], [ 79.9713899, 29.458015 ], [ 79.9706229, 29.4595517 ], [ 79.970824, 29.4606861 ], [ 79.9741349, 29.4606867 ], [ 79.9749012, 29.4621017 ], [ 79.9752915, 29.4622237 ], [ 79.9760023, 29.4621384 ], [ 79.9768529, 29.4602967 ], [ 79.9771475, 29.4604298 ], [ 79.9780234, 29.4617362 ], [ 79.9782462, 29.4626389 ], [ 79.9779392, 29.4648587 ], [ 79.9793213, 29.4659705 ], [ 79.9808377, 29.4686219 ], [ 79.9826632, 29.4675813 ], [ 79.982901, 29.4662925 ], [ 79.9848811, 29.4644612 ], [ 79.9856103, 29.4620045 ], [ 79.9889959, 29.4603571 ] ] ] } },
{ "type": "Feature", "properties": { "gp_code": "260407", "gp_name": "DASIYACHAMI", "blkname": "PATI", "dtname": "Champawat", "SHAPE_Area": 1577816.1826993527 }, "geometry": { "type": "Polygon", "coordinates": [ [ [ 79.9937919, 29.4556317 ], [ 79.991834, 29.4542038 ], [ 79.9885053, 29.4538516 ], [ 79.9890141, 29.4521928 ], [ 79.9896901, 29.4513573 ], [ 79.9872373, 29.4503203 ], [ 79.9866521, 29.4495884 ], [ 79.9866035, 29.4480698 ], [ 79.9870741, 29.4470766 ], [ 79.9868824, 29.4456943 ], [ 79.9875515, 29.4445722 ], [ 79.9876807, 29.4429062 ], [ 79.9871058, 29.4415349 ], [ 79.9860051, 29.440437 ], [ 79.9839706, 29.440083 ], [ 79.9832809, 29.4391315 ], [ 79.9822636, 29.4388143 ], [ 79.9804387, 29.4391987 ], [ 79.9796994, 29.4401375 ], [ 79.9786263, 29.4407838 ], [ 79.9785976, 29.4451019 ], [ 79.9793779, 29.4456143 ], [ 79.9809387, 29.4457364 ], [ 79.9821991, 29.4466228 ], [ 79.9838509, 29.44964 ], [ 79.9849355, 29.4528479 ], [ 79.9877886, 29.4564021 ], [ 79.988226, 29.4596302 ], [ 79.9889959, 29.4603571 ], [ 79.9910355, 29.4593646 ], [ 79.9916408, 29.4570475 ], [ 79.9937919, 29.4556317 ] ] ] } },
{ "type": "Feature", "properties": { "gp_code": "22632", "gp_name": "BAIRAOM", "blkname": "BARAKOT", "dtname": "Champawat", "SHAPE_Area": 3024627.4586784686 }, "geometry": { "type": "Polygon", "coordinates": [ [ [ 80.0164794, 29.4628709 ], [ 80.0165262, 29.4605844 ], [ 80.0157493, 29.4603063 ], [ 80.0154314, 29.4590704 ], [ 80.0135717, 29.4575462 ], [ 80.0129243, 29.457608 ], [ 80.0121123, 29.4582569 ], [ 80.0118653, 29.4594209 ], [ 80.0113122, 29.4594724 ], [ 80.0109002, 29.4590605 ], [ 80.010441, 29.4565679 ], [ 80.0106407, 29.4523242 ], [ 80.0074513, 29.4522111 ], [ 80.0045562, 29.4510576 ], [ 80.0030145, 29.4510165 ], [ 79.9984521, 29.4529188 ], [ 79.9974264, 29.4524577 ], [ 79.9970799, 29.4517509 ], [ 79.9938061, 29.4556233 ], [ 79.9916408, 29.4570475 ], [ 79.9928043, 29.4576652 ], [ 79.9969166, 29.4636529 ], [ 79.998438, 29.46402 ], [ 80.0029442, 29.4635516 ], [ 80.0037092, 29.463325 ], [ 80.0051804, 29.4621095 ], [ 80.0071459, 29.461852 ], [ 80.0082759, 29.4622433 ], [ 80.0093587, 29.4637265 ], [ 80.0117717, 29.4653639 ], [ 80.0125955, 29.4643854 ], [ 80.0164794, 29.4628709 ] ] ] } },
{ "type": "Feature", "properties": { "gp_code": "", "gp_name": "", "blkname": "PATI", "dtname": "Champawat", "SHAPE_Area": 1874367.3844672854 }, "geometry": { "type": "Polygon", "coordinates": [ [ [ 80.0030145, 29.4510165 ], [ 80.0045912, 29.4451762 ], [ 80.0053444, 29.4442079 ], [ 80.0087686, 29.4416636 ], [ 80.0088274, 29.4412722 ], [ 80.0064267, 29.4396139 ], [ 80.0063679, 29.4390783 ], [ 80.0078857, 29.4370182 ], [ 80.005412, 29.4354391 ], [ 80.0046086, 29.4353871 ], [ 80.0040879, 29.4358429 ], [ 80.0027192, 29.4380569 ], [ 80.0019159, 29.438148 ], [ 79.9978077, 29.4402192 ], [ 79.9961883, 29.4419806 ], [ 79.995812, 29.4428466 ], [ 79.9953798, 29.4462375 ], [ 79.993808, 29.4470227 ], [ 79.993582, 29.4476158 ], [ 79.994223, 29.4484087 ], [ 79.9958676, 29.4485551 ], [ 79.996634, 29.4489821 ], [ 79.9972947, 29.4501515 ], [ 79.9970752, 29.4517703 ], [ 79.9979993, 29.4528783 ], [ 79.9988484, 29.4528338 ], [ 80.0030145, 29.4510165 ] ] ] } },
{ "type": "Feature", "properties": { "gp_code": "22904", "gp_name": "SEERTOLY", "blkname": "PATI", "dtname": "Champawat", "SHAPE_Area": 2215831.4957281733 }, "geometry": { "type": "Polygon", "coordinates": [ [ [ 80.008166, 29.4049519 ], [ 80.0064247, 29.4035408 ], [ 80.0055424, 29.4034301 ], [ 80.00526, 29.4023382 ], [ 80.0052481, 29.3990315 ], [ 80.0034836, 29.3995157 ], [ 80.0014838, 29.3995982 ], [ 79.9993545, 29.3988462 ], [ 79.9984602, 29.398215 ], [ 79.9955844, 29.3973219 ], [ 79.9967568, 29.402583 ], [ 79.9986134, 29.4028842 ], [ 80.0015074, 29.4040894 ], [ 80.0022604, 29.4055831 ], [ 80.0019662, 29.4066956 ], [ 80.0026368, 29.4087532 ], [ 80.0022486, 29.4093404 ], [ 80.0023193, 29.4108443 ], [ 80.0027075, 29.4115138 ], [ 80.0030605, 29.41412 ], [ 80.0056843, 29.4166848 ], [ 80.0063314, 29.418405 ], [ 80.0071786, 29.4194248 ], [ 80.0091786, 29.4169937 ], [ 80.0106139, 29.4162416 ], [ 80.0112374, 29.4154999 ], [ 80.0120489, 29.4123993 ], [ 80.0125778, 29.407908 ], [ 80.0112601, 29.4072901 ], [ 80.0101424, 29.4058582 ], [ 80.008166, 29.4049519 ] ] ] } },
{ "type": "Feature", "properties": { "gp_code": "", "gp_name": "", "blkname": "PATI", "dtname": "Champawat", "SHAPE_Area": 446883.45453437511 }, "geometry": { "type": "Polygon", "coordinates": [ [ [ 80.0026368, 29.4087532 ], [ 80.0019662, 29.4066956 ], [ 80.0022604, 29.4055831 ], [ 80.0015074, 29.4040894 ], [ 79.9986134, 29.4028842 ], [ 79.9967568, 29.402583 ], [ 79.997062, 29.4050861 ], [ 79.9962016, 29.4065683 ], [ 79.9984496, 29.4089256 ], [ 80.0014369, 29.4101233 ], [ 80.0023193, 29.4108443 ], [ 80.0022486, 29.4093404 ], [ 80.0026368, 29.4087532 ] ] ] } },
{ "type": "Feature", "properties": { "gp_code": "22872", "gp_name": "KANA KOT", "blkname": "PATI", "dtname": "Champawat", "SHAPE_Area": 7855517.8837787267 }, "geometry": { "type": "Polygon", "coordinates": [ [ [ 80.0031506, 29.4377183 ], [ 80.0046086, 29.4353871 ], [ 80.0063442, 29.4359264 ], [ 80.006344, 29.4334955 ], [ 80.0082029, 29.429643 ], [ 80.0080734, 29.4284378 ], [ 80.0074144, 29.4273047 ], [ 80.007485, 29.4260069 ], [ 80.0088497, 29.4242969 ], [ 80.0088496, 29.4233389 ], [ 80.0079199, 29.4200737 ], [ 80.0067079, 29.4189818 ], [ 80.0053666, 29.4162831 ], [ 80.0030605, 29.41412 ], [ 80.0027075, 29.4115138 ], [ 80.0023193, 29.4108443 ], [ 80.0014369, 29.4101233 ], [ 79.9984496, 29.4089256 ], [ 79.9962016, 29.4065683 ], [ 79.997062, 29.4050861 ], [ 79.9961185, 29.3998856 ], [ 79.9949252, 29.3999099 ], [ 79.9937596, 29.401295 ], [ 79.992483, 29.4014408 ], [ 79.9866275, 29.4009057 ], [ 79.9848235, 29.4019323 ], [ 79.9837898, 29.4021205 ], [ 79.983082, 29.4025579 ], [ 79.9833088, 29.404247 ], [ 79.9820723, 29.4057445 ], [ 79.9819982, 29.4071196 ], [ 79.9810261, 29.4075642 ], [ 79.9812342, 29.4081869 ], [ 79.9830623, 29.4091913 ], [ 79.9832025, 29.4102169 ], [ 79.9842648, 29.41111 ], [ 79.9847125, 29.412381 ], [ 79.9854537, 29.4126612 ], [ 79.9858559, 29.414745 ], [ 79.9869938, 29.4146843 ], [ 79.9873406, 29.4165433 ], [ 79.9882842, 29.4171265 ], [ 79.9897273, 29.4197633 ], [ 79.9898103, 29.4224119 ], [ 79.9884224, 29.4236269 ], [ 79.9883112, 29.4244288 ], [ 79.9899211, 29.4255953 ], [ 79.9901153, 29.426215 ], [ 79.9914338, 29.4267375 ], [ 79.991628, 29.4279525 ], [ 79.9932518, 29.4282077 ], [ 79.9940845, 29.4293984 ], [ 79.9953336, 29.4303097 ], [ 79.9955417, 29.4308929 ], [ 79.9950004, 29.4321321 ], [ 79.9950698, 29.4327032 ], [ 79.9959649, 29.4336449 ], [ 79.997686, 29.4339729 ], [ 79.998665, 29.4348776 ], [ 79.9993819, 29.4357349 ], [ 79.9997362, 29.4383044 ], [ 80.0004131, 29.4388253 ], [ 80.0031506, 29.4377183 ] ] ] } },
{ "type": "Feature", "properties": { "gp_code": "22851", "gp_name": "CHORA KOT", "blkname": "PATI", "dtname": "Champawat", "SHAPE_Area": 5442644.5349620571 }, "geometry": { "type": "Polygon", "coordinates": [ [ [ 80.0004131, 29.4388253 ], [ 79.9997362, 29.4383044 ], [ 79.9993819, 29.4357349 ], [ 79.998665, 29.4348776 ], [ 79.997686, 29.4339729 ], [ 79.9959649, 29.4336449 ], [ 79.9950698, 29.4327032 ], [ 79.9950004, 29.4321321 ], [ 79.9955417, 29.4308929 ], [ 79.9953336, 29.4303097 ], [ 79.9940845, 29.4293984 ], [ 79.9932518, 29.4282077 ], [ 79.991628, 29.4279525 ], [ 79.9914338, 29.4267375 ], [ 79.9901153, 29.426215 ], [ 79.9899211, 29.4255953 ], [ 79.9883112, 29.4244288 ], [ 79.9884224, 29.4236269 ], [ 79.9898103, 29.4224119 ], [ 79.9899145, 29.4208264 ], [ 79.9897273, 29.4197633 ], [ 79.9882842, 29.4171265 ], [ 79.9873406, 29.4165433 ], [ 79.9870856, 29.4160269 ], [ 79.9847758, 29.4174664 ], [ 79.9832974, 29.419359 ], [ 79.9818377, 29.4189382 ], [ 79.9784164, 29.4193664 ], [ 79.9770332, 29.4207981 ], [ 79.9769038, 29.4213319 ], [ 79.9756159, 29.4217643 ], [ 79.9733001, 29.4234182 ], [ 79.9706809, 29.4234119 ], [ 79.9706242, 29.42439 ], [ 79.9718465, 29.4253373 ], [ 79.972017, 29.4268177 ], [ 79.9732009, 29.4293551 ], [ 79.9728629, 29.42964 ], [ 79.9718339, 29.4296125 ], [ 79.9716216, 29.4299149 ], [ 79.9726012, 29.4317458 ], [ 79.9725434, 29.4323255 ], [ 79.971918, 29.4335754 ], [ 79.9706499, 29.4339167 ], [ 79.9698694, 29.4346973 ], [ 79.9698831, 29.4377928 ], [ 79.972262, 29.4372455 ], [ 79.9751608, 29.4355139 ], [ 79.9782962, 29.4358711 ], [ 79.9833268, 29.4341213 ], [ 79.9839317, 29.4353403 ], [ 79.9890851, 29.4370736 ], [ 79.989294, 29.4372933 ], [ 79.9879423, 29.4380006 ], [ 79.9879578, 29.4383395 ], [ 79.9886112, 29.4387326 ], [ 79.9906177, 29.4392572 ], [ 79.9944223, 29.4392759 ], [ 79.9963062, 29.4402272 ], [ 79.9971703, 29.4410589 ], [ 79.9984136, 29.4397864 ], [ 80.0004131, 29.4388253 ] ] ] } },
{ "type": "Feature", "properties": { "gp_code": "22907", "gp_name": "SUNDUNGARA", "blkname": "PATI", "dtname": "Champawat", "SHAPE_Area": 3450828.9188426598 }, "geometry": { "type": "Polygon", "coordinates": [ [ [ 79.97227, 29.4172482 ], [ 79.9694615, 29.4189554 ], [ 79.9680061, 29.4191747 ], [ 79.9667523, 29.4184914 ], [ 79.9654695, 29.4218944 ], [ 79.963895, 29.4222356 ], [ 79.9609543, 29.424577 ], [ 79.9604244, 29.4258455 ], [ 79.9606194, 29.4286526 ], [ 79.9600405, 29.429429 ], [ 79.9555055, 29.4267896 ], [ 79.9550346, 29.4267054 ], [ 79.9543696, 29.427509 ], [ 79.9550661, 29.4281679 ], [ 79.9551212, 29.4299488 ], [ 79.9571419, 29.4291931 ], [ 79.9580058, 29.4291933 ], [ 79.9584237, 29.4295228 ], [ 79.9586614, 29.429969 ], [ 79.9585348, 29.4309744 ], [ 79.9592029, 29.4328286 ], [ 79.9591745, 29.4345485 ], [ 79.9600385, 29.4346219 ], [ 79.9604984, 29.4349973 ], [ 79.9614383, 29.4364459 ], [ 79.9629712, 29.4362266 ], [ 79.9629192, 29.4390846 ], [ 79.9633184, 29.4404045 ], [ 79.96283, 29.4423317 ], [ 79.963248, 29.4430026 ], [ 79.9657837, 29.4448573 ], [ 79.9664773, 29.4460632 ], [ 79.9672743, 29.4467482 ], [ 79.9690168, 29.4449067 ], [ 79.9695187, 29.44387 ], [ 79.9697701, 29.4415768 ], [ 79.9694132, 29.4400579 ], [ 79.9700148, 29.4389442 ], [ 79.9698694, 29.4346973 ], [ 79.9706499, 29.4339167 ], [ 79.971918, 29.4335754 ], [ 79.9726012, 29.4317458 ], [ 79.9716216, 29.4299149 ], [ 79.9718339, 29.4296125 ], [ 79.9728629, 29.42964 ], [ 79.9732009, 29.4293551 ], [ 79.972017, 29.4268177 ], [ 79.9718465, 29.4253373 ], [ 79.9706242, 29.42439 ], [ 79.9705215, 29.4239117 ], [ 79.9708759, 29.4207183 ], [ 79.9705697, 29.4194558 ], [ 79.971587, 29.4187485 ], [ 79.9722002, 29.4178946 ], [ 79.97227, 29.4172482 ] ] ] } },
{ "type": "Feature", "properties": { "gp_code": "22910", "gp_name": "THUWA MAUNI", "blkname": "PATI", "dtname": "Champawat", "SHAPE_Area": 1362976.562572937 }, "geometry": { "type": "Polygon", "coordinates": [ [ [ 79.9870856, 29.4160269 ], [ 79.9869938, 29.4146843 ], [ 79.9858559, 29.414745 ], [ 79.985634, 29.4130074 ], [ 79.98485, 29.4125214 ], [ 79.9818386, 29.4133716 ], [ 79.9796044, 29.4130554 ], [ 79.9743864, 29.4135407 ], [ 79.974497, 29.4160436 ], [ 79.973803, 29.4168212 ], [ 79.97227, 29.4172482 ], [ 79.9722002, 29.4178946 ], [ 79.971587, 29.4187485 ], [ 79.9705697, 29.4194558 ], [ 79.9708759, 29.4207183 ], [ 79.9706809, 29.4234119 ], [ 79.9733001, 29.4234182 ], [ 79.9756159, 29.4217643 ], [ 79.9769038, 29.4213319 ], [ 79.9770332, 29.4207981 ], [ 79.9784164, 29.4193664 ], [ 79.9818377, 29.4189382 ], [ 79.9832974, 29.419359 ], [ 79.9847758, 29.4174664 ], [ 79.9870856, 29.4160269 ] ] ] } },
{ "type": "Feature", "properties": { "gp_code": "22859", "gp_name": "GAHTODA", "blkname": "PATI", "dtname": "Champawat", "SHAPE_Area": 622087.99014334404 }, "geometry": { "type": "Polygon", "coordinates": [ [ [ 79.9819982, 29.4071196 ], [ 79.9820723, 29.4057445 ], [ 79.9833088, 29.404247 ], [ 79.9833105, 29.4035445 ], [ 79.983082, 29.4025579 ], [ 79.9823329, 29.4015615 ], [ 79.9798909, 29.4000789 ], [ 79.9799192, 29.3968225 ], [ 79.9801969, 29.395972 ], [ 79.9812514, 29.3957777 ], [ 79.9805628, 29.3952569 ], [ 79.9800842, 29.3952703 ], [ 79.9774734, 29.3967491 ], [ 79.9775282, 29.4007127 ], [ 79.9781561, 29.4021364 ], [ 79.9790598, 29.4031427 ], [ 79.9761973, 29.4038672 ], [ 79.9737401, 29.4040124 ], [ 79.973666, 29.4048536 ], [ 79.9764002, 29.4057438 ], [ 79.9792639, 29.4060839 ], [ 79.9800766, 29.4057517 ], [ 79.9806497, 29.4059061 ], [ 79.9819982, 29.4071196 ] ] ] } },
{ "type": "Feature", "properties": { "gp_code": "22859", "gp_name": "GAHTODA", "blkname": "PATI", "dtname": "Champawat", "SHAPE_Area": 104359.32381998075 }, "geometry": { "type": "Polygon", "coordinates": [ [ [ 79.9764761, 29.3958349 ], [ 79.9727398, 29.3937153 ], [ 79.9718207, 29.3947503 ], [ 79.9758291, 29.3972989 ], [ 79.9764761, 29.3958349 ] ] ] } },
{ "type": "Feature", "properties": { "gp_code": "22859", "gp_name": "GAHTODA", "blkname": "PATI", "dtname": "Champawat", "SHAPE_Area": 161395.00571729967 }, "geometry": { "type": "Polygon", "coordinates": [ [ [ 79.9716939, 29.3981489 ], [ 79.9672274, 29.3976261 ], [ 79.966747, 29.3978525 ], [ 79.9663218, 29.399098 ], [ 79.9684091, 29.4004089 ], [ 79.9720488, 29.3997301 ], [ 79.9716939, 29.3981489 ] ] ] } },
{ "type": "Feature", "properties": { "gp_code": "22859", "gp_name": "GAHTODA", "blkname": "PATI", "dtname": "Champawat", "SHAPE_Area": 491864.95711480593 }, "geometry": { "type": "Polygon", "coordinates": [ [ [ 79.9656511, 29.3922091 ], [ 79.9673508, 29.3918212 ], [ 79.96857, 29.3920803 ], [ 79.9704171, 29.3930837 ], [ 79.9713779, 29.3924367 ], [ 79.9692538, 29.3908752 ], [ 79.9705016, 29.3876317 ], [ 79.9694307, 29.3854555 ], [ 79.9667496, 29.3884795 ], [ 79.9652456, 29.3887308 ], [ 79.9631393, 29.3904128 ], [ 79.9619569, 29.3916493 ], [ 79.9615497, 29.3929848 ], [ 79.9628796, 29.3937293 ], [ 79.9656511, 29.3922091 ] ] ] } },
{ "type": "Feature", "properties": { "gp_code": "22859", "gp_name": "GAHTODA", "blkname": "PATI", "dtname": "Champawat", "SHAPE_Area": 667134.34116935614 }, "geometry": { "type": "Polygon", "coordinates": [ [ [ 79.9800253, 29.3837756 ], [ 79.9812468, 29.3805437 ], [ 79.9791657, 29.3806406 ], [ 79.9779172, 29.3800815 ], [ 79.9742546, 29.3802753 ], [ 79.9718127, 29.3807853 ], [ 79.9693156, 29.3803474 ], [ 79.966818, 29.3815134 ], [ 79.9688986, 29.383215 ], [ 79.9719506, 29.3844792 ], [ 79.9738028, 29.3847317 ], [ 79.9741638, 29.3832979 ], [ 79.9796019, 29.3851699 ], [ 79.9799627, 29.3847477 ], [ 79.9800253, 29.3837756 ] ] ] } },
{ "type": "Feature", "properties": { "gp_code": "22859", "gp_name": "GAHTODA", "blkname": "PATI", "dtname": "Champawat", "SHAPE_Area": 101821.83800045292 }, "geometry": { "type": "Polygon", "coordinates": [ [ [ 79.9737857, 29.3877106 ], [ 79.9730754, 29.3876969 ], [ 79.9724114, 29.3882377 ], [ 79.9732372, 29.3893737 ], [ 79.9763637, 29.3903072 ], [ 79.9774291, 29.3901316 ], [ 79.9773367, 29.3893472 ], [ 79.9737857, 29.3877106 ] ] ] } },
{ "type": "Feature", "properties": { "gp_code": "22871", "gp_name": "KAMLEKH", "blkname": "PATI", "dtname": "Champawat", "SHAPE_Area": 420308.41859098535 }, "geometry": { "type": "Polygon", "coordinates": [ [ [ 79.9853179, 29.38658 ], [ 79.9803513, 29.3845139 ], [ 79.9796019, 29.3851699 ], [ 79.9741638, 29.3832979 ], [ 79.973775, 29.3845615 ], [ 79.979352, 29.3869439 ], [ 79.9830701, 29.3881351 ], [ 79.9862887, 29.3898365 ], [ 79.9869825, 29.389788 ], [ 79.9877319, 29.3880626 ], [ 79.9853179, 29.38658 ] ] ] } },
{ "type": "Feature", "properties": { "gp_code": "22882", "gp_name": "LADI", "blkname": "PATI", "dtname": "Champawat", "SHAPE_Area": 1501058.5544511054 }, "geometry": { "type": "Polygon", "coordinates": [ [ [ 79.9960725, 29.3998865 ], [ 79.9955844, 29.3973219 ], [ 79.9980452, 29.3930079 ], [ 79.9941052, 29.3914592 ], [ 79.9949143, 29.3910507 ], [ 79.9951666, 29.390409 ], [ 79.9911947, 29.3893648 ], [ 79.9897606, 29.3884972 ], [ 79.9890582, 29.3889373 ], [ 79.9877125, 29.3920838 ], [ 79.9868991, 29.3914405 ], [ 79.9855946, 29.3929471 ], [ 79.9844014, 29.3927889 ], [ 79.981932, 29.3909053 ], [ 79.9812662, 29.3900304 ], [ 79.9791018, 29.3895199 ], [ 79.9791429, 29.3924239 ], [ 79.9795592, 29.3927884 ], [ 79.9854141, 29.3947575 ], [ 79.985414, 29.395681 ], [ 79.9875646, 29.3958512 ], [ 79.9877032, 29.3981599 ], [ 79.9899233, 29.3976496 ], [ 79.9916994, 29.3979656 ], [ 79.9914979, 29.4013496 ], [ 79.9937596, 29.401295 ], [ 79.9949252, 29.3999099 ], [ 79.9960725, 29.3998865 ] ] ] } },
{ "type": "Feature", "properties": { "gp_code": "22904", "gp_name": "SEERTOLY", "blkname": "PATI", "dtname": "Champawat", "SHAPE_Area": 803461.78315530159 }, "geometry": { "type": "Polygon", "coordinates": [ [ [ 79.983082, 29.4025579 ], [ 79.9866275, 29.4009057 ], [ 79.9914979, 29.4013496 ], [ 79.9916994, 29.3979656 ], [ 79.9899233, 29.3976496 ], [ 79.9877032, 29.3981599 ], [ 79.9875646, 29.3958512 ], [ 79.985414, 29.395681 ], [ 79.9801969, 29.395972 ], [ 79.9799192, 29.3968225 ], [ 79.9798909, 29.4000789 ], [ 79.9823329, 29.4015615 ], [ 79.983082, 29.4025579 ] ] ] } },
{ "type": "Feature", "properties": { "gp_code": "22866", "gp_name": "ITTAZA DUNGRA", "blkname": "PATI", "dtname": "Champawat", "SHAPE_Area": 573278.97770588123 }, "geometry": { "type": "Polygon", "coordinates": [ [ [ 80.0052481, 29.3990315 ], [ 80.0054363, 29.3980528 ], [ 80.0050128, 29.3967859 ], [ 80.0035188, 29.3957249 ], [ 80.0027894, 29.3946329 ], [ 79.9980452, 29.3930079 ], [ 79.9955844, 29.3973219 ], [ 79.9984602, 29.398215 ], [ 79.9993545, 29.3988462 ], [ 80.0014838, 29.3995982 ], [ 80.0034836, 29.3995157 ], [ 80.0052481, 29.3990315 ] ] ] } },
{ "type": "Feature", "properties": { "gp_code": "22877", "gp_name": "KHUTELY", "blkname": "PATI", "dtname": "Champawat", "SHAPE_Area": 2030207.2395269175 }, "geometry": { "type": "Polygon", "coordinates": [ [ [ 80.0147775, 29.4063008 ], [ 80.018201, 29.406146 ], [ 80.0188831, 29.4053012 ], [ 80.0191183, 29.4044153 ], [ 80.0190005, 29.4031766 ], [ 80.0186593, 29.4027543 ], [ 80.0169415, 29.401745 ], [ 80.016318, 29.401024 ], [ 80.0166587, 29.3983662 ], [ 80.0115177, 29.3942771 ], [ 80.0049618, 29.3919954 ], [ 80.0043373, 29.3924382 ], [ 80.0027894, 29.3946329 ], [ 80.0035188, 29.3957249 ], [ 80.0050128, 29.3967859 ], [ 80.0053304, 29.3974761 ], [ 80.00526, 29.4023382 ], [ 80.0056365, 29.4035845 ], [ 80.0064247, 29.4035408 ], [ 80.008166, 29.4049519 ], [ 80.00926, 29.4052712 ], [ 80.0101424, 29.4058582 ], [ 80.0112601, 29.4072901 ], [ 80.0125778, 29.407908 ], [ 80.0147775, 29.4063008 ] ] ] } },
{ "type": "Feature", "properties": { "gp_code": "", "gp_name": "", "blkname": "PATI", "dtname": "Champawat", "SHAPE_Area": 4712615.3643050734 }, "geometry": { "type": "Polygon", "coordinates": [ [ [ 80.0115177, 29.3942771 ], [ 80.0195061, 29.3868888 ], [ 80.020755, 29.3850912 ], [ 80.0192974, 29.3838932 ], [ 80.0147767, 29.3850919 ], [ 80.0128136, 29.3841804 ], [ 80.0100176, 29.3812111 ], [ 80.0080843, 29.3817061 ], [ 80.0075788, 29.381628 ], [ 80.0076084, 29.3811591 ], [ 80.0065972, 29.3813415 ], [ 80.0046938, 29.3824877 ], [ 80.003177, 29.3818104 ], [ 80.0024929, 29.3818886 ], [ 80.0027308, 29.3830608 ], [ 80.0021955, 29.3837902 ], [ 80.0014816, 29.3840246 ], [ 79.9992308, 29.3832711 ], [ 79.9984214, 29.3835879 ], [ 79.996696, 29.3833507 ], [ 79.9870459, 29.3804045 ], [ 79.9812468, 29.3805437 ], [ 79.9800253, 29.3837756 ], [ 79.9799627, 29.3847477 ], [ 79.9803513, 29.3845139 ], [ 79.9853179, 29.38658 ], [ 79.9877319, 29.3880626 ], [ 79.9869825, 29.389788 ], [ 79.9862887, 29.3898365 ], [ 79.9858723, 29.3910758 ], [ 79.9877125, 29.3920838 ], [ 79.9890582, 29.3889373 ], [ 79.9897606, 29.3884972 ], [ 79.9911947, 29.3893648 ], [ 79.9951666, 29.390409 ], [ 79.9949143, 29.3910507 ], [ 79.9941052, 29.3914592 ], [ 80.0018388, 29.394392 ], [ 80.0027894, 29.3946329 ], [ 80.0043373, 29.3924382 ], [ 80.0049618, 29.3919954 ], [ 80.0115177, 29.3942771 ] ] ] } },
{ "type": "Feature", "properties": { "gp_code": "22887", "gp_name": "MARA GAON", "blkname": "PATI", "dtname": "Champawat", "SHAPE_Area": 3171629.8130178191 }, "geometry": { "type": "Polygon", "coordinates": [ [ [ 80.016307, 29.3817207 ], [ 80.0166301, 29.3808717 ], [ 80.0175453, 29.3801642 ], [ 80.0219608, 29.3796448 ], [ 80.0227839, 29.3789139 ], [ 80.0196374, 29.377261 ], [ 80.0186317, 29.3763751 ], [ 80.0168909, 29.3760354 ], [ 80.015015, 29.3765198 ], [ 80.0138388, 29.3764426 ], [ 80.0098754, 29.3780499 ], [ 80.0052178, 29.3785859 ], [ 80.004124, 29.3785962 ], [ 80.0015482, 29.3772159 ], [ 80.0000074, 29.3796573 ], [ 79.9975754, 29.3809377 ], [ 79.9940764, 29.3762705 ], [ 79.9915239, 29.3749094 ], [ 79.9882083, 29.3742045 ], [ 79.9866961, 29.3749334 ], [ 79.983835, 29.3744441 ], [ 79.9824893, 29.3736905 ], [ 79.9814351, 29.3735568 ], [ 79.9808659, 29.3758169 ], [ 79.9776749, 29.3774447 ], [ 79.9775638, 29.3782953 ], [ 79.9779172, 29.3800815 ], [ 79.9791657, 29.3806406 ], [ 79.9870459, 29.3804045 ], [ 79.996696, 29.3833507 ], [ 79.9984214, 29.3835879 ], [ 79.9992308, 29.3832711 ], [ 80.0014816, 29.3840246 ], [ 80.0021955, 29.3837902 ], [ 80.0027308, 29.3830608 ], [ 80.0024929, 29.3818886 ], [ 80.003177, 29.3818104 ], [ 80.0046938, 29.3824877 ], [ 80.0065972, 29.3813415 ], [ 80.0076084, 29.3811591 ], [ 80.0075788, 29.381628 ], [ 80.0080843, 29.3817061 ], [ 80.0100176, 29.3812111 ], [ 80.0128136, 29.3841804 ], [ 80.0147767, 29.3850919 ], [ 80.0156988, 29.3849616 ], [ 80.0177822, 29.384403 ], [ 80.0166842, 29.3831827 ], [ 80.016307, 29.3817207 ] ] ] } },
{ "type": "Feature", "properties": { "gp_code": "22863", "gp_name": "GOSANI", "blkname": "PATI", "dtname": "Champawat", "SHAPE_Area": 4342679.0626930567 }, "geometry": { "type": "Polygon", "coordinates": [ [ [ 80.0200516, 29.3926642 ], [ 80.0220275, 29.3913041 ], [ 80.0227569, 29.3912628 ], [ 80.0244391, 29.3922102 ], [ 80.0256271, 29.3919011 ], [ 80.0263272, 29.3924958 ], [ 80.0271386, 29.3916201 ], [ 80.0312438, 29.3915781 ], [ 80.0327139, 29.3904138 ], [ 80.034019, 29.3882399 ], [ 80.0342774, 29.3871788 ], [ 80.0338657, 29.3869832 ], [ 80.0297021, 29.3886322 ], [ 80.0285612, 29.388653 ], [ 80.0275082, 29.3874943 ], [ 80.0277305, 29.3822921 ], [ 80.0295062, 29.3809577 ], [ 80.0304233, 29.379505 ], [ 80.0313523, 29.3791031 ], [ 80.0290813, 29.3746223 ], [ 80.0266114, 29.3746228 ], [ 80.0248469, 29.3730057 ], [ 80.0235651, 29.3742524 ], [ 80.0221771, 29.3731916 ], [ 80.0207185, 29.3714817 ], [ 80.0190835, 29.3703384 ], [ 80.0129442, 29.3694016 ], [ 80.0121326, 29.3689534 ], [ 80.0073345, 29.3722915 ], [ 80.0055469, 29.3740119 ], [ 80.0044885, 29.3785859 ], [ 80.0098754, 29.3780499 ], [ 80.0138388, 29.3764426 ], [ 80.015015, 29.3765198 ], [ 80.0168909, 29.3760354 ], [ 80.0186317, 29.3763751 ], [ 80.0196374, 29.377261 ], [ 80.0227839, 29.3789139 ], [ 80.0219608, 29.3796448 ], [ 80.0175453, 29.3801642 ], [ 80.0166301, 29.3808717 ], [ 80.016307, 29.3817207 ], [ 80.0166842, 29.3831827 ], [ 80.0177822, 29.384403 ], [ 80.0192974, 29.3838932 ], [ 80.020755, 29.3850912 ], [ 80.0195061, 29.3868888 ], [ 80.0137231, 29.3924588 ], [ 80.0200516, 29.3926642 ] ] ] } },
{ "type": "Feature", "properties": { "gp_code": "22795", "gp_name": "KALCHAURA", "blkname": "LOHAGHAT", "dtname": "Champawat", "SHAPE_Area": 3349857.5251987725 }, "geometry": { "type": "Polygon", "coordinates": [ [ [ 80.0374854, 29.3960372 ], [ 80.036156, 29.3954916 ], [ 80.0359559, 29.3950589 ], [ 80.0364615, 29.3940802 ], [ 80.0370259, 29.3934826 ], [ 80.0391904, 29.3937293 ], [ 80.039519, 29.3914423 ], [ 80.0404365, 29.3913288 ], [ 80.0410592, 29.3893611 ], [ 80.0439752, 29.3860845 ], [ 80.0433631, 29.3847351 ], [ 80.0404103, 29.383304 ], [ 80.0356222, 29.3803487 ], [ 80.0339168, 29.3804108 ], [ 80.0313523, 29.3791031 ], [ 80.0307526, 29.3792371 ], [ 80.0295062, 29.3809577 ], [ 80.0277305, 29.3822921 ], [ 80.0275082, 29.3874943 ], [ 80.0285612, 29.388653 ], [ 80.0313606, 29.3881168 ], [ 80.0338657, 29.3869832 ], [ 80.0342774, 29.3871788 ], [ 80.0343128, 29.3876114 ], [ 80.0327139, 29.3904138 ], [ 80.0312438, 29.3915781 ], [ 80.0271386, 29.3916201 ], [ 80.0263272, 29.3924958 ], [ 80.0261508, 29.3931964 ], [ 80.0262224, 29.3975331 ], [ 80.0266816, 29.3993564 ], [ 80.0285875, 29.4006437 ], [ 80.0291173, 29.4022094 ], [ 80.0286588, 29.4037855 ], [ 80.029765, 29.4047742 ], [ 80.0304005, 29.4058556 ], [ 80.0307887, 29.4060617 ], [ 80.0309355, 29.4048358 ], [ 80.0349333, 29.3976345 ], [ 80.0365332, 29.3978195 ], [ 80.0374854, 29.3960372 ] ] ] } },
{ "type": "Feature", "properties": { "gp_code": "22789", "gp_name": "DUNGARI FARTIYAL", "blkname": "LOHAGHAT", "dtname": "Champawat", "SHAPE_Area": 1542707.6968943258 }, "geometry": { "type": "Polygon", "coordinates": [ [ [ 80.0441457, 29.4022677 ], [ 80.0445922, 29.4007636 ], [ 80.0443567, 29.4000632 ], [ 80.0430159, 29.4009495 ], [ 80.0424042, 29.4008466 ], [ 80.0421802, 29.3996311 ], [ 80.0405447, 29.3984057 ], [ 80.0405441, 29.3966339 ], [ 80.0395207, 29.3967063 ], [ 80.0374854, 29.3960372 ], [ 80.0365332, 29.3978195 ], [ 80.0349333, 29.3976345 ], [ 80.0309355, 29.4048358 ], [ 80.0307887, 29.4060617 ], [ 80.0317772, 29.4067928 ], [ 80.0318713, 29.4071945 ], [ 80.0309542, 29.4093374 ], [ 80.0307781, 29.4108515 ], [ 80.0314138, 29.4120772 ], [ 80.032387, 29.41055 ], [ 80.034763, 29.4089219 ], [ 80.0365274, 29.4083034 ], [ 80.0381741, 29.4071699 ], [ 80.0409732, 29.404594 ], [ 80.0444519, 29.4033596 ], [ 80.0441457, 29.4022677 ] ] ] } },
{ "type": "Feature", "properties": { "gp_code": "22867", "gp_name": "JAN KANDE", "blkname": "PATI", "dtname": "Champawat", "SHAPE_Area": 614358.83380627888 }, "geometry": { "type": "Polygon", "coordinates": [ [ [ 80.021718, 29.4031479 ], [ 80.0229884, 29.4024885 ], [ 80.0286588, 29.4037855 ], [ 80.0291173, 29.4022094 ], [ 80.0285875, 29.4006437 ], [ 80.0280934, 29.4003038 ], [ 80.0257523, 29.4001471 ], [ 80.023823, 29.3996221 ], [ 80.0214821, 29.4000654 ], [ 80.0195762, 29.3987161 ], [ 80.017941, 29.3989121 ], [ 80.0164473, 29.4002926 ], [ 80.016318, 29.401024 ], [ 80.0166121, 29.4014051 ], [ 80.0190005, 29.4031766 ], [ 80.0191183, 29.4044153 ], [ 80.0213299, 29.4045283 ], [ 80.021718, 29.4031479 ] ] ] } },
{ "type": "Feature", "properties": { "gp_code": "22912", "gp_name": "TYARSAUN", "blkname": "PATI", "dtname": "Champawat", "SHAPE_Area": 1280369.8302288079 }, "geometry": { "type": "Polygon", "coordinates": [ [ [ 80.0263272, 29.3924958 ], [ 80.0256271, 29.3919011 ], [ 80.0244391, 29.3922102 ], [ 80.0227569, 29.3912628 ], [ 80.0220275, 29.3913041 ], [ 80.0200516, 29.3926642 ], [ 80.0137231, 29.3924588 ], [ 80.0115177, 29.3942771 ], [ 80.0166587, 29.3983662 ], [ 80.0164473, 29.4002926 ], [ 80.0174353, 29.39918 ], [ 80.0186704, 29.398706 ], [ 80.0195762, 29.3987161 ], [ 80.0214821, 29.4000654 ], [ 80.023823, 29.3996221 ], [ 80.0257523, 29.4001471 ], [ 80.0280934, 29.4003038 ], [ 80.0269051, 29.3997272 ], [ 80.0262224, 29.3975331 ], [ 80.0263272, 29.3924958 ] ] ] } },
{ "type": "Feature", "properties": { "gp_code": "22872", "gp_name": "KANA KOT", "blkname": "PATI", "dtname": "Champawat", "SHAPE_Area": 500193.91169754637 }, "geometry": { "type": "Polygon", "coordinates": [ [ [ 80.0213299, 29.4045283 ], [ 80.0191183, 29.4044153 ], [ 80.0188831, 29.4053012 ], [ 80.018201, 29.406146 ], [ 80.0204366, 29.4089888 ], [ 80.0224368, 29.4100701 ], [ 80.0245786, 29.4128614 ], [ 80.0250492, 29.4131291 ], [ 80.0253079, 29.4123256 ], [ 80.0257784, 29.4119856 ], [ 80.0282842, 29.4117791 ], [ 80.0292959, 29.4113772 ], [ 80.0294135, 29.4108724 ], [ 80.0280486, 29.4104401 ], [ 80.0273779, 29.4094822 ], [ 80.0216126, 29.4060426 ], [ 80.0212477, 29.4053524 ], [ 80.0213299, 29.4045283 ] ] ] } },
{ "type": "Feature", "properties": { "gp_code": "22867", "gp_name": "JAN KANDE", "blkname": "PATI", "dtname": "Champawat", "SHAPE_Area": 3554884.8956924509 }, "geometry": { "type": "Polygon", "coordinates": [ [ [ 80.0120177, 29.4360769 ], [ 80.0122257, 29.4347225 ], [ 80.0135498, 29.4341493 ], [ 80.0137282, 29.4334982 ], [ 80.0166468, 29.4330461 ], [ 80.0174282, 29.432346 ], [ 80.019426, 29.4317525 ], [ 80.0204821, 29.430984 ], [ 80.0208388, 29.4290695 ], [ 80.0216048, 29.4285602 ], [ 80.0215812, 29.4282305 ], [ 80.0173922, 29.4267168 ], [ 80.0165445, 29.4233795 ], [ 80.0164381, 29.4193931 ], [ 80.0178262, 29.4173843 ], [ 80.0177667, 29.4136452 ], [ 80.0193192, 29.4101838 ], [ 80.0204366, 29.4089888 ], [ 80.018201, 29.406146 ], [ 80.0147775, 29.4063008 ], [ 80.0125778, 29.407908 ], [ 80.0120489, 29.4123993 ], [ 80.0112374, 29.4154999 ], [ 80.0106139, 29.4162416 ], [ 80.0091786, 29.4169937 ], [ 80.0071786, 29.4194248 ], [ 80.0079199, 29.4200737 ], [ 80.0082376, 29.4208565 ], [ 80.0088497, 29.4242969 ], [ 80.007485, 29.4260069 ], [ 80.0074144, 29.4273047 ], [ 80.0080734, 29.4284378 ], [ 80.0082029, 29.429643 ], [ 80.006344, 29.4334955 ], [ 80.0063442, 29.4359264 ], [ 80.0087501, 29.435657 ], [ 80.0092058, 29.4359338 ], [ 80.0106787, 29.4358426 ], [ 80.0114495, 29.4363149 ], [ 80.0120177, 29.4360769 ] ] ] } },
{ "type": "Feature", "properties": { "gp_code": "22644", "gp_name": "DHATI GAON", "blkname": "BARAKOT", "dtname": "Champawat", "SHAPE_Area": 2377662.5725132516 }, "geometry": { "type": "Polygon", "coordinates": [ [ [ 80.0137345, 29.4410246 ], [ 80.0157702, 29.4400149 ], [ 80.021242, 29.4391182 ], [ 80.022548, 29.4386338 ], [ 80.0230893, 29.4387574 ], [ 80.0238545, 29.4401272 ], [ 80.0259843, 29.4393338 ], [ 80.0264076, 29.4376032 ], [ 80.0272074, 29.4363671 ], [ 80.0298077, 29.4351949 ], [ 80.0314429, 29.4337422 ], [ 80.0315953, 29.4314349 ], [ 80.031183, 29.4295397 ], [ 80.0290364, 29.4310608 ], [ 80.027504, 29.4311782 ], [ 80.0254957, 29.4304006 ], [ 80.0241863, 29.4303323 ], [ 80.0228324, 29.4293948 ], [ 80.0224007, 29.4286265 ], [ 80.0216048, 29.4285602 ], [ 80.0208388, 29.4290695 ], [ 80.0204821, 29.430984 ], [ 80.019426, 29.4317525 ], [ 80.0174282, 29.432346 ], [ 80.0166468, 29.4330461 ], [ 80.0137282, 29.4334982 ], [ 80.0135498, 29.4341493 ], [ 80.0122257, 29.4347225 ], [ 80.0118986, 29.4362462 ], [ 80.0087501, 29.435657 ], [ 80.0063442, 29.4359264 ], [ 80.0078857, 29.4370182 ], [ 80.0063679, 29.4390783 ], [ 80.0068151, 29.4400672 ], [ 80.0088274, 29.4412722 ], [ 80.0137345, 29.4410246 ] ] ] } },
{ "type": "Feature", "properties": { "gp_code": "22632", "gp_name": "BAIRAOM", "blkname": "BARAKOT", "dtname": "Champawat", "SHAPE_Area": 313141.80719227815 }, "geometry": { "type": "Polygon", "coordinates": [ [ [ 80.035537, 29.4309602 ], [ 80.0341008, 29.4283854 ], [ 80.031183, 29.4295397 ], [ 80.0315953, 29.4314349 ], [ 80.0314429, 29.4337422 ], [ 80.0317373, 29.434422 ], [ 80.0327259, 29.435112 ], [ 80.033526, 29.4351221 ], [ 80.0340084, 29.4347821 ], [ 80.0352434, 29.4332264 ], [ 80.035537, 29.4309602 ] ] ] } },
{ "type": "Feature", "properties": { "gp_code": "", "gp_name": "", "blkname": "BARAKOT", "dtname": "Champawat", "SHAPE_Area": 732350.14868467732 }, "geometry": { "type": "Polygon", "coordinates": [ [ [ 80.0395994, 29.4399207 ], [ 80.0395402, 29.4388804 ], [ 80.037998, 29.4363366 ], [ 80.0379859, 29.435667 ], [ 80.0384094, 29.4350385 ], [ 80.0376444, 29.4345341 ], [ 80.0355959, 29.4313516 ], [ 80.0352434, 29.4332264 ], [ 80.033526, 29.4351221 ], [ 80.0321375, 29.4347825 ], [ 80.0314429, 29.4337422 ], [ 80.0298077, 29.4351949 ], [ 80.0284663, 29.4358725 ], [ 80.0297376, 29.4376542 ], [ 80.0310801, 29.4413415 ], [ 80.0333632, 29.4419384 ], [ 80.0346806, 29.4400557 ], [ 80.0349389, 29.4381089 ], [ 80.0356331, 29.4375113 ], [ 80.0364568, 29.4375111 ], [ 80.0371395, 29.4383144 ], [ 80.0376337, 29.4383864 ], [ 80.0395994, 29.4399207 ] ] ] } },
{ "type": "Feature", "properties": { "gp_code": "22645", "gp_name": "EZARA", "blkname": "BARAKOT", "dtname": "Champawat", "SHAPE_Area": 480944.15786841844 }, "geometry": { "type": "Polygon", "coordinates": [ [ [ 80.038435, 29.4279696 ], [ 80.0385357, 29.4272454 ], [ 80.0369202, 29.4280377 ], [ 80.0341008, 29.4283854 ], [ 80.0376444, 29.4345341 ], [ 80.0384094, 29.4350385 ], [ 80.0400802, 29.4350279 ], [ 80.0410567, 29.4341521 ], [ 80.0418206, 29.4314634 ], [ 80.0408223, 29.430586 ], [ 80.0402895, 29.4292995 ], [ 80.038435, 29.4279696 ] ] ] } },
{ "type": "Feature", "properties": { "gp_code": "22818", "gp_name": "MOTYU RAJ", "blkname": "LOHAGHAT", "dtname": "Champawat", "SHAPE_Area": 2640954.9309084374 }, "geometry": { "type": "Polygon", "coordinates": [ [ [ 80.0290364, 29.4310608 ], [ 80.0328591, 29.428781 ], [ 80.037783, 29.4278031 ], [ 80.0403264, 29.4263048 ], [ 80.0411148, 29.4262004 ], [ 80.0436589, 29.4269812 ], [ 80.0450273, 29.4262775 ], [ 80.0457458, 29.4263945 ], [ 80.0484979, 29.4233859 ], [ 80.0496508, 29.4230147 ], [ 80.05051, 29.42355 ], [ 80.0514152, 29.4215926 ], [ 80.050156, 29.4210677 ], [ 80.0497322, 29.4204704 ], [ 80.0515197, 29.4185075 ], [ 80.053354, 29.4158184 ], [ 80.0544558, 29.4133278 ], [ 80.0541257, 29.4117004 ], [ 80.0530368, 29.4102792 ], [ 80.0519089, 29.4137612 ], [ 80.0499679, 29.4141739 ], [ 80.0478971, 29.4137316 ], [ 80.0470501, 29.4141851 ], [ 80.0470983, 29.4172238 ], [ 80.0461817, 29.4201598 ], [ 80.0446053, 29.4207063 ], [ 80.0424758, 29.4207789 ], [ 80.0379575, 29.4201414 ], [ 80.0377695, 29.4205329 ], [ 80.0353457, 29.4204614 ], [ 80.0330403, 29.4230164 ], [ 80.0325817, 29.4240775 ], [ 80.0320877, 29.4243248 ], [ 80.0316173, 29.4256434 ], [ 80.0306878, 29.4257054 ], [ 80.0302994, 29.4252007 ], [ 80.0284284, 29.424583 ], [ 80.0279344, 29.4249642 ], [ 80.0276525, 29.4269008 ], [ 80.0270289, 29.4274881 ], [ 80.0261818, 29.4278281 ], [ 80.0240167, 29.4271073 ], [ 80.022793, 29.4270252 ], [ 80.0219693, 29.4274167 ], [ 80.0216048, 29.4285602 ], [ 80.0224007, 29.4286265 ], [ 80.0228324, 29.4293948 ], [ 80.0241863, 29.4303323 ], [ 80.0254957, 29.4304006 ], [ 80.0268494, 29.4310742 ], [ 80.0290364, 29.4310608 ] ] ] } },
{ "type": "Feature", "properties": { "gp_code": "22903", "gp_name": "SEERMAULY", "blkname": "PATI", "dtname": "Champawat", "SHAPE_Area": 3830294.0164268273 }, "geometry": { "type": "Polygon", "coordinates": [ [ [ 80.0377695, 29.4205329 ], [ 80.0378393, 29.4179164 ], [ 80.0356856, 29.4160731 ], [ 80.0344733, 29.4145076 ], [ 80.0336615, 29.4141679 ], [ 80.0328847, 29.4130453 ], [ 80.0314138, 29.4120772 ], [ 80.0307781, 29.4108515 ], [ 80.0294135, 29.4108724 ], [ 80.0292959, 29.4113772 ], [ 80.0288136, 29.411676 ], [ 80.0257784, 29.4119856 ], [ 80.0253079, 29.4123256 ], [ 80.0250492, 29.4131291 ], [ 80.0224368, 29.4100701 ], [ 80.0204366, 29.4089888 ], [ 80.0193192, 29.4101838 ], [ 80.018049, 29.4126047 ], [ 80.0177667, 29.4136452 ], [ 80.0178262, 29.4173843 ], [ 80.0164381, 29.4193931 ], [ 80.0163089, 29.4214121 ], [ 80.0173922, 29.4267168 ], [ 80.0215812, 29.4282305 ], [ 80.0216048, 29.4285602 ], [ 80.0219693, 29.4274167 ], [ 80.022793, 29.4270252 ], [ 80.0240167, 29.4271073 ], [ 80.0261818, 29.4278281 ], [ 80.0270289, 29.4274881 ], [ 80.0276525, 29.4269008 ], [ 80.0279344, 29.4249642 ], [ 80.0284284, 29.424583 ], [ 80.0302994, 29.4252007 ], [ 80.0306878, 29.4257054 ], [ 80.0316173, 29.4256434 ], [ 80.0320877, 29.4243248 ], [ 80.0325817, 29.4240775 ], [ 80.0330403, 29.4230164 ], [ 80.0338049, 29.4224497 ], [ 80.0346987, 29.4209765 ], [ 80.0353457, 29.4204614 ], [ 80.0377695, 29.4205329 ] ] ] } },
{ "type": "Feature", "properties": { "gp_code": "22877", "gp_name": "KHUTELY", "blkname": "PATI", "dtname": "Champawat", "SHAPE_Area": 735382.01374557184 }, "geometry": { "type": "Polygon", "coordinates": [ [ [ 80.0289059, 29.4039091 ], [ 80.0229884, 29.4024885 ], [ 80.021718, 29.4031479 ], [ 80.0213416, 29.403797 ], [ 80.0212477, 29.4053524 ], [ 80.0216126, 29.4060426 ], [ 80.0273779, 29.4094822 ], [ 80.0280486, 29.4104401 ], [ 80.0294135, 29.4108724 ], [ 80.0307781, 29.4108515 ], [ 80.0317772, 29.4067928 ], [ 80.0304005, 29.4058556 ], [ 80.0289059, 29.4039091 ] ] ] } },
{ "type": "Feature", "properties": { "gp_code": "", "gp_name": "", "blkname": "LOHAGHAT", "dtname": "Champawat", "SHAPE_Area": 573763.51052504964 }, "geometry": { "type": "Polygon", "coordinates": [ [ [ 80.0602438, 29.4125223 ], [ 80.0527591, 29.4072508 ], [ 80.0531349, 29.4058703 ], [ 80.0551102, 29.4034592 ], [ 80.0541452, 29.4026354 ], [ 80.0497301, 29.4081685 ], [ 80.0520777, 29.4094554 ], [ 80.0541257, 29.4117004 ], [ 80.0544558, 29.4133278 ], [ 80.0538212, 29.4149349 ], [ 80.0579153, 29.4143773 ], [ 80.0602438, 29.4125223 ] ] ] } },
{ "type": "Feature", "properties": { "gp_code": "22773", "gp_name": "BANDELA DEK", "blkname": "LOHAGHAT", "dtname": "Champawat", "SHAPE_Area": 1124497.2412420819 }, "geometry": { "type": "Polygon", "coordinates": [ [ [ 80.0497301, 29.4081685 ], [ 80.0497186, 29.4088072 ], [ 80.0489307, 29.4097036 ], [ 80.0451433, 29.4120739 ], [ 80.0425091, 29.4150414 ], [ 80.0379567, 29.4174117 ], [ 80.0379575, 29.4201414 ], [ 80.0424758, 29.4207789 ], [ 80.0446053, 29.4207063 ], [ 80.0461817, 29.4201598 ], [ 80.0470983, 29.4172238 ], [ 80.0470501, 29.4141851 ], [ 80.0478971, 29.4137316 ], [ 80.0499679, 29.4141739 ], [ 80.0516383, 29.4139056 ], [ 80.0526963, 29.4116494 ], [ 80.0530368, 29.4102792 ], [ 80.0497301, 29.4081685 ] ] ] } },
{ "type": "Feature", "properties": { "gp_code": "", "gp_name": "", "blkname": "BARAKOT", "dtname": "Champawat", "SHAPE_Area": 955857.87256175478 }, "geometry": { "type": "Polygon", "coordinates": [ [ [ 80.0490836, 29.438888 ], [ 80.0482125, 29.4378788 ], [ 80.0453407, 29.4363758 ], [ 80.044304, 29.4334405 ], [ 80.0427737, 29.4314529 ], [ 80.0418206, 29.4314634 ], [ 80.0407744, 29.434595 ], [ 80.0400802, 29.4350279 ], [ 80.0384094, 29.4350385 ], [ 80.0379859, 29.435667 ], [ 80.0382452, 29.4369339 ], [ 80.0395402, 29.4388804 ], [ 80.0395994, 29.4399207 ], [ 80.040659, 29.4413625 ], [ 80.0419184, 29.4423407 ], [ 80.0432482, 29.4421137 ], [ 80.0446834, 29.4411863 ], [ 80.0458015, 29.4413919 ], [ 80.0478495, 29.4426377 ], [ 80.0478609, 29.4415562 ], [ 80.0488842, 29.4403404 ], [ 80.0490836, 29.438888 ] ] ] } },
{ "type": "Feature", "properties": { "gp_code": "22675", "gp_name": "TARI GAON", "blkname": "BARAKOT", "dtname": "Champawat", "SHAPE_Area": 2403948.2059090128 }, "geometry": { "type": "Polygon", "coordinates": [ [ [ 80.0603025, 29.4303244 ], [ 80.0550489, 29.4294287 ], [ 80.0514097, 29.4271741 ], [ 80.0494605, 29.4263283 ], [ 80.048196, 29.4263416 ], [ 80.0471829, 29.4266284 ], [ 80.0481654, 29.4289887 ], [ 80.0477759, 29.4298718 ], [ 80.0448721, 29.4294871 ], [ 80.0433186, 29.4300527 ], [ 80.0426887, 29.4309725 ], [ 80.043021, 29.4320193 ], [ 80.044304, 29.4334405 ], [ 80.0453407, 29.4363758 ], [ 80.0482125, 29.4378788 ], [ 80.0490836, 29.438888 ], [ 80.0494976, 29.4388988 ], [ 80.0514222, 29.4421426 ], [ 80.0527269, 29.4429794 ], [ 80.0538879, 29.4417081 ], [ 80.057069, 29.4413101 ], [ 80.058537, 29.4396921 ], [ 80.0587986, 29.4379786 ], [ 80.058394, 29.4357709 ], [ 80.0603025, 29.4303244 ] ] ] } },
{ "type": "Feature", "properties": { "gp_code": "243018", "gp_name": "NAUMANA", "blkname": "BARAKOT", "dtname": "Champawat", "SHAPE_Area": 1248911.8607921856 }, "geometry": { "type": "Polygon", "coordinates": [ [ [ 80.0421148, 29.4315766 ], [ 80.0427737, 29.4314529 ], [ 80.0426887, 29.4309725 ], [ 80.0433186, 29.4300527 ], [ 80.043944, 29.4297169 ], [ 80.0448721, 29.4294871 ], [ 80.0477759, 29.4298718 ], [ 80.0481654, 29.4289887 ], [ 80.0471829, 29.4266284 ], [ 80.048196, 29.4263416 ], [ 80.0494605, 29.4263283 ], [ 80.0514097, 29.4271741 ], [ 80.0550489, 29.4294287 ], [ 80.0596254, 29.4300897 ], [ 80.0609798, 29.4305592 ], [ 80.0625139, 29.4304764 ], [ 80.0642434, 29.428407 ], [ 80.0633604, 29.4275936 ], [ 80.0614892, 29.4266467 ], [ 80.0607233, 29.4245456 ], [ 80.0562183, 29.4275242 ], [ 80.0542762, 29.426021 ], [ 80.053805, 29.4249807 ], [ 80.0522398, 29.4240748 ], [ 80.0508278, 29.4239104 ], [ 80.0500509, 29.4230764 ], [ 80.0490861, 29.4230767 ], [ 80.0457458, 29.4263945 ], [ 80.0450273, 29.4262775 ], [ 80.0436589, 29.4269812 ], [ 80.0411148, 29.4262004 ], [ 80.0385357, 29.4272454 ], [ 80.038435, 29.4279696 ], [ 80.0402895, 29.4292995 ], [ 80.0408223, 29.430586 ], [ 80.0421148, 29.4315766 ] ] ] } },
{ "type": "Feature", "properties": { "gp_code": "22800", "gp_name": "KHAIS KANDEY", "blkname": "LOHAGHAT", "dtname": "Champawat", "SHAPE_Area": 625505.42297336145 }, "geometry": { "type": "Polygon", "coordinates": [ [ [ 80.0607233, 29.4245456 ], [ 80.0608986, 29.4221249 ], [ 80.0615333, 29.4207444 ], [ 80.0609449, 29.4205386 ], [ 80.0580742, 29.420756 ], [ 80.056745, 29.4214363 ], [ 80.0514152, 29.4215926 ], [ 80.05051, 29.42355 ], [ 80.0508278, 29.4239104 ], [ 80.0522398, 29.4240748 ], [ 80.053805, 29.4249807 ], [ 80.0542762, 29.426021 ], [ 80.0562183, 29.4275242 ], [ 80.0607233, 29.4245456 ] ] ] } },
{ "type": "Feature", "properties": { "gp_code": "22647", "gp_name": "GALLA GAON", "blkname": "BARAKOT", "dtname": "Champawat", "SHAPE_Area": 2252723.9937251876 }, "geometry": { "type": "Polygon", "coordinates": [ [ [ 80.0630926, 29.4397874 ], [ 80.0670929, 29.4383661 ], [ 80.0689235, 29.4382131 ], [ 80.074855, 29.4364793 ], [ 80.0773565, 29.4367137 ], [ 80.0800264, 29.4347759 ], [ 80.0823182, 29.4306751 ], [ 80.0823442, 29.430034 ], [ 80.0782493, 29.4306838 ], [ 80.0609798, 29.4305592 ], [ 80.0603025, 29.4303244 ], [ 80.058394, 29.4357709 ], [ 80.0587986, 29.4379786 ], [ 80.060454, 29.439497 ], [ 80.0630926, 29.4397874 ] ] ] } },
{ "type": "Feature", "properties": { "gp_code": "", "gp_name": "", "blkname": "LOHAGHAT", "dtname": "Champawat", "SHAPE_Area": 1433265.7540475111 }, "geometry": { "type": "Polygon", "coordinates": [ [ [ 80.0615333, 29.4207444 ], [ 80.0631799, 29.4196209 ], [ 80.063638, 29.4181684 ], [ 80.0636365, 29.4151811 ], [ 80.0629165, 29.4109271 ], [ 80.0620219, 29.4098253 ], [ 80.0600654, 29.4086904 ], [ 80.0570422, 29.4090417 ], [ 80.0561836, 29.4095365 ], [ 80.0602438, 29.4125223 ], [ 80.0579153, 29.4143773 ], [ 80.0538212, 29.4149349 ], [ 80.0515197, 29.4185075 ], [ 80.0497322, 29.4204704 ], [ 80.050156, 29.4210677 ], [ 80.0523447, 29.4216747 ], [ 80.056745, 29.4214363 ], [ 80.0580742, 29.420756 ], [ 80.0609449, 29.4205386 ], [ 80.0615333, 29.4207444 ] ] ] } },
{ "type": "Feature", "properties": { "gp_code": "22773", "gp_name": "BANDELA DEK", "blkname": "LOHAGHAT", "dtname": "Champawat", "SHAPE_Area": 1871751.4020011327 }, "geometry": { "type": "Polygon", "coordinates": [ [ [ 80.0497301, 29.4081685 ], [ 80.0541452, 29.4026354 ], [ 80.0551102, 29.4034592 ], [ 80.0531349, 29.4058703 ], [ 80.0527591, 29.4072508 ], [ 80.0561836, 29.4095365 ], [ 80.0570422, 29.4090417 ], [ 80.0600654, 29.4086904 ], [ 80.0620219, 29.4098253 ], [ 80.0629165, 29.4109271 ], [ 80.0635655, 29.4145013 ], [ 80.0654823, 29.4127288 ], [ 80.0665409, 29.4122957 ], [ 80.0660102, 29.409937 ], [ 80.0660093, 29.4083301 ], [ 80.0672554, 29.4065989 ], [ 80.0675138, 29.4057541 ], [ 80.0673476, 29.4030347 ], [ 80.0656943, 29.4021753 ], [ 80.0648592, 29.4025619 ], [ 80.0639916, 29.402467 ], [ 80.0636617, 29.401437 ], [ 80.0622607, 29.3993156 ], [ 80.0610726, 29.39945 ], [ 80.059285, 29.400491 ], [ 80.0581087, 29.4005532 ], [ 80.0558977, 29.4019344 ], [ 80.0544034, 29.4013478 ], [ 80.0535561, 29.4004312 ], [ 80.0535593, 29.4010467 ], [ 80.0527834, 29.4022213 ], [ 80.051231, 29.4031695 ], [ 80.0503604, 29.403211 ], [ 80.0493492, 29.4044269 ], [ 80.0487586, 29.4056451 ], [ 80.049841, 29.4061392 ], [ 80.0500295, 29.4067984 ], [ 80.0497301, 29.4081685 ] ] ] } },
{ "type": "Feature", "properties": { "gp_code": "", "gp_name": "", "blkname": "LOHAGHAT", "dtname": "Champawat", "SHAPE_Area": 466183.61087751703 }, "geometry": { "type": "Polygon", "coordinates": [ [ [ 80.0697384, 29.4028355 ], [ 80.06902, 29.4013009 ], [ 80.067725, 29.3996635 ], [ 80.067288, 29.3964292 ], [ 80.0661575, 29.3939985 ], [ 80.0651706, 29.3963888 ], [ 80.0633714, 29.3973991 ], [ 80.062819, 29.398378 ], [ 80.0619134, 29.3989036 ], [ 80.0636617, 29.401437 ], [ 80.0639916, 29.402467 ], [ 80.0648592, 29.4025619 ], [ 80.0656943, 29.4021753 ], [ 80.0670476, 29.4030091 ], [ 80.0687178, 29.4026685 ], [ 80.0697384, 29.4028355 ] ] ] } },
{ "type": "Feature", "properties": { "gp_code": "22818", "gp_name": "MOTYU RAJ", "blkname": "LOHAGHAT", "dtname": "Champawat", "SHAPE_Area": 3480107.6548691737 }, "geometry": { "type": "Polygon", "coordinates": [ [ [ 80.0535593, 29.4010467 ], [ 80.0534143, 29.3992672 ], [ 80.0521437, 29.3985362 ], [ 80.0514607, 29.3969604 ], [ 80.0501075, 29.3958689 ], [ 80.0495777, 29.394942 ], [ 80.0435786, 29.3953867 ], [ 80.0412723, 29.3932961 ], [ 80.040625, 29.3923486 ], [ 80.0404365, 29.3913288 ], [ 80.039519, 29.3914423 ], [ 80.0391904, 29.3937293 ], [ 80.0370259, 29.3934826 ], [ 80.0359559, 29.3950589 ], [ 80.036756, 29.3959138 ], [ 80.0395207, 29.3967063 ], [ 80.0405441, 29.3966339 ], [ 80.0405447, 29.3984057 ], [ 80.0421802, 29.3996311 ], [ 80.0424042, 29.4008466 ], [ 80.0430159, 29.4009495 ], [ 80.0443567, 29.4000632 ], [ 80.0445922, 29.4007636 ], [ 80.0441457, 29.4022677 ], [ 80.0444519, 29.4033596 ], [ 80.0409732, 29.404594 ], [ 80.0381741, 29.4071699 ], [ 80.0365274, 29.4083034 ], [ 80.034763, 29.4089219 ], [ 80.032387, 29.41055 ], [ 80.0314138, 29.4120772 ], [ 80.0328847, 29.4130453 ], [ 80.0336615, 29.4141679 ], [ 80.0344733, 29.4145076 ], [ 80.0356856, 29.4160731 ], [ 80.0378393, 29.4179164 ], [ 80.0379567, 29.4174117 ], [ 80.0388742, 29.4167934 ], [ 80.0425091, 29.4150414 ], [ 80.0451433, 29.4120739 ], [ 80.0489307, 29.4097036 ], [ 80.0497186, 29.4088072 ], [ 80.049677, 29.4076432 ], [ 80.0500295, 29.4067984 ], [ 80.049841, 29.4061392 ], [ 80.0487586, 29.4056451 ], [ 80.0493492, 29.4044269 ], [ 80.0503604, 29.403211 ], [ 80.051231, 29.4031695 ], [ 80.0527834, 29.4022213 ], [ 80.0535593, 29.4010467 ] ] ] } },
{ "type": "Feature", "properties": { "gp_code": "22789", "gp_name": "DUNGARI FARTIYAL", "blkname": "LOHAGHAT", "dtname": "Champawat", "SHAPE_Area": 2548715.9278098396 }, "geometry": { "type": "Polygon", "coordinates": [ [ [ 80.0622607, 29.3993156 ], [ 80.0609718, 29.3978945 ], [ 80.0598659, 29.397555 ], [ 80.0584889, 29.3960412 ], [ 80.0581236, 29.3947845 ], [ 80.05657, 29.3927764 ], [ 80.0560753, 29.3916125 ], [ 80.0547579, 29.3916542 ], [ 80.052805, 29.3909543 ], [ 80.050581, 29.3890081 ], [ 80.0496156, 29.3869584 ], [ 80.0492384, 29.3849292 ], [ 80.0496489, 29.3820137 ], [ 80.0505304, 29.3803549 ], [ 80.0514113, 29.3774702 ], [ 80.0485676, 29.3777878 ], [ 80.0481439, 29.379841 ], [ 80.0469738, 29.381638 ], [ 80.0468198, 29.3836659 ], [ 80.0457363, 29.3843029 ], [ 80.0452924, 29.3853112 ], [ 80.0436576, 29.3862494 ], [ 80.0432581, 29.3871045 ], [ 80.0410592, 29.3893611 ], [ 80.040448, 29.390855 ], [ 80.040625, 29.3923486 ], [ 80.0435786, 29.3953867 ], [ 80.0495777, 29.394942 ], [ 80.0501075, 29.3958689 ], [ 80.0514607, 29.3969604 ], [ 80.0521437, 29.3985362 ], [ 80.0534143, 29.3992672 ], [ 80.0535561, 29.4004312 ], [ 80.0544034, 29.4013478 ], [ 80.0558977, 29.4019344 ], [ 80.0581087, 29.4005532 ], [ 80.059285, 29.400491 ], [ 80.0610726, 29.39945 ], [ 80.0622607, 29.3993156 ] ] ] } },
{ "type": "Feature", "properties": { "gp_code": "22832", "gp_name": "THUWA MARA", "blkname": "LOHAGHAT", "dtname": "Champawat", "SHAPE_Area": 4711468.8914128616 }, "geometry": { "type": "Polygon", "coordinates": [ [ [ 80.0665984, 29.3927865 ], [ 80.0665365, 29.3903312 ], [ 80.0692584, 29.3881042 ], [ 80.0712339, 29.3859306 ], [ 80.0714957, 29.3852591 ], [ 80.0713126, 29.3826801 ], [ 80.0708479, 29.3813731 ], [ 80.0711887, 29.3776279 ], [ 80.0658046, 29.3766262 ], [ 80.0643778, 29.3767211 ], [ 80.063303, 29.3776002 ], [ 80.060784, 29.3777836 ], [ 80.0561024, 29.3771116 ], [ 80.0514113, 29.3774702 ], [ 80.0505304, 29.3803549 ], [ 80.0496489, 29.3820137 ], [ 80.0492384, 29.3849292 ], [ 80.0500395, 29.3881121 ], [ 80.0514753, 29.3900379 ], [ 80.0534285, 29.3912014 ], [ 80.0547579, 29.3916542 ], [ 80.0560753, 29.3916125 ], [ 80.05657, 29.3927764 ], [ 80.0581236, 29.3947845 ], [ 80.0584889, 29.3960412 ], [ 80.0598659, 29.397555 ], [ 80.0609718, 29.3978945 ], [ 80.0619134, 29.3989036 ], [ 80.062819, 29.398378 ], [ 80.0633714, 29.3973991 ], [ 80.0643711, 29.3969764 ], [ 80.0655938, 29.3957706 ], [ 80.0665984, 29.3927865 ] ] ] } },
{ "type": "Feature", "properties": { "gp_code": "22790", "gp_name": "FORTHI", "blkname": "LOHAGHAT", "dtname": "Champawat", "SHAPE_Area": 6281179.3954437934 }, "geometry": { "type": "Polygon", "coordinates": [ [ [ 80.0771025, 29.402317 ], [ 80.0792436, 29.402491 ], [ 80.0804786, 29.4022536 ], [ 80.0822067, 29.40045 ], [ 80.0841943, 29.3997588 ], [ 80.0846292, 29.3993156 ], [ 80.083728, 29.3987668 ], [ 80.082333, 29.3941217 ], [ 80.0800304, 29.3893887 ], [ 80.0790206, 29.3875167 ], [ 80.0781728, 29.3866163 ], [ 80.0764966, 29.383243 ], [ 80.0724191, 29.3777687 ], [ 80.0728322, 29.3775663 ], [ 80.0692898, 29.3741723 ], [ 80.0670399, 29.3707539 ], [ 80.0639944, 29.3675902 ], [ 80.0627148, 29.364475 ], [ 80.0622025, 29.3608161 ], [ 80.0602507, 29.3607461 ], [ 80.0545655, 29.364983 ], [ 80.0524741, 29.3682007 ], [ 80.0526229, 29.3699693 ], [ 80.056757, 29.3732693 ], [ 80.0589257, 29.3765228 ], [ 80.060784, 29.3777836 ], [ 80.063303, 29.3776002 ], [ 80.0643778, 29.3767211 ], [ 80.0658046, 29.3766262 ], [ 80.0711887, 29.3776279 ], [ 80.0708479, 29.3813731 ], [ 80.0713126, 29.3826801 ], [ 80.0714957, 29.3852591 ], [ 80.0712339, 29.3859306 ], [ 80.0692584, 29.3881042 ], [ 80.0665365, 29.3903312 ], [ 80.0665984, 29.3927865 ], [ 80.0661575, 29.3939985 ], [ 80.067288, 29.3964292 ], [ 80.067725, 29.3996635 ], [ 80.06902, 29.4013009 ], [ 80.0700682, 29.4034431 ], [ 80.0714095, 29.4037515 ], [ 80.0730102, 29.4050796 ], [ 80.0739515, 29.4052646 ], [ 80.07481, 29.4048419 ], [ 80.0758204, 29.402843 ], [ 80.0771025, 29.402317 ] ] ] } },
{ "type": "Feature", "properties": { "gp_code": "", "gp_name": "", "blkname": "CHAMPAWAT", "dtname": "Champawat", "SHAPE_Area": 582319.35209107492 }, "geometry": { "type": "Polygon", "coordinates": [ [ [ 80.0463963, 29.3656454 ], [ 80.0459136, 29.3642136 ], [ 80.0458071, 29.3624108 ], [ 80.042631, 29.359692 ], [ 80.0417018, 29.3592802 ], [ 80.0405846, 29.3593526 ], [ 80.0401849, 29.3597132 ], [ 80.0401153, 29.3625978 ], [ 80.038505, 29.3652303 ], [ 80.0431159, 29.3678097 ], [ 80.0463963, 29.3656454 ] ] ] } },
{ "type": "Feature", "properties": { "gp_code": "22705", "gp_name": "DIGDAI", "blkname": "CHAMPAWAT", "dtname": "Champawat", "SHAPE_Area": 3062096.4343060646 }, "geometry": { "type": "Polygon", "coordinates": [ [ [ 80.0527916, 29.3599002 ], [ 80.0527428, 29.3558927 ], [ 80.0513886, 29.3513191 ], [ 80.047408, 29.3510164 ], [ 80.0477603, 29.349914 ], [ 80.0462894, 29.3471122 ], [ 80.0441902, 29.3462835 ], [ 80.0414503, 29.3460164 ], [ 80.040216, 29.3467997 ], [ 80.0395697, 29.3484173 ], [ 80.0392997, 29.3495506 ], [ 80.0392072, 29.3544543 ], [ 80.038632, 29.3577717 ], [ 80.0359634, 29.3605539 ], [ 80.0327418, 29.3630683 ], [ 80.038505, 29.3652303 ], [ 80.0401153, 29.3625978 ], [ 80.0401849, 29.3597132 ], [ 80.0405846, 29.3593526 ], [ 80.0417018, 29.3592802 ], [ 80.043725, 29.3605158 ], [ 80.0458071, 29.3624108 ], [ 80.0459136, 29.3642136 ], [ 80.0463963, 29.3656454 ], [ 80.0488313, 29.3669891 ], [ 80.0506532, 29.3643718 ], [ 80.0527916, 29.3599002 ] ] ] } },
{ "type": "Feature", "properties": { "gp_code": "", "gp_name": "", "blkname": "CHAMPAWAT", "dtname": "Champawat", "SHAPE_Area": 213482.16287087568 }, "geometry": { "type": "Polygon", "coordinates": [ [ [ 80.050323, 29.3478631 ], [ 80.0481001, 29.3465966 ], [ 80.0473827, 29.3464423 ], [ 80.0463481, 29.346731 ], [ 80.0464071, 29.3474831 ], [ 80.0477603, 29.349914 ], [ 80.047408, 29.3510164 ], [ 80.0513886, 29.3513191 ], [ 80.050323, 29.3478631 ] ] ] } },
{ "type": "Feature", "properties": { "gp_code": "", "gp_name": "", "blkname": "CHAMPAWAT", "dtname": "Champawat", "SHAPE_Area": 9023940.0167672709 }, "geometry": { "type": "Polygon", "coordinates": [ [ [ 80.0485043, 29.3750513 ], [ 80.0545655, 29.364983 ], [ 80.0602507, 29.3607461 ], [ 80.0614611, 29.3577386 ], [ 80.0627989, 29.3561466 ], [ 80.0627648, 29.3550618 ], [ 80.0637735, 29.3535286 ], [ 80.0640482, 29.3518835 ], [ 80.0646268, 29.3508606 ], [ 80.0678484, 29.3478553 ], [ 80.0688439, 29.3472299 ], [ 80.0713876, 29.3465134 ], [ 80.0735529, 29.3447399 ], [ 80.0721661, 29.3436439 ], [ 80.0692864, 29.3442702 ], [ 80.0691515, 29.3435981 ], [ 80.069635, 29.3419 ], [ 80.0704953, 29.3401427 ], [ 80.0703722, 29.3367939 ], [ 80.0680975, 29.3359577 ], [ 80.0640336, 29.3361717 ], [ 80.0624158, 29.3354602 ], [ 80.0609381, 29.3354889 ], [ 80.0575101, 29.33672 ], [ 80.0488783, 29.3300218 ], [ 80.0451903, 29.3276882 ], [ 80.0385957, 29.3245297 ], [ 80.0355273, 29.3225022 ], [ 80.0346392, 29.3227854 ], [ 80.0325407, 29.3250027 ], [ 80.034506, 29.3273606 ], [ 80.0376285, 29.3295296 ], [ 80.0409662, 29.3309673 ], [ 80.0410741, 29.3316748 ], [ 80.040563, 29.3325711 ], [ 80.0410208, 29.3332078 ], [ 80.0422853, 29.3321462 ], [ 80.0439027, 29.3315846 ], [ 80.0450752, 29.3332011 ], [ 80.0458654, 29.3337017 ], [ 80.0451055, 29.3359667 ], [ 80.0453551, 29.3366261 ], [ 80.0463243, 29.3371211 ], [ 80.0467014, 29.3380172 ], [ 80.047229, 29.3422421 ], [ 80.0483989, 29.3428511 ], [ 80.0492338, 29.3440772 ], [ 80.0491533, 29.3446431 ], [ 80.0528254, 29.3565315 ], [ 80.0527916, 29.3599002 ], [ 80.0522747, 29.3612808 ], [ 80.0499127, 29.3656496 ], [ 80.0488313, 29.3669891 ], [ 80.0463963, 29.3656454 ], [ 80.0429514, 29.3680261 ], [ 80.0392818, 29.3700151 ], [ 80.042435, 29.3723587 ], [ 80.0449432, 29.3755605 ], [ 80.0485043, 29.3750513 ] ] ] } },
{ "type": "Feature", "properties": { "gp_code": "22764", "gp_name": "SUYAL KHARK", "blkname": "CHAMPAWAT", "dtname": "Champawat", "SHAPE_Area": 4814163.2065530382 }, "geometry": { "type": "Polygon", "coordinates": [ [ [ 80.0575101, 29.33672 ], [ 80.0624158, 29.3354602 ], [ 80.0640336, 29.3361717 ], [ 80.0635218, 29.3353347 ], [ 80.0632503, 29.3309011 ], [ 80.0635714, 29.3271866 ], [ 80.0635571, 29.3257127 ], [ 80.0630989, 29.3243803 ], [ 80.0632852, 29.3202885 ], [ 80.0615754, 29.3184378 ], [ 80.0606603, 29.3182614 ], [ 80.0587366, 29.3187337 ], [ 80.0566498, 29.3186939 ], [ 80.0572577, 29.3214582 ], [ 80.0508648, 29.3180407 ], [ 80.0493846, 29.3175931 ], [ 80.0474473, 29.3180889 ], [ 80.0462632, 29.3179949 ], [ 80.0446213, 29.3172172 ], [ 80.0450248, 29.3164387 ], [ 80.0425754, 29.3149772 ], [ 80.040944, 29.3130604 ], [ 80.0404758, 29.3129968 ], [ 80.0398565, 29.3118412 ], [ 80.0396146, 29.3128554 ], [ 80.0385654, 29.3135632 ], [ 80.0371393, 29.313823 ], [ 80.036413, 29.3147665 ], [ 80.0356716, 29.3207498 ], [ 80.0348002, 29.3210166 ], [ 80.0355273, 29.3225022 ], [ 80.0397263, 29.325119 ], [ 80.0406281, 29.3220374 ], [ 80.04274, 29.3237504 ], [ 80.047908, 29.3266024 ], [ 80.0498199, 29.3292904 ], [ 80.0536434, 29.3336167 ], [ 80.0575101, 29.33672 ] ] ] } },
{ "type": "Feature", "properties": { "gp_code": "", "gp_name": "", "blkname": "CHAMPAWAT", "dtname": "Champawat", "SHAPE_Area": 415598.81511091773 }, "geometry": { "type": "Polygon", "coordinates": [ [ [ 80.0406281, 29.3220374 ], [ 80.0397263, 29.325119 ], [ 80.0451903, 29.3276882 ], [ 80.0488783, 29.3300218 ], [ 80.0536434, 29.3336167 ], [ 80.0498199, 29.3292904 ], [ 80.047908, 29.3266024 ], [ 80.04274, 29.3237504 ], [ 80.0406281, 29.3220374 ] ] ] } },
{ "type": "Feature", "properties": { "gp_code": "22705", "gp_name": "DIGDAI", "blkname": "CHAMPAWAT", "dtname": "Champawat", "SHAPE_Area": 247257.08244257537 }, "geometry": { "type": "Polygon", "coordinates": [ [ [ 80.0458654, 29.3337017 ], [ 80.0450752, 29.3332011 ], [ 80.0439027, 29.3315846 ], [ 80.0422853, 29.3321462 ], [ 80.0410208, 29.3332078 ], [ 80.040563, 29.3325711 ], [ 80.0391636, 29.3328073 ], [ 80.0386067, 29.3333196 ], [ 80.0392063, 29.3336594 ], [ 80.03983, 29.3351427 ], [ 80.0451394, 29.3353763 ], [ 80.0457582, 29.334645 ], [ 80.0458654, 29.3337017 ] ] ] } },
{ "type": "Feature", "properties": { "gp_code": "22688", "gp_name": "BHAGINA BHANDARI", "blkname": "CHAMPAWAT", "dtname": "Champawat", "SHAPE_Area": 3642871.0948478766 }, "geometry": { "type": "Polygon", "coordinates": [ [ [ 80.0392997, 29.3495506 ], [ 80.040216, 29.3467997 ], [ 80.0414503, 29.3460164 ], [ 80.0441902, 29.3462835 ], [ 80.0462894, 29.3471122 ], [ 80.0463481, 29.346731 ], [ 80.0473827, 29.3464423 ], [ 80.050323, 29.3478631 ], [ 80.0491533, 29.3446431 ], [ 80.0492338, 29.3440772 ], [ 80.0483989, 29.3428511 ], [ 80.047229, 29.3422421 ], [ 80.0467014, 29.3380172 ], [ 80.0463243, 29.3371211 ], [ 80.0453551, 29.3366261 ], [ 80.0451394, 29.3353763 ], [ 80.03983, 29.3351427 ], [ 80.0392063, 29.3336594 ], [ 80.0386067, 29.3333196 ], [ 80.037678, 29.3341852 ], [ 80.0368668, 29.3342884 ], [ 80.0362904, 29.3332479 ], [ 80.0367603, 29.3320219 ], [ 80.0359724, 29.331476 ], [ 80.0358545, 29.3299822 ], [ 80.0353489, 29.3299823 ], [ 80.0340323, 29.3308377 ], [ 80.0318688, 29.3300346 ], [ 80.0318695, 29.3325484 ], [ 80.0312591, 29.3364325 ], [ 80.0308948, 29.3370095 ], [ 80.0313768, 29.3368034 ], [ 80.0305906, 29.3431806 ], [ 80.0279927, 29.3461378 ], [ 80.0276288, 29.3492594 ], [ 80.0299747, 29.3490839 ], [ 80.0327031, 29.3500929 ], [ 80.0344669, 29.3501853 ], [ 80.0392997, 29.3495506 ] ] ] } },
{ "type": "Feature", "properties": { "gp_code": "22711", "gp_name": "GARKOT", "blkname": "CHAMPAWAT", "dtname": "Champawat", "SHAPE_Area": 1242212.9703629666 }, "geometry": { "type": "Polygon", "coordinates": [ [ [ 80.0409662, 29.3309673 ], [ 80.0355828, 29.3283273 ], [ 80.0325407, 29.3250027 ], [ 80.0346392, 29.3227854 ], [ 80.0355273, 29.3225022 ], [ 80.0348002, 29.3210166 ], [ 80.0325983, 29.3218441 ], [ 80.0286378, 29.321796 ], [ 80.0244056, 29.3209358 ], [ 80.0228253, 29.3234479 ], [ 80.0247777, 29.3242531 ], [ 80.0260285, 29.3267727 ], [ 80.0266373, 29.3272911 ], [ 80.0292414, 29.3277629 ], [ 80.0304965, 29.3292953 ], [ 80.0325038, 29.3304156 ], [ 80.0340323, 29.3308377 ], [ 80.0353489, 29.3299823 ], [ 80.0358545, 29.3299822 ], [ 80.0359724, 29.331476 ], [ 80.0367603, 29.3320219 ], [ 80.0362904, 29.3332479 ], [ 80.0368668, 29.3342884 ], [ 80.037678, 29.3341852 ], [ 80.0391636, 29.3328073 ], [ 80.040563, 29.3325711 ], [ 80.0410741, 29.3316748 ], [ 80.0409662, 29.3309673 ] ] ] } },
{ "type": "Feature", "properties": { "gp_code": "", "gp_name": "", "blkname": "CHAMPAWAT", "dtname": "Champawat", "SHAPE_Area": 687206.72772049124 }, "geometry": { "type": "Polygon", "coordinates": [ [ [ 80.0247777, 29.3242531 ], [ 80.021345, 29.323 ], [ 80.0172275, 29.3224581 ], [ 80.0183044, 29.3259955 ], [ 80.0212858, 29.3298095 ], [ 80.0232574, 29.3313482 ], [ 80.0266751, 29.3333045 ], [ 80.0261369, 29.3306639 ], [ 80.0246996, 29.3266838 ], [ 80.024521, 29.3251692 ], [ 80.0247777, 29.3242531 ] ] ] } },
{ "type": "Feature", "properties": { "gp_code": "22711", "gp_name": "GARKOT", "blkname": "CHAMPAWAT", "dtname": "Champawat", "SHAPE_Area": 2164836.9713763162 }, "geometry": { "type": "Polygon", "coordinates": [ [ [ 80.0191379, 29.3421419 ], [ 80.0194114, 29.3404378 ], [ 80.020668, 29.3390433 ], [ 80.0239583, 29.3376449 ], [ 80.0249809, 29.3366542 ], [ 80.0273781, 29.3356618 ], [ 80.0266751, 29.3333045 ], [ 80.0232574, 29.3313482 ], [ 80.0212858, 29.3298095 ], [ 80.0183044, 29.3259955 ], [ 80.0172275, 29.3224581 ], [ 80.0148054, 29.3215916 ], [ 80.0150208, 29.3227118 ], [ 80.0146307, 29.3240326 ], [ 80.0138149, 29.3249543 ], [ 80.0129092, 29.3318506 ], [ 80.0120751, 29.333242 ], [ 80.0123444, 29.3360013 ], [ 80.0129232, 29.3369446 ], [ 80.0150899, 29.3373452 ], [ 80.016005, 29.3379347 ], [ 80.0162743, 29.3387247 ], [ 80.0157093, 29.3399983 ], [ 80.0151164, 29.3405145 ], [ 80.0161863, 29.3405042 ], [ 80.0191379, 29.3421419 ] ] ] } },
{ "type": "Feature", "properties": { "gp_code": "", "gp_name": "", "blkname": "CHAMPAWAT", "dtname": "Champawat", "SHAPE_Area": 1344395.3862034299 }, "geometry": { "type": "Polygon", "coordinates": [ [ [ 80.0300015, 29.3382254 ], [ 80.0312591, 29.3364325 ], [ 80.0318695, 29.3325484 ], [ 80.0318688, 29.3300346 ], [ 80.0304965, 29.3292953 ], [ 80.0292414, 29.3277629 ], [ 80.0266373, 29.3272911 ], [ 80.0260285, 29.3267727 ], [ 80.0247777, 29.3242531 ], [ 80.024521, 29.3251692 ], [ 80.0246996, 29.3266838 ], [ 80.0261369, 29.3306639 ], [ 80.0262719, 29.3322675 ], [ 80.0273781, 29.3356618 ], [ 80.0249809, 29.3366542 ], [ 80.0239583, 29.3376449 ], [ 80.020668, 29.3390433 ], [ 80.0194114, 29.3404378 ], [ 80.0191379, 29.3421419 ], [ 80.0205372, 29.3427289 ], [ 80.0201846, 29.3436768 ], [ 80.023277, 29.3437072 ], [ 80.0238415, 29.343975 ], [ 80.0256637, 29.3427179 ], [ 80.0261455, 29.3409149 ], [ 80.0269094, 29.339627 ], [ 80.0300015, 29.3382254 ] ] ] } },
{ "type": "Feature", "properties": { "gp_code": "", "gp_name": "", "blkname": "CHAMPAWAT", "dtname": "Champawat", "SHAPE_Area": 3587241.6914967136 }, "geometry": { "type": "Polygon", "coordinates": [ [ [ 80.0238684, 29.36154 ], [ 80.02388, 29.3603141 ], [ 80.0255843, 29.3560797 ], [ 80.0246662, 29.3521548 ], [ 80.0228547, 29.348745 ], [ 80.0228657, 29.3448509 ], [ 80.023277, 29.3437072 ], [ 80.0201846, 29.3436768 ], [ 80.0205372, 29.3427289 ], [ 80.0161863, 29.3405042 ], [ 80.0151164, 29.3405145 ], [ 80.0137761, 29.3425854 ], [ 80.0112194, 29.3495962 ], [ 80.0097202, 29.349514 ], [ 80.0072744, 29.3514714 ], [ 80.0074039, 29.3537173 ], [ 80.0116169, 29.3579754 ], [ 80.0164813, 29.3617802 ], [ 80.0190579, 29.3623342 ], [ 80.0217342, 29.3615784 ], [ 80.0238684, 29.36154 ] ] ] } },
{ "type": "Feature", "properties": { "gp_code": "22725", "gp_name": "KHAL KARIYA", "blkname": "CHAMPAWAT", "dtname": "Champawat", "SHAPE_Area": 223737.46098781208 }, "geometry": { "type": "Polygon", "coordinates": [ [ [ 80.0258058, 29.3470448 ], [ 80.025864, 29.344562 ], [ 80.024947, 29.3452111 ], [ 80.023277, 29.3437072 ], [ 80.0228657, 29.3448509 ], [ 80.0228547, 29.348745 ], [ 80.0246662, 29.3521548 ], [ 80.0246188, 29.3502695 ], [ 80.0258058, 29.3470448 ] ] ] } },
{ "type": "Feature", "properties": { "gp_code": "", "gp_name": "", "blkname": "CHAMPAWAT", "dtname": "Champawat", "SHAPE_Area": 763914.1011862345 }, "geometry": { "type": "Polygon", "coordinates": [ [ [ 80.0270651, 29.3524222 ], [ 80.0279927, 29.3461378 ], [ 80.0305906, 29.3431806 ], [ 80.0313768, 29.3368034 ], [ 80.0308948, 29.3370095 ], [ 80.0300015, 29.3382254 ], [ 80.0269094, 29.339627 ], [ 80.0261455, 29.3409149 ], [ 80.0256637, 29.3427179 ], [ 80.0238415, 29.343975 ], [ 80.024947, 29.3452111 ], [ 80.025864, 29.344562 ], [ 80.0258058, 29.3470448 ], [ 80.0246188, 29.3502695 ], [ 80.0246662, 29.3521548 ], [ 80.0252195, 29.3547611 ], [ 80.0270651, 29.3524222 ] ] ] } },
{ "type": "Feature", "properties": { "gp_code": "22725", "gp_name": "KHAL KARIYA", "blkname": "CHAMPAWAT", "dtname": "Champawat", "SHAPE_Area": 2317011.29955984 }, "geometry": { "type": "Polygon", "coordinates": [ [ [ 80.0345996, 29.3617801 ], [ 80.038632, 29.3577717 ], [ 80.0392072, 29.3544543 ], [ 80.0392997, 29.3495506 ], [ 80.0344669, 29.3501853 ], [ 80.0327031, 29.3500929 ], [ 80.0299747, 29.3490839 ], [ 80.0276288, 29.3492594 ], [ 80.0270651, 29.3524222 ], [ 80.0252195, 29.3547611 ], [ 80.0255843, 29.3560797 ], [ 80.02388, 29.3603141 ], [ 80.0238684, 29.36154 ], [ 80.026476, 29.3609081 ], [ 80.0311313, 29.3652165 ], [ 80.0324478, 29.3633413 ], [ 80.0345996, 29.3617801 ] ] ] } },
{ "type": "Feature", "properties": { "gp_code": "", "gp_name": "", "blkname": "CHAMPAWAT", "dtname": "Champawat", "SHAPE_Area": 541137.77744642494 }, "geometry": { "type": "Polygon", "coordinates": [ [ [ 80.038505, 29.3652303 ], [ 80.0327418, 29.3630683 ], [ 80.0311313, 29.3652165 ], [ 80.0351177, 29.36788 ], [ 80.0392818, 29.3700151 ], [ 80.0431159, 29.3678097 ], [ 80.038505, 29.3652303 ] ] ] } },
{ "type": "Feature", "properties": { "gp_code": "22715", "gp_name": "HARIPUR NAR SINGH DANDA", "blkname": "LOHAGHAT", "dtname": "Champawat", "SHAPE_Area": 7842002.8051777082 }, "geometry": { "type": "Polygon", "coordinates": [ [ [ 80.0469738, 29.381638 ], [ 80.0481439, 29.379841 ], [ 80.0485676, 29.3777878 ], [ 80.0561024, 29.3771116 ], [ 80.060784, 29.3777836 ], [ 80.0589257, 29.3765228 ], [ 80.056757, 29.3732693 ], [ 80.0526229, 29.3699693 ], [ 80.0524741, 29.3682007 ], [ 80.0485043, 29.3750513 ], [ 80.0449432, 29.3755605 ], [ 80.042435, 29.3723587 ], [ 80.0392818, 29.3700151 ], [ 80.0351177, 29.36788 ], [ 80.0311313, 29.3652165 ], [ 80.026476, 29.3609081 ], [ 80.0238684, 29.36154 ], [ 80.0217342, 29.3615784 ], [ 80.0190579, 29.3623342 ], [ 80.0178728, 29.3622698 ], [ 80.0164813, 29.3617802 ], [ 80.0116169, 29.3579754 ], [ 80.0090856, 29.355417 ], [ 80.0018889, 29.3603726 ], [ 80.0030178, 29.3615263 ], [ 80.0044408, 29.3616499 ], [ 80.0050524, 29.3622165 ], [ 80.0088155, 29.3602074 ], [ 80.0100268, 29.3598159 ], [ 80.0100503, 29.3602383 ], [ 80.0084982, 29.3624429 ], [ 80.0029357, 29.3666155 ], [ 80.0017009, 29.3683976 ], [ 80.0009011, 29.3686758 ], [ 80.0011363, 29.3688612 ], [ 80.0028652, 29.3694072 ], [ 80.0033239, 29.3698708 ], [ 80.0067934, 29.3706124 ], [ 80.0122031, 29.3676452 ], [ 80.0127089, 29.3682735 ], [ 80.0121326, 29.3689534 ], [ 80.0129442, 29.3694016 ], [ 80.0190835, 29.3703384 ], [ 80.0207185, 29.3714817 ], [ 80.0221771, 29.3731916 ], [ 80.0235651, 29.3742524 ], [ 80.0248469, 29.3730057 ], [ 80.0266114, 29.3746228 ], [ 80.0290813, 29.3746223 ], [ 80.0313523, 29.3791031 ], [ 80.0339168, 29.3804108 ], [ 80.0356222, 29.3803487 ], [ 80.0404103, 29.383304 ], [ 80.0418454, 29.3837878 ], [ 80.0433631, 29.3847351 ], [ 80.0439752, 29.3860845 ], [ 80.0452924, 29.3853112 ], [ 80.0457363, 29.3843029 ], [ 80.0468198, 29.3836659 ], [ 80.0469738, 29.381638 ] ] ] } },
{ "type": "Feature", "properties": { "gp_code": "22884", "gp_name": "MANAR TALLA", "blkname": "PATI", "dtname": "Champawat", "SHAPE_Area": 3073396.7302554031 }, "geometry": { "type": "Polygon", "coordinates": [ [ [ 80.0000074, 29.3796573 ], [ 80.0015482, 29.3772159 ], [ 80.0044885, 29.3785859 ], [ 80.0055469, 29.3740119 ], [ 80.0073345, 29.3722915 ], [ 80.0127089, 29.3682735 ], [ 80.0119796, 29.3676452 ], [ 80.0092042, 29.3694893 ], [ 80.0067934, 29.3706124 ], [ 80.0033239, 29.3698708 ], [ 80.0028652, 29.3694072 ], [ 80.0009011, 29.3686758 ], [ 80.0017009, 29.3683976 ], [ 80.0029357, 29.3666155 ], [ 80.0048525, 29.3649465 ], [ 80.0084982, 29.3624429 ], [ 80.0100503, 29.3602383 ], [ 80.0100268, 29.3598159 ], [ 80.0088155, 29.3602074 ], [ 80.0050524, 29.3622165 ], [ 80.0044408, 29.3616499 ], [ 80.0030178, 29.3615263 ], [ 80.0018889, 29.3603726 ], [ 80.0029942, 29.3583327 ], [ 80.0030177, 29.3578897 ], [ 80.0021475, 29.3575498 ], [ 79.9978641, 29.3581895 ], [ 79.9970456, 29.3599393 ], [ 79.9970595, 29.3627948 ], [ 79.9948539, 29.3626976 ], [ 79.9939244, 29.3632443 ], [ 79.9938412, 29.3639248 ], [ 79.9943127, 29.3650428 ], [ 79.9944722, 29.3686821 ], [ 79.9926756, 29.3699519 ], [ 79.9912329, 29.3700247 ], [ 79.9949228, 29.3730383 ], [ 79.996102, 29.3735487 ], [ 79.9958106, 29.3747881 ], [ 79.9940764, 29.3762705 ], [ 79.9975754, 29.3809377 ], [ 80.0000074, 29.3796573 ] ] ] } },
{ "type": "Feature", "properties": { "gp_code": "22732", "gp_name": "MAIROLI", "blkname": "CHAMPAWAT", "dtname": "Champawat", "SHAPE_Area": 290542.61566206923 }, "geometry": { "type": "Polygon", "coordinates": [ [ [ 80.0112194, 29.3495962 ], [ 80.0124185, 29.3461244 ], [ 80.0122537, 29.345465 ], [ 80.0111836, 29.3446513 ], [ 80.0102429, 29.344435 ], [ 80.0091848, 29.3447441 ], [ 80.0076679, 29.3459392 ], [ 80.0070684, 29.3478142 ], [ 80.0083384, 29.3495553 ], [ 80.0112194, 29.3495962 ] ] ] } },
{ "type": "Feature", "properties": { "gp_code": "", "gp_name": "", "blkname": "CHAMPAWAT", "dtname": "Champawat", "SHAPE_Area": 1806861.8529970841 }, "geometry": { "type": "Polygon", "coordinates": [ [ [ 79.9925212, 29.3421158 ], [ 79.9916472, 29.3453481 ], [ 79.9924515, 29.3481674 ], [ 79.992359, 29.3496476 ], [ 79.9950182, 29.3510392 ], [ 79.9958307, 29.3510715 ], [ 79.9978252, 29.349939 ], [ 79.9984198, 29.3475111 ], [ 79.9993422, 29.3480599 ], [ 80.0010668, 29.3498834 ], [ 80.0074039, 29.3537173 ], [ 80.0072744, 29.3514714 ], [ 80.0097202, 29.349514 ], [ 80.0083384, 29.3495553 ], [ 80.0070684, 29.3478142 ], [ 80.0077443, 29.3449966 ], [ 80.0061803, 29.3424314 ], [ 80.0035934, 29.3398868 ], [ 80.0000543, 29.343163 ], [ 79.9985681, 29.34372 ], [ 79.9960716, 29.3437199 ], [ 79.9925212, 29.3421158 ] ] ] } },
{ "type": "Feature", "properties": { "gp_code": "22887", "gp_name": "MARA GAON", "blkname": "PATI", "dtname": "Champawat", "SHAPE_Area": 2827208.8485682216 }, "geometry": { "type": "Polygon", "coordinates": [ [ [ 79.9908028, 29.3699943 ], [ 79.9926756, 29.3699519 ], [ 79.9944722, 29.3686821 ], [ 79.9943127, 29.3650428 ], [ 79.9938412, 29.3639248 ], [ 79.9939244, 29.3632443 ], [ 79.9948539, 29.3626976 ], [ 79.9970595, 29.3627948 ], [ 79.9970456, 29.3599393 ], [ 79.9980283, 29.3580448 ], [ 80.0027238, 29.3576425 ], [ 80.0030177, 29.3578897 ], [ 80.0027944, 29.3590333 ], [ 80.0018889, 29.3603726 ], [ 80.0090856, 29.355417 ], [ 80.0074039, 29.3537173 ], [ 80.0010668, 29.3498834 ], [ 79.9993422, 29.3480599 ], [ 79.9984198, 29.3475111 ], [ 79.9978252, 29.349939 ], [ 79.9958307, 29.3510715 ], [ 79.9950182, 29.3510392 ], [ 79.9924376, 29.3496811 ], [ 79.9900491, 29.3492709 ], [ 79.9886456, 29.3494002 ], [ 79.9885296, 29.3498531 ], [ 79.9900838, 29.3518957 ], [ 79.9904572, 29.3541306 ], [ 79.9913726, 29.3554674 ], [ 79.9919827, 29.3598298 ], [ 79.9911224, 29.3621507 ], [ 79.9882187, 29.3646849 ], [ 79.9875572, 29.3659051 ], [ 79.9870436, 29.3681288 ], [ 79.9873626, 29.3692042 ], [ 79.9885141, 29.3689856 ], [ 79.9892354, 29.3692712 ], [ 79.9898041, 29.3689249 ], [ 79.9908028, 29.3699943 ] ] ] } },
{ "type": "Feature", "properties": { "gp_code": "22909", "gp_name": "TAPNI PAL", "blkname": "PATI", "dtname": "Champawat", "SHAPE_Area": 5091762.3972618049 }, "geometry": { "type": "Polygon", "coordinates": [ [ [ 79.9873626, 29.3692042 ], [ 79.9870436, 29.3681288 ], [ 79.9875572, 29.3659051 ], [ 79.9882187, 29.3646849 ], [ 79.9911224, 29.3621507 ], [ 79.9919827, 29.3598298 ], [ 79.9919411, 29.358481 ], [ 79.9913726, 29.3554674 ], [ 79.9904572, 29.3541306 ], [ 79.9900838, 29.3518957 ], [ 79.9880581, 29.3492212 ], [ 79.9831488, 29.3441657 ], [ 79.9751866, 29.3495843 ], [ 79.9750997, 29.3505837 ], [ 79.9740037, 29.3523213 ], [ 79.9739341, 29.3535729 ], [ 79.9744607, 29.3554807 ], [ 79.9754854, 29.3646431 ], [ 79.9762603, 29.3684545 ], [ 79.9766083, 29.3683798 ], [ 79.9786334, 29.3701542 ], [ 79.9814351, 29.3735568 ], [ 79.9848545, 29.3746386 ], [ 79.9849206, 29.3738154 ], [ 79.9857252, 29.372977 ], [ 79.9857947, 29.3724302 ], [ 79.9866964, 29.3718714 ], [ 79.9862667, 29.3696963 ], [ 79.9873626, 29.3692042 ] ] ] } },
{ "type": "Feature", "properties": { "gp_code": "", "gp_name": "", "blkname": "PATI", "dtname": "Champawat", "SHAPE_Area": 646487.20266225829 }, "geometry": { "type": "Polygon", "coordinates": [ [ [ 79.9949228, 29.3730383 ], [ 79.994035, 29.3720662 ], [ 79.9912329, 29.3700247 ], [ 79.9908028, 29.3699943 ], [ 79.9899983, 29.3690039 ], [ 79.9892354, 29.3692712 ], [ 79.9876331, 29.3690402 ], [ 79.9862667, 29.3696963 ], [ 79.9866964, 29.3718714 ], [ 79.9857947, 29.3724302 ], [ 79.9857252, 29.372977 ], [ 79.9847818, 29.3742528 ], [ 79.9848545, 29.3746386 ], [ 79.9866961, 29.3749334 ], [ 79.9876396, 29.374326 ], [ 79.988791, 29.3742167 ], [ 79.9901643, 29.3747757 ], [ 79.9915239, 29.3749094 ], [ 79.9940764, 29.3762705 ], [ 79.9959909, 29.3744357 ], [ 79.996102, 29.3735487 ], [ 79.9949228, 29.3730383 ] ] ] } },
{ "type": "Feature", "properties": { "gp_code": "22871", "gp_name": "KAMLEKH", "blkname": "PATI", "dtname": "Champawat", "SHAPE_Area": 2052164.4896477619 }, "geometry": { "type": "Polygon", "coordinates": [ [ [ 79.9684276, 29.3805903 ], [ 79.9700647, 29.3803718 ], [ 79.9718127, 29.3807853 ], [ 79.9742546, 29.3802753 ], [ 79.9779172, 29.3800815 ], [ 79.9776749, 29.3774447 ], [ 79.9808659, 29.3758169 ], [ 79.9814351, 29.3735568 ], [ 79.980048, 29.371661 ], [ 79.9766083, 29.3683798 ], [ 79.9762615, 29.3684526 ], [ 79.9760115, 29.3697163 ], [ 79.9755953, 29.3699836 ], [ 79.9732791, 29.3681362 ], [ 79.9728074, 29.3681605 ], [ 79.9718222, 29.3690838 ], [ 79.9713783, 29.3691444 ], [ 79.9701855, 29.3684152 ], [ 79.9684791, 29.3689982 ], [ 79.9679865, 29.3692958 ], [ 79.9675284, 29.3705472 ], [ 79.9676532, 29.3709361 ], [ 79.9689016, 29.3713495 ], [ 79.9690541, 29.3718234 ], [ 79.9674169, 29.3725278 ], [ 79.9674167, 29.3735364 ], [ 79.9663204, 29.374812 ], [ 79.9666114, 29.3759665 ], [ 79.9665281, 29.376173 ], [ 79.9659455, 29.3758812 ], [ 79.9659036, 29.3769262 ], [ 79.9664026, 29.3784574 ], [ 79.9659302, 29.3809361 ], [ 79.966818, 29.3815134 ], [ 79.9684276, 29.3805903 ] ] ] } },
{ "type": "Feature", "properties": { "gp_code": "22865", "gp_name": "HOLI PIPLATI", "blkname": "PATI", "dtname": "Champawat", "SHAPE_Area": 5051119.3301094491 }, "geometry": { "type": "Polygon", "coordinates": [ [ [ 79.9664869, 29.3743503 ], [ 79.9674167, 29.3735364 ], [ 79.9675695, 29.3723456 ], [ 79.9690541, 29.3718234 ], [ 79.9689016, 29.3713495 ], [ 79.9676532, 29.3709361 ], [ 79.9675284, 29.3705472 ], [ 79.9679865, 29.3692958 ], [ 79.9684791, 29.3689982 ], [ 79.9701855, 29.3684152 ], [ 79.9713783, 29.3691444 ], [ 79.9718222, 29.3690838 ], [ 79.9728074, 29.3681605 ], [ 79.9732791, 29.3681362 ], [ 79.9755953, 29.3699836 ], [ 79.9760115, 29.3697163 ], [ 79.9762603, 29.3684545 ], [ 79.9754627, 29.3644925 ], [ 79.9707479, 29.361293 ], [ 79.9678397, 29.3584854 ], [ 79.967323, 29.3571343 ], [ 79.9675263, 29.3565519 ], [ 79.9685089, 29.3561102 ], [ 79.9680905, 29.3528146 ], [ 79.967315, 29.352418 ], [ 79.9648588, 29.3522881 ], [ 79.9629003, 29.3533515 ], [ 79.9617404, 29.3533166 ], [ 79.9597081, 29.3561798 ], [ 79.959643, 29.3575388 ], [ 79.9584334, 29.357312 ], [ 79.9569369, 29.3588082 ], [ 79.9553156, 29.3586618 ], [ 79.9500655, 29.3614838 ], [ 79.9492524, 29.3627456 ], [ 79.9497694, 29.3630369 ], [ 79.951799, 29.3683443 ], [ 79.951392, 29.370059 ], [ 79.9543098, 29.3714189 ], [ 79.9547898, 29.3719367 ], [ 79.9549003, 29.3729722 ], [ 79.955565, 29.3736196 ], [ 79.9604039, 29.3752387 ], [ 79.961771, 29.3742683 ], [ 79.9636672, 29.3742255 ], [ 79.9648857, 29.3753139 ], [ 79.9665281, 29.376173 ], [ 79.9664869, 29.3743503 ] ] ] } },
{ "type": "Feature", "properties": { "gp_code": "22891", "gp_name": "NILAUTY", "blkname": "PATI", "dtname": "Champawat", "SHAPE_Area": 4787628.2190556377 }, "geometry": { "type": "Polygon", "coordinates": [ [ [ 79.9430934, 29.3616109 ], [ 79.9443128, 29.360576 ], [ 79.9453379, 29.3604469 ], [ 79.9460397, 29.3606412 ], [ 79.9465563, 29.3616769 ], [ 79.9476645, 29.3617419 ], [ 79.9481444, 29.3624216 ], [ 79.9492524, 29.3627456 ], [ 79.9500655, 29.3614838 ], [ 79.9553156, 29.3586618 ], [ 79.9569369, 29.3588082 ], [ 79.9584334, 29.357312 ], [ 79.959643, 29.3575388 ], [ 79.9597081, 29.3561798 ], [ 79.9617404, 29.3533166 ], [ 79.9637043, 29.3530725 ], [ 79.9645171, 29.3524256 ], [ 79.9654128, 29.3522964 ], [ 79.9660075, 29.3516018 ], [ 79.9672417, 29.3500963 ], [ 79.9678331, 29.3483167 ], [ 79.9686689, 29.3471392 ], [ 79.9680312, 29.3438231 ], [ 79.9666447, 29.34183 ], [ 79.9628477, 29.3380171 ], [ 79.9613014, 29.3397258 ], [ 79.9555016, 29.3444487 ], [ 79.9538025, 29.3449336 ], [ 79.9521405, 29.3448037 ], [ 79.9517122, 29.3445087 ], [ 79.9510898, 29.3448921 ], [ 79.9502168, 29.3470555 ], [ 79.9500243, 29.3491715 ], [ 79.9486576, 29.3494785 ], [ 79.9484912, 29.3498182 ], [ 79.9490024, 29.3503661 ], [ 79.9483893, 29.3507728 ], [ 79.946487, 29.3511605 ], [ 79.9445539, 29.3547652 ], [ 79.9433094, 29.353748 ], [ 79.9433654, 29.3524051 ], [ 79.9426271, 29.3514018 ], [ 79.9427019, 29.3496868 ], [ 79.9419543, 29.3489261 ], [ 79.9414371, 29.34912 ], [ 79.9412886, 29.3506409 ], [ 79.9419527, 29.3523562 ], [ 79.9415829, 29.3531002 ], [ 79.9422475, 29.35378 ], [ 79.9419505, 29.3570805 ], [ 79.9413404, 29.3583422 ], [ 79.9409884, 29.3606718 ], [ 79.9406743, 29.3609468 ], [ 79.9411359, 29.3610602 ], [ 79.9410987, 29.3617073 ], [ 79.9422063, 29.3627755 ], [ 79.9426128, 29.3626463 ], [ 79.9430934, 29.3616109 ] ] ] } },
{ "type": "Feature", "properties": { "gp_code": "", "gp_name": "", "blkname": "PATI", "dtname": "Champawat", "SHAPE_Area": 1346141.2046118854 }, "geometry": { "type": "Polygon", "coordinates": [ [ [ 79.9751866, 29.3495843 ], [ 79.9686689, 29.3471392 ], [ 79.9678331, 29.3483167 ], [ 79.9672417, 29.3500963 ], [ 79.9654128, 29.3522964 ], [ 79.967315, 29.352418 ], [ 79.9680905, 29.3528146 ], [ 79.9683305, 29.3533243 ], [ 79.9685089, 29.3561102 ], [ 79.9675263, 29.3565519 ], [ 79.967323, 29.3571343 ], [ 79.9678397, 29.3584854 ], [ 79.9707479, 29.361293 ], [ 79.9754627, 29.3644925 ], [ 79.9744607, 29.3554807 ], [ 79.9739341, 29.3535729 ], [ 79.9740037, 29.3523213 ], [ 79.9750997, 29.3505837 ], [ 79.9751866, 29.3495843 ] ] ] } },
{ "type": "Feature", "properties": { "gp_code": "22677", "gp_name": "AERI GUROLI", "blkname": "CHAMPAWAT", "dtname": "Champawat", "SHAPE_Area": 2802047.4291184158 }, "geometry": { "type": "Polygon", "coordinates": [ [ [ 79.9779456, 29.3363302 ], [ 79.9779877, 29.3336081 ], [ 79.9775164, 29.3325386 ], [ 79.9762231, 29.3329331 ], [ 79.9749673, 29.3341302 ], [ 79.9702028, 29.3363299 ], [ 79.9695012, 29.3361356 ], [ 79.9678396, 29.3346791 ], [ 79.9660672, 29.3340316 ], [ 79.9651442, 29.3333194 ], [ 79.9634085, 29.3330602 ], [ 79.9601941, 29.3346605 ], [ 79.961016, 29.334975 ], [ 79.9628184, 29.336774 ], [ 79.9627903, 29.3379406 ], [ 79.9666447, 29.34183 ], [ 79.9680312, 29.3438231 ], [ 79.9686406, 29.3471286 ], [ 79.9751866, 29.3495843 ], [ 79.983145, 29.3441683 ], [ 79.9817724, 29.3427954 ], [ 79.9797476, 29.342382 ], [ 79.9784445, 29.3391494 ], [ 79.9779456, 29.3363302 ] ] ] } },
{ "type": "Feature", "properties": { "gp_code": "22691", "gp_name": "BHUNGA KHIYALI", "blkname": "CHAMPAWAT", "dtname": "Champawat", "SHAPE_Area": 2177979.1754301065 }, "geometry": { "type": "Polygon", "coordinates": [ [ [ 79.9775164, 29.3325386 ], [ 79.9776135, 29.3320161 ], [ 79.9784571, 29.3310783 ], [ 79.9769623, 29.3300532 ], [ 79.9757439, 29.3283056 ], [ 79.9750054, 29.3282084 ], [ 79.9723465, 29.3288229 ], [ 79.9663272, 29.3282392 ], [ 79.9644807, 29.3288213 ], [ 79.9594218, 29.3279141 ], [ 79.9561351, 29.3281397 ], [ 79.9529595, 29.3277182 ], [ 79.9514083, 29.3282031 ], [ 79.9505624, 29.3279557 ], [ 79.9500893, 29.3310106 ], [ 79.9538883, 29.3333934 ], [ 79.9601941, 29.3346605 ], [ 79.9634085, 29.3330602 ], [ 79.9651442, 29.3333194 ], [ 79.9660672, 29.3340316 ], [ 79.9678396, 29.3346791 ], [ 79.9695012, 29.3361356 ], [ 79.9702028, 29.3363299 ], [ 79.9749673, 29.3341302 ], [ 79.9762231, 29.3329331 ], [ 79.9775164, 29.3325386 ] ] ] } },
{ "type": "Feature", "properties": { "gp_code": "22699", "gp_name": "CHORA KHYALI", "blkname": "CHAMPAWAT", "dtname": "Champawat", "SHAPE_Area": 1924896.5594105953 }, "geometry": { "type": "Polygon", "coordinates": [ [ [ 79.9793338, 29.3283222 ], [ 79.9800316, 29.327982 ], [ 79.9781458, 29.3270339 ], [ 79.9770644, 29.3254539 ], [ 79.9744588, 29.3233884 ], [ 79.9729765, 29.3234117 ], [ 79.9707341, 29.3239856 ], [ 79.9687883, 29.3249421 ], [ 79.9680672, 29.324942 ], [ 79.9670412, 29.324553 ], [ 79.9651558, 29.3224624 ], [ 79.9614953, 29.3213922 ], [ 79.9599418, 29.3227042 ], [ 79.953479, 29.3246225 ], [ 79.9518712, 29.3226777 ], [ 79.9505624, 29.3279557 ], [ 79.9514083, 29.3282031 ], [ 79.9529595, 29.3277182 ], [ 79.9561351, 29.3281397 ], [ 79.9594218, 29.3279141 ], [ 79.9644807, 29.3288213 ], [ 79.9663272, 29.3282392 ], [ 79.9723465, 29.3288229 ], [ 79.9750054, 29.3282084 ], [ 79.9757439, 29.3283056 ], [ 79.9769623, 29.3300532 ], [ 79.9784571, 29.3310783 ], [ 79.979278, 29.3305338 ], [ 79.9797219, 29.3297075 ], [ 79.9793338, 29.3283222 ] ] ] } },
{ "type": "Feature", "properties": { "gp_code": "", "gp_name": "", "blkname": "CHAMPAWAT", "dtname": "Champawat", "SHAPE_Area": 255624.15482288881 }, "geometry": { "type": "Polygon", "coordinates": [ [ [ 79.974502, 29.3233877 ], [ 79.9749956, 29.3223259 ], [ 79.9740522, 29.3218243 ], [ 79.9734025, 29.3226103 ], [ 79.9728457, 29.3220952 ], [ 79.9735651, 29.3214108 ], [ 79.9732249, 29.3208957 ], [ 79.9698689, 29.3201903 ], [ 79.9673319, 29.3220874 ], [ 79.9689759, 29.3236534 ], [ 79.9707341, 29.3239856 ], [ 79.9729765, 29.3234117 ], [ 79.974502, 29.3233877 ] ] ] } },
{ "type": "Feature", "properties": { "gp_code": "", "gp_name": "", "blkname": "CHAMPAWAT", "dtname": "Champawat", "SHAPE_Area": 4664992.2085804939 }, "geometry": { "type": "Polygon", "coordinates": [ [ [ 79.9830222, 29.3260187 ], [ 79.9833974, 29.3260744 ], [ 79.9835567, 29.326574 ], [ 79.9845067, 29.3265242 ], [ 79.9862682, 29.3232311 ], [ 79.9878075, 29.3219795 ], [ 79.9879555, 29.321371 ], [ 79.9891401, 29.3199555 ], [ 79.9896487, 29.3181271 ], [ 79.9920482, 29.3134157 ], [ 79.9921114, 29.3088828 ], [ 79.9925357, 29.308021 ], [ 79.9938503, 29.3074653 ], [ 79.9933296, 29.306992 ], [ 79.9886695, 29.3085606 ], [ 79.9879905, 29.3083172 ], [ 79.9867254, 29.3070458 ], [ 79.984843, 29.3062612 ], [ 79.9831148, 29.3062339 ], [ 79.9794114, 29.3072884 ], [ 79.978762, 29.3065572 ], [ 79.9774863, 29.3071403 ], [ 79.9774859, 29.3089389 ], [ 79.9765984, 29.3102999 ], [ 79.9749897, 29.3115635 ], [ 79.9696645, 29.3143819 ], [ 79.9656155, 29.3149645 ], [ 79.9642563, 29.3159607 ], [ 79.9647552, 29.3167871 ], [ 79.9635481, 29.3191931 ], [ 79.9614953, 29.3213922 ], [ 79.9651558, 29.3224624 ], [ 79.9670412, 29.324553 ], [ 79.9687883, 29.3249421 ], [ 79.9707341, 29.3239856 ], [ 79.9689759, 29.3236534 ], [ 79.9682596, 29.323199 ], [ 79.9673319, 29.3220874 ], [ 79.9678269, 29.3215725 ], [ 79.9698689, 29.3201903 ], [ 79.9732249, 29.3208957 ], [ 79.9735651, 29.3214108 ], [ 79.9728457, 29.3220952 ], [ 79.9734025, 29.3226103 ], [ 79.9740522, 29.3218243 ], [ 79.9749956, 29.3223259 ], [ 79.9744588, 29.3233884 ], [ 79.9770644, 29.3254539 ], [ 79.9781458, 29.3270339 ], [ 79.9800423, 29.3280128 ], [ 79.981525, 29.3279457 ], [ 79.9830222, 29.3260187 ] ], [ [ 79.9847646, 29.3203785 ], [ 79.9831954, 29.3186471 ], [ 79.9820327, 29.3156374 ], [ 79.9825313, 29.3151196 ], [ 79.9846358, 29.3159289 ], [ 79.9864454, 29.3134373 ], [ 79.9843961, 29.3135341 ], [ 79.9838793, 29.3132591 ], [ 79.9832886, 29.3125471 ], [ 79.9831226, 29.311641 ], [ 79.9814426, 29.3108479 ], [ 79.9819413, 29.3098448 ], [ 79.9831597, 29.3101685 ], [ 79.984212, 29.3098288 ], [ 79.9864273, 29.3104601 ], [ 79.9866118, 29.3119973 ], [ 79.9896394, 29.3126285 ], [ 79.9898424, 29.313211 ], [ 79.9893808, 29.3147967 ], [ 79.987202, 29.3178384 ], [ 79.9862788, 29.3185503 ], [ 79.9857986, 29.3201359 ], [ 79.9847646, 29.3203785 ] ] ] } },
{ "type": "Feature", "properties": { "gp_code": "", "gp_name": "", "blkname": "CHAMPAWAT", "dtname": "Champawat", "SHAPE_Area": 621277.23464446748 }, "geometry": { "type": "Polygon", "coordinates": [ [ [ 79.9893808, 29.3147967 ], [ 79.9898424, 29.313211 ], [ 79.9896394, 29.3126285 ], [ 79.9866118, 29.3119973 ], [ 79.9864273, 29.3104601 ], [ 79.984212, 29.3098288 ], [ 79.9831597, 29.3101685 ], [ 79.9819413, 29.3098448 ], [ 79.9814242, 29.3106375 ], [ 79.9831226, 29.311641 ], [ 79.9832886, 29.3125471 ], [ 79.9838793, 29.3132591 ], [ 79.9843961, 29.3135341 ], [ 79.9864454, 29.3134373 ], [ 79.9846358, 29.3159289 ], [ 79.9825313, 29.3151196 ], [ 79.9820327, 29.3156374 ], [ 79.9831954, 29.3186471 ], [ 79.9847646, 29.3203785 ], [ 79.9857986, 29.3201359 ], [ 79.9862788, 29.3185503 ], [ 79.987202, 29.3178384 ], [ 79.9893808, 29.3147967 ] ] ] } },
{ "type": "Feature", "properties": { "gp_code": "22732", "gp_name": "MAIROLI", "blkname": "CHAMPAWAT", "dtname": "Champawat", "SHAPE_Area": 6842914.3805114906 }, "geometry": { "type": "Polygon", "coordinates": [ [ [ 79.9886456, 29.3494002 ], [ 79.9900491, 29.3492709 ], [ 79.9924375, 29.3496923 ], [ 79.9924515, 29.3481674 ], [ 79.9916472, 29.3453481 ], [ 79.9925212, 29.3421158 ], [ 79.9960716, 29.3437199 ], [ 79.9985681, 29.34372 ], [ 80.0000543, 29.343163 ], [ 80.0024529, 29.340845 ], [ 80.0028573, 29.3401051 ], [ 80.0029783, 29.3382775 ], [ 80.0036781, 29.3375818 ], [ 80.0041356, 29.3358838 ], [ 80.0047546, 29.3350584 ], [ 80.0039125, 29.3330295 ], [ 80.0031665, 29.3329713 ], [ 80.0019993, 29.3310871 ], [ 80.0024129, 29.3292452 ], [ 80.0021707, 29.328632 ], [ 79.9990892, 29.3268751 ], [ 79.999426, 29.3246669 ], [ 79.9982979, 29.3233159 ], [ 79.9973654, 29.3228385 ], [ 79.9943805, 29.322709 ], [ 79.9899706, 29.3240698 ], [ 79.9889445, 29.3241184 ], [ 79.9883898, 29.3238267 ], [ 79.9878075, 29.3219795 ], [ 79.9862682, 29.3232311 ], [ 79.9845067, 29.3265242 ], [ 79.9835567, 29.326574 ], [ 79.9833974, 29.3260744 ], [ 79.9827872, 29.3260987 ], [ 79.981525, 29.3279457 ], [ 79.9798054, 29.3280063 ], [ 79.9793338, 29.3283222 ], [ 79.9797219, 29.3297075 ], [ 79.9795554, 29.3302179 ], [ 79.9776135, 29.3320161 ], [ 79.9784445, 29.3391494 ], [ 79.9797476, 29.342382 ], [ 79.9817724, 29.3427954 ], [ 79.9885296, 29.3498531 ], [ 79.9886456, 29.3494002 ] ] ] } },
{ "type": "Feature", "properties": { "gp_code": "22686", "gp_name": "BAR PASS", "blkname": "CHAMPAWAT", "dtname": "Champawat", "SHAPE_Area": 3282964.5533299446 }, "geometry": { "type": "Polygon", "coordinates": [ [ [ 80.0124185, 29.3461244 ], [ 80.0142933, 29.3415758 ], [ 80.0157093, 29.3399983 ], [ 80.0162743, 29.3387247 ], [ 80.016005, 29.3379347 ], [ 80.0150899, 29.3373452 ], [ 80.0126541, 29.3367088 ], [ 80.0122098, 29.3351287 ], [ 80.0120751, 29.333242 ], [ 80.0129092, 29.3318506 ], [ 80.0138149, 29.3249543 ], [ 80.0146307, 29.3240326 ], [ 80.0150208, 29.3227118 ], [ 80.0094477, 29.3224416 ], [ 80.0062372, 29.3229107 ], [ 80.0040373, 29.3227545 ], [ 80.0030266, 29.3232233 ], [ 80.0018375, 29.3260891 ], [ 80.0005295, 29.3260891 ], [ 79.999426, 29.3246669 ], [ 79.9990892, 29.3268751 ], [ 80.0021707, 29.328632 ], [ 80.0024129, 29.3292452 ], [ 80.0019993, 29.3310871 ], [ 80.0031665, 29.3329713 ], [ 80.0039125, 29.3330295 ], [ 80.0047546, 29.3350584 ], [ 80.0041356, 29.3358838 ], [ 80.0036781, 29.3375818 ], [ 80.0029783, 29.3382775 ], [ 80.0028573, 29.3401051 ], [ 80.0024529, 29.340845 ], [ 80.0035934, 29.3398868 ], [ 80.0052161, 29.3413497 ], [ 80.0074856, 29.34443 ], [ 80.0076679, 29.3459392 ], [ 80.0091848, 29.3447441 ], [ 80.0102429, 29.344435 ], [ 80.011948, 29.3450736 ], [ 80.0124185, 29.3461244 ] ] ] } },
{ "type": "Feature", "properties": { "gp_code": "", "gp_name": "", "blkname": "CHAMPAWAT", "dtname": "Champawat", "SHAPE_Area": 7039741.1308761081 }, "geometry": { "type": "Polygon", "coordinates": [ [ [ 79.9923421, 29.3060182 ], [ 79.9938503, 29.3074653 ], [ 79.9925357, 29.308021 ], [ 79.9921114, 29.3088828 ], [ 79.9920482, 29.3134157 ], [ 79.9896487, 29.3181271 ], [ 79.9894186, 29.3194269 ], [ 79.9879555, 29.321371 ], [ 79.9879739, 29.3230003 ], [ 79.9887226, 29.3240698 ], [ 79.9899706, 29.3240698 ], [ 79.9943805, 29.322709 ], [ 79.9965715, 29.3226848 ], [ 79.9982979, 29.3233159 ], [ 80.0005295, 29.3260891 ], [ 80.0018375, 29.3260891 ], [ 80.0030266, 29.3232233 ], [ 80.0040373, 29.3227545 ], [ 80.0062372, 29.3229107 ], [ 80.0094477, 29.3224416 ], [ 80.0150208, 29.3227118 ], [ 80.0148054, 29.3215916 ], [ 80.0103422, 29.3178561 ], [ 80.0125174, 29.3171816 ], [ 80.0140782, 29.3171933 ], [ 80.0141723, 29.3160023 ], [ 80.0156387, 29.3144928 ], [ 80.0153424, 29.3128655 ], [ 80.0130103, 29.310261 ], [ 80.0125704, 29.3091277 ], [ 80.0127317, 29.3079485 ], [ 80.0108884, 29.3067222 ], [ 80.0085474, 29.3062036 ], [ 80.0073633, 29.3055786 ], [ 80.0050761, 29.3038453 ], [ 80.0035828, 29.3037981 ], [ 80.0030715, 29.3028902 ], [ 80.0009459, 29.3017699 ], [ 80.0001416, 29.300017 ], [ 80.0000175, 29.2982558 ], [ 80.0013603, 29.2952534 ], [ 80.0012508, 29.2939374 ], [ 80.0004019, 29.295198 ], [ 79.999392, 29.293527 ], [ 79.9973106, 29.2922249 ], [ 79.9964128, 29.2909057 ], [ 79.995678, 29.292838 ], [ 79.996177, 29.2936401 ], [ 79.995761, 29.2953172 ], [ 79.9961769, 29.2976262 ], [ 79.9956223, 29.2981123 ], [ 79.9934595, 29.2985984 ], [ 79.9925998, 29.300397 ], [ 79.9919481, 29.3009438 ], [ 79.9924194, 29.3020286 ], [ 79.9923421, 29.3060182 ] ] ] } },
{ "type": "Feature", "properties": { "gp_code": "22735", "gp_name": "MATELA", "blkname": "CHAMPAWAT", "dtname": "Champawat", "SHAPE_Area": 3114529.2655107207 }, "geometry": { "type": "Polygon", "coordinates": [ [ [ 80.0135927, 29.3069461 ], [ 80.0158529, 29.3065214 ], [ 80.018315, 29.3067687 ], [ 80.0203196, 29.306568 ], [ 80.0222165, 29.3060135 ], [ 80.0210862, 29.3047637 ], [ 80.0196864, 29.3011673 ], [ 80.0170228, 29.3027359 ], [ 80.0156619, 29.3020279 ], [ 80.0148972, 29.302571 ], [ 80.0124351, 29.3015217 ], [ 80.0113856, 29.3005195 ], [ 80.011103, 29.299529 ], [ 80.0104034, 29.2994229 ], [ 80.0090178, 29.2999183 ], [ 80.0076725, 29.3008381 ], [ 80.0066767, 29.2955317 ], [ 80.0074367, 29.2955316 ], [ 80.0087551, 29.2949183 ], [ 80.0112437, 29.2933615 ], [ 80.0133423, 29.2932199 ], [ 80.0137725, 29.2905311 ], [ 80.0145275, 29.2896081 ], [ 80.0144986, 29.2891277 ], [ 80.0153999, 29.2882668 ], [ 80.0180766, 29.2873349 ], [ 80.0184295, 29.2865396 ], [ 80.0137004, 29.2872129 ], [ 80.0124539, 29.2892576 ], [ 80.0121176, 29.2893048 ], [ 80.0109338, 29.2882908 ], [ 80.0098307, 29.2878427 ], [ 80.0085796, 29.2879018 ], [ 80.0062122, 29.2890812 ], [ 80.0048536, 29.2909562 ], [ 80.0040195, 29.2895294 ], [ 80.0007945, 29.2900791 ], [ 79.9999167, 29.2905671 ], [ 79.9990287, 29.2899775 ], [ 79.9969257, 29.2901401 ], [ 79.9964128, 29.2909057 ], [ 79.9967753, 29.2916586 ], [ 79.999392, 29.293527 ], [ 80.0004019, 29.295198 ], [ 80.0012508, 29.2939374 ], [ 80.0013603, 29.2952534 ], [ 80.0000175, 29.2982558 ], [ 80.0001416, 29.300017 ], [ 80.0009459, 29.3017699 ], [ 80.0030715, 29.3028902 ], [ 80.0035828, 29.3037981 ], [ 80.0050761, 29.3038453 ], [ 80.0073633, 29.3055786 ], [ 80.0085474, 29.3062036 ], [ 80.0108884, 29.3067222 ], [ 80.0127317, 29.3079485 ], [ 80.0135927, 29.3069461 ] ] ] } },
{ "type": "Feature", "properties": { "gp_code": "", "gp_name": "", "blkname": "CHAMPAWAT", "dtname": "Champawat", "SHAPE_Area": 383358.98023064365 }, "geometry": { "type": "Polygon", "coordinates": [ [ [ 80.011103, 29.299529 ], [ 80.0117769, 29.2960837 ], [ 80.0132616, 29.2945288 ], [ 80.0133423, 29.2932199 ], [ 80.0112437, 29.2933615 ], [ 80.0087551, 29.2949183 ], [ 80.0074367, 29.2955316 ], [ 80.0066767, 29.2955317 ], [ 80.0076725, 29.3008381 ], [ 80.0090178, 29.2999183 ], [ 80.0104034, 29.2994229 ], [ 80.011103, 29.299529 ] ] ] } },
{ "type": "Feature", "properties": { "gp_code": "22676", "gp_name": "AAM KARIYA", "blkname": "CHAMPAWAT", "dtname": "Champawat", "SHAPE_Area": 2117968.1237147115 }, "geometry": { "type": "Polygon", "coordinates": [ [ [ 80.0048536, 29.2909562 ], [ 80.0062122, 29.2890812 ], [ 80.0085796, 29.2879018 ], [ 80.0098307, 29.2878427 ], [ 80.0109338, 29.2882908 ], [ 80.0121176, 29.2893048 ], [ 80.0124539, 29.2892576 ], [ 80.0137004, 29.2872129 ], [ 80.0184295, 29.2865396 ], [ 80.0184295, 29.2862264 ], [ 80.0166774, 29.2856016 ], [ 80.0148749, 29.2854721 ], [ 80.0138122, 29.2849769 ], [ 80.012063, 29.281451 ], [ 80.0068979, 29.2818522 ], [ 80.0048085, 29.2808617 ], [ 80.0026687, 29.2790901 ], [ 80.0009451, 29.2794027 ], [ 79.9988982, 29.2810761 ], [ 79.9956783, 29.2826173 ], [ 79.9954287, 29.2843918 ], [ 79.9972862, 29.289022 ], [ 79.9969257, 29.2901401 ], [ 79.9990287, 29.2899775 ], [ 79.9999167, 29.2905671 ], [ 80.0007945, 29.2900791 ], [ 80.0040195, 29.2895294 ], [ 80.0048536, 29.2909562 ] ] ] } },
{ "type": "Feature", "properties": { "gp_code": "", "gp_name": "", "blkname": "CHAMPAWAT", "dtname": "Champawat", "SHAPE_Area": 283751.31878750067 }, "geometry": { "type": "Polygon", "coordinates": [ [ [ 79.9964128, 29.2909057 ], [ 79.9972862, 29.289022 ], [ 79.9967594, 29.2875272 ], [ 79.9956782, 29.287187 ], [ 79.9938481, 29.2879646 ], [ 79.9930719, 29.2877215 ], [ 79.9926839, 29.2854854 ], [ 79.9912975, 29.2852422 ], [ 79.991839, 29.286239 ], [ 79.9914965, 29.2884854 ], [ 79.9919661, 29.2899427 ], [ 79.9950264, 29.291319 ], [ 79.9964128, 29.2909057 ] ] ] } },
{ "type": "Feature", "properties": { "gp_code": "", "gp_name": "", "blkname": "CHAMPAWAT", "dtname": "Champawat", "SHAPE_Area": 1054921.9549352673 }, "geometry": { "type": "Polygon", "coordinates": [ [ [ 79.9933296, 29.306992 ], [ 79.9923421, 29.3060182 ], [ 79.9922652, 29.3014741 ], [ 79.9919481, 29.3009438 ], [ 79.9912133, 29.3009681 ], [ 79.9894249, 29.2988169 ], [ 79.9891339, 29.2980391 ], [ 79.9881772, 29.2982821 ], [ 79.9878446, 29.297638 ], [ 79.9875256, 29.2979783 ], [ 79.9879415, 29.2986589 ], [ 79.9878028, 29.299145 ], [ 79.9865272, 29.299631 ], [ 79.9861944, 29.3000928 ], [ 79.9861665, 29.3022802 ], [ 79.9854731, 29.3028878 ], [ 79.9817018, 29.3037867 ], [ 79.9775697, 29.3056091 ], [ 79.9794114, 29.3072884 ], [ 79.9831148, 29.3062339 ], [ 79.984843, 29.3062612 ], [ 79.9867254, 29.3070458 ], [ 79.9879905, 29.3083172 ], [ 79.9886695, 29.3085606 ], [ 79.9933296, 29.306992 ] ] ] } },
{ "type": "Feature", "properties": { "gp_code": "22692", "gp_name": "BIRGUL", "blkname": "PATI", "dtname": "Champawat", "SHAPE_Area": 5703261.8031071639 }, "geometry": { "type": "Polygon", "coordinates": [ [ [ 79.9599418, 29.3227042 ], [ 79.9635481, 29.3191931 ], [ 79.9647552, 29.3167871 ], [ 79.9642563, 29.3159607 ], [ 79.9656155, 29.3149645 ], [ 79.9696645, 29.3143819 ], [ 79.9749897, 29.3115635 ], [ 79.9765984, 29.3102999 ], [ 79.9774859, 29.3089389 ], [ 79.9774863, 29.3071403 ], [ 79.978762, 29.3065572 ], [ 79.9775697, 29.3056091 ], [ 79.9817018, 29.3037867 ], [ 79.9854731, 29.3028878 ], [ 79.9809812, 29.30166 ], [ 79.9765583, 29.301866 ], [ 79.9711235, 29.3014762 ], [ 79.9707074, 29.3017678 ], [ 79.9709013, 29.3025213 ], [ 79.9704021, 29.302983 ], [ 79.9695703, 29.3029829 ], [ 79.9681563, 29.3019375 ], [ 79.9672967, 29.3018644 ], [ 79.9669645, 29.2996282 ], [ 79.9661329, 29.2986801 ], [ 79.9641173, 29.2980571 ], [ 79.9633061, 29.2998658 ], [ 79.9626773, 29.3035872 ], [ 79.959059, 29.3036834 ], [ 79.957358, 29.3064727 ], [ 79.9562466, 29.3074191 ], [ 79.9490552, 29.3098244 ], [ 79.9484615, 29.3103025 ], [ 79.9475653, 29.3146528 ], [ 79.9485842, 29.3154127 ], [ 79.9508719, 29.3159299 ], [ 79.9528826, 29.315736 ], [ 79.9551431, 29.314971 ], [ 79.957584, 29.3136593 ], [ 79.9580551, 29.3144857 ], [ 79.9567513, 29.3154576 ], [ 79.9558635, 29.3168913 ], [ 79.9542823, 29.3176929 ], [ 79.9535059, 29.3175955 ], [ 79.9530897, 29.3181301 ], [ 79.9527285, 29.3197827 ], [ 79.9509529, 29.3215807 ], [ 79.953479, 29.3246225 ], [ 79.9599418, 29.3227042 ] ] ] } },
{ "type": "Feature", "properties": { "gp_code": "", "gp_name": "", "blkname": "PATI", "dtname": "Champawat", "SHAPE_Area": 1872144.7661283908 }, "geometry": { "type": "Polygon", "coordinates": [ [ [ 79.962276, 29.2875518 ], [ 79.9669842, 29.2826338 ], [ 79.9667078, 29.2805301 ], [ 79.9660436, 29.2797857 ], [ 79.9652871, 29.2792515 ], [ 79.9640505, 29.2789762 ], [ 79.9608021, 29.2789754 ], [ 79.957627, 29.2805928 ], [ 79.9546361, 29.2832133 ], [ 79.9531589, 29.2847987 ], [ 79.9503143, 29.2899757 ], [ 79.9545593, 29.2912553 ], [ 79.9583608, 29.2939909 ], [ 79.962276, 29.2875518 ] ] ] } },
{ "type": "Feature", "properties": { "gp_code": "22713", "gp_name": "GOLI", "blkname": "CHAMPAWAT", "dtname": "Champawat", "SHAPE_Area": 3888245.0271249409 }, "geometry": { "type": "Polygon", "coordinates": [ [ [ 79.9854731, 29.3028878 ], [ 79.9861665, 29.3022802 ], [ 79.9861944, 29.3000928 ], [ 79.9865272, 29.299631 ], [ 79.9878028, 29.299145 ], [ 79.9879415, 29.2986589 ], [ 79.9876089, 29.2977352 ], [ 79.9880802, 29.2976745 ], [ 79.9881772, 29.2982821 ], [ 79.9891339, 29.2980391 ], [ 79.9898825, 29.2994489 ], [ 79.991546, 29.3010411 ], [ 79.9925998, 29.300397 ], [ 79.9934595, 29.2985984 ], [ 79.9956223, 29.2981123 ], [ 79.9961769, 29.2976262 ], [ 79.995761, 29.2953172 ], [ 79.996177, 29.2936401 ], [ 79.995678, 29.292838 ], [ 79.9964128, 29.2909057 ], [ 79.9950264, 29.291319 ], [ 79.9941669, 29.2911244 ], [ 79.990923, 29.2894958 ], [ 79.9898694, 29.2893013 ], [ 79.9846566, 29.2912454 ], [ 79.9816898, 29.2907103 ], [ 79.9755206, 29.2908797 ], [ 79.9755755, 29.2936019 ], [ 79.972539, 29.2950112 ], [ 79.9659258, 29.2956054 ], [ 79.964969, 29.2962615 ], [ 79.9640812, 29.2980477 ], [ 79.9661329, 29.2986801 ], [ 79.9669645, 29.2996282 ], [ 79.9672967, 29.3018644 ], [ 79.9681563, 29.3019375 ], [ 79.9695703, 29.3029829 ], [ 79.9704021, 29.302983 ], [ 79.9709013, 29.3025213 ], [ 79.9707074, 29.3017678 ], [ 79.9711235, 29.3014762 ], [ 79.9765583, 29.301866 ], [ 79.9809812, 29.30166 ], [ 79.9854731, 29.3028878 ] ] ] } },
{ "type": "Feature", "properties": { "gp_code": "", "gp_name": "", "blkname": "CHAMPAWAT", "dtname": "Champawat", "SHAPE_Area": 1941442.7341876514 }, "geometry": { "type": "Polygon", "coordinates": [ [ [ 79.9919845, 29.2899544 ], [ 79.9914965, 29.2884854 ], [ 79.991839, 29.286239 ], [ 79.9916359, 29.2855914 ], [ 79.9904935, 29.2842213 ], [ 79.987638, 29.2830059 ], [ 79.9867509, 29.2821065 ], [ 79.9849216, 29.2774152 ], [ 79.9839514, 29.2760539 ], [ 79.9832306, 29.2761511 ], [ 79.9801806, 29.278946 ], [ 79.980125, 29.2796995 ], [ 79.9830355, 29.283443 ], [ 79.9789324, 29.2826404 ], [ 79.9779897, 29.2829319 ], [ 79.9741359, 29.282664 ], [ 79.9728603, 29.2837819 ], [ 79.9719174, 29.2851429 ], [ 79.972139, 29.2855804 ], [ 79.9767417, 29.2848519 ], [ 79.9776842, 29.2852896 ], [ 79.9797351, 29.2908802 ], [ 79.9816898, 29.2907103 ], [ 79.9846566, 29.2912454 ], [ 79.9898694, 29.2893013 ], [ 79.9919845, 29.2899544 ] ] ] } },
{ "type": "Feature", "properties": { "gp_code": "", "gp_name": "", "blkname": "PATI", "dtname": "Champawat", "SHAPE_Area": 60572.983084811931 }, "geometry": { "type": "Polygon", "coordinates": [ [ [ 79.9673085, 29.2712408 ], [ 79.9666261, 29.2696225 ], [ 79.9674197, 29.2693476 ], [ 79.9671062, 29.2686517 ], [ 79.9653713, 29.2687323 ], [ 79.9651867, 29.268975 ], [ 79.9661457, 29.2718312 ], [ 79.9673085, 29.2712408 ] ] ] } },
{ "type": "Feature", "properties": { "gp_code": "22839", "gp_name": "BANS BANSWALI", "blkname": "PATI", "dtname": "Champawat", "SHAPE_Area": 73093771.605961606 }, "geometry": { "type": "Polygon", "coordinates": [ [ [ 79.959059, 29.3036834 ], [ 79.9626773, 29.3035872 ], [ 79.9633061, 29.2998658 ], [ 79.964969, 29.2962615 ], [ 79.9659258, 29.2956054 ], [ 79.972539, 29.2950112 ], [ 79.9755755, 29.2936019 ], [ 79.9755206, 29.2908797 ], [ 79.9797351, 29.2908802 ], [ 79.9776842, 29.2852896 ], [ 79.9767417, 29.2848519 ], [ 79.972139, 29.2855804 ], [ 79.9719174, 29.2851429 ], [ 79.9728603, 29.2837819 ], [ 79.9741359, 29.282664 ], [ 79.9779897, 29.2829319 ], [ 79.9789324, 29.2826404 ], [ 79.9830355, 29.283443 ], [ 79.980125, 29.2796995 ], [ 79.9801806, 29.278946 ], [ 79.9832306, 29.2761511 ], [ 79.9839514, 29.2760539 ], [ 79.9849216, 29.2774152 ], [ 79.9867509, 29.2821065 ], [ 79.987638, 29.2830059 ], [ 79.9904935, 29.2842213 ], [ 79.9912975, 29.2852422 ], [ 79.9926839, 29.2854854 ], [ 79.9930719, 29.2877215 ], [ 79.9938481, 29.2879646 ], [ 79.9956782, 29.287187 ], [ 79.9967594, 29.2875272 ], [ 79.9954287, 29.2843918 ], [ 79.9956783, 29.2826173 ], [ 79.9988982, 29.2810761 ], [ 80.0009451, 29.2794027 ], [ 80.0026687, 29.2790901 ], [ 80.0048085, 29.2808617 ], [ 80.0068979, 29.2818522 ], [ 80.012063, 29.281451 ], [ 80.013179, 29.2769932 ], [ 80.0141609, 29.2770403 ], [ 80.0160305, 29.2762737 ], [ 80.0165012, 29.2764387 ], [ 80.0165283, 29.2772523 ], [ 80.0188152, 29.2787852 ], [ 80.0183581, 29.2800235 ], [ 80.0200665, 29.2809903 ], [ 80.0212633, 29.2790679 ], [ 80.0189293, 29.2741332 ], [ 80.01907, 29.2735963 ], [ 80.0224595, 29.2736548 ], [ 80.0224881, 29.2723794 ], [ 80.0229299, 29.2718032 ], [ 80.0292917, 29.2716961 ], [ 80.031067, 29.2711886 ], [ 80.032062, 29.2698794 ], [ 80.0321515, 29.2691715 ], [ 80.0307436, 29.2687122 ], [ 80.0309181, 29.2674149 ], [ 80.0317789, 29.2676624 ], [ 80.0319938, 29.2660349 ], [ 80.0346702, 29.2660344 ], [ 80.0355176, 29.2663408 ], [ 80.0363515, 29.2661402 ], [ 80.0385161, 29.2640287 ], [ 80.0435169, 29.265666 ], [ 80.0451875, 29.2654893 ], [ 80.0459136, 29.2649584 ], [ 80.0462898, 29.2638497 ], [ 80.0429125, 29.2594401 ], [ 80.0458431, 29.2561843 ], [ 80.0466929, 29.2561737 ], [ 80.0471684, 29.2547134 ], [ 80.0460459, 29.2528127 ], [ 80.0424035, 29.2523821 ], [ 80.0348617, 29.2527811 ], [ 80.0324075, 29.250402 ], [ 80.030973, 29.2502103 ], [ 80.0307199, 29.2480179 ], [ 80.0291293, 29.2463757 ], [ 80.0235983, 29.2430915 ], [ 80.0220078, 29.2409533 ], [ 80.0217777, 29.2388614 ], [ 80.0207529, 29.2385361 ], [ 80.0171134, 29.2390789 ], [ 80.0161065, 29.2402102 ], [ 80.0121315, 29.2425969 ], [ 80.0111599, 29.244379 ], [ 80.0093402, 29.2461301 ], [ 80.0091636, 29.2472923 ], [ 80.0032952, 29.2501849 ], [ 80.0033886, 29.2528078 ], [ 79.9989765, 29.2506843 ], [ 79.9985953, 29.2501995 ], [ 79.9972623, 29.2501813 ], [ 79.9953293, 29.2512695 ], [ 79.9924507, 29.2513503 ], [ 79.9899503, 29.2529199 ], [ 79.989332, 29.2537451 ], [ 79.9882064, 29.2535508 ], [ 79.9881142, 29.252936 ], [ 79.9887416, 29.252143 ], [ 79.9910299, 29.2505897 ], [ 79.9916926, 29.2491117 ], [ 79.9915324, 29.2482987 ], [ 79.9895181, 29.2461555 ], [ 79.9893465, 29.2449359 ], [ 79.9865827, 29.2422657 ], [ 79.9851806, 29.243184 ], [ 79.9832978, 29.2431888 ], [ 79.9828172, 29.2428174 ], [ 79.98078, 29.2426967 ], [ 79.9790977, 29.241482 ], [ 79.9788232, 29.2407893 ], [ 79.9794873, 29.2386563 ], [ 79.9788585, 29.2352685 ], [ 79.979179, 29.2343651 ], [ 79.9812621, 29.2324832 ], [ 79.9863666, 29.2297182 ], [ 79.9880032, 29.2282929 ], [ 79.9858062, 29.2263705 ], [ 79.9848681, 29.2248647 ], [ 79.9850171, 29.2224556 ], [ 79.9866309, 29.219645 ], [ 79.9871459, 29.21831 ], [ 79.9870774, 29.2176876 ], [ 79.9868027, 29.2171455 ], [ 79.9850407, 29.2161415 ], [ 79.9838052, 29.2137925 ], [ 79.9841657, 29.2129693 ], [ 79.983834, 29.2125125 ], [ 79.9820203, 29.2128236 ], [ 79.9800066, 29.2114982 ], [ 79.9798356, 29.2080752 ], [ 79.979, 29.2095407 ], [ 79.9779359, 29.2101177 ], [ 79.9755103, 29.2092993 ], [ 79.9739944, 29.2083203 ], [ 79.9689643, 29.2140061 ], [ 79.9688714, 29.2190252 ], [ 79.9730712, 29.2181225 ], [ 79.9751767, 29.2182032 ], [ 79.977797, 29.2187858 ], [ 79.9803944, 29.2197698 ], [ 79.980417, 29.2213459 ], [ 79.9799706, 29.2226206 ], [ 79.976503, 29.223624 ], [ 79.9750152, 29.2246176 ], [ 79.9729782, 29.2248782 ], [ 79.9721312, 29.2257815 ], [ 79.9717879, 29.2257915 ], [ 79.9719483, 29.224878 ], [ 79.9698427, 29.2250383 ], [ 79.9676342, 29.2245861 ], [ 79.9656312, 29.2259208 ], [ 79.9649337, 29.2237625 ], [ 79.9620472, 29.2213075 ], [ 79.960055, 29.2246397 ], [ 79.961534, 29.2273352 ], [ 79.9591187, 29.2293924 ], [ 79.9549972, 29.2341193 ], [ 79.9544361, 29.234872 ], [ 79.9536799, 29.2374063 ], [ 79.9522604, 29.2383796 ], [ 79.9514076, 29.2385801 ], [ 79.949571, 29.2379974 ], [ 79.9477511, 29.2385388 ], [ 79.9450506, 29.2373635 ], [ 79.9430579, 29.2402236 ], [ 79.9497873, 29.240828 ], [ 79.9547661, 29.2401771 ], [ 79.957398, 29.2412619 ], [ 79.967275, 29.2414348 ], [ 79.9722361, 29.2431672 ], [ 79.9742845, 29.2442417 ], [ 79.9748338, 29.2447135 ], [ 79.9749024, 29.2452254 ], [ 79.973586, 29.2458777 ], [ 79.9712621, 29.2478447 ], [ 79.9679087, 29.2472619 ], [ 79.9673592, 29.2478138 ], [ 79.9673361, 29.2487975 ], [ 79.9667865, 29.2492993 ], [ 79.9635656, 29.2499932 ], [ 79.9639453, 29.2506343 ], [ 79.9625243, 29.2511599 ], [ 79.9613989, 29.2503343 ], [ 79.9603102, 29.2501391 ], [ 79.9558448, 29.2501703 ], [ 79.9553279, 29.2509315 ], [ 79.9538058, 29.2502919 ], [ 79.9480763, 29.2501154 ], [ 79.9487134, 29.2514294 ], [ 79.9500184, 29.252692 ], [ 79.9504977, 29.254007 ], [ 79.9488509, 29.2537758 ], [ 79.9474795, 29.2552555 ], [ 79.9460649, 29.2527231 ], [ 79.9450881, 29.2500366 ], [ 79.9454001, 29.2495194 ], [ 79.9450577, 29.2472005 ], [ 79.9455044, 29.2465382 ], [ 79.9472903, 29.2456555 ], [ 79.9490184, 29.245937 ], [ 79.9491561, 29.2450036 ], [ 79.9484812, 29.2439795 ], [ 79.9469137, 29.2428448 ], [ 79.9418788, 29.2408756 ], [ 79.9398301, 29.2409853 ], [ 79.9377307, 29.2436244 ], [ 79.9384566, 29.2454666 ], [ 79.9380668, 29.2468617 ], [ 79.9371968, 29.2472128 ], [ 79.9305351, 29.2477118 ], [ 79.9295845, 29.2487754 ], [ 79.9290516, 29.2499998 ], [ 79.929208, 29.2513159 ], [ 79.9284029, 29.2535519 ], [ 79.9283469, 29.2546214 ], [ 79.9275982, 29.2551802 ], [ 79.9265448, 29.2553796 ], [ 79.9265769, 29.2559762 ], [ 79.9249522, 29.2572052 ], [ 79.9233271, 29.2591787 ], [ 79.9232512, 29.2625121 ], [ 79.9214033, 29.2665081 ], [ 79.9211251, 29.2686278 ], [ 79.9239662, 29.2701825 ], [ 79.9255526, 29.271575 ], [ 79.9251417, 29.2715286 ], [ 79.9262538, 29.2716724 ], [ 79.9261243, 29.2722872 ], [ 79.9255701, 29.2731122 ], [ 79.9247208, 29.273662 ], [ 79.9237061, 29.2730466 ], [ 79.9222676, 29.2713307 ], [ 79.9213081, 29.2710713 ], [ 79.9203296, 29.2716857 ], [ 79.9192677, 29.2732852 ], [ 79.9205584, 29.2756676 ], [ 79.9209852, 29.2800916 ], [ 79.9199442, 29.2821328 ], [ 79.9199988, 29.2835791 ], [ 79.9209682, 29.2850258 ], [ 79.9211895, 29.2859009 ], [ 79.9221038, 29.2869951 ], [ 79.9225734, 29.2897055 ], [ 79.9246506, 29.2934617 ], [ 79.9277005, 29.2936575 ], [ 79.9292126, 29.2920905 ], [ 79.9313333, 29.2927234 ], [ 79.9338984, 29.292141 ], [ 79.9350628, 29.2924575 ], [ 79.9352982, 29.2928951 ], [ 79.9352149, 29.2931503 ], [ 79.9309723, 29.2938534 ], [ 79.9299458, 29.2946794 ], [ 79.9295294, 29.2956757 ], [ 79.9280877, 29.2953591 ], [ 79.9275883, 29.2957964 ], [ 79.9286407, 29.298033 ], [ 79.9307468, 29.3003916 ], [ 79.9311621, 29.3014854 ], [ 79.9289155, 29.3025053 ], [ 79.9281113, 29.3025049 ], [ 79.9258247, 29.3006324 ], [ 79.9248541, 29.3009236 ], [ 79.9268906, 29.3036102 ], [ 79.930051, 29.3048512 ], [ 79.9319646, 29.3045604 ], [ 79.9339331, 29.305023 ], [ 79.9351534, 29.3048291 ], [ 79.9375669, 29.3027154 ], [ 79.934739, 29.3017908 ], [ 79.934268, 29.3011343 ], [ 79.9342964, 29.2997367 ], [ 79.9347825, 29.2981449 ], [ 79.9366403, 29.29817 ], [ 79.9442114, 29.2955842 ], [ 79.9448628, 29.2959247 ], [ 79.9449454, 29.2971279 ], [ 79.9461916, 29.3008471 ], [ 79.9440277, 29.3032283 ], [ 79.9444433, 29.3039818 ], [ 79.9468841, 29.3027674 ], [ 79.9485733, 29.3043277 ], [ 79.9517859, 29.3031313 ], [ 79.9528939, 29.3020313 ], [ 79.9535584, 29.3023228 ], [ 79.9519697, 29.3052347 ], [ 79.9508617, 29.3061082 ], [ 79.9484351, 29.3070457 ], [ 79.9469095, 29.3082118 ], [ 79.9464654, 29.3090745 ], [ 79.9468672, 29.3098159 ], [ 79.9475741, 29.3101929 ], [ 79.9484615, 29.3103025 ], [ 79.9490552, 29.3098244 ], [ 79.9562466, 29.3074191 ], [ 79.957358, 29.3064727 ], [ 79.959059, 29.3036834 ] ], [ [ 79.9583608, 29.2939909 ], [ 79.9545593, 29.2912553 ], [ 79.9503143, 29.2899757 ], [ 79.9531589, 29.2847987 ], [ 79.957627, 29.2805928 ], [ 79.9608021, 29.2789754 ], [ 79.9623525, 29.2787816 ], [ 79.9652871, 29.2792515 ], [ 79.9667078, 29.2805301 ], [ 79.9669842, 29.2826338 ], [ 79.962276, 29.2875518 ], [ 79.9583608, 29.2939909 ] ], [ [ 79.9410681, 29.286963 ], [ 79.9445748, 29.2875306 ], [ 79.9470854, 29.286965 ], [ 79.9478048, 29.2880979 ], [ 79.9477123, 29.2886643 ], [ 79.9473982, 29.2890849 ], [ 79.9432258, 29.291009 ], [ 79.941611, 29.2905311 ], [ 79.9394237, 29.2903928 ], [ 79.9374123, 29.2893241 ], [ 79.9366001, 29.289259 ], [ 79.9370995, 29.2872366 ], [ 79.9390744, 29.2874153 ], [ 79.9410681, 29.286963 ] ], [ [ 80.0103056, 29.2734882 ], [ 80.0076608, 29.2720554 ], [ 80.0053429, 29.2720034 ], [ 80.0053429, 29.2706225 ], [ 80.0063829, 29.2682516 ], [ 80.0101568, 29.2699448 ], [ 80.0115532, 29.2689547 ], [ 80.0120881, 29.2691371 ], [ 80.012326, 29.2703876 ], [ 80.0135146, 29.2708564 ], [ 80.0137228, 29.2717163 ], [ 80.0128313, 29.2721332 ], [ 80.0112861, 29.2721855 ], [ 80.0109594, 29.2731755 ], [ 80.0103056, 29.2734882 ] ], [ [ 79.947498, 29.2677242 ], [ 79.9508929, 29.2696347 ], [ 79.9500798, 29.2720941 ], [ 79.9459834, 29.2704908 ], [ 79.9438986, 29.2691955 ], [ 79.9419248, 29.2669456 ], [ 79.9426845, 29.2641863 ], [ 79.9449891, 29.2653285 ], [ 79.947498, 29.2677242 ] ], [ [ 80.0193086, 29.2672604 ], [ 80.0187435, 29.2641339 ], [ 80.0178817, 29.2632743 ], [ 80.0186244, 29.2625186 ], [ 80.0228734, 29.2624659 ], [ 80.023409, 29.2666345 ], [ 80.0193086, 29.2672604 ] ], [ [ 79.9326235, 29.2636508 ], [ 79.9354294, 29.2657619 ], [ 79.9334906, 29.2677838 ], [ 79.9320514, 29.2670065 ], [ 79.9304098, 29.2655009 ], [ 79.9326235, 29.2636508 ] ], [ [ 79.9653713, 29.2687323 ], [ 79.9671062, 29.2686517 ], [ 79.9674197, 29.2693476 ], [ 79.9666261, 29.2696225 ], [ 79.9673085, 29.2712408 ], [ 79.9661457, 29.2718312 ], [ 79.9651867, 29.268975 ], [ 79.9653713, 29.2687323 ] ], [ [ 80.0260816, 29.2586875 ], [ 80.0243875, 29.2567076 ], [ 80.0226643, 29.2570987 ], [ 80.021179, 29.2580629 ], [ 80.0197527, 29.2581674 ], [ 80.0181185, 29.2576204 ], [ 80.017524, 29.255953 ], [ 80.0201981, 29.2563956 ], [ 80.0206437, 29.2556139 ], [ 80.0205543, 29.2541287 ], [ 80.0209998, 29.2533992 ], [ 80.022218, 29.2531123 ], [ 80.0225447, 29.2527215 ], [ 80.0225149, 29.2518356 ], [ 80.0230793, 29.2514968 ], [ 80.0252483, 29.2522261 ], [ 80.0270012, 29.2520174 ], [ 80.0296459, 29.2538928 ], [ 80.0304183, 29.2537103 ], [ 80.0319931, 29.2539444 ], [ 80.032528, 29.2543091 ], [ 80.0320826, 29.2554817 ], [ 80.0313993, 29.2559247 ], [ 80.0286362, 29.2561337 ], [ 80.0275075, 29.2576191 ], [ 80.0274186, 29.258557 ], [ 80.0269135, 29.2588958 ], [ 80.0260816, 29.2586875 ] ] ] } },
{ "type": "Feature", "properties": { "gp_code": "", "gp_name": "", "blkname": "CHAMPAWAT", "dtname": "Champawat", "SHAPE_Area": 345591.89942717424 }, "geometry": { "type": "Polygon", "coordinates": [ [ [ 80.0053429, 29.2720034 ], [ 80.0076608, 29.2720554 ], [ 80.0103056, 29.2734882 ], [ 80.0109594, 29.2731755 ], [ 80.0112861, 29.2721855 ], [ 80.0128313, 29.2721332 ], [ 80.0137228, 29.2717163 ], [ 80.0135146, 29.2708564 ], [ 80.012326, 29.2703876 ], [ 80.0120881, 29.2691371 ], [ 80.0115532, 29.2689547 ], [ 80.0101568, 29.2699448 ], [ 80.0063829, 29.2682516 ], [ 80.0053429, 29.2706225 ], [ 80.0053429, 29.2720034 ] ] ] } },
{ "type": "Feature", "properties": { "gp_code": "22712", "gp_name": "GHURCHUM", "blkname": "CHAMPAWAT", "dtname": "Champawat", "SHAPE_Area": 276832.23109698575 }, "geometry": { "type": "Polygon", "coordinates": [ [ [ 80.023409, 29.2666345 ], [ 80.0228734, 29.2624659 ], [ 80.0186244, 29.2625186 ], [ 80.0178817, 29.2632743 ], [ 80.0187435, 29.2641339 ], [ 80.0193086, 29.2672604 ], [ 80.023409, 29.2666345 ] ] ] } },
{ "type": "Feature", "properties": { "gp_code": "22716", "gp_name": "JAI GAON JAITOLI", "blkname": "CHAMPAWAT", "dtname": "Champawat", "SHAPE_Area": 773635.58656260592 }, "geometry": { "type": "Polygon", "coordinates": [ [ [ 80.0279531, 29.2568634 ], [ 80.0286362, 29.2561337 ], [ 80.0295276, 29.255873 ], [ 80.0313993, 29.2559247 ], [ 80.0320826, 29.2554817 ], [ 80.032528, 29.2543091 ], [ 80.0319931, 29.2539444 ], [ 80.0304183, 29.2537103 ], [ 80.0296459, 29.2538928 ], [ 80.0270012, 29.2520174 ], [ 80.0252483, 29.2522261 ], [ 80.0230793, 29.2514968 ], [ 80.0225149, 29.2518356 ], [ 80.0225447, 29.2527215 ], [ 80.022218, 29.2531123 ], [ 80.0209998, 29.2533992 ], [ 80.0205543, 29.2541287 ], [ 80.0206437, 29.2556139 ], [ 80.0201981, 29.2563956 ], [ 80.017524, 29.255953 ], [ 80.0181185, 29.2576204 ], [ 80.0197527, 29.2581674 ], [ 80.021179, 29.2580629 ], [ 80.0226643, 29.2570987 ], [ 80.0243875, 29.2567076 ], [ 80.0260816, 29.2586875 ], [ 80.0269135, 29.2588958 ], [ 80.0274186, 29.258557 ], [ 80.0279531, 29.2568634 ] ] ] } },
{ "type": "Feature", "properties": { "gp_code": "22712", "gp_name": "GHURCHUM", "blkname": "CHAMPAWAT", "dtname": "Champawat", "SHAPE_Area": 2492254.6269619283 }, "geometry": { "type": "Polygon", "coordinates": [ [ [ 80.0244109, 29.2795392 ], [ 80.0274912, 29.2794915 ], [ 80.0297101, 29.2771207 ], [ 80.0301131, 29.2755404 ], [ 80.0306645, 29.2747266 ], [ 80.0333942, 29.2720255 ], [ 80.0339318, 29.2709758 ], [ 80.0341198, 29.2696432 ], [ 80.0333929, 29.2673319 ], [ 80.0338468, 29.267103 ], [ 80.0351693, 29.2680924 ], [ 80.0384369, 29.26851 ], [ 80.037469, 29.2702321 ], [ 80.0391372, 29.2715289 ], [ 80.0407654, 29.2736158 ], [ 80.0410487, 29.2763281 ], [ 80.0445861, 29.2760087 ], [ 80.0440747, 29.2750654 ], [ 80.0439306, 29.2736648 ], [ 80.0441099, 29.2722056 ], [ 80.0452566, 29.2702772 ], [ 80.0452825, 29.2678714 ], [ 80.0468693, 29.2670455 ], [ 80.0475415, 29.2663377 ], [ 80.0481326, 29.2643799 ], [ 80.0462898, 29.2638497 ], [ 80.0459136, 29.2649584 ], [ 80.0451875, 29.2654893 ], [ 80.0435169, 29.265666 ], [ 80.0385161, 29.2640287 ], [ 80.0363515, 29.2661402 ], [ 80.0355176, 29.2663408 ], [ 80.0346702, 29.2660344 ], [ 80.0319938, 29.2660349 ], [ 80.0317789, 29.2676624 ], [ 80.0309181, 29.2674149 ], [ 80.0307436, 29.2687122 ], [ 80.0321515, 29.2691715 ], [ 80.032062, 29.2698794 ], [ 80.031067, 29.2711886 ], [ 80.0292917, 29.2716961 ], [ 80.0229299, 29.2718032 ], [ 80.0224881, 29.2723794 ], [ 80.0224595, 29.2736548 ], [ 80.01907, 29.2735963 ], [ 80.0189293, 29.2741332 ], [ 80.0212633, 29.2790679 ], [ 80.0200665, 29.2809903 ], [ 80.0214656, 29.2824405 ], [ 80.0228642, 29.2806125 ], [ 80.0244109, 29.2795392 ] ] ] } },
{ "type": "Feature", "properties": { "gp_code": "22836", "gp_name": "BALIK", "blkname": "CHAMPAWAT", "dtname": "Champawat", "SHAPE_Area": 1327257.9614687136 }, "geometry": { "type": "Polygon", "coordinates": [ [ [ 80.0428915, 29.2763157 ], [ 80.0410487, 29.2763281 ], [ 80.0407654, 29.2736158 ], [ 80.0391372, 29.2715289 ], [ 80.037469, 29.2702321 ], [ 80.0384369, 29.26851 ], [ 80.0351693, 29.2680924 ], [ 80.0338468, 29.267103 ], [ 80.0333929, 29.2673319 ], [ 80.0341198, 29.2696432 ], [ 80.0339318, 29.2709758 ], [ 80.0333942, 29.2720255 ], [ 80.0306645, 29.2747266 ], [ 80.0301131, 29.2755404 ], [ 80.0297101, 29.2771207 ], [ 80.0334497, 29.2786412 ], [ 80.0352393, 29.2804805 ], [ 80.0371625, 29.2795956 ], [ 80.0387766, 29.2795127 ], [ 80.0407406, 29.2799132 ], [ 80.0419778, 29.2789812 ], [ 80.0427198, 29.2776791 ], [ 80.0428915, 29.2763157 ] ] ] } },
{ "type": "Feature", "properties": { "gp_code": "260389", "gp_name": "BASTIYA GOOTH", "blkname": "CHAMPAWAT", "dtname": "Champawat", "SHAPE_Area": 197810.51039495418 }, "geometry": { "type": "Polygon", "coordinates": [ [ [ 80.0165283, 29.2772523 ], [ 80.0165012, 29.2764387 ], [ 80.0160305, 29.2762737 ], [ 80.0141609, 29.2770403 ], [ 80.013179, 29.2769932 ], [ 80.0128428, 29.2775712 ], [ 80.012843, 29.2789863 ], [ 80.0169247, 29.2799789 ], [ 80.0183581, 29.2800235 ], [ 80.0188152, 29.2787852 ], [ 80.0165283, 29.2772523 ] ] ] } },
{ "type": "Feature", "properties": { "gp_code": "", "gp_name": "", "blkname": "CHAMPAWAT", "dtname": "Champawat", "SHAPE_Area": 642505.85338180477 }, "geometry": { "type": "Polygon", "coordinates": [ [ [ 80.0214656, 29.2824405 ], [ 80.0200665, 29.2809903 ], [ 80.0183581, 29.2800235 ], [ 80.0169247, 29.2799789 ], [ 80.012843, 29.2789863 ], [ 80.012063, 29.281451 ], [ 80.0138122, 29.2849769 ], [ 80.0148749, 29.2854721 ], [ 80.0166774, 29.2856016 ], [ 80.0184295, 29.2862264 ], [ 80.0180766, 29.2873349 ], [ 80.0193142, 29.286922 ], [ 80.0198387, 29.2859196 ], [ 80.0199594, 29.2842687 ], [ 80.0214656, 29.2824405 ] ] ] } },
{ "type": "Feature", "properties": { "gp_code": "22676", "gp_name": "AAM KARIYA", "blkname": "CHAMPAWAT", "dtname": "Champawat", "SHAPE_Area": 2090606.141095439 }, "geometry": { "type": "Polygon", "coordinates": [ [ [ 80.0232357, 29.2925189 ], [ 80.0272478, 29.2916325 ], [ 80.0281394, 29.2917626 ], [ 80.0287923, 29.2924454 ], [ 80.0305165, 29.2903394 ], [ 80.0311048, 29.28761 ], [ 80.0235309, 29.282319 ], [ 80.0219859, 29.2837782 ], [ 80.0218018, 29.2818037 ], [ 80.0199594, 29.2842687 ], [ 80.0198387, 29.2859196 ], [ 80.0193142, 29.286922 ], [ 80.0187627, 29.2872995 ], [ 80.0173906, 29.2873703 ], [ 80.0153999, 29.2882668 ], [ 80.0144986, 29.2891277 ], [ 80.0145275, 29.2896081 ], [ 80.0137725, 29.2905311 ], [ 80.0132616, 29.2945288 ], [ 80.0117769, 29.2960837 ], [ 80.011103, 29.299529 ], [ 80.011586, 29.2995545 ], [ 80.0133987, 29.2967407 ], [ 80.0172625, 29.2965319 ], [ 80.0232357, 29.2925189 ] ] ] } },
{ "type": "Feature", "properties": { "gp_code": "", "gp_name": "", "blkname": "CHAMPAWAT", "dtname": "Champawat", "SHAPE_Area": 1416543.920325706 }, "geometry": { "type": "Polygon", "coordinates": [ [ [ 80.0170228, 29.3027359 ], [ 80.0214352, 29.3001529 ], [ 80.0251076, 29.2987608 ], [ 80.0291159, 29.2954406 ], [ 80.0287923, 29.2924454 ], [ 80.0281394, 29.2917626 ], [ 80.0248405, 29.2919715 ], [ 80.0232357, 29.2925189 ], [ 80.0172625, 29.2965319 ], [ 80.0133987, 29.2967407 ], [ 80.011586, 29.2995545 ], [ 80.011103, 29.299529 ], [ 80.0113856, 29.3005195 ], [ 80.0124351, 29.3015217 ], [ 80.0148972, 29.302571 ], [ 80.0156619, 29.3020279 ], [ 80.0170228, 29.3027359 ] ] ] } },
{ "type": "Feature", "properties": { "gp_code": "22761", "gp_name": "SIPTI", "blkname": "CHAMPAWAT", "dtname": "Champawat", "SHAPE_Area": 5330698.2817293722 }, "geometry": { "type": "Polygon", "coordinates": [ [ [ 80.0325983, 29.3218441 ], [ 80.0356716, 29.3207498 ], [ 80.036413, 29.3147665 ], [ 80.0371393, 29.313823 ], [ 80.0385654, 29.3135632 ], [ 80.0396146, 29.3128554 ], [ 80.0398565, 29.3118412 ], [ 80.0394389, 29.3101315 ], [ 80.0396197, 29.3087647 ], [ 80.0379981, 29.3064527 ], [ 80.037998, 29.3061461 ], [ 80.0398815, 29.3061456 ], [ 80.0398809, 29.3043297 ], [ 80.0380241, 29.3036108 ], [ 80.0376068, 29.3027383 ], [ 80.0376201, 29.3022548 ], [ 80.0386568, 29.3007334 ], [ 80.0367652, 29.301484 ], [ 80.0363843, 29.3024011 ], [ 80.0304709, 29.3075864 ], [ 80.0266368, 29.3092026 ], [ 80.0220757, 29.308201 ], [ 80.0222165, 29.3060135 ], [ 80.0203196, 29.306568 ], [ 80.018315, 29.3067687 ], [ 80.0158529, 29.3065214 ], [ 80.0135927, 29.3069461 ], [ 80.0127317, 29.3079485 ], [ 80.0125704, 29.3091277 ], [ 80.0130103, 29.310261 ], [ 80.0153424, 29.3128655 ], [ 80.0156387, 29.3144928 ], [ 80.0141723, 29.3160023 ], [ 80.0140782, 29.3171933 ], [ 80.0125174, 29.3171816 ], [ 80.0103422, 29.3178561 ], [ 80.0148054, 29.3215916 ], [ 80.0158415, 29.3221693 ], [ 80.0183539, 29.3227819 ], [ 80.021345, 29.323 ], [ 80.0228253, 29.3234479 ], [ 80.0244056, 29.3209358 ], [ 80.0286378, 29.321796 ], [ 80.0325983, 29.3218441 ] ] ] } },
{ "type": "Feature", "properties": { "gp_code": "22729", "gp_name": "KOYATI", "blkname": "CHAMPAWAT", "dtname": "Champawat", "SHAPE_Area": 714260.0511086547 }, "geometry": { "type": "Polygon", "coordinates": [ [ [ 80.0226602, 29.3045277 ], [ 80.0270191, 29.3038076 ], [ 80.0301808, 29.303866 ], [ 80.030584, 29.3027457 ], [ 80.0303014, 29.3022505 ], [ 80.0292116, 29.301779 ], [ 80.0308528, 29.2997624 ], [ 80.0261568, 29.2977937 ], [ 80.0251076, 29.2987608 ], [ 80.0214352, 29.3001529 ], [ 80.0196864, 29.3011673 ], [ 80.0210862, 29.3047637 ], [ 80.0222165, 29.3060135 ], [ 80.0226602, 29.3045277 ] ] ] } },
{ "type": "Feature", "properties": { "gp_code": "", "gp_name": "", "blkname": "CHAMPAWAT", "dtname": "Champawat", "SHAPE_Area": 2209137.1119011147 }, "geometry": { "type": "Polygon", "coordinates": [ [ [ 80.0367652, 29.301484 ], [ 80.041556, 29.2991761 ], [ 80.0427173, 29.297454 ], [ 80.0422724, 29.2946829 ], [ 80.0413569, 29.2928436 ], [ 80.0380995, 29.2906328 ], [ 80.038477, 29.2892358 ], [ 80.0417859, 29.2884566 ], [ 80.0421891, 29.2873716 ], [ 80.0397806, 29.2854264 ], [ 80.0388662, 29.2862286 ], [ 80.0383416, 29.2863938 ], [ 80.0376689, 29.2858751 ], [ 80.0367812, 29.286465 ], [ 80.0364588, 29.2875642 ], [ 80.0368894, 29.2883871 ], [ 80.0362437, 29.2886466 ], [ 80.0367283, 29.28959 ], [ 80.0344289, 29.2911437 ], [ 80.035654, 29.295911 ], [ 80.0347394, 29.2965715 ], [ 80.0350626, 29.2978686 ], [ 80.0308528, 29.2997624 ], [ 80.0292116, 29.301779 ], [ 80.0303014, 29.3022505 ], [ 80.030584, 29.3027457 ], [ 80.0301808, 29.303866 ], [ 80.0270191, 29.3038076 ], [ 80.0226602, 29.3045277 ], [ 80.0222165, 29.3060135 ], [ 80.0220757, 29.308201 ], [ 80.0266368, 29.3092026 ], [ 80.0292468, 29.3082941 ], [ 80.0304709, 29.3075864 ], [ 80.0345061, 29.3041304 ], [ 80.0346674, 29.3036588 ], [ 80.0363843, 29.3024011 ], [ 80.0367652, 29.301484 ] ] ] } },
{ "type": "Feature", "properties": { "gp_code": "22735", "gp_name": "MATELA", "blkname": "CHAMPAWAT", "dtname": "Champawat", "SHAPE_Area": 963939.94492757448 }, "geometry": { "type": "Polygon", "coordinates": [ [ [ 80.0367283, 29.28959 ], [ 80.0362437, 29.2886466 ], [ 80.0351678, 29.2890714 ], [ 80.033903, 29.2881755 ], [ 80.0311048, 29.28761 ], [ 80.0305165, 29.2903394 ], [ 80.0287923, 29.2924454 ], [ 80.0291159, 29.2954406 ], [ 80.0261568, 29.2977937 ], [ 80.0308528, 29.2997624 ], [ 80.0350626, 29.2978686 ], [ 80.0347394, 29.2965715 ], [ 80.035654, 29.295911 ], [ 80.0344289, 29.2911437 ], [ 80.0367283, 29.28959 ] ] ] } },
{ "type": "Feature", "properties": { "gp_code": "22731", "gp_name": "LAFARA", "blkname": "CHAMPAWAT", "dtname": "Champawat", "SHAPE_Area": 2546070.960422352 }, "geometry": { "type": "Polygon", "coordinates": [ [ [ 80.036472, 29.2869839 ], [ 80.0376689, 29.2858751 ], [ 80.0383416, 29.2863938 ], [ 80.0397806, 29.2854264 ], [ 80.0421891, 29.2873716 ], [ 80.0452825, 29.2857906 ], [ 80.0443673, 29.2847059 ], [ 80.0442458, 29.2831847 ], [ 80.0454295, 29.2831844 ], [ 80.046479, 29.2838681 ], [ 80.0477969, 29.2832426 ], [ 80.0475469, 29.2800646 ], [ 80.0463085, 29.2778479 ], [ 80.0445861, 29.2760087 ], [ 80.0428915, 29.2763157 ], [ 80.0427198, 29.2776791 ], [ 80.0419778, 29.2789812 ], [ 80.0407406, 29.2799132 ], [ 80.0387766, 29.2795127 ], [ 80.0371625, 29.2795956 ], [ 80.0352393, 29.2804805 ], [ 80.0334497, 29.2786412 ], [ 80.0297101, 29.2771207 ], [ 80.0274912, 29.2794915 ], [ 80.0244109, 29.2795392 ], [ 80.0228642, 29.2806125 ], [ 80.0218018, 29.2818037 ], [ 80.0219859, 29.2837782 ], [ 80.0235309, 29.282319 ], [ 80.0311048, 29.28761 ], [ 80.033903, 29.2881755 ], [ 80.0351678, 29.2890714 ], [ 80.0368894, 29.2883871 ], [ 80.036472, 29.2869839 ] ] ] } },
{ "type": "Feature", "properties": { "gp_code": "", "gp_name": "", "blkname": "CHAMPAWAT", "dtname": "Champawat", "SHAPE_Area": 1821021.7720997634 }, "geometry": { "type": "Polygon", "coordinates": [ [ [ 80.0541543, 29.3021203 ], [ 80.0541118, 29.2972265 ], [ 80.0529267, 29.2942552 ], [ 80.052862, 29.293369 ], [ 80.0548622, 29.2902805 ], [ 80.0561933, 29.2889239 ], [ 80.0553724, 29.2882874 ], [ 80.0528568, 29.2882646 ], [ 80.0514521, 29.2868873 ], [ 80.0502733, 29.286249 ], [ 80.0492233, 29.2844568 ], [ 80.0477969, 29.2832426 ], [ 80.046479, 29.2838681 ], [ 80.0454295, 29.2831844 ], [ 80.0442458, 29.2831847 ], [ 80.0443673, 29.2847059 ], [ 80.0457322, 29.2864668 ], [ 80.04566, 29.2881254 ], [ 80.044665, 29.289305 ], [ 80.0436428, 29.2899184 ], [ 80.0434011, 29.2908383 ], [ 80.0440738, 29.2914513 ], [ 80.0456346, 29.2919698 ], [ 80.0460652, 29.2924885 ], [ 80.0452325, 29.294498 ], [ 80.0460189, 29.2947483 ], [ 80.0458404, 29.2954253 ], [ 80.0480984, 29.2972992 ], [ 80.0480987, 29.2980303 ], [ 80.0490951, 29.3004003 ], [ 80.0501852, 29.3011429 ], [ 80.0503748, 29.304197 ], [ 80.0507785, 29.3045506 ], [ 80.050764, 29.3019799 ], [ 80.0510464, 29.3015081 ], [ 80.053697, 29.302262 ], [ 80.0541543, 29.3021203 ] ] ] } },
{ "type": "Feature", "properties": { "gp_code": "", "gp_name": "", "blkname": "CHAMPAWAT", "dtname": "Champawat", "SHAPE_Area": 599615.74164549238 }, "geometry": { "type": "Polygon", "coordinates": [ [ [ 80.0458404, 29.2954253 ], [ 80.0460189, 29.2947483 ], [ 80.0452325, 29.294498 ], [ 80.0460652, 29.2924885 ], [ 80.0456346, 29.2919698 ], [ 80.0440738, 29.2914513 ], [ 80.0434011, 29.2908383 ], [ 80.0436428, 29.2899184 ], [ 80.044665, 29.289305 ], [ 80.04566, 29.2881254 ], [ 80.0457322, 29.2864668 ], [ 80.0452825, 29.2857906 ], [ 80.0421891, 29.2873716 ], [ 80.0417859, 29.2884566 ], [ 80.038477, 29.2892358 ], [ 80.0380995, 29.2906328 ], [ 80.0413569, 29.2928436 ], [ 80.0422724, 29.2946829 ], [ 80.0427173, 29.297454 ], [ 80.043282, 29.2966166 ], [ 80.0458404, 29.2954253 ] ] ] } },
{ "type": "Feature", "properties": { "gp_code": "22729", "gp_name": "KOYATI", "blkname": "CHAMPAWAT", "dtname": "Champawat", "SHAPE_Area": 2310599.63160642 }, "geometry": { "type": "Polygon", "coordinates": [ [ [ 80.0566498, 29.3186939 ], [ 80.0533134, 29.317238 ], [ 80.052102, 29.3161064 ], [ 80.0509439, 29.3139371 ], [ 80.0498532, 29.3070515 ], [ 80.048546, 29.306438 ], [ 80.0472404, 29.3049998 ], [ 80.0461909, 29.3048232 ], [ 80.0458003, 29.3035616 ], [ 80.0452697, 29.3030918 ], [ 80.0436398, 29.3029473 ], [ 80.041556, 29.2991761 ], [ 80.0386568, 29.3007334 ], [ 80.0376201, 29.3022548 ], [ 80.0376068, 29.3027383 ], [ 80.0380241, 29.3036108 ], [ 80.0398809, 29.3043297 ], [ 80.0398815, 29.3061456 ], [ 80.037998, 29.3061461 ], [ 80.0379981, 29.3064527 ], [ 80.0396197, 29.3087647 ], [ 80.0394389, 29.3101315 ], [ 80.0404758, 29.3129968 ], [ 80.040944, 29.3130604 ], [ 80.0425754, 29.3149772 ], [ 80.0450248, 29.3164387 ], [ 80.0446213, 29.3172172 ], [ 80.0462632, 29.3179949 ], [ 80.0474473, 29.3180889 ], [ 80.0493846, 29.3175931 ], [ 80.0508648, 29.3180407 ], [ 80.0572577, 29.3214582 ], [ 80.0566498, 29.3186939 ] ] ] } },
{ "type": "Feature", "properties": { "gp_code": "22740", "gp_name": "NAGHAN", "blkname": "CHAMPAWAT", "dtname": "Champawat", "SHAPE_Area": 3268317.8396087727 }, "geometry": { "type": "Polygon", "coordinates": [ [ [ 80.0705906, 29.3187289 ], [ 80.0628691, 29.3132347 ], [ 80.0593777, 29.3091112 ], [ 80.057601, 29.3075082 ], [ 80.0552191, 29.306377 ], [ 80.0522455, 29.3058826 ], [ 80.0503748, 29.304197 ], [ 80.0501852, 29.3011429 ], [ 80.0490951, 29.3004003 ], [ 80.0480987, 29.2980303 ], [ 80.0480984, 29.2972992 ], [ 80.0458404, 29.2954253 ], [ 80.043282, 29.2966166 ], [ 80.041556, 29.2991761 ], [ 80.0436398, 29.3029473 ], [ 80.0452697, 29.3030918 ], [ 80.0458003, 29.3035616 ], [ 80.0461909, 29.3048232 ], [ 80.0472404, 29.3049998 ], [ 80.048546, 29.306438 ], [ 80.0498532, 29.3070515 ], [ 80.0509439, 29.3139371 ], [ 80.052102, 29.3161064 ], [ 80.0533134, 29.317238 ], [ 80.0566498, 29.3186939 ], [ 80.0587366, 29.3187337 ], [ 80.0606603, 29.3182614 ], [ 80.0615754, 29.3184378 ], [ 80.0632852, 29.3202885 ], [ 80.0630989, 29.3243803 ], [ 80.0635571, 29.3257127 ], [ 80.0638122, 29.3246513 ], [ 80.0647265, 29.3233302 ], [ 80.069085, 29.3212059 ], [ 80.0716949, 29.3204618 ], [ 80.0705906, 29.3187289 ] ] ] } },
{ "type": "Feature", "properties": { "gp_code": "22746", "gp_name": "PALSO", "blkname": "CHAMPAWAT", "dtname": "Champawat", "SHAPE_Area": 3098149.7215200593 }, "geometry": { "type": "Polygon", "coordinates": [ [ [ 80.0685107, 29.3047327 ], [ 80.0693852, 29.3046144 ], [ 80.0728705, 29.3059335 ], [ 80.0732471, 29.3057683 ], [ 80.073193, 29.3052849 ], [ 80.0718469, 29.3040826 ], [ 80.0669888, 29.3017852 ], [ 80.06684, 29.300217 ], [ 80.0660729, 29.2997691 ], [ 80.0647009, 29.3000763 ], [ 80.0622924, 29.2994523 ], [ 80.0585119, 29.2992061 ], [ 80.056636, 29.3005068 ], [ 80.0572354, 29.3024612 ], [ 80.0551376, 29.3022543 ], [ 80.0547058, 29.3016602 ], [ 80.0541407, 29.3015307 ], [ 80.0541543, 29.3021203 ], [ 80.053697, 29.302262 ], [ 80.0518536, 29.3015669 ], [ 80.0510464, 29.3015081 ], [ 80.050764, 29.3019799 ], [ 80.0507785, 29.3045506 ], [ 80.0522455, 29.3058826 ], [ 80.0552191, 29.306377 ], [ 80.057601, 29.3075082 ], [ 80.0593777, 29.3091112 ], [ 80.0628691, 29.3132347 ], [ 80.0665435, 29.3160709 ], [ 80.0689305, 29.3173802 ], [ 80.0715045, 29.3152595 ], [ 80.0750264, 29.3114512 ], [ 80.074945, 29.3103192 ], [ 80.0710693, 29.3089413 ], [ 80.0703156, 29.3083639 ], [ 80.0686999, 29.3061948 ], [ 80.0682957, 29.3052752 ], [ 80.0685107, 29.3047327 ] ] ] } },
{ "type": "Feature", "properties": { "gp_code": "22716", "gp_name": "JAI GAON JAITOLI", "blkname": "CHAMPAWAT", "dtname": "Champawat", "SHAPE_Area": 4250493.8370061861 }, "geometry": { "type": "Polygon", "coordinates": [ [ [ 80.0749945, 29.303721 ], [ 80.075962, 29.3013921 ], [ 80.0766481, 29.3014389 ], [ 80.0781959, 29.302299 ], [ 80.078437, 29.3006244 ], [ 80.0801454, 29.3003759 ], [ 80.0765612, 29.2966392 ], [ 80.0764826, 29.2947881 ], [ 80.0756126, 29.2931273 ], [ 80.073454, 29.2919358 ], [ 80.0721481, 29.2901675 ], [ 80.0718784, 29.2890591 ], [ 80.0704868, 29.2876789 ], [ 80.0677345, 29.2878346 ], [ 80.0659584, 29.2870923 ], [ 80.0628643, 29.2867045 ], [ 80.0620353, 29.2862092 ], [ 80.0566504, 29.2884284 ], [ 80.0548622, 29.2902805 ], [ 80.052862, 29.293369 ], [ 80.0529267, 29.2942552 ], [ 80.0541118, 29.2972265 ], [ 80.0541407, 29.3015307 ], [ 80.0547058, 29.3016602 ], [ 80.0551376, 29.3022543 ], [ 80.0572354, 29.3024612 ], [ 80.056636, 29.3005068 ], [ 80.0585119, 29.2992061 ], [ 80.0622924, 29.2994523 ], [ 80.0647009, 29.3000763 ], [ 80.0660729, 29.2997691 ], [ 80.06684, 29.300217 ], [ 80.0669888, 29.3017852 ], [ 80.0718469, 29.3040826 ], [ 80.0749945, 29.303721 ] ] ] } },
{ "type": "Feature", "properties": { "gp_code": "", "gp_name": "", "blkname": "CHAMPAWAT", "dtname": "Champawat", "SHAPE_Area": 3206091.4735349081 }, "geometry": { "type": "Polygon", "coordinates": [ [ [ 80.0566504, 29.2884284 ], [ 80.0646198, 29.2852981 ], [ 80.0672487, 29.2850281 ], [ 80.0694401, 29.2828927 ], [ 80.0712143, 29.2804508 ], [ 80.0725992, 29.2794596 ], [ 80.0735408, 29.2796715 ], [ 80.0749271, 29.2809562 ], [ 80.0770651, 29.2798585 ], [ 80.0815032, 29.278789 ], [ 80.0805741, 29.2770677 ], [ 80.0763491, 29.2749118 ], [ 80.0747071, 29.2730375 ], [ 80.0690705, 29.2714008 ], [ 80.0670732, 29.2715668 ], [ 80.0669663, 29.2729819 ], [ 80.0677205, 29.2746326 ], [ 80.0670214, 29.2752933 ], [ 80.0658379, 29.2755768 ], [ 80.0640421, 29.2752179 ], [ 80.0621599, 29.2768106 ], [ 80.0592544, 29.2766585 ], [ 80.0592268, 29.2773352 ], [ 80.0597796, 29.2780616 ], [ 80.0596456, 29.2789579 ], [ 80.0582876, 29.2801377 ], [ 80.0577878, 29.2799641 ], [ 80.0525185, 29.2832883 ], [ 80.0521287, 29.2840314 ], [ 80.052062, 29.2855763 ], [ 80.0514521, 29.2868873 ], [ 80.0528568, 29.2882646 ], [ 80.0553724, 29.2882874 ], [ 80.0561933, 29.2889239 ], [ 80.0566504, 29.2884284 ] ] ] } },
{ "type": "Feature", "properties": { "gp_code": "22844", "gp_name": "BIGRAKOT", "blkname": "CHAMPAWAT", "dtname": "Champawat", "SHAPE_Area": 848961.03427497891 }, "geometry": { "type": "Polygon", "coordinates": [ [ [ 80.0669663, 29.2729819 ], [ 80.0668307, 29.2707649 ], [ 80.0628475, 29.2668041 ], [ 80.0606421, 29.2675597 ], [ 80.0588663, 29.2674955 ], [ 80.0574686, 29.2690468 ], [ 80.0561941, 29.2681639 ], [ 80.0556392, 29.2683399 ], [ 80.0558357, 29.2716713 ], [ 80.0577327, 29.2728735 ], [ 80.0583517, 29.2736162 ], [ 80.0592948, 29.2735051 ], [ 80.0601939, 29.2723537 ], [ 80.061485, 29.2722235 ], [ 80.0633953, 29.2727888 ], [ 80.0642295, 29.273496 ], [ 80.0640421, 29.2752179 ], [ 80.0658379, 29.2755768 ], [ 80.0670214, 29.2752933 ], [ 80.0677205, 29.2746326 ], [ 80.0669663, 29.2729819 ] ] ] } },
{ "type": "Feature", "properties": { "gp_code": "22679", "gp_name": "BADOLI", "blkname": "CHAMPAWAT", "dtname": "Champawat", "SHAPE_Area": 586357.86605192092 }, "geometry": { "type": "Polygon", "coordinates": [ [ [ 80.0592268, 29.2773352 ], [ 80.0592544, 29.2766585 ], [ 80.0615949, 29.2768934 ], [ 80.0632087, 29.2761027 ], [ 80.0640421, 29.2752179 ], [ 80.0642295, 29.273496 ], [ 80.0633953, 29.2727888 ], [ 80.061485, 29.2722235 ], [ 80.0601939, 29.2723537 ], [ 80.0592948, 29.2735051 ], [ 80.0583517, 29.2736162 ], [ 80.0577327, 29.2728735 ], [ 80.0558357, 29.2716713 ], [ 80.0558229, 29.273228 ], [ 80.0549764, 29.2751152 ], [ 80.0559855, 29.2757398 ], [ 80.0568199, 29.2769187 ], [ 80.0568347, 29.27969 ], [ 80.0582876, 29.2801377 ], [ 80.0596456, 29.2789579 ], [ 80.0597796, 29.2780616 ], [ 80.0592268, 29.2773352 ] ] ] } },
{ "type": "Feature", "properties": { "gp_code": "", "gp_name": "", "blkname": "CHAMPAWAT", "dtname": "Champawat", "SHAPE_Area": 2599633.4349036729 }, "geometry": { "type": "Polygon", "coordinates": [ [ [ 80.0577878, 29.2799641 ], [ 80.0568347, 29.27969 ], [ 80.0568199, 29.2769187 ], [ 80.0559855, 29.2757398 ], [ 80.0549764, 29.2751152 ], [ 80.0558229, 29.273228 ], [ 80.0556392, 29.2683399 ], [ 80.0541056, 29.2678451 ], [ 80.0539975, 29.2666894 ], [ 80.0534517, 29.2667287 ], [ 80.0493161, 29.2643795 ], [ 80.0485627, 29.2636485 ], [ 80.0475415, 29.2663377 ], [ 80.0468693, 29.2670455 ], [ 80.0452825, 29.2678714 ], [ 80.0452566, 29.2702772 ], [ 80.0441099, 29.2722056 ], [ 80.0439306, 29.2736648 ], [ 80.0440747, 29.2750654 ], [ 80.0445861, 29.2760087 ], [ 80.0463085, 29.2778479 ], [ 80.0475469, 29.2800646 ], [ 80.0477969, 29.2832426 ], [ 80.0492233, 29.2844568 ], [ 80.0502733, 29.286249 ], [ 80.0514521, 29.2868873 ], [ 80.052062, 29.2855763 ], [ 80.0521287, 29.2840314 ], [ 80.0525185, 29.2832883 ], [ 80.0577878, 29.2799641 ] ] ] } },
{ "type": "Feature", "properties": { "gp_code": "22765", "gp_name": "SWALA", "blkname": "CHAMPAWAT", "dtname": "Champawat", "SHAPE_Area": 3579289.7665207204 }, "geometry": { "type": "Polygon", "coordinates": [ [ [ 80.0776462, 29.2556191 ], [ 80.0734708, 29.252273 ], [ 80.0688931, 29.2515878 ], [ 80.0628174, 29.2499962 ], [ 80.0623175, 29.2489828 ], [ 80.0618613, 29.2487269 ], [ 80.0603101, 29.2482155 ], [ 80.0564235, 29.2478488 ], [ 80.053376, 29.2466977 ], [ 80.0515518, 29.2477864 ], [ 80.0480668, 29.2473875 ], [ 80.0466436, 29.2475159 ], [ 80.0440349, 29.2485568 ], [ 80.0418334, 29.2502669 ], [ 80.0427368, 29.2511867 ], [ 80.0424035, 29.2523821 ], [ 80.0460459, 29.2528127 ], [ 80.0471684, 29.2547134 ], [ 80.0466929, 29.2561737 ], [ 80.0507646, 29.2559122 ], [ 80.0522436, 29.2549389 ], [ 80.0523325, 29.2545481 ], [ 80.0533576, 29.2545738 ], [ 80.0561234, 29.2559212 ], [ 80.0571321, 29.2570998 ], [ 80.0632694, 29.2604846 ], [ 80.0651174, 29.2618735 ], [ 80.0676612, 29.259484 ], [ 80.0701316, 29.2580066 ], [ 80.0725148, 29.2559146 ], [ 80.0776462, 29.2556191 ] ] ] } },
{ "type": "Feature", "properties": { "gp_code": "22679", "gp_name": "BADOLI", "blkname": "CHAMPAWAT", "dtname": "Champawat", "SHAPE_Area": 2951587.2837187746 }, "geometry": { "type": "Polygon", "coordinates": [ [ [ 80.0574686, 29.2690468 ], [ 80.0588663, 29.2674955 ], [ 80.0606421, 29.2675597 ], [ 80.0628475, 29.2668041 ], [ 80.0651887, 29.2688552 ], [ 80.0675537, 29.2647738 ], [ 80.0684275, 29.2640423 ], [ 80.0703782, 29.265032 ], [ 80.0727088, 29.2638982 ], [ 80.0727176, 29.2636512 ], [ 80.0701891, 29.2635815 ], [ 80.0672504, 29.2630379 ], [ 80.0594353, 29.2582193 ], [ 80.0571321, 29.2570998 ], [ 80.0561234, 29.2559212 ], [ 80.0533576, 29.2545738 ], [ 80.0523325, 29.2545481 ], [ 80.0522436, 29.2549389 ], [ 80.0507646, 29.2559122 ], [ 80.0458431, 29.2561843 ], [ 80.0429125, 29.2594401 ], [ 80.0462898, 29.2638497 ], [ 80.0481326, 29.2643799 ], [ 80.0485627, 29.2636485 ], [ 80.0493161, 29.2643795 ], [ 80.0534517, 29.2667287 ], [ 80.0539975, 29.2666894 ], [ 80.0541056, 29.2678451 ], [ 80.0556392, 29.2683399 ], [ 80.0561941, 29.2681639 ], [ 80.0574686, 29.2690468 ] ] ] } },
{ "type": "Feature", "properties": { "gp_code": "22731", "gp_name": "LAFARA", "blkname": "CHAMPAWAT", "dtname": "Champawat", "SHAPE_Area": 2828993.9619033015 }, "geometry": { "type": "Polygon", "coordinates": [ [ [ 80.0903161, 29.2637483 ], [ 80.0885364, 29.2576405 ], [ 80.0923948, 29.2558811 ], [ 80.0904065, 29.2555114 ], [ 80.0901323, 29.25478 ], [ 80.0793161, 29.2526196 ], [ 80.0734708, 29.252273 ], [ 80.0776462, 29.2556191 ], [ 80.0725148, 29.2559146 ], [ 80.0701316, 29.2580066 ], [ 80.0676612, 29.259484 ], [ 80.0651174, 29.2618735 ], [ 80.0672504, 29.2630379 ], [ 80.0701891, 29.2635815 ], [ 80.0727176, 29.2636512 ], [ 80.0766109, 29.2631894 ], [ 80.0799734, 29.2635887 ], [ 80.0903161, 29.2637483 ] ] ] } },
{ "type": "Feature", "properties": { "gp_code": "22703", "gp_name": "DHAUN RAUT", "blkname": "CHAMPAWAT", "dtname": "Champawat", "SHAPE_Area": 1509984.9385530755 }, "geometry": { "type": "Polygon", "coordinates": [ [ [ 80.0814449, 29.2719256 ], [ 80.0818075, 29.2710763 ], [ 80.0763054, 29.2694163 ], [ 80.074059, 29.26904 ], [ 80.0727088, 29.2638982 ], [ 80.0703782, 29.265032 ], [ 80.0684275, 29.2640423 ], [ 80.0675537, 29.2647738 ], [ 80.0651887, 29.2688552 ], [ 80.0668307, 29.2707649 ], [ 80.0670732, 29.2715668 ], [ 80.0690705, 29.2714008 ], [ 80.0741151, 29.2727429 ], [ 80.0747071, 29.2730375 ], [ 80.0763491, 29.2749118 ], [ 80.0805741, 29.2770677 ], [ 80.0815032, 29.278789 ], [ 80.0785601, 29.279515 ], [ 80.0844765, 29.2796189 ], [ 80.0832509, 29.2772433 ], [ 80.0814449, 29.2719256 ] ] ] } },
{ "type": "Feature", "properties": { "gp_code": "260389", "gp_name": "BASTIYA GOOTH", "blkname": "CHAMPAWAT", "dtname": "Champawat", "SHAPE_Area": 1970877.9940599599 }, "geometry": { "type": "Polygon", "coordinates": [ [ [ 80.0911105, 29.273712 ], [ 80.0907409, 29.2682142 ], [ 80.0926315, 29.2666246 ], [ 80.0925637, 29.2659878 ], [ 80.0920255, 29.265587 ], [ 80.0902554, 29.2656684 ], [ 80.0903161, 29.2637483 ], [ 80.0799734, 29.2635887 ], [ 80.0766109, 29.2631894 ], [ 80.0727176, 29.2636512 ], [ 80.074059, 29.26904 ], [ 80.0763054, 29.2694163 ], [ 80.0818075, 29.2710763 ], [ 80.0862147, 29.2732605 ], [ 80.0887356, 29.2727944 ], [ 80.0896503, 29.2729001 ], [ 80.0911105, 29.273712 ] ] ] } },
{ "type": "Feature", "properties": { "gp_code": "260321", "gp_name": "naayal", "blkname": "CHAMPAWAT", "dtname": "Champawat", "SHAPE_Area": 1581179.7241660415 }, "geometry": { "type": "Polygon", "coordinates": [ [ [ 80.0929731, 29.2558689 ], [ 80.0939809, 29.2547598 ], [ 80.0967372, 29.2540624 ], [ 80.1054911, 29.2530308 ], [ 80.1034718, 29.2501158 ], [ 80.0986331, 29.2511293 ], [ 80.0951624, 29.2502851 ], [ 80.0920617, 29.2483989 ], [ 80.0877805, 29.2464925 ], [ 80.0851831, 29.2457512 ], [ 80.0849194, 29.2477038 ], [ 80.0851678, 29.2492222 ], [ 80.0869492, 29.2501923 ], [ 80.0839558, 29.2507208 ], [ 80.07994, 29.2528656 ], [ 80.0901323, 29.25478 ], [ 80.0904065, 29.2555114 ], [ 80.0929731, 29.2558689 ] ] ] } },
{ "type": "Feature", "properties": { "gp_code": "22703", "gp_name": "DHAUN RAUT", "blkname": "CHAMPAWAT", "dtname": "Champawat", "SHAPE_Area": 5072436.3459635815 }, "geometry": { "type": "Polygon", "coordinates": [ [ [ 80.0990747, 29.2676231 ], [ 80.099653, 29.2675873 ], [ 80.1010864, 29.2688424 ], [ 80.1017791, 29.2689775 ], [ 80.1028686, 29.2688589 ], [ 80.104791, 29.2679496 ], [ 80.1066885, 29.2690215 ], [ 80.1080741, 29.2693508 ], [ 80.1110733, 29.2692662 ], [ 80.1131438, 29.2684511 ], [ 80.1153454, 29.2639681 ], [ 80.1161917, 29.2628943 ], [ 80.1165133, 29.261644 ], [ 80.1146805, 29.2610686 ], [ 80.1130825, 29.2601488 ], [ 80.1054911, 29.2530308 ], [ 80.0967372, 29.2540624 ], [ 80.0939809, 29.2547598 ], [ 80.0929731, 29.2558689 ], [ 80.0923948, 29.2558811 ], [ 80.0885364, 29.2576405 ], [ 80.0903161, 29.2637483 ], [ 80.0902554, 29.2656684 ], [ 80.0920255, 29.265587 ], [ 80.0925637, 29.2659878 ], [ 80.0926315, 29.2666246 ], [ 80.0907409, 29.2682142 ], [ 80.0911105, 29.273712 ], [ 80.0921259, 29.2739128 ], [ 80.0963059, 29.2731454 ], [ 80.0968325, 29.2726836 ], [ 80.0969525, 29.2712448 ], [ 80.0985692, 29.2707401 ], [ 80.0984431, 29.2684253 ], [ 80.0990747, 29.2676231 ] ] ] } },
{ "type": "Feature", "properties": { "gp_code": "260254", "gp_name": "Sayali", "blkname": "CHAMPAWAT", "dtname": "Champawat", "SHAPE_Area": 5287427.5960360514 }, "geometry": { "type": "Polygon", "coordinates": [ [ [ 80.128998, 29.2518112 ], [ 80.1278937, 29.2500824 ], [ 80.1293001, 29.2489185 ], [ 80.1293726, 29.2483731 ], [ 80.1287131, 29.247299 ], [ 80.1290967, 29.2468976 ], [ 80.130651, 29.2465596 ], [ 80.1310162, 29.2459818 ], [ 80.1302285, 29.2448116 ], [ 80.1297137, 29.2423097 ], [ 80.1305175, 29.2413788 ], [ 80.1306991, 29.2401756 ], [ 80.1296207, 29.2407539 ], [ 80.1281212, 29.2408674 ], [ 80.1255798, 29.2417035 ], [ 80.1228784, 29.2469025 ], [ 80.1205534, 29.2500881 ], [ 80.1179217, 29.2504861 ], [ 80.1156293, 29.2529157 ], [ 80.1134011, 29.2532039 ], [ 80.1113504, 29.2524237 ], [ 80.1062097, 29.2494888 ], [ 80.1053775, 29.2494252 ], [ 80.103174, 29.2500523 ], [ 80.1040175, 29.2505839 ], [ 80.1054911, 29.2530308 ], [ 80.106941, 29.2545797 ], [ 80.1130825, 29.2601488 ], [ 80.1146805, 29.2610686 ], [ 80.1165133, 29.261644 ], [ 80.1161917, 29.2628943 ], [ 80.1153454, 29.2639681 ], [ 80.1131438, 29.2684511 ], [ 80.1135071, 29.2713638 ], [ 80.1142204, 29.2715717 ], [ 80.1166271, 29.2713616 ], [ 80.1174892, 29.2717258 ], [ 80.1192442, 29.2735222 ], [ 80.1226039, 29.2753174 ], [ 80.1245627, 29.2728667 ], [ 80.1254225, 29.2709381 ], [ 80.1252716, 29.2686454 ], [ 80.1245572, 29.2674736 ], [ 80.1241694, 29.2659888 ], [ 80.1249402, 29.2641383 ], [ 80.1242241, 29.2611947 ], [ 80.1253814, 29.2597608 ], [ 80.1253212, 29.2589532 ], [ 80.1257361, 29.2579627 ], [ 80.1270126, 29.2568675 ], [ 80.1281118, 29.2567363 ], [ 80.1290617, 29.2559278 ], [ 80.1291799, 29.2552503 ], [ 80.128644, 29.2542346 ], [ 80.1285835, 29.2531924 ], [ 80.128998, 29.2518112 ] ] ] } },
{ "type": "Feature", "properties": { "gp_code": "", "gp_name": "", "blkname": "CHAMPAWAT", "dtname": "Champawat", "SHAPE_Area": 8001140.8272379013 }, "geometry": { "type": "Polygon", "coordinates": [ [ [ 80.1131985, 29.289258 ], [ 80.1132246, 29.2873089 ], [ 80.1154797, 29.2836599 ], [ 80.1167265, 29.2821479 ], [ 80.1189242, 29.2806873 ], [ 80.121419, 29.2791743 ], [ 80.1228452, 29.2789126 ], [ 80.1232588, 29.2765153 ], [ 80.1226039, 29.2753174 ], [ 80.1192442, 29.2735222 ], [ 80.1174892, 29.2717258 ], [ 80.1166271, 29.2713616 ], [ 80.1142204, 29.2715717 ], [ 80.1135071, 29.2713638 ], [ 80.1131438, 29.2684511 ], [ 80.1110733, 29.2692662 ], [ 80.1080741, 29.2693508 ], [ 80.1066885, 29.2690215 ], [ 80.104791, 29.2679496 ], [ 80.1028686, 29.2688589 ], [ 80.1017791, 29.2689775 ], [ 80.1010864, 29.2688424 ], [ 80.099653, 29.2675873 ], [ 80.0990747, 29.2676231 ], [ 80.0984431, 29.2684253 ], [ 80.0985692, 29.2707401 ], [ 80.0969525, 29.2712448 ], [ 80.0968325, 29.2726836 ], [ 80.0963059, 29.2731454 ], [ 80.0921259, 29.2739128 ], [ 80.0887356, 29.2727944 ], [ 80.0862147, 29.2732605 ], [ 80.0818075, 29.2710763 ], [ 80.0814183, 29.272362 ], [ 80.0832509, 29.2772433 ], [ 80.0858493, 29.2818287 ], [ 80.0877522, 29.2831824 ], [ 80.0906056, 29.2839103 ], [ 80.0923284, 29.2826588 ], [ 80.0963916, 29.2886959 ], [ 80.0987671, 29.2861282 ], [ 80.1015014, 29.2848107 ], [ 80.1012782, 29.2860094 ], [ 80.1018889, 29.2877415 ], [ 80.1017189, 29.2888489 ], [ 80.1021813, 29.2910046 ], [ 80.1028132, 29.2914014 ], [ 80.1056223, 29.2919337 ], [ 80.1062529, 29.2908781 ], [ 80.1084518, 29.2904077 ], [ 80.109432, 29.289886 ], [ 80.1106955, 29.2885431 ], [ 80.1108642, 29.2877682 ], [ 80.1113322, 29.2877548 ], [ 80.1131985, 29.289258 ] ] ] } },
{ "type": "Feature", "properties": { "gp_code": "22696", "gp_name": "CHAUKUNI BORA", "blkname": "CHAMPAWAT", "dtname": "Champawat", "SHAPE_Area": 3238482.4381354945 }, "geometry": { "type": "Polygon", "coordinates": [ [ [ 80.1116422, 29.319485 ], [ 80.1144596, 29.3190613 ], [ 80.115377, 29.3192453 ], [ 80.1168784, 29.3186395 ], [ 80.1178639, 29.3167436 ], [ 80.1232029, 29.3140865 ], [ 80.1246561, 29.3140912 ], [ 80.1272248, 29.3130043 ], [ 80.1295529, 29.3134859 ], [ 80.1300615, 29.3109856 ], [ 80.1307203, 29.3104073 ], [ 80.1310147, 29.3090509 ], [ 80.1321032, 29.3077647 ], [ 80.1313759, 29.3070696 ], [ 80.1310523, 29.3063152 ], [ 80.1311869, 29.3056536 ], [ 80.1296065, 29.3059872 ], [ 80.1275954, 29.3070844 ], [ 80.1236946, 29.3079365 ], [ 80.1228479, 29.3089041 ], [ 80.1190378, 29.3071931 ], [ 80.1157417, 29.3063859 ], [ 80.112015, 29.3065551 ], [ 80.1091642, 29.3081003 ], [ 80.1062185, 29.3088924 ], [ 80.1024721, 29.3088353 ], [ 80.1025773, 29.3147908 ], [ 80.1030258, 29.3145621 ], [ 80.1040789, 29.3120343 ], [ 80.1051187, 29.3113432 ], [ 80.105862, 29.3114991 ], [ 80.1067691, 29.3120716 ], [ 80.1077809, 29.3133866 ], [ 80.1068903, 29.3147419 ], [ 80.106713, 29.3159534 ], [ 80.1116422, 29.319485 ] ] ] } },
{ "type": "Feature", "properties": { "gp_code": "22739", "gp_name": "MUDYANI", "blkname": "CHAMPAWAT", "dtname": "Champawat", "SHAPE_Area": 6758387.9823465273 }, "geometry": { "type": "Polygon", "coordinates": [ [ [ 80.1024254, 29.3101331 ], [ 80.1024721, 29.3088353 ], [ 80.1062185, 29.3088924 ], [ 80.1080075, 29.3085021 ], [ 80.112015, 29.3065551 ], [ 80.11332, 29.3064229 ], [ 80.1157417, 29.3063859 ], [ 80.1190378, 29.3071931 ], [ 80.1228479, 29.3089041 ], [ 80.1236946, 29.3079365 ], [ 80.125035, 29.3045358 ], [ 80.1264898, 29.3028608 ], [ 80.1271199, 29.3014534 ], [ 80.124689, 29.3004197 ], [ 80.123566, 29.299385 ], [ 80.12117, 29.2960596 ], [ 80.116524, 29.2938671 ], [ 80.1144936, 29.2916866 ], [ 80.1131985, 29.289258 ], [ 80.1113322, 29.2877548 ], [ 80.1108642, 29.2877682 ], [ 80.1106955, 29.2885431 ], [ 80.109432, 29.289886 ], [ 80.1084518, 29.2904077 ], [ 80.1062529, 29.2908781 ], [ 80.1056223, 29.2919337 ], [ 80.1028132, 29.2914014 ], [ 80.1021813, 29.2910046 ], [ 80.1017189, 29.2888489 ], [ 80.1018889, 29.2877415 ], [ 80.1012782, 29.2860094 ], [ 80.1015014, 29.2848107 ], [ 80.0987671, 29.2861282 ], [ 80.0963916, 29.2886959 ], [ 80.094817, 29.2894394 ], [ 80.0938073, 29.2904561 ], [ 80.0937486, 29.2914201 ], [ 80.0979853, 29.2933585 ], [ 80.0988182, 29.2943479 ], [ 80.0996669, 29.2963405 ], [ 80.1019729, 29.2995175 ], [ 80.1044118, 29.301522 ], [ 80.1015862, 29.3012812 ], [ 80.0995047, 29.3002924 ], [ 80.0955817, 29.3005554 ], [ 80.0941558, 29.3017026 ], [ 80.0935031, 29.303266 ], [ 80.0891048, 29.3042586 ], [ 80.0890943, 29.3077187 ], [ 80.0928687, 29.3069611 ], [ 80.0981019, 29.3071095 ], [ 80.0994235, 29.3078038 ], [ 80.1020561, 29.310225 ], [ 80.1024254, 29.3101331 ] ] ] } },
{ "type": "Feature", "properties": { "gp_code": "", "gp_name": "", "blkname": "CHAMPAWAT", "dtname": "Champawat", "SHAPE_Area": 10215563.213764798 }, "geometry": { "type": "Polygon", "coordinates": [ [ [ 80.085221, 29.3215153 ], [ 80.0854768, 29.320395 ], [ 80.0868721, 29.317776 ], [ 80.0869138, 29.313725 ], [ 80.088221, 29.3125519 ], [ 80.0895363, 29.3103692 ], [ 80.0890502, 29.3083961 ], [ 80.0891048, 29.3042586 ], [ 80.0935031, 29.303266 ], [ 80.0941558, 29.3017026 ], [ 80.0955817, 29.3005554 ], [ 80.0995047, 29.3002924 ], [ 80.1015862, 29.3012812 ], [ 80.1044118, 29.301522 ], [ 80.1019729, 29.2995175 ], [ 80.0996669, 29.2963405 ], [ 80.0988182, 29.2943479 ], [ 80.0979853, 29.2933585 ], [ 80.0937486, 29.2914201 ], [ 80.0938073, 29.2904561 ], [ 80.094817, 29.2894394 ], [ 80.0963916, 29.2886959 ], [ 80.0923284, 29.2826588 ], [ 80.0906056, 29.2839103 ], [ 80.0877522, 29.2831824 ], [ 80.0858493, 29.2818287 ], [ 80.0844765, 29.2796189 ], [ 80.0785601, 29.279515 ], [ 80.0770651, 29.2798585 ], [ 80.0782508, 29.2828296 ], [ 80.0799977, 29.2848573 ], [ 80.0783882, 29.2874287 ], [ 80.0817517, 29.2882407 ], [ 80.0809586, 29.289043 ], [ 80.0798017, 29.289079 ], [ 80.0787798, 29.2897399 ], [ 80.0791981, 29.2917562 ], [ 80.0798851, 29.2932299 ], [ 80.078204, 29.2938321 ], [ 80.0781775, 29.2946812 ], [ 80.0769469, 29.2971935 ], [ 80.0801454, 29.3003759 ], [ 80.078437, 29.3006244 ], [ 80.0781959, 29.302299 ], [ 80.0766481, 29.3014389 ], [ 80.075962, 29.3013921 ], [ 80.0749945, 29.303721 ], [ 80.0718469, 29.3040826 ], [ 80.073193, 29.3052849 ], [ 80.0732471, 29.3057683 ], [ 80.0728705, 29.3059335 ], [ 80.0693852, 29.3046144 ], [ 80.0685107, 29.3047327 ], [ 80.0682957, 29.3052752 ], [ 80.0686999, 29.3061948 ], [ 80.0703156, 29.3083639 ], [ 80.0710693, 29.3089413 ], [ 80.074945, 29.3103192 ], [ 80.0750264, 29.3114512 ], [ 80.0715045, 29.3152595 ], [ 80.0689305, 29.3173802 ], [ 80.0705906, 29.3187289 ], [ 80.0716949, 29.3204618 ], [ 80.0730807, 29.3202018 ], [ 80.0740498, 29.3207438 ], [ 80.0743474, 29.3232906 ], [ 80.0766684, 29.3270928 ], [ 80.0781989, 29.3281824 ], [ 80.082116, 29.3301496 ], [ 80.0829294, 29.3290644 ], [ 80.0844907, 29.329606 ], [ 80.0873568, 29.329463 ], [ 80.0819988, 29.3260344 ], [ 80.0797422, 29.3251569 ], [ 80.0786566, 29.3251931 ], [ 80.0780148, 29.3242323 ], [ 80.0781754, 29.3229823 ], [ 80.0788339, 29.3217674 ], [ 80.0817873, 29.3184693 ], [ 80.0822632, 29.318747 ], [ 80.0826674, 29.3196783 ], [ 80.0849274, 29.3216361 ], [ 80.085221, 29.3215153 ] ] ] } },
{ "type": "Feature", "properties": { "gp_code": "22738", "gp_name": "MOURARI", "blkname": "CHAMPAWAT", "dtname": "Champawat", "SHAPE_Area": 1806832.0449941184 }, "geometry": { "type": "Polygon", "coordinates": [ [ [ 80.0799977, 29.2848573 ], [ 80.0776043, 29.2816625 ], [ 80.0770651, 29.2798585 ], [ 80.0749271, 29.2809562 ], [ 80.0735408, 29.2796715 ], [ 80.0725992, 29.2794596 ], [ 80.0712143, 29.2804508 ], [ 80.0694401, 29.2828927 ], [ 80.0672487, 29.2850281 ], [ 80.0646198, 29.2852981 ], [ 80.0620353, 29.2862092 ], [ 80.0628643, 29.2867045 ], [ 80.0659584, 29.2870923 ], [ 80.0677345, 29.2878346 ], [ 80.0704868, 29.2876789 ], [ 80.0718784, 29.2890591 ], [ 80.0721481, 29.2901675 ], [ 80.073454, 29.2919358 ], [ 80.0756126, 29.2931273 ], [ 80.0761861, 29.2939393 ], [ 80.0765612, 29.2966392 ], [ 80.0769469, 29.2971935 ], [ 80.0781775, 29.2946812 ], [ 80.078204, 29.2938321 ], [ 80.0798851, 29.2932299 ], [ 80.0791981, 29.2917562 ], [ 80.0787798, 29.2897399 ], [ 80.0798017, 29.289079 ], [ 80.0809586, 29.289043 ], [ 80.0817517, 29.2882407 ], [ 80.0783882, 29.2874287 ], [ 80.0799977, 29.2848573 ] ] ] } },
{ "type": "Feature", "properties": { "gp_code": "22681", "gp_name": "BAJARI KOT", "blkname": "CHAMPAWAT", "dtname": "Champawat", "SHAPE_Area": 2660667.9369311039 }, "geometry": { "type": "Polygon", "coordinates": [ [ [ 80.0890943, 29.3077187 ], [ 80.0895363, 29.3103692 ], [ 80.088221, 29.3125519 ], [ 80.0869138, 29.313725 ], [ 80.0868721, 29.317776 ], [ 80.0854768, 29.320395 ], [ 80.085221, 29.3215153 ], [ 80.0914054, 29.3196769 ], [ 80.0928131, 29.3200323 ], [ 80.0944284, 29.3209276 ], [ 80.0989631, 29.3211313 ], [ 80.0996218, 29.3204056 ], [ 80.1001045, 29.3182828 ], [ 80.1010189, 29.3176454 ], [ 80.1013144, 29.3169377 ], [ 80.1019601, 29.316843 ], [ 80.1029839, 29.3182574 ], [ 80.1037172, 29.3187044 ], [ 80.1024691, 29.3142013 ], [ 80.1024254, 29.3101331 ], [ 80.1020561, 29.310225 ], [ 80.0994235, 29.3078038 ], [ 80.0981019, 29.3071095 ], [ 80.0928687, 29.3069611 ], [ 80.0890943, 29.3077187 ] ] ] } },
{ "type": "Feature", "properties": { "gp_code": "", "gp_name": "", "blkname": "CHAMPAWAT", "dtname": "Champawat", "SHAPE_Area": 535394.00887975912 }, "geometry": { "type": "Polygon", "coordinates": [ [ [ 80.1015638, 29.3258463 ], [ 80.1007717, 29.3254772 ], [ 80.0996934, 29.325765 ], [ 80.0994374, 29.3253524 ], [ 80.1002296, 29.3233355 ], [ 80.0992464, 29.3221098 ], [ 80.0989631, 29.3211313 ], [ 80.0944284, 29.3209276 ], [ 80.0928131, 29.3200323 ], [ 80.0914054, 29.3196769 ], [ 80.088642, 29.3202941 ], [ 80.0903649, 29.3211187 ], [ 80.0916036, 29.322132 ], [ 80.0922474, 29.3233187 ], [ 80.0937182, 29.3247781 ], [ 80.0956826, 29.3245292 ], [ 80.0970959, 29.325118 ], [ 80.0977962, 29.3258959 ], [ 80.1004718, 29.3266991 ], [ 80.1015638, 29.3258463 ] ] ] } },
{ "type": "Feature", "properties": { "gp_code": "", "gp_name": "", "blkname": "CHAMPAWAT", "dtname": "Champawat", "SHAPE_Area": 1631225.2326873364 }, "geometry": { "type": "Polygon", "coordinates": [ [ [ 80.1012861, 29.3318013 ], [ 80.098041, 29.3292092 ], [ 80.097381, 29.3283252 ], [ 80.0977962, 29.3258959 ], [ 80.0970959, 29.325118 ], [ 80.0956826, 29.3245292 ], [ 80.0915252, 29.3252038 ], [ 80.0904092, 29.3264073 ], [ 80.0899383, 29.3265136 ], [ 80.0873946, 29.3258429 ], [ 80.0841653, 29.3260569 ], [ 80.0838553, 29.325326 ], [ 80.085308, 29.3244644 ], [ 80.0838445, 29.3227597 ], [ 80.0849274, 29.3216361 ], [ 80.0826674, 29.3196783 ], [ 80.0820341, 29.3184641 ], [ 80.0788339, 29.3217674 ], [ 80.0781754, 29.3229823 ], [ 80.0780148, 29.3242323 ], [ 80.0786566, 29.3251931 ], [ 80.0797422, 29.3251569 ], [ 80.0819988, 29.3260344 ], [ 80.0873568, 29.329463 ], [ 80.0900766, 29.3316783 ], [ 80.0943298, 29.3327489 ], [ 80.098931, 29.3314608 ], [ 80.1012861, 29.3318013 ] ] ] } },
{ "type": "Feature", "properties": { "gp_code": "22726", "gp_name": "KHARK KARKEE", "blkname": "CHAMPAWAT", "dtname": "Champawat", "SHAPE_Area": 545677.04613533581 }, "geometry": { "type": "Polygon", "coordinates": [ [ [ 80.0937182, 29.3247781 ], [ 80.0922474, 29.3233187 ], [ 80.0916036, 29.322132 ], [ 80.0903649, 29.3211187 ], [ 80.088642, 29.3202941 ], [ 80.0849274, 29.3216361 ], [ 80.0838445, 29.3227597 ], [ 80.085308, 29.3244644 ], [ 80.0838553, 29.325326 ], [ 80.0841653, 29.3260569 ], [ 80.0873946, 29.3258429 ], [ 80.0899383, 29.3265136 ], [ 80.0904092, 29.3264073 ], [ 80.0915252, 29.3252038 ], [ 80.0937182, 29.3247781 ] ] ] } },
{ "type": "Feature", "properties": { "gp_code": "", "gp_name": "", "blkname": "CHAMPAWAT", "dtname": "Champawat", "SHAPE_Area": 2386202.4624696299 }, "geometry": { "type": "Polygon", "coordinates": [ [ [ 80.0978155, 29.3417025 ], [ 80.0977075, 29.3412544 ], [ 80.0994018, 29.3396733 ], [ 80.0996432, 29.3385648 ], [ 80.1008812, 29.3384815 ], [ 80.1015534, 29.3376203 ], [ 80.1029531, 29.3377726 ], [ 80.1031207, 29.3370945 ], [ 80.1040895, 29.3368581 ], [ 80.1052989, 29.3349588 ], [ 80.1053518, 29.3338622 ], [ 80.1058489, 29.3327888 ], [ 80.1051621, 29.3322704 ], [ 80.1054441, 29.3316218 ], [ 80.1023235, 29.3310976 ], [ 80.1012861, 29.3318013 ], [ 80.098931, 29.3314608 ], [ 80.0943298, 29.3327489 ], [ 80.0900766, 29.3316783 ], [ 80.0873568, 29.329463 ], [ 80.0844907, 29.329606 ], [ 80.0829294, 29.3290644 ], [ 80.082116, 29.3301496 ], [ 80.0823184, 29.3309632 ], [ 80.0828974, 29.3314581 ], [ 80.0835719, 29.3340166 ], [ 80.0881488, 29.3361602 ], [ 80.0885265, 29.3374099 ], [ 80.0897117, 29.3387063 ], [ 80.0896991, 29.33985 ], [ 80.0900495, 29.3405691 ], [ 80.0929704, 29.3413929 ], [ 80.0947614, 29.3427832 ], [ 80.0966725, 29.3427997 ], [ 80.0978155, 29.3417025 ] ] ] } },
{ "type": "Feature", "properties": { "gp_code": "", "gp_name": "", "blkname": "CHAMPAWAT", "dtname": "Champawat", "SHAPE_Area": 148225.99208279001 }, "geometry": { "type": "Polygon", "coordinates": [ [ [ 80.0995138, 29.344944 ], [ 80.0993647, 29.3436824 ], [ 80.099579, 29.3423617 ], [ 80.1001441, 29.3421491 ], [ 80.1001434, 29.3413944 ], [ 80.100789, 29.3409105 ], [ 80.0986095, 29.341702 ], [ 80.0978155, 29.3417025 ], [ 80.0963091, 29.3429002 ], [ 80.0963111, 29.3454589 ], [ 80.0966876, 29.3449457 ], [ 80.0982687, 29.3447492 ], [ 80.0989084, 29.3452038 ], [ 80.0995138, 29.344944 ] ] ] } },
{ "type": "Feature", "properties": { "gp_code": "260385", "gp_name": "DANDA BISHT", "blkname": "CHAMPAWAT", "dtname": "Champawat", "SHAPE_Area": 269344.51454178221 }, "geometry": { "type": "Polygon", "coordinates": [ [ [ 80.0947614, 29.3427832 ], [ 80.0929704, 29.3413929 ], [ 80.0900495, 29.3405691 ], [ 80.0892032, 29.3426921 ], [ 80.0882886, 29.343459 ], [ 80.0880409, 29.3443742 ], [ 80.0876032, 29.3446857 ], [ 80.0881823, 29.3453103 ], [ 80.0901339, 29.3455215 ], [ 80.090135, 29.3470071 ], [ 80.0915998, 29.3441174 ], [ 80.0947614, 29.3427832 ] ] ] } },
{ "type": "Feature", "properties": { "gp_code": "", "gp_name": "", "blkname": "CHAMPAWAT", "dtname": "Champawat", "SHAPE_Area": 81667.152094255405 }, "geometry": { "type": "Polygon", "coordinates": [ [ [ 80.0860769, 29.3369513 ], [ 80.0837883, 29.3355965 ], [ 80.083159, 29.3363912 ], [ 80.0823094, 29.3367938 ], [ 80.0831442, 29.3382146 ], [ 80.084665, 29.3384261 ], [ 80.0851359, 29.3383786 ], [ 80.0855961, 29.337022 ], [ 80.0860769, 29.3369513 ] ] ] } },
{ "type": "Feature", "properties": { "gp_code": "", "gp_name": "", "blkname": "CHAMPAWAT", "dtname": "Champawat", "SHAPE_Area": 2097391.4278366757 }, "geometry": { "type": "Polygon", "coordinates": [ [ [ 80.082116, 29.3301496 ], [ 80.0781989, 29.3281824 ], [ 80.0766684, 29.3270928 ], [ 80.0743474, 29.3232906 ], [ 80.0740498, 29.3207438 ], [ 80.0736997, 29.3203312 ], [ 80.0716949, 29.3204618 ], [ 80.069085, 29.3212059 ], [ 80.0647265, 29.3233302 ], [ 80.0638122, 29.3246513 ], [ 80.0635714, 29.3271866 ], [ 80.0653624, 29.3298155 ], [ 80.0665067, 29.3306876 ], [ 80.0678523, 29.3306045 ], [ 80.0701661, 29.3294125 ], [ 80.0717944, 29.3294354 ], [ 80.0728225, 29.3299166 ], [ 80.076614, 29.3329588 ], [ 80.0803967, 29.3352372 ], [ 80.0829941, 29.3352549 ], [ 80.0860769, 29.3369513 ], [ 80.0885265, 29.3374099 ], [ 80.0881488, 29.3361602 ], [ 80.0835719, 29.3340166 ], [ 80.0828974, 29.3314581 ], [ 80.0823184, 29.3309632 ], [ 80.082116, 29.3301496 ] ] ] } },
{ "type": "Feature", "properties": { "gp_code": "22702", "gp_name": "DHAKANA BADOLA", "blkname": "CHAMPAWAT", "dtname": "Champawat", "SHAPE_Area": 5442174.1708069118 }, "geometry": { "type": "Polygon", "coordinates": [ [ [ 80.0766902, 29.3579799 ], [ 80.0791845, 29.3541231 ], [ 80.0802578, 29.351463 ], [ 80.0813599, 29.3466463 ], [ 80.0842239, 29.3429306 ], [ 80.0867813, 29.3406966 ], [ 80.0885265, 29.3374099 ], [ 80.0855961, 29.337022 ], [ 80.0851359, 29.3383786 ], [ 80.0831442, 29.3382146 ], [ 80.0823094, 29.3367938 ], [ 80.083159, 29.3363912 ], [ 80.0837883, 29.3355965 ], [ 80.0829941, 29.3352549 ], [ 80.0803967, 29.3352372 ], [ 80.076614, 29.3329588 ], [ 80.0728225, 29.3299166 ], [ 80.0717944, 29.3294354 ], [ 80.0701661, 29.3294125 ], [ 80.0678523, 29.3306045 ], [ 80.0665067, 29.3306876 ], [ 80.0653624, 29.3298155 ], [ 80.0635714, 29.3271866 ], [ 80.0632503, 29.3309011 ], [ 80.0635218, 29.3353347 ], [ 80.0640336, 29.3361717 ], [ 80.0680975, 29.3359577 ], [ 80.0703722, 29.3367939 ], [ 80.0704953, 29.3401427 ], [ 80.069635, 29.3419 ], [ 80.0691515, 29.3435981 ], [ 80.0692864, 29.3442702 ], [ 80.0721661, 29.3436439 ], [ 80.0735529, 29.3447399 ], [ 80.0713876, 29.3465134 ], [ 80.0688439, 29.3472299 ], [ 80.0678484, 29.3478553 ], [ 80.0646268, 29.3508606 ], [ 80.0640482, 29.3518835 ], [ 80.0637735, 29.3535286 ], [ 80.0627648, 29.3550618 ], [ 80.0627989, 29.3561466 ], [ 80.070094, 29.3561436 ], [ 80.0727326, 29.357015 ], [ 80.0748053, 29.3571555 ], [ 80.0766902, 29.3579799 ] ] ] } },
{ "type": "Feature", "properties": { "gp_code": "", "gp_name": "", "blkname": "CHAMPAWAT", "dtname": "Champawat", "SHAPE_Area": 2085524.7157912632 }, "geometry": { "type": "Polygon", "coordinates": [ [ [ 80.0824445, 29.3585195 ], [ 80.0853918, 29.3580227 ], [ 80.0861048, 29.3574799 ], [ 80.0876393, 29.3537493 ], [ 80.0884837, 29.3527032 ], [ 80.090976, 29.3503136 ], [ 80.0922231, 29.3498123 ], [ 80.0911633, 29.3492979 ], [ 80.090135, 29.3470071 ], [ 80.0901339, 29.3455215 ], [ 80.0881823, 29.3453103 ], [ 80.0876032, 29.3446857 ], [ 80.0880409, 29.3443742 ], [ 80.0882886, 29.343459 ], [ 80.0892032, 29.3426921 ], [ 80.0900495, 29.3405691 ], [ 80.0894691, 29.3381994 ], [ 80.0885265, 29.3374099 ], [ 80.0867813, 29.3406966 ], [ 80.0842239, 29.3429306 ], [ 80.0813599, 29.3466463 ], [ 80.0802578, 29.351463 ], [ 80.0791845, 29.3541231 ], [ 80.0787271, 29.3544535 ], [ 80.0785795, 29.3552317 ], [ 80.0766902, 29.3579799 ], [ 80.0792142, 29.3585094 ], [ 80.0824445, 29.3585195 ] ] ] } },
{ "type": "Feature", "properties": { "gp_code": "", "gp_name": "", "blkname": "LOHAGHAT", "dtname": "Champawat", "SHAPE_Area": 4115080.290433987 }, "geometry": { "type": "Polygon", "coordinates": [ [ [ 80.0812319, 29.3699851 ], [ 80.0833604, 29.3693667 ], [ 80.084411, 29.3681586 ], [ 80.0893286, 29.3650569 ], [ 80.089764, 29.3642814 ], [ 80.0887408, 29.3639164 ], [ 80.0879056, 29.3629971 ], [ 80.0857293, 29.3593667 ], [ 80.084597, 29.3581581 ], [ 80.0824445, 29.3585195 ], [ 80.0792142, 29.3585094 ], [ 80.0766902, 29.3579799 ], [ 80.0748053, 29.3571555 ], [ 80.0727326, 29.357015 ], [ 80.070094, 29.3561436 ], [ 80.0627989, 29.3561466 ], [ 80.0614611, 29.3577386 ], [ 80.0602507, 29.3607461 ], [ 80.0622025, 29.3608161 ], [ 80.062418, 29.3611934 ], [ 80.0627148, 29.364475 ], [ 80.0639944, 29.3675902 ], [ 80.0670399, 29.3707539 ], [ 80.0692898, 29.3741723 ], [ 80.0728322, 29.3775663 ], [ 80.0727627, 29.3738405 ], [ 80.0710918, 29.3707993 ], [ 80.0713559, 29.3701576 ], [ 80.0728003, 29.3691949 ], [ 80.0707004, 29.3691016 ], [ 80.0703324, 29.3685682 ], [ 80.0715995, 29.3644556 ], [ 80.075084, 29.365518 ], [ 80.079611, 29.3685079 ], [ 80.0812319, 29.3699851 ] ] ] } },
{ "type": "Feature", "properties": { "gp_code": "22751", "gp_name": "PUNETHI", "blkname": "CHAMPAWAT", "dtname": "Champawat", "SHAPE_Area": 3336358.4516382767 }, "geometry": { "type": "Polygon", "coordinates": [ [ [ 80.1037798, 29.3606235 ], [ 80.1062771, 29.3611821 ], [ 80.1065443, 29.3597608 ], [ 80.1052696, 29.355538 ], [ 80.1055763, 29.352404 ], [ 80.1019926, 29.3479729 ], [ 80.1017218, 29.3459449 ], [ 80.1024346, 29.3453667 ], [ 80.1027028, 29.3442817 ], [ 80.1039531, 29.3427834 ], [ 80.1006576, 29.3448019 ], [ 80.0996345, 29.3444134 ], [ 80.0995138, 29.344944 ], [ 80.0989084, 29.3452038 ], [ 80.0982687, 29.3447492 ], [ 80.0966876, 29.3449457 ], [ 80.0958319, 29.3471123 ], [ 80.0942229, 29.3490085 ], [ 80.090976, 29.3503136 ], [ 80.0876393, 29.3537493 ], [ 80.0861048, 29.3574799 ], [ 80.0853918, 29.3580227 ], [ 80.084597, 29.3581581 ], [ 80.0857293, 29.3593667 ], [ 80.0870367, 29.3618539 ], [ 80.0887408, 29.3639164 ], [ 80.089764, 29.3642814 ], [ 80.0912096, 29.3623999 ], [ 80.0927969, 29.3610784 ], [ 80.0942235, 29.3609125 ], [ 80.0961624, 29.3616423 ], [ 80.0970521, 29.363434 ], [ 80.0993355, 29.3621133 ], [ 80.0998499, 29.3611921 ], [ 80.1000081, 29.3569825 ], [ 80.10191, 29.3528996 ], [ 80.1038925, 29.3580524 ], [ 80.1037798, 29.3606235 ] ] ] } },
{ "type": "Feature", "properties": { "gp_code": "", "gp_name": "", "blkname": "CHAMPAWAT", "dtname": "Champawat", "SHAPE_Area": 425521.58634656674 }, "geometry": { "type": "Polygon", "coordinates": [ [ [ 80.0963111, 29.3454589 ], [ 80.0963091, 29.3429002 ], [ 80.0947614, 29.3427832 ], [ 80.0915998, 29.3441174 ], [ 80.090135, 29.3470071 ], [ 80.0911633, 29.3492979 ], [ 80.0922231, 29.3498123 ], [ 80.0942229, 29.3490085 ], [ 80.0958319, 29.3471123 ], [ 80.0963111, 29.3454589 ] ] ] } },
{ "type": "Feature", "properties": { "gp_code": "22695", "gp_name": "CHAUKI", "blkname": "CHAMPAWAT", "dtname": "Champawat", "SHAPE_Area": 3223119.4603885999 }, "geometry": { "type": "Polygon", "coordinates": [ [ [ 80.1122643, 29.3584896 ], [ 80.1134078, 29.3579111 ], [ 80.1151549, 29.3551271 ], [ 80.1153156, 29.3542308 ], [ 80.114965, 29.3535119 ], [ 80.115368, 29.3526272 ], [ 80.1161752, 29.3522493 ], [ 80.1167123, 29.3509519 ], [ 80.1168263, 29.3488862 ], [ 80.1163597, 29.3481694 ], [ 80.1163589, 29.347344 ], [ 80.1165598, 29.3462591 ], [ 80.1171377, 29.3453978 ], [ 80.1168923, 29.3444342 ], [ 80.1172027, 29.3430749 ], [ 80.115546, 29.3415196 ], [ 80.113131, 29.3405079 ], [ 80.1120856, 29.34198 ], [ 80.108934, 29.3419822 ], [ 80.1088135, 29.3403151 ], [ 80.1110216, 29.3386222 ], [ 80.1076556, 29.3367732 ], [ 80.10681, 29.337639 ], [ 80.1056651, 29.3381895 ], [ 80.104898, 29.3380838 ], [ 80.1031207, 29.3370945 ], [ 80.1029144, 29.3397655 ], [ 80.1039531, 29.3427834 ], [ 80.1027028, 29.3442817 ], [ 80.1024346, 29.3453667 ], [ 80.1017218, 29.3459449 ], [ 80.1019926, 29.3479729 ], [ 80.1055763, 29.352404 ], [ 80.1052696, 29.355538 ], [ 80.1065443, 29.3597608 ], [ 80.1090466, 29.3575485 ], [ 80.1095984, 29.3574656 ], [ 80.1109318, 29.3584315 ], [ 80.1122643, 29.3584896 ] ] ] } },
{ "type": "Feature", "properties": { "gp_code": "22698", "gp_name": "CHORA DUMKHARI", "blkname": "CHAMPAWAT", "dtname": "Champawat", "SHAPE_Area": 2770941.6496321638 }, "geometry": { "type": "Polygon", "coordinates": [ [ [ 80.1199826, 29.3645092 ], [ 80.1176093, 29.3600893 ], [ 80.1156831, 29.3586051 ], [ 80.1109318, 29.3584315 ], [ 80.1095984, 29.3574656 ], [ 80.1090466, 29.3575485 ], [ 80.1071366, 29.3589765 ], [ 80.1065443, 29.3597608 ], [ 80.1062771, 29.3611821 ], [ 80.1037798, 29.3606235 ], [ 80.1038925, 29.3580524 ], [ 80.10191, 29.3528996 ], [ 80.1000081, 29.3569825 ], [ 80.0999973, 29.3602486 ], [ 80.0993355, 29.3621133 ], [ 80.0970521, 29.363434 ], [ 80.0961624, 29.3616423 ], [ 80.0942235, 29.3609125 ], [ 80.0927969, 29.3610784 ], [ 80.0912096, 29.3623999 ], [ 80.089764, 29.3642814 ], [ 80.0902794, 29.3645034 ], [ 80.0915291, 29.3641586 ], [ 80.0961327, 29.3640719 ], [ 80.0977454, 29.3654835 ], [ 80.1013141, 29.3657157 ], [ 80.1042882, 29.3654047 ], [ 80.1060912, 29.3641771 ], [ 80.1087476, 29.3645386 ], [ 80.1135478, 29.3659135 ], [ 80.115649, 29.3669563 ], [ 80.1173459, 29.3687525 ], [ 80.1201448, 29.3723193 ], [ 80.1209612, 29.3742005 ], [ 80.1222787, 29.3724073 ], [ 80.1226948, 29.3712279 ], [ 80.1228264, 29.3682565 ], [ 80.1199826, 29.3645092 ] ] ] } },
{ "type": "Feature", "properties": { "gp_code": "22813", "gp_name": "MAJHERA", "blkname": "LOHAGHAT", "dtname": "Champawat", "SHAPE_Area": 2767390.8804794592 }, "geometry": { "type": "Polygon", "coordinates": [ [ [ 80.1149158, 29.3744526 ], [ 80.1155613, 29.3746552 ], [ 80.1166015, 29.3761914 ], [ 80.117348, 29.376447 ], [ 80.119872, 29.3754039 ], [ 80.1209612, 29.3742005 ], [ 80.1201448, 29.3723193 ], [ 80.115649, 29.3669563 ], [ 80.1135478, 29.3659135 ], [ 80.1087476, 29.3645386 ], [ 80.1060912, 29.3641771 ], [ 80.1042882, 29.3654047 ], [ 80.1017322, 29.3656861 ], [ 80.1017193, 29.3674106 ], [ 80.1008878, 29.3711606 ], [ 80.1037766, 29.3734839 ], [ 80.107666, 29.3793979 ], [ 80.1081382, 29.3805648 ], [ 80.1099895, 29.3809173 ], [ 80.1105344, 29.380516 ], [ 80.1118524, 29.3791356 ], [ 80.1122893, 29.3774943 ], [ 80.1141605, 29.3756455 ], [ 80.1144824, 29.3747003 ], [ 80.1149158, 29.3744526 ] ] ] } },
{ "type": "Feature", "properties": { "gp_code": "", "gp_name": "", "blkname": "CHAMPAWAT", "dtname": "Champawat", "SHAPE_Area": 850122.67214936414 }, "geometry": { "type": "Polygon", "coordinates": [ [ [ 80.1249595, 29.3612039 ], [ 80.1257396, 29.3606845 ], [ 80.1260886, 29.3596938 ], [ 80.1260331, 29.3580549 ], [ 80.1234745, 29.3569014 ], [ 80.1209824, 29.355212 ], [ 80.1203422, 29.3559142 ], [ 80.1177471, 29.3540984 ], [ 80.1153682, 29.3528984 ], [ 80.114965, 29.3535119 ], [ 80.1153156, 29.3542308 ], [ 80.1177528, 29.3553492 ], [ 80.1189384, 29.356551 ], [ 80.1188054, 29.3582373 ], [ 80.1176093, 29.3600893 ], [ 80.119322, 29.3634957 ], [ 80.1228264, 29.3682565 ], [ 80.1230446, 29.3668157 ], [ 80.1239873, 29.3654865 ], [ 80.1236255, 29.3642461 ], [ 80.1223979, 29.3632767 ], [ 80.1220698, 29.3622936 ], [ 80.1239559, 29.3600258 ], [ 80.124365, 29.3602925 ], [ 80.1245145, 29.361113 ], [ 80.1249595, 29.3612039 ] ] ] } },
{ "type": "Feature", "properties": { "gp_code": "22813", "gp_name": "MAJHERA", "blkname": "CHAMPAWAT", "dtname": "Champawat", "SHAPE_Area": 266787.4964397095 }, "geometry": { "type": "Polygon", "coordinates": [ [ [ 80.1176093, 29.3600893 ], [ 80.118953, 29.3576948 ], [ 80.1189384, 29.356551 ], [ 80.1177528, 29.3553492 ], [ 80.1153156, 29.3542308 ], [ 80.1151549, 29.3551271 ], [ 80.1134078, 29.3579111 ], [ 80.1122643, 29.3584896 ], [ 80.1156831, 29.3586051 ], [ 80.1176093, 29.3600893 ] ] ] } },
{ "type": "Feature", "properties": { "gp_code": "", "gp_name": "", "blkname": "CHAMPAWAT", "dtname": "Champawat", "SHAPE_Area": 389001.63824201986 }, "geometry": { "type": "Polygon", "coordinates": [ [ [ 80.1213163, 29.3452296 ], [ 80.1192288, 29.3437337 ], [ 80.1180596, 29.345409 ], [ 80.1171377, 29.3453978 ], [ 80.1167478, 29.3458226 ], [ 80.1163589, 29.347344 ], [ 80.1163597, 29.3481694 ], [ 80.1168263, 29.3488862 ], [ 80.1167123, 29.3509519 ], [ 80.1175935, 29.3505739 ], [ 80.119989, 29.3503953 ], [ 80.1212262, 29.3493331 ], [ 80.1217881, 29.3459722 ], [ 80.1213163, 29.3452296 ] ] ] } },
{ "type": "Feature", "properties": { "gp_code": "22710", "gp_name": "FUNGAR MAPHI", "blkname": "CHAMPAWAT", "dtname": "Champawat", "SHAPE_Area": 2696990.4923889576 }, "geometry": { "type": "Polygon", "coordinates": [ [ [ 80.137099, 29.3478935 ], [ 80.1407593, 29.3476074 ], [ 80.1412568, 29.3471117 ], [ 80.1410398, 29.3457559 ], [ 80.1404738, 29.3450961 ], [ 80.1382926, 29.3441311 ], [ 80.1366508, 29.3442976 ], [ 80.1357677, 29.3458332 ], [ 80.1346609, 29.3459736 ], [ 80.1343787, 29.3463395 ], [ 80.132708, 29.3446547 ], [ 80.1305267, 29.3436896 ], [ 80.1297722, 29.3428648 ], [ 80.1299183, 29.3409544 ], [ 80.1293786, 29.3396578 ], [ 80.1281801, 29.3389159 ], [ 80.1275073, 29.3389165 ], [ 80.1284885, 29.3377837 ], [ 80.1282182, 29.3366755 ], [ 80.1284059, 29.3359915 ], [ 80.1264803, 29.3348138 ], [ 80.1251865, 29.3345653 ], [ 80.1244255, 29.3337874 ], [ 80.1235928, 29.3338963 ], [ 80.1222915, 29.3348107 ], [ 80.1214355, 29.3363978 ], [ 80.1202923, 29.3371533 ], [ 80.1202531, 29.3383443 ], [ 80.1196752, 29.339064 ], [ 80.1189618, 29.3390292 ], [ 80.1184769, 29.3385107 ], [ 80.1182739, 29.3372845 ], [ 80.1173583, 29.3367899 ], [ 80.115851, 29.336685 ], [ 80.1143782, 29.3359333 ], [ 80.1123766, 29.334105 ], [ 80.109875, 29.3356279 ], [ 80.1080046, 29.3358296 ], [ 80.1076012, 29.3362426 ], [ 80.1076556, 29.3367732 ], [ 80.1127317, 29.3397884 ], [ 80.113131, 29.3405079 ], [ 80.1164078, 29.3420851 ], [ 80.1172027, 29.3430749 ], [ 80.1168923, 29.3444342 ], [ 80.1171377, 29.3453978 ], [ 80.1180596, 29.345409 ], [ 80.1192288, 29.3437337 ], [ 80.1213163, 29.3452296 ], [ 80.1213156, 29.3445163 ], [ 80.120165, 29.3427802 ], [ 80.1208283, 29.3416868 ], [ 80.1215956, 29.3418866 ], [ 80.1296317, 29.3476412 ], [ 80.133779, 29.3517993 ], [ 80.1342095, 29.3516338 ], [ 80.1344901, 29.3497588 ], [ 80.137099, 29.3478935 ] ] ] } },
{ "type": "Feature", "properties": { "gp_code": "260249", "gp_name": "Kanda", "blkname": "CHAMPAWAT", "dtname": "Champawat", "SHAPE_Area": 1091363.461739518 }, "geometry": { "type": "Polygon", "coordinates": [ [ [ 80.1344597, 29.338947 ], [ 80.1339509, 29.3366 ], [ 80.1324407, 29.3338774 ], [ 80.1284955, 29.3316403 ], [ 80.1273776, 29.3306624 ], [ 80.1267699, 29.3285876 ], [ 80.1267007, 29.3267717 ], [ 80.1249518, 29.3271151 ], [ 80.1238221, 29.3277999 ], [ 80.1223946, 29.329366 ], [ 80.12081, 29.3298775 ], [ 80.1230885, 29.3342269 ], [ 80.1244255, 29.3337874 ], [ 80.1251865, 29.3345653 ], [ 80.1264803, 29.3348138 ], [ 80.1284059, 29.3359915 ], [ 80.1282182, 29.3366755 ], [ 80.1284885, 29.3377837 ], [ 80.1275073, 29.3389165 ], [ 80.1281801, 29.3389159 ], [ 80.1300046, 29.3400453 ], [ 80.1308728, 29.3400694 ], [ 80.1335099, 29.339513 ], [ 80.1344597, 29.338947 ] ] ] } },
{ "type": "Feature", "properties": { "gp_code": "22829", "gp_name": "SILING", "blkname": "CHAMPAWAT", "dtname": "Champawat", "SHAPE_Area": 1262943.1796179768 }, "geometry": { "type": "Polygon", "coordinates": [ [ [ 80.1276825, 29.3261813 ], [ 80.1267644, 29.323187 ], [ 80.1257673, 29.3218907 ], [ 80.1247979, 29.321349 ], [ 80.1225071, 29.3181338 ], [ 80.1219551, 29.3195373 ], [ 80.1202392, 29.3221051 ], [ 80.1227415, 29.3236736 ], [ 80.1230383, 29.324428 ], [ 80.119824, 29.3261403 ], [ 80.1187353, 29.3274028 ], [ 80.1181567, 29.3274032 ], [ 80.1181574, 29.3281462 ], [ 80.1186363, 29.3286998 ], [ 80.1175538, 29.3301394 ], [ 80.1178189, 29.3305115 ], [ 80.1176085, 29.3310944 ], [ 80.116721, 29.3318262 ], [ 80.1164532, 29.3331353 ], [ 80.1170324, 29.3336773 ], [ 80.1169257, 29.3347857 ], [ 80.1173571, 29.3355165 ], [ 80.1173583, 29.3367899 ], [ 80.1182739, 29.3372845 ], [ 80.1184769, 29.3385107 ], [ 80.1189618, 29.3390292 ], [ 80.1200517, 29.3388279 ], [ 80.1202923, 29.3371533 ], [ 80.1214355, 29.3363978 ], [ 80.1222915, 29.3348107 ], [ 80.1230885, 29.3342269 ], [ 80.12081, 29.3298775 ], [ 80.1223946, 29.329366 ], [ 80.1238221, 29.3277999 ], [ 80.1249518, 29.3271151 ], [ 80.1267007, 29.3267717 ], [ 80.1276825, 29.3261813 ] ] ] } },
{ "type": "Feature", "properties": { "gp_code": "", "gp_name": "", "blkname": "CHAMPAWAT", "dtname": "Champawat", "SHAPE_Area": 144371.1113660741 }, "geometry": { "type": "Polygon", "coordinates": [ [ [ 80.113131, 29.3405079 ], [ 80.1127317, 29.3397884 ], [ 80.1110216, 29.3386222 ], [ 80.1088135, 29.3403151 ], [ 80.108934, 29.3419822 ], [ 80.1120856, 29.34198 ], [ 80.113131, 29.3405079 ] ] ] } },
{ "type": "Feature", "properties": { "gp_code": "", "gp_name": "", "blkname": "CHAMPAWAT", "dtname": "Champawat", "SHAPE_Area": 173892.51395699076 }, "geometry": { "type": "Polygon", "coordinates": [ [ [ 80.1039531, 29.3427834 ], [ 80.1031304, 29.3406143 ], [ 80.100789, 29.3409105 ], [ 80.1001434, 29.3413944 ], [ 80.1001441, 29.3421491 ], [ 80.099579, 29.3423617 ], [ 80.0993647, 29.3436824 ], [ 80.0996345, 29.3444134 ], [ 80.1006576, 29.3448019 ], [ 80.1039531, 29.3427834 ] ] ] } },
{ "type": "Feature", "properties": { "gp_code": "", "gp_name": "", "blkname": "CHAMPAWAT", "dtname": "Champawat", "SHAPE_Area": 170480.80091233688 }, "geometry": { "type": "Polygon", "coordinates": [ [ [ 80.100789, 29.3409105 ], [ 80.1031304, 29.3406143 ], [ 80.1029531, 29.3377726 ], [ 80.1015534, 29.3376203 ], [ 80.1008812, 29.3384815 ], [ 80.0996432, 29.3385648 ], [ 80.0994018, 29.3396733 ], [ 80.0977075, 29.3412544 ], [ 80.0978155, 29.3417025 ], [ 80.0986095, 29.341702 ], [ 80.100789, 29.3409105 ] ] ] } },
{ "type": "Feature", "properties": { "gp_code": "", "gp_name": "", "blkname": "CHAMPAWAT", "dtname": "Champawat", "SHAPE_Area": 393295.33487210918 }, "geometry": { "type": "Polygon", "coordinates": [ [ [ 80.1076556, 29.3367732 ], [ 80.1076012, 29.3362426 ], [ 80.1080046, 29.3358296 ], [ 80.109875, 29.3356279 ], [ 80.1118789, 29.3342823 ], [ 80.111663, 29.3336456 ], [ 80.1109224, 29.3331156 ], [ 80.1103962, 29.3315594 ], [ 80.1084401, 29.3317873 ], [ 80.1058489, 29.3327888 ], [ 80.1053518, 29.3338622 ], [ 80.1052989, 29.3349588 ], [ 80.1040895, 29.3368581 ], [ 80.1035379, 29.3371061 ], [ 80.104898, 29.3380838 ], [ 80.1056651, 29.3381895 ], [ 80.10681, 29.337639 ], [ 80.1076556, 29.3367732 ] ] ] } },
{ "type": "Feature", "properties": { "gp_code": "22757", "gp_name": "SHAKTI PUR BUNGA", "blkname": "CHAMPAWAT", "dtname": "Champawat", "SHAPE_Area": 1749742.1020257254 }, "geometry": { "type": "Polygon", "coordinates": [ [ [ 80.1169257, 29.3347857 ], [ 80.1170324, 29.3336773 ], [ 80.1164532, 29.3331353 ], [ 80.1166541, 29.3321682 ], [ 80.1144198, 29.3316745 ], [ 80.1137065, 29.3316396 ], [ 80.1132105, 29.3320119 ], [ 80.1116613, 29.3318533 ], [ 80.1109342, 29.3313704 ], [ 80.111636, 29.3291682 ], [ 80.1119681, 29.3287991 ], [ 80.1138922, 29.3286327 ], [ 80.1141474, 29.3281254 ], [ 80.1150357, 29.3283842 ], [ 80.1171617, 29.3282058 ], [ 80.1170417, 29.3294204 ], [ 80.1175538, 29.3301394 ], [ 80.1186363, 29.3286998 ], [ 80.1181574, 29.3281462 ], [ 80.1181567, 29.3274032 ], [ 80.1187353, 29.3274028 ], [ 80.119824, 29.3261403 ], [ 80.1230383, 29.324428 ], [ 80.1227415, 29.3236736 ], [ 80.1202392, 29.3221051 ], [ 80.1184526, 29.3225292 ], [ 80.1172907, 29.3224042 ], [ 80.1151753, 29.3242586 ], [ 80.115221, 29.3249527 ], [ 80.1146832, 29.325472 ], [ 80.1132022, 29.3245768 ], [ 80.1086413, 29.32537 ], [ 80.1080492, 29.3252525 ], [ 80.1074292, 29.3240973 ], [ 80.1032717, 29.3245128 ], [ 80.1037971, 29.3252199 ], [ 80.1037173, 29.3264109 ], [ 80.1045123, 29.3276132 ], [ 80.1044994, 29.3283796 ], [ 80.1036258, 29.3296301 ], [ 80.1035322, 29.3303259 ], [ 80.1023235, 29.3310976 ], [ 80.1054441, 29.3316218 ], [ 80.1051621, 29.3322704 ], [ 80.1058489, 29.3327888 ], [ 80.1084401, 29.3317873 ], [ 80.1103962, 29.3315594 ], [ 80.1109224, 29.3331156 ], [ 80.111663, 29.3336456 ], [ 80.1118789, 29.3342823 ], [ 80.1123766, 29.334105 ], [ 80.1143782, 29.3359333 ], [ 80.115851, 29.336685 ], [ 80.1173583, 29.3367899 ], [ 80.1173571, 29.3355165 ], [ 80.1169257, 29.3347857 ] ] ] } },
{ "type": "Feature", "properties": { "gp_code": "260392", "gp_name": "SILANG TAK", "blkname": "CHAMPAWAT", "dtname": "Champawat", "SHAPE_Area": 288276.79520440532 }, "geometry": { "type": "Polygon", "coordinates": [ [ [ 80.1166541, 29.3321682 ], [ 80.1176085, 29.3310944 ], [ 80.1178189, 29.3305115 ], [ 80.1170417, 29.3294204 ], [ 80.1171617, 29.3282058 ], [ 80.1150357, 29.3283842 ], [ 80.1141474, 29.3281254 ], [ 80.1138922, 29.3286327 ], [ 80.1119681, 29.3287991 ], [ 80.1109342, 29.3313704 ], [ 80.1116613, 29.3318533 ], [ 80.1132105, 29.3320119 ], [ 80.1137065, 29.3316396 ], [ 80.1166541, 29.3321682 ] ] ] } },
{ "type": "Feature", "properties": { "gp_code": "22700", "gp_name": "CHORA SETHI", "blkname": "CHAMPAWAT", "dtname": "Champawat", "SHAPE_Area": 427751.01673285314 }, "geometry": { "type": "Polygon", "coordinates": [ [ [ 80.1012861, 29.3318013 ], [ 80.1035322, 29.3303259 ], [ 80.1036258, 29.3296301 ], [ 80.1044994, 29.3283796 ], [ 80.1045123, 29.3276132 ], [ 80.1037173, 29.3264109 ], [ 80.1037971, 29.3252199 ], [ 80.1032717, 29.3245128 ], [ 80.1004718, 29.3266991 ], [ 80.0977962, 29.3258959 ], [ 80.097381, 29.3283252 ], [ 80.098041, 29.3292092 ], [ 80.1012861, 29.3318013 ] ] ] } },
{ "type": "Feature", "properties": { "gp_code": "", "gp_name": "", "blkname": "CHAMPAWAT", "dtname": "Champawat", "SHAPE_Area": 191211.17386062941 }, "geometry": { "type": "Polygon", "coordinates": [ [ [ 80.1032717, 29.3245128 ], [ 80.1028381, 29.3216619 ], [ 80.0989631, 29.3211313 ], [ 80.0992464, 29.3221098 ], [ 80.1002296, 29.3233355 ], [ 80.0994374, 29.3253524 ], [ 80.0996934, 29.325765 ], [ 80.1007717, 29.3254772 ], [ 80.1015638, 29.3258463 ], [ 80.1032717, 29.3245128 ] ] ] } },
{ "type": "Feature", "properties": { "gp_code": "", "gp_name": "", "blkname": "CHAMPAWAT", "dtname": "Champawat", "SHAPE_Area": 726626.52987056226 }, "geometry": { "type": "Polygon", "coordinates": [ [ [ 80.115377, 29.3192453 ], [ 80.1144596, 29.3190613 ], [ 80.1116422, 29.319485 ], [ 80.1072634, 29.3164741 ], [ 80.106713, 29.3159534 ], [ 80.1066679, 29.3153803 ], [ 80.1077809, 29.3133866 ], [ 80.1067691, 29.3120716 ], [ 80.105862, 29.3114991 ], [ 80.1051187, 29.3113432 ], [ 80.1040789, 29.3120343 ], [ 80.1030258, 29.3145621 ], [ 80.1025773, 29.3147908 ], [ 80.1037172, 29.3187044 ], [ 80.1056288, 29.3194827 ], [ 80.1057573, 29.3201423 ], [ 80.1083964, 29.3223397 ], [ 80.1113422, 29.3211231 ], [ 80.1131049, 29.3212044 ], [ 80.1143416, 29.3198356 ], [ 80.115377, 29.3192453 ] ] ] } },
{ "type": "Feature", "properties": { "gp_code": "243020", "gp_name": "RAKREE FULARA", "blkname": "CHAMPAWAT", "dtname": "Champawat", "SHAPE_Area": 1510487.4225292953 }, "geometry": { "type": "Polygon", "coordinates": [ [ [ 80.115221, 29.3249527 ], [ 80.1151753, 29.3242586 ], [ 80.1172907, 29.3224042 ], [ 80.1184526, 29.3225292 ], [ 80.1202392, 29.3221051 ], [ 80.1235552, 29.3165212 ], [ 80.1237952, 29.3143395 ], [ 80.1232029, 29.3140865 ], [ 80.1178639, 29.3167436 ], [ 80.1168784, 29.3186395 ], [ 80.1143416, 29.3198356 ], [ 80.1131049, 29.3212044 ], [ 80.1113422, 29.3211231 ], [ 80.1083964, 29.3223397 ], [ 80.1057573, 29.3201423 ], [ 80.1056288, 29.3194827 ], [ 80.1029839, 29.3182574 ], [ 80.1019601, 29.316843 ], [ 80.1013144, 29.3169377 ], [ 80.1010189, 29.3176454 ], [ 80.1001045, 29.3182828 ], [ 80.0996218, 29.3204056 ], [ 80.0989631, 29.3211313 ], [ 80.1028381, 29.3216619 ], [ 80.1032717, 29.3245128 ], [ 80.1074292, 29.3240973 ], [ 80.1080492, 29.3252525 ], [ 80.1086413, 29.32537 ], [ 80.1132022, 29.3245768 ], [ 80.1146832, 29.325472 ], [ 80.115221, 29.3249527 ] ] ] } },
{ "type": "Feature", "properties": { "gp_code": "22724", "gp_name": "KATHNAULI", "blkname": "CHAMPAWAT", "dtname": "Champawat", "SHAPE_Area": 154126.19150814836 }, "geometry": { "type": "Polygon", "coordinates": [ [ [ 80.1554664, 29.3238929 ], [ 80.1533034, 29.322918 ], [ 80.151565, 29.3245805 ], [ 80.1499238, 29.3248886 ], [ 80.152053, 29.3274808 ], [ 80.1554664, 29.3238929 ] ] ] } },
{ "type": "Feature", "properties": { "gp_code": "22759", "gp_name": "SIMALTA", "blkname": "CHAMPAWAT", "dtname": "Champawat", "SHAPE_Area": 1716114.4225160638 }, "geometry": { "type": "Polygon", "coordinates": [ [ [ 80.1384063, 29.3402116 ], [ 80.1390255, 29.3377395 ], [ 80.1401699, 29.3381749 ], [ 80.141217, 29.3359689 ], [ 80.1402054, 29.3338827 ], [ 80.1386966, 29.3324808 ], [ 80.1385346, 29.3319857 ], [ 80.1398653, 29.3305813 ], [ 80.1384508, 29.3293326 ], [ 80.1390935, 29.3277392 ], [ 80.1371962, 29.3264683 ], [ 80.1358923, 29.327625 ], [ 80.1349909, 29.3277437 ], [ 80.1333353, 29.3273796 ], [ 80.1298214, 29.3256372 ], [ 80.1271968, 29.3250262 ], [ 80.1276825, 29.3261813 ], [ 80.1267007, 29.3267717 ], [ 80.1267699, 29.3285876 ], [ 80.1273776, 29.3306624 ], [ 80.1284955, 29.3316403 ], [ 80.1324407, 29.3338774 ], [ 80.1339509, 29.3366 ], [ 80.1346439, 29.3397967 ], [ 80.1356512, 29.3408908 ], [ 80.1372806, 29.3417855 ], [ 80.1384063, 29.3402116 ] ] ] } },
{ "type": "Feature", "properties": { "gp_code": "", "gp_name": "", "blkname": "CHAMPAWAT", "dtname": "Champawat", "SHAPE_Area": 81465.560728315992 }, "geometry": { "type": "Polygon", "coordinates": [ [ [ 80.1332796, 29.344324 ], [ 80.1342141, 29.3435686 ], [ 80.1350905, 29.3434032 ], [ 80.1351014, 29.3426068 ], [ 80.1356321, 29.3419166 ], [ 80.1354165, 29.3415984 ], [ 80.1344944, 29.3414283 ], [ 80.1320865, 29.3423264 ], [ 80.1321072, 29.3428157 ], [ 80.1327065, 29.3431749 ], [ 80.1332796, 29.344324 ] ] ] } },
{ "type": "Feature", "properties": { "gp_code": "", "gp_name": "", "blkname": "CHAMPAWAT", "dtname": "Champawat", "SHAPE_Area": 276172.06883416499 }, "geometry": { "type": "Polygon", "coordinates": [ [ [ 80.1466092, 29.3471493 ], [ 80.1469605, 29.344996 ], [ 80.1466215, 29.3443556 ], [ 80.1433158, 29.3424357 ], [ 80.1442139, 29.3439373 ], [ 80.1438652, 29.3449752 ], [ 80.1443782, 29.3462954 ], [ 80.1441918, 29.3480642 ], [ 80.1444892, 29.3492195 ], [ 80.1436828, 29.3501872 ], [ 80.140508, 29.3513455 ], [ 80.1394595, 29.3525491 ], [ 80.1386524, 29.3529035 ], [ 80.1394487, 29.3535071 ], [ 80.1443293, 29.3506177 ], [ 80.1452841, 29.3498968 ], [ 80.1457346, 29.3476792 ], [ 80.1466092, 29.3471493 ] ] ] } },
{ "type": "Feature", "properties": { "gp_code": "22775", "gp_name": "BASAN", "blkname": "LOHAGHAT", "dtname": "Champawat", "SHAPE_Area": 3129843.8352023698 }, "geometry": { "type": "Polygon", "coordinates": [ [ [ 80.1315525, 29.3715393 ], [ 80.1317939, 29.3707137 ], [ 80.1335428, 29.3697925 ], [ 80.1347103, 29.3665727 ], [ 80.1381907, 29.3673886 ], [ 80.1398519, 29.366191 ], [ 80.1404948, 29.363455 ], [ 80.1427257, 29.3604345 ], [ 80.1428055, 29.3595619 ], [ 80.1419431, 29.3587137 ], [ 80.1399764, 29.3573712 ], [ 80.1390476, 29.3572718 ], [ 80.1382005, 29.3580035 ], [ 80.1365043, 29.3577751 ], [ 80.1335005, 29.3556847 ], [ 80.1326189, 29.3556913 ], [ 80.1299009, 29.3563716 ], [ 80.1287177, 29.3575222 ], [ 80.1269679, 29.3573997 ], [ 80.1261673, 29.3577305 ], [ 80.1260886, 29.3596938 ], [ 80.1253228, 29.3610386 ], [ 80.1245145, 29.361113 ], [ 80.1241269, 29.3600322 ], [ 80.1236067, 29.3603061 ], [ 80.122018, 29.3625411 ], [ 80.1223979, 29.3632767 ], [ 80.1236255, 29.3642461 ], [ 80.1239873, 29.3654865 ], [ 80.1229185, 29.3672131 ], [ 80.1226948, 29.3712279 ], [ 80.1259134, 29.3726049 ], [ 80.126348, 29.3725634 ], [ 80.1270159, 29.3712835 ], [ 80.127702, 29.3709646 ], [ 80.128295, 29.3716126 ], [ 80.1295468, 29.3715763 ], [ 80.1301271, 29.3730025 ], [ 80.1315525, 29.3715393 ] ] ] } },
{ "type": "Feature", "properties": { "gp_code": "22652", "gp_name": "KAKRI", "blkname": "LOHAGHAT", "dtname": "Champawat", "SHAPE_Area": 901490.6608835496 }, "geometry": { "type": "Polygon", "coordinates": [ [ [ 80.140406, 29.3740844 ], [ 80.1420353, 29.3689358 ], [ 80.1397663, 29.3679184 ], [ 80.1389174, 29.3671056 ], [ 80.1381907, 29.3673886 ], [ 80.1367166, 29.3671842 ], [ 80.1357335, 29.366678 ], [ 80.1347103, 29.3665727 ], [ 80.1335428, 29.3697925 ], [ 80.1317939, 29.3707137 ], [ 80.1311897, 29.3721762 ], [ 80.1301271, 29.3730025 ], [ 80.1318772, 29.373119 ], [ 80.1331569, 29.3739197 ], [ 80.1341261, 29.3738481 ], [ 80.1382136, 29.3756781 ], [ 80.140406, 29.3740844 ] ] ] } },
{ "type": "Feature", "properties": { "gp_code": "22805", "gp_name": "KOT", "blkname": "LOHAGHAT", "dtname": "Champawat", "SHAPE_Area": 3261143.9871138199 }, "geometry": { "type": "Polygon", "coordinates": [ [ [ 80.1526044, 29.3543176 ], [ 80.1525437, 29.3488229 ], [ 80.1515278, 29.3489477 ], [ 80.1505562, 29.3468498 ], [ 80.149102, 29.346238 ], [ 80.1473523, 29.3462396 ], [ 80.1464979, 29.3473121 ], [ 80.1457346, 29.3476792 ], [ 80.1452841, 29.3498968 ], [ 80.1394487, 29.3535071 ], [ 80.1389961, 29.3541783 ], [ 80.1392956, 29.3563696 ], [ 80.1390476, 29.3572718 ], [ 80.1399764, 29.3573712 ], [ 80.1428055, 29.3595619 ], [ 80.1427257, 29.3604345 ], [ 80.1404948, 29.363455 ], [ 80.1398519, 29.366191 ], [ 80.1389174, 29.3671056 ], [ 80.1413543, 29.3676105 ], [ 80.1449346, 29.367395 ], [ 80.145634, 29.3669817 ], [ 80.1489446, 29.3663302 ], [ 80.15345, 29.3631895 ], [ 80.1525606, 29.3624063 ], [ 80.1561375, 29.3596909 ], [ 80.1561905, 29.3590306 ], [ 80.1537912, 29.3562266 ], [ 80.1535478, 29.3553543 ], [ 80.1526044, 29.3543176 ] ] ] } },
{ "type": "Feature", "properties": { "gp_code": "22663", "gp_name": "PARADO SERA", "blkname": "LOHAGHAT", "dtname": "Champawat", "SHAPE_Area": 1213335.9711493265 }, "geometry": { "type": "Polygon", "coordinates": [ [ [ 80.1700596, 29.3436172 ], [ 80.1714368, 29.3419885 ], [ 80.1703729, 29.3415003 ], [ 80.1695251, 29.3415012 ], [ 80.1674802, 29.3429281 ], [ 80.1662168, 29.3430727 ], [ 80.164568, 29.3440774 ], [ 80.1623534, 29.3444314 ], [ 80.1598279, 29.3458536 ], [ 80.1584899, 29.3458419 ], [ 80.1579693, 29.3457122 ], [ 80.1564658, 29.3441246 ], [ 80.1553649, 29.3435134 ], [ 80.1539897, 29.3435344 ], [ 80.1526907, 29.3425852 ], [ 80.1506808, 29.3431453 ], [ 80.1487066, 29.342023 ], [ 80.1480336, 29.341941 ], [ 80.1473478, 29.3424133 ], [ 80.1466215, 29.3443556 ], [ 80.1469605, 29.344996 ], [ 80.1466092, 29.3471493 ], [ 80.1473523, 29.3462396 ], [ 80.149102, 29.346238 ], [ 80.1505562, 29.3468498 ], [ 80.1515278, 29.3489477 ], [ 80.152992, 29.3487812 ], [ 80.1538072, 29.3475011 ], [ 80.1568218, 29.3473802 ], [ 80.1576296, 29.3476153 ], [ 80.1589236, 29.3491704 ], [ 80.159516, 29.3494293 ], [ 80.1616251, 29.3485028 ], [ 80.1632023, 29.3483644 ], [ 80.1658921, 29.3469231 ], [ 80.1653615, 29.3461631 ], [ 80.1694675, 29.3436178 ], [ 80.1700596, 29.3436172 ] ] ] } },
{ "type": "Feature", "properties": { "gp_code": "22810", "gp_name": "MADCHAMAR", "blkname": "LOHAGHAT", "dtname": "Champawat", "SHAPE_Area": 5775734.9189755023 }, "geometry": { "type": "Polygon", "coordinates": [ [ [ 80.1619684, 29.3721364 ], [ 80.164014, 29.3716626 ], [ 80.1647332, 29.3723264 ], [ 80.1670206, 29.3696666 ], [ 80.1676901, 29.369586 ], [ 80.1682087, 29.3690395 ], [ 80.1697329, 29.3665673 ], [ 80.1701856, 29.3651097 ], [ 80.1712946, 29.3658061 ], [ 80.1721084, 29.3651751 ], [ 80.1765481, 29.3635903 ], [ 80.1760607, 29.3616217 ], [ 80.1765439, 29.3606897 ], [ 80.1778749, 29.3596034 ], [ 80.1793411, 29.3589887 ], [ 80.1768355, 29.3574822 ], [ 80.1726109, 29.3587603 ], [ 80.1727175, 29.3580567 ], [ 80.1723934, 29.3571569 ], [ 80.1696677, 29.3527644 ], [ 80.1653617, 29.3528664 ], [ 80.1634241, 29.3532693 ], [ 80.1614612, 29.3547805 ], [ 80.160386, 29.3560315 ], [ 80.159552, 29.3563389 ], [ 80.1587442, 29.3561746 ], [ 80.1579896, 29.3555623 ], [ 80.1564001, 29.3561274 ], [ 80.1546808, 29.3572398 ], [ 80.1561905, 29.3590306 ], [ 80.1561375, 29.3596909 ], [ 80.1525606, 29.3624063 ], [ 80.15345, 29.3631895 ], [ 80.1489446, 29.3663302 ], [ 80.145634, 29.3669817 ], [ 80.1449346, 29.367395 ], [ 80.1413543, 29.3676105 ], [ 80.1389174, 29.3671056 ], [ 80.1397663, 29.3679184 ], [ 80.1420353, 29.3689358 ], [ 80.1442099, 29.3692646 ], [ 80.1472941, 29.3705823 ], [ 80.1498267, 29.3721835 ], [ 80.1545301, 29.3766536 ], [ 80.1572619, 29.3758963 ], [ 80.1619684, 29.3721364 ] ] ] } },
{ "type": "Feature", "properties": { "gp_code": "", "gp_name": "", "blkname": "LOHAGHAT", "dtname": "Champawat", "SHAPE_Area": 773122.31047707261 }, "geometry": { "type": "Polygon", "coordinates": [ [ [ 80.1668299, 29.3736359 ], [ 80.1733733, 29.3709389 ], [ 80.1761569, 29.372257 ], [ 80.1780785, 29.3700374 ], [ 80.1781808, 29.3688847 ], [ 80.1756354, 29.3676112 ], [ 80.1715902, 29.3667688 ], [ 80.1712946, 29.3658061 ], [ 80.1701856, 29.3651097 ], [ 80.1697329, 29.3665673 ], [ 80.1682087, 29.3690395 ], [ 80.1676901, 29.369586 ], [ 80.1670206, 29.3696666 ], [ 80.1647332, 29.3723264 ], [ 80.1668299, 29.3736359 ] ] ] } },
{ "type": "Feature", "properties": { "gp_code": "22809", "gp_name": "MAANA DHUNGA", "blkname": "LOHAGHAT", "dtname": "Champawat", "SHAPE_Area": 1443935.1155436132 }, "geometry": { "type": "Polygon", "coordinates": [ [ [ 80.1802981, 29.3724613 ], [ 80.1813012, 29.3716716 ], [ 80.1822685, 29.3701236 ], [ 80.1835083, 29.3691315 ], [ 80.1837541, 29.367923 ], [ 80.1829569, 29.3645533 ], [ 80.1769658, 29.3638964 ], [ 80.1765481, 29.3635903 ], [ 80.1721084, 29.3651751 ], [ 80.1712946, 29.3658061 ], [ 80.1715902, 29.3667688 ], [ 80.1756354, 29.3676112 ], [ 80.1781808, 29.3688847 ], [ 80.1782423, 29.3695595 ], [ 80.1761569, 29.372257 ], [ 80.1733733, 29.3709389 ], [ 80.1714328, 29.3718947 ], [ 80.1709928, 29.372881 ], [ 80.1713135, 29.3755411 ], [ 80.171733, 29.3763179 ], [ 80.1742796, 29.3770781 ], [ 80.1760803, 29.3770761 ], [ 80.1785036, 29.376573 ], [ 80.1794029, 29.3758896 ], [ 80.179921, 29.3750095 ], [ 80.179167, 29.3732066 ], [ 80.1793463, 29.3726898 ], [ 80.1802981, 29.3724613 ] ] ] } },
{ "type": "Feature", "properties": { "gp_code": "22778", "gp_name": "BINDA TIWARI", "blkname": "LOHAGHAT", "dtname": "Champawat", "SHAPE_Area": 2207027.9647731753 }, "geometry": { "type": "Polygon", "coordinates": [ [ [ 80.1924133, 29.3651737 ], [ 80.1924821, 29.3639547 ], [ 80.1920648, 29.362742 ], [ 80.1893696, 29.3599848 ], [ 80.1851353, 29.3596564 ], [ 80.1816558, 29.3587031 ], [ 80.1808175, 29.3581549 ], [ 80.1778749, 29.3596034 ], [ 80.1765439, 29.3606897 ], [ 80.1760607, 29.3616217 ], [ 80.1761159, 29.3626003 ], [ 80.1769658, 29.3638964 ], [ 80.1829569, 29.3645533 ], [ 80.1837541, 29.367923 ], [ 80.1835083, 29.3691315 ], [ 80.1822685, 29.3701236 ], [ 80.1813012, 29.3716716 ], [ 80.1822008, 29.3712459 ], [ 80.1884556, 29.3742566 ], [ 80.1908028, 29.3765481 ], [ 80.1917918, 29.3733791 ], [ 80.1916043, 29.3715903 ], [ 80.1931231, 29.3697318 ], [ 80.1907612, 29.3676655 ], [ 80.1914199, 29.3655028 ], [ 80.1924133, 29.3651737 ] ] ] } },
{ "type": "Feature", "properties": { "gp_code": "22809", "gp_name": "MAANA DHUNGA", "blkname": "LOHAGHAT", "dtname": "Champawat", "SHAPE_Area": 935562.54175141023 }, "geometry": { "type": "Polygon", "coordinates": [ [ [ 80.1793411, 29.3589887 ], [ 80.1808175, 29.3581549 ], [ 80.1827107, 29.3589312 ], [ 80.1832533, 29.3513175 ], [ 80.1791179, 29.3535886 ], [ 80.1779026, 29.3508308 ], [ 80.176556, 29.3503371 ], [ 80.1741638, 29.3527451 ], [ 80.1719803, 29.3560102 ], [ 80.1727175, 29.3580567 ], [ 80.1726109, 29.3587603 ], [ 80.1768355, 29.3574822 ], [ 80.1793411, 29.3589887 ] ] ] } },
{ "type": "Feature", "properties": { "gp_code": "", "gp_name": "", "blkname": "CHAMPAWAT", "dtname": "Champawat", "SHAPE_Area": 376528.43790137558 }, "geometry": { "type": "Polygon", "coordinates": [ [ [ 80.1829546, 29.3341468 ], [ 80.1799147, 29.3324399 ], [ 80.1766078, 29.3309967 ], [ 80.1765899, 29.3317124 ], [ 80.1814576, 29.3384283 ], [ 80.1834563, 29.3385557 ], [ 80.184871, 29.3379127 ], [ 80.1847526, 29.3369859 ], [ 80.1834314, 29.3354191 ], [ 80.1829546, 29.3341468 ] ] ] } },
{ "type": "Feature", "properties": { "gp_code": "22690", "gp_name": "BHANDAR BORA", "blkname": "LOHAGHAT", "dtname": "Champawat", "SHAPE_Area": 1247915.2191917924 }, "geometry": { "type": "Polygon", "coordinates": [ [ [ 80.183389, 29.3476115 ], [ 80.1797119, 29.3452256 ], [ 80.1793201, 29.3445975 ], [ 80.179319, 29.3438429 ], [ 80.1818198, 29.3422128 ], [ 80.1836975, 29.3394204 ], [ 80.1834563, 29.3385557 ], [ 80.1795063, 29.3384068 ], [ 80.1783091, 29.3387501 ], [ 80.1774225, 29.3398477 ], [ 80.1772223, 29.3410271 ], [ 80.1768185, 29.3410276 ], [ 80.1768192, 29.3414991 ], [ 80.1759051, 29.3422548 ], [ 80.1750979, 29.3424326 ], [ 80.1742896, 29.3418439 ], [ 80.1741403, 29.3409243 ], [ 80.1748519, 29.3397562 ], [ 80.174945, 29.3389779 ], [ 80.1737866, 29.3381773 ], [ 80.1721603, 29.3396884 ], [ 80.1714996, 29.3388401 ], [ 80.17116, 29.3364704 ], [ 80.1694508, 29.3363897 ], [ 80.1695251, 29.3415012 ], [ 80.1703729, 29.3415003 ], [ 80.1714368, 29.3419885 ], [ 80.1700596, 29.3436172 ], [ 80.1724868, 29.3469633 ], [ 80.1756879, 29.3455684 ], [ 80.1805102, 29.3484873 ], [ 80.1824494, 29.3493106 ], [ 80.183389, 29.3476115 ] ] ] } },
{ "type": "Feature", "properties": { "gp_code": "22805", "gp_name": "KOT", "blkname": "CHAMPAWAT", "dtname": "Champawat", "SHAPE_Area": 432561.9717263917 }, "geometry": { "type": "Polygon", "coordinates": [ [ [ 80.164568, 29.3440774 ], [ 80.1662168, 29.3430727 ], [ 80.1674802, 29.3429281 ], [ 80.1695251, 29.3415012 ], [ 80.1696033, 29.3396852 ], [ 80.1672813, 29.3389948 ], [ 80.1639276, 29.3421909 ], [ 80.1610283, 29.3440421 ], [ 80.1533776, 29.3429324 ], [ 80.1539897, 29.3435344 ], [ 80.1553649, 29.3435134 ], [ 80.1564658, 29.3441246 ], [ 80.1579693, 29.3457122 ], [ 80.1584899, 29.3458419 ], [ 80.1598279, 29.3458536 ], [ 80.1623534, 29.3444314 ], [ 80.164568, 29.3440774 ] ] ] } },
{ "type": "Feature", "properties": { "gp_code": "22690", "gp_name": "BHANDAR BORA", "blkname": "CHAMPAWAT", "dtname": "Champawat", "SHAPE_Area": 440402.26923979778 }, "geometry": { "type": "Polygon", "coordinates": [ [ [ 80.1621723, 29.3378062 ], [ 80.1638116, 29.3359415 ], [ 80.1620057, 29.3339623 ], [ 80.161279, 29.3339159 ], [ 80.1588918, 29.3351496 ], [ 80.1541627, 29.3346024 ], [ 80.1539101, 29.3362786 ], [ 80.153451, 29.3370838 ], [ 80.1536936, 29.3373665 ], [ 80.1557116, 29.3369165 ], [ 80.1573794, 29.3361837 ], [ 80.1598875, 29.3400253 ], [ 80.1623621, 29.3388437 ], [ 80.1621723, 29.3378062 ] ] ] } },
{ "type": "Feature", "properties": { "gp_code": "260379", "gp_name": "MAUN POKHARI", "blkname": "CHAMPAWAT", "dtname": "Champawat", "SHAPE_Area": 643815.72795719269 }, "geometry": { "type": "Polygon", "coordinates": [ [ [ 80.1741127, 29.3289991 ], [ 80.1649834, 29.326619 ], [ 80.1644993, 29.3268436 ], [ 80.1645269, 29.3274095 ], [ 80.1654557, 29.3276444 ], [ 80.1681209, 29.3298162 ], [ 80.1686238, 29.3319333 ], [ 80.1726768, 29.3366452 ], [ 80.1744694, 29.3357475 ], [ 80.1737546, 29.3346517 ], [ 80.1753541, 29.3332703 ], [ 80.1741386, 29.3302058 ], [ 80.1741127, 29.3289991 ] ] ] } },
{ "type": "Feature", "properties": { "gp_code": "", "gp_name": "", "blkname": "CHAMPAWAT", "dtname": "Champawat", "SHAPE_Area": 45888116.472043395 }, "geometry": { "type": "Polygon", "coordinates": [ [ [ 80.1390476, 29.3572718 ], [ 80.1392956, 29.3563696 ], [ 80.1389961, 29.3541783 ], [ 80.1394487, 29.3535071 ], [ 80.1386524, 29.3529035 ], [ 80.1394595, 29.3525491 ], [ 80.140508, 29.3513455 ], [ 80.1436828, 29.3501872 ], [ 80.1444892, 29.3492195 ], [ 80.1441918, 29.3480642 ], [ 80.1443782, 29.3462954 ], [ 80.1438652, 29.3449752 ], [ 80.1442139, 29.3439373 ], [ 80.1433158, 29.3424357 ], [ 80.1466215, 29.3443556 ], [ 80.1473478, 29.3424133 ], [ 80.1480336, 29.341941 ], [ 80.1487066, 29.342023 ], [ 80.1506808, 29.3431453 ], [ 80.1526907, 29.3425852 ], [ 80.1533776, 29.3429324 ], [ 80.1610283, 29.3440421 ], [ 80.1639276, 29.3421909 ], [ 80.1672813, 29.3389948 ], [ 80.1696033, 29.3396852 ], [ 80.1694508, 29.3363897 ], [ 80.17116, 29.3364704 ], [ 80.1714996, 29.3388401 ], [ 80.1721603, 29.3396884 ], [ 80.1737866, 29.3381773 ], [ 80.174945, 29.3389779 ], [ 80.1748519, 29.3397562 ], [ 80.1741403, 29.3409243 ], [ 80.1742896, 29.3418439 ], [ 80.1750979, 29.3424326 ], [ 80.1759051, 29.3422548 ], [ 80.1768192, 29.3414991 ], [ 80.1768185, 29.3410276 ], [ 80.1772223, 29.3410271 ], [ 80.1774225, 29.3398477 ], [ 80.1783091, 29.3387501 ], [ 80.1795063, 29.3384068 ], [ 80.1814576, 29.3384283 ], [ 80.1765899, 29.3317124 ], [ 80.1766078, 29.3309967 ], [ 80.1799147, 29.3324399 ], [ 80.1771654, 29.329495 ], [ 80.1741127, 29.3289991 ], [ 80.1741386, 29.3302058 ], [ 80.1753541, 29.3332703 ], [ 80.1737546, 29.3346517 ], [ 80.1744694, 29.3357475 ], [ 80.1726768, 29.3366452 ], [ 80.1686238, 29.3319333 ], [ 80.1681209, 29.3298162 ], [ 80.1654557, 29.3276444 ], [ 80.1645269, 29.3274095 ], [ 80.1644993, 29.3268436 ], [ 80.1649834, 29.326619 ], [ 80.1741127, 29.3289991 ], [ 80.1741122, 29.3286611 ], [ 80.1768124, 29.3273847 ], [ 80.1788306, 29.3271584 ], [ 80.1808245, 29.3288188 ], [ 80.1811877, 29.328783 ], [ 80.1826263, 29.3279441 ], [ 80.1832038, 29.3271888 ], [ 80.1845622, 29.3266567 ], [ 80.1861748, 29.3252869 ], [ 80.1884872, 29.3240107 ], [ 80.1941779, 29.3216629 ], [ 80.1941762, 29.3205843 ], [ 80.1951467, 29.3194804 ], [ 80.1956923, 29.3194033 ], [ 80.1989517, 29.3213685 ], [ 80.2031374, 29.3220272 ], [ 80.2065478, 29.3256511 ], [ 80.2107192, 29.3256221 ], [ 80.2123863, 29.3248181 ], [ 80.2114563, 29.3239467 ], [ 80.2113476, 29.3232511 ], [ 80.212057, 29.3211041 ], [ 80.2130101, 29.3197939 ], [ 80.2112579, 29.3180864 ], [ 80.2102592, 29.3162954 ], [ 80.2098865, 29.3144141 ], [ 80.2056739, 29.3099808 ], [ 80.1986655, 29.3069784 ], [ 80.1984415, 29.3053674 ], [ 80.1972939, 29.302857 ], [ 80.1985152, 29.3009806 ], [ 80.1986601, 29.3001977 ], [ 80.1964025, 29.3006412 ], [ 80.1950432, 29.3003834 ], [ 80.1967623, 29.2973307 ], [ 80.1967162, 29.2949333 ], [ 80.1948218, 29.2964568 ], [ 80.1894054, 29.2977055 ], [ 80.1839369, 29.2978812 ], [ 80.1824719, 29.2962464 ], [ 80.1768022, 29.2968992 ], [ 80.1756021, 29.294179 ], [ 80.1756482, 29.2901006 ], [ 80.1721721, 29.2908599 ], [ 80.1709099, 29.2915648 ], [ 80.1703171, 29.2926857 ], [ 80.1698417, 29.2927773 ], [ 80.1633882, 29.2896577 ], [ 80.1633143, 29.2901941 ], [ 80.1614004, 29.2923041 ], [ 80.1596912, 29.2920583 ], [ 80.1580122, 29.2922163 ], [ 80.1556058, 29.2929351 ], [ 80.152888, 29.2943055 ], [ 80.1541103, 29.2972873 ], [ 80.1484788, 29.297957 ], [ 80.146204, 29.2970212 ], [ 80.1455911, 29.2939214 ], [ 80.1458118, 29.2920845 ], [ 80.1446511, 29.2906918 ], [ 80.1383879, 29.2917846 ], [ 80.1373642, 29.2924632 ], [ 80.135046, 29.2924522 ], [ 80.1347767, 29.2908111 ], [ 80.1352358, 29.2893777 ], [ 80.1352638, 29.2878276 ], [ 80.1344452, 29.2866428 ], [ 80.1345486, 29.2860826 ], [ 80.1348159, 29.2858479 ], [ 80.1363912, 29.2860419 ], [ 80.136138, 29.285482 ], [ 80.1364487, 29.2842833 ], [ 80.1386467, 29.2836237 ], [ 80.1387499, 29.2825618 ], [ 80.1398041, 29.2819225 ], [ 80.1393261, 29.2796954 ], [ 80.1289382, 29.279052 ], [ 80.1273307, 29.2825062 ], [ 80.1306526, 29.2856383 ], [ 80.1291717, 29.2881973 ], [ 80.1284318, 29.2910703 ], [ 80.1277436, 29.2922217 ], [ 80.1269538, 29.2976867 ], [ 80.1264785, 29.2990767 ], [ 80.1271195, 29.3010431 ], [ 80.1269497, 29.3020853 ], [ 80.125035, 29.3045358 ], [ 80.1236946, 29.3079365 ], [ 80.1275954, 29.3070844 ], [ 80.1296065, 29.3059872 ], [ 80.1311869, 29.3056536 ], [ 80.1310523, 29.3063152 ], [ 80.1313759, 29.3070696 ], [ 80.1321032, 29.3077647 ], [ 80.1310147, 29.3090509 ], [ 80.1307203, 29.3104073 ], [ 80.1300615, 29.3109856 ], [ 80.1295529, 29.3134859 ], [ 80.1272248, 29.3130043 ], [ 80.1246561, 29.3140912 ], [ 80.1232029, 29.3140865 ], [ 80.1237952, 29.3143395 ], [ 80.1235552, 29.3165212 ], [ 80.1225071, 29.3181338 ], [ 80.1247979, 29.321349 ], [ 80.1257673, 29.3218907 ], [ 80.1267644, 29.323187 ], [ 80.1271968, 29.3250262 ], [ 80.1298214, 29.3256372 ], [ 80.1333353, 29.3273796 ], [ 80.1349909, 29.3277437 ], [ 80.1358923, 29.327625 ], [ 80.1371962, 29.3264683 ], [ 80.1390935, 29.3277392 ], [ 80.1384508, 29.3293326 ], [ 80.1398653, 29.3305813 ], [ 80.1385346, 29.3319857 ], [ 80.1386966, 29.3324808 ], [ 80.1402054, 29.3338827 ], [ 80.141217, 29.3359689 ], [ 80.1401699, 29.3381749 ], [ 80.1390255, 29.3377395 ], [ 80.1384063, 29.3402116 ], [ 80.1372806, 29.3417855 ], [ 80.1356512, 29.3408908 ], [ 80.1346439, 29.3397967 ], [ 80.1344597, 29.338947 ], [ 80.1335099, 29.339513 ], [ 80.1308728, 29.3400694 ], [ 80.1300046, 29.3400453 ], [ 80.1293786, 29.3396578 ], [ 80.1299183, 29.3409544 ], [ 80.1297722, 29.3428648 ], [ 80.1305267, 29.3436896 ], [ 80.132708, 29.3446547 ], [ 80.1343787, 29.3463395 ], [ 80.1346609, 29.3459736 ], [ 80.1357677, 29.3458332 ], [ 80.1366508, 29.3442976 ], [ 80.1382926, 29.3441311 ], [ 80.1404738, 29.3450961 ], [ 80.1410398, 29.3457559 ], [ 80.1412568, 29.3471117 ], [ 80.1407593, 29.3476074 ], [ 80.137099, 29.3478935 ], [ 80.1344901, 29.3497588 ], [ 80.1342095, 29.3516338 ], [ 80.133779, 29.3517993 ], [ 80.1296317, 29.3476412 ], [ 80.1261877, 29.344966 ], [ 80.1215956, 29.3418866 ], [ 80.1208283, 29.3416868 ], [ 80.120165, 29.3427802 ], [ 80.1213156, 29.3445163 ], [ 80.1213163, 29.3452296 ], [ 80.1217881, 29.3459722 ], [ 80.1212262, 29.3493331 ], [ 80.119989, 29.3503953 ], [ 80.1175935, 29.3505739 ], [ 80.1167123, 29.3509519 ], [ 80.1161752, 29.3522493 ], [ 80.115368, 29.3526272 ], [ 80.1153682, 29.3528984 ], [ 80.1177471, 29.3540984 ], [ 80.1203422, 29.3559142 ], [ 80.1209824, 29.355212 ], [ 80.1234745, 29.3569014 ], [ 80.1260331, 29.3580549 ], [ 80.126591, 29.3574413 ], [ 80.1287177, 29.3575222 ], [ 80.1299009, 29.3563716 ], [ 80.1326189, 29.3556913 ], [ 80.1335005, 29.3556847 ], [ 80.1365043, 29.3577751 ], [ 80.1372785, 29.3579985 ], [ 80.1382005, 29.3580035 ], [ 80.1390476, 29.3572718 ] ], [ [ 80.1332796, 29.344324 ], [ 80.1327065, 29.3431749 ], [ 80.1321072, 29.3428157 ], [ 80.1320865, 29.3423264 ], [ 80.1344944, 29.3414283 ], [ 80.1354165, 29.3415984 ], [ 80.1356321, 29.3419166 ], [ 80.1351014, 29.3426068 ], [ 80.1350905, 29.3434032 ], [ 80.1342141, 29.3435686 ], [ 80.1332796, 29.344324 ] ], [ [ 80.1536936, 29.3373665 ], [ 80.153451, 29.3370838 ], [ 80.1539101, 29.3362786 ], [ 80.1541627, 29.3346024 ], [ 80.1588918, 29.3351496 ], [ 80.161279, 29.3339159 ], [ 80.1620057, 29.3339623 ], [ 80.1638116, 29.3359415 ], [ 80.1621723, 29.3378062 ], [ 80.1623621, 29.3388437 ], [ 80.1598875, 29.3400253 ], [ 80.1573794, 29.3361837 ], [ 80.1536936, 29.3373665 ] ], [ [ 80.152053, 29.3274808 ], [ 80.1499238, 29.3248886 ], [ 80.151565, 29.3245805 ], [ 80.1533034, 29.322918 ], [ 80.1554664, 29.3238929 ], [ 80.152053, 29.3274808 ] ], [ [ 80.1672558, 29.3177824 ], [ 80.1686253, 29.3232545 ], [ 80.1655237, 29.3222746 ], [ 80.1627748, 29.3220058 ], [ 80.1580216, 29.3228291 ], [ 80.1558672, 29.3216284 ], [ 80.1538331, 29.3197201 ], [ 80.1565679, 29.3183056 ], [ 80.158283, 29.3167442 ], [ 80.1589973, 29.3154341 ], [ 80.1615364, 29.3147481 ], [ 80.1646987, 29.3150397 ], [ 80.1657487, 29.315416 ], [ 80.1672558, 29.3177824 ] ], [ [ 80.1314582, 29.302054 ], [ 80.1310114, 29.3011426 ], [ 80.1380566, 29.3019964 ], [ 80.1382058, 29.3025433 ], [ 80.1365726, 29.3038995 ], [ 80.1356809, 29.3039263 ], [ 80.1347287, 29.3029632 ], [ 80.13357, 29.3034592 ], [ 80.1314582, 29.302054 ] ], [ [ 80.1341108, 29.2955264 ], [ 80.1362361, 29.2935714 ], [ 80.1375601, 29.2948209 ], [ 80.1376348, 29.2953419 ], [ 80.1368776, 29.2958245 ], [ 80.1360303, 29.2956689 ], [ 80.1355071, 29.2967519 ], [ 80.1350359, 29.2968422 ], [ 80.1341108, 29.2955264 ] ] ] } },
{ "type": "Feature", "properties": { "gp_code": "", "gp_name": "", "blkname": "CHAMPAWAT", "dtname": "Champawat", "SHAPE_Area": 1131909.3826718726 }, "geometry": { "type": "Polygon", "coordinates": [ [ [ 80.1672558, 29.3177824 ], [ 80.1657487, 29.315416 ], [ 80.1646987, 29.3150397 ], [ 80.1615364, 29.3147481 ], [ 80.1589973, 29.3154341 ], [ 80.158283, 29.3167442 ], [ 80.1565679, 29.3183056 ], [ 80.1538331, 29.3197201 ], [ 80.1558672, 29.3216284 ], [ 80.1580216, 29.3228291 ], [ 80.1627748, 29.3220058 ], [ 80.1655237, 29.3222746 ], [ 80.1686253, 29.3232545 ], [ 80.1672558, 29.3177824 ] ] ] } },
{ "type": "Feature", "properties": { "gp_code": "260379", "gp_name": "MAUN POKHARI", "blkname": "CHAMPAWAT", "dtname": "Champawat", "SHAPE_Area": 2297202.4660866344 }, "geometry": { "type": "Polygon", "coordinates": [ [ [ 80.1741127, 29.3289991 ], [ 80.1771654, 29.329495 ], [ 80.1799147, 29.3324399 ], [ 80.1829546, 29.3341468 ], [ 80.1833683, 29.3337271 ], [ 80.1841162, 29.3336542 ], [ 80.1890285, 29.3347818 ], [ 80.1906561, 29.3343141 ], [ 80.1910185, 29.3336416 ], [ 80.1910667, 29.3300333 ], [ 80.1936049, 29.3268229 ], [ 80.1940216, 29.3265158 ], [ 80.1947864, 29.3267716 ], [ 80.1949435, 29.3274033 ], [ 80.1945291, 29.32855 ], [ 80.194553, 29.329566 ], [ 80.1949995, 29.3299562 ], [ 80.1959434, 29.3299616 ], [ 80.1975101, 29.3289958 ], [ 80.1980214, 29.3280051 ], [ 80.1984636, 29.3256599 ], [ 80.1994963, 29.3253063 ], [ 80.1987264, 29.3235031 ], [ 80.1983863, 29.3211805 ], [ 80.1964193, 29.31965 ], [ 80.1951467, 29.3194804 ], [ 80.1941762, 29.3205843 ], [ 80.1941779, 29.3216629 ], [ 80.1884872, 29.3240107 ], [ 80.1861748, 29.3252869 ], [ 80.1845622, 29.3266567 ], [ 80.1832038, 29.3271888 ], [ 80.1826263, 29.3279441 ], [ 80.1811877, 29.328783 ], [ 80.1808245, 29.3288188 ], [ 80.1788306, 29.3271584 ], [ 80.1777405, 29.3271478 ], [ 80.1753466, 29.3280113 ], [ 80.1741122, 29.3286611 ], [ 80.1741127, 29.3289991 ] ] ] } },
{ "type": "Feature", "properties": { "gp_code": "22696", "gp_name": "CHAUKUNI BORA", "blkname": "CHAMPAWAT", "dtname": "Champawat", "SHAPE_Area": 164479.71982975092 }, "geometry": { "type": "Polygon", "coordinates": [ [ [ 80.1365726, 29.3038995 ], [ 80.1382058, 29.3025433 ], [ 80.1380566, 29.3019964 ], [ 80.1310114, 29.3011426 ], [ 80.1314582, 29.302054 ], [ 80.13357, 29.3034592 ], [ 80.1347287, 29.3029632 ], [ 80.1356809, 29.3039263 ], [ 80.1365726, 29.3038995 ] ] ] } },
{ "type": "Feature", "properties": { "gp_code": "", "gp_name": "", "blkname": "CHAMPAWAT", "dtname": "Champawat", "SHAPE_Area": 88044.939775556515 }, "geometry": { "type": "Polygon", "coordinates": [ [ [ 80.1350359, 29.2968422 ], [ 80.1355071, 29.2967519 ], [ 80.1360303, 29.2956689 ], [ 80.1368776, 29.2958245 ], [ 80.1376348, 29.2953419 ], [ 80.1375601, 29.2948209 ], [ 80.1362361, 29.2935714 ], [ 80.1341108, 29.2955264 ], [ 80.1350359, 29.2968422 ] ] ] } },
{ "type": "Feature", "properties": { "gp_code": "22756", "gp_name": "SALLI", "blkname": "CHAMPAWAT", "dtname": "Champawat", "SHAPE_Area": 557241.50055719574 }, "geometry": { "type": "Polygon", "coordinates": [ [ [ 80.1437798, 29.2889795 ], [ 80.1423229, 29.2885119 ], [ 80.1414909, 29.2885907 ], [ 80.1381894, 29.2862488 ], [ 80.1348159, 29.2858479 ], [ 80.1345486, 29.2860826 ], [ 80.1344452, 29.2866428 ], [ 80.1352638, 29.2878276 ], [ 80.1348226, 29.2919964 ], [ 80.1355068, 29.2926081 ], [ 80.1373642, 29.2924632 ], [ 80.1383879, 29.2917846 ], [ 80.1433956, 29.2908297 ], [ 80.1437798, 29.2889795 ] ] ] } },
{ "type": "Feature", "properties": { "gp_code": "", "gp_name": "", "blkname": "CHAMPAWAT", "dtname": "Champawat", "SHAPE_Area": 107962.44198905169 }, "geometry": { "type": "Polygon", "coordinates": [ [ [ 80.156317, 29.2854766 ], [ 80.1551422, 29.2847352 ], [ 80.1540282, 29.2851011 ], [ 80.1535682, 29.2856226 ], [ 80.1535393, 29.286274 ], [ 80.1538074, 29.2867817 ], [ 80.1564609, 29.2881814 ], [ 80.1571516, 29.2873386 ], [ 80.1571063, 29.2868045 ], [ 80.156184, 29.286063 ], [ 80.156317, 29.2854766 ] ] ] } },
{ "type": "Feature", "properties": { "gp_code": "22722", "gp_name": "KAPHALATA MALLA", "blkname": "CHAMPAWAT", "dtname": "Champawat", "SHAPE_Area": 7695340.3319038898 }, "geometry": { "type": "Polygon", "coordinates": [ [ [ 80.1484788, 29.297957 ], [ 80.1541103, 29.2972873 ], [ 80.152888, 29.2943055 ], [ 80.1556058, 29.2929351 ], [ 80.1580122, 29.2922163 ], [ 80.1596912, 29.2920583 ], [ 80.1614004, 29.2923041 ], [ 80.1633143, 29.2901941 ], [ 80.1633882, 29.2896577 ], [ 80.1698417, 29.2927773 ], [ 80.1703171, 29.2926857 ], [ 80.1709099, 29.2915648 ], [ 80.1721721, 29.2908599 ], [ 80.1756482, 29.2901006 ], [ 80.175647, 29.2892554 ], [ 80.1732756, 29.2856644 ], [ 80.1729613, 29.2840885 ], [ 80.1731797, 29.2808706 ], [ 80.1725654, 29.2772628 ], [ 80.1701385, 29.2736439 ], [ 80.1663831, 29.2718043 ], [ 80.1659132, 29.2711552 ], [ 80.1642508, 29.2734709 ], [ 80.1633009, 29.2742275 ], [ 80.1617269, 29.2749846 ], [ 80.1577156, 29.2752752 ], [ 80.1569143, 29.2761097 ], [ 80.1567526, 29.2774126 ], [ 80.1572772, 29.280669 ], [ 80.1570848, 29.2815809 ], [ 80.1576813, 29.2833129 ], [ 80.156317, 29.2854766 ], [ 80.156184, 29.286063 ], [ 80.1571063, 29.2868045 ], [ 80.1571516, 29.2873386 ], [ 80.1564609, 29.2881814 ], [ 80.1538074, 29.2867817 ], [ 80.1535682, 29.2856226 ], [ 80.1540282, 29.2851011 ], [ 80.1530612, 29.2841901 ], [ 80.1542503, 29.2826444 ], [ 80.1557037, 29.2822857 ], [ 80.1549898, 29.2817132 ], [ 80.1527886, 29.2800609 ], [ 80.1506656, 29.2815479 ], [ 80.1482735, 29.2816413 ], [ 80.1481811, 29.278958 ], [ 80.1474064, 29.2772391 ], [ 80.1471056, 29.2742432 ], [ 80.1467042, 29.2740547 ], [ 80.1460187, 29.2723488 ], [ 80.1445869, 29.2739849 ], [ 80.1439967, 29.2741839 ], [ 80.1410477, 29.2778766 ], [ 80.13983, 29.2784835 ], [ 80.1392959, 29.2792069 ], [ 80.1398041, 29.2819225 ], [ 80.1387499, 29.2825618 ], [ 80.1386467, 29.2836237 ], [ 80.1382611, 29.2839039 ], [ 80.1364487, 29.2842833 ], [ 80.136138, 29.285482 ], [ 80.1367926, 29.286237 ], [ 80.1381894, 29.2862488 ], [ 80.1391559, 29.2867691 ], [ 80.1414909, 29.2885907 ], [ 80.1423229, 29.2885119 ], [ 80.1437798, 29.2889795 ], [ 80.1433956, 29.2908297 ], [ 80.1446511, 29.2906918 ], [ 80.1458118, 29.2920845 ], [ 80.1455911, 29.2939214 ], [ 80.146204, 29.2970212 ], [ 80.1484788, 29.297957 ] ] ] } },
{ "type": "Feature", "properties": { "gp_code": "22754", "gp_name": "RUIEYAN", "blkname": "CHAMPAWAT", "dtname": "Champawat", "SHAPE_Area": 5464470.4276310094 }, "geometry": { "type": "Polygon", "coordinates": [ [ [ 80.156317, 29.2854766 ], [ 80.1576813, 29.2833129 ], [ 80.1570848, 29.2815809 ], [ 80.1572772, 29.280669 ], [ 80.1567526, 29.2774126 ], [ 80.1569143, 29.2761097 ], [ 80.1589322, 29.2739453 ], [ 80.1581985, 29.2711049 ], [ 80.1587766, 29.2685262 ], [ 80.1604408, 29.2685766 ], [ 80.1638276, 29.268026 ], [ 80.1635423, 29.2672562 ], [ 80.1637189, 29.2659011 ], [ 80.1612798, 29.2639756 ], [ 80.1611595, 29.2629335 ], [ 80.1647251, 29.2629299 ], [ 80.1649609, 29.2615227 ], [ 80.1604407, 29.258557 ], [ 80.1593696, 29.2574639 ], [ 80.158774, 29.256318 ], [ 80.1553843, 29.2542891 ], [ 80.1539564, 29.2528835 ], [ 80.1509835, 29.2507744 ], [ 80.1485495, 29.2533054 ], [ 80.1464699, 29.2534116 ], [ 80.1472443, 29.2551305 ], [ 80.1471268, 29.2561728 ], [ 80.1462371, 29.2575284 ], [ 80.1473688, 29.2598203 ], [ 80.1476098, 29.2625819 ], [ 80.1483236, 29.2631022 ], [ 80.1489174, 29.2627369 ], [ 80.1493321, 29.2616944 ], [ 80.1501048, 29.2617457 ], [ 80.1508784, 29.2627351 ], [ 80.1508793, 29.2634646 ], [ 80.1496917, 29.2641953 ], [ 80.1470776, 29.264823 ], [ 80.1463651, 29.2653448 ], [ 80.1473041, 29.2662378 ], [ 80.1473195, 29.2667068 ], [ 80.1466961, 29.267261 ], [ 80.1463025, 29.2673395 ], [ 80.1455359, 29.2661678 ], [ 80.1442721, 29.2653547 ], [ 80.1415176, 29.2665622 ], [ 80.1411094, 29.2669273 ], [ 80.1409544, 29.2677547 ], [ 80.1421741, 29.2689196 ], [ 80.1434371, 29.2690292 ], [ 80.1429925, 29.2700456 ], [ 80.1431489, 29.2703777 ], [ 80.1448576, 29.2704348 ], [ 80.1459729, 29.2713001 ], [ 80.1460187, 29.2723488 ], [ 80.1467042, 29.2740547 ], [ 80.1471056, 29.2742432 ], [ 80.1474064, 29.2772391 ], [ 80.1481811, 29.278958 ], [ 80.1482735, 29.2816413 ], [ 80.1506656, 29.2815479 ], [ 80.1527886, 29.2800609 ], [ 80.1557037, 29.2822857 ], [ 80.1542503, 29.2826444 ], [ 80.1530612, 29.2841901 ], [ 80.1540282, 29.2851011 ], [ 80.1555881, 29.2847999 ], [ 80.156317, 29.2854766 ] ] ] } },
{ "type": "Feature", "properties": { "gp_code": "22756", "gp_name": "SALLI", "blkname": "CHAMPAWAT", "dtname": "Champawat", "SHAPE_Area": 9429006.9240409359 }, "geometry": { "type": "Polygon", "coordinates": [ [ [ 80.128998, 29.2518112 ], [ 80.1285835, 29.2531924 ], [ 80.128644, 29.2542346 ], [ 80.1291799, 29.2552503 ], [ 80.1290617, 29.2559278 ], [ 80.1281118, 29.2567363 ], [ 80.1270126, 29.2568675 ], [ 80.1257361, 29.2579627 ], [ 80.1253212, 29.2589532 ], [ 80.1253814, 29.2597608 ], [ 80.1242241, 29.2611947 ], [ 80.1249402, 29.2641383 ], [ 80.1241694, 29.2659888 ], [ 80.1245572, 29.2674736 ], [ 80.1252716, 29.2686454 ], [ 80.1254225, 29.2709381 ], [ 80.1245627, 29.2728667 ], [ 80.1226039, 29.2753174 ], [ 80.1232588, 29.2765153 ], [ 80.1228452, 29.2789126 ], [ 80.121419, 29.2791743 ], [ 80.1167265, 29.2821479 ], [ 80.1132246, 29.2873089 ], [ 80.1131985, 29.289258 ], [ 80.1154307, 29.2928075 ], [ 80.116524, 29.2938671 ], [ 80.12117, 29.2960596 ], [ 80.123566, 29.299385 ], [ 80.124689, 29.3004197 ], [ 80.1271199, 29.3014534 ], [ 80.1264785, 29.2990767 ], [ 80.1269538, 29.2976867 ], [ 80.1277436, 29.2922217 ], [ 80.1284318, 29.2910703 ], [ 80.1291717, 29.2881973 ], [ 80.1306526, 29.2856383 ], [ 80.1273307, 29.2825062 ], [ 80.1289382, 29.279052 ], [ 80.1393261, 29.2796954 ], [ 80.1392959, 29.2792069 ], [ 80.13983, 29.2784835 ], [ 80.1410477, 29.2778766 ], [ 80.1439967, 29.2741839 ], [ 80.1445869, 29.2739849 ], [ 80.1460187, 29.2723488 ], [ 80.1459729, 29.2713001 ], [ 80.1448576, 29.2704348 ], [ 80.1431489, 29.2703777 ], [ 80.1429925, 29.2700456 ], [ 80.1434371, 29.2690292 ], [ 80.1421741, 29.2689196 ], [ 80.1411629, 29.2681454 ], [ 80.1411094, 29.2669273 ], [ 80.1442721, 29.2653547 ], [ 80.1455359, 29.2661678 ], [ 80.1463025, 29.2673395 ], [ 80.1466961, 29.267261 ], [ 80.1473195, 29.2667068 ], [ 80.1473041, 29.2662378 ], [ 80.1463651, 29.2653448 ], [ 80.1470776, 29.264823 ], [ 80.1496917, 29.2641953 ], [ 80.1508793, 29.2634646 ], [ 80.1508784, 29.2627351 ], [ 80.1501048, 29.2617457 ], [ 80.1493321, 29.2616944 ], [ 80.1489174, 29.2627369 ], [ 80.1483236, 29.2631022 ], [ 80.1476098, 29.2625819 ], [ 80.1473688, 29.2598203 ], [ 80.1462371, 29.2575284 ], [ 80.1471268, 29.2561728 ], [ 80.1472443, 29.2551305 ], [ 80.1464699, 29.2534116 ], [ 80.144448, 29.2521628 ], [ 80.1436777, 29.2540395 ], [ 80.1437402, 29.2566448 ], [ 80.1444561, 29.2590934 ], [ 80.1424973, 29.260971 ], [ 80.1402377, 29.2597746 ], [ 80.1337023, 29.2610829 ], [ 80.1297164, 29.2568653 ], [ 80.1299508, 29.2536864 ], [ 80.128998, 29.2518112 ] ] ] } },
{ "type": "Feature", "properties": { "gp_code": "", "gp_name": "", "blkname": "CHAMPAWAT", "dtname": "Champawat", "SHAPE_Area": 3088875.3304857309 }, "geometry": { "type": "Polygon", "coordinates": [ [ [ 80.1464699, 29.2534116 ], [ 80.1485495, 29.2533054 ], [ 80.1509835, 29.2507744 ], [ 80.1526937, 29.2496839 ], [ 80.1502044, 29.2481624 ], [ 80.1463048, 29.2448939 ], [ 80.1455003, 29.2450551 ], [ 80.1448794, 29.2458416 ], [ 80.1461448, 29.2488398 ], [ 80.1457613, 29.2492893 ], [ 80.1442424, 29.2485529 ], [ 80.1430339, 29.247367 ], [ 80.1418444, 29.2467746 ], [ 80.1412042, 29.2466628 ], [ 80.1381326, 29.2476119 ], [ 80.1360842, 29.2476778 ], [ 80.1326623, 29.2460607 ], [ 80.1311274, 29.2474413 ], [ 80.1328118, 29.24906 ], [ 80.128998, 29.2518112 ], [ 80.1299508, 29.2536864 ], [ 80.1297164, 29.2568653 ], [ 80.1337023, 29.2610829 ], [ 80.1402377, 29.2597746 ], [ 80.1424973, 29.260971 ], [ 80.1444561, 29.2590934 ], [ 80.1437402, 29.2566448 ], [ 80.1436777, 29.2540395 ], [ 80.144448, 29.2521628 ], [ 80.1464699, 29.2534116 ] ] ] } },
{ "type": "Feature", "properties": { "gp_code": "22646", "gp_name": "FARTOLA", "blkname": "CHAMPAWAT", "dtname": "Champawat", "SHAPE_Area": 594990.26920687628 }, "geometry": { "type": "Polygon", "coordinates": [ [ [ 80.1661786, 29.2707854 ], [ 80.1638276, 29.268026 ], [ 80.1604408, 29.2685766 ], [ 80.1587766, 29.2685262 ], [ 80.1581985, 29.2711049 ], [ 80.1589322, 29.2739453 ], [ 80.1577156, 29.2752752 ], [ 80.1617269, 29.2749846 ], [ 80.1633009, 29.2742275 ], [ 80.1642508, 29.2734709 ], [ 80.1661786, 29.2707854 ] ] ] } },
{ "type": "Feature", "properties": { "gp_code": "22707", "gp_name": "DUBAR JAINAL", "blkname": "CHAMPAWAT", "dtname": "Champawat", "SHAPE_Area": 7082414.3581126081 }, "geometry": { "type": "Polygon", "coordinates": [ [ [ 80.1948218, 29.2964568 ], [ 80.1932737, 29.2958219 ], [ 80.1899594, 29.2924485 ], [ 80.1886667, 29.291759 ], [ 80.1866207, 29.2910067 ], [ 80.1833521, 29.2911401 ], [ 80.1835518, 29.289772 ], [ 80.1844507, 29.2881672 ], [ 80.1874739, 29.2858996 ], [ 80.1883732, 29.2846484 ], [ 80.1884666, 29.2840469 ], [ 80.1895544, 29.2829017 ], [ 80.1901296, 29.2808373 ], [ 80.1965056, 29.2809593 ], [ 80.1978208, 29.2771587 ], [ 80.2032867, 29.2758753 ], [ 80.2003408, 29.2735342 ], [ 80.1992557, 29.2731838 ], [ 80.1968291, 29.2702166 ], [ 80.1951753, 29.2672875 ], [ 80.1938361, 29.2659995 ], [ 80.1927801, 29.2652321 ], [ 80.1914736, 29.2670689 ], [ 80.1908834, 29.269675 ], [ 80.1895189, 29.2712399 ], [ 80.1898814, 29.2750955 ], [ 80.1891731, 29.2782228 ], [ 80.1868547, 29.2779649 ], [ 80.1876254, 29.2766613 ], [ 80.1864352, 29.2756727 ], [ 80.1866709, 29.2743176 ], [ 80.1863123, 29.2730153 ], [ 80.1773318, 29.2686484 ], [ 80.1738292, 29.2712577 ], [ 80.1732366, 29.2725089 ], [ 80.1701385, 29.2736439 ], [ 80.1725654, 29.2772628 ], [ 80.1731797, 29.2808706 ], [ 80.1729613, 29.2840885 ], [ 80.1732756, 29.2856644 ], [ 80.175647, 29.2892554 ], [ 80.1756021, 29.294179 ], [ 80.1768022, 29.2968992 ], [ 80.1824719, 29.2962464 ], [ 80.1839369, 29.2978812 ], [ 80.1894054, 29.2977055 ], [ 80.1948218, 29.2964568 ] ] ] } },
{ "type": "Feature", "properties": { "gp_code": "260390", "gp_name": "MANCH", "blkname": "CHAMPAWAT", "dtname": "Champawat", "SHAPE_Area": 2942446.1197363483 }, "geometry": { "type": "Polygon", "coordinates": [ [ [ 80.1833647, 29.2654614 ], [ 80.1906497, 29.2620436 ], [ 80.1920355, 29.2616994 ], [ 80.1949212, 29.2581203 ], [ 80.1944651, 29.2573714 ], [ 80.1935142, 29.2573074 ], [ 80.1916999, 29.256085 ], [ 80.1905529, 29.2540931 ], [ 80.1880122, 29.2538226 ], [ 80.1878965, 29.2559071 ], [ 80.1875997, 29.2561811 ], [ 80.1863964, 29.2561564 ], [ 80.1859822, 29.2573033 ], [ 80.1849866, 29.2571481 ], [ 80.1849261, 29.2564446 ], [ 80.1830508, 29.2540758 ], [ 80.1825587, 29.2529169 ], [ 80.1787406, 29.2526868 ], [ 80.1786833, 29.254185 ], [ 80.1763363, 29.2543048 ], [ 80.1730955, 29.2602512 ], [ 80.1718292, 29.2607453 ], [ 80.1704501, 29.2626227 ], [ 80.1716708, 29.26438 ], [ 80.1712708, 29.265149 ], [ 80.1719257, 29.2660212 ], [ 80.1744197, 29.2646116 ], [ 80.180588, 29.2677285 ], [ 80.1820303, 29.2673128 ], [ 80.1833647, 29.2654614 ] ] ] } },
{ "type": "Feature", "properties": { "gp_code": "22754", "gp_name": "RUIEYAN", "blkname": "CHAMPAWAT", "dtname": "Champawat", "SHAPE_Area": 2999537.753107836 }, "geometry": { "type": "Polygon", "coordinates": [ [ [ 80.1555462, 29.2491197 ], [ 80.1585622, 29.2477053 ], [ 80.1609403, 29.2480077 ], [ 80.1636834, 29.2478444 ], [ 80.1640124, 29.2476195 ], [ 80.164686, 29.2453092 ], [ 80.1667882, 29.2444568 ], [ 80.1675931, 29.2446324 ], [ 80.1691866, 29.2463951 ], [ 80.1695155, 29.2461382 ], [ 80.1703552, 29.2450306 ], [ 80.170773, 29.2428807 ], [ 80.1719409, 29.241083 ], [ 80.1710251, 29.2400574 ], [ 80.1699785, 29.237027 ], [ 80.1681657, 29.2353446 ], [ 80.1665005, 29.2346246 ], [ 80.1651927, 29.2345056 ], [ 80.1612159, 29.235015 ], [ 80.15885, 29.2368138 ], [ 80.1540675, 29.2367543 ], [ 80.1533365, 29.237172 ], [ 80.1534129, 29.2397384 ], [ 80.1510179, 29.2404063 ], [ 80.1515235, 29.2425472 ], [ 80.1521099, 29.2435572 ], [ 80.151262, 29.245571 ], [ 80.1530753, 29.2477346 ], [ 80.1535348, 29.2495387 ], [ 80.1555462, 29.2491197 ] ] ] } },
{ "type": "Feature", "properties": { "gp_code": "260390", "gp_name": "MANCH", "blkname": "CHAMPAWAT", "dtname": "Champawat", "SHAPE_Area": 6986118.7752611814 }, "geometry": { "type": "Polygon", "coordinates": [ [ [ 80.1738291, 29.2442408 ], [ 80.177176, 29.244189 ], [ 80.1775413, 29.2438999 ], [ 80.1779964, 29.2423917 ], [ 80.1796213, 29.2404811 ], [ 80.1795286, 29.2395509 ], [ 80.1801122, 29.2384595 ], [ 80.1792877, 29.2374499 ], [ 80.1799623, 29.2360697 ], [ 80.1786253, 29.2346917 ], [ 80.1761554, 29.2339566 ], [ 80.1748265, 29.2317926 ], [ 80.1735451, 29.2307995 ], [ 80.1722185, 29.2303037 ], [ 80.1704059, 29.2286695 ], [ 80.1685307, 29.228094 ], [ 80.1680808, 29.2267872 ], [ 80.1689613, 29.2254629 ], [ 80.1675293, 29.2238602 ], [ 80.1623707, 29.2237261 ], [ 80.1598615, 29.2231242 ], [ 80.1564503, 29.2217794 ], [ 80.1571504, 29.2166959 ], [ 80.1523303, 29.2185447 ], [ 80.145634, 29.2173732 ], [ 80.1445932, 29.2186449 ], [ 80.1437301, 29.2207841 ], [ 80.1427421, 29.2218852 ], [ 80.1425842, 29.2227841 ], [ 80.1409431, 29.2243043 ], [ 80.140714, 29.2248004 ], [ 80.1410164, 29.2266751 ], [ 80.1394627, 29.2274203 ], [ 80.1386336, 29.2284902 ], [ 80.138935, 29.2294817 ], [ 80.139941, 29.2295893 ], [ 80.1421461, 29.2307823 ], [ 80.1425127, 29.231592 ], [ 80.1425783, 29.2329393 ], [ 80.1435939, 29.2335078 ], [ 80.1441789, 29.233347 ], [ 80.1444985, 29.2329136 ], [ 80.1445339, 29.2319431 ], [ 80.1449267, 29.2316621 ], [ 80.1473796, 29.233745 ], [ 80.1492264, 29.2335187 ], [ 80.1500763, 29.2330929 ], [ 80.1511188, 29.2331882 ], [ 80.1529221, 29.2348146 ], [ 80.1533365, 29.237172 ], [ 80.1540675, 29.2367543 ], [ 80.15885, 29.2368138 ], [ 80.1612159, 29.235015 ], [ 80.1651927, 29.2345056 ], [ 80.1665005, 29.2346246 ], [ 80.1681657, 29.2353446 ], [ 80.1699785, 29.237027 ], [ 80.1710251, 29.2400574 ], [ 80.173626, 29.2428616 ], [ 80.1738291, 29.2442408 ] ] ] } },
{ "type": "Feature", "properties": { "gp_code": "22750", "gp_name": "POTH", "blkname": "CHAMPAWAT", "dtname": "Champawat", "SHAPE_Area": 961003.79114159651 }, "geometry": { "type": "Polygon", "coordinates": [ [ [ 80.1738174, 29.2022543 ], [ 80.1707709, 29.2018415 ], [ 80.169294, 29.2021791 ], [ 80.1628193, 29.2023299 ], [ 80.1619277, 29.2039631 ], [ 80.1602695, 29.2052289 ], [ 80.1601084, 29.2076215 ], [ 80.1606408, 29.2102294 ], [ 80.1599234, 29.2125905 ], [ 80.1613088, 29.211853 ], [ 80.1635494, 29.2096903 ], [ 80.1679225, 29.2062613 ], [ 80.1744843, 29.2030536 ], [ 80.1738174, 29.2022543 ] ] ] } },
{ "type": "Feature", "properties": { "gp_code": "", "gp_name": "", "blkname": "CHAMPAWAT", "dtname": "Champawat", "SHAPE_Area": 372530.67095157813 }, "geometry": { "type": "Polygon", "coordinates": [ [ [ 80.1477469, 29.2042648 ], [ 80.145268, 29.2057073 ], [ 80.144631, 29.206892 ], [ 80.1448142, 29.207532 ], [ 80.1484829, 29.209625 ], [ 80.1503621, 29.2100073 ], [ 80.1516003, 29.2082618 ], [ 80.1507594, 29.2066944 ], [ 80.1506301, 29.2053823 ], [ 80.1477469, 29.2042648 ] ] ] } },
{ "type": "Feature", "properties": { "gp_code": "22750", "gp_name": "POTH", "blkname": "CHAMPAWAT", "dtname": "Champawat", "SHAPE_Area": 194478.61436963454 }, "geometry": { "type": "Polygon", "coordinates": [ [ [ 80.1562837, 29.1976795 ], [ 80.157925, 29.1975338 ], [ 80.1584712, 29.1967652 ], [ 80.1568811, 29.1940942 ], [ 80.1562973, 29.1939508 ], [ 80.1546749, 29.1946726 ], [ 80.1541475, 29.1958413 ], [ 80.1539853, 29.1973136 ], [ 80.1542964, 29.1982255 ], [ 80.1547162, 29.1984332 ], [ 80.1555915, 29.1982723 ], [ 80.1562837, 29.1976795 ] ] ] } },
{ "type": "Feature", "properties": { "gp_code": "", "gp_name": "", "blkname": "CHAMPAWAT", "dtname": "Champawat", "SHAPE_Area": 124978.00240160637 }, "geometry": { "type": "Polygon", "coordinates": [ [ [ 80.1562542, 29.1887659 ], [ 80.1559643, 29.1902705 ], [ 80.1562946, 29.1918704 ], [ 80.1566049, 29.1920941 ], [ 80.1572251, 29.1921576 ], [ 80.1596117, 29.1901868 ], [ 80.1594283, 29.1894188 ], [ 80.159045, 29.1891312 ], [ 80.1562542, 29.1887659 ] ] ] } },
{ "type": "Feature", "properties": { "gp_code": "22750", "gp_name": "POTH", "blkname": "CHAMPAWAT", "dtname": "Champawat", "SHAPE_Area": 1146567.9676099776 }, "geometry": { "type": "Polygon", "coordinates": [ [ [ 80.1538819, 29.1876719 ], [ 80.1564897, 29.1875094 ], [ 80.1571275, 29.1870766 ], [ 80.1577458, 29.1857318 ], [ 80.1594679, 29.1847698 ], [ 80.159248, 29.1839219 ], [ 80.1564762, 29.1840687 ], [ 80.1560013, 29.183429 ], [ 80.1516637, 29.1856096 ], [ 80.1497128, 29.1860756 ], [ 80.1469957, 29.186142 ], [ 80.1434768, 29.1868974 ], [ 80.1405591, 29.18698 ], [ 80.1394482, 29.1883893 ], [ 80.146081, 29.191456 ], [ 80.1521735, 29.1923625 ], [ 80.1530291, 29.1910974 ], [ 80.152589, 29.1891935 ], [ 80.1538819, 29.1876719 ] ] ] } },
{ "type": "Feature", "properties": { "gp_code": "22756", "gp_name": "SALLI", "blkname": "CHAMPAWAT", "dtname": "Champawat", "SHAPE_Area": 4397305.931415176 }, "geometry": { "type": "Polygon", "coordinates": [ [ [ 80.128998, 29.2518112 ], [ 80.1328118, 29.24906 ], [ 80.1311274, 29.2474413 ], [ 80.1326623, 29.2460607 ], [ 80.1360842, 29.2476778 ], [ 80.1381326, 29.2476119 ], [ 80.1412042, 29.2466628 ], [ 80.1418444, 29.2467746 ], [ 80.1430339, 29.247367 ], [ 80.1442424, 29.2485529 ], [ 80.1457613, 29.2492893 ], [ 80.1461448, 29.2488398 ], [ 80.1448794, 29.2458416 ], [ 80.1455003, 29.2450551 ], [ 80.1463048, 29.2448939 ], [ 80.1512295, 29.2488511 ], [ 80.1526937, 29.2496839 ], [ 80.1535348, 29.2495387 ], [ 80.1530753, 29.2477346 ], [ 80.151262, 29.245571 ], [ 80.1521099, 29.2435572 ], [ 80.1509724, 29.2406309 ], [ 80.1513468, 29.2401333 ], [ 80.1534129, 29.2397384 ], [ 80.1534559, 29.2375729 ], [ 80.1529221, 29.2348146 ], [ 80.1507895, 29.2330682 ], [ 80.1473796, 29.233745 ], [ 80.1449267, 29.2316621 ], [ 80.1445339, 29.2319431 ], [ 80.144389, 29.2331623 ], [ 80.1435939, 29.2335078 ], [ 80.1424226, 29.232739 ], [ 80.1425127, 29.231592 ], [ 80.1421461, 29.2307823 ], [ 80.139941, 29.2295893 ], [ 80.138935, 29.2294817 ], [ 80.139096, 29.2312791 ], [ 80.1384079, 29.232008 ], [ 80.1367826, 29.2320559 ], [ 80.1365886, 29.232304 ], [ 80.1367328, 29.2349382 ], [ 80.1351255, 29.2353889 ], [ 80.1347021, 29.2359006 ], [ 80.1340429, 29.2389539 ], [ 80.1333982, 29.2390706 ], [ 80.1330709, 29.238699 ], [ 80.1334581, 29.2373428 ], [ 80.1329191, 29.237103 ], [ 80.132345, 29.2373128 ], [ 80.131851, 29.2378865 ], [ 80.1313749, 29.2394051 ], [ 80.1306991, 29.2401756 ], [ 80.1305175, 29.2413788 ], [ 80.1297137, 29.2423097 ], [ 80.1302285, 29.2448116 ], [ 80.1310162, 29.2459818 ], [ 80.130651, 29.2465596 ], [ 80.1290967, 29.2468976 ], [ 80.1287131, 29.247299 ], [ 80.1293726, 29.2483731 ], [ 80.1293001, 29.2489185 ], [ 80.1278937, 29.2500824 ], [ 80.128998, 29.2518112 ] ] ] } },
{ "type": "Feature", "properties": { "gp_code": "22680", "gp_name": "BAGERI", "blkname": "CHAMPAWAT", "dtname": "Champawat", "SHAPE_Area": 21220749.788138051 }, "geometry": { "type": "Polygon", "coordinates": [ [ [ 80.1206411, 29.2499855 ], [ 80.1228784, 29.2469025 ], [ 80.1255798, 29.2417035 ], [ 80.1303154, 29.2404326 ], [ 80.1313749, 29.2394051 ], [ 80.131851, 29.2378865 ], [ 80.1326187, 29.2371575 ], [ 80.1334581, 29.2373428 ], [ 80.1330795, 29.2384511 ], [ 80.1332125, 29.2389313 ], [ 80.1340429, 29.2389539 ], [ 80.1347021, 29.2359006 ], [ 80.1351255, 29.2353889 ], [ 80.1367328, 29.2349382 ], [ 80.1365886, 29.232304 ], [ 80.1367826, 29.2320559 ], [ 80.1384079, 29.232008 ], [ 80.139096, 29.2312791 ], [ 80.1391125, 29.2301324 ], [ 80.1386336, 29.2284902 ], [ 80.1389332, 29.2278701 ], [ 80.1410164, 29.2266751 ], [ 80.140714, 29.2248004 ], [ 80.1409431, 29.2243043 ], [ 80.1425842, 29.2227841 ], [ 80.1427421, 29.2218852 ], [ 80.1442415, 29.2199779 ], [ 80.1436162, 29.2165025 ], [ 80.1424253, 29.2120069 ], [ 80.1417673, 29.2108393 ], [ 80.1409008, 29.210752 ], [ 80.1388933, 29.2098256 ], [ 80.1373796, 29.210111 ], [ 80.135359, 29.2095727 ], [ 80.1336703, 29.2082618 ], [ 80.1320357, 29.2063028 ], [ 80.1292896, 29.2052969 ], [ 80.1275756, 29.2057943 ], [ 80.1263366, 29.2070756 ], [ 80.1249239, 29.2079249 ], [ 80.1228807, 29.2077104 ], [ 80.1213841, 29.2067113 ], [ 80.120224, 29.2048479 ], [ 80.1150127, 29.200611 ], [ 80.1138998, 29.2002998 ], [ 80.1111458, 29.2003897 ], [ 80.1105797, 29.199534 ], [ 80.1114446, 29.197965 ], [ 80.1106734, 29.1973014 ], [ 80.1097023, 29.1973702 ], [ 80.1082027, 29.1979633 ], [ 80.1067951, 29.1994405 ], [ 80.1046366, 29.2027625 ], [ 80.1038343, 29.2029951 ], [ 80.1032503, 29.2026434 ], [ 80.1009083, 29.2047492 ], [ 80.0993237, 29.2076307 ], [ 80.0969994, 29.2092164 ], [ 80.095678, 29.2105694 ], [ 80.0954878, 29.2121858 ], [ 80.0970954, 29.2153693 ], [ 80.0968055, 29.2177698 ], [ 80.097591, 29.2191776 ], [ 80.0985765, 29.2196891 ], [ 80.0988597, 29.220265 ], [ 80.0972546, 29.2204419 ], [ 80.0941617, 29.2192997 ], [ 80.0897829, 29.218254 ], [ 80.0892909, 29.2190064 ], [ 80.0889825, 29.2205227 ], [ 80.0893335, 29.2255111 ], [ 80.0914957, 29.2285628 ], [ 80.0934335, 29.2304653 ], [ 80.0945484, 29.2297829 ], [ 80.0950058, 29.2299751 ], [ 80.0957554, 29.2296859 ], [ 80.096468, 29.2290921 ], [ 80.0967785, 29.2285304 ], [ 80.0971964, 29.2251216 ], [ 80.0982009, 29.2236051 ], [ 80.0990693, 29.2233479 ], [ 80.1013101, 29.2242528 ], [ 80.1033219, 29.2246205 ], [ 80.1045112, 29.2254859 ], [ 80.1055629, 29.2257499 ], [ 80.107329, 29.2275052 ], [ 80.1093769, 29.2271027 ], [ 80.1120663, 29.2286728 ], [ 80.1128351, 29.2294423 ], [ 80.1128918, 29.2314793 ], [ 80.1133398, 29.2331744 ], [ 80.1149128, 29.2338552 ], [ 80.1166175, 29.2335595 ], [ 80.1190212, 29.2346657 ], [ 80.1184772, 29.2347795 ], [ 80.1159019, 29.2382141 ], [ 80.1149159, 29.2399471 ], [ 80.1139497, 29.2431879 ], [ 80.111007, 29.2452591 ], [ 80.1100391, 29.2468317 ], [ 80.1082293, 29.2478755 ], [ 80.1077183, 29.2491269 ], [ 80.1078836, 29.2499609 ], [ 80.1071936, 29.2499898 ], [ 80.1113504, 29.2524237 ], [ 80.1134011, 29.2532039 ], [ 80.1156293, 29.2529157 ], [ 80.1179217, 29.2504861 ], [ 80.1206411, 29.2499855 ] ] ] } },
{ "type": "Feature", "properties": { "gp_code": "22682", "gp_name": "BAJAUN", "blkname": "CHAMPAWAT", "dtname": "Champawat", "SHAPE_Area": 7504806.6606547488 }, "geometry": { "type": "Polygon", "coordinates": [ [ [ 80.0986331, 29.2511293 ], [ 80.1053775, 29.2494252 ], [ 80.1078836, 29.2499609 ], [ 80.1077183, 29.2491269 ], [ 80.1082293, 29.2478755 ], [ 80.1100391, 29.2468317 ], [ 80.111007, 29.2452591 ], [ 80.1139497, 29.2431879 ], [ 80.1149159, 29.2399471 ], [ 80.1159019, 29.2382141 ], [ 80.1184772, 29.2347795 ], [ 80.1190212, 29.2346657 ], [ 80.1166175, 29.2335595 ], [ 80.1149128, 29.2338552 ], [ 80.1133398, 29.2331744 ], [ 80.1127435, 29.2292178 ], [ 80.1101085, 29.2273428 ], [ 80.1093769, 29.2271027 ], [ 80.107329, 29.2275052 ], [ 80.1055629, 29.2257499 ], [ 80.1045112, 29.2254859 ], [ 80.1033219, 29.2246205 ], [ 80.1013101, 29.2242528 ], [ 80.0993436, 29.2233638 ], [ 80.0986396, 29.2234124 ], [ 80.0982009, 29.2236051 ], [ 80.0971964, 29.2251216 ], [ 80.0967785, 29.2285304 ], [ 80.096468, 29.2290921 ], [ 80.0950058, 29.2299751 ], [ 80.0945484, 29.2297829 ], [ 80.0896497, 29.232681 ], [ 80.0880599, 29.234342 ], [ 80.087809, 29.2363129 ], [ 80.0885875, 29.237986 ], [ 80.0908217, 29.2411335 ], [ 80.0917469, 29.2432021 ], [ 80.0915311, 29.2482549 ], [ 80.0951624, 29.2502851 ], [ 80.0986331, 29.2511293 ] ] ] } },
{ "type": "Feature", "properties": { "gp_code": "22765", "gp_name": "SWALA", "blkname": "CHAMPAWAT", "dtname": "Champawat", "SHAPE_Area": 741685.01829624793 }, "geometry": { "type": "Polygon", "coordinates": [ [ [ 80.0915311, 29.2482549 ], [ 80.0917469, 29.2432021 ], [ 80.0908217, 29.2411335 ], [ 80.0885875, 29.237986 ], [ 80.0883251, 29.2415657 ], [ 80.0865414, 29.2426746 ], [ 80.0837316, 29.2430381 ], [ 80.079287, 29.2424789 ], [ 80.0806053, 29.2446437 ], [ 80.0828975, 29.2469202 ], [ 80.0836834, 29.2461017 ], [ 80.0848536, 29.245668 ], [ 80.0877805, 29.2464925 ], [ 80.0915311, 29.2482549 ] ] ] } },
{ "type": "Feature", "properties": { "gp_code": "22706", "gp_name": "DIYURI", "blkname": "CHAMPAWAT", "dtname": "Champawat", "SHAPE_Area": 11031046.943500133 }, "geometry": { "type": "Polygon", "coordinates": [ [ [ 80.0889825, 29.2205227 ], [ 80.0892909, 29.2190064 ], [ 80.0901111, 29.2181418 ], [ 80.0972546, 29.2204419 ], [ 80.0988597, 29.220265 ], [ 80.0985765, 29.2196891 ], [ 80.097591, 29.2191776 ], [ 80.0968055, 29.2177698 ], [ 80.0970954, 29.2153693 ], [ 80.0954878, 29.2121858 ], [ 80.095678, 29.2105694 ], [ 80.0969994, 29.2092164 ], [ 80.0993237, 29.2076307 ], [ 80.1009083, 29.2047492 ], [ 80.1032503, 29.2026434 ], [ 80.10238, 29.2006756 ], [ 80.1021966, 29.1994355 ], [ 80.1002617, 29.1974684 ], [ 80.0992038, 29.197405 ], [ 80.0982199, 29.1985578 ], [ 80.0955213, 29.1995677 ], [ 80.094591, 29.1993601 ], [ 80.0928013, 29.1964166 ], [ 80.0932748, 29.1954883 ], [ 80.0949699, 29.1941669 ], [ 80.0947598, 29.193599 ], [ 80.0866733, 29.1932435 ], [ 80.0854699, 29.1936683 ], [ 80.0844312, 29.194981 ], [ 80.0845335, 29.1977255 ], [ 80.0839228, 29.1982299 ], [ 80.0831932, 29.1981903 ], [ 80.0822445, 29.1976386 ], [ 80.0803821, 29.194671 ], [ 80.0795019, 29.1941274 ], [ 80.0787451, 29.1942558 ], [ 80.0766031, 29.1958492 ], [ 80.0718531, 29.1977237 ], [ 80.0681689, 29.1978453 ], [ 80.0582242, 29.1972652 ], [ 80.0566287, 29.1982259 ], [ 80.0558181, 29.2003546 ], [ 80.0537573, 29.2008994 ], [ 80.0529187, 29.2016838 ], [ 80.0522942, 29.2031667 ], [ 80.0546896, 29.2038556 ], [ 80.0575417, 29.2036461 ], [ 80.0596819, 29.2059392 ], [ 80.0618218, 29.2072056 ], [ 80.0629196, 29.2089376 ], [ 80.0652975, 29.2107012 ], [ 80.0697224, 29.2110201 ], [ 80.0704358, 29.2116775 ], [ 80.0717342, 29.2120138 ], [ 80.0740394, 29.2143225 ], [ 80.0754479, 29.2150437 ], [ 80.0778617, 29.2155398 ], [ 80.0778624, 29.2166627 ], [ 80.0772962, 29.2176735 ], [ 80.0783024, 29.2183147 ], [ 80.0791065, 29.2176245 ], [ 80.0803133, 29.2176721 ], [ 80.083476, 29.2168684 ], [ 80.0853599, 29.2175091 ], [ 80.0868051, 29.2185028 ], [ 80.0868419, 29.2188236 ], [ 80.084795, 29.2203966 ], [ 80.0849598, 29.2206532 ], [ 80.0889825, 29.2205227 ] ] ] } },
{ "type": "Feature", "properties": { "gp_code": "", "gp_name": "", "blkname": "CHAMPAWAT", "dtname": "Champawat", "SHAPE_Area": 377909.48120177648 }, "geometry": { "type": "Polygon", "coordinates": [ [ [ 80.1172179, 29.1987691 ], [ 80.1171274, 29.1995692 ], [ 80.1198293, 29.2022397 ], [ 80.120468, 29.2024473 ], [ 80.1226192, 29.2015335 ], [ 80.1234938, 29.2006207 ], [ 80.1238576, 29.1996282 ], [ 80.1235821, 29.1976441 ], [ 80.1222135, 29.196957 ], [ 80.1207544, 29.1969581 ], [ 80.1186213, 29.1977118 ], [ 80.1172179, 29.1987691 ] ] ] } },
{ "type": "Feature", "properties": { "gp_code": "", "gp_name": "", "blkname": "CHAMPAWAT", "dtname": "Champawat", "SHAPE_Area": 113914.66374231178 }, "geometry": { "type": "Polygon", "coordinates": [ [ [ 80.1162065, 29.1900642 ], [ 80.1168661, 29.1933444 ], [ 80.1175779, 29.1937279 ], [ 80.1196357, 29.1905738 ], [ 80.118541, 29.1901504 ], [ 80.1162065, 29.1900642 ] ] ] } },
{ "type": "Feature", "properties": { "gp_code": "", "gp_name": "", "blkname": "CHAMPAWAT", "dtname": "Champawat", "SHAPE_Area": 172251.47405261252 }, "geometry": { "type": "Polygon", "coordinates": [ [ [ 80.1192773, 29.1783715 ], [ 80.1181113, 29.1794766 ], [ 80.1170357, 29.1798455 ], [ 80.1171467, 29.1814617 ], [ 80.1179865, 29.1824373 ], [ 80.1186977, 29.1824367 ], [ 80.1200646, 29.1816676 ], [ 80.1211581, 29.1808986 ], [ 80.1216131, 29.1800821 ], [ 80.1207915, 29.1790745 ], [ 80.1192773, 29.1783715 ] ] ] } },
{ "type": "Feature", "properties": { "gp_code": "22762", "gp_name": "SIYALA", "blkname": "CHAMPAWAT", "dtname": "Champawat", "SHAPE_Area": 3771984.270475056 }, "geometry": { "type": "Polygon", "coordinates": [ [ [ 80.1258593, 29.1684042 ], [ 80.1290313, 29.1676175 ], [ 80.1355681, 29.1675241 ], [ 80.1373716, 29.1660342 ], [ 80.137196, 29.1639138 ], [ 80.1353609, 29.1615067 ], [ 80.1292753, 29.1568787 ], [ 80.1266126, 29.1560806 ], [ 80.1235678, 29.156083 ], [ 80.1203029, 29.1547731 ], [ 80.1162186, 29.15452 ], [ 80.1059743, 29.1570879 ], [ 80.1091299, 29.1585741 ], [ 80.1138433, 29.1588589 ], [ 80.1195515, 29.1602471 ], [ 80.1176203, 29.1618168 ], [ 80.1145574, 29.1622032 ], [ 80.1090324, 29.1617749 ], [ 80.1051863, 29.1630419 ], [ 80.102816, 29.1630594 ], [ 80.1079244, 29.1665128 ], [ 80.10848, 29.1659683 ], [ 80.10877, 29.1640317 ], [ 80.1116891, 29.1659021 ], [ 80.1122726, 29.1659497 ], [ 80.1138032, 29.1647964 ], [ 80.1157356, 29.1643789 ], [ 80.1169019, 29.1636418 ], [ 80.1186346, 29.1642327 ], [ 80.1214635, 29.1670792 ], [ 80.1232512, 29.1677821 ], [ 80.1258593, 29.1684042 ] ] ] } },
{ "type": "Feature", "properties": { "gp_code": "22717", "gp_name": "JAUL", "blkname": "CHAMPAWAT", "dtname": "Champawat", "SHAPE_Area": 1626148.0591215671 }, "geometry": { "type": "Polygon", "coordinates": [ [ [ 80.1079244, 29.1665128 ], [ 80.102816, 29.1630594 ], [ 80.1051863, 29.1630419 ], [ 80.1090324, 29.1617749 ], [ 80.1145574, 29.1622032 ], [ 80.1171463, 29.1619612 ], [ 80.1180577, 29.1615925 ], [ 80.1195515, 29.1602471 ], [ 80.1138433, 29.1588589 ], [ 80.1091299, 29.1585741 ], [ 80.1059743, 29.1570879 ], [ 80.1042229, 29.1557926 ], [ 80.1028187, 29.1553454 ], [ 80.1018889, 29.1554421 ], [ 80.0990465, 29.1577484 ], [ 80.0984822, 29.1589011 ], [ 80.0991865, 29.1617174 ], [ 80.0990046, 29.1624057 ], [ 80.0985129, 29.1630141 ], [ 80.0962524, 29.1635356 ], [ 80.0970557, 29.1649275 ], [ 80.0984604, 29.1658628 ], [ 80.1010495, 29.1656371 ], [ 80.1009575, 29.164677 ], [ 80.1016321, 29.1646125 ], [ 80.1070867, 29.1677937 ], [ 80.1078155, 29.1671851 ], [ 80.1079244, 29.1665128 ] ] ] } },
{ "type": "Feature", "properties": { "gp_code": "", "gp_name": "", "blkname": "CHAMPAWAT", "dtname": "Champawat", "SHAPE_Area": 62898.367825258414 }, "geometry": { "type": "Polygon", "coordinates": [ [ [ 80.1039749, 29.1752455 ], [ 80.1031726, 29.175166 ], [ 80.1026991, 29.1759345 ], [ 80.1037942, 29.177086 ], [ 80.1051986, 29.1773731 ], [ 80.1057815, 29.1767166 ], [ 80.1056718, 29.1763646 ], [ 80.1039749, 29.1752455 ] ] ] } },
{ "type": "Feature", "properties": { "gp_code": "", "gp_name": "", "blkname": "CHAMPAWAT", "dtname": "Champawat", "SHAPE_Area": 88198.303994951857 }, "geometry": { "type": "Polygon", "coordinates": [ [ [ 80.1076986, 29.1794679 ], [ 80.1063662, 29.1780605 ], [ 80.1051261, 29.1779494 ], [ 80.1043791, 29.178734 ], [ 80.1047268, 29.180142 ], [ 80.1052193, 29.1803818 ], [ 80.1074439, 29.1801243 ], [ 80.1076986, 29.1794679 ] ] ] } },
{ "type": "Feature", "properties": { "gp_code": "22758", "gp_name": "SILAR", "blkname": "CHAMPAWAT", "dtname": "Champawat", "SHAPE_Area": 4502979.7644698871 }, "geometry": { "type": "Polygon", "coordinates": [ [ [ 80.1147845, 29.1905933 ], [ 80.1136346, 29.1895859 ], [ 80.1106617, 29.1893319 ], [ 80.1093663, 29.1887407 ], [ 80.1084172, 29.1878292 ], [ 80.108435, 29.1873971 ], [ 80.1101122, 29.1866438 ], [ 80.106095, 29.1808853 ], [ 80.1036152, 29.181143 ], [ 80.1007872, 29.1794645 ], [ 80.0997667, 29.1802172 ], [ 80.0994759, 29.1814497 ], [ 80.0987291, 29.1825864 ], [ 80.0969964, 29.1822754 ], [ 80.0970132, 29.180451 ], [ 80.0974495, 29.1786423 ], [ 80.0973026, 29.1774102 ], [ 80.0965539, 29.1760504 ], [ 80.0969722, 29.1746577 ], [ 80.0968623, 29.1740497 ], [ 80.0962048, 29.1727218 ], [ 80.0974027, 29.1657114 ], [ 80.0962524, 29.1635356 ], [ 80.0945023, 29.1641768 ], [ 80.092158, 29.1664608 ], [ 80.0910217, 29.1654375 ], [ 80.0906185, 29.163939 ], [ 80.0872617, 29.1614282 ], [ 80.0856762, 29.1625013 ], [ 80.0852762, 29.16415 ], [ 80.0839087, 29.1642148 ], [ 80.0834168, 29.1648071 ], [ 80.0826147, 29.1650956 ], [ 80.0825057, 29.1656237 ], [ 80.0837279, 29.1664553 ], [ 80.085296, 29.1663104 ], [ 80.0863175, 29.1670141 ], [ 80.0869737, 29.1666937 ], [ 80.0881407, 29.166725 ], [ 80.0886517, 29.1673008 ], [ 80.0902991, 29.1680149 ], [ 80.0893091, 29.1687568 ], [ 80.0888906, 29.1699094 ], [ 80.09068, 29.1731891 ], [ 80.0906805, 29.1738613 ], [ 80.0901336, 29.1741817 ], [ 80.0888206, 29.1739584 ], [ 80.0881279, 29.1743428 ], [ 80.087946, 29.175015 ], [ 80.0882395, 29.1773034 ], [ 80.0867084, 29.1784244 ], [ 80.0865994, 29.1788726 ], [ 80.0925462, 29.1814779 ], [ 80.0930207, 29.1820217 ], [ 80.0927841, 29.1826459 ], [ 80.0919454, 29.1829185 ], [ 80.0903404, 29.1825354 ], [ 80.0901036, 29.1829195 ], [ 80.0904506, 29.1836075 ], [ 80.0942094, 29.1863739 ], [ 80.0938905, 29.1866862 ], [ 80.0926957, 29.1862708 ], [ 80.0922673, 29.1865191 ], [ 80.0923227, 29.1875033 ], [ 80.0928249, 29.1884071 ], [ 80.0950499, 29.1884938 ], [ 80.095497, 29.1888536 ], [ 80.095088, 29.1904542 ], [ 80.0937112, 29.1906711 ], [ 80.0930544, 29.1903754 ], [ 80.0928708, 29.1887351 ], [ 80.0921147, 29.1897838 ], [ 80.0887973, 29.1922661 ], [ 80.0879956, 29.1932988 ], [ 80.0906585, 29.1936094 ], [ 80.0943789, 29.1934232 ], [ 80.0971294, 29.1889967 ], [ 80.0971645, 29.1872843 ], [ 80.0981127, 29.1871317 ], [ 80.1018511, 29.1869213 ], [ 80.1022342, 29.1871611 ], [ 80.1028745, 29.1895132 ], [ 80.1035313, 29.1898008 ], [ 80.1064494, 29.1898789 ], [ 80.1102073, 29.1911086 ], [ 80.1113756, 29.1922121 ], [ 80.1110658, 29.1925323 ], [ 80.1110665, 29.1932204 ], [ 80.113967, 29.1940986 ], [ 80.1147695, 29.1940339 ], [ 80.1152246, 29.1931855 ], [ 80.1147845, 29.1905933 ] ] ] } },
{ "type": "Feature", "properties": { "gp_code": "22704", "gp_name": "DHURA", "blkname": "CHAMPAWAT", "dtname": "Champawat", "SHAPE_Area": 1811825.722314666 }, "geometry": { "type": "Polygon", "coordinates": [ [ [ 80.0824395, 29.1756421 ], [ 80.0826575, 29.1745217 ], [ 80.0813799, 29.17289 ], [ 80.0821266, 29.1713533 ], [ 80.0815243, 29.1705215 ], [ 80.069142, 29.1687188 ], [ 80.0662975, 29.1687361 ], [ 80.0659512, 29.1690083 ], [ 80.0650591, 29.1716012 ], [ 80.066064, 29.1751537 ], [ 80.0698206, 29.1756161 ], [ 80.0693105, 29.1763366 ], [ 80.0694566, 29.1768806 ], [ 80.0709165, 29.1786243 ], [ 80.0719562, 29.179136 ], [ 80.0763683, 29.1776296 ], [ 80.08151, 29.1764267 ], [ 80.0824395, 29.1756421 ] ] ] } },
{ "type": "Feature", "properties": { "gp_code": "", "gp_name": "", "blkname": "CHAMPAWAT", "dtname": "Champawat", "SHAPE_Area": 481697.0534117283 }, "geometry": { "type": "Polygon", "coordinates": [ [ [ 80.0697275, 29.1601486 ], [ 80.0691353, 29.1607249 ], [ 80.0690637, 29.1630215 ], [ 80.069411, 29.1645738 ], [ 80.0697574, 29.1646697 ], [ 80.0711795, 29.1643649 ], [ 80.074717, 29.1647794 ], [ 80.0764307, 29.1643465 ], [ 80.0774057, 29.1634578 ], [ 80.07725, 29.1623536 ], [ 80.0782153, 29.1605287 ], [ 80.0778411, 29.1599767 ], [ 80.0771572, 29.1597691 ], [ 80.0738031, 29.1610269 ], [ 80.0697275, 29.1601486 ] ] ] } },
{ "type": "Feature", "properties": { "gp_code": "", "gp_name": "", "blkname": "CHAMPAWAT", "dtname": "Champawat", "SHAPE_Area": 254148.58747345093 }, "geometry": { "type": "Polygon", "coordinates": [ [ [ 80.1400986, 29.158926 ], [ 80.1374771, 29.1625773 ], [ 80.1391921, 29.163488 ], [ 80.1411251, 29.1636783 ], [ 80.1416899, 29.1632938 ], [ 80.1428181, 29.1613403 ], [ 80.1429621, 29.1597558 ], [ 80.1408643, 29.1588454 ], [ 80.1400986, 29.158926 ] ] ] } },
{ "type": "Feature", "properties": { "gp_code": "22750", "gp_name": "POTH", "blkname": "CHAMPAWAT", "dtname": "Champawat", "SHAPE_Area": 151813.26526232055 }, "geometry": { "type": "Polygon", "coordinates": [ [ [ 80.1491566, 29.1784905 ], [ 80.1471324, 29.1784924 ], [ 80.1469547, 29.1823174 ], [ 80.1472105, 29.1827331 ], [ 80.148578, 29.1825879 ], [ 80.1494153, 29.1813388 ], [ 80.1500145, 29.1792418 ], [ 80.1491566, 29.1784905 ] ] ] } },
{ "type": "Feature", "properties": { "gp_code": "", "gp_name": "", "blkname": "CHAMPAWAT", "dtname": "Champawat", "SHAPE_Area": 149149.83149472772 }, "geometry": { "type": "Polygon", "coordinates": [ [ [ 80.1545942, 29.1811739 ], [ 80.1524958, 29.1801036 ], [ 80.1512926, 29.1804568 ], [ 80.1504553, 29.1817379 ], [ 80.1500925, 29.1832906 ], [ 80.1502936, 29.1837545 ], [ 80.1511693, 29.1840097 ], [ 80.1520979, 29.1828406 ], [ 80.1541399, 29.1824386 ], [ 80.1547224, 29.1816219 ], [ 80.1545942, 29.1811739 ] ] ] } },
{ "type": "Feature", "properties": { "gp_code": "22750", "gp_name": "POTH", "blkname": "CHAMPAWAT", "dtname": "Champawat", "SHAPE_Area": 420766.2333258288 }, "geometry": { "type": "Polygon", "coordinates": [ [ [ 80.1581186, 29.1635665 ], [ 80.1570793, 29.1636315 ], [ 80.1535984, 29.1649952 ], [ 80.1497518, 29.1655429 ], [ 80.1496619, 29.1665833 ], [ 80.1517256, 29.169238 ], [ 80.1532582, 29.1699887 ], [ 80.1539691, 29.16986 ], [ 80.1546432, 29.1693793 ], [ 80.1554253, 29.1677781 ], [ 80.158576, 29.1648463 ], [ 80.1587031, 29.1643341 ], [ 80.1581186, 29.1635665 ] ] ] } },
{ "type": "Feature", "properties": { "gp_code": "22750", "gp_name": "POTH", "blkname": "CHAMPAWAT", "dtname": "Champawat", "SHAPE_Area": 304300.41508111492 }, "geometry": { "type": "Polygon", "coordinates": [ [ [ 80.1640903, 29.1774996 ], [ 80.1633773, 29.176092 ], [ 80.1621186, 29.1757573 ], [ 80.1569779, 29.1770267 ], [ 80.1565047, 29.1777953 ], [ 80.1578199, 29.1794904 ], [ 80.1588601, 29.1801775 ], [ 80.1596991, 29.1802407 ], [ 80.1607927, 29.1798395 ], [ 80.1611019, 29.179183 ], [ 80.1636534, 29.1780122 ], [ 80.1640903, 29.1774996 ] ] ] } },
{ "type": "Feature", "properties": { "gp_code": "22750", "gp_name": "POTH", "blkname": "CHAMPAWAT", "dtname": "Champawat", "SHAPE_Area": 445291.70222685806 }, "geometry": { "type": "Polygon", "coordinates": [ [ [ 80.1791733, 29.1853012 ], [ 80.1745041, 29.1848902 ], [ 80.1734287, 29.1852915 ], [ 80.1729595, 29.1888287 ], [ 80.1733622, 29.1897885 ], [ 80.173782, 29.190044 ], [ 80.1778128, 29.1902957 ], [ 80.1790157, 29.1898303 ], [ 80.179471, 29.1893337 ], [ 80.1795589, 29.1870611 ], [ 80.1791733, 29.1853012 ] ] ] } },
{ "type": "Feature", "properties": { "gp_code": "", "gp_name": "", "blkname": "CHAMPAWAT", "dtname": "Champawat", "SHAPE_Area": 381949.66049436777 }, "geometry": { "type": "Polygon", "coordinates": [ [ [ 80.1840212, 29.1648991 ], [ 80.1835659, 29.1652517 ], [ 80.1828571, 29.1668369 ], [ 80.1815275, 29.1677826 ], [ 80.1814554, 29.1684229 ], [ 80.181912, 29.1689185 ], [ 80.1832623, 29.169541 ], [ 80.1884605, 29.1704633 ], [ 80.1898097, 29.1703016 ], [ 80.1901371, 29.1698531 ], [ 80.1900266, 29.169117 ], [ 80.1893509, 29.1684457 ], [ 80.1855355, 29.1655215 ], [ 80.1840212, 29.1648991 ] ] ] } },
{ "type": "Feature", "properties": { "gp_code": "", "gp_name": "", "blkname": "CHAMPAWAT", "dtname": "Champawat", "SHAPE_Area": 113794.25563422556 }, "geometry": { "type": "Polygon", "coordinates": [ [ [ 80.1877387, 29.1514514 ], [ 80.1857507, 29.1510296 ], [ 80.1851707, 29.1532628 ], [ 80.1865574, 29.1539894 ], [ 80.1883264, 29.1542434 ], [ 80.1881955, 29.152139 ], [ 80.1877387, 29.1514514 ] ] ] } },
{ "type": "Feature", "properties": { "gp_code": "", "gp_name": "", "blkname": "CHAMPAWAT", "dtname": "Champawat", "SHAPE_Area": 872373.42784750287 }, "geometry": { "type": "Polygon", "coordinates": [ [ [ 80.1660049, 29.1239122 ], [ 80.1661796, 29.1209575 ], [ 80.1653336, 29.1188062 ], [ 80.1641565, 29.1175262 ], [ 80.1618427, 29.1159964 ], [ 80.1580658, 29.1127052 ], [ 80.1539473, 29.1099872 ], [ 80.1503683, 29.1065753 ], [ 80.1465576, 29.1041652 ], [ 80.1463023, 29.1056079 ], [ 80.1455551, 29.1056246 ], [ 80.1465589, 29.106856 ], [ 80.1480403, 29.1111442 ], [ 80.1555958, 29.1118253 ], [ 80.1576744, 29.1125915 ], [ 80.1587692, 29.1135507 ], [ 80.1609607, 29.1168456 ], [ 80.1616916, 29.1182533 ], [ 80.1619856, 29.1200776 ], [ 80.163593, 29.1226367 ], [ 80.1650381, 29.1239222 ], [ 80.1660049, 29.1239122 ] ] ] } },
{ "type": "Feature", "properties": { "gp_code": "22769", "gp_name": "UCHOULI GUNTH", "blkname": "CHAMPAWAT", "dtname": "Champawat", "SHAPE_Area": 2197729.83178108 }, "geometry": { "type": "Polygon", "coordinates": [ [ [ 80.1480403, 29.1111442 ], [ 80.1470167, 29.1086963 ], [ 80.1465589, 29.106856 ], [ 80.1455551, 29.1056246 ], [ 80.1463023, 29.1056079 ], [ 80.1465576, 29.1041652 ], [ 80.1454853, 29.1030929 ], [ 80.1437928, 29.1025371 ], [ 80.1412015, 29.0995383 ], [ 80.139272, 29.1016048 ], [ 80.1384538, 29.103254 ], [ 80.1351989, 29.1015922 ], [ 80.129384, 29.1003727 ], [ 80.1287647, 29.1005972 ], [ 80.1283922, 29.1016379 ], [ 80.126389, 29.103048 ], [ 80.1232914, 29.1036586 ], [ 80.1208505, 29.1049089 ], [ 80.1232219, 29.1071478 ], [ 80.1264677, 29.1088099 ], [ 80.1274883, 29.1086811 ], [ 80.1284354, 29.1081361 ], [ 80.1301831, 29.1064061 ], [ 80.1365704, 29.1058726 ], [ 80.1374825, 29.106528 ], [ 80.1375765, 29.1091209 ], [ 80.1386528, 29.1100482 ], [ 80.1424073, 29.1100929 ], [ 80.1480403, 29.1111442 ] ] ] } },
{ "type": "Feature", "properties": { "gp_code": "22734", "gp_name": "MANIHAR GUNTH", "blkname": "CHAMPAWAT", "dtname": "Champawat", "SHAPE_Area": 1566759.4463089614 }, "geometry": { "type": "Polygon", "coordinates": [ [ [ 80.1100873, 29.0625244 ], [ 80.1131115, 29.0624423 ], [ 80.114277, 29.0618492 ], [ 80.1082564, 29.0522974 ], [ 80.1008974, 29.0530385 ], [ 80.0978558, 29.0538727 ], [ 80.0978562, 29.0543209 ], [ 80.1034021, 29.0637935 ], [ 80.1058244, 29.0627515 ], [ 80.1079182, 29.0612935 ], [ 80.1084466, 29.0613091 ], [ 80.1100873, 29.0625244 ] ] ] } },
{ "type": "Feature", "properties": { "gp_code": "", "gp_name": "", "blkname": "CHAMPAWAT", "dtname": "Champawat", "SHAPE_Area": 41094383.399563447 }, "geometry": { "type": "Polygon", "coordinates": [ [ [ 80.1454853, 29.1030929 ], [ 80.1428679, 29.0995231 ], [ 80.1429426, 29.0985365 ], [ 80.1294154, 29.0627214 ], [ 80.1371846, 29.0604693 ], [ 80.1263687, 29.031939 ], [ 80.1312425, 29.0304994 ], [ 80.1245046, 29.0130695 ], [ 80.1362484, 29.0095873 ], [ 80.1354186, 29.0073961 ], [ 80.1266872, 29.0061064 ], [ 80.1179243, 28.9815475 ], [ 80.100547, 28.9869038 ], [ 80.0978027, 28.9796366 ], [ 80.0874409, 28.9832197 ], [ 80.0886991, 28.9849055 ], [ 80.0849699, 28.9885773 ], [ 80.0843734, 28.9895176 ], [ 80.0820469, 28.9892722 ], [ 80.0811212, 28.990917 ], [ 80.0800725, 28.9907482 ], [ 80.0798532, 28.9918124 ], [ 80.0784919, 28.9939929 ], [ 80.0781198, 28.9954958 ], [ 80.0772601, 28.9962804 ], [ 80.0780666, 28.9984459 ], [ 80.0786166, 28.9985838 ], [ 80.0795128, 28.9998547 ], [ 80.0818841, 29.0000984 ], [ 80.0827452, 29.0005246 ], [ 80.0833151, 29.0018281 ], [ 80.0843201, 29.0071104 ], [ 80.085833, 29.0091105 ], [ 80.0904973, 29.0122616 ], [ 80.0939404, 29.0138604 ], [ 80.0970019, 29.0163558 ], [ 80.0969477, 29.0169001 ], [ 80.0950197, 29.0201348 ], [ 80.0969944, 29.0241156 ], [ 80.0978139, 29.0240351 ], [ 80.1011562, 29.0354944 ], [ 80.1030531, 29.0385346 ], [ 80.105371, 29.0439116 ], [ 80.1086399, 29.0532255 ], [ 80.114277, 29.0618492 ], [ 80.1152873, 29.0610162 ], [ 80.1160522, 29.0607595 ], [ 80.116508, 29.0610473 ], [ 80.1231672, 29.0706303 ], [ 80.124518, 29.0731422 ], [ 80.1248473, 29.0743745 ], [ 80.1247208, 29.075479 ], [ 80.1253054, 29.0769991 ], [ 80.1241406, 29.0782486 ], [ 80.1239955, 29.078937 ], [ 80.138027, 29.096468 ], [ 80.1437928, 29.1025371 ], [ 80.1454853, 29.1030929 ] ] ] } },
{ "type": "Feature", "properties": { "gp_code": "22755", "gp_name": "SAILANI GUNTH", "blkname": "CHAMPAWAT", "dtname": "Champawat", "SHAPE_Area": 755707.97984128213 }, "geometry": { "type": "Polygon", "coordinates": [ [ [ 80.0978139, 29.0240351 ], [ 80.0973038, 29.0238913 ], [ 80.0963211, 29.0248844 ], [ 80.0954124, 29.0274302 ], [ 80.0949391, 29.0277346 ], [ 80.0934274, 29.0277835 ], [ 80.0921893, 29.0283445 ], [ 80.0951979, 29.0327288 ], [ 80.0970208, 29.0344726 ], [ 80.09828, 29.0376093 ], [ 80.1011562, 29.0354944 ], [ 80.0978139, 29.0240351 ] ] ] } },
{ "type": "Feature", "properties": { "gp_code": "22747", "gp_name": "PHAGPUR", "blkname": "CHAMPAWAT", "dtname": "Champawat", "SHAPE_Area": 1119851.5654979246 }, "geometry": { "type": "Polygon", "coordinates": [ [ [ 80.0921893, 29.0283445 ], [ 80.0934274, 29.0277835 ], [ 80.0949391, 29.0277346 ], [ 80.0954124, 29.0274302 ], [ 80.0963211, 29.0248844 ], [ 80.0969944, 29.0241156 ], [ 80.0950197, 29.0201348 ], [ 80.0909206, 29.0182483 ], [ 80.0889898, 29.0178172 ], [ 80.0871336, 29.0198193 ], [ 80.0854043, 29.0210207 ], [ 80.0899312, 29.028794 ], [ 80.0913511, 29.0279128 ], [ 80.0921893, 29.0283445 ] ] ] } },
{ "type": "Feature", "properties": { "gp_code": "260384", "gp_name": "CHANDANI", "blkname": "CHAMPAWAT", "dtname": "Champawat", "SHAPE_Area": 2470532.3727186578 }, "geometry": { "type": "Polygon", "coordinates": [ [ [ 80.0753348, 29.0034904 ], [ 80.072769, 28.9971317 ], [ 80.0703681, 28.9930964 ], [ 80.0674635, 28.9924888 ], [ 80.0647439, 28.9924796 ], [ 80.0628644, 28.9969082 ], [ 80.0632931, 28.9973875 ], [ 80.0652104, 28.9958386 ], [ 80.0659652, 28.9961424 ], [ 80.0648034, 28.9992942 ], [ 80.0651725, 29.0008974 ], [ 80.06671, 29.0017097 ], [ 80.0683543, 29.0015165 ], [ 80.0695126, 29.0027472 ], [ 80.0722873, 29.0141758 ], [ 80.0732173, 29.0163525 ], [ 80.0755303, 29.0164475 ], [ 80.0814666, 29.015308 ], [ 80.0753348, 29.0034904 ] ] ] } },
{ "type": "Feature", "properties": { "gp_code": "", "gp_name": "", "blkname": "CHAMPAWAT", "dtname": "Champawat", "SHAPE_Area": 618376.42333126231 }, "geometry": { "type": "Polygon", "coordinates": [ [ [ 80.09828, 29.0376093 ], [ 80.0970208, 29.0344726 ], [ 80.0951979, 29.0327288 ], [ 80.0921893, 29.0283445 ], [ 80.0913511, 29.0279128 ], [ 80.0895124, 29.0289864 ], [ 80.0923395, 29.0343313 ], [ 80.0949306, 29.0404125 ], [ 80.0968059, 29.0392429 ], [ 80.09828, 29.0376093 ] ] ] } },
{ "type": "Feature", "properties": { "gp_code": "", "gp_name": "", "blkname": "CHAMPAWAT", "dtname": "Champawat", "SHAPE_Area": 2628117.310399475 }, "geometry": { "type": "Polygon", "coordinates": [ [ [ 80.1082564, 29.0522974 ], [ 80.105371, 29.0439116 ], [ 80.1030531, 29.0385346 ], [ 80.1011562, 29.0354944 ], [ 80.0986439, 29.0371448 ], [ 80.0968059, 29.0392429 ], [ 80.0956044, 29.040108 ], [ 80.0931639, 29.0406857 ], [ 80.0901411, 29.041952 ], [ 80.0899592, 29.0423844 ], [ 80.0902328, 29.0428483 ], [ 80.0978558, 29.0538727 ], [ 80.1008974, 29.0530385 ], [ 80.1082564, 29.0522974 ] ] ] } },
{ "type": "Feature", "properties": { "gp_code": "22697", "gp_name": "CHENI GUNTH TALLI", "blkname": "CHAMPAWAT", "dtname": "Champawat", "SHAPE_Area": 627878.61059878231 }, "geometry": { "type": "Polygon", "coordinates": [ [ [ 80.0858352, 29.0580495 ], [ 80.0827927, 29.057891 ], [ 80.0790445, 29.0509539 ], [ 80.0771253, 29.0552687 ], [ 80.0786934, 29.0573488 ], [ 80.0801268, 29.0623902 ], [ 80.0846904, 29.0622118 ], [ 80.0847621, 29.0605471 ], [ 80.0852718, 29.0599866 ], [ 80.0858352, 29.0580495 ] ] ] } },
{ "type": "Feature", "properties": { "gp_code": "", "gp_name": "", "blkname": "CHAMPAWAT", "dtname": "Champawat", "SHAPE_Area": 219889.31441666634 }, "geometry": { "type": "Polygon", "coordinates": [ [ [ 80.0846904, 29.0622118 ], [ 80.0801268, 29.0623902 ], [ 80.0805009, 29.0634145 ], [ 80.0800835, 29.0659277 ], [ 80.0803391, 29.0666719 ], [ 80.0812683, 29.0667675 ], [ 80.0846736, 29.0642687 ], [ 80.0846904, 29.0622118 ] ] ] } },
{ "type": "Feature", "properties": { "gp_code": "260256", "gp_name": "Tanakpur", "blkname": "CHAMPAWAT", "dtname": "Champawat", "SHAPE_Area": 1978217.8226946709 }, "geometry": { "type": "Polygon", "coordinates": [ [ [ 80.1099889, 29.0747216 ], [ 80.1091489, 29.0726733 ], [ 80.1011868, 29.0728226 ], [ 80.0997798, 29.0677174 ], [ 80.0989403, 29.0659732 ], [ 80.0970461, 29.0666467 ], [ 80.0941859, 29.0669685 ], [ 80.0863712, 29.0689097 ], [ 80.0812683, 29.0667675 ], [ 80.0803391, 29.0666719 ], [ 80.0799566, 29.0669682 ], [ 80.0914581, 29.0738368 ], [ 80.0965077, 29.0771472 ], [ 80.0977661, 29.078635 ], [ 80.0995686, 29.0769052 ], [ 80.101918, 29.0756873 ], [ 80.1099889, 29.0747216 ] ] ] } },
{ "type": "Feature", "properties": { "gp_code": "260258", "gp_name": "gayan khera", "blkname": "CHAMPAWAT", "dtname": "Champawat", "SHAPE_Area": 1302651.3778657459 }, "geometry": { "type": "Polygon", "coordinates": [ [ [ 80.1011868, 29.0728226 ], [ 80.1111165, 29.0724318 ], [ 80.1081411, 29.0661113 ], [ 80.1113008, 29.0646685 ], [ 80.1100873, 29.0625244 ], [ 80.1084466, 29.0613091 ], [ 80.1079182, 29.0612935 ], [ 80.1058244, 29.0627515 ], [ 80.1028194, 29.064098 ], [ 80.1013448, 29.0655075 ], [ 80.0989403, 29.0659732 ], [ 80.0997798, 29.0677174 ], [ 80.1011868, 29.0728226 ] ] ] } },
{ "type": "Feature", "properties": { "gp_code": "", "gp_name": "", "blkname": "CHAMPAWAT", "dtname": "Champawat", "SHAPE_Area": 2767793.6927658482 }, "geometry": { "type": "Polygon", "coordinates": [ [ [ 80.1241406, 29.0782486 ], [ 80.1253054, 29.0769991 ], [ 80.1247208, 29.075479 ], [ 80.1248473, 29.0743745 ], [ 80.124518, 29.0731422 ], [ 80.1231672, 29.0706303 ], [ 80.116508, 29.0610473 ], [ 80.1160522, 29.0607595 ], [ 80.1152873, 29.0610162 ], [ 80.1131115, 29.0624423 ], [ 80.1100873, 29.0625244 ], [ 80.1112645, 29.0648166 ], [ 80.1081411, 29.0661113 ], [ 80.1111165, 29.0724318 ], [ 80.1091489, 29.0726733 ], [ 80.1101806, 29.0752016 ], [ 80.1109099, 29.0756653 ], [ 80.1120959, 29.0774892 ], [ 80.113809, 29.0778721 ], [ 80.1161423, 29.0789749 ], [ 80.1195119, 29.0776758 ], [ 80.1209877, 29.0776107 ], [ 80.1232842, 29.0783132 ], [ 80.1241406, 29.0782486 ] ] ] } },
{ "type": "Feature", "properties": { "gp_code": "22768", "gp_name": "THUWAL KHERA", "blkname": "CHAMPAWAT", "dtname": "Champawat", "SHAPE_Area": 1074810.762687732 }, "geometry": { "type": "Polygon", "coordinates": [ [ [ 80.1203071, 29.0896959 ], [ 80.1212718, 29.0886068 ], [ 80.1229853, 29.0892297 ], [ 80.1240415, 29.0884606 ], [ 80.1248399, 29.0850987 ], [ 80.1261143, 29.0839292 ], [ 80.1270056, 29.082552 ], [ 80.1239955, 29.078937 ], [ 80.122868, 29.0812106 ], [ 80.1220489, 29.0820276 ], [ 80.1203367, 29.0827492 ], [ 80.1191173, 29.0841587 ], [ 80.1173529, 29.0874252 ], [ 80.1141655, 29.0890921 ], [ 80.1135657, 29.0906771 ], [ 80.1176321, 29.0936032 ], [ 80.1195076, 29.0919692 ], [ 80.1203071, 29.0896959 ] ] ] } },
{ "type": "Feature", "properties": { "gp_code": "260320", "gp_name": "gainda khali No3", "blkname": "CHAMPAWAT", "dtname": "Champawat", "SHAPE_Area": 4091353.3761542789 }, "geometry": { "type": "Polygon", "coordinates": [ [ [ 80.1287647, 29.1005972 ], [ 80.129384, 29.1003727 ], [ 80.1351989, 29.1015922 ], [ 80.1384538, 29.103254 ], [ 80.139272, 29.1016048 ], [ 80.1412015, 29.0995383 ], [ 80.138027, 29.096468 ], [ 80.1270056, 29.082552 ], [ 80.1261143, 29.0839292 ], [ 80.1248399, 29.0850987 ], [ 80.1240415, 29.0884606 ], [ 80.1229853, 29.0892297 ], [ 80.1212718, 29.0886068 ], [ 80.1203071, 29.0896959 ], [ 80.1195076, 29.0919692 ], [ 80.1182332, 29.0933307 ], [ 80.1176321, 29.0936032 ], [ 80.1163558, 29.092868 ], [ 80.1163963, 29.0971094 ], [ 80.1167441, 29.0988298 ], [ 80.1174563, 29.1003018 ], [ 80.1188436, 29.1026696 ], [ 80.1208505, 29.1049089 ], [ 80.1232914, 29.1036586 ], [ 80.126389, 29.103048 ], [ 80.1283922, 29.1016379 ], [ 80.1287647, 29.1005972 ] ] ] } },
{ "type": "Feature", "properties": { "gp_code": "22742", "gp_name": "NAYAK GUNTH", "blkname": "CHAMPAWAT", "dtname": "Champawat", "SHAPE_Area": 2048331.8823238791 }, "geometry": { "type": "Polygon", "coordinates": [ [ [ 80.1207922, 29.0825568 ], [ 80.1220489, 29.0820276 ], [ 80.122868, 29.0812106 ], [ 80.1241406, 29.0782486 ], [ 80.1232842, 29.0783132 ], [ 80.1209877, 29.0776107 ], [ 80.1195119, 29.0776758 ], [ 80.1161423, 29.0789749 ], [ 80.113809, 29.0778721 ], [ 80.1120959, 29.0774892 ], [ 80.1107843, 29.0778583 ], [ 80.1052658, 29.0807111 ], [ 80.1033726, 29.0827931 ], [ 80.1077301, 29.0857033 ], [ 80.1135657, 29.0906771 ], [ 80.1141655, 29.0890921 ], [ 80.1173529, 29.0874252 ], [ 80.1191173, 29.0841587 ], [ 80.1207922, 29.0825568 ] ] ] } },
{ "type": "Feature", "properties": { "gp_code": "22737", "gp_name": "MOHANPUR", "blkname": "CHAMPAWAT", "dtname": "Champawat", "SHAPE_Area": 868053.03331835335 }, "geometry": { "type": "Polygon", "coordinates": [ [ [ 80.1120959, 29.0774892 ], [ 80.1099889, 29.0747216 ], [ 80.1074564, 29.0748993 ], [ 80.101918, 29.0756873 ], [ 80.0995686, 29.0769052 ], [ 80.0977661, 29.078635 ], [ 80.1001822, 29.0807783 ], [ 80.1033726, 29.0827931 ], [ 80.1052658, 29.0807111 ], [ 80.1107843, 29.0778583 ], [ 80.1120959, 29.0774892 ] ] ] } },
{ "type": "Feature", "properties": { "gp_code": "22687", "gp_name": "BASTIYA", "blkname": "CHAMPAWAT", "dtname": "Champawat", "SHAPE_Area": 1144645.6192785988 }, "geometry": { "type": "Polygon", "coordinates": [ [ [ 80.0909756, 29.1075223 ], [ 80.0907403, 29.1096352 ], [ 80.089211, 29.1120209 ], [ 80.0870069, 29.1136706 ], [ 80.0857132, 29.1141995 ], [ 80.0840374, 29.1157369 ], [ 80.0836744, 29.1179618 ], [ 80.0843695, 29.1215946 ], [ 80.0850988, 29.1219143 ], [ 80.0863019, 29.1218976 ], [ 80.0886711, 29.1214962 ], [ 80.090656, 29.1190463 ], [ 80.0912548, 29.1152368 ], [ 80.0934225, 29.113683 ], [ 80.0940034, 29.1106736 ], [ 80.0950126, 29.107616 ], [ 80.0926885, 29.1071453 ], [ 80.0909756, 29.1075223 ] ] ] } },
{ "type": "Feature", "properties": { "gp_code": "", "gp_name": "", "blkname": "CHAMPAWAT", "dtname": "Champawat", "SHAPE_Area": 524581613.64700067 }, "geometry": { "type": "Polygon", "coordinates": [ [ [ 80.1883535, 29.2099523 ], [ 80.1899969, 29.2104927 ], [ 80.1954205, 29.2109511 ], [ 80.2010855, 29.2078603 ], [ 80.2040161, 29.2069733 ], [ 80.207672, 29.2067206 ], [ 80.2108494, 29.2055852 ], [ 80.2137097, 29.2049926 ], [ 80.2197144, 29.2045661 ], [ 80.222841, 29.2047167 ], [ 80.224747, 29.2038462 ], [ 80.2258749, 29.2024809 ], [ 80.2271574, 29.1987444 ], [ 80.2280913, 29.1975808 ], [ 80.231445, 29.1964912 ], [ 80.2347119, 29.1962074 ], [ 80.2364608, 29.1964218 ], [ 80.2401206, 29.1983535 ], [ 80.2418894, 29.2005346 ], [ 80.2447096, 29.1990937 ], [ 80.248395, 29.1966617 ], [ 80.2453093, 29.1956477 ], [ 80.2451824, 29.1933932 ], [ 80.2460363, 29.1920498 ], [ 80.248389, 29.1916199 ], [ 80.2503292, 29.19035 ], [ 80.2525644, 29.1903276 ], [ 80.2539634, 29.1906622 ], [ 80.2558466, 29.1895055 ], [ 80.2588723, 29.1867201 ], [ 80.2591157, 29.1857873 ], [ 80.2579723, 29.1846786 ], [ 80.2599379, 29.1792784 ], [ 80.2604324, 29.1764449 ], [ 80.2599882, 29.1746557 ], [ 80.2601058, 29.1724845 ], [ 80.2582149, 29.1706986 ], [ 80.2577377, 29.1693849 ], [ 80.2579867, 29.1686487 ], [ 80.2577147, 29.1668511 ], [ 80.2582494, 29.1647727 ], [ 80.2599982, 29.1614782 ], [ 80.2636213, 29.1563043 ], [ 80.265171, 29.1535071 ], [ 80.2684252, 29.1497746 ], [ 80.2717122, 29.1471434 ], [ 80.2728318, 29.1441413 ], [ 80.2724569, 29.1418855 ], [ 80.2717834, 29.1411282 ], [ 80.2693911, 29.1405986 ], [ 80.2628067, 29.1402851 ], [ 80.2601273, 29.1398019 ], [ 80.2553423, 29.1373485 ], [ 80.2534734, 29.1361005 ], [ 80.251396, 29.1335366 ], [ 80.2501932, 29.1319068 ], [ 80.248347, 29.1280297 ], [ 80.2462553, 29.1269501 ], [ 80.2434192, 29.1265611 ], [ 80.2408851, 29.1244643 ], [ 80.2386779, 29.121245 ], [ 80.2347513, 29.1189006 ], [ 80.2330436, 29.1184875 ], [ 80.2293155, 29.119145 ], [ 80.2261246, 29.1190921 ], [ 80.2238243, 29.1203862 ], [ 80.2208258, 29.1202608 ], [ 80.2131514, 29.1219465 ], [ 80.2112248, 29.1217411 ], [ 80.2096929, 29.1219738 ], [ 80.2083407, 29.1226303 ], [ 80.2054832, 29.1256468 ], [ 80.2043065, 29.128519 ], [ 80.2030891, 29.1296879 ], [ 80.2003988, 29.1304851 ], [ 80.1972023, 29.1305816 ], [ 80.1918315, 29.1329284 ], [ 80.1882843, 29.1352908 ], [ 80.1868922, 29.1366705 ], [ 80.1848297, 29.1372668 ], [ 80.1831904, 29.1371847 ], [ 80.1813926, 29.1355616 ], [ 80.1798783, 29.1328911 ], [ 80.1791974, 29.1304065 ], [ 80.1771468, 29.1281714 ], [ 80.1740667, 29.1268232 ], [ 80.1701973, 29.1268616 ], [ 80.1687201, 29.1265414 ], [ 80.1663263, 29.1246628 ], [ 80.1660049, 29.1239122 ], [ 80.1650381, 29.1239222 ], [ 80.163593, 29.1226367 ], [ 80.1619856, 29.1200776 ], [ 80.1616916, 29.1182533 ], [ 80.1609607, 29.1168456 ], [ 80.1587692, 29.1135507 ], [ 80.1576744, 29.1125915 ], [ 80.1555958, 29.1118253 ], [ 80.1480403, 29.1111442 ], [ 80.1424073, 29.1100929 ], [ 80.1386528, 29.1100482 ], [ 80.1375765, 29.1091209 ], [ 80.1374825, 29.106528 ], [ 80.1365704, 29.1058726 ], [ 80.1301831, 29.1064061 ], [ 80.1284354, 29.1081361 ], [ 80.1274883, 29.1086811 ], [ 80.1264677, 29.1088099 ], [ 80.1232219, 29.1071478 ], [ 80.1188436, 29.1026696 ], [ 80.1167441, 29.0988298 ], [ 80.1163963, 29.0971094 ], [ 80.1163558, 29.092868 ], [ 80.1077301, 29.0857033 ], [ 80.1001822, 29.0807783 ], [ 80.0965077, 29.0771472 ], [ 80.0799566, 29.0669682 ], [ 80.0803391, 29.0666719 ], [ 80.0800835, 29.0659277 ], [ 80.0805009, 29.0634145 ], [ 80.0786934, 29.0573488 ], [ 80.0771253, 29.0552687 ], [ 80.0790445, 29.0509539 ], [ 80.0827927, 29.057891 ], [ 80.0858352, 29.0580495 ], [ 80.0852718, 29.0599866 ], [ 80.0847621, 29.0605471 ], [ 80.0846736, 29.0642687 ], [ 80.0812683, 29.0667675 ], [ 80.0863712, 29.0689097 ], [ 80.0895227, 29.0682677 ], [ 80.0903604, 29.067803 ], [ 80.1004159, 29.0658282 ], [ 80.1019276, 29.065203 ], [ 80.1034021, 29.0637935 ], [ 80.0978562, 29.0543209 ], [ 80.0978558, 29.0538727 ], [ 80.0899592, 29.0423844 ], [ 80.0901411, 29.041952 ], [ 80.0931639, 29.0406857 ], [ 80.0949306, 29.0404125 ], [ 80.0923395, 29.0343313 ], [ 80.0897132, 29.0296425 ], [ 80.0895124, 29.0289864 ], [ 80.0899312, 29.028794 ], [ 80.0873232, 29.0240571 ], [ 80.0814666, 29.015308 ], [ 80.0755303, 29.0164475 ], [ 80.0732173, 29.0163525 ], [ 80.0722873, 29.0141758 ], [ 80.0695126, 29.0027472 ], [ 80.0683543, 29.0015165 ], [ 80.06671, 29.0017097 ], [ 80.0651725, 29.0008974 ], [ 80.0648034, 28.9992942 ], [ 80.0659652, 28.9961424 ], [ 80.0652104, 28.9958386 ], [ 80.0632931, 28.9973875 ], [ 80.0629431, 28.997088 ], [ 80.0648339, 28.992055 ], [ 80.0642955, 28.9901117 ], [ 80.0632273, 28.9887314 ], [ 80.0624701, 28.9890112 ], [ 80.0613865, 28.9878518 ], [ 80.0608686, 28.9881005 ], [ 80.0583008, 28.9852501 ], [ 80.0567425, 28.9841495 ], [ 80.0564399, 28.9833937 ], [ 80.0585899, 28.9826472 ], [ 80.0567754, 28.9790924 ], [ 80.0584033, 28.9781148 ], [ 80.0591906, 28.9749767 ], [ 80.0592204, 28.9728562 ], [ 80.0572232, 28.9700507 ], [ 80.0556226, 28.9761378 ], [ 80.0530945, 28.9791175 ], [ 80.053034, 28.9826423 ], [ 80.0520855, 28.9827668 ], [ 80.0511255, 28.9824816 ], [ 80.0507388, 28.9827101 ], [ 80.0508356, 28.984676 ], [ 80.0516383, 28.9868602 ], [ 80.0517688, 28.988419 ], [ 80.051521, 28.9900077 ], [ 80.0504067, 28.9920659 ], [ 80.0509349, 28.9927557 ], [ 80.0533464, 28.99345 ], [ 80.0549787, 28.9943976 ], [ 80.0550523, 28.9949834 ], [ 80.0545163, 28.995902 ], [ 80.0545623, 28.997719 ], [ 80.0563167, 29.0000188 ], [ 80.0568885, 29.0019502 ], [ 80.0582827, 29.0043758 ], [ 80.0533462, 29.0070284 ], [ 80.0519891, 29.0085481 ], [ 80.0477984, 29.0250278 ], [ 80.0429158, 29.0333845 ], [ 80.0386325, 29.0423453 ], [ 80.0369398, 29.0446243 ], [ 80.0354414, 29.0481279 ], [ 80.0329021, 29.0518797 ], [ 80.0325504, 29.0560185 ], [ 80.031246, 29.0600179 ], [ 80.0203286, 29.0785737 ], [ 80.0177886, 29.0845105 ], [ 80.0150987, 29.0929117 ], [ 80.0145869, 29.0930203 ], [ 80.0140575, 29.0925011 ], [ 80.012954, 29.087921 ], [ 80.0091151, 29.076366 ], [ 80.0071564, 29.0739015 ], [ 80.003257, 29.0710186 ], [ 80.0007515, 29.0700731 ], [ 79.9990695, 29.0687715 ], [ 79.9985309, 29.0678204 ], [ 79.9975122, 29.0673681 ], [ 79.9897863, 29.0661027 ], [ 79.9840491, 29.0658211 ], [ 79.9822662, 29.065359 ], [ 79.9789066, 29.0626074 ], [ 79.9775584, 29.0605789 ], [ 79.9749076, 29.0580081 ], [ 79.9744964, 29.0569436 ], [ 79.9732454, 29.0553519 ], [ 79.9699659, 29.053795 ], [ 79.9693717, 29.0536743 ], [ 79.9684346, 29.0540557 ], [ 79.9633596, 29.0576695 ], [ 79.9624909, 29.0586332 ], [ 79.9602495, 29.0632917 ], [ 79.9580312, 29.0664641 ], [ 79.9571165, 29.0674077 ], [ 79.9541216, 29.0691942 ], [ 79.9545533, 29.0763634 ], [ 79.954014, 29.0819157 ], [ 79.9549723, 29.0868058 ], [ 79.9570169, 29.0914249 ], [ 79.957931, 29.0925297 ], [ 79.9569587, 29.0943568 ], [ 79.9571066, 29.0964251 ], [ 79.957826, 29.0988751 ], [ 79.9595396, 29.1025102 ], [ 79.9590247, 29.1039357 ], [ 79.960076, 29.1053316 ], [ 79.9611724, 29.1088058 ], [ 79.9618123, 29.1099104 ], [ 79.9631382, 29.1111958 ], [ 79.969746, 29.1128839 ], [ 79.9762393, 29.1166299 ], [ 79.9768109, 29.1174834 ], [ 79.9764562, 29.1185677 ], [ 79.9756899, 29.1195615 ], [ 79.9739174, 29.121258 ], [ 79.9714587, 29.1227836 ], [ 79.9661297, 29.1254633 ], [ 79.9575653, 29.1258428 ], [ 79.9535172, 29.1268557 ], [ 79.9491544, 29.1283854 ], [ 79.944259, 29.1313255 ], [ 79.9410795, 29.1326497 ], [ 79.9361399, 29.1320755 ], [ 79.9301931, 29.1331974 ], [ 79.9212734, 29.1338058 ], [ 79.9193983, 29.1334133 ], [ 79.9171694, 29.1320869 ], [ 79.9152849, 29.1287729 ], [ 79.9136839, 29.1289527 ], [ 79.911752, 29.1281685 ], [ 79.9104825, 29.1286397 ], [ 79.9075194, 29.130636 ], [ 79.9067296, 29.1315893 ], [ 79.9058587, 29.1340586 ], [ 79.9020958, 29.1350704 ], [ 79.8981278, 29.1350377 ], [ 79.8968925, 29.1353582 ], [ 79.8959411, 29.1381085 ], [ 79.8962218, 29.1443432 ], [ 79.8955441, 29.1478265 ], [ 79.8925672, 29.1519407 ], [ 79.8910684, 29.1525823 ], [ 79.8851551, 29.1531404 ], [ 79.882684, 29.1538916 ], [ 79.8791362, 29.1562281 ], [ 79.8778763, 29.1580593 ], [ 79.8779883, 29.160514 ], [ 79.8785463, 29.1629741 ], [ 79.8779025, 29.1663166 ], [ 79.8782542, 29.1692884 ], [ 79.8789842, 29.1714574 ], [ 79.8804349, 29.1734362 ], [ 79.882344, 29.1747025 ], [ 79.883945, 29.1751956 ], [ 79.8915295, 29.1745484 ], [ 79.8954732, 29.1778137 ], [ 79.8970727, 29.1801136 ], [ 79.900709, 29.1820183 ], [ 79.9015853, 29.1877309 ], [ 79.9034699, 29.1915568 ], [ 79.903628, 29.1942372 ], [ 79.9039135, 29.1948296 ], [ 79.9105223, 29.2002292 ], [ 79.912273, 29.2000745 ], [ 79.9126618, 29.2003458 ], [ 79.9138163, 29.2017619 ], [ 79.9155661, 29.2029173 ], [ 79.9167884, 29.2058692 ], [ 79.9180003, 29.207245 ], [ 79.9192126, 29.2080788 ], [ 79.920963, 29.2084712 ], [ 79.9223932, 29.2084016 ], [ 79.9235485, 29.2090447 ], [ 79.9251037, 29.2106415 ], [ 79.9267264, 29.2141557 ], [ 79.9286149, 29.2132706 ], [ 79.9312878, 29.2112039 ], [ 79.9321232, 29.2109231 ], [ 79.9354416, 29.2108242 ], [ 79.9460272, 29.2071138 ], [ 79.9486823, 29.2057093 ], [ 79.947891, 29.2049812 ], [ 79.9495733, 29.2041486 ], [ 79.950569, 29.2031451 ], [ 79.953066, 29.1958778 ], [ 79.953787, 29.1953761 ], [ 79.9554689, 29.1949651 ], [ 79.956533, 29.194905 ], [ 79.9567044, 29.1951962 ], [ 79.9570231, 29.2001453 ], [ 79.9592189, 29.2028062 ], [ 79.9595726, 29.2057877 ], [ 79.9652584, 29.2087905 ], [ 79.9666827, 29.2092374 ], [ 79.9669976, 29.2082738 ], [ 79.967856, 29.207501 ], [ 79.9695209, 29.2067786 ], [ 79.9710256, 29.206568 ], [ 79.9726788, 29.2073313 ], [ 79.9755103, 29.2092993 ], [ 79.9779359, 29.2101177 ], [ 79.9787425, 29.2098117 ], [ 79.9798356, 29.2080752 ], [ 79.9808468, 29.2074617 ], [ 79.9825288, 29.2078634 ], [ 79.9869225, 29.2072414 ], [ 79.987426, 29.2076229 ], [ 79.9889704, 29.2104037 ], [ 79.9902862, 29.2101629 ], [ 79.9925632, 29.2089784 ], [ 79.9969111, 29.2116488 ], [ 79.998021, 29.2113175 ], [ 80.0019223, 29.2077417 ], [ 80.0052967, 29.2067334 ], [ 80.0058985, 29.2062213 ], [ 80.0065003, 29.2049891 ], [ 80.0068285, 29.2024446 ], [ 80.007248, 29.2020605 ], [ 80.0105857, 29.2016283 ], [ 80.0112422, 29.200204 ], [ 80.0114791, 29.1982996 ], [ 80.0129929, 29.1975633 ], [ 80.0141237, 29.1977073 ], [ 80.0150083, 29.1984673 ], [ 80.0161759, 29.2007877 ], [ 80.0163403, 29.2024999 ], [ 80.0176813, 29.2055483 ], [ 80.018648, 29.2056922 ], [ 80.0220407, 29.2058838 ], [ 80.0247581, 29.2048113 ], [ 80.0269648, 29.2032746 ], [ 80.0295182, 29.2029221 ], [ 80.0341323, 29.2012889 ], [ 80.035865, 29.2014805 ], [ 80.0371598, 29.2010002 ], [ 80.0380345, 29.1982474 ], [ 80.0405323, 29.1955263 ], [ 80.0409328, 29.1933978 ], [ 80.0402018, 29.1887251 ], [ 80.0387411, 29.1832844 ], [ 80.0391596, 29.1802916 ], [ 80.0381405, 29.1798598 ], [ 80.0321944, 29.1755402 ], [ 80.0311228, 29.1740281 ], [ 80.0310128, 29.1718516 ], [ 80.0334917, 29.1681062 ], [ 80.0340384, 29.1669538 ], [ 80.033947, 29.1663937 ], [ 80.0331447, 29.1658497 ], [ 80.0291879, 29.1661706 ], [ 80.022587, 29.1643472 ], [ 80.0218026, 29.162811 ], [ 80.0223309, 29.1600583 ], [ 80.0236432, 29.1577375 ], [ 80.0249014, 29.1582814 ], [ 80.0255777, 29.1576971 ], [ 80.0256532, 29.157041 ], [ 80.0121605, 29.1507049 ], [ 80.0115587, 29.1488645 ], [ 80.0103554, 29.1484965 ], [ 80.0098084, 29.1475682 ], [ 80.0099359, 29.146624 ], [ 80.0092977, 29.1448475 ], [ 80.0093705, 29.1439833 ], [ 80.0110109, 29.1403822 ], [ 80.0123963, 29.1387016 ], [ 80.0157508, 29.1403497 ], [ 80.019561, 29.1410696 ], [ 80.0260327, 29.1410366 ], [ 80.0284752, 29.1399478 ], [ 80.03079, 29.1378829 ], [ 80.0313366, 29.1370025 ], [ 80.0345449, 29.1366817 ], [ 80.0339805, 29.1390666 ], [ 80.033051, 29.140043 ], [ 80.0328507, 29.1407152 ], [ 80.0364427, 29.1430831 ], [ 80.0369712, 29.1424428 ], [ 80.038867, 29.1422183 ], [ 80.0408902, 29.1409534 ], [ 80.0428041, 29.1402968 ], [ 80.0443721, 29.1407285 ], [ 80.0485477, 29.1430959 ], [ 80.0500609, 29.1430634 ], [ 80.0531968, 29.1438946 ], [ 80.0540178, 29.1453668 ], [ 80.0545292, 29.1473991 ], [ 80.0557334, 29.1494473 ], [ 80.0611828, 29.1549347 ], [ 80.0686234, 29.1582446 ], [ 80.0694809, 29.1592044 ], [ 80.0694268, 29.1603087 ], [ 80.0697275, 29.1601486 ], [ 80.0738031, 29.1610269 ], [ 80.0771572, 29.1597691 ], [ 80.0780783, 29.1602167 ], [ 80.0781062, 29.1610409 ], [ 80.07725, 29.1623536 ], [ 80.0774057, 29.1634578 ], [ 80.0764307, 29.1643465 ], [ 80.074717, 29.1647794 ], [ 80.072, 29.1643966 ], [ 80.069411, 29.1645738 ], [ 80.0690637, 29.1630215 ], [ 80.0691353, 29.1607249 ], [ 80.0675856, 29.1610937 ], [ 80.0660723, 29.1608863 ], [ 80.0662553, 29.1623585 ], [ 80.0613505, 29.1621204 ], [ 80.0572482, 29.1625941 ], [ 80.0557718, 29.1636109 ], [ 80.0549245, 29.1648035 ], [ 80.053748, 29.1639476 ], [ 80.0527672, 29.1622195 ], [ 80.0489201, 29.1626369 ], [ 80.0439971, 29.1627103 ], [ 80.042648, 29.1632628 ], [ 80.0493324, 29.1675659 ], [ 80.0496608, 29.168302 ], [ 80.0494426, 29.1694224 ], [ 80.0497348, 29.1706065 ], [ 80.0501363, 29.1716467 ], [ 80.0507748, 29.1722865 ], [ 80.0534675, 29.1741101 ], [ 80.0552, 29.1744696 ], [ 80.0571428, 29.1759733 ], [ 80.0579088, 29.1762451 ], [ 80.0592262, 29.1761486 ], [ 80.0630107, 29.1774594 ], [ 80.0638773, 29.1781472 ], [ 80.0646807, 29.1800353 ], [ 80.0646812, 29.1810275 ], [ 80.0644445, 29.1819078 ], [ 80.0635333, 29.1829483 ], [ 80.0635518, 29.1836365 ], [ 80.0640264, 29.1843724 ], [ 80.0666901, 29.1865158 ], [ 80.0676204, 29.1869475 ], [ 80.070265, 29.1872504 ], [ 80.0722902, 29.1890098 ], [ 80.0770871, 29.1896638 ], [ 80.0784554, 29.1904792 ], [ 80.0795871, 29.192095 ], [ 80.0799716, 29.1943192 ], [ 80.0817973, 29.1971508 ], [ 80.0827736, 29.1979985 ], [ 80.0836675, 29.1982381 ], [ 80.0844151, 29.1979896 ], [ 80.0844312, 29.194981 ], [ 80.0854699, 29.1936683 ], [ 80.0866733, 29.1932435 ], [ 80.0879956, 29.1932988 ], [ 80.0887973, 29.1922661 ], [ 80.0921147, 29.1897838 ], [ 80.0928708, 29.1887351 ], [ 80.0930544, 29.1903754 ], [ 80.0937112, 29.1906711 ], [ 80.095088, 29.1904542 ], [ 80.0955245, 29.1890776 ], [ 80.0950499, 29.1884938 ], [ 80.0928249, 29.1884071 ], [ 80.0923227, 29.1875033 ], [ 80.0922673, 29.1865191 ], [ 80.0926957, 29.1862708 ], [ 80.0938905, 29.1866862 ], [ 80.0942094, 29.1863739 ], [ 80.0904506, 29.1836075 ], [ 80.0901036, 29.1829195 ], [ 80.0903404, 29.1825354 ], [ 80.0919454, 29.1829185 ], [ 80.0927841, 29.1826459 ], [ 80.0930207, 29.1820217 ], [ 80.0925462, 29.1814779 ], [ 80.0865994, 29.1788726 ], [ 80.0867084, 29.1784244 ], [ 80.0882395, 29.1773034 ], [ 80.087946, 29.175015 ], [ 80.0881279, 29.1743428 ], [ 80.0888206, 29.1739584 ], [ 80.0901336, 29.1741817 ], [ 80.0906805, 29.1738613 ], [ 80.09068, 29.1731891 ], [ 80.0888906, 29.1699094 ], [ 80.0893091, 29.1687568 ], [ 80.0902991, 29.1680149 ], [ 80.0886517, 29.1673008 ], [ 80.0881407, 29.166725 ], [ 80.0869737, 29.1666937 ], [ 80.0863175, 29.1670141 ], [ 80.085296, 29.1663104 ], [ 80.0837279, 29.1664553 ], [ 80.0825057, 29.1656237 ], [ 80.0826147, 29.1650956 ], [ 80.0834168, 29.1648071 ], [ 80.0839087, 29.1642148 ], [ 80.0852762, 29.16415 ], [ 80.0856762, 29.1625013 ], [ 80.0872617, 29.1614282 ], [ 80.0906185, 29.163939 ], [ 80.0910217, 29.1654375 ], [ 80.092158, 29.1664608 ], [ 80.0933729, 29.1655378 ], [ 80.0940833, 29.1644971 ], [ 80.0953407, 29.1636802 ], [ 80.0985129, 29.1630141 ], [ 80.0991865, 29.1617174 ], [ 80.0984822, 29.1589011 ], [ 80.0990465, 29.1577484 ], [ 80.1018889, 29.1554421 ], [ 80.1035481, 29.155505 ], [ 80.1059743, 29.1570879 ], [ 80.1143046, 29.1548895 ], [ 80.1174218, 29.1544072 ], [ 80.1187164, 29.1545342 ], [ 80.1196101, 29.1549017 ], [ 80.1210871, 29.1549645 ], [ 80.1235678, 29.156083 ], [ 80.1266126, 29.1560806 ], [ 80.1300962, 29.1573261 ], [ 80.136091, 29.1622264 ], [ 80.1373789, 29.1644018 ], [ 80.1373716, 29.1660342 ], [ 80.1364793, 29.1670272 ], [ 80.1350759, 29.1676365 ], [ 80.1290313, 29.1676175 ], [ 80.1271357, 29.1683391 ], [ 80.1258593, 29.1684042 ], [ 80.1214635, 29.1670792 ], [ 80.1186346, 29.1642327 ], [ 80.1169019, 29.1636418 ], [ 80.1157356, 29.1643789 ], [ 80.1138032, 29.1647964 ], [ 80.1122726, 29.1659497 ], [ 80.1116891, 29.1659021 ], [ 80.10877, 29.1640317 ], [ 80.10848, 29.1659683 ], [ 80.1074513, 29.1676814 ], [ 80.1070867, 29.1677937 ], [ 80.1016321, 29.1646125 ], [ 80.1009575, 29.164677 ], [ 80.1010495, 29.1656371 ], [ 80.0991534, 29.1658944 ], [ 80.0984604, 29.1658628 ], [ 80.0970557, 29.1649275 ], [ 80.0974032, 29.1663515 ], [ 80.0967123, 29.1687525 ], [ 80.0966592, 29.170881 ], [ 80.0962048, 29.1727218 ], [ 80.0968623, 29.1740497 ], [ 80.0969722, 29.1746577 ], [ 80.0965539, 29.1760504 ], [ 80.0973026, 29.1774102 ], [ 80.0974495, 29.1786423 ], [ 80.0970132, 29.180451 ], [ 80.0969964, 29.1822754 ], [ 80.0987291, 29.1825864 ], [ 80.0994759, 29.1814497 ], [ 80.0997667, 29.1802172 ], [ 80.1007872, 29.1794645 ], [ 80.1036152, 29.181143 ], [ 80.106095, 29.1808853 ], [ 80.1101122, 29.1866438 ], [ 80.108435, 29.1873971 ], [ 80.1084172, 29.1878292 ], [ 80.1093663, 29.1887407 ], [ 80.1106617, 29.1893319 ], [ 80.1136346, 29.1895859 ], [ 80.1147845, 29.1905933 ], [ 80.1152246, 29.1931855 ], [ 80.1147695, 29.1940339 ], [ 80.113967, 29.1940986 ], [ 80.1110665, 29.1932204 ], [ 80.1110658, 29.1925323 ], [ 80.1113756, 29.1922121 ], [ 80.1102073, 29.1911086 ], [ 80.1064494, 29.1898789 ], [ 80.1035313, 29.1898008 ], [ 80.1028745, 29.1895132 ], [ 80.1022342, 29.1871611 ], [ 80.1018511, 29.1869213 ], [ 80.0971645, 29.1872843 ], [ 80.0971294, 29.1889967 ], [ 80.0943789, 29.1934232 ], [ 80.0949696, 29.1937589 ], [ 80.0949699, 29.1941669 ], [ 80.0932748, 29.1954883 ], [ 80.0928013, 29.1964166 ], [ 80.094591, 29.1993601 ], [ 80.0955213, 29.1995677 ], [ 80.0982199, 29.1985578 ], [ 80.0992038, 29.197405 ], [ 80.1002617, 29.1974684 ], [ 80.1021966, 29.1994355 ], [ 80.1030289, 29.2023474 ], [ 80.1038343, 29.2029951 ], [ 80.1046366, 29.2027625 ], [ 80.1067951, 29.1994405 ], [ 80.1082027, 29.1979633 ], [ 80.1106734, 29.1973014 ], [ 80.1114446, 29.197965 ], [ 80.1106524, 29.1992778 ], [ 80.1107808, 29.2000939 ], [ 80.1118208, 29.2004852 ], [ 80.1138998, 29.2002998 ], [ 80.1150127, 29.200611 ], [ 80.120224, 29.2048479 ], [ 80.1213841, 29.2067113 ], [ 80.1228807, 29.2077104 ], [ 80.1249239, 29.2079249 ], [ 80.1263366, 29.2070756 ], [ 80.1275756, 29.2057943 ], [ 80.1292896, 29.2052969 ], [ 80.1320357, 29.2063028 ], [ 80.1336703, 29.2082618 ], [ 80.135359, 29.2095727 ], [ 80.1373796, 29.210111 ], [ 80.1388933, 29.2098256 ], [ 80.1409008, 29.210752 ], [ 80.1417673, 29.2108393 ], [ 80.1430113, 29.2139586 ], [ 80.144241, 29.2195439 ], [ 80.145634, 29.2173732 ], [ 80.1523303, 29.2185447 ], [ 80.1571504, 29.2166959 ], [ 80.1564503, 29.2217794 ], [ 80.1598615, 29.2231242 ], [ 80.1623707, 29.2237261 ], [ 80.1675293, 29.2238602 ], [ 80.1684828, 29.2235648 ], [ 80.1717302, 29.2213144 ], [ 80.1747501, 29.2207998 ], [ 80.1766743, 29.2198679 ], [ 80.1824283, 29.2166072 ], [ 80.1839985, 29.2152882 ], [ 80.1883535, 29.2099523 ] ], [ [ 80.1599234, 29.2125905 ], [ 80.1606408, 29.2102294 ], [ 80.1601084, 29.2076215 ], [ 80.1602695, 29.2052289 ], [ 80.1619277, 29.2039631 ], [ 80.1628193, 29.2023299 ], [ 80.169294, 29.2021791 ], [ 80.1707709, 29.2018415 ], [ 80.1743103, 29.2025418 ], [ 80.1744843, 29.2030536 ], [ 80.1679225, 29.2062613 ], [ 80.1635494, 29.2096903 ], [ 80.1613088, 29.211853 ], [ 80.1599234, 29.2125905 ] ], [ [ 80.185764, 29.2025702 ], [ 80.1864029, 29.2019598 ], [ 80.191431, 29.2020983 ], [ 80.192529, 29.2028028 ], [ 80.1926762, 29.203364 ], [ 80.1925124, 29.2038455 ], [ 80.1915079, 29.2045044 ], [ 80.1863156, 29.2046228 ], [ 80.185764, 29.2025702 ] ], [ [ 80.2066806, 29.2031541 ], [ 80.2054002, 29.2027386 ], [ 80.2036636, 29.2029173 ], [ 80.2027104, 29.2014107 ], [ 80.2031107, 29.2002071 ], [ 80.2034757, 29.1998216 ], [ 80.2060543, 29.2003156 ], [ 80.2083214, 29.2003608 ], [ 80.2112487, 29.2015119 ], [ 80.2119819, 29.2026659 ], [ 80.2118732, 29.2032275 ], [ 80.2112887, 29.2035652 ], [ 80.2066806, 29.2031541 ] ], [ [ 80.1226192, 29.2015335 ], [ 80.120468, 29.2024473 ], [ 80.1198293, 29.2022397 ], [ 80.1171274, 29.1995692 ], [ 80.1172179, 29.1987691 ], [ 80.1181654, 29.1978882 ], [ 80.1207544, 29.1969581 ], [ 80.1228337, 29.1971326 ], [ 80.1235821, 29.1976441 ], [ 80.1239115, 29.198812 ], [ 80.1237669, 29.2000924 ], [ 80.1226192, 29.2015335 ] ], [ [ 80.1539853, 29.1973136 ], [ 80.1541475, 29.1958413 ], [ 80.1546749, 29.1946726 ], [ 80.1562973, 29.1939508 ], [ 80.1568811, 29.1940942 ], [ 80.1583976, 29.1963172 ], [ 80.1584712, 29.1967652 ], [ 80.157925, 29.1975338 ], [ 80.1566483, 29.1975672 ], [ 80.1549533, 29.1984489 ], [ 80.1542964, 29.1982255 ], [ 80.1539853, 29.1973136 ] ], [ [ 80.1503621, 29.2100073 ], [ 80.1484829, 29.209625 ], [ 80.1448142, 29.207532 ], [ 80.144631, 29.206892 ], [ 80.145268, 29.2057073 ], [ 80.1474186, 29.2042811 ], [ 80.149243, 29.2046475 ], [ 80.1506301, 29.2053823 ], [ 80.1507594, 29.2066944 ], [ 80.1516003, 29.2082618 ], [ 80.1503621, 29.2100073 ] ], [ [ 80.1162065, 29.1900642 ], [ 80.118541, 29.1901504 ], [ 80.1196357, 29.1905738 ], [ 80.1175779, 29.1937279 ], [ 80.1168661, 29.1933444 ], [ 80.1162065, 29.1900642 ] ], [ [ 80.231097, 29.1930067 ], [ 80.2255907, 29.1910575 ], [ 80.2249404, 29.1903526 ], [ 80.2250216, 29.189791 ], [ 80.2266292, 29.1891391 ], [ 80.2325319, 29.1880639 ], [ 80.2333368, 29.1883514 ], [ 80.2337586, 29.1890727 ], [ 80.2334502, 29.1903404 ], [ 80.231097, 29.1930067 ] ], [ [ 80.2088889, 29.1913464 ], [ 80.208287, 29.1913792 ], [ 80.2079763, 29.1909795 ], [ 80.2070418, 29.1883402 ], [ 80.2063852, 29.1883091 ], [ 80.2054744, 29.1889343 ], [ 80.2038874, 29.1887443 ], [ 80.2019855, 29.1854981 ], [ 80.1984444, 29.1835021 ], [ 80.1979328, 29.1829265 ], [ 80.1985049, 29.1758364 ], [ 80.2005385, 29.1760178 ], [ 80.2052186, 29.1777163 ], [ 80.2066934, 29.1763061 ], [ 80.208005, 29.1755523 ], [ 80.2098797, 29.1734213 ], [ 80.2108633, 29.1728119 ], [ 80.211429, 29.1730512 ], [ 80.2119967, 29.1744427 ], [ 80.2107662, 29.1799976 ], [ 80.2114056, 29.1806368 ], [ 80.2119919, 29.1823164 ], [ 80.2121968, 29.1847327 ], [ 80.2107262, 29.1886074 ], [ 80.2088889, 29.1913464 ] ], [ [ 80.227167, 29.1784065 ], [ 80.2301831, 29.1784022 ], [ 80.2316449, 29.1781273 ], [ 80.2328499, 29.1773555 ], [ 80.2343911, 29.1755566 ], [ 80.2354507, 29.1752342 ], [ 80.2415903, 29.1788666 ], [ 80.242945, 29.1798912 ], [ 80.2431654, 29.1804042 ], [ 80.2426001, 29.1810949 ], [ 80.2413748, 29.180824 ], [ 80.241764, 29.1835185 ], [ 80.241436, 29.1840483 ], [ 80.2394453, 29.1850619 ], [ 80.2379098, 29.1850321 ], [ 80.2272453, 29.1812778 ], [ 80.227167, 29.1784065 ] ], [ [ 80.1968108, 29.1754704 ], [ 80.1957178, 29.1762079 ], [ 80.1931295, 29.1768832 ], [ 80.1920552, 29.1779247 ], [ 80.1911982, 29.1779737 ], [ 80.1907052, 29.1775422 ], [ 80.1908678, 29.1765978 ], [ 80.1905006, 29.1749659 ], [ 80.1894229, 29.1737829 ], [ 80.1894039, 29.1733028 ], [ 80.1900945, 29.1717176 ], [ 80.1904226, 29.1717172 ], [ 80.1962796, 29.1739827 ], [ 80.1967362, 29.1744302 ], [ 80.1968108, 29.1754704 ] ], [ [ 80.1039749, 29.1752455 ], [ 80.1056718, 29.1763646 ], [ 80.1057815, 29.1767166 ], [ 80.1051986, 29.1773731 ], [ 80.1037942, 29.177086 ], [ 80.1026991, 29.1759345 ], [ 80.1031726, 29.175166 ], [ 80.1039749, 29.1752455 ] ], [ [ 80.1569779, 29.1770267 ], [ 80.1613346, 29.1758701 ], [ 80.1627934, 29.1758206 ], [ 80.1633773, 29.176092 ], [ 80.1640903, 29.1774996 ], [ 80.1629974, 29.178445 ], [ 80.1611019, 29.179183 ], [ 80.1607927, 29.1798395 ], [ 80.1596991, 29.1802407 ], [ 80.1588601, 29.1801775 ], [ 80.1572538, 29.1789308 ], [ 80.1565047, 29.1777953 ], [ 80.1569779, 29.1770267 ] ], [ [ 80.1063662, 29.1780605 ], [ 80.1072605, 29.1788761 ], [ 80.1077355, 29.1799001 ], [ 80.1059123, 29.1803813 ], [ 80.1047268, 29.180142 ], [ 80.1043791, 29.178734 ], [ 80.1045794, 29.1783177 ], [ 80.1051261, 29.1779494 ], [ 80.1063662, 29.1780605 ] ], [ [ 80.1170357, 29.1798455 ], [ 80.1192773, 29.1783715 ], [ 80.1207915, 29.1790745 ], [ 80.1216131, 29.1800821 ], [ 80.1211581, 29.1808986 ], [ 80.1200646, 29.1816676 ], [ 80.1186977, 29.1824367 ], [ 80.1179865, 29.1824373 ], [ 80.1171467, 29.1814617 ], [ 80.1169088, 29.1806138 ], [ 80.1170357, 29.1798455 ] ], [ [ 80.1471324, 29.1784924 ], [ 80.1491566, 29.1784905 ], [ 80.1500145, 29.1792418 ], [ 80.1490334, 29.1821234 ], [ 80.1478124, 29.1828286 ], [ 80.1472105, 29.1827331 ], [ 80.1469547, 29.1823174 ], [ 80.1471324, 29.1784924 ] ], [ [ 80.1517664, 29.1801204 ], [ 80.153116, 29.1802791 ], [ 80.1545942, 29.1811739 ], [ 80.1547224, 29.1816219 ], [ 80.1538483, 29.1826149 ], [ 80.1520979, 29.1828406 ], [ 80.1508229, 29.1841061 ], [ 80.1500925, 29.1832906 ], [ 80.1502193, 29.1825864 ], [ 80.1504553, 29.1817379 ], [ 80.1517664, 29.1801204 ] ], [ [ 80.1516637, 29.1856096 ], [ 80.1560013, 29.183429 ], [ 80.1564762, 29.1840687 ], [ 80.159248, 29.1839219 ], [ 80.1594679, 29.1847698 ], [ 80.1577458, 29.1857318 ], [ 80.1571275, 29.1870766 ], [ 80.1564897, 29.1875094 ], [ 80.1538819, 29.1876719 ], [ 80.1527527, 29.1887932 ], [ 80.152589, 29.1891935 ], [ 80.1530291, 29.1910974 ], [ 80.1521735, 29.1923625 ], [ 80.146081, 29.191456 ], [ 80.1394482, 29.1883893 ], [ 80.1405591, 29.18698 ], [ 80.1434768, 29.1868974 ], [ 80.1469957, 29.186142 ], [ 80.1497128, 29.1860756 ], [ 80.1516637, 29.1856096 ] ], [ [ 80.1562542, 29.1887659 ], [ 80.159045, 29.1891312 ], [ 80.1594283, 29.1894188 ], [ 80.1596117, 29.1901868 ], [ 80.1572251, 29.1921576 ], [ 80.1566049, 29.1920941 ], [ 80.1562946, 29.1918704 ], [ 80.1559643, 29.1902705 ], [ 80.1562542, 29.1887659 ] ], [ [ 80.1729595, 29.1888287 ], [ 80.1734287, 29.1852915 ], [ 80.1745041, 29.1848902 ], [ 80.1791733, 29.1853012 ], [ 80.1795589, 29.1870611 ], [ 80.179471, 29.1893337 ], [ 80.1790157, 29.1898303 ], [ 80.1778128, 29.1902957 ], [ 80.173782, 29.190044 ], [ 80.1733622, 29.1897885 ], [ 80.1729595, 29.1888287 ] ], [ [ 80.1893132, 29.1854495 ], [ 80.1889822, 29.1837055 ], [ 80.1900389, 29.1830321 ], [ 80.1958727, 29.1819049 ], [ 80.1962471, 29.1822485 ], [ 80.1959769, 29.1843132 ], [ 80.1915692, 29.1878793 ], [ 80.1904743, 29.1874886 ], [ 80.1893132, 29.1854495 ] ], [ [ 80.187512, 29.1702403 ], [ 80.1832623, 29.169541 ], [ 80.181912, 29.1689185 ], [ 80.1814554, 29.1684229 ], [ 80.1815275, 29.1677826 ], [ 80.1828571, 29.1668369 ], [ 80.1835659, 29.1652517 ], [ 80.1840212, 29.1648991 ], [ 80.1847509, 29.1651543 ], [ 80.1900266, 29.169117 ], [ 80.1901371, 29.1698531 ], [ 80.1898097, 29.1703016 ], [ 80.187512, 29.1702403 ] ], [ [ 80.158576, 29.1648463 ], [ 80.1554253, 29.1677781 ], [ 80.1546432, 29.1693793 ], [ 80.1532582, 29.1699887 ], [ 80.1517256, 29.169238 ], [ 80.1495154, 29.1661033 ], [ 80.1497518, 29.1655429 ], [ 80.1535984, 29.1649952 ], [ 80.1570793, 29.1636315 ], [ 80.1581186, 29.1635665 ], [ 80.1587031, 29.1643341 ], [ 80.158576, 29.1648463 ] ], [ [ 80.1866361, 29.1638158 ], [ 80.186269, 29.1622319 ], [ 80.1868141, 29.1609349 ], [ 80.1880632, 29.1610054 ], [ 80.1904346, 29.1617708 ], [ 80.1903725, 29.1628672 ], [ 80.1897719, 29.163524 ], [ 80.1881865, 29.164198 ], [ 80.1866361, 29.1638158 ] ], [ [ 80.1416899, 29.1632938 ], [ 80.1411251, 29.1636783 ], [ 80.140177, 29.1637271 ], [ 80.1374771, 29.1625773 ], [ 80.1377135, 29.1619049 ], [ 80.1400986, 29.158926 ], [ 80.1415209, 29.1590208 ], [ 80.1429621, 29.1597558 ], [ 80.1428181, 29.1613403 ], [ 80.1416899, 29.1632938 ] ], [ [ 80.1908615, 29.1607221 ], [ 80.1879344, 29.1602854 ], [ 80.1871962, 29.1604623 ], [ 80.1865211, 29.160159 ], [ 80.1859998, 29.1590154 ], [ 80.1860626, 29.1583351 ], [ 80.187083, 29.1579739 ], [ 80.1898636, 29.1579865 ], [ 80.1921174, 29.1593362 ], [ 80.1917269, 29.1603289 ], [ 80.1908615, 29.1607221 ] ], [ [ 80.2044474, 29.1566003 ], [ 80.2012554, 29.1557401 ], [ 80.2014337, 29.1533232 ], [ 80.2038584, 29.1532241 ], [ 80.2049334, 29.1528067 ], [ 80.2054988, 29.152982 ], [ 80.2062482, 29.1540853 ], [ 80.2064506, 29.1551574 ], [ 80.205322, 29.156263 ], [ 80.2044474, 29.1566003 ] ], [ [ 80.1881955, 29.152139 ], [ 80.1883264, 29.1542434 ], [ 80.1880621, 29.1543317 ], [ 80.1854719, 29.1535506 ], [ 80.1851974, 29.1528307 ], [ 80.1857507, 29.1510296 ], [ 80.1877387, 29.1514514 ], [ 80.1881955, 29.152139 ] ], [ [ 80.0629412, 29.1664488 ], [ 80.0635617, 29.1674569 ], [ 80.0651482, 29.1678243 ], [ 80.0662975, 29.1687361 ], [ 80.069142, 29.1687188 ], [ 80.0815243, 29.1705215 ], [ 80.0821266, 29.1713533 ], [ 80.0813799, 29.17289 ], [ 80.0826575, 29.1745217 ], [ 80.0824395, 29.1756421 ], [ 80.08151, 29.1764267 ], [ 80.0763683, 29.1776296 ], [ 80.0719562, 29.179136 ], [ 80.0709165, 29.1786243 ], [ 80.0694566, 29.1768806 ], [ 80.0693105, 29.1763366 ], [ 80.069839, 29.1758082 ], [ 80.0694375, 29.1754402 ], [ 80.0665928, 29.1752974 ], [ 80.0649702, 29.1757782 ], [ 80.0638759, 29.1755386 ], [ 80.0624346, 29.1741789 ], [ 80.062652, 29.1713621 ], [ 80.0598971, 29.1682425 ], [ 80.0598968, 29.1676984 ], [ 80.0607351, 29.1667378 ], [ 80.0601871, 29.1647216 ], [ 80.0611165, 29.163873 ], [ 80.061627, 29.1638247 ], [ 80.0645814, 29.1647838 ], [ 80.0629412, 29.1664488 ] ], [ [ 79.977873, 29.1448695 ], [ 79.9778042, 29.1452911 ], [ 79.9765006, 29.1451103 ], [ 79.9726355, 29.143664 ], [ 79.9701658, 29.1417561 ], [ 79.9700058, 29.1409729 ], [ 79.970349, 29.1405112 ], [ 79.973574, 29.14009 ], [ 79.9748778, 29.1394076 ], [ 79.9752891, 29.1409938 ], [ 79.9765697, 29.1419378 ], [ 79.977873, 29.1448695 ] ], [ [ 79.9715203, 29.1444218 ], [ 79.9723436, 29.1448336 ], [ 79.9736015, 29.1447936 ], [ 79.9736358, 29.1450446 ], [ 79.9728581, 29.1453959 ], [ 79.9727722, 29.1460333 ], [ 79.9677405, 29.1452293 ], [ 79.9636463, 29.1453489 ], [ 79.9621826, 29.1449268 ], [ 79.961954, 29.1445854 ], [ 79.9631379, 29.1438378 ], [ 79.9646818, 29.1434566 ], [ 79.9667975, 29.1435474 ], [ 79.9715203, 29.1444218 ] ], [ [ 80.0110816, 29.1655647 ], [ 80.0133063, 29.1663808 ], [ 80.0164973, 29.1665565 ], [ 80.0172905, 29.1670685 ], [ 80.017592, 29.1717336 ], [ 80.019179, 29.1753502 ], [ 80.0191428, 29.1774627 ], [ 80.0185412, 29.1777988 ], [ 80.0163801, 29.1769509 ], [ 80.0152951, 29.176887 ], [ 80.0136266, 29.1771512 ], [ 80.01173, 29.1768553 ], [ 80.0097333, 29.1770955 ], [ 80.0090041, 29.1786559 ], [ 80.0087855, 29.1819046 ], [ 80.0075272, 29.1831529 ], [ 80.0055395, 29.1839452 ], [ 80.0032417, 29.1856416 ], [ 80.0012448, 29.1880181 ], [ 80.0002418, 29.1910427 ], [ 79.9993117, 29.1917708 ], [ 79.9987737, 29.1917708 ], [ 79.9982659, 29.1916407 ], [ 79.9971304, 29.1904888 ], [ 79.9963753, 29.19081 ], [ 79.9944762, 29.1929984 ], [ 79.9928976, 29.1894647 ], [ 79.990095, 29.1862823 ], [ 79.9884593, 29.1835115 ], [ 79.9885394, 29.1826984 ], [ 79.9888998, 29.1823319 ], [ 79.9880707, 29.1795963 ], [ 79.9921774, 29.1797471 ], [ 79.9931499, 29.1761532 ], [ 79.9933102, 29.17405 ], [ 79.9940537, 29.1733172 ], [ 79.994683, 29.1710786 ], [ 79.9955637, 29.1694924 ], [ 79.9980002, 29.1687997 ], [ 79.999722, 29.1695341 ], [ 80.002056, 29.1696141 ], [ 80.0030043, 29.1699342 ], [ 80.0080368, 29.1683816 ], [ 80.0083103, 29.1678535 ], [ 80.0081097, 29.1672294 ], [ 80.0073986, 29.1666373 ], [ 80.0075444, 29.1660611 ], [ 80.0085289, 29.1651809 ], [ 80.0110816, 29.1655647 ] ], [ [ 79.9314753, 29.1682883 ], [ 79.9347232, 29.1692334 ], [ 79.9351576, 29.1698559 ], [ 79.9369393, 29.1752175 ], [ 79.9341259, 29.1739314 ], [ 79.9327981, 29.1755973 ], [ 79.9326834, 29.1762599 ], [ 79.9307382, 29.1771625 ], [ 79.9268483, 29.1782049 ], [ 79.9249271, 29.1773407 ], [ 79.9251565, 29.176377 ], [ 79.9241058, 29.1735053 ], [ 79.9232857, 29.1678229 ], [ 79.9251622, 29.1667997 ], [ 79.9278389, 29.1664997 ], [ 79.9314753, 29.1682883 ] ], [ [ 80.0909756, 29.1075223 ], [ 80.0926885, 29.1071453 ], [ 80.0950126, 29.107616 ], [ 80.0940034, 29.1106736 ], [ 80.0934225, 29.113683 ], [ 80.0912548, 29.1152368 ], [ 80.090656, 29.1190463 ], [ 80.0886711, 29.1214962 ], [ 80.0863019, 29.1218976 ], [ 80.0850988, 29.1219143 ], [ 80.0843695, 29.1215946 ], [ 80.0836744, 29.1179618 ], [ 80.0840374, 29.1157369 ], [ 80.0857132, 29.1141995 ], [ 80.0870069, 29.1136706 ], [ 80.089211, 29.1120209 ], [ 80.0907403, 29.1096352 ], [ 80.0909756, 29.1075223 ] ] ] } },
{ "type": "Feature", "properties": { "gp_code": "", "gp_name": "", "blkname": "CHAMPAWAT", "dtname": "Champawat", "SHAPE_Area": 338114.61530467897 }, "geometry": { "type": "Polygon", "coordinates": [ [ [ 79.9748778, 29.1394076 ], [ 79.973574, 29.14009 ], [ 79.970349, 29.1405112 ], [ 79.9700058, 29.1409729 ], [ 79.9701658, 29.1417561 ], [ 79.9726355, 29.143664 ], [ 79.9751054, 29.1447085 ], [ 79.9778042, 29.1452911 ], [ 79.977873, 29.1448695 ], [ 79.9765697, 29.1419378 ], [ 79.9752891, 29.1409938 ], [ 79.9748778, 29.1394076 ] ] ] } },
{ "type": "Feature", "properties": { "gp_code": "", "gp_name": "", "blkname": "CHAMPAWAT", "dtname": "Champawat", "SHAPE_Area": 234037.78230729338 }, "geometry": { "type": "Polygon", "coordinates": [ [ [ 79.961954, 29.1445854 ], [ 79.9621826, 29.1449268 ], [ 79.9636463, 29.1453489 ], [ 79.9677405, 29.1452293 ], [ 79.9727722, 29.1460333 ], [ 79.9728581, 29.1453959 ], [ 79.9736358, 29.1450446 ], [ 79.9733843, 29.1447333 ], [ 79.9723436, 29.1448336 ], [ 79.968204, 29.1437686 ], [ 79.9646818, 29.1434566 ], [ 79.9631379, 29.1438378 ], [ 79.961954, 29.1445854 ] ] ] } },
{ "type": "Feature", "properties": { "gp_code": "22693", "gp_name": "BUDAM", "blkname": "CHAMPAWAT", "dtname": "Champawat", "SHAPE_Area": 6086230.3097204929 }, "geometry": { "type": "Polygon", "coordinates": [ [ [ 79.9963753, 29.19081 ], [ 79.9973327, 29.1905314 ], [ 79.9982659, 29.1916407 ], [ 79.9987737, 29.1917708 ], [ 79.9993117, 29.1917708 ], [ 80.0002418, 29.1910427 ], [ 80.0012448, 29.1880181 ], [ 80.0032417, 29.1856416 ], [ 80.0055395, 29.1839452 ], [ 80.0075272, 29.1831529 ], [ 80.0087855, 29.1819046 ], [ 80.0090041, 29.1786559 ], [ 80.0097333, 29.1770955 ], [ 80.01173, 29.1768553 ], [ 80.0136266, 29.1771512 ], [ 80.0152951, 29.176887 ], [ 80.0163801, 29.1769509 ], [ 80.0185412, 29.1777988 ], [ 80.0191428, 29.1774627 ], [ 80.019179, 29.1753502 ], [ 80.017592, 29.1717336 ], [ 80.0173726, 29.1674287 ], [ 80.0169713, 29.1667565 ], [ 80.0133063, 29.1663808 ], [ 80.0096594, 29.1651487 ], [ 80.0085289, 29.1651809 ], [ 80.0075444, 29.1660611 ], [ 80.0073986, 29.1666373 ], [ 80.0081097, 29.1672294 ], [ 80.0083103, 29.1678535 ], [ 80.0080368, 29.1683816 ], [ 80.0030043, 29.1699342 ], [ 80.002056, 29.1696141 ], [ 79.999722, 29.1695341 ], [ 79.9980002, 29.1687997 ], [ 79.9952091, 29.1698337 ], [ 79.9940537, 29.1733172 ], [ 79.9933102, 29.17405 ], [ 79.9931499, 29.1761532 ], [ 79.9921774, 29.1797471 ], [ 79.9880707, 29.1795963 ], [ 79.9888998, 29.1823319 ], [ 79.9885394, 29.1826984 ], [ 79.9884593, 29.1835115 ], [ 79.990095, 29.1862823 ], [ 79.9928976, 29.1894647 ], [ 79.9944762, 29.1929984 ], [ 79.9963753, 29.19081 ] ] ] } },
{ "type": "Feature", "properties": { "gp_code": "", "gp_name": "", "blkname": "CHAMPAWAT", "dtname": "Champawat", "SHAPE_Area": 4672387.2843168341 }, "geometry": { "type": "Polygon", "coordinates": [ [ [ 80.0380681, 29.1522852 ], [ 80.0389607, 29.1497083 ], [ 80.0369544, 29.1474042 ], [ 80.0361148, 29.1439474 ], [ 80.0364427, 29.1430831 ], [ 80.0328507, 29.1407152 ], [ 80.033051, 29.140043 ], [ 80.0339805, 29.1390666 ], [ 80.0345449, 29.1366817 ], [ 80.0313366, 29.1370025 ], [ 80.03079, 29.1378829 ], [ 80.0284752, 29.1399478 ], [ 80.0260327, 29.1410366 ], [ 80.019561, 29.1410696 ], [ 80.0157508, 29.1403497 ], [ 80.0123963, 29.1387016 ], [ 80.0110109, 29.1403822 ], [ 80.0093705, 29.1439833 ], [ 80.0092977, 29.1448475 ], [ 80.0099359, 29.146624 ], [ 80.0098084, 29.1475682 ], [ 80.0103554, 29.1484965 ], [ 80.0115587, 29.1488645 ], [ 80.0121605, 29.1507049 ], [ 80.025015, 29.156913 ], [ 80.0258537, 29.1569449 ], [ 80.0255982, 29.1558087 ], [ 80.0260357, 29.1550244 ], [ 80.0263452, 29.1528158 ], [ 80.0264725, 29.1515994 ], [ 80.0261989, 29.1509753 ], [ 80.0263081, 29.1503831 ], [ 80.0267092, 29.150175 ], [ 80.0331997, 29.1506699 ], [ 80.0380681, 29.1522852 ] ] ] } },
{ "type": "Feature", "properties": { "gp_code": "22704", "gp_name": "DHURA", "blkname": "CHAMPAWAT", "dtname": "Champawat", "SHAPE_Area": 4383005.0605701786 }, "geometry": { "type": "Polygon", "coordinates": [ [ [ 80.0546236, 29.154489 ], [ 80.0555704, 29.1518 ], [ 80.0589718, 29.1541994 ], [ 80.0567342, 29.1551285 ], [ 80.0562605, 29.1559448 ], [ 80.0595618, 29.1584562 ], [ 80.0638928, 29.1599109 ], [ 80.0659169, 29.1602381 ], [ 80.0660723, 29.1608863 ], [ 80.0668382, 29.161126 ], [ 80.0691353, 29.1607249 ], [ 80.0694268, 29.1603087 ], [ 80.0694809, 29.1592044 ], [ 80.0686234, 29.1582446 ], [ 80.0636994, 29.15615 ], [ 80.060362, 29.1542788 ], [ 80.059053, 29.1525509 ], [ 80.0565542, 29.1503432 ], [ 80.0552043, 29.1487113 ], [ 80.0535616, 29.1442306 ], [ 80.0531968, 29.1438946 ], [ 80.0500609, 29.1430634 ], [ 80.0485477, 29.1430959 ], [ 80.0443721, 29.1407285 ], [ 80.0428041, 29.1402968 ], [ 80.0408902, 29.1409534 ], [ 80.038867, 29.1422183 ], [ 80.0369712, 29.1424428 ], [ 80.0362059, 29.1435634 ], [ 80.0362427, 29.1449077 ], [ 80.0369544, 29.1474042 ], [ 80.0389607, 29.1497083 ], [ 80.0380865, 29.1528454 ], [ 80.0397459, 29.1539013 ], [ 80.0430097, 29.1547326 ], [ 80.046475, 29.1578045 ], [ 80.0478975, 29.1586522 ], [ 80.0490465, 29.159308 ], [ 80.0529305, 29.160395 ], [ 80.0530221, 29.1613393 ], [ 80.0548164, 29.1576737 ], [ 80.0546236, 29.154489 ] ] ] } },
{ "type": "Feature", "properties": { "gp_code": "", "gp_name": "", "blkname": "CHAMPAWAT", "dtname": "Champawat", "SHAPE_Area": 3539114.6246324433 }, "geometry": { "type": "Polygon", "coordinates": [ [ [ 80.0333978, 29.1581678 ], [ 80.042648, 29.1632628 ], [ 80.0439971, 29.1627103 ], [ 80.0489201, 29.1626369 ], [ 80.0527672, 29.1622195 ], [ 80.053748, 29.1639476 ], [ 80.0549245, 29.1648035 ], [ 80.0564096, 29.1630185 ], [ 80.0583968, 29.1622977 ], [ 80.0613505, 29.1621204 ], [ 80.0662553, 29.1623585 ], [ 80.0659449, 29.1614145 ], [ 80.0661814, 29.1605821 ], [ 80.0659169, 29.1602381 ], [ 80.0638928, 29.1599109 ], [ 80.0595618, 29.1584562 ], [ 80.0562605, 29.1559448 ], [ 80.0567342, 29.1551285 ], [ 80.0589718, 29.1541994 ], [ 80.0555704, 29.1518 ], [ 80.0546236, 29.154489 ], [ 80.0548164, 29.1576737 ], [ 80.0530221, 29.1613393 ], [ 80.0529305, 29.160395 ], [ 80.0490465, 29.159308 ], [ 80.046475, 29.1578045 ], [ 80.0438486, 29.1552445 ], [ 80.0430097, 29.1547326 ], [ 80.0397459, 29.1539013 ], [ 80.0380865, 29.1528454 ], [ 80.0380681, 29.1522852 ], [ 80.0351872, 29.1511336 ], [ 80.0309389, 29.1503023 ], [ 80.0267092, 29.150175 ], [ 80.0263081, 29.1503831 ], [ 80.0263452, 29.1528158 ], [ 80.0260357, 29.1550244 ], [ 80.0255982, 29.1558087 ], [ 80.0258537, 29.1569449 ], [ 80.0255777, 29.1576971 ], [ 80.0249014, 29.1582814 ], [ 80.0292046, 29.1593209 ], [ 80.0307178, 29.1593206 ], [ 80.0316477, 29.1592405 ], [ 80.0333978, 29.1581678 ] ] ] } },
{ "type": "Feature", "properties": { "gp_code": "", "gp_name": "", "blkname": "CHAMPAWAT", "dtname": "Champawat", "SHAPE_Area": 568127.00074323802 }, "geometry": { "type": "Polygon", "coordinates": [ [ [ 80.0665928, 29.1752974 ], [ 80.066064, 29.1751537 ], [ 80.0658266, 29.1746577 ], [ 80.0650591, 29.1716012 ], [ 80.0659512, 29.1690083 ], [ 80.0662975, 29.1687361 ], [ 80.0651482, 29.1678243 ], [ 80.0635617, 29.1674569 ], [ 80.0629597, 29.1668169 ], [ 80.0632692, 29.1659206 ], [ 80.0645814, 29.1647838 ], [ 80.06263, 29.1640325 ], [ 80.0611165, 29.163873 ], [ 80.0601871, 29.1647216 ], [ 80.0607351, 29.1667378 ], [ 80.0598968, 29.1676984 ], [ 80.0598971, 29.1682425 ], [ 80.062652, 29.1713621 ], [ 80.0624346, 29.1741789 ], [ 80.0638759, 29.1755386 ], [ 80.0649702, 29.1757782 ], [ 80.0665928, 29.1752974 ] ] ] } },
{ "type": "Feature", "properties": { "gp_code": "22718", "gp_name": "JHALA KUDI", "blkname": "CHAMPAWAT", "dtname": "Champawat", "SHAPE_Area": 4652093.973820921 }, "geometry": { "type": "Polygon", "coordinates": [ [ [ 80.0799716, 29.1943192 ], [ 80.0795871, 29.192095 ], [ 80.0790758, 29.191087 ], [ 80.0777621, 29.1899994 ], [ 80.0770871, 29.1896638 ], [ 80.0722902, 29.1890098 ], [ 80.07167, 29.1886741 ], [ 80.0709399, 29.1875862 ], [ 80.0666901, 29.1865158 ], [ 80.0640264, 29.1843724 ], [ 80.0635518, 29.1836365 ], [ 80.0635333, 29.1829483 ], [ 80.0644445, 29.1819078 ], [ 80.0646807, 29.1800353 ], [ 80.0642787, 29.1787392 ], [ 80.0630107, 29.1774594 ], [ 80.0592262, 29.1761486 ], [ 80.0579088, 29.1762451 ], [ 80.0571428, 29.1759733 ], [ 80.0552, 29.1744696 ], [ 80.0534675, 29.1741101 ], [ 80.0514975, 29.1727665 ], [ 80.0523056, 29.1755029 ], [ 80.0518158, 29.1814562 ], [ 80.052035, 29.1822723 ], [ 80.0529291, 29.1836003 ], [ 80.0549726, 29.1857441 ], [ 80.0556109, 29.1859359 ], [ 80.0570343, 29.1878238 ], [ 80.0572717, 29.1886399 ], [ 80.0569625, 29.1904483 ], [ 80.057657, 29.1934406 ], [ 80.0583504, 29.1942246 ], [ 80.0589352, 29.1967368 ], [ 80.0593732, 29.1972088 ], [ 80.0673118, 29.1978137 ], [ 80.071233, 29.197812 ], [ 80.073467, 29.1972669 ], [ 80.0766031, 29.1958492 ], [ 80.0790003, 29.1941357 ], [ 80.0799716, 29.1943192 ] ] ] } },
{ "type": "Feature", "properties": { "gp_code": "22741", "gp_name": "NAULA PANI", "blkname": "CHAMPAWAT", "dtname": "Champawat", "SHAPE_Area": 6843485.8113541594 }, "geometry": { "type": "Polygon", "coordinates": [ [ [ 80.0558181, 29.2003546 ], [ 80.0566287, 29.1982259 ], [ 80.0570572, 29.1978097 ], [ 80.0582242, 29.1972652 ], [ 80.0593732, 29.1972088 ], [ 80.0589352, 29.1967368 ], [ 80.0583504, 29.1942246 ], [ 80.057657, 29.1934406 ], [ 80.0569625, 29.1904483 ], [ 80.0572717, 29.1886399 ], [ 80.0570343, 29.1878238 ], [ 80.0556109, 29.1859359 ], [ 80.0549726, 29.1857441 ], [ 80.0529291, 29.1836003 ], [ 80.052035, 29.1822723 ], [ 80.0518158, 29.1814562 ], [ 80.052306, 29.176351 ], [ 80.0521, 29.1743186 ], [ 80.0514975, 29.1727665 ], [ 80.0501363, 29.1716467 ], [ 80.0494426, 29.1694224 ], [ 80.0496608, 29.168302 ], [ 80.0493324, 29.1675659 ], [ 80.0451923, 29.1648945 ], [ 80.0450833, 29.1660629 ], [ 80.0457956, 29.1693914 ], [ 80.0455406, 29.1699836 ], [ 80.0428793, 29.1725289 ], [ 80.0402716, 29.1723696 ], [ 80.0364243, 29.1733148 ], [ 80.0338714, 29.1730113 ], [ 80.0330691, 29.1733475 ], [ 80.0314466, 29.1748041 ], [ 80.0352587, 29.177892 ], [ 80.0391596, 29.1802916 ], [ 80.0387411, 29.1832844 ], [ 80.0402018, 29.1887251 ], [ 80.0409148, 29.194006 ], [ 80.0405323, 29.1955263 ], [ 80.0386179, 29.1974952 ], [ 80.0378159, 29.1988556 ], [ 80.0394025, 29.1986632 ], [ 80.0431965, 29.1994464 ], [ 80.0464976, 29.1992373 ], [ 80.0493067, 29.1999887 ], [ 80.0520058, 29.1996037 ], [ 80.054505, 29.2006431 ], [ 80.0558181, 29.2003546 ] ] ] } },
{ "type": "Feature", "properties": { "gp_code": "22736", "gp_name": "MATHIYA BANJH", "blkname": "CHAMPAWAT", "dtname": "Champawat", "SHAPE_Area": 3075317.3784450991 }, "geometry": { "type": "Polygon", "coordinates": [ [ [ 80.0451923, 29.1648945 ], [ 80.0398897, 29.1616071 ], [ 80.0333978, 29.1581678 ], [ 80.0316477, 29.1592405 ], [ 80.0292046, 29.1593209 ], [ 80.0268707, 29.1588892 ], [ 80.0236432, 29.1577375 ], [ 80.0230781, 29.1583937 ], [ 80.0219482, 29.1613546 ], [ 80.0218026, 29.162811 ], [ 80.0220581, 29.1636591 ], [ 80.0232981, 29.1647313 ], [ 80.0291879, 29.1661706 ], [ 80.0331447, 29.1658497 ], [ 80.033947, 29.1663937 ], [ 80.0340384, 29.1669538 ], [ 80.0334917, 29.1681062 ], [ 80.0310128, 29.1718516 ], [ 80.0309036, 29.1727158 ], [ 80.0314466, 29.1748041 ], [ 80.0330691, 29.1733475 ], [ 80.0338714, 29.1730113 ], [ 80.0364243, 29.1733148 ], [ 80.0402716, 29.1723696 ], [ 80.0428793, 29.1725289 ], [ 80.0455406, 29.1699836 ], [ 80.0457956, 29.1693914 ], [ 80.0450833, 29.1660629 ], [ 80.0451923, 29.1648945 ] ] ] } },
{ "type": "Feature", "properties": { "gp_code": "22708", "gp_name": "DUDHAURI", "blkname": "CHAMPAWAT", "dtname": "Champawat", "SHAPE_Area": 7955651.0161864506 }, "geometry": { "type": "Polygon", "coordinates": [ [ [ 80.0343756, 29.2235003 ], [ 80.0355794, 29.2226679 ], [ 80.0372942, 29.2226195 ], [ 80.0406133, 29.2197703 ], [ 80.0454619, 29.2178943 ], [ 80.0480209, 29.2155516 ], [ 80.0486239, 29.214589 ], [ 80.0484401, 29.2123113 ], [ 80.0489149, 29.2107391 ], [ 80.0500293, 29.2085412 ], [ 80.0507788, 29.2080116 ], [ 80.0517106, 29.2066638 ], [ 80.0520576, 29.2058136 ], [ 80.0522942, 29.2031667 ], [ 80.0529187, 29.2016838 ], [ 80.054505, 29.2006431 ], [ 80.0520058, 29.1996037 ], [ 80.0493067, 29.1999887 ], [ 80.0464976, 29.1992373 ], [ 80.0431965, 29.1994464 ], [ 80.0407158, 29.1988389 ], [ 80.0383265, 29.1986795 ], [ 80.0378159, 29.1988556 ], [ 80.0374151, 29.2006 ], [ 80.0368134, 29.2012402 ], [ 80.0352449, 29.2015126 ], [ 80.0341323, 29.2012889 ], [ 80.0295182, 29.2029221 ], [ 80.0269648, 29.2032746 ], [ 80.0247581, 29.2048113 ], [ 80.0220407, 29.2058838 ], [ 80.0176813, 29.2055483 ], [ 80.01542, 29.2088931 ], [ 80.0154567, 29.2104613 ], [ 80.0159675, 29.2114695 ], [ 80.0157671, 29.2127656 ], [ 80.0182843, 29.2131175 ], [ 80.0212032, 29.2147014 ], [ 80.0237752, 29.215037 ], [ 80.027953, 29.2173087 ], [ 80.027267, 29.219141 ], [ 80.027559, 29.219589 ], [ 80.03077, 29.2211567 ], [ 80.0324853, 29.2233647 ], [ 80.0343756, 29.2235003 ] ] ] } },
{ "type": "Feature", "properties": { "gp_code": "260388", "gp_name": "KAANDA", "blkname": "CHAMPAWAT", "dtname": "Champawat", "SHAPE_Area": 11426856.026343815 }, "geometry": { "type": "Polygon", "coordinates": [ [ [ 80.0893335, 29.2255111 ], [ 80.0889825, 29.2205227 ], [ 80.0855085, 29.2207492 ], [ 80.084795, 29.2203966 ], [ 80.0868419, 29.2188236 ], [ 80.0859087, 29.2178616 ], [ 80.083476, 29.2168684 ], [ 80.0803133, 29.2176721 ], [ 80.0791065, 29.2176245 ], [ 80.0783024, 29.2183147 ], [ 80.0772962, 29.2176735 ], [ 80.0778624, 29.2166627 ], [ 80.0778617, 29.2155398 ], [ 80.0754479, 29.2150437 ], [ 80.0740394, 29.2143225 ], [ 80.0717342, 29.2120138 ], [ 80.0704358, 29.2116775 ], [ 80.0697224, 29.2110201 ], [ 80.0652975, 29.2107012 ], [ 80.0629196, 29.2089376 ], [ 80.0618218, 29.2072056 ], [ 80.0596819, 29.2059392 ], [ 80.0575417, 29.2036461 ], [ 80.0546896, 29.2038556 ], [ 80.0522942, 29.2031667 ], [ 80.0520576, 29.2058136 ], [ 80.0517106, 29.2066638 ], [ 80.0507788, 29.2080116 ], [ 80.0500293, 29.2085412 ], [ 80.0485861, 29.2115573 ], [ 80.0486602, 29.2140436 ], [ 80.0483681, 29.2150703 ], [ 80.0454619, 29.2178943 ], [ 80.0430668, 29.2188414 ], [ 80.0434695, 29.2200925 ], [ 80.0453206, 29.2221053 ], [ 80.0458865, 29.2233854 ], [ 80.0460145, 29.2241534 ], [ 80.0451944, 29.226346 ], [ 80.0454685, 29.2275301 ], [ 80.0462528, 29.2270178 ], [ 80.0495545, 29.2264247 ], [ 80.0505398, 29.2269845 ], [ 80.0538601, 29.2272074 ], [ 80.0569056, 29.2250301 ], [ 80.0576793, 29.2241302 ], [ 80.0608259, 29.226888 ], [ 80.0621612, 29.2276093 ], [ 80.0671906, 29.2286338 ], [ 80.0692758, 29.2296755 ], [ 80.0717092, 29.2318078 ], [ 80.0729348, 29.2323687 ], [ 80.077672, 29.2336658 ], [ 80.0839633, 29.2342239 ], [ 80.087809, 29.2363129 ], [ 80.0880599, 29.234342 ], [ 80.0886628, 29.2335798 ], [ 80.0896497, 29.232681 ], [ 80.0934335, 29.2304653 ], [ 80.0914957, 29.2285628 ], [ 80.0893335, 29.2255111 ] ] ] } },
{ "type": "Feature", "properties": { "gp_code": "22728", "gp_name": "KOT AMORI", "blkname": "CHAMPAWAT", "dtname": "Champawat", "SHAPE_Area": 10370119.432987038 }, "geometry": { "type": "Polygon", "coordinates": [ [ [ 80.0869492, 29.2501923 ], [ 80.0851678, 29.2492222 ], [ 80.0849194, 29.2477038 ], [ 80.0851831, 29.2457512 ], [ 80.0836834, 29.2461017 ], [ 80.0828975, 29.2469202 ], [ 80.0806053, 29.2446437 ], [ 80.079287, 29.2424789 ], [ 80.0847192, 29.2430376 ], [ 80.0855696, 29.2426519 ], [ 80.0865414, 29.2426746 ], [ 80.0880338, 29.2417905 ], [ 80.0883251, 29.2415657 ], [ 80.0883414, 29.2395589 ], [ 80.0886941, 29.2386988 ], [ 80.087809, 29.2363129 ], [ 80.0839633, 29.2342239 ], [ 80.077672, 29.2336658 ], [ 80.0729348, 29.2323687 ], [ 80.0717092, 29.2318078 ], [ 80.0692758, 29.2296755 ], [ 80.0671906, 29.2286338 ], [ 80.0621612, 29.2276093 ], [ 80.0608259, 29.226888 ], [ 80.0576793, 29.2241302 ], [ 80.0569056, 29.2250301 ], [ 80.0538601, 29.2272074 ], [ 80.0505398, 29.2269845 ], [ 80.0501204, 29.2274807 ], [ 80.0488082, 29.2307455 ], [ 80.0476777, 29.232234 ], [ 80.0489018, 29.2366022 ], [ 80.0507092, 29.2395619 ], [ 80.0499806, 29.2424744 ], [ 80.0503826, 29.2439785 ], [ 80.0510581, 29.2450024 ], [ 80.053376, 29.2466977 ], [ 80.0564235, 29.2478488 ], [ 80.0603101, 29.2482155 ], [ 80.0618613, 29.2487269 ], [ 80.0623175, 29.2489828 ], [ 80.0628174, 29.2499962 ], [ 80.0688931, 29.2515878 ], [ 80.0734708, 29.252273 ], [ 80.07994, 29.2528656 ], [ 80.0839558, 29.2507208 ], [ 80.0869492, 29.2501923 ] ] ] } },
{ "type": "Feature", "properties": { "gp_code": "22694", "gp_name": "CHATKOT", "blkname": "CHAMPAWAT", "dtname": "Champawat", "SHAPE_Area": 3447198.0638123699 }, "geometry": { "type": "Polygon", "coordinates": [ [ [ 80.0424035, 29.2523821 ], [ 80.0428055, 29.251453 ], [ 80.0418642, 29.2501895 ], [ 80.0440349, 29.2485568 ], [ 80.0466436, 29.2475159 ], [ 80.0480668, 29.2473875 ], [ 80.0515518, 29.2477864 ], [ 80.053376, 29.2466977 ], [ 80.0510581, 29.2450024 ], [ 80.0503826, 29.2439785 ], [ 80.0499806, 29.2424744 ], [ 80.0507092, 29.2395619 ], [ 80.0489018, 29.2366022 ], [ 80.0476777, 29.232234 ], [ 80.0488082, 29.2307455 ], [ 80.049373, 29.2289371 ], [ 80.0505398, 29.2269845 ], [ 80.0495545, 29.2264247 ], [ 80.0462528, 29.2270178 ], [ 80.0451767, 29.2277381 ], [ 80.0451586, 29.2282663 ], [ 80.0424593, 29.2301713 ], [ 80.0422958, 29.2322835 ], [ 80.0392401, 29.2325484 ], [ 80.0385379, 29.2328926 ], [ 80.0382917, 29.2334286 ], [ 80.0378921, 29.2388534 ], [ 80.0372173, 29.2398056 ], [ 80.0371082, 29.2410698 ], [ 80.0379036, 29.2469103 ], [ 80.0375208, 29.2475744 ], [ 80.0364898, 29.2476866 ], [ 80.0357328, 29.2481348 ], [ 80.036983, 29.2490706 ], [ 80.0375533, 29.250163 ], [ 80.0394919, 29.2508917 ], [ 80.0395288, 29.2524598 ], [ 80.0424035, 29.2523821 ] ] ] } },
{ "type": "Feature", "properties": { "gp_code": "22730", "gp_name": "LADA BORA", "blkname": "CHAMPAWAT", "dtname": "Champawat", "SHAPE_Area": 8902323.4928556085 }, "geometry": { "type": "Polygon", "coordinates": [ [ [ 80.0395872, 29.2511269 ], [ 80.0375533, 29.250163 ], [ 80.036983, 29.2490706 ], [ 80.0357328, 29.2481348 ], [ 80.0364898, 29.2476866 ], [ 80.0375208, 29.2475744 ], [ 80.0379036, 29.2469103 ], [ 80.0371082, 29.2410698 ], [ 80.0372173, 29.2398056 ], [ 80.0378921, 29.2388534 ], [ 80.038146, 29.2340608 ], [ 80.0387385, 29.2327245 ], [ 80.0405718, 29.232252 ], [ 80.0422958, 29.2322835 ], [ 80.0424593, 29.2301713 ], [ 80.0451586, 29.2282663 ], [ 80.0454685, 29.2275301 ], [ 80.0451944, 29.226346 ], [ 80.0460145, 29.2241534 ], [ 80.0453206, 29.2221053 ], [ 80.0439452, 29.2208142 ], [ 80.0430668, 29.2188414 ], [ 80.0406133, 29.2197703 ], [ 80.0372942, 29.2226195 ], [ 80.0355794, 29.2226679 ], [ 80.0343756, 29.2235003 ], [ 80.0324853, 29.2233647 ], [ 80.03077, 29.2211567 ], [ 80.027559, 29.219589 ], [ 80.027267, 29.219141 ], [ 80.027953, 29.2173087 ], [ 80.0237752, 29.215037 ], [ 80.0212032, 29.2147014 ], [ 80.0182843, 29.2131175 ], [ 80.0157671, 29.2127656 ], [ 80.0143627, 29.2145421 ], [ 80.0169897, 29.2161901 ], [ 80.0177564, 29.2197105 ], [ 80.0169996, 29.2216148 ], [ 80.019271, 29.2238869 ], [ 80.0195085, 29.2255031 ], [ 80.0203843, 29.2263831 ], [ 80.0201291, 29.2275193 ], [ 80.0185424, 29.2301118 ], [ 80.0184699, 29.2335522 ], [ 80.0175214, 29.2348485 ], [ 80.0176129, 29.2361766 ], [ 80.0169015, 29.2381769 ], [ 80.0171134, 29.2390789 ], [ 80.0207529, 29.2385361 ], [ 80.0217777, 29.2388614 ], [ 80.0220078, 29.2409533 ], [ 80.0235983, 29.2430915 ], [ 80.0291293, 29.2463757 ], [ 80.0307199, 29.2480179 ], [ 80.030973, 29.2502103 ], [ 80.0324075, 29.250402 ], [ 80.0348617, 29.2527811 ], [ 80.0395288, 29.2524598 ], [ 80.0395872, 29.2511269 ] ] ] } },
{ "type": "Feature", "properties": { "gp_code": "22744", "gp_name": "PACHNAI", "blkname": "CHAMPAWAT", "dtname": "Champawat", "SHAPE_Area": 4121962.0928178239 }, "geometry": { "type": "Polygon", "coordinates": [ [ [ 80.0171134, 29.2390789 ], [ 80.0166462, 29.2384571 ], [ 80.0155332, 29.237881 ], [ 80.0123769, 29.2373053 ], [ 80.0081808, 29.2386497 ], [ 80.0051339, 29.2379698 ], [ 80.0000893, 29.2380659 ], [ 79.9981616, 29.2383639 ], [ 79.997181, 29.2394455 ], [ 79.9952811, 29.2383815 ], [ 79.989101, 29.2373172 ], [ 79.9886088, 29.238602 ], [ 79.9865255, 29.2417838 ], [ 79.9865827, 29.2422657 ], [ 79.9893465, 29.2449359 ], [ 79.9895181, 29.2461555 ], [ 79.9915324, 29.2482987 ], [ 79.9916926, 29.2491117 ], [ 79.9910299, 29.2505897 ], [ 79.9887416, 29.252143 ], [ 79.9880034, 29.2533405 ], [ 79.989332, 29.2537451 ], [ 79.9899503, 29.2529199 ], [ 79.9924507, 29.2513503 ], [ 79.9953293, 29.2512695 ], [ 79.9972623, 29.2501813 ], [ 79.9984226, 29.2501346 ], [ 79.9989765, 29.2506843 ], [ 80.0033886, 29.2528078 ], [ 80.0032952, 29.2501849 ], [ 80.0091636, 29.2472923 ], [ 80.0093402, 29.2461301 ], [ 80.0111599, 29.244379 ], [ 80.0121315, 29.2425969 ], [ 80.0161065, 29.2402102 ], [ 80.0171134, 29.2390789 ] ] ] } },
{ "type": "Feature", "properties": { "gp_code": "22727", "gp_name": "KHATOLI TALLI", "blkname": "CHAMPAWAT", "dtname": "Champawat", "SHAPE_Area": 6938815.3435549764 }, "geometry": { "type": "Polygon", "coordinates": [ [ [ 79.9865827, 29.2422657 ], [ 79.9868002, 29.2412618 ], [ 79.9892613, 29.2372771 ], [ 79.9952811, 29.2383815 ], [ 79.997181, 29.2394455 ], [ 79.9981616, 29.2383639 ], [ 80.0000893, 29.2380659 ], [ 80.0051339, 29.2379698 ], [ 80.0081808, 29.2386497 ], [ 80.0123769, 29.2373053 ], [ 80.0155332, 29.237881 ], [ 80.0166462, 29.2384571 ], [ 80.0171134, 29.2390789 ], [ 80.0169015, 29.2381769 ], [ 80.0176129, 29.2361766 ], [ 80.0175214, 29.2348485 ], [ 80.0184699, 29.2335522 ], [ 80.0185424, 29.2301118 ], [ 80.0201291, 29.2275193 ], [ 80.0203843, 29.2263831 ], [ 80.0195085, 29.2255031 ], [ 80.019271, 29.2238869 ], [ 80.0169996, 29.2216148 ], [ 80.0177564, 29.2197105 ], [ 80.0172636, 29.2183104 ], [ 80.013433, 29.2191269 ], [ 80.0101312, 29.2192551 ], [ 80.0082707, 29.2201833 ], [ 80.0068296, 29.2213356 ], [ 80.005863, 29.2253522 ], [ 80.0049875, 29.2268244 ], [ 80.00278, 29.2280247 ], [ 79.9990894, 29.2282463 ], [ 79.9993948, 29.230812 ], [ 79.9990991, 29.2319654 ], [ 79.9985564, 29.2324483 ], [ 79.99642, 29.2321982 ], [ 79.9932272, 29.2294978 ], [ 79.9890503, 29.2280019 ], [ 79.987986, 29.2281023 ], [ 79.9871849, 29.2291963 ], [ 79.98069, 29.2329248 ], [ 79.9789501, 29.2347214 ], [ 79.9794873, 29.2386563 ], [ 79.9788977, 29.2399913 ], [ 79.9790977, 29.241482 ], [ 79.98078, 29.2426967 ], [ 79.9828172, 29.2428174 ], [ 79.9840475, 29.2432742 ], [ 79.9851806, 29.243184 ], [ 79.9865827, 29.2422657 ] ] ] } },
{ "type": "Feature", "properties": { "gp_code": "243019", "gp_name": "KHATOLEE MALLI", "blkname": "CHAMPAWAT", "dtname": "Champawat", "SHAPE_Area": 8990683.9766214117 }, "geometry": { "type": "Polygon", "coordinates": [ [ [ 79.9984227, 29.2324649 ], [ 79.9989421, 29.2322088 ], [ 79.9993465, 29.2311536 ], [ 79.9990894, 29.2282463 ], [ 80.00278, 29.2280247 ], [ 80.0049875, 29.2268244 ], [ 80.005863, 29.2253522 ], [ 80.0068296, 29.2213356 ], [ 80.0082707, 29.2201833 ], [ 80.0101312, 29.2192551 ], [ 80.013433, 29.2191269 ], [ 80.0172636, 29.2183104 ], [ 80.0169897, 29.2161901 ], [ 80.0144996, 29.2147341 ], [ 80.0143627, 29.214342 ], [ 80.0156212, 29.2130857 ], [ 80.0159494, 29.2119655 ], [ 80.0152924, 29.2095333 ], [ 80.01542, 29.2088931 ], [ 80.0176813, 29.2055483 ], [ 80.0163403, 29.2024999 ], [ 80.0161759, 29.2007877 ], [ 80.0150083, 29.1984673 ], [ 80.0141237, 29.1977073 ], [ 80.0129929, 29.1975633 ], [ 80.0118986, 29.1979315 ], [ 80.0112603, 29.1987157 ], [ 80.0112422, 29.200204 ], [ 80.0105857, 29.2016283 ], [ 80.007248, 29.2020605 ], [ 80.0068285, 29.2024446 ], [ 80.0065003, 29.2049891 ], [ 80.0058985, 29.2062213 ], [ 80.0052967, 29.2067334 ], [ 80.0019223, 29.2077417 ], [ 79.997655, 29.2115685 ], [ 79.9969111, 29.2116488 ], [ 79.9958928, 29.2111869 ], [ 79.993387, 29.2092596 ], [ 79.9925632, 29.2089784 ], [ 79.9902862, 29.2101629 ], [ 79.9889704, 29.2104037 ], [ 79.987426, 29.2076229 ], [ 79.9869225, 29.2072414 ], [ 79.9825288, 29.2078634 ], [ 79.9808468, 29.2074617 ], [ 79.9798356, 29.2080752 ], [ 79.9800066, 29.2114982 ], [ 79.9820203, 29.2128236 ], [ 79.983834, 29.2125125 ], [ 79.9841657, 29.2129693 ], [ 79.9838052, 29.2137925 ], [ 79.9850407, 29.2161415 ], [ 79.9868027, 29.2171455 ], [ 79.9870774, 29.2176876 ], [ 79.9871459, 29.21831 ], [ 79.9866309, 29.219645 ], [ 79.9848683, 29.2229876 ], [ 79.9848681, 29.2248647 ], [ 79.9858062, 29.2263705 ], [ 79.987986, 29.2281023 ], [ 79.990126, 29.2282128 ], [ 79.9932272, 29.2294978 ], [ 79.99642, 29.2321982 ], [ 79.9984227, 29.2324649 ] ] ] } },
{ "type": "Feature", "properties": { "gp_code": "", "gp_name": "", "blkname": "CHAMPAWAT", "dtname": "Champawat", "SHAPE_Area": 2246278.021488416 }, "geometry": { "type": "Polygon", "coordinates": [ [ [ 79.9739944, 29.2083203 ], [ 79.971489, 29.2067087 ], [ 79.9704249, 29.2065479 ], [ 79.9685884, 29.2071047 ], [ 79.9669976, 29.2082738 ], [ 79.9662957, 29.2116102 ], [ 79.9620472, 29.2213075 ], [ 79.9649337, 29.2237625 ], [ 79.9656312, 29.2259208 ], [ 79.9676342, 29.2245861 ], [ 79.9698427, 29.2250383 ], [ 79.9719483, 29.224878 ], [ 79.9717879, 29.2257915 ], [ 79.9721312, 29.2257815 ], [ 79.9729782, 29.2248782 ], [ 79.9750152, 29.2246176 ], [ 79.976503, 29.223624 ], [ 79.9795471, 29.2228414 ], [ 79.9802109, 29.2222392 ], [ 79.9803944, 29.2197698 ], [ 79.9767557, 29.2184845 ], [ 79.9730712, 29.2181225 ], [ 79.9688714, 29.2190252 ], [ 79.9689643, 29.2140061 ], [ 79.9739944, 29.2083203 ] ] ] } },
{ "type": "Feature", "properties": { "gp_code": "22719", "gp_name": "KAKNAI MALLI", "blkname": "CHAMPAWAT", "dtname": "Champawat", "SHAPE_Area": 1626517.0470150546 }, "geometry": { "type": "Polygon", "coordinates": [ [ [ 79.9666827, 29.2092374 ], [ 79.9609511, 29.2067115 ], [ 79.9595726, 29.2057877 ], [ 79.9592189, 29.2028062 ], [ 79.9570231, 29.2001453 ], [ 79.956533, 29.194905 ], [ 79.9546223, 29.1951053 ], [ 79.953066, 29.1958778 ], [ 79.950569, 29.2031451 ], [ 79.9495733, 29.2041486 ], [ 79.947891, 29.2049812 ], [ 79.9482454, 29.2055234 ], [ 79.9517022, 29.2076777 ], [ 79.952457, 29.2085011 ], [ 79.9574172, 29.208126 ], [ 79.9598198, 29.2085684 ], [ 79.9634577, 29.2108781 ], [ 79.9657343, 29.2127457 ], [ 79.9662957, 29.2116102 ], [ 79.9666827, 29.2092374 ] ] ] } },
{ "type": "Feature", "properties": { "gp_code": "22908", "gp_name": "TANDA MALLA", "blkname": "PATI", "dtname": "Champawat", "SHAPE_Area": 3114049.5494498983 }, "geometry": { "type": "Polygon", "coordinates": [ [ [ 79.960055, 29.2246397 ], [ 79.9628601, 29.2197417 ], [ 79.9657343, 29.2127457 ], [ 79.9634577, 29.2108781 ], [ 79.9598198, 29.2085684 ], [ 79.9574172, 29.208126 ], [ 79.952457, 29.2085011 ], [ 79.951854, 29.2089025 ], [ 79.9503428, 29.2111305 ], [ 79.9500677, 29.2120138 ], [ 79.9490147, 29.2128517 ], [ 79.9474241, 29.2132828 ], [ 79.9471033, 29.2140156 ], [ 79.9462106, 29.2146978 ], [ 79.9461747, 29.2181912 ], [ 79.94733, 29.2191351 ], [ 79.9499844, 29.2201097 ], [ 79.9518718, 29.2220577 ], [ 79.9539086, 29.2221887 ], [ 79.9548697, 29.2227009 ], [ 79.9574913, 29.2259138 ], [ 79.9590248, 29.2255127 ], [ 79.960055, 29.2246397 ] ] ] } },
{ "type": "Feature", "properties": { "gp_code": "22770", "gp_name": "VAILLA", "blkname": "CHAMPAWAT", "dtname": "Champawat", "SHAPE_Area": 5411877.3425056059 }, "geometry": { "type": "Polygon", "coordinates": [ [ [ 79.9480763, 29.2501154 ], [ 79.9538058, 29.2502919 ], [ 79.9553279, 29.2509315 ], [ 79.9558448, 29.2501703 ], [ 79.9607439, 29.2501723 ], [ 79.9625243, 29.2511599 ], [ 79.9639453, 29.2506343 ], [ 79.9635656, 29.2499932 ], [ 79.9667865, 29.2492993 ], [ 79.9673361, 29.2487975 ], [ 79.9673592, 29.2478138 ], [ 79.9679087, 29.2472619 ], [ 79.9712621, 29.2478447 ], [ 79.973586, 29.2458777 ], [ 79.9749024, 29.2452254 ], [ 79.9748338, 29.2447135 ], [ 79.9742845, 29.2442417 ], [ 79.9722361, 29.2431672 ], [ 79.967275, 29.2414348 ], [ 79.957398, 29.2412619 ], [ 79.9547661, 29.2401771 ], [ 79.9497873, 29.240828 ], [ 79.9430579, 29.2402236 ], [ 79.9450506, 29.2373635 ], [ 79.9477511, 29.2385388 ], [ 79.949571, 29.2379974 ], [ 79.9514076, 29.2385801 ], [ 79.9522604, 29.2383796 ], [ 79.9536799, 29.2374063 ], [ 79.9544361, 29.234872 ], [ 79.9549972, 29.2341193 ], [ 79.9591187, 29.2293924 ], [ 79.961534, 29.2273352 ], [ 79.960055, 29.2246397 ], [ 79.9590248, 29.2255127 ], [ 79.9543554, 29.226706 ], [ 79.9507155, 29.2288731 ], [ 79.9494448, 29.2298565 ], [ 79.9472349, 29.232807 ], [ 79.9426559, 29.2355559 ], [ 79.9412468, 29.2385567 ], [ 79.9405139, 29.2394297 ], [ 79.9389228, 29.2400815 ], [ 79.9363307, 29.2398647 ], [ 79.9357008, 29.240552 ], [ 79.9356319, 29.2410941 ], [ 79.9362207, 29.2422687 ], [ 79.9377307, 29.2436244 ], [ 79.9398301, 29.2409853 ], [ 79.9406657, 29.240815 ], [ 79.9430002, 29.2412574 ], [ 79.9469137, 29.2428448 ], [ 79.9484812, 29.2439795 ], [ 79.9491561, 29.2450036 ], [ 79.9490184, 29.245937 ], [ 79.9472903, 29.2456555 ], [ 79.9455044, 29.2465382 ], [ 79.9450577, 29.2472005 ], [ 79.9454001, 29.2495194 ], [ 79.9450881, 29.2500366 ], [ 79.9460649, 29.2527231 ], [ 79.9474795, 29.2552555 ], [ 79.9488509, 29.2537758 ], [ 79.9504977, 29.254007 ], [ 79.9500184, 29.252692 ], [ 79.9487134, 29.2514294 ], [ 79.9480763, 29.2501154 ] ] ] } },
{ "type": "Feature", "properties": { "gp_code": "22883", "gp_name": "MACHHIYAD", "blkname": "PATI", "dtname": "Champawat", "SHAPE_Area": 4826370.1927927574 }, "geometry": { "type": "Polygon", "coordinates": [ [ [ 79.9249091, 29.2556893 ], [ 79.9275982, 29.2551802 ], [ 79.9283469, 29.2546214 ], [ 79.9284029, 29.2535519 ], [ 79.929208, 29.2513159 ], [ 79.9290516, 29.2499998 ], [ 79.9295845, 29.2487754 ], [ 79.9305351, 29.2477118 ], [ 79.9371968, 29.2472128 ], [ 79.9380668, 29.2468617 ], [ 79.9384105, 29.2461091 ], [ 79.9382968, 29.2445983 ], [ 79.9377307, 29.2436244 ], [ 79.9362207, 29.2422687 ], [ 79.9356263, 29.2408331 ], [ 79.9363307, 29.2398647 ], [ 79.9376639, 29.2400409 ], [ 79.937772, 29.2370196 ], [ 79.9382193, 29.234972 ], [ 79.9367796, 29.2305145 ], [ 79.935556, 29.2286771 ], [ 79.9334393, 29.2279033 ], [ 79.9291919, 29.2309531 ], [ 79.9265479, 29.2317449 ], [ 79.9262499, 29.2324173 ], [ 79.9254141, 29.2331095 ], [ 79.924361, 29.2335307 ], [ 79.9223469, 29.2334694 ], [ 79.9210763, 29.2338403 ], [ 79.9209488, 29.2362895 ], [ 79.9191634, 29.2363889 ], [ 79.9181094, 29.23813 ], [ 79.9169527, 29.2393239 ], [ 79.9164488, 29.2397453 ], [ 79.9147206, 29.2398698 ], [ 79.9144112, 29.2404318 ], [ 79.91417, 29.2415659 ], [ 79.9264496, 29.2430877 ], [ 79.9244693, 29.2436489 ], [ 79.9241486, 29.2441406 ], [ 79.9238379, 29.2467703 ], [ 79.9244418, 29.2499949 ], [ 79.9236644, 29.2513803 ], [ 79.9220284, 29.2523518 ], [ 79.9176755, 29.2540268 ], [ 79.913987, 29.2550317 ], [ 79.9141819, 29.2557083 ], [ 79.9167599, 29.2553451 ], [ 79.9249091, 29.2556893 ] ] ] } },
{ "type": "Feature", "properties": { "gp_code": "", "gp_name": "", "blkname": "PATI", "dtname": "Champawat", "SHAPE_Area": 10418297.831184844 }, "geometry": { "type": "Polygon", "coordinates": [ [ [ 79.9244418, 29.2499949 ], [ 79.9238379, 29.2467703 ], [ 79.9241486, 29.2441406 ], [ 79.9244693, 29.2436489 ], [ 79.9260718, 29.2433184 ], [ 79.9263696, 29.2429371 ], [ 79.91417, 29.2415659 ], [ 79.9144112, 29.2404318 ], [ 79.9147206, 29.2398698 ], [ 79.9164488, 29.2397453 ], [ 79.9169527, 29.2393239 ], [ 79.9181094, 29.23813 ], [ 79.9191634, 29.2363889 ], [ 79.9209488, 29.2362895 ], [ 79.9208698, 29.2346131 ], [ 79.9210763, 29.2338403 ], [ 79.9215457, 29.2335695 ], [ 79.924361, 29.2335307 ], [ 79.9254141, 29.2331095 ], [ 79.9262499, 29.2324173 ], [ 79.9265479, 29.2317449 ], [ 79.9291919, 29.2309531 ], [ 79.93139, 29.2295888 ], [ 79.9330387, 29.2280336 ], [ 79.9334393, 29.2279033 ], [ 79.935556, 29.2286771 ], [ 79.9369008, 29.2284267 ], [ 79.9384352, 29.2267208 ], [ 79.9397054, 29.2265306 ], [ 79.9408046, 29.2255673 ], [ 79.9413777, 29.2232989 ], [ 79.942042, 29.222205 ], [ 79.9429577, 29.221603 ], [ 79.942799, 29.2182101 ], [ 79.9432459, 29.2168952 ], [ 79.9437954, 29.216524 ], [ 79.9451571, 29.2163839 ], [ 79.9457527, 29.215059 ], [ 79.9471033, 29.2140156 ], [ 79.9474241, 29.2132828 ], [ 79.9490147, 29.2128517 ], [ 79.9500677, 29.2120138 ], [ 79.9503428, 29.2111305 ], [ 79.951854, 29.2089025 ], [ 79.952457, 29.2085011 ], [ 79.9517022, 29.2076777 ], [ 79.9486823, 29.2057093 ], [ 79.9460272, 29.2071138 ], [ 79.9354416, 29.2108242 ], [ 79.9321232, 29.2109231 ], [ 79.9312878, 29.2112039 ], [ 79.9286149, 29.2132706 ], [ 79.9267264, 29.2141557 ], [ 79.9265539, 29.2156512 ], [ 79.924618, 29.2190333 ], [ 79.9229231, 29.2211405 ], [ 79.9218458, 29.2238402 ], [ 79.9193045, 29.2251841 ], [ 79.9143353, 29.228976 ], [ 79.913201, 29.2309729 ], [ 79.9109453, 29.232648 ], [ 79.9109095, 29.2347159 ], [ 79.9101188, 29.2362211 ], [ 79.9095214, 29.2393124 ], [ 79.9084445, 29.2407874 ], [ 79.9068508, 29.2445707 ], [ 79.9064821, 29.247918 ], [ 79.9067523, 29.249996 ], [ 79.9102886, 29.2526513 ], [ 79.9114752, 29.254018 ], [ 79.913987, 29.2550317 ], [ 79.9176755, 29.2540268 ], [ 79.9220284, 29.2523518 ], [ 79.9236644, 29.2513803 ], [ 79.9244418, 29.2499949 ] ] ] } },
{ "type": "Feature", "properties": { "gp_code": "22900", "gp_name": "SAAL", "blkname": "PATI", "dtname": "Champawat", "SHAPE_Area": 3062398.4256647094 }, "geometry": { "type": "Polygon", "coordinates": [ [ [ 79.9574913, 29.2259138 ], [ 79.9548697, 29.2227009 ], [ 79.9539086, 29.2221887 ], [ 79.9518718, 29.2220577 ], [ 79.9499844, 29.2201097 ], [ 79.94733, 29.2191351 ], [ 79.9463577, 29.2184623 ], [ 79.9459921, 29.2170768 ], [ 79.946382, 29.2151094 ], [ 79.9462106, 29.2146978 ], [ 79.9451571, 29.2163839 ], [ 79.9437954, 29.216524 ], [ 79.9432459, 29.2168952 ], [ 79.942799, 29.2182101 ], [ 79.9429577, 29.221603 ], [ 79.942042, 29.222205 ], [ 79.9413777, 29.2232989 ], [ 79.9408046, 29.2255673 ], [ 79.9397054, 29.2265306 ], [ 79.9384352, 29.2267208 ], [ 79.9369008, 29.2284267 ], [ 79.935556, 29.2286771 ], [ 79.9367796, 29.2305145 ], [ 79.9382193, 29.234972 ], [ 79.937772, 29.2370196 ], [ 79.9376639, 29.2400409 ], [ 79.9389228, 29.2400815 ], [ 79.9405139, 29.2394297 ], [ 79.9412468, 29.2385567 ], [ 79.9426559, 29.2355559 ], [ 79.9472349, 29.232807 ], [ 79.9494448, 29.2298565 ], [ 79.9507155, 29.2288731 ], [ 79.9543554, 29.226706 ], [ 79.9574913, 29.2259138 ] ] ] } },
{ "type": "Feature", "properties": { "gp_code": "", "gp_name": "", "blkname": "CHAMPAWAT", "dtname": "Champawat", "SHAPE_Area": 1512787.3617187028 }, "geometry": { "type": "Polygon", "coordinates": [ [ [ 79.9278389, 29.1664997 ], [ 79.9251622, 29.1667997 ], [ 79.9232857, 29.1678229 ], [ 79.9241058, 29.1735053 ], [ 79.9251565, 29.176377 ], [ 79.9249271, 29.1773407 ], [ 79.9268483, 29.1782049 ], [ 79.9307382, 29.1771625 ], [ 79.9326834, 29.1762599 ], [ 79.9327981, 29.1755973 ], [ 79.9341259, 29.1739314 ], [ 79.9369393, 29.1752175 ], [ 79.9357972, 29.1715227 ], [ 79.9347232, 29.1692334 ], [ 79.9314753, 29.1682883 ], [ 79.9278389, 29.1664997 ] ] ] } },
{ "type": "Feature", "properties": { "gp_code": "22862", "gp_name": "GOL DANDA", "blkname": "PATI", "dtname": "Champawat", "SHAPE_Area": 28509329.027807109 }, "geometry": { "type": "Polygon", "coordinates": [ [ [ 79.812047, 29.3383428 ], [ 79.8150711, 29.3379331 ], [ 79.8155144, 29.3382252 ], [ 79.8168061, 29.3398808 ], [ 79.8176272, 29.3397588 ], [ 79.8182938, 29.3391033 ], [ 79.8183228, 29.3383013 ], [ 79.8186281, 29.3381316 ], [ 79.8198202, 29.338546 ], [ 79.8253412, 29.3377015 ], [ 79.828835, 29.3384829 ], [ 79.8320811, 29.3379274 ], [ 79.8323942, 29.3319976 ], [ 79.8311476, 29.3309268 ], [ 79.8318723, 29.3282785 ], [ 79.8300996, 29.3265753 ], [ 79.8304619, 29.3252632 ], [ 79.8318792, 29.3232232 ], [ 79.8352921, 29.3219872 ], [ 79.8385084, 29.3226223 ], [ 79.8414483, 29.3225281 ], [ 79.8438896, 29.3219957 ], [ 79.8454991, 29.321171 ], [ 79.8498589, 29.3165815 ], [ 79.8499164, 29.3149045 ], [ 79.8496169, 29.3144555 ], [ 79.849854, 29.3148953 ], [ 79.8477879, 29.3149663 ], [ 79.8459678, 29.3178569 ], [ 79.8429134, 29.320892 ], [ 79.8399531, 29.3216245 ], [ 79.8360028, 29.3215162 ], [ 79.8361523, 29.3173331 ], [ 79.8352108, 29.3153671 ], [ 79.833549, 29.3138099 ], [ 79.8308558, 29.3120118 ], [ 79.8313379, 29.3106537 ], [ 79.831863, 29.3103838 ], [ 79.8338106, 29.3100307 ], [ 79.8360845, 29.3100635 ], [ 79.8368832, 29.3095565 ], [ 79.837598, 29.3084 ], [ 79.8372459, 29.3061305 ], [ 79.837847, 29.3055102 ], [ 79.8401646, 29.307236 ], [ 79.8407482, 29.3062158 ], [ 79.8413239, 29.3059824 ], [ 79.8449783, 29.3052872 ], [ 79.8433039, 29.3026971 ], [ 79.842556, 29.3020522 ], [ 79.8421972, 29.3007515 ], [ 79.8407539, 29.3018438 ], [ 79.8398553, 29.2998621 ], [ 79.840521, 29.299644 ], [ 79.8424617, 29.2998403 ], [ 79.842103, 29.2984788 ], [ 79.8410791, 29.2969223 ], [ 79.8421892, 29.2961456 ], [ 79.8436987, 29.2974353 ], [ 79.8449461, 29.2977282 ], [ 79.8478026, 29.2973663 ], [ 79.8484692, 29.2964433 ], [ 79.8488319, 29.294645 ], [ 79.849276, 29.2942687 ], [ 79.8482248, 29.292226 ], [ 79.8466462, 29.2907662 ], [ 79.8451811, 29.2871796 ], [ 79.8462368, 29.2855278 ], [ 79.8469583, 29.2849938 ], [ 79.8476792, 29.2849701 ], [ 79.8515866, 29.286578 ], [ 79.8540227, 29.2897644 ], [ 79.855297, 29.290762 ], [ 79.8569883, 29.2908122 ], [ 79.8605845, 29.2922118 ], [ 79.8613502, 29.2903754 ], [ 79.8618481, 29.2901267 ], [ 79.8610581, 29.2899437 ], [ 79.8594497, 29.2901976 ], [ 79.8589994, 29.289948 ], [ 79.8564183, 29.2858569 ], [ 79.8523445, 29.282625 ], [ 79.8499643, 29.2814614 ], [ 79.8493577, 29.2802054 ], [ 79.8478175, 29.2791904 ], [ 79.8471548, 29.2774225 ], [ 79.8452162, 29.2757193 ], [ 79.8449954, 29.2749899 ], [ 79.8457741, 29.2730704 ], [ 79.8450825, 29.2718058 ], [ 79.8440026, 29.2708568 ], [ 79.842727, 29.2710986 ], [ 79.8398971, 29.2728459 ], [ 79.8338415, 29.2715029 ], [ 79.8272327, 29.2692719 ], [ 79.8250709, 29.2689536 ], [ 79.8223535, 29.2694123 ], [ 79.8190238, 29.2714262 ], [ 79.8170237, 29.2741949 ], [ 79.8164393, 29.2757255 ], [ 79.8158029, 29.2749227 ], [ 79.8137742, 29.2781288 ], [ 79.8136942, 29.2784322 ], [ 79.8155996, 29.2790929 ], [ 79.8149646, 29.2805814 ], [ 79.8133993, 29.2795509 ], [ 79.8127783, 29.2818263 ], [ 79.8137946, 29.283063 ], [ 79.8173808, 29.2859184 ], [ 79.8176986, 29.286604 ], [ 79.8153684, 29.2873792 ], [ 79.814064, 29.288277 ], [ 79.8132027, 29.2893698 ], [ 79.8130889, 29.2913627 ], [ 79.81195, 29.2926496 ], [ 79.8128366, 29.2931124 ], [ 79.8143063, 29.2929926 ], [ 79.8151656, 29.293261 ], [ 79.8155804, 29.293942 ], [ 79.8161018, 29.2975884 ], [ 79.814824, 29.2991669 ], [ 79.814601, 29.2999687 ], [ 79.8151827, 29.3003339 ], [ 79.8168188, 29.3002628 ], [ 79.8174284, 29.3005552 ], [ 79.8182276, 29.3039346 ], [ 79.8184458, 29.3063896 ], [ 79.8181662, 29.3079691 ], [ 79.8162497, 29.3100816 ], [ 79.8152225, 29.3108095 ], [ 79.813419, 29.3114637 ], [ 79.8095046, 29.3142299 ], [ 79.8075903, 29.3147379 ], [ 79.8058154, 29.3147358 ], [ 79.8057245, 29.319621 ], [ 79.8062737, 29.3231458 ], [ 79.8054062, 29.3280786 ], [ 79.8032696, 29.3286592 ], [ 79.7993523, 29.3327376 ], [ 79.7980201, 29.3333192 ], [ 79.7970492, 29.3333666 ], [ 79.7935217, 29.3363515 ], [ 79.7954917, 29.3359408 ], [ 79.7998175, 29.3366996 ], [ 79.8022291, 29.3376262 ], [ 79.8043632, 29.3387468 ], [ 79.8054157, 29.3396716 ], [ 79.8072175, 29.3404029 ], [ 79.812047, 29.3383428 ] ], [ [ 79.8223427, 29.2795883 ], [ 79.8208275, 29.278458 ], [ 79.8207314, 29.2775244 ], [ 79.8234807, 29.277015 ], [ 79.8238139, 29.2775949 ], [ 79.8236526, 29.2784428 ], [ 79.8223427, 29.2795883 ] ], [ [ 79.8247039, 29.2780351 ], [ 79.8254575, 29.2765423 ], [ 79.8290229, 29.2746478 ], [ 79.8290185, 29.2778445 ], [ 79.8270402, 29.277578 ], [ 79.8247039, 29.2780351 ] ], [ [ 79.8231902, 29.2758372 ], [ 79.8225629, 29.2765076 ], [ 79.8207965, 29.2757525 ], [ 79.8211875, 29.2748711 ], [ 79.8204216, 29.2742053 ], [ 79.8205309, 29.273725 ], [ 79.8209669, 29.2734189 ], [ 79.821954, 29.2739363 ], [ 79.8230829, 29.2729087 ], [ 79.8253001, 29.2727602 ], [ 79.8241992, 29.2757468 ], [ 79.8231902, 29.2758372 ] ], [ [ 79.8164394, 29.27755 ], [ 79.8177903, 29.2784999 ], [ 79.8193524, 29.278377 ], [ 79.8196927, 29.2788144 ], [ 79.8192116, 29.2794261 ], [ 79.8167205, 29.2793746 ], [ 79.8161107, 29.2777022 ], [ 79.8164394, 29.27755 ] ] ] } },
{ "type": "Feature", "properties": { "gp_code": "", "gp_name": "", "blkname": "PATI", "dtname": "Champawat", "SHAPE_Area": 36432.253662274197 }, "geometry": { "type": "Polygon", "coordinates": [ [ [ 79.8136942, 29.2784322 ], [ 79.8133993, 29.2795509 ], [ 79.8149646, 29.2805814 ], [ 79.8155996, 29.2790929 ], [ 79.8136942, 29.2784322 ] ] ] } },
{ "type": "Feature", "properties": { "gp_code": "", "gp_name": "", "blkname": "PATI", "dtname": "Champawat", "SHAPE_Area": 51839.98773613447 }, "geometry": { "type": "Polygon", "coordinates": [ [ [ 79.8177903, 29.2784999 ], [ 79.8164394, 29.27755 ], [ 79.8161107, 29.2777022 ], [ 79.8167205, 29.2793746 ], [ 79.8192116, 29.2794261 ], [ 79.8196927, 29.2788144 ], [ 79.8193524, 29.278377 ], [ 79.8177903, 29.2784999 ] ] ] } },
{ "type": "Feature", "properties": { "gp_code": "", "gp_name": "", "blkname": "PATI", "dtname": "Champawat", "SHAPE_Area": 160989.51001448557 }, "geometry": { "type": "Polygon", "coordinates": [ [ [ 79.8225629, 29.2765076 ], [ 79.8231902, 29.2758372 ], [ 79.8241992, 29.2757468 ], [ 79.8253001, 29.2727602 ], [ 79.8230829, 29.2729087 ], [ 79.821954, 29.2739363 ], [ 79.8209669, 29.2734189 ], [ 79.8205309, 29.273725 ], [ 79.8204216, 29.2742053 ], [ 79.8211875, 29.2748711 ], [ 79.8207965, 29.2757525 ], [ 79.8225629, 29.2765076 ] ] ] } },
{ "type": "Feature", "properties": { "gp_code": "", "gp_name": "", "blkname": "PATI", "dtname": "Champawat", "SHAPE_Area": 74061.460705711244 }, "geometry": { "type": "Polygon", "coordinates": [ [ [ 79.8238139, 29.2775949 ], [ 79.8234807, 29.277015 ], [ 79.8207314, 29.2775244 ], [ 79.8208275, 29.278458 ], [ 79.8223427, 29.2795883 ], [ 79.8236526, 29.2784428 ], [ 79.8238139, 29.2775949 ] ] ] } },
{ "type": "Feature", "properties": { "gp_code": "", "gp_name": "", "blkname": "PATI", "dtname": "Champawat", "SHAPE_Area": 119599.94652772744 }, "geometry": { "type": "Polygon", "coordinates": [ [ [ 79.8247039, 29.2780351 ], [ 79.8270402, 29.277578 ], [ 79.8290185, 29.2778445 ], [ 79.8290229, 29.2746478 ], [ 79.8254575, 29.2765423 ], [ 79.8247039, 29.2780351 ] ] ] } },
{ "type": "Feature", "properties": { "gp_code": "22845", "gp_name": "BINWAL GAON", "blkname": "PATI", "dtname": "Champawat", "SHAPE_Area": 2820899.5156763811 }, "geometry": { "type": "Polygon", "coordinates": [ [ [ 79.8585803, 29.3110083 ], [ 79.8581318, 29.3090878 ], [ 79.8570794, 29.3079202 ], [ 79.8564987, 29.3064857 ], [ 79.8569738, 29.3033508 ], [ 79.8555623, 29.3009919 ], [ 79.854384, 29.3008359 ], [ 79.8532741, 29.301479 ], [ 79.8511671, 29.3011367 ], [ 79.8498137, 29.2966997 ], [ 79.8484692, 29.2964433 ], [ 79.8478026, 29.2973663 ], [ 79.8449461, 29.2977282 ], [ 79.8436987, 29.2974353 ], [ 79.8421892, 29.2961456 ], [ 79.8411624, 29.2967886 ], [ 79.842103, 29.2984788 ], [ 79.8424617, 29.2998403 ], [ 79.840521, 29.299644 ], [ 79.8398553, 29.2998621 ], [ 79.8405046, 29.3015884 ], [ 79.8408925, 29.3017953 ], [ 79.8412954, 29.3012002 ], [ 79.8421972, 29.3007515 ], [ 79.842556, 29.3020522 ], [ 79.8433039, 29.3026971 ], [ 79.8449783, 29.3052872 ], [ 79.8412058, 29.3061433 ], [ 79.8435321, 29.308576 ], [ 79.8457742, 29.3118837 ], [ 79.8490125, 29.3134088 ], [ 79.8499164, 29.3149045 ], [ 79.8500836, 29.3142484 ], [ 79.8550767, 29.313135 ], [ 79.8577136, 29.3110714 ], [ 79.8585803, 29.3110083 ] ] ] } },
{ "type": "Feature", "properties": { "gp_code": "22892", "gp_name": "PAREWA", "blkname": "PATI", "dtname": "Champawat", "SHAPE_Area": 9997975.0081179142 }, "geometry": { "type": "Polygon", "coordinates": [ [ [ 79.875277, 29.295188 ], [ 79.8765368, 29.2927681 ], [ 79.877816, 29.2914974 ], [ 79.8770236, 29.29017 ], [ 79.8771727, 29.2886652 ], [ 79.8796303, 29.2858678 ], [ 79.8802407, 29.2846546 ], [ 79.87967, 29.2827102 ], [ 79.8783324, 29.2825415 ], [ 79.8767736, 29.2816261 ], [ 79.8763864, 29.2812536 ], [ 79.8759081, 29.2796837 ], [ 79.8739897, 29.2786304 ], [ 79.8739912, 29.2771741 ], [ 79.8717398, 29.2768811 ], [ 79.8707809, 29.2760712 ], [ 79.8670898, 29.2759226 ], [ 79.8668871, 29.2756149 ], [ 79.8671109, 29.2734792 ], [ 79.8658197, 29.2728147 ], [ 79.8650826, 29.2717299 ], [ 79.8636246, 29.2717286 ], [ 79.8625903, 29.2709344 ], [ 79.8593878, 29.2714421 ], [ 79.8559024, 29.2768108 ], [ 79.8549051, 29.2761779 ], [ 79.8508345, 29.2722122 ], [ 79.8503909, 29.2722118 ], [ 79.8486147, 29.2738144 ], [ 79.8475869, 29.2754663 ], [ 79.8471548, 29.2774225 ], [ 79.8478175, 29.2791904 ], [ 79.8493577, 29.2802054 ], [ 79.8499643, 29.2814614 ], [ 79.8523445, 29.282625 ], [ 79.8564183, 29.2858569 ], [ 79.8589994, 29.289948 ], [ 79.8594497, 29.2901976 ], [ 79.8610581, 29.2899437 ], [ 79.8618481, 29.2901267 ], [ 79.8613502, 29.2903754 ], [ 79.8605488, 29.2928934 ], [ 79.859563, 29.2941929 ], [ 79.8579684, 29.294471 ], [ 79.8568863, 29.295102 ], [ 79.8539207, 29.2939691 ], [ 79.8538085, 29.2950871 ], [ 79.8541382, 29.2976638 ], [ 79.8548997, 29.2985516 ], [ 79.8555623, 29.3009919 ], [ 79.8569738, 29.3033508 ], [ 79.8564987, 29.3064857 ], [ 79.8570794, 29.3079202 ], [ 79.8581318, 29.3090878 ], [ 79.8585803, 29.3110083 ], [ 79.8613036, 29.3121926 ], [ 79.8625483, 29.3150859 ], [ 79.8652794, 29.3155348 ], [ 79.8653657, 29.3126669 ], [ 79.8664495, 29.3106505 ], [ 79.8665892, 29.3095569 ], [ 79.8659263, 29.307223 ], [ 79.8664293, 29.3036506 ], [ 79.8669295, 29.3026302 ], [ 79.8695915, 29.3014584 ], [ 79.8721777, 29.2996158 ], [ 79.875277, 29.295188 ] ] ] } },
{ "type": "Feature", "properties": { "gp_code": "22855", "gp_name": "DHARSAUN", "blkname": "PATI", "dtname": "Champawat", "SHAPE_Area": 1558181.2567003677 }, "geometry": { "type": "Polygon", "coordinates": [ [ [ 79.8555623, 29.3009919 ], [ 79.8548997, 29.2985516 ], [ 79.8541382, 29.2976638 ], [ 79.8539207, 29.2939691 ], [ 79.8572607, 29.2950781 ], [ 79.8579684, 29.294471 ], [ 79.859563, 29.2941929 ], [ 79.8605488, 29.2928934 ], [ 79.8605845, 29.2922118 ], [ 79.8569883, 29.2908122 ], [ 79.855297, 29.290762 ], [ 79.8540227, 29.2897644 ], [ 79.8515866, 29.286578 ], [ 79.8476792, 29.2849701 ], [ 79.8469583, 29.2849938 ], [ 79.8462368, 29.2855278 ], [ 79.8451811, 29.2871796 ], [ 79.8466462, 29.2907662 ], [ 79.8482248, 29.292226 ], [ 79.849276, 29.2942687 ], [ 79.8488319, 29.294645 ], [ 79.8484692, 29.2964433 ], [ 79.8499938, 29.2968822 ], [ 79.8511671, 29.3011367 ], [ 79.8532741, 29.301479 ], [ 79.854384, 29.3008359 ], [ 79.8555623, 29.3009919 ] ] ] } },
{ "type": "Feature", "properties": { "gp_code": "22840", "gp_name": "BARSEE", "blkname": "PATI", "dtname": "Champawat", "SHAPE_Area": 6622518.876062735 }, "geometry": { "type": "Polygon", "coordinates": [ [ [ 79.9003268, 29.3137371 ], [ 79.8971894, 29.3123112 ], [ 79.8969682, 29.3119713 ], [ 79.8973945, 29.3099328 ], [ 79.8972856, 29.3077808 ], [ 79.8974335, 29.3075381 ], [ 79.8999994, 29.3077177 ], [ 79.900738, 29.3074593 ], [ 79.9013107, 29.3069257 ], [ 79.9011912, 29.3063755 ], [ 79.8988663, 29.3049987 ], [ 79.8944187, 29.3032484 ], [ 79.8943271, 29.3023907 ], [ 79.8949374, 29.3010157 ], [ 79.8932599, 29.298361 ], [ 79.8931686, 29.297204 ], [ 79.8925414, 29.2967829 ], [ 79.8894948, 29.2976222 ], [ 79.8881851, 29.2965858 ], [ 79.8855822, 29.2967458 ], [ 79.8843835, 29.2955313 ], [ 79.8823352, 29.2947855 ], [ 79.8820593, 29.2937497 ], [ 79.8824476, 29.2930542 ], [ 79.8826528, 29.2907405 ], [ 79.8821369, 29.2898178 ], [ 79.877816, 29.2914974 ], [ 79.8765368, 29.2927681 ], [ 79.875277, 29.295188 ], [ 79.8721777, 29.2996158 ], [ 79.8695915, 29.3014584 ], [ 79.8669295, 29.3026302 ], [ 79.8664293, 29.3036506 ], [ 79.8659263, 29.307223 ], [ 79.8665825, 29.3095332 ], [ 79.8679856, 29.3099034 ], [ 79.8705148, 29.3099217 ], [ 79.8720278, 29.3107642 ], [ 79.8766433, 29.3106384 ], [ 79.8809534, 29.3112888 ], [ 79.8815536, 29.3110789 ], [ 79.882513, 29.3116864 ], [ 79.8836948, 29.3114041 ], [ 79.8888248, 29.3139156 ], [ 79.8912258, 29.3129627 ], [ 79.8961447, 29.3142522 ], [ 79.9001418, 29.3142709 ], [ 79.9003268, 29.3137371 ] ] ] } },
{ "type": "Feature", "properties": { "gp_code": "22849", "gp_name": "CHAURA PITA", "blkname": "PATI", "dtname": "Champawat", "SHAPE_Area": 6096502.2931637932 }, "geometry": { "type": "Polygon", "coordinates": [ [ [ 79.8925441, 29.2967847 ], [ 79.8922573, 29.2943475 ], [ 79.8924521, 29.2933606 ], [ 79.8932557, 29.2925197 ], [ 79.8934045, 29.2912739 ], [ 79.8943281, 29.290514 ], [ 79.8960451, 29.2899973 ], [ 79.897726, 29.2886067 ], [ 79.9017513, 29.2867646 ], [ 79.901642, 29.284839 ], [ 79.9003688, 29.2844822 ], [ 79.8961971, 29.2848194 ], [ 79.8958096, 29.284625 ], [ 79.8956069, 29.2842042 ], [ 79.8958473, 29.2837997 ], [ 79.9004993, 29.2827995 ], [ 79.8979373, 29.2785907 ], [ 79.8947838, 29.275498 ], [ 79.8955977, 29.2733464 ], [ 79.8933272, 29.2738951 ], [ 79.8937709, 29.2728275 ], [ 79.8924117, 29.2720265 ], [ 79.8896143, 29.2692294 ], [ 79.8888384, 29.2688399 ], [ 79.8874793, 29.2696168 ], [ 79.8870359, 29.269495 ], [ 79.8866147, 29.2690623 ], [ 79.8856943, 29.2663099 ], [ 79.8851079, 29.2670964 ], [ 79.8828209, 29.2671799 ], [ 79.8821686, 29.2680301 ], [ 79.8828707, 29.2730864 ], [ 79.882648, 29.2741072 ], [ 79.8796793, 29.2764626 ], [ 79.8776982, 29.2763407 ], [ 79.8767371, 29.2766256 ], [ 79.8785023, 29.2785571 ], [ 79.8787971, 29.2785038 ], [ 79.8793388, 29.2773314 ], [ 79.8804199, 29.2774719 ], [ 79.8804611, 29.277952 ], [ 79.8795568, 29.2812996 ], [ 79.879543, 29.2824392 ], [ 79.8802407, 29.2846546 ], [ 79.880111, 29.2851723 ], [ 79.8771727, 29.2886652 ], [ 79.8770236, 29.29017 ], [ 79.877816, 29.2914974 ], [ 79.8821369, 29.2898178 ], [ 79.8826528, 29.2907405 ], [ 79.8826518, 29.2918246 ], [ 79.8820403, 29.2943808 ], [ 79.8830179, 29.295142 ], [ 79.8843835, 29.2955313 ], [ 79.8855822, 29.2967458 ], [ 79.8881851, 29.2965858 ], [ 79.8894948, 29.2976222 ], [ 79.8925441, 29.2967847 ] ] ] } },
{ "type": "Feature", "properties": { "gp_code": "", "gp_name": "", "blkname": "PATI", "dtname": "Champawat", "SHAPE_Area": 5277793.5275398986 }, "geometry": { "type": "Polygon", "coordinates": [ [ [ 79.8851079, 29.2670964 ], [ 79.888091, 29.2637927 ], [ 79.8905308, 29.2632839 ], [ 79.888394, 29.2626716 ], [ 79.8876578, 29.2605674 ], [ 79.8884351, 29.2580921 ], [ 79.8881416, 29.2561501 ], [ 79.8890878, 29.2534234 ], [ 79.8868972, 29.2543941 ], [ 79.8853447, 29.2546361 ], [ 79.8838745, 29.2558747 ], [ 79.8765252, 29.2596369 ], [ 79.8755548, 29.2597941 ], [ 79.8717161, 29.2593292 ], [ 79.8684442, 29.2602017 ], [ 79.8672095, 29.2612702 ], [ 79.8667051, 29.2663865 ], [ 79.8642147, 29.2685537 ], [ 79.8629253, 29.2688444 ], [ 79.862425, 29.2699985 ], [ 79.8624935, 29.2708007 ], [ 79.8636246, 29.2717286 ], [ 79.8650826, 29.2717299 ], [ 79.8658197, 29.2728147 ], [ 79.8671109, 29.2734792 ], [ 79.8668871, 29.2756149 ], [ 79.8670898, 29.2759226 ], [ 79.8707809, 29.2760712 ], [ 79.8717398, 29.2768811 ], [ 79.8738067, 29.2770283 ], [ 79.8739897, 29.2786304 ], [ 79.8759081, 29.2796837 ], [ 79.8763864, 29.2812536 ], [ 79.8783324, 29.2825415 ], [ 79.87967, 29.2827102 ], [ 79.8795568, 29.2812996 ], [ 79.8800429, 29.2802426 ], [ 79.8804199, 29.2774719 ], [ 79.8790823, 29.2774162 ], [ 79.8787971, 29.2785038 ], [ 79.8785023, 29.2785571 ], [ 79.8767371, 29.2766256 ], [ 79.8776982, 29.2763407 ], [ 79.8796793, 29.2764626 ], [ 79.882648, 29.2741072 ], [ 79.8828707, 29.2730864 ], [ 79.8821686, 29.2680301 ], [ 79.8828209, 29.2671799 ], [ 79.8851079, 29.2670964 ] ] ] } },
{ "type": "Feature", "properties": { "gp_code": "22880", "gp_name": "KULYALGAON", "blkname": "PATI", "dtname": "Champawat", "SHAPE_Area": 4745163.3657739209 }, "geometry": { "type": "Polygon", "coordinates": [ [ [ 79.9199827, 29.2657307 ], [ 79.920566, 29.2636722 ], [ 79.9205109, 29.2630889 ], [ 79.9199569, 29.2625051 ], [ 79.9197636, 29.2612897 ], [ 79.9171039, 29.2592101 ], [ 79.9134599, 29.2574824 ], [ 79.9129475, 29.2569838 ], [ 79.9141819, 29.2557083 ], [ 79.913987, 29.2550317 ], [ 79.9114752, 29.254018 ], [ 79.9102886, 29.2526513 ], [ 79.9067523, 29.249996 ], [ 79.9033354, 29.2531165 ], [ 79.9012296, 29.2520943 ], [ 79.9001764, 29.2519478 ], [ 79.8981788, 29.2541828 ], [ 79.8973173, 29.2569776 ], [ 79.8952941, 29.2564659 ], [ 79.8933271, 29.2554194 ], [ 79.8902222, 29.255867 ], [ 79.8894191, 29.2549306 ], [ 79.8890878, 29.2534234 ], [ 79.8881416, 29.2561501 ], [ 79.8884351, 29.2580921 ], [ 79.8876583, 29.2600658 ], [ 79.888394, 29.2626716 ], [ 79.8909881, 29.2635273 ], [ 79.891915, 29.2654725 ], [ 79.8942016, 29.2658386 ], [ 79.8958929, 29.2656209 ], [ 79.8983165, 29.2680168 ], [ 79.8993308, 29.2670865 ], [ 79.8996998, 29.2672324 ], [ 79.9005297, 29.2680257 ], [ 79.9024278, 29.2713603 ], [ 79.9029088, 29.2700014 ], [ 79.9041642, 29.2694196 ], [ 79.9054193, 29.2692585 ], [ 79.9073399, 29.2675444 ], [ 79.9080799, 29.2651176 ], [ 79.9112925, 29.263048 ], [ 79.9140255, 29.2605576 ], [ 79.9149481, 29.2606227 ], [ 79.918158, 29.2623397 ], [ 79.9181936, 29.2642492 ], [ 79.9187468, 29.2649938 ], [ 79.9199827, 29.2657307 ] ] ] } },
{ "type": "Feature", "properties": { "gp_code": "260405", "gp_name": "CHAURA MAHETA", "blkname": "PATI", "dtname": "Champawat", "SHAPE_Area": 1994429.010867866 }, "geometry": { "type": "Polygon", "coordinates": [ [ [ 79.9024278, 29.2713603 ], [ 79.9005297, 29.2680257 ], [ 79.8996998, 29.2672324 ], [ 79.8993308, 29.2670865 ], [ 79.8983165, 29.2680168 ], [ 79.8958929, 29.2656209 ], [ 79.8942016, 29.2658386 ], [ 79.891915, 29.2654725 ], [ 79.8914202, 29.2640188 ], [ 79.8905308, 29.2632839 ], [ 79.888091, 29.2637927 ], [ 79.8856943, 29.2663099 ], [ 79.8866147, 29.2690623 ], [ 79.8870359, 29.269495 ], [ 79.8874793, 29.2696168 ], [ 79.8888384, 29.2688399 ], [ 79.8896143, 29.2692294 ], [ 79.8924117, 29.2720265 ], [ 79.8937709, 29.2728275 ], [ 79.8933272, 29.2738951 ], [ 79.8955977, 29.2733464 ], [ 79.8947838, 29.275498 ], [ 79.8979373, 29.2785907 ], [ 79.9004993, 29.2827995 ], [ 79.8958473, 29.2837997 ], [ 79.8956069, 29.2842042 ], [ 79.8961971, 29.2848194 ], [ 79.9003688, 29.2844822 ], [ 79.901642, 29.284839 ], [ 79.9017513, 29.2867646 ], [ 79.9039226, 29.2859443 ], [ 79.9044109, 29.2844846 ], [ 79.8984002, 29.2767301 ], [ 79.8982347, 29.2760342 ], [ 79.8991951, 29.2750963 ], [ 79.9008015, 29.2742235 ], [ 79.9024278, 29.2713603 ] ] ] } },
{ "type": "Feature", "properties": { "gp_code": "", "gp_name": "", "blkname": "PATI", "dtname": "Champawat", "SHAPE_Area": 7673878.0992553839 }, "geometry": { "type": "Polygon", "coordinates": [ [ [ 79.9201892, 29.2937749 ], [ 79.9211127, 29.2928692 ], [ 79.9218514, 29.2924165 ], [ 79.9221836, 29.2925461 ], [ 79.9243381, 29.2960161 ], [ 79.9251511, 29.294722 ], [ 79.9279434, 29.2943171 ], [ 79.9272846, 29.2937303 ], [ 79.9246506, 29.2934617 ], [ 79.9225734, 29.2897055 ], [ 79.9221038, 29.2869951 ], [ 79.9211895, 29.2859009 ], [ 79.9209682, 29.2850258 ], [ 79.9199988, 29.2835791 ], [ 79.9199442, 29.2821328 ], [ 79.9209852, 29.2800916 ], [ 79.9206825, 29.2766886 ], [ 79.9205584, 29.2756676 ], [ 79.9189662, 29.2727257 ], [ 79.9190221, 29.2718872 ], [ 79.9198132, 29.2702833 ], [ 79.9198139, 29.2691895 ], [ 79.9192879, 29.2682413 ], [ 79.9199827, 29.2657307 ], [ 79.9187468, 29.2649938 ], [ 79.9181936, 29.2642492 ], [ 79.918158, 29.2623397 ], [ 79.9149481, 29.2606227 ], [ 79.9140255, 29.2605576 ], [ 79.9112925, 29.263048 ], [ 79.9080799, 29.2651176 ], [ 79.9073399, 29.2675444 ], [ 79.9054193, 29.2692585 ], [ 79.9041642, 29.2694196 ], [ 79.9029088, 29.2700014 ], [ 79.9008015, 29.2742235 ], [ 79.8991951, 29.2750963 ], [ 79.8982347, 29.2760342 ], [ 79.8984002, 29.2767301 ], [ 79.9044109, 29.2844846 ], [ 79.9033934, 29.2875261 ], [ 79.9035775, 29.2880926 ], [ 79.9040019, 29.2884002 ], [ 79.9105909, 29.2890513 ], [ 79.9109965, 29.2897635 ], [ 79.9096851, 29.2910249 ], [ 79.910329, 29.293954 ], [ 79.912104, 29.2939972 ], [ 79.9141352, 29.2931892 ], [ 79.9156462, 29.296944 ], [ 79.9167894, 29.2988216 ], [ 79.9178594, 29.2999224 ], [ 79.9203705, 29.2988557 ], [ 79.9210732, 29.2969791 ], [ 79.9201892, 29.2937749 ] ] ] } },
{ "type": "Feature", "properties": { "gp_code": "", "gp_name": "", "blkname": "PATI", "dtname": "Champawat", "SHAPE_Area": 175868.40864276458 }, "geometry": { "type": "Polygon", "coordinates": [ [ [ 79.9251417, 29.2715286 ], [ 79.9227482, 29.2703276 ], [ 79.9219177, 29.2703272 ], [ 79.9197638, 29.2690992 ], [ 79.9198132, 29.2702833 ], [ 79.9190221, 29.2718872 ], [ 79.9189662, 29.2727257 ], [ 79.9193857, 29.2733384 ], [ 79.9203296, 29.2716857 ], [ 79.9213081, 29.2710713 ], [ 79.9218802, 29.2710716 ], [ 79.9237061, 29.2730466 ], [ 79.9247208, 29.273662 ], [ 79.9255701, 29.2731122 ], [ 79.9262538, 29.2716724 ], [ 79.9251417, 29.2715286 ] ] ] } },
{ "type": "Feature", "properties": { "gp_code": "", "gp_name": "", "blkname": "PATI", "dtname": "Champawat", "SHAPE_Area": 993669.36315236194 }, "geometry": { "type": "Polygon", "coordinates": [ [ [ 79.9265448, 29.2553796 ], [ 79.9249091, 29.2556893 ], [ 79.9167599, 29.2553451 ], [ 79.9141819, 29.2557083 ], [ 79.9129475, 29.2569838 ], [ 79.9144713, 29.2581757 ], [ 79.9171039, 29.2592101 ], [ 79.9197636, 29.2612897 ], [ 79.9199569, 29.2625051 ], [ 79.9205109, 29.2630889 ], [ 79.920566, 29.2636722 ], [ 79.9192879, 29.2682413 ], [ 79.9197638, 29.2690992 ], [ 79.9219177, 29.2703272 ], [ 79.9227482, 29.2703276 ], [ 79.9243532, 29.2713155 ], [ 79.9255526, 29.271575 ], [ 79.9239662, 29.2701825 ], [ 79.9211251, 29.2686278 ], [ 79.9214033, 29.2665081 ], [ 79.9232512, 29.2625121 ], [ 79.9233271, 29.2591787 ], [ 79.9249522, 29.2572052 ], [ 79.9265769, 29.2559762 ], [ 79.9265448, 29.2553796 ] ] ] } },
{ "type": "Feature", "properties": { "gp_code": "", "gp_name": "", "blkname": "PATI", "dtname": "Champawat", "SHAPE_Area": 151939.67419907291 }, "geometry": { "type": "Polygon", "coordinates": [ [ [ 79.9354294, 29.2657619 ], [ 79.9326235, 29.2636508 ], [ 79.9304098, 29.2655009 ], [ 79.9320514, 29.2670065 ], [ 79.9334906, 29.2677838 ], [ 79.9354294, 29.2657619 ] ] ] } },
{ "type": "Feature", "properties": { "gp_code": "22748", "gp_name": "PINANA", "blkname": "PATI", "dtname": "Champawat", "SHAPE_Area": 433414.56566293759 }, "geometry": { "type": "Polygon", "coordinates": [ [ [ 79.9508929, 29.2696347 ], [ 79.947498, 29.2677242 ], [ 79.9449891, 29.2653285 ], [ 79.9426845, 29.2641863 ], [ 79.9419248, 29.2669456 ], [ 79.9438986, 29.2691955 ], [ 79.9459834, 29.2704908 ], [ 79.9500798, 29.2720941 ], [ 79.9508929, 29.2696347 ] ] ] } },
{ "type": "Feature", "properties": { "gp_code": "", "gp_name": "", "blkname": "PATI", "dtname": "Champawat", "SHAPE_Area": 439128.02464795311 }, "geometry": { "type": "Polygon", "coordinates": [ [ [ 79.9432535, 29.2909686 ], [ 79.9473982, 29.2890849 ], [ 79.9478048, 29.2880979 ], [ 79.9474175, 29.287305 ], [ 79.9470854, 29.286965 ], [ 79.9445748, 29.2875306 ], [ 79.9410681, 29.286963 ], [ 79.9390744, 29.2874153 ], [ 79.9370995, 29.2872366 ], [ 79.9366001, 29.289259 ], [ 79.9374123, 29.2893241 ], [ 79.9394237, 29.2903928 ], [ 79.9432535, 29.2909686 ] ] ] } },
{ "type": "Feature", "properties": { "gp_code": "22876", "gp_name": "KHARAHI", "blkname": "PATI", "dtname": "Champawat", "SHAPE_Area": 3510082.4657641905 }, "geometry": { "type": "Polygon", "coordinates": [ [ [ 79.9475875, 29.3145711 ], [ 79.9484615, 29.3103025 ], [ 79.9468672, 29.3098159 ], [ 79.9464654, 29.3090745 ], [ 79.9475475, 29.30758 ], [ 79.9508617, 29.3061082 ], [ 79.9519697, 29.3052347 ], [ 79.9535584, 29.3023228 ], [ 79.9528939, 29.3020313 ], [ 79.9517859, 29.3031313 ], [ 79.9485733, 29.3043277 ], [ 79.9468841, 29.3027674 ], [ 79.9444433, 29.3039818 ], [ 79.9440277, 29.3032283 ], [ 79.9461916, 29.3008471 ], [ 79.9449454, 29.2971279 ], [ 79.9448628, 29.2959247 ], [ 79.9442114, 29.2955842 ], [ 79.9366403, 29.29817 ], [ 79.9347825, 29.2981449 ], [ 79.9342964, 29.2997367 ], [ 79.934268, 29.3011343 ], [ 79.934739, 29.3017908 ], [ 79.9375669, 29.3027154 ], [ 79.9338517, 29.3059166 ], [ 79.9353637, 29.3090563 ], [ 79.9345513, 29.3094281 ], [ 79.9340706, 29.3107547 ], [ 79.933341, 29.3114744 ], [ 79.9340047, 29.3131817 ], [ 79.9311157, 29.3126789 ], [ 79.9298415, 29.3131962 ], [ 79.9290573, 29.3125971 ], [ 79.9279119, 29.3138102 ], [ 79.9268965, 29.3137935 ], [ 79.9271912, 29.3150234 ], [ 79.9291601, 29.3189044 ], [ 79.9296631, 29.3185842 ], [ 79.9286678, 29.3157036 ], [ 79.9290742, 29.3151213 ], [ 79.9296651, 29.3150245 ], [ 79.9300708, 29.3159308 ], [ 79.930846, 29.31619 ], [ 79.9343912, 29.3153177 ], [ 79.9357948, 29.3144122 ], [ 79.9365327, 29.3157069 ], [ 79.9375667, 29.3155455 ], [ 79.9423308, 29.3135085 ], [ 79.9475875, 29.3145711 ] ] ] } },
{ "type": "Feature", "properties": { "gp_code": "", "gp_name": "", "blkname": "PATI", "dtname": "Champawat", "SHAPE_Area": 1285765.6676448516 }, "geometry": { "type": "Polygon", "coordinates": [ [ [ 79.9268906, 29.3036102 ], [ 79.9248541, 29.3009236 ], [ 79.9258247, 29.3006324 ], [ 79.9281113, 29.3025049 ], [ 79.9289155, 29.3025053 ], [ 79.9311621, 29.3014854 ], [ 79.9307468, 29.3003916 ], [ 79.9286407, 29.298033 ], [ 79.9275883, 29.2957964 ], [ 79.9280877, 29.2953591 ], [ 79.9295294, 29.2956757 ], [ 79.9299458, 29.2946794 ], [ 79.9309723, 29.2938534 ], [ 79.9352149, 29.2931503 ], [ 79.9350628, 29.2924575 ], [ 79.9333994, 29.2921408 ], [ 79.9313333, 29.2927234 ], [ 79.9292126, 29.2920905 ], [ 79.9284217, 29.2931231 ], [ 79.9272846, 29.2937303 ], [ 79.9279434, 29.2943171 ], [ 79.9251511, 29.294722 ], [ 79.9243381, 29.2960161 ], [ 79.9221836, 29.2925461 ], [ 79.9218514, 29.2924165 ], [ 79.9211127, 29.2928692 ], [ 79.9201892, 29.2937749 ], [ 79.9210732, 29.2969791 ], [ 79.9203705, 29.2988557 ], [ 79.9178594, 29.2999224 ], [ 79.9180805, 29.3003432 ], [ 79.9207744, 29.3024804 ], [ 79.9224908, 29.3031608 ], [ 79.9254256, 29.3036639 ], [ 79.9268906, 29.3036102 ] ] ] } },
{ "type": "Feature", "properties": { "gp_code": "", "gp_name": "", "blkname": "PATI", "dtname": "Champawat", "SHAPE_Area": 2299283.5160683305 }, "geometry": { "type": "Polygon", "coordinates": [ [ [ 79.9291601, 29.3189044 ], [ 79.9271912, 29.3150234 ], [ 79.9268965, 29.3137935 ], [ 79.9279119, 29.3138102 ], [ 79.9290573, 29.3125971 ], [ 79.9298415, 29.3131962 ], [ 79.9311157, 29.3126789 ], [ 79.9340047, 29.3131817 ], [ 79.933341, 29.3114744 ], [ 79.9340706, 29.3107547 ], [ 79.9345513, 29.3094281 ], [ 79.9353637, 29.3090563 ], [ 79.9338517, 29.3059166 ], [ 79.9351534, 29.3048291 ], [ 79.9339331, 29.305023 ], [ 79.9319646, 29.3045604 ], [ 79.930051, 29.3048512 ], [ 79.9268906, 29.3036102 ], [ 79.9254256, 29.3036639 ], [ 79.9224908, 29.3031608 ], [ 79.9207744, 29.3024804 ], [ 79.9180805, 29.3003432 ], [ 79.9160468, 29.305067 ], [ 79.915778, 29.3074004 ], [ 79.9171166, 29.3064753 ], [ 79.9184818, 29.307738 ], [ 79.9197741, 29.307771 ], [ 79.9211398, 29.3083542 ], [ 79.9216194, 29.3090664 ], [ 79.9218768, 29.3106522 ], [ 79.9216539, 29.3129174 ], [ 79.9229818, 29.3149567 ], [ 79.9251231, 29.3155079 ], [ 79.926045, 29.3174499 ], [ 79.9272268, 29.3171592 ], [ 79.9284441, 29.3193602 ], [ 79.9291601, 29.3189044 ] ] ] } },
{ "type": "Feature", "properties": { "gp_code": "22857", "gp_name": "GADYURA", "blkname": "PATI", "dtname": "Champawat", "SHAPE_Area": 2280480.1001125057 }, "geometry": { "type": "Polygon", "coordinates": [ [ [ 79.9115542, 29.3143845 ], [ 79.9122191, 29.3140937 ], [ 79.9130864, 29.3146605 ], [ 79.9133459, 29.3132691 ], [ 79.9153406, 29.3120242 ], [ 79.9159694, 29.3104065 ], [ 79.9156764, 29.3068143 ], [ 79.9160468, 29.305067 ], [ 79.9180805, 29.3003432 ], [ 79.9156462, 29.296944 ], [ 79.9141352, 29.2931892 ], [ 79.912104, 29.2939972 ], [ 79.910329, 29.293954 ], [ 79.9121383, 29.297816 ], [ 79.912617, 29.2995961 ], [ 79.9125053, 29.3008905 ], [ 79.9095109, 29.3062932 ], [ 79.9078111, 29.3080721 ], [ 79.9061102, 29.3113395 ], [ 79.9036345, 29.3137328 ], [ 79.9027842, 29.3151238 ], [ 79.9016732, 29.3192652 ], [ 79.9019307, 29.3204952 ], [ 79.9037726, 29.3222662 ], [ 79.9047716, 29.3195646 ], [ 79.9051352, 29.3192791 ], [ 79.9044811, 29.3172282 ], [ 79.9047033, 29.3163061 ], [ 79.9056266, 29.3160963 ], [ 79.9075277, 29.3168093 ], [ 79.9087649, 29.3165997 ], [ 79.9098363, 29.3157913 ], [ 79.9094869, 29.3138656 ], [ 79.9115542, 29.3143845 ] ] ] } },
{ "type": "Feature", "properties": { "gp_code": "22847", "gp_name": "CHALTHIYA", "blkname": "PATI", "dtname": "Champawat", "SHAPE_Area": 5477118.4741283469 }, "geometry": { "type": "Polygon", "coordinates": [ [ [ 79.9078111, 29.3080721 ], [ 79.9095109, 29.3062932 ], [ 79.9125053, 29.3008905 ], [ 79.912617, 29.2995961 ], [ 79.9121383, 29.297816 ], [ 79.910329, 29.293954 ], [ 79.9097029, 29.2917854 ], [ 79.9096851, 29.2910249 ], [ 79.9109965, 29.2897635 ], [ 79.9105909, 29.2890513 ], [ 79.9099266, 29.2888729 ], [ 79.9040019, 29.2884002 ], [ 79.9033934, 29.2875261 ], [ 79.9039226, 29.2859443 ], [ 79.897726, 29.2886067 ], [ 79.8960451, 29.2899973 ], [ 79.8938294, 29.2907726 ], [ 79.8934045, 29.2912739 ], [ 79.8932557, 29.2925197 ], [ 79.8924521, 29.2933606 ], [ 79.8922573, 29.2943475 ], [ 79.8925441, 29.2967847 ], [ 79.8931686, 29.297204 ], [ 79.8932599, 29.298361 ], [ 79.8949374, 29.3010157 ], [ 79.8943271, 29.3023907 ], [ 79.8944187, 29.3032484 ], [ 79.8988663, 29.3049987 ], [ 79.9011912, 29.3063755 ], [ 79.9013107, 29.3069257 ], [ 79.900738, 29.3074593 ], [ 79.8999994, 29.3077177 ], [ 79.8974335, 29.3075381 ], [ 79.8972856, 29.3077808 ], [ 79.8973945, 29.3099328 ], [ 79.8969682, 29.3119713 ], [ 79.9003268, 29.3137371 ], [ 79.899974, 29.3162934 ], [ 79.9004713, 29.3176851 ], [ 79.8987522, 29.320273 ], [ 79.8987515, 29.3211143 ], [ 79.8991572, 29.3217456 ], [ 79.9012245, 29.3224426 ], [ 79.9036724, 29.322283 ], [ 79.9019307, 29.3204952 ], [ 79.9016732, 29.3192652 ], [ 79.9020438, 29.3175828 ], [ 79.9027842, 29.3151238 ], [ 79.9036345, 29.3137328 ], [ 79.9061102, 29.3113395 ], [ 79.9078111, 29.3080721 ] ] ] } },
{ "type": "Feature", "properties": { "gp_code": "", "gp_name": "", "blkname": "PATI", "dtname": "Champawat", "SHAPE_Area": 3404710.8654736215 }, "geometry": { "type": "Polygon", "coordinates": [ [ [ 79.9115046, 29.3145099 ], [ 79.9094869, 29.3138656 ], [ 79.9098363, 29.3157913 ], [ 79.9095221, 29.3161632 ], [ 79.9075277, 29.3168093 ], [ 79.9049989, 29.3161121 ], [ 79.9045185, 29.3166296 ], [ 79.9044811, 29.3172282 ], [ 79.9051352, 29.3192791 ], [ 79.9063784, 29.3188537 ], [ 79.9078367, 29.3191781 ], [ 79.9084088, 29.3196476 ], [ 79.908556, 29.3202788 ], [ 79.9080006, 29.3223172 ], [ 79.9049128, 29.3280916 ], [ 79.9049489, 29.3292243 ], [ 79.9068705, 29.3314681 ], [ 79.9073862, 29.3333452 ], [ 79.907348, 29.3349955 ], [ 79.9082711, 29.3352874 ], [ 79.9098961, 29.3350941 ], [ 79.9105237, 29.335321 ], [ 79.9114094, 29.3362599 ], [ 79.9126843, 29.3350956 ], [ 79.9124633, 29.3342218 ], [ 79.9150867, 29.3323464 ], [ 79.9153645, 29.3310683 ], [ 79.9157895, 29.3305508 ], [ 79.9172845, 29.33149 ], [ 79.9167498, 29.3302438 ], [ 79.9168985, 29.3287877 ], [ 79.9181187, 29.3265231 ], [ 79.9190793, 29.325844 ], [ 79.9193369, 29.3271063 ], [ 79.9196691, 29.3273977 ], [ 79.9217003, 29.3271398 ], [ 79.9244344, 29.3247464 ], [ 79.9241764, 29.3240344 ], [ 79.9206692, 29.3226736 ], [ 79.9188795, 29.3207149 ], [ 79.9186215, 29.3200352 ], [ 79.9212439, 29.3189686 ], [ 79.9210412, 29.3182242 ], [ 79.9200082, 29.3169454 ], [ 79.916686, 29.3154066 ], [ 79.9166117, 29.315989 ], [ 79.9162424, 29.3161183 ], [ 79.9142854, 29.3161173 ], [ 79.9115046, 29.3145099 ] ] ] } },
{ "type": "Feature", "properties": { "gp_code": "", "gp_name": "", "blkname": "PATI", "dtname": "Champawat", "SHAPE_Area": 8518969.5878910776 }, "geometry": { "type": "Polygon", "coordinates": [ [ [ 79.9192607, 29.3363095 ], [ 79.9197203, 29.3338696 ], [ 79.9185031, 29.3316362 ], [ 79.918356, 29.330633 ], [ 79.9198348, 29.3281096 ], [ 79.9207951, 29.3277865 ], [ 79.9233775, 29.3320269 ], [ 79.9291398, 29.329732 ], [ 79.9296932, 29.3304765 ], [ 79.9286586, 29.3316734 ], [ 79.9296181, 29.3328387 ], [ 79.9310588, 29.331998 ], [ 79.9411608, 29.3281836 ], [ 79.9423048, 29.3296725 ], [ 79.9422772, 29.3294297 ], [ 79.9440496, 29.3300776 ], [ 79.9454897, 29.3302075 ], [ 79.9465977, 29.3298196 ], [ 79.9465232, 29.3314052 ], [ 79.9468923, 29.3317613 ], [ 79.947797, 29.3320042 ], [ 79.9502331, 29.3311321 ], [ 79.9505899, 29.3277782 ], [ 79.9518712, 29.3226777 ], [ 79.9509529, 29.3215807 ], [ 79.9527285, 29.3197827 ], [ 79.9530897, 29.3181301 ], [ 79.9535059, 29.3175955 ], [ 79.9542823, 29.3176929 ], [ 79.9558635, 29.3168913 ], [ 79.9567513, 29.3154576 ], [ 79.9580551, 29.3144857 ], [ 79.957584, 29.3136593 ], [ 79.9551431, 29.314971 ], [ 79.9518148, 29.3159058 ], [ 79.9494716, 29.3156378 ], [ 79.9485842, 29.3154127 ], [ 79.9475875, 29.3145711 ], [ 79.9423308, 29.3135085 ], [ 79.9375667, 29.3155455 ], [ 79.9365327, 29.3157069 ], [ 79.9357948, 29.3144122 ], [ 79.9343912, 29.3153177 ], [ 79.930846, 29.31619 ], [ 79.9300708, 29.3159308 ], [ 79.9296651, 29.3150245 ], [ 79.9290742, 29.3151213 ], [ 79.9286678, 29.3157036 ], [ 79.9296631, 29.3185842 ], [ 79.9284441, 29.3193602 ], [ 79.9272268, 29.3171592 ], [ 79.926045, 29.3174499 ], [ 79.9251231, 29.3155079 ], [ 79.9229818, 29.3149567 ], [ 79.9216539, 29.3129174 ], [ 79.9218768, 29.3106522 ], [ 79.9216194, 29.3090664 ], [ 79.9211398, 29.3083542 ], [ 79.9197741, 29.307771 ], [ 79.9184818, 29.307738 ], [ 79.9171166, 29.3064753 ], [ 79.915778, 29.3074004 ], [ 79.9159694, 29.3104065 ], [ 79.9153406, 29.3120242 ], [ 79.9133459, 29.3132691 ], [ 79.9130864, 29.3146605 ], [ 79.9122191, 29.3140937 ], [ 79.9114988, 29.3144977 ], [ 79.9142854, 29.3161173 ], [ 79.9162424, 29.3161183 ], [ 79.9166117, 29.315989 ], [ 79.916686, 29.3154066 ], [ 79.9200082, 29.3169454 ], [ 79.9210412, 29.3182242 ], [ 79.9212439, 29.3189686 ], [ 79.9186215, 29.3200352 ], [ 79.9188795, 29.3207149 ], [ 79.9206692, 29.3226736 ], [ 79.9241764, 29.3240344 ], [ 79.9244344, 29.3247464 ], [ 79.9217003, 29.3271398 ], [ 79.9196691, 29.3273977 ], [ 79.9193369, 29.3271063 ], [ 79.9190793, 29.325844 ], [ 79.9181187, 29.3265231 ], [ 79.9168985, 29.3287877 ], [ 79.9167498, 29.3302438 ], [ 79.9172845, 29.33149 ], [ 79.9157895, 29.3305508 ], [ 79.9153645, 29.3310683 ], [ 79.9150867, 29.3323464 ], [ 79.9124633, 29.3342218 ], [ 79.9126843, 29.3350956 ], [ 79.9114094, 29.3362599 ], [ 79.9127743, 29.3384287 ], [ 79.9129934, 29.3418589 ], [ 79.9151351, 29.3425072 ], [ 79.9169837, 29.3395311 ], [ 79.9173908, 29.3382046 ], [ 79.9192607, 29.3363095 ] ] ] } },
{ "type": "Feature", "properties": { "gp_code": "260406", "gp_name": "TAKBALWARI", "blkname": "PATI", "dtname": "Champawat", "SHAPE_Area": 2464111.2691285405 }, "geometry": { "type": "Polygon", "coordinates": [ [ [ 79.9538883, 29.3333934 ], [ 79.9502331, 29.3311321 ], [ 79.947797, 29.3320042 ], [ 79.9468923, 29.3317613 ], [ 79.9465232, 29.3314052 ], [ 79.9465977, 29.3298196 ], [ 79.9454897, 29.3302075 ], [ 79.9440496, 29.3300776 ], [ 79.9422772, 29.3294297 ], [ 79.9409746, 29.33129 ], [ 79.9391275, 29.3325837 ], [ 79.9414353, 29.3333774 ], [ 79.9450546, 29.3328609 ], [ 79.9461252, 29.3334761 ], [ 79.9474174, 29.3345767 ], [ 79.948783, 29.336454 ], [ 79.9478964, 29.337198 ], [ 79.945163, 29.3382326 ], [ 79.944498, 29.3387663 ], [ 79.9441283, 29.3395104 ], [ 79.9453466, 29.3405625 ], [ 79.9454937, 29.3419216 ], [ 79.9459737, 29.3425366 ], [ 79.9493897, 29.3429261 ], [ 79.9521405, 29.3448037 ], [ 79.9538025, 29.3449336 ], [ 79.9555016, 29.3444487 ], [ 79.9613014, 29.3397258 ], [ 79.9628477, 29.3380171 ], [ 79.9628184, 29.336774 ], [ 79.961016, 29.334975 ], [ 79.9577157, 29.3339778 ], [ 79.9538883, 29.3333934 ] ] ] } },
{ "type": "Feature", "properties": { "gp_code": "", "gp_name": "", "blkname": "PATI", "dtname": "Champawat", "SHAPE_Area": 3906478.3644955205 }, "geometry": { "type": "Polygon", "coordinates": [ [ [ 79.9397357, 29.3540703 ], [ 79.9405859, 29.352841 ], [ 79.9415829, 29.3531002 ], [ 79.9419527, 29.3523562 ], [ 79.9412886, 29.3506409 ], [ 79.9414371, 29.34912 ], [ 79.9420357, 29.3490089 ], [ 79.9420377, 29.348101 ], [ 79.9406361, 29.3441527 ], [ 79.9408035, 29.3417096 ], [ 79.9417455, 29.3410143 ], [ 79.9420598, 29.3403187 ], [ 79.943168, 29.3398661 ], [ 79.945163, 29.3382326 ], [ 79.9478964, 29.337198 ], [ 79.948783, 29.336454 ], [ 79.9474174, 29.3345767 ], [ 79.9450546, 29.3328609 ], [ 79.9414353, 29.3333774 ], [ 79.9391275, 29.3325837 ], [ 79.9391643, 29.3330368 ], [ 79.9368739, 29.3345244 ], [ 79.9330498, 29.3378721 ], [ 79.9307417, 29.337855 ], [ 79.929375, 29.3382588 ], [ 79.9290793, 29.3387279 ], [ 79.9296144, 29.3393753 ], [ 79.9324213, 29.3391339 ], [ 79.9320324, 29.3411723 ], [ 79.9283387, 29.342012 ], [ 79.9280891, 29.3427238 ], [ 79.9339222, 29.3469006 ], [ 79.9335152, 29.3480977 ], [ 79.932998, 29.3483888 ], [ 79.9319269, 29.3483883 ], [ 79.9296731, 29.3497788 ], [ 79.9281586, 29.350037 ], [ 79.9271253, 29.3485157 ], [ 79.926165, 29.3486123 ], [ 79.9257589, 29.3481914 ], [ 79.9277919, 29.345636 ], [ 79.9270311, 29.3436011 ], [ 79.926113, 29.3429332 ], [ 79.9251074, 29.3414767 ], [ 79.9240547, 29.3417593 ], [ 79.9228458, 29.3406504 ], [ 79.9223658, 29.3406179 ], [ 79.9217369, 29.3423326 ], [ 79.9217733, 29.3431416 ], [ 79.9203327, 29.343513 ], [ 79.9207928, 29.3459887 ], [ 79.9226394, 29.3478164 ], [ 79.9241634, 29.3505634 ], [ 79.9254803, 29.3517914 ], [ 79.928268, 29.3525286 ], [ 79.9293031, 29.3510405 ], [ 79.9319248, 29.3522389 ], [ 79.9397357, 29.3540703 ] ] ] } },
{ "type": "Feature", "properties": { "gp_code": "22837", "gp_name": "BALTARI", "blkname": "PATI", "dtname": "Champawat", "SHAPE_Area": 2509254.5268251244 }, "geometry": { "type": "Polygon", "coordinates": [ [ [ 79.9192607, 29.3363095 ], [ 79.9201325, 29.3367184 ], [ 79.9209185, 29.3386661 ], [ 79.9236579, 29.3415407 ], [ 79.9243225, 29.3417756 ], [ 79.9251074, 29.3414767 ], [ 79.926113, 29.3429332 ], [ 79.9270452, 29.3436133 ], [ 79.9283387, 29.342012 ], [ 79.9320324, 29.3411723 ], [ 79.9324213, 29.3391339 ], [ 79.9296144, 29.3393753 ], [ 79.9290793, 29.3387279 ], [ 79.929375, 29.3382588 ], [ 79.9307417, 29.337855 ], [ 79.9330498, 29.3378721 ], [ 79.9368739, 29.3345244 ], [ 79.9391643, 29.3330368 ], [ 79.9391275, 29.3325837 ], [ 79.9409746, 29.33129 ], [ 79.9423048, 29.3296725 ], [ 79.9411608, 29.3281836 ], [ 79.9310588, 29.331998 ], [ 79.9296181, 29.3328387 ], [ 79.9286586, 29.3316734 ], [ 79.9296932, 29.3304765 ], [ 79.9291398, 29.329732 ], [ 79.9233775, 29.3320269 ], [ 79.9207951, 29.3277865 ], [ 79.9198348, 29.3281096 ], [ 79.918356, 29.330633 ], [ 79.9185031, 29.3316362 ], [ 79.9197203, 29.3338696 ], [ 79.9192607, 29.3363095 ] ] ] } },
{ "type": "Feature", "properties": { "gp_code": "", "gp_name": "", "blkname": "PATI", "dtname": "Champawat", "SHAPE_Area": 447994.6443510399 }, "geometry": { "type": "Polygon", "coordinates": [ [ [ 79.9284587, 29.3420768 ], [ 79.9277661, 29.3424163 ], [ 79.9270311, 29.3436011 ], [ 79.9277919, 29.345636 ], [ 79.9257589, 29.3481914 ], [ 79.926165, 29.3486123 ], [ 79.9271253, 29.3485157 ], [ 79.9281586, 29.350037 ], [ 79.9296731, 29.3497788 ], [ 79.9319269, 29.3483883 ], [ 79.932998, 29.3483888 ], [ 79.9335152, 29.3480977 ], [ 79.9339222, 29.3469006 ], [ 79.9280891, 29.3427238 ], [ 79.9284587, 29.3420768 ] ] ] } },
{ "type": "Feature", "properties": { "gp_code": "22875", "gp_name": "KARAULY", "blkname": "PATI", "dtname": "Champawat", "SHAPE_Area": 1203660.8566845604 }, "geometry": { "type": "Polygon", "coordinates": [ [ [ 79.9328095, 29.3553457 ], [ 79.9363194, 29.3534703 ], [ 79.9319248, 29.3522389 ], [ 79.9293031, 29.3510405 ], [ 79.928268, 29.3525286 ], [ 79.9254615, 29.351686 ], [ 79.9252437, 29.3531765 ], [ 79.9246054, 29.3536501 ], [ 79.9229959, 29.3544149 ], [ 79.9213593, 29.3543048 ], [ 79.9207072, 29.3546325 ], [ 79.9201386, 29.3544257 ], [ 79.9209966, 29.3575126 ], [ 79.9214124, 29.3580717 ], [ 79.9221614, 29.3581208 ], [ 79.9235479, 29.3590206 ], [ 79.9241294, 29.3608921 ], [ 79.9253768, 29.3626669 ], [ 79.9276351, 29.3612003 ], [ 79.9283007, 29.3599063 ], [ 79.9328095, 29.3553457 ] ] ] } },
{ "type": "Feature", "properties": { "gp_code": "", "gp_name": "", "blkname": "PATI", "dtname": "Champawat", "SHAPE_Area": 1068879.444928814 }, "geometry": { "type": "Polygon", "coordinates": [ [ [ 79.9406743, 29.3609468 ], [ 79.9409884, 29.3606718 ], [ 79.9413404, 29.3583422 ], [ 79.9419505, 29.3570805 ], [ 79.9422475, 29.35378 ], [ 79.9416569, 29.3530679 ], [ 79.9405859, 29.352841 ], [ 79.9397357, 29.3540703 ], [ 79.9373722, 29.3533899 ], [ 79.936301, 29.3534219 ], [ 79.9328095, 29.3553457 ], [ 79.9300771, 29.3580973 ], [ 79.931293, 29.3592604 ], [ 79.9317355, 29.3605873 ], [ 79.9347998, 29.3634685 ], [ 79.9352063, 29.3631935 ], [ 79.9355581, 29.3614464 ], [ 79.9360941, 29.3608156 ], [ 79.9367957, 29.3610424 ], [ 79.9364256, 29.3626116 ], [ 79.9366654, 29.3631941 ], [ 79.9373672, 29.3631944 ], [ 79.9383287, 29.3611077 ], [ 79.9379598, 29.3601206 ], [ 79.9388838, 29.359037 ], [ 79.9392347, 29.3589077 ], [ 79.9399363, 29.3593286 ], [ 79.940305, 29.3607687 ], [ 79.9406743, 29.3609468 ] ] ] } },
{ "type": "Feature", "properties": { "gp_code": "22901", "gp_name": "SAKDENA", "blkname": "PATI", "dtname": "Champawat", "SHAPE_Area": 1282500.9597942915 }, "geometry": { "type": "Polygon", "coordinates": [ [ [ 79.9500243, 29.3491715 ], [ 79.9502168, 29.3470555 ], [ 79.9507424, 29.3453788 ], [ 79.9517122, 29.3445087 ], [ 79.9493897, 29.3429261 ], [ 79.9459737, 29.3425366 ], [ 79.9454937, 29.3419216 ], [ 79.9453466, 29.3405625 ], [ 79.9441283, 29.3395104 ], [ 79.944498, 29.3387663 ], [ 79.9417828, 29.3405612 ], [ 79.9417455, 29.3410143 ], [ 79.9406187, 29.3421302 ], [ 79.9406361, 29.3441527 ], [ 79.9420377, 29.348101 ], [ 79.9420357, 29.3490089 ], [ 79.9427019, 29.3496868 ], [ 79.9426271, 29.3514018 ], [ 79.9433654, 29.3524051 ], [ 79.9433094, 29.353748 ], [ 79.9445539, 29.3547652 ], [ 79.946487, 29.3511605 ], [ 79.9483893, 29.3507728 ], [ 79.9490024, 29.3503661 ], [ 79.9484912, 29.3498182 ], [ 79.9486576, 29.3494785 ], [ 79.9500243, 29.3491715 ] ] ] } },
{ "type": "Feature", "properties": { "gp_code": "22897", "gp_name": "RAILMEL", "blkname": "PATI", "dtname": "Champawat", "SHAPE_Area": 5012595.3741842899 }, "geometry": { "type": "Polygon", "coordinates": [ [ [ 79.9530395, 29.376602 ], [ 79.9570296, 29.3757699 ], [ 79.9614994, 29.3764668 ], [ 79.9615921, 29.3751562 ], [ 79.9626651, 29.3742593 ], [ 79.961771, 29.3742683 ], [ 79.9604039, 29.3752387 ], [ 79.955565, 29.3736196 ], [ 79.9549003, 29.3729722 ], [ 79.9547898, 29.3719367 ], [ 79.9543098, 29.3714189 ], [ 79.951392, 29.370059 ], [ 79.951799, 29.3683443 ], [ 79.9497694, 29.3630369 ], [ 79.9481444, 29.3624216 ], [ 79.9476645, 29.3617419 ], [ 79.9465563, 29.3616769 ], [ 79.9460397, 29.3606412 ], [ 79.9443128, 29.360576 ], [ 79.9430934, 29.3616109 ], [ 79.9426128, 29.3626463 ], [ 79.9422063, 29.3627755 ], [ 79.9410987, 29.3617073 ], [ 79.9411359, 29.3610602 ], [ 79.940305, 29.3607687 ], [ 79.9399363, 29.3593286 ], [ 79.9392347, 29.3589077 ], [ 79.9388838, 29.359037 ], [ 79.9379598, 29.3601206 ], [ 79.9383287, 29.3611077 ], [ 79.9373672, 29.3631944 ], [ 79.9366654, 29.3631941 ], [ 79.9364256, 29.3626116 ], [ 79.9367957, 29.3610424 ], [ 79.9360941, 29.3608156 ], [ 79.9355581, 29.3614464 ], [ 79.9352063, 29.3631935 ], [ 79.9343195, 29.3636624 ], [ 79.932214, 29.3637586 ], [ 79.9319552, 29.3641791 ], [ 79.9323609, 29.3653765 ], [ 79.9319543, 29.365797 ], [ 79.9305877, 29.3654567 ], [ 79.9302182, 29.3657316 ], [ 79.9301992, 29.3665729 ], [ 79.9296632, 29.3672521 ], [ 79.9294222, 29.3688214 ], [ 79.9305482, 29.3701647 ], [ 79.9298274, 29.3708763 ], [ 79.9306027, 29.3717341 ], [ 79.9317231, 29.3720633 ], [ 79.9327458, 29.3708289 ], [ 79.9340391, 29.3700853 ], [ 79.9369205, 29.3701188 ], [ 79.936809, 29.3712836 ], [ 79.9359583, 29.3734188 ], [ 79.9359207, 29.3746484 ], [ 79.9339989, 29.3762655 ], [ 79.9338586, 29.3768024 ], [ 79.9346353, 29.377143 ], [ 79.9353154, 29.3764627 ], [ 79.9369386, 29.3763784 ], [ 79.9377854, 29.3753823 ], [ 79.9397973, 29.3745932 ], [ 79.9398517, 29.3769506 ], [ 79.9395636, 29.3782412 ], [ 79.9445247, 29.3823202 ], [ 79.9460023, 29.3829031 ], [ 79.9497097, 29.3839531 ], [ 79.9487512, 29.3805425 ], [ 79.9500552, 29.3797236 ], [ 79.9508038, 29.3783972 ], [ 79.9530395, 29.376602 ] ] ] } },
{ "type": "Feature", "properties": { "gp_code": "22843", "gp_name": "BHUMWARI", "blkname": "PATI", "dtname": "Champawat", "SHAPE_Area": 262787.14449187851 }, "geometry": { "type": "Polygon", "coordinates": [ [ [ 79.9369205, 29.3701188 ], [ 79.9340391, 29.3700853 ], [ 79.9327458, 29.3708289 ], [ 79.9317231, 29.3720633 ], [ 79.9329295, 29.3725763 ], [ 79.9328551, 29.373547 ], [ 79.9337042, 29.3746151 ], [ 79.9338338, 29.3767306 ], [ 79.9347751, 29.3754569 ], [ 79.9359207, 29.3746484 ], [ 79.9359583, 29.3734188 ], [ 79.936809, 29.3712836 ], [ 79.9369205, 29.3701188 ] ] ] } },
{ "type": "Feature", "properties": { "gp_code": "", "gp_name": "", "blkname": "PATI", "dtname": "Champawat", "SHAPE_Area": 464421.08288869698 }, "geometry": { "type": "Polygon", "coordinates": [ [ [ 79.9323609, 29.3653765 ], [ 79.9319552, 29.3641791 ], [ 79.932214, 29.3637586 ], [ 79.9347998, 29.3634685 ], [ 79.9317355, 29.3605873 ], [ 79.931293, 29.3592604 ], [ 79.9300771, 29.3580973 ], [ 79.9283007, 29.3599063 ], [ 79.9276351, 29.3612003 ], [ 79.9253768, 29.3626669 ], [ 79.9270976, 29.3644844 ], [ 79.9294986, 29.3642913 ], [ 79.9305877, 29.3654567 ], [ 79.9319543, 29.365797 ], [ 79.9323609, 29.3653765 ] ] ] } },
{ "type": "Feature", "properties": { "gp_code": "22868", "gp_name": "JAULADI", "blkname": "PATI", "dtname": "Champawat", "SHAPE_Area": 523203.97369349177 }, "geometry": { "type": "Polygon", "coordinates": [ [ [ 79.9219811, 29.365113 ], [ 79.9242884, 29.3672174 ], [ 79.9242877, 29.3683984 ], [ 79.9265038, 29.3690304 ], [ 79.9299197, 29.3711028 ], [ 79.929846, 29.3706659 ], [ 79.9304372, 29.3704073 ], [ 79.9303083, 29.3697601 ], [ 79.9294222, 29.3688214 ], [ 79.9296632, 29.3672521 ], [ 79.9301992, 29.3665729 ], [ 79.9302182, 29.3657316 ], [ 79.9305877, 29.3654567 ], [ 79.9294986, 29.3642913 ], [ 79.9270976, 29.3644844 ], [ 79.9253768, 29.3626669 ], [ 79.9219811, 29.365113 ] ] ] } },
{ "type": "Feature", "properties": { "gp_code": "22881", "gp_name": "KUND", "blkname": "PATI", "dtname": "Champawat", "SHAPE_Area": 1650639.7257173827 }, "geometry": { "type": "Polygon", "coordinates": [ [ [ 79.9329295, 29.3725763 ], [ 79.9306027, 29.3717341 ], [ 79.9265038, 29.3690304 ], [ 79.9242877, 29.3683984 ], [ 79.9242884, 29.3672174 ], [ 79.9219811, 29.365113 ], [ 79.9186874, 29.3676456 ], [ 79.921036, 29.3699985 ], [ 79.9227338, 29.3723938 ], [ 79.9214766, 29.3743347 ], [ 79.9223614, 29.3772472 ], [ 79.9246511, 29.3783485 ], [ 79.9271278, 29.3806271 ], [ 79.9287091, 29.3812596 ], [ 79.9295973, 29.3807497 ], [ 79.9302922, 29.3783927 ], [ 79.9310137, 29.3783444 ], [ 79.9310688, 29.3791464 ], [ 79.9316788, 29.3797542 ], [ 79.932095, 29.3797787 ], [ 79.9329558, 29.3786612 ], [ 79.9320554, 29.3761091 ], [ 79.9328467, 29.3750279 ], [ 79.933704, 29.3749302 ], [ 79.9337042, 29.3746151 ], [ 79.9328551, 29.373547 ], [ 79.9329295, 29.3725763 ] ] ] } },
{ "type": "Feature", "properties": { "gp_code": "", "gp_name": "", "blkname": "PATI", "dtname": "Champawat", "SHAPE_Area": 1498067.6559823346 }, "geometry": { "type": "Polygon", "coordinates": [ [ [ 79.921036, 29.3699985 ], [ 79.917412, 29.366357 ], [ 79.9163164, 29.365919 ], [ 79.9115449, 29.3653818 ], [ 79.9109342, 29.3657703 ], [ 79.9103234, 29.3663532 ], [ 79.9107377, 29.3690753 ], [ 79.9102932, 29.369877 ], [ 79.9136219, 29.3707537 ], [ 79.9121221, 29.3729402 ], [ 79.9106773, 29.3758557 ], [ 79.9108155, 29.3766334 ], [ 79.9120909, 29.3778492 ], [ 79.9120904, 29.3785783 ], [ 79.9100641, 29.3797193 ], [ 79.9127554, 29.3798909 ], [ 79.913366, 29.3796725 ], [ 79.913922, 29.3781175 ], [ 79.9143102, 29.3784094 ], [ 79.9145591, 29.3797218 ], [ 79.9151691, 29.380281 ], [ 79.9169164, 29.3814241 ], [ 79.9176101, 29.3814244 ], [ 79.9179265, 29.3798012 ], [ 79.9178916, 29.3767597 ], [ 79.9187064, 29.3736538 ], [ 79.921036, 29.3699985 ] ] ] } },
{ "type": "Feature", "properties": { "gp_code": "22875", "gp_name": "KARAULY", "blkname": "PATI", "dtname": "Champawat", "SHAPE_Area": 2317847.5260366127 }, "geometry": { "type": "Polygon", "coordinates": [ [ [ 79.913774, 29.3514452 ], [ 79.9141083, 29.3495619 ], [ 79.9157867, 29.3493927 ], [ 79.9172296, 29.3487858 ], [ 79.9187559, 29.3477659 ], [ 79.9197277, 29.3463568 ], [ 79.9207928, 29.3459887 ], [ 79.9203327, 29.343513 ], [ 79.9217733, 29.3431416 ], [ 79.9220515, 29.3412001 ], [ 79.9223658, 29.3406179 ], [ 79.9228458, 29.3406504 ], [ 79.9209185, 29.3386661 ], [ 79.9201325, 29.3367184 ], [ 79.9192607, 29.3363095 ], [ 79.9173908, 29.3382046 ], [ 79.9169837, 29.3395311 ], [ 79.9151351, 29.3425072 ], [ 79.9129934, 29.3418589 ], [ 79.9127743, 29.3384287 ], [ 79.9112987, 29.3360981 ], [ 79.9098961, 29.3350941 ], [ 79.9082711, 29.3352874 ], [ 79.907348, 29.3349955 ], [ 79.9075393, 29.3355689 ], [ 79.9094213, 29.3368412 ], [ 79.9097294, 29.3375852 ], [ 79.9082608, 29.3407894 ], [ 79.9064222, 29.3433442 ], [ 79.9053865, 29.3462761 ], [ 79.9073538, 29.3492666 ], [ 79.9088238, 29.3494861 ], [ 79.9091704, 29.3498631 ], [ 79.9092246, 29.3514185 ], [ 79.9099458, 29.3515161 ], [ 79.9104177, 29.351091 ], [ 79.9110001, 29.3513223 ], [ 79.9119544, 29.3552113 ], [ 79.9127315, 29.3547135 ], [ 79.912761, 29.3523196 ], [ 79.913774, 29.3514452 ] ] ] } },
{ "type": "Feature", "properties": { "gp_code": "22843", "gp_name": "BHUMWARI", "blkname": "PATI", "dtname": "Champawat", "SHAPE_Area": 2844427.9786870447 }, "geometry": { "type": "Polygon", "coordinates": [ [ [ 79.9239635, 29.3599929 ], [ 79.9230489, 29.3585586 ], [ 79.9214124, 29.3580717 ], [ 79.9209966, 29.3575126 ], [ 79.9201386, 29.3544257 ], [ 79.9207072, 29.3546325 ], [ 79.9213593, 29.3543048 ], [ 79.9229959, 29.3544149 ], [ 79.92387, 29.3540143 ], [ 79.9252437, 29.3531765 ], [ 79.9254803, 29.3517914 ], [ 79.9241634, 29.3505634 ], [ 79.9226394, 29.3478164 ], [ 79.9207928, 29.3459887 ], [ 79.9197277, 29.3463568 ], [ 79.9187559, 29.3477659 ], [ 79.9172296, 29.3487858 ], [ 79.9157867, 29.3493927 ], [ 79.9141083, 29.3495619 ], [ 79.913774, 29.3514452 ], [ 79.912761, 29.3523196 ], [ 79.9125093, 29.3550658 ], [ 79.9119544, 29.3552113 ], [ 79.9117326, 29.3549073 ], [ 79.9110001, 29.3513223 ], [ 79.9104177, 29.351091 ], [ 79.9101957, 29.3512854 ], [ 79.9099458, 29.3515161 ], [ 79.9106938, 29.3528774 ], [ 79.9104156, 29.353971 ], [ 79.9086659, 29.3567892 ], [ 79.9067783, 29.3582463 ], [ 79.9056122, 29.3596795 ], [ 79.9067221, 29.3593399 ], [ 79.9082756, 29.359438 ], [ 79.909219, 29.3590496 ], [ 79.9100234, 29.3592688 ], [ 79.9112434, 29.3603631 ], [ 79.9130747, 29.3599267 ], [ 79.9143778, 29.3609116 ], [ 79.9163164, 29.365919 ], [ 79.9182163, 29.3668921 ], [ 79.9186874, 29.3676456 ], [ 79.9253768, 29.3626669 ], [ 79.9241294, 29.3608921 ], [ 79.9239635, 29.3599929 ] ] ] } },
{ "type": "Feature", "properties": { "gp_code": "", "gp_name": "", "blkname": "PATI", "dtname": "Champawat", "SHAPE_Area": 2141170.2162635741 }, "geometry": { "type": "Polygon", "coordinates": [ [ [ 79.9017586, 29.3542014 ], [ 79.9028136, 29.3553033 ], [ 79.9037554, 29.3571022 ], [ 79.9039487, 29.3582446 ], [ 79.9056122, 29.3596795 ], [ 79.9067783, 29.3582463 ], [ 79.9086659, 29.3567892 ], [ 79.9104156, 29.353971 ], [ 79.9106938, 29.3528774 ], [ 79.9099458, 29.3515161 ], [ 79.9092246, 29.3514185 ], [ 79.9091704, 29.3498631 ], [ 79.9088238, 29.3494861 ], [ 79.9073538, 29.3492666 ], [ 79.9053865, 29.3462761 ], [ 79.9064222, 29.3433442 ], [ 79.9082608, 29.3407894 ], [ 79.9097294, 29.3375852 ], [ 79.9094213, 29.3368412 ], [ 79.9075393, 29.3355689 ], [ 79.9073862, 29.3333452 ], [ 79.906391, 29.3307559 ], [ 79.9053601, 29.329916 ], [ 79.9037301, 29.3294825 ], [ 79.9032684, 29.329466 ], [ 79.9031759, 29.3297248 ], [ 79.9037832, 29.3323787 ], [ 79.9032294, 29.3322327 ], [ 79.9024163, 29.3330898 ], [ 79.9008801, 29.3375383 ], [ 79.9010302, 29.3386462 ], [ 79.902631, 29.3417622 ], [ 79.902629, 29.3443024 ], [ 79.9042162, 29.3454844 ], [ 79.9025271, 29.3492151 ], [ 79.9039805, 29.3530438 ], [ 79.903439, 29.3536632 ], [ 79.9024802, 29.3536428 ], [ 79.9017586, 29.3542014 ] ] ] } },
{ "type": "Feature", "properties": { "gp_code": "22844", "gp_name": "BIGRAKOT", "blkname": "PATI", "dtname": "Champawat", "SHAPE_Area": 4792678.4279666664 }, "geometry": { "type": "Polygon", "coordinates": [ [ [ 79.9108155, 29.3766334 ], [ 79.9106773, 29.3758557 ], [ 79.9109553, 29.374981 ], [ 79.9117329, 29.3741551 ], [ 79.9121221, 29.3729402 ], [ 79.9136219, 29.3707537 ], [ 79.9102932, 29.369877 ], [ 79.9107377, 29.3690753 ], [ 79.9103234, 29.3663532 ], [ 79.9115449, 29.3653818 ], [ 79.9163164, 29.365919 ], [ 79.9143778, 29.3609116 ], [ 79.9130747, 29.3599267 ], [ 79.9112434, 29.3603631 ], [ 79.9100234, 29.3592688 ], [ 79.909219, 29.3590496 ], [ 79.9082756, 29.359438 ], [ 79.9067221, 29.3593399 ], [ 79.9056122, 29.3596795 ], [ 79.9039487, 29.3582446 ], [ 79.9037554, 29.3571022 ], [ 79.9028136, 29.3553033 ], [ 79.9020356, 29.3546876 ], [ 79.9020348, 29.3557083 ], [ 79.9002719, 29.3572627 ], [ 79.8992716, 29.3592305 ], [ 79.8979813, 29.3595336 ], [ 79.8967195, 29.3590832 ], [ 79.8961646, 29.3592043 ], [ 79.8955094, 29.3629344 ], [ 79.8948144, 29.3646351 ], [ 79.893121, 29.3658977 ], [ 79.8922317, 29.3675497 ], [ 79.8922855, 29.3694939 ], [ 79.8920634, 29.3697125 ], [ 79.8922998, 29.3710204 ], [ 79.8944072, 29.3724556 ], [ 79.894406, 29.3739138 ], [ 79.8960706, 29.3740364 ], [ 79.8964028, 29.3749115 ], [ 79.8981355, 29.3766016 ], [ 79.9019086, 29.37709 ], [ 79.9054052, 29.3762172 ], [ 79.9060704, 29.3773112 ], [ 79.9065974, 29.377603 ], [ 79.9095936, 29.3779936 ], [ 79.9100276, 29.3796432 ], [ 79.9120904, 29.3785783 ], [ 79.9120909, 29.3778492 ], [ 79.9108155, 29.3766334 ] ] ] } },
{ "type": "Feature", "properties": { "gp_code": "22898", "gp_name": "RAMAK", "blkname": "PATI", "dtname": "Champawat", "SHAPE_Area": 10362660.007539455 }, "geometry": { "type": "Polygon", "coordinates": [ [ [ 79.9042162, 29.3454844 ], [ 79.902629, 29.3443024 ], [ 79.902631, 29.3417622 ], [ 79.9010302, 29.3386462 ], [ 79.9008801, 29.3375383 ], [ 79.9024163, 29.3330898 ], [ 79.9032294, 29.3322327 ], [ 79.8985239, 29.3285772 ], [ 79.895755, 29.3276977 ], [ 79.8921075, 29.3286337 ], [ 79.8871784, 29.3276758 ], [ 79.8826733, 29.3275917 ], [ 79.8796926, 29.3258647 ], [ 79.8787779, 29.3256709 ], [ 79.878531, 29.3247167 ], [ 79.8778389, 29.3244815 ], [ 79.8737197, 29.3262096 ], [ 79.8713196, 29.3261106 ], [ 79.8688634, 29.3265617 ], [ 79.8677542, 29.3278066 ], [ 79.867237, 29.3279356 ], [ 79.8648, 29.3277395 ], [ 79.8632563, 29.3268013 ], [ 79.864279, 29.3301076 ], [ 79.866718, 29.3317622 ], [ 79.8679379, 29.3321521 ], [ 79.8676163, 29.334643 ], [ 79.8682664, 29.3362233 ], [ 79.868817, 29.3401427 ], [ 79.8705048, 29.3440813 ], [ 79.8716756, 29.3453399 ], [ 79.8732013, 29.345171 ], [ 79.8737837, 29.3454024 ], [ 79.8759796, 29.347719 ], [ 79.8804449, 29.3485972 ], [ 79.8824967, 29.3496438 ], [ 79.8841053, 29.3499609 ], [ 79.8873927, 29.3496595 ], [ 79.8885712, 29.3503043 ], [ 79.8891678, 29.350086 ], [ 79.8913309, 29.3507679 ], [ 79.8940243, 29.3477075 ], [ 79.8959942, 29.3472713 ], [ 79.8984906, 29.3473701 ], [ 79.9000156, 29.3482217 ], [ 79.8986002, 29.3491686 ], [ 79.9024252, 29.3531567 ], [ 79.9024802, 29.3536428 ], [ 79.903439, 29.3536632 ], [ 79.9039805, 29.3530438 ], [ 79.9025271, 29.3492151 ], [ 79.9042162, 29.3454844 ] ] ] } },
{ "type": "Feature", "properties": { "gp_code": "22885", "gp_name": "MANGLEKH", "blkname": "PATI", "dtname": "Champawat", "SHAPE_Area": 8695540.2940654252 }, "geometry": { "type": "Polygon", "coordinates": [ [ [ 79.9037837, 29.3318286 ], [ 79.9032684, 29.329466 ], [ 79.9037301, 29.3294825 ], [ 79.9053915, 29.3299688 ], [ 79.9049489, 29.3292243 ], [ 79.9049128, 29.3280916 ], [ 79.9080006, 29.3223172 ], [ 79.908556, 29.3202788 ], [ 79.9084088, 29.3196476 ], [ 79.9078367, 29.3191781 ], [ 79.9063784, 29.3188537 ], [ 79.9054922, 29.3189988 ], [ 79.9047716, 29.3195646 ], [ 79.9037726, 29.3222662 ], [ 79.9012245, 29.3224426 ], [ 79.8991572, 29.3217456 ], [ 79.8987515, 29.3211143 ], [ 79.8987522, 29.320273 ], [ 79.9004713, 29.3176851 ], [ 79.899974, 29.3162934 ], [ 79.9001418, 29.3142709 ], [ 79.8961447, 29.3142522 ], [ 79.8912258, 29.3129627 ], [ 79.8888248, 29.3139156 ], [ 79.8836948, 29.3114041 ], [ 79.882513, 29.3116864 ], [ 79.8815536, 29.3110789 ], [ 79.8809534, 29.3112888 ], [ 79.8766433, 29.3106384 ], [ 79.8720278, 29.3107642 ], [ 79.8705148, 29.3099217 ], [ 79.8679856, 29.3099034 ], [ 79.8665825, 29.3095332 ], [ 79.8664495, 29.3106505 ], [ 79.8653657, 29.3126669 ], [ 79.8650984, 29.3162547 ], [ 79.8647927, 29.3168134 ], [ 79.8640991, 29.3171531 ], [ 79.862962, 29.3171521 ], [ 79.8631538, 29.3192668 ], [ 79.8628736, 29.3218186 ], [ 79.8632563, 29.3268013 ], [ 79.8648, 29.3277395 ], [ 79.8677542, 29.3278066 ], [ 79.8688634, 29.3265617 ], [ 79.8713196, 29.3261106 ], [ 79.8737197, 29.3262096 ], [ 79.8778389, 29.3244815 ], [ 79.878531, 29.3247167 ], [ 79.8787779, 29.3256709 ], [ 79.8796926, 29.3258647 ], [ 79.8826733, 29.3275917 ], [ 79.8871784, 29.3276758 ], [ 79.8921075, 29.3286337 ], [ 79.8952473, 29.3276812 ], [ 79.8974717, 29.3281438 ], [ 79.9009739, 29.3302369 ], [ 79.9035246, 29.3324594 ], [ 79.9037832, 29.3323787 ], [ 79.9037837, 29.3318286 ] ] ] } },
{ "type": "Feature", "properties": { "gp_code": "", "gp_name": "", "blkname": "PATI", "dtname": "Champawat", "SHAPE_Area": 2213537.5577294934 }, "geometry": { "type": "Polygon", "coordinates": [ [ [ 79.8329299, 29.3101452 ], [ 79.8313379, 29.3106537 ], [ 79.8308558, 29.3120118 ], [ 79.833549, 29.3138099 ], [ 79.8352108, 29.3153671 ], [ 79.8361523, 29.3173331 ], [ 79.8360028, 29.3215162 ], [ 79.8399531, 29.3216245 ], [ 79.8429134, 29.320892 ], [ 79.8459678, 29.3178569 ], [ 79.8477879, 29.3149663 ], [ 79.849854, 29.3148953 ], [ 79.8490125, 29.3134088 ], [ 79.8457742, 29.3118837 ], [ 79.8435321, 29.308576 ], [ 79.8412058, 29.3061433 ], [ 79.8407482, 29.3062158 ], [ 79.8401646, 29.307236 ], [ 79.837847, 29.3055102 ], [ 79.8372459, 29.3061305 ], [ 79.837598, 29.3084 ], [ 79.8368832, 29.3095565 ], [ 79.8360845, 29.3100635 ], [ 79.8329299, 29.3101452 ] ] ] } },
{ "type": "Feature", "properties": { "gp_code": "22874", "gp_name": "KANWAR", "blkname": "PATI", "dtname": "Champawat", "SHAPE_Area": 1486046.7409377678 }, "geometry": { "type": "Polygon", "coordinates": [ [ [ 79.8665976, 29.4064208 ], [ 79.8680002, 29.4054378 ], [ 79.866725, 29.4041002 ], [ 79.8665894, 29.4027852 ], [ 79.8630538, 29.3986901 ], [ 79.8625296, 29.3959254 ], [ 79.8615802, 29.3950255 ], [ 79.8575146, 29.3951252 ], [ 79.8558209, 29.3959864 ], [ 79.8544753, 29.3957786 ], [ 79.8525321, 29.3962629 ], [ 79.8515663, 29.3975013 ], [ 79.8515093, 29.3987407 ], [ 79.8526175, 29.4002484 ], [ 79.8525048, 29.401682 ], [ 79.8556693, 29.4010044 ], [ 79.8561676, 29.4020255 ], [ 79.8559237, 29.4033978 ], [ 79.8574702, 29.4035698 ], [ 79.8633791, 29.4057377 ], [ 79.8651275, 29.4056906 ], [ 79.8665976, 29.4064208 ] ] ] } },
{ "type": "Feature", "properties": { "gp_code": "", "gp_name": "", "blkname": "PATI", "dtname": "Champawat", "SHAPE_Area": 2590107.841832031 }, "geometry": { "type": "Polygon", "coordinates": [ [ [ 79.8394182, 29.3962128 ], [ 79.8373556, 29.3953021 ], [ 79.835015, 29.3972681 ], [ 79.8329475, 29.3973268 ], [ 79.8328491, 29.3982379 ], [ 79.8339438, 29.3993326 ], [ 79.8340658, 29.4014469 ], [ 79.8338147, 29.4024673 ], [ 79.8328415, 29.4038514 ], [ 79.8333661, 29.4058689 ], [ 79.8350032, 29.4060893 ], [ 79.8356679, 29.4071228 ], [ 79.8356944, 29.4080462 ], [ 79.836679, 29.4085212 ], [ 79.8364142, 29.4093713 ], [ 79.8383777, 29.4094462 ], [ 79.8386264, 29.4102666 ], [ 79.8407612, 29.4120428 ], [ 79.8416338, 29.4132951 ], [ 79.8475671, 29.4182338 ], [ 79.8494045, 29.4179484 ], [ 79.8504032, 29.4184111 ], [ 79.8514566, 29.4195055 ], [ 79.8544826, 29.4189737 ], [ 79.8544835, 29.4182204 ], [ 79.8537346, 29.4178309 ], [ 79.8513228, 29.4153744 ], [ 79.8440331, 29.407567 ], [ 79.8436182, 29.4064002 ], [ 79.8446769, 29.4031935 ], [ 79.842015, 29.4014413 ], [ 79.8413516, 29.3993506 ], [ 79.8394182, 29.3962128 ] ] ] } },
{ "type": "Feature", "properties": { "gp_code": "", "gp_name": "", "blkname": "PATI", "dtname": "Champawat", "SHAPE_Area": 441662.07179339131 }, "geometry": { "type": "Polygon", "coordinates": [ [ [ 79.8546539, 29.4399353 ], [ 79.8554327, 29.4383606 ], [ 79.8563072, 29.4327246 ], [ 79.8539748, 29.4333299 ], [ 79.8519485, 29.4331337 ], [ 79.8485978, 29.4320667 ], [ 79.8495042, 29.4352816 ], [ 79.8502626, 29.4361639 ], [ 79.8529984, 29.437604 ], [ 79.8540414, 29.439459 ], [ 79.8546539, 29.4399353 ] ] ] } },
{ "type": "Feature", "properties": { "gp_code": "22853", "gp_name": "DEVI DHURA", "blkname": "PATI", "dtname": "Champawat", "SHAPE_Area": 2015859.9068782902 }, "geometry": { "type": "Polygon", "coordinates": [ [ [ 79.8716961, 29.4141161 ], [ 79.8703373, 29.4129729 ], [ 79.86959, 29.4111254 ], [ 79.8679826, 29.4089857 ], [ 79.867651, 29.4076245 ], [ 79.8665976, 29.4064208 ], [ 79.8651275, 29.4056906 ], [ 79.8633791, 29.4057377 ], [ 79.8566379, 29.4033503 ], [ 79.8551947, 29.4034463 ], [ 79.8518356, 29.404391 ], [ 79.8525274, 29.4060197 ], [ 79.8553536, 29.4099833 ], [ 79.8580293, 29.4121727 ], [ 79.8642281, 29.4160297 ], [ 79.8661149, 29.416493 ], [ 79.8705286, 29.415962 ], [ 79.8713895, 29.4154524 ], [ 79.8716961, 29.4141161 ] ] ] } },
{ "type": "Feature", "properties": { "gp_code": "", "gp_name": "", "blkname": "PATI", "dtname": "Champawat", "SHAPE_Area": 1690651.7407615944 }, "geometry": { "type": "Polygon", "coordinates": [ [ [ 79.8791052, 29.4155555 ], [ 79.8807429, 29.4154109 ], [ 79.8789144, 29.4120804 ], [ 79.8784995, 29.4105978 ], [ 79.8794164, 29.4094807 ], [ 79.8807496, 29.4085339 ], [ 79.8814434, 29.4085101 ], [ 79.8810558, 29.4075378 ], [ 79.8828764, 29.4046595 ], [ 79.8818365, 29.4037839 ], [ 79.880786, 29.4035046 ], [ 79.8795607, 29.4038672 ], [ 79.8767552, 29.4064411 ], [ 79.8745345, 29.4069254 ], [ 79.8724667, 29.4070452 ], [ 79.8719812, 29.406814 ], [ 79.8718844, 29.4066074 ], [ 79.8736057, 29.4059525 ], [ 79.8747722, 29.405103 ], [ 79.8761761, 29.4026861 ], [ 79.8759684, 29.4022242 ], [ 79.8752457, 29.4033658 ], [ 79.8742737, 29.4040698 ], [ 79.8706375, 29.4046744 ], [ 79.8691102, 29.4054751 ], [ 79.8680002, 29.4054378 ], [ 79.8665976, 29.4064208 ], [ 79.867651, 29.4076245 ], [ 79.8679826, 29.4089857 ], [ 79.86959, 29.4111254 ], [ 79.8703373, 29.4129729 ], [ 79.8727774, 29.4152348 ], [ 79.8742199, 29.4160135 ], [ 79.8767454, 29.4162827 ], [ 79.8791052, 29.4155555 ] ] ] } },
{ "type": "Feature", "properties": { "gp_code": "22835", "gp_name": "ANARPA", "blkname": "PATI", "dtname": "Champawat", "SHAPE_Area": 2943770.226350747 }, "geometry": { "type": "Polygon", "coordinates": [ [ [ 79.8694488, 29.440976 ], [ 79.8702973, 29.4396751 ], [ 79.8710704, 29.4400417 ], [ 79.8727917, 29.4397259 ], [ 79.8749409, 29.4384133 ], [ 79.8768199, 29.4387898 ], [ 79.8781565, 29.4363331 ], [ 79.8788409, 29.4357674 ], [ 79.8798407, 29.4337299 ], [ 79.8813396, 29.4317574 ], [ 79.8808625, 29.4282142 ], [ 79.8774073, 29.4246535 ], [ 79.8758009, 29.4247064 ], [ 79.8761091, 29.4254638 ], [ 79.8758604, 29.427005 ], [ 79.8738519, 29.4276255 ], [ 79.8707805, 29.4297999 ], [ 79.8690069, 29.429475 ], [ 79.8641508, 29.4257664 ], [ 79.8634828, 29.428338 ], [ 79.8635545, 29.4305867 ], [ 79.863127, 29.4325599 ], [ 79.8623497, 29.4335945 ], [ 79.8623851, 29.4349534 ], [ 79.8619034, 29.4360854 ], [ 79.8626786, 29.4369596 ], [ 79.8626398, 29.4386581 ], [ 79.8630084, 29.4395643 ], [ 79.863858, 29.4399856 ], [ 79.864893, 29.4399865 ], [ 79.8650084, 29.4409619 ], [ 79.8662279, 29.4410204 ], [ 79.8669629, 29.4403438 ], [ 79.8681289, 29.4411005 ], [ 79.8694488, 29.440976 ] ] ] } },
{ "type": "Feature", "properties": { "gp_code": "276624", "gp_name": "BIROLI", "blkname": "PATI", "dtname": "Champawat", "SHAPE_Area": 243783.06855761234 }, "geometry": { "type": "Polygon", "coordinates": [ [ [ 79.883422, 29.4379061 ], [ 79.8846421, 29.437454 ], [ 79.8865269, 29.4375847 ], [ 79.8870446, 29.4373587 ], [ 79.8862323, 29.4364522 ], [ 79.8833129, 29.4359648 ], [ 79.8823526, 29.4352361 ], [ 79.8825771, 29.4322759 ], [ 79.8813212, 29.4316279 ], [ 79.8806547, 29.4329216 ], [ 79.8814277, 29.4362222 ], [ 79.8807984, 29.4372248 ], [ 79.8808345, 29.4380336 ], [ 79.8813143, 29.4388428 ], [ 79.8819425, 29.4389079 ], [ 79.8827928, 29.4387791 ], [ 79.883422, 29.4379061 ] ] ] } },
{ "type": "Feature", "properties": { "gp_code": "22889", "gp_name": "MOLNA JAKH", "blkname": "PATI", "dtname": "Champawat", "SHAPE_Area": 2256708.8604263915 }, "geometry": { "type": "Polygon", "coordinates": [ [ [ 79.8862323, 29.4364522 ], [ 79.8880048, 29.4382814 ], [ 79.8855993, 29.4414665 ], [ 79.8865064, 29.4409833 ], [ 79.8879834, 29.4411064 ], [ 79.888596, 29.4417655 ], [ 79.8899339, 29.4415956 ], [ 79.8906023, 29.4421084 ], [ 79.8910968, 29.4430778 ], [ 79.8917476, 29.4431902 ], [ 79.8943544, 29.4424609 ], [ 79.8951716, 29.4425083 ], [ 79.8944346, 29.4399196 ], [ 79.8934744, 29.4389159 ], [ 79.8938824, 29.4373148 ], [ 79.8924075, 29.4332372 ], [ 79.8926672, 29.4321373 ], [ 79.8935553, 29.4308762 ], [ 79.8934826, 29.4294525 ], [ 79.8947418, 29.4264121 ], [ 79.89147, 29.4236193 ], [ 79.8912416, 29.4246545 ], [ 79.8897805, 29.4260609 ], [ 79.8865277, 29.4267381 ], [ 79.8841622, 29.4268658 ], [ 79.8817494, 29.4282472 ], [ 79.880696, 29.4283759 ], [ 79.8813212, 29.4316279 ], [ 79.8825771, 29.4322759 ], [ 79.8823526, 29.4352361 ], [ 79.8833129, 29.4359648 ], [ 79.8862323, 29.4364522 ] ] ] } },
{ "type": "Feature", "properties": { "gp_code": "", "gp_name": "", "blkname": "PATI", "dtname": "Champawat", "SHAPE_Area": 3115123.0315457396 }, "geometry": { "type": "Polygon", "coordinates": [ [ [ 79.8971982, 29.4026766 ], [ 79.8960967, 29.4050062 ], [ 79.8955712, 29.4054926 ], [ 79.8926364, 29.406329 ], [ 79.8910696, 29.4055708 ], [ 79.8901349, 29.4061516 ], [ 79.888946, 29.4059006 ], [ 79.8887778, 29.4040413 ], [ 79.8884076, 29.4036218 ], [ 79.88623, 29.4039178 ], [ 79.8853798, 29.4048232 ], [ 79.884083, 29.4044301 ], [ 79.8828764, 29.4046595 ], [ 79.8810558, 29.4075378 ], [ 79.8814434, 29.4085101 ], [ 79.8807496, 29.4085339 ], [ 79.8794164, 29.4094807 ], [ 79.8784995, 29.4105978 ], [ 79.8789144, 29.4120804 ], [ 79.8807429, 29.4154109 ], [ 79.8824778, 29.4152786 ], [ 79.8890812, 29.4176404 ], [ 79.891024, 29.4178118 ], [ 79.895521, 29.4170614 ], [ 79.8986849, 29.4173064 ], [ 79.9004615, 29.4168945 ], [ 79.9010448, 29.4164574 ], [ 79.9011561, 29.4160201 ], [ 79.8997148, 29.4136135 ], [ 79.8968303, 29.4112545 ], [ 79.8966087, 29.410744 ], [ 79.8975821, 29.4084361 ], [ 79.8984432, 29.4074646 ], [ 79.8992495, 29.4056911 ], [ 79.8972254, 29.4034785 ], [ 79.8971982, 29.4026766 ] ] ] } },
{ "type": "Feature", "properties": { "gp_code": "22841", "gp_name": "BHAINSKAR", "blkname": "PATI", "dtname": "Champawat", "SHAPE_Area": 2040153.6599990395 }, "geometry": { "type": "Polygon", "coordinates": [ [ [ 79.8923276, 29.4063424 ], [ 79.8955712, 29.4054926 ], [ 79.8960967, 29.4050062 ], [ 79.8971982, 29.4026766 ], [ 79.8952558, 29.4024322 ], [ 79.8939243, 29.4017267 ], [ 79.8923718, 29.3998545 ], [ 79.8928732, 29.3978378 ], [ 79.8920412, 29.3971812 ], [ 79.8902929, 29.3970827 ], [ 79.888685, 29.3954048 ], [ 79.8872149, 29.3945776 ], [ 79.8827745, 29.3950605 ], [ 79.8792788, 29.3940615 ], [ 79.8783628, 29.3943524 ], [ 79.8784121, 29.4007437 ], [ 79.8807858, 29.4035047 ], [ 79.8818365, 29.4037839 ], [ 79.8828764, 29.4046595 ], [ 79.884083, 29.4044301 ], [ 79.8853798, 29.4048232 ], [ 79.88623, 29.4039178 ], [ 79.8884076, 29.4036218 ], [ 79.8887778, 29.4040413 ], [ 79.888946, 29.4059006 ], [ 79.8901349, 29.4061516 ], [ 79.8910696, 29.4055708 ], [ 79.8923276, 29.4063424 ] ] ] } },
{ "type": "Feature", "properties": { "gp_code": "", "gp_name": "", "blkname": "PATI", "dtname": "Champawat", "SHAPE_Area": 321744.24453652569 }, "geometry": { "type": "Polygon", "coordinates": [ [ [ 79.880796, 29.4035158 ], [ 79.8784121, 29.4007437 ], [ 79.8768024, 29.4007789 ], [ 79.8759269, 29.4021027 ], [ 79.8761761, 29.4026861 ], [ 79.8747722, 29.405103 ], [ 79.8736057, 29.4059525 ], [ 79.8718844, 29.4066074 ], [ 79.8719812, 29.406814 ], [ 79.8724667, 29.4070452 ], [ 79.8745345, 29.4069254 ], [ 79.8767552, 29.4064411 ], [ 79.8795607, 29.4038672 ], [ 79.880796, 29.4035158 ] ] ] } },
{ "type": "Feature", "properties": { "gp_code": "260261", "gp_name": "pakhauti", "blkname": "PATI", "dtname": "Champawat", "SHAPE_Area": 637060.64807789307 }, "geometry": { "type": "Polygon", "coordinates": [ [ [ 79.8706375, 29.4046744 ], [ 79.8742737, 29.4040698 ], [ 79.8752457, 29.4033658 ], [ 79.8759684, 29.4022242 ], [ 79.8761761, 29.4026861 ], [ 79.8759269, 29.4021027 ], [ 79.8768024, 29.4007789 ], [ 79.8756651, 29.400207 ], [ 79.8723219, 29.3994632 ], [ 79.8701016, 29.3996315 ], [ 79.8674938, 29.3988761 ], [ 79.8665877, 29.4027878 ], [ 79.866725, 29.4041002 ], [ 79.8680002, 29.4054378 ], [ 79.8691102, 29.4054751 ], [ 79.8706375, 29.4046744 ] ] ] } },
{ "type": "Feature", "properties": { "gp_code": "22899", "gp_name": "RIKHOLI", "blkname": "PATI", "dtname": "Champawat", "SHAPE_Area": 5946709.2881394038 }, "geometry": { "type": "Polygon", "coordinates": [ [ [ 79.875818, 29.3861731 ], [ 79.8775958, 29.3842789 ], [ 79.8822014, 29.384817 ], [ 79.8827572, 29.3839425 ], [ 79.8829805, 29.3825331 ], [ 79.8834248, 29.3822418 ], [ 79.8849505, 29.3825588 ], [ 79.8857002, 29.382122 ], [ 79.8868131, 29.3787934 ], [ 79.8903652, 29.378164 ], [ 79.892417, 29.3799151 ], [ 79.8914726, 29.3809352 ], [ 79.8941902, 29.3828325 ], [ 79.8962293, 29.3833199 ], [ 79.8963021, 29.3791886 ], [ 79.8965804, 29.3781923 ], [ 79.8981355, 29.3766016 ], [ 79.8964028, 29.3749115 ], [ 79.8960706, 29.3740364 ], [ 79.894406, 29.3739138 ], [ 79.8944072, 29.3724556 ], [ 79.8922998, 29.3710204 ], [ 79.8920634, 29.3697125 ], [ 79.8905099, 29.369432 ], [ 79.8892066, 29.3687628 ], [ 79.8882092, 29.3671824 ], [ 79.8871557, 29.3663068 ], [ 79.8865177, 29.3661727 ], [ 79.8859905, 29.3662209 ], [ 79.8843936, 29.3679695 ], [ 79.8839636, 29.3680057 ], [ 79.8826461, 29.3675551 ], [ 79.8823698, 29.3663641 ], [ 79.8817458, 29.3660842 ], [ 79.8807595, 29.3675902 ], [ 79.8793716, 29.3683183 ], [ 79.8777344, 29.3686573 ], [ 79.8764293, 29.369677 ], [ 79.8757068, 29.3708672 ], [ 79.8763313, 29.3722971 ], [ 79.875497, 29.3742041 ], [ 79.8781615, 29.3733555 ], [ 79.8788963, 29.3737936 ], [ 79.8798386, 29.3748757 ], [ 79.8796841, 29.3768197 ], [ 79.8764907, 29.379369 ], [ 79.8750902, 29.378724 ], [ 79.8740348, 29.379756 ], [ 79.8739366, 29.3807888 ], [ 79.8730491, 29.3803263 ], [ 79.8728567, 29.3786251 ], [ 79.8713317, 29.3776032 ], [ 79.8732772, 29.3744454 ], [ 79.8733894, 29.3732304 ], [ 79.872781, 29.3712371 ], [ 79.8718754, 29.3699746 ], [ 79.8708794, 29.3706448 ], [ 79.870269, 29.3706686 ], [ 79.868549, 29.3705092 ], [ 79.8663094, 29.3696811 ], [ 79.8644786, 29.3694243 ], [ 79.863438, 29.3695936 ], [ 79.8612607, 29.3690814 ], [ 79.8578334, 29.3698561 ], [ 79.8575415, 29.3703176 ], [ 79.857484, 29.3720187 ], [ 79.8591311, 29.3753009 ], [ 79.8591422, 29.3777919 ], [ 79.8596398, 29.3793598 ], [ 79.8594201, 29.379861 ], [ 79.8609686, 29.3827819 ], [ 79.8611187, 29.3807749 ], [ 79.8620217, 29.3797786 ], [ 79.8714401, 29.3800942 ], [ 79.8732688, 29.3826716 ], [ 79.8737111, 29.3843245 ], [ 79.8735433, 29.3855881 ], [ 79.875818, 29.3861731 ] ] ] } },
{ "type": "Feature", "properties": { "gp_code": "22860", "gp_name": "GARSARI", "blkname": "PATI", "dtname": "Champawat", "SHAPE_Area": 3496433.4517914499 }, "geometry": { "type": "Polygon", "coordinates": [ [ [ 79.9119132, 29.3937842 ], [ 79.9115446, 29.3926191 ], [ 79.9099207, 29.3901268 ], [ 79.9092204, 29.3879262 ], [ 79.9063407, 29.3851743 ], [ 79.9062312, 29.3832975 ], [ 79.9050882, 29.3803928 ], [ 79.904896, 29.3780549 ], [ 79.9054144, 29.376502 ], [ 79.9056824, 29.3766304 ], [ 79.9054052, 29.3762172 ], [ 79.9019086, 29.37709 ], [ 79.8981355, 29.3766016 ], [ 79.8965804, 29.3781923 ], [ 79.8963021, 29.3791886 ], [ 79.8962293, 29.3833199 ], [ 79.8968673, 29.3834904 ], [ 79.8971701, 29.3864311 ], [ 79.8976967, 29.3871847 ], [ 79.8979961, 29.394281 ], [ 79.8976065, 29.3955687 ], [ 79.8979667, 29.3962251 ], [ 79.8999074, 29.3986078 ], [ 79.9030155, 29.3986097 ], [ 79.9040695, 29.3991935 ], [ 79.9048164, 29.4023774 ], [ 79.9100321, 29.404689 ], [ 79.9094793, 29.4016025 ], [ 79.9078728, 29.3973489 ], [ 79.9069581, 29.3959389 ], [ 79.9069588, 29.3950884 ], [ 79.9070979, 29.3946025 ], [ 79.9078475, 29.3941897 ], [ 79.9119132, 29.3937842 ] ] ] } },
{ "type": "Feature", "properties": { "gp_code": "", "gp_name": "", "blkname": "PATI", "dtname": "Champawat", "SHAPE_Area": 48734647.000214919 }, "geometry": { "type": "MultiPolygon", "coordinates": [ [ [ [ 79.8750902, 29.378724 ], [ 79.8764907, 29.379369 ], [ 79.8791424, 29.3774755 ], [ 79.8796841, 29.3768197 ], [ 79.8798386, 29.3748757 ], [ 79.8781615, 29.3733555 ], [ 79.875497, 29.3742041 ], [ 79.8763313, 29.3722971 ], [ 79.8759995, 29.3711789 ], [ 79.8757068, 29.3708672 ], [ 79.8741253, 29.3708904 ], [ 79.872906, 29.3694556 ], [ 79.872129, 29.3696251 ], [ 79.8717871, 29.369935 ], [ 79.872781, 29.3712371 ], [ 79.8733894, 29.3732304 ], [ 79.8732772, 29.3744454 ], [ 79.8713317, 29.3776032 ], [ 79.8728567, 29.3786251 ], [ 79.8730491, 29.3803263 ], [ 79.8737007, 29.3807886 ], [ 79.8739366, 29.3807888 ], [ 79.8740348, 29.379756 ], [ 79.8750902, 29.378724 ] ] ], [ [ [ 79.8738519, 29.4276255 ], [ 79.8758604, 29.427005 ], [ 79.8761091, 29.4254638 ], [ 79.8758009, 29.4247064 ], [ 79.8765116, 29.4245176 ], [ 79.8774073, 29.4246535 ], [ 79.8808625, 29.4282142 ], [ 79.8817494, 29.4282472 ], [ 79.8841622, 29.4268658 ], [ 79.8865277, 29.4267381 ], [ 79.8897805, 29.4260609 ], [ 79.8912416, 29.4246545 ], [ 79.89147, 29.4236193 ], [ 79.8910488, 29.4232066 ], [ 79.8925295, 29.4204251 ], [ 79.9002868, 29.4247008 ], [ 79.9030216, 29.4247025 ], [ 79.9047967, 29.4231505 ], [ 79.9050868, 29.4213244 ], [ 79.9069135, 29.4193982 ], [ 79.910592, 29.419083 ], [ 79.91278, 29.418267 ], [ 79.9140495, 29.4150247 ], [ 79.9139404, 29.4126563 ], [ 79.9152185, 29.4128004 ], [ 79.9155383, 29.4118734 ], [ 79.9167793, 29.4122156 ], [ 79.917186, 29.413512 ], [ 79.9187423, 29.4146075 ], [ 79.9195365, 29.414486 ], [ 79.9200576, 29.4139473 ], [ 79.9197747, 29.4124123 ], [ 79.920982, 29.4125952 ], [ 79.9222955, 29.4137432 ], [ 79.9242724, 29.4162692 ], [ 79.9253818, 29.4170434 ], [ 79.9268277, 29.4173522 ], [ 79.9275737, 29.4174479 ], [ 79.9283473, 29.4170334 ], [ 79.9304357, 29.4194618 ], [ 79.9329287, 29.4215 ], [ 79.9388361, 29.4219049 ], [ 79.9407389, 29.4200088 ], [ 79.941129, 29.4200943 ], [ 79.9480578, 29.4269237 ], [ 79.949986, 29.427621 ], [ 79.9518406, 29.4275021 ], [ 79.9521452, 29.4268953 ], [ 79.9523994, 29.4237087 ], [ 79.9527901, 29.4237233 ], [ 79.9542942, 29.4244777 ], [ 79.9541401, 29.4275055 ], [ 79.9550346, 29.4267054 ], [ 79.9555055, 29.4267896 ], [ 79.9600405, 29.429429 ], [ 79.9606194, 29.4286526 ], [ 79.9604244, 29.4258455 ], [ 79.9609543, 29.424577 ], [ 79.963895, 29.4222356 ], [ 79.9654695, 29.4218944 ], [ 79.9667523, 29.4184914 ], [ 79.9680061, 29.4191747 ], [ 79.9694615, 29.4189554 ], [ 79.9717405, 29.4174433 ], [ 79.973803, 29.4168212 ], [ 79.974497, 29.4160436 ], [ 79.9743864, 29.4135407 ], [ 79.9796044, 29.4130554 ], [ 79.9818386, 29.4133716 ], [ 79.9848757, 29.4125273 ], [ 79.9842648, 29.41111 ], [ 79.9832025, 29.4102169 ], [ 79.9830623, 29.4091913 ], [ 79.9812342, 29.4081869 ], [ 79.9810261, 29.4075642 ], [ 79.9819982, 29.4071196 ], [ 79.9806497, 29.4059061 ], [ 79.9800766, 29.4057517 ], [ 79.9792639, 29.4060839 ], [ 79.9764002, 29.4057438 ], [ 79.973666, 29.4048536 ], [ 79.9737401, 29.4040124 ], [ 79.9761973, 29.4038672 ], [ 79.9790598, 29.4031427 ], [ 79.9781561, 29.4021364 ], [ 79.9775282, 29.4007127 ], [ 79.9774734, 29.3967491 ], [ 79.9800842, 29.3952703 ], [ 79.9825556, 29.395948 ], [ 79.985414, 29.395681 ], [ 79.9854141, 29.3947575 ], [ 79.9791429, 29.3924239 ], [ 79.9789767, 29.3904554 ], [ 79.979199, 29.3894226 ], [ 79.9812662, 29.3900304 ], [ 79.981932, 29.3909053 ], [ 79.9844014, 29.3927889 ], [ 79.9855946, 29.3929471 ], [ 79.9868991, 29.3914405 ], [ 79.9858723, 29.3910758 ], [ 79.9862887, 29.3898365 ], [ 79.9830701, 29.3881351 ], [ 79.9688986, 29.383215 ], [ 79.9659302, 29.3809361 ], [ 79.9664026, 29.3784574 ], [ 79.9659036, 29.3769262 ], [ 79.9659455, 29.3758812 ], [ 79.9636672, 29.3742255 ], [ 79.962904, 29.3741373 ], [ 79.9622389, 29.3744769 ], [ 79.9615921, 29.3751562 ], [ 79.9614994, 29.3764668 ], [ 79.9570296, 29.3757699 ], [ 79.9530395, 29.376602 ], [ 79.9508038, 29.3783972 ], [ 79.9500552, 29.3797236 ], [ 79.9487512, 29.3805425 ], [ 79.9505694, 29.387012 ], [ 79.9523977, 29.3887275 ], [ 79.9525079, 29.3902968 ], [ 79.9518053, 29.3918497 ], [ 79.9519081, 29.3927293 ], [ 79.9506593, 29.3935157 ], [ 79.9505669, 29.3939592 ], [ 79.9509717, 29.394884 ], [ 79.9509351, 29.3968646 ], [ 79.951629, 29.3976328 ], [ 79.9509833, 29.3984613 ], [ 79.9509551, 29.3996885 ], [ 79.952023, 29.4009403 ], [ 79.9552414, 29.4031282 ], [ 79.9571, 29.4054617 ], [ 79.9550178, 29.4074294 ], [ 79.953422, 29.4075992 ], [ 79.9516869, 29.4086678 ], [ 79.9502437, 29.408801 ], [ 79.9494251, 29.4087522 ], [ 79.9477742, 29.407561 ], [ 79.9447768, 29.4076572 ], [ 79.9415303, 29.4066111 ], [ 79.9409194, 29.4070969 ], [ 79.9405859, 29.4080931 ], [ 79.9406128, 29.4097698 ], [ 79.9384476, 29.410814 ], [ 79.9386427, 29.4090887 ], [ 79.938158, 29.407193 ], [ 79.9356877, 29.4076295 ], [ 79.9334124, 29.4068023 ], [ 79.93233, 29.4068262 ], [ 79.9311361, 29.4079192 ], [ 79.9281377, 29.4097162 ], [ 79.9272222, 29.409084 ], [ 79.9262785, 29.4091078 ], [ 79.9225049, 29.4078668 ], [ 79.9203679, 29.4077199 ], [ 79.9196745, 29.4072336 ], [ 79.9184827, 29.4046328 ], [ 79.9154468, 29.4003664 ], [ 79.91481, 29.3981546 ], [ 79.9147573, 29.3940963 ], [ 79.9143967, 29.3938531 ], [ 79.9088189, 29.3939472 ], [ 79.9070979, 29.3946025 ], [ 79.9069581, 29.3959389 ], [ 79.9078728, 29.3973489 ], [ 79.9094793, 29.4016025 ], [ 79.9100321, 29.404689 ], [ 79.9048164, 29.4023774 ], [ 79.9040695, 29.3991935 ], [ 79.9030155, 29.3986097 ], [ 79.8999074, 29.3986078 ], [ 79.8976065, 29.3955687 ], [ 79.8979961, 29.394281 ], [ 79.897862, 29.388643 ], [ 79.8976967, 29.3871847 ], [ 79.8971701, 29.3864311 ], [ 79.8968673, 29.3834904 ], [ 79.8941902, 29.3828325 ], [ 79.8914726, 29.3809352 ], [ 79.892417, 29.3799151 ], [ 79.8903652, 29.378164 ], [ 79.8868131, 29.3787934 ], [ 79.8857002, 29.382122 ], [ 79.8849505, 29.3825588 ], [ 79.8834248, 29.3822418 ], [ 79.8829805, 29.3825331 ], [ 79.8827572, 29.3839425 ], [ 79.8822014, 29.384817 ], [ 79.8775958, 29.3842789 ], [ 79.875818, 29.3861731 ], [ 79.8735433, 29.3855881 ], [ 79.8737111, 29.3843245 ], [ 79.8732688, 29.3826716 ], [ 79.8714401, 29.3800942 ], [ 79.8620217, 29.3797786 ], [ 79.8611187, 29.3807749 ], [ 79.8609686, 29.3827819 ], [ 79.8594935, 29.3798541 ], [ 79.8557637, 29.3810363 ], [ 79.8477946, 29.3856585 ], [ 79.8473074, 29.3868974 ], [ 79.8469431, 29.3897768 ], [ 79.8448731, 29.3919376 ], [ 79.8420705, 29.3973298 ], [ 79.8415363, 29.3973475 ], [ 79.8406215, 29.3965751 ], [ 79.8394182, 29.3962128 ], [ 79.8413516, 29.3993506 ], [ 79.842015, 29.4014413 ], [ 79.8446769, 29.4031935 ], [ 79.8436182, 29.4064002 ], [ 79.8440331, 29.407567 ], [ 79.8546773, 29.4185851 ], [ 79.8544826, 29.4189737 ], [ 79.8514566, 29.4195055 ], [ 79.8504032, 29.4184111 ], [ 79.8494045, 29.4179484 ], [ 79.8475671, 29.4182338 ], [ 79.8511032, 29.4228889 ], [ 79.85316, 29.4224405 ], [ 79.8582951, 29.4240628 ], [ 79.860032, 29.424129 ], [ 79.8619161, 29.4246806 ], [ 79.8639478, 29.4256206 ], [ 79.8666068, 29.4274023 ], [ 79.8690069, 29.429475 ], [ 79.8707805, 29.4297999 ], [ 79.8738519, 29.4276255 ] ], [ [ 79.8890812, 29.4176404 ], [ 79.8824778, 29.4152786 ], [ 79.879938, 29.4153861 ], [ 79.8767454, 29.4162827 ], [ 79.8742199, 29.4160135 ], [ 79.8727774, 29.4152348 ], [ 79.8716961, 29.4141161 ], [ 79.8713895, 29.4154524 ], [ 79.8705286, 29.415962 ], [ 79.8661149, 29.416493 ], [ 79.8642281, 29.4160297 ], [ 79.8580293, 29.4121727 ], [ 79.8553536, 29.4099833 ], [ 79.854356, 29.4087188 ], [ 79.8525274, 29.4060197 ], [ 79.8518356, 29.404391 ], [ 79.8559237, 29.4033978 ], [ 79.8561676, 29.4020255 ], [ 79.8556693, 29.4010044 ], [ 79.8525048, 29.401682 ], [ 79.8526175, 29.4002484 ], [ 79.8515093, 29.3987407 ], [ 79.8515663, 29.3975013 ], [ 79.8525321, 29.3962629 ], [ 79.8544753, 29.3957786 ], [ 79.8558209, 29.3959864 ], [ 79.8575146, 29.3951252 ], [ 79.8613098, 29.3948976 ], [ 79.8625296, 29.3959254 ], [ 79.8630538, 29.3986901 ], [ 79.8666015, 29.4027999 ], [ 79.8674938, 29.3988761 ], [ 79.8701016, 29.3996315 ], [ 79.8723219, 29.3994632 ], [ 79.8756651, 29.400207 ], [ 79.8768024, 29.4007789 ], [ 79.8784121, 29.4007437 ], [ 79.8783628, 29.3943524 ], [ 79.8792788, 29.3940615 ], [ 79.8827745, 29.3950605 ], [ 79.8872149, 29.3945776 ], [ 79.888685, 29.3954048 ], [ 79.8902929, 29.3970827 ], [ 79.8920412, 29.3971812 ], [ 79.8928732, 29.3978378 ], [ 79.8923718, 29.3998545 ], [ 79.8939243, 29.4017267 ], [ 79.8952558, 29.4024322 ], [ 79.8971982, 29.4026766 ], [ 79.8972254, 29.4034785 ], [ 79.8992495, 29.4056911 ], [ 79.8984432, 29.4074646 ], [ 79.8975821, 29.4084361 ], [ 79.8966087, 29.410744 ], [ 79.8968303, 29.4112545 ], [ 79.8997148, 29.4136135 ], [ 79.9011561, 29.4160201 ], [ 79.9010448, 29.4164574 ], [ 79.9004615, 29.4168945 ], [ 79.8986849, 29.4173064 ], [ 79.895521, 29.4170614 ], [ 79.891024, 29.4178118 ], [ 79.8890812, 29.4176404 ] ], [ [ 79.9040991, 29.4132883 ], [ 79.9050697, 29.4126418 ], [ 79.9063074, 29.4128042 ], [ 79.9073886, 29.4125056 ], [ 79.9078499, 29.4132419 ], [ 79.9095859, 29.4145371 ], [ 79.9096407, 29.4151761 ], [ 79.907368, 29.4152557 ], [ 79.90625, 29.4156191 ], [ 79.9054833, 29.4154245 ], [ 79.9045049, 29.4141621 ], [ 79.9040991, 29.4132883 ] ], [ [ 79.966747, 29.3978525 ], [ 79.9672274, 29.3976261 ], [ 79.9716939, 29.3981489 ], [ 79.9720488, 29.3997301 ], [ 79.9684091, 29.4004089 ], [ 79.9663218, 29.399098 ], [ 79.966747, 29.3978525 ] ], [ [ 79.9718207, 29.3947503 ], [ 79.9727398, 29.3937153 ], [ 79.9758143, 29.395304 ], [ 79.9764761, 29.3958349 ], [ 79.9760745, 29.3971019 ], [ 79.9758291, 29.3972989 ], [ 79.9718207, 29.3947503 ] ], [ [ 79.9656511, 29.3922091 ], [ 79.9628796, 29.3937293 ], [ 79.9615497, 29.3929848 ], [ 79.9619569, 29.3916493 ], [ 79.9631393, 29.3904128 ], [ 79.9652456, 29.3887308 ], [ 79.9667496, 29.3884795 ], [ 79.9694307, 29.3854555 ], [ 79.9705016, 29.3876317 ], [ 79.9692538, 29.3908752 ], [ 79.9713779, 29.3924367 ], [ 79.9704171, 29.3930837 ], [ 79.96857, 29.3920803 ], [ 79.9673508, 29.3918212 ], [ 79.9656511, 29.3922091 ] ], [ [ 79.9725504, 29.3879267 ], [ 79.9730754, 29.3876969 ], [ 79.9745885, 29.3879135 ], [ 79.9773367, 29.3893472 ], [ 79.9774291, 29.3901316 ], [ 79.9763637, 29.3903072 ], [ 79.9732372, 29.3893737 ], [ 79.9723805, 29.3884 ], [ 79.9725504, 29.3879267 ] ] ] ] } },
{ "type": "Feature", "properties": { "gp_code": "22864", "gp_name": "GUM", "blkname": "PATI", "dtname": "Champawat", "SHAPE_Area": 4327449.2494695671 }, "geometry": { "type": "Polygon", "coordinates": [ [ [ 79.9100276, 29.3796432 ], [ 79.9095936, 29.3779936 ], [ 79.9065974, 29.377603 ], [ 79.9054144, 29.376502 ], [ 79.904896, 29.3780549 ], [ 79.9050882, 29.3803928 ], [ 79.9062312, 29.3832975 ], [ 79.9063407, 29.3851743 ], [ 79.9092204, 29.3879262 ], [ 79.9099207, 29.3901268 ], [ 79.9115446, 29.3926191 ], [ 79.9119132, 29.3937842 ], [ 79.9143967, 29.3938531 ], [ 79.9147573, 29.3940963 ], [ 79.91481, 29.3981546 ], [ 79.9154468, 29.4003664 ], [ 79.9184827, 29.4046328 ], [ 79.9198566, 29.4044998 ], [ 79.9225759, 29.4052301 ], [ 79.9235476, 29.4045988 ], [ 79.9236034, 29.4040156 ], [ 79.9266583, 29.4004205 ], [ 79.9268257, 29.399084 ], [ 79.9256049, 29.3984759 ], [ 79.9240939, 29.3961058 ], [ 79.9252332, 29.3936641 ], [ 79.9252891, 29.3928865 ], [ 79.9250675, 29.3924003 ], [ 79.9240132, 29.3919381 ], [ 79.9239862, 29.3907473 ], [ 79.9231265, 29.3899328 ], [ 79.923252, 29.3888393 ], [ 79.9223236, 29.3870283 ], [ 79.9212696, 29.3864204 ], [ 79.9205487, 29.3855208 ], [ 79.9211734, 29.3847556 ], [ 79.9207854, 29.384075 ], [ 79.9206618, 29.3820822 ], [ 79.9203847, 29.3815231 ], [ 79.9197468, 29.3811825 ], [ 79.9169164, 29.3814241 ], [ 79.9145591, 29.3797218 ], [ 79.9143102, 29.3784094 ], [ 79.913922, 29.3781175 ], [ 79.913366, 29.3796725 ], [ 79.9127554, 29.3798909 ], [ 79.9100276, 29.3796432 ] ] ] } },
{ "type": "Feature", "properties": { "gp_code": "", "gp_name": "", "blkname": "PATI", "dtname": "Champawat", "SHAPE_Area": 766873.76887175278 }, "geometry": { "type": "Polygon", "coordinates": [ [ [ 79.9271278, 29.3806271 ], [ 79.9246511, 29.3783485 ], [ 79.9223614, 29.3772472 ], [ 79.9214766, 29.3743347 ], [ 79.9227338, 29.3723938 ], [ 79.921036, 29.3699985 ], [ 79.9187064, 29.3736538 ], [ 79.9178916, 29.3767597 ], [ 79.9179265, 29.3798012 ], [ 79.9176101, 29.3814244 ], [ 79.9197468, 29.3811825 ], [ 79.9203847, 29.3815231 ], [ 79.9208555, 29.3829572 ], [ 79.9226872, 29.3824356 ], [ 79.925019, 29.380699 ], [ 79.9271278, 29.3806271 ] ] ] } },
{ "type": "Feature", "properties": { "gp_code": "22869", "gp_name": "JHUDAILEE", "blkname": "PATI", "dtname": "Champawat", "SHAPE_Area": 5625038.2607241264 }, "geometry": { "type": "Polygon", "coordinates": [ [ [ 79.9519973, 29.3912362 ], [ 79.9525079, 29.3902968 ], [ 79.9523977, 29.3887275 ], [ 79.9505694, 29.387012 ], [ 79.9497097, 29.3839531 ], [ 79.9445247, 29.3823202 ], [ 79.9395636, 29.3782412 ], [ 79.9398517, 29.3769506 ], [ 79.9397973, 29.3745932 ], [ 79.9377854, 29.3753823 ], [ 79.9369386, 29.3763784 ], [ 79.9353154, 29.3764627 ], [ 79.9346353, 29.377143 ], [ 79.9338586, 29.3768024 ], [ 79.933707, 29.3749311 ], [ 79.9328467, 29.3750279 ], [ 79.9320554, 29.3761091 ], [ 79.9329558, 29.3786612 ], [ 79.932095, 29.3797787 ], [ 79.9310688, 29.3791464 ], [ 79.9310137, 29.3783444 ], [ 79.9307086, 29.378247 ], [ 79.9302922, 29.3783927 ], [ 79.9293196, 29.3811141 ], [ 79.9287091, 29.3812596 ], [ 79.9271278, 29.3806271 ], [ 79.925019, 29.380699 ], [ 79.9226872, 29.3824356 ], [ 79.9208555, 29.3829572 ], [ 79.9207854, 29.384075 ], [ 79.9211734, 29.3847556 ], [ 79.9205487, 29.3855208 ], [ 79.9212696, 29.3864204 ], [ 79.9223236, 29.3870283 ], [ 79.923252, 29.3888393 ], [ 79.9231265, 29.3899328 ], [ 79.9239862, 29.3907473 ], [ 79.9240132, 29.3919381 ], [ 79.9250675, 29.3924003 ], [ 79.926899, 29.3922553 ], [ 79.9282168, 29.3929121 ], [ 79.9308947, 29.3927553 ], [ 79.9362494, 29.3947016 ], [ 79.9388858, 29.3945568 ], [ 79.9428181, 29.3904373 ], [ 79.943022, 29.3913141 ], [ 79.9451575, 29.3940609 ], [ 79.9471274, 29.39507 ], [ 79.9488333, 29.3968324 ], [ 79.9516104, 29.3976122 ], [ 79.9509351, 29.3968646 ], [ 79.9509717, 29.394884 ], [ 79.9505669, 29.3939592 ], [ 79.9506593, 29.3935157 ], [ 79.9519081, 29.3927293 ], [ 79.9519973, 29.3912362 ] ] ] } },
{ "type": "Feature", "properties": { "gp_code": "", "gp_name": "", "blkname": "PATI", "dtname": "Champawat", "SHAPE_Area": 3027460.1731477822 }, "geometry": { "type": "Polygon", "coordinates": [ [ [ 79.951629, 29.3976328 ], [ 79.9488333, 29.3968324 ], [ 79.9471274, 29.39507 ], [ 79.9451575, 29.3940609 ], [ 79.943022, 29.3913141 ], [ 79.9428181, 29.3904373 ], [ 79.9388858, 29.3945568 ], [ 79.9362494, 29.3947016 ], [ 79.9367347, 29.3955037 ], [ 79.9370663, 29.3981041 ], [ 79.9386183, 29.4022115 ], [ 79.9381177, 29.4044714 ], [ 79.9382562, 29.4050546 ], [ 79.9392821, 29.4069991 ], [ 79.9384476, 29.410814 ], [ 79.9406128, 29.4097698 ], [ 79.9405859, 29.4080931 ], [ 79.9409194, 29.4070969 ], [ 79.9415303, 29.4066111 ], [ 79.9447768, 29.4076572 ], [ 79.9477742, 29.407561 ], [ 79.9494251, 29.4087522 ], [ 79.9502437, 29.408801 ], [ 79.9516869, 29.4086678 ], [ 79.953422, 29.4075992 ], [ 79.9550178, 29.4074294 ], [ 79.9563226, 29.4062634 ], [ 79.9571, 29.4054617 ], [ 79.9552414, 29.4031282 ], [ 79.952023, 29.4009403 ], [ 79.9509551, 29.3996885 ], [ 79.9509833, 29.3984613 ], [ 79.951629, 29.3976328 ] ] ] } },
{ "type": "Feature", "properties": { "gp_code": "22894", "gp_name": "PATI", "blkname": "PATI", "dtname": "Champawat", "SHAPE_Area": 2937053.2540702182 }, "geometry": { "type": "Polygon", "coordinates": [ [ [ 79.9386427, 29.4090887 ], [ 79.9392821, 29.4069991 ], [ 79.9381177, 29.4044714 ], [ 79.9386183, 29.4022115 ], [ 79.9370663, 29.3981041 ], [ 79.9367347, 29.3955037 ], [ 79.9362494, 29.3947016 ], [ 79.9308947, 29.3927553 ], [ 79.9282168, 29.3929121 ], [ 79.926899, 29.3922553 ], [ 79.9250675, 29.3924003 ], [ 79.9252332, 29.3936641 ], [ 79.9240939, 29.3961058 ], [ 79.9256049, 29.3984759 ], [ 79.9268257, 29.399084 ], [ 79.9266583, 29.4004205 ], [ 79.9236034, 29.4040156 ], [ 79.9232421, 29.4048903 ], [ 79.9225759, 29.4052301 ], [ 79.9198566, 29.4044998 ], [ 79.9184827, 29.4046328 ], [ 79.9196745, 29.4072336 ], [ 79.9203679, 29.4077199 ], [ 79.9225049, 29.4078668 ], [ 79.9262785, 29.4091078 ], [ 79.9272222, 29.409084 ], [ 79.9281377, 29.4097162 ], [ 79.9311361, 29.4079192 ], [ 79.93233, 29.4068262 ], [ 79.9334124, 29.4068023 ], [ 79.9356877, 29.4076295 ], [ 79.9375474, 29.4071199 ], [ 79.938158, 29.407193 ], [ 79.9386427, 29.4090887 ] ] ] } },
{ "type": "Feature", "properties": { "gp_code": "22839", "gp_name": "BANS BANSWALI", "blkname": "PATI", "dtname": "Champawat", "SHAPE_Area": 1766966.7223905639 }, "geometry": { "type": "Polygon", "coordinates": [ [ [ 79.9426417, 29.4296675 ], [ 79.9451447, 29.4293191 ], [ 79.9460096, 29.4269453 ], [ 79.9470133, 29.4259697 ], [ 79.941129, 29.4200943 ], [ 79.9407389, 29.4200088 ], [ 79.9388361, 29.4219049 ], [ 79.9329287, 29.4215 ], [ 79.9304357, 29.4194618 ], [ 79.928389, 29.4171143 ], [ 79.9274737, 29.4218163 ], [ 79.9259402, 29.4230476 ], [ 79.9259049, 29.4254402 ], [ 79.9271229, 29.4248614 ], [ 79.9288438, 29.4258118 ], [ 79.9314494, 29.4258374 ], [ 79.932675, 29.4267406 ], [ 79.9354114, 29.4261863 ], [ 79.9381643, 29.4279747 ], [ 79.9383589, 29.4289751 ], [ 79.9386514, 29.4291581 ], [ 79.9397991, 29.4290126 ], [ 79.9422704, 29.4299767 ], [ 79.9426417, 29.4296675 ] ] ] } },
{ "type": "Feature", "properties": { "gp_code": "", "gp_name": "", "blkname": "PATI", "dtname": "Champawat", "SHAPE_Area": 1473628.4007971217 }, "geometry": { "type": "Polygon", "coordinates": [ [ [ 79.9395665, 29.4314274 ], [ 79.9422704, 29.4299767 ], [ 79.9397991, 29.4290126 ], [ 79.9386514, 29.4291581 ], [ 79.9383589, 29.4289751 ], [ 79.9381643, 29.4279747 ], [ 79.9354114, 29.4261863 ], [ 79.932675, 29.4267406 ], [ 79.9314494, 29.4258374 ], [ 79.9288438, 29.4258118 ], [ 79.9271229, 29.4248614 ], [ 79.9236689, 29.4265026 ], [ 79.9226563, 29.4274435 ], [ 79.9202248, 29.4273616 ], [ 79.9193185, 29.4282028 ], [ 79.9196943, 29.428886 ], [ 79.9209619, 29.4294357 ], [ 79.921839, 29.4307656 ], [ 79.922312, 29.4320345 ], [ 79.9222731, 29.4328837 ], [ 79.9242361, 29.4330145 ], [ 79.9262513, 29.4317742 ], [ 79.9299863, 29.4322854 ], [ 79.9355157, 29.4310599 ], [ 79.9395665, 29.4314274 ] ] ] } },
{ "type": "Feature", "properties": { "gp_code": "22834", "gp_name": "AMOLI", "blkname": "PATI", "dtname": "Champawat", "SHAPE_Area": 1403886.9872958797 }, "geometry": { "type": "Polygon", "coordinates": [ [ [ 79.9395665, 29.4314274 ], [ 79.9355157, 29.4310599 ], [ 79.9299863, 29.4322854 ], [ 79.9262513, 29.4317742 ], [ 79.9242361, 29.4330145 ], [ 79.9222731, 29.4328837 ], [ 79.9220044, 29.4336079 ], [ 79.9208052, 29.4349125 ], [ 79.9206265, 29.4356403 ], [ 79.9212947, 29.4375368 ], [ 79.9240965, 29.4362695 ], [ 79.9259635, 29.4366364 ], [ 79.9322455, 29.4394703 ], [ 79.9332639, 29.4394084 ], [ 79.9362469, 29.4377264 ], [ 79.937553, 29.4362994 ], [ 79.9380302, 29.4354041 ], [ 79.9381086, 29.4344186 ], [ 79.9395941, 29.4319336 ], [ 79.9395665, 29.4314274 ] ] ] } },
{ "type": "Feature", "properties": { "gp_code": "22856", "gp_name": "DUNGRAKOT", "blkname": "PATI", "dtname": "Champawat", "SHAPE_Area": 596056.68016026122 }, "geometry": { "type": "Polygon", "coordinates": [ [ [ 79.9222731, 29.4328837 ], [ 79.922312, 29.4320345 ], [ 79.921839, 29.4307656 ], [ 79.9209619, 29.4294357 ], [ 79.9192974, 29.4284894 ], [ 79.9195557, 29.4278248 ], [ 79.9202248, 29.4273616 ], [ 79.9199469, 29.4223147 ], [ 79.917769, 29.4220816 ], [ 79.91625, 29.4224162 ], [ 79.9152532, 29.4233245 ], [ 79.914137, 29.4254952 ], [ 79.9145542, 29.4267396 ], [ 79.9167757, 29.4281344 ], [ 79.917932, 29.4284887 ], [ 79.9213713, 29.4344481 ], [ 79.9222731, 29.4328837 ] ] ] } },
{ "type": "Feature", "properties": { "gp_code": "22902", "gp_name": "SANGO", "blkname": "PATI", "dtname": "Champawat", "SHAPE_Area": 985532.44823236391 }, "geometry": { "type": "Polygon", "coordinates": [ [ [ 79.9274737, 29.4218163 ], [ 79.9283473, 29.4170334 ], [ 79.9275737, 29.4174479 ], [ 79.9253818, 29.4170434 ], [ 79.9242724, 29.4162692 ], [ 79.9222955, 29.4137432 ], [ 79.920982, 29.4125952 ], [ 79.9197747, 29.4124123 ], [ 79.9200576, 29.4139473 ], [ 79.9195365, 29.414486 ], [ 79.9187423, 29.4146075 ], [ 79.9174889, 29.4138507 ], [ 79.9218583, 29.4180562 ], [ 79.9252215, 29.4191515 ], [ 79.9259259, 29.4197533 ], [ 79.9226503, 29.4202542 ], [ 79.9199469, 29.4223147 ], [ 79.9202248, 29.4273616 ], [ 79.9226563, 29.4274435 ], [ 79.9236689, 29.4265026 ], [ 79.9259049, 29.4254402 ], [ 79.9259402, 29.4230476 ], [ 79.9274737, 29.4218163 ] ] ] } },
{ "type": "Feature", "properties": { "gp_code": "", "gp_name": "", "blkname": "PATI", "dtname": "Champawat", "SHAPE_Area": 1315393.6473825327 }, "geometry": { "type": "Polygon", "coordinates": [ [ [ 79.9152532, 29.4233245 ], [ 79.9167692, 29.4221908 ], [ 79.9199469, 29.4223147 ], [ 79.9226503, 29.4202542 ], [ 79.9259259, 29.4197533 ], [ 79.9252215, 29.4191515 ], [ 79.9218583, 29.4180562 ], [ 79.917186, 29.413512 ], [ 79.9167793, 29.4122156 ], [ 79.9155383, 29.4118734 ], [ 79.9152185, 29.4128004 ], [ 79.9139404, 29.4126563 ], [ 79.9140495, 29.4150247 ], [ 79.91278, 29.418267 ], [ 79.910592, 29.419083 ], [ 79.9071813, 29.4193616 ], [ 79.9100709, 29.4220165 ], [ 79.9116159, 29.4242496 ], [ 79.9122987, 29.4242134 ], [ 79.91382, 29.4234356 ], [ 79.9152532, 29.4233245 ] ] ] } },
{ "type": "Feature", "properties": { "gp_code": "", "gp_name": "", "blkname": "PATI", "dtname": "Champawat", "SHAPE_Area": 158019.43983232955 }, "geometry": { "type": "Polygon", "coordinates": [ [ [ 79.907368, 29.4152557 ], [ 79.9096407, 29.4151761 ], [ 79.9095859, 29.4145371 ], [ 79.9078499, 29.4132419 ], [ 79.9073886, 29.4125056 ], [ 79.9063074, 29.4128042 ], [ 79.9050697, 29.4126418 ], [ 79.9040991, 29.4132883 ], [ 79.9054833, 29.4154245 ], [ 79.90625, 29.4156191 ], [ 79.907368, 29.4152557 ] ] ] } },
{ "type": "Feature", "properties": { "gp_code": "22902", "gp_name": "SANGO", "blkname": "PATI", "dtname": "Champawat", "SHAPE_Area": 2408213.8175562238 }, "geometry": { "type": "Polygon", "coordinates": [ [ [ 79.9123248, 29.4353216 ], [ 79.912692, 29.4339266 ], [ 79.9139189, 29.4329103 ], [ 79.9148969, 29.4304537 ], [ 79.9138636, 29.4281561 ], [ 79.9164424, 29.428648 ], [ 79.9167757, 29.4281344 ], [ 79.9145542, 29.4267396 ], [ 79.914137, 29.4254952 ], [ 79.9152532, 29.4233245 ], [ 79.91382, 29.4234356 ], [ 79.9122987, 29.4242134 ], [ 79.9116159, 29.4242496 ], [ 79.9100709, 29.4220165 ], [ 79.9069135, 29.4193982 ], [ 79.9050868, 29.4213244 ], [ 79.9047374, 29.4227514 ], [ 79.9049142, 29.4248424 ], [ 79.9033971, 29.4261784 ], [ 79.9034242, 29.4271298 ], [ 79.9030336, 29.4277517 ], [ 79.9019393, 29.4284097 ], [ 79.9016461, 29.4290926 ], [ 79.9017041, 29.4305017 ], [ 79.902299, 29.4316058 ], [ 79.9022424, 29.4328256 ], [ 79.9006463, 29.4342102 ], [ 79.9000247, 29.4354102 ], [ 79.9001265, 29.4370779 ], [ 79.9024379, 29.4353968 ], [ 79.9033837, 29.435253 ], [ 79.9090518, 29.4380375 ], [ 79.9094924, 29.4375242 ], [ 79.9106602, 29.4372134 ], [ 79.911508, 29.436573 ], [ 79.9116961, 29.4357581 ], [ 79.9123248, 29.4353216 ] ] ] } },
{ "type": "Feature", "properties": { "gp_code": "22838", "gp_name": "BANAULY", "blkname": "PATI", "dtname": "Champawat", "SHAPE_Area": 2194354.5623999881 }, "geometry": { "type": "Polygon", "coordinates": [ [ [ 79.9049142, 29.4248424 ], [ 79.9047967, 29.4231505 ], [ 79.9030216, 29.4247025 ], [ 79.9002868, 29.4247008 ], [ 79.8925295, 29.4204251 ], [ 79.8910488, 29.4232066 ], [ 79.8947418, 29.4264121 ], [ 79.8934826, 29.4294525 ], [ 79.8935553, 29.4308762 ], [ 79.8926672, 29.4321373 ], [ 79.8924075, 29.4332372 ], [ 79.8938824, 29.4373148 ], [ 79.8934744, 29.4389159 ], [ 79.8944346, 29.4399196 ], [ 79.8951716, 29.4425083 ], [ 79.8960054, 29.4427081 ], [ 79.8970774, 29.4438249 ], [ 79.8979001, 29.4432766 ], [ 79.8981096, 29.4427278 ], [ 79.8978876, 29.4415932 ], [ 79.8983088, 29.4405028 ], [ 79.8999107, 29.438484 ], [ 79.9002042, 29.4374107 ], [ 79.9000247, 29.4354102 ], [ 79.9006463, 29.4342102 ], [ 79.9022424, 29.4328256 ], [ 79.902299, 29.4316058 ], [ 79.9017041, 29.4305017 ], [ 79.9016461, 29.4290926 ], [ 79.9019393, 29.4284097 ], [ 79.9030336, 29.4277517 ], [ 79.9034242, 29.4271298 ], [ 79.9033971, 29.4261784 ], [ 79.9049142, 29.4248424 ] ] ] } },
{ "type": "Feature", "properties": { "gp_code": "22848", "gp_name": "CHAURA GUNTH", "blkname": "PATI", "dtname": "Champawat", "SHAPE_Area": 1262879.8794980603 }, "geometry": { "type": "Polygon", "coordinates": [ [ [ 79.9038424, 29.4354139 ], [ 79.9024379, 29.4353968 ], [ 79.9001265, 29.4370779 ], [ 79.8999107, 29.438484 ], [ 79.8983088, 29.4405028 ], [ 79.8978876, 29.4415932 ], [ 79.8981096, 29.4427278 ], [ 79.8979001, 29.4432766 ], [ 79.8970774, 29.4438249 ], [ 79.8978064, 29.4447638 ], [ 79.8992431, 29.4455705 ], [ 79.8976113, 29.4470943 ], [ 79.8977841, 29.4486557 ], [ 79.8985915, 29.4498515 ], [ 79.8984867, 29.4511879 ], [ 79.9003388, 29.4520604 ], [ 79.9017731, 29.453464 ], [ 79.9019045, 29.4518905 ], [ 79.9014404, 29.4506286 ], [ 79.9020069, 29.4466827 ], [ 79.9030031, 29.4451517 ], [ 79.9039114, 29.4416096 ], [ 79.906167, 29.4404786 ], [ 79.9076094, 29.4391852 ], [ 79.9087187, 29.4387653 ], [ 79.9090518, 29.4380375 ], [ 79.9038424, 29.4354139 ] ] ] } },
{ "type": "Feature", "properties": { "gp_code": "22858", "gp_name": "GAGAR", "blkname": "PATI", "dtname": "Champawat", "SHAPE_Area": 7504673.6027086442 }, "geometry": { "type": "Polygon", "coordinates": [ [ [ 79.9043733, 29.475885 ], [ 79.9054678, 29.4754831 ], [ 79.9075655, 29.4757282 ], [ 79.9077554, 29.4734045 ], [ 79.9053611, 29.471815 ], [ 79.9044251, 29.4719027 ], [ 79.9003009, 29.4698876 ], [ 79.9003857, 29.4683874 ], [ 79.902036, 29.4679742 ], [ 79.9025748, 29.4674495 ], [ 79.9025206, 29.4655589 ], [ 79.9028275, 29.4650163 ], [ 79.9056364, 29.4646521 ], [ 79.9073784, 29.4649092 ], [ 79.9085629, 29.4653734 ], [ 79.9090358, 29.4667764 ], [ 79.9117048, 29.4670522 ], [ 79.9117944, 29.4683025 ], [ 79.9126869, 29.4690021 ], [ 79.9135203, 29.4681318 ], [ 79.9131522, 29.467935 ], [ 79.9132834, 29.4668397 ], [ 79.913033, 29.4662052 ], [ 79.9120584, 29.4645826 ], [ 79.9103999, 29.4643987 ], [ 79.9094807, 29.4634101 ], [ 79.9092531, 29.4602143 ], [ 79.9089818, 29.4595799 ], [ 79.9067806, 29.4582979 ], [ 79.9066475, 29.4568189 ], [ 79.9058556, 29.4559188 ], [ 79.9061357, 29.4541931 ], [ 79.9046289, 29.4532916 ], [ 79.9013829, 29.453354 ], [ 79.9003388, 29.4520604 ], [ 79.8971352, 29.4508821 ], [ 79.8957806, 29.4511776 ], [ 79.89294, 29.4509477 ], [ 79.8911838, 29.4516149 ], [ 79.8878106, 29.4501501 ], [ 79.8856586, 29.4497471 ], [ 79.8824414, 29.4503124 ], [ 79.8848609, 29.4533793 ], [ 79.8838882, 29.4556689 ], [ 79.8838428, 29.4568148 ], [ 79.8832086, 29.4566452 ], [ 79.8828816, 29.4555776 ], [ 79.8825342, 29.4553624 ], [ 79.882031, 29.4568683 ], [ 79.8812721, 29.4570816 ], [ 79.8808002, 29.4576755 ], [ 79.8811716, 29.4604664 ], [ 79.8818087, 29.4616298 ], [ 79.882533, 29.4620085 ], [ 79.8838442, 29.46359 ], [ 79.8835883, 29.4663027 ], [ 79.8841426, 29.4670587 ], [ 79.884873, 29.4674897 ], [ 79.8855798, 29.4665723 ], [ 79.8877806, 29.4659061 ], [ 79.8881227, 29.4652233 ], [ 79.8899609, 29.4670542 ], [ 79.8905035, 29.4681523 ], [ 79.8945292, 29.4711067 ], [ 79.8944444, 29.4725337 ], [ 79.8934046, 29.4743922 ], [ 79.8945039, 29.4763179 ], [ 79.8955873, 29.4808803 ], [ 79.8954612, 29.4817096 ], [ 79.8944421, 29.4833311 ], [ 79.8954565, 29.4851446 ], [ 79.8956693, 29.4848778 ], [ 79.8950967, 29.4840267 ], [ 79.8951946, 29.4837097 ], [ 79.896673, 29.4828081 ], [ 79.898007, 29.482428 ], [ 79.902098, 29.4798964 ], [ 79.9025588, 29.4789697 ], [ 79.9027833, 29.4771403 ], [ 79.9043733, 29.475885 ] ] ] } },
{ "type": "Feature", "properties": { "gp_code": "22896", "gp_name": "PUNAULY", "blkname": "PATI", "dtname": "Champawat", "SHAPE_Area": 1644532.168546207 }, "geometry": { "type": "Polygon", "coordinates": [ [ [ 79.9200028, 29.4739136 ], [ 79.9199633, 29.4722343 ], [ 79.9207186, 29.4722207 ], [ 79.9212753, 29.4695455 ], [ 79.9203765, 29.469051 ], [ 79.9192484, 29.4677149 ], [ 79.9189147, 29.4664706 ], [ 79.9189232, 29.4640738 ], [ 79.9163809, 29.4620539 ], [ 79.9155459, 29.4601933 ], [ 79.9155833, 29.456528 ], [ 79.9109888, 29.4571913 ], [ 79.9089818, 29.4595799 ], [ 79.9093786, 29.4608827 ], [ 79.9094807, 29.4634101 ], [ 79.9103999, 29.4643987 ], [ 79.9120584, 29.4645826 ], [ 79.9132834, 29.4668397 ], [ 79.9131522, 29.467935 ], [ 79.9135203, 29.4681318 ], [ 79.9121, 29.4698334 ], [ 79.9122034, 29.4713521 ], [ 79.9152692, 29.4724758 ], [ 79.915202, 29.473912 ], [ 79.9175682, 29.4738492 ], [ 79.9191335, 29.4742716 ], [ 79.9200028, 29.4739136 ] ] ] } },
{ "type": "Feature", "properties": { "gp_code": "", "gp_name": "", "blkname": "PATI", "dtname": "Champawat", "SHAPE_Area": 2111878.6366613084 }, "geometry": { "type": "Polygon", "coordinates": [ [ [ 79.9212753, 29.4695455 ], [ 79.9207848, 29.4722934 ], [ 79.9262347, 29.4711099 ], [ 79.9250801, 29.4688741 ], [ 79.9245655, 29.4668736 ], [ 79.9210753, 29.4648044 ], [ 79.9212785, 29.4631579 ], [ 79.9206939, 29.461822 ], [ 79.9201827, 29.4549973 ], [ 79.9204716, 29.4538236 ], [ 79.9233303, 29.4583409 ], [ 79.9247109, 29.457073 ], [ 79.925294, 29.4560069 ], [ 79.9251439, 29.4553777 ], [ 79.9263427, 29.4551587 ], [ 79.9287407, 29.4537205 ], [ 79.9299677, 29.4525257 ], [ 79.9304318, 29.45183 ], [ 79.9304986, 29.4503182 ], [ 79.9287845, 29.4501222 ], [ 79.9266109, 29.4493772 ], [ 79.9241997, 29.4496689 ], [ 79.9228214, 29.4488715 ], [ 79.9200061, 29.4491263 ], [ 79.9193231, 29.4496517 ], [ 79.9178993, 29.4528699 ], [ 79.9153195, 29.455052 ], [ 79.9155459, 29.4601933 ], [ 79.9163809, 29.4620539 ], [ 79.9189232, 29.4640738 ], [ 79.9189147, 29.4664706 ], [ 79.9192484, 29.4677149 ], [ 79.9203765, 29.469051 ], [ 79.9212753, 29.4695455 ] ] ] } },
{ "type": "Feature", "properties": { "gp_code": "22890", "gp_name": "MULA KOT", "blkname": "PATI", "dtname": "Champawat", "SHAPE_Area": 7075828.4025133131 }, "geometry": { "type": "Polygon", "coordinates": [ [ [ 79.9374376, 29.4595125 ], [ 79.9350789, 29.4579203 ], [ 79.9350593, 29.4568763 ], [ 79.9377501, 29.4552489 ], [ 79.937792, 29.4549196 ], [ 79.9364271, 29.453187 ], [ 79.9367902, 29.4518577 ], [ 79.9344819, 29.4517128 ], [ 79.9337662, 29.4513685 ], [ 79.933042, 29.4502582 ], [ 79.933168, 29.449319 ], [ 79.9352046, 29.445685 ], [ 79.9392874, 29.4491948 ], [ 79.9403113, 29.4438057 ], [ 79.9397835, 29.4428396 ], [ 79.9381612, 29.4411974 ], [ 79.9325028, 29.4416048 ], [ 79.9307755, 29.4410968 ], [ 79.9303856, 29.4406088 ], [ 79.9322455, 29.4394703 ], [ 79.9259635, 29.4366364 ], [ 79.9240965, 29.4362695 ], [ 79.9212947, 29.4375368 ], [ 79.9204959, 29.4390474 ], [ 79.9170082, 29.443043 ], [ 79.913841, 29.4452093 ], [ 79.9136254, 29.4460859 ], [ 79.9125375, 29.4473782 ], [ 79.9107383, 29.4486982 ], [ 79.9080345, 29.4495957 ], [ 79.9071418, 29.4505588 ], [ 79.9058209, 29.4556505 ], [ 79.9066475, 29.4568189 ], [ 79.9067806, 29.4582979 ], [ 79.9089818, 29.4595799 ], [ 79.9109888, 29.4571913 ], [ 79.9155833, 29.456528 ], [ 79.9153195, 29.455052 ], [ 79.9178993, 29.4528699 ], [ 79.9193231, 29.4496517 ], [ 79.9200061, 29.4491263 ], [ 79.9228214, 29.4488715 ], [ 79.9241997, 29.4496689 ], [ 79.9266109, 29.4493772 ], [ 79.9287845, 29.4501222 ], [ 79.9304986, 29.4503182 ], [ 79.9304318, 29.45183 ], [ 79.9299677, 29.4525257 ], [ 79.9287407, 29.4537205 ], [ 79.9263427, 29.4551587 ], [ 79.9251439, 29.4553777 ], [ 79.925294, 29.4560069 ], [ 79.9247109, 29.457073 ], [ 79.9233303, 29.4583409 ], [ 79.9204716, 29.4538236 ], [ 79.9201827, 29.4549973 ], [ 79.9206939, 29.461822 ], [ 79.9212785, 29.4631579 ], [ 79.9210753, 29.4648044 ], [ 79.9245655, 29.4668736 ], [ 79.9250801, 29.4688741 ], [ 79.9258878, 29.4700027 ], [ 79.9291518, 29.4659913 ], [ 79.9313966, 29.4645286 ], [ 79.9316982, 29.4634621 ], [ 79.9374376, 29.4595125 ] ], [ [ 79.9303017, 29.4535138 ], [ 79.9330335, 29.453271 ], [ 79.9351239, 29.4534915 ], [ 79.9355417, 29.4539307 ], [ 79.9320559, 29.4568079 ], [ 79.9308015, 29.4569537 ], [ 79.9298829, 29.4546846 ], [ 79.9303017, 29.4535138 ] ] ] } },
{ "type": "Feature", "properties": { "gp_code": "22879", "gp_name": "KOTNA", "blkname": "PATI", "dtname": "Champawat", "SHAPE_Area": 3208380.7017843253 }, "geometry": { "type": "Polygon", "coordinates": [ [ [ 79.9061357, 29.4541931 ], [ 79.9071418, 29.4505588 ], [ 79.9080345, 29.4495957 ], [ 79.9107383, 29.4486982 ], [ 79.9125375, 29.4473782 ], [ 79.9136254, 29.4460859 ], [ 79.913841, 29.4452093 ], [ 79.9170082, 29.443043 ], [ 79.9204959, 29.4390474 ], [ 79.9212947, 29.4375368 ], [ 79.9206265, 29.4356403 ], [ 79.9208052, 29.4349125 ], [ 79.9213713, 29.4344481 ], [ 79.917932, 29.4284887 ], [ 79.9167757, 29.4281344 ], [ 79.9164424, 29.428648 ], [ 79.9138636, 29.4281561 ], [ 79.9148969, 29.4304537 ], [ 79.9139189, 29.4329103 ], [ 79.912692, 29.4339266 ], [ 79.9123248, 29.4353216 ], [ 79.9116961, 29.4357581 ], [ 79.911508, 29.436573 ], [ 79.9106602, 29.4372134 ], [ 79.9094924, 29.4375242 ], [ 79.9087187, 29.4387653 ], [ 79.9076094, 29.4391852 ], [ 79.906167, 29.4404786 ], [ 79.9039114, 29.4416096 ], [ 79.9030031, 29.4451517 ], [ 79.9020069, 29.4466827 ], [ 79.9014404, 29.4506286 ], [ 79.9019045, 29.4518905 ], [ 79.9016705, 29.4532001 ], [ 79.9017731, 29.453464 ], [ 79.9046289, 29.4532916 ], [ 79.9061357, 29.4541931 ] ] ] } },
{ "type": "Feature", "properties": { "gp_code": "22893", "gp_name": "PATAN GAON", "blkname": "PATI", "dtname": "Champawat", "SHAPE_Area": 6528987.5581506342 }, "geometry": { "type": "Polygon", "coordinates": [ [ [ 79.9744043, 29.4537551 ], [ 79.975055, 29.4535395 ], [ 79.9741226, 29.4528498 ], [ 79.9738304, 29.4508615 ], [ 79.9712907, 29.4486562 ], [ 79.9672743, 29.4467482 ], [ 79.9664773, 29.4460632 ], [ 79.9657837, 29.4448573 ], [ 79.963248, 29.4430026 ], [ 79.9627745, 29.4417583 ], [ 79.9633184, 29.4404045 ], [ 79.9629192, 29.4390846 ], [ 79.9629712, 29.4362266 ], [ 79.9614383, 29.4364459 ], [ 79.9604984, 29.4349973 ], [ 79.9600385, 29.4346219 ], [ 79.9591745, 29.4345485 ], [ 79.9592029, 29.4328286 ], [ 79.9585348, 29.4309744 ], [ 79.9586614, 29.429969 ], [ 79.9584237, 29.4295228 ], [ 79.9580058, 29.4291933 ], [ 79.9571419, 29.4291931 ], [ 79.9551212, 29.4299488 ], [ 79.9550661, 29.4281679 ], [ 79.9541401, 29.4275055 ], [ 79.9542942, 29.4244777 ], [ 79.9527901, 29.4237233 ], [ 79.9523994, 29.4237087 ], [ 79.9521452, 29.4268953 ], [ 79.9518406, 29.4275021 ], [ 79.949986, 29.427621 ], [ 79.9480578, 29.4269237 ], [ 79.9470133, 29.4259697 ], [ 79.9460096, 29.4269453 ], [ 79.9451447, 29.4293191 ], [ 79.9426417, 29.4296675 ], [ 79.9420473, 29.4302816 ], [ 79.9408349, 29.4305739 ], [ 79.9395665, 29.4314274 ], [ 79.9395941, 29.4319336 ], [ 79.9381086, 29.4344186 ], [ 79.9380302, 29.4354041 ], [ 79.9362469, 29.4377264 ], [ 79.9332639, 29.4394084 ], [ 79.9322455, 29.4394703 ], [ 79.9303856, 29.4406088 ], [ 79.9307755, 29.4410968 ], [ 79.9325028, 29.4416048 ], [ 79.9381612, 29.4411974 ], [ 79.9397835, 29.4428396 ], [ 79.9403113, 29.4438057 ], [ 79.9403056, 29.4446623 ], [ 79.9409255, 29.4439751 ], [ 79.941715, 29.4406803 ], [ 79.9426074, 29.439534 ], [ 79.9434262, 29.4393696 ], [ 79.9440939, 29.4418338 ], [ 79.9448736, 29.4433466 ], [ 79.9476884, 29.4438355 ], [ 79.9528579, 29.4457154 ], [ 79.9568294, 29.4464381 ], [ 79.9595775, 29.4475359 ], [ 79.9612608, 29.447218 ], [ 79.9629586, 29.4474702 ], [ 79.9636854, 29.448292 ], [ 79.964696, 29.4532848 ], [ 79.9744043, 29.4537551 ] ] ] } },
{ "type": "Feature", "properties": { "gp_code": "", "gp_name": "", "blkname": "PATI", "dtname": "Champawat", "SHAPE_Area": 6559839.6694097975 }, "geometry": { "type": "Polygon", "coordinates": [ [ [ 79.9409516, 29.4767869 ], [ 79.942738, 29.4737236 ], [ 79.9435055, 29.4717357 ], [ 79.9432414, 29.4701012 ], [ 79.945304, 29.471029 ], [ 79.9462927, 29.4730418 ], [ 79.9478534, 29.474201 ], [ 79.9486753, 29.4755308 ], [ 79.9496925, 29.4763848 ], [ 79.9514218, 29.4742631 ], [ 79.9502659, 29.4716648 ], [ 79.9542445, 29.4726728 ], [ 79.9556331, 29.4720415 ], [ 79.956189, 29.4704866 ], [ 79.9490817, 29.4678117 ], [ 79.9495281, 29.4625634 ], [ 79.9492512, 29.4608625 ], [ 79.9484745, 29.4588698 ], [ 79.949752, 29.4581898 ], [ 79.9521962, 29.4556392 ], [ 79.9541119, 29.4556397 ], [ 79.9552223, 29.4560046 ], [ 79.956943, 29.4581676 ], [ 79.9581088, 29.4591155 ], [ 79.9634678, 29.4574888 ], [ 79.9638845, 29.45693 ], [ 79.9637736, 29.4562253 ], [ 79.9608869, 29.4539892 ], [ 79.9586347, 29.449799 ], [ 79.9506967, 29.4470179 ], [ 79.947789, 29.4495213 ], [ 79.9468291, 29.4499643 ], [ 79.9453143, 29.4495154 ], [ 79.9437156, 29.4495581 ], [ 79.942215, 29.4500422 ], [ 79.9406178, 29.4499718 ], [ 79.9392874, 29.4491948 ], [ 79.9352046, 29.445685 ], [ 79.933168, 29.449319 ], [ 79.933042, 29.4502582 ], [ 79.9337662, 29.4513685 ], [ 79.9344819, 29.4517128 ], [ 79.936603, 29.4516578 ], [ 79.9367902, 29.4518577 ], [ 79.9364271, 29.453187 ], [ 79.937792, 29.4549196 ], [ 79.9377501, 29.4552489 ], [ 79.9354219, 29.4564495 ], [ 79.9350593, 29.4568763 ], [ 79.9350789, 29.4579203 ], [ 79.9376781, 29.4597132 ], [ 79.9410449, 29.4579275 ], [ 79.9431912, 29.4579771 ], [ 79.9447797, 29.458746 ], [ 79.9456434, 29.4598075 ], [ 79.9460607, 29.4615031 ], [ 79.9457679, 29.4617469 ], [ 79.9440676, 29.4617463 ], [ 79.9442898, 29.4632345 ], [ 79.9450976, 29.4648692 ], [ 79.9427272, 29.4667712 ], [ 79.940152, 29.4650855 ], [ 79.9386578, 29.4656231 ], [ 79.9371809, 29.4645005 ], [ 79.936587, 29.4650988 ], [ 79.9348387, 29.4655973 ], [ 79.9341563, 29.4646213 ], [ 79.9315846, 29.4650369 ], [ 79.929917, 29.4684981 ], [ 79.9276859, 29.469912 ], [ 79.928229, 29.4707905 ], [ 79.9291771, 29.4704006 ], [ 79.9353074, 29.4756235 ], [ 79.9392666, 29.4747712 ], [ 79.9399355, 29.4751863 ], [ 79.9405043, 29.4766592 ], [ 79.9409516, 29.4767869 ] ] ] } },
{ "type": "Feature", "properties": { "gp_code": "22896", "gp_name": "PUNAULY", "blkname": "PATI", "dtname": "Champawat", "SHAPE_Area": 1223701.0475455655 }, "geometry": { "type": "Polygon", "coordinates": [ [ [ 79.9315846, 29.4650369 ], [ 79.9341563, 29.4646213 ], [ 79.9348387, 29.4655973 ], [ 79.936587, 29.4650988 ], [ 79.9371809, 29.4645005 ], [ 79.9386578, 29.4656231 ], [ 79.940152, 29.4650855 ], [ 79.9427272, 29.4667712 ], [ 79.9450976, 29.4648692 ], [ 79.9439993, 29.4620246 ], [ 79.9443464, 29.4616001 ], [ 79.9457679, 29.4617469 ], [ 79.9460607, 29.4615031 ], [ 79.9456434, 29.4598075 ], [ 79.9447797, 29.458746 ], [ 79.9431912, 29.4579771 ], [ 79.9410449, 29.4579275 ], [ 79.937929, 29.4597316 ], [ 79.9374376, 29.4595125 ], [ 79.9316982, 29.4634621 ], [ 79.9313966, 29.4645286 ], [ 79.9291518, 29.4659913 ], [ 79.9258878, 29.4700027 ], [ 79.926195, 29.4712079 ], [ 79.9272741, 29.4709914 ], [ 79.926738, 29.4700824 ], [ 79.9276859, 29.469912 ], [ 79.929917, 29.4684981 ], [ 79.9315846, 29.4650369 ] ] ] } },
{ "type": "Feature", "properties": { "gp_code": "", "gp_name": "", "blkname": "PATI", "dtname": "Champawat", "SHAPE_Area": 186295.15172168848 }, "geometry": { "type": "Polygon", "coordinates": [ [ [ 79.9351239, 29.4534915 ], [ 79.9330335, 29.453271 ], [ 79.9303017, 29.4535138 ], [ 79.9298829, 29.4546846 ], [ 79.9308015, 29.4569537 ], [ 79.9320559, 29.4568079 ], [ 79.9355417, 29.4539307 ], [ 79.9351239, 29.4534915 ] ] ] } },
{ "type": "Feature", "properties": { "gp_code": "", "gp_name": "", "blkname": "PATI", "dtname": "Champawat", "SHAPE_Area": 1895917.3003630778 }, "geometry": { "type": "Polygon", "coordinates": [ [ [ 79.9371436, 29.4764171 ], [ 79.9376873, 29.47621 ], [ 79.9402229, 29.4768815 ], [ 79.9425518, 29.476968 ], [ 79.9437988, 29.4783345 ], [ 79.9446558, 29.4788165 ], [ 79.9451164, 29.4775726 ], [ 79.9458572, 29.4769489 ], [ 79.947326, 29.4770733 ], [ 79.9498067, 29.4783059 ], [ 79.951591, 29.4782577 ], [ 79.9520655, 29.4777042 ], [ 79.9526322, 29.4758044 ], [ 79.9534427, 29.4747851 ], [ 79.9539384, 29.4747269 ], [ 79.9552733, 29.4759281 ], [ 79.9557469, 29.4756887 ], [ 79.9558435, 29.4744523 ], [ 79.9564576, 29.4740793 ], [ 79.9573897, 29.474278 ], [ 79.958218, 29.4749902 ], [ 79.9593124, 29.4767319 ], [ 79.960578, 29.4773989 ], [ 79.9629225, 29.4772441 ], [ 79.9659111, 29.4759073 ], [ 79.9643785, 29.4734309 ], [ 79.963152, 29.4727843 ], [ 79.9572371, 29.471933 ], [ 79.9563681, 29.4724923 ], [ 79.9547741, 29.4744531 ], [ 79.9539867, 29.4740748 ], [ 79.9523704, 29.4723606 ], [ 79.9502659, 29.4716648 ], [ 79.9514218, 29.4742631 ], [ 79.9496925, 29.4763848 ], [ 79.9486753, 29.4755308 ], [ 79.9478534, 29.474201 ], [ 79.9462927, 29.4730418 ], [ 79.945304, 29.471029 ], [ 79.9432414, 29.4701012 ], [ 79.9435055, 29.4717357 ], [ 79.942738, 29.4737236 ], [ 79.9409036, 29.476804 ], [ 79.9405043, 29.4766592 ], [ 79.9399355, 29.4751863 ], [ 79.9392666, 29.4747712 ], [ 79.9353074, 29.4756235 ], [ 79.9291771, 29.4704006 ], [ 79.928229, 29.4707905 ], [ 79.9276859, 29.469912 ], [ 79.926738, 29.4700824 ], [ 79.9272741, 29.4709914 ], [ 79.9199633, 29.4722343 ], [ 79.9200028, 29.4739136 ], [ 79.9250047, 29.472582 ], [ 79.9270259, 29.4724366 ], [ 79.9284332, 29.4734374 ], [ 79.9286413, 29.4750352 ], [ 79.9297423, 29.4753772 ], [ 79.93062, 29.4762863 ], [ 79.9320207, 29.4765126 ], [ 79.9332339, 29.4758544 ], [ 79.9344394, 29.4763062 ], [ 79.9345384, 29.4791044 ], [ 79.9350549, 29.4792629 ], [ 79.9371436, 29.4764171 ] ] ] } },
{ "type": "Feature", "properties": { "gp_code": "22906", "gp_name": "SILYURI GUNTH", "blkname": "PATI", "dtname": "Champawat", "SHAPE_Area": 3242951.1453438085 }, "geometry": { "type": "Polygon", "coordinates": [ [ [ 79.9108421, 29.4866555 ], [ 79.9130155, 29.4870976 ], [ 79.9146396, 29.4879481 ], [ 79.9152257, 29.487725 ], [ 79.9154078, 29.4864262 ], [ 79.9140223, 29.4841629 ], [ 79.913786, 29.4832236 ], [ 79.9143089, 29.4829373 ], [ 79.9163293, 29.4832929 ], [ 79.9172503, 29.4828657 ], [ 79.9175003, 29.4816613 ], [ 79.9166953, 29.4804951 ], [ 79.9167631, 29.4792338 ], [ 79.9171538, 29.4786973 ], [ 79.9188479, 29.4780578 ], [ 79.9196359, 29.4773203 ], [ 79.9186687, 29.4749353 ], [ 79.919164, 29.4742464 ], [ 79.9175682, 29.4738492 ], [ 79.9117836, 29.4738035 ], [ 79.9101045, 29.4729426 ], [ 79.9089543, 29.4732408 ], [ 79.9077551, 29.4738355 ], [ 79.9075655, 29.4757282 ], [ 79.9054678, 29.4754831 ], [ 79.9043733, 29.475885 ], [ 79.9027833, 29.4771403 ], [ 79.9025588, 29.4789697 ], [ 79.902098, 29.4798964 ], [ 79.898007, 29.482428 ], [ 79.896673, 29.4828081 ], [ 79.8950967, 29.4840267 ], [ 79.8956693, 29.4848779 ], [ 79.8973743, 29.4844978 ], [ 79.8987499, 29.4850871 ], [ 79.8999663, 29.4868611 ], [ 79.9018208, 29.4879977 ], [ 79.9095105, 29.4898417 ], [ 79.9098814, 29.4897208 ], [ 79.9102001, 29.4876553 ], [ 79.9108421, 29.4866555 ] ] ] } },
{ "type": "Feature", "properties": { "gp_code": "", "gp_name": "", "blkname": "PATI", "dtname": "Champawat", "SHAPE_Area": 1119147.3674030469 }, "geometry": { "type": "Polygon", "coordinates": [ [ [ 79.9126682, 29.4691091 ], [ 79.9117944, 29.4683025 ], [ 79.9117048, 29.4670522 ], [ 79.9090358, 29.4667764 ], [ 79.9085629, 29.4653734 ], [ 79.9056364, 29.4646521 ], [ 79.9028275, 29.4650163 ], [ 79.9025206, 29.4655589 ], [ 79.9025748, 29.4674495 ], [ 79.902036, 29.4679742 ], [ 79.9003857, 29.4683874 ], [ 79.9003009, 29.4698876 ], [ 79.9044251, 29.4719027 ], [ 79.9053611, 29.471815 ], [ 79.9077554, 29.4734045 ], [ 79.9077551, 29.4738355 ], [ 79.9101045, 29.4729426 ], [ 79.9117836, 29.4738035 ], [ 79.915202, 29.473912 ], [ 79.9152692, 29.4724758 ], [ 79.9122034, 29.4713521 ], [ 79.9119532, 29.4704676 ], [ 79.9126682, 29.4691091 ] ] ] } },
{ "type": "Feature", "properties": { "gp_code": "22848", "gp_name": "CHAURA GUNTH", "blkname": "PATI", "dtname": "Champawat", "SHAPE_Area": 2644221.5691798837 }, "geometry": { "type": "Polygon", "coordinates": [ [ [ 79.8898769, 29.4825524 ], [ 79.8910385, 29.4825166 ], [ 79.890758, 29.481801 ], [ 79.8912624, 29.4789717 ], [ 79.8929287, 29.4763443 ], [ 79.8932647, 29.4745882 ], [ 79.8944444, 29.4725337 ], [ 79.8945292, 29.4711067 ], [ 79.8905035, 29.4681523 ], [ 79.8889027, 29.4658947 ], [ 79.8881227, 29.4652233 ], [ 79.8877806, 29.4659061 ], [ 79.8855798, 29.4665723 ], [ 79.884873, 29.4674897 ], [ 79.8841426, 29.4670587 ], [ 79.8784042, 29.4689731 ], [ 79.87607, 29.4702901 ], [ 79.8761101, 29.4717888 ], [ 79.8765132, 29.4729906 ], [ 79.8782016, 29.4734551 ], [ 79.8790837, 29.4742062 ], [ 79.8802672, 29.4757446 ], [ 79.8803983, 29.4769515 ], [ 79.8842928, 29.4786497 ], [ 79.8861633, 29.4828077 ], [ 79.8868254, 29.4835668 ], [ 79.8898769, 29.4825524 ] ] ] } },
{ "type": "Feature", "properties": { "gp_code": "22873", "gp_name": "KANI KOT", "blkname": "PATI", "dtname": "Champawat", "SHAPE_Area": 485838.32457385812 }, "geometry": { "type": "Polygon", "coordinates": [ [ [ 79.8954565, 29.4851446 ], [ 79.8944421, 29.4833311 ], [ 79.8954612, 29.4817096 ], [ 79.8955873, 29.4808803 ], [ 79.8945039, 29.4763179 ], [ 79.8934046, 29.4743922 ], [ 79.8929287, 29.4763443 ], [ 79.8912624, 29.4789717 ], [ 79.890758, 29.481801 ], [ 79.89137, 29.4833626 ], [ 79.8927067, 29.4851809 ], [ 79.8942551, 29.4860341 ], [ 79.8954565, 29.4851446 ] ] ] } },
{ "type": "Feature", "properties": { "gp_code": "22878", "gp_name": "KIMAD", "blkname": "PATI", "dtname": "Champawat", "SHAPE_Area": 2359884.0334672779 }, "geometry": { "type": "Polygon", "coordinates": [ [ [ 79.8823765, 29.4554515 ], [ 79.8828816, 29.4555776 ], [ 79.8832086, 29.4566452 ], [ 79.8838428, 29.4568148 ], [ 79.8838882, 29.4556689 ], [ 79.8848609, 29.4533793 ], [ 79.8824414, 29.4503124 ], [ 79.8856586, 29.4497471 ], [ 79.8878106, 29.4501501 ], [ 79.8911838, 29.4516149 ], [ 79.89294, 29.4509477 ], [ 79.8957806, 29.4511776 ], [ 79.8971352, 29.4508821 ], [ 79.8984867, 29.4511879 ], [ 79.8984331, 29.4493003 ], [ 79.8977841, 29.4486557 ], [ 79.8975159, 29.4478291 ], [ 79.8976113, 29.4470943 ], [ 79.8991948, 29.445332 ], [ 79.8978064, 29.4447638 ], [ 79.8960054, 29.4427081 ], [ 79.8943544, 29.4424609 ], [ 79.8917476, 29.4431902 ], [ 79.8890024, 29.4430023 ], [ 79.8864102, 29.4432932 ], [ 79.8843751, 29.4438041 ], [ 79.8817326, 29.4453342 ], [ 79.8815719, 29.444986 ], [ 79.8809415, 29.4450162 ], [ 79.8791167, 29.4466904 ], [ 79.8789673, 29.4496335 ], [ 79.8785775, 29.4504923 ], [ 79.8792257, 29.4537925 ], [ 79.8788394, 29.4568538 ], [ 79.8803785, 29.4578063 ], [ 79.8807668, 29.4577176 ], [ 79.8812721, 29.4570816 ], [ 79.882031, 29.4568683 ], [ 79.8823765, 29.4554515 ] ] ] } },
{ "type": "Feature", "properties": { "gp_code": "276624", "gp_name": "BIROLI", "blkname": "PATI", "dtname": "Champawat", "SHAPE_Area": 210558.4058333704 }, "geometry": { "type": "Polygon", "coordinates": [ [ [ 79.8843751, 29.4438041 ], [ 79.8890024, 29.4430023 ], [ 79.8910968, 29.4430778 ], [ 79.8906023, 29.4421084 ], [ 79.8899339, 29.4415956 ], [ 79.888596, 29.4417655 ], [ 79.8879834, 29.4411064 ], [ 79.8865064, 29.4409833 ], [ 79.8842757, 29.4420064 ], [ 79.8827697, 29.4431031 ], [ 79.8821266, 29.4451068 ], [ 79.8843751, 29.4438041 ] ] ] } },
{ "type": "Feature", "properties": { "gp_code": "22861", "gp_name": "GAWAYIE", "blkname": "PATI", "dtname": "Champawat", "SHAPE_Area": 774612.34188079287 }, "geometry": { "type": "Polygon", "coordinates": [ [ [ 79.8817326, 29.4453342 ], [ 79.8821266, 29.4451068 ], [ 79.8827697, 29.4431031 ], [ 79.8855993, 29.4414665 ], [ 79.8880048, 29.4382814 ], [ 79.8870446, 29.4373587 ], [ 79.8865269, 29.4375847 ], [ 79.8846421, 29.437454 ], [ 79.883422, 29.4379061 ], [ 79.8827928, 29.4387791 ], [ 79.8813143, 29.4388428 ], [ 79.8808345, 29.4380336 ], [ 79.8807984, 29.4372248 ], [ 79.8814277, 29.4362222 ], [ 79.8806547, 29.4329216 ], [ 79.8798407, 29.4337299 ], [ 79.8768199, 29.4387898 ], [ 79.8773483, 29.440016 ], [ 79.8783998, 29.4406451 ], [ 79.8786202, 29.4416092 ], [ 79.8804801, 29.443214 ], [ 79.8817326, 29.4453342 ] ] ] } },
{ "type": "Feature", "properties": { "gp_code": "22838", "gp_name": "BANAULY", "blkname": "PATI", "dtname": "Champawat", "SHAPE_Area": 310785.35873325437 }, "geometry": { "type": "Polygon", "coordinates": [ [ [ 79.8791167, 29.4466904 ], [ 79.8809415, 29.4450162 ], [ 79.8815719, 29.444986 ], [ 79.8804801, 29.443214 ], [ 79.8786202, 29.4416092 ], [ 79.8783998, 29.4406451 ], [ 79.8773483, 29.440016 ], [ 79.8768199, 29.4387898 ], [ 79.8759998, 29.4437415 ], [ 79.876166, 29.4447053 ], [ 79.8767421, 29.4456797 ], [ 79.8791167, 29.4466904 ] ] ] } },
{ "type": "Feature", "properties": { "gp_code": "260264", "gp_name": "takna Gurau", "blkname": "PATI", "dtname": "Champawat", "SHAPE_Area": 1839488.2848517953 }, "geometry": { "type": "Polygon", "coordinates": [ [ [ 79.8763467, 29.4513127 ], [ 79.8762972, 29.4493302 ], [ 79.8785512, 29.4486858 ], [ 79.8790609, 29.4476432 ], [ 79.8791176, 29.4466919 ], [ 79.8767421, 29.4456797 ], [ 79.876166, 29.4447053 ], [ 79.8759998, 29.4437415 ], [ 79.8768199, 29.4387898 ], [ 79.8764091, 29.4385089 ], [ 79.8749409, 29.4384133 ], [ 79.8727917, 29.4397259 ], [ 79.8715442, 29.440042 ], [ 79.8702973, 29.4396751 ], [ 79.8694488, 29.440976 ], [ 79.8681289, 29.4411005 ], [ 79.8691593, 29.4418333 ], [ 79.8681543, 29.4434181 ], [ 79.866969, 29.444149 ], [ 79.8651223, 29.4440433 ], [ 79.8630385, 29.4447434 ], [ 79.863178, 29.4460799 ], [ 79.8625865, 29.4467002 ], [ 79.8611819, 29.4467019 ], [ 79.8606516, 29.4474332 ], [ 79.8605946, 29.4479212 ], [ 79.8617091, 29.4488491 ], [ 79.8620745, 29.450246 ], [ 79.8624089, 29.4504457 ], [ 79.8631463, 29.4502049 ], [ 79.8634101, 29.4504505 ], [ 79.8649439, 29.4489067 ], [ 79.8661775, 29.4487614 ], [ 79.8694655, 29.4496911 ], [ 79.8704125, 29.4502529 ], [ 79.8711781, 29.451205 ], [ 79.8731837, 29.4507492 ], [ 79.8759474, 29.451836 ], [ 79.8763467, 29.4513127 ] ] ] } },
{ "type": "Feature", "properties": { "gp_code": "", "gp_name": "", "blkname": "PATI", "dtname": "Champawat", "SHAPE_Area": 281972.49347059848 }, "geometry": { "type": "Polygon", "coordinates": [ [ [ 79.8663889, 29.4530307 ], [ 79.8678948, 29.4516451 ], [ 79.8697071, 29.451899 ], [ 79.8708501, 29.4516072 ], [ 79.8711781, 29.451205 ], [ 79.8704125, 29.4502529 ], [ 79.8694655, 29.4496911 ], [ 79.8661775, 29.4487614 ], [ 79.8649439, 29.4489067 ], [ 79.8634101, 29.4504505 ], [ 79.8649415, 29.45281 ], [ 79.8652477, 29.4531456 ], [ 79.8656117, 29.4533221 ], [ 79.8653436, 29.4531519 ], [ 79.8663889, 29.4530307 ] ] ] } },
{ "type": "Feature", "properties": { "gp_code": "22886", "gp_name": "MANTANDY", "blkname": "PATI", "dtname": "Champawat", "SHAPE_Area": 1977159.6859704286 }, "geometry": { "type": "Polygon", "coordinates": [ [ [ 79.8734991, 29.4641788 ], [ 79.8746988, 29.4632894 ], [ 79.8771938, 29.4631449 ], [ 79.8780445, 29.462682 ], [ 79.8796553, 29.4608038 ], [ 79.8800602, 29.4608661 ], [ 79.8804968, 29.4615623 ], [ 79.8811821, 29.4609889 ], [ 79.8808002, 29.4576755 ], [ 79.8803785, 29.4578063 ], [ 79.8788394, 29.4568538 ], [ 79.8792257, 29.4537925 ], [ 79.8785775, 29.4504923 ], [ 79.8789673, 29.4496335 ], [ 79.8790478, 29.4476702 ], [ 79.878349, 29.4488564 ], [ 79.8762972, 29.4493302 ], [ 79.8763467, 29.4513127 ], [ 79.8759474, 29.451836 ], [ 79.8750154, 29.4516138 ], [ 79.874145, 29.4509573 ], [ 79.8721937, 29.4507742 ], [ 79.8708501, 29.4516072 ], [ 79.8697071, 29.451899 ], [ 79.8678948, 29.4516451 ], [ 79.8663889, 29.4530307 ], [ 79.8653436, 29.4531519 ], [ 79.8667492, 29.4538735 ], [ 79.8675939, 29.4551907 ], [ 79.8673845, 29.4555016 ], [ 79.8662142, 29.4555296 ], [ 79.86613, 29.4566453 ], [ 79.8682744, 29.4573685 ], [ 79.868642, 29.4586641 ], [ 79.8700145, 29.4594252 ], [ 79.8713122, 29.4613077 ], [ 79.8716946, 29.4643353 ], [ 79.8734991, 29.4641788 ] ] ] } },
{ "type": "Feature", "properties": { "gp_code": "", "gp_name": "", "blkname": "PATI", "dtname": "Champawat", "SHAPE_Area": 931879.19665436423 }, "geometry": { "type": "Polygon", "coordinates": [ [ [ 79.8841426, 29.4670587 ], [ 79.8835883, 29.4663027 ], [ 79.8838442, 29.46359 ], [ 79.882533, 29.4620085 ], [ 79.8818087, 29.4616298 ], [ 79.8812165, 29.4605954 ], [ 79.8807077, 29.4615375 ], [ 79.8796553, 29.4608038 ], [ 79.8780445, 29.462682 ], [ 79.8771938, 29.4631449 ], [ 79.8746988, 29.4632894 ], [ 79.8734991, 29.4641788 ], [ 79.8716946, 29.4643353 ], [ 79.8717285, 29.4651722 ], [ 79.8750761, 29.4680725 ], [ 79.87607, 29.4702901 ], [ 79.8784042, 29.4689731 ], [ 79.8841426, 29.4670587 ] ] ] } },
{ "type": "Feature", "properties": { "gp_code": "22911", "gp_name": "TIMILAGUNTH", "blkname": "PATI", "dtname": "Champawat", "SHAPE_Area": 3538378.0518061444 }, "geometry": { "type": "Polygon", "coordinates": [ [ [ 79.8581718, 29.4546382 ], [ 79.8578432, 29.453752 ], [ 79.8578046, 29.451958 ], [ 79.8569685, 29.4508726 ], [ 79.8571063, 29.4504678 ], [ 79.8600627, 29.4479904 ], [ 79.8605946, 29.4479212 ], [ 79.8611819, 29.4467019 ], [ 79.8625865, 29.4467002 ], [ 79.863178, 29.4460799 ], [ 79.8630385, 29.4447434 ], [ 79.8651223, 29.4440433 ], [ 79.866969, 29.444149 ], [ 79.8681543, 29.4434181 ], [ 79.8691593, 29.4418333 ], [ 79.8674606, 29.4408779 ], [ 79.8671005, 29.4403553 ], [ 79.8662279, 29.4410204 ], [ 79.8650084, 29.4409619 ], [ 79.864893, 29.4399865 ], [ 79.863858, 29.4399856 ], [ 79.8630084, 29.4395643 ], [ 79.8626398, 29.4386581 ], [ 79.8626786, 29.4369596 ], [ 79.8619034, 29.4360854 ], [ 79.8623851, 29.4349534 ], [ 79.8623497, 29.4335945 ], [ 79.863127, 29.4325599 ], [ 79.8635545, 29.4305867 ], [ 79.8634828, 29.428338 ], [ 79.8641508, 29.4257664 ], [ 79.8619161, 29.4246806 ], [ 79.860032, 29.424129 ], [ 79.8582951, 29.4240628 ], [ 79.85316, 29.4224405 ], [ 79.8511032, 29.4228889 ], [ 79.8516962, 29.423693 ], [ 79.8524979, 29.4264396 ], [ 79.8542296, 29.4290535 ], [ 79.8555725, 29.4319949 ], [ 79.8563072, 29.4327246 ], [ 79.8554327, 29.4383606 ], [ 79.8546539, 29.4399353 ], [ 79.855085, 29.4407773 ], [ 79.8561724, 29.4411701 ], [ 79.8567286, 29.4417676 ], [ 79.8581178, 29.4414621 ], [ 79.8593613, 29.442379 ], [ 79.8600708, 29.4449471 ], [ 79.8594351, 29.4462088 ], [ 79.8568012, 29.4457454 ], [ 79.8557625, 29.4453399 ], [ 79.8535337, 29.4436832 ], [ 79.8533591, 29.4443383 ], [ 79.8538256, 29.4452162 ], [ 79.8519833, 29.446787 ], [ 79.853416, 29.4498449 ], [ 79.8515206, 29.4497638 ], [ 79.850175, 29.4508094 ], [ 79.8501972, 29.4505507 ], [ 79.8501447, 29.4510136 ], [ 79.8505484, 29.4513799 ], [ 79.8508812, 29.4527463 ], [ 79.851504, 29.4527284 ], [ 79.8519873, 29.4514409 ], [ 79.852704, 29.4515047 ], [ 79.853557, 29.4542666 ], [ 79.853919, 29.4546084 ], [ 79.854818, 29.4544995 ], [ 79.8563438, 29.4560063 ], [ 79.8570883, 29.4557884 ], [ 79.8573259, 29.4551787 ], [ 79.8581718, 29.4546382 ] ] ] } },
{ "type": "Feature", "properties": { "gp_code": "22895", "gp_name": "PEEPAL TEENG", "blkname": "PATI", "dtname": "Champawat", "SHAPE_Area": 1285373.5992710537 }, "geometry": { "type": "Polygon", "coordinates": [ [ [ 79.850175, 29.4508094 ], [ 79.8515206, 29.4497638 ], [ 79.853416, 29.4498449 ], [ 79.8519833, 29.446787 ], [ 79.8538256, 29.4452162 ], [ 79.8533591, 29.4443383 ], [ 79.8535337, 29.4436832 ], [ 79.8557625, 29.4453399 ], [ 79.8568012, 29.4457454 ], [ 79.8594351, 29.4462088 ], [ 79.8600708, 29.4449471 ], [ 79.8593613, 29.442379 ], [ 79.8581178, 29.4414621 ], [ 79.8567286, 29.4417676 ], [ 79.8561724, 29.4411701 ], [ 79.855085, 29.4407773 ], [ 79.8529984, 29.437604 ], [ 79.8502626, 29.4361639 ], [ 79.8498951, 29.4371094 ], [ 79.8489282, 29.4382271 ], [ 79.8461021, 29.4445573 ], [ 79.8467731, 29.4445579 ], [ 79.8479165, 29.443949 ], [ 79.8487386, 29.4440962 ], [ 79.8488776, 29.4443769 ], [ 79.8482222, 29.4456353 ], [ 79.8484561, 29.4471576 ], [ 79.8490132, 29.4474386 ], [ 79.8490539, 29.4483779 ], [ 79.8497638, 29.449086 ], [ 79.8495951, 29.4502446 ], [ 79.8502016, 29.4500318 ], [ 79.850175, 29.4508094 ] ] ] } }
]
}
