{
"type": "FeatureCollection",
"name": "haridwar_gp",
"crs": { "type": "name", "properties": { "name": "urn:ogc:def:crs:OGC::CRS84" } },
"features": [
{ "type": "Feature", "properties": { "gp_code": "23425", "gp_name": "ALAWALPUR", "blkname": "BHAGWANPUR", "dtname": "Haridwar", "SHAPE_Area": 2687587.5359245492 }, "geometry": { "type": "Polygon", "coordinates": [ [ [ 77.7733888, 30.0510205 ], [ 77.7790264, 30.0483261 ], [ 77.7796425, 30.0497044 ], [ 77.781803, 30.0488025 ], [ 77.7821299, 30.0494878 ], [ 77.7826944, 30.0492529 ], [ 77.7836528, 30.0472365 ], [ 77.7846459, 30.0475024 ], [ 77.7847199, 30.046198 ], [ 77.7837117, 30.0443374 ], [ 77.7885072, 30.0424386 ], [ 77.7880153, 30.0413509 ], [ 77.7890247, 30.0407062 ], [ 77.7889072, 30.0402217 ], [ 77.786638, 30.0382428 ], [ 77.7845226, 30.0357996 ], [ 77.7833563, 30.034999 ], [ 77.7822815, 30.0350721 ], [ 77.7813742, 30.0334983 ], [ 77.7777836, 30.0361333 ], [ 77.773603, 30.0397669 ], [ 77.7728805, 30.0412849 ], [ 77.7700539, 30.0425481 ], [ 77.7711387, 30.0480219 ], [ 77.7733888, 30.0510205 ] ] ] } },
{ "type": "Feature", "properties": { "gp_code": "23358", "gp_name": "CHAULLI SHAHBUDDINPUR", "blkname": "BHAGWANPUR", "dtname": "Haridwar", "SHAPE_Area": 3928025.7256753524 }, "geometry": { "type": "Polygon", "coordinates": [ [ [ 77.7716822, 30.0149796 ], [ 77.773909, 30.0147516 ], [ 77.7727474, 30.0139721 ], [ 77.7728638, 30.0130808 ], [ 77.7721117, 30.0113871 ], [ 77.7725398, 30.0112624 ], [ 77.7722329, 30.0109208 ], [ 77.7723789, 30.0104657 ], [ 77.7716164, 30.010379 ], [ 77.7711242, 30.0098934 ], [ 77.7713052, 30.0095802 ], [ 77.7725523, 30.0091946 ], [ 77.772432, 30.008753 ], [ 77.7717552, 30.008516 ], [ 77.7718175, 30.0079706 ], [ 77.773176, 30.005288 ], [ 77.7722451, 30.0026953 ], [ 77.7744252, 29.9985756 ], [ 77.7726611, 29.9959265 ], [ 77.7724192, 29.9957033 ], [ 77.7719629, 29.9958702 ], [ 77.771236, 29.994538 ], [ 77.7690562, 29.9920238 ], [ 77.7690866, 29.9912502 ], [ 77.7687333, 29.9912549 ], [ 77.7686085, 29.9908145 ], [ 77.7667841, 29.991056 ], [ 77.7658278, 29.9902387 ], [ 77.7652518, 29.9907604 ], [ 77.7648275, 29.990528 ], [ 77.7634736, 29.9911414 ], [ 77.7634941, 29.9892933 ], [ 77.762935, 29.9878192 ], [ 77.7560931, 29.9925845 ], [ 77.7568945, 29.9926776 ], [ 77.7603752, 29.9951065 ], [ 77.7553849, 29.9990018 ], [ 77.7559926, 29.999325 ], [ 77.7576036, 30.0015165 ], [ 77.7626183, 30.0033733 ], [ 77.7642262, 30.0044451 ], [ 77.7615685, 30.0086297 ], [ 77.7631288, 30.0104006 ], [ 77.7716822, 30.0149796 ] ] ] } },
{ "type": "Feature", "properties": { "gp_code": "23368", "gp_name": "HASANPUR MADANPUR", "blkname": "BHAGWANPUR", "dtname": "Haridwar", "SHAPE_Area": 8584568.7913483605 }, "geometry": { "type": "Polygon", "coordinates": [ [ [ 77.8095976, 30.0278628 ], [ 77.8112655, 30.0226565 ], [ 77.8124392, 30.0213172 ], [ 77.813356, 30.0179896 ], [ 77.8109749, 30.016379 ], [ 77.8073395, 30.0131501 ], [ 77.8069787, 30.0118399 ], [ 77.802003, 30.0067119 ], [ 77.8024139, 30.0034759 ], [ 77.7983007, 30.0055063 ], [ 77.7979458, 30.004849 ], [ 77.7961096, 30.0049909 ], [ 77.7940088, 30.0025847 ], [ 77.7911435, 30.0039175 ], [ 77.7841256, 30.0062276 ], [ 77.7839046, 30.0058907 ], [ 77.782497, 30.0064785 ], [ 77.7824838, 30.0069048 ], [ 77.7830247, 30.0067333 ], [ 77.7833467, 30.0072748 ], [ 77.7840103, 30.0069689 ], [ 77.7842106, 30.0072899 ], [ 77.7830732, 30.0081692 ], [ 77.783364, 30.0085411 ], [ 77.7843735, 30.0077694 ], [ 77.7846485, 30.0083797 ], [ 77.78368, 30.0087841 ], [ 77.7839358, 30.0091952 ], [ 77.7834256, 30.0095661 ], [ 77.7835458, 30.009876 ], [ 77.78448, 30.0094711 ], [ 77.7846918, 30.0097923 ], [ 77.7843674, 30.0100066 ], [ 77.7845299, 30.0105159 ], [ 77.7839242, 30.0111042 ], [ 77.7842326, 30.0117647 ], [ 77.7856802, 30.01082 ], [ 77.7860101, 30.0115603 ], [ 77.7841447, 30.0123705 ], [ 77.7818695, 30.0191735 ], [ 77.7827563, 30.0238475 ], [ 77.7835559, 30.0255999 ], [ 77.7854921, 30.0278927 ], [ 77.789748, 30.0276357 ], [ 77.791737, 30.0271524 ], [ 77.7929935, 30.026262 ], [ 77.7956334, 30.0234622 ], [ 77.800071, 30.0274311 ], [ 77.8009674, 30.0298493 ], [ 77.8023586, 30.0304385 ], [ 77.8038319, 30.0331961 ], [ 77.8046061, 30.0336492 ], [ 77.8056518, 30.0333074 ], [ 77.8080957, 30.0305208 ], [ 77.8080234, 30.0301593 ], [ 77.8095976, 30.0278628 ] ] ] } },
{ "type": "Feature", "properties": { "gp_code": "23360", "gp_name": "JALALPUR DADA", "blkname": "BHAGWANPUR", "dtname": "Haridwar", "SHAPE_Area": 8436759.490640346 }, "geometry": { "type": "Polygon", "coordinates": [ [ [ 77.8187533, 29.9975726 ], [ 77.8153785, 29.9954859 ], [ 77.8127687, 29.9933739 ], [ 77.8106469, 29.9951297 ], [ 77.8052891, 29.9920443 ], [ 77.8026572, 29.9943395 ], [ 77.8012869, 29.9995184 ], [ 77.8004535, 30.0002513 ], [ 77.8005053, 30.0005727 ], [ 77.8028937, 30.0015675 ], [ 77.8029738, 30.0024363 ], [ 77.8024139, 30.0034759 ], [ 77.802003, 30.0067119 ], [ 77.8069787, 30.0118399 ], [ 77.8073395, 30.0131501 ], [ 77.8109749, 30.016379 ], [ 77.813356, 30.0179896 ], [ 77.8161444, 30.0158492 ], [ 77.8207402, 30.0195993 ], [ 77.8218435, 30.01991 ], [ 77.8224859, 30.0211025 ], [ 77.8261521, 30.0246045 ], [ 77.8297567, 30.0296233 ], [ 77.8307262, 30.0310932 ], [ 77.8315506, 30.033358 ], [ 77.8330971, 30.0356003 ], [ 77.8335569, 30.0344426 ], [ 77.8345681, 30.0339482 ], [ 77.8337894, 30.0331032 ], [ 77.8339521, 30.031775 ], [ 77.833657, 30.030356 ], [ 77.8324036, 30.0284114 ], [ 77.8320397, 30.0269425 ], [ 77.8311302, 30.0216914 ], [ 77.8312583, 30.0187833 ], [ 77.8297773, 30.0183037 ], [ 77.8289051, 30.0160596 ], [ 77.8297686, 30.0109229 ], [ 77.8294228, 30.0084379 ], [ 77.8289884, 30.0074217 ], [ 77.827134, 30.0060296 ], [ 77.8256111, 30.0043819 ], [ 77.8262498, 30.0036886 ], [ 77.8254737, 30.0027102 ], [ 77.8187533, 29.9975726 ] ] ] } },
{ "type": "Feature", "properties": { "gp_code": "", "gp_name": "", "blkname": "BHAGWANPUR", "dtname": "Haridwar", "SHAPE_Area": 4201439.3810568424 }, "geometry": { "type": "Polygon", "coordinates": [ [ [ 77.8446921, 30.0744672 ], [ 77.8466569, 30.0720979 ], [ 77.8482112, 30.0713515 ], [ 77.8498168, 30.071345 ], [ 77.8510389, 30.0707684 ], [ 77.8532222, 30.0689426 ], [ 77.8531195, 30.0683833 ], [ 77.8523616, 30.067662 ], [ 77.8530537, 30.0659659 ], [ 77.8518191, 30.0635855 ], [ 77.8496019, 30.0607959 ], [ 77.8479004, 30.0579914 ], [ 77.8455756, 30.0563064 ], [ 77.845462, 30.0552421 ], [ 77.8428283, 30.0526697 ], [ 77.8414855, 30.049416 ], [ 77.8413384, 30.0483795 ], [ 77.8407154, 30.0474732 ], [ 77.8383371, 30.0511065 ], [ 77.8369523, 30.0538576 ], [ 77.8357192, 30.0554347 ], [ 77.8353801, 30.0573323 ], [ 77.8337984, 30.061832 ], [ 77.8340463, 30.0639704 ], [ 77.8336321, 30.0643124 ], [ 77.8335249, 30.0649435 ], [ 77.8362405, 30.0671047 ], [ 77.8367662, 30.0697853 ], [ 77.838758, 30.0713632 ], [ 77.8392804, 30.0722015 ], [ 77.8446921, 30.0744672 ] ] ] } },
{ "type": "Feature", "properties": { "gp_code": "23372", "gp_name": "KHEDI SHIKOHPUR", "blkname": "BHAGWANPUR", "dtname": "Haridwar", "SHAPE_Area": 30093663.114331264 }, "geometry": { "type": "Polygon", "coordinates": [ [ [ 77.8367662, 30.0697853 ], [ 77.8362405, 30.0671047 ], [ 77.8335249, 30.0649435 ], [ 77.8336321, 30.0643124 ], [ 77.8340463, 30.0639704 ], [ 77.8337984, 30.061832 ], [ 77.8353801, 30.0573323 ], [ 77.8357192, 30.0554347 ], [ 77.8369523, 30.0538576 ], [ 77.8383371, 30.0511065 ], [ 77.8407154, 30.0474732 ], [ 77.8398381, 30.0447297 ], [ 77.8382026, 30.0418927 ], [ 77.8363462, 30.0401985 ], [ 77.8327584, 30.0351802 ], [ 77.8315506, 30.033358 ], [ 77.8307262, 30.0310932 ], [ 77.8261521, 30.0246045 ], [ 77.8224859, 30.0211025 ], [ 77.8218435, 30.01991 ], [ 77.8207402, 30.0195993 ], [ 77.8161444, 30.0158492 ], [ 77.813356, 30.0179896 ], [ 77.8124392, 30.0213172 ], [ 77.8112655, 30.0226565 ], [ 77.8095976, 30.0278628 ], [ 77.8080234, 30.0301593 ], [ 77.8080957, 30.0305208 ], [ 77.8056518, 30.0333074 ], [ 77.8061691, 30.0331358 ], [ 77.8064895, 30.0342202 ], [ 77.8064028, 30.0359417 ], [ 77.7982949, 30.0392074 ], [ 77.7934848, 30.0404326 ], [ 77.7903145, 30.0415906 ], [ 77.7890247, 30.0407062 ], [ 77.7880153, 30.0413509 ], [ 77.7885072, 30.0424386 ], [ 77.7837117, 30.0443374 ], [ 77.7847199, 30.046198 ], [ 77.7846459, 30.0475024 ], [ 77.7836528, 30.0472365 ], [ 77.7826944, 30.0492529 ], [ 77.7821299, 30.0494878 ], [ 77.7823188, 30.0499237 ], [ 77.7804806, 30.0507249 ], [ 77.7856579, 30.0567955 ], [ 77.7884845, 30.058003 ], [ 77.7882072, 30.0588119 ], [ 77.7884676, 30.0589433 ], [ 77.790205, 30.057894 ], [ 77.7904201, 30.0582075 ], [ 77.7925655, 30.0569765 ], [ 77.7925639, 30.0564833 ], [ 77.7928032, 30.0566144 ], [ 77.7945333, 30.0588962 ], [ 77.7951081, 30.0617982 ], [ 77.7984847, 30.0665291 ], [ 77.7986348, 30.067524 ], [ 77.7993038, 30.0682767 ], [ 77.7984765, 30.0700019 ], [ 77.7984208, 30.0718928 ], [ 77.7974773, 30.0722424 ], [ 77.7964118, 30.0751596 ], [ 77.7980375, 30.0745323 ], [ 77.7983495, 30.0746588 ], [ 77.8051606, 30.0803228 ], [ 77.8064311, 30.0793612 ], [ 77.8071039, 30.0793511 ], [ 77.8087151, 30.0805026 ], [ 77.8106732, 30.0796156 ], [ 77.8126134, 30.0816154 ], [ 77.830096, 30.0699549 ], [ 77.8314766, 30.0693942 ], [ 77.8367662, 30.0697853 ] ] ] } },
{ "type": "Feature", "properties": { "gp_code": "23388", "gp_name": "PATTI DADA", "blkname": "BHAGWANPUR", "dtname": "Haridwar", "SHAPE_Area": 3721908.2876697723 }, "geometry": { "type": "Polygon", "coordinates": [ [ [ 77.8061691, 30.0331358 ], [ 77.8041349, 30.0335698 ], [ 77.8025954, 30.0307064 ], [ 77.8009674, 30.0298493 ], [ 77.800071, 30.0274311 ], [ 77.7956334, 30.0234622 ], [ 77.7929935, 30.026262 ], [ 77.791737, 30.0271524 ], [ 77.789748, 30.0276357 ], [ 77.7854921, 30.0278927 ], [ 77.7793776, 30.0306734 ], [ 77.7822815, 30.0350721 ], [ 77.7833563, 30.034999 ], [ 77.7845226, 30.0357996 ], [ 77.786638, 30.0382428 ], [ 77.7889072, 30.0402217 ], [ 77.7890247, 30.0407062 ], [ 77.7903145, 30.0415906 ], [ 77.7934848, 30.0404326 ], [ 77.7982949, 30.0392074 ], [ 77.8064028, 30.0359417 ], [ 77.8064895, 30.0342202 ], [ 77.8061691, 30.0331358 ] ] ] } },
{ "type": "Feature", "properties": { "gp_code": "23385", "gp_name": "MUKARRAMPUR URF KALEWALA", "blkname": "BHAGWANPUR", "dtname": "Haridwar", "SHAPE_Area": 5007299.5252418378 }, "geometry": { "type": "Polygon", "coordinates": [ [ [ 77.8051606, 30.0803228 ], [ 77.7980375, 30.0745323 ], [ 77.7964118, 30.0751596 ], [ 77.7974773, 30.0722424 ], [ 77.7984208, 30.0718928 ], [ 77.7984765, 30.0700019 ], [ 77.7993038, 30.0682767 ], [ 77.7986348, 30.067524 ], [ 77.7984847, 30.0665291 ], [ 77.7951081, 30.0617982 ], [ 77.7945333, 30.0588962 ], [ 77.7928032, 30.0566144 ], [ 77.7925639, 30.0564833 ], [ 77.7925655, 30.0569765 ], [ 77.7904201, 30.0582075 ], [ 77.790205, 30.057894 ], [ 77.7886998, 30.0588918 ], [ 77.7882072, 30.0588119 ], [ 77.7884845, 30.058003 ], [ 77.7856579, 30.0567955 ], [ 77.7804806, 30.0507249 ], [ 77.7823188, 30.0499237 ], [ 77.781803, 30.0488025 ], [ 77.7796425, 30.0497044 ], [ 77.7790264, 30.0483261 ], [ 77.7733888, 30.0510205 ], [ 77.7754551, 30.0545461 ], [ 77.7748179, 30.0552159 ], [ 77.7811297, 30.0604792 ], [ 77.7818656, 30.0624266 ], [ 77.7845238, 30.0665976 ], [ 77.7899159, 30.0718834 ], [ 77.7902689, 30.0734395 ], [ 77.7913516, 30.0744731 ], [ 77.7908416, 30.0750247 ], [ 77.7958211, 30.0798554 ], [ 77.794766, 30.0812528 ], [ 77.7984457, 30.0835524 ], [ 77.7984916, 30.0838973 ], [ 77.800932, 30.0850041 ], [ 77.8048423, 30.0817584 ], [ 77.8042034, 30.0811286 ], [ 77.8051606, 30.0803228 ] ] ] } },
{ "type": "Feature", "properties": { "gp_code": "", "gp_name": "", "blkname": "BHAGWANPUR", "dtname": "Haridwar", "SHAPE_Area": 2474646.7638230463 }, "geometry": { "type": "Polygon", "coordinates": [ [ [ 77.8178689, 30.0878742 ], [ 77.8121866, 30.0833707 ], [ 77.8097005, 30.0821242 ], [ 77.8087151, 30.0805026 ], [ 77.8071039, 30.0793511 ], [ 77.8064311, 30.0793612 ], [ 77.8042034, 30.0811286 ], [ 77.8048423, 30.0817584 ], [ 77.800932, 30.0850041 ], [ 77.7984916, 30.0838973 ], [ 77.7982341, 30.0847286 ], [ 77.7967477, 30.0852773 ], [ 77.7996962, 30.0871946 ], [ 77.7991668, 30.0904711 ], [ 77.8008475, 30.0940363 ], [ 77.801195, 30.0954774 ], [ 77.8058372, 30.0933696 ], [ 77.8090592, 30.0933357 ], [ 77.8104514, 30.0927236 ], [ 77.8130304, 30.0913467 ], [ 77.8159733, 30.0889198 ], [ 77.8178689, 30.0878742 ] ] ] } },
{ "type": "Feature", "properties": { "gp_code": "", "gp_name": "", "blkname": "BHAGWANPUR", "dtname": "Haridwar", "SHAPE_Area": 2405295.3409001259 }, "geometry": { "type": "Polygon", "coordinates": [ [ [ 77.8487037, 30.0846331 ], [ 77.8412851, 30.0803697 ], [ 77.8405328, 30.0796087 ], [ 77.8289823, 30.0854288 ], [ 77.8283163, 30.0860742 ], [ 77.8291831, 30.0873701 ], [ 77.830277, 30.0867849 ], [ 77.8342777, 30.0905153 ], [ 77.8330329, 30.0945788 ], [ 77.8350264, 30.0972254 ], [ 77.8440883, 30.0898043 ], [ 77.8487037, 30.0846331 ] ] ] } },
{ "type": "Feature", "properties": { "gp_code": "245202", "gp_name": "HASANAWALA", "blkname": "BHAGWANPUR", "dtname": "Haridwar", "SHAPE_Area": 4757557.8422530228 }, "geometry": { "type": "Polygon", "coordinates": [ [ [ 77.8283163, 30.0860742 ], [ 77.8289823, 30.0854288 ], [ 77.8375812, 30.0810173 ], [ 77.8405328, 30.0796087 ], [ 77.8410333, 30.0799371 ], [ 77.8423015, 30.0787419 ], [ 77.8446921, 30.0744672 ], [ 77.8392804, 30.0722015 ], [ 77.8374578, 30.0701661 ], [ 77.8364795, 30.0696274 ], [ 77.8314766, 30.0693942 ], [ 77.8285751, 30.0707712 ], [ 77.8126134, 30.0816154 ], [ 77.8106732, 30.0796156 ], [ 77.8087151, 30.0805026 ], [ 77.8097005, 30.0821242 ], [ 77.8121866, 30.0833707 ], [ 77.8184947, 30.0884262 ], [ 77.8216694, 30.0856817 ], [ 77.8283163, 30.0860742 ] ] ] } },
{ "type": "Feature", "properties": { "gp_code": "23352", "gp_name": "BANJARE WALA GRUNT", "blkname": "BHAGWANPUR", "dtname": "Haridwar", "SHAPE_Area": 12138334.154146614 }, "geometry": { "type": "Polygon", "coordinates": [ [ [ 77.9008163, 30.1225215 ], [ 77.8969297, 30.1191596 ], [ 77.8947307, 30.1168235 ], [ 77.8913464, 30.1153111 ], [ 77.8892504, 30.1130063 ], [ 77.8888469, 30.1114277 ], [ 77.8878587, 30.1098115 ], [ 77.8798614, 30.1031739 ], [ 77.8709404, 30.1094473 ], [ 77.8649404, 30.1121693 ], [ 77.8614908, 30.114348 ], [ 77.8660902, 30.119135 ], [ 77.8684162, 30.1268299 ], [ 77.8700993, 30.1283985 ], [ 77.8707817, 30.129509 ], [ 77.8743358, 30.1367678 ], [ 77.8757745, 30.137855 ], [ 77.8768765, 30.1392263 ], [ 77.8772306, 30.1418244 ], [ 77.8800877, 30.1463309 ], [ 77.8803467, 30.1491716 ], [ 77.881177, 30.1507317 ], [ 77.8889289, 30.1573194 ], [ 77.8930248, 30.1624041 ], [ 77.8968068, 30.168295 ], [ 77.8985697, 30.169853 ], [ 77.8996459, 30.171828 ], [ 77.9020344, 30.1741527 ], [ 77.9031705, 30.1732429 ], [ 77.9019927, 30.1718391 ], [ 77.900756, 30.1687917 ], [ 77.8981562, 30.1650117 ], [ 77.8955225, 30.1622899 ], [ 77.8930749, 30.1604742 ], [ 77.8916085, 30.1579323 ], [ 77.8897466, 30.1567807 ], [ 77.8892552, 30.1561591 ], [ 77.888332, 30.1539921 ], [ 77.8872298, 30.1530324 ], [ 77.8851976, 30.1500673 ], [ 77.8851989, 30.1483934 ], [ 77.8837615, 30.1467008 ], [ 77.8827519, 30.1433673 ], [ 77.8813777, 30.1416892 ], [ 77.8810755, 30.1401901 ], [ 77.8815055, 30.1377278 ], [ 77.9008163, 30.1225215 ] ] ] } },
{ "type": "Feature", "properties": { "gp_code": "", "gp_name": "", "blkname": "BHAGWANPUR", "dtname": "Haridwar", "SHAPE_Area": 223087187.30986899 }, "geometry": { "type": "Polygon", "coordinates": [ [ [ 77.9617136, 30.2420182 ], [ 77.9607199, 30.2408993 ], [ 77.9605567, 30.2386093 ], [ 77.959464, 30.2379471 ], [ 77.9590803, 30.2349985 ], [ 77.957991, 30.2344942 ], [ 77.9580978, 30.2332157 ], [ 77.9557504, 30.2317158 ], [ 77.9555624, 30.2310472 ], [ 77.9557845, 30.2305738 ], [ 77.9583114, 30.2282452 ], [ 77.9605256, 30.2281165 ], [ 77.9612195, 30.2273745 ], [ 77.9614514, 30.2262749 ], [ 77.9624359, 30.2254242 ], [ 77.9636193, 30.2237177 ], [ 77.9650206, 30.2231425 ], [ 77.9658529, 30.2234494 ], [ 77.968881, 30.2202011 ], [ 77.9715387, 30.2209672 ], [ 77.9722526, 30.2210334 ], [ 77.9732825, 30.2206169 ], [ 77.9751853, 30.2183937 ], [ 77.9743881, 30.2177442 ], [ 77.9735974, 30.2159995 ], [ 77.9742545, 30.2131751 ], [ 77.9754149, 30.2132993 ], [ 77.9777182, 30.2117887 ], [ 77.9778222, 30.2098795 ], [ 77.9781298, 30.2093447 ], [ 77.979491, 30.209543 ], [ 77.9801326, 30.2092523 ], [ 77.9815388, 30.2062931 ], [ 77.9832525, 30.2053829 ], [ 77.9836723, 30.2039418 ], [ 77.985144, 30.2038664 ], [ 77.9859021, 30.2043059 ], [ 77.9858903, 30.2033932 ], [ 77.9866871, 30.2023031 ], [ 77.9862936, 30.2017357 ], [ 77.9867867, 30.2003275 ], [ 77.9867172, 30.199654 ], [ 77.9891535, 30.1975237 ], [ 77.9893469, 30.1962772 ], [ 77.9905257, 30.1960742 ], [ 77.9908977, 30.1958707 ], [ 77.9907984, 30.1956046 ], [ 77.9913535, 30.1954884 ], [ 77.991005, 30.1946986 ], [ 77.9917667, 30.1935336 ], [ 77.9919869, 30.1919625 ], [ 77.9926267, 30.1914857 ], [ 77.9930615, 30.1897703 ], [ 77.9941091, 30.1894928 ], [ 77.9955701, 30.1879933 ], [ 77.9969186, 30.1856073 ], [ 77.9975402, 30.185429 ], [ 77.9986403, 30.1844217 ], [ 78.0002481, 30.1817312 ], [ 78.000271, 30.1809263 ], [ 78.0010696, 30.1808563 ], [ 78.0024565, 30.1782049 ], [ 78.0045799, 30.1759968 ], [ 78.0062619, 30.1722535 ], [ 78.0082708, 30.1695614 ], [ 78.0082952, 30.1687365 ], [ 78.0099045, 30.1653577 ], [ 78.0111278, 30.1636076 ], [ 78.0112353, 30.1619335 ], [ 78.0122586, 30.1602586 ], [ 78.0144708, 30.1516524 ], [ 78.015173, 30.1499566 ], [ 78.01442, 30.1478518 ], [ 78.0147517, 30.1472133 ], [ 78.015759, 30.1465132 ], [ 78.0169629, 30.144586 ], [ 78.0185604, 30.1431527 ], [ 78.019555, 30.1412509 ], [ 78.0208468, 30.1408336 ], [ 78.0213959, 30.1396528 ], [ 78.0229895, 30.1384568 ], [ 78.0239245, 30.1372528 ], [ 78.0238497, 30.1359107 ], [ 78.0241949, 30.135426 ], [ 78.0265492, 30.133862 ], [ 78.0268306, 30.1333485 ], [ 78.0270842, 30.1295655 ], [ 78.02772, 30.1289865 ], [ 78.0276326, 30.1274347 ], [ 78.0283427, 30.1262279 ], [ 78.029618, 30.1219191 ], [ 78.0311469, 30.1207096 ], [ 78.0315255, 30.1200255 ], [ 78.0327496, 30.1197123 ], [ 78.0321013, 30.1191154 ], [ 78.0320725, 30.1185008 ], [ 78.0328467, 30.1172734 ], [ 78.0320226, 30.1161779 ], [ 78.0328098, 30.1147487 ], [ 78.0325404, 30.1140554 ], [ 78.0329004, 30.1133277 ], [ 78.0327259, 30.1121477 ], [ 78.033127, 30.1106632 ], [ 78.0357671, 30.1107288 ], [ 78.0359173, 30.1104109 ], [ 78.0354587, 30.1094545 ], [ 78.035191, 30.1073701 ], [ 78.0361872, 30.1061876 ], [ 78.0366418, 30.1047767 ], [ 78.0327527, 30.103826 ], [ 78.031511, 30.1026853 ], [ 78.0295508, 30.1030953 ], [ 78.0280383, 30.1022625 ], [ 78.0276973, 30.1011926 ], [ 78.0261729, 30.1011037 ], [ 78.0258346, 30.1005767 ], [ 78.0246741, 30.1001403 ], [ 78.0218206, 30.1000451 ], [ 78.0206212, 30.0984419 ], [ 78.0205334, 30.0967216 ], [ 78.0193492, 30.0948973 ], [ 78.0171394, 30.0935934 ], [ 78.0159161, 30.0934779 ], [ 78.0146036, 30.0895909 ], [ 78.0120687, 30.0869657 ], [ 78.0110457, 30.0866113 ], [ 78.0115385, 30.0854511 ], [ 78.0093105, 30.0838551 ], [ 78.007605, 30.0835527 ], [ 78.0053002, 30.0825559 ], [ 78.0036799, 30.0824597 ], [ 78.0027072, 30.0835088 ], [ 78.0012328, 30.0841389 ], [ 77.9998915, 30.0857546 ], [ 77.999213, 30.0859598 ], [ 77.9986736, 30.0857846 ], [ 77.9982554, 30.0839301 ], [ 77.9976784, 30.0834136 ], [ 77.9958878, 30.0834213 ], [ 77.9945811, 30.0841018 ], [ 77.9902055, 30.0834784 ], [ 77.9888031, 30.082652 ], [ 77.9824621, 30.0803784 ], [ 77.9808536, 30.0792646 ], [ 77.9781733, 30.0771187 ], [ 77.9766408, 30.0747998 ], [ 77.9754167, 30.0736084 ], [ 77.9720178, 30.0717232 ], [ 77.970247, 30.0700231 ], [ 77.9679516, 30.0693425 ], [ 77.9671227, 30.0687254 ], [ 77.9659892, 30.0670107 ], [ 77.9645915, 30.0628053 ], [ 77.9631474, 30.0626973 ], [ 77.9610121, 30.0593972 ], [ 77.9588718, 30.0580317 ], [ 77.957809, 30.0553233 ], [ 77.9548713, 30.0538382 ], [ 77.9546938, 30.0528045 ], [ 77.9538935, 30.0518797 ], [ 77.9538163, 30.0504271 ], [ 77.9532498, 30.0493602 ], [ 77.9531827, 30.048275 ], [ 77.9499231, 30.0459204 ], [ 77.9491539, 30.0438692 ], [ 77.9466938, 30.0412702 ], [ 77.9466881, 30.0403977 ], [ 77.9475163, 30.0388212 ], [ 77.9473932, 30.0382237 ], [ 77.9467941, 30.0362424 ], [ 77.9447739, 30.0339782 ], [ 77.9447691, 30.033134 ], [ 77.9393462, 30.0339492 ], [ 77.9370043, 30.0313787 ], [ 77.936519, 30.0314986 ], [ 77.9371572, 30.0335862 ], [ 77.9365314, 30.0346811 ], [ 77.9354602, 30.0355635 ], [ 77.9373025, 30.0390795 ], [ 77.9383307, 30.0391846 ], [ 77.9387311, 30.0404994 ], [ 77.9381929, 30.0410899 ], [ 77.9391811, 30.0430994 ], [ 77.9400625, 30.0433441 ], [ 77.9418263, 30.0453744 ], [ 77.9439111, 30.0470531 ], [ 77.9450881, 30.0488663 ], [ 77.95136, 30.0532779 ], [ 77.9324746, 30.0728077 ], [ 77.9249227, 30.0623975 ], [ 77.923262, 30.0640937 ], [ 77.9197449, 30.065762 ], [ 77.9153623, 30.0706228 ], [ 77.9156397, 30.0730429 ], [ 77.9162673, 30.0743649 ], [ 77.9181876, 30.0768146 ], [ 77.9195962, 30.0779754 ], [ 77.9195671, 30.078776 ], [ 77.9224091, 30.0775194 ], [ 77.9239943, 30.0780359 ], [ 77.9249256, 30.0791604 ], [ 77.9276263, 30.0805648 ], [ 77.9270753, 30.0813944 ], [ 77.9277567, 30.082656 ], [ 77.9274269, 30.0831488 ], [ 77.9295822, 30.0879505 ], [ 77.9263717, 30.0926479 ], [ 77.9244183, 30.0940876 ], [ 77.9231622, 30.0943208 ], [ 77.9306553, 30.100561 ], [ 77.9008163, 30.1225215 ], [ 77.8840121, 30.1356329 ], [ 77.8815055, 30.1377278 ], [ 77.8810755, 30.1401901 ], [ 77.8813777, 30.1416892 ], [ 77.8827519, 30.1433673 ], [ 77.8837615, 30.1467008 ], [ 77.8851989, 30.1483934 ], [ 77.8851976, 30.1500673 ], [ 77.8872298, 30.1530324 ], [ 77.888332, 30.1539921 ], [ 77.8892552, 30.1561591 ], [ 77.8897466, 30.1567807 ], [ 77.8916085, 30.1579323 ], [ 77.8930749, 30.1604742 ], [ 77.8955225, 30.1622899 ], [ 77.8981562, 30.1650117 ], [ 77.900756, 30.1687917 ], [ 77.9019927, 30.1718391 ], [ 77.9031705, 30.1732429 ], [ 77.9020344, 30.1741527 ], [ 77.9087435, 30.1785945 ], [ 77.9120188, 30.1825312 ], [ 77.9121211, 30.1839475 ], [ 77.9115503, 30.1852143 ], [ 77.9117472, 30.1866455 ], [ 77.9130197, 30.1886751 ], [ 77.9134219, 30.1899611 ], [ 77.9148257, 30.1915621 ], [ 77.9134526, 30.193994 ], [ 77.9139338, 30.1964708 ], [ 77.914991, 30.1997548 ], [ 77.9180222, 30.2030696 ], [ 77.9171325, 30.2041019 ], [ 77.9172575, 30.2047922 ], [ 77.9181237, 30.2060383 ], [ 77.9177372, 30.2072171 ], [ 77.9183729, 30.2085161 ], [ 77.9183572, 30.2102217 ], [ 77.9189352, 30.2112787 ], [ 77.9231483, 30.2132779 ], [ 77.927968, 30.2131005 ], [ 77.9296717, 30.2138667 ], [ 77.9311703, 30.2139238 ], [ 77.9321349, 30.214388 ], [ 77.9331134, 30.2154928 ], [ 77.933534, 30.2169519 ], [ 77.9348021, 30.2192772 ], [ 77.9379281, 30.2208378 ], [ 77.938456, 30.2220569 ], [ 77.9383855, 30.2243431 ], [ 77.9398518, 30.2252611 ], [ 77.9411614, 30.2278765 ], [ 77.9418174, 30.2282665 ], [ 77.943591, 30.228504 ], [ 77.9460213, 30.2303599 ], [ 77.9462945, 30.2312743 ], [ 77.9461568, 30.2326809 ], [ 77.9469246, 30.2340565 ], [ 77.9498468, 30.2350542 ], [ 77.9506268, 30.2361257 ], [ 77.9513481, 30.2364507 ], [ 77.9525839, 30.2382905 ], [ 77.9541701, 30.2388752 ], [ 77.9549499, 30.2401079 ], [ 77.9562317, 30.2402875 ], [ 77.9580025, 30.2422361 ], [ 77.9591648, 30.2419239 ], [ 77.9616973, 30.2423693 ], [ 77.9617136, 30.2420182 ] ] ] } },
{ "type": "Feature", "properties": { "gp_code": "", "gp_name": "", "blkname": "BHAGWANPUR", "dtname": "Haridwar", "SHAPE_Area": 1771211.0861304605 }, "geometry": { "type": "Polygon", "coordinates": [ [ [ 77.9195671, 30.078776 ], [ 77.9196289, 30.0799642 ], [ 77.918831, 30.0844779 ], [ 77.9197117, 30.0903509 ], [ 77.9229337, 30.0941496 ], [ 77.9244183, 30.0940876 ], [ 77.9263717, 30.0926479 ], [ 77.9295822, 30.0879505 ], [ 77.9274269, 30.0831488 ], [ 77.9277567, 30.082656 ], [ 77.9270753, 30.0813944 ], [ 77.9276263, 30.0805648 ], [ 77.9249256, 30.0791604 ], [ 77.9239943, 30.0780359 ], [ 77.9224091, 30.0775194 ], [ 77.9195671, 30.078776 ] ] ] } },
{ "type": "Feature", "properties": { "gp_code": "", "gp_name": "", "blkname": "BHAGWANPUR", "dtname": "Haridwar", "SHAPE_Area": 1236506.6086874616 }, "geometry": { "type": "Polygon", "coordinates": [ [ [ 77.9196289, 30.0799642 ], [ 77.9195962, 30.0779754 ], [ 77.9181876, 30.0768146 ], [ 77.9162673, 30.0743649 ], [ 77.9156397, 30.0730429 ], [ 77.9153623, 30.0706228 ], [ 77.913204, 30.0789196 ], [ 77.91002, 30.0855821 ], [ 77.9134248, 30.0862422 ], [ 77.9161854, 30.0871945 ], [ 77.9178382, 30.0882829 ], [ 77.9197117, 30.0903509 ], [ 77.918831, 30.0844779 ], [ 77.9196289, 30.0799642 ] ] ] } },
{ "type": "Feature", "properties": { "gp_code": "23387", "gp_name": "NAUKARA GRUNT", "blkname": "BHAGWANPUR", "dtname": "Haridwar", "SHAPE_Area": 11747302.938027212 }, "geometry": { "type": "Polygon", "coordinates": [ [ [ 77.9231622, 30.0943208 ], [ 77.9173828, 30.0878862 ], [ 77.9149156, 30.0866972 ], [ 77.91002, 30.0855821 ], [ 77.913204, 30.0789196 ], [ 77.9153623, 30.0706228 ], [ 77.9146919, 30.069897 ], [ 77.914086, 30.067647 ], [ 77.9134098, 30.066377 ], [ 77.9119823, 30.0650973 ], [ 77.8995915, 30.056704 ], [ 77.8996736, 30.0589413 ], [ 77.8989858, 30.061588 ], [ 77.8994572, 30.0650788 ], [ 77.8977611, 30.0688146 ], [ 77.8987213, 30.071232 ], [ 77.8981868, 30.0721869 ], [ 77.8983473, 30.0764276 ], [ 77.8969015, 30.0811584 ], [ 77.8969851, 30.085849 ], [ 77.8944032, 30.0873185 ], [ 77.8938678, 30.0892035 ], [ 77.8947565, 30.0897844 ], [ 77.8958285, 30.0915366 ], [ 77.8977245, 30.093252 ], [ 77.9010369, 30.0949737 ], [ 77.9021019, 30.0951525 ], [ 77.9035013, 30.0949157 ], [ 77.903755, 30.0951889 ], [ 77.9034032, 30.0966233 ], [ 77.9036351, 30.097166 ], [ 77.9069689, 30.0996674 ], [ 77.9077587, 30.1008318 ], [ 77.9090014, 30.1017022 ], [ 77.9097426, 30.1026861 ], [ 77.9133905, 30.1049665 ], [ 77.913868, 30.1062618 ], [ 77.9148946, 30.1076989 ], [ 77.9151994, 30.109022 ], [ 77.9150453, 30.1099793 ], [ 77.916998, 30.1106489 ], [ 77.9306553, 30.100561 ], [ 77.9231622, 30.0943208 ] ] ] } },
{ "type": "Feature", "properties": { "gp_code": "23393", "gp_name": "SHAHEED WALA GRANT", "blkname": "BHAGWANPUR", "dtname": "Haridwar", "SHAPE_Area": 7894138.1570682693 }, "geometry": { "type": "Polygon", "coordinates": [ [ [ 77.916998, 30.1106489 ], [ 77.9150453, 30.1099793 ], [ 77.9151994, 30.109022 ], [ 77.9148946, 30.1076989 ], [ 77.913868, 30.1062618 ], [ 77.9133905, 30.1049665 ], [ 77.9097426, 30.1026861 ], [ 77.9090014, 30.1017022 ], [ 77.9077587, 30.1008318 ], [ 77.9069689, 30.0996674 ], [ 77.9036351, 30.097166 ], [ 77.9034032, 30.0966233 ], [ 77.903755, 30.0951889 ], [ 77.9035013, 30.0949157 ], [ 77.9021019, 30.0951525 ], [ 77.9010369, 30.0949737 ], [ 77.8977245, 30.093252 ], [ 77.8965426, 30.0920703 ], [ 77.8929258, 30.0960992 ], [ 77.8873481, 30.1009715 ], [ 77.8855776, 30.1017726 ], [ 77.8820714, 30.1023635 ], [ 77.8798614, 30.1031739 ], [ 77.8878587, 30.1098115 ], [ 77.8888469, 30.1114277 ], [ 77.8892504, 30.1130063 ], [ 77.8913464, 30.1153111 ], [ 77.8947307, 30.1168235 ], [ 77.8969297, 30.1191596 ], [ 77.9008163, 30.1225215 ], [ 77.916998, 30.1106489 ] ] ] } },
{ "type": "Feature", "properties": { "gp_code": "23364", "gp_name": "FATEHULLAHPUR TELPURA", "blkname": "BHAGWANPUR", "dtname": "Haridwar", "SHAPE_Area": 4296634.6176261641 }, "geometry": { "type": "Polygon", "coordinates": [ [ [ 77.8487037, 30.0846331 ], [ 77.8440883, 30.0898043 ], [ 77.8350264, 30.0972254 ], [ 77.8366148, 30.0984379 ], [ 77.835958, 30.0995513 ], [ 77.8360855, 30.1004217 ], [ 77.8357776, 30.1009968 ], [ 77.8364576, 30.1016057 ], [ 77.8365426, 30.1031945 ], [ 77.8368228, 30.1035187 ], [ 77.8382316, 30.1033204 ], [ 77.8385178, 30.102621 ], [ 77.8393371, 30.1027664 ], [ 77.8396635, 30.1024914 ], [ 77.8402978, 30.102986 ], [ 77.8409995, 30.103047 ], [ 77.8416055, 30.1026525 ], [ 77.8419798, 30.1027526 ], [ 77.8419634, 30.1032353 ], [ 77.843033, 30.1038956 ], [ 77.8437975, 30.1036337 ], [ 77.8446462, 30.1039307 ], [ 77.8451352, 30.10374 ], [ 77.8451522, 30.1043366 ], [ 77.846731, 30.104548 ], [ 77.8471056, 30.1041856 ], [ 77.8479212, 30.1041353 ], [ 77.8494759, 30.1048515 ], [ 77.8510763, 30.1041058 ], [ 77.8561298, 30.1001447 ], [ 77.8581142, 30.0965077 ], [ 77.8582256, 30.0957904 ], [ 77.8577192, 30.0919059 ], [ 77.8568486, 30.0897757 ], [ 77.8546814, 30.0869312 ], [ 77.8514854, 30.0853548 ], [ 77.8487037, 30.0846331 ] ] ] } },
{ "type": "Feature", "properties": { "gp_code": "", "gp_name": "", "blkname": "BHAGWANPUR", "dtname": "Haridwar", "SHAPE_Area": 15528016.335951861 }, "geometry": { "type": "Polygon", "coordinates": [ [ [ 77.8798614, 30.1031739 ], [ 77.8820714, 30.1023635 ], [ 77.8855776, 30.1017726 ], [ 77.8873481, 30.1009715 ], [ 77.8929258, 30.0960992 ], [ 77.8965426, 30.0920703 ], [ 77.8958285, 30.0915366 ], [ 77.8947565, 30.0897844 ], [ 77.8914962, 30.0881087 ], [ 77.8912689, 30.0853035 ], [ 77.8896152, 30.0843381 ], [ 77.8884872, 30.0830829 ], [ 77.884563, 30.0829568 ], [ 77.8827464, 30.0814494 ], [ 77.881261, 30.0816997 ], [ 77.8796922, 30.0827882 ], [ 77.8791925, 30.0838008 ], [ 77.8782652, 30.084643 ], [ 77.8775942, 30.0826109 ], [ 77.875753, 30.0805486 ], [ 77.8729286, 30.0808546 ], [ 77.871549, 30.0798602 ], [ 77.8706956, 30.0800024 ], [ 77.8694588, 30.0791076 ], [ 77.8676926, 30.0791123 ], [ 77.864759, 30.0774768 ], [ 77.8638474, 30.0772696 ], [ 77.8608952, 30.0780813 ], [ 77.8596979, 30.077689 ], [ 77.8574169, 30.0791302 ], [ 77.855178, 30.0786264 ], [ 77.8455061, 30.0734184 ], [ 77.8423015, 30.0787419 ], [ 77.8410333, 30.0799371 ], [ 77.8412851, 30.0803697 ], [ 77.8483324, 30.084503 ], [ 77.8514854, 30.0853548 ], [ 77.8546814, 30.0869312 ], [ 77.8568486, 30.0897757 ], [ 77.8577192, 30.0919059 ], [ 77.8580899, 30.0940133 ], [ 77.8581142, 30.0965077 ], [ 77.8561298, 30.1001447 ], [ 77.8510763, 30.1041058 ], [ 77.8494759, 30.1048515 ], [ 77.8497057, 30.105802 ], [ 77.8532378, 30.1069884 ], [ 77.8541734, 30.1081436 ], [ 77.8569082, 30.110129 ], [ 77.8614908, 30.114348 ], [ 77.8649404, 30.1121693 ], [ 77.8709404, 30.1094473 ], [ 77.8798614, 30.1031739 ] ] ] } },
{ "type": "Feature", "properties": { "gp_code": "23395", "gp_name": "SIKRAUDHA", "blkname": "BHAGWANPUR", "dtname": "Haridwar", "SHAPE_Area": 27435437.175899338 }, "geometry": { "type": "Polygon", "coordinates": [ [ [ 77.8426478, 30.0216622 ], [ 77.845616, 30.0196169 ], [ 77.8458258, 30.0212812 ], [ 77.8472522, 30.02417 ], [ 77.8465606, 30.027059 ], [ 77.8455533, 30.0287957 ], [ 77.8479333, 30.0288718 ], [ 77.8507501, 30.0317712 ], [ 77.8536489, 30.0326377 ], [ 77.8553815, 30.0340755 ], [ 77.8566962, 30.0340126 ], [ 77.8585033, 30.0354192 ], [ 77.8596024, 30.0344609 ], [ 77.8565509, 30.0296212 ], [ 77.8549504, 30.0291016 ], [ 77.854939, 30.0276383 ], [ 77.8542529, 30.0266645 ], [ 77.8545404, 30.0250444 ], [ 77.8540944, 30.0235673 ], [ 77.854484, 30.0224469 ], [ 77.8513092, 30.0172836 ], [ 77.8540662, 30.0172558 ], [ 77.8566058, 30.0190742 ], [ 77.8583603, 30.0192422 ], [ 77.8594322, 30.0203658 ], [ 77.8621592, 30.0209967 ], [ 77.8619282, 30.0220468 ], [ 77.8629654, 30.0230414 ], [ 77.8698935, 30.0235828 ], [ 77.8668809, 30.0196923 ], [ 77.8703122, 30.0186521 ], [ 77.8708516, 30.0195435 ], [ 77.8698139, 30.0196425 ], [ 77.8700984, 30.0203054 ], [ 77.8710392, 30.0204625 ], [ 77.8703093, 30.0246736 ], [ 77.8713265, 30.024687 ], [ 77.8716339, 30.0282927 ], [ 77.8728333, 30.0306076 ], [ 77.8711281, 30.0313168 ], [ 77.8719427, 30.0323566 ], [ 77.8735805, 30.0317993 ], [ 77.8729341, 30.0306168 ], [ 77.8750577, 30.0296684 ], [ 77.8759268, 30.0305899 ], [ 77.875827, 30.0317086 ], [ 77.8748432, 30.0343094 ], [ 77.8749844, 30.0350661 ], [ 77.8773035, 30.0374312 ], [ 77.8780695, 30.0377273 ], [ 77.8792887, 30.0370194 ], [ 77.8790028, 30.0349379 ], [ 77.8822048, 30.032394 ], [ 77.8832752, 30.033307 ], [ 77.8831051, 30.0338417 ], [ 77.8848883, 30.0346355 ], [ 77.8849875, 30.0351038 ], [ 77.884482, 30.036428 ], [ 77.885391, 30.0369827 ], [ 77.8868319, 30.0346207 ], [ 77.8740857, 30.0211176 ], [ 77.874895, 30.0196837 ], [ 77.8763854, 30.0192727 ], [ 77.8761483, 30.0186902 ], [ 77.8762354, 30.0168426 ], [ 77.8748126, 30.0100193 ], [ 77.8748774, 30.0095203 ], [ 77.8765586, 30.0081443 ], [ 77.8749859, 30.003001 ], [ 77.8732327, 30.0001415 ], [ 77.8734774, 29.9964493 ], [ 77.87034, 29.9962132 ], [ 77.868491, 29.9965725 ], [ 77.8606977, 29.9999021 ], [ 77.8584023, 30.0013837 ], [ 77.8576004, 30.0004756 ], [ 77.8566176, 29.9975718 ], [ 77.8563218, 29.9940087 ], [ 77.8486448, 29.9873047 ], [ 77.8451218, 29.9881516 ], [ 77.8433612, 29.9881915 ], [ 77.8425078, 29.9876384 ], [ 77.8414486, 29.9854247 ], [ 77.8405179, 29.9845238 ], [ 77.838257, 29.9852639 ], [ 77.8366003, 29.986523 ], [ 77.8349661, 29.9860638 ], [ 77.8336305, 29.984106 ], [ 77.8332196, 29.9850634 ], [ 77.8326176, 29.9854625 ], [ 77.832008, 29.9849026 ], [ 77.8305011, 29.9846309 ], [ 77.8287919, 29.9846511 ], [ 77.8280662, 29.9851431 ], [ 77.8278249, 29.9872176 ], [ 77.8271976, 29.9888806 ], [ 77.8274729, 29.9901548 ], [ 77.8266641, 29.9948949 ], [ 77.8237702, 29.9946534 ], [ 77.823129, 29.9942803 ], [ 77.821685, 29.9958734 ], [ 77.8187533, 29.9975726 ], [ 77.8254737, 30.0027102 ], [ 77.8262498, 30.0036886 ], [ 77.8256111, 30.0043819 ], [ 77.827134, 30.0060296 ], [ 77.8289884, 30.0074217 ], [ 77.8294228, 30.0084379 ], [ 77.8297686, 30.0109229 ], [ 77.8289051, 30.0160596 ], [ 77.8297773, 30.0183037 ], [ 77.8312583, 30.0187833 ], [ 77.8311302, 30.0216914 ], [ 77.8320397, 30.0269425 ], [ 77.8324036, 30.0284114 ], [ 77.833657, 30.030356 ], [ 77.8339521, 30.031775 ], [ 77.8337894, 30.0331032 ], [ 77.8345681, 30.0339482 ], [ 77.8335569, 30.0344426 ], [ 77.8330971, 30.0356003 ], [ 77.8363462, 30.0401985 ], [ 77.8378099, 30.0413866 ], [ 77.839112, 30.0433086 ], [ 77.8428283, 30.0526697 ], [ 77.845462, 30.0552421 ], [ 77.8455756, 30.0563064 ], [ 77.8479004, 30.0579914 ], [ 77.8496019, 30.0607959 ], [ 77.8518191, 30.0635855 ], [ 77.8530537, 30.0659659 ], [ 77.8537649, 30.063155 ], [ 77.8538733, 30.0607448 ], [ 77.8529069, 30.0554339 ], [ 77.8475792, 30.0513231 ], [ 77.8445289, 30.0499422 ], [ 77.8427547, 30.0485829 ], [ 77.8406144, 30.0418051 ], [ 77.8404346, 30.0402923 ], [ 77.8441007, 30.0372213 ], [ 77.8444136, 30.0358048 ], [ 77.8438752, 30.0349103 ], [ 77.8438714, 30.0329703 ], [ 77.842416, 30.0280021 ], [ 77.8437788, 30.0273128 ], [ 77.8446286, 30.0263273 ], [ 77.844884, 30.0249559 ], [ 77.8447207, 30.0237157 ], [ 77.8435406, 30.023491 ], [ 77.8426478, 30.0216622 ] ] ] } },
{ "type": "Feature", "properties": { "gp_code": "", "gp_name": "", "blkname": "BHAGWANPUR", "dtname": "Haridwar", "SHAPE_Area": 57897109.057748489 }, "geometry": { "type": "Polygon", "coordinates": [ [ [ 77.9153623, 30.0706228 ], [ 77.9197449, 30.065762 ], [ 77.923262, 30.0640937 ], [ 77.9249227, 30.0623975 ], [ 77.9208844, 30.0560879 ], [ 77.9065373, 30.0458888 ], [ 77.9064733, 30.0405601 ], [ 77.9094833, 30.0362724 ], [ 77.9103413, 30.0343055 ], [ 77.9101494, 30.0325816 ], [ 77.9115063, 30.0279814 ], [ 77.9116156, 30.0263979 ], [ 77.9125119, 30.0237314 ], [ 77.9142737, 30.0155279 ], [ 77.9153035, 30.0134799 ], [ 77.9155188, 30.011005 ], [ 77.9169289, 30.0093784 ], [ 77.9148598, 30.0081442 ], [ 77.9144482, 30.0074895 ], [ 77.914308, 30.0067929 ], [ 77.9148784, 30.0053719 ], [ 77.9148813, 30.0040821 ], [ 77.9121603, 30.0020906 ], [ 77.9127681, 30.0011323 ], [ 77.9097667, 29.9982659 ], [ 77.9072659, 29.9973658 ], [ 77.9067411, 29.9968687 ], [ 77.9068898, 29.9962187 ], [ 77.9079478, 29.9953625 ], [ 77.9084612, 29.9943197 ], [ 77.9114064, 29.9961148 ], [ 77.9127478, 29.9935185 ], [ 77.9118978, 29.9900078 ], [ 77.9100222, 29.9858039 ], [ 77.910163, 29.984791 ], [ 77.9098803, 29.983702 ], [ 77.9079846, 29.9783686 ], [ 77.9053755, 29.9753131 ], [ 77.9028022, 29.973161 ], [ 77.9021545, 29.9742477 ], [ 77.9031139, 29.9746269 ], [ 77.9039095, 29.9757542 ], [ 77.9039176, 29.9781074 ], [ 77.9026888, 29.9788033 ], [ 77.9022776, 29.9786406 ], [ 77.9013995, 29.9790221 ], [ 77.8995903, 29.9801652 ], [ 77.9004561, 29.9847137 ], [ 77.8986494, 29.985953 ], [ 77.8966464, 29.9883407 ], [ 77.8968608, 29.9889593 ], [ 77.896652, 29.9893536 ], [ 77.8959309, 29.9896505 ], [ 77.896462, 29.99227 ], [ 77.89502, 29.9925459 ], [ 77.8957876, 29.9935368 ], [ 77.8952227, 29.9946555 ], [ 77.8939813, 29.9949945 ], [ 77.894306, 29.9956835 ], [ 77.8937253, 29.9962273 ], [ 77.8939682, 29.9975389 ], [ 77.8930972, 29.9987817 ], [ 77.893998, 30.0027732 ], [ 77.8945362, 30.003825 ], [ 77.893546, 30.0064447 ], [ 77.8955039, 30.0091494 ], [ 77.8963952, 30.0115134 ], [ 77.8949729, 30.0158786 ], [ 77.8963243, 30.0179916 ], [ 77.89713, 30.0206579 ], [ 77.8970706, 30.0221689 ], [ 77.8956001, 30.0246422 ], [ 77.8932763, 30.0256626 ], [ 77.885391, 30.0369827 ], [ 77.884482, 30.036428 ], [ 77.8849875, 30.0351038 ], [ 77.8848883, 30.0346355 ], [ 77.8831051, 30.0338417 ], [ 77.8832752, 30.033307 ], [ 77.8822048, 30.032394 ], [ 77.8790028, 30.0349379 ], [ 77.8792887, 30.0370194 ], [ 77.8780695, 30.0377273 ], [ 77.8773035, 30.0374312 ], [ 77.8749844, 30.0350661 ], [ 77.8748432, 30.0343094 ], [ 77.875827, 30.0317086 ], [ 77.8759268, 30.0305899 ], [ 77.8750577, 30.0296684 ], [ 77.8729341, 30.0306168 ], [ 77.8735805, 30.0317993 ], [ 77.8719427, 30.0323566 ], [ 77.8711281, 30.0313168 ], [ 77.8728333, 30.0306076 ], [ 77.8716339, 30.0282927 ], [ 77.8713265, 30.024687 ], [ 77.8703093, 30.0246736 ], [ 77.8710392, 30.0204625 ], [ 77.8700984, 30.0203054 ], [ 77.8698139, 30.0196425 ], [ 77.8708516, 30.0195435 ], [ 77.8703122, 30.0186521 ], [ 77.8668809, 30.0196923 ], [ 77.8698935, 30.0235828 ], [ 77.8629654, 30.0230414 ], [ 77.8619282, 30.0220468 ], [ 77.8621592, 30.0209967 ], [ 77.8594322, 30.0203658 ], [ 77.8583603, 30.0192422 ], [ 77.8566058, 30.0190742 ], [ 77.8540662, 30.0172558 ], [ 77.8526264, 30.017076 ], [ 77.8513092, 30.0172836 ], [ 77.854484, 30.0224469 ], [ 77.8540944, 30.0235673 ], [ 77.8545404, 30.0250444 ], [ 77.8542529, 30.0266645 ], [ 77.854939, 30.0276383 ], [ 77.8549504, 30.0291016 ], [ 77.8565509, 30.0296212 ], [ 77.8596024, 30.0344609 ], [ 77.8585033, 30.0354192 ], [ 77.8566962, 30.0340126 ], [ 77.8553815, 30.0340755 ], [ 77.8536489, 30.0326377 ], [ 77.8507501, 30.0317712 ], [ 77.8479333, 30.0288718 ], [ 77.8455533, 30.0287957 ], [ 77.8465606, 30.027059 ], [ 77.8472522, 30.02417 ], [ 77.8458258, 30.0212812 ], [ 77.8454234, 30.0195284 ], [ 77.8426478, 30.0216622 ], [ 77.8435406, 30.023491 ], [ 77.8447207, 30.0237157 ], [ 77.844884, 30.0249559 ], [ 77.8446286, 30.0263273 ], [ 77.8437788, 30.0273128 ], [ 77.842416, 30.0280021 ], [ 77.8438714, 30.0329703 ], [ 77.8438752, 30.0349103 ], [ 77.8444136, 30.0358048 ], [ 77.8441007, 30.0372213 ], [ 77.8404346, 30.0402923 ], [ 77.8406144, 30.0418051 ], [ 77.8427547, 30.0485829 ], [ 77.8445289, 30.0499422 ], [ 77.8475792, 30.0513231 ], [ 77.8529069, 30.0554339 ], [ 77.8538733, 30.0607448 ], [ 77.8534144, 30.0648379 ], [ 77.8523616, 30.067662 ], [ 77.8531195, 30.0683833 ], [ 77.8532222, 30.0689426 ], [ 77.8510389, 30.0707684 ], [ 77.8498168, 30.071345 ], [ 77.8482112, 30.0713515 ], [ 77.8466569, 30.0720979 ], [ 77.8455061, 30.0734184 ], [ 77.855178, 30.0786264 ], [ 77.8574169, 30.0791302 ], [ 77.8596979, 30.077689 ], [ 77.8608952, 30.0780813 ], [ 77.8638474, 30.0772696 ], [ 77.864759, 30.0774768 ], [ 77.8676926, 30.0791123 ], [ 77.8694588, 30.0791076 ], [ 77.8706956, 30.0800024 ], [ 77.871549, 30.0798602 ], [ 77.8729286, 30.0808546 ], [ 77.875753, 30.0805486 ], [ 77.8775942, 30.0826109 ], [ 77.8782652, 30.084643 ], [ 77.8791925, 30.0838008 ], [ 77.8796922, 30.0827882 ], [ 77.881261, 30.0816997 ], [ 77.8827464, 30.0814494 ], [ 77.884563, 30.0829568 ], [ 77.8888287, 30.0832522 ], [ 77.8896152, 30.0843381 ], [ 77.8912689, 30.0853035 ], [ 77.8914962, 30.0881087 ], [ 77.8938678, 30.0892035 ], [ 77.8944032, 30.0873185 ], [ 77.8969851, 30.085849 ], [ 77.8969015, 30.0811584 ], [ 77.8983473, 30.0764276 ], [ 77.8981868, 30.0721869 ], [ 77.8987213, 30.071232 ], [ 77.8977611, 30.0688146 ], [ 77.8994572, 30.0650788 ], [ 77.8989858, 30.061588 ], [ 77.8996736, 30.0589413 ], [ 77.8995915, 30.056704 ], [ 77.9119823, 30.0650973 ], [ 77.9134098, 30.066377 ], [ 77.914086, 30.067647 ], [ 77.9146919, 30.069897 ], [ 77.9153623, 30.0706228 ] ] ] } },
{ "type": "Feature", "properties": { "gp_code": "23298", "gp_name": "DADUBANS", "blkname": "BAHADRABAD", "dtname": "Haridwar", "SHAPE_Area": 1847479.6056937035 }, "geometry": { "type": "Polygon", "coordinates": [ [ [ 77.9279709, 30.0135899 ], [ 77.927599, 30.0117441 ], [ 77.9277038, 30.0086921 ], [ 77.9272577, 30.0073243 ], [ 77.9234532, 30.007962 ], [ 77.9199955, 30.0063178 ], [ 77.9185506, 30.0060502 ], [ 77.9167302, 30.0047772 ], [ 77.9148813, 30.0040821 ], [ 77.9148784, 30.0053719 ], [ 77.914308, 30.0067929 ], [ 77.9144482, 30.0074895 ], [ 77.9148598, 30.0081442 ], [ 77.9169289, 30.0093784 ], [ 77.9155188, 30.011005 ], [ 77.9152731, 30.0134383 ], [ 77.916542, 30.015097 ], [ 77.9178627, 30.0156599 ], [ 77.9222445, 30.0201105 ], [ 77.9267455, 30.0160591 ], [ 77.9279709, 30.0135899 ] ] ] } },
{ "type": "Feature", "properties": { "gp_code": "23376", "gp_name": "LAM GRUNT", "blkname": "BHAGWANPUR", "dtname": "Haridwar", "SHAPE_Area": 4082130.3025496574 }, "geometry": { "type": "Polygon", "coordinates": [ [ [ 77.9370043, 30.0313787 ], [ 77.931224, 30.0261128 ], [ 77.9222445, 30.0201105 ], [ 77.9178627, 30.0156599 ], [ 77.916542, 30.015097 ], [ 77.9153035, 30.0134799 ], [ 77.9142737, 30.0155279 ], [ 77.9125119, 30.0237314 ], [ 77.9116156, 30.0263979 ], [ 77.9115063, 30.0279814 ], [ 77.9135111, 30.0267384 ], [ 77.9148683, 30.0273314 ], [ 77.9245233, 30.0329913 ], [ 77.9302939, 30.0388776 ], [ 77.9316827, 30.0370544 ], [ 77.9321081, 30.0371442 ], [ 77.9336908, 30.0384945 ], [ 77.9351927, 30.0391723 ], [ 77.9359965, 30.0406984 ], [ 77.9378371, 30.0420055 ], [ 77.9387391, 30.0422533 ], [ 77.9381929, 30.0410899 ], [ 77.9387311, 30.0404994 ], [ 77.9383307, 30.0391846 ], [ 77.9373025, 30.0390795 ], [ 77.9354602, 30.0355635 ], [ 77.9365314, 30.0346811 ], [ 77.9371572, 30.0335862 ], [ 77.936519, 30.0314986 ], [ 77.9370043, 30.0313787 ] ] ] } },
{ "type": "Feature", "properties": { "gp_code": "23382", "gp_name": "MAZAHIDPUR SATIWALA", "blkname": "BHAGWANPUR", "dtname": "Haridwar", "SHAPE_Area": 6610686.1811061287 }, "geometry": { "type": "Polygon", "coordinates": [ [ [ 77.9270273, 30.0405764 ], [ 77.9237146, 30.040192 ], [ 77.9220641, 30.0391146 ], [ 77.920673, 30.0370517 ], [ 77.9190294, 30.0374212 ], [ 77.9183996, 30.0371834 ], [ 77.9180309, 30.0355703 ], [ 77.9198839, 30.0329746 ], [ 77.9200072, 30.0302633 ], [ 77.9135111, 30.0267384 ], [ 77.9115063, 30.0279814 ], [ 77.9101494, 30.0325816 ], [ 77.9103413, 30.0343055 ], [ 77.9100041, 30.0352114 ], [ 77.9064733, 30.0405601 ], [ 77.9065373, 30.0458888 ], [ 77.9208844, 30.0560879 ], [ 77.9249227, 30.0623975 ], [ 77.9259744, 30.0617041 ], [ 77.9290151, 30.0606404 ], [ 77.9323992, 30.0584784 ], [ 77.9358364, 30.0541264 ], [ 77.933686, 30.052278 ], [ 77.9317457, 30.0514648 ], [ 77.9288832, 30.0494516 ], [ 77.9284674, 30.0480806 ], [ 77.926975, 30.0475057 ], [ 77.9265084, 30.0465083 ], [ 77.9254832, 30.0456139 ], [ 77.9259485, 30.0446429 ], [ 77.9257244, 30.0433513 ], [ 77.9271182, 30.041329 ], [ 77.9270273, 30.0405764 ] ] ] } },
{ "type": "Feature", "properties": { "gp_code": "", "gp_name": "", "blkname": "BHAGWANPUR", "dtname": "Haridwar", "SHAPE_Area": 7216641.699896127 }, "geometry": { "type": "Polygon", "coordinates": [ [ [ 77.9387391, 30.0422533 ], [ 77.9378371, 30.0420055 ], [ 77.9359965, 30.0406984 ], [ 77.9351927, 30.0391723 ], [ 77.9336908, 30.0384945 ], [ 77.9321081, 30.0371442 ], [ 77.9316827, 30.0370544 ], [ 77.9302939, 30.0388776 ], [ 77.9245233, 30.0329913 ], [ 77.9200072, 30.0302633 ], [ 77.9198839, 30.0329746 ], [ 77.9180309, 30.0355703 ], [ 77.9180907, 30.0367198 ], [ 77.9190294, 30.0374212 ], [ 77.920673, 30.0370517 ], [ 77.9220641, 30.0391146 ], [ 77.9237146, 30.040192 ], [ 77.9270273, 30.0405764 ], [ 77.9271182, 30.041329 ], [ 77.9257244, 30.0433513 ], [ 77.9259485, 30.0446429 ], [ 77.9254832, 30.0456139 ], [ 77.9265084, 30.0465083 ], [ 77.926975, 30.0475057 ], [ 77.9284674, 30.0480806 ], [ 77.9288832, 30.0494516 ], [ 77.9317457, 30.0514648 ], [ 77.933686, 30.052278 ], [ 77.9358364, 30.0541264 ], [ 77.9323992, 30.0584784 ], [ 77.9290151, 30.0606404 ], [ 77.9259744, 30.0617041 ], [ 77.9249227, 30.0623975 ], [ 77.9324746, 30.0728077 ], [ 77.95136, 30.0532779 ], [ 77.9450881, 30.0488663 ], [ 77.9439111, 30.0470531 ], [ 77.9418263, 30.0453744 ], [ 77.9400625, 30.0433441 ], [ 77.9391811, 30.0430994 ], [ 77.9387391, 30.0422533 ] ] ] } },
{ "type": "Feature", "properties": { "gp_code": "23301", "gp_name": "DALUWALA MAJBATTA", "blkname": "BAHADRABAD", "dtname": "Haridwar", "SHAPE_Area": 2681257.454741328 }, "geometry": { "type": "Polygon", "coordinates": [ [ [ 77.9393462, 30.0339492 ], [ 77.9449649, 30.0331129 ], [ 77.9473037, 30.0322656 ], [ 77.9471677, 30.0297033 ], [ 77.9457156, 30.0288038 ], [ 77.9435909, 30.0284564 ], [ 77.9429583, 30.0280606 ], [ 77.9410554, 30.0254635 ], [ 77.9389405, 30.0256894 ], [ 77.9380797, 30.0250548 ], [ 77.9377325, 30.0238201 ], [ 77.9379852, 30.0226098 ], [ 77.9376055, 30.0221495 ], [ 77.9352228, 30.0213394 ], [ 77.9341899, 30.0205844 ], [ 77.9341622, 30.0199265 ], [ 77.935929, 30.0176351 ], [ 77.9356278, 30.0171255 ], [ 77.9347783, 30.0169797 ], [ 77.9347153, 30.0172656 ], [ 77.9338502, 30.0174993 ], [ 77.9328664, 30.0162013 ], [ 77.931081, 30.014883 ], [ 77.9279709, 30.0135899 ], [ 77.9267455, 30.0160591 ], [ 77.9222445, 30.0201105 ], [ 77.931224, 30.0261128 ], [ 77.936423, 30.0306225 ], [ 77.9393462, 30.0339492 ] ] ] } },
{ "type": "Feature", "properties": { "gp_code": "23318", "gp_name": "MANUBANS GRUNT", "blkname": "BAHADRABAD", "dtname": "Haridwar", "SHAPE_Area": 1108202.2030432001 }, "geometry": { "type": "Polygon", "coordinates": [ [ [ 77.9272577, 30.0073243 ], [ 77.9277038, 30.0086921 ], [ 77.927599, 30.0117441 ], [ 77.9279709, 30.0135899 ], [ 77.931081, 30.014883 ], [ 77.9328664, 30.0162013 ], [ 77.9338502, 30.0174993 ], [ 77.9352243, 30.0169349 ], [ 77.935929, 30.0176351 ], [ 77.9394979, 30.0136525 ], [ 77.9361505, 30.0095465 ], [ 77.9340156, 30.0082746 ], [ 77.9336436, 30.0073415 ], [ 77.9330939, 30.0077565 ], [ 77.932134, 30.0072041 ], [ 77.9304746, 30.0083292 ], [ 77.9272577, 30.0073243 ] ] ] } },
{ "type": "Feature", "properties": { "gp_code": "23306", "gp_name": "HAZARA GRUNT", "blkname": "BAHADRABAD", "dtname": "Haridwar", "SHAPE_Area": 5806404.8351157298 }, "geometry": { "type": "Polygon", "coordinates": [ [ [ 77.9823035, 30.0145262 ], [ 77.9819634, 30.0140816 ], [ 77.9812638, 30.0141974 ], [ 77.9803745, 30.013003 ], [ 77.9790568, 30.0130035 ], [ 77.9794225, 30.0119794 ], [ 77.9778853, 30.0097224 ], [ 77.9779725, 30.0076694 ], [ 77.9765888, 30.0043324 ], [ 77.9760726, 30.0039041 ], [ 77.9741364, 30.0035298 ], [ 77.9735048, 30.0030495 ], [ 77.9733779, 30.0025248 ], [ 77.9736526, 30.0020264 ], [ 77.9742759, 30.0018317 ], [ 77.9741951, 30.0008521 ], [ 77.9748754, 29.9995231 ], [ 77.9727133, 29.9983709 ], [ 77.9725693, 29.9968832 ], [ 77.9714238, 29.9955057 ], [ 77.9729863, 29.9937742 ], [ 77.9708415, 29.991719 ], [ 77.9699082, 29.9902386 ], [ 77.9685995, 29.989368 ], [ 77.9685705, 29.9885922 ], [ 77.9679075, 29.987849 ], [ 77.9660331, 29.9874421 ], [ 77.9622456, 29.9858141 ], [ 77.9606544, 29.9878221 ], [ 77.9613496, 29.9884244 ], [ 77.9600898, 29.989765 ], [ 77.9604785, 29.9916203 ], [ 77.9573337, 29.9943004 ], [ 77.9573597, 29.9946476 ], [ 77.9579092, 29.9959448 ], [ 77.9597907, 29.9973726 ], [ 77.9619407, 29.9999748 ], [ 77.9631059, 30.0006316 ], [ 77.9652452, 30.0028893 ], [ 77.9660953, 30.0045502 ], [ 77.9649016, 30.0087828 ], [ 77.9668372, 30.0127491 ], [ 77.96801, 30.0140166 ], [ 77.9690003, 30.0220657 ], [ 77.9717471, 30.0252842 ], [ 77.9823035, 30.0145262 ] ] ] } },
{ "type": "Feature", "properties": { "gp_code": "23300", "gp_name": "DALUWALA KALAN", "blkname": "BAHADRABAD", "dtname": "Haridwar", "SHAPE_Area": 1447104.4833240174 }, "geometry": { "type": "Polygon", "coordinates": [ [ [ 77.967276, 30.0344541 ], [ 77.966106, 30.0320936 ], [ 77.9663283, 30.0296228 ], [ 77.9660157, 30.0281677 ], [ 77.9633782, 30.0268113 ], [ 77.9618545, 30.0249576 ], [ 77.960295, 30.0236973 ], [ 77.9589106, 30.0238603 ], [ 77.9580052, 30.0224767 ], [ 77.9572329, 30.0221812 ], [ 77.9564319, 30.020754 ], [ 77.9557973, 30.0204903 ], [ 77.9560515, 30.0217378 ], [ 77.9555693, 30.0253127 ], [ 77.957476, 30.027664 ], [ 77.9578452, 30.0312909 ], [ 77.9588448, 30.0329219 ], [ 77.958935, 30.0339512 ], [ 77.9600479, 30.0368455 ], [ 77.9603062, 30.0391126 ], [ 77.9634281, 30.038229 ], [ 77.9636735, 30.0386445 ], [ 77.9641368, 30.0384807 ], [ 77.9630312, 30.0370596 ], [ 77.9626326, 30.0346598 ], [ 77.9636439, 30.0345646 ], [ 77.9640835, 30.0353724 ], [ 77.9652996, 30.0349669 ], [ 77.9660161, 30.035517 ], [ 77.9664086, 30.0347703 ], [ 77.967276, 30.0344541 ] ] ] } },
{ "type": "Feature", "properties": { "gp_code": "23301", "gp_name": "DALUWALA MAJBATTA", "blkname": "BAHADRABAD", "dtname": "Haridwar", "SHAPE_Area": 2235044.4516916848 }, "geometry": { "type": "Polygon", "coordinates": [ [ [ 77.9677224, 30.0240573 ], [ 77.9653094, 30.0201991 ], [ 77.9646126, 30.0185072 ], [ 77.9635729, 30.0176584 ], [ 77.9617085, 30.0151335 ], [ 77.9610664, 30.0145937 ], [ 77.9588287, 30.0137849 ], [ 77.9570407, 30.0164119 ], [ 77.9566499, 30.0186387 ], [ 77.9557973, 30.0204903 ], [ 77.9564319, 30.020754 ], [ 77.9572329, 30.0221812 ], [ 77.9580052, 30.0224767 ], [ 77.9589106, 30.0238603 ], [ 77.960295, 30.0236973 ], [ 77.9618545, 30.0249576 ], [ 77.9633782, 30.0268113 ], [ 77.9660157, 30.0281677 ], [ 77.9663283, 30.0296228 ], [ 77.966106, 30.0320936 ], [ 77.9664684, 30.0331507 ], [ 77.9685173, 30.0361613 ], [ 77.9683637, 30.0370917 ], [ 77.9686569, 30.0380677 ], [ 77.9749891, 30.033184 ], [ 77.9740114, 30.0306016 ], [ 77.9712942, 30.0284793 ], [ 77.9702022, 30.026315 ], [ 77.9677224, 30.0240573 ] ] ] } },
{ "type": "Feature", "properties": { "gp_code": "23314", "gp_name": "KHALA TEERA", "blkname": "BAHADRABAD", "dtname": "Haridwar", "SHAPE_Area": 2090632.9945795457 }, "geometry": { "type": "Polygon", "coordinates": [ [ [ 77.9878118, 30.0128675 ], [ 77.9881832, 30.0117465 ], [ 77.9880932, 30.0108134 ], [ 77.988649, 30.0101023 ], [ 77.9886911, 30.0086054 ], [ 77.9876995, 30.0069888 ], [ 77.9877749, 30.0055994 ], [ 77.9867743, 30.0045327 ], [ 77.986331, 30.002663 ], [ 77.9849629, 29.9994469 ], [ 77.9812511, 29.9996839 ], [ 77.9801242, 30.0008591 ], [ 77.9792285, 30.0012633 ], [ 77.9786163, 30.0003496 ], [ 77.9797387, 29.9992495 ], [ 77.9797021, 29.9988337 ], [ 77.9773496, 29.999484 ], [ 77.9748754, 29.9995231 ], [ 77.9741951, 30.0008521 ], [ 77.9742759, 30.0018317 ], [ 77.9736526, 30.0020264 ], [ 77.9733779, 30.0025248 ], [ 77.9735048, 30.0030495 ], [ 77.9741364, 30.0035298 ], [ 77.9760726, 30.0039041 ], [ 77.9765888, 30.0043324 ], [ 77.9779725, 30.0076694 ], [ 77.9778853, 30.0097224 ], [ 77.9794225, 30.0119794 ], [ 77.9790568, 30.0130035 ], [ 77.9803745, 30.013003 ], [ 77.9812638, 30.0141974 ], [ 77.9819634, 30.0140816 ], [ 77.9823035, 30.0145262 ], [ 77.9878118, 30.0128675 ] ] ] } },
{ "type": "Feature", "properties": { "gp_code": "", "gp_name": "", "blkname": "BAHADRABAD", "dtname": "Haridwar", "SHAPE_Area": 1890904.6926831808 }, "geometry": { "type": "Polygon", "coordinates": [ [ [ 77.9866329, 29.9972033 ], [ 77.9849629, 29.9994469 ], [ 77.986331, 30.002663 ], [ 77.9867743, 30.0045327 ], [ 77.9877749, 30.0055994 ], [ 77.9876995, 30.0069888 ], [ 77.9886911, 30.0086054 ], [ 77.988649, 30.0101023 ], [ 77.9880932, 30.0108134 ], [ 77.9881832, 30.0117465 ], [ 77.9878118, 30.0128675 ], [ 77.9930311, 30.0112757 ], [ 77.995745, 30.0088406 ], [ 78.0013881, 30.0027856 ], [ 77.9985608, 30.0011932 ], [ 77.9949527, 30.0004333 ], [ 77.9909716, 29.9988927 ], [ 77.9898875, 29.9987501 ], [ 77.9866329, 29.9972033 ] ] ] } },
{ "type": "Feature", "properties": { "gp_code": "23342", "gp_name": "SHIVDASPUR URF TELIWALA", "blkname": "BAHADRABAD", "dtname": "Haridwar", "SHAPE_Area": 670457.2106286753 }, "geometry": { "type": "Polygon", "coordinates": [ [ [ 77.9601609, 30.0445584 ], [ 77.9612705, 30.044035 ], [ 77.9613164, 30.0428909 ], [ 77.9629863, 30.042585 ], [ 77.9641254, 30.0418984 ], [ 77.9686569, 30.0380677 ], [ 77.9683637, 30.0370917 ], [ 77.9685173, 30.0361613 ], [ 77.967276, 30.0344541 ], [ 77.9664086, 30.0347703 ], [ 77.9660161, 30.035517 ], [ 77.9652996, 30.0349669 ], [ 77.9640835, 30.0353724 ], [ 77.9636439, 30.0345646 ], [ 77.9626326, 30.0346598 ], [ 77.9630312, 30.0370596 ], [ 77.9641368, 30.0384807 ], [ 77.9636735, 30.0386445 ], [ 77.9634281, 30.038229 ], [ 77.9603062, 30.0391126 ], [ 77.9601408, 30.0397269 ], [ 77.960426, 30.0407412 ], [ 77.959059, 30.0422195 ], [ 77.9582569, 30.044038 ], [ 77.9582591, 30.0443009 ], [ 77.9597668, 30.0440395 ], [ 77.9601609, 30.0445584 ] ] ] } },
{ "type": "Feature", "properties": { "gp_code": "", "gp_name": "", "blkname": "BAHADRABAD", "dtname": "Haridwar", "SHAPE_Area": 213523586.94674382 }, "geometry": { "type": "Polygon", "coordinates": [ [ [ 78.035529, 30.1037909 ], [ 78.0364013, 30.1024803 ], [ 78.0384002, 30.1015199 ], [ 78.0424674, 30.0982618 ], [ 78.045661, 30.0975935 ], [ 78.045441, 30.0962192 ], [ 78.0458463, 30.095677 ], [ 78.0468087, 30.0917502 ], [ 78.055242, 30.0894784 ], [ 78.0559013, 30.088771 ], [ 78.0598689, 30.0868577 ], [ 78.059539, 30.0857009 ], [ 78.0610376, 30.0833119 ], [ 78.0616349, 30.0827049 ], [ 78.064137, 30.0823757 ], [ 78.064436, 30.0808747 ], [ 78.0666134, 30.078695 ], [ 78.0671503, 30.07706 ], [ 78.0695548, 30.075432 ], [ 78.0672739, 30.0729589 ], [ 78.0672834, 30.0723604 ], [ 78.0680095, 30.0711888 ], [ 78.0693501, 30.0709482 ], [ 78.0710561, 30.0699765 ], [ 78.072074, 30.0689965 ], [ 78.07225, 30.065304 ], [ 78.0718706, 30.0631784 ], [ 78.0726444, 30.0614772 ], [ 78.0744619, 30.0596514 ], [ 78.0714069, 30.0576651 ], [ 78.0714594, 30.0555789 ], [ 78.0704871, 30.0536687 ], [ 78.0687466, 30.0518519 ], [ 78.067668, 30.0479561 ], [ 78.066737, 30.0468942 ], [ 78.0684077, 30.0459122 ], [ 78.0692707, 30.0447767 ], [ 78.0688352, 30.0424799 ], [ 78.0690783, 30.042021 ], [ 78.0704881, 30.0423627 ], [ 78.0727568, 30.0418425 ], [ 78.0741909, 30.0418938 ], [ 78.0741609, 30.0400465 ], [ 78.0743631, 30.0396897 ], [ 78.0755008, 30.0394048 ], [ 78.0766028, 30.037128 ], [ 78.0780702, 30.0369172 ], [ 78.0793754, 30.0362551 ], [ 78.0809586, 30.0362087 ], [ 78.0812013, 30.0342228 ], [ 78.0809149, 30.0330555 ], [ 78.0815115, 30.0322303 ], [ 78.0834806, 30.0318781 ], [ 78.0858033, 30.0334304 ], [ 78.0877113, 30.0320845 ], [ 78.0882153, 30.0312866 ], [ 78.0908546, 30.0300947 ], [ 78.0918304, 30.0288663 ], [ 78.0937231, 30.0284977 ], [ 78.0953854, 30.0290477 ], [ 78.0992505, 30.0278957 ], [ 78.100567, 30.0257378 ], [ 78.0982863, 30.0232472 ], [ 78.0961708, 30.018979 ], [ 78.0940195, 30.0157541 ], [ 78.0941731, 30.0134631 ], [ 78.0945544, 30.0129542 ], [ 78.0956669, 30.012181 ], [ 78.0961332, 30.0112628 ], [ 78.0987124, 30.012254 ], [ 78.099426, 30.0106024 ], [ 78.1006237, 30.0094186 ], [ 78.104447, 30.0074954 ], [ 78.105631, 30.009734 ], [ 78.1071464, 30.0109172 ], [ 78.1074391, 30.0110214 ], [ 78.109187, 30.009844 ], [ 78.1110313, 30.0100538 ], [ 78.113689, 30.0110602 ], [ 78.1139048, 30.0098135 ], [ 78.1158684, 30.0086556 ], [ 78.1156402, 30.0068733 ], [ 78.1159163, 30.0055416 ], [ 78.1163968, 30.0049654 ], [ 78.1186864, 30.0043417 ], [ 78.1192636, 30.0038692 ], [ 78.1198776, 30.0022849 ], [ 78.1214643, 30.001345 ], [ 78.1221047, 30.0005995 ], [ 78.1226127, 29.9985207 ], [ 78.1230729, 29.9981472 ], [ 78.1259368, 30.0006048 ], [ 78.1284715, 30.0011897 ], [ 78.1295662, 30.0010761 ], [ 78.1313912, 29.9989535 ], [ 78.1316776, 29.9977806 ], [ 78.1315592, 29.9970069 ], [ 78.1305141, 29.9956344 ], [ 78.1307482, 29.9941491 ], [ 78.1347274, 29.990397 ], [ 78.1349138, 29.9893787 ], [ 78.1344998, 29.9861003 ], [ 78.1348353, 29.9854381 ], [ 78.1366455, 29.9846512 ], [ 78.1370541, 29.9823883 ], [ 78.1373292, 29.9819592 ], [ 78.1384018, 29.9815181 ], [ 78.1387, 29.9806286 ], [ 78.1386142, 29.9782397 ], [ 78.1388205, 29.9780437 ], [ 78.1426404, 29.9783213 ], [ 78.1431002, 29.9780502 ], [ 78.1442369, 29.9765964 ], [ 78.1442469, 29.9743148 ], [ 78.146978, 29.9723265 ], [ 78.1483886, 29.9705074 ], [ 78.1487711, 29.9678049 ], [ 78.1530443, 29.9671309 ], [ 78.1538702, 29.9673954 ], [ 78.1545724, 29.9683033 ], [ 78.1581278, 29.9688327 ], [ 78.158739, 29.967139 ], [ 78.1613338, 29.9650001 ], [ 78.1624029, 29.9647713 ], [ 78.1635881, 29.9649477 ], [ 78.1651037, 29.9658719 ], [ 78.1664525, 29.9659864 ], [ 78.1705774, 29.9637868 ], [ 78.1719115, 29.9637948 ], [ 78.1722862, 29.9632483 ], [ 78.1711911, 29.9587418 ], [ 78.1708541, 29.9581068 ], [ 78.169638, 29.957512 ], [ 78.1680502, 29.9554817 ], [ 78.1648052, 29.953686 ], [ 78.1639164, 29.9525223 ], [ 78.1618022, 29.9530535 ], [ 78.1608302, 29.9527909 ], [ 78.1590974, 29.9514614 ], [ 78.1580314, 29.9518222 ], [ 78.1572966, 29.9516837 ], [ 78.1554466, 29.9508646 ], [ 78.1499291, 29.9499169 ], [ 78.14697, 29.9490243 ], [ 78.1443172, 29.9469728 ], [ 78.1418455, 29.943492 ], [ 78.1402636, 29.9420945 ], [ 78.1394871, 29.9397782 ], [ 78.1377153, 29.9387515 ], [ 78.1357685, 29.938452 ], [ 78.1352081, 29.9386364 ], [ 78.1236695, 29.9454553 ], [ 78.1207682, 29.9463007 ], [ 78.1178657, 29.9478506 ], [ 78.1165646, 29.9492629 ], [ 78.1158653, 29.949078 ], [ 78.1106221, 29.9506414 ], [ 78.1029072, 29.9546226 ], [ 78.102143, 29.953594 ], [ 78.0820554, 29.9654605 ], [ 78.0548925, 29.9845396 ], [ 78.0485645, 29.9886507 ], [ 78.0432108, 29.9962662 ], [ 78.0383111, 29.9944189 ], [ 78.0325599, 29.9968982 ], [ 78.0308851, 29.9997733 ], [ 78.0317389, 30.0015495 ], [ 78.0344658, 30.0027949 ], [ 78.0331347, 30.003772 ], [ 78.0320295, 30.0051392 ], [ 78.0282936, 30.0052958 ], [ 78.019493, 30.0076296 ], [ 78.01476, 30.001258 ], [ 78.0142319, 29.9999374 ], [ 78.0129887, 29.9995831 ], [ 78.0138122, 29.9983559 ], [ 78.0114941, 29.997658 ], [ 78.0102655, 29.9969363 ], [ 78.0091138, 29.9995256 ], [ 78.0074569, 29.9984728 ], [ 78.0072844, 29.9976187 ], [ 78.0061353, 29.9973814 ], [ 78.0053293, 29.9964536 ], [ 78.0026836, 29.9958631 ], [ 77.9996948, 29.9930929 ], [ 78.0004839, 29.9907648 ], [ 77.9979751, 29.9896189 ], [ 77.9941605, 29.986843 ], [ 77.9814005, 29.9883712 ], [ 77.9745767, 29.9901056 ], [ 77.9805033, 29.9941273 ], [ 77.9839364, 29.9942239 ], [ 77.9866329, 29.9972033 ], [ 77.9891408, 29.9984341 ], [ 77.9949527, 30.0004333 ], [ 77.9985608, 30.0011932 ], [ 78.0013881, 30.0027856 ], [ 77.995745, 30.0088406 ], [ 77.9930311, 30.0112757 ], [ 77.9823035, 30.0145262 ], [ 77.9717471, 30.0252842 ], [ 77.9690003, 30.0220657 ], [ 77.96801, 30.0140166 ], [ 77.9668372, 30.0127491 ], [ 77.9649016, 30.0087828 ], [ 77.9660953, 30.0045502 ], [ 77.9652452, 30.0028893 ], [ 77.9631059, 30.0006316 ], [ 77.9619407, 29.9999748 ], [ 77.9597907, 29.9973726 ], [ 77.9579092, 29.9959448 ], [ 77.956846, 29.9969496 ], [ 77.9552941, 29.9975862 ], [ 77.9465463, 29.9992131 ], [ 77.9464605, 29.9998921 ], [ 77.9503655, 30.0027645 ], [ 77.9379002, 30.0154028 ], [ 77.9341622, 30.0199265 ], [ 77.9341899, 30.0205844 ], [ 77.9352228, 30.0213394 ], [ 77.9376055, 30.0221495 ], [ 77.9379852, 30.0226098 ], [ 77.9377975, 30.0245625 ], [ 77.9389405, 30.0256894 ], [ 77.9410554, 30.0254635 ], [ 77.9429583, 30.0280606 ], [ 77.9435909, 30.0284564 ], [ 77.9457156, 30.0288038 ], [ 77.9471677, 30.0297033 ], [ 77.9473037, 30.0322656 ], [ 77.9447691, 30.033134 ], [ 77.9447739, 30.0339782 ], [ 77.9467941, 30.0362424 ], [ 77.9473932, 30.0382237 ], [ 77.9475163, 30.0388212 ], [ 77.9466881, 30.0403977 ], [ 77.9466938, 30.0412702 ], [ 77.9491539, 30.0438692 ], [ 77.9499231, 30.0459204 ], [ 77.9531827, 30.048275 ], [ 77.9532498, 30.0493602 ], [ 77.9538163, 30.0504271 ], [ 77.9538935, 30.0518797 ], [ 77.9546938, 30.0528045 ], [ 77.9548713, 30.0538382 ], [ 77.957809, 30.0553233 ], [ 77.9588718, 30.0580317 ], [ 77.9610121, 30.0593972 ], [ 77.9631474, 30.0626973 ], [ 77.9645915, 30.0628053 ], [ 77.9655836, 30.0660317 ], [ 77.9668522, 30.0684223 ], [ 77.9679516, 30.0693425 ], [ 77.970247, 30.0700231 ], [ 77.9720178, 30.0717232 ], [ 77.9754167, 30.0736084 ], [ 77.9766408, 30.0747998 ], [ 77.9783681, 30.0773085 ], [ 77.9824621, 30.0803784 ], [ 77.9888031, 30.082652 ], [ 77.9902055, 30.0834784 ], [ 77.9945811, 30.0841018 ], [ 77.9958878, 30.0834213 ], [ 77.9972842, 30.0833037 ], [ 77.9982554, 30.0839301 ], [ 77.9986736, 30.0857846 ], [ 77.999213, 30.0859598 ], [ 77.9998915, 30.0857546 ], [ 78.0012328, 30.0841389 ], [ 78.0027072, 30.0835088 ], [ 78.0036799, 30.0824597 ], [ 78.0053002, 30.0825559 ], [ 78.007605, 30.0835527 ], [ 78.0093105, 30.0838551 ], [ 78.0115385, 30.0854511 ], [ 78.0110457, 30.0866113 ], [ 78.0120687, 30.0869657 ], [ 78.0146036, 30.0895909 ], [ 78.0159161, 30.0934779 ], [ 78.0171394, 30.0935934 ], [ 78.0193492, 30.0948973 ], [ 78.0205334, 30.0967216 ], [ 78.0206212, 30.0984419 ], [ 78.0218206, 30.1000451 ], [ 78.0246741, 30.1001403 ], [ 78.0258346, 30.1005767 ], [ 78.0261729, 30.1011037 ], [ 78.0276973, 30.1011926 ], [ 78.0280383, 30.1022625 ], [ 78.0295508, 30.1030953 ], [ 78.031511, 30.1026853 ], [ 78.0327527, 30.103826 ], [ 78.0366418, 30.1047767 ], [ 78.0366061, 30.104191 ], [ 78.035529, 30.1037909 ] ], [ [ 77.9601609, 30.0445584 ], [ 77.9597668, 30.0440395 ], [ 77.9582591, 30.0443009 ], [ 77.9582569, 30.044038 ], [ 77.959059, 30.0422195 ], [ 77.960426, 30.0407412 ], [ 77.9600479, 30.0368455 ], [ 77.958935, 30.0339512 ], [ 77.9588448, 30.0329219 ], [ 77.9578452, 30.0312909 ], [ 77.957476, 30.027664 ], [ 77.9555693, 30.0253127 ], [ 77.9560515, 30.0217378 ], [ 77.9557973, 30.0204903 ], [ 77.9566499, 30.0186387 ], [ 77.9570407, 30.0164119 ], [ 77.9588287, 30.0137849 ], [ 77.9610664, 30.0145937 ], [ 77.9635729, 30.0176584 ], [ 77.9646126, 30.0185072 ], [ 77.9653094, 30.0201991 ], [ 77.9677224, 30.0240573 ], [ 77.9702022, 30.026315 ], [ 77.9712942, 30.0284793 ], [ 77.9740114, 30.0306016 ], [ 77.9749891, 30.033184 ], [ 77.9641254, 30.0418984 ], [ 77.9629863, 30.042585 ], [ 77.9613164, 30.0428909 ], [ 77.9612705, 30.044035 ], [ 77.9601609, 30.0445584 ] ] ] } },
{ "type": "Feature", "properties": { "gp_code": "245208", "gp_name": "JOGAWALA", "blkname": "KHANPUR", "dtname": "Haridwar", "SHAPE_Area": 14331445.401680047 }, "geometry": { "type": "Polygon", "coordinates": [ [ [ 77.9776898, 29.6134455 ], [ 77.9762221, 29.6085307 ], [ 77.9752921, 29.6069885 ], [ 77.9765516, 29.6064126 ], [ 77.9766464, 29.605364 ], [ 77.9776391, 29.6039316 ], [ 77.9771224, 29.5973903 ], [ 77.9754035, 29.5948053 ], [ 77.9727804, 29.5889811 ], [ 77.9749327, 29.5850161 ], [ 77.9733709, 29.5827627 ], [ 77.973108, 29.5803128 ], [ 77.9688948, 29.5814137 ], [ 77.967497, 29.5800651 ], [ 77.9636478, 29.5812691 ], [ 77.9615908, 29.5820547 ], [ 77.9595919, 29.5837242 ], [ 77.9584786, 29.5852572 ], [ 77.9484564, 29.5894932 ], [ 77.9471048, 29.5897102 ], [ 77.9403444, 29.5927103 ], [ 77.9333023, 29.6005149 ], [ 77.9427687, 29.6086464 ], [ 77.948421, 29.6169145 ], [ 77.9569801, 29.6124805 ], [ 77.9602132, 29.6116466 ], [ 77.9669434, 29.6114202 ], [ 77.9707481, 29.6126248 ], [ 77.9751471, 29.6125622 ], [ 77.9776898, 29.6134455 ] ] ] } },
{ "type": "Feature", "properties": { "gp_code": "23515", "gp_name": "SAKAUTI KUWANHEDI", "blkname": "NARSAN", "dtname": "Haridwar", "SHAPE_Area": 5546448.9388009151 }, "geometry": { "type": "Polygon", "coordinates": [ [ [ 77.86018, 29.6972132 ], [ 77.861694, 29.6959194 ], [ 77.8622096, 29.6949511 ], [ 77.8622705, 29.6902929 ], [ 77.8628103, 29.6894493 ], [ 77.8615244, 29.6874355 ], [ 77.861579, 29.6868961 ], [ 77.8581689, 29.6834311 ], [ 77.8557042, 29.680059 ], [ 77.8537309, 29.681544 ], [ 77.8529819, 29.6803256 ], [ 77.8514313, 29.680451 ], [ 77.8513275, 29.6798252 ], [ 77.8502511, 29.6799777 ], [ 77.8499126, 29.6801757 ], [ 77.8499493, 29.6830616 ], [ 77.8480852, 29.6841896 ], [ 77.8419042, 29.6849752 ], [ 77.8371885, 29.6859576 ], [ 77.8312344, 29.6886913 ], [ 77.8338812, 29.690324 ], [ 77.8353395, 29.691681 ], [ 77.8414403, 29.6995998 ], [ 77.8431285, 29.6984217 ], [ 77.8437036, 29.6988691 ], [ 77.8441969, 29.6984368 ], [ 77.8446932, 29.6988035 ], [ 77.8461724, 29.697735 ], [ 77.8498671, 29.6964791 ], [ 77.8521503, 29.7026452 ], [ 77.8531048, 29.7015082 ], [ 77.86018, 29.6972132 ] ] ] } },
{ "type": "Feature", "properties": { "gp_code": "23500", "gp_name": "MOHAMMADPUR JAT", "blkname": "NARSAN", "dtname": "Haridwar", "SHAPE_Area": 9106207.0082434285 }, "geometry": { "type": "Polygon", "coordinates": [ [ [ 77.8574572, 29.7218377 ], [ 77.8619409, 29.7216321 ], [ 77.8621035, 29.7196168 ], [ 77.8661475, 29.7185641 ], [ 77.8678344, 29.7199441 ], [ 77.8690878, 29.721717 ], [ 77.8737091, 29.718757 ], [ 77.8747677, 29.7184577 ], [ 77.8747687, 29.7168053 ], [ 77.8725448, 29.7141027 ], [ 77.8725784, 29.712737 ], [ 77.8717918, 29.7102646 ], [ 77.8734102, 29.7097686 ], [ 77.8731187, 29.7054205 ], [ 77.8744379, 29.7044813 ], [ 77.8744621, 29.7030658 ], [ 77.8740168, 29.7025517 ], [ 77.8742212, 29.7023921 ], [ 77.8768809, 29.7013358 ], [ 77.8799215, 29.7011228 ], [ 77.8790055, 29.7002396 ], [ 77.8794839, 29.6929076 ], [ 77.87471, 29.6872926 ], [ 77.8696029, 29.688987 ], [ 77.8656041, 29.6878115 ], [ 77.8628103, 29.6894493 ], [ 77.8622705, 29.6902929 ], [ 77.8623991, 29.6935795 ], [ 77.8622096, 29.6949511 ], [ 77.861694, 29.6959194 ], [ 77.86018, 29.6972132 ], [ 77.8531048, 29.7015082 ], [ 77.8521503, 29.7026452 ], [ 77.8527111, 29.7035845 ], [ 77.84964, 29.7056985 ], [ 77.849936, 29.7064824 ], [ 77.8500099, 29.7091027 ], [ 77.8519475, 29.7109503 ], [ 77.8538446, 29.7137383 ], [ 77.852872, 29.714664 ], [ 77.8552268, 29.7178852 ], [ 77.8552648, 29.7195548 ], [ 77.8574572, 29.7218377 ] ] ] } },
{ "type": "Feature", "properties": { "gp_code": "23498", "gp_name": "MANDAWALI", "blkname": "NARSAN", "dtname": "Haridwar", "SHAPE_Area": 2702122.6948109693 }, "geometry": { "type": "Polygon", "coordinates": [ [ [ 77.8414763, 29.7346633 ], [ 77.8448673, 29.732172 ], [ 77.8465658, 29.7318204 ], [ 77.8504045, 29.7299138 ], [ 77.8552858, 29.7298494 ], [ 77.8594928, 29.7282935 ], [ 77.8603254, 29.7276543 ], [ 77.8655834, 29.7273013 ], [ 77.8665707, 29.7258057 ], [ 77.8679457, 29.7254941 ], [ 77.8665623, 29.7236174 ], [ 77.8690878, 29.721717 ], [ 77.8678344, 29.7199441 ], [ 77.8661475, 29.7185641 ], [ 77.8621035, 29.7196168 ], [ 77.8619409, 29.7216321 ], [ 77.8574572, 29.7218377 ], [ 77.8552648, 29.7195548 ], [ 77.8549501, 29.7196732 ], [ 77.8466153, 29.725434 ], [ 77.8462453, 29.7264218 ], [ 77.8450646, 29.7276008 ], [ 77.8393758, 29.7318927 ], [ 77.8411536, 29.7332331 ], [ 77.8414763, 29.7346633 ] ] ] } },
{ "type": "Feature", "properties": { "gp_code": "23478", "gp_name": "DAHIYAKI", "blkname": "NARSAN", "dtname": "Haridwar", "SHAPE_Area": 2504059.3354812139 }, "geometry": { "type": "Polygon", "coordinates": [ [ [ 77.8597927, 29.7401751 ], [ 77.8606827, 29.7293149 ], [ 77.8657605, 29.7289032 ], [ 77.8678824, 29.7308004 ], [ 77.8713061, 29.7295476 ], [ 77.8679457, 29.7254941 ], [ 77.8665707, 29.7258057 ], [ 77.8655834, 29.7273013 ], [ 77.8603254, 29.7276543 ], [ 77.8594928, 29.7282935 ], [ 77.8552858, 29.7298494 ], [ 77.8504045, 29.7299138 ], [ 77.8465658, 29.7318204 ], [ 77.8448673, 29.732172 ], [ 77.8438638, 29.7329421 ], [ 77.851444, 29.7417918 ], [ 77.8513814, 29.7428973 ], [ 77.8562748, 29.7407293 ], [ 77.8585251, 29.7401203 ], [ 77.8597927, 29.7401751 ] ] ] } },
{ "type": "Feature", "properties": { "gp_code": "23510", "gp_name": "NASIRPUR AFZALPUR", "blkname": "NARSAN", "dtname": "Haridwar", "SHAPE_Area": 3910788.0448145322 }, "geometry": { "type": "Polygon", "coordinates": [ [ [ 77.8744857, 29.7466287 ], [ 77.8771925, 29.7422571 ], [ 77.8798788, 29.7387824 ], [ 77.8824662, 29.7378958 ], [ 77.8818044, 29.7367812 ], [ 77.8815339, 29.7354381 ], [ 77.8800929, 29.7348981 ], [ 77.8752421, 29.7343763 ], [ 77.873709, 29.7330654 ], [ 77.8713061, 29.7295476 ], [ 77.8678824, 29.7308004 ], [ 77.8657605, 29.7289032 ], [ 77.8606827, 29.7293149 ], [ 77.8597927, 29.7401751 ], [ 77.8606659, 29.7405473 ], [ 77.8613301, 29.7420229 ], [ 77.8677842, 29.7456511 ], [ 77.8683042, 29.7479244 ], [ 77.8693575, 29.7490891 ], [ 77.8706769, 29.7497968 ], [ 77.8744857, 29.7466287 ] ] ] } },
{ "type": "Feature", "properties": { "gp_code": "23511", "gp_name": "NIZAMPUR", "blkname": "NARSAN", "dtname": "Haridwar", "SHAPE_Area": 2968938.8215943291 }, "geometry": { "type": "Polygon", "coordinates": [ [ [ 77.8888554, 29.7234695 ], [ 77.8846396, 29.7187907 ], [ 77.8841411, 29.7180376 ], [ 77.8834977, 29.7153816 ], [ 77.8831662, 29.7153833 ], [ 77.8754431, 29.7192468 ], [ 77.8747677, 29.7184577 ], [ 77.8737091, 29.718757 ], [ 77.8672965, 29.7229714 ], [ 77.866523, 29.7238639 ], [ 77.8740494, 29.7332647 ], [ 77.8774451, 29.7307191 ], [ 77.8828664, 29.7284667 ], [ 77.8888554, 29.7234695 ] ] ] } },
{ "type": "Feature", "properties": { "gp_code": "23482", "gp_name": "HARCHANDPUR", "blkname": "NARSAN", "dtname": "Haridwar", "SHAPE_Area": 3237517.7835480128 }, "geometry": { "type": "Polygon", "coordinates": [ [ [ 77.8911578, 29.71814 ], [ 77.8900111, 29.7165323 ], [ 77.8870163, 29.7171366 ], [ 77.8846396, 29.7187907 ], [ 77.8888554, 29.7234695 ], [ 77.8828664, 29.7284667 ], [ 77.8767667, 29.7310967 ], [ 77.8753186, 29.7320647 ], [ 77.8740494, 29.7332647 ], [ 77.874232, 29.7334667 ], [ 77.8752421, 29.7343763 ], [ 77.8812271, 29.7352695 ], [ 77.88172, 29.7357985 ], [ 77.8818044, 29.7367812 ], [ 77.8824662, 29.7378958 ], [ 77.8887959, 29.7393506 ], [ 77.8921117, 29.7355182 ], [ 77.8929518, 29.7322837 ], [ 77.8936988, 29.7316862 ], [ 77.8930568, 29.7285885 ], [ 77.896732, 29.7255401 ], [ 77.8952986, 29.7235175 ], [ 77.8942017, 29.7210901 ], [ 77.8911578, 29.71814 ] ] ] } },
{ "type": "Feature", "properties": { "gp_code": "245205", "gp_name": "NAGLA CHEENA", "blkname": "NARSAN", "dtname": "Haridwar", "SHAPE_Area": 6328420.4003848769 }, "geometry": { "type": "Polygon", "coordinates": [ [ [ 77.9038682, 29.7396513 ], [ 77.9018086, 29.7377181 ], [ 77.9029476, 29.7371199 ], [ 77.9027022, 29.7366575 ], [ 77.9007003, 29.7352641 ], [ 77.8983556, 29.7342487 ], [ 77.8977474, 29.7325555 ], [ 77.893487, 29.7317034 ], [ 77.8929518, 29.7322837 ], [ 77.8921117, 29.7355182 ], [ 77.8887959, 29.7393506 ], [ 77.8824662, 29.7378958 ], [ 77.8804918, 29.7385149 ], [ 77.8798788, 29.7387824 ], [ 77.8789962, 29.7398654 ], [ 77.876669, 29.7430304 ], [ 77.8757204, 29.7448335 ], [ 77.8810213, 29.7480894 ], [ 77.8812365, 29.7487718 ], [ 77.8798467, 29.7514562 ], [ 77.8818223, 29.753271 ], [ 77.8804774, 29.7541612 ], [ 77.8861977, 29.7603548 ], [ 77.8990957, 29.7508703 ], [ 77.8988655, 29.7502112 ], [ 77.900051, 29.7479449 ], [ 77.9046991, 29.7440963 ], [ 77.9039632, 29.7434637 ], [ 77.9042547, 29.7406002 ], [ 77.9038682, 29.7396513 ] ] ] } },
{ "type": "Feature", "properties": { "gp_code": "23534", "gp_name": "BRAHMPUR SHANKARPURI", "blkname": "NARSAN", "dtname": "Haridwar", "SHAPE_Area": 4045447.0566007295 }, "geometry": { "type": "Polygon", "coordinates": [ [ [ 77.8754431, 29.7192468 ], [ 77.8834977, 29.7153816 ], [ 77.8841411, 29.7180376 ], [ 77.8846396, 29.7187907 ], [ 77.8870163, 29.7171366 ], [ 77.8900111, 29.7165323 ], [ 77.8874636, 29.7071325 ], [ 77.8910433, 29.7056351 ], [ 77.8944043, 29.702752 ], [ 77.8960247, 29.7009151 ], [ 77.8954332, 29.7008283 ], [ 77.8949914, 29.7001387 ], [ 77.8938841, 29.6993909 ], [ 77.8908983, 29.6988555 ], [ 77.8890012, 29.6996155 ], [ 77.8842916, 29.7007458 ], [ 77.8826466, 29.7024276 ], [ 77.8809953, 29.7007513 ], [ 77.8799215, 29.7011228 ], [ 77.8768809, 29.7013358 ], [ 77.8740168, 29.7025517 ], [ 77.8744621, 29.7030658 ], [ 77.8745529, 29.7040593 ], [ 77.8742654, 29.7047269 ], [ 77.8731187, 29.7054205 ], [ 77.8734102, 29.7097686 ], [ 77.8717918, 29.7102646 ], [ 77.8725784, 29.712737 ], [ 77.8725448, 29.7141027 ], [ 77.8747687, 29.7168053 ], [ 77.8747677, 29.7184577 ], [ 77.8754431, 29.7192468 ] ] ] } },
{ "type": "Feature", "properties": { "gp_code": "245205", "gp_name": "NAGLA CHEENA", "blkname": "NARSAN", "dtname": "Haridwar", "SHAPE_Area": 8570508.8471213654 }, "geometry": { "type": "Polygon", "coordinates": [ [ [ 77.9157658, 29.7022138 ], [ 77.9184685, 29.7000167 ], [ 77.9200691, 29.6992879 ], [ 77.9144476, 29.698691 ], [ 77.9134384, 29.6977408 ], [ 77.9127128, 29.6960793 ], [ 77.9125333, 29.6959219 ], [ 77.9118788, 29.6965287 ], [ 77.9112669, 29.6957707 ], [ 77.9087248, 29.6977878 ], [ 77.9020747, 29.7011938 ], [ 77.8984711, 29.7012099 ], [ 77.8966069, 29.7021992 ], [ 77.89611, 29.7010108 ], [ 77.8910433, 29.7056351 ], [ 77.8874636, 29.7071325 ], [ 77.8900111, 29.7165323 ], [ 77.8911578, 29.71814 ], [ 77.8942017, 29.7210901 ], [ 77.8952986, 29.7235175 ], [ 77.896732, 29.7255401 ], [ 77.8987374, 29.726985 ], [ 77.9043408, 29.7259119 ], [ 77.9085806, 29.7225538 ], [ 77.9124764, 29.7205198 ], [ 77.9147088, 29.7198957 ], [ 77.9157514, 29.7188116 ], [ 77.9169754, 29.7168402 ], [ 77.9173839, 29.7155912 ], [ 77.9161134, 29.7133804 ], [ 77.9163697, 29.7122984 ], [ 77.9145538, 29.7107849 ], [ 77.9123083, 29.7071717 ], [ 77.9169221, 29.7055564 ], [ 77.9157658, 29.7022138 ] ] ] } },
{ "type": "Feature", "properties": { "gp_code": "23483", "gp_name": "HARJAULI JAT", "blkname": "NARSAN", "dtname": "Haridwar", "SHAPE_Area": 6227185.2623181771 }, "geometry": { "type": "Polygon", "coordinates": [ [ [ 77.9264435, 29.7142196 ], [ 77.9228007, 29.7096687 ], [ 77.9197873, 29.7050012 ], [ 77.9169221, 29.7055564 ], [ 77.9123083, 29.7071717 ], [ 77.9145538, 29.7107849 ], [ 77.9163697, 29.7122984 ], [ 77.9161134, 29.7133804 ], [ 77.9173839, 29.7155912 ], [ 77.9169754, 29.7168402 ], [ 77.9157514, 29.7188116 ], [ 77.9147088, 29.7198957 ], [ 77.9124764, 29.7205198 ], [ 77.9085806, 29.7225538 ], [ 77.9043408, 29.7259119 ], [ 77.8987374, 29.726985 ], [ 77.896732, 29.7255401 ], [ 77.8930568, 29.7285885 ], [ 77.8936988, 29.7316862 ], [ 77.8977474, 29.7325555 ], [ 77.8983556, 29.7342487 ], [ 77.9017267, 29.7358654 ], [ 77.9029476, 29.7371199 ], [ 77.9068505, 29.7354573 ], [ 77.9107548, 29.732463 ], [ 77.9116847, 29.7322268 ], [ 77.9133709, 29.7323841 ], [ 77.9139233, 29.7327142 ], [ 77.91507, 29.7314731 ], [ 77.916215, 29.7315674 ], [ 77.9188855, 29.7294561 ], [ 77.9230052, 29.7275405 ], [ 77.9237798, 29.7265897 ], [ 77.9250397, 29.723541 ], [ 77.9271777, 29.7215341 ], [ 77.9276122, 29.7215829 ], [ 77.9264435, 29.7142196 ] ] ] } },
{ "type": "Feature", "properties": { "gp_code": "23503", "gp_name": "MUNDALANA", "blkname": "NARSAN", "dtname": "Haridwar", "SHAPE_Area": 10564147.923743321 }, "geometry": { "type": "Polygon", "coordinates": [ [ [ 77.9100953, 29.7616666 ], [ 77.9141779, 29.7567324 ], [ 77.9151458, 29.7550051 ], [ 77.9220374, 29.7496486 ], [ 77.9190733, 29.7490202 ], [ 77.9206052, 29.7480606 ], [ 77.920976, 29.7465577 ], [ 77.9216379, 29.7458503 ], [ 77.9256947, 29.7423466 ], [ 77.9271734, 29.7395867 ], [ 77.9278087, 29.7389432 ], [ 77.9307183, 29.7368903 ], [ 77.9318742, 29.7352763 ], [ 77.9353154, 29.7328551 ], [ 77.9384861, 29.7313841 ], [ 77.9401017, 29.7309622 ], [ 77.9414279, 29.7318692 ], [ 77.9455382, 29.7286274 ], [ 77.9464365, 29.7258202 ], [ 77.9481993, 29.7248531 ], [ 77.9470227, 29.7214042 ], [ 77.9461541, 29.7144498 ], [ 77.9455434, 29.7130639 ], [ 77.9440468, 29.7120658 ], [ 77.9409404, 29.7108411 ], [ 77.9393423, 29.713469 ], [ 77.9381505, 29.7144842 ], [ 77.9351617, 29.7205164 ], [ 77.929908, 29.7266163 ], [ 77.9283563, 29.7288512 ], [ 77.9260945, 29.7310273 ], [ 77.9241841, 29.7325755 ], [ 77.9201661, 29.7346611 ], [ 77.9187175, 29.7365295 ], [ 77.9153233, 29.7395366 ], [ 77.9142648, 29.7389693 ], [ 77.9126457, 29.7408282 ], [ 77.9097668, 29.7419881 ], [ 77.9066072, 29.7439412 ], [ 77.9046991, 29.7440963 ], [ 77.90376, 29.7447611 ], [ 77.900051, 29.7479449 ], [ 77.8988655, 29.7502112 ], [ 77.8990957, 29.7508703 ], [ 77.8921169, 29.755883 ], [ 77.8937277, 29.7572824 ], [ 77.8941797, 29.7569167 ], [ 77.8959486, 29.7582983 ], [ 77.8962375, 29.7580091 ], [ 77.8992921, 29.7602022 ], [ 77.9003077, 29.758485 ], [ 77.901245, 29.7591364 ], [ 77.902899, 29.7591217 ], [ 77.9084541, 29.762861 ], [ 77.909907, 29.7615077 ], [ 77.9100953, 29.7616666 ] ] ] } },
{ "type": "Feature", "properties": { "gp_code": "23518", "gp_name": "SIKANDARPUR MAWAL", "blkname": "NARSAN", "dtname": "Haridwar", "SHAPE_Area": 4178258.0004647477 }, "geometry": { "type": "Polygon", "coordinates": [ [ [ 77.9381505, 29.7144842 ], [ 77.9345661, 29.7111159 ], [ 77.930079, 29.713668 ], [ 77.9277533, 29.7132373 ], [ 77.9268926, 29.7138127 ], [ 77.9264435, 29.7142196 ], [ 77.9276122, 29.7215829 ], [ 77.9271777, 29.7215341 ], [ 77.9250397, 29.723541 ], [ 77.9234872, 29.7270497 ], [ 77.9230052, 29.7275405 ], [ 77.9184904, 29.7296949 ], [ 77.916215, 29.7315674 ], [ 77.91507, 29.7314731 ], [ 77.9140755, 29.7326636 ], [ 77.9116847, 29.7322268 ], [ 77.9107548, 29.732463 ], [ 77.9068505, 29.7354573 ], [ 77.9017872, 29.7375176 ], [ 77.9032091, 29.738818 ], [ 77.9042547, 29.7406002 ], [ 77.9039632, 29.7434637 ], [ 77.9046991, 29.7440963 ], [ 77.9066072, 29.7439412 ], [ 77.9097668, 29.7419881 ], [ 77.9126457, 29.7408282 ], [ 77.9142648, 29.7389693 ], [ 77.9153233, 29.7395366 ], [ 77.9187175, 29.7365295 ], [ 77.9201661, 29.7346611 ], [ 77.9241841, 29.7325755 ], [ 77.9260945, 29.7310273 ], [ 77.9283563, 29.7288512 ], [ 77.929908, 29.7266163 ], [ 77.9351617, 29.7205164 ], [ 77.9381505, 29.7144842 ] ] ] } },
{ "type": "Feature", "properties": { "gp_code": "275681", "gp_name": "AAMKHEDI", "blkname": "NARSAN", "dtname": "Haridwar", "SHAPE_Area": 4459524.7058171583 }, "geometry": { "type": "Polygon", "coordinates": [ [ [ 77.9122038, 29.7633525 ], [ 77.9186804, 29.7581836 ], [ 77.917891, 29.7576303 ], [ 77.9180443, 29.7572492 ], [ 77.9167372, 29.7564442 ], [ 77.9172437, 29.7558451 ], [ 77.9233416, 29.751195 ], [ 77.9266176, 29.747825 ], [ 77.9372991, 29.7420474 ], [ 77.9421492, 29.7411653 ], [ 77.9471067, 29.7379559 ], [ 77.9489799, 29.736184 ], [ 77.9512176, 29.7356212 ], [ 77.953556, 29.7335605 ], [ 77.9518362, 29.7315978 ], [ 77.9474341, 29.7288641 ], [ 77.9464365, 29.7258202 ], [ 77.9455382, 29.7286274 ], [ 77.9414279, 29.7318692 ], [ 77.9401017, 29.7309622 ], [ 77.9384861, 29.7313841 ], [ 77.9353154, 29.7328551 ], [ 77.9333907, 29.7341142 ], [ 77.9318742, 29.7352763 ], [ 77.9307183, 29.7368903 ], [ 77.9271734, 29.7395867 ], [ 77.9256947, 29.7423466 ], [ 77.9216379, 29.7458503 ], [ 77.920976, 29.7465577 ], [ 77.9206052, 29.7480606 ], [ 77.9190733, 29.7490202 ], [ 77.9220374, 29.7496486 ], [ 77.9151458, 29.7550051 ], [ 77.9141779, 29.7567324 ], [ 77.9100953, 29.7616666 ], [ 77.9122038, 29.7633525 ] ] ] } },
{ "type": "Feature", "properties": { "gp_code": "23415", "gp_name": "MO.PUR MATHANA", "blkname": "KHANPUR", "dtname": "Haridwar", "SHAPE_Area": 11975724.236542502 }, "geometry": { "type": "Polygon", "coordinates": [ [ [ 77.960924, 29.7442395 ], [ 77.9671588, 29.740562 ], [ 77.9678032, 29.7406202 ], [ 77.9687021, 29.7400401 ], [ 77.9676848, 29.7385568 ], [ 77.9717805, 29.7357527 ], [ 77.9661063, 29.7283598 ], [ 77.963972, 29.7292924 ], [ 77.962302, 29.7268962 ], [ 77.9603879, 29.7252998 ], [ 77.962165, 29.7233157 ], [ 77.9670375, 29.7199692 ], [ 77.9698607, 29.716689 ], [ 77.9722267, 29.7148869 ], [ 77.9728507, 29.7132521 ], [ 77.973648, 29.7073099 ], [ 77.9744313, 29.7047569 ], [ 77.9701191, 29.7011765 ], [ 77.9660679, 29.6959216 ], [ 77.9640796, 29.6957371 ], [ 77.9632121, 29.6958241 ], [ 77.9616235, 29.6965882 ], [ 77.9524985, 29.7018208 ], [ 77.950981, 29.7015942 ], [ 77.9495676, 29.7041338 ], [ 77.9513936, 29.7054439 ], [ 77.9530184, 29.7073471 ], [ 77.9483951, 29.7108315 ], [ 77.9470224, 29.7124841 ], [ 77.9455434, 29.7130639 ], [ 77.9461541, 29.7144498 ], [ 77.9470227, 29.7214042 ], [ 77.9481993, 29.7248531 ], [ 77.9464365, 29.7258202 ], [ 77.9474341, 29.7288641 ], [ 77.9518362, 29.7315978 ], [ 77.953556, 29.7335605 ], [ 77.9547761, 29.7342813 ], [ 77.9527737, 29.7373229 ], [ 77.9549906, 29.739783 ], [ 77.9576061, 29.7416509 ], [ 77.9583146, 29.7428276 ], [ 77.960924, 29.7442395 ] ] ] } },
{ "type": "Feature", "properties": { "gp_code": "23420", "gp_name": "TUGALPUR", "blkname": "KHANPUR", "dtname": "Haridwar", "SHAPE_Area": 2335420.159841069 }, "geometry": { "type": "Polygon", "coordinates": [ [ [ 78.0144769, 29.6400609 ], [ 78.0130606, 29.6377621 ], [ 78.0124165, 29.635193 ], [ 78.0090248, 29.6291383 ], [ 78.0072763, 29.6305427 ], [ 78.0068194, 29.6304161 ], [ 78.0039533, 29.6269913 ], [ 78.0010262, 29.6252119 ], [ 78.0000377, 29.6262948 ], [ 77.9996783, 29.6272059 ], [ 77.9992991, 29.6300342 ], [ 77.9988632, 29.6310449 ], [ 77.9993193, 29.6317886 ], [ 77.9990185, 29.6340219 ], [ 78.0005623, 29.6380817 ], [ 78.0057907, 29.6422361 ], [ 78.0074148, 29.6417361 ], [ 78.0090534, 29.6434351 ], [ 78.0114267, 29.6423941 ], [ 78.0121061, 29.6415283 ], [ 78.0144769, 29.6400609 ] ] ] } },
{ "type": "Feature", "properties": { "gp_code": "23444", "gp_name": "KHANPUR", "blkname": "KHANPUR", "dtname": "Haridwar", "SHAPE_Area": 4955638.6520370841 }, "geometry": { "type": "Polygon", "coordinates": [ [ [ 78.0092435, 29.6602197 ], [ 78.0109531, 29.6601008 ], [ 78.0122225, 29.6570092 ], [ 78.011836, 29.6551912 ], [ 78.0104273, 29.6529331 ], [ 78.0104607, 29.6481923 ], [ 78.0113855, 29.6474957 ], [ 78.0129238, 29.6484818 ], [ 78.0141176, 29.6465291 ], [ 78.0187767, 29.6436348 ], [ 78.0161177, 29.6428017 ], [ 78.0161105, 29.6415838 ], [ 78.0151301, 29.6400521 ], [ 78.0144769, 29.6400609 ], [ 78.0121061, 29.6415283 ], [ 78.0114267, 29.6423941 ], [ 78.0090534, 29.6434351 ], [ 78.0074148, 29.6417361 ], [ 78.0057907, 29.6422361 ], [ 78.0050572, 29.6426396 ], [ 78.0053305, 29.6431719 ], [ 78.0048166, 29.6434108 ], [ 78.0051985, 29.6439545 ], [ 78.0030648, 29.6457241 ], [ 78.0005619, 29.6430661 ], [ 77.9987592, 29.6440644 ], [ 77.9978644, 29.6438063 ], [ 77.997686, 29.6422896 ], [ 77.9967848, 29.6415101 ], [ 77.9931725, 29.6425164 ], [ 77.9930201, 29.6435681 ], [ 77.9910403, 29.6443567 ], [ 77.9915635, 29.6456079 ], [ 77.9931836, 29.6474138 ], [ 77.992704, 29.6478673 ], [ 77.992893, 29.6497508 ], [ 77.991002, 29.6526692 ], [ 77.9913103, 29.6546452 ], [ 77.9918199, 29.6552321 ], [ 77.9970462, 29.6590957 ], [ 77.9986923, 29.6584206 ], [ 77.9994453, 29.6585789 ], [ 77.9997866, 29.6611808 ], [ 78.0001428, 29.6613947 ], [ 78.00162, 29.6610442 ], [ 78.0043817, 29.6591757 ], [ 78.0059345, 29.6621872 ], [ 78.0070244, 29.6619418 ], [ 78.0081845, 29.6607808 ], [ 78.0092435, 29.6602197 ] ] ] } },
{ "type": "Feature", "properties": { "gp_code": "23410", "gp_name": "KHANPUR", "blkname": "KHANPUR", "dtname": "Haridwar", "SHAPE_Area": 1392266.9858356162 }, "geometry": { "type": "Polygon", "coordinates": [ [ [ 77.9930569, 29.6426279 ], [ 77.9967848, 29.6415101 ], [ 77.997686, 29.6422896 ], [ 77.9978644, 29.6438063 ], [ 77.9987592, 29.6440644 ], [ 78.0005619, 29.6430661 ], [ 78.0030648, 29.6457241 ], [ 78.0051985, 29.6439545 ], [ 78.0048166, 29.6434108 ], [ 78.0053305, 29.6431719 ], [ 78.0050572, 29.6426396 ], [ 78.0057907, 29.6422361 ], [ 78.0005623, 29.6380817 ], [ 77.9996164, 29.63559 ], [ 77.9950509, 29.6375452 ], [ 77.9941125, 29.6386424 ], [ 77.9937555, 29.6404427 ], [ 77.9909982, 29.6419557 ], [ 77.9889156, 29.6407249 ], [ 77.9850093, 29.6420868 ], [ 77.983787, 29.6436371 ], [ 77.9870558, 29.6476293 ], [ 77.9898125, 29.6448843 ], [ 77.9930201, 29.6435681 ], [ 77.9930569, 29.6426279 ] ] ] } },
{ "type": "Feature", "properties": { "gp_code": "23413", "gp_name": "MIRZAPUR MOHNAWALA", "blkname": "KHANPUR", "dtname": "Haridwar", "SHAPE_Area": 3618630.9886838812 }, "geometry": { "type": "Polygon", "coordinates": [ [ [ 78.0248554, 29.6689961 ], [ 78.0258686, 29.6667207 ], [ 78.0277463, 29.658135 ], [ 78.0281313, 29.6575826 ], [ 78.0264617, 29.6545012 ], [ 78.0243233, 29.6556532 ], [ 78.0222568, 29.6574434 ], [ 78.0219237, 29.6574184 ], [ 78.0215883, 29.6565815 ], [ 78.0214652, 29.6545246 ], [ 78.0206115, 29.6521382 ], [ 78.0174521, 29.6497149 ], [ 78.0175377, 29.6487654 ], [ 78.017783, 29.6486505 ], [ 78.0171285, 29.6457318 ], [ 78.0166175, 29.6450573 ], [ 78.0141176, 29.6465291 ], [ 78.0129238, 29.6484818 ], [ 78.0113855, 29.6474957 ], [ 78.0104607, 29.6481923 ], [ 78.0104125, 29.6514355 ], [ 78.0104273, 29.6529331 ], [ 78.0122486, 29.6563213 ], [ 78.0109531, 29.6601008 ], [ 78.0116644, 29.6628865 ], [ 78.011398, 29.6635945 ], [ 78.0122577, 29.6640707 ], [ 78.0150635, 29.6668887 ], [ 78.0163312, 29.6674305 ], [ 78.01825, 29.6674401 ], [ 78.0193245, 29.6670887 ], [ 78.0223712, 29.6686075 ], [ 78.0248554, 29.6689961 ] ] ] } },
{ "type": "Feature", "properties": { "gp_code": "23419", "gp_name": "SIKANDERPUR", "blkname": "KHANPUR", "dtname": "Haridwar", "SHAPE_Area": 303515.66514048789 }, "geometry": { "type": "Polygon", "coordinates": [ [ [ 78.0003174, 29.675726 ], [ 77.9992718, 29.6756388 ], [ 77.9981672, 29.6769599 ], [ 77.998318, 29.679858 ], [ 77.9967776, 29.685081 ], [ 77.9977765, 29.6855961 ], [ 77.9990226, 29.6856534 ], [ 77.9993638, 29.6847001 ], [ 77.9997684, 29.6823023 ], [ 77.9991104, 29.6813187 ], [ 77.9991315, 29.6805045 ], [ 78.0002455, 29.679321 ], [ 78.0019067, 29.6785166 ], [ 78.0003174, 29.675726 ] ] ] } },
{ "type": "Feature", "properties": { "gp_code": "23401", "gp_name": "BHARUWALA", "blkname": "KHANPUR", "dtname": "Haridwar", "SHAPE_Area": 10217529.146701416 }, "geometry": { "type": "Polygon", "coordinates": [ [ [ 78.0024086, 29.6990248 ], [ 78.004837, 29.6987891 ], [ 78.006333, 29.6982687 ], [ 78.0116093, 29.6958283 ], [ 78.0106413, 29.694398 ], [ 78.0101771, 29.6928236 ], [ 78.0133759, 29.6908807 ], [ 78.0145673, 29.6898121 ], [ 78.0134082, 29.6883051 ], [ 78.0129774, 29.6870374 ], [ 78.0117872, 29.6858619 ], [ 78.0147068, 29.6840429 ], [ 78.0146256, 29.6811019 ], [ 78.0140552, 29.6801364 ], [ 78.0169073, 29.6786489 ], [ 78.0182424, 29.679186 ], [ 78.0199153, 29.6807045 ], [ 78.0205715, 29.6804092 ], [ 78.0243278, 29.6711431 ], [ 78.0248554, 29.6689961 ], [ 78.0223712, 29.6686075 ], [ 78.0193245, 29.6670887 ], [ 78.0171369, 29.6675322 ], [ 78.0150635, 29.6668887 ], [ 78.0122577, 29.6640707 ], [ 78.011398, 29.6635945 ], [ 78.0116644, 29.6628865 ], [ 78.0109531, 29.6601008 ], [ 78.0092435, 29.6602197 ], [ 78.0081845, 29.6607808 ], [ 78.0070244, 29.6619418 ], [ 78.0059345, 29.6621872 ], [ 78.0043817, 29.6591757 ], [ 78.00162, 29.6610442 ], [ 78.0001428, 29.6613947 ], [ 77.9997866, 29.6611808 ], [ 77.9994453, 29.6585789 ], [ 77.9986923, 29.6584206 ], [ 77.9970462, 29.6590957 ], [ 77.9978379, 29.6631146 ], [ 77.9951378, 29.6637576 ], [ 77.9910199, 29.6658296 ], [ 77.9888529, 29.6661214 ], [ 77.9857859, 29.6672278 ], [ 77.9860755, 29.6683601 ], [ 77.9856912, 29.6694661 ], [ 77.9841591, 29.6709839 ], [ 77.9827088, 29.6717052 ], [ 77.9844392, 29.6718564 ], [ 77.9861778, 29.6724302 ], [ 77.9870831, 29.6733979 ], [ 77.9877423, 29.6748499 ], [ 77.9915809, 29.6722529 ], [ 77.9973629, 29.6705884 ], [ 77.9993536, 29.6691248 ], [ 77.9993064, 29.6734228 ], [ 78.0019067, 29.6785166 ], [ 78.0002455, 29.679321 ], [ 77.9989944, 29.6809759 ], [ 77.9997684, 29.6823023 ], [ 77.9990226, 29.6856534 ], [ 77.9997939, 29.6862765 ], [ 77.9997903, 29.6879927 ], [ 78.0000994, 29.6881641 ], [ 77.9986921, 29.6918964 ], [ 77.9996979, 29.6920793 ], [ 78.0002853, 29.6944838 ], [ 77.9994635, 29.6950901 ], [ 78.0005728, 29.6975265 ], [ 78.0024086, 29.6990248 ] ] ] } },
{ "type": "Feature", "properties": { "gp_code": "23417", "gp_name": "PRAHALADPUR", "blkname": "KHANPUR", "dtname": "Haridwar", "SHAPE_Area": 5702716.458578757 }, "geometry": { "type": "Polygon", "coordinates": [ [ [ 77.9827956, 29.6867491 ], [ 77.9827943, 29.6840857 ], [ 77.9843747, 29.6840319 ], [ 77.9853137, 29.6834298 ], [ 77.9881945, 29.6840597 ], [ 77.9912668, 29.6874319 ], [ 77.9916757, 29.6890865 ], [ 77.9933699, 29.6896782 ], [ 77.995556, 29.6900152 ], [ 77.9970772, 29.689592 ], [ 77.9997903, 29.6879927 ], [ 77.9997939, 29.6862765 ], [ 77.9990226, 29.6856534 ], [ 77.9977765, 29.6855961 ], [ 77.9967776, 29.685081 ], [ 77.998318, 29.679858 ], [ 77.9982942, 29.6765215 ], [ 77.9992718, 29.6756388 ], [ 78.0003174, 29.675726 ], [ 77.9992292, 29.6729784 ], [ 77.9993536, 29.6691248 ], [ 77.9973629, 29.6705884 ], [ 77.9915809, 29.6722529 ], [ 77.9877423, 29.6748499 ], [ 77.9870831, 29.6733979 ], [ 77.9861778, 29.6724302 ], [ 77.9833939, 29.6716653 ], [ 77.9810389, 29.672246 ], [ 77.9799785, 29.6728773 ], [ 77.9798978, 29.6736932 ], [ 77.9787478, 29.6743135 ], [ 77.9768122, 29.6738541 ], [ 77.9767749, 29.6744861 ], [ 77.9761068, 29.6755561 ], [ 77.9738677, 29.6766997 ], [ 77.9723934, 29.6779865 ], [ 77.9708098, 29.6788445 ], [ 77.9702566, 29.6809461 ], [ 77.9719749, 29.6824791 ], [ 77.9717074, 29.6840275 ], [ 77.9724656, 29.6850873 ], [ 77.9726317, 29.686203 ], [ 77.9733403, 29.6871703 ], [ 77.9739245, 29.6890531 ], [ 77.9743259, 29.6893063 ], [ 77.9771687, 29.690243 ], [ 77.9785351, 29.6903353 ], [ 77.9816018, 29.6900891 ], [ 77.9829279, 29.6894798 ], [ 77.9839199, 29.6889183 ], [ 77.9827956, 29.6867491 ] ] ] } },
{ "type": "Feature", "properties": { "gp_code": "23417", "gp_name": "PRAHALADPUR", "blkname": "KHANPUR", "dtname": "Haridwar", "SHAPE_Area": 6639424.0270851217 }, "geometry": { "type": "Polygon", "coordinates": [ [ [ 77.975161, 29.6725745 ], [ 77.9768752, 29.6711688 ], [ 77.9782626, 29.6692712 ], [ 77.9764986, 29.6682703 ], [ 77.9749329, 29.6666888 ], [ 77.9812166, 29.6625319 ], [ 77.9815236, 29.661384 ], [ 77.9851745, 29.6593121 ], [ 77.9874588, 29.6567824 ], [ 77.9891603, 29.6562325 ], [ 77.9935938, 29.6564669 ], [ 77.9913103, 29.6546452 ], [ 77.9909142, 29.6533771 ], [ 77.991002, 29.6526692 ], [ 77.992893, 29.6497508 ], [ 77.992704, 29.6478673 ], [ 77.9931836, 29.6474138 ], [ 77.9915635, 29.6456079 ], [ 77.9910403, 29.6443567 ], [ 77.9898125, 29.6448843 ], [ 77.9870558, 29.6476293 ], [ 77.983787, 29.6436371 ], [ 77.9833154, 29.6438188 ], [ 77.9837674, 29.6447237 ], [ 77.9818597, 29.6451247 ], [ 77.9794527, 29.642657 ], [ 77.9764236, 29.6450637 ], [ 77.9707442, 29.6473116 ], [ 77.9673823, 29.6497989 ], [ 77.9664506, 29.6501435 ], [ 77.9673489, 29.6525383 ], [ 77.9692727, 29.6550816 ], [ 77.9695465, 29.6562336 ], [ 77.9694285, 29.6583121 ], [ 77.9689849, 29.6595171 ], [ 77.9690338, 29.6611169 ], [ 77.9699942, 29.6625645 ], [ 77.970225, 29.6648409 ], [ 77.9694809, 29.6657902 ], [ 77.969959, 29.6664307 ], [ 77.9691137, 29.6674539 ], [ 77.965772, 29.6688663 ], [ 77.9621435, 29.6716468 ], [ 77.9654087, 29.6723759 ], [ 77.9697388, 29.6756517 ], [ 77.972965, 29.6732616 ], [ 77.975161, 29.6725745 ] ] ] } },
{ "type": "Feature", "properties": { "gp_code": "23419", "gp_name": "SIKANDERPUR", "blkname": "KHANPUR", "dtname": "Haridwar", "SHAPE_Area": 10849517.953772096 }, "geometry": { "type": "Polygon", "coordinates": [ [ [ 77.9632121, 29.6958241 ], [ 77.9660679, 29.6959216 ], [ 77.9664367, 29.6946786 ], [ 77.9680595, 29.6926509 ], [ 77.9694448, 29.6922821 ], [ 77.970774, 29.6923689 ], [ 77.9709766, 29.6921288 ], [ 77.9690096, 29.6893338 ], [ 77.9664487, 29.6894716 ], [ 77.9664333, 29.68903 ], [ 77.9664505, 29.6882547 ], [ 77.9686287, 29.6879129 ], [ 77.9702748, 29.686683 ], [ 77.9726317, 29.686203 ], [ 77.9724656, 29.6850873 ], [ 77.9717074, 29.6840275 ], [ 77.9719749, 29.6824791 ], [ 77.9702566, 29.6809461 ], [ 77.9709178, 29.6786738 ], [ 77.9761068, 29.6755561 ], [ 77.9767749, 29.6744861 ], [ 77.9768122, 29.6738541 ], [ 77.9787478, 29.6743135 ], [ 77.9798978, 29.6736932 ], [ 77.9799785, 29.6728773 ], [ 77.9804386, 29.6724571 ], [ 77.9841591, 29.6709839 ], [ 77.9856912, 29.6694661 ], [ 77.9860755, 29.6683601 ], [ 77.9857859, 29.6672278 ], [ 77.9888529, 29.6661214 ], [ 77.9910199, 29.6658296 ], [ 77.9951378, 29.6637576 ], [ 77.9978379, 29.6631146 ], [ 77.9967769, 29.6587759 ], [ 77.9935938, 29.6564669 ], [ 77.9928536, 29.6562541 ], [ 77.9891603, 29.6562325 ], [ 77.9874588, 29.6567824 ], [ 77.9851745, 29.6593121 ], [ 77.9815236, 29.661384 ], [ 77.9812166, 29.6625319 ], [ 77.9749329, 29.6666888 ], [ 77.9764986, 29.6682703 ], [ 77.9781729, 29.6691646 ], [ 77.9781734, 29.6696547 ], [ 77.9768752, 29.6711688 ], [ 77.9747633, 29.6728806 ], [ 77.972965, 29.6732616 ], [ 77.9697388, 29.6756517 ], [ 77.9654087, 29.6723759 ], [ 77.9621435, 29.6716468 ], [ 77.961107, 29.6728253 ], [ 77.9575294, 29.6738215 ], [ 77.9565129, 29.675413 ], [ 77.9541032, 29.6776311 ], [ 77.9509206, 29.6784935 ], [ 77.9493685, 29.6798008 ], [ 77.9476193, 29.6820722 ], [ 77.9474418, 29.6830883 ], [ 77.947691, 29.6837595 ], [ 77.9509343, 29.687357 ], [ 77.9507942, 29.6875614 ], [ 77.9486913, 29.6892954 ], [ 77.9458923, 29.6899613 ], [ 77.9449567, 29.6907771 ], [ 77.9456724, 29.6918244 ], [ 77.9433822, 29.6931174 ], [ 77.9398945, 29.6960831 ], [ 77.9449025, 29.699204 ], [ 77.9482185, 29.699994 ], [ 77.9492513, 29.7005654 ], [ 77.9499905, 29.701418 ], [ 77.9524985, 29.7018208 ], [ 77.9632121, 29.6958241 ] ] ] } },
{ "type": "Feature", "properties": { "gp_code": "23405", "gp_name": "DHARAMPUR ROHALKI", "blkname": "KHANPUR", "dtname": "Haridwar", "SHAPE_Area": 7481300.9869767036 }, "geometry": { "type": "Polygon", "coordinates": [ [ [ 77.9906523, 29.6974879 ], [ 77.9885483, 29.6963339 ], [ 77.9875016, 29.6969792 ], [ 77.9870032, 29.696905 ], [ 77.9864068, 29.6961124 ], [ 77.9858581, 29.6950343 ], [ 77.9857047, 29.6923575 ], [ 77.9839199, 29.6889183 ], [ 77.9816018, 29.6900891 ], [ 77.9771687, 29.690243 ], [ 77.9739245, 29.6890531 ], [ 77.9733403, 29.6871703 ], [ 77.9726317, 29.686203 ], [ 77.9702748, 29.686683 ], [ 77.9686287, 29.6879129 ], [ 77.9664505, 29.6882547 ], [ 77.9664487, 29.6894716 ], [ 77.9687348, 29.6891568 ], [ 77.9709766, 29.6921288 ], [ 77.970774, 29.6923689 ], [ 77.9694448, 29.6922821 ], [ 77.9680595, 29.6926509 ], [ 77.9664367, 29.6946786 ], [ 77.9660679, 29.6959216 ], [ 77.9701191, 29.7011765 ], [ 77.9744313, 29.7047569 ], [ 77.973648, 29.7073099 ], [ 77.9728507, 29.7132521 ], [ 77.9722267, 29.7148869 ], [ 77.9777845, 29.7201843 ], [ 77.9806812, 29.7223673 ], [ 77.9835784, 29.7203145 ], [ 77.9833521, 29.7185605 ], [ 77.9839022, 29.7177655 ], [ 77.9867569, 29.7153145 ], [ 77.9899616, 29.7137433 ], [ 77.9917928, 29.7122296 ], [ 77.9926462, 29.7108407 ], [ 77.9927196, 29.7104434 ], [ 77.9904729, 29.7091968 ], [ 77.9916348, 29.7080082 ], [ 77.9879214, 29.7040094 ], [ 77.9898608, 29.6986333 ], [ 77.9906523, 29.6974879 ] ] ] } },
{ "type": "Feature", "properties": { "gp_code": "23409", "gp_name": "KARANPUR", "blkname": "KHANPUR", "dtname": "Haridwar", "SHAPE_Area": 4762687.5637068581 }, "geometry": { "type": "Polygon", "coordinates": [ [ [ 77.9817033, 29.7352124 ], [ 77.9833193, 29.7337157 ], [ 77.9840168, 29.7319842 ], [ 77.9839596, 29.7313894 ], [ 77.9833306, 29.7305979 ], [ 77.9840373, 29.7299983 ], [ 77.9830826, 29.7279315 ], [ 77.9818032, 29.7261932 ], [ 77.9847496, 29.7228212 ], [ 77.9846898, 29.7215757 ], [ 77.9835784, 29.7203145 ], [ 77.9806812, 29.7223673 ], [ 77.9777845, 29.7201843 ], [ 77.9722267, 29.7148869 ], [ 77.9698607, 29.716689 ], [ 77.9670375, 29.7199692 ], [ 77.962165, 29.7233157 ], [ 77.9603879, 29.7252998 ], [ 77.962302, 29.7268962 ], [ 77.963972, 29.7292924 ], [ 77.9661063, 29.7283598 ], [ 77.97172, 29.7356205 ], [ 77.9676848, 29.7385568 ], [ 77.9695318, 29.7413812 ], [ 77.9732677, 29.7390687 ], [ 77.9735384, 29.739373 ], [ 77.9817033, 29.7352124 ] ] ] } },
{ "type": "Feature", "properties": { "gp_code": "23436", "gp_name": "DHADHEKI DHANA", "blkname": "LAKSAR", "dtname": "Haridwar", "SHAPE_Area": 6403597.0876889713 }, "geometry": { "type": "Polygon", "coordinates": [ [ [ 77.978648, 29.7492704 ], [ 77.9839335, 29.7483331 ], [ 77.9864308, 29.7468525 ], [ 77.9879486, 29.7455533 ], [ 77.9866474, 29.7418946 ], [ 77.9869033, 29.7388074 ], [ 77.986216, 29.7377831 ], [ 77.9832663, 29.7355606 ], [ 77.9817033, 29.7352124 ], [ 77.9735384, 29.739373 ], [ 77.9732677, 29.7390687 ], [ 77.9695318, 29.7413812 ], [ 77.9687021, 29.7400401 ], [ 77.9678032, 29.7406202 ], [ 77.9671588, 29.740562 ], [ 77.960924, 29.7442395 ], [ 77.9583146, 29.7428276 ], [ 77.9550342, 29.7464201 ], [ 77.954471, 29.7476307 ], [ 77.9549336, 29.7485253 ], [ 77.9525167, 29.7508708 ], [ 77.9520786, 29.7527593 ], [ 77.9534265, 29.7536587 ], [ 77.9534823, 29.7541785 ], [ 77.9550177, 29.7561725 ], [ 77.9575627, 29.757778 ], [ 77.9576762, 29.7582756 ], [ 77.962492, 29.7594901 ], [ 77.9649466, 29.7604387 ], [ 77.966031, 29.7596861 ], [ 77.9701118, 29.7549131 ], [ 77.9733484, 29.7499249 ], [ 77.9755286, 29.7483717 ], [ 77.9769623, 29.7491812 ], [ 77.978648, 29.7492704 ] ] ] } },
{ "type": "Feature", "properties": { "gp_code": "23378", "gp_name": "MAHESHWARI", "blkname": "LAKSAR", "dtname": "Haridwar", "SHAPE_Area": 1221291.3596609985 }, "geometry": { "type": "Polygon", "coordinates": [ [ [ 77.9923073, 29.7334987 ], [ 77.9964704, 29.7280602 ], [ 77.9950123, 29.7249224 ], [ 77.9922354, 29.7266689 ], [ 77.9882808, 29.730068 ], [ 77.9873165, 29.7294425 ], [ 77.9863438, 29.7303139 ], [ 77.9840373, 29.7299983 ], [ 77.9833306, 29.7305979 ], [ 77.9839596, 29.7313894 ], [ 77.9840168, 29.7319842 ], [ 77.9834363, 29.7335398 ], [ 77.9817033, 29.7352124 ], [ 77.9832663, 29.7355606 ], [ 77.986216, 29.7377831 ], [ 77.9879725, 29.7379716 ], [ 77.9910634, 29.7352094 ], [ 77.9922007, 29.7347446 ], [ 77.9923073, 29.7334987 ] ] ] } },
{ "type": "Feature", "properties": { "gp_code": "23433", "gp_name": "DABKI KALAN", "blkname": "LAKSAR", "dtname": "Haridwar", "SHAPE_Area": 7214742.8381298538 }, "geometry": { "type": "Polygon", "coordinates": [ [ [ 77.994001, 29.7399174 ], [ 77.9975312, 29.7383221 ], [ 77.9987866, 29.7396078 ], [ 77.9994219, 29.7413924 ], [ 78.0004112, 29.7422251 ], [ 78.003511, 29.7404696 ], [ 78.0057545, 29.7398481 ], [ 78.0075809, 29.7412314 ], [ 78.0083641, 29.7408392 ], [ 78.0112787, 29.7420674 ], [ 78.0123731, 29.7396072 ], [ 78.0121561, 29.7394312 ], [ 78.0111013, 29.7401773 ], [ 78.0108094, 29.7398344 ], [ 78.0116217, 29.7383055 ], [ 78.010994, 29.7377415 ], [ 78.0116246, 29.7376425 ], [ 78.0119583, 29.7369998 ], [ 78.0111756, 29.7362056 ], [ 78.0121115, 29.7355475 ], [ 78.0116157, 29.7348256 ], [ 78.0111589, 29.7335669 ], [ 78.0112419, 29.7329331 ], [ 78.0106172, 29.731618 ], [ 78.0108298, 29.7300935 ], [ 78.0094218, 29.7297028 ], [ 78.0091301, 29.7289156 ], [ 78.0114275, 29.7288443 ], [ 78.0106474, 29.7281245 ], [ 78.0115417, 29.7276851 ], [ 78.0119633, 29.7267313 ], [ 78.0130801, 29.7258475 ], [ 78.012649, 29.7250558 ], [ 78.0122406, 29.7251369 ], [ 78.0119362, 29.7241173 ], [ 78.0109882, 29.7237155 ], [ 78.0107558, 29.723138 ], [ 78.0117563, 29.7221957 ], [ 78.0138612, 29.7188946 ], [ 78.0135101, 29.7182179 ], [ 78.0140664, 29.716504 ], [ 78.0138296, 29.7146274 ], [ 78.012716, 29.7147466 ], [ 78.0112507, 29.7155354 ], [ 78.0085725, 29.7132971 ], [ 78.0064094, 29.7143044 ], [ 78.0016304, 29.7172996 ], [ 78.0004556, 29.7167639 ], [ 77.9998018, 29.7156665 ], [ 78.0001263, 29.7141518 ], [ 77.9986743, 29.7143258 ], [ 77.9931533, 29.7172855 ], [ 77.9933511, 29.7178262 ], [ 77.9917104, 29.7187398 ], [ 77.9909345, 29.7195867 ], [ 77.992223, 29.7206778 ], [ 77.9929338, 29.7220032 ], [ 77.994061, 29.7231684 ], [ 77.9964704, 29.7280602 ], [ 77.9933011, 29.7319109 ], [ 77.9923073, 29.7334987 ], [ 77.9922007, 29.7347446 ], [ 77.9910634, 29.7352094 ], [ 77.9879725, 29.7379716 ], [ 77.986216, 29.7377831 ], [ 77.9870085, 29.7391607 ], [ 77.9866474, 29.7418946 ], [ 77.9879486, 29.7455533 ], [ 77.9906265, 29.7424388 ], [ 77.994001, 29.7399174 ] ] ] } },
{ "type": "Feature", "properties": { "gp_code": "23400", "gp_name": "ABDUL RAHIMPUR", "blkname": "KHANPUR", "dtname": "Haridwar", "SHAPE_Area": 3172054.1212171991 }, "geometry": { "type": "Polygon", "coordinates": [ [ [ 77.9865448, 29.7302365 ], [ 77.9873165, 29.7294425 ], [ 77.9882808, 29.730068 ], [ 77.9922354, 29.7266689 ], [ 77.9950123, 29.7249224 ], [ 77.992223, 29.7206778 ], [ 77.9909345, 29.7195867 ], [ 77.9917104, 29.7187398 ], [ 77.9933511, 29.7178262 ], [ 77.9931533, 29.7172855 ], [ 77.9986743, 29.7143258 ], [ 78.0001263, 29.7141518 ], [ 77.9998018, 29.7156665 ], [ 78.0004556, 29.7167639 ], [ 78.0016304, 29.7172996 ], [ 78.0064094, 29.7143044 ], [ 78.0055573, 29.7136138 ], [ 78.0044666, 29.7141254 ], [ 78.0038959, 29.7135928 ], [ 78.0044336, 29.7130743 ], [ 78.0037753, 29.7123411 ], [ 78.0039562, 29.7121201 ], [ 78.003729, 29.7118584 ], [ 78.0004522, 29.708943 ], [ 77.9988897, 29.708083 ], [ 77.9987348, 29.7078821 ], [ 78.0003062, 29.7068003 ], [ 77.9995496, 29.7061888 ], [ 77.997302, 29.7060356 ], [ 77.9957196, 29.7071926 ], [ 77.9927196, 29.7104434 ], [ 77.9917928, 29.7122296 ], [ 77.9891982, 29.7143151 ], [ 77.9859407, 29.7158813 ], [ 77.9833521, 29.7185605 ], [ 77.9835784, 29.7203145 ], [ 77.9846898, 29.7215757 ], [ 77.9848592, 29.7224602 ], [ 77.9818032, 29.7261932 ], [ 77.9830826, 29.7279315 ], [ 77.9840373, 29.7299983 ], [ 77.9865448, 29.7302365 ] ] ] } },
{ "type": "Feature", "properties": { "gp_code": "23406", "gp_name": "GORDHANPUR", "blkname": "KHANPUR", "dtname": "Haridwar", "SHAPE_Area": 3633091.46991897 }, "geometry": { "type": "Polygon", "coordinates": [ [ [ 78.0134992, 29.714068 ], [ 78.0112082, 29.712538 ], [ 78.0106036, 29.712601 ], [ 78.0074458, 29.708955 ], [ 78.0077412, 29.7073381 ], [ 78.0069637, 29.7070243 ], [ 78.0072095, 29.706456 ], [ 78.0082252, 29.7057641 ], [ 78.0059308, 29.7015298 ], [ 78.0053765, 29.6994185 ], [ 78.004837, 29.6987891 ], [ 78.0024086, 29.6990248 ], [ 78.0005728, 29.6975265 ], [ 77.9994635, 29.6950901 ], [ 78.0002853, 29.6944838 ], [ 77.9996979, 29.6920793 ], [ 77.9980412, 29.6918979 ], [ 77.9960094, 29.6925039 ], [ 77.9932464, 29.6954565 ], [ 77.9900876, 29.6982247 ], [ 77.9879214, 29.7040094 ], [ 77.9916348, 29.7080082 ], [ 77.9904729, 29.7091968 ], [ 77.9910283, 29.7095985 ], [ 77.9927196, 29.7104434 ], [ 77.9952374, 29.7076462 ], [ 77.997302, 29.7060356 ], [ 77.9995496, 29.7061888 ], [ 78.0003062, 29.7068003 ], [ 77.9987348, 29.7078821 ], [ 78.0004522, 29.708943 ], [ 78.003729, 29.7118584 ], [ 78.0039562, 29.7121201 ], [ 78.0037753, 29.7123411 ], [ 78.0044336, 29.7130743 ], [ 78.0038959, 29.7135928 ], [ 78.0044666, 29.7141254 ], [ 78.0055573, 29.7136138 ], [ 78.0064094, 29.7143044 ], [ 78.0085725, 29.7132971 ], [ 78.0112507, 29.7155354 ], [ 78.0135559, 29.7143973 ], [ 78.0134992, 29.714068 ] ] ] } },
{ "type": "Feature", "properties": { "gp_code": "23329", "gp_name": "RAJPUR", "blkname": "KHANPUR", "dtname": "Haridwar", "SHAPE_Area": 1665538.4381722747 }, "geometry": { "type": "Polygon", "coordinates": [ [ [ 77.9986921, 29.6918964 ], [ 77.9999449, 29.6888116 ], [ 78.0000994, 29.6881641 ], [ 77.9997903, 29.6879927 ], [ 77.9970772, 29.689592 ], [ 77.995556, 29.6900152 ], [ 77.9933699, 29.6896782 ], [ 77.9916757, 29.6890865 ], [ 77.9912668, 29.6874319 ], [ 77.9881945, 29.6840597 ], [ 77.9853137, 29.6834298 ], [ 77.9843747, 29.6840319 ], [ 77.9827943, 29.6840857 ], [ 77.9827956, 29.6867491 ], [ 77.9853687, 29.6915167 ], [ 77.985794, 29.692861 ], [ 77.9858581, 29.6950343 ], [ 77.9870032, 29.696905 ], [ 77.9875016, 29.6969792 ], [ 77.9885483, 29.6963339 ], [ 77.9906523, 29.6974879 ], [ 77.9932464, 29.6954565 ], [ 77.9960094, 29.6925039 ], [ 77.9968844, 29.6920933 ], [ 77.9986921, 29.6918964 ] ] ] } },
{ "type": "Feature", "properties": { "gp_code": "23408", "gp_name": "KANEWALI RAISINGH", "blkname": "KHANPUR", "dtname": "Haridwar", "SHAPE_Area": 1999931.7502889326 }, "geometry": { "type": "Polygon", "coordinates": [ [ [ 78.035486, 29.7048048 ], [ 78.0371758, 29.7042592 ], [ 78.0378088, 29.7035986 ], [ 78.041395, 29.7016663 ], [ 78.0428629, 29.6988812 ], [ 78.0445035, 29.6974109 ], [ 78.0497037, 29.6963132 ], [ 78.0534004, 29.6950324 ], [ 78.0500241, 29.6944382 ], [ 78.0491446, 29.6936483 ], [ 78.0472698, 29.6931062 ], [ 78.0469822, 29.6924968 ], [ 78.043921, 29.6917671 ], [ 78.0403128, 29.6885152 ], [ 78.0374937, 29.6931359 ], [ 78.0357676, 29.6950842 ], [ 78.0346644, 29.6957538 ], [ 78.0353307, 29.6965974 ], [ 78.0353561, 29.6978694 ], [ 78.0348911, 29.6981942 ], [ 78.0349246, 29.6986317 ], [ 78.0324263, 29.6995288 ], [ 78.0301159, 29.7021986 ], [ 78.0326394, 29.703902 ], [ 78.035486, 29.7048048 ] ] ] } },
{ "type": "Feature", "properties": { "gp_code": "", "gp_name": "", "blkname": "LAKSAR", "dtname": "Haridwar", "SHAPE_Area": 247746.14673639255 }, "geometry": { "type": "Polygon", "coordinates": [ [ [ 78.0451711, 29.7060332 ], [ 78.045936, 29.7051853 ], [ 78.0454271, 29.7045086 ], [ 78.0437739, 29.7035161 ], [ 78.04326, 29.7027514 ], [ 78.0424798, 29.7026859 ], [ 78.0379405, 29.7043879 ], [ 78.0379112, 29.70755 ], [ 78.0396995, 29.7053874 ], [ 78.0451711, 29.7060332 ] ] ] } },
{ "type": "Feature", "properties": { "gp_code": "23457", "gp_name": "MUNDA KHERA KHURD", "blkname": "LAKSAR", "dtname": "Haridwar", "SHAPE_Area": 1291364.3409542684 }, "geometry": { "type": "Polygon", "coordinates": [ [ [ 78.0536359, 29.7211787 ], [ 78.0516416, 29.7172317 ], [ 78.053011, 29.7164988 ], [ 78.0542486, 29.7166838 ], [ 78.0552487, 29.7154367 ], [ 78.0521228, 29.7115731 ], [ 78.0515983, 29.7116384 ], [ 78.0495341, 29.7099242 ], [ 78.0475292, 29.710587 ], [ 78.047214, 29.7109591 ], [ 78.0472758, 29.7119425 ], [ 78.0482833, 29.7134086 ], [ 78.0475287, 29.7143038 ], [ 78.0474998, 29.7168885 ], [ 78.0451125, 29.71731 ], [ 78.0452157, 29.7177137 ], [ 78.0426601, 29.7190779 ], [ 78.0451142, 29.7223101 ], [ 78.0454988, 29.7245384 ], [ 78.0482509, 29.7234878 ], [ 78.04907, 29.7236028 ], [ 78.0536359, 29.7211787 ] ] ] } },
{ "type": "Feature", "properties": { "gp_code": "23446", "gp_name": "KHEDI KHURD", "blkname": "LAKSAR", "dtname": "Haridwar", "SHAPE_Area": 3095804.9958201852 }, "geometry": { "type": "Polygon", "coordinates": [ [ [ 78.0353038, 29.7202404 ], [ 78.0381926, 29.7196454 ], [ 78.0421307, 29.7173975 ], [ 78.0434819, 29.7185074 ], [ 78.0452157, 29.7177137 ], [ 78.0451125, 29.71731 ], [ 78.0474998, 29.7168885 ], [ 78.0475287, 29.7143038 ], [ 78.0482833, 29.7134086 ], [ 78.0472758, 29.7119425 ], [ 78.047214, 29.7109591 ], [ 78.0475292, 29.710587 ], [ 78.0459693, 29.7064889 ], [ 78.0451711, 29.7060332 ], [ 78.0396995, 29.7053874 ], [ 78.0386633, 29.7063277 ], [ 78.0374925, 29.7087452 ], [ 78.0367431, 29.7093247 ], [ 78.0357483, 29.7095568 ], [ 78.0350639, 29.7088982 ], [ 78.0347046, 29.7093424 ], [ 78.0323227, 29.7092042 ], [ 78.03115, 29.7084508 ], [ 78.0306048, 29.708516 ], [ 78.0294962, 29.7092419 ], [ 78.0292892, 29.7102771 ], [ 78.028907, 29.709959 ], [ 78.0277416, 29.7106353 ], [ 78.0292345, 29.7117093 ], [ 78.0282472, 29.7128254 ], [ 78.028221, 29.7136531 ], [ 78.0274455, 29.7152542 ], [ 78.0305242, 29.718665 ], [ 78.0306452, 29.7197702 ], [ 78.0310095, 29.719971 ], [ 78.0306008, 29.7212001 ], [ 78.031239, 29.721658 ], [ 78.0353038, 29.7202404 ] ] ] } },
{ "type": "Feature", "properties": { "gp_code": "23414", "gp_name": "MIRZAPUR SADAAT", "blkname": "KHANPUR", "dtname": "Haridwar", "SHAPE_Area": 3763634.5228868048 }, "geometry": { "type": "Polygon", "coordinates": [ [ [ 78.0275592, 29.7150896 ], [ 78.028221, 29.7136531 ], [ 78.0282472, 29.7128254 ], [ 78.0292345, 29.7117093 ], [ 78.0277416, 29.7106353 ], [ 78.028907, 29.709959 ], [ 78.0292892, 29.7102771 ], [ 78.0294962, 29.7092419 ], [ 78.0306048, 29.708516 ], [ 78.03115, 29.7084508 ], [ 78.0323227, 29.7092042 ], [ 78.0347046, 29.7093424 ], [ 78.0350639, 29.7088982 ], [ 78.0357483, 29.7095568 ], [ 78.0367431, 29.7093247 ], [ 78.0377741, 29.7082604 ], [ 78.0377618, 29.706014 ], [ 78.0381237, 29.7049045 ], [ 78.0379405, 29.7043879 ], [ 78.0361992, 29.7043719 ], [ 78.035486, 29.7048048 ], [ 78.0332851, 29.7041321 ], [ 78.0319471, 29.7035342 ], [ 78.0281996, 29.700793 ], [ 78.0252418, 29.700136 ], [ 78.0246321, 29.70042 ], [ 78.0246604, 29.7007199 ], [ 78.0233092, 29.7009429 ], [ 78.0223218, 29.7024446 ], [ 78.0213888, 29.703245 ], [ 78.0148598, 29.7052005 ], [ 78.0141854, 29.7052656 ], [ 78.0129437, 29.7033594 ], [ 78.0103187, 29.7037937 ], [ 78.0094759, 29.7050834 ], [ 78.0072095, 29.706456 ], [ 78.0070052, 29.7068912 ], [ 78.0077412, 29.7073381 ], [ 78.0075827, 29.7091266 ], [ 78.0106036, 29.712601 ], [ 78.0112082, 29.712538 ], [ 78.0131194, 29.7140476 ], [ 78.0145017, 29.7138745 ], [ 78.014962, 29.7130605 ], [ 78.0160574, 29.7132142 ], [ 78.0169407, 29.7138144 ], [ 78.0174477, 29.7126396 ], [ 78.0198349, 29.7127418 ], [ 78.020432, 29.7119593 ], [ 78.0211087, 29.7125595 ], [ 78.0219612, 29.7126951 ], [ 78.0229555, 29.7136246 ], [ 78.0237948, 29.7148901 ], [ 78.0231411, 29.7148222 ], [ 78.023216, 29.7150794 ], [ 78.025895, 29.7157319 ], [ 78.0275592, 29.7150896 ] ] ] } },
{ "type": "Feature", "properties": { "gp_code": "23447", "gp_name": "KHEDI MUBARAKPUR", "blkname": "LAKSAR", "dtname": "Haridwar", "SHAPE_Area": 4919926.4019845547 }, "geometry": { "type": "Polygon", "coordinates": [ [ [ 78.0184829, 29.7385425 ], [ 78.0203592, 29.7380898 ], [ 78.0212537, 29.7375262 ], [ 78.0207425, 29.7360579 ], [ 78.0202541, 29.7360239 ], [ 78.0178943, 29.7310682 ], [ 78.0223502, 29.7288593 ], [ 78.0293979, 29.7259496 ], [ 78.032295, 29.7243625 ], [ 78.0313939, 29.721913 ], [ 78.0305337, 29.7211009 ], [ 78.0310095, 29.719971 ], [ 78.0306452, 29.7197702 ], [ 78.0305242, 29.718665 ], [ 78.0299121, 29.7178191 ], [ 78.0274455, 29.7152542 ], [ 78.0255255, 29.7157183 ], [ 78.023216, 29.7150794 ], [ 78.0231411, 29.7148222 ], [ 78.0237948, 29.7148901 ], [ 78.0229555, 29.7136246 ], [ 78.0219612, 29.7126951 ], [ 78.0211087, 29.7125595 ], [ 78.020432, 29.7119593 ], [ 78.0198349, 29.7127418 ], [ 78.0174477, 29.7126396 ], [ 78.0169407, 29.7138144 ], [ 78.0160574, 29.7132142 ], [ 78.014962, 29.7130605 ], [ 78.0145017, 29.7138745 ], [ 78.0134992, 29.714068 ], [ 78.0134653, 29.7145484 ], [ 78.014062, 29.7150019 ], [ 78.0139938, 29.7172753 ], [ 78.0135101, 29.7182179 ], [ 78.0138612, 29.7188946 ], [ 78.0117563, 29.7221957 ], [ 78.0107558, 29.723138 ], [ 78.0109882, 29.7237155 ], [ 78.0119362, 29.7241173 ], [ 78.0122406, 29.7251369 ], [ 78.012649, 29.7250558 ], [ 78.0130801, 29.7258475 ], [ 78.0119633, 29.7267313 ], [ 78.0115417, 29.7276851 ], [ 78.0106474, 29.7281245 ], [ 78.0114275, 29.7288443 ], [ 78.0091301, 29.7289156 ], [ 78.0094218, 29.7297028 ], [ 78.0108298, 29.7300935 ], [ 78.0106172, 29.731618 ], [ 78.0112419, 29.7329331 ], [ 78.0111589, 29.7335669 ], [ 78.0116157, 29.7348256 ], [ 78.0120883, 29.7354302 ], [ 78.0120442, 29.7357346 ], [ 78.0111756, 29.7362056 ], [ 78.0119583, 29.7369998 ], [ 78.0116246, 29.7376425 ], [ 78.010994, 29.7377415 ], [ 78.0116217, 29.7383055 ], [ 78.0112778, 29.7386979 ], [ 78.0113215, 29.7391941 ], [ 78.0107785, 29.73969 ], [ 78.0111013, 29.7401773 ], [ 78.0121561, 29.7394312 ], [ 78.0123731, 29.7396072 ], [ 78.0117469, 29.7412623 ], [ 78.0134528, 29.7407893 ], [ 78.0167615, 29.7392095 ], [ 78.017348, 29.7393856 ], [ 78.0184829, 29.7385425 ] ] ] } },
{ "type": "Feature", "properties": { "gp_code": "23424", "gp_name": "AKAUDHA KALAN", "blkname": "LAKSAR", "dtname": "Haridwar", "SHAPE_Area": 6159835.5231637117 }, "geometry": { "type": "Polygon", "coordinates": [ [ [ 78.0094114, 29.7495679 ], [ 78.0097894, 29.7483095 ], [ 78.0110585, 29.7482717 ], [ 78.0110039, 29.7489686 ], [ 78.0115723, 29.7493499 ], [ 78.0121927, 29.7490254 ], [ 78.0123871, 29.7477648 ], [ 78.0134057, 29.7471855 ], [ 78.0138916, 29.7472263 ], [ 78.014308, 29.746719 ], [ 78.0150132, 29.7475763 ], [ 78.0163751, 29.747818 ], [ 78.0165223, 29.7481293 ], [ 78.0178253, 29.7471622 ], [ 78.0195649, 29.7466486 ], [ 78.0203739, 29.7465022 ], [ 78.0208287, 29.7467595 ], [ 78.0227519, 29.7459391 ], [ 78.0242482, 29.7463252 ], [ 78.0310874, 29.7439882 ], [ 78.0305683, 29.7429348 ], [ 78.0340034, 29.741411 ], [ 78.0371331, 29.7409989 ], [ 78.0390351, 29.741439 ], [ 78.0412838, 29.7404336 ], [ 78.0413822, 29.7393825 ], [ 78.0404158, 29.7382795 ], [ 78.0417884, 29.7373235 ], [ 78.0400393, 29.7350633 ], [ 78.0391172, 29.7327921 ], [ 78.0387012, 29.7328776 ], [ 78.0366759, 29.7302431 ], [ 78.0368621, 29.7294334 ], [ 78.0376141, 29.7288742 ], [ 78.0360486, 29.7275478 ], [ 78.0359249, 29.7264089 ], [ 78.032295, 29.7243625 ], [ 78.0293979, 29.7259496 ], [ 78.0223502, 29.7288593 ], [ 78.0178943, 29.7310682 ], [ 78.0202541, 29.7360239 ], [ 78.0207425, 29.7360579 ], [ 78.0212537, 29.7375262 ], [ 78.0203592, 29.7380898 ], [ 78.0189637, 29.7382923 ], [ 78.017348, 29.7393856 ], [ 78.0167615, 29.7392095 ], [ 78.0134528, 29.7407893 ], [ 78.0117469, 29.7412623 ], [ 78.0113018, 29.7423041 ], [ 78.0120043, 29.7431434 ], [ 78.010748, 29.7438827 ], [ 78.0081173, 29.7433787 ], [ 78.0077533, 29.7425328 ], [ 78.0055198, 29.7435761 ], [ 78.0042758, 29.7451543 ], [ 78.0046038, 29.7455559 ], [ 78.0042623, 29.7460699 ], [ 78.0045362, 29.7462302 ], [ 78.0045355, 29.7474662 ], [ 78.0048507, 29.7477753 ], [ 78.0064422, 29.7486758 ], [ 78.0076905, 29.7488184 ], [ 78.0078867, 29.7491929 ], [ 78.0094114, 29.7495679 ] ] ] } },
{ "type": "Feature", "properties": { "gp_code": "23443", "gp_name": "KEHADA", "blkname": "LAKSAR", "dtname": "Haridwar", "SHAPE_Area": 2735998.9813828799 }, "geometry": { "type": "Polygon", "coordinates": [ [ [ 78.0464459, 29.7514474 ], [ 78.0452195, 29.7499362 ], [ 78.0451721, 29.7470715 ], [ 78.0396322, 29.7410693 ], [ 78.0390351, 29.741439 ], [ 78.0371331, 29.7409989 ], [ 78.0340034, 29.741411 ], [ 78.0305683, 29.7429348 ], [ 78.0310874, 29.7439882 ], [ 78.0242482, 29.7463252 ], [ 78.0259709, 29.7493614 ], [ 78.0270095, 29.7494904 ], [ 78.0272341, 29.7499814 ], [ 78.0268291, 29.7536854 ], [ 78.0291724, 29.7549826 ], [ 78.0331936, 29.754309 ], [ 78.0331491, 29.7532766 ], [ 78.0334744, 29.7529742 ], [ 78.0441481, 29.7515328 ], [ 78.0448467, 29.7522203 ], [ 78.0464459, 29.7514474 ] ] ] } },
{ "type": "Feature", "properties": { "gp_code": "23445", "gp_name": "KHADANJA KUTUBPUR", "blkname": "LAKSAR", "dtname": "Haridwar", "SHAPE_Area": 4094966.4619009271 }, "geometry": { "type": "Polygon", "coordinates": [ [ [ 78.0497163, 29.7421554 ], [ 78.0512775, 29.7398595 ], [ 78.0512155, 29.739095 ], [ 78.0539991, 29.7367993 ], [ 78.0542859, 29.7362264 ], [ 78.0495756, 29.729981 ], [ 78.0486585, 29.7280774 ], [ 78.0462041, 29.7259932 ], [ 78.0453464, 29.7242137 ], [ 78.0451142, 29.7223101 ], [ 78.0426601, 29.7190779 ], [ 78.0434819, 29.7185074 ], [ 78.043301, 29.7182931 ], [ 78.0421307, 29.7173975 ], [ 78.0381926, 29.7196454 ], [ 78.0354407, 29.7201615 ], [ 78.031239, 29.721658 ], [ 78.0324035, 29.7245181 ], [ 78.0330105, 29.7249761 ], [ 78.0339614, 29.7250732 ], [ 78.0359249, 29.7264089 ], [ 78.0360486, 29.7275478 ], [ 78.0375316, 29.7287118 ], [ 78.0368621, 29.7294334 ], [ 78.0366759, 29.7302431 ], [ 78.0387012, 29.7328776 ], [ 78.0391172, 29.7327921 ], [ 78.0400393, 29.7350633 ], [ 78.0417884, 29.7373235 ], [ 78.0404158, 29.7382795 ], [ 78.0413822, 29.7393825 ], [ 78.0412838, 29.7404336 ], [ 78.0398442, 29.7412272 ], [ 78.0415623, 29.7433452 ], [ 78.0432677, 29.7448543 ], [ 78.0497163, 29.7421554 ] ] ] } },
{ "type": "Feature", "properties": { "gp_code": "23458", "gp_name": "NAGLA KHITAB", "blkname": "LAKSAR", "dtname": "Haridwar", "SHAPE_Area": 1019048.2756275341 }, "geometry": { "type": "Polygon", "coordinates": [ [ [ 78.0487283, 29.7513209 ], [ 78.0540098, 29.7510492 ], [ 78.0550499, 29.7504822 ], [ 78.0555747, 29.7490188 ], [ 78.0522667, 29.7456672 ], [ 78.0517241, 29.7443026 ], [ 78.0498015, 29.7421554 ], [ 78.0432677, 29.7448543 ], [ 78.0451721, 29.7470715 ], [ 78.0452195, 29.7499362 ], [ 78.0457071, 29.7506463 ], [ 78.0477466, 29.7526548 ], [ 78.0481629, 29.7517181 ], [ 78.0487283, 29.7513209 ] ] ] } },
{ "type": "Feature", "properties": { "gp_code": "23456", "gp_name": "MUNDA KHERA KALAN", "blkname": "LAKSAR", "dtname": "Haridwar", "SHAPE_Area": 10826431.375998223 }, "geometry": { "type": "Polygon", "coordinates": [ [ [ 78.0921589, 29.7629019 ], [ 78.0920614, 29.7598517 ], [ 78.0906888, 29.7602882 ], [ 78.0899228, 29.7594936 ], [ 78.088386, 29.7497786 ], [ 78.0876311, 29.7491202 ], [ 78.0861787, 29.7495152 ], [ 78.0860956, 29.7484417 ], [ 78.0853744, 29.7474674 ], [ 78.0851698, 29.7455617 ], [ 78.0840631, 29.7434148 ], [ 78.0802248, 29.7407068 ], [ 78.0798499, 29.7401159 ], [ 78.0799374, 29.7382913 ], [ 78.0804283, 29.7372289 ], [ 78.0799552, 29.7363856 ], [ 78.0805675, 29.7358194 ], [ 78.079146, 29.7344483 ], [ 78.0783394, 29.7321344 ], [ 78.0769643, 29.730398 ], [ 78.0787392, 29.7279372 ], [ 78.0770332, 29.723968 ], [ 78.0772294, 29.7231763 ], [ 78.0763949, 29.7236906 ], [ 78.0759506, 29.724568 ], [ 78.0751211, 29.7244125 ], [ 78.0751367, 29.7250845 ], [ 78.0747, 29.725565 ], [ 78.0749533, 29.7259078 ], [ 78.0748785, 29.7269227 ], [ 78.0738323, 29.7294962 ], [ 78.0734344, 29.7290721 ], [ 78.0726797, 29.7289753 ], [ 78.0678632, 29.7314519 ], [ 78.0663773, 29.7301304 ], [ 78.0644781, 29.7315288 ], [ 78.0642687, 29.7296636 ], [ 78.0625839, 29.7275346 ], [ 78.0614882, 29.7272616 ], [ 78.0574134, 29.7241876 ], [ 78.0565788, 29.7240612 ], [ 78.0536359, 29.7211787 ], [ 78.04907, 29.7236028 ], [ 78.0482509, 29.7234878 ], [ 78.0454988, 29.7245384 ], [ 78.0462041, 29.7259932 ], [ 78.0486585, 29.7280774 ], [ 78.0495756, 29.729981 ], [ 78.0542859, 29.7362264 ], [ 78.0539991, 29.7367993 ], [ 78.0512155, 29.739095 ], [ 78.0511458, 29.739598 ], [ 78.0515463, 29.7400761 ], [ 78.0523241, 29.7401236 ], [ 78.052735, 29.7398687 ], [ 78.0525722, 29.7396567 ], [ 78.0539859, 29.7387457 ], [ 78.055459, 29.7400561 ], [ 78.057573, 29.7383894 ], [ 78.0582371, 29.739057 ], [ 78.0625736, 29.738579 ], [ 78.0630569, 29.7393051 ], [ 78.063336, 29.739224 ], [ 78.0645998, 29.74032 ], [ 78.0651579, 29.7401261 ], [ 78.0661685, 29.74092 ], [ 78.0675433, 29.7401575 ], [ 78.0696729, 29.7411318 ], [ 78.0703991, 29.7409446 ], [ 78.0726631, 29.7422051 ], [ 78.0707844, 29.7437727 ], [ 78.0727357, 29.7449679 ], [ 78.074891, 29.7433236 ], [ 78.075943, 29.7444128 ], [ 78.0744751, 29.7452271 ], [ 78.0755013, 29.7460141 ], [ 78.0731832, 29.7481163 ], [ 78.0686768, 29.7496871 ], [ 78.0698562, 29.7513632 ], [ 78.0700824, 29.75254 ], [ 78.0698124, 29.7530399 ], [ 78.0710917, 29.7561505 ], [ 78.0711259, 29.7573098 ], [ 78.0722889, 29.7589247 ], [ 78.0728102, 29.7591139 ], [ 78.0731084, 29.7601543 ], [ 78.0748706, 29.7614561 ], [ 78.0778387, 29.7618333 ], [ 78.0890851, 29.7677452 ], [ 78.0933548, 29.7654923 ], [ 78.0921589, 29.7629019 ] ] ] } },
{ "type": "Feature", "properties": { "gp_code": "23423", "gp_name": "AKAUDHA KHURD", "blkname": "LAKSAR", "dtname": "Haridwar", "SHAPE_Area": 4032467.8446023655 }, "geometry": { "type": "Polygon", "coordinates": [ [ [ 78.0662817, 29.7301484 ], [ 78.0678632, 29.7314519 ], [ 78.0726797, 29.7289753 ], [ 78.0734344, 29.7290721 ], [ 78.0738323, 29.7294962 ], [ 78.0748785, 29.7269227 ], [ 78.0749533, 29.7259078 ], [ 78.0747, 29.725565 ], [ 78.0751367, 29.7250845 ], [ 78.0751211, 29.7244125 ], [ 78.0759506, 29.724568 ], [ 78.0763949, 29.7236906 ], [ 78.0772294, 29.7231763 ], [ 78.0762007, 29.7204565 ], [ 78.0745805, 29.7196808 ], [ 78.0713922, 29.7211673 ], [ 78.0710124, 29.7208178 ], [ 78.0701675, 29.7214132 ], [ 78.0705911, 29.7203103 ], [ 78.0702807, 29.7166838 ], [ 78.0700327, 29.7164335 ], [ 78.0672474, 29.7162216 ], [ 78.0663948, 29.7153826 ], [ 78.0664516, 29.7147195 ], [ 78.0691231, 29.7153487 ], [ 78.0698878, 29.7145864 ], [ 78.0697406, 29.7142593 ], [ 78.0682781, 29.7137723 ], [ 78.0672497, 29.7115214 ], [ 78.0661414, 29.7111381 ], [ 78.0579357, 29.7140317 ], [ 78.0572201, 29.7133912 ], [ 78.0563933, 29.7136121 ], [ 78.0546053, 29.7147871 ], [ 78.0552487, 29.7154367 ], [ 78.0542486, 29.7166838 ], [ 78.053011, 29.7164988 ], [ 78.0516416, 29.7172317 ], [ 78.0536359, 29.7211787 ], [ 78.0565788, 29.7240612 ], [ 78.0574134, 29.7241876 ], [ 78.0614882, 29.7272616 ], [ 78.0625839, 29.7275346 ], [ 78.0642687, 29.7296636 ], [ 78.0644781, 29.7315288 ], [ 78.0662817, 29.7301484 ] ] ] } },
{ "type": "Feature", "properties": { "gp_code": "23459", "gp_name": "NAITWALA SAIDABAD", "blkname": "LAKSAR", "dtname": "Haridwar", "SHAPE_Area": 2306140.4646288319 }, "geometry": { "type": "Polygon", "coordinates": [ [ [ 78.0675867, 29.7125419 ], [ 78.0696665, 29.7113027 ], [ 78.0687196, 29.709345 ], [ 78.0695025, 29.7092592 ], [ 78.0706159, 29.70803 ], [ 78.0689003, 29.7053191 ], [ 78.0677455, 29.7058763 ], [ 78.0654849, 29.7047397 ], [ 78.0611215, 29.7050893 ], [ 78.0572772, 29.7066318 ], [ 78.0552647, 29.7065054 ], [ 78.0518827, 29.7088824 ], [ 78.0507953, 29.7072156 ], [ 78.0494958, 29.7060743 ], [ 78.0493153, 29.7035235 ], [ 78.0478017, 29.7020731 ], [ 78.0475125, 29.7007289 ], [ 78.04326, 29.7027514 ], [ 78.0437739, 29.7035161 ], [ 78.0451533, 29.7041838 ], [ 78.045936, 29.7051853 ], [ 78.0451711, 29.7060332 ], [ 78.0461915, 29.7067415 ], [ 78.0474646, 29.7105262 ], [ 78.0495341, 29.7099242 ], [ 78.0515983, 29.7116384 ], [ 78.0521228, 29.7115731 ], [ 78.0546053, 29.7147871 ], [ 78.0563933, 29.7136121 ], [ 78.0572201, 29.7133912 ], [ 78.0579357, 29.7140317 ], [ 78.0661414, 29.7111381 ], [ 78.0672497, 29.7115214 ], [ 78.0675867, 29.7125419 ] ] ] } },
{ "type": "Feature", "properties": { "gp_code": "23446", "gp_name": "KHEDI KHURD", "blkname": "LAKSAR", "dtname": "Haridwar", "SHAPE_Area": 2338020.7040166366 }, "geometry": { "type": "Polygon", "coordinates": [ [ [ 78.0552647, 29.7065054 ], [ 78.0572772, 29.7066318 ], [ 78.0585019, 29.7062778 ], [ 78.0598995, 29.7053712 ], [ 78.0641958, 29.7047645 ], [ 78.0660249, 29.7048569 ], [ 78.0677455, 29.7058763 ], [ 78.0689003, 29.7053191 ], [ 78.067704, 29.7039569 ], [ 78.0656373, 29.703109 ], [ 78.0623977, 29.7026964 ], [ 78.0623383, 29.703188 ], [ 78.0608606, 29.7035872 ], [ 78.0579078, 29.7006191 ], [ 78.0583601, 29.6960971 ], [ 78.0534004, 29.6950324 ], [ 78.0497037, 29.6963132 ], [ 78.0445035, 29.6974109 ], [ 78.0428629, 29.6988812 ], [ 78.041395, 29.7016663 ], [ 78.0378088, 29.7035986 ], [ 78.0371758, 29.7042592 ], [ 78.0393226, 29.7040612 ], [ 78.0424798, 29.7026859 ], [ 78.04326, 29.7027514 ], [ 78.0475125, 29.7007289 ], [ 78.0478017, 29.7020731 ], [ 78.0493153, 29.7035235 ], [ 78.0494958, 29.7060743 ], [ 78.0507953, 29.7072156 ], [ 78.0518827, 29.7088824 ], [ 78.0552647, 29.7065054 ] ] ] } },
{ "type": "Feature", "properties": { "gp_code": "", "gp_name": "", "blkname": "KHANPUR", "dtname": "Haridwar", "SHAPE_Area": 2652454.4571847855 }, "geometry": { "type": "Polygon", "coordinates": [ [ [ 78.0622891, 29.6897821 ], [ 78.0594477, 29.6877124 ], [ 78.058111, 29.6844931 ], [ 78.0577433, 29.6826705 ], [ 78.055956, 29.6807989 ], [ 78.0531768, 29.6815273 ], [ 78.0510277, 29.6833788 ], [ 78.0485794, 29.6815742 ], [ 78.0478149, 29.6813599 ], [ 78.0435195, 29.681639 ], [ 78.0431681, 29.6829584 ], [ 78.0403128, 29.6885152 ], [ 78.043921, 29.6917671 ], [ 78.0469822, 29.6924968 ], [ 78.0472698, 29.6931062 ], [ 78.0491446, 29.6936483 ], [ 78.0500241, 29.6944382 ], [ 78.0534004, 29.6950324 ], [ 78.0543305, 29.6941687 ], [ 78.0544958, 29.6931492 ], [ 78.055227, 29.6918456 ], [ 78.0567923, 29.6914668 ], [ 78.0578851, 29.6903302 ], [ 78.0589984, 29.6898295 ], [ 78.0622891, 29.6897821 ] ] ] } },
{ "type": "Feature", "properties": { "gp_code": "23463", "gp_name": "RAISI", "blkname": "LAKSAR", "dtname": "Haridwar", "SHAPE_Area": 5128663.5976830237 }, "geometry": { "type": "Polygon", "coordinates": [ [ [ 78.0753556, 29.7000839 ], [ 78.080635, 29.6957418 ], [ 78.0812549, 29.694808 ], [ 78.0805082, 29.6941879 ], [ 78.084919, 29.6889682 ], [ 78.0862206, 29.6878967 ], [ 78.0905491, 29.6855165 ], [ 78.0928577, 29.6835672 ], [ 78.0968182, 29.6787872 ], [ 78.096991, 29.6781895 ], [ 78.0963554, 29.6777341 ], [ 78.0937782, 29.6786278 ], [ 78.0904237, 29.6805953 ], [ 78.0880842, 29.6827609 ], [ 78.075832, 29.6888568 ], [ 78.0746593, 29.6897951 ], [ 78.0720609, 29.6907651 ], [ 78.0657402, 29.6916586 ], [ 78.0637744, 29.6913474 ], [ 78.0622891, 29.6897821 ], [ 78.0589984, 29.6898295 ], [ 78.0578851, 29.6903302 ], [ 78.0567923, 29.6914668 ], [ 78.0549841, 29.6920193 ], [ 78.0543305, 29.6941687 ], [ 78.0534004, 29.6950324 ], [ 78.0583601, 29.6960971 ], [ 78.0579078, 29.7006191 ], [ 78.0608606, 29.7035872 ], [ 78.0623383, 29.703188 ], [ 78.0623977, 29.7026964 ], [ 78.0656373, 29.703109 ], [ 78.067704, 29.7039569 ], [ 78.069249, 29.7056033 ], [ 78.0718582, 29.7042251 ], [ 78.0739635, 29.7021567 ], [ 78.0753556, 29.7000839 ] ] ] } },
{ "type": "Feature", "properties": { "gp_code": "23439", "gp_name": "HABIBPUR KUDI", "blkname": "LAKSAR", "dtname": "Haridwar", "SHAPE_Area": 6628864.8264242169 }, "geometry": { "type": "Polygon", "coordinates": [ [ [ 78.0893805, 29.6814458 ], [ 78.088475, 29.6815713 ], [ 78.0871038, 29.6805161 ], [ 78.0868174, 29.6798201 ], [ 78.0870303, 29.6788703 ], [ 78.0866434, 29.6782597 ], [ 78.0866569, 29.6773941 ], [ 78.0869851, 29.6754067 ], [ 78.0859997, 29.6713649 ], [ 78.0854755, 29.6712996 ], [ 78.083161, 29.6688958 ], [ 78.0810559, 29.6672926 ], [ 78.0772059, 29.670613 ], [ 78.076475, 29.6702025 ], [ 78.0703753, 29.6735049 ], [ 78.0643526, 29.675632 ], [ 78.0607342, 29.6777521 ], [ 78.0591536, 29.6779753 ], [ 78.0571882, 29.6788481 ], [ 78.055956, 29.6807989 ], [ 78.0577433, 29.6826705 ], [ 78.058111, 29.6844931 ], [ 78.0594477, 29.6877124 ], [ 78.0622891, 29.6897821 ], [ 78.0637744, 29.6913474 ], [ 78.0657402, 29.6916586 ], [ 78.0718051, 29.6908238 ], [ 78.0746593, 29.6897951 ], [ 78.075832, 29.6888568 ], [ 78.0880842, 29.6827609 ], [ 78.0893805, 29.6814458 ] ] ] } },
{ "type": "Feature", "properties": { "gp_code": "23408", "gp_name": "KANEWALI RAISINGH", "blkname": "KHANPUR", "dtname": "Haridwar", "SHAPE_Area": 3001448.7937257271 }, "geometry": { "type": "Polygon", "coordinates": [ [ [ 78.0531768, 29.6815273 ], [ 78.055956, 29.6807989 ], [ 78.0571882, 29.6788481 ], [ 78.0591536, 29.6779753 ], [ 78.0607342, 29.6777521 ], [ 78.0643526, 29.675632 ], [ 78.0632214, 29.6740577 ], [ 78.0609022, 29.6721069 ], [ 78.0576017, 29.6702822 ], [ 78.0546218, 29.6649527 ], [ 78.0488341, 29.6691923 ], [ 78.0419305, 29.6718415 ], [ 78.0421034, 29.6726806 ], [ 78.0427876, 29.6733956 ], [ 78.0451223, 29.6733102 ], [ 78.045344, 29.6758453 ], [ 78.0435195, 29.681639 ], [ 78.0478149, 29.6813599 ], [ 78.0485794, 29.6815742 ], [ 78.0510277, 29.6833788 ], [ 78.0531768, 29.6815273 ] ] ] } },
{ "type": "Feature", "properties": { "gp_code": "23411", "gp_name": "LALCHANDWALA", "blkname": "KHANPUR", "dtname": "Haridwar", "SHAPE_Area": 9564995.8509075828 }, "geometry": { "type": "Polygon", "coordinates": [ [ [ 78.0094759, 29.7050834 ], [ 78.0103187, 29.7037937 ], [ 78.012086, 29.7034335 ], [ 78.0129437, 29.7033594 ], [ 78.0141854, 29.7052656 ], [ 78.0195337, 29.7039661 ], [ 78.0207172, 29.703238 ], [ 78.0213888, 29.703245 ], [ 78.0223218, 29.7024446 ], [ 78.0233092, 29.7009429 ], [ 78.0246604, 29.7007199 ], [ 78.0246321, 29.70042 ], [ 78.0252418, 29.700136 ], [ 78.0281996, 29.700793 ], [ 78.0301159, 29.7021986 ], [ 78.0324263, 29.6995288 ], [ 78.0349246, 29.6986317 ], [ 78.0348911, 29.6981942 ], [ 78.0353561, 29.6978694 ], [ 78.0353307, 29.6965974 ], [ 78.0346644, 29.6957538 ], [ 78.0357676, 29.6950842 ], [ 78.0379148, 29.6925744 ], [ 78.0408502, 29.6878432 ], [ 78.0418245, 29.6851978 ], [ 78.0431681, 29.6829584 ], [ 78.0435093, 29.681109 ], [ 78.0441398, 29.6800874 ], [ 78.045344, 29.6758453 ], [ 78.0449674, 29.6731343 ], [ 78.0427876, 29.6733956 ], [ 78.0421034, 29.6726806 ], [ 78.0362862, 29.6768452 ], [ 78.0351799, 29.6804716 ], [ 78.0342159, 29.6824561 ], [ 78.0336467, 29.6862066 ], [ 78.0334012, 29.6866059 ], [ 78.030017, 29.6883078 ], [ 78.0276516, 29.6864375 ], [ 78.0266422, 29.6845901 ], [ 78.0268667, 29.6780609 ], [ 78.028121, 29.6729619 ], [ 78.0282018, 29.6709096 ], [ 78.0274194, 29.6701786 ], [ 78.0247311, 29.6700154 ], [ 78.0205715, 29.6804092 ], [ 78.0199153, 29.6807045 ], [ 78.0182424, 29.679186 ], [ 78.0169073, 29.6786489 ], [ 78.0140552, 29.6801364 ], [ 78.0146256, 29.6811019 ], [ 78.0147068, 29.6840429 ], [ 78.0117872, 29.6858619 ], [ 78.0129774, 29.6870374 ], [ 78.0134082, 29.6883051 ], [ 78.0145673, 29.6898121 ], [ 78.0133759, 29.6908807 ], [ 78.0101771, 29.6928236 ], [ 78.0106413, 29.694398 ], [ 78.0116093, 29.6958283 ], [ 78.004837, 29.6987891 ], [ 78.0053765, 29.6994185 ], [ 78.0059308, 29.7015298 ], [ 78.0082252, 29.7057641 ], [ 78.0094759, 29.7050834 ] ] ] } },
{ "type": "Feature", "properties": { "gp_code": "23416", "gp_name": "PODOWALI", "blkname": "KHANPUR", "dtname": "Haridwar", "SHAPE_Area": 3966859.427290705 }, "geometry": { "type": "Polygon", "coordinates": [ [ [ 78.0421034, 29.6726806 ], [ 78.0416387, 29.6714219 ], [ 78.0392684, 29.6691053 ], [ 78.0372728, 29.6664685 ], [ 78.0374588, 29.66627 ], [ 78.0371231, 29.6658144 ], [ 78.0299959, 29.6569244 ], [ 78.0281313, 29.6575826 ], [ 78.0277463, 29.658135 ], [ 78.0258686, 29.6667207 ], [ 78.0250959, 29.6681323 ], [ 78.0247311, 29.6700154 ], [ 78.0274194, 29.6701786 ], [ 78.0282018, 29.6709096 ], [ 78.0282763, 29.6721161 ], [ 78.0266335, 29.6801629 ], [ 78.0266422, 29.6845901 ], [ 78.0276516, 29.6864375 ], [ 78.030017, 29.6883078 ], [ 78.0334012, 29.6866059 ], [ 78.0339648, 29.6848513 ], [ 78.0342159, 29.6824561 ], [ 78.0351799, 29.6804716 ], [ 78.0362862, 29.6768452 ], [ 78.0421034, 29.6726806 ] ] ] } },
{ "type": "Feature", "properties": { "gp_code": "245207", "gp_name": "GIDDA WALI", "blkname": "KHANPUR", "dtname": "Haridwar", "SHAPE_Area": 9915526.4559607077 }, "geometry": { "type": "Polygon", "coordinates": [ [ [ 78.0488341, 29.6691923 ], [ 78.0549317, 29.6647203 ], [ 78.0547304, 29.6639874 ], [ 78.0526647, 29.6611839 ], [ 78.0574991, 29.6559426 ], [ 78.0597688, 29.6529069 ], [ 78.0558158, 29.6508318 ], [ 78.0561979, 29.6521039 ], [ 78.0554826, 29.6530849 ], [ 78.0549093, 29.6528391 ], [ 78.0534221, 29.652009 ], [ 78.0508945, 29.6489979 ], [ 78.0511244, 29.6485176 ], [ 78.0499136, 29.6479491 ], [ 78.0518657, 29.6452428 ], [ 78.0553544, 29.6388039 ], [ 78.0562918, 29.6349247 ], [ 78.0522542, 29.6330931 ], [ 78.0470004, 29.6351338 ], [ 78.0422175, 29.6304374 ], [ 78.0403789, 29.6326474 ], [ 78.0367163, 29.640518 ], [ 78.0391919, 29.642086 ], [ 78.040214, 29.6431281 ], [ 78.0405521, 29.6440281 ], [ 78.0402829, 29.6470209 ], [ 78.0395442, 29.6482432 ], [ 78.0377727, 29.6495623 ], [ 78.0361821, 29.6498124 ], [ 78.0297814, 29.6494139 ], [ 78.0282113, 29.64993 ], [ 78.0251145, 29.6527079 ], [ 78.0259998, 29.6535832 ], [ 78.0281313, 29.6575826 ], [ 78.0299959, 29.6569244 ], [ 78.0371231, 29.6658144 ], [ 78.0374588, 29.66627 ], [ 78.0372728, 29.6664685 ], [ 78.0392684, 29.6691053 ], [ 78.0419305, 29.6718415 ], [ 78.0488341, 29.6691923 ] ] ] } },
{ "type": "Feature", "properties": { "gp_code": "23401", "gp_name": "BHARUWALA", "blkname": "KHANPUR", "dtname": "Haridwar", "SHAPE_Area": 8274549.9299178841 }, "geometry": { "type": "Polygon", "coordinates": [ [ [ 78.0282113, 29.64993 ], [ 78.0297814, 29.6494139 ], [ 78.0350305, 29.6499113 ], [ 78.0377727, 29.6495623 ], [ 78.0395442, 29.6482432 ], [ 78.0402829, 29.6470209 ], [ 78.0405521, 29.6440281 ], [ 78.040214, 29.6431281 ], [ 78.0391919, 29.642086 ], [ 78.0367163, 29.640518 ], [ 78.0403789, 29.6326474 ], [ 78.0431909, 29.6290076 ], [ 78.0436827, 29.6250238 ], [ 78.0428036, 29.6235938 ], [ 78.0419918, 29.6209154 ], [ 78.0395925, 29.6190638 ], [ 78.0359593, 29.6192179 ], [ 78.0340234, 29.6205621 ], [ 78.0331314, 29.6221038 ], [ 78.0328262, 29.6219384 ], [ 78.0311009, 29.6233786 ], [ 78.0310608, 29.6246857 ], [ 78.0267831, 29.6285285 ], [ 78.0244123, 29.6312387 ], [ 78.0215384, 29.6328189 ], [ 78.019635, 29.634467 ], [ 78.0185373, 29.6358853 ], [ 78.0157906, 29.6411236 ], [ 78.0161105, 29.6415838 ], [ 78.0161177, 29.6428017 ], [ 78.0187767, 29.6436348 ], [ 78.0166175, 29.6450573 ], [ 78.0171285, 29.6457318 ], [ 78.017783, 29.6486505 ], [ 78.0175377, 29.6487654 ], [ 78.0174521, 29.6497149 ], [ 78.0206115, 29.6521382 ], [ 78.0214652, 29.6545246 ], [ 78.0215883, 29.6565815 ], [ 78.0219237, 29.6574184 ], [ 78.0222568, 29.6574434 ], [ 78.0243233, 29.6556532 ], [ 78.0264617, 29.6545012 ], [ 78.0250783, 29.65255 ], [ 78.0282113, 29.64993 ] ] ] } },
{ "type": "Feature", "properties": { "gp_code": "23410", "gp_name": "KHANPUR", "blkname": "KHANPUR", "dtname": "Haridwar", "SHAPE_Area": 2555199.5496479413 }, "geometry": { "type": "Polygon", "coordinates": [ [ [ 78.0157906, 29.6411236 ], [ 78.0185373, 29.6358853 ], [ 78.019635, 29.634467 ], [ 78.0215384, 29.6328189 ], [ 78.0244123, 29.6312387 ], [ 78.0267831, 29.6285285 ], [ 78.0310608, 29.6246857 ], [ 78.0311405, 29.6233892 ], [ 78.029687, 29.6243013 ], [ 78.0291057, 29.6243274 ], [ 78.0267761, 29.6264715 ], [ 78.0217629, 29.626504 ], [ 78.0207955, 29.6251211 ], [ 78.0159062, 29.6253044 ], [ 78.0159006, 29.6243759 ], [ 78.0153555, 29.6238336 ], [ 78.0160646, 29.621689 ], [ 78.0145759, 29.618813 ], [ 78.0116191, 29.6221306 ], [ 78.0122591, 29.6249905 ], [ 78.0114017, 29.6253456 ], [ 78.0107297, 29.6268745 ], [ 78.0090248, 29.6291383 ], [ 78.0124165, 29.635193 ], [ 78.0130606, 29.6377621 ], [ 78.0144769, 29.6400609 ], [ 78.0151301, 29.6400521 ], [ 78.0157906, 29.6411236 ] ] ] } },
{ "type": "Feature", "properties": { "gp_code": "23407", "gp_name": "KALSIA", "blkname": "KHANPUR", "dtname": "Haridwar", "SHAPE_Area": 6551817.2561065825 }, "geometry": { "type": "Polygon", "coordinates": [ [ [ 78.0597688, 29.6529069 ], [ 78.0637916, 29.6489668 ], [ 78.0680337, 29.6462963 ], [ 78.069508, 29.6449295 ], [ 78.0716841, 29.6414177 ], [ 78.0814629, 29.6351422 ], [ 78.0866882, 29.6250327 ], [ 78.0842565, 29.6245164 ], [ 78.0818792, 29.625135 ], [ 78.0763553, 29.6278263 ], [ 78.0723155, 29.6294055 ], [ 78.0685465, 29.6304207 ], [ 78.0631511, 29.6309576 ], [ 78.0574717, 29.6306869 ], [ 78.0553544, 29.6388039 ], [ 78.0518657, 29.6452428 ], [ 78.0499136, 29.6479491 ], [ 78.0511244, 29.6485176 ], [ 78.0508945, 29.6489979 ], [ 78.0534221, 29.652009 ], [ 78.0549093, 29.6528391 ], [ 78.0554826, 29.6530849 ], [ 78.0561979, 29.6521039 ], [ 78.0558158, 29.6508318 ], [ 78.0597688, 29.6529069 ] ] ] } },
{ "type": "Feature", "properties": { "gp_code": "23412", "gp_name": "MADA BELA", "blkname": "KHANPUR", "dtname": "Haridwar", "SHAPE_Area": 9001720.0450027958 }, "geometry": { "type": "Polygon", "coordinates": [ [ [ 78.0470004, 29.6351338 ], [ 78.0522542, 29.6330931 ], [ 78.0563769, 29.6348299 ], [ 78.0574717, 29.6306869 ], [ 78.0571106, 29.6266903 ], [ 78.0548215, 29.623808 ], [ 78.0543814, 29.6216724 ], [ 78.0528364, 29.6188248 ], [ 78.0488475, 29.6146106 ], [ 78.0464923, 29.616075 ], [ 78.0343199, 29.6103784 ], [ 78.0330742, 29.6116138 ], [ 78.0310898, 29.608324 ], [ 78.0284496, 29.6067197 ], [ 78.0182837, 29.5981991 ], [ 78.0152355, 29.5872497 ], [ 78.0162093, 29.5869881 ], [ 78.0174366, 29.5846236 ], [ 78.0215992, 29.5808523 ], [ 78.0087582, 29.5841545 ], [ 78.0089267, 29.5857742 ], [ 78.0064622, 29.5954307 ], [ 78.0068639, 29.5981787 ], [ 78.008828, 29.6022289 ], [ 78.0110011, 29.6032487 ], [ 78.0153829, 29.6079078 ], [ 78.0180871, 29.6094451 ], [ 78.0308903, 29.6108646 ], [ 78.0306183, 29.611849 ], [ 78.0304214, 29.6176858 ], [ 78.0307141, 29.6193931 ], [ 78.0330582, 29.6221412 ], [ 78.0340234, 29.6205621 ], [ 78.0359593, 29.6192179 ], [ 78.0391406, 29.6189357 ], [ 78.0404717, 29.6195494 ], [ 78.0416927, 29.6205739 ], [ 78.0422116, 29.621321 ], [ 78.0428036, 29.6235938 ], [ 78.0436827, 29.6250238 ], [ 78.0431909, 29.6290076 ], [ 78.0422175, 29.6304374 ], [ 78.0470004, 29.6351338 ] ] ] } },
{ "type": "Feature", "properties": { "gp_code": "23402", "gp_name": "CHANDRAPURI BANGAR", "blkname": "KHANPUR", "dtname": "Haridwar", "SHAPE_Area": 4258973.0305097569 }, "geometry": { "type": "Polygon", "coordinates": [ [ [ 78.0267761, 29.6264715 ], [ 78.0282841, 29.6249224 ], [ 78.0311009, 29.6233786 ], [ 78.0328262, 29.6219384 ], [ 78.0304883, 29.6188275 ], [ 78.0306183, 29.611849 ], [ 78.0308903, 29.6108646 ], [ 78.0180871, 29.6094451 ], [ 78.0153829, 29.6079078 ], [ 78.0110011, 29.6032487 ], [ 78.008828, 29.6022289 ], [ 78.0071786, 29.6045119 ], [ 78.0065242, 29.6070033 ], [ 78.0108526, 29.6077837 ], [ 78.0145759, 29.618813 ], [ 78.0160646, 29.621689 ], [ 78.0153555, 29.6238336 ], [ 78.0159006, 29.6243759 ], [ 78.0159062, 29.6253044 ], [ 78.0207955, 29.6251211 ], [ 78.0217629, 29.626504 ], [ 78.0267761, 29.6264715 ] ] ] } },
{ "type": "Feature", "properties": { "gp_code": "23403", "gp_name": "CHANDRAPURI KHADAR", "blkname": "KHANPUR", "dtname": "Haridwar", "SHAPE_Area": 3497387.49259541 }, "geometry": { "type": "Polygon", "coordinates": [ [ [ 78.0065242, 29.6070033 ], [ 78.0071786, 29.6045119 ], [ 78.008828, 29.6022289 ], [ 78.0068639, 29.5981787 ], [ 78.0064622, 29.5954307 ], [ 78.0089267, 29.5857742 ], [ 78.0087582, 29.5841545 ], [ 78.0007996, 29.5862056 ], [ 77.9991223, 29.5891426 ], [ 77.996173, 29.5914574 ], [ 77.995165, 29.5957958 ], [ 77.9924361, 29.5962786 ], [ 77.9937095, 29.5997244 ], [ 77.9968445, 29.6064584 ], [ 77.9987336, 29.6069258 ], [ 78.0022445, 29.6063455 ], [ 78.0065242, 29.6070033 ] ] ] } },
{ "type": "Feature", "properties": { "gp_code": "23402", "gp_name": "CHANDRAPURI BANGAR", "blkname": "KHANPUR", "dtname": "Haridwar", "SHAPE_Area": 3182409.8447477422 }, "geometry": { "type": "Polygon", "coordinates": [ [ [ 77.9968043, 29.6185178 ], [ 77.9987526, 29.6175377 ], [ 78.0005915, 29.6154737 ], [ 78.0014349, 29.6139321 ], [ 78.0016132, 29.6115046 ], [ 78.0004975, 29.6080308 ], [ 78.0008706, 29.6066758 ], [ 77.9984438, 29.6069016 ], [ 77.9966431, 29.6062356 ], [ 77.9924361, 29.5962786 ], [ 77.995165, 29.5957958 ], [ 77.9909097, 29.5947397 ], [ 77.989469, 29.595233 ], [ 77.9871711, 29.5966522 ], [ 77.9872176, 29.597585 ], [ 77.9856335, 29.6031852 ], [ 77.985722, 29.6055743 ], [ 77.9867745, 29.6099701 ], [ 77.9867454, 29.6117882 ], [ 77.9878987, 29.6139889 ], [ 77.9886679, 29.6145307 ], [ 77.9908009, 29.6154018 ], [ 77.9954647, 29.6156615 ], [ 77.9968043, 29.6185178 ] ] ] } },
{ "type": "Feature", "properties": { "gp_code": "23412", "gp_name": "MADA BELA", "blkname": "KHANPUR", "dtname": "Haridwar", "SHAPE_Area": 3888274.6593313511 }, "geometry": { "type": "Polygon", "coordinates": [ [ [ 78.0145485, 29.6184448 ], [ 78.0108526, 29.6077837 ], [ 78.0022445, 29.6063455 ], [ 78.0008706, 29.6066758 ], [ 78.0004855, 29.6075933 ], [ 78.0016679, 29.6119154 ], [ 78.0014349, 29.6139321 ], [ 78.0005915, 29.6154737 ], [ 77.9987526, 29.6175377 ], [ 77.9968043, 29.6185178 ], [ 77.9925496, 29.6188408 ], [ 77.9961091, 29.6197318 ], [ 77.9954063, 29.6208267 ], [ 77.9962822, 29.6220024 ], [ 77.9980694, 29.6228615 ], [ 77.9987427, 29.6236684 ], [ 78.0039533, 29.6269913 ], [ 78.006417, 29.6300325 ], [ 78.0072763, 29.6305427 ], [ 78.0090248, 29.6291383 ], [ 78.0107297, 29.6268745 ], [ 78.0114017, 29.6253456 ], [ 78.0122591, 29.6249905 ], [ 78.0116191, 29.6221306 ], [ 78.0138549, 29.6197784 ], [ 78.0145485, 29.6184448 ] ] ] } },
{ "type": "Feature", "properties": { "gp_code": "23403", "gp_name": "CHANDRAPURI KHADAR", "blkname": "KHANPUR", "dtname": "Haridwar", "SHAPE_Area": 8070869.63673429 }, "geometry": { "type": "Polygon", "coordinates": [ [ [ 77.98863, 29.6408393 ], [ 77.9898804, 29.6410635 ], [ 77.9909982, 29.6419557 ], [ 77.9937555, 29.6404427 ], [ 77.9941125, 29.6386424 ], [ 77.9950509, 29.6375452 ], [ 77.9996164, 29.63559 ], [ 77.9990185, 29.6340219 ], [ 77.9993193, 29.6317886 ], [ 77.9988632, 29.6310449 ], [ 77.9989453, 29.6304174 ], [ 77.9992991, 29.6300342 ], [ 77.9994299, 29.6281462 ], [ 78.0000377, 29.6262948 ], [ 78.001151, 29.6251519 ], [ 77.9987427, 29.6236684 ], [ 77.9980694, 29.6228615 ], [ 77.9962822, 29.6220024 ], [ 77.9954063, 29.6208267 ], [ 77.9961091, 29.6197318 ], [ 77.9925496, 29.6188408 ], [ 77.9968043, 29.6185178 ], [ 77.9954647, 29.6156615 ], [ 77.9908009, 29.6154018 ], [ 77.9878987, 29.6139889 ], [ 77.9867454, 29.6117882 ], [ 77.9867745, 29.6099701 ], [ 77.985722, 29.6055743 ], [ 77.9856335, 29.6031852 ], [ 77.9848042, 29.6054777 ], [ 77.9828704, 29.6073165 ], [ 77.9816747, 29.6091136 ], [ 77.9816193, 29.6098005 ], [ 77.9822556, 29.6114143 ], [ 77.9800905, 29.6127052 ], [ 77.9783854, 29.6129673 ], [ 77.9776898, 29.6134455 ], [ 77.9759686, 29.6173794 ], [ 77.9759944, 29.6185265 ], [ 77.9769453, 29.6249365 ], [ 77.9776996, 29.6269392 ], [ 77.977386, 29.631249 ], [ 77.9796278, 29.6362049 ], [ 77.9826092, 29.6405478 ], [ 77.9832264, 29.6429914 ], [ 77.983787, 29.6436371 ], [ 77.9850093, 29.6420868 ], [ 77.98863, 29.6408393 ] ] ] } },
{ "type": "Feature", "properties": { "gp_code": "23404", "gp_name": "DALLA WALA", "blkname": "KHANPUR", "dtname": "Haridwar", "SHAPE_Area": 3419885.3875930822 }, "geometry": { "type": "Polygon", "coordinates": [ [ [ 77.9848042, 29.6054777 ], [ 77.9872176, 29.597585 ], [ 77.9871711, 29.5966522 ], [ 77.9887135, 29.5956211 ], [ 77.9868222, 29.5940411 ], [ 77.9837967, 29.5896688 ], [ 77.9799741, 29.5851477 ], [ 77.9749327, 29.5850161 ], [ 77.9727804, 29.5889811 ], [ 77.9754035, 29.5948053 ], [ 77.9770692, 29.5970987 ], [ 77.9776391, 29.6039316 ], [ 77.9766464, 29.605364 ], [ 77.9765516, 29.6064126 ], [ 77.9752921, 29.6069885 ], [ 77.9762221, 29.6085307 ], [ 77.9776898, 29.6134455 ], [ 77.9783854, 29.6129673 ], [ 77.9800905, 29.6127052 ], [ 77.9822556, 29.6114143 ], [ 77.9816193, 29.6098005 ], [ 77.9816747, 29.6091136 ], [ 77.9828704, 29.6073165 ], [ 77.9848042, 29.6054777 ] ] ] } },
{ "type": "Feature", "properties": { "gp_code": "23412", "gp_name": "MADA BELA", "blkname": "KHANPUR", "dtname": "Haridwar", "SHAPE_Area": 1203478.2350968348 }, "geometry": { "type": "Polygon", "coordinates": [ [ [ 77.995165, 29.5957958 ], [ 77.9947747, 29.5935096 ], [ 77.9935293, 29.591219 ], [ 77.9912102, 29.5892997 ], [ 77.9892699, 29.5883711 ], [ 77.9887894, 29.5869415 ], [ 77.9864502, 29.5843833 ], [ 77.9836706, 29.5839788 ], [ 77.982724, 29.5835641 ], [ 77.9799741, 29.5851477 ], [ 77.9837967, 29.5896688 ], [ 77.9868222, 29.5940411 ], [ 77.9887135, 29.5956211 ], [ 77.9909097, 29.5947397 ], [ 77.995165, 29.5957958 ] ] ] } },
{ "type": "Feature", "properties": { "gp_code": "23304", "gp_name": "GAINDI KHATA", "blkname": "BAHADRABAD", "dtname": "Haridwar", "SHAPE_Area": 264294.73084384162 }, "geometry": { "type": "Polygon", "coordinates": [ [ [ 78.2629833, 29.7452726 ], [ 78.2598956, 29.7433365 ], [ 78.2594822, 29.7436841 ], [ 78.2586323, 29.7452792 ], [ 78.2585826, 29.7459115 ], [ 78.2595186, 29.7461622 ], [ 78.2591537, 29.7466841 ], [ 78.2603163, 29.7475255 ], [ 78.26398, 29.7491871 ], [ 78.2646833, 29.7492927 ], [ 78.2655984, 29.7488569 ], [ 78.2657766, 29.7485379 ], [ 78.2654242, 29.7481687 ], [ 78.2632164, 29.7468438 ], [ 78.2629833, 29.7452726 ] ] ] } },
{ "type": "Feature", "properties": { "gp_code": "", "gp_name": "", "blkname": "BAHADRABAD", "dtname": "Haridwar", "SHAPE_Area": 192091.28979753921 }, "geometry": { "type": "Polygon", "coordinates": [ [ [ 78.2057919, 29.7410857 ], [ 78.2059952, 29.741415 ], [ 78.2066338, 29.7415163 ], [ 78.2064888, 29.7421243 ], [ 78.2088407, 29.7439986 ], [ 78.210989, 29.7446063 ], [ 78.2120052, 29.7446821 ], [ 78.2121793, 29.7444287 ], [ 78.2123241, 29.743162 ], [ 78.2118594, 29.7421234 ], [ 78.2110465, 29.7421235 ], [ 78.2076498, 29.740984 ], [ 78.2062273, 29.7408323 ], [ 78.2057919, 29.7410857 ] ] ] } },
{ "type": "Feature", "properties": { "gp_code": "23438", "gp_name": "FATWA", "blkname": "LAKSAR", "dtname": "Haridwar", "SHAPE_Area": 5850267.0798113719 }, "geometry": { "type": "Polygon", "coordinates": [ [ [ 78.1825187, 29.7506126 ], [ 78.1830793, 29.7493923 ], [ 78.1835866, 29.7440186 ], [ 78.1843799, 29.743283 ], [ 78.1849252, 29.7419418 ], [ 78.1836282, 29.741226 ], [ 78.1806725, 29.7377092 ], [ 78.1798881, 29.7361542 ], [ 78.1819884, 29.7342903 ], [ 78.1822303, 29.7325499 ], [ 78.1817879, 29.7314068 ], [ 78.1827203, 29.7280961 ], [ 78.1817704, 29.7290538 ], [ 78.1781538, 29.7307939 ], [ 78.1775816, 29.7306909 ], [ 78.16969, 29.7355045 ], [ 78.1681384, 29.735736 ], [ 78.166687, 29.7364257 ], [ 78.1596115, 29.741733 ], [ 78.1578469, 29.7434936 ], [ 78.1624248, 29.7466765 ], [ 78.1601995, 29.7495235 ], [ 78.1577743, 29.7497702 ], [ 78.1570402, 29.750325 ], [ 78.161852, 29.7531654 ], [ 78.1619423, 29.7535782 ], [ 78.1656376, 29.7574445 ], [ 78.166873, 29.7579341 ], [ 78.1696646, 29.7581984 ], [ 78.170355, 29.7564235 ], [ 78.1701644, 29.7526638 ], [ 78.1718149, 29.7495151 ], [ 78.1726883, 29.7486708 ], [ 78.1740396, 29.7486503 ], [ 78.1760871, 29.7492375 ], [ 78.1775976, 29.7490985 ], [ 78.1808841, 29.7508443 ], [ 78.1825187, 29.7506126 ] ] ] } },
{ "type": "Feature", "properties": { "gp_code": "23348", "gp_name": "ALAWALPUR", "blkname": "LAKSAR", "dtname": "Haridwar", "SHAPE_Area": 2132750.4873487521 }, "geometry": { "type": "Polygon", "coordinates": [ [ [ 78.1601132, 29.7413572 ], [ 78.159187, 29.740698 ], [ 78.1592639, 29.7401728 ], [ 78.1575771, 29.7379429 ], [ 78.154197, 29.736001 ], [ 78.148246, 29.7308659 ], [ 78.1470485, 29.7306054 ], [ 78.1465406, 29.7320779 ], [ 78.144564, 29.7326179 ], [ 78.144917, 29.7346957 ], [ 78.1456482, 29.7360706 ], [ 78.1459952, 29.7384753 ], [ 78.1466145, 29.7391037 ], [ 78.1477, 29.7392482 ], [ 78.1497166, 29.7426574 ], [ 78.1544001, 29.74659 ], [ 78.1569778, 29.7495255 ], [ 78.1570402, 29.750325 ], [ 78.1577743, 29.7497702 ], [ 78.1601995, 29.7495235 ], [ 78.1624248, 29.7466765 ], [ 78.1578469, 29.7434936 ], [ 78.1601132, 29.7413572 ] ] ] } },
{ "type": "Feature", "properties": { "gp_code": "23425", "gp_name": "ALAWALPUR", "blkname": "LAKSAR", "dtname": "Haridwar", "SHAPE_Area": 3359379.8588651642 }, "geometry": { "type": "Polygon", "coordinates": [ [ [ 78.1475644, 29.7391452 ], [ 78.1466145, 29.7391037 ], [ 78.1459952, 29.7384753 ], [ 78.1457836, 29.7366423 ], [ 78.144917, 29.7346957 ], [ 78.1448055, 29.7334057 ], [ 78.1433424, 29.7333333 ], [ 78.1422921, 29.733786 ], [ 78.1417553, 29.7335798 ], [ 78.1407755, 29.7343828 ], [ 78.1390984, 29.7379865 ], [ 78.1383646, 29.7425534 ], [ 78.1389422, 29.74364 ], [ 78.1378562, 29.7445664 ], [ 78.1374693, 29.746085 ], [ 78.1366015, 29.7470385 ], [ 78.1393329, 29.7497142 ], [ 78.1397362, 29.7504643 ], [ 78.1398003, 29.75161 ], [ 78.1463458, 29.7549997 ], [ 78.1545713, 29.7518512 ], [ 78.1570402, 29.750325 ], [ 78.1569778, 29.7495255 ], [ 78.1544001, 29.74659 ], [ 78.1497166, 29.7426574 ], [ 78.1475644, 29.7391452 ] ] ] } },
{ "type": "Feature", "properties": { "gp_code": "23427", "gp_name": "BAKKARPUR", "blkname": "LAKSAR", "dtname": "Haridwar", "SHAPE_Area": 11737968.572110118 }, "geometry": { "type": "Polygon", "coordinates": [ [ [ 78.1500414, 29.7256478 ], [ 78.1528144, 29.7244127 ], [ 78.1546965, 29.7239859 ], [ 78.1596055, 29.7205578 ], [ 78.1648794, 29.719498 ], [ 78.1667436, 29.7187106 ], [ 78.1646507, 29.7133862 ], [ 78.1652887, 29.7086594 ], [ 78.1699048, 29.7043271 ], [ 78.1762398, 29.6994569 ], [ 78.1805099, 29.696826 ], [ 78.1694377, 29.6901394 ], [ 78.1663193, 29.6871959 ], [ 78.1644859, 29.6848193 ], [ 78.1621512, 29.6831094 ], [ 78.1581649, 29.6835875 ], [ 78.155965, 29.684663 ], [ 78.1536497, 29.6870851 ], [ 78.1529563, 29.6884623 ], [ 78.1525426, 29.6914538 ], [ 78.1514502, 29.6955728 ], [ 78.1560544, 29.7008002 ], [ 78.1532165, 29.7039301 ], [ 78.1514755, 29.7071221 ], [ 78.1441284, 29.7162954 ], [ 78.1356481, 29.7240778 ], [ 78.1345802, 29.7240618 ], [ 78.1335477, 29.7245351 ], [ 78.1317591, 29.7265116 ], [ 78.1328972, 29.7272897 ], [ 78.136367, 29.72553 ], [ 78.1368742, 29.7255559 ], [ 78.1377944, 29.7261279 ], [ 78.1394511, 29.7280078 ], [ 78.1422702, 29.7298316 ], [ 78.1464359, 29.7283654 ], [ 78.1500414, 29.7256478 ] ] ] } },
{ "type": "Feature", "properties": { "gp_code": "23500", "gp_name": "MOHAMMADPUR JAT", "blkname": "LAKSAR", "dtname": "Haridwar", "SHAPE_Area": 4515903.3985559605 }, "geometry": { "type": "Polygon", "coordinates": [ [ [ 78.1345802, 29.7240618 ], [ 78.1356481, 29.7240778 ], [ 78.1441284, 29.7162954 ], [ 78.1514755, 29.7071221 ], [ 78.1532165, 29.7039301 ], [ 78.1560544, 29.7008002 ], [ 78.1514502, 29.6955728 ], [ 78.1448536, 29.7029339 ], [ 78.1421397, 29.7049876 ], [ 78.1314999, 29.7151734 ], [ 78.1289627, 29.7166604 ], [ 78.1263551, 29.7173749 ], [ 78.1238347, 29.7196754 ], [ 78.1281684, 29.7233074 ], [ 78.1299959, 29.7253523 ], [ 78.1317591, 29.7265116 ], [ 78.1333646, 29.7246535 ], [ 78.1345802, 29.7240618 ] ] ] } },
{ "type": "Feature", "properties": { "gp_code": "245206", "gp_name": "RAMPUR RAIGHATI", "blkname": "LAKSAR", "dtname": "Haridwar", "SHAPE_Area": 23230695.922041744 }, "geometry": { "type": "Polygon", "coordinates": [ [ [ 78.1861581, 29.739279 ], [ 78.1905767, 29.7370621 ], [ 78.1933258, 29.7387361 ], [ 78.1948371, 29.7392007 ], [ 78.1988733, 29.7376182 ], [ 78.2028518, 29.7376639 ], [ 78.2039218, 29.7372652 ], [ 78.2016523, 29.733813 ], [ 78.2001551, 29.7302883 ], [ 78.2035817, 29.7282558 ], [ 78.2024342, 29.720698 ], [ 78.2020117, 29.714431 ], [ 78.2003837, 29.7082935 ], [ 78.1970693, 29.6991496 ], [ 78.1960304, 29.6926762 ], [ 78.191654, 29.6920897 ], [ 78.1884006, 29.6922866 ], [ 78.1762398, 29.6994569 ], [ 78.1699048, 29.7043271 ], [ 78.1652887, 29.7086594 ], [ 78.1646507, 29.7133862 ], [ 78.1667436, 29.7187106 ], [ 78.1648794, 29.719498 ], [ 78.161564, 29.7199866 ], [ 78.1592515, 29.7207173 ], [ 78.156437, 29.7230029 ], [ 78.1546965, 29.7239859 ], [ 78.1505016, 29.7254059 ], [ 78.1464359, 29.7283654 ], [ 78.1450553, 29.7286893 ], [ 78.144294, 29.7292349 ], [ 78.1453617, 29.7294618 ], [ 78.1470485, 29.7306054 ], [ 78.1485881, 29.7310822 ], [ 78.154197, 29.736001 ], [ 78.1575771, 29.7379429 ], [ 78.1592639, 29.7401728 ], [ 78.159187, 29.740698 ], [ 78.1601132, 29.7413572 ], [ 78.166687, 29.7364257 ], [ 78.1681384, 29.735736 ], [ 78.16969, 29.7355045 ], [ 78.1775816, 29.7306909 ], [ 78.1781538, 29.7307939 ], [ 78.1817704, 29.7290538 ], [ 78.1827203, 29.7280961 ], [ 78.1817879, 29.7314068 ], [ 78.1822303, 29.7325499 ], [ 78.1819884, 29.7342903 ], [ 78.1801241, 29.7357783 ], [ 78.1799292, 29.736427 ], [ 78.1836282, 29.741226 ], [ 78.1849252, 29.7419418 ], [ 78.1861581, 29.739279 ] ] ] } },
{ "type": "Feature", "properties": { "gp_code": "23451", "gp_name": "MAHARAJPUR KHURD", "blkname": "LAKSAR", "dtname": "Haridwar", "SHAPE_Area": 19697952.34984554 }, "geometry": { "type": "Polygon", "coordinates": [ [ [ 78.1111653, 29.6454876 ], [ 78.1093894, 29.647817 ], [ 78.1072108, 29.6490267 ], [ 78.1043251, 29.651477 ], [ 78.1010398, 29.6557001 ], [ 78.0953194, 29.6610085 ], [ 78.0962958, 29.6618337 ], [ 78.1027477, 29.6648451 ], [ 78.1047352, 29.6684868 ], [ 78.1068485, 29.6705295 ], [ 78.1020075, 29.6738329 ], [ 78.096991, 29.6781895 ], [ 78.0968182, 29.6787872 ], [ 78.0928577, 29.6835672 ], [ 78.0958132, 29.6857339 ], [ 78.0955525, 29.6862979 ], [ 78.0987486, 29.6891027 ], [ 78.0994776, 29.6904489 ], [ 78.1030153, 29.6942865 ], [ 78.108336, 29.6983827 ], [ 78.1116543, 29.6959863 ], [ 78.1160307, 29.6920085 ], [ 78.1192095, 29.690187 ], [ 78.1208798, 29.6887203 ], [ 78.1213083, 29.6881608 ], [ 78.1216918, 29.6861968 ], [ 78.1241849, 29.6822687 ], [ 78.1253554, 29.678193 ], [ 78.1307223, 29.6763056 ], [ 78.1395325, 29.6741155 ], [ 78.1414933, 29.6667892 ], [ 78.1382607, 29.664193 ], [ 78.1335938, 29.6594952 ], [ 78.130538, 29.6525376 ], [ 78.1237541, 29.650449 ], [ 78.1192874, 29.6499662 ], [ 78.1171153, 29.6490184 ], [ 78.1145632, 29.6469648 ], [ 78.1111653, 29.6454876 ] ] ] } },
{ "type": "Feature", "properties": { "gp_code": "23418", "gp_name": "RAGHUNATHPUR URF BALAWALI", "blkname": "KHANPUR", "dtname": "Haridwar", "SHAPE_Area": 19440428.140463136 }, "geometry": { "type": "Polygon", "coordinates": [ [ [ 78.0703753, 29.6735049 ], [ 78.076475, 29.6702025 ], [ 78.0772059, 29.670613 ], [ 78.0779367, 29.6701843 ], [ 78.0810559, 29.6672926 ], [ 78.083161, 29.6688958 ], [ 78.0854755, 29.6712996 ], [ 78.0859997, 29.6713649 ], [ 78.0870015, 29.6699506 ], [ 78.0879181, 29.6696054 ], [ 78.0932386, 29.6710725 ], [ 78.0971876, 29.6717932 ], [ 78.0976292, 29.6715788 ], [ 78.0992348, 29.6697245 ], [ 78.1020916, 29.6644461 ], [ 78.0962958, 29.6618337 ], [ 78.0953194, 29.6610085 ], [ 78.1010398, 29.6557001 ], [ 78.1043251, 29.651477 ], [ 78.1072108, 29.6490267 ], [ 78.1093894, 29.647817 ], [ 78.1111492, 29.6454776 ], [ 78.1076418, 29.6429709 ], [ 78.1040343, 29.6412264 ], [ 78.1002516, 29.6405893 ], [ 78.0957671, 29.6408341 ], [ 78.0933969, 29.640449 ], [ 78.0903423, 29.6390152 ], [ 78.0864796, 29.6378748 ], [ 78.0814629, 29.6351422 ], [ 78.0723786, 29.6409102 ], [ 78.0716841, 29.6414177 ], [ 78.069508, 29.6449295 ], [ 78.0680337, 29.6462963 ], [ 78.065501, 29.6477759 ], [ 78.0621263, 29.6503945 ], [ 78.0526647, 29.6611839 ], [ 78.0547304, 29.6639874 ], [ 78.0549317, 29.6647203 ], [ 78.0546218, 29.6649527 ], [ 78.0576017, 29.6702822 ], [ 78.0609022, 29.6721069 ], [ 78.0632214, 29.6740577 ], [ 78.0643526, 29.675632 ], [ 78.0703753, 29.6735049 ] ] ] } },
{ "type": "Feature", "properties": { "gp_code": "", "gp_name": "", "blkname": "LAKSAR", "dtname": "Haridwar", "SHAPE_Area": 2169672.7333276691 }, "geometry": { "type": "Polygon", "coordinates": [ [ [ 78.0893805, 29.6814458 ], [ 78.0937782, 29.6786278 ], [ 78.0963554, 29.6777341 ], [ 78.096991, 29.6781895 ], [ 78.1020075, 29.6738329 ], [ 78.1068485, 29.6705295 ], [ 78.1047352, 29.6684868 ], [ 78.1027477, 29.6648451 ], [ 78.1020916, 29.6644461 ], [ 78.0992348, 29.6697245 ], [ 78.0971876, 29.6717932 ], [ 78.0932386, 29.6710725 ], [ 78.0886541, 29.6696368 ], [ 78.0870015, 29.6699506 ], [ 78.0859997, 29.6713649 ], [ 78.0869851, 29.6754067 ], [ 78.0866569, 29.6773941 ], [ 78.0866434, 29.6782597 ], [ 78.0870303, 29.6788703 ], [ 78.0868174, 29.6798201 ], [ 78.0871038, 29.6805161 ], [ 78.088475, 29.6815713 ], [ 78.0893805, 29.6814458 ] ] ] } },
{ "type": "Feature", "properties": { "gp_code": "23450", "gp_name": "MAHARAJPUR KALAN", "blkname": "LAKSAR", "dtname": "Haridwar", "SHAPE_Area": 4836659.7067409437 }, "geometry": { "type": "Polygon", "coordinates": [ [ [ 78.108336, 29.6983827 ], [ 78.1030153, 29.6942865 ], [ 78.0994776, 29.6904489 ], [ 78.0987486, 29.6891027 ], [ 78.0955525, 29.6862979 ], [ 78.0958132, 29.6857339 ], [ 78.0928577, 29.6835672 ], [ 78.0905491, 29.6855165 ], [ 78.0862206, 29.6878967 ], [ 78.084919, 29.6889682 ], [ 78.0805082, 29.6941879 ], [ 78.0812549, 29.694808 ], [ 78.080635, 29.6957418 ], [ 78.0753556, 29.7000839 ], [ 78.0776627, 29.7012993 ], [ 78.0797966, 29.7019464 ], [ 78.0822455, 29.7010122 ], [ 78.0861155, 29.7015529 ], [ 78.0884659, 29.7004067 ], [ 78.0898325, 29.7003478 ], [ 78.0911503, 29.7011639 ], [ 78.0945762, 29.702478 ], [ 78.0973017, 29.7027976 ], [ 78.0990304, 29.7035865 ], [ 78.1012675, 29.7031777 ], [ 78.1038215, 29.7008629 ], [ 78.1069906, 29.6994567 ], [ 78.108336, 29.6983827 ] ] ] } },
{ "type": "Feature", "properties": { "gp_code": "23434", "gp_name": "DARGAHPUR", "blkname": "LAKSAR", "dtname": "Haridwar", "SHAPE_Area": 5961487.636523203 }, "geometry": { "type": "Polygon", "coordinates": [ [ [ 78.0911903, 29.7233725 ], [ 78.096088, 29.7191696 ], [ 78.0962425, 29.7177599 ], [ 78.0949112, 29.7156244 ], [ 78.0940428, 29.714824 ], [ 78.0925881, 29.7144206 ], [ 78.0926577, 29.7140755 ], [ 78.0936987, 29.7134144 ], [ 78.0958577, 29.7105609 ], [ 78.0973738, 29.7092209 ], [ 78.1003107, 29.7076638 ], [ 78.0982039, 29.7043986 ], [ 78.0992605, 29.7041593 ], [ 78.0988521, 29.7034603 ], [ 78.0973017, 29.7027976 ], [ 78.0945762, 29.702478 ], [ 78.0911503, 29.7011639 ], [ 78.0898325, 29.7003478 ], [ 78.0884659, 29.7004067 ], [ 78.0861155, 29.7015529 ], [ 78.0822455, 29.7010122 ], [ 78.0797966, 29.7019464 ], [ 78.0776627, 29.7012993 ], [ 78.0753556, 29.7000839 ], [ 78.0739635, 29.7021567 ], [ 78.0718582, 29.7042251 ], [ 78.069249, 29.7056033 ], [ 78.0706159, 29.70803 ], [ 78.0695025, 29.7092592 ], [ 78.0687196, 29.709345 ], [ 78.0696964, 29.7113499 ], [ 78.0708152, 29.7122295 ], [ 78.0730812, 29.7132126 ], [ 78.0755305, 29.7136589 ], [ 78.0845976, 29.7181887 ], [ 78.0885382, 29.7196743 ], [ 78.0898124, 29.720761 ], [ 78.0911903, 29.7233725 ] ] ] } },
{ "type": "Feature", "properties": { "gp_code": "23461", "gp_name": "NIRANJAN PUR", "blkname": "LAKSAR", "dtname": "Haridwar", "SHAPE_Area": 13303633.196821509 }, "geometry": { "type": "Polygon", "coordinates": [ [ [ 78.1104617, 29.7139327 ], [ 78.1167712, 29.7140654 ], [ 78.1171298, 29.7133865 ], [ 78.1179363, 29.7138507 ], [ 78.1196614, 29.7125374 ], [ 78.1211331, 29.7109828 ], [ 78.1221085, 29.7091231 ], [ 78.1221452, 29.705724 ], [ 78.1239581, 29.7017465 ], [ 78.131494, 29.6936762 ], [ 78.1404069, 29.6894421 ], [ 78.1402951, 29.6888447 ], [ 78.1413603, 29.6872669 ], [ 78.1404836, 29.6829671 ], [ 78.1536497, 29.6870851 ], [ 78.1551216, 29.685286 ], [ 78.1576164, 29.6838036 ], [ 78.1621512, 29.6831094 ], [ 78.1467597, 29.6705703 ], [ 78.1414933, 29.6667892 ], [ 78.1395325, 29.6741155 ], [ 78.1307223, 29.6763056 ], [ 78.1253554, 29.678193 ], [ 78.1241849, 29.6822687 ], [ 78.1216918, 29.6861968 ], [ 78.1213083, 29.6881608 ], [ 78.1208798, 29.6887203 ], [ 78.1192095, 29.690187 ], [ 78.1160307, 29.6920085 ], [ 78.1116543, 29.6959863 ], [ 78.1069906, 29.6994567 ], [ 78.1038215, 29.7008629 ], [ 78.1012675, 29.7031777 ], [ 78.0990304, 29.7035865 ], [ 78.0992605, 29.7041593 ], [ 78.0982039, 29.7043986 ], [ 78.1004037, 29.7078194 ], [ 78.1030478, 29.7106468 ], [ 78.1042181, 29.7103082 ], [ 78.1044895, 29.7105268 ], [ 78.1040918, 29.7110795 ], [ 78.1053245, 29.7119633 ], [ 78.1050585, 29.7123241 ], [ 78.1057177, 29.7127885 ], [ 78.1053923, 29.7131947 ], [ 78.1057179, 29.7134584 ], [ 78.1074597, 29.7143758 ], [ 78.1085656, 29.7145152 ], [ 78.1104617, 29.7139327 ] ] ] } },
{ "type": "Feature", "properties": { "gp_code": "23464", "gp_name": "RASOOLPUR URF KANKAR KHATA", "blkname": "LAKSAR", "dtname": "Haridwar", "SHAPE_Area": 8363706.6737587657 }, "geometry": { "type": "Polygon", "coordinates": [ [ [ 78.1234098, 29.7200563 ], [ 78.1263551, 29.7173749 ], [ 78.1289627, 29.7166604 ], [ 78.1314999, 29.7151734 ], [ 78.1421397, 29.7049876 ], [ 78.1444052, 29.7033457 ], [ 78.1468774, 29.7008647 ], [ 78.1514502, 29.6955728 ], [ 78.1525426, 29.6914538 ], [ 78.1526376, 29.6894715 ], [ 78.1536497, 29.6870851 ], [ 78.1404836, 29.6829671 ], [ 78.1413603, 29.6872669 ], [ 78.1402951, 29.6888447 ], [ 78.1404069, 29.6894421 ], [ 78.1310338, 29.6940365 ], [ 78.1298829, 29.6956013 ], [ 78.1239581, 29.7017465 ], [ 78.1221452, 29.705724 ], [ 78.1221085, 29.7091231 ], [ 78.1211331, 29.7109828 ], [ 78.1179363, 29.7138507 ], [ 78.1171298, 29.7133865 ], [ 78.1167712, 29.7140654 ], [ 78.1164157, 29.7162285 ], [ 78.1170026, 29.716853 ], [ 78.1166076, 29.7173922 ], [ 78.1190013, 29.7194345 ], [ 78.1201832, 29.7213871 ], [ 78.1218246, 29.7223833 ], [ 78.1233811, 29.7240831 ], [ 78.1234098, 29.7200563 ] ] ] } },
{ "type": "Feature", "properties": { "gp_code": "23462", "gp_name": "PRATAPPUR", "blkname": "LAKSAR", "dtname": "Haridwar", "SHAPE_Area": 3455672.6918013473 }, "geometry": { "type": "Polygon", "coordinates": [ [ [ 78.1152179, 29.7328735 ], [ 78.1209516, 29.7275079 ], [ 78.1207138, 29.7273094 ], [ 78.121065, 29.7269033 ], [ 78.1205091, 29.7264051 ], [ 78.1223069, 29.7252834 ], [ 78.1233811, 29.7240831 ], [ 78.1218246, 29.7223833 ], [ 78.1201832, 29.7213871 ], [ 78.1190013, 29.7194345 ], [ 78.1166076, 29.7173922 ], [ 78.1170026, 29.716853 ], [ 78.1164157, 29.7162285 ], [ 78.1167712, 29.7140654 ], [ 78.1119912, 29.7138486 ], [ 78.1104617, 29.7139327 ], [ 78.1085656, 29.7145152 ], [ 78.1079541, 29.7162588 ], [ 78.1083888, 29.7177607 ], [ 78.1081539, 29.7183359 ], [ 78.1070694, 29.7196872 ], [ 78.1067082, 29.7209098 ], [ 78.1028858, 29.7253653 ], [ 78.1035994, 29.7261116 ], [ 78.1020651, 29.727657 ], [ 78.1047998, 29.7295732 ], [ 78.1066716, 29.7315121 ], [ 78.1085991, 29.7310244 ], [ 78.1104803, 29.7311026 ], [ 78.1115193, 29.7313819 ], [ 78.1144635, 29.7331737 ], [ 78.1152179, 29.7328735 ] ] ] } },
{ "type": "Feature", "properties": { "gp_code": "23444", "gp_name": "KHANPUR", "blkname": "LAKSAR", "dtname": "Haridwar", "SHAPE_Area": 1307983.9691704283 }, "geometry": { "type": "Polygon", "coordinates": [ [ [ 78.1164276, 29.7334796 ], [ 78.1211719, 29.7329634 ], [ 78.1225587, 29.7308273 ], [ 78.1237984, 29.7306222 ], [ 78.1266534, 29.7312722 ], [ 78.129003, 29.7286576 ], [ 78.1328972, 29.7272897 ], [ 78.1299959, 29.7253523 ], [ 78.1281684, 29.7233074 ], [ 78.1238347, 29.7196754 ], [ 78.1234098, 29.7200563 ], [ 78.1233811, 29.7240831 ], [ 78.1223069, 29.7252834 ], [ 78.1205091, 29.7264051 ], [ 78.121065, 29.7269033 ], [ 78.1207138, 29.7273094 ], [ 78.1209516, 29.7275079 ], [ 78.1163983, 29.7318581 ], [ 78.1144635, 29.7331737 ], [ 78.1164276, 29.7334796 ] ] ] } },
{ "type": "Feature", "properties": { "gp_code": "23460", "gp_name": "NEHANDPUR SUTHARI", "blkname": "LAKSAR", "dtname": "Haridwar", "SHAPE_Area": 5806060.1541552702 }, "geometry": { "type": "Polygon", "coordinates": [ [ [ 78.1196417, 29.7503957 ], [ 78.1245841, 29.7480467 ], [ 78.1269263, 29.7484237 ], [ 78.1289219, 29.7464576 ], [ 78.1298837, 29.7464735 ], [ 78.1309992, 29.7457068 ], [ 78.1310882, 29.7448212 ], [ 78.1323042, 29.7439876 ], [ 78.1340154, 29.7439779 ], [ 78.1348712, 29.7433604 ], [ 78.1363287, 29.7429749 ], [ 78.1378562, 29.7445664 ], [ 78.1389422, 29.74364 ], [ 78.1383646, 29.7425534 ], [ 78.1390984, 29.7379865 ], [ 78.1407755, 29.7343828 ], [ 78.1419796, 29.7335182 ], [ 78.1422921, 29.733786 ], [ 78.1433424, 29.7333333 ], [ 78.1448055, 29.7334057 ], [ 78.144564, 29.7326179 ], [ 78.1465406, 29.7320779 ], [ 78.1470485, 29.7306054 ], [ 78.1459575, 29.7297555 ], [ 78.1445299, 29.7292093 ], [ 78.1420697, 29.7298366 ], [ 78.1391091, 29.7277142 ], [ 78.1375113, 29.7259063 ], [ 78.136367, 29.72553 ], [ 78.1328972, 29.7272897 ], [ 78.129003, 29.7286576 ], [ 78.1266534, 29.7312722 ], [ 78.1237984, 29.7306222 ], [ 78.1225587, 29.7308273 ], [ 78.1211719, 29.7329634 ], [ 78.1184174, 29.7332127 ], [ 78.1193533, 29.7340536 ], [ 78.1190668, 29.7346198 ], [ 78.1194314, 29.7350639 ], [ 78.1208889, 29.7349933 ], [ 78.1217548, 29.7355072 ], [ 78.1204711, 29.7364888 ], [ 78.1197378, 29.7377589 ], [ 78.1186627, 29.7375428 ], [ 78.1145374, 29.7408396 ], [ 78.1150156, 29.7412815 ], [ 78.1140419, 29.7422697 ], [ 78.1140221, 29.7440491 ], [ 78.1149085, 29.7437511 ], [ 78.1153067, 29.7442945 ], [ 78.1160637, 29.7439063 ], [ 78.1174728, 29.7448349 ], [ 78.1196165, 29.7469969 ], [ 78.1167411, 29.7491451 ], [ 78.1163099, 29.7498986 ], [ 78.1169051, 29.7503238 ], [ 78.1196417, 29.7503957 ] ] ] } },
{ "type": "Feature", "properties": { "gp_code": "23442", "gp_name": "JAWAHARKHAN URF JHINWARHEDI", "blkname": "LAKSAR", "dtname": "Haridwar", "SHAPE_Area": 5064479.7383666337 }, "geometry": { "type": "Polygon", "coordinates": [ [ [ 78.0900425, 29.7493497 ], [ 78.0911514, 29.7494735 ], [ 78.0942419, 29.7474227 ], [ 78.0953507, 29.7478306 ], [ 78.0981157, 29.74647 ], [ 78.0991025, 29.7448684 ], [ 78.0981098, 29.744156 ], [ 78.099854, 29.7432895 ], [ 78.0989437, 29.7420335 ], [ 78.0996309, 29.7413003 ], [ 78.0994498, 29.7408267 ], [ 78.1005738, 29.7403686 ], [ 78.1004185, 29.7398206 ], [ 78.1023021, 29.7386179 ], [ 78.1026045, 29.738575 ], [ 78.1041426, 29.7400021 ], [ 78.107665, 29.7455671 ], [ 78.1083499, 29.7453278 ], [ 78.1084999, 29.7457066 ], [ 78.1113165, 29.7447764 ], [ 78.111632, 29.7450943 ], [ 78.1140221, 29.7440491 ], [ 78.1140419, 29.7422697 ], [ 78.1150156, 29.7412815 ], [ 78.1145374, 29.7408396 ], [ 78.1186627, 29.7375428 ], [ 78.1197378, 29.7377589 ], [ 78.1202722, 29.7367279 ], [ 78.1216979, 29.7353245 ], [ 78.1206381, 29.7349461 ], [ 78.1194314, 29.7350639 ], [ 78.1190668, 29.7346198 ], [ 78.1193533, 29.7340536 ], [ 78.1184174, 29.7332127 ], [ 78.1164276, 29.7334796 ], [ 78.1148745, 29.7333314 ], [ 78.1115193, 29.7313819 ], [ 78.1101289, 29.7310396 ], [ 78.1078316, 29.7311126 ], [ 78.1066716, 29.7315121 ], [ 78.1025277, 29.7341612 ], [ 78.1014578, 29.7341909 ], [ 78.0974623, 29.733202 ], [ 78.094375, 29.7355325 ], [ 78.0914811, 29.7366947 ], [ 78.0903649, 29.7375046 ], [ 78.0901403, 29.7381542 ], [ 78.0886287, 29.7391671 ], [ 78.0836854, 29.7413783 ], [ 78.0821579, 29.7409726 ], [ 78.0811372, 29.7413765 ], [ 78.0840631, 29.7434148 ], [ 78.0851698, 29.7455617 ], [ 78.0853744, 29.7474674 ], [ 78.0860956, 29.7484417 ], [ 78.0861787, 29.7495152 ], [ 78.0876311, 29.7491202 ], [ 78.088386, 29.7497786 ], [ 78.0885826, 29.7505747 ], [ 78.0892727, 29.7505182 ], [ 78.0900425, 29.7493497 ] ] ] } },
{ "type": "Feature", "properties": { "gp_code": "23437", "gp_name": "DUNGARPUR", "blkname": "LAKSAR", "dtname": "Haridwar", "SHAPE_Area": 4198782.1483525308 }, "geometry": { "type": "Polygon", "coordinates": [ [ [ 78.1040918, 29.7110795 ], [ 78.1044895, 29.7105268 ], [ 78.1042181, 29.7103082 ], [ 78.1030478, 29.7106468 ], [ 78.1003107, 29.7076638 ], [ 78.0973738, 29.7092209 ], [ 78.0958577, 29.7105609 ], [ 78.0936987, 29.7134144 ], [ 78.0926577, 29.7140755 ], [ 78.0925881, 29.7144206 ], [ 78.0940428, 29.714824 ], [ 78.0956246, 29.7165376 ], [ 78.0962425, 29.7177599 ], [ 78.096088, 29.7191696 ], [ 78.0925053, 29.7225579 ], [ 78.0911903, 29.7233725 ], [ 78.0902879, 29.7302289 ], [ 78.0951467, 29.7323974 ], [ 78.1014578, 29.7341909 ], [ 78.1031917, 29.7338926 ], [ 78.1066716, 29.7315121 ], [ 78.1047998, 29.7295732 ], [ 78.1020651, 29.727657 ], [ 78.1035994, 29.7261116 ], [ 78.1028858, 29.7253653 ], [ 78.1067082, 29.7209098 ], [ 78.1070694, 29.7196872 ], [ 78.1083888, 29.7177607 ], [ 78.1079541, 29.7162588 ], [ 78.1085656, 29.7145152 ], [ 78.1074597, 29.7143758 ], [ 78.1057179, 29.7134584 ], [ 78.1053923, 29.7131947 ], [ 78.1057177, 29.7127885 ], [ 78.1050585, 29.7123241 ], [ 78.1053245, 29.7119633 ], [ 78.1040918, 29.7110795 ] ] ] } },
{ "type": "Feature", "properties": { "gp_code": "23441", "gp_name": "ISMAILPUR", "blkname": "LAKSAR", "dtname": "Haridwar", "SHAPE_Area": 5195125.3124403367 }, "geometry": { "type": "Polygon", "coordinates": [ [ [ 78.0832641, 29.7414348 ], [ 78.0890034, 29.7389506 ], [ 78.0901403, 29.7381542 ], [ 78.0903649, 29.7375046 ], [ 78.0910289, 29.7370015 ], [ 78.094375, 29.7355325 ], [ 78.0974623, 29.733202 ], [ 78.0926449, 29.7314057 ], [ 78.0902233, 29.7301319 ], [ 78.0911514, 29.7229507 ], [ 78.0892308, 29.7201138 ], [ 78.0845976, 29.7181887 ], [ 78.0755305, 29.7136589 ], [ 78.0715103, 29.7126151 ], [ 78.0696665, 29.7113027 ], [ 78.0675867, 29.7125419 ], [ 78.0682781, 29.7137723 ], [ 78.0697406, 29.7142593 ], [ 78.0698878, 29.7145864 ], [ 78.0695623, 29.7151254 ], [ 78.0691231, 29.7153487 ], [ 78.0664516, 29.7147195 ], [ 78.0666325, 29.7158878 ], [ 78.0678778, 29.7164088 ], [ 78.0700327, 29.7164335 ], [ 78.0702807, 29.7166838 ], [ 78.0705911, 29.7203103 ], [ 78.0701675, 29.7214132 ], [ 78.0710124, 29.7208178 ], [ 78.0713922, 29.7211673 ], [ 78.0742834, 29.7197056 ], [ 78.0762007, 29.7204565 ], [ 78.0770768, 29.7223892 ], [ 78.0770332, 29.723968 ], [ 78.0787392, 29.7279372 ], [ 78.0769643, 29.730398 ], [ 78.0783394, 29.7321344 ], [ 78.079146, 29.7344483 ], [ 78.0805675, 29.7358194 ], [ 78.0799552, 29.7363856 ], [ 78.0804283, 29.7372289 ], [ 78.0799374, 29.7382913 ], [ 78.0798499, 29.7401159 ], [ 78.0811372, 29.7413765 ], [ 78.0821579, 29.7409726 ], [ 78.0832641, 29.7414348 ] ] ] } },
{ "type": "Feature", "properties": { "gp_code": "23320", "gp_name": "MOHAMMADPUR KUNHARI", "blkname": "BAHADRABAD", "dtname": "Haridwar", "SHAPE_Area": 14784287.053793972 }, "geometry": { "type": "Polygon", "coordinates": [ [ [ 78.0959897, 29.7880042 ], [ 78.096459, 29.788256 ], [ 78.0992777, 29.7861124 ], [ 78.0980948, 29.784138 ], [ 78.097939, 29.7808875 ], [ 78.0965794, 29.7794902 ], [ 78.0955476, 29.7756503 ], [ 78.0967729, 29.7719235 ], [ 78.100206, 29.773941 ], [ 78.0995578, 29.7744061 ], [ 78.1040236, 29.7782531 ], [ 78.1056073, 29.7774928 ], [ 78.1120605, 29.7731879 ], [ 78.1157526, 29.7702753 ], [ 78.1167148, 29.769734 ], [ 78.1171359, 29.7701317 ], [ 78.1185275, 29.7689496 ], [ 78.1182192, 29.7686598 ], [ 78.1197081, 29.7670927 ], [ 78.120266, 29.7675386 ], [ 78.1221496, 29.7651107 ], [ 78.1233502, 29.7644322 ], [ 78.1226581, 29.7637851 ], [ 78.1209249, 29.7653628 ], [ 78.1205918, 29.7651858 ], [ 78.1172848, 29.7609133 ], [ 78.1167755, 29.7612801 ], [ 78.115518, 29.7596944 ], [ 78.1100009, 29.7622262 ], [ 78.10911, 29.760618 ], [ 78.1080519, 29.7609518 ], [ 78.1074747, 29.7617706 ], [ 78.1061892, 29.7600247 ], [ 78.1051442, 29.760505 ], [ 78.1041674, 29.7595216 ], [ 78.1028096, 29.7565365 ], [ 78.1029119, 29.7549276 ], [ 78.1000987, 29.7552064 ], [ 78.1005406, 29.7572221 ], [ 78.0921459, 29.7611343 ], [ 78.0921589, 29.7629019 ], [ 78.0933548, 29.7654923 ], [ 78.0890851, 29.7677452 ], [ 78.0778387, 29.7618333 ], [ 78.0744331, 29.7644357 ], [ 78.0702492, 29.7684932 ], [ 78.0718045, 29.7726779 ], [ 78.0719403, 29.7740517 ], [ 78.0711693, 29.7775189 ], [ 78.0711463, 29.7812084 ], [ 78.0714706, 29.7828285 ], [ 78.0736585, 29.7859802 ], [ 78.0743001, 29.7885341 ], [ 78.0742583, 29.7900888 ], [ 78.0957683, 29.7976174 ], [ 78.0919932, 29.7927566 ], [ 78.0959897, 29.7880042 ] ] ] } },
{ "type": "Feature", "properties": { "gp_code": "275678", "gp_name": "TIKAMPUR", "blkname": "BAHADRABAD", "dtname": "Haridwar", "SHAPE_Area": 1904111.0714744895 }, "geometry": { "type": "Polygon", "coordinates": [ [ [ 78.1029119, 29.7549276 ], [ 78.1030007, 29.7530503 ], [ 78.1040375, 29.7531024 ], [ 78.1033473, 29.7513501 ], [ 78.1035836, 29.7504129 ], [ 78.1015889, 29.7514661 ], [ 78.0993838, 29.7509104 ], [ 78.0979172, 29.7478435 ], [ 78.0989818, 29.7471689 ], [ 78.0981157, 29.74647 ], [ 78.0953507, 29.7478306 ], [ 78.0942419, 29.7474227 ], [ 78.0914305, 29.7493697 ], [ 78.0900425, 29.7493497 ], [ 78.0892727, 29.7505182 ], [ 78.0885826, 29.7505747 ], [ 78.0886143, 29.7523814 ], [ 78.0899228, 29.7594936 ], [ 78.0906888, 29.7602882 ], [ 78.0920614, 29.7598517 ], [ 78.0921459, 29.7611343 ], [ 78.1005406, 29.7572221 ], [ 78.1000987, 29.7552064 ], [ 78.1029119, 29.7549276 ] ] ] } },
{ "type": "Feature", "properties": { "gp_code": "23468", "gp_name": "SULTANPUR ADAMPUR", "blkname": "LAKSAR", "dtname": "Haridwar", "SHAPE_Area": 4050280.2300675539 }, "geometry": { "type": "Polygon", "coordinates": [ [ [ 78.1100009, 29.7622262 ], [ 78.119084, 29.7580117 ], [ 78.1171067, 29.7550994 ], [ 78.1141104, 29.7519755 ], [ 78.1169051, 29.7503238 ], [ 78.1163099, 29.7498986 ], [ 78.1167411, 29.7491451 ], [ 78.1196165, 29.7469969 ], [ 78.1167747, 29.7443187 ], [ 78.1160637, 29.7439063 ], [ 78.1153067, 29.7442945 ], [ 78.1149085, 29.7437511 ], [ 78.111632, 29.7450943 ], [ 78.1113165, 29.7447764 ], [ 78.1084999, 29.7457066 ], [ 78.1083499, 29.7453278 ], [ 78.107665, 29.7455671 ], [ 78.1041426, 29.7400021 ], [ 78.1026045, 29.738575 ], [ 78.1023021, 29.7386179 ], [ 78.1004185, 29.7398206 ], [ 78.1005738, 29.7403686 ], [ 78.0995842, 29.7406868 ], [ 78.0996309, 29.7413003 ], [ 78.0989256, 29.7418959 ], [ 78.099854, 29.7432895 ], [ 78.0981098, 29.744156 ], [ 78.0991025, 29.7448684 ], [ 78.0985548, 29.7454843 ], [ 78.098573, 29.745906 ], [ 78.0980794, 29.7461836 ], [ 78.0989818, 29.7471689 ], [ 78.0979172, 29.7478435 ], [ 78.0984887, 29.7486102 ], [ 78.0983079, 29.7488538 ], [ 78.0989724, 29.7496475 ], [ 78.0993838, 29.7509104 ], [ 78.1008728, 29.7514577 ], [ 78.1015889, 29.7514661 ], [ 78.1035836, 29.7504129 ], [ 78.1033473, 29.7513501 ], [ 78.1040375, 29.7531024 ], [ 78.1030007, 29.7530503 ], [ 78.1028096, 29.7565365 ], [ 78.1041674, 29.7595216 ], [ 78.1048874, 29.7603289 ], [ 78.1051442, 29.760505 ], [ 78.1061892, 29.7600247 ], [ 78.1074747, 29.7617706 ], [ 78.1080519, 29.7609518 ], [ 78.10911, 29.760618 ], [ 78.1100009, 29.7622262 ] ] ] } },
{ "type": "Feature", "properties": { "gp_code": "23452", "gp_name": "MAHTAULI", "blkname": "LAKSAR", "dtname": "Haridwar", "SHAPE_Area": 4396405.177727134 }, "geometry": { "type": "Polygon", "coordinates": [ [ [ 78.1233502, 29.7644322 ], [ 78.123855, 29.7641615 ], [ 78.1245069, 29.7643441 ], [ 78.1293996, 29.7609182 ], [ 78.1349895, 29.7581465 ], [ 78.1398003, 29.75161 ], [ 78.1397362, 29.7504643 ], [ 78.1393329, 29.7497142 ], [ 78.1366015, 29.7470385 ], [ 78.1374693, 29.746085 ], [ 78.1378562, 29.7445664 ], [ 78.1363287, 29.7429749 ], [ 78.1348712, 29.7433604 ], [ 78.1344697, 29.7438598 ], [ 78.1318497, 29.7442191 ], [ 78.1310882, 29.7448212 ], [ 78.1309992, 29.7457068 ], [ 78.1298837, 29.7464735 ], [ 78.1289219, 29.7464576 ], [ 78.1269263, 29.7484237 ], [ 78.1245841, 29.7480467 ], [ 78.1240292, 29.7484017 ], [ 78.1237402, 29.7482266 ], [ 78.1196417, 29.7503957 ], [ 78.1169051, 29.7503238 ], [ 78.1141104, 29.7519755 ], [ 78.1171067, 29.7550994 ], [ 78.119084, 29.7580117 ], [ 78.115518, 29.7596944 ], [ 78.1167755, 29.7612801 ], [ 78.1172848, 29.7609133 ], [ 78.1205918, 29.7651858 ], [ 78.1209249, 29.7653628 ], [ 78.1226581, 29.7637851 ], [ 78.1233502, 29.7644322 ] ] ] } },
{ "type": "Feature", "properties": { "gp_code": "245197", "gp_name": "BHUWAPUR CHAMRAWAL", "blkname": "BAHADRABAD", "dtname": "Haridwar", "SHAPE_Area": 3577725.5633975537 }, "geometry": { "type": "Polygon", "coordinates": [ [ [ 78.1401144, 29.7709158 ], [ 78.1387062, 29.7695396 ], [ 78.138531, 29.7682426 ], [ 78.1397135, 29.7658525 ], [ 78.140192, 29.7653293 ], [ 78.1410735, 29.765147 ], [ 78.1341647, 29.7585544 ], [ 78.1293996, 29.7609182 ], [ 78.1245069, 29.7643441 ], [ 78.123855, 29.7641615 ], [ 78.1221496, 29.7651107 ], [ 78.120266, 29.7675386 ], [ 78.1197081, 29.7670927 ], [ 78.1182192, 29.7686598 ], [ 78.1185275, 29.7689496 ], [ 78.1175728, 29.7697606 ], [ 78.120234, 29.7726243 ], [ 78.1206971, 29.7722769 ], [ 78.1225543, 29.7745817 ], [ 78.123397, 29.773866 ], [ 78.1236754, 29.7740506 ], [ 78.1268536, 29.7780621 ], [ 78.1401144, 29.7709158 ] ] ] } },
{ "type": "Feature", "properties": { "gp_code": "23310", "gp_name": "JASODAR PUR", "blkname": "BAHADRABAD", "dtname": "Haridwar", "SHAPE_Area": 4088913.0277624759 }, "geometry": { "type": "Polygon", "coordinates": [ [ [ 78.1094785, 29.7907388 ], [ 78.1202122, 29.785026 ], [ 78.1147167, 29.7786112 ], [ 78.1168166, 29.7770314 ], [ 78.111923, 29.7732811 ], [ 78.1056073, 29.7774928 ], [ 78.1040236, 29.7782531 ], [ 78.0995578, 29.7744061 ], [ 78.100206, 29.773941 ], [ 78.0967729, 29.7719235 ], [ 78.0955476, 29.7756503 ], [ 78.0965794, 29.7794902 ], [ 78.097939, 29.7808875 ], [ 78.0982321, 29.7846323 ], [ 78.0999123, 29.7870152 ], [ 78.1012566, 29.7903994 ], [ 78.1017299, 29.7938533 ], [ 78.1086679, 29.7898573 ], [ 78.1094785, 29.7907388 ] ] ] } },
{ "type": "Feature", "properties": { "gp_code": "23413", "gp_name": "MIRZAPUR MOHNAWALA", "blkname": "BAHADRABAD", "dtname": "Haridwar", "SHAPE_Area": 4293938.70335209 }, "geometry": { "type": "Polygon", "coordinates": [ [ [ 78.1252952, 29.7982331 ], [ 78.1262525, 29.7973967 ], [ 78.1279099, 29.7974539 ], [ 78.1288779, 29.7959681 ], [ 78.1383087, 29.7949593 ], [ 78.1302352, 29.7825269 ], [ 78.1236754, 29.7740506 ], [ 78.123397, 29.773866 ], [ 78.1225543, 29.7745817 ], [ 78.1206971, 29.7722769 ], [ 78.120234, 29.7726243 ], [ 78.1175728, 29.7697606 ], [ 78.1171359, 29.7701317 ], [ 78.1167148, 29.769734 ], [ 78.111923, 29.7732811 ], [ 78.1168166, 29.7770314 ], [ 78.1147167, 29.7786112 ], [ 78.1202122, 29.785026 ], [ 78.1178192, 29.7864068 ], [ 78.1237321, 29.7919526 ], [ 78.1247469, 29.7943513 ], [ 78.1252952, 29.7982331 ] ] ] } },
{ "type": "Feature", "properties": { "gp_code": "", "gp_name": "", "blkname": "BAHADRABAD", "dtname": "Haridwar", "SHAPE_Area": 1022107.5535527108 }, "geometry": { "type": "Polygon", "coordinates": [ [ [ 78.1302283, 29.8038658 ], [ 78.1347863, 29.801133 ], [ 78.1344504, 29.8007652 ], [ 78.1351619, 29.8000641 ], [ 78.1356605, 29.8008176 ], [ 78.1359923, 29.7993405 ], [ 78.1405701, 29.7973011 ], [ 78.1403416, 29.7969234 ], [ 78.1383087, 29.7949593 ], [ 78.1288779, 29.7959681 ], [ 78.1279099, 29.7974539 ], [ 78.1262525, 29.7973967 ], [ 78.1252952, 29.7982331 ], [ 78.1260707, 29.7999451 ], [ 78.1300041, 29.803665 ], [ 78.1302283, 29.8038658 ] ] ] } },
{ "type": "Feature", "properties": { "gp_code": "", "gp_name": "", "blkname": "BAHADRABAD", "dtname": "Haridwar", "SHAPE_Area": 2377244.6283749063 }, "geometry": { "type": "Polygon", "coordinates": [ [ [ 78.1236423, 29.8197052 ], [ 78.13297, 29.8127043 ], [ 78.1306516, 29.8101209 ], [ 78.1296647, 29.808411 ], [ 78.1298802, 29.8067309 ], [ 78.1312497, 29.8042551 ], [ 78.1309036, 29.8034295 ], [ 78.1302283, 29.8038658 ], [ 78.1300041, 29.803665 ], [ 78.1260707, 29.7999451 ], [ 78.1252331, 29.7983209 ], [ 78.1252082, 29.8009484 ], [ 78.1246792, 29.8033952 ], [ 78.1234679, 29.8054635 ], [ 78.1216767, 29.8107946 ], [ 78.1184939, 29.8142658 ], [ 78.1174994, 29.8160975 ], [ 78.1172749, 29.818432 ], [ 78.1153901, 29.8207274 ], [ 78.1150118, 29.8217578 ], [ 78.1236423, 29.8197052 ] ] ] } },
{ "type": "Feature", "properties": { "gp_code": "23323", "gp_name": "NASIRPUR KALAN", "blkname": "BAHADRABAD", "dtname": "Haridwar", "SHAPE_Area": 9060147.262481723 }, "geometry": { "type": "Polygon", "coordinates": [ [ [ 78.1252331, 29.7983209 ], [ 78.1247469, 29.7943513 ], [ 78.1237321, 29.7919526 ], [ 78.1178192, 29.7864068 ], [ 78.1094785, 29.7907388 ], [ 78.1086679, 29.7898573 ], [ 78.1017299, 29.7938533 ], [ 78.1012566, 29.7903994 ], [ 78.1001418, 29.7874772 ], [ 78.0992777, 29.7861124 ], [ 78.096459, 29.788256 ], [ 78.0959897, 29.7880042 ], [ 78.0919932, 29.7927566 ], [ 78.1048439, 29.8091902 ], [ 78.1108757, 29.8160185 ], [ 78.1137793, 29.8205489 ], [ 78.1150118, 29.8217578 ], [ 78.1153901, 29.8207274 ], [ 78.1172749, 29.818432 ], [ 78.1174994, 29.8160975 ], [ 78.1184939, 29.8142658 ], [ 78.1216767, 29.8107946 ], [ 78.1234679, 29.8054635 ], [ 78.1246792, 29.8033952 ], [ 78.1252082, 29.8009484 ], [ 78.1252331, 29.7983209 ] ] ] } },
{ "type": "Feature", "properties": { "gp_code": "", "gp_name": "", "blkname": "BAHADRABAD", "dtname": "Haridwar", "SHAPE_Area": 3295773.3628947427 }, "geometry": { "type": "Polygon", "coordinates": [ [ [ 78.0894124, 29.8641042 ], [ 78.0911058, 29.8601088 ], [ 78.0950915, 29.8570651 ], [ 78.0942046, 29.8553365 ], [ 78.0922196, 29.8533119 ], [ 78.0938613, 29.8516658 ], [ 78.0938316, 29.8506582 ], [ 78.0941668, 29.8499842 ], [ 78.095028, 29.8494743 ], [ 78.0939091, 29.8480984 ], [ 78.0935547, 29.8470936 ], [ 78.0924836, 29.8470085 ], [ 78.0911991, 29.846085 ], [ 78.0883266, 29.8453071 ], [ 78.0858756, 29.8451003 ], [ 78.0835435, 29.8430846 ], [ 78.0775214, 29.8476739 ], [ 78.0776444, 29.8509142 ], [ 78.0790648, 29.8537617 ], [ 78.0874168, 29.8649768 ], [ 78.0889362, 29.8646121 ], [ 78.0894124, 29.8641042 ] ] ] } },
{ "type": "Feature", "properties": { "gp_code": "", "gp_name": "", "blkname": "BAHADRABAD", "dtname": "Haridwar", "SHAPE_Area": 11304692.028920453 }, "geometry": { "type": "Polygon", "coordinates": [ [ [ 78.0786347, 29.8984128 ], [ 78.0859254, 29.893101 ], [ 78.09036, 29.8913723 ], [ 78.0936154, 29.8906836 ], [ 78.091162, 29.8878359 ], [ 78.0908211, 29.8863292 ], [ 78.0900562, 29.8854786 ], [ 78.088932, 29.8861995 ], [ 78.0886505, 29.8853031 ], [ 78.0887791, 29.8840037 ], [ 78.0872626, 29.882088 ], [ 78.0855237, 29.8830721 ], [ 78.0831043, 29.8809568 ], [ 78.0860519, 29.8782556 ], [ 78.0870676, 29.8762677 ], [ 78.0875604, 29.8736701 ], [ 78.0870877, 29.8715251 ], [ 78.0874837, 29.8684031 ], [ 78.0865059, 29.8657254 ], [ 78.0872789, 29.8655568 ], [ 78.0874237, 29.8649859 ], [ 78.0790648, 29.8537617 ], [ 78.0776444, 29.8509142 ], [ 78.0773355, 29.8479746 ], [ 78.076745, 29.8480696 ], [ 78.0747152, 29.8494147 ], [ 78.0632618, 29.8583656 ], [ 78.0659584, 29.8602477 ], [ 78.0667889, 29.8612253 ], [ 78.0663011, 29.8615025 ], [ 78.066858, 29.8621147 ], [ 78.0659639, 29.8627821 ], [ 78.067022, 29.8665667 ], [ 78.0642384, 29.872109 ], [ 78.0691159, 29.8760343 ], [ 78.0704841, 29.8785318 ], [ 78.0711988, 29.8827022 ], [ 78.0718239, 29.8838168 ], [ 78.0712657, 29.8842903 ], [ 78.0725998, 29.8870206 ], [ 78.0725104, 29.893689 ], [ 78.07387, 29.8938252 ], [ 78.0739664, 29.8984082 ], [ 78.0742134, 29.9002185 ], [ 78.0748613, 29.9018401 ], [ 78.0786347, 29.8984128 ] ] ] } },
{ "type": "Feature", "properties": { "gp_code": "", "gp_name": "", "blkname": "BAHADRABAD", "dtname": "Haridwar", "SHAPE_Area": 799237.03873108875 }, "geometry": { "type": "Polygon", "coordinates": [ [ [ 78.0975692, 29.8550734 ], [ 78.0911058, 29.8601088 ], [ 78.0906537, 29.8610184 ], [ 78.0917622, 29.862585 ], [ 78.0935391, 29.8639094 ], [ 78.0956495, 29.8671072 ], [ 78.0964184, 29.8674487 ], [ 78.0962682, 29.8669005 ], [ 78.0986386, 29.865026 ], [ 78.0988452, 29.8624151 ], [ 78.0983456, 29.8615074 ], [ 78.0983878, 29.8602505 ], [ 78.0977352, 29.8575242 ], [ 78.0984106, 29.8568212 ], [ 78.0985276, 29.8560984 ], [ 78.0980732, 29.8552043 ], [ 78.0975692, 29.8550734 ] ] ] } },
{ "type": "Feature", "properties": { "gp_code": "23325", "gp_name": "DHANPURA URF PADARTHA", "blkname": "BAHADRABAD", "dtname": "Haridwar", "SHAPE_Area": 12556139.052330591 }, "geometry": { "type": "Polygon", "coordinates": [ [ [ 78.1236199, 29.8487646 ], [ 78.1252755, 29.8472884 ], [ 78.1270714, 29.8466487 ], [ 78.1319251, 29.8459088 ], [ 78.1336994, 29.8465884 ], [ 78.1371051, 29.8498396 ], [ 78.1407702, 29.8515866 ], [ 78.1436714, 29.8493277 ], [ 78.1455326, 29.8469828 ], [ 78.1483043, 29.844469 ], [ 78.1484651, 29.843612 ], [ 78.1436317, 29.8396975 ], [ 78.1426261, 29.8378929 ], [ 78.1371682, 29.8424174 ], [ 78.1305353, 29.8375636 ], [ 78.1236743, 29.8416995 ], [ 78.1214604, 29.8419367 ], [ 78.1218106, 29.8407689 ], [ 78.1217113, 29.8398528 ], [ 78.1230366, 29.838117 ], [ 78.1174357, 29.8325747 ], [ 78.1166909, 29.8309202 ], [ 78.1160162, 29.8276471 ], [ 78.1139026, 29.8226982 ], [ 78.0939246, 29.8375212 ], [ 78.0927134, 29.8390194 ], [ 78.0850027, 29.8444252 ], [ 78.0858756, 29.8451003 ], [ 78.0883266, 29.8453071 ], [ 78.0911991, 29.846085 ], [ 78.0924836, 29.8470085 ], [ 78.0935547, 29.8470936 ], [ 78.0939091, 29.8480984 ], [ 78.0950635, 29.8496195 ], [ 78.0941668, 29.8499842 ], [ 78.0938316, 29.8506582 ], [ 78.0938613, 29.8516658 ], [ 78.0922196, 29.8533119 ], [ 78.0942046, 29.8553365 ], [ 78.0950915, 29.8570651 ], [ 78.0975692, 29.8550734 ], [ 78.0980732, 29.8552043 ], [ 78.0984328, 29.8558801 ], [ 78.0984106, 29.8568212 ], [ 78.0977352, 29.8575242 ], [ 78.0983878, 29.8602505 ], [ 78.0983456, 29.8615074 ], [ 78.0988452, 29.8624151 ], [ 78.0986386, 29.865026 ], [ 78.0962682, 29.8669005 ], [ 78.0964184, 29.8674487 ], [ 78.0996612, 29.8677037 ], [ 78.1010506, 29.8668054 ], [ 78.101416, 29.8661218 ], [ 78.1010609, 29.864179 ], [ 78.1018284, 29.8631479 ], [ 78.0995374, 29.8586743 ], [ 78.1005535, 29.8569484 ], [ 78.1010217, 29.8549921 ], [ 78.1076133, 29.8509024 ], [ 78.1122519, 29.850045 ], [ 78.1139364, 29.8500119 ], [ 78.1180778, 29.8488227 ], [ 78.1199705, 29.8490027 ], [ 78.1227035, 29.8475664 ], [ 78.1236199, 29.8487646 ] ] ] } },
{ "type": "Feature", "properties": { "gp_code": "23327", "gp_name": "PHERUPUR RAMKHERA", "blkname": "BAHADRABAD", "dtname": "Haridwar", "SHAPE_Area": 3785668.2377417791 }, "geometry": { "type": "Polygon", "coordinates": [ [ [ 78.1091907, 29.8654328 ], [ 78.111807, 29.8627776 ], [ 78.1150193, 29.8567062 ], [ 78.116123, 29.857621 ], [ 78.1173926, 29.8595382 ], [ 78.1176945, 29.8595483 ], [ 78.1183245, 29.8578638 ], [ 78.1180586, 29.8559978 ], [ 78.1184835, 29.8543834 ], [ 78.1200395, 29.854362 ], [ 78.1217198, 29.8555993 ], [ 78.1232818, 29.855183 ], [ 78.1233583, 29.8546243 ], [ 78.1226691, 29.8537671 ], [ 78.1258408, 29.8519996 ], [ 78.1246315, 29.8498818 ], [ 78.124194, 29.8482554 ], [ 78.1236199, 29.8487646 ], [ 78.1227035, 29.8475664 ], [ 78.1199705, 29.8490027 ], [ 78.1180778, 29.8488227 ], [ 78.1139364, 29.8500119 ], [ 78.1122519, 29.850045 ], [ 78.1076133, 29.8509024 ], [ 78.1010217, 29.8549921 ], [ 78.1005535, 29.8569484 ], [ 78.0995432, 29.8587863 ], [ 78.1000638, 29.8593124 ], [ 78.1018383, 29.8632369 ], [ 78.1010609, 29.864179 ], [ 78.101416, 29.8661218 ], [ 78.1010506, 29.8668054 ], [ 78.0996612, 29.8677037 ], [ 78.1014267, 29.8683699 ], [ 78.1037283, 29.8684957 ], [ 78.1073109, 29.866859 ], [ 78.1086034, 29.8667952 ], [ 78.1091907, 29.8654328 ] ] ] } },
{ "type": "Feature", "properties": { "gp_code": "23313", "gp_name": "KATARPUR ALIPUR", "blkname": "BAHADRABAD", "dtname": "Haridwar", "SHAPE_Area": 5953015.0523605654 }, "geometry": { "type": "Polygon", "coordinates": [ [ [ 78.1306362, 29.8813431 ], [ 78.1382738, 29.8761144 ], [ 78.1400011, 29.8758915 ], [ 78.1435582, 29.8719641 ], [ 78.1435236, 29.8680151 ], [ 78.1432133, 29.8676 ], [ 78.1428498, 29.8646613 ], [ 78.1435469, 29.8622506 ], [ 78.1439429, 29.8619011 ], [ 78.1395057, 29.8557809 ], [ 78.1349561, 29.8578 ], [ 78.1344112, 29.8558963 ], [ 78.1337043, 29.8569605 ], [ 78.1322392, 29.8582274 ], [ 78.1274306, 29.8603949 ], [ 78.1264792, 29.8589488 ], [ 78.1236739, 29.8607154 ], [ 78.1218742, 29.8613018 ], [ 78.1209108, 29.863068 ], [ 78.1190973, 29.8641133 ], [ 78.1205612, 29.8671584 ], [ 78.1242336, 29.8709708 ], [ 78.1252802, 29.8732514 ], [ 78.1238663, 29.8748752 ], [ 78.1223905, 29.8756935 ], [ 78.1226951, 29.8763555 ], [ 78.1211416, 29.8777918 ], [ 78.1271763, 29.8804601 ], [ 78.1296582, 29.8807793 ], [ 78.1306362, 29.8813431 ] ] ] } },
{ "type": "Feature", "properties": { "gp_code": "275679", "gp_name": "CHANDPUR", "blkname": "BAHADRABAD", "dtname": "Haridwar", "SHAPE_Area": 4424892.2424433483 }, "geometry": { "type": "Polygon", "coordinates": [ [ [ 78.1232517, 29.8700071 ], [ 78.1201335, 29.866482 ], [ 78.1190973, 29.8641133 ], [ 78.1209108, 29.863068 ], [ 78.1218742, 29.8613018 ], [ 78.1236739, 29.8607154 ], [ 78.1264792, 29.8589488 ], [ 78.1274306, 29.8603949 ], [ 78.1297547, 29.8592864 ], [ 78.1302773, 29.8593249 ], [ 78.1331477, 29.8575467 ], [ 78.1344112, 29.8558963 ], [ 78.1349561, 29.8578 ], [ 78.1395057, 29.8557809 ], [ 78.1413188, 29.8513657 ], [ 78.1407702, 29.8515866 ], [ 78.138587, 29.8507558 ], [ 78.1371051, 29.8498396 ], [ 78.1336994, 29.8465884 ], [ 78.1319251, 29.8459088 ], [ 78.1295371, 29.8461243 ], [ 78.1252755, 29.8472884 ], [ 78.124194, 29.8482554 ], [ 78.1246315, 29.8498818 ], [ 78.1258408, 29.8519996 ], [ 78.1226691, 29.8537671 ], [ 78.1233583, 29.8546243 ], [ 78.1232818, 29.855183 ], [ 78.1217198, 29.8555993 ], [ 78.1200395, 29.854362 ], [ 78.1184835, 29.8543834 ], [ 78.1180586, 29.8559978 ], [ 78.1183245, 29.8578638 ], [ 78.1176945, 29.8595483 ], [ 78.1173926, 29.8595382 ], [ 78.116123, 29.857621 ], [ 78.1150193, 29.8567062 ], [ 78.111807, 29.8627776 ], [ 78.1091907, 29.8654328 ], [ 78.1103312, 29.8683755 ], [ 78.1112599, 29.8679057 ], [ 78.1131844, 29.8680007 ], [ 78.1162393, 29.8697346 ], [ 78.118355, 29.8721422 ], [ 78.119301, 29.8727052 ], [ 78.1232517, 29.8700071 ] ] ] } },
{ "type": "Feature", "properties": { "gp_code": "23322", "gp_name": "MUSTAFABAD", "blkname": "BAHADRABAD", "dtname": "Haridwar", "SHAPE_Area": 3331248.9237347846 }, "geometry": { "type": "Polygon", "coordinates": [ [ [ 78.1305353, 29.8375636 ], [ 78.1333563, 29.8350049 ], [ 78.1354756, 29.8336188 ], [ 78.1353573, 29.8323896 ], [ 78.1337162, 29.8297705 ], [ 78.1314542, 29.8318558 ], [ 78.1297261, 29.832155 ], [ 78.1263965, 29.8244742 ], [ 78.1236423, 29.8197052 ], [ 78.1152552, 29.8216409 ], [ 78.1139026, 29.8226982 ], [ 78.1160162, 29.8276471 ], [ 78.1166909, 29.8309202 ], [ 78.1174357, 29.8325747 ], [ 78.1230366, 29.838117 ], [ 78.1217113, 29.8398528 ], [ 78.1218106, 29.8407689 ], [ 78.1214604, 29.8419367 ], [ 78.1236743, 29.8416995 ], [ 78.1305353, 29.8375636 ] ] ] } },
{ "type": "Feature", "properties": { "gp_code": "23340", "gp_name": "SHAHPUR SHITALAKHERA", "blkname": "BAHADRABAD", "dtname": "Haridwar", "SHAPE_Area": 10914897.338500457 }, "geometry": { "type": "Polygon", "coordinates": [ [ [ 78.1437189, 29.8352478 ], [ 78.150011, 29.8253895 ], [ 78.1515943, 29.8244765 ], [ 78.1546931, 29.8237737 ], [ 78.1540861, 29.8211889 ], [ 78.1549166, 29.8204359 ], [ 78.1552661, 29.8194188 ], [ 78.1551398, 29.8183746 ], [ 78.1537824, 29.816906 ], [ 78.1531058, 29.8140281 ], [ 78.1504636, 29.8113232 ], [ 78.1490342, 29.809248 ], [ 78.1487191, 29.8082623 ], [ 78.1489755, 29.8070332 ], [ 78.1413501, 29.7995928 ], [ 78.1405415, 29.7978401 ], [ 78.1405701, 29.7973011 ], [ 78.1359923, 29.7993405 ], [ 78.1356605, 29.8008176 ], [ 78.1351619, 29.8000641 ], [ 78.1344504, 29.8007652 ], [ 78.1347863, 29.801133 ], [ 78.1309217, 29.803328 ], [ 78.1312497, 29.8042551 ], [ 78.1298802, 29.8067309 ], [ 78.1296647, 29.808411 ], [ 78.1306516, 29.8101209 ], [ 78.13297, 29.8127043 ], [ 78.1236423, 29.8197052 ], [ 78.1263965, 29.8244742 ], [ 78.1297261, 29.832155 ], [ 78.1314542, 29.8318558 ], [ 78.1337162, 29.8297705 ], [ 78.134365, 29.8304835 ], [ 78.1353573, 29.8323896 ], [ 78.1354756, 29.8336188 ], [ 78.1333563, 29.8350049 ], [ 78.1305353, 29.8375636 ], [ 78.1371682, 29.8424174 ], [ 78.1426261, 29.8378929 ], [ 78.1437189, 29.8352478 ] ] ] } },
{ "type": "Feature", "properties": { "gp_code": "23296", "gp_name": "BISHANPUR KUNDI", "blkname": "BAHADRABAD", "dtname": "Haridwar", "SHAPE_Area": 7080310.050516312 }, "geometry": { "type": "Polygon", "coordinates": [ [ [ 78.1658241, 29.8217893 ], [ 78.1632835, 29.8212224 ], [ 78.1625335, 29.8207645 ], [ 78.1601885, 29.817593 ], [ 78.1596661, 29.8173494 ], [ 78.15896, 29.8175274 ], [ 78.1584242, 29.8189211 ], [ 78.1585429, 29.8201052 ], [ 78.1561577, 29.8217488 ], [ 78.1546623, 29.8232414 ], [ 78.1546931, 29.8237737 ], [ 78.1515943, 29.8244765 ], [ 78.150011, 29.8253895 ], [ 78.1432891, 29.8360686 ], [ 78.1426261, 29.8378929 ], [ 78.143055, 29.8389643 ], [ 78.1484651, 29.843612 ], [ 78.1483043, 29.844469 ], [ 78.1455326, 29.8469828 ], [ 78.1428588, 29.8501619 ], [ 78.1413188, 29.8513657 ], [ 78.1395057, 29.8557809 ], [ 78.1439429, 29.8619011 ], [ 78.1431169, 29.8633984 ], [ 78.1428622, 29.8656987 ], [ 78.1435236, 29.8680151 ], [ 78.1434166, 29.8704441 ], [ 78.1439225, 29.8734618 ], [ 78.1434218, 29.8749972 ], [ 78.1437965, 29.8755459 ], [ 78.1442118, 29.8778535 ], [ 78.1442187, 29.8795275 ], [ 78.1452616, 29.8758926 ], [ 78.1459033, 29.8750996 ], [ 78.1458402, 29.8740491 ], [ 78.1464025, 29.8736058 ], [ 78.1465785, 29.8698371 ], [ 78.1451984, 29.866604 ], [ 78.1431986, 29.8649897 ], [ 78.1450449, 29.8609979 ], [ 78.1457305, 29.8602793 ], [ 78.1469585, 29.8604318 ], [ 78.146416, 29.8595607 ], [ 78.1469961, 29.8579413 ], [ 78.1478342, 29.8576396 ], [ 78.1478394, 29.8572938 ], [ 78.1483203, 29.8569879 ], [ 78.1482884, 29.8564686 ], [ 78.152773, 29.8591145 ], [ 78.152397, 29.8577264 ], [ 78.1528429, 29.8571088 ], [ 78.1538785, 29.8515854 ], [ 78.1555846, 29.8516049 ], [ 78.1564971, 29.848986 ], [ 78.1574041, 29.8443603 ], [ 78.1579498, 29.8367903 ], [ 78.1583756, 29.8348577 ], [ 78.1558793, 29.8346217 ], [ 78.1568554, 29.8277481 ], [ 78.1593037, 29.828537 ], [ 78.159667, 29.8281261 ], [ 78.1600229, 29.8281993 ], [ 78.1599332, 29.8288902 ], [ 78.16096, 29.8292133 ], [ 78.161162, 29.8289734 ], [ 78.1624681, 29.8291958 ], [ 78.162717, 29.8284721 ], [ 78.1608241, 29.8276895 ], [ 78.1627736, 29.8246844 ], [ 78.1642054, 29.8244584 ], [ 78.1658241, 29.8217893 ] ] ] } },
{ "type": "Feature", "properties": { "gp_code": "23343", "gp_name": "SHYAMPUR NAUABAD", "blkname": "BAHADRABAD", "dtname": "Haridwar", "SHAPE_Area": 2483636.9646918592 }, "geometry": { "type": "Polygon", "coordinates": [ [ [ 78.1856943, 29.8666262 ], [ 78.1837407, 29.8655864 ], [ 78.1825711, 29.8653879 ], [ 78.1777815, 29.8653223 ], [ 78.1771864, 29.8649073 ], [ 78.1771322, 29.864154 ], [ 78.1737505, 29.862708 ], [ 78.1713906, 29.8636618 ], [ 78.1711653, 29.8642549 ], [ 78.1707972, 29.8688737 ], [ 78.170093, 29.870732 ], [ 78.170362, 29.8716928 ], [ 78.170895, 29.8718011 ], [ 78.1739992, 29.8749206 ], [ 78.1763521, 29.876536 ], [ 78.1787343, 29.8766635 ], [ 78.1804542, 29.8773754 ], [ 78.1826294, 29.8774277 ], [ 78.1840447, 29.8778484 ], [ 78.1868225, 29.8735635 ], [ 78.1861161, 29.8673388 ], [ 78.1856943, 29.8666262 ] ] ] } },
{ "type": "Feature", "properties": { "gp_code": "23336", "gp_name": "SAJANPUR PILI", "blkname": "BAHADRABAD", "dtname": "Haridwar", "SHAPE_Area": 1215377.4136671133 }, "geometry": { "type": "Polygon", "coordinates": [ [ [ 78.1858601, 29.856042 ], [ 78.1848845, 29.8562676 ], [ 78.1842248, 29.8575418 ], [ 78.1837616, 29.8576636 ], [ 78.1829389, 29.8570073 ], [ 78.1817927, 29.8567637 ], [ 78.1813812, 29.857659 ], [ 78.1803101, 29.8578664 ], [ 78.1799634, 29.8570928 ], [ 78.1771562, 29.8564725 ], [ 78.1772001, 29.8573498 ], [ 78.1767343, 29.8582654 ], [ 78.1746591, 29.859465 ], [ 78.1740327, 29.8607279 ], [ 78.1737505, 29.862708 ], [ 78.1771322, 29.864154 ], [ 78.1771864, 29.8649073 ], [ 78.1777815, 29.8653223 ], [ 78.1825711, 29.8653879 ], [ 78.1837407, 29.8655864 ], [ 78.1856943, 29.8666262 ], [ 78.1858392, 29.8651873 ], [ 78.1848534, 29.8594746 ], [ 78.1858601, 29.856042 ] ] ] } },
{ "type": "Feature", "properties": { "gp_code": "", "gp_name": "", "blkname": "BAHADRABAD", "dtname": "Haridwar", "SHAPE_Area": 1429329.2665255871 }, "geometry": { "type": "Polygon", "coordinates": [ [ [ 78.1858601, 29.856042 ], [ 78.1859143, 29.8551602 ], [ 78.1855625, 29.8549189 ], [ 78.1853892, 29.8497024 ], [ 78.1850374, 29.8482815 ], [ 78.1851098, 29.8467614 ], [ 78.1856247, 29.845636 ], [ 78.1848641, 29.845291 ], [ 78.1812087, 29.8449188 ], [ 78.1771677, 29.845205 ], [ 78.1762698, 29.8463867 ], [ 78.1759256, 29.8476225 ], [ 78.1759902, 29.8483105 ], [ 78.1769189, 29.8491156 ], [ 78.1784554, 29.8515244 ], [ 78.1770065, 29.852882 ], [ 78.1768641, 29.85343 ], [ 78.1773606, 29.8562041 ], [ 78.1799634, 29.8570928 ], [ 78.1803101, 29.8578664 ], [ 78.1813812, 29.857659 ], [ 78.1817927, 29.8567637 ], [ 78.1829389, 29.8570073 ], [ 78.1837616, 29.8576636 ], [ 78.1842248, 29.8575418 ], [ 78.1848845, 29.8562676 ], [ 78.1858601, 29.856042 ] ] ] } },
{ "type": "Feature", "properties": { "gp_code": "", "gp_name": "", "blkname": "BAHADRABAD", "dtname": "Haridwar", "SHAPE_Area": 8264723.0692415647 }, "geometry": { "type": "Polygon", "coordinates": [ [ [ 78.1658241, 29.8217893 ], [ 78.1654226, 29.8202959 ], [ 78.1654877, 29.8185187 ], [ 78.1665383, 29.8153051 ], [ 78.1664533, 29.8139767 ], [ 78.1686502, 29.8043344 ], [ 78.1664428, 29.8040598 ], [ 78.1659112, 29.8033677 ], [ 78.1648361, 29.8004434 ], [ 78.1629589, 29.7985468 ], [ 78.1623456, 29.7951398 ], [ 78.1612033, 29.7920471 ], [ 78.1586903, 29.7906005 ], [ 78.1545269, 29.7861619 ], [ 78.1492583, 29.7831743 ], [ 78.1469013, 29.7828307 ], [ 78.1471514, 29.7834465 ], [ 78.1470574, 29.785686 ], [ 78.1450913, 29.7945714 ], [ 78.1443436, 29.7954642 ], [ 78.1417988, 29.796476 ], [ 78.1405701, 29.7973011 ], [ 78.1409883, 29.7989295 ], [ 78.1417636, 29.800035 ], [ 78.1488024, 29.8068031 ], [ 78.1487191, 29.8082623 ], [ 78.1490342, 29.809248 ], [ 78.1504636, 29.8113232 ], [ 78.1531058, 29.8140281 ], [ 78.1537824, 29.816906 ], [ 78.1551398, 29.8183746 ], [ 78.1552661, 29.8194188 ], [ 78.1549166, 29.8204359 ], [ 78.1540861, 29.8211889 ], [ 78.1546623, 29.8232414 ], [ 78.1567139, 29.8212188 ], [ 78.1585429, 29.8201052 ], [ 78.1585537, 29.8183054 ], [ 78.15896, 29.8175274 ], [ 78.1596661, 29.8173494 ], [ 78.160778, 29.8182089 ], [ 78.1625335, 29.8207645 ], [ 78.1632835, 29.8212224 ], [ 78.1658241, 29.8217893 ] ] ] } },
{ "type": "Feature", "properties": { "gp_code": "23294", "gp_name": "BAN GANGA", "blkname": "BAHADRABAD", "dtname": "Haridwar", "SHAPE_Area": 4182959.9615375525 }, "geometry": { "type": "Polygon", "coordinates": [ [ [ 78.142967, 29.7741419 ], [ 78.1460743, 29.7742827 ], [ 78.1448964, 29.7720812 ], [ 78.1447313, 29.7711744 ], [ 78.1413627, 29.7715861 ], [ 78.1403133, 29.771279 ], [ 78.1401144, 29.7709158 ], [ 78.1268536, 29.7780621 ], [ 78.1339192, 29.7878713 ], [ 78.1383087, 29.7949593 ], [ 78.1405701, 29.7973011 ], [ 78.1417988, 29.796476 ], [ 78.1443436, 29.7954642 ], [ 78.1450913, 29.7945714 ], [ 78.1471897, 29.784635 ], [ 78.1471514, 29.7834465 ], [ 78.1463325, 29.7817886 ], [ 78.1439054, 29.7800647 ], [ 78.141293, 29.7770146 ], [ 78.1413117, 29.775666 ], [ 78.142967, 29.7741419 ] ] ] } },
{ "type": "Feature", "properties": { "gp_code": "23429", "gp_name": "BHOGPUR", "blkname": "LAKSAR", "dtname": "Haridwar", "SHAPE_Area": 14130616.09060239 }, "geometry": { "type": "Polygon", "coordinates": [ [ [ 78.18366, 29.7505256 ], [ 78.1808841, 29.7508443 ], [ 78.1775976, 29.7490985 ], [ 78.1760871, 29.7492375 ], [ 78.1740396, 29.7486503 ], [ 78.1726883, 29.7486708 ], [ 78.1718149, 29.7495151 ], [ 78.1701644, 29.7526638 ], [ 78.170355, 29.7564235 ], [ 78.1692664, 29.759132 ], [ 78.1670328, 29.7606608 ], [ 78.1656624, 29.762537 ], [ 78.1643104, 29.7631751 ], [ 78.1624358, 29.7648663 ], [ 78.1617043, 29.7650579 ], [ 78.1504442, 29.7720174 ], [ 78.1477858, 29.7740081 ], [ 78.1468938, 29.7743101 ], [ 78.1432824, 29.7740586 ], [ 78.1422326, 29.7745567 ], [ 78.1413117, 29.775666 ], [ 78.141293, 29.7770146 ], [ 78.1416005, 29.7775583 ], [ 78.1439054, 29.7800647 ], [ 78.1463325, 29.7817886 ], [ 78.1469013, 29.7828307 ], [ 78.1492583, 29.7831743 ], [ 78.1545269, 29.7861619 ], [ 78.1586903, 29.7906005 ], [ 78.1612033, 29.7920471 ], [ 78.1623456, 29.7951398 ], [ 78.1629589, 29.7985468 ], [ 78.1648361, 29.8004434 ], [ 78.1659112, 29.8033677 ], [ 78.166962, 29.8042572 ], [ 78.1671963, 29.801883 ], [ 78.1679734, 29.8001217 ], [ 78.1683961, 29.7969287 ], [ 78.1691561, 29.795525 ], [ 78.1716522, 29.7923179 ], [ 78.1739098, 29.7907807 ], [ 78.1755443, 29.7902274 ], [ 78.1754848, 29.7893987 ], [ 78.1741465, 29.7877275 ], [ 78.1743031, 29.786842 ], [ 78.1747107, 29.7867678 ], [ 78.1742192, 29.7860525 ], [ 78.1733855, 29.7858262 ], [ 78.1720432, 29.7844309 ], [ 78.1705979, 29.7835273 ], [ 78.1702386, 29.7827642 ], [ 78.170541, 29.7809243 ], [ 78.1715946, 29.7800292 ], [ 78.1722606, 29.7826787 ], [ 78.1726673, 29.7826636 ], [ 78.1728983, 29.7816015 ], [ 78.173387, 29.782514 ], [ 78.1741748, 29.7826018 ], [ 78.174239, 29.7814984 ], [ 78.1756031, 29.781435 ], [ 78.175892, 29.7796836 ], [ 78.1761796, 29.7796474 ], [ 78.1758615, 29.7785199 ], [ 78.1767001, 29.7784111 ], [ 78.1763141, 29.7770267 ], [ 78.1769404, 29.7767183 ], [ 78.1763268, 29.7745623 ], [ 78.1769026, 29.7744308 ], [ 78.1770115, 29.7751419 ], [ 78.1778239, 29.7751904 ], [ 78.1790203, 29.7733991 ], [ 78.1800962, 29.7667539 ], [ 78.1811367, 29.7643003 ], [ 78.1818553, 29.7642098 ], [ 78.1817746, 29.7648203 ], [ 78.182276, 29.7648654 ], [ 78.1830349, 29.7636709 ], [ 78.1832693, 29.7623718 ], [ 78.1840805, 29.7606931 ], [ 78.1859635, 29.7578545 ], [ 78.1866158, 29.7541538 ], [ 78.1872455, 29.7526701 ], [ 78.18366, 29.7505256 ] ] ] } },
{ "type": "Feature", "properties": { "gp_code": "", "gp_name": "", "blkname": "LAKSAR", "dtname": "Haridwar", "SHAPE_Area": 1219519.7869291848 }, "geometry": { "type": "Polygon", "coordinates": [ [ [ 78.1463458, 29.7549997 ], [ 78.1398003, 29.75161 ], [ 78.1352584, 29.7578511 ], [ 78.1341647, 29.7585544 ], [ 78.1410735, 29.765147 ], [ 78.141945, 29.7644233 ], [ 78.1428353, 29.7619653 ], [ 78.1444053, 29.7595301 ], [ 78.1463458, 29.7549997 ] ] ] } },
{ "type": "Feature", "properties": { "gp_code": "275676", "gp_name": "BADITEEP", "blkname": "LAKSAR", "dtname": "Haridwar", "SHAPE_Area": 5463341.4660848454 }, "geometry": { "type": "Polygon", "coordinates": [ [ [ 78.1696646, 29.7581984 ], [ 78.166873, 29.7579341 ], [ 78.1656376, 29.7574445 ], [ 78.1619423, 29.7535782 ], [ 78.161852, 29.7531654 ], [ 78.1570402, 29.750325 ], [ 78.1545713, 29.7518512 ], [ 78.1462527, 29.7550651 ], [ 78.1444053, 29.7595301 ], [ 78.1428353, 29.7619653 ], [ 78.141945, 29.7644233 ], [ 78.141526, 29.7649622 ], [ 78.140192, 29.7653293 ], [ 78.1386786, 29.7676699 ], [ 78.1387062, 29.7695396 ], [ 78.1407345, 29.7714596 ], [ 78.1447313, 29.7711744 ], [ 78.1448964, 29.7720812 ], [ 78.1456147, 29.7730128 ], [ 78.1460375, 29.7742651 ], [ 78.1472015, 29.7742785 ], [ 78.1521068, 29.7709781 ], [ 78.1617043, 29.7650579 ], [ 78.1624358, 29.7648663 ], [ 78.1643104, 29.7631751 ], [ 78.1656624, 29.762537 ], [ 78.1670328, 29.7606608 ], [ 78.1692664, 29.759132 ], [ 78.1696646, 29.7581984 ] ] ] } },
{ "type": "Feature", "properties": { "gp_code": "23302", "gp_name": "DUDHALA DAYALWALA", "blkname": "BAHADRABAD", "dtname": "Haridwar", "SHAPE_Area": 3074535.110374602 }, "geometry": { "type": "Polygon", "coordinates": [ [ [ 78.1943736, 29.8034931 ], [ 78.2108798, 29.803658 ], [ 78.2123042, 29.8018219 ], [ 78.2105943, 29.7993594 ], [ 78.2078314, 29.7931555 ], [ 78.204655, 29.7871613 ], [ 78.2031788, 29.7875606 ], [ 78.2030441, 29.7866269 ], [ 78.2028142, 29.7872404 ], [ 78.2022763, 29.7869022 ], [ 78.2018007, 29.7876781 ], [ 78.2005907, 29.7878293 ], [ 78.2014804, 29.7896516 ], [ 78.1998565, 29.7888849 ], [ 78.1994506, 29.7893653 ], [ 78.1986386, 29.7889143 ], [ 78.1984448, 29.7892639 ], [ 78.1976069, 29.7882378 ], [ 78.1969011, 29.7885311 ], [ 78.1972735, 29.7892685 ], [ 78.196728, 29.7896339 ], [ 78.1966867, 29.7905067 ], [ 78.1982639, 29.7907727 ], [ 78.1983856, 29.791429 ], [ 78.1977366, 29.7915847 ], [ 78.1976253, 29.7912126 ], [ 78.1967514, 29.7910683 ], [ 78.1965368, 29.7917788 ], [ 78.1953061, 29.7915849 ], [ 78.1966352, 29.7928839 ], [ 78.1965759, 29.7940295 ], [ 78.1953969, 29.7946724 ], [ 78.1950503, 29.7941492 ], [ 78.1954045, 29.7939079 ], [ 78.195239, 29.7934298 ], [ 78.1948123, 29.7937478 ], [ 78.1946003, 29.7931546 ], [ 78.1951692, 29.7928478 ], [ 78.1949907, 29.7924599 ], [ 78.1948252, 29.7926697 ], [ 78.1932427, 29.7919752 ], [ 78.1922629, 29.7940298 ], [ 78.1929197, 29.7941877 ], [ 78.1925344, 29.7948124 ], [ 78.1935507, 29.7956401 ], [ 78.1944013, 29.7947717 ], [ 78.1947995, 29.7952498 ], [ 78.1940834, 29.795949 ], [ 78.1944402, 29.7966324 ], [ 78.1951746, 29.7962309 ], [ 78.1955134, 29.7968195 ], [ 78.1942412, 29.7975729 ], [ 78.1948982, 29.8002273 ], [ 78.1943736, 29.8034931 ] ] ] } },
{ "type": "Feature", "properties": { "gp_code": "23304", "gp_name": "GAINDI KHATA", "blkname": "BAHADRABAD", "dtname": "Haridwar", "SHAPE_Area": 3317571.0162083916 }, "geometry": { "type": "Polygon", "coordinates": [ [ [ 78.2655885, 29.804761 ], [ 78.2650319, 29.8030942 ], [ 78.2638596, 29.803303 ], [ 78.2639392, 29.8027977 ], [ 78.2629699, 29.8021071 ], [ 78.2640855, 29.8001419 ], [ 78.2635107, 29.799756 ], [ 78.266664, 29.796642 ], [ 78.2613586, 29.7916971 ], [ 78.260068, 29.790655 ], [ 78.2580422, 29.7916139 ], [ 78.2560915, 29.7898211 ], [ 78.2555317, 29.7903054 ], [ 78.2544188, 29.7895184 ], [ 78.2539409, 29.7899718 ], [ 78.2532228, 29.7894739 ], [ 78.2524851, 29.7903515 ], [ 78.2530752, 29.7909272 ], [ 78.2520199, 29.7924656 ], [ 78.2507257, 29.7916767 ], [ 78.2484231, 29.7938399 ], [ 78.248463, 29.7926422 ], [ 78.246358, 29.7910885 ], [ 78.2459415, 29.7910839 ], [ 78.2453476, 29.7896243 ], [ 78.2451513, 29.7894837 ], [ 78.2447683, 29.7899121 ], [ 78.2454201, 29.7914934 ], [ 78.24514, 29.7916633 ], [ 78.2447882, 29.7912963 ], [ 78.2450091, 29.7911084 ], [ 78.2434091, 29.7892572 ], [ 78.2428581, 29.7894386 ], [ 78.2416498, 29.7883734 ], [ 78.2415252, 29.7879146 ], [ 78.2431575, 29.7874521 ], [ 78.2409678, 29.7847296 ], [ 78.2422208, 29.7838895 ], [ 78.2420174, 29.783445 ], [ 78.240665, 29.7826833 ], [ 78.2397574, 29.7825971 ], [ 78.2384323, 29.7811495 ], [ 78.237807, 29.7808682 ], [ 78.2370218, 29.7807834 ], [ 78.236456, 29.7812346 ], [ 78.2418256, 29.7932016 ], [ 78.2428093, 29.7937659 ], [ 78.2432729, 29.7932347 ], [ 78.2530176, 29.8026642 ], [ 78.2533325, 29.8028258 ], [ 78.2545465, 29.8016052 ], [ 78.2537824, 29.7992399 ], [ 78.2531303, 29.7992013 ], [ 78.2527045, 29.7978995 ], [ 78.252199, 29.7977517 ], [ 78.2517833, 29.7963868 ], [ 78.2528819, 29.7956236 ], [ 78.2547205, 29.7976524 ], [ 78.2545334, 29.7980616 ], [ 78.255394, 29.7987354 ], [ 78.2552797, 29.7991296 ], [ 78.2556203, 29.7994022 ], [ 78.2558593, 29.7991674 ], [ 78.2564857, 29.7997437 ], [ 78.2561734, 29.800025 ], [ 78.2573338, 29.801303 ], [ 78.2569871, 29.8014575 ], [ 78.2586685, 29.8037059 ], [ 78.2590685, 29.8036312 ], [ 78.2598568, 29.804304 ], [ 78.2605707, 29.8038213 ], [ 78.2617718, 29.8047834 ], [ 78.2632968, 29.8072041 ], [ 78.2645489, 29.8077711 ], [ 78.2654432, 29.8073537 ], [ 78.2646699, 29.8056212 ], [ 78.2648776, 29.8050382 ], [ 78.2655885, 29.804761 ] ] ] } },
{ "type": "Feature", "properties": { "gp_code": "23304", "gp_name": "GAINDI KHATA", "blkname": "BAHADRABAD", "dtname": "Haridwar", "SHAPE_Area": 784695.70465158357 }, "geometry": { "type": "Polygon", "coordinates": [ [ [ 78.2985353, 29.7671124 ], [ 78.2900581, 29.7637426 ], [ 78.2887869, 29.7637609 ], [ 78.288127, 29.7642134 ], [ 78.2862161, 29.7632423 ], [ 78.2855758, 29.7622848 ], [ 78.2821995, 29.7615993 ], [ 78.2798651, 29.759752 ], [ 78.2794071, 29.7600482 ], [ 78.2791595, 29.7595836 ], [ 78.2780495, 29.7604141 ], [ 78.2786484, 29.7617198 ], [ 78.2800221, 29.7634617 ], [ 78.2796552, 29.7637272 ], [ 78.2804982, 29.7638155 ], [ 78.2820804, 29.7649257 ], [ 78.2847283, 29.7651281 ], [ 78.2852032, 29.7649272 ], [ 78.2891986, 29.7654924 ], [ 78.2901392, 29.7657401 ], [ 78.2900195, 29.7665153 ], [ 78.2903583, 29.7669626 ], [ 78.291548, 29.7675773 ], [ 78.2970362, 29.7691724 ], [ 78.298415, 29.7692503 ], [ 78.298946, 29.7689231 ], [ 78.2983932, 29.7682042 ], [ 78.2985353, 29.7671124 ] ] ] } },
{ "type": "Feature", "properties": { "gp_code": "", "gp_name": "", "blkname": "BAHADRABAD", "dtname": "Haridwar", "SHAPE_Area": 1364972.8069009129 }, "geometry": { "type": "Polygon", "coordinates": [ [ [ 78.2880635, 29.8377388 ], [ 78.2862055, 29.8365254 ], [ 78.2839666, 29.8334918 ], [ 78.2809494, 29.8321153 ], [ 78.2796569, 29.8310097 ], [ 78.2762062, 29.8305819 ], [ 78.2748006, 29.8328727 ], [ 78.2776033, 29.8342226 ], [ 78.2774271, 29.8347912 ], [ 78.2764509, 29.8364429 ], [ 78.2742408, 29.8354742 ], [ 78.273862, 29.835845 ], [ 78.2759212, 29.8375698 ], [ 78.2757795, 29.8383505 ], [ 78.2761454, 29.8389085 ], [ 78.2758441, 29.8404045 ], [ 78.2768045, 29.8412132 ], [ 78.277483, 29.8407968 ], [ 78.2785539, 29.8417208 ], [ 78.2797067, 29.8441341 ], [ 78.2836012, 29.8408336 ], [ 78.2880635, 29.8377388 ] ] ] } },
{ "type": "Feature", "properties": { "gp_code": "23304", "gp_name": "GAINDI KHATA", "blkname": "BAHADRABAD", "dtname": "Haridwar", "SHAPE_Area": 7009456.7778950334 }, "geometry": { "type": "Polygon", "coordinates": [ [ [ 78.3209309, 29.8276741 ], [ 78.3242799, 29.8189512 ], [ 78.3243468, 29.8172564 ], [ 78.3238009, 29.8174032 ], [ 78.3235712, 29.81706 ], [ 78.3244145, 29.8168132 ], [ 78.3238709, 29.8165691 ], [ 78.3242669, 29.8161812 ], [ 78.3222381, 29.8145586 ], [ 78.3215077, 29.8151133 ], [ 78.3207523, 29.8146454 ], [ 78.3196118, 29.8159199 ], [ 78.3179419, 29.8166182 ], [ 78.3170485, 29.816251 ], [ 78.3140289, 29.8185027 ], [ 78.3130091, 29.8187988 ], [ 78.3120073, 29.817783 ], [ 78.3121285, 29.8167875 ], [ 78.3093814, 29.8176959 ], [ 78.3067913, 29.8196772 ], [ 78.3046176, 29.819648 ], [ 78.3025228, 29.821398 ], [ 78.3026746, 29.8217233 ], [ 78.3018616, 29.8226007 ], [ 78.3013978, 29.8243592 ], [ 78.3002379, 29.8234781 ], [ 78.2978793, 29.8231125 ], [ 78.2946217, 29.8213744 ], [ 78.2937207, 29.8215523 ], [ 78.2906103, 29.8239814 ], [ 78.29009, 29.8234648 ], [ 78.2879586, 29.8250267 ], [ 78.2876882, 29.8248024 ], [ 78.286715, 29.8259507 ], [ 78.2875476, 29.8271776 ], [ 78.2866221, 29.8291102 ], [ 78.2873543, 29.8298335 ], [ 78.2875729, 29.8309774 ], [ 78.2889725, 29.8328833 ], [ 78.2904248, 29.8359058 ], [ 78.2920174, 29.8379842 ], [ 78.2934489, 29.8390045 ], [ 78.2949522, 29.8390886 ], [ 78.2966386, 29.8400434 ], [ 78.2971916, 29.8396062 ], [ 78.2957874, 29.838024 ], [ 78.2967268, 29.8372075 ], [ 78.2996558, 29.8332487 ], [ 78.3034972, 29.8259818 ], [ 78.3057378, 29.8264616 ], [ 78.3069907, 29.8277944 ], [ 78.307655, 29.8290154 ], [ 78.3106374, 29.8317082 ], [ 78.3116693, 29.8331644 ], [ 78.3120382, 29.8338546 ], [ 78.3120674, 29.8361385 ], [ 78.3124342, 29.8369871 ], [ 78.3152276, 29.8391349 ], [ 78.316301, 29.8403341 ], [ 78.3163504, 29.8411397 ], [ 78.3167005, 29.841546 ], [ 78.3182646, 29.8421932 ], [ 78.3187549, 29.8360902 ], [ 78.3209309, 29.8276741 ] ] ] } },
{ "type": "Feature", "properties": { "gp_code": "23317", "gp_name": "LALDHANG", "blkname": "BAHADRABAD", "dtname": "Haridwar", "SHAPE_Area": 5069750.3303804481 }, "geometry": { "type": "Polygon", "coordinates": [ [ [ 78.3174058, 29.8555566 ], [ 78.3171523, 29.8495855 ], [ 78.3182646, 29.8421932 ], [ 78.3167005, 29.841546 ], [ 78.3163504, 29.8411397 ], [ 78.316301, 29.8403341 ], [ 78.3152276, 29.8391349 ], [ 78.3124342, 29.8369871 ], [ 78.3120674, 29.8361385 ], [ 78.3120382, 29.8338546 ], [ 78.3106374, 29.8317082 ], [ 78.3080354, 29.8294238 ], [ 78.3057378, 29.8264616 ], [ 78.3034972, 29.8259818 ], [ 78.2996558, 29.8332487 ], [ 78.2967268, 29.8372075 ], [ 78.2990581, 29.8395662 ], [ 78.2984259, 29.8400706 ], [ 78.297413, 29.8398556 ], [ 78.296211, 29.8405925 ], [ 78.2980309, 29.8417873 ], [ 78.2979243, 29.8424336 ], [ 78.2984152, 29.8429584 ], [ 78.2980998, 29.8445736 ], [ 78.3006172, 29.8462016 ], [ 78.3029103, 29.8470946 ], [ 78.3019879, 29.8473916 ], [ 78.3025611, 29.8483346 ], [ 78.3036778, 29.8488149 ], [ 78.3045633, 29.8483641 ], [ 78.3086028, 29.8515583 ], [ 78.3107178, 29.8512056 ], [ 78.3144121, 29.8546572 ], [ 78.3164315, 29.8555809 ], [ 78.3174058, 29.8555566 ] ] ] } },
{ "type": "Feature", "properties": { "gp_code": "", "gp_name": "", "blkname": "BAHADRABAD", "dtname": "Haridwar", "SHAPE_Area": 3169072.0023028022 }, "geometry": { "type": "Polygon", "coordinates": [ [ [ 78.2973014, 29.8476373 ], [ 78.2963067, 29.8455291 ], [ 78.2945066, 29.8432349 ], [ 78.291668, 29.8402183 ], [ 78.289194, 29.8389445 ], [ 78.2880635, 29.8377388 ], [ 78.2836012, 29.8408336 ], [ 78.2797067, 29.8441341 ], [ 78.2811968, 29.8471638 ], [ 78.2803964, 29.8490721 ], [ 78.2816499, 29.8497971 ], [ 78.2807428, 29.8506597 ], [ 78.2822482, 29.8521908 ], [ 78.2786549, 29.8531167 ], [ 78.2808149, 29.8549072 ], [ 78.2820444, 29.8554713 ], [ 78.2816623, 29.856291 ], [ 78.2858439, 29.8582419 ], [ 78.2874129, 29.8571291 ], [ 78.288872, 29.8569534 ], [ 78.295952, 29.8483848 ], [ 78.2964754, 29.8478283 ], [ 78.2973014, 29.8476373 ] ] ] } },
{ "type": "Feature", "properties": { "gp_code": "", "gp_name": "", "blkname": "BAHADRABAD", "dtname": "Haridwar", "SHAPE_Area": 2274862.4197010179 }, "geometry": { "type": "Polygon", "coordinates": [ [ [ 78.3013913, 29.849607 ], [ 78.2979841, 29.8477791 ], [ 78.2964754, 29.8478283 ], [ 78.288872, 29.8569534 ], [ 78.2874129, 29.8571291 ], [ 78.2858439, 29.8582419 ], [ 78.2816623, 29.856291 ], [ 78.2806745, 29.8583605 ], [ 78.281616, 29.8588066 ], [ 78.2811822, 29.8596973 ], [ 78.2820727, 29.8600281 ], [ 78.2818692, 29.8614031 ], [ 78.2838067, 29.8621813 ], [ 78.2838516, 29.8627327 ], [ 78.2844282, 29.8629224 ], [ 78.2844303, 29.8637144 ], [ 78.2864104, 29.8642634 ], [ 78.2863244, 29.8647674 ], [ 78.287224, 29.8653967 ], [ 78.2889954, 29.8658172 ], [ 78.290373, 29.866618 ], [ 78.2902039, 29.8674196 ], [ 78.2905531, 29.8678709 ], [ 78.2915331, 29.8647827 ], [ 78.2929745, 29.8626157 ], [ 78.2937795, 29.8606293 ], [ 78.294996, 29.8611709 ], [ 78.2962635, 29.8612035 ], [ 78.2984128, 29.8603494 ], [ 78.2976976, 29.8587671 ], [ 78.2974385, 29.8571733 ], [ 78.2959838, 29.8563311 ], [ 78.3013913, 29.849607 ] ] ] } },
{ "type": "Feature", "properties": { "gp_code": "23332", "gp_name": "RASOOLPUR MITHIBERI", "blkname": "BAHADRABAD", "dtname": "Haridwar", "SHAPE_Area": 4606500.16642839 }, "geometry": { "type": "Polygon", "coordinates": [ [ [ 78.2994548, 29.8732875 ], [ 78.3074872, 29.8672599 ], [ 78.3134285, 29.8642054 ], [ 78.3152897, 29.862281 ], [ 78.3168522, 29.8592126 ], [ 78.3170331, 29.8579916 ], [ 78.3135926, 29.8579201 ], [ 78.3112318, 29.8568896 ], [ 78.3067679, 29.8540353 ], [ 78.3045741, 29.8516403 ], [ 78.3013913, 29.849607 ], [ 78.2959838, 29.8563311 ], [ 78.2974385, 29.8571733 ], [ 78.2976976, 29.8587671 ], [ 78.2984128, 29.8603494 ], [ 78.2962635, 29.8612035 ], [ 78.294996, 29.8611709 ], [ 78.2937795, 29.8606293 ], [ 78.2929745, 29.8626157 ], [ 78.2915331, 29.8647827 ], [ 78.2909085, 29.8672691 ], [ 78.2895696, 29.8685377 ], [ 78.2903904, 29.8691546 ], [ 78.2903333, 29.8694754 ], [ 78.292048, 29.8706681 ], [ 78.292166, 29.8716446 ], [ 78.2925962, 29.8719474 ], [ 78.2921962, 29.8723104 ], [ 78.2942308, 29.8708518 ], [ 78.2945988, 29.8708901 ], [ 78.2954205, 29.8724018 ], [ 78.2977729, 29.872702 ], [ 78.2994548, 29.8732875 ] ] ] } },
{ "type": "Feature", "properties": { "gp_code": "", "gp_name": "", "blkname": "BAHADRABAD", "dtname": "Haridwar", "SHAPE_Area": 360213931.53809839 }, "geometry": { "type": "Polygon", "coordinates": [ [ [ 78.202092, 29.9661032 ], [ 78.2046275, 29.9635809 ], [ 78.208953, 29.9615806 ], [ 78.2138028, 29.9582108 ], [ 78.2225927, 29.9496255 ], [ 78.2257014, 29.9490076 ], [ 78.2279917, 29.9481609 ], [ 78.229037, 29.946202 ], [ 78.2302388, 29.94523 ], [ 78.2325148, 29.9442413 ], [ 78.2347169, 29.9416004 ], [ 78.2390784, 29.9404076 ], [ 78.2432693, 29.9380504 ], [ 78.2459863, 29.9360607 ], [ 78.2459626, 29.9339633 ], [ 78.2486326, 29.9304834 ], [ 78.2498521, 29.9296842 ], [ 78.2510532, 29.9291929 ], [ 78.2539646, 29.9289162 ], [ 78.2555155, 29.9283806 ], [ 78.2592815, 29.9280811 ], [ 78.2634078, 29.9269849 ], [ 78.2659283, 29.9270559 ], [ 78.2678148, 29.9261637 ], [ 78.2711364, 29.9254509 ], [ 78.272233, 29.9248742 ], [ 78.2724338, 29.9243081 ], [ 78.2740685, 29.9230289 ], [ 78.2750153, 29.9226508 ], [ 78.2753568, 29.9218781 ], [ 78.2749538, 29.9204891 ], [ 78.2716861, 29.9173928 ], [ 78.2715411, 29.9169229 ], [ 78.2725098, 29.9159729 ], [ 78.2724936, 29.9135354 ], [ 78.2702367, 29.9123707 ], [ 78.2690334, 29.9104208 ], [ 78.2689357, 29.9085581 ], [ 78.2662993, 29.9050818 ], [ 78.2667313, 29.9041074 ], [ 78.2680617, 29.9019265 ], [ 78.2708895, 29.898585 ], [ 78.2717397, 29.8983131 ], [ 78.2741729, 29.8986552 ], [ 78.275678, 29.8980083 ], [ 78.2767923, 29.8968523 ], [ 78.2811266, 29.8884207 ], [ 78.2837131, 29.8853529 ], [ 78.2873953, 29.8824372 ], [ 78.2899002, 29.8815988 ], [ 78.2917809, 29.881803 ], [ 78.2962583, 29.8778286 ], [ 78.2994548, 29.8732875 ], [ 78.2977729, 29.872702 ], [ 78.2954205, 29.8724018 ], [ 78.2945988, 29.8708901 ], [ 78.2942308, 29.8708518 ], [ 78.2921962, 29.8723104 ], [ 78.2925962, 29.8719474 ], [ 78.292166, 29.8716446 ], [ 78.292048, 29.8706681 ], [ 78.2903333, 29.8694754 ], [ 78.2903904, 29.8691546 ], [ 78.2895696, 29.8685377 ], [ 78.2905531, 29.8678709 ], [ 78.2902039, 29.8674196 ], [ 78.290373, 29.866618 ], [ 78.2889954, 29.8658172 ], [ 78.287224, 29.8653967 ], [ 78.2863244, 29.8647674 ], [ 78.2864104, 29.8642634 ], [ 78.2844303, 29.8637144 ], [ 78.2844282, 29.8629224 ], [ 78.2838516, 29.8627327 ], [ 78.2838067, 29.8621813 ], [ 78.2818692, 29.8614031 ], [ 78.2820727, 29.8600281 ], [ 78.2811822, 29.8596973 ], [ 78.281616, 29.8588066 ], [ 78.2806745, 29.8583605 ], [ 78.2820444, 29.8554713 ], [ 78.2808149, 29.8549072 ], [ 78.2786549, 29.8531167 ], [ 78.2822482, 29.8521908 ], [ 78.2807428, 29.8506597 ], [ 78.2816499, 29.8497971 ], [ 78.2803964, 29.8490721 ], [ 78.2811968, 29.8471638 ], [ 78.2785539, 29.8417208 ], [ 78.277483, 29.8407968 ], [ 78.2768045, 29.8412132 ], [ 78.2758441, 29.8404045 ], [ 78.2761454, 29.8389085 ], [ 78.2757795, 29.8383505 ], [ 78.2759212, 29.8375698 ], [ 78.273862, 29.835845 ], [ 78.2742408, 29.8354742 ], [ 78.2764509, 29.8364429 ], [ 78.2776033, 29.8342226 ], [ 78.2748006, 29.8328727 ], [ 78.2762062, 29.8305819 ], [ 78.2796569, 29.8310097 ], [ 78.2809494, 29.8321153 ], [ 78.2839666, 29.8334918 ], [ 78.2862055, 29.8365254 ], [ 78.288345, 29.8378924 ], [ 78.289194, 29.8389445 ], [ 78.291668, 29.8402183 ], [ 78.2960288, 29.8451066 ], [ 78.2973014, 29.8476373 ], [ 78.3033419, 29.8506377 ], [ 78.3049396, 29.8519775 ], [ 78.3062371, 29.8536155 ], [ 78.3112318, 29.8568896 ], [ 78.3135926, 29.8579201 ], [ 78.3170331, 29.8579916 ], [ 78.3174058, 29.8555566 ], [ 78.3164315, 29.8555809 ], [ 78.3144121, 29.8546572 ], [ 78.3107178, 29.8512056 ], [ 78.3086028, 29.8515583 ], [ 78.3045633, 29.8483641 ], [ 78.3036778, 29.8488149 ], [ 78.3025611, 29.8483346 ], [ 78.3019879, 29.8473916 ], [ 78.3029103, 29.8470946 ], [ 78.3006172, 29.8462016 ], [ 78.2980998, 29.8445736 ], [ 78.2984152, 29.8429584 ], [ 78.2979243, 29.8424336 ], [ 78.2980309, 29.8417873 ], [ 78.296211, 29.8405925 ], [ 78.297413, 29.8398556 ], [ 78.2984259, 29.8400706 ], [ 78.2990581, 29.8395662 ], [ 78.2967268, 29.8372075 ], [ 78.2957874, 29.838024 ], [ 78.2971916, 29.8396062 ], [ 78.2966386, 29.8400434 ], [ 78.2949522, 29.8390886 ], [ 78.2934489, 29.8390045 ], [ 78.2920174, 29.8379842 ], [ 78.2904248, 29.8359058 ], [ 78.2889725, 29.8328833 ], [ 78.2875729, 29.8309774 ], [ 78.2873543, 29.8298335 ], [ 78.2866221, 29.8291102 ], [ 78.2875476, 29.8271776 ], [ 78.286715, 29.8259507 ], [ 78.2876882, 29.8248024 ], [ 78.2879586, 29.8250267 ], [ 78.29009, 29.8234648 ], [ 78.2906103, 29.8239814 ], [ 78.2937207, 29.8215523 ], [ 78.2946217, 29.8213744 ], [ 78.2978793, 29.8231125 ], [ 78.3002379, 29.8234781 ], [ 78.3013978, 29.8243592 ], [ 78.3018616, 29.8226007 ], [ 78.3026746, 29.8217233 ], [ 78.3025228, 29.821398 ], [ 78.3046176, 29.819648 ], [ 78.3067913, 29.8196772 ], [ 78.3093814, 29.8176959 ], [ 78.3121285, 29.8167875 ], [ 78.3120073, 29.817783 ], [ 78.3130091, 29.8187988 ], [ 78.3140289, 29.8185027 ], [ 78.3170485, 29.816251 ], [ 78.3179419, 29.8166182 ], [ 78.3196118, 29.8159199 ], [ 78.3207523, 29.8146454 ], [ 78.3215077, 29.8151133 ], [ 78.3222381, 29.8145586 ], [ 78.3230141, 29.8149415 ], [ 78.3242669, 29.8161812 ], [ 78.3238709, 29.8165691 ], [ 78.3244145, 29.8168132 ], [ 78.3235712, 29.81706 ], [ 78.3238009, 29.8174032 ], [ 78.3243468, 29.8172564 ], [ 78.3291864, 29.8043025 ], [ 78.3294474, 29.8027179 ], [ 78.3318412, 29.7989091 ], [ 78.3356586, 29.7966056 ], [ 78.3342335, 29.7956563 ], [ 78.3335388, 29.7941316 ], [ 78.3335262, 29.7929932 ], [ 78.3331589, 29.7926651 ], [ 78.3307393, 29.7931787 ], [ 78.3296767, 29.7918826 ], [ 78.3278936, 29.792011 ], [ 78.3261268, 29.79042 ], [ 78.324395, 29.7898636 ], [ 78.3210951, 29.785503 ], [ 78.3193541, 29.7846037 ], [ 78.3179267, 29.7828326 ], [ 78.3161465, 29.7827406 ], [ 78.3131995, 29.7808128 ], [ 78.313209, 29.7796074 ], [ 78.3129032, 29.7794084 ], [ 78.3124412, 29.7793424 ], [ 78.3113041, 29.780432 ], [ 78.3103643, 29.7804466 ], [ 78.3095153, 29.7799605 ], [ 78.309434, 29.7787358 ], [ 78.3075537, 29.7767578 ], [ 78.306866, 29.7755074 ], [ 78.3059496, 29.7749026 ], [ 78.3049444, 29.775236 ], [ 78.3036321, 29.7747593 ], [ 78.3029909, 29.7739855 ], [ 78.3026244, 29.7725286 ], [ 78.3006136, 29.7710389 ], [ 78.3004984, 29.7706011 ], [ 78.3013481, 29.7694457 ], [ 78.3009628, 29.7682512 ], [ 78.2981085, 29.7663561 ], [ 78.2961656, 29.762699 ], [ 78.2945997, 29.7613726 ], [ 78.2926761, 29.7590631 ], [ 78.2909468, 29.7585949 ], [ 78.2880896, 29.7612435 ], [ 78.2869702, 29.7613804 ], [ 78.2860915, 29.7619001 ], [ 78.2845278, 29.761782 ], [ 78.2840021, 29.7614191 ], [ 78.2838087, 29.7600807 ], [ 78.2809491, 29.7557574 ], [ 78.2797085, 29.7550666 ], [ 78.2786861, 29.7536839 ], [ 78.276568, 29.7527711 ], [ 78.2752213, 29.7515497 ], [ 78.2742355, 29.7516053 ], [ 78.2730519, 29.7509148 ], [ 78.272661, 29.7504311 ], [ 78.2723021, 29.7488428 ], [ 78.2682977, 29.7464523 ], [ 78.2675902, 29.7453956 ], [ 78.2670332, 29.7428397 ], [ 78.2656447, 29.7426649 ], [ 78.2630536, 29.7436767 ], [ 78.2623101, 29.7436405 ], [ 78.260666, 29.7411552 ], [ 78.2605202, 29.7392624 ], [ 78.2600297, 29.738495 ], [ 78.258704, 29.7380855 ], [ 78.2565324, 29.7384055 ], [ 78.2556451, 29.7382454 ], [ 78.2545128, 29.7375039 ], [ 78.2527069, 29.7356025 ], [ 78.2500897, 29.7342602 ], [ 78.2459213, 29.7345192 ], [ 78.2418965, 29.7404998 ], [ 78.2402338, 29.7414336 ], [ 78.2391645, 29.7413822 ], [ 78.2371683, 29.7406365 ], [ 78.2315061, 29.7373262 ], [ 78.2295799, 29.7366932 ], [ 78.2281915, 29.736814 ], [ 78.2265227, 29.7376336 ], [ 78.2243556, 29.7400136 ], [ 78.2216531, 29.7406571 ], [ 78.2150774, 29.7398241 ], [ 78.2089944, 29.7377103 ], [ 78.2039218, 29.7372652 ], [ 78.2028518, 29.7376639 ], [ 78.1988733, 29.7376182 ], [ 78.1948371, 29.7392007 ], [ 78.1933258, 29.7387361 ], [ 78.1905767, 29.7370621 ], [ 78.1861581, 29.739279 ], [ 78.1845782, 29.7429513 ], [ 78.1835866, 29.7440186 ], [ 78.1830793, 29.7493923 ], [ 78.1825187, 29.7506126 ], [ 78.18366, 29.7505256 ], [ 78.1872455, 29.7526701 ], [ 78.1866158, 29.7541538 ], [ 78.1859635, 29.7578545 ], [ 78.1840805, 29.7606931 ], [ 78.1832693, 29.7623718 ], [ 78.1830349, 29.7636709 ], [ 78.182276, 29.7648654 ], [ 78.1817746, 29.7648203 ], [ 78.1818553, 29.7642098 ], [ 78.1811367, 29.7643003 ], [ 78.1800962, 29.7667539 ], [ 78.1790203, 29.7733991 ], [ 78.1778239, 29.7751904 ], [ 78.1770115, 29.7751419 ], [ 78.1769026, 29.7744308 ], [ 78.1763268, 29.7745623 ], [ 78.1769404, 29.7767183 ], [ 78.1763141, 29.7770267 ], [ 78.1767001, 29.7784111 ], [ 78.1758615, 29.7785199 ], [ 78.1761796, 29.7796474 ], [ 78.175892, 29.7796836 ], [ 78.1756031, 29.781435 ], [ 78.174239, 29.7814984 ], [ 78.1741748, 29.7826018 ], [ 78.173387, 29.782514 ], [ 78.1728983, 29.7816015 ], [ 78.1726673, 29.7826636 ], [ 78.1722606, 29.7826787 ], [ 78.1715946, 29.7800292 ], [ 78.170541, 29.7809243 ], [ 78.1702386, 29.7827642 ], [ 78.1705979, 29.7835273 ], [ 78.1720432, 29.7844309 ], [ 78.1733855, 29.7858262 ], [ 78.1742192, 29.7860525 ], [ 78.1747107, 29.7867678 ], [ 78.1743031, 29.786842 ], [ 78.1741465, 29.7877275 ], [ 78.1754848, 29.7893987 ], [ 78.1755443, 29.7902274 ], [ 78.1739098, 29.7907807 ], [ 78.1716522, 29.7923179 ], [ 78.1703413, 29.7937056 ], [ 78.1683961, 29.7969287 ], [ 78.1679734, 29.8001217 ], [ 78.1671963, 29.801883 ], [ 78.166962, 29.8042572 ], [ 78.1686502, 29.8043344 ], [ 78.1686341, 29.8046244 ], [ 78.1664533, 29.8139767 ], [ 78.1662381, 29.8166312 ], [ 78.1654877, 29.8185187 ], [ 78.1654226, 29.8202959 ], [ 78.1658241, 29.8217893 ], [ 78.1642054, 29.8244584 ], [ 78.1627736, 29.8246844 ], [ 78.1608241, 29.8276895 ], [ 78.162717, 29.8284721 ], [ 78.1624681, 29.8291958 ], [ 78.161162, 29.8289734 ], [ 78.16096, 29.8292133 ], [ 78.1599332, 29.8288902 ], [ 78.1600229, 29.8281993 ], [ 78.159667, 29.8281261 ], [ 78.1593037, 29.828537 ], [ 78.1568554, 29.8277481 ], [ 78.1558793, 29.8346217 ], [ 78.1583756, 29.8348577 ], [ 78.1579498, 29.8367903 ], [ 78.1574041, 29.8443603 ], [ 78.1564971, 29.848986 ], [ 78.1555846, 29.8516049 ], [ 78.1538785, 29.8515854 ], [ 78.1528429, 29.8571088 ], [ 78.152397, 29.8577264 ], [ 78.152773, 29.8591145 ], [ 78.1482884, 29.8564686 ], [ 78.1483203, 29.8569879 ], [ 78.1478394, 29.8572938 ], [ 78.1478342, 29.8576396 ], [ 78.1469961, 29.8579413 ], [ 78.146416, 29.8595607 ], [ 78.1469585, 29.8604318 ], [ 78.1457305, 29.8602793 ], [ 78.1445593, 29.8616151 ], [ 78.1431986, 29.8649897 ], [ 78.1451984, 29.866604 ], [ 78.1459305, 29.8680654 ], [ 78.1465785, 29.8698371 ], [ 78.1464025, 29.8736058 ], [ 78.1458402, 29.8740491 ], [ 78.1459033, 29.8750996 ], [ 78.1449155, 29.8768032 ], [ 78.1441665, 29.8797003 ], [ 78.1416095, 29.8829924 ], [ 78.1389886, 29.8839421 ], [ 78.1383817, 29.8855786 ], [ 78.1385902, 29.886756 ], [ 78.1395642, 29.8876431 ], [ 78.1410414, 29.8952177 ], [ 78.1418254, 29.8976593 ], [ 78.1412617, 29.9003932 ], [ 78.1390304, 29.9035024 ], [ 78.1390029, 29.9054837 ], [ 78.141129, 29.9091327 ], [ 78.1421783, 29.9082823 ], [ 78.1453819, 29.9142931 ], [ 78.1585407, 29.9059634 ], [ 78.1598648, 29.9083874 ], [ 78.1596932, 29.9105423 ], [ 78.1599551, 29.9130849 ], [ 78.1617903, 29.9178861 ], [ 78.1627208, 29.9258606 ], [ 78.1622262, 29.9288428 ], [ 78.1616842, 29.9371273 ], [ 78.1620781, 29.9407961 ], [ 78.1645972, 29.9442972 ], [ 78.1680919, 29.9456976 ], [ 78.1752637, 29.9471112 ], [ 78.1771081, 29.9478409 ], [ 78.178047, 29.9503608 ], [ 78.1821248, 29.9563325 ], [ 78.1848567, 29.9586857 ], [ 78.1863771, 29.9604318 ], [ 78.1880425, 29.9637006 ], [ 78.1888345, 29.9646166 ], [ 78.1915465, 29.9655613 ], [ 78.1937792, 29.9659052 ], [ 78.1958385, 29.9653116 ], [ 78.1976042, 29.9664227 ], [ 78.1986996, 29.9666334 ], [ 78.2007675, 29.9665643 ], [ 78.202092, 29.9661032 ] ], [ [ 78.1742163, 29.8867809 ], [ 78.1748159, 29.885822 ], [ 78.174898, 29.8846195 ], [ 78.1741166, 29.8824742 ], [ 78.1743665, 29.880779 ], [ 78.1735038, 29.8761881 ], [ 78.1716085, 29.8754878 ], [ 78.171174, 29.8749225 ], [ 78.1704161, 29.8729513 ], [ 78.170093, 29.870732 ], [ 78.1707972, 29.8688737 ], [ 78.1711653, 29.8642549 ], [ 78.1713906, 29.8636618 ], [ 78.1737505, 29.862708 ], [ 78.1740327, 29.8607279 ], [ 78.1746591, 29.859465 ], [ 78.1767343, 29.8582654 ], [ 78.1772001, 29.8573498 ], [ 78.1771562, 29.8564725 ], [ 78.1777513, 29.8564116 ], [ 78.1772003, 29.8558364 ], [ 78.1768641, 29.85343 ], [ 78.1770065, 29.852882 ], [ 78.1784554, 29.8515244 ], [ 78.1769189, 29.8491156 ], [ 78.1759902, 29.8483105 ], [ 78.1762698, 29.8463867 ], [ 78.1771677, 29.845205 ], [ 78.1800393, 29.8448623 ], [ 78.1848641, 29.845291 ], [ 78.1856247, 29.845636 ], [ 78.1851098, 29.8467614 ], [ 78.1850374, 29.8482815 ], [ 78.1853892, 29.8497024 ], [ 78.1855625, 29.8549189 ], [ 78.1859143, 29.8551602 ], [ 78.1848534, 29.8594746 ], [ 78.1868225, 29.8735635 ], [ 78.1842656, 29.8773632 ], [ 78.1834082, 29.8796014 ], [ 78.1844235, 29.8818892 ], [ 78.185255, 29.8828502 ], [ 78.1852237, 29.8842307 ], [ 78.1833891, 29.8874015 ], [ 78.1808518, 29.8895846 ], [ 78.1790033, 29.8929605 ], [ 78.1747291, 29.8989011 ], [ 78.1745351, 29.9004287 ], [ 78.1749103, 29.9025514 ], [ 78.1697247, 29.8956626 ], [ 78.1703481, 29.8926193 ], [ 78.171374, 29.8898508 ], [ 78.1720638, 29.8888044 ], [ 78.1742163, 29.8867809 ] ], [ [ 78.2528194, 29.8637251 ], [ 78.2470763, 29.863105 ], [ 78.2437269, 29.8614081 ], [ 78.2443512, 29.8607749 ], [ 78.2411162, 29.8594078 ], [ 78.2406712, 29.8599911 ], [ 78.2392308, 29.8594219 ], [ 78.2379582, 29.8582146 ], [ 78.2353802, 29.8539485 ], [ 78.2341271, 29.852776 ], [ 78.2290528, 29.8523918 ], [ 78.2369525, 29.8453342 ], [ 78.242134, 29.8395959 ], [ 78.2486592, 29.8409353 ], [ 78.2618416, 29.8471945 ], [ 78.2528194, 29.8637251 ] ], [ [ 78.2390051, 29.8184059 ], [ 78.2416136, 29.8163412 ], [ 78.2430174, 29.8180517 ], [ 78.2436977, 29.817644 ], [ 78.2432365, 29.816601 ], [ 78.243715, 29.8164333 ], [ 78.2453089, 29.818734 ], [ 78.2460145, 29.8193298 ], [ 78.2475939, 29.8198659 ], [ 78.248061, 29.8204937 ], [ 78.247779, 29.820802 ], [ 78.2480521, 29.8211164 ], [ 78.2465255, 29.8224491 ], [ 78.2458193, 29.8218879 ], [ 78.245016, 29.8225711 ], [ 78.244111, 29.8220424 ], [ 78.2435888, 29.8224864 ], [ 78.244413, 29.8231181 ], [ 78.2430885, 29.8241763 ], [ 78.2421062, 29.8235082 ], [ 78.2390051, 29.8184059 ] ], [ [ 78.2617718, 29.8047834 ], [ 78.2605707, 29.8038213 ], [ 78.2598568, 29.804304 ], [ 78.2590685, 29.8036312 ], [ 78.2586685, 29.8037059 ], [ 78.2569871, 29.8014575 ], [ 78.2573338, 29.801303 ], [ 78.2561734, 29.800025 ], [ 78.2564857, 29.7997437 ], [ 78.2558593, 29.7991674 ], [ 78.2556203, 29.7994022 ], [ 78.2552797, 29.7991296 ], [ 78.255394, 29.7987354 ], [ 78.2545334, 29.7980616 ], [ 78.2547205, 29.7976524 ], [ 78.2528819, 29.7956236 ], [ 78.2517833, 29.7963868 ], [ 78.252199, 29.7977517 ], [ 78.2527045, 29.7978995 ], [ 78.2531303, 29.7992013 ], [ 78.2537824, 29.7992399 ], [ 78.2545465, 29.8016052 ], [ 78.2533325, 29.8028258 ], [ 78.2432729, 29.7932347 ], [ 78.2428093, 29.7937659 ], [ 78.2418256, 29.7932016 ], [ 78.236456, 29.7812346 ], [ 78.2370218, 29.7807834 ], [ 78.237807, 29.7808682 ], [ 78.2384323, 29.7811495 ], [ 78.2397574, 29.7825971 ], [ 78.240665, 29.7826833 ], [ 78.2420174, 29.783445 ], [ 78.2422208, 29.7838895 ], [ 78.2409678, 29.7847296 ], [ 78.2431575, 29.7874521 ], [ 78.2415252, 29.7879146 ], [ 78.2416498, 29.7883734 ], [ 78.2428581, 29.7894386 ], [ 78.2434091, 29.7892572 ], [ 78.2450091, 29.7911084 ], [ 78.2447882, 29.7912963 ], [ 78.24514, 29.7916633 ], [ 78.2454201, 29.7914934 ], [ 78.2447683, 29.7899121 ], [ 78.2451513, 29.7894837 ], [ 78.2453476, 29.7896243 ], [ 78.2459415, 29.7910839 ], [ 78.246358, 29.7910885 ], [ 78.248463, 29.7926422 ], [ 78.2484231, 29.7938399 ], [ 78.2507257, 29.7916767 ], [ 78.2520199, 29.7924656 ], [ 78.2530752, 29.7909272 ], [ 78.2524851, 29.7903515 ], [ 78.2532228, 29.7894739 ], [ 78.2539409, 29.7899718 ], [ 78.2544188, 29.7895184 ], [ 78.2555317, 29.7903054 ], [ 78.2560915, 29.7898211 ], [ 78.2580422, 29.7916139 ], [ 78.260068, 29.790655 ], [ 78.2651278, 29.795012 ], [ 78.266664, 29.796642 ], [ 78.2635107, 29.799756 ], [ 78.2640855, 29.8001419 ], [ 78.2629699, 29.8021071 ], [ 78.2639392, 29.8027977 ], [ 78.2638596, 29.803303 ], [ 78.2650319, 29.8030942 ], [ 78.2655885, 29.804761 ], [ 78.2648776, 29.8050382 ], [ 78.2646699, 29.8056212 ], [ 78.2654432, 29.8073537 ], [ 78.2645489, 29.8077711 ], [ 78.2632968, 29.8072041 ], [ 78.2617718, 29.8047834 ] ], [ [ 78.2108798, 29.803658 ], [ 78.1943736, 29.8034931 ], [ 78.1948982, 29.8002273 ], [ 78.1942412, 29.7975729 ], [ 78.1955134, 29.7968195 ], [ 78.1951746, 29.7962309 ], [ 78.1944402, 29.7966324 ], [ 78.1940834, 29.795949 ], [ 78.1947995, 29.7952498 ], [ 78.1944013, 29.7947717 ], [ 78.1935507, 29.7956401 ], [ 78.1925344, 29.7948124 ], [ 78.1929197, 29.7941877 ], [ 78.1922629, 29.7940298 ], [ 78.1932427, 29.7919752 ], [ 78.1948252, 29.7926697 ], [ 78.1949907, 29.7924599 ], [ 78.1951692, 29.7928478 ], [ 78.1946003, 29.7931546 ], [ 78.1948123, 29.7937478 ], [ 78.195239, 29.7934298 ], [ 78.1954045, 29.7939079 ], [ 78.1950503, 29.7941492 ], [ 78.1953969, 29.7946724 ], [ 78.1965759, 29.7940295 ], [ 78.1966352, 29.7928839 ], [ 78.1953061, 29.7915849 ], [ 78.1965368, 29.7917788 ], [ 78.1967514, 29.7910683 ], [ 78.1976253, 29.7912126 ], [ 78.1977366, 29.7915847 ], [ 78.1983856, 29.791429 ], [ 78.1982639, 29.7907727 ], [ 78.1966867, 29.7905067 ], [ 78.196728, 29.7896339 ], [ 78.1972735, 29.7892685 ], [ 78.1969011, 29.7885311 ], [ 78.1976069, 29.7882378 ], [ 78.1984448, 29.7892639 ], [ 78.1986386, 29.7889143 ], [ 78.1994506, 29.7893653 ], [ 78.1998565, 29.7888849 ], [ 78.2014804, 29.7896516 ], [ 78.2005907, 29.7878293 ], [ 78.2018007, 29.7876781 ], [ 78.2022763, 29.7869022 ], [ 78.2028142, 29.7872404 ], [ 78.2030441, 29.7866269 ], [ 78.2031788, 29.7875606 ], [ 78.204655, 29.7871613 ], [ 78.2078314, 29.7931555 ], [ 78.2105943, 29.7993594 ], [ 78.2123042, 29.8018219 ], [ 78.2108798, 29.803658 ] ], [ [ 78.2900195, 29.7665153 ], [ 78.2901392, 29.7657401 ], [ 78.2852032, 29.7649272 ], [ 78.2826768, 29.7651222 ], [ 78.2804982, 29.7638155 ], [ 78.2796552, 29.7637272 ], [ 78.2800221, 29.7634617 ], [ 78.2786484, 29.7617198 ], [ 78.2780495, 29.7604141 ], [ 78.2791595, 29.7595836 ], [ 78.2794071, 29.7600482 ], [ 78.2798651, 29.759752 ], [ 78.2821995, 29.7615993 ], [ 78.2855758, 29.7622848 ], [ 78.2862161, 29.7632423 ], [ 78.288127, 29.7642134 ], [ 78.2887869, 29.7637609 ], [ 78.2900581, 29.7637426 ], [ 78.2953945, 29.7657957 ], [ 78.2985353, 29.7671124 ], [ 78.2983932, 29.7682042 ], [ 78.298946, 29.7689231 ], [ 78.298415, 29.7692503 ], [ 78.2970362, 29.7691724 ], [ 78.2948017, 29.76861 ], [ 78.291548, 29.7675773 ], [ 78.2900195, 29.7665153 ] ], [ [ 78.2586323, 29.7452792 ], [ 78.2598956, 29.7433365 ], [ 78.2629833, 29.7452726 ], [ 78.2632164, 29.7468438 ], [ 78.2657766, 29.7485379 ], [ 78.2646833, 29.7492927 ], [ 78.2625691, 29.7485658 ], [ 78.2591537, 29.7466841 ], [ 78.2595186, 29.7461622 ], [ 78.2585826, 29.7459115 ], [ 78.2586323, 29.7452792 ] ], [ [ 78.2123241, 29.743162 ], [ 78.2120052, 29.7446821 ], [ 78.210989, 29.7446063 ], [ 78.2088407, 29.7439986 ], [ 78.2064888, 29.7421243 ], [ 78.2066338, 29.7415163 ], [ 78.2059952, 29.741415 ], [ 78.2057919, 29.7410857 ], [ 78.2062273, 29.7408323 ], [ 78.2076498, 29.740984 ], [ 78.2110465, 29.7421235 ], [ 78.2118594, 29.7421234 ], [ 78.2123241, 29.743162 ] ] ] } },
{ "type": "Feature", "properties": { "gp_code": "245198", "gp_name": "PILI PADAV", "blkname": "BAHADRABAD", "dtname": "Haridwar", "SHAPE_Area": 6356917.2511930987 }, "geometry": { "type": "Polygon", "coordinates": [ [ [ 78.2470763, 29.863105 ], [ 78.2528194, 29.8637251 ], [ 78.2618416, 29.8471945 ], [ 78.2486592, 29.8409353 ], [ 78.242134, 29.8395959 ], [ 78.2369525, 29.8453342 ], [ 78.2290528, 29.8523918 ], [ 78.2341271, 29.852776 ], [ 78.2353802, 29.8539485 ], [ 78.2379582, 29.8582146 ], [ 78.2392308, 29.8594219 ], [ 78.2406712, 29.8599911 ], [ 78.2411162, 29.8594078 ], [ 78.2443512, 29.8607749 ], [ 78.2437269, 29.8614081 ], [ 78.2454397, 29.8623608 ], [ 78.2470763, 29.863105 ] ] ] } },
{ "type": "Feature", "properties": { "gp_code": "23302", "gp_name": "DUDHALA DAYALWALA", "blkname": "BAHADRABAD", "dtname": "Haridwar", "SHAPE_Area": 516433.3900409707 }, "geometry": { "type": "Polygon", "coordinates": [ [ [ 78.2435888, 29.8224864 ], [ 78.244111, 29.8220424 ], [ 78.245016, 29.8225711 ], [ 78.2458193, 29.8218879 ], [ 78.2465255, 29.8224491 ], [ 78.2480521, 29.8211164 ], [ 78.247779, 29.820802 ], [ 78.248061, 29.8204937 ], [ 78.2475939, 29.8198659 ], [ 78.2460145, 29.8193298 ], [ 78.2453089, 29.818734 ], [ 78.243715, 29.8164333 ], [ 78.2432365, 29.816601 ], [ 78.2436977, 29.817644 ], [ 78.2430174, 29.8180517 ], [ 78.2416136, 29.8163412 ], [ 78.2390051, 29.8184059 ], [ 78.2421062, 29.8235082 ], [ 78.2430885, 29.8241763 ], [ 78.244413, 29.8231181 ], [ 78.2435888, 29.8224864 ] ] ] } },
{ "type": "Feature", "properties": { "gp_code": "", "gp_name": "", "blkname": "BAHADRABAD", "dtname": "Haridwar", "SHAPE_Area": 29779500.439831037 }, "geometry": { "type": "Polygon", "coordinates": [ [ [ 78.1976953, 29.9879245 ], [ 78.1935036, 29.9829681 ], [ 78.1920933, 29.9798198 ], [ 78.1888593, 29.9761691 ], [ 78.187664, 29.973902 ], [ 78.1864544, 29.9709472 ], [ 78.1861892, 29.9685204 ], [ 78.1871657, 29.9646688 ], [ 78.1871538, 29.9621668 ], [ 78.1863771, 29.9604318 ], [ 78.1848567, 29.9586857 ], [ 78.1821248, 29.9563325 ], [ 78.178047, 29.9503608 ], [ 78.1771081, 29.9478409 ], [ 78.1752637, 29.9471112 ], [ 78.1680919, 29.9456976 ], [ 78.1645972, 29.9442972 ], [ 78.1620781, 29.9407961 ], [ 78.1616842, 29.9371273 ], [ 78.1622262, 29.9288428 ], [ 78.1627076, 29.9267475 ], [ 78.1625154, 29.9238323 ], [ 78.1617903, 29.9178861 ], [ 78.1599551, 29.9130849 ], [ 78.1596932, 29.9105423 ], [ 78.1598648, 29.9083874 ], [ 78.1585407, 29.9059634 ], [ 78.1287612, 29.9248383 ], [ 78.1233363, 29.922322 ], [ 78.12042, 29.9213212 ], [ 78.1162921, 29.9201299 ], [ 78.1117363, 29.9193757 ], [ 78.1036762, 29.9190134 ], [ 78.1013523, 29.919538 ], [ 78.0897067, 29.9205087 ], [ 78.0954453, 29.9254264 ], [ 78.1007702, 29.9322377 ], [ 78.1125348, 29.9320043 ], [ 78.1176784, 29.930811 ], [ 78.1182025, 29.9312092 ], [ 78.1194578, 29.9310743 ], [ 78.1201267, 29.9314599 ], [ 78.1196364, 29.932 ], [ 78.1207009, 29.932782 ], [ 78.1205651, 29.9332563 ], [ 78.1211392, 29.9335428 ], [ 78.1218999, 29.9331738 ], [ 78.1220723, 29.9334557 ], [ 78.123405, 29.9324636 ], [ 78.1245028, 29.9327799 ], [ 78.1262079, 29.9313249 ], [ 78.1299431, 29.9335457 ], [ 78.1304964, 29.9390588 ], [ 78.1304287, 29.9395784 ], [ 78.1290193, 29.9402647 ], [ 78.1288858, 29.9423017 ], [ 78.1352081, 29.9386364 ], [ 78.1357685, 29.938452 ], [ 78.1377153, 29.9387515 ], [ 78.1397223, 29.9400324 ], [ 78.1402636, 29.9420945 ], [ 78.1418455, 29.943492 ], [ 78.1443172, 29.9469728 ], [ 78.14697, 29.9490243 ], [ 78.1499291, 29.9499169 ], [ 78.1554466, 29.9508646 ], [ 78.1572966, 29.9516837 ], [ 78.1580314, 29.9518222 ], [ 78.1590974, 29.9514614 ], [ 78.1608302, 29.9527909 ], [ 78.1618022, 29.9530535 ], [ 78.1639164, 29.9525223 ], [ 78.1648052, 29.953686 ], [ 78.1680502, 29.9554817 ], [ 78.169638, 29.957512 ], [ 78.1708541, 29.9581068 ], [ 78.1715858, 29.9599863 ], [ 78.1722862, 29.9632483 ], [ 78.1689069, 29.9683241 ], [ 78.1687337, 29.9690307 ], [ 78.1697271, 29.9700623 ], [ 78.1704381, 29.9714875 ], [ 78.1729241, 29.9739106 ], [ 78.1750706, 29.97346 ], [ 78.1769687, 29.9760252 ], [ 78.1799188, 29.9789919 ], [ 78.1812797, 29.9854337 ], [ 78.1821586, 29.9870733 ], [ 78.183181, 29.9905638 ], [ 78.1848589, 29.9926435 ], [ 78.1886038, 29.9958236 ], [ 78.1879509, 29.9970632 ], [ 78.1891199, 29.9972463 ], [ 78.1922589, 29.9940506 ], [ 78.1935356, 29.9891338 ], [ 78.1936842, 29.986769 ], [ 78.1942554, 29.986662 ], [ 78.1963603, 29.988471 ], [ 78.1973711, 29.9883405 ], [ 78.1976953, 29.9879245 ] ] ] } },
{ "type": "Feature", "properties": { "gp_code": "245199", "gp_name": "GAZIWALI", "blkname": "BAHADRABAD", "dtname": "Haridwar", "SHAPE_Area": 1650342.2963502698 }, "geometry": { "type": "Polygon", "coordinates": [ [ [ 78.1840447, 29.8778484 ], [ 78.1826294, 29.8774277 ], [ 78.1804542, 29.8773754 ], [ 78.1787343, 29.8766635 ], [ 78.1763521, 29.876536 ], [ 78.1739992, 29.8749206 ], [ 78.170895, 29.8718011 ], [ 78.170362, 29.8716928 ], [ 78.1704161, 29.8729513 ], [ 78.171174, 29.8749225 ], [ 78.1716085, 29.8754878 ], [ 78.1735038, 29.8761881 ], [ 78.1743665, 29.880779 ], [ 78.1741166, 29.8824742 ], [ 78.174898, 29.8846195 ], [ 78.1748159, 29.885822 ], [ 78.1742163, 29.8867809 ], [ 78.1767764, 29.8878134 ], [ 78.1774086, 29.8870555 ], [ 78.1783431, 29.8868607 ], [ 78.1796146, 29.8877614 ], [ 78.1798329, 29.887484 ], [ 78.1821778, 29.8884109 ], [ 78.1826706, 29.8882147 ], [ 78.1842075, 29.8863562 ], [ 78.1852237, 29.8842307 ], [ 78.185255, 29.8828502 ], [ 78.1844235, 29.8818892 ], [ 78.1834082, 29.8796014 ], [ 78.1840447, 29.8778484 ] ] ] } },
{ "type": "Feature", "properties": { "gp_code": "23311", "gp_name": "KANGRI", "blkname": "BAHADRABAD", "dtname": "Haridwar", "SHAPE_Area": 1317048.6764877646 }, "geometry": { "type": "Polygon", "coordinates": [ [ [ 78.1821778, 29.8884109 ], [ 78.1798329, 29.887484 ], [ 78.1796146, 29.8877614 ], [ 78.1783431, 29.8868607 ], [ 78.1774086, 29.8870555 ], [ 78.1767764, 29.8878134 ], [ 78.1742163, 29.8867809 ], [ 78.1720638, 29.8888044 ], [ 78.171374, 29.8898508 ], [ 78.1703481, 29.8926193 ], [ 78.1697247, 29.8956626 ], [ 78.1749103, 29.9025514 ], [ 78.1745351, 29.9004287 ], [ 78.1747291, 29.8989011 ], [ 78.1790033, 29.8929605 ], [ 78.1808518, 29.8895846 ], [ 78.1821778, 29.8884109 ] ] ] } },
{ "type": "Feature", "properties": { "gp_code": "", "gp_name": "", "blkname": "BAHADRABAD", "dtname": "Haridwar", "SHAPE_Area": 637704.47798629035 }, "geometry": { "type": "Polygon", "coordinates": [ [ [ 78.1442187, 29.8795275 ], [ 78.1442118, 29.8778535 ], [ 78.1437965, 29.8755459 ], [ 78.1434218, 29.8749972 ], [ 78.1439225, 29.8734618 ], [ 78.1435582, 29.8719641 ], [ 78.1400011, 29.8758915 ], [ 78.1412315, 29.8787903 ], [ 78.1414763, 29.8803054 ], [ 78.1376466, 29.8814655 ], [ 78.1379168, 29.8820007 ], [ 78.137048, 29.8828029 ], [ 78.138082, 29.8845231 ], [ 78.1377891, 29.8847718 ], [ 78.1381087, 29.8855876 ], [ 78.1377874, 29.8855932 ], [ 78.1385173, 29.8868992 ], [ 78.1383197, 29.8872143 ], [ 78.1392609, 29.888 ], [ 78.1389309, 29.8885749 ], [ 78.1395005, 29.8905605 ], [ 78.1390597, 29.8906768 ], [ 78.1404022, 29.89325 ], [ 78.1402272, 29.8942001 ], [ 78.1406144, 29.8947927 ], [ 78.1403546, 29.8956858 ], [ 78.1406447, 29.8977085 ], [ 78.1417875, 29.8979153 ], [ 78.1395642, 29.8876431 ], [ 78.1385902, 29.886756 ], [ 78.1383817, 29.8855786 ], [ 78.1389886, 29.8839421 ], [ 78.1416095, 29.8829924 ], [ 78.1442187, 29.8795275 ] ] ] } },
{ "type": "Feature", "properties": { "gp_code": "", "gp_name": "", "blkname": "BAHADRABAD", "dtname": "Haridwar", "SHAPE_Area": 4962711.0907044131 }, "geometry": { "type": "Polygon", "coordinates": [ [ [ 78.1322926, 29.8995555 ], [ 78.1315149, 29.8977921 ], [ 78.1314924, 29.8943126 ], [ 78.1271826, 29.8966702 ], [ 78.1242038, 29.8987571 ], [ 78.125048, 29.8998839 ], [ 78.121657, 29.9004317 ], [ 78.1210047, 29.8990498 ], [ 78.1174222, 29.8971201 ], [ 78.1164255, 29.8972419 ], [ 78.114848, 29.8962748 ], [ 78.1108398, 29.8981145 ], [ 78.1096342, 29.8958808 ], [ 78.1085867, 29.896309 ], [ 78.1082849, 29.8960252 ], [ 78.1045645, 29.8990508 ], [ 78.1030392, 29.9006809 ], [ 78.10392, 29.9011317 ], [ 78.1028973, 29.9019336 ], [ 78.1061776, 29.9066159 ], [ 78.107765, 29.9079155 ], [ 78.1093859, 29.9120111 ], [ 78.1096167, 29.9119405 ], [ 78.1101397, 29.9127739 ], [ 78.1104477, 29.9126574 ], [ 78.1108401, 29.9130222 ], [ 78.1121279, 29.9129038 ], [ 78.1130854, 29.9133554 ], [ 78.1160077, 29.9154778 ], [ 78.1168276, 29.9169152 ], [ 78.1176445, 29.9165644 ], [ 78.1187138, 29.9177178 ], [ 78.119207, 29.9174967 ], [ 78.12042, 29.9192722 ], [ 78.121038, 29.9189057 ], [ 78.1224686, 29.9204702 ], [ 78.1237868, 29.9201329 ], [ 78.122777, 29.9183188 ], [ 78.124732, 29.9166736 ], [ 78.1236977, 29.9156825 ], [ 78.1228534, 29.9163203 ], [ 78.1225679, 29.9159702 ], [ 78.1221041, 29.9162583 ], [ 78.1216248, 29.9155591 ], [ 78.1222143, 29.915059 ], [ 78.1214715, 29.9145702 ], [ 78.1227311, 29.9133043 ], [ 78.1236271, 29.9137906 ], [ 78.1243391, 29.9132918 ], [ 78.12451, 29.9121194 ], [ 78.1238387, 29.9109638 ], [ 78.1250371, 29.9104727 ], [ 78.1232602, 29.9085571 ], [ 78.1242937, 29.9076091 ], [ 78.12373, 29.9067367 ], [ 78.124935, 29.9059239 ], [ 78.1240087, 29.904863 ], [ 78.1232619, 29.9050005 ], [ 78.1232112, 29.9037315 ], [ 78.12391, 29.9039954 ], [ 78.1257942, 29.9008828 ], [ 78.128125, 29.8995912 ], [ 78.1286042, 29.900541 ], [ 78.1322926, 29.8995555 ] ] ] } },
{ "type": "Feature", "properties": { "gp_code": "", "gp_name": "", "blkname": "BAHADRABAD", "dtname": "Haridwar", "SHAPE_Area": 4583970.4158807294 }, "geometry": { "type": "Polygon", "coordinates": [ [ [ 78.1453819, 29.9142931 ], [ 78.1421783, 29.9082823 ], [ 78.1406943, 29.9093762 ], [ 78.139417, 29.9081291 ], [ 78.1382216, 29.9092543 ], [ 78.1377194, 29.9091738 ], [ 78.1368774, 29.9103124 ], [ 78.1366563, 29.9100485 ], [ 78.1353478, 29.9108642 ], [ 78.1334501, 29.9074535 ], [ 78.1339426, 29.9067684 ], [ 78.1329726, 29.9050394 ], [ 78.1329567, 29.9039749 ], [ 78.1321374, 29.9036107 ], [ 78.1316631, 29.9024009 ], [ 78.1324565, 29.9009443 ], [ 78.1322926, 29.8995555 ], [ 78.1286042, 29.900541 ], [ 78.128125, 29.8995912 ], [ 78.1257942, 29.9008828 ], [ 78.12391, 29.9039954 ], [ 78.1232112, 29.9037315 ], [ 78.1232619, 29.9050005 ], [ 78.1240087, 29.904863 ], [ 78.124935, 29.9059239 ], [ 78.12373, 29.9067367 ], [ 78.1242937, 29.9076091 ], [ 78.1232602, 29.9085571 ], [ 78.1250371, 29.9104727 ], [ 78.1238387, 29.9109638 ], [ 78.12451, 29.9121194 ], [ 78.1243391, 29.9132918 ], [ 78.1236271, 29.9137906 ], [ 78.1227311, 29.9133043 ], [ 78.1214715, 29.9145702 ], [ 78.1222143, 29.915059 ], [ 78.1216248, 29.9155591 ], [ 78.1221041, 29.9162583 ], [ 78.1225679, 29.9159702 ], [ 78.1228534, 29.9163203 ], [ 78.1236977, 29.9156825 ], [ 78.124732, 29.9166736 ], [ 78.122777, 29.9183188 ], [ 78.1237868, 29.9201329 ], [ 78.1224686, 29.9204702 ], [ 78.1236801, 29.9225762 ], [ 78.1287612, 29.9248383 ], [ 78.1453819, 29.9142931 ] ] ] } },
{ "type": "Feature", "properties": { "gp_code": "", "gp_name": "", "blkname": "BAHADRABAD", "dtname": "Haridwar", "SHAPE_Area": 948995.61513141019 }, "geometry": { "type": "Polygon", "coordinates": [ [ [ 78.141129, 29.9091327 ], [ 78.139276, 29.9063453 ], [ 78.1388628, 29.9045542 ], [ 78.1394498, 29.9027484 ], [ 78.1412617, 29.9003932 ], [ 78.1417875, 29.8979153 ], [ 78.1406447, 29.8977085 ], [ 78.1397941, 29.8980411 ], [ 78.1401072, 29.8992956 ], [ 78.1386067, 29.9000718 ], [ 78.1382037, 29.8998057 ], [ 78.1368791, 29.9002946 ], [ 78.1363593, 29.8999803 ], [ 78.135484, 29.9004836 ], [ 78.1348909, 29.9000474 ], [ 78.1332999, 29.9018302 ], [ 78.1324565, 29.9009443 ], [ 78.1316631, 29.9024009 ], [ 78.1321374, 29.9036107 ], [ 78.1329567, 29.9039749 ], [ 78.1329726, 29.9050394 ], [ 78.1339426, 29.9067684 ], [ 78.1334501, 29.9074535 ], [ 78.1353478, 29.9108642 ], [ 78.1366563, 29.9100485 ], [ 78.1368774, 29.9103124 ], [ 78.1377194, 29.9091738 ], [ 78.1382216, 29.9092543 ], [ 78.139417, 29.9081291 ], [ 78.1406943, 29.9093762 ], [ 78.141129, 29.9091327 ] ] ] } },
{ "type": "Feature", "properties": { "gp_code": "23285", "gp_name": "AJITPUR", "blkname": "BAHADRABAD", "dtname": "Haridwar", "SHAPE_Area": 718827.5607952812 }, "geometry": { "type": "Polygon", "coordinates": [ [ [ 78.1379259, 29.8842893 ], [ 78.137048, 29.8828029 ], [ 78.1379168, 29.8820007 ], [ 78.1376466, 29.8814655 ], [ 78.1414763, 29.8803054 ], [ 78.1412315, 29.8787903 ], [ 78.1400011, 29.8758915 ], [ 78.1382738, 29.8761144 ], [ 78.1306362, 29.8813431 ], [ 78.1322342, 29.8833731 ], [ 78.1341177, 29.8844962 ], [ 78.134588, 29.8854034 ], [ 78.1361157, 29.8838166 ], [ 78.1364738, 29.8842661 ], [ 78.1371062, 29.883968 ], [ 78.1374056, 29.8844422 ], [ 78.1379259, 29.8842893 ] ] ] } },
{ "type": "Feature", "properties": { "gp_code": "23324", "gp_name": "NURPUR PANJANHEDI", "blkname": "BAHADRABAD", "dtname": "Haridwar", "SHAPE_Area": 5445244.8139999146 }, "geometry": { "type": "Polygon", "coordinates": [ [ [ 78.1332999, 29.9018302 ], [ 78.1348909, 29.9000474 ], [ 78.135484, 29.9004836 ], [ 78.1363593, 29.8999803 ], [ 78.1368791, 29.9002946 ], [ 78.1382037, 29.8998057 ], [ 78.1386067, 29.9000718 ], [ 78.1401072, 29.8992956 ], [ 78.1397941, 29.8980411 ], [ 78.1406883, 29.8976967 ], [ 78.1403546, 29.8956858 ], [ 78.1406144, 29.8947927 ], [ 78.1402272, 29.8942001 ], [ 78.1404022, 29.89325 ], [ 78.1390597, 29.8906768 ], [ 78.1395005, 29.8905605 ], [ 78.1389309, 29.8885749 ], [ 78.1392609, 29.888 ], [ 78.1383197, 29.8872143 ], [ 78.1385173, 29.8868992 ], [ 78.1377874, 29.8855932 ], [ 78.1381087, 29.8855876 ], [ 78.1377891, 29.8847718 ], [ 78.1381003, 29.8847287 ], [ 78.1379259, 29.8842893 ], [ 78.1374056, 29.8844422 ], [ 78.1371062, 29.883968 ], [ 78.1364738, 29.8842661 ], [ 78.1361157, 29.8838166 ], [ 78.134588, 29.8854034 ], [ 78.1341177, 29.8844962 ], [ 78.1322342, 29.8833731 ], [ 78.1311229, 29.8818408 ], [ 78.1300018, 29.8809452 ], [ 78.1271763, 29.8804601 ], [ 78.1211416, 29.8777918 ], [ 78.1226951, 29.8763555 ], [ 78.1223905, 29.8756935 ], [ 78.1238663, 29.8748752 ], [ 78.1252802, 29.8732514 ], [ 78.1242336, 29.8709708 ], [ 78.1232517, 29.8700071 ], [ 78.1197219, 29.8726452 ], [ 78.1167019, 29.8725705 ], [ 78.1116303, 29.874269 ], [ 78.1116617, 29.874684 ], [ 78.1128808, 29.8760033 ], [ 78.1123306, 29.8763078 ], [ 78.1145304, 29.8792593 ], [ 78.1146237, 29.8800227 ], [ 78.1152943, 29.8800854 ], [ 78.1166701, 29.8832955 ], [ 78.1172901, 29.8837831 ], [ 78.1189012, 29.8835083 ], [ 78.1228486, 29.8875636 ], [ 78.1231931, 29.8900559 ], [ 78.1228154, 29.8917393 ], [ 78.1230159, 29.8946436 ], [ 78.1226117, 29.8960532 ], [ 78.1242038, 29.8987571 ], [ 78.1271826, 29.8966702 ], [ 78.1314924, 29.8943126 ], [ 78.1315149, 29.8977921 ], [ 78.1320928, 29.8987877 ], [ 78.1324565, 29.9009443 ], [ 78.1332999, 29.9018302 ] ] ] } },
{ "type": "Feature", "properties": { "gp_code": "23303", "gp_name": "GADOWALI", "blkname": "BAHADRABAD", "dtname": "Haridwar", "SHAPE_Area": 2571533.6984897377 }, "geometry": { "type": "Polygon", "coordinates": [ [ [ 78.125048, 29.8998839 ], [ 78.1226117, 29.8960532 ], [ 78.1230756, 29.893737 ], [ 78.1228154, 29.8917393 ], [ 78.1231931, 29.8900559 ], [ 78.1230269, 29.8879192 ], [ 78.1189012, 29.8835083 ], [ 78.1172901, 29.8837831 ], [ 78.1146893, 29.882634 ], [ 78.1128223, 29.8826122 ], [ 78.1098991, 29.8844248 ], [ 78.1104726, 29.8853274 ], [ 78.1078699, 29.8867596 ], [ 78.1059977, 29.8886276 ], [ 78.1086795, 29.8903869 ], [ 78.1092354, 29.8900598 ], [ 78.1110117, 29.8929826 ], [ 78.1141661, 29.8958681 ], [ 78.1164255, 29.8972419 ], [ 78.1174222, 29.8971201 ], [ 78.1210047, 29.8990498 ], [ 78.121657, 29.9004317 ], [ 78.125048, 29.8998839 ] ] ] } },
{ "type": "Feature", "properties": { "gp_code": "23339", "gp_name": "SARAI", "blkname": "BAHADRABAD", "dtname": "Haridwar", "SHAPE_Area": 4536819.6102842325 }, "geometry": { "type": "Polygon", "coordinates": [ [ [ 78.1045645, 29.8990508 ], [ 78.1082849, 29.8960252 ], [ 78.1085867, 29.896309 ], [ 78.1096342, 29.8958808 ], [ 78.1108398, 29.8981145 ], [ 78.114848, 29.8962748 ], [ 78.1110117, 29.8929826 ], [ 78.1092354, 29.8900598 ], [ 78.1086795, 29.8903869 ], [ 78.1059977, 29.8886276 ], [ 78.1050125, 29.889003 ], [ 78.1048162, 29.8888272 ], [ 78.1029471, 29.8899394 ], [ 78.1014908, 29.8891084 ], [ 78.1011954, 29.8894051 ], [ 78.1005409, 29.889184 ], [ 78.0996351, 29.8893601 ], [ 78.0997675, 29.8897086 ], [ 78.098783, 29.8900306 ], [ 78.0979505, 29.8894337 ], [ 78.096078, 29.8897786 ], [ 78.0945518, 29.8904945 ], [ 78.0876685, 29.8922211 ], [ 78.0844874, 29.8940447 ], [ 78.0786347, 29.8984128 ], [ 78.0796584, 29.8999577 ], [ 78.0834526, 29.9019288 ], [ 78.0839412, 29.9030764 ], [ 78.0861687, 29.9047166 ], [ 78.0893937, 29.9028744 ], [ 78.090253, 29.9048943 ], [ 78.090667, 29.9052341 ], [ 78.0918375, 29.9029642 ], [ 78.0930864, 29.9012737 ], [ 78.0939702, 29.900599 ], [ 78.0957453, 29.9021348 ], [ 78.0988886, 29.9032985 ], [ 78.0984535, 29.9020754 ], [ 78.09921, 29.9017188 ], [ 78.0996487, 29.9027136 ], [ 78.100425, 29.902205 ], [ 78.1001869, 29.9017912 ], [ 78.1026708, 29.9004196 ], [ 78.1028894, 29.899836 ], [ 78.1033635, 29.8996741 ], [ 78.1031771, 29.8993065 ], [ 78.103919, 29.8987671 ], [ 78.1045645, 29.8990508 ] ] ] } },
{ "type": "Feature", "properties": { "gp_code": "23292", "gp_name": "BAHADARPUR JAT", "blkname": "BAHADRABAD", "dtname": "Haridwar", "SHAPE_Area": 8439911.115134256 }, "geometry": { "type": "Polygon", "coordinates": [ [ [ 78.1059977, 29.8886276 ], [ 78.1078699, 29.8867596 ], [ 78.1104726, 29.8853274 ], [ 78.1098991, 29.8844248 ], [ 78.1128223, 29.8826122 ], [ 78.1146893, 29.882634 ], [ 78.1166701, 29.8832955 ], [ 78.1152943, 29.8800854 ], [ 78.1146237, 29.8800227 ], [ 78.1145304, 29.8792593 ], [ 78.1123306, 29.8763078 ], [ 78.1128808, 29.8760033 ], [ 78.1116617, 29.874684 ], [ 78.1116303, 29.874269 ], [ 78.1167019, 29.8725705 ], [ 78.119301, 29.8727052 ], [ 78.118355, 29.8721422 ], [ 78.1162393, 29.8697346 ], [ 78.1131844, 29.8680007 ], [ 78.1112599, 29.8679057 ], [ 78.1103312, 29.8683755 ], [ 78.1091907, 29.8654328 ], [ 78.1086034, 29.8667952 ], [ 78.1073109, 29.866859 ], [ 78.1037283, 29.8684957 ], [ 78.1009297, 29.8682719 ], [ 78.0994139, 29.8676353 ], [ 78.0959171, 29.8673868 ], [ 78.0935391, 29.8639094 ], [ 78.0917622, 29.862585 ], [ 78.0906537, 29.8610184 ], [ 78.0894124, 29.8641042 ], [ 78.0889362, 29.8646121 ], [ 78.0874168, 29.8649768 ], [ 78.0872789, 29.8655568 ], [ 78.0865059, 29.8657254 ], [ 78.0874837, 29.8684031 ], [ 78.0870877, 29.8715251 ], [ 78.0875604, 29.8736701 ], [ 78.0870676, 29.8762677 ], [ 78.0860519, 29.8782556 ], [ 78.0831043, 29.8809568 ], [ 78.0855237, 29.8830721 ], [ 78.0872626, 29.882088 ], [ 78.0887791, 29.8840037 ], [ 78.0886505, 29.8853031 ], [ 78.088932, 29.8861995 ], [ 78.0900562, 29.8854786 ], [ 78.0908211, 29.8863292 ], [ 78.091162, 29.8878359 ], [ 78.0936154, 29.8906836 ], [ 78.0979505, 29.8894337 ], [ 78.098783, 29.8900306 ], [ 78.0997675, 29.8897086 ], [ 78.0996351, 29.8893601 ], [ 78.1005409, 29.889184 ], [ 78.1011954, 29.8894051 ], [ 78.1014908, 29.8891084 ], [ 78.1029471, 29.8899394 ], [ 78.1048162, 29.8888272 ], [ 78.1050125, 29.889003 ], [ 78.1059977, 29.8886276 ] ] ] } },
{ "type": "Feature", "properties": { "gp_code": "", "gp_name": "", "blkname": "BAHADRABAD", "dtname": "Haridwar", "SHAPE_Area": 8996388.1051121932 }, "geometry": { "type": "Polygon", "coordinates": [ [ [ 78.1224686, 29.9204702 ], [ 78.121038, 29.9189057 ], [ 78.12042, 29.9192722 ], [ 78.119207, 29.9174967 ], [ 78.1187138, 29.9177178 ], [ 78.1176445, 29.9165644 ], [ 78.1168276, 29.9169152 ], [ 78.1160077, 29.9154778 ], [ 78.1130854, 29.9133554 ], [ 78.1121279, 29.9129038 ], [ 78.1108401, 29.9130222 ], [ 78.1104477, 29.9126574 ], [ 78.1101397, 29.9127739 ], [ 78.1096167, 29.9119405 ], [ 78.1093859, 29.9120111 ], [ 78.107765, 29.9079155 ], [ 78.1061776, 29.9066159 ], [ 78.1028973, 29.9019336 ], [ 78.10392, 29.9011317 ], [ 78.1030392, 29.9006809 ], [ 78.1045645, 29.8990508 ], [ 78.103919, 29.8987671 ], [ 78.1031771, 29.8993065 ], [ 78.1033635, 29.8996741 ], [ 78.1028894, 29.899836 ], [ 78.1026708, 29.9004196 ], [ 78.1001869, 29.9017912 ], [ 78.100425, 29.902205 ], [ 78.0996487, 29.9027136 ], [ 78.09921, 29.9017188 ], [ 78.0984535, 29.9020754 ], [ 78.0988886, 29.9032985 ], [ 78.0957453, 29.9021348 ], [ 78.0939702, 29.900599 ], [ 78.0936886, 29.9007327 ], [ 78.0918375, 29.9029642 ], [ 78.090667, 29.9052341 ], [ 78.090253, 29.9048943 ], [ 78.0893937, 29.9028744 ], [ 78.0861687, 29.9047166 ], [ 78.0839412, 29.9030764 ], [ 78.0834526, 29.9019288 ], [ 78.0796584, 29.8999577 ], [ 78.0786347, 29.8984128 ], [ 78.074316, 29.9024095 ], [ 78.072697, 29.9051187 ], [ 78.0719061, 29.9086888 ], [ 78.0712077, 29.9102807 ], [ 78.071584, 29.9106853 ], [ 78.071212, 29.9119492 ], [ 78.0749925, 29.9139892 ], [ 78.077434, 29.9164146 ], [ 78.0785555, 29.9161478 ], [ 78.080609, 29.9150116 ], [ 78.0829376, 29.9148725 ], [ 78.0833921, 29.9151714 ], [ 78.0841436, 29.9170345 ], [ 78.0848419, 29.917403 ], [ 78.0845843, 29.9182204 ], [ 78.0897067, 29.9205087 ], [ 78.1013523, 29.919538 ], [ 78.1036762, 29.9190134 ], [ 78.1091653, 29.9191059 ], [ 78.1162921, 29.9201299 ], [ 78.1233363, 29.922322 ], [ 78.1224686, 29.9204702 ] ] ] } },
{ "type": "Feature", "properties": { "gp_code": "", "gp_name": "", "blkname": "BAHADRABAD", "dtname": "Haridwar", "SHAPE_Area": 24429574.615573693 }, "geometry": { "type": "Polygon", "coordinates": [ [ [ 78.1288858, 29.9423017 ], [ 78.1290193, 29.9402647 ], [ 78.1304287, 29.9395784 ], [ 78.1304964, 29.9390588 ], [ 78.1299431, 29.9335457 ], [ 78.1262079, 29.9313249 ], [ 78.1245028, 29.9327799 ], [ 78.123405, 29.9324636 ], [ 78.1220723, 29.9334557 ], [ 78.1218999, 29.9331738 ], [ 78.1211392, 29.9335428 ], [ 78.1205651, 29.9332563 ], [ 78.1207009, 29.932782 ], [ 78.1196364, 29.932 ], [ 78.1201267, 29.9314599 ], [ 78.1194578, 29.9310743 ], [ 78.1182025, 29.9312092 ], [ 78.1176784, 29.930811 ], [ 78.1125348, 29.9320043 ], [ 78.1007702, 29.9322377 ], [ 78.0954453, 29.9254264 ], [ 78.0897067, 29.9205087 ], [ 78.0845843, 29.9182204 ], [ 78.0848419, 29.917403 ], [ 78.0841436, 29.9170345 ], [ 78.0833921, 29.9151714 ], [ 78.0829376, 29.9148725 ], [ 78.080609, 29.9150116 ], [ 78.0785555, 29.9161478 ], [ 78.077434, 29.9164146 ], [ 78.0749925, 29.9139892 ], [ 78.0714249, 29.9121333 ], [ 78.0693432, 29.9098226 ], [ 78.0670495, 29.9117329 ], [ 78.0637222, 29.9156474 ], [ 78.0613488, 29.917061 ], [ 78.0611061, 29.9186443 ], [ 78.0602185, 29.9208044 ], [ 78.0634381, 29.9248276 ], [ 78.0644216, 29.9248621 ], [ 78.0662629, 29.9284968 ], [ 78.0670036, 29.9291239 ], [ 78.067229, 29.9307473 ], [ 78.0711229, 29.9328405 ], [ 78.0715585, 29.9336196 ], [ 78.0724656, 29.9419113 ], [ 78.0710333, 29.9484739 ], [ 78.0780028, 29.9480304 ], [ 78.0780094, 29.9526412 ], [ 78.0788598, 29.9533701 ], [ 78.0826005, 29.9547975 ], [ 78.0841101, 29.9590969 ], [ 78.0823942, 29.9612746 ], [ 78.0818754, 29.9625185 ], [ 78.0820554, 29.9654605 ], [ 78.102143, 29.953594 ], [ 78.1029072, 29.9546226 ], [ 78.1106221, 29.9506414 ], [ 78.1158653, 29.949078 ], [ 78.1165646, 29.9492629 ], [ 78.1178657, 29.9478506 ], [ 78.1207682, 29.9463007 ], [ 78.1236695, 29.9454553 ], [ 78.1288858, 29.9423017 ] ] ] } },
{ "type": "Feature", "properties": { "gp_code": "23333", "gp_name": "RAWALI MAHDOOD", "blkname": "BAHADRABAD", "dtname": "Haridwar", "SHAPE_Area": 7499877.8262060676 }, "geometry": { "type": "Polygon", "coordinates": [ [ [ 78.0820554, 29.9654605 ], [ 78.0818754, 29.9625185 ], [ 78.0823942, 29.9612746 ], [ 78.0841101, 29.9590969 ], [ 78.0826005, 29.9547975 ], [ 78.0788598, 29.9533701 ], [ 78.0780094, 29.9526412 ], [ 78.0780028, 29.9480304 ], [ 78.0710333, 29.9484739 ], [ 78.0724656, 29.9419113 ], [ 78.0718893, 29.9384703 ], [ 78.0717168, 29.9346062 ], [ 78.0711229, 29.9328405 ], [ 78.067229, 29.9307473 ], [ 78.0595112, 29.9319451 ], [ 78.054698, 29.9328512 ], [ 78.0537507, 29.93328 ], [ 78.0557937, 29.9357104 ], [ 78.058059, 29.9375491 ], [ 78.0565515, 29.9410177 ], [ 78.0541018, 29.942152 ], [ 78.0548106, 29.9426951 ], [ 78.057317, 29.9465267 ], [ 78.0590592, 29.949897 ], [ 78.0606042, 29.951488 ], [ 78.0653212, 29.9547877 ], [ 78.0665438, 29.9562333 ], [ 78.0672901, 29.9578343 ], [ 78.0690618, 29.9590819 ], [ 78.0730059, 29.9639364 ], [ 78.0736556, 29.9653711 ], [ 78.0743887, 29.9658162 ], [ 78.0757048, 29.9676401 ], [ 78.077111, 29.9688742 ], [ 78.0820554, 29.9654605 ] ] ] } },
{ "type": "Feature", "properties": { "gp_code": "", "gp_name": "", "blkname": "BAHADRABAD", "dtname": "Haridwar", "SHAPE_Area": 27721453.120692175 }, "geometry": { "type": "Polygon", "coordinates": [ [ [ 78.077111, 29.9688742 ], [ 78.0757048, 29.9676401 ], [ 78.0743887, 29.9658162 ], [ 78.0736556, 29.9653711 ], [ 78.0730059, 29.9639364 ], [ 78.0690618, 29.9590819 ], [ 78.0672901, 29.9578343 ], [ 78.0665438, 29.9562333 ], [ 78.0653212, 29.9547877 ], [ 78.0606042, 29.951488 ], [ 78.0590592, 29.949897 ], [ 78.057317, 29.9465267 ], [ 78.0548106, 29.9426951 ], [ 78.0541018, 29.942152 ], [ 78.0565515, 29.9410177 ], [ 78.058059, 29.9375491 ], [ 78.0557937, 29.9357104 ], [ 78.0530965, 29.9328176 ], [ 78.0524682, 29.9328859 ], [ 78.0520063, 29.9323492 ], [ 78.0495412, 29.9318037 ], [ 78.0484064, 29.9319569 ], [ 78.046453, 29.9331927 ], [ 78.0452505, 29.9332238 ], [ 78.0444685, 29.9325565 ], [ 78.0404391, 29.9339652 ], [ 78.0368493, 29.9356599 ], [ 78.0357836, 29.9358444 ], [ 78.0352211, 29.9350633 ], [ 78.034192, 29.9351419 ], [ 78.0335582, 29.9344662 ], [ 78.0338754, 29.9342424 ], [ 78.0333788, 29.933705 ], [ 78.03294, 29.9339122 ], [ 78.0317854, 29.9331238 ], [ 78.0315624, 29.9334475 ], [ 78.0307026, 29.9327539 ], [ 78.0259609, 29.9318612 ], [ 78.0248636, 29.9313089 ], [ 78.0235868, 29.9294564 ], [ 78.0178255, 29.9305611 ], [ 78.0171128, 29.9347992 ], [ 78.0147827, 29.9367423 ], [ 78.0204419, 29.9431722 ], [ 78.0238874, 29.9441129 ], [ 78.0245132, 29.9450661 ], [ 78.0246677, 29.9455377 ], [ 78.0241412, 29.9458505 ], [ 78.0237287, 29.9509019 ], [ 78.0248374, 29.9516339 ], [ 78.0291568, 29.9566739 ], [ 78.0292611, 29.9573184 ], [ 78.0304959, 29.9582684 ], [ 78.0334259, 29.9587586 ], [ 78.0355315, 29.9612887 ], [ 78.0397052, 29.9647961 ], [ 78.046319, 29.9714686 ], [ 78.0418906, 29.9764931 ], [ 78.029146, 29.9824197 ], [ 78.0232483, 29.9856657 ], [ 78.0255164, 29.9880913 ], [ 78.0282274, 29.9896671 ], [ 78.0325102, 29.9915609 ], [ 78.034538, 29.9934822 ], [ 78.0349406, 29.9933224 ], [ 78.0432108, 29.9962662 ], [ 78.0485645, 29.9886507 ], [ 78.0548925, 29.9845396 ], [ 78.077111, 29.9688742 ] ] ] } },
{ "type": "Feature", "properties": { "gp_code": "23288", "gp_name": "AANNEKI HETAMPUR", "blkname": "BAHADRABAD", "dtname": "Haridwar", "SHAPE_Area": 10418945.361707984 }, "geometry": { "type": "Polygon", "coordinates": [ [ [ 78.0282274, 29.9896671 ], [ 78.0255164, 29.9880913 ], [ 78.0232483, 29.9856657 ], [ 78.029146, 29.9824197 ], [ 78.0418906, 29.9764931 ], [ 78.046319, 29.9714686 ], [ 78.0397052, 29.9647961 ], [ 78.0355315, 29.9612887 ], [ 78.0337033, 29.9589936 ], [ 78.0323685, 29.9584284 ], [ 78.0302896, 29.9581457 ], [ 78.0292611, 29.9573184 ], [ 78.0291568, 29.9566739 ], [ 78.0270152, 29.9544518 ], [ 78.0262984, 29.9549749 ], [ 78.0225319, 29.955984 ], [ 78.0193577, 29.9590074 ], [ 78.0166496, 29.9628426 ], [ 78.0128312, 29.9644598 ], [ 78.0110298, 29.9656813 ], [ 78.0147016, 29.9686256 ], [ 78.015856, 29.9689333 ], [ 78.0171968, 29.9704162 ], [ 78.0173586, 29.9707183 ], [ 78.0157209, 29.972139 ], [ 78.0162383, 29.9730029 ], [ 78.0078661, 29.9785431 ], [ 78.0046674, 29.9759994 ], [ 78.0039322, 29.9763677 ], [ 78.0037787, 29.9774698 ], [ 78.0053654, 29.9804649 ], [ 78.0071146, 29.9824414 ], [ 78.0095916, 29.9845126 ], [ 78.0101079, 29.9854451 ], [ 78.0139071, 29.9843513 ], [ 78.0186258, 29.9845187 ], [ 78.0200416, 29.985613 ], [ 78.0211756, 29.9871359 ], [ 78.0210274, 29.9875388 ], [ 78.0225046, 29.9905167 ], [ 78.023529, 29.9903028 ], [ 78.0250128, 29.9907976 ], [ 78.0262284, 29.9901024 ], [ 78.0282274, 29.9896671 ] ] ] } },
{ "type": "Feature", "properties": { "gp_code": "23290", "gp_name": "AURANGABAD", "blkname": "BAHADRABAD", "dtname": "Haridwar", "SHAPE_Area": 10360013.991649901 }, "geometry": { "type": "Polygon", "coordinates": [ [ [ 78.0383111, 29.9944189 ], [ 78.0349406, 29.9933224 ], [ 78.034538, 29.9934822 ], [ 78.0327165, 29.9916869 ], [ 78.0284272, 29.9896764 ], [ 78.0262284, 29.9901024 ], [ 78.0250128, 29.9907976 ], [ 78.023529, 29.9903028 ], [ 78.0225046, 29.9905167 ], [ 78.0210274, 29.9875388 ], [ 78.0211756, 29.9871359 ], [ 78.0189577, 29.984612 ], [ 78.0139071, 29.9843513 ], [ 78.0101079, 29.9854451 ], [ 78.0095916, 29.9845126 ], [ 78.0071146, 29.9824414 ], [ 78.0053654, 29.9804649 ], [ 78.0037787, 29.9774698 ], [ 78.0002212, 29.9797069 ], [ 77.9958834, 29.9830734 ], [ 77.993336, 29.9844381 ], [ 77.9927932, 29.9843899 ], [ 77.9911871, 29.9832129 ], [ 77.990289, 29.9792785 ], [ 77.9894788, 29.9777473 ], [ 77.9887128, 29.9773359 ], [ 77.9845401, 29.9765536 ], [ 77.9816997, 29.9739644 ], [ 77.9814296, 29.9739826 ], [ 77.9811098, 29.9768549 ], [ 77.9824435, 29.9796891 ], [ 77.9819988, 29.9805167 ], [ 77.9778438, 29.9844798 ], [ 77.9745767, 29.9901056 ], [ 77.9814005, 29.9883712 ], [ 77.9941605, 29.986843 ], [ 77.9979751, 29.9896189 ], [ 78.0004839, 29.9907648 ], [ 77.9996948, 29.9930929 ], [ 78.0026836, 29.9958631 ], [ 78.0053293, 29.9964536 ], [ 78.0061353, 29.9973814 ], [ 78.0072844, 29.9976187 ], [ 78.0074569, 29.9984728 ], [ 78.0091138, 29.9995256 ], [ 78.0102655, 29.9969363 ], [ 78.0114941, 29.997658 ], [ 78.0138122, 29.9983559 ], [ 78.0129887, 29.9995831 ], [ 78.0142319, 29.9999374 ], [ 78.01476, 30.001258 ], [ 78.019493, 30.0076296 ], [ 78.0282936, 30.0052958 ], [ 78.0320295, 30.0051392 ], [ 78.0331347, 30.003772 ], [ 78.0344658, 30.0027949 ], [ 78.0317389, 30.0015495 ], [ 78.0308851, 29.9997733 ], [ 78.0325599, 29.9968982 ], [ 78.0383111, 29.9944189 ] ] ] } },
{ "type": "Feature", "properties": { "gp_code": "", "gp_name": "", "blkname": "BAHADRABAD", "dtname": "Haridwar", "SHAPE_Area": 1272809.5446531898 }, "geometry": { "type": "Polygon", "coordinates": [ [ [ 77.9849629, 29.9994469 ], [ 77.9866329, 29.9972033 ], [ 77.9839364, 29.9942239 ], [ 77.9805033, 29.9941273 ], [ 77.9745767, 29.9901056 ], [ 77.9723198, 29.9930504 ], [ 77.9729863, 29.9937742 ], [ 77.9714238, 29.9955057 ], [ 77.9725693, 29.9968832 ], [ 77.9729222, 29.9985911 ], [ 77.9748754, 29.9995231 ], [ 77.9773496, 29.999484 ], [ 77.9797021, 29.9988337 ], [ 77.9797387, 29.9992495 ], [ 77.9786163, 30.0003496 ], [ 77.9792285, 30.0012633 ], [ 77.9801242, 30.0008591 ], [ 77.9812511, 29.9996839 ], [ 77.9849629, 29.9994469 ] ] ] } },
{ "type": "Feature", "properties": { "gp_code": "23342", "gp_name": "SHIVDASPUR URF TELIWALA", "blkname": "BAHADRABAD", "dtname": "Haridwar", "SHAPE_Area": 11521002.363623424 }, "geometry": { "type": "Polygon", "coordinates": [ [ [ 77.9723198, 29.9930504 ], [ 77.9778438, 29.9844798 ], [ 77.9819988, 29.9805167 ], [ 77.9824435, 29.9796891 ], [ 77.9811098, 29.9768549 ], [ 77.9814296, 29.9739826 ], [ 77.9836561, 29.9712046 ], [ 77.9839949, 29.9694692 ], [ 77.983831, 29.9680249 ], [ 77.9832099, 29.9668693 ], [ 77.9851148, 29.9642146 ], [ 77.9817369, 29.9604509 ], [ 77.9819785, 29.957002 ], [ 77.9831726, 29.955873 ], [ 77.9767199, 29.9499492 ], [ 77.9779893, 29.9489457 ], [ 77.9765124, 29.947856 ], [ 77.9749909, 29.9456959 ], [ 77.9756471, 29.9449578 ], [ 77.9754487, 29.9427571 ], [ 77.9730714, 29.9464988 ], [ 77.9722201, 29.9485057 ], [ 77.970626, 29.9527587 ], [ 77.9711503, 29.9531289 ], [ 77.9700088, 29.9533786 ], [ 77.9675436, 29.9530959 ], [ 77.9656427, 29.9544897 ], [ 77.9640828, 29.9575335 ], [ 77.9643723, 29.9587052 ], [ 77.9555746, 29.9686396 ], [ 77.9532377, 29.9718423 ], [ 77.9594254, 29.9750385 ], [ 77.9603535, 29.979641 ], [ 77.9622456, 29.9858141 ], [ 77.9660331, 29.9874421 ], [ 77.9679075, 29.987849 ], [ 77.9685705, 29.9885922 ], [ 77.9685995, 29.989368 ], [ 77.9699082, 29.9902386 ], [ 77.9708415, 29.991719 ], [ 77.9723198, 29.9930504 ] ] ] } },
{ "type": "Feature", "properties": { "gp_code": "23305", "gp_name": "GARH", "blkname": "BAHADRABAD", "dtname": "Haridwar", "SHAPE_Area": 7172671.6440970041 }, "geometry": { "type": "Polygon", "coordinates": [ [ [ 77.9936742, 29.9497433 ], [ 77.9952291, 29.9505362 ], [ 77.9959282, 29.9497289 ], [ 77.9965904, 29.9494846 ], [ 77.9975197, 29.9503287 ], [ 77.9980583, 29.9513846 ], [ 77.9988998, 29.9503961 ], [ 78.0012598, 29.9497534 ], [ 78.0040195, 29.9484563 ], [ 78.0045476, 29.9496622 ], [ 78.0057855, 29.9506571 ], [ 78.0068844, 29.9509279 ], [ 78.0082748, 29.949542 ], [ 78.0111331, 29.9489458 ], [ 78.0115005, 29.9486316 ], [ 78.0104037, 29.9466096 ], [ 78.0087092, 29.9451 ], [ 78.0086911, 29.9427075 ], [ 78.0061328, 29.9388416 ], [ 78.0076406, 29.9378452 ], [ 78.0075244, 29.9318585 ], [ 78.0048277, 29.9372867 ], [ 78.003805, 29.9373571 ], [ 78.0033231, 29.9351563 ], [ 77.9996741, 29.9358942 ], [ 77.9983799, 29.9341852 ], [ 77.9949109, 29.9350632 ], [ 77.9917705, 29.9365216 ], [ 77.991052, 29.934903 ], [ 77.9894212, 29.9325432 ], [ 77.985799, 29.9341725 ], [ 77.983917, 29.9367234 ], [ 77.9825339, 29.9374186 ], [ 77.9800706, 29.9396629 ], [ 77.9785252, 29.9418995 ], [ 77.9754487, 29.9427571 ], [ 77.9756471, 29.9449578 ], [ 77.9749909, 29.9456959 ], [ 77.9765124, 29.947856 ], [ 77.9779893, 29.9489457 ], [ 77.9767199, 29.9499492 ], [ 77.9831726, 29.955873 ], [ 77.9914773, 29.9520933 ], [ 77.992581, 29.9501428 ], [ 77.9936742, 29.9497433 ] ] ] } },
{ "type": "Feature", "properties": { "gp_code": "23319", "gp_name": "MEERPUR MUWAZPUR", "blkname": "BAHADRABAD", "dtname": "Haridwar", "SHAPE_Area": 9829357.7138473 }, "geometry": { "type": "Polygon", "coordinates": [ [ [ 77.9958834, 29.9830734 ], [ 78.0037787, 29.9774698 ], [ 78.0039322, 29.9763677 ], [ 78.0046674, 29.9759994 ], [ 78.0078661, 29.9785431 ], [ 78.0162383, 29.9730029 ], [ 78.0157209, 29.972139 ], [ 78.0173586, 29.9707183 ], [ 78.015856, 29.9689333 ], [ 78.0147016, 29.9686256 ], [ 78.0119476, 29.9662672 ], [ 78.0090684, 29.9645126 ], [ 78.0080159, 29.9628445 ], [ 78.0048377, 29.9608624 ], [ 78.0029683, 29.9605114 ], [ 78.0022093, 29.9599157 ], [ 78.0019381, 29.9595565 ], [ 78.0026309, 29.9593237 ], [ 77.9996134, 29.9535379 ], [ 77.9984309, 29.9532332 ], [ 77.9978409, 29.9536699 ], [ 77.996637, 29.9527512 ], [ 77.9969385, 29.9508212 ], [ 77.9962845, 29.9495198 ], [ 77.9952291, 29.9505362 ], [ 77.9936742, 29.9497433 ], [ 77.992581, 29.9501428 ], [ 77.9914773, 29.9520933 ], [ 77.9845997, 29.9550563 ], [ 77.9819785, 29.957002 ], [ 77.9817369, 29.9604509 ], [ 77.9851148, 29.9642146 ], [ 77.9832099, 29.9668693 ], [ 77.983831, 29.9680249 ], [ 77.9839949, 29.9694692 ], [ 77.9836561, 29.9712046 ], [ 77.9814296, 29.9739826 ], [ 77.9845401, 29.9765536 ], [ 77.9887128, 29.9773359 ], [ 77.9894788, 29.9777473 ], [ 77.990289, 29.9792785 ], [ 77.9911871, 29.9832129 ], [ 77.9927932, 29.9843899 ], [ 77.993336, 29.9844381 ], [ 77.9958834, 29.9830734 ] ] ] } },
{ "type": "Feature", "properties": { "gp_code": "23406", "gp_name": "GORDHANPUR", "blkname": "BAHADRABAD", "dtname": "Haridwar", "SHAPE_Area": 636353.77306171355 }, "geometry": { "type": "Polygon", "coordinates": [ [ [ 78.0027382, 29.9540694 ], [ 78.0068844, 29.9509279 ], [ 78.0057855, 29.9506571 ], [ 78.0045476, 29.9496622 ], [ 78.0040195, 29.9484563 ], [ 78.0012598, 29.9497534 ], [ 77.9988998, 29.9503961 ], [ 77.9980583, 29.9513846 ], [ 77.9969191, 29.9496577 ], [ 77.9962845, 29.9495198 ], [ 77.9969385, 29.9508212 ], [ 77.996637, 29.9527512 ], [ 77.9978409, 29.9536699 ], [ 77.9984309, 29.9532332 ], [ 77.9996134, 29.9535379 ], [ 78.0026309, 29.9593237 ], [ 78.0019381, 29.9595565 ], [ 78.0029683, 29.9605114 ], [ 78.0048377, 29.9608624 ], [ 78.0037717, 29.9595364 ], [ 78.002335, 29.954835 ], [ 78.0027382, 29.9540694 ] ] ] } },
{ "type": "Feature", "properties": { "gp_code": "23328", "gp_name": "PURANPUR SALHAPUR", "blkname": "BAHADRABAD", "dtname": "Haridwar", "SHAPE_Area": 4362182.2970008431 }, "geometry": { "type": "Polygon", "coordinates": [ [ [ 78.0270152, 29.9544518 ], [ 78.0248374, 29.9516339 ], [ 78.0237287, 29.9509019 ], [ 78.0241412, 29.9458505 ], [ 78.0246677, 29.9455377 ], [ 78.0238874, 29.9441129 ], [ 78.0216865, 29.943382 ], [ 78.0182303, 29.9431298 ], [ 78.0183243, 29.9438553 ], [ 78.0151899, 29.9464188 ], [ 78.0111331, 29.9489458 ], [ 78.0082748, 29.949542 ], [ 78.005268, 29.9522778 ], [ 78.0030415, 29.9537605 ], [ 78.002335, 29.954835 ], [ 78.0029764, 29.957328 ], [ 78.004133, 29.9600358 ], [ 78.0048377, 29.9608624 ], [ 78.0080159, 29.9628445 ], [ 78.0090684, 29.9645126 ], [ 78.0110298, 29.9656813 ], [ 78.0128312, 29.9644598 ], [ 78.0166496, 29.9628426 ], [ 78.0193577, 29.9590074 ], [ 78.0225319, 29.955984 ], [ 78.0262984, 29.9549749 ], [ 78.0270152, 29.9544518 ] ] ] } },
{ "type": "Feature", "properties": { "gp_code": "", "gp_name": "", "blkname": "BAHADRABAD", "dtname": "Haridwar", "SHAPE_Area": 1326360.3176406571 }, "geometry": { "type": "Polygon", "coordinates": [ [ [ 78.0204419, 29.9431722 ], [ 78.0149279, 29.9369195 ], [ 78.0076406, 29.9378452 ], [ 78.0061328, 29.9388416 ], [ 78.0086911, 29.9427075 ], [ 78.0087092, 29.9451 ], [ 78.0104037, 29.9466096 ], [ 78.0115005, 29.9486316 ], [ 78.0151899, 29.9464188 ], [ 78.0183243, 29.9438553 ], [ 78.0182303, 29.9431298 ], [ 78.0204419, 29.9431722 ] ] ] } },
{ "type": "Feature", "properties": { "gp_code": "23315", "gp_name": "KHELDI", "blkname": "BAHADRABAD", "dtname": "Haridwar", "SHAPE_Area": 4479488.6346749077 }, "geometry": { "type": "Polygon", "coordinates": [ [ [ 78.0200804, 29.9222023 ], [ 78.0178707, 29.9204219 ], [ 78.0167837, 29.9208488 ], [ 78.0142479, 29.9182367 ], [ 78.0083252, 29.9131313 ], [ 78.0046508, 29.9159051 ], [ 78.0039184, 29.9148752 ], [ 77.9980799, 29.9167202 ], [ 78.0038627, 29.9250117 ], [ 78.0075244, 29.9318585 ], [ 78.0076406, 29.9378452 ], [ 78.0149279, 29.9369195 ], [ 78.0147827, 29.9367423 ], [ 78.0171128, 29.9347992 ], [ 78.0178255, 29.9305611 ], [ 78.0235868, 29.9294564 ], [ 78.0218396, 29.9270743 ], [ 78.0209685, 29.9243842 ], [ 78.0212336, 29.9241445 ], [ 78.0206747, 29.9231509 ], [ 78.0200804, 29.9222023 ] ] ] } },
{ "type": "Feature", "properties": { "gp_code": "23530", "gp_name": "BAHADARPUR SAINI", "blkname": "ROORKEE", "dtname": "Haridwar", "SHAPE_Area": 2938508.3512426391 }, "geometry": { "type": "Polygon", "coordinates": [ [ [ 77.9919225, 29.925723 ], [ 77.9982436, 29.9248478 ], [ 77.9984531, 29.9199283 ], [ 77.999234, 29.9181885 ], [ 77.9980799, 29.9167202 ], [ 78.0039184, 29.9148752 ], [ 78.0046508, 29.9159051 ], [ 78.0083252, 29.9131313 ], [ 78.0094663, 29.9141543 ], [ 78.0101505, 29.913118 ], [ 78.0023852, 29.9074076 ], [ 78.0013332, 29.9084662 ], [ 78.0020777, 29.9092569 ], [ 78.000219, 29.9100686 ], [ 77.9994804, 29.9094524 ], [ 77.9985748, 29.9100872 ], [ 77.9971121, 29.9083708 ], [ 77.9920891, 29.9123423 ], [ 77.991166, 29.9129258 ], [ 77.9908097, 29.9124274 ], [ 77.990526, 29.9125517 ], [ 77.9864206, 29.9159433 ], [ 77.9870558, 29.9165805 ], [ 77.9858443, 29.9192945 ], [ 77.9884258, 29.9206796 ], [ 77.9901519, 29.9240623 ], [ 77.9919225, 29.925723 ] ] ] } },
{ "type": "Feature", "properties": { "gp_code": "23539", "gp_name": "DAULATPUR", "blkname": "ROORKEE", "dtname": "Haridwar", "SHAPE_Area": 8837995.2165533956 }, "geometry": { "type": "Polygon", "coordinates": [ [ [ 77.9800706, 29.9396629 ], [ 77.9825339, 29.9374186 ], [ 77.983917, 29.9367234 ], [ 77.985799, 29.9341725 ], [ 77.9894212, 29.9325432 ], [ 77.991052, 29.934903 ], [ 77.9917705, 29.9365216 ], [ 77.9949109, 29.9350632 ], [ 77.9983799, 29.9341852 ], [ 77.9996741, 29.9358942 ], [ 78.0033231, 29.9351563 ], [ 78.003805, 29.9373571 ], [ 78.0048277, 29.9372867 ], [ 78.0075244, 29.9318585 ], [ 78.0038627, 29.9250117 ], [ 77.999234, 29.9181885 ], [ 77.9984531, 29.9199283 ], [ 77.9982436, 29.9248478 ], [ 77.9975929, 29.9250318 ], [ 77.9919225, 29.925723 ], [ 77.9901519, 29.9240623 ], [ 77.9888991, 29.9213561 ], [ 77.9880368, 29.9204148 ], [ 77.9849433, 29.9191066 ], [ 77.979621, 29.9186608 ], [ 77.9782007, 29.9195969 ], [ 77.9758429, 29.9218657 ], [ 77.9747031, 29.9220635 ], [ 77.9705324, 29.9239482 ], [ 77.964898, 29.9274874 ], [ 77.9630779, 29.9271301 ], [ 77.9615983, 29.9282627 ], [ 77.9617143, 29.9289684 ], [ 77.9611155, 29.9313113 ], [ 77.9617865, 29.9317799 ], [ 77.9618033, 29.9330521 ], [ 77.9642838, 29.9346169 ], [ 77.965503, 29.9349708 ], [ 77.9691925, 29.937442 ], [ 77.9699094, 29.9392666 ], [ 77.9702375, 29.9391044 ], [ 77.9709105, 29.9399325 ], [ 77.9725773, 29.9406569 ], [ 77.9729737, 29.9411483 ], [ 77.9741821, 29.941364 ], [ 77.9743636, 29.9419328 ], [ 77.9754487, 29.9427571 ], [ 77.9785252, 29.9418995 ], [ 77.9800706, 29.9396629 ] ] ] } },
{ "type": "Feature", "properties": { "gp_code": "23560", "gp_name": "MOOLDASPUR", "blkname": "ROORKEE", "dtname": "Haridwar", "SHAPE_Area": 4843205.6529905349 }, "geometry": { "type": "Polygon", "coordinates": [ [ [ 77.9615983, 29.9282627 ], [ 77.9630779, 29.9271301 ], [ 77.964898, 29.9274874 ], [ 77.9705324, 29.9239482 ], [ 77.9747031, 29.9220635 ], [ 77.9758429, 29.9218657 ], [ 77.9782007, 29.9195969 ], [ 77.979621, 29.9186608 ], [ 77.9786468, 29.9165859 ], [ 77.9787812, 29.9157248 ], [ 77.9794357, 29.9150511 ], [ 77.978437, 29.9133193 ], [ 77.9755842, 29.9113211 ], [ 77.9718828, 29.9068979 ], [ 77.9674917, 29.9033938 ], [ 77.9649547, 29.9004067 ], [ 77.9634372, 29.9013279 ], [ 77.963922, 29.9023995 ], [ 77.9625913, 29.9039415 ], [ 77.9622295, 29.9038422 ], [ 77.9613147, 29.9052134 ], [ 77.9624788, 29.9067611 ], [ 77.9628735, 29.9082831 ], [ 77.9629268, 29.9092933 ], [ 77.9606452, 29.910929 ], [ 77.9623004, 29.9140354 ], [ 77.9619986, 29.9150098 ], [ 77.956883, 29.92176 ], [ 77.9577329, 29.9245223 ], [ 77.9598242, 29.926767 ], [ 77.9610422, 29.9269996 ], [ 77.9615983, 29.9282627 ] ] ] } },
{ "type": "Feature", "properties": { "gp_code": "23537", "gp_name": "BHARAPUR", "blkname": "ROORKEE", "dtname": "Haridwar", "SHAPE_Area": 3775602.3581504202 }, "geometry": { "type": "Polygon", "coordinates": [ [ [ 77.9718408, 29.8929167 ], [ 77.9765037, 29.8887601 ], [ 77.977829, 29.8898237 ], [ 77.9788554, 29.8891582 ], [ 77.9794229, 29.8895681 ], [ 77.9802014, 29.8889363 ], [ 77.974873, 29.8841473 ], [ 77.9724975, 29.8827177 ], [ 77.9707763, 29.8821695 ], [ 77.9695365, 29.8784671 ], [ 77.9675687, 29.8754358 ], [ 77.9668053, 29.8763575 ], [ 77.957009, 29.8825956 ], [ 77.9627125, 29.8882669 ], [ 77.9601225, 29.8893611 ], [ 77.9590312, 29.8928478 ], [ 77.9596541, 29.8930116 ], [ 77.9632663, 29.8989746 ], [ 77.9649547, 29.9004067 ], [ 77.9650586, 29.8997468 ], [ 77.9693443, 29.895988 ], [ 77.9728379, 29.8936941 ], [ 77.9718408, 29.8929167 ] ] ] } },
{ "type": "Feature", "properties": { "gp_code": "23538", "gp_name": "BHAUNRI", "blkname": "ROORKEE", "dtname": "Haridwar", "SHAPE_Area": 12264280.525584109 }, "geometry": { "type": "Polygon", "coordinates": [ [ [ 77.9914467, 29.8977695 ], [ 77.9924125, 29.8982905 ], [ 77.9942831, 29.897173 ], [ 77.9955632, 29.8979306 ], [ 77.9986906, 29.8983904 ], [ 78.001334, 29.8966329 ], [ 78.0024894, 29.8962528 ], [ 78.0043813, 29.8966099 ], [ 78.0067001, 29.8942719 ], [ 78.0103856, 29.8919293 ], [ 78.014235, 29.8940717 ], [ 78.0171786, 29.8915887 ], [ 78.0167564, 29.8908919 ], [ 78.0165975, 29.889339 ], [ 78.0169053, 29.8885157 ], [ 78.0174622, 29.8882124 ], [ 78.0177282, 29.8869393 ], [ 78.0171422, 29.8865079 ], [ 78.0159691, 29.8844507 ], [ 78.0100123, 29.8778067 ], [ 78.0048054, 29.870376 ], [ 78.0042989, 29.8694746 ], [ 78.0048369, 29.8675063 ], [ 78.0038939, 29.8665139 ], [ 78.0025156, 29.8665992 ], [ 78.0001333, 29.8678317 ], [ 77.99846, 29.8669199 ], [ 77.9942289, 29.8741946 ], [ 77.9899894, 29.878947 ], [ 77.9873927, 29.8771126 ], [ 77.9852902, 29.8739735 ], [ 77.9797394, 29.8781716 ], [ 77.9781978, 29.8763584 ], [ 77.9756063, 29.875217 ], [ 77.9755804, 29.8744339 ], [ 77.9731298, 29.8742631 ], [ 77.9722321, 29.8721364 ], [ 77.9727633, 29.8719869 ], [ 77.9724844, 29.8713734 ], [ 77.968406, 29.8712172 ], [ 77.9675687, 29.8754358 ], [ 77.9695365, 29.8784671 ], [ 77.9707763, 29.8821695 ], [ 77.9724975, 29.8827177 ], [ 77.974873, 29.8841473 ], [ 77.9810845, 29.8896558 ], [ 77.9813681, 29.8898116 ], [ 77.9820871, 29.889101 ], [ 77.9828578, 29.8897527 ], [ 77.9851927, 29.8919203 ], [ 77.9843949, 29.8931115 ], [ 77.9886474, 29.8976039 ], [ 77.9898342, 29.897958 ], [ 77.9904451, 29.8986819 ], [ 77.9914467, 29.8977695 ] ] ] } },
{ "type": "Feature", "properties": { "gp_code": "23529", "gp_name": "BADHEDHI RAJPUTAN", "blkname": "ROORKEE", "dtname": "Haridwar", "SHAPE_Area": 11120267.667507663 }, "geometry": { "type": "Polygon", "coordinates": [ [ [ 77.9864206, 29.9159433 ], [ 77.9908097, 29.9124274 ], [ 77.991166, 29.9129258 ], [ 77.9920891, 29.9123423 ], [ 77.9971121, 29.9083708 ], [ 77.9985748, 29.9100872 ], [ 77.9994804, 29.9094524 ], [ 78.000219, 29.9100686 ], [ 78.0020777, 29.9092569 ], [ 78.0013332, 29.9084662 ], [ 78.003308, 29.9067661 ], [ 78.0030061, 29.9060739 ], [ 78.0052317, 29.906131 ], [ 78.0055066, 29.9051373 ], [ 78.0059921, 29.9054282 ], [ 78.0073612, 29.9041393 ], [ 78.0076448, 29.9047067 ], [ 78.0140654, 29.9017824 ], [ 78.0164866, 29.9032187 ], [ 78.0184736, 29.9024478 ], [ 78.0179823, 29.8957585 ], [ 78.0173336, 29.8941896 ], [ 78.0177431, 29.8928455 ], [ 78.0171328, 29.8921467 ], [ 78.0171786, 29.8915887 ], [ 78.014235, 29.8940717 ], [ 78.0103856, 29.8919293 ], [ 78.0067001, 29.8942719 ], [ 78.0043813, 29.8966099 ], [ 78.0024894, 29.8962528 ], [ 78.001334, 29.8966329 ], [ 77.9986906, 29.8983904 ], [ 77.9955632, 29.8979306 ], [ 77.9942831, 29.897173 ], [ 77.9924125, 29.8982905 ], [ 77.9914467, 29.8977695 ], [ 77.9904451, 29.8986819 ], [ 77.9898342, 29.897958 ], [ 77.9886474, 29.8976039 ], [ 77.9843949, 29.8931115 ], [ 77.9851927, 29.8919203 ], [ 77.9820871, 29.889101 ], [ 77.9813681, 29.8898116 ], [ 77.9802014, 29.8889363 ], [ 77.9794229, 29.8895681 ], [ 77.9788554, 29.8891582 ], [ 77.977829, 29.8898237 ], [ 77.9765037, 29.8887601 ], [ 77.9741648, 29.8905303 ], [ 77.9718408, 29.8929167 ], [ 77.9728379, 29.8936941 ], [ 77.9693443, 29.895988 ], [ 77.9650586, 29.8997468 ], [ 77.9649547, 29.9004067 ], [ 77.9674917, 29.9033938 ], [ 77.9718828, 29.9068979 ], [ 77.9755842, 29.9113211 ], [ 77.978437, 29.9133193 ], [ 77.9794357, 29.9150511 ], [ 77.9787812, 29.9157248 ], [ 77.9786468, 29.9165859 ], [ 77.979621, 29.9186608 ], [ 77.9858443, 29.9192945 ], [ 77.9870558, 29.9165805 ], [ 77.9864206, 29.9159433 ] ] ] } },
{ "type": "Feature", "properties": { "gp_code": "23284", "gp_name": "AHMADPUR GRUNT", "blkname": "BAHADRABAD", "dtname": "Haridwar", "SHAPE_Area": 10937916.143494172 }, "geometry": { "type": "Polygon", "coordinates": [ [ [ 78.0200772, 29.8913667 ], [ 78.0277609, 29.8872816 ], [ 78.0312755, 29.8847362 ], [ 78.0315212, 29.8856955 ], [ 78.0320989, 29.8855053 ], [ 78.0325813, 29.8858299 ], [ 78.0373977, 29.8824349 ], [ 78.0404404, 29.8810676 ], [ 78.0426896, 29.8841461 ], [ 78.0422809, 29.8846574 ], [ 78.0442812, 29.8864348 ], [ 78.0441699, 29.8868586 ], [ 78.0448883, 29.8876718 ], [ 78.0450993, 29.8875377 ], [ 78.046755, 29.8890834 ], [ 78.0525442, 29.8862386 ], [ 78.0583707, 29.8843153 ], [ 78.0625613, 29.8823589 ], [ 78.0604958, 29.8807775 ], [ 78.0545449, 29.8749219 ], [ 78.0471723, 29.8730656 ], [ 78.0455996, 29.8729314 ], [ 78.0440002, 29.8716251 ], [ 78.0429157, 29.8702461 ], [ 78.0419585, 29.8698856 ], [ 78.0412859, 29.8670634 ], [ 78.0400295, 29.8653399 ], [ 78.0383509, 29.8640425 ], [ 78.0386709, 29.8624578 ], [ 78.03731, 29.8637205 ], [ 78.033338, 29.8662724 ], [ 78.0259906, 29.8690102 ], [ 78.0242732, 29.8687193 ], [ 78.0212946, 29.8700685 ], [ 78.0190462, 29.8675791 ], [ 78.0179038, 29.8667686 ], [ 78.0164547, 29.8647966 ], [ 78.0151229, 29.8673269 ], [ 78.0144933, 29.8712293 ], [ 78.0133555, 29.8736473 ], [ 78.0126827, 29.8770426 ], [ 78.0117543, 29.8795715 ], [ 78.0159691, 29.8844507 ], [ 78.0171422, 29.8865079 ], [ 78.0177282, 29.8869393 ], [ 78.0174622, 29.8882124 ], [ 78.0169053, 29.8885157 ], [ 78.0165975, 29.889339 ], [ 78.0167564, 29.8908919 ], [ 78.0171786, 29.8915887 ], [ 78.0179954, 29.890886 ], [ 78.0188765, 29.8923989 ], [ 78.0200772, 29.8913667 ] ] ] } },
{ "type": "Feature", "properties": { "gp_code": "23334", "gp_name": "RUHALKI KISHANPUR", "blkname": "BAHADRABAD", "dtname": "Haridwar", "SHAPE_Area": 9849935.0466895793 }, "geometry": { "type": "Polygon", "coordinates": [ [ [ 78.0599056, 29.9064407 ], [ 78.0573556, 29.903063 ], [ 78.0533789, 29.8963132 ], [ 78.0478912, 29.8937347 ], [ 78.0468999, 29.892015 ], [ 78.046755, 29.8890834 ], [ 78.0450993, 29.8875377 ], [ 78.0448883, 29.8876718 ], [ 78.0441699, 29.8868586 ], [ 78.0442812, 29.8864348 ], [ 78.0422809, 29.8846574 ], [ 78.0426896, 29.8841461 ], [ 78.0404404, 29.8810676 ], [ 78.0373977, 29.8824349 ], [ 78.0325813, 29.8858299 ], [ 78.0320989, 29.8855053 ], [ 78.0315212, 29.8856955 ], [ 78.0312755, 29.8847362 ], [ 78.0277609, 29.8872816 ], [ 78.0200772, 29.8913667 ], [ 78.0188765, 29.8923989 ], [ 78.0179954, 29.890886 ], [ 78.0171786, 29.8915887 ], [ 78.0171328, 29.8921467 ], [ 78.0177431, 29.8928455 ], [ 78.0173336, 29.8941896 ], [ 78.0179823, 29.8957585 ], [ 78.0182363, 29.9013578 ], [ 78.0274811, 29.9040763 ], [ 78.0319773, 29.9047995 ], [ 78.0329138, 29.9053535 ], [ 78.0350132, 29.9052836 ], [ 78.0380501, 29.9064208 ], [ 78.0392972, 29.9063053 ], [ 78.0408558, 29.9068869 ], [ 78.0413448, 29.9065864 ], [ 78.0449189, 29.9094786 ], [ 78.0462327, 29.9109617 ], [ 78.0484121, 29.9121792 ], [ 78.0553434, 29.9083414 ], [ 78.0599056, 29.9064407 ] ] ] } },
{ "type": "Feature", "properties": { "gp_code": "23289", "gp_name": "ATMALPUR BONGLA", "blkname": "BAHADRABAD", "dtname": "Haridwar", "SHAPE_Area": 8042282.5708299614 }, "geometry": { "type": "Polygon", "coordinates": [ [ [ 78.0206747, 29.9231509 ], [ 78.023682, 29.9208577 ], [ 78.0249159, 29.9221178 ], [ 78.0349056, 29.9177988 ], [ 78.0372092, 29.9189279 ], [ 78.0391431, 29.9179466 ], [ 78.042278, 29.9155051 ], [ 78.0433731, 29.9156611 ], [ 78.0452812, 29.9148907 ], [ 78.0484121, 29.9121792 ], [ 78.0462327, 29.9109617 ], [ 78.0449189, 29.9094786 ], [ 78.0413448, 29.9065864 ], [ 78.0408558, 29.9068869 ], [ 78.0392972, 29.9063053 ], [ 78.0380501, 29.9064208 ], [ 78.0350132, 29.9052836 ], [ 78.0329138, 29.9053535 ], [ 78.0319773, 29.9047995 ], [ 78.0274811, 29.9040763 ], [ 78.0182363, 29.9013578 ], [ 78.0184736, 29.9024478 ], [ 78.0164866, 29.9032187 ], [ 78.0140654, 29.9017824 ], [ 78.0076448, 29.9047067 ], [ 78.0073612, 29.9041393 ], [ 78.0059921, 29.9054282 ], [ 78.0055066, 29.9051373 ], [ 78.0052317, 29.906131 ], [ 78.0030061, 29.9060739 ], [ 78.003308, 29.9067661 ], [ 78.0023852, 29.9074076 ], [ 78.0101505, 29.913118 ], [ 78.0094663, 29.9141543 ], [ 78.0142479, 29.9182367 ], [ 78.0167837, 29.9208488 ], [ 78.0178707, 29.9204219 ], [ 78.0200804, 29.9222023 ], [ 78.0206747, 29.9231509 ] ] ] } },
{ "type": "Feature", "properties": { "gp_code": "23299", "gp_name": "DADUPUR GOVINDPUR", "blkname": "BAHADRABAD", "dtname": "Haridwar", "SHAPE_Area": 3400650.849808428 }, "geometry": { "type": "Polygon", "coordinates": [ [ [ 78.0444685, 29.9325565 ], [ 78.043055, 29.9317054 ], [ 78.0401604, 29.9307593 ], [ 78.0398519, 29.9293436 ], [ 78.038939, 29.9281405 ], [ 78.0397421, 29.9269507 ], [ 78.0399017, 29.9229518 ], [ 78.039414, 29.9218526 ], [ 78.0388639, 29.9213904 ], [ 78.039146, 29.9211813 ], [ 78.0366682, 29.9192425 ], [ 78.0372309, 29.9189153 ], [ 78.0349056, 29.9177988 ], [ 78.0249159, 29.9221178 ], [ 78.023682, 29.9208577 ], [ 78.0206747, 29.9231509 ], [ 78.0212336, 29.9241445 ], [ 78.0209685, 29.9243842 ], [ 78.0218396, 29.9270743 ], [ 78.0248636, 29.9313089 ], [ 78.0259609, 29.9318612 ], [ 78.0307026, 29.9327539 ], [ 78.0315624, 29.9334475 ], [ 78.0317854, 29.9331238 ], [ 78.03294, 29.9339122 ], [ 78.0333788, 29.933705 ], [ 78.0338754, 29.9342424 ], [ 78.0335582, 29.9344662 ], [ 78.034192, 29.9351419 ], [ 78.0352211, 29.9350633 ], [ 78.0357836, 29.9358444 ], [ 78.0368493, 29.9356599 ], [ 78.0404391, 29.9339652 ], [ 78.0444685, 29.9325565 ] ] ] } },
{ "type": "Feature", "properties": { "gp_code": "23293", "gp_name": "BAHADRABAD", "blkname": "BAHADRABAD", "dtname": "Haridwar", "SHAPE_Area": 3495938.214646969 }, "geometry": { "type": "Polygon", "coordinates": [ [ [ 78.039414, 29.9218526 ], [ 78.0416484, 29.9213661 ], [ 78.042075, 29.9218005 ], [ 78.0573957, 29.9202343 ], [ 78.0602185, 29.9208044 ], [ 78.0611061, 29.9186443 ], [ 78.0613488, 29.917061 ], [ 78.0637222, 29.9156474 ], [ 78.0670495, 29.9117329 ], [ 78.0662131, 29.9106603 ], [ 78.0599056, 29.9064407 ], [ 78.0527278, 29.9097267 ], [ 78.0484121, 29.9121792 ], [ 78.0452812, 29.9148907 ], [ 78.0433731, 29.9156611 ], [ 78.042278, 29.9155051 ], [ 78.0391431, 29.9179466 ], [ 78.0366682, 29.9192425 ], [ 78.039146, 29.9211813 ], [ 78.0388639, 29.9213904 ], [ 78.039414, 29.9218526 ] ] ] } },
{ "type": "Feature", "properties": { "gp_code": "23346", "gp_name": "SULTANPUR MAZRI", "blkname": "BAHADRABAD", "dtname": "Haridwar", "SHAPE_Area": 3910034.3176157093 }, "geometry": { "type": "Polygon", "coordinates": [ [ [ 78.0484064, 29.9319569 ], [ 78.0506026, 29.9318923 ], [ 78.0537507, 29.93328 ], [ 78.054698, 29.9328512 ], [ 78.0595112, 29.9319451 ], [ 78.067229, 29.9307473 ], [ 78.0670036, 29.9291239 ], [ 78.0662629, 29.9284968 ], [ 78.0644216, 29.9248621 ], [ 78.0634381, 29.9248276 ], [ 78.0602185, 29.9208044 ], [ 78.0573957, 29.9202343 ], [ 78.042075, 29.9218005 ], [ 78.0416484, 29.9213661 ], [ 78.039414, 29.9218526 ], [ 78.0399017, 29.9229518 ], [ 78.0399637, 29.9245316 ], [ 78.0396192, 29.9259168 ], [ 78.0397421, 29.9269507 ], [ 78.038939, 29.9281405 ], [ 78.0398519, 29.9293436 ], [ 78.0401604, 29.9307593 ], [ 78.043055, 29.9317054 ], [ 78.0455803, 29.9333036 ], [ 78.046453, 29.9331927 ], [ 78.0484064, 29.9319569 ] ] ] } },
{ "type": "Feature", "properties": { "gp_code": "23287", "gp_name": "ALIPUR IBRAHIMPUR", "blkname": "BAHADRABAD", "dtname": "Haridwar", "SHAPE_Area": 4471301.2710599704 }, "geometry": { "type": "Polygon", "coordinates": [ [ [ 78.0693432, 29.9098226 ], [ 78.0657023, 29.9013959 ], [ 78.0651804, 29.8985964 ], [ 78.0660085, 29.8965198 ], [ 78.066431, 29.892025 ], [ 78.0658837, 29.8898785 ], [ 78.0636151, 29.8863247 ], [ 78.0625613, 29.8823589 ], [ 78.0583707, 29.8843153 ], [ 78.0525442, 29.8862386 ], [ 78.046755, 29.8890834 ], [ 78.0468999, 29.892015 ], [ 78.0478912, 29.8937347 ], [ 78.0533789, 29.8963132 ], [ 78.0573556, 29.903063 ], [ 78.0604978, 29.9069867 ], [ 78.0643281, 29.909264 ], [ 78.0662131, 29.9106603 ], [ 78.0670495, 29.9117329 ], [ 78.0693432, 29.9098226 ] ] ] } },
{ "type": "Feature", "properties": { "gp_code": "23295", "gp_name": "BHAGTANPUR ABIDPUR", "blkname": "BAHADRABAD", "dtname": "Haridwar", "SHAPE_Area": 8642640.7430299465 }, "geometry": { "type": "Polygon", "coordinates": [ [ [ 78.0748613, 29.9018401 ], [ 78.0742134, 29.9002185 ], [ 78.0739664, 29.8984082 ], [ 78.07387, 29.8938252 ], [ 78.0725104, 29.893689 ], [ 78.0725998, 29.8870206 ], [ 78.0712657, 29.8842903 ], [ 78.0718239, 29.8838168 ], [ 78.0711988, 29.8827022 ], [ 78.0704841, 29.8785318 ], [ 78.0691159, 29.8760343 ], [ 78.0642384, 29.872109 ], [ 78.067022, 29.8665667 ], [ 78.0659639, 29.8627821 ], [ 78.066858, 29.8621147 ], [ 78.0663011, 29.8615025 ], [ 78.0667889, 29.8612253 ], [ 78.0664268, 29.860714 ], [ 78.0632618, 29.8583656 ], [ 78.0562062, 29.8637315 ], [ 78.0461624, 29.8615302 ], [ 78.0446408, 29.8598595 ], [ 78.0404577, 29.8612242 ], [ 78.0386709, 29.8624578 ], [ 78.0383509, 29.8640425 ], [ 78.0400295, 29.8653399 ], [ 78.0412859, 29.8670634 ], [ 78.0419585, 29.8698856 ], [ 78.0429157, 29.8702461 ], [ 78.0440002, 29.8716251 ], [ 78.0455996, 29.8729314 ], [ 78.0471723, 29.8730656 ], [ 78.0545449, 29.8749219 ], [ 78.0604958, 29.8807775 ], [ 78.0625613, 29.8823589 ], [ 78.0636151, 29.8863247 ], [ 78.0658837, 29.8898785 ], [ 78.066431, 29.892025 ], [ 78.0660085, 29.8965198 ], [ 78.0651804, 29.8985964 ], [ 78.0657023, 29.9013959 ], [ 78.0682929, 29.9078375 ], [ 78.0693432, 29.9098226 ], [ 78.071212, 29.9119492 ], [ 78.071584, 29.9106853 ], [ 78.0712077, 29.9102807 ], [ 78.0719061, 29.9086888 ], [ 78.072697, 29.9051187 ], [ 78.0748613, 29.9018401 ] ] ] } },
{ "type": "Feature", "properties": { "gp_code": "23335", "gp_name": "SAHDEVPUR DINARPUR", "blkname": "BAHADRABAD", "dtname": "Haridwar", "SHAPE_Area": 9993671.2382415868 }, "geometry": { "type": "Polygon", "coordinates": [ [ [ 78.0240417, 29.8687954 ], [ 78.0259906, 29.8690102 ], [ 78.033669, 29.866125 ], [ 78.0404577, 29.8612242 ], [ 78.0446408, 29.8598595 ], [ 78.0461624, 29.8615302 ], [ 78.0546359, 29.8565406 ], [ 78.0585697, 29.8503802 ], [ 78.0566501, 29.8485665 ], [ 78.0551603, 29.8482195 ], [ 78.0543792, 29.8469988 ], [ 78.0473824, 29.8463088 ], [ 78.0352904, 29.8457377 ], [ 78.0267988, 29.8527899 ], [ 78.0228914, 29.8506357 ], [ 78.0216981, 29.848531 ], [ 78.0220087, 29.8477679 ], [ 78.0213197, 29.8476475 ], [ 78.0220117, 29.8464117 ], [ 78.0191587, 29.8435132 ], [ 78.0186978, 29.8444621 ], [ 78.018692, 29.8452915 ], [ 78.0179645, 29.8463885 ], [ 78.0148195, 29.8494177 ], [ 78.0154589, 29.8509725 ], [ 78.0151193, 29.8514225 ], [ 78.0153409, 29.8526694 ], [ 78.0161475, 29.8536865 ], [ 78.01607, 29.8542781 ], [ 78.0144956, 29.8540349 ], [ 78.0145397, 29.8550427 ], [ 78.0134545, 29.8556053 ], [ 78.0135298, 29.8565476 ], [ 78.0132111, 29.856649 ], [ 78.0130008, 29.8575022 ], [ 78.0123231, 29.8569146 ], [ 78.0119962, 29.8570554 ], [ 78.0108723, 29.8592995 ], [ 78.0104761, 29.8592815 ], [ 78.0098048, 29.8580685 ], [ 78.009361, 29.8588827 ], [ 78.009719, 29.8593973 ], [ 78.0096744, 29.8602886 ], [ 78.0109456, 29.8603702 ], [ 78.0119481, 29.8609618 ], [ 78.0164553, 29.8647956 ], [ 78.0179038, 29.8667686 ], [ 78.0190462, 29.8675791 ], [ 78.0212946, 29.8700685 ], [ 78.0240417, 29.8687954 ] ] ] } },
{ "type": "Feature", "properties": { "gp_code": "23467", "gp_name": "SUBHASH GARH", "blkname": "BAHADRABAD", "dtname": "Haridwar", "SHAPE_Area": 5218519.7564994823 }, "geometry": { "type": "Polygon", "coordinates": [ [ [ 78.0267988, 29.8527899 ], [ 78.0352904, 29.8457377 ], [ 78.0349515, 29.8449776 ], [ 78.0341123, 29.8340365 ], [ 78.0325679, 29.828302 ], [ 78.0319334, 29.8297293 ], [ 78.0302004, 29.8295108 ], [ 78.0302982, 29.8285903 ], [ 78.0291728, 29.8267332 ], [ 78.0289694, 29.8257631 ], [ 78.0289241, 29.8229382 ], [ 78.0279461, 29.8231896 ], [ 78.02691, 29.8256523 ], [ 78.0232701, 29.82375 ], [ 78.0222318, 29.8268789 ], [ 78.0214624, 29.8272974 ], [ 78.0210802, 29.8280629 ], [ 78.019159, 29.8282698 ], [ 78.0167884, 29.8275561 ], [ 78.0166816, 29.8287957 ], [ 78.016246, 29.8295837 ], [ 78.0164268, 29.8310144 ], [ 78.0158109, 29.8317475 ], [ 78.0151304, 29.8318083 ], [ 78.0164296, 29.8329467 ], [ 78.0173762, 29.8332414 ], [ 78.0168689, 29.8347295 ], [ 78.0169251, 29.835461 ], [ 78.0185188, 29.8368366 ], [ 78.0192891, 29.83917 ], [ 78.0188943, 29.8411795 ], [ 78.0191587, 29.8435132 ], [ 78.0220117, 29.8464117 ], [ 78.0213197, 29.8476475 ], [ 78.0220087, 29.8477679 ], [ 78.0216981, 29.848531 ], [ 78.0227804, 29.850496 ], [ 78.0267988, 29.8527899 ] ] ] } },
{ "type": "Feature", "properties": { "gp_code": "23421", "gp_name": "AITHAL BUJURG", "blkname": "LAKSAR", "dtname": "Haridwar", "SHAPE_Area": 8915868.9850850608 }, "geometry": { "type": "Polygon", "coordinates": [ [ [ 78.0538407, 29.8048363 ], [ 78.052546, 29.8051335 ], [ 78.0507911, 29.8060577 ], [ 78.0474258, 29.8079274 ], [ 78.045525, 29.8093823 ], [ 78.044518, 29.8079122 ], [ 78.0338687, 29.7966521 ], [ 78.0332484, 29.7997741 ], [ 78.0346161, 29.8018343 ], [ 78.0361356, 29.8032241 ], [ 78.0354267, 29.8041209 ], [ 78.0346869, 29.8043215 ], [ 78.0345831, 29.8050891 ], [ 78.0331854, 29.805142 ], [ 78.0329059, 29.8056811 ], [ 78.032268, 29.8052373 ], [ 78.0311794, 29.8055337 ], [ 78.0293708, 29.8071757 ], [ 78.0294985, 29.8077764 ], [ 78.028279, 29.808141 ], [ 78.0252225, 29.8059802 ], [ 78.023614, 29.8058539 ], [ 78.0238875, 29.8064098 ], [ 78.0235763, 29.8067721 ], [ 78.0236317, 29.8075983 ], [ 78.023085, 29.8076614 ], [ 78.0229082, 29.8086778 ], [ 78.0197808, 29.8099708 ], [ 78.0186773, 29.8111921 ], [ 78.0237105, 29.8166203 ], [ 78.0235179, 29.817329 ], [ 78.0240371, 29.8183755 ], [ 78.0252079, 29.8188111 ], [ 78.0241197, 29.8202857 ], [ 78.0239528, 29.8212712 ], [ 78.0228294, 29.8216392 ], [ 78.0232701, 29.82375 ], [ 78.02691, 29.8256523 ], [ 78.0279461, 29.8231896 ], [ 78.0289241, 29.8229382 ], [ 78.0289694, 29.8257631 ], [ 78.0291728, 29.8267332 ], [ 78.0302982, 29.8285903 ], [ 78.0302004, 29.8295108 ], [ 78.0319334, 29.8297293 ], [ 78.0325679, 29.828302 ], [ 78.0361407, 29.8300966 ], [ 78.0538448, 29.817809 ], [ 78.0538407, 29.8048363 ] ] ] } },
{ "type": "Feature", "properties": { "gp_code": "", "gp_name": "", "blkname": "BAHADRABAD", "dtname": "Haridwar", "SHAPE_Area": 214658.63682276037 }, "geometry": { "type": "Polygon", "coordinates": [ [ [ 78.0714845, 29.8323562 ], [ 78.0726624, 29.8358462 ], [ 78.0737536, 29.8353942 ], [ 78.0734841, 29.834743 ], [ 78.0741338, 29.8345679 ], [ 78.0751024, 29.8358067 ], [ 78.0760376, 29.8358254 ], [ 78.0766242, 29.8352149 ], [ 78.0776902, 29.8352582 ], [ 78.0778121, 29.8347336 ], [ 78.0763044, 29.8327414 ], [ 78.0714845, 29.8323562 ] ] ] } },
{ "type": "Feature", "properties": { "gp_code": "", "gp_name": "", "blkname": "BAHADRABAD", "dtname": "Haridwar", "SHAPE_Area": 1084867.7164723389 }, "geometry": { "type": "Polygon", "coordinates": [ [ [ 78.0579941, 29.8257229 ], [ 78.062583, 29.8318762 ], [ 78.0675802, 29.8298931 ], [ 78.0706345, 29.8291369 ], [ 78.0687589, 29.821644 ], [ 78.065019, 29.8226512 ], [ 78.0579941, 29.8257229 ] ] ] } },
{ "type": "Feature", "properties": { "gp_code": "", "gp_name": "", "blkname": "BAHADRABAD", "dtname": "Haridwar", "SHAPE_Area": 50484343.760424465 }, "geometry": { "type": "Polygon", "coordinates": [ [ [ 78.0562062, 29.8637315 ], [ 78.0747152, 29.8494147 ], [ 78.076745, 29.8480696 ], [ 78.0773355, 29.8479746 ], [ 78.0833458, 29.8431745 ], [ 78.0850027, 29.8444252 ], [ 78.0882532, 29.8422649 ], [ 78.0927134, 29.8390194 ], [ 78.0939246, 29.8375212 ], [ 78.1150118, 29.8217578 ], [ 78.1137793, 29.8205489 ], [ 78.1108757, 29.8160185 ], [ 78.1048439, 29.8091902 ], [ 78.0957683, 29.7976174 ], [ 78.0742583, 29.7900888 ], [ 78.0743001, 29.7885341 ], [ 78.0736585, 29.7859802 ], [ 78.0714706, 29.7828285 ], [ 78.0711463, 29.7812084 ], [ 78.0710391, 29.7791335 ], [ 78.0719403, 29.7740517 ], [ 78.0718045, 29.7726779 ], [ 78.0702492, 29.7684932 ], [ 78.0657237, 29.7651372 ], [ 78.0538069, 29.7746735 ], [ 78.0534684, 29.7753284 ], [ 78.0538448, 29.817809 ], [ 78.0361407, 29.8300966 ], [ 78.0325679, 29.828302 ], [ 78.0341123, 29.8340365 ], [ 78.0349515, 29.8449776 ], [ 78.0352904, 29.8457377 ], [ 78.0473824, 29.8463088 ], [ 78.0543792, 29.8469988 ], [ 78.0551603, 29.8482195 ], [ 78.0566501, 29.8485665 ], [ 78.0585697, 29.8503802 ], [ 78.0546359, 29.8565406 ], [ 78.0461624, 29.8615302 ], [ 78.0562062, 29.8637315 ] ], [ [ 78.0714845, 29.8323562 ], [ 78.0763044, 29.8327414 ], [ 78.0778121, 29.8347336 ], [ 78.0776902, 29.8352582 ], [ 78.0766242, 29.8352149 ], [ 78.0760376, 29.8358254 ], [ 78.0751024, 29.8358067 ], [ 78.0741338, 29.8345679 ], [ 78.0734841, 29.834743 ], [ 78.0737536, 29.8353942 ], [ 78.0726624, 29.8358462 ], [ 78.0714845, 29.8323562 ] ], [ [ 78.0579941, 29.8257229 ], [ 78.065019, 29.8226512 ], [ 78.0687589, 29.821644 ], [ 78.0706345, 29.8291369 ], [ 78.0675802, 29.8298931 ], [ 78.062583, 29.8318762 ], [ 78.0579941, 29.8257229 ] ] ] } },
{ "type": "Feature", "properties": { "gp_code": "23422", "gp_name": "AKABARPUR UDD", "blkname": "LAKSAR", "dtname": "Haridwar", "SHAPE_Area": 7661046.3843856435 }, "geometry": { "type": "Polygon", "coordinates": [ [ [ 78.0590926, 29.7704765 ], [ 78.0657237, 29.7651372 ], [ 78.0702492, 29.7684932 ], [ 78.0744331, 29.7644357 ], [ 78.0778387, 29.7618333 ], [ 78.0748706, 29.7614561 ], [ 78.0731084, 29.7601543 ], [ 78.0728102, 29.7591139 ], [ 78.0722889, 29.7589247 ], [ 78.0711259, 29.7573098 ], [ 78.0710917, 29.7561505 ], [ 78.0698124, 29.7530399 ], [ 78.0700824, 29.75254 ], [ 78.0698562, 29.7513632 ], [ 78.0686768, 29.7496871 ], [ 78.0731832, 29.7481163 ], [ 78.0755013, 29.7460141 ], [ 78.0744751, 29.7452271 ], [ 78.075943, 29.7444128 ], [ 78.074891, 29.7433236 ], [ 78.0727357, 29.7449679 ], [ 78.0707844, 29.7437727 ], [ 78.0726631, 29.7422051 ], [ 78.0703991, 29.7409446 ], [ 78.0696729, 29.7411318 ], [ 78.0675433, 29.7401575 ], [ 78.0661685, 29.74092 ], [ 78.0651579, 29.7401261 ], [ 78.0645998, 29.74032 ], [ 78.063336, 29.739224 ], [ 78.0630569, 29.7393051 ], [ 78.0625736, 29.738579 ], [ 78.0582371, 29.739057 ], [ 78.057573, 29.7383894 ], [ 78.055459, 29.7400561 ], [ 78.0539859, 29.7387457 ], [ 78.0520192, 29.7402678 ], [ 78.0512775, 29.7398595 ], [ 78.0497163, 29.7421554 ], [ 78.0517241, 29.7443026 ], [ 78.0522667, 29.7456672 ], [ 78.0555747, 29.7490188 ], [ 78.0552578, 29.7501385 ], [ 78.0547482, 29.7507683 ], [ 78.0531158, 29.7512366 ], [ 78.0491841, 29.7512349 ], [ 78.048376, 29.7514996 ], [ 78.0472653, 29.7536542 ], [ 78.0471856, 29.7548383 ], [ 78.0478403, 29.7558848 ], [ 78.0496637, 29.7573314 ], [ 78.0504278, 29.7587121 ], [ 78.0523945, 29.759781 ], [ 78.0526945, 29.7608701 ], [ 78.0534887, 29.7609253 ], [ 78.0541503, 29.7599803 ], [ 78.0545073, 29.7606098 ], [ 78.0555237, 29.7604391 ], [ 78.0560023, 29.7600103 ], [ 78.056786, 29.7607363 ], [ 78.0573587, 29.7604306 ], [ 78.0582204, 29.7611958 ], [ 78.0589515, 29.7613799 ], [ 78.0591853, 29.7620689 ], [ 78.0598171, 29.76245 ], [ 78.0600275, 29.7635123 ], [ 78.0597499, 29.7639435 ], [ 78.0598803, 29.7645321 ], [ 78.059128, 29.7656971 ], [ 78.0595497, 29.7666628 ], [ 78.0594769, 29.7679503 ], [ 78.058924, 29.7686526 ], [ 78.0582909, 29.7689043 ], [ 78.0581482, 29.769642 ], [ 78.0584626, 29.7702024 ], [ 78.0590926, 29.7704765 ] ] ] } },
{ "type": "Feature", "properties": { "gp_code": "23458", "gp_name": "NAGLA KHITAB", "blkname": "LAKSAR", "dtname": "Haridwar", "SHAPE_Area": 1876270.1236198598 }, "geometry": { "type": "Polygon", "coordinates": [ [ [ 78.0582909, 29.7689043 ], [ 78.058924, 29.7686526 ], [ 78.0594769, 29.7679503 ], [ 78.0595497, 29.7666628 ], [ 78.059128, 29.7656971 ], [ 78.0598803, 29.7645321 ], [ 78.0597499, 29.7639435 ], [ 78.0600275, 29.7635123 ], [ 78.0598171, 29.76245 ], [ 78.0591853, 29.7620689 ], [ 78.0589515, 29.7613799 ], [ 78.0582204, 29.7611958 ], [ 78.0573587, 29.7604306 ], [ 78.056786, 29.7607363 ], [ 78.0560023, 29.7600103 ], [ 78.0555237, 29.7604391 ], [ 78.0545073, 29.7606098 ], [ 78.0541503, 29.7599803 ], [ 78.0538517, 29.7606324 ], [ 78.0530942, 29.7610121 ], [ 78.0525747, 29.7604556 ], [ 78.0519512, 29.7607942 ], [ 78.0498064, 29.7608482 ], [ 78.0494588, 29.7606376 ], [ 78.0491751, 29.7592761 ], [ 78.0477699, 29.7588797 ], [ 78.0477799, 29.759692 ], [ 78.0470487, 29.7596099 ], [ 78.0459887, 29.7590978 ], [ 78.0447443, 29.7577047 ], [ 78.0440424, 29.7576962 ], [ 78.0438576, 29.7587658 ], [ 78.0430015, 29.7598205 ], [ 78.0430144, 29.7609325 ], [ 78.0436018, 29.7618982 ], [ 78.0446154, 29.763044 ], [ 78.0453016, 29.7624814 ], [ 78.0458282, 29.7624678 ], [ 78.0477969, 29.7643889 ], [ 78.0522973, 29.7712169 ], [ 78.055803, 29.773068 ], [ 78.0589101, 29.7704411 ], [ 78.0581482, 29.769642 ], [ 78.0582909, 29.7689043 ] ] ] } },
{ "type": "Feature", "properties": { "gp_code": "", "gp_name": "", "blkname": "LAKSAR", "dtname": "Haridwar", "SHAPE_Area": 2906917.7823077799 }, "geometry": { "type": "Polygon", "coordinates": [ [ [ 78.0458296, 29.7698888 ], [ 78.0451727, 29.7681884 ], [ 78.0448883, 29.7659215 ], [ 78.0455583, 29.7655302 ], [ 78.0476317, 29.7651758 ], [ 78.0458587, 29.7629508 ], [ 78.0449896, 29.7633863 ], [ 78.04423, 29.7626914 ], [ 78.0430144, 29.7609325 ], [ 78.0430015, 29.7598205 ], [ 78.0438576, 29.7587658 ], [ 78.0440424, 29.7576962 ], [ 78.0447443, 29.7577047 ], [ 78.0459887, 29.7590978 ], [ 78.0470487, 29.7596099 ], [ 78.0477799, 29.759692 ], [ 78.0477699, 29.7588797 ], [ 78.0491751, 29.7592761 ], [ 78.0494588, 29.7606376 ], [ 78.0498064, 29.7608482 ], [ 78.0519512, 29.7607942 ], [ 78.0525919, 29.7603293 ], [ 78.0523945, 29.759781 ], [ 78.0504278, 29.7587121 ], [ 78.0494388, 29.7570824 ], [ 78.0474052, 29.7554202 ], [ 78.0471283, 29.7541186 ], [ 78.0477466, 29.7526548 ], [ 78.0464459, 29.7514474 ], [ 78.0448467, 29.7522203 ], [ 78.0441481, 29.7515328 ], [ 78.0334744, 29.7529742 ], [ 78.0331491, 29.7532766 ], [ 78.0331936, 29.754309 ], [ 78.0291724, 29.7549826 ], [ 78.0318899, 29.7561539 ], [ 78.0345212, 29.7605132 ], [ 78.0359063, 29.7631197 ], [ 78.0344663, 29.7639476 ], [ 78.0350779, 29.7648338 ], [ 78.0364046, 29.7644105 ], [ 78.0439728, 29.771787 ], [ 78.0458296, 29.7698888 ] ] ] } },
{ "type": "Feature", "properties": { "gp_code": "23428", "gp_name": "BASEDI KHADDAR", "blkname": "LAKSAR", "dtname": "Haridwar", "SHAPE_Area": 1911814.9111004691 }, "geometry": { "type": "Polygon", "coordinates": [ [ [ 78.0299617, 29.766975 ], [ 78.0359063, 29.7631197 ], [ 78.0318899, 29.7561539 ], [ 78.0291724, 29.7549826 ], [ 78.0208689, 29.757334 ], [ 78.0220908, 29.7598754 ], [ 78.0199655, 29.7626684 ], [ 78.0231774, 29.7660832 ], [ 78.0253871, 29.7653247 ], [ 78.027649, 29.7689273 ], [ 78.0304071, 29.7677594 ], [ 78.0299617, 29.766975 ] ] ] } },
{ "type": "Feature", "properties": { "gp_code": "", "gp_name": "", "blkname": "LAKSAR", "dtname": "Haridwar", "SHAPE_Area": 1678752.0116357859 }, "geometry": { "type": "Polygon", "coordinates": [ [ [ 78.0208689, 29.757334 ], [ 78.0291724, 29.7549826 ], [ 78.0268291, 29.7536854 ], [ 78.0272341, 29.7499814 ], [ 78.0270095, 29.7494904 ], [ 78.0259709, 29.7493614 ], [ 78.0248191, 29.7469704 ], [ 78.0242482, 29.7463252 ], [ 78.0230491, 29.7459551 ], [ 78.0208287, 29.7467595 ], [ 78.0203739, 29.7465022 ], [ 78.0186008, 29.7468828 ], [ 78.0165223, 29.7481293 ], [ 78.0170153, 29.7494444 ], [ 78.0175944, 29.7499383 ], [ 78.0174773, 29.7504881 ], [ 78.0162589, 29.7517293 ], [ 78.0163085, 29.7534819 ], [ 78.0151552, 29.7535797 ], [ 78.0147071, 29.7545758 ], [ 78.0125614, 29.7544225 ], [ 78.0131355, 29.7561938 ], [ 78.0150467, 29.7573824 ], [ 78.0167039, 29.7591736 ], [ 78.0208689, 29.757334 ] ] ] } },
{ "type": "Feature", "properties": { "gp_code": "23465", "gp_name": "SETHPUR", "blkname": "LAKSAR", "dtname": "Haridwar", "SHAPE_Area": 4098180.1756124967 }, "geometry": { "type": "Polygon", "coordinates": [ [ [ 78.0283816, 29.7791516 ], [ 78.0304868, 29.7773066 ], [ 78.0315924, 29.7783187 ], [ 78.0323412, 29.7782613 ], [ 78.0326346, 29.7789971 ], [ 78.0366743, 29.7817893 ], [ 78.0397998, 29.7790209 ], [ 78.036571, 29.7759728 ], [ 78.038017, 29.7747787 ], [ 78.0399155, 29.7743957 ], [ 78.0439728, 29.771787 ], [ 78.0364046, 29.7644105 ], [ 78.0350779, 29.7648338 ], [ 78.0344663, 29.7639476 ], [ 78.0299617, 29.766975 ], [ 78.0304071, 29.7677594 ], [ 78.0231924, 29.77085 ], [ 78.0248264, 29.7724972 ], [ 78.0134437, 29.7786723 ], [ 78.0141532, 29.7791537 ], [ 78.0149534, 29.7792235 ], [ 78.0147601, 29.7807989 ], [ 78.0151212, 29.7815955 ], [ 78.0169539, 29.7822063 ], [ 78.0202181, 29.7842953 ], [ 78.0216471, 29.7846012 ], [ 78.0228138, 29.7837102 ], [ 78.0263521, 29.781976 ], [ 78.0264137, 29.7814708 ], [ 78.0283816, 29.7791516 ] ] ] } },
{ "type": "Feature", "properties": { "gp_code": "23466", "gp_name": "SIDHADU", "blkname": "LAKSAR", "dtname": "Haridwar", "SHAPE_Area": 6547964.6495531192 }, "geometry": { "type": "Polygon", "coordinates": [ [ [ 78.0293708, 29.8071757 ], [ 78.0306536, 29.8061929 ], [ 78.0305601, 29.8058356 ], [ 78.0318398, 29.8052854 ], [ 78.0325495, 29.8052907 ], [ 78.0329059, 29.8056811 ], [ 78.0331854, 29.805142 ], [ 78.0345831, 29.8050891 ], [ 78.0346869, 29.8043215 ], [ 78.0354267, 29.8041209 ], [ 78.0361356, 29.8032241 ], [ 78.0346161, 29.8018343 ], [ 78.0332484, 29.7997741 ], [ 78.0341084, 29.7956307 ], [ 78.0340869, 29.7931674 ], [ 78.0336459, 29.7925829 ], [ 78.0317682, 29.7916481 ], [ 78.0374099, 29.7896264 ], [ 78.0374588, 29.7884754 ], [ 78.0380591, 29.7881565 ], [ 78.0388593, 29.7867949 ], [ 78.0387538, 29.7857484 ], [ 78.0371649, 29.7848971 ], [ 78.0373623, 29.78448 ], [ 78.0385167, 29.783875 ], [ 78.0382133, 29.7827995 ], [ 78.0345957, 29.780277 ], [ 78.0258555, 29.7886881 ], [ 78.0227615, 29.7860128 ], [ 78.0216471, 29.7846012 ], [ 78.0202181, 29.7842953 ], [ 78.0169539, 29.7822063 ], [ 78.0151212, 29.7815955 ], [ 78.0121256, 29.7837355 ], [ 78.0128955, 29.7856755 ], [ 78.0113417, 29.7869078 ], [ 78.0109031, 29.7883038 ], [ 78.0101366, 29.7892163 ], [ 78.0090724, 29.7894295 ], [ 78.0079515, 29.790544 ], [ 78.0141854, 29.7953504 ], [ 78.0131379, 29.796882 ], [ 78.0175147, 29.8004506 ], [ 78.0185622, 29.8005765 ], [ 78.0226721, 29.8041417 ], [ 78.028279, 29.808141 ], [ 78.0294985, 29.8077764 ], [ 78.0293708, 29.8071757 ] ] ] } },
{ "type": "Feature", "properties": { "gp_code": "23426", "gp_name": "BAHADARPUR KHADAR", "blkname": "LAKSAR", "dtname": "Haridwar", "SHAPE_Area": 866107.10756705608 }, "geometry": { "type": "Polygon", "coordinates": [ [ [ 78.0326346, 29.7789971 ], [ 78.0321897, 29.7781862 ], [ 78.0315924, 29.7783187 ], [ 78.0304868, 29.7773066 ], [ 78.0289881, 29.7784467 ], [ 78.0264137, 29.7814708 ], [ 78.0263521, 29.781976 ], [ 78.0228138, 29.7837102 ], [ 78.0217052, 29.7847883 ], [ 78.0258555, 29.7886881 ], [ 78.0345957, 29.780277 ], [ 78.0326346, 29.7789971 ] ] ] } },
{ "type": "Feature", "properties": { "gp_code": "23432", "gp_name": "BUKKANPUR", "blkname": "LAKSAR", "dtname": "Haridwar", "SHAPE_Area": 8588396.8312049955 }, "geometry": { "type": "Polygon", "coordinates": [ [ [ 78.0538407, 29.8048363 ], [ 78.0534684, 29.7753284 ], [ 78.0538069, 29.7746735 ], [ 78.055803, 29.773068 ], [ 78.052098, 29.7710348 ], [ 78.0478831, 29.7644831 ], [ 78.0458282, 29.7624678 ], [ 78.0453016, 29.7624814 ], [ 78.0446154, 29.763044 ], [ 78.0452186, 29.7633824 ], [ 78.0458587, 29.7629508 ], [ 78.0476317, 29.7651758 ], [ 78.0455583, 29.7655302 ], [ 78.0448883, 29.7659215 ], [ 78.0451727, 29.7681884 ], [ 78.0458296, 29.7698888 ], [ 78.0432283, 29.7724188 ], [ 78.0393004, 29.7746877 ], [ 78.038017, 29.7747787 ], [ 78.036571, 29.7759728 ], [ 78.0397998, 29.7790209 ], [ 78.0366743, 29.7817893 ], [ 78.0382133, 29.7827995 ], [ 78.0385167, 29.783875 ], [ 78.0373623, 29.78448 ], [ 78.0371649, 29.7848971 ], [ 78.0387538, 29.7857484 ], [ 78.0388593, 29.7867949 ], [ 78.0380591, 29.7881565 ], [ 78.0374588, 29.7884754 ], [ 78.0374099, 29.7896264 ], [ 78.0317682, 29.7916481 ], [ 78.0340208, 29.7930002 ], [ 78.034182, 29.7948528 ], [ 78.0338687, 29.7966521 ], [ 78.044518, 29.8079122 ], [ 78.045525, 29.8093823 ], [ 78.0474258, 29.8079274 ], [ 78.0507911, 29.8060577 ], [ 78.052546, 29.8051335 ], [ 78.0538407, 29.8048363 ] ] ] } },
{ "type": "Feature", "properties": { "gp_code": "", "gp_name": "", "blkname": "LAKSAR", "dtname": "Haridwar", "SHAPE_Area": 1233328.574429441 }, "geometry": { "type": "Polygon", "coordinates": [ [ [ 78.025225, 29.8059817 ], [ 78.0185622, 29.8005765 ], [ 78.0175147, 29.8004506 ], [ 78.0150921, 29.7982773 ], [ 78.0149541, 29.7991347 ], [ 78.014274, 29.8001173 ], [ 78.0115435, 29.8024927 ], [ 78.0110526, 29.80336 ], [ 78.0186773, 29.8111921 ], [ 78.0197808, 29.8099708 ], [ 78.0229082, 29.8086778 ], [ 78.023085, 29.8076614 ], [ 78.0236317, 29.8075983 ], [ 78.0235763, 29.8067721 ], [ 78.0238875, 29.8064098 ], [ 78.023614, 29.8058539 ], [ 78.025225, 29.8059817 ] ] ] } },
{ "type": "Feature", "properties": { "gp_code": "23293", "gp_name": "BAHADRABAD", "blkname": "BAHADRABAD", "dtname": "Haridwar", "SHAPE_Area": 2075945.4465317323 }, "geometry": { "type": "Polygon", "coordinates": [ [ [ 78.0040635, 29.8088488 ], [ 78.004433, 29.8072491 ], [ 78.0026242, 29.8053751 ], [ 78.0015677, 29.8083687 ], [ 77.9994832, 29.80742 ], [ 77.9990269, 29.8051036 ], [ 77.9981358, 29.8047166 ], [ 77.9959336, 29.8077642 ], [ 77.994979, 29.8085582 ], [ 77.989223, 29.8075899 ], [ 77.9878791, 29.809044 ], [ 77.9862607, 29.8097123 ], [ 77.9870987, 29.8106207 ], [ 77.9846938, 29.811882 ], [ 77.9907884, 29.8166292 ], [ 77.9933927, 29.8195276 ], [ 77.9977558, 29.8183272 ], [ 77.9992357, 29.816584 ], [ 77.998632, 29.814746 ], [ 77.9991649, 29.813428 ], [ 78.000518, 29.8123663 ], [ 78.0019355, 29.8120343 ], [ 78.002978, 29.8112984 ], [ 78.0025162, 29.8105871 ], [ 78.0040635, 29.8088488 ] ] ] } },
{ "type": "Feature", "properties": { "gp_code": "23455", "gp_name": "MAKHAYALI KALAN", "blkname": "LAKSAR", "dtname": "Haridwar", "SHAPE_Area": 5268190.3984257542 }, "geometry": { "type": "Polygon", "coordinates": [ [ [ 78.0028259, 29.8042171 ], [ 78.0050984, 29.8043384 ], [ 78.0080934, 29.8032171 ], [ 78.0077813, 29.8026939 ], [ 78.0087786, 29.801559 ], [ 78.0110526, 29.80336 ], [ 78.0115435, 29.8024927 ], [ 78.014274, 29.8001173 ], [ 78.0151368, 29.7986528 ], [ 78.0150921, 29.7982773 ], [ 78.0131379, 29.796882 ], [ 78.0141854, 29.7953504 ], [ 78.0079515, 29.790544 ], [ 78.0090724, 29.7894295 ], [ 78.0101366, 29.7892163 ], [ 78.0109031, 29.7883038 ], [ 78.0113417, 29.7869078 ], [ 78.0128955, 29.7856755 ], [ 78.0121256, 29.7837355 ], [ 78.0151212, 29.7815955 ], [ 78.0147601, 29.7807989 ], [ 78.0148864, 29.7791228 ], [ 78.0141532, 29.7791537 ], [ 78.0130796, 29.7785414 ], [ 78.0117036, 29.7772663 ], [ 78.0114652, 29.7764378 ], [ 78.0111021, 29.776247 ], [ 78.0101279, 29.7760819 ], [ 78.0047619, 29.7789023 ], [ 78.001451, 29.7803418 ], [ 77.9984103, 29.7812352 ], [ 77.9974632, 29.7802777 ], [ 77.996662, 29.7804628 ], [ 77.9959513, 29.7789483 ], [ 77.9923956, 29.7807353 ], [ 77.9931712, 29.7818067 ], [ 77.9934916, 29.7816232 ], [ 77.9968439, 29.7835834 ], [ 77.9963023, 29.7846841 ], [ 77.9966042, 29.7848864 ], [ 77.9959735, 29.7870161 ], [ 77.9967543, 29.7877639 ], [ 77.9981015, 29.7902377 ], [ 77.9955724, 29.793134 ], [ 78.0007854, 29.7982706 ], [ 78.0004013, 29.7988983 ], [ 78.0010125, 29.8012024 ], [ 78.0028669, 29.8031026 ], [ 78.0022926, 29.8046232 ], [ 78.0028259, 29.8042171 ] ] ] } },
{ "type": "Feature", "properties": { "gp_code": "23426", "gp_name": "BAHADARPUR KHADAR", "blkname": "LAKSAR", "dtname": "Haridwar", "SHAPE_Area": 3906869.1790309083 }, "geometry": { "type": "Polygon", "coordinates": [ [ [ 78.0134437, 29.7786723 ], [ 78.0248264, 29.7724972 ], [ 78.0231924, 29.77085 ], [ 78.027649, 29.7689273 ], [ 78.0253871, 29.7653247 ], [ 78.0231774, 29.7660832 ], [ 78.0199591, 29.762662 ], [ 78.0178931, 29.7611321 ], [ 78.0152628, 29.7628906 ], [ 78.0121238, 29.7593103 ], [ 78.014722, 29.7571653 ], [ 78.0134105, 29.7561772 ], [ 78.007618, 29.759561 ], [ 78.0048306, 29.7620697 ], [ 78.0049441, 29.7630631 ], [ 78.0019823, 29.7647066 ], [ 78.0061382, 29.7675381 ], [ 78.0078814, 29.7692106 ], [ 78.0082945, 29.7710265 ], [ 78.0068746, 29.7715349 ], [ 78.0073351, 29.7723128 ], [ 78.0093262, 29.773762 ], [ 78.0090692, 29.7740783 ], [ 78.0081593, 29.7741936 ], [ 78.0098414, 29.7749266 ], [ 78.0099397, 29.7759264 ], [ 78.0114652, 29.7764378 ], [ 78.0117036, 29.7772663 ], [ 78.0130796, 29.7785414 ], [ 78.0134437, 29.7786723 ] ] ] } },
{ "type": "Feature", "properties": { "gp_code": "", "gp_name": "", "blkname": "LAKSAR", "dtname": "Haridwar", "SHAPE_Area": 477298.75102836359 }, "geometry": { "type": "Polygon", "coordinates": [ [ [ 78.0199655, 29.7626684 ], [ 78.0220908, 29.7598754 ], [ 78.0208689, 29.757334 ], [ 78.0167039, 29.7591736 ], [ 78.014722, 29.7571653 ], [ 78.0120891, 29.7590969 ], [ 78.0133181, 29.7609427 ], [ 78.0152628, 29.7628906 ], [ 78.0178931, 29.7611321 ], [ 78.0199655, 29.7626684 ] ] ] } },
{ "type": "Feature", "properties": { "gp_code": "23430", "gp_name": "BHURNA", "blkname": "LAKSAR", "dtname": "Haridwar", "SHAPE_Area": 8860343.9170816988 }, "geometry": { "type": "Polygon", "coordinates": [ [ [ 77.9894205, 29.7667626 ], [ 77.9930173, 29.7638636 ], [ 77.9934202, 29.7642097 ], [ 77.9937777, 29.7639209 ], [ 77.9943133, 29.7644357 ], [ 77.9964431, 29.7632205 ], [ 77.9997053, 29.7663669 ], [ 78.0032384, 29.7637943 ], [ 78.0049441, 29.7630631 ], [ 78.0048306, 29.7620697 ], [ 78.007618, 29.759561 ], [ 78.0131355, 29.7561938 ], [ 78.0126081, 29.7543632 ], [ 78.0147071, 29.7545758 ], [ 78.0151552, 29.7535797 ], [ 78.0163085, 29.7534819 ], [ 78.0162589, 29.7517293 ], [ 78.0174773, 29.7504881 ], [ 78.0175944, 29.7499383 ], [ 78.0170153, 29.7494444 ], [ 78.0163751, 29.747818 ], [ 78.0150132, 29.7475763 ], [ 78.0144062, 29.7467461 ], [ 78.0138916, 29.7472263 ], [ 78.0124777, 29.7476791 ], [ 78.0121927, 29.7490254 ], [ 78.0115723, 29.7493499 ], [ 78.0110039, 29.7489686 ], [ 78.0111722, 29.7483304 ], [ 78.0097894, 29.7483095 ], [ 78.0094114, 29.7495679 ], [ 78.0078867, 29.7491929 ], [ 78.0076905, 29.7488184 ], [ 78.0060366, 29.7485132 ], [ 78.0045355, 29.7474662 ], [ 78.0045362, 29.7462302 ], [ 78.0042623, 29.7460699 ], [ 78.0046038, 29.7455559 ], [ 78.0042292, 29.7453031 ], [ 78.0055198, 29.7435761 ], [ 78.0077533, 29.7425328 ], [ 78.0081173, 29.7433787 ], [ 78.010748, 29.7438827 ], [ 78.0120483, 29.7430104 ], [ 78.0112787, 29.7420674 ], [ 78.0083641, 29.7408392 ], [ 78.0075809, 29.7412314 ], [ 78.0057545, 29.7398481 ], [ 78.003511, 29.7404696 ], [ 78.0004112, 29.7422251 ], [ 77.9994219, 29.7413924 ], [ 77.9987866, 29.7396078 ], [ 77.9975312, 29.7383221 ], [ 77.994001, 29.7399174 ], [ 77.9906265, 29.7424388 ], [ 77.9876045, 29.7458901 ], [ 77.9839335, 29.7483331 ], [ 77.978648, 29.7492704 ], [ 77.9796091, 29.7505741 ], [ 77.9794401, 29.7517647 ], [ 77.9807189, 29.7528167 ], [ 77.9809605, 29.7535748 ], [ 77.9807773, 29.7548463 ], [ 77.9798727, 29.7562106 ], [ 77.9820284, 29.7581892 ], [ 77.9833435, 29.7589395 ], [ 77.9839551, 29.7597375 ], [ 77.9838823, 29.7601226 ], [ 77.9875998, 29.7640782 ], [ 77.9894205, 29.7667626 ] ] ] } },
{ "type": "Feature", "properties": { "gp_code": "23440", "gp_name": "HUSAINPUR", "blkname": "LAKSAR", "dtname": "Haridwar", "SHAPE_Area": 2501050.0215972508 }, "geometry": { "type": "Polygon", "coordinates": [ [ [ 77.9984103, 29.7812352 ], [ 78.001451, 29.7803418 ], [ 78.0068002, 29.7780047 ], [ 78.0101279, 29.7760819 ], [ 78.0098427, 29.7757921 ], [ 78.0098414, 29.7749266 ], [ 78.0081593, 29.7741936 ], [ 78.0090692, 29.7740783 ], [ 78.0093262, 29.773762 ], [ 78.0073351, 29.7723128 ], [ 78.0068746, 29.7715349 ], [ 78.0082945, 29.7710265 ], [ 78.0078814, 29.7692106 ], [ 78.0061382, 29.7675381 ], [ 78.0019823, 29.7647066 ], [ 77.9997053, 29.7663669 ], [ 78.0005859, 29.7673763 ], [ 77.997695, 29.7696572 ], [ 77.998419, 29.7705065 ], [ 77.9967274, 29.7712665 ], [ 77.9962729, 29.7728054 ], [ 77.9926546, 29.7745165 ], [ 77.9917201, 29.7753177 ], [ 77.9909552, 29.7765769 ], [ 77.9913089, 29.7777045 ], [ 77.9911713, 29.7790285 ], [ 77.9923956, 29.7807353 ], [ 77.9959513, 29.7789483 ], [ 77.996662, 29.7804628 ], [ 77.9974632, 29.7802777 ], [ 77.9984103, 29.7812352 ] ] ] } },
{ "type": "Feature", "properties": { "gp_code": "23435", "gp_name": "DAUSNI", "blkname": "LAKSAR", "dtname": "Haridwar", "SHAPE_Area": 2778966.7740622065 }, "geometry": { "type": "Polygon", "coordinates": [ [ [ 77.985592, 29.77878 ], [ 77.9867187, 29.7793949 ], [ 77.9913089, 29.7777045 ], [ 77.9909552, 29.7765769 ], [ 77.9917201, 29.7753177 ], [ 77.9926546, 29.7745165 ], [ 77.9962729, 29.7728054 ], [ 77.9967274, 29.7712665 ], [ 77.998419, 29.7705065 ], [ 77.997695, 29.7696572 ], [ 78.0005859, 29.7673763 ], [ 77.9986091, 29.7655344 ], [ 77.9983841, 29.7648669 ], [ 77.9964431, 29.7632205 ], [ 77.9943133, 29.7644357 ], [ 77.9937777, 29.7639209 ], [ 77.9934202, 29.7642097 ], [ 77.9930173, 29.7638636 ], [ 77.9884876, 29.7672282 ], [ 77.9880818, 29.7672814 ], [ 77.9872928, 29.7667475 ], [ 77.9860168, 29.7672112 ], [ 77.9849644, 29.7667786 ], [ 77.9839477, 29.7677399 ], [ 77.9840947, 29.7680566 ], [ 77.9798874, 29.7707993 ], [ 77.9795688, 29.7704413 ], [ 77.9771514, 29.771966 ], [ 77.979573, 29.7748155 ], [ 77.9847502, 29.779696 ], [ 77.985592, 29.77878 ] ] ] } },
{ "type": "Feature", "properties": { "gp_code": "23448", "gp_name": "KUWAN KHERA", "blkname": "LAKSAR", "dtname": "Haridwar", "SHAPE_Area": 5709743.8388097938 }, "geometry": { "type": "Polygon", "coordinates": [ [ [ 77.9759839, 29.7771994 ], [ 77.979573, 29.7748155 ], [ 77.9771514, 29.771966 ], [ 77.9795688, 29.7704413 ], [ 77.9798874, 29.7707993 ], [ 77.9840947, 29.7680566 ], [ 77.9839477, 29.7677399 ], [ 77.9849644, 29.7667786 ], [ 77.9860168, 29.7672112 ], [ 77.9872928, 29.7667475 ], [ 77.9880818, 29.7672814 ], [ 77.9894205, 29.7667626 ], [ 77.9875998, 29.7640782 ], [ 77.9838823, 29.7601226 ], [ 77.9839551, 29.7597375 ], [ 77.9833435, 29.7589395 ], [ 77.9820284, 29.7581892 ], [ 77.9798727, 29.7562106 ], [ 77.9807773, 29.7548463 ], [ 77.9809605, 29.7535748 ], [ 77.9807189, 29.7528167 ], [ 77.9794401, 29.7517647 ], [ 77.9796091, 29.7505741 ], [ 77.9791982, 29.7499247 ], [ 77.978648, 29.7492704 ], [ 77.9769623, 29.7491812 ], [ 77.9755286, 29.7483717 ], [ 77.9733484, 29.7499249 ], [ 77.9701118, 29.7549131 ], [ 77.966031, 29.7596861 ], [ 77.9649466, 29.7604387 ], [ 77.9680058, 29.7650565 ], [ 77.9665324, 29.7664399 ], [ 77.966235, 29.7668401 ], [ 77.9665764, 29.7675026 ], [ 77.965193, 29.7687912 ], [ 77.9645236, 29.7759822 ], [ 77.9646211, 29.7770754 ], [ 77.9670096, 29.7771174 ], [ 77.9671785, 29.776566 ], [ 77.9721518, 29.7759302 ], [ 77.9724569, 29.7755866 ], [ 77.9743749, 29.7760269 ], [ 77.9759839, 29.7771994 ] ] ] } },
{ "type": "Feature", "properties": { "gp_code": "23453", "gp_name": "MOHD. PUR BUJURG AH (GAIR ABAD)", "blkname": "LAKSAR", "dtname": "Haridwar", "SHAPE_Area": 5792002.9635035386 }, "geometry": { "type": "Polygon", "coordinates": [ [ [ 77.9783373, 29.7931722 ], [ 77.9875822, 29.7853238 ], [ 77.9867408, 29.7828059 ], [ 77.9861436, 29.7821315 ], [ 77.9864056, 29.7818114 ], [ 77.9861427, 29.7812754 ], [ 77.9885392, 29.780442 ], [ 77.9911713, 29.7790285 ], [ 77.9913089, 29.7777045 ], [ 77.9867187, 29.7793949 ], [ 77.985592, 29.77878 ], [ 77.9847502, 29.779696 ], [ 77.979573, 29.7748155 ], [ 77.9759839, 29.7771994 ], [ 77.9743749, 29.7760269 ], [ 77.9724569, 29.7755866 ], [ 77.9721518, 29.7759302 ], [ 77.9671785, 29.776566 ], [ 77.9670096, 29.7771174 ], [ 77.9641725, 29.7770946 ], [ 77.9603772, 29.7756002 ], [ 77.9589583, 29.7774946 ], [ 77.9595264, 29.7786805 ], [ 77.9566864, 29.7804901 ], [ 77.9580014, 29.7828517 ], [ 77.9579672, 29.783558 ], [ 77.9618533, 29.7871996 ], [ 77.9622907, 29.7884748 ], [ 77.963178, 29.7892763 ], [ 77.9637647, 29.7888656 ], [ 77.964245, 29.7891409 ], [ 77.9666774, 29.7885707 ], [ 77.9691087, 29.7912517 ], [ 77.9695477, 29.7928196 ], [ 77.9723187, 29.7969805 ], [ 77.9744071, 29.7961184 ], [ 77.9742902, 29.7952464 ], [ 77.9783373, 29.7931722 ] ] ] } },
{ "type": "Feature", "properties": { "gp_code": "23454", "gp_name": "MUBARAKPUR ALIPUR", "blkname": "LAKSAR", "dtname": "Haridwar", "SHAPE_Area": 4502661.3699314576 }, "geometry": { "type": "Polygon", "coordinates": [ [ [ 77.9802619, 29.8047958 ], [ 77.9830162, 29.8035922 ], [ 77.9834617, 29.8040099 ], [ 77.9849152, 29.8034251 ], [ 77.9866108, 29.8020754 ], [ 77.9856461, 29.8011067 ], [ 77.9871099, 29.7998344 ], [ 77.9869241, 29.7995964 ], [ 77.9872767, 29.7993406 ], [ 77.9879091, 29.7996379 ], [ 77.9899147, 29.7985656 ], [ 77.9904091, 29.7975822 ], [ 77.9955724, 29.793134 ], [ 77.9980283, 29.7904881 ], [ 77.9967543, 29.7877639 ], [ 77.9959735, 29.7870161 ], [ 77.9966042, 29.7848864 ], [ 77.9963023, 29.7846841 ], [ 77.9968439, 29.7835834 ], [ 77.9934916, 29.7816232 ], [ 77.9931712, 29.7818067 ], [ 77.9911713, 29.7790285 ], [ 77.9885392, 29.780442 ], [ 77.9861427, 29.7812754 ], [ 77.9864056, 29.7818114 ], [ 77.9861436, 29.7821315 ], [ 77.9867408, 29.7828059 ], [ 77.9875822, 29.7853238 ], [ 77.9807083, 29.7908845 ], [ 77.9783373, 29.7931722 ], [ 77.9742902, 29.7952464 ], [ 77.9744071, 29.7961184 ], [ 77.9723187, 29.7969805 ], [ 77.9752967, 29.8003329 ], [ 77.973561, 29.8010636 ], [ 77.9776859, 29.8049623 ], [ 77.9794307, 29.8061912 ], [ 77.9804617, 29.8051637 ], [ 77.9802619, 29.8047958 ] ] ] } },
{ "type": "Feature", "properties": { "gp_code": "23449", "gp_name": "LADPUR KALAN", "blkname": "LAKSAR", "dtname": "Haridwar", "SHAPE_Area": 4614738.6624618573 }, "geometry": { "type": "Polygon", "coordinates": [ [ [ 77.9831996, 29.8140164 ], [ 77.9809542, 29.8114336 ], [ 77.9838563, 29.8102364 ], [ 77.9841858, 29.8106019 ], [ 77.9878791, 29.809044 ], [ 77.989223, 29.8075899 ], [ 77.994979, 29.8085582 ], [ 77.9959336, 29.8077642 ], [ 77.9981358, 29.8047166 ], [ 77.9990269, 29.8051036 ], [ 77.9994832, 29.80742 ], [ 78.0015677, 29.8083687 ], [ 78.0017707, 29.8080916 ], [ 78.0026242, 29.8053751 ], [ 78.0022958, 29.8044269 ], [ 78.0028669, 29.8031026 ], [ 78.0011224, 29.8014834 ], [ 78.0004013, 29.7988983 ], [ 78.0007854, 29.7982706 ], [ 77.9955724, 29.793134 ], [ 77.9904091, 29.7975822 ], [ 77.9899147, 29.7985656 ], [ 77.9879091, 29.7996379 ], [ 77.9872767, 29.7993406 ], [ 77.9869241, 29.7995964 ], [ 77.9871099, 29.7998344 ], [ 77.9856461, 29.8011067 ], [ 77.9866108, 29.8020754 ], [ 77.9849152, 29.8034251 ], [ 77.9834617, 29.8040099 ], [ 77.9830162, 29.8035922 ], [ 77.9802619, 29.8047958 ], [ 77.9804617, 29.8051637 ], [ 77.9798656, 29.8055794 ], [ 77.9798631, 29.8059289 ], [ 77.9794307, 29.8061912 ], [ 77.9790832, 29.8059402 ], [ 77.9751519, 29.8107188 ], [ 77.9732795, 29.8124352 ], [ 77.9725624, 29.8128248 ], [ 77.9723329, 29.8125259 ], [ 77.9710021, 29.8135614 ], [ 77.9696122, 29.8175768 ], [ 77.969927, 29.819086 ], [ 77.9715212, 29.8195353 ], [ 77.9734262, 29.8207335 ], [ 77.9732025, 29.8211226 ], [ 77.9735739, 29.8228834 ], [ 77.9777292, 29.8197426 ], [ 77.9802696, 29.817184 ], [ 77.9808362, 29.8162438 ], [ 77.9821209, 29.8156982 ], [ 77.9819434, 29.8148255 ], [ 77.9831996, 29.8140164 ] ] ] } },
{ "type": "Feature", "properties": { "gp_code": "23508", "gp_name": "KALYANPUR URF NARSAN KALAN", "blkname": "LAKSAR", "dtname": "Haridwar", "SHAPE_Area": 3880390.6786511624 }, "geometry": { "type": "Polygon", "coordinates": [ [ [ 77.970855, 29.8137455 ], [ 77.9723329, 29.8125259 ], [ 77.9728126, 29.8127514 ], [ 77.9751519, 29.8107188 ], [ 77.9790832, 29.8059402 ], [ 77.973561, 29.8010636 ], [ 77.9752967, 29.8003329 ], [ 77.9723187, 29.7969805 ], [ 77.9709977, 29.798854 ], [ 77.9688235, 29.8008018 ], [ 77.9666413, 29.801002 ], [ 77.9654284, 29.7986627 ], [ 77.962342, 29.8017249 ], [ 77.9610727, 29.8024956 ], [ 77.9602869, 29.8035733 ], [ 77.9587965, 29.8026808 ], [ 77.9566186, 29.805392 ], [ 77.957265, 29.8055919 ], [ 77.9557676, 29.8071173 ], [ 77.9572888, 29.8080825 ], [ 77.9560932, 29.8092974 ], [ 77.9567355, 29.8097436 ], [ 77.9564729, 29.8105629 ], [ 77.9574168, 29.8109778 ], [ 77.9568081, 29.8118388 ], [ 77.9583309, 29.8127821 ], [ 77.9615331, 29.8139355 ], [ 77.9638787, 29.8157235 ], [ 77.969927, 29.819086 ], [ 77.9696122, 29.8175768 ], [ 77.9705347, 29.8145793 ], [ 77.970855, 29.8137455 ] ] ] } },
{ "type": "Feature", "properties": { "gp_code": "23331", "gp_name": "RANSURA", "blkname": "BAHADRABAD", "dtname": "Haridwar", "SHAPE_Area": 7302333.867128971 }, "geometry": { "type": "Polygon", "coordinates": [ [ [ 77.9846529, 29.8415306 ], [ 77.9874124, 29.8383761 ], [ 77.9829906, 29.8348422 ], [ 77.9829369, 29.8343216 ], [ 77.9841193, 29.8311972 ], [ 77.9855417, 29.8290337 ], [ 77.9889114, 29.827605 ], [ 77.9893138, 29.8262647 ], [ 77.9860926, 29.8247012 ], [ 77.9866272, 29.8227567 ], [ 77.9821209, 29.8156982 ], [ 77.9808362, 29.8162438 ], [ 77.9802696, 29.817184 ], [ 77.9777292, 29.8197426 ], [ 77.9735739, 29.8228834 ], [ 77.9732025, 29.8211226 ], [ 77.9734262, 29.8207335 ], [ 77.9715212, 29.8195353 ], [ 77.969927, 29.819086 ], [ 77.9578986, 29.8308852 ], [ 77.9665265, 29.8359822 ], [ 77.9689476, 29.8412885 ], [ 77.9713581, 29.8413373 ], [ 77.9714819, 29.8410756 ], [ 77.9721425, 29.8412865 ], [ 77.9725768, 29.8405222 ], [ 77.9755307, 29.8427053 ], [ 77.9802881, 29.847669 ], [ 77.9855832, 29.8421081 ], [ 77.9846529, 29.8415306 ] ] ] } },
{ "type": "Feature", "properties": { "gp_code": "23338", "gp_name": "SANGHIPUR", "blkname": "BAHADRABAD", "dtname": "Haridwar", "SHAPE_Area": 2297766.5716078118 }, "geometry": { "type": "Polygon", "coordinates": [ [ [ 78.0026129, 29.8219387 ], [ 78.0009975, 29.8199607 ], [ 77.9991395, 29.8168625 ], [ 77.9977558, 29.8183272 ], [ 77.9933927, 29.8195276 ], [ 77.9907884, 29.8166292 ], [ 77.9846938, 29.811882 ], [ 77.9870987, 29.8106207 ], [ 77.9862607, 29.8097123 ], [ 77.9841858, 29.8106019 ], [ 77.9838563, 29.8102364 ], [ 77.9809542, 29.8114336 ], [ 77.9831996, 29.8140164 ], [ 77.9819434, 29.8148255 ], [ 77.9821209, 29.8156982 ], [ 77.9866272, 29.8227567 ], [ 77.9860926, 29.8247012 ], [ 77.9889326, 29.8261106 ], [ 77.9909728, 29.8264477 ], [ 77.9915158, 29.8262708 ], [ 77.9931352, 29.8269195 ], [ 77.9938715, 29.8264221 ], [ 77.9948533, 29.8272158 ], [ 77.996775, 29.8254516 ], [ 77.9986913, 29.8248975 ], [ 78.0026129, 29.8219387 ] ] ] } },
{ "type": "Feature", "properties": { "gp_code": "23326", "gp_name": "PEETPUR", "blkname": "BAHADRABAD", "dtname": "Haridwar", "SHAPE_Area": 4667807.6339808684 }, "geometry": { "type": "Polygon", "coordinates": [ [ [ 78.0228686, 29.8215541 ], [ 78.0239528, 29.8212712 ], [ 78.0241197, 29.8202857 ], [ 78.0252079, 29.8188111 ], [ 78.0240371, 29.8183755 ], [ 78.0235179, 29.817329 ], [ 78.0237105, 29.8166203 ], [ 78.0110526, 29.80336 ], [ 78.0087786, 29.801559 ], [ 78.0077813, 29.8026939 ], [ 78.0080934, 29.8032171 ], [ 78.0056654, 29.8042122 ], [ 78.0028259, 29.8042171 ], [ 78.0022926, 29.8046232 ], [ 78.0024886, 29.8052414 ], [ 78.004433, 29.8072491 ], [ 78.0043713, 29.8082269 ], [ 78.0025162, 29.8105871 ], [ 78.002978, 29.8112984 ], [ 77.9993366, 29.813197 ], [ 77.998632, 29.814746 ], [ 77.9991988, 29.8160311 ], [ 77.9991395, 29.8168625 ], [ 78.0009975, 29.8199607 ], [ 78.0026129, 29.8219387 ], [ 78.003167, 29.8217448 ], [ 78.0036701, 29.8219567 ], [ 78.0050406, 29.8210224 ], [ 78.0098128, 29.8169531 ], [ 78.0110109, 29.818321 ], [ 78.0131343, 29.8196013 ], [ 78.0153761, 29.8226703 ], [ 78.0187276, 29.8250551 ], [ 78.0195066, 29.8261444 ], [ 78.0213563, 29.827572 ], [ 78.0222318, 29.8268789 ], [ 78.0231576, 29.8242437 ], [ 78.0233293, 29.8234229 ], [ 78.0228686, 29.8215541 ] ] ] } },
{ "type": "Feature", "properties": { "gp_code": "23286", "gp_name": "ALAWALPUR", "blkname": "BAHADRABAD", "dtname": "Haridwar", "SHAPE_Area": 10434260.143449318 }, "geometry": { "type": "Polygon", "coordinates": [ [ [ 78.0144956, 29.8540349 ], [ 78.0156828, 29.854405 ], [ 78.0161712, 29.854095 ], [ 78.0153409, 29.8526694 ], [ 78.0151193, 29.8514225 ], [ 78.0154589, 29.8509725 ], [ 78.0148195, 29.8494177 ], [ 78.0179645, 29.8463885 ], [ 78.018692, 29.8452915 ], [ 78.0192141, 29.8428819 ], [ 78.0188943, 29.8411795 ], [ 78.0192891, 29.83917 ], [ 78.0188625, 29.8375321 ], [ 78.0183344, 29.8365644 ], [ 78.0170205, 29.8356333 ], [ 78.0168537, 29.8352033 ], [ 78.0173762, 29.8332414 ], [ 78.0164296, 29.8329467 ], [ 78.0151304, 29.8318083 ], [ 78.0158109, 29.8317475 ], [ 78.0164268, 29.8310144 ], [ 78.016246, 29.8295837 ], [ 78.0166816, 29.8287957 ], [ 78.0167884, 29.8275561 ], [ 78.0194532, 29.8282833 ], [ 78.0210802, 29.8280629 ], [ 78.0213563, 29.827572 ], [ 78.0195066, 29.8261444 ], [ 78.0187276, 29.8250551 ], [ 78.0153761, 29.8226703 ], [ 78.0131343, 29.8196013 ], [ 78.0110109, 29.818321 ], [ 78.0098128, 29.8169531 ], [ 78.0050406, 29.8210224 ], [ 78.0036701, 29.8219567 ], [ 78.0029228, 29.8217418 ], [ 77.9986913, 29.8248975 ], [ 77.996775, 29.8254516 ], [ 77.9948533, 29.8272158 ], [ 77.9938715, 29.8264221 ], [ 77.9931352, 29.8269195 ], [ 77.9915158, 29.8262708 ], [ 77.9893138, 29.8262647 ], [ 77.9889114, 29.827605 ], [ 77.9855417, 29.8290337 ], [ 77.9841193, 29.8311972 ], [ 77.9829369, 29.8343216 ], [ 77.9829906, 29.8348422 ], [ 77.9879867, 29.8389121 ], [ 77.9898011, 29.83714 ], [ 77.9922605, 29.8381113 ], [ 77.996374, 29.8414582 ], [ 77.9986912, 29.8419004 ], [ 78.0000127, 29.8446533 ], [ 78.0024852, 29.8460828 ], [ 78.003347, 29.8469492 ], [ 78.0054441, 29.847087 ], [ 78.006632, 29.8483459 ], [ 78.0070391, 29.849786 ], [ 78.0081495, 29.850695 ], [ 78.0073796, 29.8518385 ], [ 78.0134545, 29.8556053 ], [ 78.0145397, 29.8550427 ], [ 78.0144956, 29.8540349 ] ] ] } },
{ "type": "Feature", "properties": { "gp_code": "23312", "gp_name": "KASAMPUR", "blkname": "BAHADRABAD", "dtname": "Haridwar", "SHAPE_Area": 1682252.6541464864 }, "geometry": { "type": "Polygon", "coordinates": [ [ [ 77.9922605, 29.8381113 ], [ 77.9898011, 29.83714 ], [ 77.9881186, 29.8388681 ], [ 77.9874124, 29.8383761 ], [ 77.9847029, 29.841712 ], [ 77.9864811, 29.8428295 ], [ 77.9909937, 29.8448118 ], [ 77.9931622, 29.8450581 ], [ 77.9946961, 29.8464628 ], [ 77.9952643, 29.8477876 ], [ 77.9960014, 29.8482837 ], [ 78.0073796, 29.8518385 ], [ 78.0081495, 29.850695 ], [ 78.0070391, 29.849786 ], [ 78.0067725, 29.848532 ], [ 78.0056083, 29.8472142 ], [ 78.003347, 29.8469492 ], [ 78.0024852, 29.8460828 ], [ 78.0011462, 29.8455363 ], [ 77.9997115, 29.8443665 ], [ 77.9986912, 29.8419004 ], [ 77.9957112, 29.8410885 ], [ 77.9922605, 29.8381113 ] ] ] } },
{ "type": "Feature", "properties": { "gp_code": "23297", "gp_name": "BODAHEDI", "blkname": "BAHADRABAD", "dtname": "Haridwar", "SHAPE_Area": 8819370.1145604141 }, "geometry": { "type": "Polygon", "coordinates": [ [ [ 78.0147629, 29.8685731 ], [ 78.0164553, 29.8647956 ], [ 78.0116202, 29.8606878 ], [ 78.0096744, 29.8602886 ], [ 78.009719, 29.8593973 ], [ 78.009361, 29.8588827 ], [ 78.0098048, 29.8580685 ], [ 78.0104761, 29.8592815 ], [ 78.0108723, 29.8592995 ], [ 78.0119962, 29.8570554 ], [ 78.0123231, 29.8569146 ], [ 78.0130008, 29.8575022 ], [ 78.0132111, 29.856649 ], [ 78.0135298, 29.8565476 ], [ 78.0134545, 29.8556053 ], [ 78.0061384, 29.8513088 ], [ 77.9960014, 29.8482837 ], [ 77.9952643, 29.8477876 ], [ 77.9946961, 29.8464628 ], [ 77.9931622, 29.8450581 ], [ 77.9909937, 29.8448118 ], [ 77.9864811, 29.8428295 ], [ 77.9855832, 29.8421081 ], [ 77.9820061, 29.8461306 ], [ 77.9784777, 29.8494799 ], [ 77.9779869, 29.8492949 ], [ 77.9744221, 29.8511414 ], [ 77.9780878, 29.8527799 ], [ 77.9797522, 29.8540113 ], [ 77.9837235, 29.8585508 ], [ 77.9903324, 29.8653028 ], [ 77.9965398, 29.8602346 ], [ 77.9979064, 29.8613667 ], [ 77.9974027, 29.8620433 ], [ 77.9981918, 29.8627464 ], [ 77.9967627, 29.864412 ], [ 77.9978386, 29.8655216 ], [ 77.9973973, 29.866074 ], [ 78.0001333, 29.8678317 ], [ 78.0025156, 29.8665992 ], [ 78.0038939, 29.8665139 ], [ 78.0048369, 29.8675063 ], [ 78.0043854, 29.8697258 ], [ 78.0100123, 29.8778067 ], [ 78.0117543, 29.8795715 ], [ 78.0126827, 29.8770426 ], [ 78.0133555, 29.8736473 ], [ 78.0144933, 29.8712293 ], [ 78.0147629, 29.8685731 ] ] ] } },
{ "type": "Feature", "properties": { "gp_code": "23555", "gp_name": "MARGOOBPUR DEEDAHERI", "blkname": "ROORKEE", "dtname": "Haridwar", "SHAPE_Area": 4010616.1482398943 }, "geometry": { "type": "Polygon", "coordinates": [ [ [ 77.9942289, 29.8741946 ], [ 77.99846, 29.8669199 ], [ 77.9973973, 29.866074 ], [ 77.9978386, 29.8655216 ], [ 77.9967627, 29.864412 ], [ 77.9981918, 29.8627464 ], [ 77.9974027, 29.8620433 ], [ 77.9979064, 29.8613667 ], [ 77.9965398, 29.8602346 ], [ 77.9903324, 29.8653028 ], [ 77.9837235, 29.8585508 ], [ 77.9787713, 29.8625104 ], [ 77.9783081, 29.8621638 ], [ 77.9772229, 29.8631047 ], [ 77.9753606, 29.861347 ], [ 77.9728214, 29.8628412 ], [ 77.9756062, 29.8652592 ], [ 77.9762369, 29.8673031 ], [ 77.9738225, 29.8687515 ], [ 77.9740544, 29.8692097 ], [ 77.9729048, 29.8698339 ], [ 77.973196, 29.8704197 ], [ 77.9724844, 29.8713734 ], [ 77.9753571, 29.8719802 ], [ 77.9806419, 29.8719788 ], [ 77.9844654, 29.8730605 ], [ 77.9860609, 29.874913 ], [ 77.9873927, 29.8771126 ], [ 77.9899894, 29.878947 ], [ 77.9942289, 29.8741946 ] ] ] } },
{ "type": "Feature", "properties": { "gp_code": "", "gp_name": "", "blkname": "ROORKEE", "dtname": "Haridwar", "SHAPE_Area": 639303.07329735102 }, "geometry": { "type": "Polygon", "coordinates": [ [ [ 77.9831438, 29.875433 ], [ 77.9852902, 29.8739735 ], [ 77.9844654, 29.8730605 ], [ 77.9806419, 29.8719788 ], [ 77.9753571, 29.8719802 ], [ 77.9724844, 29.8713734 ], [ 77.9727633, 29.8719869 ], [ 77.9722321, 29.8721364 ], [ 77.9731298, 29.8742631 ], [ 77.9755804, 29.8744339 ], [ 77.9756063, 29.875217 ], [ 77.9781978, 29.8763584 ], [ 77.9797394, 29.8781716 ], [ 77.9808517, 29.8775754 ], [ 77.9831438, 29.875433 ] ] ] } },
{ "type": "Feature", "properties": { "gp_code": "23558", "gp_name": "MIRZAPUR MUSTAFABAD", "blkname": "ROORKEE", "dtname": "Haridwar", "SHAPE_Area": 1100711.2175375922 }, "geometry": { "type": "Polygon", "coordinates": [ [ [ 77.9837235, 29.8585508 ], [ 77.9797522, 29.8540113 ], [ 77.9780878, 29.8527799 ], [ 77.9754558, 29.8517033 ], [ 77.9754806, 29.8529949 ], [ 77.9738893, 29.853334 ], [ 77.9741216, 29.8543614 ], [ 77.9733138, 29.8547012 ], [ 77.973494, 29.8551742 ], [ 77.9723173, 29.8563981 ], [ 77.9722707, 29.8575197 ], [ 77.9719078, 29.8576821 ], [ 77.9725109, 29.8591155 ], [ 77.9739815, 29.8606223 ], [ 77.9745069, 29.8618943 ], [ 77.9753606, 29.861347 ], [ 77.9772229, 29.8631047 ], [ 77.9783081, 29.8621638 ], [ 77.9787713, 29.8625104 ], [ 77.9837235, 29.8585508 ] ] ] } },
{ "type": "Feature", "properties": { "gp_code": "245195", "gp_name": "NAGALA KHURD", "blkname": "BAHADRABAD", "dtname": "Haridwar", "SHAPE_Area": 1099263.9601242463 }, "geometry": { "type": "Polygon", "coordinates": [ [ [ 77.9802881, 29.847669 ], [ 77.9755307, 29.8427053 ], [ 77.9725768, 29.8405222 ], [ 77.9721425, 29.8412865 ], [ 77.9714819, 29.8410756 ], [ 77.9713581, 29.8413373 ], [ 77.9689476, 29.8412885 ], [ 77.9683838, 29.8419696 ], [ 77.9691367, 29.8426225 ], [ 77.9684448, 29.8440883 ], [ 77.9695854, 29.8453843 ], [ 77.9691959, 29.8458528 ], [ 77.9698423, 29.8467857 ], [ 77.9690901, 29.8479718 ], [ 77.9700284, 29.8495027 ], [ 77.9715046, 29.8505331 ], [ 77.9744221, 29.8511414 ], [ 77.9779869, 29.8492949 ], [ 77.9784777, 29.8494799 ], [ 77.9802881, 29.847669 ] ] ] } },
{ "type": "Feature", "properties": { "gp_code": "245204", "gp_name": "HALUWA HEDI", "blkname": "ROORKEE", "dtname": "Haridwar", "SHAPE_Area": 974155.30806108995 }, "geometry": { "type": "Polygon", "coordinates": [ [ [ 77.9724844, 29.8713734 ], [ 77.973196, 29.8704197 ], [ 77.9729048, 29.8698339 ], [ 77.9740544, 29.8692097 ], [ 77.9738225, 29.8687515 ], [ 77.9762369, 29.8673031 ], [ 77.9756062, 29.8652592 ], [ 77.9749976, 29.8646924 ], [ 77.9734726, 29.8636633 ], [ 77.9728214, 29.8628412 ], [ 77.9691049, 29.8646238 ], [ 77.9663873, 29.8638181 ], [ 77.9637473, 29.8637982 ], [ 77.9638076, 29.8669032 ], [ 77.967243, 29.8691661 ], [ 77.968406, 29.8712172 ], [ 77.9724844, 29.8713734 ] ] ] } },
{ "type": "Feature", "properties": { "gp_code": "23542", "gp_name": "DHANDHERI KHWAZGIPUR", "blkname": "ROORKEE", "dtname": "Haridwar", "SHAPE_Area": 8306868.4355588937 }, "geometry": { "type": "Polygon", "coordinates": [ [ [ 77.967243, 29.8691661 ], [ 77.9638076, 29.8669032 ], [ 77.9637473, 29.8637982 ], [ 77.9663873, 29.8638181 ], [ 77.9691049, 29.8646238 ], [ 77.9745069, 29.8618943 ], [ 77.9739815, 29.8606223 ], [ 77.9725109, 29.8591155 ], [ 77.9719078, 29.8576821 ], [ 77.9722707, 29.8575197 ], [ 77.9723173, 29.8563981 ], [ 77.973494, 29.8551742 ], [ 77.9733138, 29.8547012 ], [ 77.9741216, 29.8543614 ], [ 77.9738893, 29.853334 ], [ 77.9754806, 29.8529949 ], [ 77.9754558, 29.8517033 ], [ 77.9733243, 29.8508077 ], [ 77.9715046, 29.8505331 ], [ 77.9700284, 29.8495027 ], [ 77.9690901, 29.8479718 ], [ 77.9698423, 29.8467857 ], [ 77.9691959, 29.8458528 ], [ 77.9695854, 29.8453843 ], [ 77.9684448, 29.8440883 ], [ 77.9691367, 29.8426225 ], [ 77.9683838, 29.8419696 ], [ 77.9689476, 29.8412885 ], [ 77.9673047, 29.8377179 ], [ 77.9587208, 29.8491755 ], [ 77.9574247, 29.8504471 ], [ 77.956219, 29.8536102 ], [ 77.9535323, 29.8549609 ], [ 77.953977, 29.8555297 ], [ 77.9479052, 29.8597144 ], [ 77.9436302, 29.8649823 ], [ 77.9459049, 29.8666219 ], [ 77.9456689, 29.8669462 ], [ 77.9463842, 29.868039 ], [ 77.9461385, 29.8681673 ], [ 77.9487251, 29.8733429 ], [ 77.9479118, 29.8741767 ], [ 77.9480342, 29.8744758 ], [ 77.9523872, 29.8785647 ], [ 77.9565289, 29.8749126 ], [ 77.9600526, 29.8735423 ], [ 77.967243, 29.8691661 ] ] ] } },
{ "type": "Feature", "properties": { "gp_code": "23488", "gp_name": "KHATKA", "blkname": "NARSAN", "dtname": "Haridwar", "SHAPE_Area": 6028150.0498340772 }, "geometry": { "type": "Polygon", "coordinates": [ [ [ 77.9587208, 29.8491755 ], [ 77.9581902, 29.8450767 ], [ 77.9570653, 29.8439132 ], [ 77.9540851, 29.83885 ], [ 77.9484432, 29.8332864 ], [ 77.9471612, 29.8334973 ], [ 77.9468783, 29.8332928 ], [ 77.9455472, 29.8338565 ], [ 77.9450687, 29.8332885 ], [ 77.9390509, 29.8357291 ], [ 77.9358655, 29.833151 ], [ 77.9356868, 29.8333389 ], [ 77.9323695, 29.8318007 ], [ 77.9306829, 29.8333985 ], [ 77.9268012, 29.8309377 ], [ 77.9257361, 29.8317118 ], [ 77.9347644, 29.8397624 ], [ 77.9381893, 29.8448282 ], [ 77.9376412, 29.8467672 ], [ 77.938325, 29.8468295 ], [ 77.9398222, 29.8492156 ], [ 77.9428578, 29.8522686 ], [ 77.946821, 29.8584965 ], [ 77.9479052, 29.8597144 ], [ 77.953977, 29.8555297 ], [ 77.9535323, 29.8549609 ], [ 77.956219, 29.8536102 ], [ 77.9574247, 29.8504471 ], [ 77.9587208, 29.8491755 ] ] ] } },
{ "type": "Feature", "properties": { "gp_code": "23534", "gp_name": "BRAHMPUR SHANKARPURI", "blkname": "ROORKEE", "dtname": "Haridwar", "SHAPE_Area": 3415764.347748335 }, "geometry": { "type": "Polygon", "coordinates": [ [ [ 77.9287409, 29.8704662 ], [ 77.9296024, 29.8684958 ], [ 77.9317582, 29.870383 ], [ 77.9314463, 29.8706349 ], [ 77.9328367, 29.8721217 ], [ 77.9331447, 29.8729342 ], [ 77.9338693, 29.8708535 ], [ 77.9351582, 29.8709847 ], [ 77.935128, 29.8701756 ], [ 77.9344991, 29.869361 ], [ 77.9345789, 29.868843 ], [ 77.935012, 29.8684634 ], [ 77.9364936, 29.868392 ], [ 77.937012, 29.8679661 ], [ 77.9330867, 29.8643921 ], [ 77.9312515, 29.8621294 ], [ 77.9236628, 29.8629951 ], [ 77.9224691, 29.8636584 ], [ 77.9204466, 29.8622769 ], [ 77.9192428, 29.8633743 ], [ 77.9166394, 29.8637386 ], [ 77.9147365, 29.8672739 ], [ 77.9149453, 29.8684873 ], [ 77.913173, 29.870231 ], [ 77.9154867, 29.8721849 ], [ 77.9192655, 29.8763535 ], [ 77.9154222, 29.8783527 ], [ 77.9157295, 29.8789845 ], [ 77.9169258, 29.8793179 ], [ 77.9184495, 29.8804179 ], [ 77.9251769, 29.8765023 ], [ 77.9296367, 29.8744006 ], [ 77.9295107, 29.8729093 ], [ 77.9287409, 29.8704662 ] ] ] } },
{ "type": "Feature", "properties": { "gp_code": "", "gp_name": "", "blkname": "ROORKEE", "dtname": "Haridwar", "SHAPE_Area": 681464.06532727065 }, "geometry": { "type": "Polygon", "coordinates": [ [ [ 77.9166394, 29.8637386 ], [ 77.9129561, 29.8610163 ], [ 77.9106338, 29.8659027 ], [ 77.9086432, 29.8666149 ], [ 77.9070034, 29.8649529 ], [ 77.9067693, 29.8654067 ], [ 77.904723, 29.8666239 ], [ 77.9075044, 29.8687609 ], [ 77.9086694, 29.8678402 ], [ 77.9105939, 29.8699096 ], [ 77.9110402, 29.8694408 ], [ 77.9116403, 29.8698836 ], [ 77.913173, 29.870231 ], [ 77.9149453, 29.8684873 ], [ 77.9147365, 29.8672739 ], [ 77.9166394, 29.8637386 ] ] ] } },
{ "type": "Feature", "properties": { "gp_code": "", "gp_name": "", "blkname": "ROORKEE", "dtname": "Haridwar", "SHAPE_Area": 9201544.3033826631 }, "geometry": { "type": "Polygon", "coordinates": [ [ [ 77.9129561, 29.8610163 ], [ 77.911526, 29.8557576 ], [ 77.9084543, 29.8560863 ], [ 77.907171, 29.8504991 ], [ 77.9120506, 29.849909 ], [ 77.9138307, 29.84917 ], [ 77.914775, 29.8482787 ], [ 77.9172448, 29.8470047 ], [ 77.9140233, 29.8437851 ], [ 77.9176402, 29.8409631 ], [ 77.9185246, 29.8406182 ], [ 77.9189662, 29.8405217 ], [ 77.9217694, 29.8418629 ], [ 77.9265991, 29.8454149 ], [ 77.9290199, 29.8450093 ], [ 77.9293831, 29.8446944 ], [ 77.9294408, 29.8440644 ], [ 77.9281475, 29.8422757 ], [ 77.9276967, 29.8408265 ], [ 77.9256085, 29.8385327 ], [ 77.9190788, 29.8327414 ], [ 77.913064, 29.8377715 ], [ 77.9073246, 29.8415566 ], [ 77.9072867, 29.8411588 ], [ 77.9094516, 29.8381958 ], [ 77.9089961, 29.8376603 ], [ 77.9078787, 29.8382275 ], [ 77.9082793, 29.8391829 ], [ 77.906831, 29.8410905 ], [ 77.9037554, 29.8427276 ], [ 77.8996369, 29.8440399 ], [ 77.8999386, 29.8443964 ], [ 77.8868491, 29.8484439 ], [ 77.8855623, 29.8420958 ], [ 77.880385, 29.8448602 ], [ 77.8800083, 29.8454889 ], [ 77.8823277, 29.8479484 ], [ 77.8816502, 29.8482144 ], [ 77.881775, 29.8492902 ], [ 77.8809087, 29.8490174 ], [ 77.8828159, 29.8562155 ], [ 77.8826266, 29.8566077 ], [ 77.8814912, 29.856811 ], [ 77.8826138, 29.8621844 ], [ 77.8864479, 29.8615159 ], [ 77.8977882, 29.8606798 ], [ 77.9010136, 29.8612716 ], [ 77.905435, 29.8591065 ], [ 77.9067413, 29.8619544 ], [ 77.9084118, 29.8639916 ], [ 77.9070034, 29.8649529 ], [ 77.9086432, 29.8666149 ], [ 77.9106338, 29.8659027 ], [ 77.9129561, 29.8610163 ] ] ] } },
{ "type": "Feature", "properties": { "gp_code": "23547", "gp_name": "JALALPUR MUSTKAM", "blkname": "ROORKEE", "dtname": "Haridwar", "SHAPE_Area": 1121083.0857965227 }, "geometry": { "type": "Polygon", "coordinates": [ [ [ 77.9156161, 29.8425149 ], [ 77.9140233, 29.8437851 ], [ 77.9172448, 29.8470047 ], [ 77.9155636, 29.8478719 ], [ 77.918422, 29.8500058 ], [ 77.9201814, 29.8523804 ], [ 77.921272, 29.8522226 ], [ 77.9245205, 29.8544866 ], [ 77.9254448, 29.854569 ], [ 77.9299701, 29.8596835 ], [ 77.9318338, 29.8566162 ], [ 77.927642, 29.8518754 ], [ 77.926166, 29.8507538 ], [ 77.9258185, 29.8510974 ], [ 77.9226395, 29.8482125 ], [ 77.9207536, 29.8460155 ], [ 77.9204431, 29.8462351 ], [ 77.9190867, 29.8453983 ], [ 77.9156161, 29.8425149 ] ] ] } },
{ "type": "Feature", "properties": { "gp_code": "23533", "gp_name": "BHANGEDI MAHAWATPUR", "blkname": "ROORKEE", "dtname": "Haridwar", "SHAPE_Area": 2970488.4848510851 }, "geometry": { "type": "Polygon", "coordinates": [ [ [ 77.9236628, 29.8629951 ], [ 77.9312515, 29.8621294 ], [ 77.9299701, 29.8596835 ], [ 77.9254448, 29.854569 ], [ 77.9245205, 29.8544866 ], [ 77.921272, 29.8522226 ], [ 77.9201814, 29.8523804 ], [ 77.918422, 29.8500058 ], [ 77.9155636, 29.8478719 ], [ 77.9138307, 29.84917 ], [ 77.9120506, 29.849909 ], [ 77.907171, 29.8504991 ], [ 77.9084543, 29.8560863 ], [ 77.911526, 29.8557576 ], [ 77.9129561, 29.8610163 ], [ 77.9166394, 29.8637386 ], [ 77.9192428, 29.8633743 ], [ 77.9204466, 29.8622769 ], [ 77.9224691, 29.8636584 ], [ 77.9236628, 29.8629951 ] ] ] } },
{ "type": "Feature", "properties": { "gp_code": "275677", "gp_name": "TODA KALYANPUR Ahat", "blkname": "ROORKEE", "dtname": "Haridwar", "SHAPE_Area": 6148342.2386570284 }, "geometry": { "type": "Polygon", "coordinates": [ [ [ 77.9442969, 29.8639392 ], [ 77.9479052, 29.8597144 ], [ 77.946821, 29.8584965 ], [ 77.9428578, 29.8522686 ], [ 77.9398222, 29.8492156 ], [ 77.938325, 29.8468295 ], [ 77.9376412, 29.8467672 ], [ 77.9381893, 29.8448282 ], [ 77.9347644, 29.8397624 ], [ 77.9279605, 29.8335627 ], [ 77.9257361, 29.8317118 ], [ 77.9253124, 29.8318163 ], [ 77.921395, 29.8348266 ], [ 77.9256085, 29.8385327 ], [ 77.9276967, 29.8408265 ], [ 77.9281475, 29.8422757 ], [ 77.9294408, 29.8440644 ], [ 77.9293831, 29.8446944 ], [ 77.9290199, 29.8450093 ], [ 77.9265991, 29.8454149 ], [ 77.9229246, 29.8425877 ], [ 77.9189662, 29.8405217 ], [ 77.9176402, 29.8409631 ], [ 77.9156161, 29.8425149 ], [ 77.9190867, 29.8453983 ], [ 77.9204431, 29.8462351 ], [ 77.9207536, 29.8460155 ], [ 77.9226395, 29.8482125 ], [ 77.9258185, 29.8510974 ], [ 77.926166, 29.8507538 ], [ 77.927642, 29.8518754 ], [ 77.9318338, 29.8566162 ], [ 77.9299701, 29.8596835 ], [ 77.9323563, 29.8635852 ], [ 77.937012, 29.8679661 ], [ 77.9379153, 29.8671757 ], [ 77.9378762, 29.8664946 ], [ 77.9382983, 29.86569 ], [ 77.9397679, 29.8650654 ], [ 77.9407988, 29.8640381 ], [ 77.9419692, 29.863785 ], [ 77.9422754, 29.8634276 ], [ 77.9442969, 29.8639392 ] ] ] } },
{ "type": "Feature", "properties": { "gp_code": "23505", "gp_name": "NAGLA IMARTI", "blkname": "NARSAN", "dtname": "Haridwar", "SHAPE_Area": 3439652.6530634221 }, "geometry": { "type": "Polygon", "coordinates": [ [ [ 77.921395, 29.8348266 ], [ 77.9236188, 29.8328945 ], [ 77.9264673, 29.8312305 ], [ 77.9272935, 29.8304251 ], [ 77.9272593, 29.8299423 ], [ 77.925448, 29.8280725 ], [ 77.9247903, 29.8260379 ], [ 77.9264043, 29.8246129 ], [ 77.9250112, 29.8236618 ], [ 77.9248341, 29.8238619 ], [ 77.9231368, 29.822985 ], [ 77.9227587, 29.8231643 ], [ 77.9194952, 29.8201804 ], [ 77.9199826, 29.8197632 ], [ 77.9167052, 29.8167804 ], [ 77.9154922, 29.8171143 ], [ 77.9133437, 29.8157293 ], [ 77.9122121, 29.8171692 ], [ 77.9112703, 29.8165899 ], [ 77.9096106, 29.8177889 ], [ 77.9122397, 29.8211428 ], [ 77.9094327, 29.8234262 ], [ 77.9083824, 29.8224283 ], [ 77.906094, 29.8239885 ], [ 77.9088636, 29.8264004 ], [ 77.9086672, 29.8266207 ], [ 77.9089392, 29.8269081 ], [ 77.9070166, 29.8284387 ], [ 77.9133082, 29.8340556 ], [ 77.9149961, 29.8361012 ], [ 77.9190788, 29.8327414 ], [ 77.921395, 29.8348266 ] ] ] } },
{ "type": "Feature", "properties": { "gp_code": "23487", "gp_name": "JORASI JABARDASTPUR", "blkname": "NARSAN", "dtname": "Haridwar", "SHAPE_Area": 11143807.023322968 }, "geometry": { "type": "Polygon", "coordinates": [ [ [ 77.9665265, 29.8359822 ], [ 77.9578986, 29.8308852 ], [ 77.969927, 29.819086 ], [ 77.9638787, 29.8157235 ], [ 77.9615331, 29.8139355 ], [ 77.9583309, 29.8127821 ], [ 77.9568081, 29.8118388 ], [ 77.9574168, 29.8109778 ], [ 77.9564729, 29.8105629 ], [ 77.9567355, 29.8097436 ], [ 77.9560932, 29.8092974 ], [ 77.9572888, 29.8080825 ], [ 77.9557676, 29.8071173 ], [ 77.9538207, 29.8081471 ], [ 77.9445976, 29.8150228 ], [ 77.9416448, 29.8168656 ], [ 77.9387819, 29.818086 ], [ 77.9374477, 29.8173292 ], [ 77.9368867, 29.8181039 ], [ 77.9381126, 29.8193099 ], [ 77.931204, 29.8237206 ], [ 77.925448, 29.8280725 ], [ 77.9273917, 29.8302046 ], [ 77.9268012, 29.8309377 ], [ 77.9306829, 29.8333985 ], [ 77.9323695, 29.8318007 ], [ 77.9356868, 29.8333389 ], [ 77.9358655, 29.833151 ], [ 77.9390509, 29.8357291 ], [ 77.9450687, 29.8332885 ], [ 77.9455472, 29.8338565 ], [ 77.9468783, 29.8332928 ], [ 77.9471612, 29.8334973 ], [ 77.9484432, 29.8332864 ], [ 77.9540851, 29.83885 ], [ 77.9574511, 29.8444975 ], [ 77.9580103, 29.8447667 ], [ 77.9587208, 29.8491755 ], [ 77.9673047, 29.8377179 ], [ 77.9665265, 29.8359822 ] ] ] } },
{ "type": "Feature", "properties": { "gp_code": "23517", "gp_name": "SHIKARPUR", "blkname": "NARSAN", "dtname": "Haridwar", "SHAPE_Area": 5979174.2888268968 }, "geometry": { "type": "Polygon", "coordinates": [ [ [ 77.9566186, 29.805392 ], [ 77.9587965, 29.8026808 ], [ 77.9602869, 29.8035733 ], [ 77.9610727, 29.8024956 ], [ 77.962342, 29.8017249 ], [ 77.9654284, 29.7986627 ], [ 77.9666413, 29.801002 ], [ 77.9688235, 29.8008018 ], [ 77.9709977, 29.798854 ], [ 77.9723187, 29.7969805 ], [ 77.9695477, 29.7928196 ], [ 77.9691087, 29.7912517 ], [ 77.9666774, 29.7885707 ], [ 77.964245, 29.7891409 ], [ 77.9637647, 29.7888656 ], [ 77.963178, 29.7892763 ], [ 77.9620973, 29.7881673 ], [ 77.9613289, 29.7888706 ], [ 77.9615542, 29.7892892 ], [ 77.9599125, 29.7906034 ], [ 77.9605429, 29.7918106 ], [ 77.9534669, 29.7958764 ], [ 77.9524258, 29.7953233 ], [ 77.945831, 29.7980907 ], [ 77.9431856, 29.8003033 ], [ 77.9389745, 29.8030946 ], [ 77.9365059, 29.8073603 ], [ 77.9383593, 29.8100081 ], [ 77.9398411, 29.8133531 ], [ 77.9408772, 29.8145746 ], [ 77.9400454, 29.8152588 ], [ 77.940573, 29.8159598 ], [ 77.9384674, 29.8179247 ], [ 77.9387819, 29.818086 ], [ 77.9416448, 29.8168656 ], [ 77.9445976, 29.8150228 ], [ 77.9538207, 29.8081471 ], [ 77.9557676, 29.8071173 ], [ 77.957265, 29.8055919 ], [ 77.9566186, 29.805392 ] ] ] } },
{ "type": "Feature", "properties": { "gp_code": "23523", "gp_name": "THITHAULA", "blkname": "NARSAN", "dtname": "Haridwar", "SHAPE_Area": 3976266.4870838858 }, "geometry": { "type": "Polygon", "coordinates": [ [ [ 77.945831, 29.7980907 ], [ 77.9524258, 29.7953233 ], [ 77.9534669, 29.7958764 ], [ 77.9605429, 29.7918106 ], [ 77.9599125, 29.7906034 ], [ 77.9615542, 29.7892892 ], [ 77.9613289, 29.7888706 ], [ 77.9620973, 29.7881673 ], [ 77.9622103, 29.7876336 ], [ 77.9618533, 29.7871996 ], [ 77.9579672, 29.783558 ], [ 77.9580014, 29.7828517 ], [ 77.9566864, 29.7804901 ], [ 77.9513456, 29.7831729 ], [ 77.9505287, 29.782654 ], [ 77.947221, 29.7844974 ], [ 77.9468159, 29.7842682 ], [ 77.9427411, 29.7871794 ], [ 77.9389205, 29.7885398 ], [ 77.9354475, 29.7923981 ], [ 77.935652, 29.7928098 ], [ 77.9345755, 29.793422 ], [ 77.9352277, 29.7942934 ], [ 77.9368115, 29.7945698 ], [ 77.9381631, 29.796946 ], [ 77.9402401, 29.7958526 ], [ 77.9412401, 29.798643 ], [ 77.9425183, 29.7989111 ], [ 77.9431856, 29.8003033 ], [ 77.945831, 29.7980907 ] ] ] } },
{ "type": "Feature", "properties": { "gp_code": "", "gp_name": "", "blkname": "NARSAN", "dtname": "Haridwar", "SHAPE_Area": 1666135.3896878262 }, "geometry": { "type": "Polygon", "coordinates": [ [ [ 77.9649466, 29.7604387 ], [ 77.962492, 29.7594901 ], [ 77.9578961, 29.7585938 ], [ 77.9562912, 29.7605408 ], [ 77.9557983, 29.762751 ], [ 77.9533958, 29.7639624 ], [ 77.9529028, 29.7636593 ], [ 77.952885, 29.7639196 ], [ 77.9536991, 29.7651277 ], [ 77.9549912, 29.7663264 ], [ 77.9554867, 29.766266 ], [ 77.9585219, 29.7692509 ], [ 77.9648417, 29.7726044 ], [ 77.965193, 29.7687912 ], [ 77.9665764, 29.7675026 ], [ 77.966235, 29.7668401 ], [ 77.9665324, 29.7664399 ], [ 77.9680058, 29.7650565 ], [ 77.9649466, 29.7604387 ] ] ] } },
{ "type": "Feature", "properties": { "gp_code": "23507", "gp_name": "NAQIBPUR URF GOSHIPURA", "blkname": "NARSAN", "dtname": "Haridwar", "SHAPE_Area": 9723454.0642647669 }, "geometry": { "type": "Polygon", "coordinates": [ [ [ 77.9369126, 29.7610806 ], [ 77.9399282, 29.7586715 ], [ 77.9407165, 29.7586465 ], [ 77.943677, 29.7568449 ], [ 77.9457532, 29.7561336 ], [ 77.9520786, 29.7527593 ], [ 77.9525167, 29.7508708 ], [ 77.9549336, 29.7485253 ], [ 77.954471, 29.7476307 ], [ 77.9550342, 29.7464201 ], [ 77.9583146, 29.7428276 ], [ 77.9576061, 29.7416509 ], [ 77.9549906, 29.739783 ], [ 77.9527737, 29.7373229 ], [ 77.9547761, 29.7342813 ], [ 77.953556, 29.7335605 ], [ 77.9512176, 29.7356212 ], [ 77.9489799, 29.736184 ], [ 77.9471067, 29.7379559 ], [ 77.9421492, 29.7411653 ], [ 77.9372991, 29.7420474 ], [ 77.9266176, 29.747825 ], [ 77.9233416, 29.751195 ], [ 77.9172437, 29.7558451 ], [ 77.9167372, 29.7564442 ], [ 77.9180443, 29.7572492 ], [ 77.917891, 29.7576303 ], [ 77.9186804, 29.7581836 ], [ 77.9122034, 29.7635617 ], [ 77.9188765, 29.7693623 ], [ 77.9218481, 29.7677527 ], [ 77.9266971, 29.7664708 ], [ 77.9295045, 29.7652938 ], [ 77.9369126, 29.7610806 ] ] ] } },
{ "type": "Feature", "properties": { "gp_code": "23557", "gp_name": "MEHWAD KHURD", "blkname": "NARSAN", "dtname": "Haridwar", "SHAPE_Area": 4217528.3269933127 }, "geometry": { "type": "Polygon", "coordinates": [ [ [ 77.9495785, 29.765178 ], [ 77.9529028, 29.7636593 ], [ 77.9533958, 29.7639624 ], [ 77.9557983, 29.762751 ], [ 77.9562912, 29.7605408 ], [ 77.957038, 29.7594208 ], [ 77.9581648, 29.7585372 ], [ 77.9576762, 29.7582756 ], [ 77.9575627, 29.757778 ], [ 77.9550177, 29.7561725 ], [ 77.9534823, 29.7541785 ], [ 77.9534265, 29.7536587 ], [ 77.9520786, 29.7527593 ], [ 77.9457532, 29.7561336 ], [ 77.943677, 29.7568449 ], [ 77.9407165, 29.7586465 ], [ 77.9399282, 29.7586715 ], [ 77.9369126, 29.7610806 ], [ 77.9295045, 29.7652938 ], [ 77.9266971, 29.7664708 ], [ 77.9218481, 29.7677527 ], [ 77.9188765, 29.7693623 ], [ 77.9241145, 29.7756572 ], [ 77.9262047, 29.7743963 ], [ 77.9259352, 29.7740099 ], [ 77.9269571, 29.77311 ], [ 77.9267726, 29.7727714 ], [ 77.9277947, 29.7722997 ], [ 77.9284262, 29.7715909 ], [ 77.9321463, 29.7698884 ], [ 77.9432739, 29.7666105 ], [ 77.9495785, 29.765178 ] ] ] } },
{ "type": "Feature", "properties": { "gp_code": "23477", "gp_name": "BUKKANPUR", "blkname": "NARSAN", "dtname": "Haridwar", "SHAPE_Area": 3395342.9988397998 }, "geometry": { "type": "Polygon", "coordinates": [ [ [ 77.9519303, 29.773697 ], [ 77.9518917, 29.7684815 ], [ 77.9529028, 29.7636593 ], [ 77.9495785, 29.765178 ], [ 77.9432739, 29.7666105 ], [ 77.9385936, 29.7681876 ], [ 77.9332668, 29.7694833 ], [ 77.9284262, 29.7715909 ], [ 77.9277947, 29.7722997 ], [ 77.9267726, 29.7727714 ], [ 77.9269571, 29.77311 ], [ 77.9259352, 29.7740099 ], [ 77.9275056, 29.7766359 ], [ 77.9251857, 29.778361 ], [ 77.9274439, 29.7805549 ], [ 77.932224, 29.7789853 ], [ 77.9330294, 29.7790245 ], [ 77.9340326, 29.7805338 ], [ 77.9343342, 29.7805443 ], [ 77.9455051, 29.7744925 ], [ 77.9519303, 29.773697 ] ] ] } },
{ "type": "Feature", "properties": { "gp_code": "23481", "gp_name": "GADHARONA", "blkname": "NARSAN", "dtname": "Haridwar", "SHAPE_Area": 8222679.7255735146 }, "geometry": { "type": "Polygon", "coordinates": [ [ [ 77.9333775, 29.7969301 ], [ 77.9352277, 29.7942934 ], [ 77.9345755, 29.793422 ], [ 77.935652, 29.7928098 ], [ 77.9354475, 29.7923981 ], [ 77.9389205, 29.7885398 ], [ 77.9427411, 29.7871794 ], [ 77.9468159, 29.7842682 ], [ 77.947221, 29.7844974 ], [ 77.9505287, 29.782654 ], [ 77.9513456, 29.7831729 ], [ 77.9579688, 29.7798435 ], [ 77.9595264, 29.7786805 ], [ 77.9589583, 29.7774946 ], [ 77.9603772, 29.7756002 ], [ 77.9646211, 29.7770754 ], [ 77.9648417, 29.7726044 ], [ 77.9585219, 29.7692509 ], [ 77.9554867, 29.766266 ], [ 77.9549912, 29.7663264 ], [ 77.9536991, 29.7651277 ], [ 77.9531069, 29.764499 ], [ 77.9529028, 29.7636593 ], [ 77.9518917, 29.7684815 ], [ 77.9519303, 29.773697 ], [ 77.9455051, 29.7744925 ], [ 77.9343342, 29.7805443 ], [ 77.9340326, 29.7805338 ], [ 77.9330294, 29.7790245 ], [ 77.932224, 29.7789853 ], [ 77.9274439, 29.7805549 ], [ 77.9249307, 29.7782243 ], [ 77.9142777, 29.784135 ], [ 77.9146232, 29.784557 ], [ 77.9133794, 29.7852874 ], [ 77.9250399, 29.795617 ], [ 77.9252675, 29.795498 ], [ 77.9267439, 29.796726 ], [ 77.9276045, 29.7960843 ], [ 77.9280107, 29.7964633 ], [ 77.9308006, 29.7943483 ], [ 77.9323128, 29.796093 ], [ 77.9323707, 29.7966333 ], [ 77.9328906, 29.7969365 ], [ 77.9333775, 29.7969301 ] ] ] } },
{ "type": "Feature", "properties": { "gp_code": "23469", "gp_name": "AKABARPUR DHADHEKI", "blkname": "NARSAN", "dtname": "Haridwar", "SHAPE_Area": 6008071.383477686 }, "geometry": { "type": "Polygon", "coordinates": [ [ [ 77.9142777, 29.784135 ], [ 77.9249307, 29.7782243 ], [ 77.9251857, 29.778361 ], [ 77.9265664, 29.7773498 ], [ 77.9275056, 29.7766359 ], [ 77.9267562, 29.775178 ], [ 77.9262047, 29.7743963 ], [ 77.9241145, 29.7756572 ], [ 77.9192202, 29.7696912 ], [ 77.909907, 29.7615077 ], [ 77.9084541, 29.762861 ], [ 77.902899, 29.7591217 ], [ 77.901245, 29.7591364 ], [ 77.9003077, 29.758485 ], [ 77.8988145, 29.7609686 ], [ 77.9010502, 29.7645864 ], [ 77.8991082, 29.7656463 ], [ 77.8990242, 29.7665699 ], [ 77.8969195, 29.7678172 ], [ 77.8953738, 29.7691648 ], [ 77.9008646, 29.7746097 ], [ 77.9020676, 29.776579 ], [ 77.9052839, 29.7799785 ], [ 77.9085091, 29.7830335 ], [ 77.9094887, 29.7826949 ], [ 77.9112754, 29.7849952 ], [ 77.9103182, 29.7856508 ], [ 77.9110787, 29.7864656 ], [ 77.9146232, 29.784557 ], [ 77.9142777, 29.784135 ] ] ] } },
{ "type": "Feature", "properties": { "gp_code": "23485", "gp_name": "JAINPUR JHANJHERI", "blkname": "NARSAN", "dtname": "Haridwar", "SHAPE_Area": 2358399.7155104298 }, "geometry": { "type": "Polygon", "coordinates": [ [ [ 77.9267439, 29.796726 ], [ 77.9252675, 29.795498 ], [ 77.9250399, 29.795617 ], [ 77.9133794, 29.7852874 ], [ 77.9110787, 29.7864656 ], [ 77.9086815, 29.7887125 ], [ 77.9116702, 29.7909869 ], [ 77.9092782, 29.7927649 ], [ 77.9103336, 29.7942336 ], [ 77.911882, 29.7976091 ], [ 77.9150825, 29.8001992 ], [ 77.9168614, 29.8011706 ], [ 77.9177575, 29.8028583 ], [ 77.9185555, 29.8034844 ], [ 77.9193456, 29.8047489 ], [ 77.9218944, 29.8030861 ], [ 77.9222156, 29.8025284 ], [ 77.9215322, 29.8022651 ], [ 77.9226131, 29.8012603 ], [ 77.922258, 29.8009305 ], [ 77.9237008, 29.7997501 ], [ 77.9230285, 29.7991622 ], [ 77.9267439, 29.796726 ] ] ] } },
{ "type": "Feature", "properties": { "gp_code": "", "gp_name": "", "blkname": "NARSAN", "dtname": "Haridwar", "SHAPE_Area": 8038815.2844176823 }, "geometry": { "type": "Polygon", "coordinates": [ [ [ 77.9325177, 29.8228144 ], [ 77.9381126, 29.8193099 ], [ 77.9368867, 29.8181039 ], [ 77.9374477, 29.8173292 ], [ 77.9384674, 29.8179247 ], [ 77.940573, 29.8159598 ], [ 77.9400454, 29.8152588 ], [ 77.9408772, 29.8145746 ], [ 77.9398411, 29.8133531 ], [ 77.9383593, 29.8100081 ], [ 77.9365059, 29.8073603 ], [ 77.9389745, 29.8030946 ], [ 77.9431856, 29.8003033 ], [ 77.9425183, 29.7989111 ], [ 77.9412401, 29.798643 ], [ 77.9402401, 29.7958526 ], [ 77.9381631, 29.796946 ], [ 77.9365213, 29.7944207 ], [ 77.9352277, 29.7942934 ], [ 77.9331688, 29.7969737 ], [ 77.9323707, 29.7966333 ], [ 77.9323128, 29.796093 ], [ 77.9308006, 29.7943483 ], [ 77.9280107, 29.7964633 ], [ 77.9276045, 29.7960843 ], [ 77.9250486, 29.7976816 ], [ 77.9230285, 29.7991622 ], [ 77.9237008, 29.7997501 ], [ 77.922258, 29.8009305 ], [ 77.9226131, 29.8012603 ], [ 77.9215322, 29.8022651 ], [ 77.9222156, 29.8025284 ], [ 77.9218944, 29.8030861 ], [ 77.9167644, 29.8062479 ], [ 77.9171586, 29.8068006 ], [ 77.9179664, 29.8069476 ], [ 77.9193029, 29.8089067 ], [ 77.9155063, 29.8107241 ], [ 77.9101462, 29.8124301 ], [ 77.9110945, 29.8136026 ], [ 77.9123138, 29.8142582 ], [ 77.9128415, 29.8136214 ], [ 77.9143318, 29.8146879 ], [ 77.9133437, 29.8157293 ], [ 77.9154922, 29.8171143 ], [ 77.9167052, 29.8167804 ], [ 77.9199826, 29.8197632 ], [ 77.9194952, 29.8201804 ], [ 77.9227587, 29.8231643 ], [ 77.9231368, 29.822985 ], [ 77.9248341, 29.8238619 ], [ 77.9250112, 29.8236618 ], [ 77.9264043, 29.8246129 ], [ 77.9248026, 29.8258884 ], [ 77.925448, 29.8280725 ], [ 77.9325177, 29.8228144 ] ] ] } },
{ "type": "Feature", "properties": { "gp_code": "23474", "gp_name": "BHAGWANPUR CHANDANPUR", "blkname": "NARSAN", "dtname": "Haridwar", "SHAPE_Area": 7059532.2268083198 }, "geometry": { "type": "Polygon", "coordinates": [ [ [ 77.9096106, 29.8177889 ], [ 77.9112703, 29.8165899 ], [ 77.9122121, 29.8171692 ], [ 77.9143318, 29.8146879 ], [ 77.9128415, 29.8136214 ], [ 77.9123138, 29.8142582 ], [ 77.9110945, 29.8136026 ], [ 77.9101462, 29.8124301 ], [ 77.9155063, 29.8107241 ], [ 77.9193029, 29.8089067 ], [ 77.9179664, 29.8069476 ], [ 77.9171586, 29.8068006 ], [ 77.9167644, 29.8062479 ], [ 77.9193456, 29.8047489 ], [ 77.9190185, 29.804111 ], [ 77.9177575, 29.8028583 ], [ 77.9168614, 29.8011706 ], [ 77.9150825, 29.8001992 ], [ 77.911882, 29.7976091 ], [ 77.9103336, 29.7942336 ], [ 77.9092782, 29.7927649 ], [ 77.9116702, 29.7909869 ], [ 77.9086815, 29.7887125 ], [ 77.9052618, 29.7904712 ], [ 77.901094, 29.7936696 ], [ 77.8973879, 29.7898402 ], [ 77.8906546, 29.792674 ], [ 77.8874348, 29.7948112 ], [ 77.8859867, 29.7965512 ], [ 77.889648, 29.7995866 ], [ 77.8893872, 29.7997739 ], [ 77.8898759, 29.8001262 ], [ 77.8882337, 29.8014576 ], [ 77.8909877, 29.804724 ], [ 77.8918938, 29.8056295 ], [ 77.8950624, 29.8036523 ], [ 77.8979784, 29.8068692 ], [ 77.9096106, 29.8177889 ] ] ] } },
{ "type": "Feature", "properties": { "gp_code": "23513", "gp_name": "PEERPURA", "blkname": "NARSAN", "dtname": "Haridwar", "SHAPE_Area": 1069209.1570987205 }, "geometry": { "type": "Polygon", "coordinates": [ [ [ 77.8946922, 29.8145444 ], [ 77.8967833, 29.8123957 ], [ 77.8973381, 29.8114242 ], [ 77.900298, 29.8089191 ], [ 77.8950624, 29.8036523 ], [ 77.8889456, 29.8076753 ], [ 77.8890094, 29.8079889 ], [ 77.8884156, 29.8084156 ], [ 77.8907324, 29.8126977 ], [ 77.8903108, 29.8130045 ], [ 77.8906153, 29.8139956 ], [ 77.891515, 29.8144429 ], [ 77.8930229, 29.8144692 ], [ 77.894151, 29.8141299 ], [ 77.8946922, 29.8145444 ] ] ] } },
{ "type": "Feature", "properties": { "gp_code": "23513", "gp_name": "PEERPURA", "blkname": "NARSAN", "dtname": "Haridwar", "SHAPE_Area": 1500916.5566046846 }, "geometry": { "type": "Polygon", "coordinates": [ [ [ 77.8759307, 29.8144996 ], [ 77.8789176, 29.8115739 ], [ 77.8812615, 29.8102821 ], [ 77.8789383, 29.8085634 ], [ 77.8808185, 29.8070575 ], [ 77.875857, 29.8019654 ], [ 77.8735676, 29.8035141 ], [ 77.8701463, 29.8081554 ], [ 77.8682861, 29.8097292 ], [ 77.869954, 29.8153947 ], [ 77.8713873, 29.8143262 ], [ 77.8739229, 29.8164461 ], [ 77.8765599, 29.8153406 ], [ 77.8759307, 29.8144996 ] ] ] } },
{ "type": "Feature", "properties": { "gp_code": "", "gp_name": "", "blkname": "NARSAN", "dtname": "Haridwar", "SHAPE_Area": 10257526.221251309 }, "geometry": { "type": "Polygon", "coordinates": [ [ [ 77.8853614, 29.8101841 ], [ 77.8890094, 29.8079889 ], [ 77.8889456, 29.8076753 ], [ 77.8918938, 29.8056295 ], [ 77.8882337, 29.8014576 ], [ 77.8898759, 29.8001262 ], [ 77.8893872, 29.7997739 ], [ 77.889648, 29.7995866 ], [ 77.8859867, 29.7965512 ], [ 77.8874348, 29.7948112 ], [ 77.8891067, 29.7934774 ], [ 77.8973879, 29.7898402 ], [ 77.8956951, 29.7880108 ], [ 77.895097, 29.7877554 ], [ 77.8953777, 29.7876032 ], [ 77.8933893, 29.7855536 ], [ 77.8934706, 29.7852447 ], [ 77.88957, 29.7804646 ], [ 77.8901459, 29.7796556 ], [ 77.8889657, 29.7785456 ], [ 77.889453, 29.7780827 ], [ 77.889036, 29.7775984 ], [ 77.8912288, 29.7762612 ], [ 77.8890253, 29.7738079 ], [ 77.8883264, 29.7743232 ], [ 77.8866681, 29.773341 ], [ 77.8862242, 29.7741048 ], [ 77.8809318, 29.778253 ], [ 77.8803622, 29.7795554 ], [ 77.8790413, 29.7783064 ], [ 77.8784617, 29.778872 ], [ 77.8782199, 29.7785327 ], [ 77.8774103, 29.7788674 ], [ 77.8787855, 29.7804111 ], [ 77.8785533, 29.7805894 ], [ 77.8783694, 29.780365 ], [ 77.8765487, 29.7812903 ], [ 77.8758831, 29.7801876 ], [ 77.8741608, 29.7809653 ], [ 77.873012, 29.7808095 ], [ 77.87157, 29.7816223 ], [ 77.8675748, 29.7751528 ], [ 77.8625391, 29.7770928 ], [ 77.8632041, 29.7803053 ], [ 77.8660042, 29.7840509 ], [ 77.8644917, 29.7854637 ], [ 77.8682156, 29.7879043 ], [ 77.8656114, 29.7890427 ], [ 77.8665825, 29.7940451 ], [ 77.8701463, 29.8081554 ], [ 77.8735676, 29.8035141 ], [ 77.875857, 29.8019654 ], [ 77.8808185, 29.8070575 ], [ 77.8789383, 29.8085634 ], [ 77.8824152, 29.8112507 ], [ 77.8835265, 29.8105367 ], [ 77.8842319, 29.8112985 ], [ 77.8853614, 29.8101841 ] ] ] } },
{ "type": "Feature", "properties": { "gp_code": "23520", "gp_name": "TANDA BHANEDA", "blkname": "NARSAN", "dtname": "Haridwar", "SHAPE_Area": 3474897.709087336 }, "geometry": { "type": "Polygon", "coordinates": [ [ [ 77.9091158, 29.7882838 ], [ 77.9110787, 29.7864656 ], [ 77.9103182, 29.7856508 ], [ 77.9112754, 29.7849952 ], [ 77.9094887, 29.7826949 ], [ 77.9085091, 29.7830335 ], [ 77.9052839, 29.7799785 ], [ 77.9020676, 29.776579 ], [ 77.9014206, 29.775222 ], [ 77.8987416, 29.7725758 ], [ 77.8938812, 29.7757155 ], [ 77.8935579, 29.7752535 ], [ 77.8923401, 29.775716 ], [ 77.889036, 29.7775984 ], [ 77.889453, 29.7780827 ], [ 77.8889657, 29.7785456 ], [ 77.8901459, 29.7796556 ], [ 77.88957, 29.7804646 ], [ 77.8934706, 29.7852447 ], [ 77.8933893, 29.7855536 ], [ 77.8953777, 29.7876032 ], [ 77.895097, 29.7877554 ], [ 77.8970155, 29.7892584 ], [ 77.901094, 29.7936696 ], [ 77.9052618, 29.7904712 ], [ 77.9091158, 29.7882838 ] ] ] } },
{ "type": "Feature", "properties": { "gp_code": "275680", "gp_name": "NATTHUKHEDI", "blkname": "NARSAN", "dtname": "Haridwar", "SHAPE_Area": 3248882.364301675 }, "geometry": { "type": "Polygon", "coordinates": [ [ [ 77.8987416, 29.7725758 ], [ 77.8953738, 29.7691648 ], [ 77.8969195, 29.7678172 ], [ 77.8990242, 29.7665699 ], [ 77.8991082, 29.7656463 ], [ 77.9011105, 29.7644022 ], [ 77.8988145, 29.7609686 ], [ 77.8992921, 29.7602022 ], [ 77.8962375, 29.7580091 ], [ 77.8959486, 29.7582983 ], [ 77.8941797, 29.7569167 ], [ 77.8937277, 29.7572824 ], [ 77.8921169, 29.755883 ], [ 77.8861977, 29.7603548 ], [ 77.8853718, 29.761392 ], [ 77.8840766, 29.7623147 ], [ 77.8832477, 29.7618236 ], [ 77.8817519, 29.7632211 ], [ 77.8824682, 29.7639407 ], [ 77.8822195, 29.7641802 ], [ 77.8825872, 29.764629 ], [ 77.8813726, 29.765236 ], [ 77.8828684, 29.7664108 ], [ 77.8825313, 29.7666774 ], [ 77.884103, 29.7677065 ], [ 77.8869688, 29.7703754 ], [ 77.8865701, 29.7707069 ], [ 77.8874287, 29.7714747 ], [ 77.8863563, 29.7725587 ], [ 77.8866681, 29.773341 ], [ 77.8883264, 29.7743232 ], [ 77.8890253, 29.7738079 ], [ 77.8912288, 29.7762612 ], [ 77.8935579, 29.7752535 ], [ 77.8938812, 29.7757155 ], [ 77.8987416, 29.7725758 ] ] ] } },
{ "type": "Feature", "properties": { "gp_code": "23496", "gp_name": "LIBBARHEDI", "blkname": "NARSAN", "dtname": "Haridwar", "SHAPE_Area": 16539898.422278935 }, "geometry": { "type": "Polygon", "coordinates": [ [ [ 77.8733531, 29.7807155 ], [ 77.8741608, 29.7809653 ], [ 77.8758831, 29.7801876 ], [ 77.8765487, 29.7812903 ], [ 77.8783694, 29.780365 ], [ 77.8785533, 29.7805894 ], [ 77.8787855, 29.7804111 ], [ 77.8774103, 29.7788674 ], [ 77.8782199, 29.7785327 ], [ 77.8784617, 29.778872 ], [ 77.8790413, 29.7783064 ], [ 77.8803622, 29.7795554 ], [ 77.8809318, 29.778253 ], [ 77.886598, 29.7737554 ], [ 77.8863563, 29.7725587 ], [ 77.8874287, 29.7714747 ], [ 77.8865701, 29.7707069 ], [ 77.8869688, 29.7703754 ], [ 77.884103, 29.7677065 ], [ 77.8825313, 29.7666774 ], [ 77.8828684, 29.7664108 ], [ 77.8813726, 29.765236 ], [ 77.8825872, 29.764629 ], [ 77.8822195, 29.7641802 ], [ 77.8824682, 29.7639407 ], [ 77.8817519, 29.7632211 ], [ 77.8821685, 29.762629 ], [ 77.8832477, 29.7618236 ], [ 77.8840766, 29.7623147 ], [ 77.8853718, 29.761392 ], [ 77.8861977, 29.7603548 ], [ 77.8804774, 29.7541612 ], [ 77.8818223, 29.753271 ], [ 77.8798467, 29.7514562 ], [ 77.8812365, 29.7487718 ], [ 77.8810213, 29.7480894 ], [ 77.8757204, 29.7448335 ], [ 77.8744857, 29.7466287 ], [ 77.8706769, 29.7497968 ], [ 77.8693575, 29.7490891 ], [ 77.8683042, 29.7479244 ], [ 77.8677842, 29.7456511 ], [ 77.8613301, 29.7420229 ], [ 77.8606659, 29.7405473 ], [ 77.8599065, 29.74018 ], [ 77.8585251, 29.7401203 ], [ 77.8539318, 29.7416334 ], [ 77.8513814, 29.7428973 ], [ 77.8514366, 29.74451 ], [ 77.8511172, 29.7447405 ], [ 77.8455843, 29.7482079 ], [ 77.8443348, 29.7486307 ], [ 77.8441523, 29.7482235 ], [ 77.8400222, 29.7501541 ], [ 77.8408626, 29.7511017 ], [ 77.8402933, 29.7516376 ], [ 77.8404904, 29.7519625 ], [ 77.8445766, 29.7559754 ], [ 77.8506413, 29.7599518 ], [ 77.8517369, 29.7612467 ], [ 77.852717, 29.7613124 ], [ 77.8528888, 29.7627874 ], [ 77.8535648, 29.7637538 ], [ 77.8538501, 29.7651604 ], [ 77.852993, 29.7670348 ], [ 77.8503777, 29.7689789 ], [ 77.8512026, 29.7698542 ], [ 77.8489252, 29.7717826 ], [ 77.8497165, 29.772627 ], [ 77.849205, 29.7727618 ], [ 77.8499386, 29.7733718 ], [ 77.8502891, 29.7741964 ], [ 77.8520504, 29.7752577 ], [ 77.8539085, 29.7769177 ], [ 77.8551346, 29.7754998 ], [ 77.857668, 29.7777797 ], [ 77.8584328, 29.7776282 ], [ 77.8588966, 29.7780283 ], [ 77.8625391, 29.7770928 ], [ 77.8675748, 29.7751528 ], [ 77.87157, 29.7816223 ], [ 77.8733531, 29.7807155 ] ] ] } },
{ "type": "Feature", "properties": { "gp_code": "23492", "gp_name": "KURDI", "blkname": "NARSAN", "dtname": "Haridwar", "SHAPE_Area": 3660204.6763399499 }, "geometry": { "type": "Polygon", "coordinates": [ [ [ 77.8539834, 29.7948263 ], [ 77.8566241, 29.7952986 ], [ 77.8573259, 29.7943102 ], [ 77.8589446, 29.794764 ], [ 77.8628288, 29.7932802 ], [ 77.8627803, 29.7930422 ], [ 77.8662052, 29.7920191 ], [ 77.8656114, 29.7890427 ], [ 77.8682156, 29.7879043 ], [ 77.8644917, 29.7854637 ], [ 77.8660042, 29.7840509 ], [ 77.8632041, 29.7803053 ], [ 77.8625391, 29.7770928 ], [ 77.8593532, 29.7779734 ], [ 77.8588966, 29.7780283 ], [ 77.8584328, 29.7776282 ], [ 77.857668, 29.7777797 ], [ 77.8551346, 29.7754998 ], [ 77.8524899, 29.7784588 ], [ 77.8503017, 29.7800084 ], [ 77.8502072, 29.7845374 ], [ 77.8484258, 29.7880814 ], [ 77.8481604, 29.7892602 ], [ 77.8477281, 29.789277 ], [ 77.8523009, 29.7950667 ], [ 77.8527985, 29.7954091 ], [ 77.8539834, 29.7948263 ] ] ] } },
{ "type": "Feature", "properties": { "gp_code": "23574", "gp_name": "SAIDPURA URF MEHWAD KALAN", "blkname": "NARSAN", "dtname": "Haridwar", "SHAPE_Area": 2466268.8404255155 }, "geometry": { "type": "Polygon", "coordinates": [ [ [ 77.8701463, 29.8081554 ], [ 77.8662052, 29.7920191 ], [ 77.8627803, 29.7930422 ], [ 77.8628288, 29.7932802 ], [ 77.8589446, 29.794764 ], [ 77.8577317, 29.7942168 ], [ 77.8566819, 29.7949873 ], [ 77.8569527, 29.7966239 ], [ 77.8577465, 29.7965399 ], [ 77.8587157, 29.7977835 ], [ 77.8580612, 29.7981114 ], [ 77.8583115, 29.7991798 ], [ 77.8598337, 29.800374 ], [ 77.8588399, 29.8011503 ], [ 77.8588275, 29.8017827 ], [ 77.8598599, 29.8032452 ], [ 77.86114, 29.8042502 ], [ 77.8606877, 29.8049778 ], [ 77.8616122, 29.8069067 ], [ 77.8615353, 29.8073638 ], [ 77.8606432, 29.8077903 ], [ 77.8606946, 29.8084112 ], [ 77.8598533, 29.809523 ], [ 77.8592736, 29.8110131 ], [ 77.8625597, 29.814413 ], [ 77.8701463, 29.8081554 ] ] ] } },
{ "type": "Feature", "properties": { "gp_code": "", "gp_name": "", "blkname": "NARSAN", "dtname": "Haridwar", "SHAPE_Area": 3182141.6550811585 }, "geometry": { "type": "Polygon", "coordinates": [ [ [ 77.8789414, 29.8494809 ], [ 77.8758503, 29.8467267 ], [ 77.8762544, 29.8459475 ], [ 77.8750629, 29.8452815 ], [ 77.8753973, 29.8449571 ], [ 77.87456, 29.842759 ], [ 77.8750538, 29.8424169 ], [ 77.8744777, 29.8404547 ], [ 77.874746, 29.8399109 ], [ 77.8732986, 29.8379703 ], [ 77.8733885, 29.8364743 ], [ 77.8729507, 29.8355511 ], [ 77.8733521, 29.8352224 ], [ 77.871403, 29.8328564 ], [ 77.8704148, 29.8333664 ], [ 77.8698886, 29.8326759 ], [ 77.8693241, 29.8329896 ], [ 77.8687797, 29.8325823 ], [ 77.8684185, 29.8326821 ], [ 77.8675965, 29.8319449 ], [ 77.8667449, 29.8322958 ], [ 77.8662327, 29.8326474 ], [ 77.8665267, 29.8331312 ], [ 77.8632609, 29.8350239 ], [ 77.8647028, 29.8367261 ], [ 77.8626197, 29.8383398 ], [ 77.8611725, 29.8368918 ], [ 77.859624, 29.838441 ], [ 77.8600131, 29.8392132 ], [ 77.8585164, 29.8398066 ], [ 77.8628205, 29.84433 ], [ 77.863078, 29.8447745 ], [ 77.8621642, 29.8453771 ], [ 77.8662572, 29.8512534 ], [ 77.8658978, 29.8513663 ], [ 77.8689115, 29.8521221 ], [ 77.8705172, 29.8521433 ], [ 77.8718869, 29.8517761 ], [ 77.8719434, 29.8512548 ], [ 77.8728986, 29.8510519 ], [ 77.8734296, 29.8503245 ], [ 77.8740167, 29.8501234 ], [ 77.8789414, 29.8494809 ] ] ] } },
{ "type": "Feature", "properties": { "gp_code": "23582", "gp_name": "TANSHIPUR", "blkname": "ROORKEE", "dtname": "Haridwar", "SHAPE_Area": 4944066.2165864967 }, "geometry": { "type": "Polygon", "coordinates": [ [ [ 77.8693241, 29.8329896 ], [ 77.8718208, 29.8319516 ], [ 77.8687202, 29.8295484 ], [ 77.8671442, 29.8287014 ], [ 77.8676843, 29.8277501 ], [ 77.867005, 29.8267067 ], [ 77.8640491, 29.8246151 ], [ 77.8626261, 29.8226773 ], [ 77.8650714, 29.819864 ], [ 77.869954, 29.8153947 ], [ 77.8682861, 29.8097292 ], [ 77.8625597, 29.814413 ], [ 77.860705, 29.8126068 ], [ 77.8576322, 29.813406 ], [ 77.8554704, 29.8143221 ], [ 77.8534985, 29.8157673 ], [ 77.8477088, 29.8180894 ], [ 77.8477338, 29.8185536 ], [ 77.8492278, 29.8197526 ], [ 77.8485129, 29.8205357 ], [ 77.8514774, 29.8231347 ], [ 77.8532931, 29.8283268 ], [ 77.8520612, 29.8290452 ], [ 77.8544227, 29.83134 ], [ 77.8510762, 29.8342266 ], [ 77.8535307, 29.8345264 ], [ 77.8549136, 29.8338199 ], [ 77.8552595, 29.8339279 ], [ 77.859624, 29.838441 ], [ 77.8611725, 29.8368918 ], [ 77.8626197, 29.8383398 ], [ 77.8647028, 29.8367261 ], [ 77.8632609, 29.8350239 ], [ 77.8665267, 29.8331312 ], [ 77.8662327, 29.8326474 ], [ 77.8675965, 29.8319449 ], [ 77.8684185, 29.8326821 ], [ 77.8687797, 29.8325823 ], [ 77.8693241, 29.8329896 ] ] ] } },
{ "type": "Feature", "properties": { "gp_code": "", "gp_name": "", "blkname": "NARSAN", "dtname": "Haridwar", "SHAPE_Area": 4194760.0207175231 }, "geometry": { "type": "Polygon", "coordinates": [ [ [ 77.8835611, 29.8319761 ], [ 77.8831048, 29.8305637 ], [ 77.8871776, 29.8270766 ], [ 77.8831318, 29.8222784 ], [ 77.8811615, 29.8206366 ], [ 77.8805395, 29.8194612 ], [ 77.8765599, 29.8153406 ], [ 77.8739229, 29.8164461 ], [ 77.8713873, 29.8143262 ], [ 77.8689278, 29.8162098 ], [ 77.8650714, 29.819864 ], [ 77.8626261, 29.8226773 ], [ 77.8640491, 29.8246151 ], [ 77.867005, 29.8267067 ], [ 77.8676843, 29.8277501 ], [ 77.8671442, 29.8287014 ], [ 77.8717569, 29.8318563 ], [ 77.8698886, 29.8326759 ], [ 77.8704148, 29.8333664 ], [ 77.871403, 29.8328564 ], [ 77.8733521, 29.8352224 ], [ 77.8729507, 29.8355511 ], [ 77.8733885, 29.8364743 ], [ 77.8732545, 29.837803 ], [ 77.8768574, 29.8352314 ], [ 77.8787334, 29.8333188 ], [ 77.8813049, 29.8314297 ], [ 77.8835611, 29.8319761 ] ] ] } },
{ "type": "Feature", "properties": { "gp_code": "", "gp_name": "", "blkname": "NARSAN", "dtname": "Haridwar", "SHAPE_Area": 1185365.4829586397 }, "geometry": { "type": "Polygon", "coordinates": [ [ [ 77.8891529, 29.8144488 ], [ 77.888767, 29.813972 ], [ 77.8907324, 29.8126977 ], [ 77.8884156, 29.8084156 ], [ 77.8853614, 29.8101841 ], [ 77.8842319, 29.8112985 ], [ 77.8835265, 29.8105367 ], [ 77.8824152, 29.8112507 ], [ 77.8812615, 29.8102821 ], [ 77.8804661, 29.8105324 ], [ 77.8789176, 29.8115739 ], [ 77.8759307, 29.8144996 ], [ 77.8798789, 29.8187223 ], [ 77.8805193, 29.8185181 ], [ 77.8807195, 29.8187992 ], [ 77.8859958, 29.8166124 ], [ 77.885744, 29.8162489 ], [ 77.8891529, 29.8144488 ] ] ] } },
{ "type": "Feature", "properties": { "gp_code": "23475", "gp_name": "BIJHAULI", "blkname": "NARSAN", "dtname": "Haridwar", "SHAPE_Area": 5246159.7488022828 }, "geometry": { "type": "Polygon", "coordinates": [ [ [ 77.8841187, 29.8322333 ], [ 77.8852625, 29.8316782 ], [ 77.8859103, 29.8320169 ], [ 77.8887401, 29.8302579 ], [ 77.8912609, 29.8294221 ], [ 77.8934208, 29.8282599 ], [ 77.8939851, 29.828759 ], [ 77.8956992, 29.8280627 ], [ 77.8959568, 29.8282151 ], [ 77.899181, 29.8265727 ], [ 77.8996749, 29.8270775 ], [ 77.9016375, 29.8260514 ], [ 77.9017702, 29.8263625 ], [ 77.9031722, 29.8258692 ], [ 77.9056269, 29.8245312 ], [ 77.9056074, 29.8239511 ], [ 77.9059422, 29.823763 ], [ 77.906094, 29.8239885 ], [ 77.9083824, 29.8224283 ], [ 77.9094327, 29.8234262 ], [ 77.9122397, 29.8211428 ], [ 77.9075523, 29.8156754 ], [ 77.900298, 29.8089191 ], [ 77.8973381, 29.8114242 ], [ 77.8967833, 29.8123957 ], [ 77.8946922, 29.8145444 ], [ 77.894151, 29.8141299 ], [ 77.8930229, 29.8144692 ], [ 77.891515, 29.8144429 ], [ 77.8906153, 29.8139956 ], [ 77.8903108, 29.8130045 ], [ 77.888767, 29.813972 ], [ 77.8891529, 29.8144488 ], [ 77.885744, 29.8162489 ], [ 77.8859958, 29.8166124 ], [ 77.8807195, 29.8187992 ], [ 77.8805193, 29.8185181 ], [ 77.8798789, 29.8187223 ], [ 77.8808715, 29.8203134 ], [ 77.8831318, 29.8222784 ], [ 77.8871776, 29.8270766 ], [ 77.8831048, 29.8305637 ], [ 77.8835611, 29.8319761 ], [ 77.8841187, 29.8322333 ] ] ] } },
{ "type": "Feature", "properties": { "gp_code": "23479", "gp_name": "DHANDERA", "blkname": "NARSAN", "dtname": "Haridwar", "SHAPE_Area": 5186665.2360704867 }, "geometry": { "type": "Polygon", "coordinates": [ [ [ 77.9149961, 29.8361012 ], [ 77.9133082, 29.8340556 ], [ 77.9070166, 29.8284387 ], [ 77.9089392, 29.8269081 ], [ 77.9086672, 29.8266207 ], [ 77.9088636, 29.8264004 ], [ 77.9059422, 29.823763 ], [ 77.9056074, 29.8239511 ], [ 77.9056269, 29.8245312 ], [ 77.9031722, 29.8258692 ], [ 77.9017702, 29.8263625 ], [ 77.9016375, 29.8260514 ], [ 77.8996749, 29.8270775 ], [ 77.899181, 29.8265727 ], [ 77.8959568, 29.8282151 ], [ 77.8956992, 29.8280627 ], [ 77.8939851, 29.828759 ], [ 77.8934208, 29.8282599 ], [ 77.8912609, 29.8294221 ], [ 77.8887401, 29.8302579 ], [ 77.8859103, 29.8320169 ], [ 77.8849958, 29.8316642 ], [ 77.8841187, 29.8322333 ], [ 77.886187, 29.8369536 ], [ 77.8871117, 29.8381292 ], [ 77.889059, 29.8374862 ], [ 77.890024, 29.8380598 ], [ 77.890897, 29.83761 ], [ 77.8936582, 29.8419868 ], [ 77.8940218, 29.8432762 ], [ 77.8937082, 29.8441057 ], [ 77.8908537, 29.8457936 ], [ 77.8907215, 29.8461198 ], [ 77.8912835, 29.8470815 ], [ 77.8999386, 29.8443964 ], [ 77.8996369, 29.8440399 ], [ 77.9048963, 29.8421801 ], [ 77.906831, 29.8410905 ], [ 77.9082793, 29.8391829 ], [ 77.9078787, 29.8382275 ], [ 77.9089961, 29.8376603 ], [ 77.9094516, 29.8381958 ], [ 77.9072867, 29.8411588 ], [ 77.9073246, 29.8415566 ], [ 77.9122085, 29.8383869 ], [ 77.9149961, 29.8361012 ] ] ] } },
{ "type": "Feature", "properties": { "gp_code": "", "gp_name": "", "blkname": "NARSAN", "dtname": "Haridwar", "SHAPE_Area": 2908456.6817853302 }, "geometry": { "type": "Polygon", "coordinates": [ [ [ 77.8816394, 29.8484923 ], [ 77.8816502, 29.8482144 ], [ 77.8823277, 29.8479484 ], [ 77.8822249, 29.8475521 ], [ 77.8816236, 29.8473986 ], [ 77.8803389, 29.8461305 ], [ 77.8800083, 29.8454889 ], [ 77.880385, 29.8448602 ], [ 77.8855623, 29.8420958 ], [ 77.8868491, 29.8484439 ], [ 77.8912835, 29.8470815 ], [ 77.8907215, 29.8461198 ], [ 77.8908537, 29.8457936 ], [ 77.8937082, 29.8441057 ], [ 77.8940218, 29.8432762 ], [ 77.8936582, 29.8419868 ], [ 77.890897, 29.83761 ], [ 77.890024, 29.8380598 ], [ 77.889059, 29.8374862 ], [ 77.8871117, 29.8381292 ], [ 77.886187, 29.8369536 ], [ 77.8841187, 29.8322333 ], [ 77.8813049, 29.8314297 ], [ 77.8787334, 29.8333188 ], [ 77.8768574, 29.8352314 ], [ 77.8732545, 29.837803 ], [ 77.874746, 29.8399109 ], [ 77.8744777, 29.8404547 ], [ 77.8750538, 29.8424169 ], [ 77.87456, 29.842759 ], [ 77.8753973, 29.8449571 ], [ 77.8750629, 29.8452815 ], [ 77.8762544, 29.8459475 ], [ 77.8758503, 29.8467267 ], [ 77.8789414, 29.8494809 ], [ 77.8816394, 29.8484923 ] ] ] } },
{ "type": "Feature", "properties": { "gp_code": "", "gp_name": "", "blkname": "ROORKEE", "dtname": "Haridwar", "SHAPE_Area": 962989.0727010275 }, "geometry": { "type": "Polygon", "coordinates": [ [ [ 77.8812062, 29.8502344 ], [ 77.8809087, 29.8490174 ], [ 77.881775, 29.8492902 ], [ 77.8816394, 29.8484923 ], [ 77.8789414, 29.8494809 ], [ 77.8740167, 29.8501234 ], [ 77.8734296, 29.8503245 ], [ 77.8728986, 29.8510519 ], [ 77.8719434, 29.8512548 ], [ 77.8718869, 29.8517761 ], [ 77.8713186, 29.8520037 ], [ 77.8689115, 29.8521221 ], [ 77.8658978, 29.8513663 ], [ 77.8667905, 29.8529861 ], [ 77.8658615, 29.8534261 ], [ 77.8663722, 29.8541852 ], [ 77.8672866, 29.8538275 ], [ 77.867564, 29.8541593 ], [ 77.8677063, 29.8596901 ], [ 77.8697107, 29.8621418 ], [ 77.8712393, 29.8632278 ], [ 77.8723897, 29.8624981 ], [ 77.8734049, 29.8636442 ], [ 77.872414, 29.8593937 ], [ 77.8717467, 29.8530906 ], [ 77.8812062, 29.8502344 ] ] ] } },
{ "type": "Feature", "properties": { "gp_code": "", "gp_name": "", "blkname": "ROORKEE", "dtname": "Haridwar", "SHAPE_Area": 555147.71099172323 }, "geometry": { "type": "Polygon", "coordinates": [ [ [ 77.8717915, 29.8674858 ], [ 77.8712471, 29.8664065 ], [ 77.8719381, 29.8658786 ], [ 77.870617, 29.8650868 ], [ 77.8712037, 29.8643055 ], [ 77.8712393, 29.8632278 ], [ 77.8697107, 29.8621418 ], [ 77.8677063, 29.8596901 ], [ 77.8674993, 29.8606051 ], [ 77.8660264, 29.8629959 ], [ 77.8637937, 29.8655231 ], [ 77.8677522, 29.8686319 ], [ 77.8717915, 29.8674858 ] ] ] } },
{ "type": "Feature", "properties": { "gp_code": "", "gp_name": "", "blkname": "ROORKEE", "dtname": "Haridwar", "SHAPE_Area": 133884.12235755907 }, "geometry": { "type": "Polygon", "coordinates": [ [ [ 77.8734049, 29.8636442 ], [ 77.8723897, 29.8624981 ], [ 77.8712393, 29.8632278 ], [ 77.8712037, 29.8643055 ], [ 77.870617, 29.8650868 ], [ 77.8719381, 29.8658786 ], [ 77.8712471, 29.8664065 ], [ 77.8717915, 29.8674858 ], [ 77.8736621, 29.8672175 ], [ 77.8734049, 29.8636442 ] ] ] } },
{ "type": "Feature", "properties": { "gp_code": "23568", "gp_name": "RAHEEMPUR", "blkname": "ROORKEE", "dtname": "Haridwar", "SHAPE_Area": 2013798.335418565 }, "geometry": { "type": "Polygon", "coordinates": [ [ [ 77.8637937, 29.8655231 ], [ 77.8660264, 29.8629959 ], [ 77.8674993, 29.8606051 ], [ 77.867564, 29.8541593 ], [ 77.8672866, 29.8538275 ], [ 77.8663722, 29.8541852 ], [ 77.8658615, 29.8534261 ], [ 77.8667905, 29.8529861 ], [ 77.8658978, 29.8513663 ], [ 77.8639669, 29.8529258 ], [ 77.8626819, 29.8510032 ], [ 77.8612794, 29.8519068 ], [ 77.8582679, 29.8531381 ], [ 77.8565441, 29.8521679 ], [ 77.8548803, 29.8538931 ], [ 77.855246, 29.8544359 ], [ 77.854873, 29.8548611 ], [ 77.8561404, 29.8574386 ], [ 77.8566089, 29.8596044 ], [ 77.8563536, 29.8597164 ], [ 77.857007, 29.8606159 ], [ 77.8568606, 29.8612609 ], [ 77.8571353, 29.861877 ], [ 77.8575833, 29.8617193 ], [ 77.8590395, 29.864322 ], [ 77.8588575, 29.8644684 ], [ 77.8594826, 29.8658668 ], [ 77.8590778, 29.8661578 ], [ 77.8593217, 29.8670298 ], [ 77.8603384, 29.867983 ], [ 77.8637937, 29.8655231 ] ] ] } },
{ "type": "Feature", "properties": { "gp_code": "23565", "gp_name": "PANIYALA CHANDAPUR", "blkname": "ROORKEE", "dtname": "Haridwar", "SHAPE_Area": 6697680.9914111495 }, "geometry": { "type": "Polygon", "coordinates": [ [ [ 77.8568606, 29.8612609 ], [ 77.857007, 29.8606159 ], [ 77.8563536, 29.8597164 ], [ 77.8566089, 29.8596044 ], [ 77.8561404, 29.8574386 ], [ 77.854873, 29.8548611 ], [ 77.855246, 29.8544359 ], [ 77.8548803, 29.8538931 ], [ 77.8565441, 29.8521679 ], [ 77.8582679, 29.8531381 ], [ 77.8612794, 29.8519068 ], [ 77.8626819, 29.8510032 ], [ 77.8639669, 29.8529258 ], [ 77.8662572, 29.8512534 ], [ 77.8621642, 29.8453771 ], [ 77.863078, 29.8447745 ], [ 77.8628205, 29.84433 ], [ 77.8585164, 29.8398066 ], [ 77.8600131, 29.8392132 ], [ 77.8581265, 29.8367437 ], [ 77.8552595, 29.8339279 ], [ 77.8549136, 29.8338199 ], [ 77.8535307, 29.8345264 ], [ 77.8510762, 29.8342266 ], [ 77.8500473, 29.8354993 ], [ 77.8494681, 29.8348497 ], [ 77.8477536, 29.8362134 ], [ 77.8466755, 29.836438 ], [ 77.8456858, 29.8383754 ], [ 77.8446485, 29.8389261 ], [ 77.8465165, 29.8398794 ], [ 77.8458768, 29.8424927 ], [ 77.8424928, 29.8460124 ], [ 77.841609, 29.8462049 ], [ 77.8359361, 29.8497754 ], [ 77.8346474, 29.8492124 ], [ 77.8321901, 29.8504095 ], [ 77.833412, 29.8515556 ], [ 77.8346191, 29.8509125 ], [ 77.8358367, 29.8514612 ], [ 77.8365972, 29.8511977 ], [ 77.8370641, 29.8516654 ], [ 77.8391457, 29.8513964 ], [ 77.8412318, 29.8535729 ], [ 77.8408083, 29.853843 ], [ 77.8408735, 29.8546928 ], [ 77.8413718, 29.855487 ], [ 77.8387413, 29.8567815 ], [ 77.8397452, 29.8583189 ], [ 77.8402043, 29.8581353 ], [ 77.841084, 29.8583801 ], [ 77.8421198, 29.8598532 ], [ 77.8436821, 29.8584863 ], [ 77.8443157, 29.8593376 ], [ 77.8450962, 29.8588911 ], [ 77.8452904, 29.8592589 ], [ 77.8457194, 29.8591566 ], [ 77.8457075, 29.8602631 ], [ 77.8460928, 29.8604801 ], [ 77.8490668, 29.8596197 ], [ 77.8493771, 29.8608354 ], [ 77.8491711, 29.861574 ], [ 77.8507119, 29.8646305 ], [ 77.8507507, 29.8653607 ], [ 77.8546766, 29.863305 ], [ 77.8541963, 29.8606079 ], [ 77.855077, 29.8602859 ], [ 77.8553055, 29.8611755 ], [ 77.8568606, 29.8612609 ] ] ] } },
{ "type": "Feature", "properties": { "gp_code": "23572", "gp_name": "RASOOLPUR", "blkname": "ROORKEE", "dtname": "Haridwar", "SHAPE_Area": 2487252.0529923742 }, "geometry": { "type": "Polygon", "coordinates": [ [ [ 77.857605, 29.8676041 ], [ 77.8593217, 29.8670298 ], [ 77.8590778, 29.8661578 ], [ 77.8594826, 29.8658668 ], [ 77.8588575, 29.8644684 ], [ 77.8590395, 29.864322 ], [ 77.8575833, 29.8617193 ], [ 77.8571353, 29.861877 ], [ 77.8568606, 29.8612609 ], [ 77.8553055, 29.8611755 ], [ 77.855077, 29.8602859 ], [ 77.8541963, 29.8606079 ], [ 77.8546766, 29.863305 ], [ 77.8507507, 29.8653607 ], [ 77.8507119, 29.8646305 ], [ 77.8491711, 29.861574 ], [ 77.8493771, 29.8608354 ], [ 77.8490668, 29.8596197 ], [ 77.8460928, 29.8604801 ], [ 77.8457075, 29.8602631 ], [ 77.8457194, 29.8591566 ], [ 77.8452904, 29.8592589 ], [ 77.8448909, 29.8589076 ], [ 77.8443157, 29.8593376 ], [ 77.8436821, 29.8584863 ], [ 77.8421198, 29.8598532 ], [ 77.8435542, 29.8612551 ], [ 77.842423, 29.8635466 ], [ 77.8425672, 29.8658244 ], [ 77.8439541, 29.8662466 ], [ 77.843533, 29.867127 ], [ 77.8426315, 29.8668589 ], [ 77.842531, 29.8665262 ], [ 77.841831, 29.8665599 ], [ 77.842005, 29.8672163 ], [ 77.8409033, 29.8678845 ], [ 77.84219, 29.8680989 ], [ 77.8427326, 29.8686686 ], [ 77.8427724, 29.8692278 ], [ 77.8421454, 29.8693352 ], [ 77.842025, 29.8696745 ], [ 77.8427194, 29.8712557 ], [ 77.8469637, 29.8755408 ], [ 77.8497197, 29.8743097 ], [ 77.8554364, 29.8698817 ], [ 77.8574777, 29.8688099 ], [ 77.8577256, 29.8686278 ], [ 77.857605, 29.8676041 ] ] ] } },
{ "type": "Feature", "properties": { "gp_code": "", "gp_name": "", "blkname": "ROORKEE", "dtname": "Haridwar", "SHAPE_Area": 3345444.5965581206 }, "geometry": { "type": "Polygon", "coordinates": [ [ [ 77.8613028, 29.8830855 ], [ 77.8609126, 29.8819613 ], [ 77.8640814, 29.8788804 ], [ 77.8647396, 29.8776302 ], [ 77.867269, 29.8755327 ], [ 77.8688565, 29.8747082 ], [ 77.864921, 29.8692818 ], [ 77.8677522, 29.8686319 ], [ 77.8637937, 29.8655231 ], [ 77.8603384, 29.867983 ], [ 77.8593217, 29.8670298 ], [ 77.857605, 29.8676041 ], [ 77.8577256, 29.8686278 ], [ 77.8546049, 29.8704757 ], [ 77.8514386, 29.8732084 ], [ 77.8469637, 29.8755408 ], [ 77.8487925, 29.8767539 ], [ 77.8494403, 29.8778679 ], [ 77.8489114, 29.8784634 ], [ 77.8492577, 29.8794924 ], [ 77.8485893, 29.8806762 ], [ 77.8487201, 29.8813825 ], [ 77.8501191, 29.8811724 ], [ 77.8504253, 29.8810383 ], [ 77.8504044, 29.8806452 ], [ 77.8540205, 29.8841863 ], [ 77.8533724, 29.8847731 ], [ 77.8541955, 29.8855693 ], [ 77.8559407, 29.8856652 ], [ 77.8603876, 29.8838481 ], [ 77.8613028, 29.8830855 ] ] ] } },
{ "type": "Feature", "properties": { "gp_code": "", "gp_name": "", "blkname": "ROORKEE", "dtname": "Haridwar", "SHAPE_Area": 1222706.3956121064 }, "geometry": { "type": "Polygon", "coordinates": [ [ [ 77.8648018, 29.8843752 ], [ 77.8692009, 29.8835254 ], [ 77.8706211, 29.8840142 ], [ 77.8726315, 29.8826155 ], [ 77.873707, 29.8830511 ], [ 77.8764488, 29.8816706 ], [ 77.8763899, 29.8813459 ], [ 77.8730223, 29.878724 ], [ 77.8728892, 29.87719 ], [ 77.8712828, 29.8772091 ], [ 77.8688565, 29.8747082 ], [ 77.8656025, 29.876841 ], [ 77.8647396, 29.8776302 ], [ 77.8640814, 29.8788804 ], [ 77.8609126, 29.8819613 ], [ 77.8619603, 29.8843062 ], [ 77.8648018, 29.8843752 ] ] ] } },
{ "type": "Feature", "properties": { "gp_code": "", "gp_name": "", "blkname": "ROORKEE", "dtname": "Haridwar", "SHAPE_Area": 1629303.6498700278 }, "geometry": { "type": "Polygon", "coordinates": [ [ [ 77.8673607, 29.8907021 ], [ 77.8672065, 29.8901827 ], [ 77.8676904, 29.889928 ], [ 77.8684612, 29.8877243 ], [ 77.8663202, 29.8858064 ], [ 77.8684805, 29.8843454 ], [ 77.8686946, 29.8837245 ], [ 77.8648018, 29.8843752 ], [ 77.8619603, 29.8843062 ], [ 77.861581, 29.8831574 ], [ 77.8613028, 29.8830855 ], [ 77.8603876, 29.8838481 ], [ 77.8559407, 29.8856652 ], [ 77.8541955, 29.8855693 ], [ 77.8544149, 29.8862686 ], [ 77.8563902, 29.8884776 ], [ 77.8565312, 29.8893194 ], [ 77.8561986, 29.889455 ], [ 77.8564813, 29.8913724 ], [ 77.8562158, 29.8915522 ], [ 77.8564137, 29.8922925 ], [ 77.8560937, 29.8925972 ], [ 77.8582547, 29.8973808 ], [ 77.8648413, 29.8925082 ], [ 77.8652824, 29.8916963 ], [ 77.8673607, 29.8907021 ] ] ] } },
{ "type": "Feature", "properties": { "gp_code": "23545", "gp_name": "IBRAHIMPUR DEH.", "blkname": "ROORKEE", "dtname": "Haridwar", "SHAPE_Area": 3155349.7382659512 }, "geometry": { "type": "Polygon", "coordinates": [ [ [ 77.8737859, 29.9117387 ], [ 77.8754469, 29.9074524 ], [ 77.8749426, 29.9055819 ], [ 77.876983, 29.9050739 ], [ 77.8790556, 29.9047777 ], [ 77.8802953, 29.9049687 ], [ 77.8804385, 29.9059429 ], [ 77.8795897, 29.9084031 ], [ 77.8798779, 29.9084311 ], [ 77.8810579, 29.9080614 ], [ 77.8823487, 29.905874 ], [ 77.8830327, 29.9053728 ], [ 77.8841332, 29.905918 ], [ 77.8857957, 29.9057406 ], [ 77.8859707, 29.9051692 ], [ 77.8850332, 29.9034796 ], [ 77.8855034, 29.9036472 ], [ 77.8856316, 29.9027282 ], [ 77.8822877, 29.9011561 ], [ 77.8737078, 29.8947212 ], [ 77.8701667, 29.8928425 ], [ 77.8673607, 29.8907021 ], [ 77.8652824, 29.8916963 ], [ 77.8648413, 29.8925082 ], [ 77.8582547, 29.8973808 ], [ 77.8594125, 29.8981926 ], [ 77.8611556, 29.8966793 ], [ 77.8620003, 29.896928 ], [ 77.8650067, 29.8997719 ], [ 77.8737859, 29.9117387 ] ] ] } },
{ "type": "Feature", "properties": { "gp_code": "23576", "gp_name": "SALIYER SALHAPUR", "blkname": "ROORKEE", "dtname": "Haridwar", "SHAPE_Area": 3509654.8965489147 }, "geometry": { "type": "Polygon", "coordinates": [ [ [ 77.8675372, 29.9031979 ], [ 77.8650067, 29.8997719 ], [ 77.861568, 29.8966227 ], [ 77.8594125, 29.8981926 ], [ 77.8582547, 29.8973808 ], [ 77.8567029, 29.8937981 ], [ 77.8544995, 29.895557 ], [ 77.8523431, 29.8962843 ], [ 77.8521179, 29.8966474 ], [ 77.8495475, 29.897746 ], [ 77.8492885, 29.8983345 ], [ 77.8488415, 29.8984712 ], [ 77.8487771, 29.8989507 ], [ 77.8468354, 29.8992942 ], [ 77.8464527, 29.8997275 ], [ 77.8443497, 29.9004935 ], [ 77.8441812, 29.901082 ], [ 77.8434881, 29.9015403 ], [ 77.8446467, 29.9026685 ], [ 77.845128, 29.9047926 ], [ 77.8455338, 29.9048891 ], [ 77.8459099, 29.9056349 ], [ 77.8462033, 29.9059131 ], [ 77.8465493, 29.9057557 ], [ 77.8481514, 29.9070995 ], [ 77.8487114, 29.9069394 ], [ 77.8489157, 29.907311 ], [ 77.8496835, 29.9069329 ], [ 77.8510637, 29.9088262 ], [ 77.8522377, 29.9108729 ], [ 77.8521326, 29.9111257 ], [ 77.8539738, 29.9130106 ], [ 77.8557735, 29.9142737 ], [ 77.8581313, 29.9139752 ], [ 77.8593421, 29.9125585 ], [ 77.8578138, 29.9105889 ], [ 77.8588719, 29.9092588 ], [ 77.8624483, 29.9069036 ], [ 77.862261, 29.9063959 ], [ 77.8637931, 29.9053177 ], [ 77.8655102, 29.9052164 ], [ 77.8652411, 29.904566 ], [ 77.8675372, 29.9031979 ] ] ] } },
{ "type": "Feature", "properties": { "gp_code": "23553", "gp_name": "MADHOPUR HAZRATPUR", "blkname": "ROORKEE", "dtname": "Haridwar", "SHAPE_Area": 4593348.0700686658 }, "geometry": { "type": "Polygon", "coordinates": [ [ [ 77.8411502, 29.902977 ], [ 77.8441812, 29.901082 ], [ 77.8443497, 29.9004935 ], [ 77.8464527, 29.8997275 ], [ 77.8468354, 29.8992942 ], [ 77.8487771, 29.8989507 ], [ 77.8488415, 29.8984712 ], [ 77.8492885, 29.8983345 ], [ 77.8495475, 29.897746 ], [ 77.8521179, 29.8966474 ], [ 77.8523431, 29.8962843 ], [ 77.8544995, 29.895557 ], [ 77.8567029, 29.8937981 ], [ 77.8560937, 29.8925972 ], [ 77.8564137, 29.8922925 ], [ 77.8562158, 29.8915522 ], [ 77.8564813, 29.8913724 ], [ 77.8561986, 29.889455 ], [ 77.8565312, 29.8893194 ], [ 77.8563902, 29.8884776 ], [ 77.8533724, 29.8847731 ], [ 77.8540205, 29.8841863 ], [ 77.8504044, 29.8806452 ], [ 77.8504253, 29.8810383 ], [ 77.8501191, 29.8811724 ], [ 77.8487201, 29.8813825 ], [ 77.8485893, 29.8806762 ], [ 77.845884, 29.8808708 ], [ 77.8387653, 29.8848373 ], [ 77.838927, 29.8852856 ], [ 77.838455, 29.8860288 ], [ 77.8381979, 29.885877 ], [ 77.8367563, 29.887381 ], [ 77.832071, 29.8909272 ], [ 77.8339, 29.8933578 ], [ 77.8353068, 29.8939987 ], [ 77.8367431, 29.8971477 ], [ 77.8375278, 29.8976474 ], [ 77.8373125, 29.89789 ], [ 77.8377456, 29.8982791 ], [ 77.838079, 29.8980946 ], [ 77.8414857, 29.9010285 ], [ 77.8411502, 29.902977 ] ] ] } },
{ "type": "Feature", "properties": { "gp_code": "23567", "gp_name": "PUHANA", "blkname": "ROORKEE", "dtname": "Haridwar", "SHAPE_Area": 3285794.1640514839 }, "geometry": { "type": "Polygon", "coordinates": [ [ [ 77.8629018, 29.9202148 ], [ 77.860083, 29.9181275 ], [ 77.8605843, 29.9168559 ], [ 77.8603359, 29.9166252 ], [ 77.8557735, 29.9142737 ], [ 77.8539738, 29.9130106 ], [ 77.8521326, 29.9111257 ], [ 77.8522377, 29.9108729 ], [ 77.8510637, 29.9088262 ], [ 77.8496835, 29.9069329 ], [ 77.8489157, 29.907311 ], [ 77.8487114, 29.9069394 ], [ 77.8481514, 29.9070995 ], [ 77.8465493, 29.9057557 ], [ 77.8462033, 29.9059131 ], [ 77.8459099, 29.9056349 ], [ 77.8455338, 29.9048891 ], [ 77.845128, 29.9047926 ], [ 77.8446467, 29.9026685 ], [ 77.8434881, 29.9015403 ], [ 77.8411502, 29.902977 ], [ 77.8414627, 29.9048244 ], [ 77.8387512, 29.9058837 ], [ 77.8384262, 29.9055384 ], [ 77.8380432, 29.9058244 ], [ 77.8395412, 29.9079128 ], [ 77.8391758, 29.9083847 ], [ 77.8397205, 29.909655 ], [ 77.8437086, 29.9131315 ], [ 77.8430417, 29.913809 ], [ 77.8439807, 29.9149858 ], [ 77.8457367, 29.9163584 ], [ 77.8466387, 29.9162655 ], [ 77.847271, 29.9166519 ], [ 77.8501188, 29.9204237 ], [ 77.8525223, 29.9228271 ], [ 77.856001, 29.928412 ], [ 77.8587817, 29.9252469 ], [ 77.8577528, 29.9247404 ], [ 77.8629018, 29.9202148 ] ] ] } },
{ "type": "Feature", "properties": { "gp_code": "23366", "gp_name": "HAKIMPUR TURRA", "blkname": "BHAGWANPUR", "dtname": "Haridwar", "SHAPE_Area": 3814065.6623363965 }, "geometry": { "type": "Polygon", "coordinates": [ [ [ 77.8585687, 29.942446 ], [ 77.8595355, 29.9416195 ], [ 77.8593108, 29.9407843 ], [ 77.8623448, 29.9386422 ], [ 77.8642576, 29.9368687 ], [ 77.867928, 29.9360174 ], [ 77.8684038, 29.9345057 ], [ 77.8712968, 29.9334572 ], [ 77.8747837, 29.9308585 ], [ 77.8716066, 29.9282421 ], [ 77.8707463, 29.9269851 ], [ 77.8701222, 29.9254229 ], [ 77.8705274, 29.9245577 ], [ 77.870304, 29.9225556 ], [ 77.8684662, 29.9204326 ], [ 77.8657346, 29.9180436 ], [ 77.8610877, 29.9215839 ], [ 77.8577528, 29.9247404 ], [ 77.8587817, 29.9252469 ], [ 77.8567884, 29.9276448 ], [ 77.8533942, 29.9307529 ], [ 77.8513033, 29.9320556 ], [ 77.8536771, 29.9333671 ], [ 77.8553861, 29.9347709 ], [ 77.8557594, 29.9355609 ], [ 77.8557983, 29.937438 ], [ 77.8581572, 29.9398535 ], [ 77.8562937, 29.9405357 ], [ 77.8563914, 29.9411711 ], [ 77.8559829, 29.9420049 ], [ 77.8554987, 29.9422672 ], [ 77.8559194, 29.942824 ], [ 77.8585687, 29.942446 ] ] ] } },
{ "type": "Feature", "properties": { "gp_code": "", "gp_name": "", "blkname": "ROORKEE", "dtname": "Haridwar", "SHAPE_Area": 2171951.2605109038 }, "geometry": { "type": "Polygon", "coordinates": [ [ [ 77.8629018, 29.9202148 ], [ 77.8690281, 29.9154014 ], [ 77.8687068, 29.915098 ], [ 77.8704693, 29.9145291 ], [ 77.8737859, 29.9117387 ], [ 77.8675372, 29.9031979 ], [ 77.8652411, 29.904566 ], [ 77.8655102, 29.9052164 ], [ 77.8637931, 29.9053177 ], [ 77.862261, 29.9063959 ], [ 77.8624483, 29.9069036 ], [ 77.8588719, 29.9092588 ], [ 77.8578138, 29.9105889 ], [ 77.8593421, 29.9125585 ], [ 77.8581313, 29.9139752 ], [ 77.8557735, 29.9142737 ], [ 77.8603359, 29.9166252 ], [ 77.8605843, 29.9168559 ], [ 77.860083, 29.9181275 ], [ 77.8629018, 29.9202148 ] ] ] } },
{ "type": "Feature", "properties": { "gp_code": "23546", "gp_name": "IMLIKHERA", "blkname": "ROORKEE", "dtname": "Haridwar", "SHAPE_Area": 11866625.819186166 }, "geometry": { "type": "Polygon", "coordinates": [ [ [ 77.9032967, 29.9492456 ], [ 77.9094188, 29.9462223 ], [ 77.9103278, 29.94515 ], [ 77.9088349, 29.9431211 ], [ 77.9108266, 29.9374978 ], [ 77.9156725, 29.9372388 ], [ 77.917364, 29.9352462 ], [ 77.9189707, 29.9342313 ], [ 77.9190384, 29.9329858 ], [ 77.9180846, 29.9332311 ], [ 77.9174374, 29.9314379 ], [ 77.9184338, 29.9310977 ], [ 77.9190544, 29.9301931 ], [ 77.9187319, 29.929388 ], [ 77.9194391, 29.9289645 ], [ 77.9184455, 29.9273031 ], [ 77.9163441, 29.9256983 ], [ 77.9148103, 29.925003 ], [ 77.9132129, 29.9249101 ], [ 77.9117221, 29.9241088 ], [ 77.91041, 29.9248912 ], [ 77.909938, 29.9237208 ], [ 77.9086129, 29.9227629 ], [ 77.9076742, 29.9242227 ], [ 77.9049515, 29.9240143 ], [ 77.9032798, 29.9276643 ], [ 77.9002566, 29.9284026 ], [ 77.8978994, 29.9297387 ], [ 77.8962497, 29.9291568 ], [ 77.8972095, 29.9281487 ], [ 77.8963434, 29.9265333 ], [ 77.8949825, 29.9269457 ], [ 77.8942218, 29.9266575 ], [ 77.8917062, 29.92318 ], [ 77.8844855, 29.91861 ], [ 77.8795263, 29.9177875 ], [ 77.8786643, 29.917746 ], [ 77.878392, 29.9181019 ], [ 77.8771728, 29.9179621 ], [ 77.8769612, 29.9182018 ], [ 77.8724986, 29.9177607 ], [ 77.8722134, 29.9174999 ], [ 77.8722882, 29.9164644 ], [ 77.8732202, 29.9123882 ], [ 77.8704693, 29.9145291 ], [ 77.8687068, 29.915098 ], [ 77.8690281, 29.9154014 ], [ 77.8657346, 29.9180436 ], [ 77.8684662, 29.9204326 ], [ 77.870522, 29.9229195 ], [ 77.8705274, 29.9245577 ], [ 77.8701423, 29.925612 ], [ 77.8716066, 29.9282421 ], [ 77.8747837, 29.9308585 ], [ 77.8786819, 29.9331762 ], [ 77.8820738, 29.9364752 ], [ 77.8880663, 29.9380331 ], [ 77.888884, 29.9389932 ], [ 77.88918, 29.9412438 ], [ 77.8905156, 29.942043 ], [ 77.8912329, 29.9413436 ], [ 77.8923665, 29.9413864 ], [ 77.8929151, 29.9421156 ], [ 77.8930397, 29.9432814 ], [ 77.8947061, 29.9430904 ], [ 77.8951293, 29.9442558 ], [ 77.8975503, 29.946045 ], [ 77.9032967, 29.9492456 ] ] ] } },
{ "type": "Feature", "properties": { "gp_code": "23559", "gp_name": "MOHAMMADPUR PANDA", "blkname": "ROORKEE", "dtname": "Haridwar", "SHAPE_Area": 5397481.5825027935 }, "geometry": { "type": "Polygon", "coordinates": [ [ [ 77.9086129, 29.9227629 ], [ 77.9056227, 29.920688 ], [ 77.9057224, 29.920044 ], [ 77.8999934, 29.9156521 ], [ 77.8989936, 29.9128867 ], [ 77.8967407, 29.9095889 ], [ 77.8934788, 29.9081002 ], [ 77.8925704, 29.9080285 ], [ 77.8909199, 29.9087148 ], [ 77.8892574, 29.9102261 ], [ 77.8892731, 29.9117275 ], [ 77.8869412, 29.9130119 ], [ 77.8847937, 29.9113343 ], [ 77.8819494, 29.9079199 ], [ 77.8795033, 29.908898 ], [ 77.878481, 29.9082383 ], [ 77.8781513, 29.9073805 ], [ 77.877756, 29.9073142 ], [ 77.8753084, 29.9080893 ], [ 77.8730022, 29.9130695 ], [ 77.8722882, 29.9164644 ], [ 77.8722134, 29.9174999 ], [ 77.8724986, 29.9177607 ], [ 77.8769612, 29.9182018 ], [ 77.8771728, 29.9179621 ], [ 77.878392, 29.9181019 ], [ 77.8786643, 29.917746 ], [ 77.8795263, 29.9177875 ], [ 77.8844855, 29.91861 ], [ 77.8917062, 29.92318 ], [ 77.8942218, 29.9266575 ], [ 77.8949825, 29.9269457 ], [ 77.895855, 29.9265729 ], [ 77.8965446, 29.9267077 ], [ 77.8972095, 29.9281487 ], [ 77.8962362, 29.9290307 ], [ 77.8968148, 29.9294927 ], [ 77.8978994, 29.9297387 ], [ 77.9002566, 29.9284026 ], [ 77.9032798, 29.9276643 ], [ 77.9049515, 29.9240143 ], [ 77.9076742, 29.9242227 ], [ 77.9086129, 29.9227629 ] ] ] } },
{ "type": "Feature", "properties": { "gp_code": "", "gp_name": "", "blkname": "ROORKEE", "dtname": "Haridwar", "SHAPE_Area": 1155322.1400943373 }, "geometry": { "type": "Polygon", "coordinates": [ [ [ 77.897775, 29.9001957 ], [ 77.8973875, 29.8988522 ], [ 77.8980855, 29.8983846 ], [ 77.8992479, 29.8961784 ], [ 77.8977805, 29.8930941 ], [ 77.8968308, 29.8919664 ], [ 77.8918056, 29.8896656 ], [ 77.8890153, 29.8917433 ], [ 77.889217, 29.8921207 ], [ 77.8887527, 29.8926082 ], [ 77.8879047, 29.8926769 ], [ 77.8873516, 29.8931382 ], [ 77.8890742, 29.8951138 ], [ 77.8897536, 29.8947399 ], [ 77.8934556, 29.8980141 ], [ 77.8900404, 29.9007464 ], [ 77.8900776, 29.9011586 ], [ 77.8906687, 29.9013935 ], [ 77.8902694, 29.9017267 ], [ 77.8903443, 29.9020396 ], [ 77.8919472, 29.9022468 ], [ 77.8944187, 29.9016011 ], [ 77.897775, 29.9001957 ] ] ] } },
{ "type": "Feature", "properties": { "gp_code": "296826", "gp_name": "Rampur", "blkname": "ROORKEE", "dtname": "Haridwar", "SHAPE_Area": 2445053.4244188331 }, "geometry": { "type": "Polygon", "coordinates": [ [ [ 77.8970554, 29.9099326 ], [ 77.898464, 29.9068334 ], [ 77.9005135, 29.9048859 ], [ 77.9002073, 29.9039599 ], [ 77.8998059, 29.9039503 ], [ 77.8988415, 29.9022894 ], [ 77.898754, 29.9012133 ], [ 77.897775, 29.9001957 ], [ 77.8944187, 29.9016011 ], [ 77.8919472, 29.9022468 ], [ 77.8903443, 29.9020396 ], [ 77.8902694, 29.9017267 ], [ 77.8906687, 29.9013935 ], [ 77.8900776, 29.9011586 ], [ 77.8900404, 29.9007464 ], [ 77.8934556, 29.8980141 ], [ 77.8926699, 29.8977293 ], [ 77.8922199, 29.8971603 ], [ 77.8900011, 29.8975542 ], [ 77.885748, 29.8990032 ], [ 77.8821397, 29.9010529 ], [ 77.8856316, 29.9027282 ], [ 77.8855034, 29.9036472 ], [ 77.8850332, 29.9034796 ], [ 77.8860137, 29.9053887 ], [ 77.8854602, 29.9059135 ], [ 77.8841332, 29.905918 ], [ 77.8830327, 29.9053728 ], [ 77.8823487, 29.905874 ], [ 77.8810579, 29.9080614 ], [ 77.8798779, 29.9084311 ], [ 77.8795897, 29.9084031 ], [ 77.8804385, 29.9059429 ], [ 77.8802953, 29.9049687 ], [ 77.8783421, 29.9048182 ], [ 77.8748713, 29.9057419 ], [ 77.8754469, 29.9074524 ], [ 77.8753084, 29.9080893 ], [ 77.8779785, 29.9072853 ], [ 77.878481, 29.9082383 ], [ 77.8795033, 29.908898 ], [ 77.8819494, 29.9079199 ], [ 77.8847937, 29.9113343 ], [ 77.8869412, 29.9130119 ], [ 77.8892731, 29.9117275 ], [ 77.8892574, 29.9102261 ], [ 77.8912301, 29.9084958 ], [ 77.892344, 29.9080953 ], [ 77.8934788, 29.9081002 ], [ 77.894998, 29.9089949 ], [ 77.8960328, 29.9091049 ], [ 77.8970554, 29.9099326 ] ] ] } },
{ "type": "Feature", "properties": { "gp_code": "", "gp_name": "", "blkname": "ROORKEE", "dtname": "Haridwar", "SHAPE_Area": 3614056.9864589931 }, "geometry": { "type": "Polygon", "coordinates": [ [ [ 77.8934556, 29.8980141 ], [ 77.8897536, 29.8947399 ], [ 77.8890742, 29.8951138 ], [ 77.8878035, 29.893718 ], [ 77.8848826, 29.890224 ], [ 77.8852048, 29.8893583 ], [ 77.8841575, 29.8875406 ], [ 77.8830264, 29.8879085 ], [ 77.8809842, 29.8854487 ], [ 77.8805398, 29.8857397 ], [ 77.8794863, 29.8850066 ], [ 77.8784909, 29.8836735 ], [ 77.8780894, 29.8839378 ], [ 77.8773462, 29.8835412 ], [ 77.87654, 29.8802286 ], [ 77.8766384, 29.8770542 ], [ 77.8728892, 29.87719 ], [ 77.8730223, 29.878724 ], [ 77.8763899, 29.8813459 ], [ 77.8764488, 29.8816706 ], [ 77.873707, 29.8830511 ], [ 77.8726315, 29.8826155 ], [ 77.8706211, 29.8840142 ], [ 77.8692009, 29.8835254 ], [ 77.8686946, 29.8837245 ], [ 77.8684805, 29.8843454 ], [ 77.8663202, 29.8858064 ], [ 77.8684612, 29.8877243 ], [ 77.8676904, 29.889928 ], [ 77.8672065, 29.8901827 ], [ 77.8673607, 29.8907021 ], [ 77.8701667, 29.8928425 ], [ 77.8737078, 29.8947212 ], [ 77.8821397, 29.9010529 ], [ 77.885748, 29.8990032 ], [ 77.8900011, 29.8975542 ], [ 77.8922199, 29.8971603 ], [ 77.8926699, 29.8977293 ], [ 77.8934556, 29.8980141 ] ] ] } },
{ "type": "Feature", "properties": { "gp_code": "", "gp_name": "", "blkname": "ROORKEE", "dtname": "Haridwar", "SHAPE_Area": 17176922.564912025 }, "geometry": { "type": "Polygon", "coordinates": [ [ [ 77.9005135, 29.9048859 ], [ 77.901565, 29.9040522 ], [ 77.901963, 29.9044464 ], [ 77.9023362, 29.9041932 ], [ 77.9029545, 29.9033189 ], [ 77.9025371, 29.9027422 ], [ 77.9041493, 29.9012833 ], [ 77.9061546, 29.8984063 ], [ 77.9085245, 29.8958195 ], [ 77.9152804, 29.8927601 ], [ 77.9073112, 29.8842662 ], [ 77.9078592, 29.8837758 ], [ 77.907512, 29.8832319 ], [ 77.9078472, 29.88304 ], [ 77.9056988, 29.8805196 ], [ 77.9039184, 29.8811293 ], [ 77.9022431, 29.8795018 ], [ 77.9011638, 29.8800407 ], [ 77.8996976, 29.878713 ], [ 77.9029097, 29.8769379 ], [ 77.9059192, 29.8738584 ], [ 77.9075541, 29.8726699 ], [ 77.913173, 29.870231 ], [ 77.9116403, 29.8698836 ], [ 77.9110402, 29.8694408 ], [ 77.9105939, 29.8699096 ], [ 77.9086694, 29.8678402 ], [ 77.9075044, 29.8687609 ], [ 77.904723, 29.8666239 ], [ 77.9084118, 29.8639916 ], [ 77.9067413, 29.8619544 ], [ 77.905435, 29.8591065 ], [ 77.9010136, 29.8612716 ], [ 77.8977882, 29.8606798 ], [ 77.8864479, 29.8615159 ], [ 77.8826138, 29.8621844 ], [ 77.8814912, 29.856811 ], [ 77.8826266, 29.8566077 ], [ 77.8828159, 29.8562155 ], [ 77.8812062, 29.8502344 ], [ 77.8717467, 29.8530906 ], [ 77.872414, 29.8593937 ], [ 77.8734049, 29.8636442 ], [ 77.8736621, 29.8672175 ], [ 77.8702409, 29.8678055 ], [ 77.864921, 29.8692818 ], [ 77.8693289, 29.8754592 ], [ 77.8712828, 29.8772091 ], [ 77.8766384, 29.8770542 ], [ 77.87654, 29.8802286 ], [ 77.8773462, 29.8835412 ], [ 77.8780894, 29.8839378 ], [ 77.8784909, 29.8836735 ], [ 77.8794863, 29.8850066 ], [ 77.8805398, 29.8857397 ], [ 77.8809842, 29.8854487 ], [ 77.8830264, 29.8879085 ], [ 77.8841575, 29.8875406 ], [ 77.8852048, 29.8893583 ], [ 77.8848826, 29.890224 ], [ 77.8873516, 29.8931382 ], [ 77.8879047, 29.8926769 ], [ 77.8887527, 29.8926082 ], [ 77.889217, 29.8921207 ], [ 77.8890153, 29.8917433 ], [ 77.8918056, 29.8896656 ], [ 77.8970615, 29.8921461 ], [ 77.8992479, 29.8961784 ], [ 77.8980855, 29.8983846 ], [ 77.8973875, 29.8988522 ], [ 77.897775, 29.9001957 ], [ 77.898754, 29.9012133 ], [ 77.8988415, 29.9022894 ], [ 77.8998059, 29.9039503 ], [ 77.9002073, 29.9039599 ], [ 77.9005135, 29.9048859 ] ] ] } },
{ "type": "Feature", "properties": { "gp_code": "", "gp_name": "", "blkname": "ROORKEE", "dtname": "Haridwar", "SHAPE_Area": 1679887.7608485413 }, "geometry": { "type": "Polygon", "coordinates": [ [ [ 77.9157295, 29.8789845 ], [ 77.9154222, 29.8783527 ], [ 77.9192655, 29.8763535 ], [ 77.9154867, 29.8721849 ], [ 77.913173, 29.870231 ], [ 77.9075541, 29.8726699 ], [ 77.9059192, 29.8738584 ], [ 77.9029097, 29.8769379 ], [ 77.8996976, 29.878713 ], [ 77.9011638, 29.8800407 ], [ 77.9022431, 29.8795018 ], [ 77.9039184, 29.8811293 ], [ 77.9056988, 29.8805196 ], [ 77.9068855, 29.8819271 ], [ 77.9157295, 29.8789845 ] ] ] } },
{ "type": "Feature", "properties": { "gp_code": "", "gp_name": "", "blkname": "ROORKEE", "dtname": "Haridwar", "SHAPE_Area": 1260354.2073562248 }, "geometry": { "type": "Polygon", "coordinates": [ [ [ 77.9152804, 29.8927601 ], [ 77.9180448, 29.8909468 ], [ 77.9164239, 29.8890384 ], [ 77.9169617, 29.8885705 ], [ 77.9165562, 29.8881408 ], [ 77.9173205, 29.8875733 ], [ 77.9167693, 29.8868501 ], [ 77.9174158, 29.8863276 ], [ 77.9155084, 29.883235 ], [ 77.9174254, 29.8817617 ], [ 77.9184495, 29.8804179 ], [ 77.9179977, 29.8799498 ], [ 77.9157295, 29.8789845 ], [ 77.9068855, 29.8819271 ], [ 77.9078472, 29.88304 ], [ 77.907512, 29.8832319 ], [ 77.9078592, 29.8837758 ], [ 77.9073112, 29.8842662 ], [ 77.9152804, 29.8927601 ] ] ] } },
{ "type": "Feature", "properties": { "gp_code": "23531", "gp_name": "BAJUHEDI", "blkname": "ROORKEE", "dtname": "Haridwar", "SHAPE_Area": 3407151.7157511963 }, "geometry": { "type": "Polygon", "coordinates": [ [ [ 77.9334048, 29.9101631 ], [ 77.9329909, 29.9090534 ], [ 77.9330177, 29.9072165 ], [ 77.9319323, 29.9052485 ], [ 77.9304034, 29.9042651 ], [ 77.9289548, 29.9025127 ], [ 77.9293732, 29.8998728 ], [ 77.9258507, 29.8962241 ], [ 77.92279, 29.8924225 ], [ 77.92186, 29.8928513 ], [ 77.9201863, 29.8910828 ], [ 77.9179637, 29.8923531 ], [ 77.917032, 29.891595 ], [ 77.9147363, 29.8931824 ], [ 77.9109127, 29.8948597 ], [ 77.9134144, 29.8973731 ], [ 77.913802, 29.897136 ], [ 77.9153782, 29.8992212 ], [ 77.9174248, 29.8987732 ], [ 77.9181276, 29.8994056 ], [ 77.9182543, 29.9001724 ], [ 77.9177076, 29.9007898 ], [ 77.9180844, 29.9016042 ], [ 77.9182649, 29.9018323 ], [ 77.9188666, 29.9015212 ], [ 77.9207226, 29.9032449 ], [ 77.9216181, 29.9045319 ], [ 77.9212648, 29.9049782 ], [ 77.922195, 29.9060683 ], [ 77.9217314, 29.9066304 ], [ 77.9237058, 29.9086261 ], [ 77.9243787, 29.9117863 ], [ 77.9300085, 29.9178579 ], [ 77.9309683, 29.9162451 ], [ 77.9322861, 29.9154571 ], [ 77.9319267, 29.9124369 ], [ 77.9329073, 29.9123107 ], [ 77.9334048, 29.9101631 ] ] ] } },
{ "type": "Feature", "properties": { "gp_code": "23471", "gp_name": "BRAHMPUR JAT", "blkname": "ROORKEE", "dtname": "Haridwar", "SHAPE_Area": 2569084.3424895965 }, "geometry": { "type": "Polygon", "coordinates": [ [ [ 77.9179637, 29.8923531 ], [ 77.9256582, 29.8872967 ], [ 77.9299142, 29.8882076 ], [ 77.9310235, 29.887424 ], [ 77.9311561, 29.8869787 ], [ 77.929987, 29.8860658 ], [ 77.9311663, 29.8848971 ], [ 77.9326021, 29.8815715 ], [ 77.9336106, 29.8808882 ], [ 77.9337021, 29.8801594 ], [ 77.9320605, 29.878795 ], [ 77.9332194, 29.8775355 ], [ 77.9312343, 29.8757367 ], [ 77.9314484, 29.8748685 ], [ 77.9296367, 29.8744006 ], [ 77.9251769, 29.8765023 ], [ 77.9184495, 29.8804179 ], [ 77.9174254, 29.8817617 ], [ 77.9155084, 29.883235 ], [ 77.9174158, 29.8863276 ], [ 77.9167693, 29.8868501 ], [ 77.9173205, 29.8875733 ], [ 77.9165562, 29.8881408 ], [ 77.9169617, 29.8885705 ], [ 77.9164239, 29.8890384 ], [ 77.9180448, 29.8909468 ], [ 77.917032, 29.891595 ], [ 77.9179637, 29.8923531 ] ] ] } },
{ "type": "Feature", "properties": { "gp_code": "23532", "gp_name": "BELADI SALHAPUR", "blkname": "ROORKEE", "dtname": "Haridwar", "SHAPE_Area": 5274080.1361462511 }, "geometry": { "type": "Polygon", "coordinates": [ [ [ 77.9377058, 29.8925672 ], [ 77.9393519, 29.8914992 ], [ 77.9405834, 29.8918058 ], [ 77.9414626, 29.8910036 ], [ 77.9423935, 29.8908815 ], [ 77.9427753, 29.8912758 ], [ 77.9490512, 29.8855375 ], [ 77.9476712, 29.8837263 ], [ 77.9469241, 29.8843434 ], [ 77.9466588, 29.8841009 ], [ 77.9453356, 29.8815295 ], [ 77.9459535, 29.880848 ], [ 77.9430732, 29.8777915 ], [ 77.9463618, 29.8752762 ], [ 77.9468869, 29.8756471 ], [ 77.9487251, 29.8733429 ], [ 77.9461385, 29.8681673 ], [ 77.9463842, 29.868039 ], [ 77.9456689, 29.8669462 ], [ 77.9459049, 29.8666219 ], [ 77.9436302, 29.8649823 ], [ 77.9442969, 29.8639392 ], [ 77.9427713, 29.8634686 ], [ 77.9407988, 29.8640381 ], [ 77.9397679, 29.8650654 ], [ 77.9382983, 29.86569 ], [ 77.9378762, 29.8664946 ], [ 77.9379153, 29.8671757 ], [ 77.9364936, 29.868392 ], [ 77.9347897, 29.8685996 ], [ 77.9344991, 29.869361 ], [ 77.935128, 29.8701756 ], [ 77.9351582, 29.8709847 ], [ 77.9338693, 29.8708535 ], [ 77.9331447, 29.8729342 ], [ 77.9328367, 29.8721217 ], [ 77.9314463, 29.8706349 ], [ 77.9317582, 29.870383 ], [ 77.9296024, 29.8684958 ], [ 77.9287409, 29.8704662 ], [ 77.9295107, 29.8729093 ], [ 77.9296367, 29.8744006 ], [ 77.9314484, 29.8748685 ], [ 77.9312343, 29.8757367 ], [ 77.9332194, 29.8775355 ], [ 77.9320605, 29.878795 ], [ 77.9337021, 29.8801594 ], [ 77.9336106, 29.8808882 ], [ 77.9326021, 29.8815715 ], [ 77.9311663, 29.8848971 ], [ 77.929987, 29.8860658 ], [ 77.9311561, 29.8869787 ], [ 77.9310235, 29.887424 ], [ 77.9331511, 29.8904505 ], [ 77.9326886, 29.8908857 ], [ 77.9341304, 29.8924607 ], [ 77.9345478, 29.8922973 ], [ 77.935685, 29.8937027 ], [ 77.9361069, 29.8937794 ], [ 77.9368177, 29.8932868 ], [ 77.9368572, 29.8927658 ], [ 77.9377058, 29.8925672 ] ] ] } },
{ "type": "Feature", "properties": { "gp_code": "23454", "gp_name": "MUBARAKPUR ALIPUR", "blkname": "ROORKEE", "dtname": "Haridwar", "SHAPE_Area": 1505729.6532162658 }, "geometry": { "type": "Polygon", "coordinates": [ [ [ 77.957009, 29.8825956 ], [ 77.9668053, 29.8763575 ], [ 77.9675687, 29.8754358 ], [ 77.968406, 29.8712172 ], [ 77.967243, 29.8691661 ], [ 77.9600526, 29.8735423 ], [ 77.9565289, 29.8749126 ], [ 77.9511311, 29.879701 ], [ 77.9534896, 29.8823905 ], [ 77.9553459, 29.8816701 ], [ 77.957009, 29.8825956 ] ] ] } },
{ "type": "Feature", "properties": { "gp_code": "", "gp_name": "", "blkname": "ROORKEE", "dtname": "Haridwar", "SHAPE_Area": 1429977.9676310662 }, "geometry": { "type": "Polygon", "coordinates": [ [ [ 77.9590312, 29.8928478 ], [ 77.9601225, 29.8893611 ], [ 77.9627125, 29.8882669 ], [ 77.9564625, 29.8821479 ], [ 77.9523042, 29.8848888 ], [ 77.9524568, 29.8855039 ], [ 77.9493134, 29.8887183 ], [ 77.9502776, 29.8891506 ], [ 77.9507997, 29.8911945 ], [ 77.9517285, 29.8924496 ], [ 77.9495387, 29.8948255 ], [ 77.9481254, 29.8951606 ], [ 77.9473241, 29.8957973 ], [ 77.9476902, 29.8966244 ], [ 77.9471114, 29.897221 ], [ 77.9468995, 29.8970076 ], [ 77.9453105, 29.8986424 ], [ 77.9457552, 29.8991446 ], [ 77.945531, 29.8997562 ], [ 77.9462718, 29.9005528 ], [ 77.9531174, 29.8937649 ], [ 77.9534715, 29.8940107 ], [ 77.9538001, 29.8937861 ], [ 77.9534165, 29.8931471 ], [ 77.9565724, 29.8909669 ], [ 77.9590312, 29.8928478 ] ] ] } },
{ "type": "Feature", "properties": { "gp_code": "23569", "gp_name": "RAHMATPUR", "blkname": "ROORKEE", "dtname": "Haridwar", "SHAPE_Area": 6153378.4120113943 }, "geometry": { "type": "Polygon", "coordinates": [ [ [ 77.956883, 29.92176 ], [ 77.9619986, 29.9150098 ], [ 77.9623004, 29.9140354 ], [ 77.9606452, 29.910929 ], [ 77.9629268, 29.9092933 ], [ 77.9624788, 29.9067611 ], [ 77.9613147, 29.9052134 ], [ 77.9622295, 29.9038422 ], [ 77.9625913, 29.9039415 ], [ 77.963922, 29.9023995 ], [ 77.9634372, 29.9013279 ], [ 77.9649547, 29.9004067 ], [ 77.9627116, 29.8982057 ], [ 77.9596541, 29.8930116 ], [ 77.9590312, 29.8928478 ], [ 77.9565724, 29.8909669 ], [ 77.9534165, 29.8931471 ], [ 77.9538001, 29.8937861 ], [ 77.9534715, 29.8940107 ], [ 77.9531174, 29.8937649 ], [ 77.9462718, 29.9005528 ], [ 77.9447572, 29.9017683 ], [ 77.9440655, 29.9015159 ], [ 77.9435208, 29.9018046 ], [ 77.9388729, 29.9054155 ], [ 77.939472, 29.9063193 ], [ 77.938908, 29.907807 ], [ 77.9406651, 29.9117958 ], [ 77.9418794, 29.9110019 ], [ 77.9430273, 29.9106895 ], [ 77.9446684, 29.9123579 ], [ 77.9442117, 29.9127812 ], [ 77.9454234, 29.9141629 ], [ 77.9461307, 29.9137274 ], [ 77.9466806, 29.9142374 ], [ 77.9473394, 29.9138959 ], [ 77.9502046, 29.9182362 ], [ 77.9566375, 29.9175818 ], [ 77.956883, 29.92176 ] ] ] } },
{ "type": "Feature", "properties": { "gp_code": "23535", "gp_name": "BELDA", "blkname": "ROORKEE", "dtname": "Haridwar", "SHAPE_Area": 6237267.1565471636 }, "geometry": { "type": "Polygon", "coordinates": [ [ [ 77.9406866, 29.9114466 ], [ 77.938908, 29.907807 ], [ 77.939472, 29.9063193 ], [ 77.9388729, 29.9054155 ], [ 77.9435208, 29.9018046 ], [ 77.9440655, 29.9015159 ], [ 77.9447572, 29.9017683 ], [ 77.9462718, 29.9005528 ], [ 77.945531, 29.8997562 ], [ 77.9457552, 29.8991446 ], [ 77.9453105, 29.8986424 ], [ 77.9468995, 29.8970076 ], [ 77.9471114, 29.897221 ], [ 77.9476902, 29.8966244 ], [ 77.9473241, 29.8957973 ], [ 77.9481254, 29.8951606 ], [ 77.9495387, 29.8948255 ], [ 77.9517285, 29.8924496 ], [ 77.9507997, 29.8911945 ], [ 77.9502776, 29.8891506 ], [ 77.9493134, 29.8887183 ], [ 77.9524568, 29.8855039 ], [ 77.9523042, 29.8848888 ], [ 77.9564625, 29.8821479 ], [ 77.9550907, 29.8816616 ], [ 77.9534896, 29.8823905 ], [ 77.9531721, 29.8821145 ], [ 77.9511311, 29.879701 ], [ 77.9523872, 29.8785647 ], [ 77.9480342, 29.8744758 ], [ 77.9468869, 29.8756471 ], [ 77.9463618, 29.8752762 ], [ 77.9430732, 29.8777915 ], [ 77.9459535, 29.880848 ], [ 77.9453356, 29.8815295 ], [ 77.9466588, 29.8841009 ], [ 77.9469241, 29.8843434 ], [ 77.9476712, 29.8837263 ], [ 77.9490512, 29.8855375 ], [ 77.9427753, 29.8912758 ], [ 77.9423935, 29.8908815 ], [ 77.9414626, 29.8910036 ], [ 77.9405834, 29.8918058 ], [ 77.9393519, 29.8914992 ], [ 77.9377058, 29.8925672 ], [ 77.9368572, 29.8927658 ], [ 77.9368177, 29.8932868 ], [ 77.9361069, 29.8937794 ], [ 77.935685, 29.8937027 ], [ 77.9345478, 29.8922973 ], [ 77.9341304, 29.8924607 ], [ 77.9326886, 29.8908857 ], [ 77.9331511, 29.8904505 ], [ 77.9310235, 29.887424 ], [ 77.9299142, 29.8882076 ], [ 77.9256582, 29.8872967 ], [ 77.9201863, 29.8910828 ], [ 77.92186, 29.8928513 ], [ 77.92279, 29.8924225 ], [ 77.9258507, 29.8962241 ], [ 77.9293732, 29.8998728 ], [ 77.9289548, 29.9025127 ], [ 77.9304034, 29.9042651 ], [ 77.9319323, 29.9052485 ], [ 77.9330177, 29.9072165 ], [ 77.9329909, 29.9090534 ], [ 77.9334048, 29.9101631 ], [ 77.9353566, 29.9114845 ], [ 77.9363228, 29.9102536 ], [ 77.9386304, 29.9134693 ], [ 77.9403996, 29.9124869 ], [ 77.9406866, 29.9114466 ] ] ] } },
{ "type": "Feature", "properties": { "gp_code": "", "gp_name": "", "blkname": "ROORKEE", "dtname": "Haridwar", "SHAPE_Area": 329856.62661824375 }, "geometry": { "type": "Polygon", "coordinates": [ [ [ 77.9429841, 29.9164806 ], [ 77.9436358, 29.9158522 ], [ 77.9434891, 29.9154736 ], [ 77.9454234, 29.9141629 ], [ 77.9442117, 29.9127812 ], [ 77.9446684, 29.9123579 ], [ 77.9430273, 29.9106895 ], [ 77.9418794, 29.9110019 ], [ 77.9403278, 29.9120936 ], [ 77.9403996, 29.9124869 ], [ 77.9382763, 29.9136754 ], [ 77.9408657, 29.9164823 ], [ 77.9424728, 29.9154372 ], [ 77.9429841, 29.9164806 ] ] ] } },
{ "type": "Feature", "properties": { "gp_code": "", "gp_name": "", "blkname": "ROORKEE", "dtname": "Haridwar", "SHAPE_Area": 2359323.9291991782 }, "geometry": { "type": "Polygon", "coordinates": [ [ [ 77.9598242, 29.926767 ], [ 77.9577329, 29.9245223 ], [ 77.9574957, 29.9238397 ], [ 77.9567258, 29.9209679 ], [ 77.9566375, 29.9175818 ], [ 77.9502046, 29.9182362 ], [ 77.9473394, 29.9138959 ], [ 77.9466806, 29.9142374 ], [ 77.9461307, 29.9137274 ], [ 77.9434891, 29.9154736 ], [ 77.9436358, 29.9158522 ], [ 77.9429841, 29.9164806 ], [ 77.9439297, 29.9175209 ], [ 77.9432947, 29.9189175 ], [ 77.9408441, 29.9205686 ], [ 77.9421778, 29.9212928 ], [ 77.9432783, 29.9206083 ], [ 77.9451475, 29.9222526 ], [ 77.9455292, 29.9237087 ], [ 77.9470232, 29.9245269 ], [ 77.9492105, 29.9282393 ], [ 77.9517301, 29.9309132 ], [ 77.9530123, 29.9329979 ], [ 77.9564925, 29.929811 ], [ 77.9575652, 29.9282957 ], [ 77.9598242, 29.926767 ] ] ] } },
{ "type": "Feature", "properties": { "gp_code": "23541", "gp_name": "DHANAURI", "blkname": "ROORKEE", "dtname": "Haridwar", "SHAPE_Area": 2699372.7479944346 }, "geometry": { "type": "Polygon", "coordinates": [ [ [ 77.9699094, 29.9392666 ], [ 77.9691925, 29.937442 ], [ 77.965503, 29.9349708 ], [ 77.9642838, 29.9346169 ], [ 77.9618033, 29.9330521 ], [ 77.9617865, 29.9317799 ], [ 77.9611155, 29.9313113 ], [ 77.9617143, 29.9289684 ], [ 77.9615574, 29.9278822 ], [ 77.9610422, 29.9269996 ], [ 77.9598242, 29.926767 ], [ 77.9575652, 29.9282957 ], [ 77.9564925, 29.929811 ], [ 77.9530123, 29.9329979 ], [ 77.9522466, 29.9357446 ], [ 77.9497708, 29.9346783 ], [ 77.9463588, 29.9391869 ], [ 77.9478032, 29.9404538 ], [ 77.9476645, 29.9419175 ], [ 77.9518308, 29.9398464 ], [ 77.9547954, 29.9420254 ], [ 77.9594211, 29.9411036 ], [ 77.960215, 29.9422831 ], [ 77.9620875, 29.9440538 ], [ 77.9675787, 29.9399351 ], [ 77.9699094, 29.9392666 ] ] ] } },
{ "type": "Feature", "properties": { "gp_code": "", "gp_name": "", "blkname": "ROORKEE", "dtname": "Haridwar", "SHAPE_Area": 4988695.9547428116 }, "geometry": { "type": "Polygon", "coordinates": [ [ [ 77.9476645, 29.9419175 ], [ 77.9478032, 29.9404538 ], [ 77.9463588, 29.9391869 ], [ 77.9464713, 29.9387841 ], [ 77.9497708, 29.9346783 ], [ 77.9522466, 29.9357446 ], [ 77.9530123, 29.9329979 ], [ 77.9517301, 29.9309132 ], [ 77.9492105, 29.9282393 ], [ 77.9470232, 29.9245269 ], [ 77.9455292, 29.9237087 ], [ 77.9451475, 29.9222526 ], [ 77.9432783, 29.9206083 ], [ 77.9421778, 29.9212928 ], [ 77.9408441, 29.9205686 ], [ 77.9432947, 29.9189175 ], [ 77.9439297, 29.9175209 ], [ 77.9425351, 29.9159213 ], [ 77.9427574, 29.9157088 ], [ 77.9424728, 29.9154372 ], [ 77.9408657, 29.9164823 ], [ 77.9382763, 29.9136754 ], [ 77.9386304, 29.9134693 ], [ 77.9363228, 29.9102536 ], [ 77.9353566, 29.9114845 ], [ 77.9334048, 29.9101631 ], [ 77.9329073, 29.9123107 ], [ 77.9319267, 29.9124369 ], [ 77.9322861, 29.9154571 ], [ 77.9309683, 29.9162451 ], [ 77.9285445, 29.9203019 ], [ 77.9294231, 29.921813 ], [ 77.9288917, 29.922294 ], [ 77.9295081, 29.9232755 ], [ 77.9289474, 29.9236923 ], [ 77.9294099, 29.9250773 ], [ 77.9301649, 29.9261374 ], [ 77.9321215, 29.92565 ], [ 77.9322932, 29.9259955 ], [ 77.9335003, 29.9263389 ], [ 77.9344209, 29.9259748 ], [ 77.9347937, 29.9265228 ], [ 77.9365426, 29.9263139 ], [ 77.9377239, 29.9255378 ], [ 77.9428905, 29.9316005 ], [ 77.9417582, 29.9346706 ], [ 77.9404756, 29.9368034 ], [ 77.9378734, 29.9383472 ], [ 77.9397176, 29.9414528 ], [ 77.9418377, 29.9471375 ], [ 77.9433176, 29.9468772 ], [ 77.9456363, 29.9447405 ], [ 77.9476645, 29.9419175 ] ] ] } },
{ "type": "Feature", "properties": { "gp_code": "", "gp_name": "", "blkname": "ROORKEE", "dtname": "Haridwar", "SHAPE_Area": 1740039.5282148104 }, "geometry": { "type": "Polygon", "coordinates": [ [ [ 77.9289474, 29.9236923 ], [ 77.9235902, 29.9261635 ], [ 77.9243373, 29.926964 ], [ 77.9336038, 29.9331245 ], [ 77.9384966, 29.9380328 ], [ 77.9395713, 29.9375479 ], [ 77.9404756, 29.9368034 ], [ 77.9412789, 29.9355539 ], [ 77.9428905, 29.9316005 ], [ 77.9377239, 29.9255378 ], [ 77.9357184, 29.9264904 ], [ 77.9347937, 29.9265228 ], [ 77.9344209, 29.9259748 ], [ 77.933696, 29.926323 ], [ 77.9327036, 29.9261848 ], [ 77.9321215, 29.92565 ], [ 77.9301649, 29.9261374 ], [ 77.9294099, 29.9250773 ], [ 77.9289474, 29.9236923 ] ] ] } },
{ "type": "Feature", "properties": { "gp_code": "23574", "gp_name": "SAIDPURA URF MEHWAD KALAN", "blkname": "ROORKEE", "dtname": "Haridwar", "SHAPE_Area": 2628792.6975328634 }, "geometry": { "type": "Polygon", "coordinates": [ [ [ 77.9216181, 29.9045319 ], [ 77.9207226, 29.9032449 ], [ 77.9188666, 29.9015212 ], [ 77.9182649, 29.9018323 ], [ 77.9180844, 29.9016042 ], [ 77.9177076, 29.9007898 ], [ 77.9182543, 29.9001724 ], [ 77.9181276, 29.8994056 ], [ 77.9177067, 29.8990125 ], [ 77.9174248, 29.8987732 ], [ 77.9153782, 29.8992212 ], [ 77.913802, 29.897136 ], [ 77.9134144, 29.8973731 ], [ 77.9109127, 29.8948597 ], [ 77.9085245, 29.8958195 ], [ 77.9072318, 29.8974561 ], [ 77.9111911, 29.9025176 ], [ 77.9117233, 29.9022596 ], [ 77.9121527, 29.90282 ], [ 77.9117419, 29.9031657 ], [ 77.9119873, 29.9035752 ], [ 77.9124556, 29.9039764 ], [ 77.9141281, 29.9035965 ], [ 77.9153687, 29.9041572 ], [ 77.9158905, 29.9044677 ], [ 77.9157143, 29.9049481 ], [ 77.9161455, 29.9054685 ], [ 77.9175844, 29.9065813 ], [ 77.917472, 29.9071259 ], [ 77.9163058, 29.9082422 ], [ 77.9166459, 29.9091865 ], [ 77.9155644, 29.9098197 ], [ 77.9205535, 29.9150774 ], [ 77.9239895, 29.9192612 ], [ 77.9235745, 29.9197232 ], [ 77.924678, 29.920942 ], [ 77.924392, 29.921256 ], [ 77.9264713, 29.9247667 ], [ 77.9295081, 29.9232755 ], [ 77.9288917, 29.922294 ], [ 77.9294231, 29.921813 ], [ 77.9285445, 29.9203019 ], [ 77.9300085, 29.9178579 ], [ 77.9243787, 29.9117863 ], [ 77.9237058, 29.9086261 ], [ 77.9217314, 29.9066304 ], [ 77.922195, 29.9060683 ], [ 77.9212648, 29.9049782 ], [ 77.9216181, 29.9045319 ] ] ] } },
{ "type": "Feature", "properties": { "gp_code": "23507", "gp_name": "NAQIBPUR URF GOSHIPURA", "blkname": "ROORKEE", "dtname": "Haridwar", "SHAPE_Area": 1316969.6032035097 }, "geometry": { "type": "Polygon", "coordinates": [ [ [ 77.9195024, 29.9183158 ], [ 77.9144722, 29.9109895 ], [ 77.9121062, 29.91259 ], [ 77.9112442, 29.9142495 ], [ 77.9112652, 29.9160022 ], [ 77.9134315, 29.9182137 ], [ 77.9153882, 29.9195981 ], [ 77.915743, 29.9239718 ], [ 77.9148103, 29.925003 ], [ 77.9157717, 29.9253169 ], [ 77.9178385, 29.9267585 ], [ 77.919137, 29.9281044 ], [ 77.9240077, 29.9267329 ], [ 77.9232911, 29.9258366 ], [ 77.9230514, 29.9243787 ], [ 77.9222465, 29.9227967 ], [ 77.9190275, 29.9191085 ], [ 77.9195024, 29.9183158 ] ] ] } },
{ "type": "Feature", "properties": { "gp_code": "23492", "gp_name": "KURDI", "blkname": "ROORKEE", "dtname": "Haridwar", "SHAPE_Area": 1997949.339818429 }, "geometry": { "type": "Polygon", "coordinates": [ [ [ 77.9239895, 29.9192612 ], [ 77.9155644, 29.9098197 ], [ 77.9166459, 29.9091865 ], [ 77.9163058, 29.9082422 ], [ 77.917472, 29.9071259 ], [ 77.9175844, 29.9065813 ], [ 77.9161455, 29.9054685 ], [ 77.9157143, 29.9049481 ], [ 77.9158905, 29.9044677 ], [ 77.9153687, 29.9041572 ], [ 77.9141281, 29.9035965 ], [ 77.9124556, 29.9039764 ], [ 77.9117419, 29.9031657 ], [ 77.9121527, 29.90282 ], [ 77.9117233, 29.9022596 ], [ 77.9111911, 29.9025176 ], [ 77.9072318, 29.8974561 ], [ 77.9068685, 29.8976988 ], [ 77.9033467, 29.9022016 ], [ 77.9045097, 29.9029306 ], [ 77.9059467, 29.9048248 ], [ 77.9095973, 29.9079618 ], [ 77.9106505, 29.9085019 ], [ 77.9112663, 29.9104254 ], [ 77.9111345, 29.9114265 ], [ 77.9094847, 29.9136489 ], [ 77.9091796, 29.9146602 ], [ 77.91132, 29.913961 ], [ 77.9121062, 29.91259 ], [ 77.9144722, 29.9109895 ], [ 77.9176718, 29.9152619 ], [ 77.9195024, 29.9183158 ], [ 77.9190275, 29.9191085 ], [ 77.9222465, 29.9227967 ], [ 77.9230514, 29.9243787 ], [ 77.9232911, 29.9258366 ], [ 77.9235902, 29.9261635 ], [ 77.9264713, 29.9247667 ], [ 77.924392, 29.921256 ], [ 77.924678, 29.920942 ], [ 77.9235745, 29.9197232 ], [ 77.9239895, 29.9192612 ] ] ] } },
{ "type": "Feature", "properties": { "gp_code": "23557", "gp_name": "MEHWAD KHURD", "blkname": "ROORKEE", "dtname": "Haridwar", "SHAPE_Area": 2995220.9281761125 }, "geometry": { "type": "Polygon", "coordinates": [ [ [ 77.9148103, 29.925003 ], [ 77.915743, 29.9239718 ], [ 77.9153882, 29.9195981 ], [ 77.9134315, 29.9182137 ], [ 77.9112652, 29.9160022 ], [ 77.91132, 29.913961 ], [ 77.9091796, 29.9146602 ], [ 77.9094847, 29.9136489 ], [ 77.9111345, 29.9114265 ], [ 77.9112663, 29.9104254 ], [ 77.9106505, 29.9085019 ], [ 77.9095973, 29.9079618 ], [ 77.9059467, 29.9048248 ], [ 77.9045097, 29.9029306 ], [ 77.9033467, 29.9022016 ], [ 77.9025371, 29.9027422 ], [ 77.9029545, 29.9033189 ], [ 77.9023362, 29.9041932 ], [ 77.901963, 29.9044464 ], [ 77.901565, 29.9040522 ], [ 77.8988051, 29.9063424 ], [ 77.8970554, 29.9099326 ], [ 77.8989936, 29.9128867 ], [ 77.8999934, 29.9156521 ], [ 77.9057224, 29.920044 ], [ 77.9056227, 29.920688 ], [ 77.909938, 29.9237208 ], [ 77.91041, 29.9248912 ], [ 77.9117221, 29.9241088 ], [ 77.9132129, 29.9249101 ], [ 77.9148103, 29.925003 ] ] ] } },
{ "type": "Feature", "properties": { "gp_code": "23345", "gp_name": "SOHALPUR SIKRODHA", "blkname": "BAHADRABAD", "dtname": "Haridwar", "SHAPE_Area": 4591966.5608653426 }, "geometry": { "type": "Polygon", "coordinates": [ [ [ 77.9353865, 29.9730323 ], [ 77.9328558, 29.9679832 ], [ 77.9313991, 29.9663757 ], [ 77.9297929, 29.9659053 ], [ 77.9272419, 29.9669567 ], [ 77.9263518, 29.9665944 ], [ 77.9253615, 29.9654347 ], [ 77.9240508, 29.9660782 ], [ 77.9233085, 29.9657934 ], [ 77.923343, 29.9648828 ], [ 77.9288408, 29.9596284 ], [ 77.9274828, 29.9587632 ], [ 77.9238949, 29.9584836 ], [ 77.9210122, 29.9590338 ], [ 77.9198685, 29.9583956 ], [ 77.9154402, 29.9614512 ], [ 77.9098037, 29.9547726 ], [ 77.9084544, 29.9537625 ], [ 77.9055469, 29.9565307 ], [ 77.9046371, 29.9566882 ], [ 77.9060534, 29.9588542 ], [ 77.9056839, 29.9592002 ], [ 77.909989, 29.9659334 ], [ 77.9127644, 29.9685489 ], [ 77.9134943, 29.9678166 ], [ 77.9153649, 29.9691572 ], [ 77.9202853, 29.9737335 ], [ 77.9168045, 29.9760085 ], [ 77.9180032, 29.9784557 ], [ 77.9198446, 29.9805801 ], [ 77.9202402, 29.9798997 ], [ 77.9275679, 29.9749995 ], [ 77.9306674, 29.9722136 ], [ 77.9316673, 29.9720486 ], [ 77.9353865, 29.9730323 ] ] ] } },
{ "type": "Feature", "properties": { "gp_code": "23556", "gp_name": "MAZRI GUMMAWALA", "blkname": "ROORKEE", "dtname": "Haridwar", "SHAPE_Area": 5654916.6435570596 }, "geometry": { "type": "Polygon", "coordinates": [ [ [ 77.9196946, 29.9584859 ], [ 77.9215781, 29.9590527 ], [ 77.9238949, 29.9584836 ], [ 77.9265847, 29.9585811 ], [ 77.9297291, 29.9599819 ], [ 77.9305014, 29.95891 ], [ 77.9366231, 29.9532845 ], [ 77.9355842, 29.9522965 ], [ 77.9338289, 29.9517565 ], [ 77.9310336, 29.9501279 ], [ 77.9243568, 29.9455262 ], [ 77.9222285, 29.9432987 ], [ 77.9186389, 29.9404889 ], [ 77.9156725, 29.9372388 ], [ 77.9109884, 29.9374102 ], [ 77.910131, 29.9390288 ], [ 77.9097069, 29.9411333 ], [ 77.9088349, 29.9431211 ], [ 77.9103278, 29.94515 ], [ 77.9094188, 29.9462223 ], [ 77.9072649, 29.9473689 ], [ 77.9076739, 29.9488101 ], [ 77.9063623, 29.9499574 ], [ 77.9071857, 29.9526894 ], [ 77.9078752, 29.9540685 ], [ 77.9084544, 29.9537625 ], [ 77.9098037, 29.9547726 ], [ 77.9154402, 29.9614512 ], [ 77.9196946, 29.9584859 ] ] ] } },
{ "type": "Feature", "properties": { "gp_code": "", "gp_name": "", "blkname": "ROORKEE", "dtname": "Haridwar", "SHAPE_Area": 5432337.3359917402 }, "geometry": { "type": "Polygon", "coordinates": [ [ [ 77.9420768, 29.9482314 ], [ 77.9407108, 29.9437289 ], [ 77.938899, 29.9397724 ], [ 77.9378734, 29.9383472 ], [ 77.9384966, 29.9380328 ], [ 77.9336038, 29.9331245 ], [ 77.9240077, 29.9267329 ], [ 77.919137, 29.9281044 ], [ 77.9194391, 29.9289645 ], [ 77.9187319, 29.929388 ], [ 77.9190544, 29.9301931 ], [ 77.9184338, 29.9310977 ], [ 77.9174374, 29.9314379 ], [ 77.9180846, 29.9332311 ], [ 77.9190384, 29.9329858 ], [ 77.9189707, 29.9342313 ], [ 77.917364, 29.9352462 ], [ 77.9156725, 29.9372388 ], [ 77.9186389, 29.9404889 ], [ 77.9222285, 29.9432987 ], [ 77.9238588, 29.9450975 ], [ 77.9310336, 29.9501279 ], [ 77.9338289, 29.9517565 ], [ 77.9355842, 29.9522965 ], [ 77.9366231, 29.9532845 ], [ 77.9390087, 29.9514944 ], [ 77.9410021, 29.9506935 ], [ 77.9416414, 29.9499513 ], [ 77.9420768, 29.9482314 ] ] ] } },
{ "type": "Feature", "properties": { "gp_code": "23291", "gp_name": "BADSHAHPUR", "blkname": "BAHADRABAD", "dtname": "Haridwar", "SHAPE_Area": 5181556.915048643 }, "geometry": { "type": "Polygon", "coordinates": [ [ [ 77.9754487, 29.9427571 ], [ 77.9743636, 29.9419328 ], [ 77.9741821, 29.941364 ], [ 77.9729737, 29.9411483 ], [ 77.9725773, 29.9406569 ], [ 77.9709105, 29.9399325 ], [ 77.9701102, 29.93904 ], [ 77.9675787, 29.9399351 ], [ 77.9620875, 29.9440538 ], [ 77.960215, 29.9422831 ], [ 77.9594211, 29.9411036 ], [ 77.9547954, 29.9420254 ], [ 77.9518308, 29.9398464 ], [ 77.9476645, 29.9419175 ], [ 77.9456363, 29.9447405 ], [ 77.9433176, 29.9468772 ], [ 77.9418522, 29.9471454 ], [ 77.9485757, 29.9507443 ], [ 77.9517153, 29.9519483 ], [ 77.9527103, 29.9529597 ], [ 77.9527514, 29.9546987 ], [ 77.9533571, 29.9556571 ], [ 77.9537496, 29.9555874 ], [ 77.9567903, 29.9573619 ], [ 77.9626371, 29.9576374 ], [ 77.9642539, 29.9588532 ], [ 77.9640828, 29.9575335 ], [ 77.9656427, 29.9544897 ], [ 77.9675436, 29.9530959 ], [ 77.9700088, 29.9533786 ], [ 77.9711503, 29.9531289 ], [ 77.970626, 29.9527587 ], [ 77.9722201, 29.9485057 ], [ 77.9730714, 29.9464988 ], [ 77.9754487, 29.9427571 ] ] ] } },
{ "type": "Feature", "properties": { "gp_code": "23309", "gp_name": "JASAWAWALA", "blkname": "BAHADRABAD", "dtname": "Haridwar", "SHAPE_Area": 3409547.9957321975 }, "geometry": { "type": "Polygon", "coordinates": [ [ [ 77.9555746, 29.9686396 ], [ 77.9642539, 29.9588532 ], [ 77.9626371, 29.9576374 ], [ 77.9567903, 29.9573619 ], [ 77.9537496, 29.9555874 ], [ 77.9533571, 29.9556571 ], [ 77.9527514, 29.9546987 ], [ 77.9527103, 29.9529597 ], [ 77.9517153, 29.9519483 ], [ 77.9485757, 29.9507443 ], [ 77.9418518, 29.9471455 ], [ 77.9432371, 29.9520923 ], [ 77.9411811, 29.9587858 ], [ 77.9427091, 29.9603978 ], [ 77.9465385, 29.9629972 ], [ 77.9484116, 29.9637583 ], [ 77.9491437, 29.9646293 ], [ 77.9500755, 29.9674192 ], [ 77.9521892, 29.9692049 ], [ 77.9555746, 29.9686396 ] ] ] } },
{ "type": "Feature", "properties": { "gp_code": "23316", "gp_name": "KOTA MURAD NAGAR", "blkname": "BAHADRABAD", "dtname": "Haridwar", "SHAPE_Area": 7138698.3535427637 }, "geometry": { "type": "Polygon", "coordinates": [ [ [ 77.9537097, 29.9720641 ], [ 77.9532377, 29.9718423 ], [ 77.9555746, 29.9686396 ], [ 77.9521892, 29.9692049 ], [ 77.9500755, 29.9674192 ], [ 77.9491437, 29.9646293 ], [ 77.9484116, 29.9637583 ], [ 77.9465385, 29.9629972 ], [ 77.9427091, 29.9603978 ], [ 77.9411811, 29.9587858 ], [ 77.9432371, 29.9520923 ], [ 77.9420768, 29.9482314 ], [ 77.9416414, 29.9499513 ], [ 77.9410021, 29.9506935 ], [ 77.9390087, 29.9514944 ], [ 77.9368066, 29.9531168 ], [ 77.9305014, 29.95891 ], [ 77.9297291, 29.9599819 ], [ 77.9288408, 29.9596284 ], [ 77.923343, 29.9648828 ], [ 77.9232069, 29.9653925 ], [ 77.9233085, 29.9657934 ], [ 77.9240508, 29.9660782 ], [ 77.9253615, 29.9654347 ], [ 77.92678, 29.966892 ], [ 77.9302467, 29.965894 ], [ 77.9319732, 29.966802 ], [ 77.935032, 29.971987 ], [ 77.9364425, 29.9763064 ], [ 77.9364736, 29.9770067 ], [ 77.936131, 29.9775075 ], [ 77.9344727, 29.9787414 ], [ 77.9332129, 29.9791761 ], [ 77.9388828, 29.9857864 ], [ 77.9398181, 29.9862128 ], [ 77.9419928, 29.9866812 ], [ 77.9430496, 29.9848742 ], [ 77.9508097, 29.9783767 ], [ 77.9509553, 29.9760265 ], [ 77.9513921, 29.9749939 ], [ 77.9537097, 29.9720641 ] ] ] } },
{ "type": "Feature", "properties": { "gp_code": "", "gp_name": "", "blkname": "BAHADRABAD", "dtname": "Haridwar", "SHAPE_Area": 4957947.1739382232 }, "geometry": { "type": "Polygon", "coordinates": [ [ [ 77.9579092, 29.9959448 ], [ 77.9573337, 29.9943004 ], [ 77.9604785, 29.9916203 ], [ 77.9600898, 29.989765 ], [ 77.9612413, 29.9886429 ], [ 77.9613496, 29.9884244 ], [ 77.9606544, 29.9878221 ], [ 77.9620935, 29.9861773 ], [ 77.9622379, 29.9855397 ], [ 77.9603535, 29.979641 ], [ 77.9594254, 29.9750385 ], [ 77.9537097, 29.9720641 ], [ 77.9513921, 29.9749939 ], [ 77.9509553, 29.9760265 ], [ 77.9508097, 29.9783767 ], [ 77.9430496, 29.9848742 ], [ 77.9423141, 29.9859727 ], [ 77.9419928, 29.9866812 ], [ 77.9433258, 29.9895837 ], [ 77.9436188, 29.9910391 ], [ 77.9433982, 29.9928933 ], [ 77.9430686, 29.9932772 ], [ 77.9432479, 29.9944017 ], [ 77.9446917, 29.9966646 ], [ 77.9470754, 29.9989528 ], [ 77.952221, 29.9983296 ], [ 77.9552941, 29.9975862 ], [ 77.956846, 29.9969496 ], [ 77.9579092, 29.9959448 ] ] ] } },
{ "type": "Feature", "properties": { "gp_code": "245196", "gp_name": "DALUWALA KHURD", "blkname": "BAHADRABAD", "dtname": "Haridwar", "SHAPE_Area": 5373313.0996649601 }, "geometry": { "type": "Polygon", "coordinates": [ [ [ 77.9394979, 30.0136525 ], [ 77.9503655, 30.0027645 ], [ 77.9464605, 29.9998921 ], [ 77.9465463, 29.9992131 ], [ 77.9470754, 29.9989528 ], [ 77.9446917, 29.9966646 ], [ 77.9432855, 29.9945687 ], [ 77.9430686, 29.9932772 ], [ 77.9433982, 29.9928933 ], [ 77.9436188, 29.9910391 ], [ 77.9433258, 29.9895837 ], [ 77.9419928, 29.9866812 ], [ 77.9406571, 29.9863826 ], [ 77.9387838, 29.9865757 ], [ 77.9373027, 29.985902 ], [ 77.9351015, 29.984238 ], [ 77.9342621, 29.9840415 ], [ 77.93217, 29.9856271 ], [ 77.93107, 29.9860525 ], [ 77.9282586, 29.9856192 ], [ 77.9276212, 29.9879215 ], [ 77.9278412, 29.988834 ], [ 77.9284799, 29.9892872 ], [ 77.9301273, 29.9895165 ], [ 77.931322, 29.9915001 ], [ 77.9345409, 29.9939558 ], [ 77.935117, 29.9951045 ], [ 77.9351155, 29.9958488 ], [ 77.9348974, 29.9964233 ], [ 77.9341097, 29.9970451 ], [ 77.9320397, 29.9978509 ], [ 77.9301854, 29.9980642 ], [ 77.929335, 29.9985072 ], [ 77.9279648, 29.999902 ], [ 77.9268425, 30.0020013 ], [ 77.9278389, 30.0046248 ], [ 77.9272577, 30.0073243 ], [ 77.9304746, 30.0083292 ], [ 77.932134, 30.0072041 ], [ 77.9330939, 30.0077565 ], [ 77.9336436, 30.0073415 ], [ 77.9340156, 30.0082746 ], [ 77.9361505, 30.0095465 ], [ 77.9394979, 30.0136525 ] ] ] } },
{ "type": "Feature", "properties": { "gp_code": "23318", "gp_name": "MANUBANS GRUNT", "blkname": "BAHADRABAD", "dtname": "Haridwar", "SHAPE_Area": 6915027.4662273349 }, "geometry": { "type": "Polygon", "coordinates": [ [ [ 77.9272577, 30.0073243 ], [ 77.9278389, 30.0046248 ], [ 77.9268425, 30.0020013 ], [ 77.9279648, 29.999902 ], [ 77.929335, 29.9985072 ], [ 77.9301854, 29.9980642 ], [ 77.9320397, 29.9978509 ], [ 77.9341097, 29.9970451 ], [ 77.9348974, 29.9964233 ], [ 77.9351155, 29.9958488 ], [ 77.935117, 29.9951045 ], [ 77.9345409, 29.9939558 ], [ 77.931322, 29.9915001 ], [ 77.9301273, 29.9895165 ], [ 77.9284799, 29.9892872 ], [ 77.9278412, 29.988834 ], [ 77.9276212, 29.9879215 ], [ 77.9282586, 29.9856192 ], [ 77.93107, 29.9860525 ], [ 77.93217, 29.9856271 ], [ 77.9342621, 29.9840415 ], [ 77.9351015, 29.984238 ], [ 77.9373027, 29.985902 ], [ 77.9387838, 29.9865757 ], [ 77.9406571, 29.9863826 ], [ 77.9388828, 29.9857864 ], [ 77.9332129, 29.9791761 ], [ 77.935487, 29.978071 ], [ 77.9364736, 29.9770067 ], [ 77.9353865, 29.9730323 ], [ 77.9316673, 29.9720486 ], [ 77.9303051, 29.9724604 ], [ 77.9275679, 29.9749995 ], [ 77.9202402, 29.9798997 ], [ 77.9198446, 29.9805801 ], [ 77.9238674, 29.9834818 ], [ 77.9251453, 29.9840221 ], [ 77.9252493, 29.9842142 ], [ 77.9236121, 29.9856811 ], [ 77.9234604, 29.986447 ], [ 77.9213943, 29.9877859 ], [ 77.9199961, 29.9881031 ], [ 77.9165344, 29.9900033 ], [ 77.9127478, 29.9935185 ], [ 77.9114064, 29.9961148 ], [ 77.9084612, 29.9943197 ], [ 77.9079478, 29.9953625 ], [ 77.906721, 29.9966803 ], [ 77.9072659, 29.9973658 ], [ 77.9097667, 29.9982659 ], [ 77.9104934, 29.9988652 ], [ 77.9127681, 30.0011323 ], [ 77.9121603, 30.0020906 ], [ 77.9128056, 30.0027305 ], [ 77.9185506, 30.0060502 ], [ 77.9199955, 30.0063178 ], [ 77.9234532, 30.007962 ], [ 77.9272577, 30.0073243 ] ] ] } },
{ "type": "Feature", "properties": { "gp_code": "23321", "gp_name": "MOHD. BEGPUR URF TAKABHARI", "blkname": "BAHADRABAD", "dtname": "Haridwar", "SHAPE_Area": 3834308.7901544683 }, "geometry": { "type": "Polygon", "coordinates": [ [ [ 77.9204992, 29.9878891 ], [ 77.9213943, 29.9877859 ], [ 77.9234604, 29.986447 ], [ 77.9236121, 29.9856811 ], [ 77.9252493, 29.9842142 ], [ 77.919161, 29.9800584 ], [ 77.9168045, 29.9760085 ], [ 77.9202853, 29.9737335 ], [ 77.9153649, 29.9691572 ], [ 77.9134943, 29.9678166 ], [ 77.9127644, 29.9685489 ], [ 77.909989, 29.9659334 ], [ 77.9081396, 29.968707 ], [ 77.9028022, 29.973161 ], [ 77.9053755, 29.9753131 ], [ 77.9079846, 29.9783686 ], [ 77.9098803, 29.983702 ], [ 77.910163, 29.984791 ], [ 77.9100222, 29.9858039 ], [ 77.9118978, 29.9900078 ], [ 77.9127478, 29.9935185 ], [ 77.9165344, 29.9900033 ], [ 77.9204992, 29.9878891 ] ] ] } },
{ "type": "Feature", "properties": { "gp_code": "23370", "gp_name": "JHIRIYAN GRUNT", "blkname": "BHAGWANPUR", "dtname": "Haridwar", "SHAPE_Area": 19572173.573311474 }, "geometry": { "type": "Polygon", "coordinates": [ [ [ 77.9004561, 29.9847137 ], [ 77.8993544, 29.9793188 ], [ 77.8986269, 29.9787023 ], [ 77.8992196, 29.9780581 ], [ 77.8992841, 29.9755691 ], [ 77.8998583, 29.9749662 ], [ 77.8967467, 29.9711451 ], [ 77.8948999, 29.9717915 ], [ 77.8944738, 29.9716472 ], [ 77.8952089, 29.9704153 ], [ 77.8952065, 29.9698591 ], [ 77.8938542, 29.9668095 ], [ 77.8938609, 29.9662327 ], [ 77.8963887, 29.9637428 ], [ 77.8963005, 29.9625974 ], [ 77.8949292, 29.9585161 ], [ 77.8934982, 29.9588903 ], [ 77.8894274, 29.9613462 ], [ 77.8886765, 29.9611487 ], [ 77.8869718, 29.9622915 ], [ 77.886137, 29.9635315 ], [ 77.8859694, 29.9651131 ], [ 77.88541, 29.9660963 ], [ 77.8811338, 29.969769 ], [ 77.8802746, 29.9713334 ], [ 77.8791136, 29.9716472 ], [ 77.8780397, 29.9733287 ], [ 77.8737067, 29.9746605 ], [ 77.8732654, 29.97652 ], [ 77.8718151, 29.9782562 ], [ 77.8730761, 29.9812159 ], [ 77.8745073, 29.9834099 ], [ 77.875417, 29.9868359 ], [ 77.874433, 29.9893534 ], [ 77.8734291, 29.9903505 ], [ 77.8726744, 29.9919329 ], [ 77.8715923, 29.9928945 ], [ 77.8699206, 29.9932221 ], [ 77.8712934, 29.9945152 ], [ 77.8731038, 29.9954875 ], [ 77.8734528, 29.9961234 ], [ 77.8732327, 30.0001415 ], [ 77.8749859, 30.003001 ], [ 77.8765586, 30.0081443 ], [ 77.8748774, 30.0095203 ], [ 77.8748126, 30.0100193 ], [ 77.8762354, 30.0168426 ], [ 77.8761483, 30.0186902 ], [ 77.8763854, 30.0192727 ], [ 77.874895, 30.0196837 ], [ 77.8740857, 30.0211176 ], [ 77.8868319, 30.0346207 ], [ 77.8932763, 30.0256626 ], [ 77.8956001, 30.0246422 ], [ 77.8970706, 30.0221689 ], [ 77.89713, 30.0206579 ], [ 77.8963243, 30.0179916 ], [ 77.8949729, 30.0158786 ], [ 77.8963952, 30.0115134 ], [ 77.8955039, 30.0091494 ], [ 77.893546, 30.0064447 ], [ 77.8945362, 30.003825 ], [ 77.893998, 30.0027732 ], [ 77.8930972, 29.9987817 ], [ 77.8939682, 29.9975389 ], [ 77.8937253, 29.9962273 ], [ 77.894306, 29.9956835 ], [ 77.8939813, 29.9949945 ], [ 77.8952227, 29.9946555 ], [ 77.8957876, 29.9935368 ], [ 77.89502, 29.9925459 ], [ 77.896462, 29.99227 ], [ 77.8959309, 29.9896505 ], [ 77.896652, 29.9893536 ], [ 77.8968608, 29.9889593 ], [ 77.8966464, 29.9883407 ], [ 77.8986494, 29.985953 ], [ 77.9004561, 29.9847137 ] ] ] } },
{ "type": "Feature", "properties": { "gp_code": "23571", "gp_name": "RANGHAD WALA", "blkname": "ROORKEE", "dtname": "Haridwar", "SHAPE_Area": 3336575.1408036975 }, "geometry": { "type": "Polygon", "coordinates": [ [ [ 77.909989, 29.9659334 ], [ 77.9056839, 29.9592002 ], [ 77.9060534, 29.9588542 ], [ 77.9046371, 29.9566882 ], [ 77.9055469, 29.9565307 ], [ 77.9078752, 29.9540685 ], [ 77.9063623, 29.9499574 ], [ 77.9076739, 29.9488101 ], [ 77.9072649, 29.9473689 ], [ 77.8989523, 29.9510784 ], [ 77.898495, 29.9510889 ], [ 77.89798, 29.9505582 ], [ 77.8963618, 29.9517876 ], [ 77.894317, 29.9503824 ], [ 77.8932612, 29.9512269 ], [ 77.8925992, 29.9508943 ], [ 77.8882383, 29.9515592 ], [ 77.8852284, 29.9521792 ], [ 77.8826827, 29.9532399 ], [ 77.8835718, 29.9543482 ], [ 77.8854046, 29.9557091 ], [ 77.886495, 29.9578053 ], [ 77.8939957, 29.9563198 ], [ 77.8966852, 29.9568088 ], [ 77.8991678, 29.9579794 ], [ 77.9010926, 29.961192 ], [ 77.901959, 29.9651388 ], [ 77.9028022, 29.973161 ], [ 77.9081396, 29.968707 ], [ 77.909989, 29.9659334 ] ] ] } },
{ "type": "Feature", "properties": { "gp_code": "", "gp_name": "", "blkname": "ROORKEE", "dtname": "Haridwar", "SHAPE_Area": 1777858.0460683471 }, "geometry": { "type": "Polygon", "coordinates": [ [ [ 77.9032967, 29.9492456 ], [ 77.8975503, 29.946045 ], [ 77.8951293, 29.9442558 ], [ 77.8947061, 29.9430904 ], [ 77.8930397, 29.9432814 ], [ 77.8929151, 29.9421156 ], [ 77.8923665, 29.9413864 ], [ 77.8912329, 29.9413436 ], [ 77.8905156, 29.942043 ], [ 77.88918, 29.9412438 ], [ 77.888884, 29.9389932 ], [ 77.8880663, 29.9380331 ], [ 77.8827783, 29.9366822 ], [ 77.8821407, 29.9388011 ], [ 77.8808441, 29.9396778 ], [ 77.8786953, 29.9401577 ], [ 77.8799237, 29.9424357 ], [ 77.8810897, 29.9427674 ], [ 77.882561, 29.942382 ], [ 77.8836989, 29.9424497 ], [ 77.8863878, 29.9438093 ], [ 77.8900081, 29.9468776 ], [ 77.8916403, 29.949714 ], [ 77.8925992, 29.9508943 ], [ 77.8932612, 29.9512269 ], [ 77.8945484, 29.9504037 ], [ 77.8963618, 29.9517876 ], [ 77.89798, 29.9505582 ], [ 77.898495, 29.9510889 ], [ 77.8989523, 29.9510784 ], [ 77.9032967, 29.9492456 ] ] ] } },
{ "type": "Feature", "properties": { "gp_code": "23361", "gp_name": "DARIYAPUR DAYALPUR", "blkname": "BHAGWANPUR", "dtname": "Haridwar", "SHAPE_Area": 5703098.960116717 }, "geometry": { "type": "Polygon", "coordinates": [ [ [ 77.8925992, 29.9508943 ], [ 77.8900081, 29.9468776 ], [ 77.8863878, 29.9438093 ], [ 77.8836989, 29.9424497 ], [ 77.8808446, 29.9427605 ], [ 77.879685, 29.9422021 ], [ 77.8786953, 29.9401577 ], [ 77.8808441, 29.9396778 ], [ 77.8821407, 29.9388011 ], [ 77.8827783, 29.9366822 ], [ 77.8820738, 29.9364752 ], [ 77.8786819, 29.9331762 ], [ 77.8747837, 29.9308585 ], [ 77.8712968, 29.9334572 ], [ 77.8684038, 29.9345057 ], [ 77.867928, 29.9360174 ], [ 77.8642576, 29.9368687 ], [ 77.8623448, 29.9386422 ], [ 77.8593108, 29.9407843 ], [ 77.8595355, 29.9416195 ], [ 77.8585687, 29.942446 ], [ 77.8626757, 29.9455701 ], [ 77.8644472, 29.9474824 ], [ 77.865761, 29.949443 ], [ 77.8661332, 29.9507223 ], [ 77.8674598, 29.9530432 ], [ 77.8728112, 29.9506549 ], [ 77.8735709, 29.9498547 ], [ 77.8776088, 29.9508483 ], [ 77.8826827, 29.9532399 ], [ 77.8852284, 29.9521792 ], [ 77.8925992, 29.9508943 ] ] ] } },
{ "type": "Feature", "properties": { "gp_code": "23386", "gp_name": "NANGAL PALOONI", "blkname": "BHAGWANPUR", "dtname": "Haridwar", "SHAPE_Area": 7738906.2843402028 }, "geometry": { "type": "Polygon", "coordinates": [ [ [ 77.9013995, 29.9790221 ], [ 77.9039176, 29.9781074 ], [ 77.9039095, 29.9757542 ], [ 77.9031139, 29.9746269 ], [ 77.9021545, 29.9742477 ], [ 77.9028022, 29.973161 ], [ 77.901959, 29.9651388 ], [ 77.9010926, 29.961192 ], [ 77.8991678, 29.9579794 ], [ 77.8966852, 29.9568088 ], [ 77.8939957, 29.9563198 ], [ 77.886495, 29.9578053 ], [ 77.8854046, 29.9557091 ], [ 77.8835718, 29.9543482 ], [ 77.8826827, 29.9532399 ], [ 77.8776088, 29.9508483 ], [ 77.8742029, 29.9498166 ], [ 77.8735709, 29.9498547 ], [ 77.8728112, 29.9506549 ], [ 77.8674598, 29.9530432 ], [ 77.865125, 29.9560507 ], [ 77.8626302, 29.9585847 ], [ 77.863337, 29.9596183 ], [ 77.8632735, 29.9603575 ], [ 77.862593, 29.9606509 ], [ 77.8672772, 29.9669912 ], [ 77.8677524, 29.9684349 ], [ 77.8749422, 29.9744142 ], [ 77.8780397, 29.9733287 ], [ 77.8791136, 29.9716472 ], [ 77.8802746, 29.9713334 ], [ 77.8811338, 29.969769 ], [ 77.88541, 29.9660963 ], [ 77.8859694, 29.9651131 ], [ 77.8864553, 29.9628902 ], [ 77.8878439, 29.9615737 ], [ 77.8886765, 29.9611487 ], [ 77.8894274, 29.9613462 ], [ 77.8934982, 29.9588903 ], [ 77.8949292, 29.9585161 ], [ 77.8963005, 29.9625974 ], [ 77.8963887, 29.9637428 ], [ 77.8938609, 29.9662327 ], [ 77.8938542, 29.9668095 ], [ 77.8952065, 29.9698591 ], [ 77.8952089, 29.9704153 ], [ 77.8944738, 29.9716472 ], [ 77.8948999, 29.9717915 ], [ 77.8967467, 29.9711451 ], [ 77.8998583, 29.9749662 ], [ 77.8992841, 29.9755691 ], [ 77.8992196, 29.9780581 ], [ 77.8986269, 29.9787023 ], [ 77.8993544, 29.9793188 ], [ 77.8995903, 29.9801652 ], [ 77.9013995, 29.9790221 ] ] ] } },
{ "type": "Feature", "properties": { "gp_code": "23363", "gp_name": "DHEER MAZRA", "blkname": "BHAGWANPUR", "dtname": "Haridwar", "SHAPE_Area": 5110064.5844996506 }, "geometry": { "type": "Polygon", "coordinates": [ [ [ 77.865125, 29.9560507 ], [ 77.8674598, 29.9530432 ], [ 77.8670738, 29.9520839 ], [ 77.8644472, 29.9474824 ], [ 77.8626757, 29.9455701 ], [ 77.8585687, 29.942446 ], [ 77.8559194, 29.942824 ], [ 77.8554987, 29.9422672 ], [ 77.8559829, 29.9420049 ], [ 77.8563914, 29.9411711 ], [ 77.8562937, 29.9405357 ], [ 77.8581572, 29.9398535 ], [ 77.8557983, 29.937438 ], [ 77.8556392, 29.9351222 ], [ 77.8534336, 29.9356365 ], [ 77.8470833, 29.9362875 ], [ 77.8456184, 29.9372597 ], [ 77.8469616, 29.9387091 ], [ 77.8466101, 29.9388752 ], [ 77.8466436, 29.939332 ], [ 77.8478684, 29.9412157 ], [ 77.8475516, 29.9417073 ], [ 77.8480513, 29.9422971 ], [ 77.8472245, 29.9431646 ], [ 77.8479742, 29.9438393 ], [ 77.8469811, 29.945055 ], [ 77.8486166, 29.9468055 ], [ 77.8446013, 29.9501241 ], [ 77.8437169, 29.9499507 ], [ 77.8430178, 29.9506393 ], [ 77.8446303, 29.9537002 ], [ 77.8470842, 29.9569669 ], [ 77.8518473, 29.9598919 ], [ 77.8527669, 29.9598722 ], [ 77.8559943, 29.9583461 ], [ 77.8564583, 29.9586693 ], [ 77.8570396, 29.9585543 ], [ 77.8567193, 29.9576003 ], [ 77.8575948, 29.9553318 ], [ 77.8584898, 29.9564027 ], [ 77.8596925, 29.9571358 ], [ 77.8607244, 29.9595633 ], [ 77.8625096, 29.960486 ], [ 77.8633048, 29.9602406 ], [ 77.863337, 29.9596183 ], [ 77.8626302, 29.9585847 ], [ 77.865125, 29.9560507 ] ] ] } },
{ "type": "Feature", "properties": { "gp_code": "23365", "gp_name": "HABIBPUR NIWADA", "blkname": "BHAGWANPUR", "dtname": "Haridwar", "SHAPE_Area": 7394766.1974659888 }, "geometry": { "type": "Polygon", "coordinates": [ [ [ 77.8749422, 29.9744142 ], [ 77.8677524, 29.9684349 ], [ 77.8672772, 29.9669912 ], [ 77.8632913, 29.9613477 ], [ 77.8625096, 29.960486 ], [ 77.8607244, 29.9595633 ], [ 77.8596925, 29.9571358 ], [ 77.8584898, 29.9564027 ], [ 77.8575948, 29.9553318 ], [ 77.8567193, 29.9576003 ], [ 77.8570396, 29.9585543 ], [ 77.8564583, 29.9586693 ], [ 77.8559943, 29.9583461 ], [ 77.8527669, 29.9598722 ], [ 77.8518473, 29.9598919 ], [ 77.8470842, 29.9569669 ], [ 77.8481242, 29.958493 ], [ 77.8474007, 29.9602735 ], [ 77.8470629, 29.9644248 ], [ 77.8460771, 29.9658514 ], [ 77.8446097, 29.967087 ], [ 77.8432395, 29.9677087 ], [ 77.8431606, 29.9684452 ], [ 77.8438703, 29.9693511 ], [ 77.8443585, 29.9692113 ], [ 77.8462278, 29.9707713 ], [ 77.8467951, 29.9718665 ], [ 77.8499665, 29.97532 ], [ 77.8504756, 29.9763961 ], [ 77.8544106, 29.9749397 ], [ 77.8562114, 29.9748048 ], [ 77.8568145, 29.9754217 ], [ 77.8577746, 29.9752974 ], [ 77.8621103, 29.9805178 ], [ 77.8651653, 29.9857061 ], [ 77.865213, 29.9863784 ], [ 77.8715923, 29.9928945 ], [ 77.8726744, 29.9919329 ], [ 77.8734291, 29.9903505 ], [ 77.874433, 29.9893534 ], [ 77.875417, 29.9868359 ], [ 77.8745073, 29.9834099 ], [ 77.8730761, 29.9812159 ], [ 77.8718151, 29.9782562 ], [ 77.8732654, 29.97652 ], [ 77.8737067, 29.9746605 ], [ 77.8749422, 29.9744142 ] ] ] } },
{ "type": "Feature", "properties": { "gp_code": "23347", "gp_name": "AKBARPUR KALSON", "blkname": "BHAGWANPUR", "dtname": "Haridwar", "SHAPE_Area": 8947086.801801512 }, "geometry": { "type": "Polygon", "coordinates": [ [ [ 77.8695438, 29.9962776 ], [ 77.8734774, 29.9964493 ], [ 77.8731038, 29.9954875 ], [ 77.8712934, 29.9945152 ], [ 77.8699206, 29.9932221 ], [ 77.8715923, 29.9928945 ], [ 77.865213, 29.9863784 ], [ 77.8651653, 29.9857061 ], [ 77.8621103, 29.9805178 ], [ 77.8577746, 29.9752974 ], [ 77.8568145, 29.9754217 ], [ 77.8562114, 29.9748048 ], [ 77.8544106, 29.9749397 ], [ 77.8504756, 29.9763961 ], [ 77.8499665, 29.97532 ], [ 77.8467951, 29.9718665 ], [ 77.8462278, 29.9707713 ], [ 77.8443585, 29.9692113 ], [ 77.8438703, 29.9693511 ], [ 77.8433283, 29.9685796 ], [ 77.841847, 29.9696572 ], [ 77.8412788, 29.9695479 ], [ 77.8396967, 29.9701602 ], [ 77.8357845, 29.9734599 ], [ 77.8343779, 29.9721625 ], [ 77.8339834, 29.9723979 ], [ 77.826363, 29.9788634 ], [ 77.8324652, 29.9854747 ], [ 77.8332196, 29.9850634 ], [ 77.8336305, 29.984106 ], [ 77.8349661, 29.9860638 ], [ 77.8366003, 29.986523 ], [ 77.838257, 29.9852639 ], [ 77.8405179, 29.9845238 ], [ 77.8414486, 29.9854247 ], [ 77.8425078, 29.9876384 ], [ 77.8433612, 29.9881915 ], [ 77.8451218, 29.9881516 ], [ 77.8486448, 29.9873047 ], [ 77.8563218, 29.9940087 ], [ 77.8566176, 29.9975718 ], [ 77.8576004, 30.0004756 ], [ 77.8584023, 30.0013837 ], [ 77.8634, 29.9986361 ], [ 77.8695438, 29.9962776 ] ] ] } },
{ "type": "Feature", "properties": { "gp_code": "23379", "gp_name": "MANAK MAZRA", "blkname": "BHAGWANPUR", "dtname": "Haridwar", "SHAPE_Area": 4810748.872585536 }, "geometry": { "type": "Polygon", "coordinates": [ [ [ 77.8270727, 29.9781654 ], [ 77.8312787, 29.9744485 ], [ 77.8343779, 29.9721625 ], [ 77.8306206, 29.9682795 ], [ 77.8286863, 29.9656849 ], [ 77.826101, 29.963636 ], [ 77.8245834, 29.9610583 ], [ 77.8245601, 29.9597241 ], [ 77.8216519, 29.9611885 ], [ 77.8215017, 29.9620693 ], [ 77.8188058, 29.9656474 ], [ 77.818437, 29.9658607 ], [ 77.8177221, 29.9653311 ], [ 77.8146442, 29.9679362 ], [ 77.8112636, 29.9700999 ], [ 77.8120101, 29.9704985 ], [ 77.8109824, 29.9707015 ], [ 77.8111651, 29.9719152 ], [ 77.8104925, 29.9731769 ], [ 77.8122486, 29.9747549 ], [ 77.808815, 29.9775638 ], [ 77.8096938, 29.9797118 ], [ 77.8042175, 29.9806923 ], [ 77.8055588, 29.9859559 ], [ 77.8067528, 29.9864318 ], [ 77.8078917, 29.9864467 ], [ 77.8098523, 29.9858473 ], [ 77.8159883, 29.9818338 ], [ 77.8197263, 29.9801218 ], [ 77.8243378, 29.9760387 ], [ 77.8270727, 29.9781654 ] ] ] } },
{ "type": "Feature", "properties": { "gp_code": "23349", "gp_name": "BAHBALPUR HANSOWALA", "blkname": "BHAGWANPUR", "dtname": "Haridwar", "SHAPE_Area": 4248148.5595649825 }, "geometry": { "type": "Polygon", "coordinates": [ [ [ 77.8266641, 29.9948949 ], [ 77.8274334, 29.9905646 ], [ 77.8271553, 29.9892634 ], [ 77.8278925, 29.986878 ], [ 77.8278609, 29.9853583 ], [ 77.8293443, 29.9845795 ], [ 77.832008, 29.9849026 ], [ 77.826363, 29.9788634 ], [ 77.8270727, 29.9781654 ], [ 77.8266835, 29.9776875 ], [ 77.8243378, 29.9760387 ], [ 77.8214631, 29.9783365 ], [ 77.8202406, 29.9797823 ], [ 77.8159883, 29.9818338 ], [ 77.8098523, 29.9858473 ], [ 77.8078917, 29.9864467 ], [ 77.8067528, 29.9864318 ], [ 77.8055588, 29.9859559 ], [ 77.8066999, 29.9875987 ], [ 77.8067828, 29.9881839 ], [ 77.8065766, 29.9895435 ], [ 77.8052891, 29.9920443 ], [ 77.8106469, 29.9951297 ], [ 77.8127687, 29.9933739 ], [ 77.8153785, 29.9954859 ], [ 77.8187533, 29.9975726 ], [ 77.821685, 29.9958734 ], [ 77.823129, 29.9942803 ], [ 77.8237702, 29.9946534 ], [ 77.8266641, 29.9948949 ] ] ] } },
{ "type": "Feature", "properties": { "gp_code": "23377", "gp_name": "LATIFPUR KHUBBANPUR", "blkname": "BHAGWANPUR", "dtname": "Haridwar", "SHAPE_Area": 4409841.8922857493 }, "geometry": { "type": "Polygon", "coordinates": [ [ [ 77.8024139, 30.0034759 ], [ 77.8029738, 30.0024363 ], [ 77.8028937, 30.0015675 ], [ 77.8005053, 30.0005727 ], [ 77.8004535, 30.0002513 ], [ 77.8012869, 29.9995184 ], [ 77.8023732, 29.9948321 ], [ 77.8005599, 29.9914703 ], [ 77.7937262, 29.9889341 ], [ 77.7883577, 29.9854342 ], [ 77.7831716, 29.9796541 ], [ 77.781661, 29.976998 ], [ 77.7804536, 29.9758473 ], [ 77.7772108, 29.9767898 ], [ 77.776355, 29.9766966 ], [ 77.775851, 29.977264 ], [ 77.7736733, 29.9781332 ], [ 77.7739725, 29.9799972 ], [ 77.7756571, 29.9831374 ], [ 77.775259, 29.9839731 ], [ 77.7781079, 29.9873298 ], [ 77.7789524, 29.9874144 ], [ 77.7792549, 29.98827 ], [ 77.7811743, 29.9891428 ], [ 77.7825149, 29.9902629 ], [ 77.7839295, 29.9903126 ], [ 77.7865969, 29.9921248 ], [ 77.7894251, 29.9949656 ], [ 77.7912714, 29.9975044 ], [ 77.7925598, 30.000901 ], [ 77.7921017, 30.0016133 ], [ 77.7939882, 30.0025494 ], [ 77.7961096, 30.0049909 ], [ 77.7979458, 30.004849 ], [ 77.7983007, 30.0055063 ], [ 77.8024139, 30.0034759 ] ] ] } },
{ "type": "Feature", "properties": { "gp_code": "23397", "gp_name": "SISONA", "blkname": "BHAGWANPUR", "dtname": "Haridwar", "SHAPE_Area": 11561301.846300749 }, "geometry": { "type": "Polygon", "coordinates": [ [ [ 77.8132016, 29.9689933 ], [ 77.8177221, 29.9653311 ], [ 77.818437, 29.9658607 ], [ 77.8190308, 29.9653539 ], [ 77.8181197, 29.9647004 ], [ 77.8172817, 29.9630027 ], [ 77.8159749, 29.9620655 ], [ 77.8160769, 29.9614887 ], [ 77.8155737, 29.9607948 ], [ 77.8126743, 29.9585309 ], [ 77.8118073, 29.9583542 ], [ 77.8098598, 29.9564497 ], [ 77.8050545, 29.9540545 ], [ 77.8030605, 29.9523242 ], [ 77.7991682, 29.9559636 ], [ 77.7978356, 29.9580172 ], [ 77.7966743, 29.9590559 ], [ 77.7901403, 29.9637544 ], [ 77.7890089, 29.9641392 ], [ 77.7892559, 29.9653055 ], [ 77.787761, 29.9664497 ], [ 77.7868941, 29.9681367 ], [ 77.7853949, 29.9700239 ], [ 77.7814869, 29.9731946 ], [ 77.7814067, 29.974453 ], [ 77.7804536, 29.9758473 ], [ 77.781661, 29.976998 ], [ 77.7831716, 29.9796541 ], [ 77.7883577, 29.9854342 ], [ 77.7937262, 29.9889341 ], [ 77.8005599, 29.9914703 ], [ 77.8023732, 29.9948321 ], [ 77.8052891, 29.9920443 ], [ 77.8065766, 29.9895435 ], [ 77.8067289, 29.9886618 ], [ 77.8066999, 29.9875987 ], [ 77.8055588, 29.9859559 ], [ 77.8042175, 29.9806923 ], [ 77.8096938, 29.9797118 ], [ 77.808815, 29.9775638 ], [ 77.8122486, 29.9747549 ], [ 77.8104925, 29.9731769 ], [ 77.8111651, 29.9719152 ], [ 77.8109824, 29.9707015 ], [ 77.8120101, 29.9704985 ], [ 77.8112636, 29.9700999 ], [ 77.8132016, 29.9689933 ] ] ] } },
{ "type": "Feature", "properties": { "gp_code": "", "gp_name": "", "blkname": "BHAGWANPUR", "dtname": "Haridwar", "SHAPE_Area": 2755064.3994428082 }, "geometry": { "type": "Polygon", "coordinates": [ [ [ 77.8216519, 29.9611885 ], [ 77.8195572, 29.957007 ], [ 77.8192543, 29.9560261 ], [ 77.8195031, 29.9557463 ], [ 77.8191602, 29.9555139 ], [ 77.818931, 29.9556969 ], [ 77.8093162, 29.9471806 ], [ 77.8083069, 29.9474177 ], [ 77.8064367, 29.9459074 ], [ 77.8028758, 29.9422273 ], [ 77.7999985, 29.9436864 ], [ 77.7954199, 29.9449224 ], [ 77.7972273, 29.9480214 ], [ 77.7977436, 29.948378 ], [ 77.7993399, 29.9485104 ], [ 77.8050545, 29.9540545 ], [ 77.8093346, 29.9561129 ], [ 77.8118073, 29.9583542 ], [ 77.8126743, 29.9585309 ], [ 77.8155737, 29.9607948 ], [ 77.8160769, 29.9614887 ], [ 77.8159749, 29.9620655 ], [ 77.8172817, 29.9630027 ], [ 77.8181197, 29.9647004 ], [ 77.8190308, 29.9653539 ], [ 77.8215017, 29.9620693 ], [ 77.8216519, 29.9611885 ] ] ] } },
{ "type": "Feature", "properties": { "gp_code": "23500", "gp_name": "MOHAMMADPUR JAT", "blkname": "BHAGWANPUR", "dtname": "Haridwar", "SHAPE_Area": 2769215.5396277597 }, "geometry": { "type": "Polygon", "coordinates": [ [ [ 77.7993399, 29.9485104 ], [ 77.7977436, 29.948378 ], [ 77.7972273, 29.9480214 ], [ 77.7925644, 29.9400896 ], [ 77.7889527, 29.9421466 ], [ 77.7892316, 29.9430946 ], [ 77.7882692, 29.9436151 ], [ 77.7882239, 29.9449426 ], [ 77.7892197, 29.9479239 ], [ 77.7882737, 29.9487306 ], [ 77.7887714, 29.9500565 ], [ 77.7886518, 29.9505513 ], [ 77.7897303, 29.952298 ], [ 77.7887254, 29.9545651 ], [ 77.7886786, 29.955683 ], [ 77.7875315, 29.9572547 ], [ 77.7890218, 29.9591899 ], [ 77.7890238, 29.9606395 ], [ 77.7885985, 29.9614943 ], [ 77.7887598, 29.9624998 ], [ 77.7884801, 29.9628456 ], [ 77.7890089, 29.9641392 ], [ 77.7901403, 29.9637544 ], [ 77.7966743, 29.9590559 ], [ 77.7978356, 29.9580172 ], [ 77.7991682, 29.9559636 ], [ 77.8030605, 29.9523242 ], [ 77.7993399, 29.9485104 ] ] ] } },
{ "type": "Feature", "properties": { "gp_code": "", "gp_name": "", "blkname": "BHAGWANPUR", "dtname": "Haridwar", "SHAPE_Area": 4496091.0055291392 }, "geometry": { "type": "Polygon", "coordinates": [ [ [ 77.8338936, 29.9373677 ], [ 77.8315097, 29.9372401 ], [ 77.8304526, 29.9362961 ], [ 77.8287281, 29.9362875 ], [ 77.8233846, 29.9317568 ], [ 77.8231048, 29.9318815 ], [ 77.821807, 29.9312456 ], [ 77.8188757, 29.9276353 ], [ 77.8196094, 29.9268659 ], [ 77.8187006, 29.9261452 ], [ 77.8145212, 29.9294796 ], [ 77.8069692, 29.9346391 ], [ 77.8071734, 29.9351928 ], [ 77.8066987, 29.9357211 ], [ 77.8074453, 29.9366974 ], [ 77.8066328, 29.937225 ], [ 77.8079571, 29.9386451 ], [ 77.8096834, 29.9390924 ], [ 77.8106044, 29.9396659 ], [ 77.8108738, 29.9405473 ], [ 77.8138198, 29.9441783 ], [ 77.8154758, 29.9446756 ], [ 77.8185722, 29.9464031 ], [ 77.8215143, 29.9473137 ], [ 77.8232633, 29.9465382 ], [ 77.8259652, 29.9490459 ], [ 77.8262487, 29.9488682 ], [ 77.8277644, 29.9496763 ], [ 77.8283071, 29.9494686 ], [ 77.8289645, 29.9479766 ], [ 77.8288121, 29.942698 ], [ 77.8295046, 29.9430158 ], [ 77.8303597, 29.9424002 ], [ 77.8307603, 29.9418394 ], [ 77.8302332, 29.9412075 ], [ 77.8338936, 29.9373677 ] ] ] } },
{ "type": "Feature", "properties": { "gp_code": "", "gp_name": "", "blkname": "BHAGWANPUR", "dtname": "Haridwar", "SHAPE_Area": 3439454.9771465552 }, "geometry": { "type": "Polygon", "coordinates": [ [ [ 77.8216519, 29.9611885 ], [ 77.8250992, 29.9593688 ], [ 77.8250747, 29.9586689 ], [ 77.8258871, 29.9577022 ], [ 77.8317111, 29.9537488 ], [ 77.8277644, 29.9496763 ], [ 77.8262487, 29.9488682 ], [ 77.8259652, 29.9490459 ], [ 77.8232633, 29.9465382 ], [ 77.8215143, 29.9473137 ], [ 77.8185722, 29.9464031 ], [ 77.8154758, 29.9446756 ], [ 77.8138198, 29.9441783 ], [ 77.8108738, 29.9405473 ], [ 77.8106044, 29.9396659 ], [ 77.8096834, 29.9390924 ], [ 77.8079571, 29.9386451 ], [ 77.8066328, 29.937225 ], [ 77.8074453, 29.9366974 ], [ 77.8066987, 29.9357211 ], [ 77.8071734, 29.9351928 ], [ 77.8069692, 29.9346391 ], [ 77.8063507, 29.9349878 ], [ 77.804423, 29.9366785 ], [ 77.8058597, 29.9373604 ], [ 77.8041036, 29.9383042 ], [ 77.8045121, 29.9387865 ], [ 77.8026365, 29.9397079 ], [ 77.8027004, 29.9401818 ], [ 77.8018704, 29.9405238 ], [ 77.8021253, 29.9409824 ], [ 77.8018888, 29.9412168 ], [ 77.8064367, 29.9459074 ], [ 77.8083069, 29.9474177 ], [ 77.8093162, 29.9471806 ], [ 77.818931, 29.9556969 ], [ 77.8191602, 29.9555139 ], [ 77.8195031, 29.9557463 ], [ 77.8192543, 29.9560261 ], [ 77.8195572, 29.957007 ], [ 77.8216519, 29.9611885 ] ] ] } },
{ "type": "Feature", "properties": { "gp_code": "23367", "gp_name": "HALLU MAZRA", "blkname": "BHAGWANPUR", "dtname": "Haridwar", "SHAPE_Area": 4992220.0101543842 }, "geometry": { "type": "Polygon", "coordinates": [ [ [ 77.8433283, 29.9685796 ], [ 77.8431358, 29.9678174 ], [ 77.8446097, 29.967087 ], [ 77.8460771, 29.9658514 ], [ 77.8470629, 29.9644248 ], [ 77.8474007, 29.9602735 ], [ 77.8481242, 29.958493 ], [ 77.8446303, 29.9537002 ], [ 77.8431547, 29.9509901 ], [ 77.8430178, 29.9506393 ], [ 77.8437169, 29.9499507 ], [ 77.8443874, 29.9502025 ], [ 77.8451291, 29.9496515 ], [ 77.843115, 29.9477374 ], [ 77.8428616, 29.9468789 ], [ 77.8409039, 29.9481384 ], [ 77.8398266, 29.9482945 ], [ 77.8396691, 29.9484976 ], [ 77.8400216, 29.9490063 ], [ 77.8364069, 29.9528951 ], [ 77.8348872, 29.9524456 ], [ 77.8338019, 29.9532782 ], [ 77.8326505, 29.9531111 ], [ 77.8278875, 29.9561201 ], [ 77.8253662, 29.9582294 ], [ 77.8244063, 29.9605249 ], [ 77.8252008, 29.9624227 ], [ 77.826101, 29.963636 ], [ 77.8286863, 29.9656849 ], [ 77.8306206, 29.9682795 ], [ 77.8357845, 29.9734599 ], [ 77.8396967, 29.9701602 ], [ 77.8412788, 29.9695479 ], [ 77.841847, 29.9696572 ], [ 77.8433283, 29.9685796 ] ] ] } },
{ "type": "Feature", "properties": { "gp_code": "245203", "gp_name": "WAHPUR CHHANGA MAJRI", "blkname": "BHAGWANPUR", "dtname": "Haridwar", "SHAPE_Area": 2690849.1601448008 }, "geometry": { "type": "Polygon", "coordinates": [ [ [ 77.8428616, 29.9468789 ], [ 77.8439641, 29.9411757 ], [ 77.8434352, 29.9380271 ], [ 77.8411293, 29.9372192 ], [ 77.8364058, 29.9374399 ], [ 77.8358159, 29.9372207 ], [ 77.8352501, 29.9357859 ], [ 77.8302332, 29.9412075 ], [ 77.8307603, 29.9418394 ], [ 77.8303597, 29.9424002 ], [ 77.8295046, 29.9430158 ], [ 77.8288121, 29.942698 ], [ 77.8289645, 29.9479766 ], [ 77.8283071, 29.9494686 ], [ 77.8277644, 29.9496763 ], [ 77.8317111, 29.9537488 ], [ 77.8326505, 29.9531111 ], [ 77.8338019, 29.9532782 ], [ 77.8348872, 29.9524456 ], [ 77.8361417, 29.9530204 ], [ 77.8373984, 29.9520238 ], [ 77.8400216, 29.9490063 ], [ 77.8396691, 29.9484976 ], [ 77.8398266, 29.9482945 ], [ 77.8409039, 29.9481384 ], [ 77.8428616, 29.9468789 ] ] ] } },
{ "type": "Feature", "properties": { "gp_code": "23548", "gp_name": "KARAUNDI", "blkname": "ROORKEE", "dtname": "Haridwar", "SHAPE_Area": 5707134.6951601105 }, "geometry": { "type": "Polygon", "coordinates": [ [ [ 77.8486166, 29.9468055 ], [ 77.8469811, 29.945055 ], [ 77.8479742, 29.9438393 ], [ 77.8472245, 29.9431646 ], [ 77.8480513, 29.9422971 ], [ 77.8475516, 29.9417073 ], [ 77.8478684, 29.9412157 ], [ 77.8474371, 29.9408435 ], [ 77.8475967, 29.9405024 ], [ 77.8466436, 29.939332 ], [ 77.8466101, 29.9388752 ], [ 77.8469616, 29.9387091 ], [ 77.8456184, 29.9372597 ], [ 77.8434534, 29.9370606 ], [ 77.8427068, 29.9336085 ], [ 77.8384684, 29.9279613 ], [ 77.8343351, 29.9239334 ], [ 77.8329692, 29.9222018 ], [ 77.8312662, 29.9190244 ], [ 77.8304464, 29.9163202 ], [ 77.8274826, 29.9131481 ], [ 77.8263272, 29.9123018 ], [ 77.8241544, 29.9142753 ], [ 77.8206344, 29.9163094 ], [ 77.8208711, 29.9171115 ], [ 77.8198815, 29.9182994 ], [ 77.8166772, 29.9206716 ], [ 77.8184077, 29.9251489 ], [ 77.8180492, 29.9253001 ], [ 77.8196094, 29.9268659 ], [ 77.8188757, 29.9276353 ], [ 77.8213839, 29.9308926 ], [ 77.8231048, 29.9318815 ], [ 77.8233846, 29.9317568 ], [ 77.8287281, 29.9362875 ], [ 77.8304526, 29.9362961 ], [ 77.8315097, 29.9372401 ], [ 77.8338936, 29.9373677 ], [ 77.8352501, 29.9357859 ], [ 77.8358159, 29.9372207 ], [ 77.8364058, 29.9374399 ], [ 77.8411293, 29.9372192 ], [ 77.8431468, 29.9377676 ], [ 77.8437032, 29.9386626 ], [ 77.8439641, 29.9411757 ], [ 77.8427614, 29.9464156 ], [ 77.843115, 29.9477374 ], [ 77.8451291, 29.9496515 ], [ 77.8486166, 29.9468055 ] ] ] } },
{ "type": "Feature", "properties": { "gp_code": "23551", "gp_name": "KISHANPUR JAMALPUR", "blkname": "ROORKEE", "dtname": "Haridwar", "SHAPE_Area": 6230170.8762373021 }, "geometry": { "type": "Polygon", "coordinates": [ [ [ 77.8456184, 29.9372597 ], [ 77.8470833, 29.9362875 ], [ 77.8534336, 29.9356365 ], [ 77.8556392, 29.9351222 ], [ 77.8536771, 29.9333671 ], [ 77.8513033, 29.9320556 ], [ 77.8533942, 29.9307529 ], [ 77.856001, 29.928412 ], [ 77.8525223, 29.9228271 ], [ 77.8501188, 29.9204237 ], [ 77.847271, 29.9166519 ], [ 77.8466387, 29.9162655 ], [ 77.8457367, 29.9163584 ], [ 77.8439807, 29.9149858 ], [ 77.8430417, 29.913809 ], [ 77.8437086, 29.9131315 ], [ 77.8397205, 29.909655 ], [ 77.8391758, 29.9083847 ], [ 77.8395412, 29.9079128 ], [ 77.8382704, 29.9060988 ], [ 77.836839, 29.9067541 ], [ 77.8355939, 29.9078063 ], [ 77.8338958, 29.9064813 ], [ 77.8328932, 29.9072333 ], [ 77.8316568, 29.9069657 ], [ 77.8310969, 29.9085359 ], [ 77.8298136, 29.9095919 ], [ 77.8294014, 29.9094326 ], [ 77.8260113, 29.911725 ], [ 77.8304464, 29.9163202 ], [ 77.8312662, 29.9190244 ], [ 77.8329692, 29.9222018 ], [ 77.8343351, 29.9239334 ], [ 77.8384684, 29.9279613 ], [ 77.8408007, 29.9308317 ], [ 77.8429905, 29.9341461 ], [ 77.8434534, 29.9370606 ], [ 77.8456184, 29.9372597 ] ] ] } },
{ "type": "Feature", "properties": { "gp_code": "23579", "gp_name": "SOHALPUR GAADA", "blkname": "ROORKEE", "dtname": "Haridwar", "SHAPE_Area": 1979465.6870105921 }, "geometry": { "type": "Polygon", "coordinates": [ [ [ 77.8387653, 29.8848373 ], [ 77.8348619, 29.8817203 ], [ 77.8347523, 29.8803164 ], [ 77.8342544, 29.879199 ], [ 77.8319632, 29.8779743 ], [ 77.8263007, 29.8815937 ], [ 77.8237463, 29.8799877 ], [ 77.8224227, 29.880929 ], [ 77.823219, 29.8821187 ], [ 77.8220398, 29.8826666 ], [ 77.8222039, 29.8833623 ], [ 77.8213433, 29.8840762 ], [ 77.8207273, 29.8853949 ], [ 77.8234366, 29.8888146 ], [ 77.8286867, 29.8895611 ], [ 77.8289527, 29.8891889 ], [ 77.830501, 29.8899477 ], [ 77.8312274, 29.8893143 ], [ 77.832071, 29.8909272 ], [ 77.8367563, 29.887381 ], [ 77.8381979, 29.885877 ], [ 77.838455, 29.8860288 ], [ 77.838927, 29.8852856 ], [ 77.8387653, 29.8848373 ] ] ] } },
{ "type": "Feature", "properties": { "gp_code": "23563", "gp_name": "NANHEDA ANANTPUR", "blkname": "ROORKEE", "dtname": "Haridwar", "SHAPE_Area": 10833233.701161152 }, "geometry": { "type": "Polygon", "coordinates": [ [ [ 77.8260113, 29.911725 ], [ 77.8294014, 29.9094326 ], [ 77.8298136, 29.9095919 ], [ 77.8310969, 29.9085359 ], [ 77.8316568, 29.9069657 ], [ 77.8328932, 29.9072333 ], [ 77.8338958, 29.9064813 ], [ 77.8355939, 29.9078063 ], [ 77.836839, 29.9067541 ], [ 77.8382704, 29.9060988 ], [ 77.8381641, 29.9056646 ], [ 77.8384262, 29.9055384 ], [ 77.8387512, 29.9058837 ], [ 77.8414627, 29.9048244 ], [ 77.8411502, 29.902977 ], [ 77.8414857, 29.9010285 ], [ 77.838079, 29.8980946 ], [ 77.8377456, 29.8982791 ], [ 77.8373125, 29.89789 ], [ 77.8375278, 29.8976474 ], [ 77.8367431, 29.8971477 ], [ 77.8353068, 29.8939987 ], [ 77.8339, 29.8933578 ], [ 77.8315712, 29.8903778 ], [ 77.8312274, 29.8893143 ], [ 77.830501, 29.8899477 ], [ 77.8289527, 29.8891889 ], [ 77.8286867, 29.8895611 ], [ 77.8234366, 29.8888146 ], [ 77.8207273, 29.8853949 ], [ 77.8213433, 29.8840762 ], [ 77.8222039, 29.8833623 ], [ 77.8220398, 29.8826666 ], [ 77.823219, 29.8821187 ], [ 77.8224227, 29.880929 ], [ 77.8237463, 29.8799877 ], [ 77.8205386, 29.8765604 ], [ 77.8184865, 29.8772804 ], [ 77.818136, 29.877079 ], [ 77.8168611, 29.8783798 ], [ 77.8170619, 29.8786698 ], [ 77.8144903, 29.8790703 ], [ 77.8140704, 29.8788092 ], [ 77.8110332, 29.8823412 ], [ 77.810622, 29.8848181 ], [ 77.8110313, 29.8852453 ], [ 77.8083545, 29.8880709 ], [ 77.8052176, 29.8904459 ], [ 77.8052317, 29.8946212 ], [ 77.8059416, 29.8966868 ], [ 77.8075854, 29.8984933 ], [ 77.8101008, 29.90384 ], [ 77.811153, 29.9048973 ], [ 77.8095341, 29.9058649 ], [ 77.8114681, 29.9070705 ], [ 77.8113808, 29.9077501 ], [ 77.8125967, 29.9078978 ], [ 77.8125908, 29.9083627 ], [ 77.8143113, 29.90784 ], [ 77.8171893, 29.9136187 ], [ 77.8200995, 29.9166352 ], [ 77.8241544, 29.9142753 ], [ 77.8263272, 29.9123018 ], [ 77.8260113, 29.911725 ] ] ] } },
{ "type": "Feature", "properties": { "gp_code": "23351", "gp_name": "BALEKI YUSUFPUR", "blkname": "BHAGWANPUR", "dtname": "Haridwar", "SHAPE_Area": 5360598.636034226 }, "geometry": { "type": "Polygon", "coordinates": [ [ [ 77.8052317, 29.8946212 ], [ 77.8052176, 29.8904459 ], [ 77.8083545, 29.8880709 ], [ 77.8110313, 29.8852453 ], [ 77.8100036, 29.8839632 ], [ 77.8074989, 29.8823953 ], [ 77.8035514, 29.8783725 ], [ 77.8020864, 29.877427 ], [ 77.8017012, 29.877569 ], [ 77.8007825, 29.8766273 ], [ 77.8002574, 29.8767382 ], [ 77.7984544, 29.8756935 ], [ 77.7938111, 29.8768752 ], [ 77.7922848, 29.877759 ], [ 77.7905389, 29.8800437 ], [ 77.790427, 29.8796337 ], [ 77.7898412, 29.8795887 ], [ 77.787856, 29.8803925 ], [ 77.7879266, 29.8812713 ], [ 77.7884246, 29.8816745 ], [ 77.7882232, 29.8823928 ], [ 77.7887586, 29.8830865 ], [ 77.7878895, 29.8838584 ], [ 77.7875789, 29.8847293 ], [ 77.7881116, 29.8860218 ], [ 77.7872701, 29.8878676 ], [ 77.7873563, 29.8891844 ], [ 77.7854223, 29.8892475 ], [ 77.7842059, 29.8902945 ], [ 77.7843317, 29.89086 ], [ 77.7851558, 29.8911623 ], [ 77.7867126, 29.8937136 ], [ 77.7858681, 29.8942187 ], [ 77.7874071, 29.8959772 ], [ 77.7881639, 29.896515 ], [ 77.7892414, 29.8958416 ], [ 77.7903245, 29.8959081 ], [ 77.7927765, 29.8939972 ], [ 77.7940451, 29.8946475 ], [ 77.7949235, 29.8943904 ], [ 77.7989813, 29.8983039 ], [ 77.799707, 29.899857 ], [ 77.8032579, 29.8980624 ], [ 77.8058274, 29.8962079 ], [ 77.8052317, 29.8946212 ] ] ] } },
{ "type": "Feature", "properties": { "gp_code": "23392", "gp_name": "SARTHERI SHAHJAHANPUR", "blkname": "BHAGWANPUR", "dtname": "Haridwar", "SHAPE_Area": 5509929.9700290412 }, "geometry": { "type": "Polygon", "coordinates": [ [ [ 77.7874083, 29.9141446 ], [ 77.7885527, 29.9135256 ], [ 77.7900751, 29.9141107 ], [ 77.7908158, 29.9130226 ], [ 77.7920524, 29.9136243 ], [ 77.7936012, 29.9121775 ], [ 77.7974274, 29.9108349 ], [ 77.8041509, 29.9067832 ], [ 77.8083338, 29.9065591 ], [ 77.811153, 29.9048973 ], [ 77.8101008, 29.90384 ], [ 77.8075854, 29.8984933 ], [ 77.8059416, 29.8966868 ], [ 77.8058274, 29.8962079 ], [ 77.8032579, 29.8980624 ], [ 77.799707, 29.899857 ], [ 77.7989813, 29.8983039 ], [ 77.7949235, 29.8943904 ], [ 77.7940451, 29.8946475 ], [ 77.7927765, 29.8939972 ], [ 77.7903245, 29.8959081 ], [ 77.7892414, 29.8958416 ], [ 77.7881639, 29.896515 ], [ 77.7865539, 29.8952743 ], [ 77.7858681, 29.8942187 ], [ 77.7829459, 29.8961291 ], [ 77.7793409, 29.8990812 ], [ 77.7797713, 29.9011321 ], [ 77.7834365, 29.9090878 ], [ 77.7848415, 29.9114248 ], [ 77.7874083, 29.9141446 ] ] ] } },
{ "type": "Feature", "properties": { "gp_code": "23389", "gp_name": "ROHALKI DAYALPUR", "blkname": "BHAGWANPUR", "dtname": "Haridwar", "SHAPE_Area": 6509506.5551935723 }, "geometry": { "type": "Polygon", "coordinates": [ [ [ 77.8015249, 29.9291639 ], [ 77.8023134, 29.928699 ], [ 77.8026569, 29.9290106 ], [ 77.8037875, 29.9271773 ], [ 77.8036926, 29.9267584 ], [ 77.8100792, 29.9221353 ], [ 77.8149328, 29.9191349 ], [ 77.8166772, 29.9206716 ], [ 77.8198815, 29.9182994 ], [ 77.8208711, 29.9171115 ], [ 77.8206344, 29.9163094 ], [ 77.8200995, 29.9166352 ], [ 77.8171893, 29.9136187 ], [ 77.8143113, 29.90784 ], [ 77.8125908, 29.9083627 ], [ 77.8125967, 29.9078978 ], [ 77.8113808, 29.9077501 ], [ 77.8114681, 29.9070705 ], [ 77.8095341, 29.9058649 ], [ 77.8083338, 29.9065591 ], [ 77.8041509, 29.9067832 ], [ 77.7974274, 29.9108349 ], [ 77.7936012, 29.9121775 ], [ 77.7920524, 29.9136243 ], [ 77.7908158, 29.9130226 ], [ 77.7900751, 29.9141107 ], [ 77.7885527, 29.9135256 ], [ 77.7874083, 29.9141446 ], [ 77.7859873, 29.9159237 ], [ 77.7858409, 29.9170972 ], [ 77.7864646, 29.9180194 ], [ 77.7858589, 29.9182279 ], [ 77.7862385, 29.9188036 ], [ 77.7856094, 29.9192035 ], [ 77.7860962, 29.9198799 ], [ 77.7855125, 29.9203897 ], [ 77.7855178, 29.9210796 ], [ 77.7844562, 29.9216824 ], [ 77.7851531, 29.9232513 ], [ 77.7876979, 29.9254399 ], [ 77.7886063, 29.925758 ], [ 77.7900993, 29.924934 ], [ 77.7925143, 29.9222864 ], [ 77.7935629, 29.9203305 ], [ 77.7970234, 29.9254109 ], [ 77.8015249, 29.9291639 ] ] ] } },
{ "type": "Feature", "properties": { "gp_code": "23410", "gp_name": "KHANPUR", "blkname": "BHAGWANPUR", "dtname": "Haridwar", "SHAPE_Area": 1922732.9628467739 }, "geometry": { "type": "Polygon", "coordinates": [ [ [ 77.8170934, 29.9215084 ], [ 77.8149328, 29.9191349 ], [ 77.8100792, 29.9221353 ], [ 77.8036926, 29.9267584 ], [ 77.8037875, 29.9271773 ], [ 77.8025006, 29.9292879 ], [ 77.8023041, 29.9301419 ], [ 77.8053216, 29.9335391 ], [ 77.8058988, 29.9348456 ], [ 77.8056607, 29.9355462 ], [ 77.8124992, 29.9309407 ], [ 77.8187006, 29.9261452 ], [ 77.8180492, 29.9253001 ], [ 77.8184077, 29.9251489 ], [ 77.8170934, 29.9215084 ] ] ] } },
{ "type": "Feature", "properties": { "gp_code": "23373", "gp_name": "KHELPUR NASURULLAPUR", "blkname": "BHAGWANPUR", "dtname": "Haridwar", "SHAPE_Area": 5065246.5165222939 }, "geometry": { "type": "Polygon", "coordinates": [ [ [ 77.8028758, 29.9422273 ], [ 77.8018888, 29.9412168 ], [ 77.8021253, 29.9409824 ], [ 77.8018704, 29.9405238 ], [ 77.8027004, 29.9401818 ], [ 77.8026365, 29.9397079 ], [ 77.8045121, 29.9387865 ], [ 77.8041036, 29.9383042 ], [ 77.8058597, 29.9373604 ], [ 77.804423, 29.9366785 ], [ 77.8056607, 29.9355462 ], [ 77.8058988, 29.9348456 ], [ 77.8053216, 29.9335391 ], [ 77.8023041, 29.9301419 ], [ 77.8026569, 29.9290106 ], [ 77.8023134, 29.928699 ], [ 77.8015249, 29.9291639 ], [ 77.7970234, 29.9254109 ], [ 77.7935629, 29.9203305 ], [ 77.7925143, 29.9222864 ], [ 77.7900993, 29.924934 ], [ 77.786701, 29.9272018 ], [ 77.7857797, 29.9264969 ], [ 77.783665, 29.9278219 ], [ 77.7809966, 29.9285531 ], [ 77.7801218, 29.9294013 ], [ 77.7817742, 29.9304206 ], [ 77.7802388, 29.9321582 ], [ 77.7807655, 29.9352492 ], [ 77.7825918, 29.936989 ], [ 77.7823657, 29.937226 ], [ 77.782964, 29.9377675 ], [ 77.7839544, 29.9370818 ], [ 77.7862596, 29.9402873 ], [ 77.7865961, 29.940136 ], [ 77.7873134, 29.9412435 ], [ 77.787838, 29.9413623 ], [ 77.7883828, 29.9420715 ], [ 77.7889527, 29.9421466 ], [ 77.7925644, 29.9400896 ], [ 77.7954199, 29.9449224 ], [ 77.7999985, 29.9436864 ], [ 77.8028758, 29.9422273 ] ] ] } },
{ "type": "Feature", "properties": { "gp_code": "23383", "gp_name": "MOHITPUR", "blkname": "BHAGWANPUR", "dtname": "Haridwar", "SHAPE_Area": 4239835.4311253149 }, "geometry": { "type": "Polygon", "coordinates": [ [ [ 77.77119, 29.9372674 ], [ 77.7749878, 29.9368119 ], [ 77.775639, 29.9363896 ], [ 77.7771377, 29.9366734 ], [ 77.7807655, 29.9352492 ], [ 77.7802388, 29.9321582 ], [ 77.7817742, 29.9304206 ], [ 77.7801218, 29.9294013 ], [ 77.7809966, 29.9285531 ], [ 77.783665, 29.9278219 ], [ 77.7857797, 29.9264969 ], [ 77.786701, 29.9272018 ], [ 77.7886063, 29.925758 ], [ 77.7876979, 29.9254399 ], [ 77.7851531, 29.9232513 ], [ 77.7844562, 29.9216824 ], [ 77.7855178, 29.9210796 ], [ 77.7855125, 29.9203897 ], [ 77.7860962, 29.9198799 ], [ 77.7856094, 29.9192035 ], [ 77.7862385, 29.9188036 ], [ 77.7858589, 29.9182279 ], [ 77.7864646, 29.9180194 ], [ 77.7858409, 29.9170972 ], [ 77.7859873, 29.9159237 ], [ 77.7874083, 29.9141446 ], [ 77.7848415, 29.9114248 ], [ 77.7832878, 29.912134 ], [ 77.783536, 29.9124953 ], [ 77.7829784, 29.9133482 ], [ 77.7832093, 29.9137109 ], [ 77.7795652, 29.9172464 ], [ 77.7761424, 29.9188174 ], [ 77.7703663, 29.9223416 ], [ 77.7669607, 29.9246535 ], [ 77.7648822, 29.9268592 ], [ 77.7657411, 29.9283786 ], [ 77.7680227, 29.9306017 ], [ 77.7674734, 29.9310459 ], [ 77.7697657, 29.9348975 ], [ 77.7694576, 29.9351265 ], [ 77.77119, 29.9372674 ] ] ] } },
{ "type": "Feature", "properties": { "gp_code": "23359", "gp_name": "CHUDIYALA MOHANPUR", "blkname": "BHAGWANPUR", "dtname": "Haridwar", "SHAPE_Area": 8328410.7024163157 }, "geometry": { "type": "Polygon", "coordinates": [ [ [ 77.7648822, 29.9268592 ], [ 77.7669607, 29.9246535 ], [ 77.7703663, 29.9223416 ], [ 77.7761424, 29.9188174 ], [ 77.7795652, 29.9172464 ], [ 77.7832093, 29.9137109 ], [ 77.7829784, 29.9133482 ], [ 77.783536, 29.9124953 ], [ 77.7832878, 29.912134 ], [ 77.7848415, 29.9114248 ], [ 77.7807997, 29.903538 ], [ 77.7793665, 29.899673 ], [ 77.7787106, 29.899539 ], [ 77.7750505, 29.9016196 ], [ 77.7725388, 29.8987152 ], [ 77.7707608, 29.8998992 ], [ 77.7696084, 29.8993228 ], [ 77.7691273, 29.8997277 ], [ 77.7671718, 29.8979683 ], [ 77.7653733, 29.8988194 ], [ 77.7650056, 29.8970806 ], [ 77.762537, 29.8992006 ], [ 77.7620896, 29.8986371 ], [ 77.7592554, 29.8998208 ], [ 77.7535881, 29.9036987 ], [ 77.7535623, 29.9062114 ], [ 77.7530478, 29.9067503 ], [ 77.7550411, 29.9094538 ], [ 77.7544641, 29.9096801 ], [ 77.7546864, 29.9100615 ], [ 77.7528327, 29.9110679 ], [ 77.7529378, 29.9114115 ], [ 77.7523422, 29.911648 ], [ 77.7545291, 29.9134775 ], [ 77.7542179, 29.913983 ], [ 77.7543905, 29.9142653 ], [ 77.7562071, 29.9158026 ], [ 77.7599979, 29.9204222 ], [ 77.7642608, 29.9269812 ], [ 77.7648822, 29.9268592 ] ] ] } },
{ "type": "Feature", "properties": { "gp_code": "23374", "gp_name": "KUNJA BAHADARPUR", "blkname": "BHAGWANPUR", "dtname": "Haridwar", "SHAPE_Area": 5510716.0466790181 }, "geometry": { "type": "Polygon", "coordinates": [ [ [ 77.7793665, 29.899673 ], [ 77.7793409, 29.8990812 ], [ 77.7829459, 29.8961291 ], [ 77.7867126, 29.8937136 ], [ 77.7851558, 29.8911623 ], [ 77.7843317, 29.89086 ], [ 77.7842059, 29.8902945 ], [ 77.7854223, 29.8892475 ], [ 77.7873137, 29.8892799 ], [ 77.7872701, 29.8878676 ], [ 77.7881116, 29.8860218 ], [ 77.7875789, 29.8847293 ], [ 77.7878895, 29.8838584 ], [ 77.7887586, 29.8830865 ], [ 77.7882232, 29.8823928 ], [ 77.7884246, 29.8816745 ], [ 77.7879266, 29.8812713 ], [ 77.787856, 29.8803925 ], [ 77.7871621, 29.8799233 ], [ 77.7868923, 29.8790194 ], [ 77.7864856, 29.8788678 ], [ 77.7866357, 29.8778889 ], [ 77.7860753, 29.8775838 ], [ 77.7861006, 29.8765735 ], [ 77.7852975, 29.8762695 ], [ 77.7852723, 29.8759308 ], [ 77.7864452, 29.8745056 ], [ 77.7850187, 29.8738655 ], [ 77.782869, 29.8737106 ], [ 77.7808431, 29.8727844 ], [ 77.776996, 29.8757037 ], [ 77.7779505, 29.8766137 ], [ 77.776929, 29.8774157 ], [ 77.7770523, 29.8781645 ], [ 77.7765473, 29.8784106 ], [ 77.7774663, 29.8806195 ], [ 77.7699988, 29.8827415 ], [ 77.7709779, 29.8843348 ], [ 77.7698455, 29.8847855 ], [ 77.7711075, 29.8871728 ], [ 77.7711709, 29.8879134 ], [ 77.7671097, 29.8912927 ], [ 77.7654033, 29.8922458 ], [ 77.7662159, 29.8935182 ], [ 77.7665358, 29.8953637 ], [ 77.7650056, 29.8970806 ], [ 77.7653733, 29.8988194 ], [ 77.7671718, 29.8979683 ], [ 77.7691273, 29.8997277 ], [ 77.7696084, 29.8993228 ], [ 77.7707608, 29.8998992 ], [ 77.7725388, 29.8987152 ], [ 77.7750505, 29.9016196 ], [ 77.7787106, 29.899539 ], [ 77.7793665, 29.899673 ] ] ] } },
{ "type": "Feature", "properties": { "gp_code": "23398", "gp_name": "SUNEHTI AALAHPUR", "blkname": "BHAGWANPUR", "dtname": "Haridwar", "SHAPE_Area": 4207879.786953941 }, "geometry": { "type": "Polygon", "coordinates": [ [ [ 77.762537, 29.8992006 ], [ 77.7665358, 29.8953637 ], [ 77.7662159, 29.8935182 ], [ 77.7654033, 29.8922458 ], [ 77.7671097, 29.8912927 ], [ 77.7711709, 29.8879134 ], [ 77.7711075, 29.8871728 ], [ 77.7698455, 29.8847855 ], [ 77.7709779, 29.8843348 ], [ 77.7699988, 29.8827415 ], [ 77.7774663, 29.8806195 ], [ 77.7765473, 29.8784106 ], [ 77.7770523, 29.8781645 ], [ 77.776929, 29.8774157 ], [ 77.7779505, 29.8766137 ], [ 77.7774019, 29.8759568 ], [ 77.7760793, 29.8774002 ], [ 77.7753359, 29.8772026 ], [ 77.7733831, 29.8775647 ], [ 77.7726716, 29.8763422 ], [ 77.7697853, 29.8765219 ], [ 77.7692733, 29.8749122 ], [ 77.7686161, 29.8702557 ], [ 77.7679764, 29.8693395 ], [ 77.7608065, 29.8713772 ], [ 77.7604665, 29.8711123 ], [ 77.756283, 29.8733543 ], [ 77.7570232, 29.8755253 ], [ 77.7590127, 29.8765387 ], [ 77.7600428, 29.877755 ], [ 77.7595996, 29.8790858 ], [ 77.7601057, 29.8793339 ], [ 77.7589262, 29.880276 ], [ 77.7595695, 29.8809606 ], [ 77.7568543, 29.8825667 ], [ 77.7595077, 29.8867777 ], [ 77.7588583, 29.8873311 ], [ 77.7621052, 29.8936774 ], [ 77.7609846, 29.8941206 ], [ 77.7614733, 29.8946336 ], [ 77.7608951, 29.8955096 ], [ 77.7621093, 29.8954847 ], [ 77.7623171, 29.8965143 ], [ 77.7619612, 29.8966319 ], [ 77.7621708, 29.8973653 ], [ 77.7616256, 29.8976901 ], [ 77.762537, 29.8992006 ] ] ] } },
{ "type": "Feature", "properties": { "gp_code": "23355", "gp_name": "BINARASI URF BULED", "blkname": "BHAGWANPUR", "dtname": "Haridwar", "SHAPE_Area": 3533864.1543757995 }, "geometry": { "type": "Polygon", "coordinates": [ [ [ 77.7620896, 29.8986371 ], [ 77.7616256, 29.8976901 ], [ 77.7621708, 29.8973653 ], [ 77.7621093, 29.8954847 ], [ 77.7608951, 29.8955096 ], [ 77.7614733, 29.8946336 ], [ 77.7609846, 29.8941206 ], [ 77.7621052, 29.8936774 ], [ 77.7588583, 29.8873311 ], [ 77.7595077, 29.8867777 ], [ 77.7568543, 29.8825667 ], [ 77.7538478, 29.8846114 ], [ 77.7535425, 29.8844014 ], [ 77.7487082, 29.8865437 ], [ 77.7474693, 29.8875434 ], [ 77.7428787, 29.8897372 ], [ 77.7430118, 29.8900656 ], [ 77.74342, 29.8899967 ], [ 77.7449197, 29.8934509 ], [ 77.7449084, 29.8940665 ], [ 77.747143, 29.8977455 ], [ 77.7468081, 29.8978994 ], [ 77.7472239, 29.8985863 ], [ 77.7469849, 29.8987696 ], [ 77.749514, 29.9020579 ], [ 77.7528693, 29.9030412 ], [ 77.7535881, 29.9036987 ], [ 77.7592554, 29.8998208 ], [ 77.7620896, 29.8986371 ] ] ] } },
{ "type": "Feature", "properties": { "gp_code": "23399", "gp_name": "TEJUPUR", "blkname": "BHAGWANPUR", "dtname": "Haridwar", "SHAPE_Area": 5407942.2235153867 }, "geometry": { "type": "Polygon", "coordinates": [ [ [ 77.7410919, 29.9083019 ], [ 77.7440763, 29.9056994 ], [ 77.7461608, 29.9047301 ], [ 77.7464388, 29.9050419 ], [ 77.748725, 29.9035352 ], [ 77.7506232, 29.9033168 ], [ 77.7535881, 29.9036987 ], [ 77.7528693, 29.9030412 ], [ 77.749514, 29.9020579 ], [ 77.7485697, 29.9011054 ], [ 77.7469849, 29.8987696 ], [ 77.7472239, 29.8985863 ], [ 77.7468081, 29.8978994 ], [ 77.747143, 29.8977455 ], [ 77.7449084, 29.8940665 ], [ 77.7449197, 29.8934509 ], [ 77.74342, 29.8899967 ], [ 77.7430118, 29.8900656 ], [ 77.7428787, 29.8897372 ], [ 77.7474693, 29.8875434 ], [ 77.7487082, 29.8865437 ], [ 77.7463356, 29.8839823 ], [ 77.7457056, 29.884468 ], [ 77.7453246, 29.8842295 ], [ 77.7403768, 29.879654 ], [ 77.7373838, 29.8817254 ], [ 77.7371772, 29.8816059 ], [ 77.7308557, 29.8853472 ], [ 77.7291632, 29.8859672 ], [ 77.724774, 29.8885412 ], [ 77.7245707, 29.8882444 ], [ 77.72378, 29.8885896 ], [ 77.7240658, 29.8891755 ], [ 77.7250718, 29.8897992 ], [ 77.725073, 29.8903072 ], [ 77.7264125, 29.8906678 ], [ 77.7267597, 29.890234 ], [ 77.7271342, 29.8903316 ], [ 77.7284358, 29.8921694 ], [ 77.7292746, 29.8923751 ], [ 77.7292644, 29.8917839 ], [ 77.7306761, 29.8913927 ], [ 77.7311803, 29.8924989 ], [ 77.7318584, 29.8927993 ], [ 77.7316673, 29.8936788 ], [ 77.7312759, 29.8939226 ], [ 77.7312741, 29.8948832 ], [ 77.7305769, 29.8947487 ], [ 77.7300541, 29.8960806 ], [ 77.7294596, 29.8961277 ], [ 77.729146, 29.8973239 ], [ 77.7285588, 29.8975512 ], [ 77.7282407, 29.8987058 ], [ 77.7285936, 29.8988216 ], [ 77.7287823, 29.8997941 ], [ 77.7293091, 29.899686 ], [ 77.7292726, 29.9005121 ], [ 77.7299266, 29.9006876 ], [ 77.7299992, 29.8999128 ], [ 77.7313542, 29.8994377 ], [ 77.7329237, 29.8999769 ], [ 77.7339158, 29.8996398 ], [ 77.7343323, 29.9003291 ], [ 77.7336318, 29.9009565 ], [ 77.7336735, 29.9015667 ], [ 77.7343769, 29.9010732 ], [ 77.73527, 29.901506 ], [ 77.7355862, 29.90218 ], [ 77.7365491, 29.902563 ], [ 77.7375821, 29.9023095 ], [ 77.7378953, 29.9028542 ], [ 77.7386042, 29.9032105 ], [ 77.7380737, 29.9035263 ], [ 77.7383297, 29.9040194 ], [ 77.7379993, 29.9044028 ], [ 77.7381345, 29.9048295 ], [ 77.7376818, 29.9052342 ], [ 77.7377741, 29.9056972 ], [ 77.7373977, 29.9059829 ], [ 77.7364295, 29.9058862 ], [ 77.7365319, 29.9066589 ], [ 77.7371298, 29.9070043 ], [ 77.7375082, 29.9066033 ], [ 77.7386213, 29.9066003 ], [ 77.7398909, 29.9078926 ], [ 77.7410919, 29.9083019 ] ] ] } },
{ "type": "Feature", "properties": { "gp_code": "23433", "gp_name": "DABKI KALAN", "blkname": "BHAGWANPUR", "dtname": "Haridwar", "SHAPE_Area": 1837605.6953229401 }, "geometry": { "type": "Polygon", "coordinates": [ [ [ 77.7459684, 29.9184046 ], [ 77.7487249, 29.9183157 ], [ 77.7566987, 29.9164971 ], [ 77.7543905, 29.9142653 ], [ 77.7542179, 29.913983 ], [ 77.7545291, 29.9134775 ], [ 77.7523422, 29.911648 ], [ 77.7529378, 29.9114115 ], [ 77.7528327, 29.9110679 ], [ 77.7546864, 29.9100615 ], [ 77.7544641, 29.9096801 ], [ 77.7550411, 29.9094538 ], [ 77.7530478, 29.9067503 ], [ 77.7535623, 29.9062114 ], [ 77.7535881, 29.9036987 ], [ 77.7506232, 29.9033168 ], [ 77.748725, 29.9035352 ], [ 77.7464388, 29.9050419 ], [ 77.7461608, 29.9047301 ], [ 77.7447152, 29.9053117 ], [ 77.7415243, 29.9078415 ], [ 77.7436365, 29.9085683 ], [ 77.7450595, 29.9095903 ], [ 77.7466897, 29.9097192 ], [ 77.7473367, 29.9102823 ], [ 77.7476788, 29.9115755 ], [ 77.7470071, 29.9126421 ], [ 77.7463259, 29.9125033 ], [ 77.7452077, 29.9136422 ], [ 77.7444111, 29.914878 ], [ 77.7443893, 29.9157781 ], [ 77.7437398, 29.916217 ], [ 77.7434482, 29.9170904 ], [ 77.7439945, 29.9172314 ], [ 77.7455202, 29.9164713 ], [ 77.7459684, 29.9184046 ] ] ] } },
{ "type": "Feature", "properties": { "gp_code": "23378", "gp_name": "MAHESHWARI", "blkname": "BHAGWANPUR", "dtname": "Haridwar", "SHAPE_Area": 3084731.6108481111 }, "geometry": { "type": "Polygon", "coordinates": [ [ [ 77.7509829, 29.9334449 ], [ 77.7535664, 29.9315997 ], [ 77.7532748, 29.9311684 ], [ 77.7572558, 29.9281908 ], [ 77.7567504, 29.9263857 ], [ 77.7617927, 29.9232014 ], [ 77.7603909, 29.9209744 ], [ 77.7566987, 29.9164971 ], [ 77.7487249, 29.9183157 ], [ 77.7459684, 29.9184046 ], [ 77.7455202, 29.9164713 ], [ 77.7433127, 29.9175364 ], [ 77.7429679, 29.9184136 ], [ 77.7434852, 29.9208405 ], [ 77.7428572, 29.9212613 ], [ 77.743063, 29.9218921 ], [ 77.7436416, 29.9218494 ], [ 77.7433729, 29.9226261 ], [ 77.7438935, 29.9231413 ], [ 77.74354, 29.9239122 ], [ 77.7429185, 29.9242729 ], [ 77.7428904, 29.9249328 ], [ 77.7422228, 29.9249143 ], [ 77.7422347, 29.9257087 ], [ 77.7416379, 29.9258759 ], [ 77.7429044, 29.9271873 ], [ 77.7432261, 29.9269592 ], [ 77.7434637, 29.9271908 ], [ 77.743657, 29.9292873 ], [ 77.7443599, 29.9299775 ], [ 77.7444296, 29.9308476 ], [ 77.7451582, 29.9315119 ], [ 77.7458106, 29.9316658 ], [ 77.7457559, 29.9321699 ], [ 77.7463446, 29.933045 ], [ 77.7487213, 29.9317831 ], [ 77.7497052, 29.9318825 ], [ 77.7509829, 29.9334449 ] ] ] } },
{ "type": "Feature", "properties": { "gp_code": "", "gp_name": "", "blkname": "BHAGWANPUR", "dtname": "Haridwar", "SHAPE_Area": 3616345.1922298721 }, "geometry": { "type": "Polygon", "coordinates": [ [ [ 77.758048, 29.9599324 ], [ 77.7547442, 29.9552664 ], [ 77.7483645, 29.9516392 ], [ 77.7409715, 29.9530739 ], [ 77.7392449, 29.9537696 ], [ 77.737007, 29.9537647 ], [ 77.7338775, 29.9550904 ], [ 77.7337649, 29.9557297 ], [ 77.7332974, 29.9559338 ], [ 77.7347426, 29.9573762 ], [ 77.7350108, 29.958688 ], [ 77.7356489, 29.9596187 ], [ 77.7354545, 29.959774 ], [ 77.7378276, 29.9639332 ], [ 77.7378067, 29.9656184 ], [ 77.7406174, 29.969564 ], [ 77.7408255, 29.9703131 ], [ 77.7476675, 29.9655891 ], [ 77.7484954, 29.964433 ], [ 77.7513391, 29.9633699 ], [ 77.758048, 29.9599324 ] ] ] } },
{ "type": "Feature", "properties": { "gp_code": "23396", "gp_name": "SIRCHANDI", "blkname": "BHAGWANPUR", "dtname": "Haridwar", "SHAPE_Area": 9122818.2283834368 }, "geometry": { "type": "Polygon", "coordinates": [ [ [ 77.7656155, 29.9413133 ], [ 77.7666249, 29.9405035 ], [ 77.766643, 29.9399891 ], [ 77.7688632, 29.939348 ], [ 77.7696479, 29.9373366 ], [ 77.77119, 29.9372674 ], [ 77.7694576, 29.9351265 ], [ 77.7697657, 29.9348975 ], [ 77.7674734, 29.9310459 ], [ 77.7680227, 29.9306017 ], [ 77.7657411, 29.9283786 ], [ 77.7648822, 29.9268592 ], [ 77.7642608, 29.9269812 ], [ 77.7617927, 29.9232014 ], [ 77.7567504, 29.9263857 ], [ 77.7572558, 29.9281908 ], [ 77.7532748, 29.9311684 ], [ 77.7535664, 29.9315997 ], [ 77.7509829, 29.9334449 ], [ 77.7497052, 29.9318825 ], [ 77.7487213, 29.9317831 ], [ 77.7463446, 29.933045 ], [ 77.7457559, 29.9321699 ], [ 77.7458106, 29.9316658 ], [ 77.7451582, 29.9315119 ], [ 77.7444296, 29.9308476 ], [ 77.7443599, 29.9299775 ], [ 77.743657, 29.9292873 ], [ 77.7433266, 29.9269694 ], [ 77.7429044, 29.9271873 ], [ 77.7416379, 29.9258759 ], [ 77.7369852, 29.9292233 ], [ 77.7362465, 29.9287466 ], [ 77.7345826, 29.9289912 ], [ 77.7304716, 29.931695 ], [ 77.7406218, 29.9421944 ], [ 77.7429883, 29.9409438 ], [ 77.7429992, 29.9438115 ], [ 77.7452665, 29.9444942 ], [ 77.7457802, 29.9459744 ], [ 77.747226, 29.946641 ], [ 77.7449048, 29.9477307 ], [ 77.7453699, 29.9483883 ], [ 77.7483645, 29.9516392 ], [ 77.7547442, 29.9552664 ], [ 77.7558434, 29.9548012 ], [ 77.7566497, 29.95397 ], [ 77.7584111, 29.9536165 ], [ 77.7584535, 29.9531361 ], [ 77.7607775, 29.9516139 ], [ 77.7601636, 29.9506909 ], [ 77.7624226, 29.9494348 ], [ 77.7618246, 29.9484656 ], [ 77.7645723, 29.9453298 ], [ 77.7629765, 29.9440083 ], [ 77.764424, 29.9426011 ], [ 77.7649379, 29.9425779 ], [ 77.7656155, 29.9413133 ] ] ] } },
{ "type": "Feature", "properties": { "gp_code": "23394", "gp_name": "SIKANDERPUR BHAINSWAL", "blkname": "BHAGWANPUR", "dtname": "Haridwar", "SHAPE_Area": 13568517.630912982 }, "geometry": { "type": "Polygon", "coordinates": [ [ [ 77.7736733, 29.9781332 ], [ 77.776355, 29.9766966 ], [ 77.7772108, 29.9767898 ], [ 77.7799702, 29.9760895 ], [ 77.7808314, 29.9755174 ], [ 77.7806623, 29.9752194 ], [ 77.7815289, 29.9741137 ], [ 77.7814869, 29.9731946 ], [ 77.7853949, 29.9700239 ], [ 77.7868941, 29.9681367 ], [ 77.787761, 29.9664497 ], [ 77.7892559, 29.9653055 ], [ 77.7884801, 29.9628456 ], [ 77.7887598, 29.9624998 ], [ 77.7885985, 29.9614943 ], [ 77.7890238, 29.9606395 ], [ 77.7890218, 29.9591899 ], [ 77.7875315, 29.9572547 ], [ 77.7886786, 29.955683 ], [ 77.7887254, 29.9545651 ], [ 77.7897303, 29.952298 ], [ 77.7886518, 29.9505513 ], [ 77.7887714, 29.9500565 ], [ 77.7882737, 29.9487306 ], [ 77.7892429, 29.9476225 ], [ 77.7882239, 29.9449426 ], [ 77.7882692, 29.9436151 ], [ 77.7892316, 29.9430946 ], [ 77.7889527, 29.9421466 ], [ 77.7879877, 29.9418254 ], [ 77.7865961, 29.940136 ], [ 77.7862596, 29.9402873 ], [ 77.7839544, 29.9370818 ], [ 77.782964, 29.9377675 ], [ 77.7823657, 29.937226 ], [ 77.7825918, 29.936989 ], [ 77.7807655, 29.9352492 ], [ 77.7771377, 29.9366734 ], [ 77.775639, 29.9363896 ], [ 77.77527, 29.9367388 ], [ 77.773927, 29.9370147 ], [ 77.7696479, 29.9373366 ], [ 77.7688632, 29.939348 ], [ 77.766643, 29.9399891 ], [ 77.7666249, 29.9405035 ], [ 77.7656155, 29.9413133 ], [ 77.7649379, 29.9425779 ], [ 77.764424, 29.9426011 ], [ 77.7629765, 29.9440083 ], [ 77.7645723, 29.9453298 ], [ 77.7618246, 29.9484656 ], [ 77.7624226, 29.9494348 ], [ 77.7601636, 29.9506909 ], [ 77.7607775, 29.9516139 ], [ 77.7584535, 29.9531361 ], [ 77.7584111, 29.9536165 ], [ 77.7566497, 29.95397 ], [ 77.7558434, 29.9548012 ], [ 77.7547442, 29.9552664 ], [ 77.7582106, 29.9601709 ], [ 77.7578454, 29.9618594 ], [ 77.7603812, 29.9644542 ], [ 77.7630567, 29.9666125 ], [ 77.7644023, 29.9656783 ], [ 77.7645686, 29.9658207 ], [ 77.7658967, 29.9681765 ], [ 77.7673144, 29.9696865 ], [ 77.7680564, 29.9700704 ], [ 77.7735912, 29.9768999 ], [ 77.7730597, 29.9774036 ], [ 77.7736733, 29.9781332 ] ] ] } },
{ "type": "Feature", "properties": { "gp_code": "23357", "gp_name": "CHHAPPERSHER AFGANPUR", "blkname": "BHAGWANPUR", "dtname": "Haridwar", "SHAPE_Area": 7120760.8547863821 }, "geometry": { "type": "Polygon", "coordinates": [ [ [ 77.7560931, 29.9925845 ], [ 77.762935, 29.9878192 ], [ 77.7634941, 29.9892933 ], [ 77.7634736, 29.9911414 ], [ 77.7648275, 29.990528 ], [ 77.7652518, 29.9907604 ], [ 77.7658278, 29.9902387 ], [ 77.7667841, 29.991056 ], [ 77.7683752, 29.9907583 ], [ 77.7687333, 29.9912549 ], [ 77.7694801, 29.9911372 ], [ 77.7692294, 29.9901797 ], [ 77.7705288, 29.9898476 ], [ 77.7698327, 29.9888062 ], [ 77.7700202, 29.9885144 ], [ 77.7706795, 29.9879076 ], [ 77.7718725, 29.9878664 ], [ 77.7734006, 29.9869838 ], [ 77.7736341, 29.9866556 ], [ 77.7733907, 29.9862406 ], [ 77.7742081, 29.985241 ], [ 77.7727378, 29.9799384 ], [ 77.7728125, 29.9793458 ], [ 77.7736733, 29.9781332 ], [ 77.7730597, 29.9774036 ], [ 77.773688, 29.9770359 ], [ 77.7680564, 29.9700704 ], [ 77.7673144, 29.9696865 ], [ 77.7658967, 29.9681765 ], [ 77.7645686, 29.9658207 ], [ 77.764116, 29.9658329 ], [ 77.7632441, 29.9666934 ], [ 77.7603812, 29.9644542 ], [ 77.7596158, 29.9660357 ], [ 77.7556623, 29.9686587 ], [ 77.7544469, 29.9716863 ], [ 77.7487325, 29.9778204 ], [ 77.747569, 29.9793741 ], [ 77.7472426, 29.9803991 ], [ 77.7465783, 29.9807593 ], [ 77.7460306, 29.9805485 ], [ 77.7443237, 29.9816513 ], [ 77.7436455, 29.9830548 ], [ 77.7441484, 29.9836897 ], [ 77.7451985, 29.9836905 ], [ 77.7452733, 29.9845319 ], [ 77.7469875, 29.9850498 ], [ 77.7476754, 29.9860013 ], [ 77.7486369, 29.9859103 ], [ 77.749626, 29.9863583 ], [ 77.7500145, 29.9857739 ], [ 77.7503377, 29.9858672 ], [ 77.7511384, 29.9869332 ], [ 77.7514763, 29.9883396 ], [ 77.7542848, 29.9905789 ], [ 77.755275, 29.9919777 ], [ 77.7560931, 29.9925845 ] ] ] } },
{ "type": "Feature", "properties": { "gp_code": "23381", "gp_name": "MANDAWAR", "blkname": "BHAGWANPUR", "dtname": "Haridwar", "SHAPE_Area": 6479022.8358755847 }, "geometry": { "type": "Polygon", "coordinates": [ [ [ 77.7940088, 30.0025847 ], [ 77.7921017, 30.0016133 ], [ 77.7925598, 30.000901 ], [ 77.790949, 29.9968884 ], [ 77.7872735, 29.9927442 ], [ 77.7839295, 29.9903126 ], [ 77.7825149, 29.9902629 ], [ 77.7811743, 29.9891428 ], [ 77.7792549, 29.98827 ], [ 77.7789524, 29.9874144 ], [ 77.7781079, 29.9873298 ], [ 77.775259, 29.9839731 ], [ 77.7756571, 29.9831374 ], [ 77.7739725, 29.9799972 ], [ 77.7736733, 29.9781332 ], [ 77.7728125, 29.9793458 ], [ 77.7727378, 29.9799384 ], [ 77.7742081, 29.985241 ], [ 77.7733907, 29.9862406 ], [ 77.7736341, 29.9866556 ], [ 77.7734006, 29.9869838 ], [ 77.7718725, 29.9878664 ], [ 77.7706795, 29.9879076 ], [ 77.7700202, 29.9885144 ], [ 77.7698327, 29.9888062 ], [ 77.7705288, 29.9898476 ], [ 77.7692294, 29.9901797 ], [ 77.7694801, 29.9911372 ], [ 77.7688984, 29.9917106 ], [ 77.771236, 29.994538 ], [ 77.7719629, 29.9958702 ], [ 77.7724192, 29.9957033 ], [ 77.7726611, 29.9959265 ], [ 77.7744252, 29.9985756 ], [ 77.7722451, 30.0026953 ], [ 77.773176, 30.005288 ], [ 77.7718175, 30.0079706 ], [ 77.7717552, 30.008516 ], [ 77.772432, 30.008753 ], [ 77.7725523, 30.0091946 ], [ 77.7713052, 30.0095802 ], [ 77.7711242, 30.0098934 ], [ 77.7716164, 30.010379 ], [ 77.7723789, 30.0104657 ], [ 77.7722329, 30.0109208 ], [ 77.7725398, 30.0112624 ], [ 77.7721117, 30.0113871 ], [ 77.7728638, 30.0130808 ], [ 77.7727474, 30.0139721 ], [ 77.7739945, 30.0148447 ], [ 77.7745073, 30.0164792 ], [ 77.7758102, 30.0179724 ], [ 77.777659, 30.0173438 ], [ 77.7794037, 30.0181207 ], [ 77.7819844, 30.0186275 ], [ 77.7841447, 30.0123705 ], [ 77.7860101, 30.0115603 ], [ 77.7856802, 30.01082 ], [ 77.7842326, 30.0117647 ], [ 77.7839242, 30.0111042 ], [ 77.7845299, 30.0105159 ], [ 77.7843674, 30.0100066 ], [ 77.7846918, 30.0097923 ], [ 77.78448, 30.0094711 ], [ 77.7835458, 30.009876 ], [ 77.7834256, 30.0095661 ], [ 77.7839358, 30.0091952 ], [ 77.78368, 30.0087841 ], [ 77.7846485, 30.0083797 ], [ 77.7843735, 30.0077694 ], [ 77.783364, 30.0085411 ], [ 77.7830732, 30.0081692 ], [ 77.7842106, 30.0072899 ], [ 77.7840103, 30.0069689 ], [ 77.7833467, 30.0072748 ], [ 77.7830247, 30.0067333 ], [ 77.7824838, 30.0069048 ], [ 77.782497, 30.0064785 ], [ 77.7839046, 30.0058907 ], [ 77.7841256, 30.0062276 ], [ 77.7911435, 30.0039175 ], [ 77.7940088, 30.0025847 ] ] ] } },
{ "type": "Feature", "properties": { "gp_code": "", "gp_name": "", "blkname": "BHAGWANPUR", "dtname": "Haridwar", "SHAPE_Area": 2726030.0970829469 }, "geometry": { "type": "Polygon", "coordinates": [ [ [ 77.747569, 29.9793741 ], [ 77.7544469, 29.9716863 ], [ 77.7556623, 29.9686587 ], [ 77.7596158, 29.9660357 ], [ 77.7603812, 29.9644542 ], [ 77.7578454, 29.9618594 ], [ 77.7582407, 29.960456 ], [ 77.758048, 29.9599324 ], [ 77.7513391, 29.9633699 ], [ 77.7484954, 29.964433 ], [ 77.7476675, 29.9655891 ], [ 77.7408255, 29.9703131 ], [ 77.7407843, 29.9714538 ], [ 77.7402087, 29.9731487 ], [ 77.7405173, 29.9744611 ], [ 77.7399644, 29.9747057 ], [ 77.7404309, 29.9756559 ], [ 77.7409758, 29.9756328 ], [ 77.7463289, 29.9807697 ], [ 77.7472426, 29.9803991 ], [ 77.747569, 29.9793741 ] ] ] } },
{ "type": "Feature", "properties": { "gp_code": "", "gp_name": "", "blkname": "NARSAN", "dtname": "Haridwar", "SHAPE_Area": 11646119.304908168 }, "geometry": { "type": "Polygon", "coordinates": [ [ [ 77.7863173, 29.8233828 ], [ 77.7860326, 29.8210364 ], [ 77.7848522, 29.8222754 ], [ 77.7843091, 29.8220289 ], [ 77.7841682, 29.8212182 ], [ 77.7834762, 29.8216606 ], [ 77.78283, 29.8214868 ], [ 77.7825861, 29.822151 ], [ 77.7814459, 29.8199216 ], [ 77.7806096, 29.8207462 ], [ 77.7797777, 29.819862 ], [ 77.7801396, 29.8190916 ], [ 77.7809554, 29.819123 ], [ 77.7802202, 29.8183983 ], [ 77.7802878, 29.8180784 ], [ 77.7815465, 29.817776 ], [ 77.7803752, 29.8172002 ], [ 77.7805241, 29.815738 ], [ 77.7838321, 29.813966 ], [ 77.7831408, 29.8130205 ], [ 77.7833672, 29.8126495 ], [ 77.7827046, 29.8115174 ], [ 77.7845612, 29.8110944 ], [ 77.7857334, 29.8123069 ], [ 77.7887416, 29.8139885 ], [ 77.7898057, 29.8125175 ], [ 77.7967296, 29.808927 ], [ 77.7978377, 29.8090171 ], [ 77.8003548, 29.8114175 ], [ 77.803029, 29.8099383 ], [ 77.8000635, 29.8056358 ], [ 77.7983596, 29.8040014 ], [ 77.7942537, 29.7976408 ], [ 77.7901508, 29.797572 ], [ 77.7894963, 29.7978719 ], [ 77.7873667, 29.796207 ], [ 77.7860103, 29.7964982 ], [ 77.7808663, 29.7931219 ], [ 77.7801518, 29.7937 ], [ 77.7777567, 29.7916366 ], [ 77.7757402, 29.7926593 ], [ 77.7728068, 29.7949436 ], [ 77.7736716, 29.7961898 ], [ 77.768426, 29.7999476 ], [ 77.7672146, 29.799463 ], [ 77.7657366, 29.8005003 ], [ 77.7650111, 29.7996965 ], [ 77.7645103, 29.7999333 ], [ 77.7632365, 29.80127 ], [ 77.7632166, 29.8026265 ], [ 77.7628085, 29.8030307 ], [ 77.7602123, 29.8046481 ], [ 77.7596398, 29.8043225 ], [ 77.7586736, 29.8052521 ], [ 77.7581803, 29.8052042 ], [ 77.756395, 29.8064398 ], [ 77.755515, 29.8078323 ], [ 77.7554532, 29.8090284 ], [ 77.7532586, 29.8097065 ], [ 77.7530021, 29.8095303 ], [ 77.7524157, 29.8099051 ], [ 77.7526101, 29.8102065 ], [ 77.7515793, 29.8106796 ], [ 77.7535582, 29.8124362 ], [ 77.7547724, 29.8121971 ], [ 77.7560789, 29.8128355 ], [ 77.756421, 29.8151357 ], [ 77.7581745, 29.8171611 ], [ 77.7639686, 29.8140691 ], [ 77.7656669, 29.8158994 ], [ 77.7675087, 29.8169312 ], [ 77.7692686, 29.8191838 ], [ 77.7704537, 29.820145 ], [ 77.7717604, 29.8187638 ], [ 77.7735262, 29.8189438 ], [ 77.773629, 29.8201202 ], [ 77.7748964, 29.8214607 ], [ 77.774497, 29.8222642 ], [ 77.7746303, 29.8226301 ], [ 77.7765066, 29.8246564 ], [ 77.7780784, 29.8279836 ], [ 77.7794967, 29.8278607 ], [ 77.7802442, 29.828361 ], [ 77.781628, 29.8281123 ], [ 77.7863173, 29.8233828 ] ] ] } },
{ "type": "Feature", "properties": { "gp_code": "23380", "gp_name": "MANAKPUR ADAMPUR", "blkname": "BHAGWANPUR", "dtname": "Haridwar", "SHAPE_Area": 11038946.470040618 }, "geometry": { "type": "Polygon", "coordinates": [ [ [ 77.7531839, 29.8621769 ], [ 77.7612863, 29.8587137 ], [ 77.7681252, 29.8537943 ], [ 77.7665449, 29.851733 ], [ 77.7650323, 29.848262 ], [ 77.7627229, 29.8452715 ], [ 77.765214, 29.8432017 ], [ 77.7657878, 29.8431268 ], [ 77.7658591, 29.8425411 ], [ 77.7664194, 29.8424963 ], [ 77.7677947, 29.8408782 ], [ 77.7671257, 29.8402068 ], [ 77.7672386, 29.8393858 ], [ 77.7665088, 29.8367185 ], [ 77.7667955, 29.8359706 ], [ 77.7666514, 29.8353611 ], [ 77.7675482, 29.8343083 ], [ 77.7686356, 29.8339887 ], [ 77.7691641, 29.8330639 ], [ 77.7658271, 29.8303736 ], [ 77.7621518, 29.8260681 ], [ 77.7606548, 29.8249988 ], [ 77.7599493, 29.824019 ], [ 77.7569565, 29.8258476 ], [ 77.7564289, 29.8255029 ], [ 77.7558073, 29.8239634 ], [ 77.755306, 29.8241694 ], [ 77.7557002, 29.8253008 ], [ 77.7487372, 29.8296931 ], [ 77.7430256, 29.8327254 ], [ 77.7421628, 29.8335509 ], [ 77.7418405, 29.8333275 ], [ 77.7402199, 29.8347335 ], [ 77.7425173, 29.8364734 ], [ 77.7435767, 29.8382671 ], [ 77.7440368, 29.8398773 ], [ 77.744077, 29.8407701 ], [ 77.7436119, 29.8421648 ], [ 77.7427049, 29.8433455 ], [ 77.7414501, 29.8467052 ], [ 77.7416641, 29.8470202 ], [ 77.7438892, 29.8475767 ], [ 77.7437397, 29.848538 ], [ 77.7430686, 29.8502035 ], [ 77.741033, 29.8525996 ], [ 77.7415887, 29.8531427 ], [ 77.741209, 29.8535741 ], [ 77.7417633, 29.8541947 ], [ 77.7411421, 29.8545734 ], [ 77.7426705, 29.8580322 ], [ 77.7446235, 29.8612574 ], [ 77.7448141, 29.8627534 ], [ 77.7453094, 29.8630702 ], [ 77.7463021, 29.8627037 ], [ 77.7464741, 29.863016 ], [ 77.7472411, 29.8626182 ], [ 77.7476542, 29.8630043 ], [ 77.7484108, 29.8625611 ], [ 77.7509265, 29.862612 ], [ 77.7531839, 29.8621769 ] ] ] } },
{ "type": "Feature", "properties": { "gp_code": "23356", "gp_name": "BINDU KHARAK", "blkname": "BHAGWANPUR", "dtname": "Haridwar", "SHAPE_Area": 10227879.640889477 }, "geometry": { "type": "Polygon", "coordinates": [ [ [ 77.7235745, 29.8888083 ], [ 77.7245707, 29.8882444 ], [ 77.724774, 29.8885412 ], [ 77.7291632, 29.8859672 ], [ 77.7308557, 29.8853472 ], [ 77.7371772, 29.8816059 ], [ 77.7373838, 29.8817254 ], [ 77.7403768, 29.879654 ], [ 77.7377228, 29.8766873 ], [ 77.7363229, 29.8731581 ], [ 77.7370829, 29.8727039 ], [ 77.7367138, 29.8721211 ], [ 77.7387947, 29.8697132 ], [ 77.7383809, 29.8693693 ], [ 77.7391108, 29.8687878 ], [ 77.7409589, 29.8676162 ], [ 77.7434546, 29.8672565 ], [ 77.7451223, 29.8662232 ], [ 77.74462, 29.8645257 ], [ 77.7447399, 29.8615197 ], [ 77.7426705, 29.8580322 ], [ 77.7411421, 29.8545734 ], [ 77.7417633, 29.8541947 ], [ 77.741209, 29.8535741 ], [ 77.7415887, 29.8531427 ], [ 77.741033, 29.8525996 ], [ 77.7415468, 29.8520323 ], [ 77.7397656, 29.8515805 ], [ 77.7394687, 29.852359 ], [ 77.7386189, 29.8521337 ], [ 77.7379091, 29.8531747 ], [ 77.7371632, 29.8527592 ], [ 77.7364641, 29.8535595 ], [ 77.7355031, 29.8525498 ], [ 77.7338549, 29.8537364 ], [ 77.7318627, 29.8538289 ], [ 77.730762, 29.8542677 ], [ 77.7301687, 29.8540952 ], [ 77.728318, 29.8546822 ], [ 77.7278654, 29.85403 ], [ 77.7274776, 29.8546267 ], [ 77.726568, 29.8542416 ], [ 77.7265318, 29.8548432 ], [ 77.7270086, 29.8555396 ], [ 77.7256665, 29.8561338 ], [ 77.7244415, 29.855821 ], [ 77.7234385, 29.8550515 ], [ 77.7234917, 29.8555667 ], [ 77.7214721, 29.8567972 ], [ 77.721693, 29.857074 ], [ 77.7206875, 29.8577933 ], [ 77.7213722, 29.8587991 ], [ 77.718949, 29.8607901 ], [ 77.7190389, 29.8613606 ], [ 77.7186853, 29.8614651 ], [ 77.7186764, 29.8619466 ], [ 77.7165183, 29.863186 ], [ 77.7186364, 29.865449 ], [ 77.717847, 29.8660291 ], [ 77.7178579, 29.86679 ], [ 77.7163174, 29.8675674 ], [ 77.7162972, 29.8679831 ], [ 77.7155022, 29.8685192 ], [ 77.7156399, 29.8688824 ], [ 77.71513, 29.8689463 ], [ 77.7150459, 29.8694213 ], [ 77.7142979, 29.8694545 ], [ 77.7141726, 29.8704489 ], [ 77.7147793, 29.8705834 ], [ 77.7151835, 29.8714703 ], [ 77.7148945, 29.8718165 ], [ 77.7152117, 29.8729923 ], [ 77.7170335, 29.8736419 ], [ 77.7178876, 29.8743218 ], [ 77.7182063, 29.8740635 ], [ 77.7189982, 29.8747096 ], [ 77.7195702, 29.8743455 ], [ 77.7207726, 29.8761566 ], [ 77.7200031, 29.8765014 ], [ 77.7197643, 29.8762348 ], [ 77.7176665, 29.8773367 ], [ 77.716686, 29.8790546 ], [ 77.7158317, 29.8818181 ], [ 77.7157542, 29.8834218 ], [ 77.7147139, 29.8840768 ], [ 77.7173539, 29.8874576 ], [ 77.7180678, 29.8869689 ], [ 77.7184625, 29.887404 ], [ 77.7227522, 29.8844211 ], [ 77.7231166, 29.8849204 ], [ 77.7228759, 29.8853234 ], [ 77.723921, 29.8861254 ], [ 77.7241155, 29.886784 ], [ 77.7236931, 29.8872676 ], [ 77.7239069, 29.8877416 ], [ 77.7233144, 29.8879734 ], [ 77.723554, 29.8881985 ], [ 77.7232774, 29.8885409 ], [ 77.7235745, 29.8888083 ] ] ] } },
{ "type": "Feature", "properties": { "gp_code": "23354", "gp_name": "BHALASWAGAJ", "blkname": "BHAGWANPUR", "dtname": "Haridwar", "SHAPE_Area": 5152693.0464343149 }, "geometry": { "type": "Polygon", "coordinates": [ [ [ 77.7538478, 29.8846114 ], [ 77.7595695, 29.8809606 ], [ 77.7589262, 29.880276 ], [ 77.7601057, 29.8793339 ], [ 77.7595996, 29.8790858 ], [ 77.7601007, 29.8781077 ], [ 77.7590127, 29.8765387 ], [ 77.7570232, 29.8755253 ], [ 77.756283, 29.8733543 ], [ 77.7582013, 29.8723945 ], [ 77.7560926, 29.8696225 ], [ 77.7566243, 29.8689721 ], [ 77.7551708, 29.8673375 ], [ 77.7535843, 29.8647481 ], [ 77.7536264, 29.8643769 ], [ 77.7543281, 29.8641086 ], [ 77.7543306, 29.8638254 ], [ 77.7531839, 29.8621769 ], [ 77.7509265, 29.862612 ], [ 77.7484108, 29.8625611 ], [ 77.7476542, 29.8630043 ], [ 77.7472411, 29.8626182 ], [ 77.7464741, 29.863016 ], [ 77.7463021, 29.8627037 ], [ 77.7453094, 29.8630702 ], [ 77.7450091, 29.8626998 ], [ 77.7446343, 29.8628636 ], [ 77.74462, 29.8645257 ], [ 77.7451223, 29.8662232 ], [ 77.7434546, 29.8672565 ], [ 77.7409589, 29.8676162 ], [ 77.7391108, 29.8687878 ], [ 77.7383809, 29.8693693 ], [ 77.7387947, 29.8697132 ], [ 77.7367138, 29.8721211 ], [ 77.7370829, 29.8727039 ], [ 77.7363229, 29.8731581 ], [ 77.7377228, 29.8766873 ], [ 77.7398298, 29.8791239 ], [ 77.7453246, 29.8842295 ], [ 77.7457056, 29.884468 ], [ 77.7463356, 29.8839823 ], [ 77.7487082, 29.8865437 ], [ 77.7535425, 29.8844014 ], [ 77.7538478, 29.8846114 ] ] ] } },
{ "type": "Feature", "properties": { "gp_code": "23384", "gp_name": "MOLNA", "blkname": "BHAGWANPUR", "dtname": "Haridwar", "SHAPE_Area": 5173974.370466332 }, "geometry": { "type": "Polygon", "coordinates": [ [ [ 77.7732249, 29.8775323 ], [ 77.7760793, 29.8774002 ], [ 77.776644, 29.8770205 ], [ 77.7774019, 29.8759568 ], [ 77.776996, 29.8757037 ], [ 77.7808431, 29.8727844 ], [ 77.7800195, 29.8714898 ], [ 77.7799943, 29.8699037 ], [ 77.7807354, 29.8695895 ], [ 77.7808973, 29.8684293 ], [ 77.7813952, 29.8676074 ], [ 77.7812419, 29.8663796 ], [ 77.7806216, 29.8650686 ], [ 77.781244, 29.8640782 ], [ 77.7805354, 29.863577 ], [ 77.7785116, 29.8630399 ], [ 77.7765612, 29.8617013 ], [ 77.7765695, 29.8626031 ], [ 77.7755576, 29.8630458 ], [ 77.7751316, 29.8630524 ], [ 77.7746507, 29.8622367 ], [ 77.7738712, 29.8620373 ], [ 77.7731637, 29.8605452 ], [ 77.7732164, 29.8595785 ], [ 77.771177, 29.8588792 ], [ 77.7707776, 29.858025 ], [ 77.7699724, 29.8572996 ], [ 77.7701764, 29.8563009 ], [ 77.7719316, 29.8555632 ], [ 77.7681252, 29.8537943 ], [ 77.7612863, 29.8587137 ], [ 77.7531839, 29.8621769 ], [ 77.7543306, 29.8638254 ], [ 77.7543281, 29.8641086 ], [ 77.7536264, 29.8643769 ], [ 77.7535843, 29.8647481 ], [ 77.7551708, 29.8673375 ], [ 77.7566243, 29.8689721 ], [ 77.7560926, 29.8696225 ], [ 77.7582013, 29.8723945 ], [ 77.7604665, 29.8711123 ], [ 77.7608065, 29.8713772 ], [ 77.7679764, 29.8693395 ], [ 77.7686161, 29.8702557 ], [ 77.7692733, 29.8749122 ], [ 77.7697853, 29.8765219 ], [ 77.7726716, 29.8763422 ], [ 77.7732249, 29.8775323 ] ] ] } },
{ "type": "Feature", "properties": { "gp_code": "23371", "gp_name": "KHAJOORI", "blkname": "BHAGWANPUR", "dtname": "Haridwar", "SHAPE_Area": 3683767.8731986247 }, "geometry": { "type": "Polygon", "coordinates": [ [ [ 77.783375, 29.8490226 ], [ 77.7826805, 29.8477929 ], [ 77.7829852, 29.8474882 ], [ 77.7806724, 29.8443588 ], [ 77.7800266, 29.8412127 ], [ 77.7788786, 29.8425198 ], [ 77.7782742, 29.8425949 ], [ 77.7781221, 29.8412986 ], [ 77.7764426, 29.8401782 ], [ 77.7744412, 29.8376748 ], [ 77.7721981, 29.8360721 ], [ 77.770792, 29.8338414 ], [ 77.7701305, 29.8333737 ], [ 77.7691641, 29.8330639 ], [ 77.7686356, 29.8339887 ], [ 77.7669266, 29.8347849 ], [ 77.7665088, 29.8367185 ], [ 77.7672386, 29.8393858 ], [ 77.7671257, 29.8402068 ], [ 77.7677947, 29.8408782 ], [ 77.7664194, 29.8424963 ], [ 77.7658591, 29.8425411 ], [ 77.7657878, 29.8431268 ], [ 77.765214, 29.8432017 ], [ 77.7627229, 29.8452715 ], [ 77.7650323, 29.848262 ], [ 77.7665449, 29.851733 ], [ 77.7681252, 29.8537943 ], [ 77.7733021, 29.8564036 ], [ 77.7741558, 29.8565101 ], [ 77.7748609, 29.8548274 ], [ 77.7797133, 29.8519582 ], [ 77.7829436, 29.849687 ], [ 77.783375, 29.8490226 ] ] ] } },
{ "type": "Feature", "properties": { "gp_code": "23580", "gp_name": "SULTANPUR SABATWALI", "blkname": "ROORKEE", "dtname": "Haridwar", "SHAPE_Area": 11486928.620714664 }, "geometry": { "type": "Polygon", "coordinates": [ [ [ 77.7996361, 29.8560731 ], [ 77.8038864, 29.8540688 ], [ 77.8042054, 29.8542669 ], [ 77.8084076, 29.8521476 ], [ 77.8072633, 29.8489907 ], [ 77.8081801, 29.848118 ], [ 77.8062342, 29.8470644 ], [ 77.810828, 29.8440359 ], [ 77.811024, 29.8434473 ], [ 77.8104702, 29.8428395 ], [ 77.8086186, 29.841915 ], [ 77.8077984, 29.8409728 ], [ 77.8073142, 29.8401223 ], [ 77.8076413, 29.8390784 ], [ 77.8070175, 29.838477 ], [ 77.8077833, 29.8383611 ], [ 77.8064676, 29.8378877 ], [ 77.8060912, 29.8372708 ], [ 77.806148, 29.8356509 ], [ 77.8053621, 29.8347909 ], [ 77.8072759, 29.8336641 ], [ 77.8071073, 29.8333206 ], [ 77.8058979, 29.8334075 ], [ 77.8049581, 29.8319049 ], [ 77.8028807, 29.8308223 ], [ 77.8018898, 29.8311453 ], [ 77.800602, 29.8306567 ], [ 77.8001061, 29.8313134 ], [ 77.7999512, 29.832997 ], [ 77.7986376, 29.8314218 ], [ 77.7986806, 29.8310327 ], [ 77.7976534, 29.8306743 ], [ 77.7951703, 29.8286879 ], [ 77.795303, 29.8273546 ], [ 77.7945989, 29.8259692 ], [ 77.7938166, 29.8256371 ], [ 77.7921136, 29.8263524 ], [ 77.7917812, 29.8260944 ], [ 77.791108, 29.8263964 ], [ 77.7904618, 29.8256585 ], [ 77.7863173, 29.8233828 ], [ 77.781628, 29.8281123 ], [ 77.7802442, 29.828361 ], [ 77.7794967, 29.8278607 ], [ 77.7780784, 29.8279836 ], [ 77.7765066, 29.8246564 ], [ 77.7746303, 29.8226301 ], [ 77.774497, 29.8222642 ], [ 77.7748964, 29.8214607 ], [ 77.773629, 29.8201202 ], [ 77.7735262, 29.8189438 ], [ 77.7717604, 29.8187638 ], [ 77.7704537, 29.820145 ], [ 77.7692686, 29.8191838 ], [ 77.7675087, 29.8169312 ], [ 77.7656669, 29.8158994 ], [ 77.7639686, 29.8140691 ], [ 77.7581745, 29.8171611 ], [ 77.7589372, 29.818584 ], [ 77.7539877, 29.8208048 ], [ 77.755306, 29.8241694 ], [ 77.7558073, 29.8239634 ], [ 77.756039, 29.8242075 ], [ 77.7564289, 29.8255029 ], [ 77.7569565, 29.8258476 ], [ 77.7599493, 29.824019 ], [ 77.7606548, 29.8249988 ], [ 77.7621518, 29.8260681 ], [ 77.7658271, 29.8303736 ], [ 77.7691641, 29.8330639 ], [ 77.770792, 29.8338414 ], [ 77.7721981, 29.8360721 ], [ 77.7744412, 29.8376748 ], [ 77.7764426, 29.8401782 ], [ 77.7781221, 29.8412986 ], [ 77.7782742, 29.8425949 ], [ 77.7788786, 29.8425198 ], [ 77.7800266, 29.8412127 ], [ 77.7817033, 29.8403187 ], [ 77.783655, 29.8385054 ], [ 77.7845398, 29.8391906 ], [ 77.7864721, 29.8380547 ], [ 77.7870364, 29.8381443 ], [ 77.7880775, 29.8376694 ], [ 77.789197, 29.8364717 ], [ 77.7901081, 29.8373504 ], [ 77.7925623, 29.8365928 ], [ 77.7947552, 29.8384396 ], [ 77.7962533, 29.8379571 ], [ 77.7969982, 29.8385794 ], [ 77.7956957, 29.8398237 ], [ 77.7961565, 29.8409423 ], [ 77.7955966, 29.8414949 ], [ 77.7942193, 29.8417165 ], [ 77.7937887, 29.8422033 ], [ 77.7946248, 29.8427127 ], [ 77.7944457, 29.8436869 ], [ 77.7962839, 29.8453561 ], [ 77.7959788, 29.8457393 ], [ 77.7959668, 29.8470845 ], [ 77.7946523, 29.8483099 ], [ 77.7940916, 29.8494573 ], [ 77.7912253, 29.85161 ], [ 77.7996361, 29.8560731 ] ] ] } },
{ "type": "Feature", "properties": { "gp_code": "23484", "gp_name": "JHABREDI KALAN", "blkname": "NARSAN", "dtname": "Haridwar", "SHAPE_Area": 5804648.3278727019 }, "geometry": { "type": "Polygon", "coordinates": [ [ [ 77.7945989, 29.8259692 ], [ 77.7960959, 29.8252504 ], [ 77.796298, 29.8256461 ], [ 77.7978422, 29.8249236 ], [ 77.7978208, 29.8240472 ], [ 77.8004625, 29.8229258 ], [ 77.8027386, 29.821212 ], [ 77.8056733, 29.8202533 ], [ 77.8101663, 29.819379 ], [ 77.8163213, 29.8199416 ], [ 77.8130473, 29.8157733 ], [ 77.8124181, 29.8143183 ], [ 77.8127894, 29.8141433 ], [ 77.8118958, 29.8118966 ], [ 77.8100726, 29.8121843 ], [ 77.8096467, 29.8116628 ], [ 77.8096239, 29.8109969 ], [ 77.8085578, 29.8104439 ], [ 77.8084666, 29.8097627 ], [ 77.8078809, 29.809167 ], [ 77.8083079, 29.807992 ], [ 77.8079288, 29.807193 ], [ 77.8073354, 29.8069752 ], [ 77.8069853, 29.8057301 ], [ 77.8074269, 29.8051429 ], [ 77.807284, 29.8046898 ], [ 77.8093101, 29.8031788 ], [ 77.8090448, 29.8028269 ], [ 77.8000635, 29.8056358 ], [ 77.8006203, 29.806792 ], [ 77.8030201, 29.8097967 ], [ 77.8005778, 29.8114154 ], [ 77.7978377, 29.8090171 ], [ 77.797383, 29.8091696 ], [ 77.7968721, 29.8089051 ], [ 77.7949742, 29.8096212 ], [ 77.7898057, 29.8125175 ], [ 77.7887416, 29.8139885 ], [ 77.7857334, 29.8123069 ], [ 77.7845612, 29.8110944 ], [ 77.7827046, 29.8115174 ], [ 77.7833672, 29.8126495 ], [ 77.7831408, 29.8130205 ], [ 77.7838321, 29.813966 ], [ 77.7805241, 29.815738 ], [ 77.7803752, 29.8172002 ], [ 77.7815465, 29.817776 ], [ 77.7802878, 29.8180784 ], [ 77.7802202, 29.8183983 ], [ 77.7809554, 29.819123 ], [ 77.7801396, 29.8190916 ], [ 77.7797777, 29.819862 ], [ 77.7806096, 29.8207462 ], [ 77.7814459, 29.8199216 ], [ 77.7825861, 29.822151 ], [ 77.78283, 29.8214868 ], [ 77.7834762, 29.8216606 ], [ 77.7841682, 29.8212182 ], [ 77.7843091, 29.8220289 ], [ 77.7848522, 29.8222754 ], [ 77.7860326, 29.8210364 ], [ 77.7863173, 29.8233828 ], [ 77.7904618, 29.8256585 ], [ 77.791108, 29.8263964 ], [ 77.7917812, 29.8260944 ], [ 77.7921136, 29.8263524 ], [ 77.7938166, 29.8256371 ], [ 77.7945989, 29.8259692 ] ] ] } },
{ "type": "Feature", "properties": { "gp_code": "23304", "gp_name": "GAINDI KHATA", "blkname": "ROORKEE", "dtname": "Haridwar", "SHAPE_Area": 178324.38062504801 }, "geometry": { "type": "Polygon", "coordinates": [ [ [ 77.8077914, 29.8332425 ], [ 77.8061072, 29.8323237 ], [ 77.8070022, 29.8297041 ], [ 77.8087943, 29.828311 ], [ 77.8078914, 29.82767 ], [ 77.807652, 29.8275445 ], [ 77.8054447, 29.8291231 ], [ 77.804614, 29.8302488 ], [ 77.8036387, 29.8297221 ], [ 77.802865, 29.8303171 ], [ 77.8028807, 29.8308223 ], [ 77.8049581, 29.8319049 ], [ 77.8058979, 29.8334075 ], [ 77.8068937, 29.8332036 ], [ 77.8072759, 29.8336641 ], [ 77.8077914, 29.8332425 ] ] ] } },
{ "type": "Feature", "properties": { "gp_code": "23528", "gp_name": "AKBARPUR JHOJHA", "blkname": "ROORKEE", "dtname": "Haridwar", "SHAPE_Area": 3194616.5622059172 }, "geometry": { "type": "Polygon", "coordinates": [ [ [ 77.8089795, 29.8387726 ], [ 77.8145958, 29.834549 ], [ 77.8154688, 29.8340636 ], [ 77.8165314, 29.8340849 ], [ 77.8185283, 29.8325305 ], [ 77.8158776, 29.8284828 ], [ 77.8138416, 29.8265112 ], [ 77.8117596, 29.8279095 ], [ 77.8109353, 29.8272744 ], [ 77.8121791, 29.8256122 ], [ 77.8119011, 29.8249196 ], [ 77.8125995, 29.8235269 ], [ 77.8121645, 29.8225284 ], [ 77.8131834, 29.8217239 ], [ 77.8123323, 29.8215903 ], [ 77.812098, 29.8206378 ], [ 77.8116328, 29.8208695 ], [ 77.8109126, 29.8202903 ], [ 77.8108365, 29.8194027 ], [ 77.8056733, 29.8202533 ], [ 77.8027386, 29.821212 ], [ 77.8004625, 29.8229258 ], [ 77.7978208, 29.8240472 ], [ 77.7978422, 29.8249236 ], [ 77.796298, 29.8256461 ], [ 77.7960959, 29.8252504 ], [ 77.7945989, 29.8259692 ], [ 77.795303, 29.8273546 ], [ 77.7951703, 29.8286879 ], [ 77.7976534, 29.8306743 ], [ 77.7986806, 29.8310327 ], [ 77.7986376, 29.8314218 ], [ 77.7999512, 29.832997 ], [ 77.7999898, 29.8317827 ], [ 77.8004966, 29.8306587 ], [ 77.802258, 29.8311354 ], [ 77.8028807, 29.8308223 ], [ 77.802865, 29.8303171 ], [ 77.8035117, 29.8297324 ], [ 77.804614, 29.8302488 ], [ 77.8054447, 29.8291231 ], [ 77.807652, 29.8275445 ], [ 77.8085695, 29.8280957 ], [ 77.8087943, 29.828311 ], [ 77.8083454, 29.828872 ], [ 77.8070022, 29.8297041 ], [ 77.8061072, 29.8323237 ], [ 77.8079561, 29.8333289 ], [ 77.8053621, 29.8347909 ], [ 77.806148, 29.8356509 ], [ 77.8063338, 29.8377989 ], [ 77.8077833, 29.8383611 ], [ 77.8070175, 29.838477 ], [ 77.8076775, 29.8393161 ], [ 77.8089795, 29.8387726 ] ] ] } },
{ "type": "Feature", "properties": { "gp_code": "23540", "gp_name": "DELNA", "blkname": "ROORKEE", "dtname": "Haridwar", "SHAPE_Area": 2425158.7674033516 }, "geometry": { "type": "Polygon", "coordinates": [ [ [ 77.7912253, 29.85161 ], [ 77.7940916, 29.8494573 ], [ 77.7946523, 29.8483099 ], [ 77.7959668, 29.8470845 ], [ 77.7959788, 29.8457393 ], [ 77.7962839, 29.8453561 ], [ 77.7944457, 29.8436869 ], [ 77.7946248, 29.8427127 ], [ 77.7938605, 29.8423086 ], [ 77.7938174, 29.8419578 ], [ 77.7958995, 29.8412643 ], [ 77.7961906, 29.8406619 ], [ 77.7956957, 29.8398237 ], [ 77.7969982, 29.8385794 ], [ 77.7962533, 29.8379571 ], [ 77.7945808, 29.8383955 ], [ 77.7923689, 29.8365397 ], [ 77.7901081, 29.8373504 ], [ 77.789197, 29.8364717 ], [ 77.7880775, 29.8376694 ], [ 77.7870364, 29.8381443 ], [ 77.7864721, 29.8380547 ], [ 77.7845398, 29.8391906 ], [ 77.783655, 29.8385054 ], [ 77.7817033, 29.8403187 ], [ 77.7800266, 29.8412127 ], [ 77.7806724, 29.8443588 ], [ 77.7829852, 29.8474882 ], [ 77.7826805, 29.8477929 ], [ 77.7841855, 29.8506197 ], [ 77.7873104, 29.8494418 ], [ 77.7889788, 29.8502352 ], [ 77.7897739, 29.8517621 ], [ 77.7912253, 29.85161 ] ] ] } },
{ "type": "Feature", "properties": { "gp_code": "23350", "gp_name": "BAHEDAKI SAIDABAD", "blkname": "BHAGWANPUR", "dtname": "Haridwar", "SHAPE_Area": 7925120.9850563956 }, "geometry": { "type": "Polygon", "coordinates": [ [ [ 77.787856, 29.8803925 ], [ 77.7898412, 29.8795887 ], [ 77.790427, 29.8796337 ], [ 77.7905389, 29.8800437 ], [ 77.7922848, 29.877759 ], [ 77.7938111, 29.8768752 ], [ 77.7984544, 29.8756935 ], [ 77.8006231, 29.8747181 ], [ 77.7999774, 29.8742647 ], [ 77.8004127, 29.8738102 ], [ 77.8001603, 29.8733874 ], [ 77.8008765, 29.8729846 ], [ 77.8007312, 29.8724907 ], [ 77.8020991, 29.8716161 ], [ 77.799166, 29.8685317 ], [ 77.800281, 29.8634656 ], [ 77.8019323, 29.8613039 ], [ 77.7986553, 29.8583662 ], [ 77.8001615, 29.8578613 ], [ 77.7993575, 29.8566197 ], [ 77.7996361, 29.8560731 ], [ 77.7912253, 29.85161 ], [ 77.7897739, 29.8517621 ], [ 77.7889788, 29.8502352 ], [ 77.7882439, 29.8497343 ], [ 77.7877503, 29.8498088 ], [ 77.7873104, 29.8494418 ], [ 77.7842903, 29.8506639 ], [ 77.783375, 29.8490226 ], [ 77.7829436, 29.849687 ], [ 77.7797133, 29.8519582 ], [ 77.7748609, 29.8548274 ], [ 77.7743257, 29.856409 ], [ 77.7733021, 29.8564036 ], [ 77.7719316, 29.8555632 ], [ 77.7701764, 29.8563009 ], [ 77.7699724, 29.8572996 ], [ 77.7707776, 29.858025 ], [ 77.771177, 29.8588792 ], [ 77.7732164, 29.8595785 ], [ 77.7731637, 29.8605452 ], [ 77.7738712, 29.8620373 ], [ 77.7746507, 29.8622367 ], [ 77.7751316, 29.8630524 ], [ 77.7763241, 29.8628983 ], [ 77.7766469, 29.8624384 ], [ 77.7765612, 29.8617013 ], [ 77.7785116, 29.8630399 ], [ 77.7805354, 29.863577 ], [ 77.781244, 29.8640782 ], [ 77.7806216, 29.8650686 ], [ 77.7812419, 29.8663796 ], [ 77.7813952, 29.8676074 ], [ 77.7808973, 29.8684293 ], [ 77.7807354, 29.8695895 ], [ 77.7800049, 29.8698547 ], [ 77.7802351, 29.8719617 ], [ 77.7812151, 29.8731612 ], [ 77.7862855, 29.8743392 ], [ 77.7864162, 29.8746044 ], [ 77.7852723, 29.8759308 ], [ 77.7852975, 29.8762695 ], [ 77.7861006, 29.8765735 ], [ 77.7860753, 29.8775838 ], [ 77.7866357, 29.8778889 ], [ 77.7864856, 29.8788678 ], [ 77.7868923, 29.8790194 ], [ 77.7871621, 29.8799233 ], [ 77.787856, 29.8803925 ] ] ] } },
{ "type": "Feature", "properties": { "gp_code": "23550", "gp_name": "KHATA KHERI", "blkname": "ROORKEE", "dtname": "Haridwar", "SHAPE_Area": 2774607.1262578266 }, "geometry": { "type": "Polygon", "coordinates": [ [ [ 77.8110332, 29.8823412 ], [ 77.8140704, 29.8788092 ], [ 77.8144903, 29.8790703 ], [ 77.8170619, 29.8786698 ], [ 77.8168611, 29.8783798 ], [ 77.8174533, 29.8778587 ], [ 77.8157932, 29.8755743 ], [ 77.8149771, 29.8737958 ], [ 77.8162201, 29.8721333 ], [ 77.8162162, 29.8713401 ], [ 77.8155862, 29.8695544 ], [ 77.8154163, 29.8677234 ], [ 77.8158376, 29.8673719 ], [ 77.8147117, 29.8637701 ], [ 77.8118954, 29.865835 ], [ 77.8046091, 29.8694264 ], [ 77.8046815, 29.8699761 ], [ 77.8007312, 29.8724907 ], [ 77.8008765, 29.8729846 ], [ 77.8001603, 29.8733874 ], [ 77.8004127, 29.8738102 ], [ 77.799991, 29.8740873 ], [ 77.8006231, 29.8747181 ], [ 77.8004658, 29.8749116 ], [ 77.7984544, 29.8756935 ], [ 77.8002574, 29.8767382 ], [ 77.8007825, 29.8766273 ], [ 77.8017012, 29.877569 ], [ 77.8020864, 29.877427 ], [ 77.8035514, 29.8783725 ], [ 77.8074989, 29.8823953 ], [ 77.8100036, 29.8839632 ], [ 77.810622, 29.8848181 ], [ 77.8110332, 29.8823412 ] ] ] } },
{ "type": "Feature", "properties": { "gp_code": "23527", "gp_name": "AKBARPUR FAZILPUR", "blkname": "ROORKEE", "dtname": "Haridwar", "SHAPE_Area": 2381128.287647699 }, "geometry": { "type": "Polygon", "coordinates": [ [ [ 77.8046734, 29.8616009 ], [ 77.8094286, 29.8590657 ], [ 77.8122807, 29.8567159 ], [ 77.8133552, 29.8586634 ], [ 77.8187823, 29.8548903 ], [ 77.8170111, 29.8522608 ], [ 77.8163218, 29.8493901 ], [ 77.8129946, 29.8454006 ], [ 77.810828, 29.8440359 ], [ 77.8062342, 29.8470644 ], [ 77.8081801, 29.848118 ], [ 77.8072633, 29.8489907 ], [ 77.8084076, 29.8521476 ], [ 77.8042054, 29.8542669 ], [ 77.8038864, 29.8540688 ], [ 77.7996361, 29.8560731 ], [ 77.7993575, 29.8566197 ], [ 77.8001615, 29.8578613 ], [ 77.7986553, 29.8583662 ], [ 77.8015111, 29.8610799 ], [ 77.8046734, 29.8616009 ] ] ] } },
{ "type": "Feature", "properties": { "gp_code": "23564", "gp_name": "PADLI GANDA", "blkname": "ROORKEE", "dtname": "Haridwar", "SHAPE_Area": 6983372.6564535378 }, "geometry": { "type": "Polygon", "coordinates": [ [ [ 77.8263007, 29.8815937 ], [ 77.8319632, 29.8779743 ], [ 77.8342544, 29.879199 ], [ 77.8365178, 29.8772178 ], [ 77.8363995, 29.8764006 ], [ 77.8377983, 29.8761775 ], [ 77.8377026, 29.8749132 ], [ 77.8320781, 29.8693588 ], [ 77.8298072, 29.8704266 ], [ 77.8276026, 29.8724632 ], [ 77.8274844, 29.8715831 ], [ 77.827813, 29.8703017 ], [ 77.8272446, 29.8677581 ], [ 77.8240064, 29.8631873 ], [ 77.8279406, 29.8611731 ], [ 77.8283523, 29.8610899 ], [ 77.8293871, 29.862557 ], [ 77.8316923, 29.8614043 ], [ 77.8325608, 29.8617999 ], [ 77.8351193, 29.8599181 ], [ 77.8361547, 29.8608788 ], [ 77.838264, 29.8600166 ], [ 77.8375264, 29.8591047 ], [ 77.8397452, 29.8583189 ], [ 77.8387413, 29.8567815 ], [ 77.8375876, 29.8571226 ], [ 77.8332011, 29.8533273 ], [ 77.8300111, 29.8555808 ], [ 77.8272603, 29.8569698 ], [ 77.8280078, 29.8580194 ], [ 77.8245915, 29.8604571 ], [ 77.8246021, 29.8608676 ], [ 77.8237585, 29.8608781 ], [ 77.8236831, 29.8613053 ], [ 77.822785, 29.8612148 ], [ 77.8181389, 29.8553602 ], [ 77.8133552, 29.8586634 ], [ 77.8122807, 29.8567159 ], [ 77.8094286, 29.8590657 ], [ 77.8046734, 29.8616009 ], [ 77.8019323, 29.8613039 ], [ 77.800281, 29.8634656 ], [ 77.799166, 29.8685317 ], [ 77.8020991, 29.8716161 ], [ 77.8046815, 29.8699761 ], [ 77.8046091, 29.8694264 ], [ 77.8118954, 29.865835 ], [ 77.8147117, 29.8637701 ], [ 77.8158376, 29.8673719 ], [ 77.8154163, 29.8677234 ], [ 77.8155862, 29.8695544 ], [ 77.8162162, 29.8713401 ], [ 77.8162201, 29.8721333 ], [ 77.8149771, 29.8737958 ], [ 77.8157932, 29.8755743 ], [ 77.8174533, 29.8778587 ], [ 77.818136, 29.877079 ], [ 77.8184865, 29.8772804 ], [ 77.8205386, 29.8765604 ], [ 77.8237463, 29.8799877 ], [ 77.8263007, 29.8815937 ] ] ] } },
{ "type": "Feature", "properties": { "gp_code": "23573", "gp_name": "SAFARPUR", "blkname": "ROORKEE", "dtname": "Haridwar", "SHAPE_Area": 4314979.0109539805 }, "geometry": { "type": "Polygon", "coordinates": [ [ [ 77.8387653, 29.8848373 ], [ 77.845884, 29.8808708 ], [ 77.8485893, 29.8806762 ], [ 77.8492577, 29.8794924 ], [ 77.8489114, 29.8784634 ], [ 77.8494403, 29.8778679 ], [ 77.8487925, 29.8767539 ], [ 77.8469637, 29.8755408 ], [ 77.8427194, 29.8712557 ], [ 77.842025, 29.8696745 ], [ 77.8421454, 29.8693352 ], [ 77.8427724, 29.8692278 ], [ 77.8427326, 29.8686686 ], [ 77.84219, 29.8680989 ], [ 77.8409033, 29.8678845 ], [ 77.842005, 29.8672163 ], [ 77.841831, 29.8665599 ], [ 77.842531, 29.8665262 ], [ 77.8426315, 29.8668589 ], [ 77.843533, 29.867127 ], [ 77.8439541, 29.8662466 ], [ 77.8425672, 29.8658244 ], [ 77.842423, 29.8635466 ], [ 77.8435542, 29.8612551 ], [ 77.841084, 29.8583801 ], [ 77.8402043, 29.8581353 ], [ 77.8375264, 29.8591047 ], [ 77.838264, 29.8600166 ], [ 77.8361547, 29.8608788 ], [ 77.8351193, 29.8599181 ], [ 77.8325608, 29.8617999 ], [ 77.8316923, 29.8614043 ], [ 77.8293871, 29.862557 ], [ 77.8283523, 29.8610899 ], [ 77.8240064, 29.8631873 ], [ 77.8272446, 29.8677581 ], [ 77.827813, 29.8703017 ], [ 77.8274844, 29.8715831 ], [ 77.8276026, 29.8724632 ], [ 77.8298072, 29.8704266 ], [ 77.8320781, 29.8693588 ], [ 77.8377026, 29.8749132 ], [ 77.8377983, 29.8761775 ], [ 77.8363995, 29.8764006 ], [ 77.8365178, 29.8772178 ], [ 77.8342544, 29.879199 ], [ 77.8347523, 29.8803164 ], [ 77.8348619, 29.8817203 ], [ 77.8387653, 29.8848373 ] ] ] } },
{ "type": "Feature", "properties": { "gp_code": "23562", "gp_name": "NAGLA KUBADA", "blkname": "ROORKEE", "dtname": "Haridwar", "SHAPE_Area": 3785991.5622447431 }, "geometry": { "type": "Polygon", "coordinates": [ [ [ 77.8237585, 29.8608781 ], [ 77.8246021, 29.8608676 ], [ 77.8245915, 29.8604571 ], [ 77.8280078, 29.8580194 ], [ 77.8272603, 29.8569698 ], [ 77.8300111, 29.8555808 ], [ 77.8332011, 29.8533273 ], [ 77.8375876, 29.8571226 ], [ 77.8413718, 29.855487 ], [ 77.8408735, 29.8546928 ], [ 77.8408083, 29.853843 ], [ 77.8412318, 29.8535729 ], [ 77.8391457, 29.8513964 ], [ 77.8370641, 29.8516654 ], [ 77.8365972, 29.8511977 ], [ 77.8358367, 29.8514612 ], [ 77.8346191, 29.8509125 ], [ 77.833412, 29.8515556 ], [ 77.8321901, 29.8504095 ], [ 77.8346474, 29.8492124 ], [ 77.8359361, 29.8497754 ], [ 77.841609, 29.8462049 ], [ 77.8424928, 29.8460124 ], [ 77.8458768, 29.8424927 ], [ 77.8465165, 29.8398794 ], [ 77.8463481, 29.8396431 ], [ 77.8446485, 29.8389261 ], [ 77.8414138, 29.8415931 ], [ 77.8385475, 29.8432744 ], [ 77.8364817, 29.8438158 ], [ 77.8326028, 29.8461652 ], [ 77.8309134, 29.8464441 ], [ 77.8275046, 29.847986 ], [ 77.8268977, 29.8470813 ], [ 77.8250125, 29.8455058 ], [ 77.8227725, 29.8467031 ], [ 77.8214416, 29.8478641 ], [ 77.82094, 29.8470405 ], [ 77.8203137, 29.8469623 ], [ 77.8201209, 29.8464019 ], [ 77.8180029, 29.8486861 ], [ 77.8170554, 29.8481609 ], [ 77.8157162, 29.8488229 ], [ 77.8166123, 29.8500108 ], [ 77.8170111, 29.8522608 ], [ 77.8187823, 29.8548903 ], [ 77.8181389, 29.8553602 ], [ 77.822785, 29.8612148 ], [ 77.8236831, 29.8613053 ], [ 77.8237585, 29.8608781 ] ] ] } },
{ "type": "Feature", "properties": { "gp_code": "23552", "gp_name": "LATHARDEWA SHEKH", "blkname": "ROORKEE", "dtname": "Haridwar", "SHAPE_Area": 3604166.7889052201 }, "geometry": { "type": "Polygon", "coordinates": [ [ [ 77.8414138, 29.8415931 ], [ 77.8456858, 29.8383754 ], [ 77.8466755, 29.836438 ], [ 77.8477536, 29.8362134 ], [ 77.8494681, 29.8348497 ], [ 77.8478063, 29.8335042 ], [ 77.8466491, 29.8341439 ], [ 77.8450324, 29.8334331 ], [ 77.8447364, 29.8338825 ], [ 77.8443774, 29.8338437 ], [ 77.8433821, 29.8329279 ], [ 77.8429909, 29.8332641 ], [ 77.8403773, 29.8317244 ], [ 77.83897, 29.8312625 ], [ 77.8375613, 29.8298964 ], [ 77.8350523, 29.8313802 ], [ 77.8312248, 29.8287246 ], [ 77.8298215, 29.8272271 ], [ 77.8287631, 29.8253119 ], [ 77.8261263, 29.8253156 ], [ 77.8258782, 29.8260557 ], [ 77.8270094, 29.8289424 ], [ 77.8245814, 29.829393 ], [ 77.8246447, 29.8296654 ], [ 77.8278926, 29.8330565 ], [ 77.8296723, 29.8341132 ], [ 77.8307005, 29.8365131 ], [ 77.8289892, 29.8370756 ], [ 77.8297383, 29.8381396 ], [ 77.8263262, 29.8406631 ], [ 77.8282685, 29.8430647 ], [ 77.8250125, 29.8455058 ], [ 77.8268977, 29.8470813 ], [ 77.8275046, 29.847986 ], [ 77.8309134, 29.8464441 ], [ 77.8326028, 29.8461652 ], [ 77.8364817, 29.8438158 ], [ 77.8385475, 29.8432744 ], [ 77.8414138, 29.8415931 ] ] ] } },
{ "type": "Feature", "properties": { "gp_code": "", "gp_name": "", "blkname": "ROORKEE", "dtname": "Haridwar", "SHAPE_Area": 191122.54551921066 }, "geometry": { "type": "Polygon", "coordinates": [ [ [ 77.8299683, 29.8344719 ], [ 77.8288814, 29.8367237 ], [ 77.8280524, 29.837259 ], [ 77.8273401, 29.8374324 ], [ 77.826139, 29.8367564 ], [ 77.8245649, 29.8371565 ], [ 77.8263262, 29.8406631 ], [ 77.8297383, 29.8381396 ], [ 77.8289892, 29.8370756 ], [ 77.8307005, 29.8365131 ], [ 77.8299683, 29.8344719 ] ] ] } },
{ "type": "Feature", "properties": { "gp_code": "23543", "gp_name": "HARJOLI JHOJHA", "blkname": "ROORKEE", "dtname": "Haridwar", "SHAPE_Area": 4065687.9570771405 }, "geometry": { "type": "Polygon", "coordinates": [ [ [ 77.8157162, 29.8488229 ], [ 77.8170554, 29.8481609 ], [ 77.8180029, 29.8486861 ], [ 77.8201209, 29.8464019 ], [ 77.8203137, 29.8469623 ], [ 77.82094, 29.8470405 ], [ 77.8214416, 29.8478641 ], [ 77.8232127, 29.8464165 ], [ 77.825372, 29.8453519 ], [ 77.8282685, 29.8430647 ], [ 77.8262292, 29.8405452 ], [ 77.8245649, 29.8371565 ], [ 77.826139, 29.8367564 ], [ 77.8273401, 29.8374324 ], [ 77.8280524, 29.837259 ], [ 77.8288814, 29.8367237 ], [ 77.8299683, 29.8344719 ], [ 77.8291957, 29.8336716 ], [ 77.8278926, 29.8330565 ], [ 77.8246447, 29.8296654 ], [ 77.8245814, 29.829393 ], [ 77.8270094, 29.8289424 ], [ 77.8258782, 29.8260557 ], [ 77.8261263, 29.8253156 ], [ 77.8215505, 29.8262361 ], [ 77.8207467, 29.826725 ], [ 77.8191904, 29.8263499 ], [ 77.818071, 29.8267963 ], [ 77.8158776, 29.8284828 ], [ 77.8185283, 29.8325305 ], [ 77.8165314, 29.8340849 ], [ 77.8154688, 29.8340636 ], [ 77.8145958, 29.834549 ], [ 77.8089795, 29.8387726 ], [ 77.8074683, 29.8395228 ], [ 77.8073142, 29.8401223 ], [ 77.8082834, 29.8415743 ], [ 77.8104702, 29.8428395 ], [ 77.811024, 29.8434473 ], [ 77.810828, 29.8440359 ], [ 77.8129946, 29.8454006 ], [ 77.8157162, 29.8488229 ] ] ] } },
{ "type": "Feature", "properties": { "gp_code": "23512", "gp_name": "BOODPUR NOORPUR", "blkname": "NARSAN", "dtname": "Haridwar", "SHAPE_Area": 6297244.924659566 }, "geometry": { "type": "Polygon", "coordinates": [ [ [ 77.8186456, 29.8265295 ], [ 77.819875, 29.8263881 ], [ 77.8207467, 29.826725 ], [ 77.8215505, 29.8262361 ], [ 77.8261263, 29.8253156 ], [ 77.8299354, 29.8251836 ], [ 77.832084, 29.8242248 ], [ 77.8328994, 29.8234385 ], [ 77.8335699, 29.8235751 ], [ 77.8344758, 29.8231843 ], [ 77.8304271, 29.8161418 ], [ 77.8304858, 29.8154807 ], [ 77.8300873, 29.8149047 ], [ 77.830375, 29.8146519 ], [ 77.8290212, 29.813168 ], [ 77.826808, 29.809377 ], [ 77.8260002, 29.8073459 ], [ 77.8200649, 29.8004425 ], [ 77.8156069, 29.8013365 ], [ 77.8102635, 29.8030275 ], [ 77.8090448, 29.8028269 ], [ 77.8093101, 29.8031788 ], [ 77.807284, 29.8046898 ], [ 77.8074269, 29.8051429 ], [ 77.8069622, 29.805873 ], [ 77.8073354, 29.8069752 ], [ 77.8079288, 29.807193 ], [ 77.8083079, 29.807992 ], [ 77.8078809, 29.809167 ], [ 77.8084666, 29.8097627 ], [ 77.8085578, 29.8104439 ], [ 77.8096239, 29.8109969 ], [ 77.8096467, 29.8116628 ], [ 77.8100726, 29.8121843 ], [ 77.8118958, 29.8118966 ], [ 77.8127894, 29.8141433 ], [ 77.8124181, 29.8143183 ], [ 77.8130473, 29.8157733 ], [ 77.8163213, 29.8199416 ], [ 77.8108365, 29.8194027 ], [ 77.8109126, 29.8202903 ], [ 77.8116328, 29.8208695 ], [ 77.812098, 29.8206378 ], [ 77.8123323, 29.8215903 ], [ 77.8131834, 29.8217239 ], [ 77.8121645, 29.8225284 ], [ 77.8125995, 29.8235269 ], [ 77.8119011, 29.8249196 ], [ 77.8121791, 29.8256122 ], [ 77.8109353, 29.8272744 ], [ 77.8117596, 29.8279095 ], [ 77.8138416, 29.8265112 ], [ 77.8158776, 29.8284828 ], [ 77.8186456, 29.8265295 ] ] ] } },
{ "type": "Feature", "properties": { "gp_code": "23544", "gp_name": "HATHIYA THAL", "blkname": "ROORKEE", "dtname": "Haridwar", "SHAPE_Area": 3816013.4427859723 }, "geometry": { "type": "Polygon", "coordinates": [ [ [ 77.8510762, 29.8342266 ], [ 77.8544227, 29.83134 ], [ 77.8520612, 29.8290452 ], [ 77.8532931, 29.8283268 ], [ 77.8514774, 29.8231347 ], [ 77.8485129, 29.8205357 ], [ 77.8492278, 29.8197526 ], [ 77.8477338, 29.8185536 ], [ 77.8467361, 29.8189945 ], [ 77.8461766, 29.818531 ], [ 77.8443377, 29.8188279 ], [ 77.842931, 29.8195349 ], [ 77.8417203, 29.8186577 ], [ 77.8409679, 29.8191211 ], [ 77.8352041, 29.8191729 ], [ 77.8327864, 29.820311 ], [ 77.8344758, 29.8231843 ], [ 77.8335699, 29.8235751 ], [ 77.8328994, 29.8234385 ], [ 77.832084, 29.8242248 ], [ 77.8303874, 29.8250454 ], [ 77.8287631, 29.8253119 ], [ 77.8298215, 29.8272271 ], [ 77.8312248, 29.8287246 ], [ 77.8350523, 29.8313802 ], [ 77.8375613, 29.8298964 ], [ 77.83897, 29.8312625 ], [ 77.8403773, 29.8317244 ], [ 77.8429909, 29.8332641 ], [ 77.8433821, 29.8329279 ], [ 77.8443774, 29.8338437 ], [ 77.8447364, 29.8338825 ], [ 77.8450324, 29.8334331 ], [ 77.8466491, 29.8341439 ], [ 77.8478063, 29.8335042 ], [ 77.8500473, 29.8354993 ], [ 77.8510762, 29.8342266 ] ] ] } },
{ "type": "Feature", "properties": { "gp_code": "23524", "gp_name": "THITHAKI QAVADPUR", "blkname": "NARSAN", "dtname": "Haridwar", "SHAPE_Area": 7329420.7583647138 }, "geometry": { "type": "Polygon", "coordinates": [ [ [ 77.8352041, 29.8191729 ], [ 77.8409679, 29.8191211 ], [ 77.8417203, 29.8186577 ], [ 77.842931, 29.8195349 ], [ 77.8437248, 29.8190045 ], [ 77.8456709, 29.8185719 ], [ 77.8461766, 29.818531 ], [ 77.8467361, 29.8189945 ], [ 77.8477338, 29.8185536 ], [ 77.8477088, 29.8180894 ], [ 77.8534985, 29.8157673 ], [ 77.8554704, 29.8143221 ], [ 77.860705, 29.8126068 ], [ 77.8592159, 29.8108179 ], [ 77.8606946, 29.8084112 ], [ 77.8606432, 29.8077903 ], [ 77.8615353, 29.8073638 ], [ 77.861566, 29.8067493 ], [ 77.8606877, 29.8049778 ], [ 77.86114, 29.8042502 ], [ 77.8598599, 29.8032452 ], [ 77.8588275, 29.8017827 ], [ 77.8588399, 29.8011503 ], [ 77.8598337, 29.800374 ], [ 77.8583115, 29.7991798 ], [ 77.8580612, 29.7981114 ], [ 77.8587157, 29.7977835 ], [ 77.8577465, 29.7965399 ], [ 77.8569527, 29.7966239 ], [ 77.8566241, 29.7952986 ], [ 77.8544719, 29.7947619 ], [ 77.8527985, 29.7954091 ], [ 77.853032, 29.7961321 ], [ 77.8508295, 29.7980113 ], [ 77.8440841, 29.8013037 ], [ 77.8448289, 29.803063 ], [ 77.8446672, 29.8033644 ], [ 77.8414906, 29.8040186 ], [ 77.8356015, 29.8047622 ], [ 77.8351175, 29.8046025 ], [ 77.8309627, 29.8054844 ], [ 77.8260002, 29.8073459 ], [ 77.826808, 29.809377 ], [ 77.8290212, 29.813168 ], [ 77.830375, 29.8146519 ], [ 77.8300873, 29.8149047 ], [ 77.8304858, 29.8154807 ], [ 77.8304271, 29.8161418 ], [ 77.8327864, 29.820311 ], [ 77.8352041, 29.8191729 ] ] ] } },
{ "type": "Feature", "properties": { "gp_code": "23480", "gp_name": "GADAR JUDDA", "blkname": "NARSAN", "dtname": "Haridwar", "SHAPE_Area": 5585514.4943210064 }, "geometry": { "type": "Polygon", "coordinates": [ [ [ 77.8462491, 29.8000253 ], [ 77.8508295, 29.7980113 ], [ 77.853032, 29.7961321 ], [ 77.8527985, 29.7954091 ], [ 77.8508704, 29.7934975 ], [ 77.8481463, 29.7896666 ], [ 77.8475615, 29.7892734 ], [ 77.846145, 29.7897464 ], [ 77.8459327, 29.7894049 ], [ 77.8432967, 29.7897203 ], [ 77.8387077, 29.7894162 ], [ 77.8373503, 29.7898928 ], [ 77.8368075, 29.7895694 ], [ 77.8357664, 29.7899865 ], [ 77.8332858, 29.7900157 ], [ 77.8309625, 29.7906982 ], [ 77.8299232, 29.7897491 ], [ 77.8225874, 29.7949927 ], [ 77.821099, 29.7972808 ], [ 77.8191247, 29.7992303 ], [ 77.8260002, 29.8073459 ], [ 77.8309627, 29.8054844 ], [ 77.8351175, 29.8046025 ], [ 77.8356015, 29.8047622 ], [ 77.8414906, 29.8040186 ], [ 77.8446672, 29.8033644 ], [ 77.8448289, 29.803063 ], [ 77.8440841, 29.8013037 ], [ 77.8462491, 29.8000253 ] ] ] } },
{ "type": "Feature", "properties": { "gp_code": "23486", "gp_name": "JHABIRAN JAT", "blkname": "NARSAN", "dtname": "Haridwar", "SHAPE_Area": 2854804.7864256683 }, "geometry": { "type": "Polygon", "coordinates": [ [ [ 77.846145, 29.7897464 ], [ 77.8481604, 29.7892602 ], [ 77.8484258, 29.7880814 ], [ 77.8502072, 29.7845374 ], [ 77.8503017, 29.7800084 ], [ 77.8524899, 29.7784588 ], [ 77.8539085, 29.7769177 ], [ 77.8506918, 29.7742432 ], [ 77.8502891, 29.7741964 ], [ 77.8476016, 29.7760603 ], [ 77.8426921, 29.7785826 ], [ 77.8411486, 29.779757 ], [ 77.8393075, 29.7801811 ], [ 77.8391547, 29.781007 ], [ 77.8370796, 29.7824867 ], [ 77.835431, 29.7829543 ], [ 77.8283476, 29.7872057 ], [ 77.8308065, 29.7907023 ], [ 77.8332858, 29.7900157 ], [ 77.8357664, 29.7899865 ], [ 77.8368075, 29.7895694 ], [ 77.8373503, 29.7898928 ], [ 77.8387077, 29.7894162 ], [ 77.8432967, 29.7897203 ], [ 77.8459327, 29.7894049 ], [ 77.846145, 29.7897464 ] ] ] } },
{ "type": "Feature", "properties": { "gp_code": "23490", "gp_name": "KOTWAL ALAMPUR", "blkname": "NARSAN", "dtname": "Haridwar", "SHAPE_Area": 8786535.7193307392 }, "geometry": { "type": "Polygon", "coordinates": [ [ [ 77.7657366, 29.8005003 ], [ 77.7675428, 29.7994134 ], [ 77.768426, 29.7999476 ], [ 77.7736716, 29.7961898 ], [ 77.7728068, 29.7949436 ], [ 77.7757402, 29.7926593 ], [ 77.7777567, 29.7916366 ], [ 77.7801518, 29.7937 ], [ 77.7808663, 29.7931219 ], [ 77.7860103, 29.7964982 ], [ 77.7873667, 29.796207 ], [ 77.7894963, 29.7978719 ], [ 77.7901508, 29.797572 ], [ 77.7942537, 29.7976408 ], [ 77.7955917, 29.7957951 ], [ 77.7978341, 29.7945457 ], [ 77.798852, 29.7935128 ], [ 77.8017, 29.7931594 ], [ 77.8025556, 29.793576 ], [ 77.8031699, 29.7934872 ], [ 77.8038264, 29.7940117 ], [ 77.8047697, 29.793339 ], [ 77.8051967, 29.7934686 ], [ 77.8059776, 29.7928941 ], [ 77.8061721, 29.7921766 ], [ 77.8045732, 29.7893471 ], [ 77.8049738, 29.7868815 ], [ 77.8049182, 29.7847752 ], [ 77.8039573, 29.7823077 ], [ 77.8042178, 29.7806872 ], [ 77.802719, 29.778872 ], [ 77.8017441, 29.7787613 ], [ 77.8001279, 29.7799807 ], [ 77.798913, 29.7788397 ], [ 77.7977556, 29.7795267 ], [ 77.7959412, 29.7776748 ], [ 77.7954002, 29.7779473 ], [ 77.7942548, 29.7769496 ], [ 77.7943292, 29.7759408 ], [ 77.7928627, 29.7744716 ], [ 77.7919815, 29.7740924 ], [ 77.7912199, 29.7746744 ], [ 77.7888158, 29.7726358 ], [ 77.785378, 29.7745151 ], [ 77.7824106, 29.7757959 ], [ 77.7821402, 29.775549 ], [ 77.7802961, 29.7765026 ], [ 77.7785702, 29.7743744 ], [ 77.7772578, 29.7756673 ], [ 77.7774003, 29.775951 ], [ 77.7769756, 29.776433 ], [ 77.7723836, 29.7800028 ], [ 77.7739618, 29.784006 ], [ 77.7721876, 29.7864102 ], [ 77.7738738, 29.7876847 ], [ 77.7745612, 29.7887441 ], [ 77.774045, 29.7901405 ], [ 77.7746739, 29.7910217 ], [ 77.7735233, 29.791267 ], [ 77.7716924, 29.7926594 ], [ 77.7673417, 29.7950842 ], [ 77.7670412, 29.7948461 ], [ 77.7654525, 29.795924 ], [ 77.7651854, 29.7962405 ], [ 77.7657358, 29.7969503 ], [ 77.7648831, 29.7983626 ], [ 77.7654627, 29.7989937 ], [ 77.7650111, 29.7996965 ], [ 77.7657366, 29.8005003 ] ] ] } },
{ "type": "Feature", "properties": { "gp_code": "23495", "gp_name": "LATHARDEVA HOON", "blkname": "NARSAN", "dtname": "Haridwar", "SHAPE_Area": 6928286.555994506 }, "geometry": { "type": "Polygon", "coordinates": [ [ [ 77.8090448, 29.8028269 ], [ 77.8102635, 29.8030275 ], [ 77.8156069, 29.8013365 ], [ 77.8200649, 29.8004425 ], [ 77.8191247, 29.7992303 ], [ 77.821099, 29.7972808 ], [ 77.8225874, 29.7949927 ], [ 77.8299232, 29.7897491 ], [ 77.8283476, 29.7872057 ], [ 77.8288381, 29.7869672 ], [ 77.8268349, 29.7845834 ], [ 77.8248757, 29.7810549 ], [ 77.8220634, 29.7813863 ], [ 77.8196739, 29.7806014 ], [ 77.81777, 29.7809976 ], [ 77.8176537, 29.780751 ], [ 77.8166474, 29.7808255 ], [ 77.8163969, 29.7812983 ], [ 77.8144786, 29.7816298 ], [ 77.810308, 29.783612 ], [ 77.8062356, 29.7864519 ], [ 77.8049738, 29.7868815 ], [ 77.8045732, 29.7893471 ], [ 77.8061191, 29.7919579 ], [ 77.8059776, 29.7928941 ], [ 77.803968, 29.7940003 ], [ 77.8031699, 29.7934872 ], [ 77.8025556, 29.793576 ], [ 77.8017, 29.7931594 ], [ 77.798852, 29.7935128 ], [ 77.7978341, 29.7945457 ], [ 77.7955917, 29.7957951 ], [ 77.7942537, 29.7976408 ], [ 77.7983596, 29.8040014 ], [ 77.8000635, 29.8056358 ], [ 77.8090448, 29.8028269 ] ] ] } },
{ "type": "Feature", "properties": { "gp_code": "23472", "gp_name": "BASAWA KHEDI", "blkname": "NARSAN", "dtname": "Haridwar", "SHAPE_Area": 2655630.1061377893 }, "geometry": { "type": "Polygon", "coordinates": [ [ [ 77.8248757, 29.7810549 ], [ 77.8231594, 29.7766241 ], [ 77.8209948, 29.774137 ], [ 77.8204175, 29.7741917 ], [ 77.819765, 29.7734084 ], [ 77.8191245, 29.7734205 ], [ 77.8189421, 29.774003 ], [ 77.8181098, 29.7739123 ], [ 77.816315, 29.7746348 ], [ 77.8155175, 29.7744464 ], [ 77.8145459, 29.7752588 ], [ 77.8130752, 29.7740038 ], [ 77.8119633, 29.7747721 ], [ 77.8107299, 29.7736242 ], [ 77.808894, 29.774727 ], [ 77.8066435, 29.7720823 ], [ 77.8061012, 29.7718259 ], [ 77.8053854, 29.772152 ], [ 77.8037055, 29.7704562 ], [ 77.8028068, 29.7718774 ], [ 77.8026173, 29.7729911 ], [ 77.803672, 29.7739878 ], [ 77.801996, 29.7755831 ], [ 77.8017441, 29.7787613 ], [ 77.8028516, 29.7789123 ], [ 77.8042178, 29.7806872 ], [ 77.8039573, 29.7823077 ], [ 77.8049182, 29.7847752 ], [ 77.8049738, 29.7868815 ], [ 77.8058263, 29.7867013 ], [ 77.8079519, 29.785061 ], [ 77.8121312, 29.782665 ], [ 77.8144786, 29.7816298 ], [ 77.8163969, 29.7812983 ], [ 77.8166474, 29.7808255 ], [ 77.8176537, 29.780751 ], [ 77.81777, 29.7809976 ], [ 77.8196739, 29.7806014 ], [ 77.8220634, 29.7813863 ], [ 77.8248757, 29.7810549 ] ] ] } },
{ "type": "Feature", "properties": { "gp_code": "23514", "gp_name": "SADAULI", "blkname": "NARSAN", "dtname": "Haridwar", "SHAPE_Area": 5953429.3477012031 }, "geometry": { "type": "Polygon", "coordinates": [ [ [ 77.8014811, 29.7789245 ], [ 77.801968, 29.7775432 ], [ 77.801996, 29.7755831 ], [ 77.803672, 29.7739878 ], [ 77.8026173, 29.7729911 ], [ 77.8028068, 29.7718774 ], [ 77.8040177, 29.7699391 ], [ 77.8030044, 29.7686906 ], [ 77.804604, 29.7684996 ], [ 77.8053669, 29.7673783 ], [ 77.806838, 29.7670354 ], [ 77.8072256, 29.7659024 ], [ 77.8068132, 29.7647171 ], [ 77.8076771, 29.7644902 ], [ 77.8079816, 29.7637079 ], [ 77.8092781, 29.7634053 ], [ 77.8088069, 29.7626737 ], [ 77.8095371, 29.7620027 ], [ 77.8107501, 29.7621733 ], [ 77.8114603, 29.7618188 ], [ 77.811107, 29.7611301 ], [ 77.8123411, 29.7609318 ], [ 77.8134257, 29.7617188 ], [ 77.8147099, 29.7619944 ], [ 77.8189938, 29.7610313 ], [ 77.8191072, 29.759454 ], [ 77.8202896, 29.7582628 ], [ 77.8199395, 29.757037 ], [ 77.8193989, 29.7565326 ], [ 77.8200707, 29.7563853 ], [ 77.8200658, 29.7560243 ], [ 77.8210479, 29.7560967 ], [ 77.8210938, 29.7558365 ], [ 77.81978, 29.755278 ], [ 77.8192184, 29.7555854 ], [ 77.8185658, 29.7549035 ], [ 77.8176592, 29.7549766 ], [ 77.8146951, 29.7526332 ], [ 77.8123796, 29.7525108 ], [ 77.8083708, 29.7562547 ], [ 77.8065463, 29.7568619 ], [ 77.8039651, 29.7588356 ], [ 77.801603, 29.7558973 ], [ 77.7979788, 29.7578232 ], [ 77.7950533, 29.7598458 ], [ 77.7939751, 29.7598042 ], [ 77.7921295, 29.7607541 ], [ 77.7917765, 29.7598446 ], [ 77.7907927, 29.7599156 ], [ 77.7869742, 29.7619135 ], [ 77.7852805, 29.7639571 ], [ 77.786015, 29.7666553 ], [ 77.78935, 29.7714673 ], [ 77.7888158, 29.7726358 ], [ 77.7912199, 29.7746744 ], [ 77.7919815, 29.7740924 ], [ 77.7928627, 29.7744716 ], [ 77.7943292, 29.7759408 ], [ 77.7942548, 29.7769496 ], [ 77.7954002, 29.7779473 ], [ 77.7959412, 29.7776748 ], [ 77.7977556, 29.7795267 ], [ 77.798913, 29.7788397 ], [ 77.8001279, 29.7799807 ], [ 77.8014811, 29.7789245 ] ] ] } },
{ "type": "Feature", "properties": { "gp_code": "23516", "gp_name": "SHERPUR KHELMAU", "blkname": "NARSAN", "dtname": "Haridwar", "SHAPE_Area": 9076294.4288883246 }, "geometry": { "type": "Polygon", "coordinates": [ [ [ 77.7802961, 29.7765026 ], [ 77.7821402, 29.775549 ], [ 77.7824106, 29.7757959 ], [ 77.7865124, 29.7739502 ], [ 77.7888158, 29.7726358 ], [ 77.7893786, 29.7718253 ], [ 77.786015, 29.7666553 ], [ 77.7855764, 29.7654562 ], [ 77.7852805, 29.7639571 ], [ 77.7869742, 29.7619135 ], [ 77.7907927, 29.7599156 ], [ 77.7917765, 29.7598446 ], [ 77.7921295, 29.7607541 ], [ 77.7939751, 29.7598042 ], [ 77.7950533, 29.7598458 ], [ 77.7979788, 29.7578232 ], [ 77.801603, 29.7558973 ], [ 77.800801, 29.7545958 ], [ 77.7978234, 29.7516146 ], [ 77.793086, 29.7449671 ], [ 77.782678, 29.7362379 ], [ 77.7695293, 29.7453381 ], [ 77.7691271, 29.7495656 ], [ 77.7693129, 29.7505856 ], [ 77.7705158, 29.7502178 ], [ 77.7720337, 29.752869 ], [ 77.775057, 29.7565079 ], [ 77.780356, 29.7650159 ], [ 77.778668, 29.7661945 ], [ 77.7778624, 29.7661499 ], [ 77.7731199, 29.7687001 ], [ 77.7732491, 29.7692141 ], [ 77.7778558, 29.7749766 ], [ 77.7785702, 29.7743744 ], [ 77.7802961, 29.7765026 ] ] ] } },
{ "type": "Feature", "properties": { "gp_code": "23491", "gp_name": "KUMRADI", "blkname": "NARSAN", "dtname": "Haridwar", "SHAPE_Area": 3302789.3946964545 }, "geometry": { "type": "Polygon", "coordinates": [ [ [ 77.8155175, 29.7744464 ], [ 77.816315, 29.7746348 ], [ 77.8181098, 29.7739123 ], [ 77.8189421, 29.774003 ], [ 77.8189935, 29.7735493 ], [ 77.8195514, 29.7733545 ], [ 77.8204175, 29.7741917 ], [ 77.8209948, 29.774137 ], [ 77.8237387, 29.7722623 ], [ 77.8256667, 29.7715053 ], [ 77.8300307, 29.7690212 ], [ 77.8278556, 29.76509 ], [ 77.826731, 29.7636649 ], [ 77.8262281, 29.7631914 ], [ 77.8257206, 29.7633179 ], [ 77.8202091, 29.7656687 ], [ 77.818777, 29.7641326 ], [ 77.8173368, 29.7632533 ], [ 77.8168862, 29.7616791 ], [ 77.8140984, 29.7619561 ], [ 77.8123411, 29.7609318 ], [ 77.8114007, 29.7610657 ], [ 77.8110301, 29.7612239 ], [ 77.8114051, 29.761864 ], [ 77.8107501, 29.7621733 ], [ 77.8095371, 29.7620027 ], [ 77.8088069, 29.7626737 ], [ 77.8092781, 29.7634053 ], [ 77.8079816, 29.7637079 ], [ 77.8076771, 29.7644902 ], [ 77.8068132, 29.7647171 ], [ 77.8072256, 29.7659024 ], [ 77.806838, 29.7670354 ], [ 77.8053669, 29.7673783 ], [ 77.804604, 29.7684996 ], [ 77.8030044, 29.7686906 ], [ 77.8038193, 29.7694147 ], [ 77.8040177, 29.7699391 ], [ 77.8037055, 29.7704562 ], [ 77.8047618, 29.7715549 ], [ 77.8055166, 29.7721966 ], [ 77.8061012, 29.7718259 ], [ 77.8066435, 29.7720823 ], [ 77.808894, 29.774727 ], [ 77.8107299, 29.7736242 ], [ 77.8119633, 29.7747721 ], [ 77.8130752, 29.7740038 ], [ 77.8145459, 29.7752588 ], [ 77.8155175, 29.7744464 ] ] ] } },
{ "type": "Feature", "properties": { "gp_code": "23522", "gp_name": "THASKA", "blkname": "NARSAN", "dtname": "Haridwar", "SHAPE_Area": 4558026.6998271523 }, "geometry": { "type": "Polygon", "coordinates": [ [ [ 77.8497165, 29.772627 ], [ 77.8489252, 29.7717826 ], [ 77.8452573, 29.7725549 ], [ 77.8373122, 29.7647968 ], [ 77.8256667, 29.7715053 ], [ 77.8237387, 29.7722623 ], [ 77.8209948, 29.774137 ], [ 77.8231594, 29.7766241 ], [ 77.8251411, 29.7817877 ], [ 77.8268349, 29.7845834 ], [ 77.8288381, 29.7869672 ], [ 77.835431, 29.7829543 ], [ 77.8370796, 29.7824867 ], [ 77.8391547, 29.781007 ], [ 77.8393075, 29.7801811 ], [ 77.8411486, 29.779757 ], [ 77.8426921, 29.7785826 ], [ 77.8491746, 29.7750934 ], [ 77.8502891, 29.7741964 ], [ 77.8499386, 29.7733718 ], [ 77.849205, 29.7727618 ], [ 77.8497165, 29.772627 ] ] ] } },
{ "type": "Feature", "properties": { "gp_code": "23504", "gp_name": "MUNDET", "blkname": "NARSAN", "dtname": "Haridwar", "SHAPE_Area": 2782752.4657717906 }, "geometry": { "type": "Polygon", "coordinates": [ [ [ 77.8489252, 29.7717826 ], [ 77.8512026, 29.7698542 ], [ 77.8503777, 29.7689789 ], [ 77.852993, 29.7670348 ], [ 77.8538501, 29.7651604 ], [ 77.8535648, 29.7637538 ], [ 77.8528888, 29.7627874 ], [ 77.852717, 29.7613124 ], [ 77.8517369, 29.7612467 ], [ 77.8506413, 29.7599518 ], [ 77.8445766, 29.7559754 ], [ 77.8432617, 29.7548167 ], [ 77.8384924, 29.7585684 ], [ 77.8339442, 29.7640541 ], [ 77.8351504, 29.7642598 ], [ 77.8360552, 29.7654649 ], [ 77.8373122, 29.7647968 ], [ 77.8452573, 29.7725549 ], [ 77.8489252, 29.7717826 ] ] ] } },
{ "type": "Feature", "properties": { "gp_code": "23525", "gp_name": "UDALHEDI", "blkname": "NARSAN", "dtname": "Haridwar", "SHAPE_Area": 4120006.6630659318 }, "geometry": { "type": "Polygon", "coordinates": [ [ [ 77.8351504, 29.7642598 ], [ 77.8339442, 29.7640541 ], [ 77.8384924, 29.7585684 ], [ 77.8432617, 29.7548167 ], [ 77.8416143, 29.7528233 ], [ 77.84135, 29.752937 ], [ 77.8404904, 29.7519625 ], [ 77.8402933, 29.7516376 ], [ 77.8408626, 29.7511017 ], [ 77.8401815, 29.7502762 ], [ 77.8367737, 29.7478036 ], [ 77.8316896, 29.7491796 ], [ 77.8266592, 29.7521296 ], [ 77.8258894, 29.7519725 ], [ 77.8244394, 29.751031 ], [ 77.8234929, 29.7519841 ], [ 77.824009, 29.75318 ], [ 77.823783, 29.7533342 ], [ 77.8240062, 29.7538072 ], [ 77.82382, 29.7544189 ], [ 77.8217611, 29.7560076 ], [ 77.8201671, 29.7577643 ], [ 77.8201702, 29.7585231 ], [ 77.8191072, 29.759454 ], [ 77.8189938, 29.7610313 ], [ 77.8178079, 29.7611793 ], [ 77.8168862, 29.7616791 ], [ 77.8173368, 29.7632533 ], [ 77.818777, 29.7641326 ], [ 77.8202091, 29.7656687 ], [ 77.8262281, 29.7631914 ], [ 77.8278556, 29.76509 ], [ 77.8300307, 29.7690212 ], [ 77.8360552, 29.7654649 ], [ 77.8351504, 29.7642598 ] ] ] } },
{ "type": "Feature", "properties": { "gp_code": "23502", "gp_name": "MUNDAYAKI", "blkname": "NARSAN", "dtname": "Haridwar", "SHAPE_Area": 2640047.1203977172 }, "geometry": { "type": "Polygon", "coordinates": [ [ [ 77.8514366, 29.74451 ], [ 77.851444, 29.7417918 ], [ 77.8438638, 29.7329421 ], [ 77.8414763, 29.7346633 ], [ 77.8411536, 29.7332331 ], [ 77.8369153, 29.7352156 ], [ 77.8361313, 29.7358889 ], [ 77.837631, 29.7375384 ], [ 77.8369667, 29.7379883 ], [ 77.8378433, 29.7391541 ], [ 77.8328993, 29.7421374 ], [ 77.8383429, 29.7467013 ], [ 77.8367737, 29.7478036 ], [ 77.8400222, 29.7501541 ], [ 77.8441523, 29.7482235 ], [ 77.8443348, 29.7486307 ], [ 77.8455843, 29.7482079 ], [ 77.8511172, 29.7447405 ], [ 77.8514366, 29.74451 ] ] ] } },
{ "type": "Feature", "properties": { "gp_code": "23499", "gp_name": "MANNA KHEDI", "blkname": "NARSAN", "dtname": "Haridwar", "SHAPE_Area": 2320857.6510058385 }, "geometry": { "type": "Polygon", "coordinates": [ [ [ 77.8367737, 29.7478036 ], [ 77.8383429, 29.7467013 ], [ 77.8328993, 29.7421374 ], [ 77.8378433, 29.7391541 ], [ 77.8369667, 29.7379883 ], [ 77.837631, 29.7375384 ], [ 77.8367014, 29.7364133 ], [ 77.8361313, 29.7358889 ], [ 77.8354894, 29.7364401 ], [ 77.8345791, 29.7357669 ], [ 77.8329691, 29.7368485 ], [ 77.8302894, 29.7379574 ], [ 77.8288461, 29.7380951 ], [ 77.8271929, 29.73879 ], [ 77.8260676, 29.7396984 ], [ 77.8238412, 29.7426293 ], [ 77.8196771, 29.7467014 ], [ 77.8244394, 29.751031 ], [ 77.8258894, 29.7519725 ], [ 77.8266592, 29.7521296 ], [ 77.8316896, 29.7491796 ], [ 77.8367737, 29.7478036 ] ] ] } },
{ "type": "Feature", "properties": { "gp_code": "23493", "gp_name": "LAHBOLI", "blkname": "NARSAN", "dtname": "Haridwar", "SHAPE_Area": 3262703.0624554683 }, "geometry": { "type": "Polygon", "coordinates": [ [ [ 77.8234801, 29.7547235 ], [ 77.8240062, 29.7538072 ], [ 77.8234929, 29.7519841 ], [ 77.8244394, 29.751031 ], [ 77.8196771, 29.7467014 ], [ 77.8238412, 29.7426293 ], [ 77.8260676, 29.7396984 ], [ 77.8249267, 29.7388447 ], [ 77.819613, 29.7329977 ], [ 77.8192844, 29.73274 ], [ 77.8164926, 29.7347861 ], [ 77.8113508, 29.7376009 ], [ 77.8104228, 29.7370458 ], [ 77.807395, 29.738925 ], [ 77.8076671, 29.7401381 ], [ 77.8116513, 29.7421375 ], [ 77.8131231, 29.7431792 ], [ 77.8139925, 29.7442913 ], [ 77.8139249, 29.7455141 ], [ 77.8131723, 29.7473939 ], [ 77.8122895, 29.7478736 ], [ 77.8119534, 29.7485739 ], [ 77.8112502, 29.7490602 ], [ 77.8103285, 29.7488766 ], [ 77.8099785, 29.7491339 ], [ 77.8111124, 29.751269 ], [ 77.812351, 29.7519813 ], [ 77.8123796, 29.7525108 ], [ 77.8141576, 29.7525366 ], [ 77.8152642, 29.7529022 ], [ 77.8176592, 29.7549766 ], [ 77.8185658, 29.7549035 ], [ 77.8192184, 29.7555854 ], [ 77.81978, 29.755278 ], [ 77.8209479, 29.75572 ], [ 77.8210479, 29.7560967 ], [ 77.8200658, 29.7560243 ], [ 77.8200707, 29.7563853 ], [ 77.8193989, 29.7565326 ], [ 77.8201671, 29.7577643 ], [ 77.8217611, 29.7560076 ], [ 77.8234801, 29.7547235 ] ] ] } },
{ "type": "Feature", "properties": { "gp_code": "23506", "gp_name": "NAGLA SALAROO", "blkname": "NARSAN", "dtname": "Haridwar", "SHAPE_Area": 3095202.548317661 }, "geometry": { "type": "Polygon", "coordinates": [ [ [ 77.8354894, 29.7364401 ], [ 77.8376476, 29.7347739 ], [ 77.8411536, 29.7332331 ], [ 77.8378438, 29.730964 ], [ 77.8350726, 29.7272845 ], [ 77.8306253, 29.7229343 ], [ 77.8298514, 29.7233168 ], [ 77.8290857, 29.7225466 ], [ 77.8283538, 29.7229398 ], [ 77.8275944, 29.7219984 ], [ 77.8250657, 29.7230709 ], [ 77.8216413, 29.7256979 ], [ 77.8213516, 29.7260001 ], [ 77.8215121, 29.7262857 ], [ 77.8230867, 29.7277407 ], [ 77.8212057, 29.7296617 ], [ 77.8182382, 29.7314954 ], [ 77.8249267, 29.7388447 ], [ 77.8260676, 29.7396984 ], [ 77.8274248, 29.7386718 ], [ 77.8288461, 29.7380951 ], [ 77.8302894, 29.7379574 ], [ 77.8329691, 29.7368485 ], [ 77.8345791, 29.7357669 ], [ 77.8354894, 29.7364401 ] ] ] } },
{ "type": "Feature", "properties": { "gp_code": "23509", "gp_name": "NARSAN KHURD", "blkname": "NARSAN", "dtname": "Haridwar", "SHAPE_Area": 5825291.0499964515 }, "geometry": { "type": "Polygon", "coordinates": [ [ [ 77.8493483, 29.7236796 ], [ 77.8510175, 29.7222079 ], [ 77.8552648, 29.7195548 ], [ 77.8552268, 29.7178852 ], [ 77.852872, 29.714664 ], [ 77.8538446, 29.7137383 ], [ 77.8519475, 29.7109503 ], [ 77.8500099, 29.7091027 ], [ 77.849936, 29.7064824 ], [ 77.84964, 29.7056985 ], [ 77.8481448, 29.707195 ], [ 77.840853, 29.7114726 ], [ 77.83681, 29.7146074 ], [ 77.8348947, 29.7128618 ], [ 77.8321468, 29.7146022 ], [ 77.8312014, 29.7142939 ], [ 77.8287746, 29.7164674 ], [ 77.820596, 29.7191767 ], [ 77.8219411, 29.7214282 ], [ 77.8243939, 29.7235567 ], [ 77.8275944, 29.7219984 ], [ 77.8283538, 29.7229398 ], [ 77.8290857, 29.7225466 ], [ 77.8298514, 29.7233168 ], [ 77.8306253, 29.7229343 ], [ 77.8350726, 29.7272845 ], [ 77.8378438, 29.730964 ], [ 77.8393758, 29.7318927 ], [ 77.8450646, 29.7276008 ], [ 77.8462453, 29.7264218 ], [ 77.8466153, 29.725434 ], [ 77.8493483, 29.7236796 ] ] ] } },
{ "type": "Feature", "properties": { "gp_code": "", "gp_name": "", "blkname": "NARSAN", "dtname": "Haridwar", "SHAPE_Area": 2096641.6676974529 }, "geometry": { "type": "Polygon", "coordinates": [ [ [ 77.84964, 29.7056985 ], [ 77.8527111, 29.7035845 ], [ 77.8513309, 29.70081 ], [ 77.8498671, 29.6964791 ], [ 77.8461724, 29.697735 ], [ 77.8446932, 29.6988035 ], [ 77.8441969, 29.6984368 ], [ 77.8437036, 29.6988691 ], [ 77.8431285, 29.6984217 ], [ 77.8414403, 29.6995998 ], [ 77.8383262, 29.6953211 ], [ 77.8348835, 29.6980765 ], [ 77.8352414, 29.6988327 ], [ 77.8342859, 29.6999947 ], [ 77.8369326, 29.7035352 ], [ 77.8379298, 29.7055116 ], [ 77.8398827, 29.7068949 ], [ 77.845218, 29.7090781 ], [ 77.8481448, 29.707195 ], [ 77.84964, 29.7056985 ] ] ] } },
{ "type": "Feature", "properties": { "gp_code": "23508", "gp_name": "KALYANPUR URF NARSAN KALAN", "blkname": "NARSAN", "dtname": "Haridwar", "SHAPE_Area": 7939196.2597432127 }, "geometry": { "type": "Polygon", "coordinates": [ [ [ 77.8296543, 29.7158967 ], [ 77.8312014, 29.7142939 ], [ 77.8321468, 29.7146022 ], [ 77.8348947, 29.7128618 ], [ 77.83681, 29.7146074 ], [ 77.840853, 29.7114726 ], [ 77.845218, 29.7090781 ], [ 77.8398827, 29.7068949 ], [ 77.8379298, 29.7055116 ], [ 77.8369326, 29.7035352 ], [ 77.8342859, 29.6999947 ], [ 77.8352414, 29.6988327 ], [ 77.8348835, 29.6980765 ], [ 77.8383262, 29.6953211 ], [ 77.8344705, 29.6908024 ], [ 77.8312344, 29.6886913 ], [ 77.8278393, 29.6896323 ], [ 77.8241352, 29.6912075 ], [ 77.823949, 29.6940389 ], [ 77.8232982, 29.6947309 ], [ 77.8184978, 29.6975314 ], [ 77.8099758, 29.7014059 ], [ 77.8176363, 29.7147081 ], [ 77.820596, 29.7191767 ], [ 77.8283455, 29.7166275 ], [ 77.8296543, 29.7158967 ] ] ] } },
{ "type": "Feature", "properties": { "gp_code": "23519", "gp_name": "SUSADI KHURD", "blkname": "NARSAN", "dtname": "Haridwar", "SHAPE_Area": 7015884.9446903337 }, "geometry": { "type": "Polygon", "coordinates": [ [ [ 77.7915985, 29.7251054 ], [ 77.7932475, 29.724824 ], [ 77.7964132, 29.723259 ], [ 77.7979282, 29.7250205 ], [ 77.8022756, 29.7271588 ], [ 77.8035111, 29.7287574 ], [ 77.8036639, 29.7299243 ], [ 77.8040897, 29.7280481 ], [ 77.8039009, 29.7275045 ], [ 77.8025181, 29.7265269 ], [ 77.8003821, 29.7215056 ], [ 77.8011263, 29.7206689 ], [ 77.8013551, 29.7198056 ], [ 77.800844, 29.7185018 ], [ 77.8010117, 29.7179152 ], [ 77.7994676, 29.71665 ], [ 77.7995436, 29.7161282 ], [ 77.8000953, 29.7156021 ], [ 77.799181, 29.713312 ], [ 77.7998186, 29.7089529 ], [ 77.8006175, 29.7077827 ], [ 77.7991329, 29.7062905 ], [ 77.7959554, 29.7079157 ], [ 77.7934965, 29.7087811 ], [ 77.7918485, 29.7099421 ], [ 77.7906634, 29.7091693 ], [ 77.7893445, 29.7099285 ], [ 77.7874612, 29.7102422 ], [ 77.7872, 29.7095389 ], [ 77.7855769, 29.7105713 ], [ 77.7833413, 29.7093951 ], [ 77.7787191, 29.7106757 ], [ 77.7717242, 29.7138467 ], [ 77.7711323, 29.7144093 ], [ 77.769731, 29.7176023 ], [ 77.7729609, 29.723342 ], [ 77.7733311, 29.7238449 ], [ 77.7741335, 29.7239082 ], [ 77.7795586, 29.73161 ], [ 77.7811723, 29.730402 ], [ 77.7841058, 29.7291725 ], [ 77.7915985, 29.7251054 ] ] ] } },
{ "type": "Feature", "properties": { "gp_code": "23494", "gp_name": "LAKHNAUTA", "blkname": "NARSAN", "dtname": "Haridwar", "SHAPE_Area": 2837699.9642718933 }, "geometry": { "type": "Polygon", "coordinates": [ [ [ 77.802656, 29.7278088 ], [ 77.8022756, 29.7271588 ], [ 77.7979282, 29.7250205 ], [ 77.7964132, 29.723259 ], [ 77.7932475, 29.724824 ], [ 77.7915985, 29.7251054 ], [ 77.7841058, 29.7291725 ], [ 77.7811723, 29.730402 ], [ 77.7795586, 29.73161 ], [ 77.782678, 29.7362379 ], [ 77.7888765, 29.7414509 ], [ 77.7902042, 29.7400488 ], [ 77.7912939, 29.7382773 ], [ 77.7964231, 29.7338863 ], [ 77.7974406, 29.7315545 ], [ 77.8012019, 29.7291518 ], [ 77.802656, 29.7278088 ] ] ] } },
{ "type": "Feature", "properties": { "gp_code": "23294", "gp_name": "BAN GANGA", "blkname": "NARSAN", "dtname": "Haridwar", "SHAPE_Area": 8117157.8636504496 }, "geometry": { "type": "Polygon", "coordinates": [ [ [ 77.807395, 29.738925 ], [ 77.810649, 29.7370132 ], [ 77.8113508, 29.7376009 ], [ 77.8164926, 29.7347861 ], [ 77.8192844, 29.73274 ], [ 77.8182382, 29.7314954 ], [ 77.8212057, 29.7296617 ], [ 77.8230867, 29.7277407 ], [ 77.8213516, 29.7260001 ], [ 77.8243939, 29.7235567 ], [ 77.8219411, 29.7214282 ], [ 77.8176363, 29.7147081 ], [ 77.8104834, 29.7023711 ], [ 77.8077757, 29.7025047 ], [ 77.8028751, 29.7033161 ], [ 77.798798, 29.7054295 ], [ 77.7991329, 29.7062905 ], [ 77.8006175, 29.7077827 ], [ 77.7998186, 29.7089529 ], [ 77.799181, 29.713312 ], [ 77.8000953, 29.7156021 ], [ 77.7995436, 29.7161282 ], [ 77.7994676, 29.71665 ], [ 77.8010117, 29.7179152 ], [ 77.800844, 29.7185018 ], [ 77.8013551, 29.7198056 ], [ 77.8011263, 29.7206689 ], [ 77.8003821, 29.7215056 ], [ 77.8025181, 29.7265269 ], [ 77.8039009, 29.7275045 ], [ 77.8040897, 29.7280481 ], [ 77.8035874, 29.7312199 ], [ 77.8049614, 29.7327371 ], [ 77.8039001, 29.7341836 ], [ 77.8039146, 29.7349417 ], [ 77.80494, 29.7369353 ], [ 77.8071821, 29.7375134 ], [ 77.807395, 29.738925 ] ] ] } },
{ "type": "Feature", "properties": { "gp_code": "23497", "gp_name": "MAKHDOOMPUR", "blkname": "NARSAN", "dtname": "Haridwar", "SHAPE_Area": 5426261.1686862232 }, "geometry": { "type": "Polygon", "coordinates": [ [ [ 77.8101083, 29.7489659 ], [ 77.8112502, 29.7490602 ], [ 77.8119534, 29.7485739 ], [ 77.8122895, 29.7478736 ], [ 77.8131723, 29.7473939 ], [ 77.8139249, 29.7455141 ], [ 77.8139925, 29.7442913 ], [ 77.8131231, 29.7431792 ], [ 77.8116513, 29.7421375 ], [ 77.8076671, 29.7401381 ], [ 77.8073349, 29.737813 ], [ 77.8068232, 29.7372203 ], [ 77.80494, 29.7369353 ], [ 77.8037866, 29.7345079 ], [ 77.8049614, 29.7327371 ], [ 77.8035874, 29.7312199 ], [ 77.8035111, 29.7287574 ], [ 77.802656, 29.7278088 ], [ 77.8012019, 29.7291518 ], [ 77.7974406, 29.7315545 ], [ 77.7964231, 29.7338863 ], [ 77.7912939, 29.7382773 ], [ 77.7902042, 29.7400488 ], [ 77.7888765, 29.7414509 ], [ 77.7936746, 29.7455966 ], [ 77.7978234, 29.7516146 ], [ 77.80107, 29.7549063 ], [ 77.8039651, 29.7588356 ], [ 77.8065463, 29.7568619 ], [ 77.8083708, 29.7562547 ], [ 77.8123796, 29.7525108 ], [ 77.812351, 29.7519813 ], [ 77.8111124, 29.751269 ], [ 77.8106174, 29.7499397 ], [ 77.810032, 29.7493301 ], [ 77.8101083, 29.7489659 ] ] ] } },
{ "type": "Feature", "properties": { "gp_code": "23489", "gp_name": "KHEDA JAT", "blkname": "NARSAN", "dtname": "Haridwar", "SHAPE_Area": 7222039.0968938572 }, "geometry": { "type": "Polygon", "coordinates": [ [ [ 77.8278393, 29.6896323 ], [ 77.8326546, 29.688229 ], [ 77.8297324, 29.6851265 ], [ 77.8316378, 29.6837066 ], [ 77.8300572, 29.6813487 ], [ 77.8291483, 29.679329 ], [ 77.8272149, 29.6769915 ], [ 77.8236584, 29.6714488 ], [ 77.8204658, 29.6736972 ], [ 77.8183305, 29.6756266 ], [ 77.8186977, 29.6758455 ], [ 77.8183718, 29.6761593 ], [ 77.8153376, 29.6783125 ], [ 77.8145763, 29.6782674 ], [ 77.8092385, 29.679861 ], [ 77.8064284, 29.6812481 ], [ 77.8006527, 29.6856052 ], [ 77.7990536, 29.6861914 ], [ 77.8060337, 29.6946984 ], [ 77.8099758, 29.7014059 ], [ 77.8184978, 29.6975314 ], [ 77.8232982, 29.6947309 ], [ 77.823949, 29.6940389 ], [ 77.8241352, 29.6912075 ], [ 77.8278393, 29.6896323 ] ] ] } },
{ "type": "Feature", "properties": { "gp_code": "23526", "gp_name": "ULHEDA", "blkname": "NARSAN", "dtname": "Haridwar", "SHAPE_Area": 4180142.6818522317 }, "geometry": { "type": "Polygon", "coordinates": [ [ [ 77.8480852, 29.6841896 ], [ 77.8499493, 29.6830616 ], [ 77.8499126, 29.6801757 ], [ 77.8502511, 29.6799777 ], [ 77.8497103, 29.6784629 ], [ 77.8486284, 29.6782103 ], [ 77.8469432, 29.6753314 ], [ 77.8458115, 29.6757367 ], [ 77.8441367, 29.674945 ], [ 77.8431039, 29.6752246 ], [ 77.8413346, 29.6727748 ], [ 77.8401713, 29.6732349 ], [ 77.8386173, 29.6704869 ], [ 77.8367795, 29.6717135 ], [ 77.8356815, 29.6695565 ], [ 77.8343499, 29.6696385 ], [ 77.8338173, 29.6689887 ], [ 77.8319478, 29.6704077 ], [ 77.8311749, 29.6689015 ], [ 77.8306209, 29.6691815 ], [ 77.8300488, 29.6682995 ], [ 77.828912, 29.6689632 ], [ 77.8285958, 29.6686619 ], [ 77.827923, 29.6696357 ], [ 77.8270906, 29.669424 ], [ 77.8236584, 29.6714488 ], [ 77.8272149, 29.6769915 ], [ 77.8291483, 29.679329 ], [ 77.8300572, 29.6813487 ], [ 77.8316378, 29.6837066 ], [ 77.8297324, 29.6851265 ], [ 77.8326546, 29.688229 ], [ 77.8336711, 29.6874436 ], [ 77.8371885, 29.6859576 ], [ 77.8419042, 29.6849752 ], [ 77.8480852, 29.6841896 ] ] ] } }
]
}
