{
"type": "FeatureCollection",
"name": "nainital_gp",
"crs": { "type": "name", "properties": { "name": "urn:ogc:def:crs:OGC::CRS84" } },
"features": [
{ "type": "Feature", "properties": { "gp_code": "23918", "gp_name": "SUWAKOT POKHARI", "blkname": "OKHALKANDA", "dtname": "Nainital", "SHAPE_Area": 907663.7877463873 }, "geometry": { "type": "Polygon", "coordinates": [ [ [ 79.9092404, 29.2137026 ], [ 79.9112773, 29.213503 ], [ 79.9116221, 29.2114954 ], [ 79.9100447, 29.2091054 ], [ 79.9104589, 29.2059134 ], [ 79.9067288, 29.2061121 ], [ 79.9061801, 29.2053489 ], [ 79.904098, 29.2050666 ], [ 79.901142, 29.2100037 ], [ 79.8981659, 29.2115076 ], [ 79.9069528, 29.2125769 ], [ 79.9092404, 29.2137026 ] ] ] } },
{ "type": "Feature", "properties": { "gp_code": "23918", "gp_name": "SUWAKOT POKHARI", "blkname": "OKHALKANDA", "dtname": "Nainital", "SHAPE_Area": 1495744.9616361917 }, "geometry": { "type": "Polygon", "coordinates": [ [ [ 79.9060182, 29.2227502 ], [ 79.9070252, 29.2228512 ], [ 79.9079745, 29.2235143 ], [ 79.9100694, 29.2225217 ], [ 79.9082852, 29.2211655 ], [ 79.9079896, 29.2185252 ], [ 79.9064113, 29.2174402 ], [ 79.9046378, 29.2171983 ], [ 79.9047073, 29.2161543 ], [ 79.9027636, 29.2141054 ], [ 79.9000912, 29.2149419 ], [ 79.8998211, 29.216327 ], [ 79.898985, 29.2173504 ], [ 79.8951175, 29.217107 ], [ 79.8926798, 29.2176475 ], [ 79.8914303, 29.2201813 ], [ 79.8937525, 29.220996 ], [ 79.8978474, 29.2231166 ], [ 79.9049411, 29.2247371 ], [ 79.9055131, 29.2247776 ], [ 79.9054453, 29.2237135 ], [ 79.9064981, 29.2236739 ], [ 79.9060182, 29.2227502 ] ] ] } },
{ "type": "Feature", "properties": { "gp_code": "23853", "gp_name": "AMAJHAD", "blkname": "OKHALKANDA", "dtname": "Nainital", "SHAPE_Area": 5082500.6324871788 }, "geometry": { "type": "Polygon", "coordinates": [ [ [ 79.9092922, 29.2396736 ], [ 79.9101188, 29.2362211 ], [ 79.9109095, 29.2347159 ], [ 79.9109453, 29.232648 ], [ 79.913201, 29.2309729 ], [ 79.914026, 29.2294776 ], [ 79.9100694, 29.2225217 ], [ 79.9079745, 29.2235143 ], [ 79.9070252, 29.2228512 ], [ 79.9060182, 29.2227502 ], [ 79.9064981, 29.2236739 ], [ 79.9054453, 29.2237135 ], [ 79.9055131, 29.2247776 ], [ 79.9049411, 29.2247371 ], [ 79.8978474, 29.2231166 ], [ 79.8923112, 29.2204127 ], [ 79.8878719, 29.2196468 ], [ 79.885184, 29.2184202 ], [ 79.8823456, 29.2190607 ], [ 79.8824526, 29.2207522 ], [ 79.8831903, 29.2212446 ], [ 79.8832467, 29.2221079 ], [ 79.8856022, 29.224037 ], [ 79.8868506, 29.2229436 ], [ 79.8876975, 29.2228037 ], [ 79.8890235, 29.2242702 ], [ 79.8871453, 29.2259051 ], [ 79.8872805, 29.2283144 ], [ 79.8904158, 29.2286729 ], [ 79.8918799, 29.2293916 ], [ 79.8930223, 29.2318416 ], [ 79.8937662, 29.2317818 ], [ 79.8942398, 29.2333531 ], [ 79.8963938, 29.2371991 ], [ 79.9003963, 29.2410662 ], [ 79.9035552, 29.2410179 ], [ 79.9041507, 29.2405967 ], [ 79.9047238, 29.239262 ], [ 79.9092922, 29.2396736 ] ] ] } },
{ "type": "Feature", "properties": { "gp_code": "23852", "gp_name": "AGHORA", "blkname": "OKHALKANDA", "dtname": "Nainital", "SHAPE_Area": 8449866.8057941254 }, "geometry": { "type": "Polygon", "coordinates": [ [ [ 79.8630782, 29.2576597 ], [ 79.8643845, 29.254907 ], [ 79.8647458, 29.2549597 ], [ 79.8651741, 29.2560996 ], [ 79.8686805, 29.2555658 ], [ 79.8704074, 29.2547861 ], [ 79.8739724, 29.2519093 ], [ 79.8782919, 29.2502925 ], [ 79.8787287, 29.2477603 ], [ 79.8800005, 29.2463962 ], [ 79.8811913, 29.2459353 ], [ 79.8809532, 29.2434959 ], [ 79.8778314, 29.2407232 ], [ 79.877042, 29.2403813 ], [ 79.8741841, 29.237167 ], [ 79.8713013, 29.23594 ], [ 79.8676973, 29.2349634 ], [ 79.8662325, 29.234902 ], [ 79.8659439, 29.2318879 ], [ 79.8629995, 29.2348165 ], [ 79.8622423, 29.236442 ], [ 79.8569767, 29.2374814 ], [ 79.8559672, 29.2395583 ], [ 79.8545927, 29.2404303 ], [ 79.8511933, 29.2406682 ], [ 79.8459956, 29.2420987 ], [ 79.8423974, 29.2455482 ], [ 79.837057, 29.2474688 ], [ 79.8377198, 29.2482123 ], [ 79.8390247, 29.2481935 ], [ 79.8408549, 29.2489984 ], [ 79.8423096, 29.2503422 ], [ 79.8464484, 29.2507049 ], [ 79.8478041, 29.2513833 ], [ 79.8484295, 29.2520672 ], [ 79.8491239, 29.2537394 ], [ 79.8513209, 29.255418 ], [ 79.8518985, 29.2571007 ], [ 79.8531707, 29.2579256 ], [ 79.8560665, 29.2565737 ], [ 79.8599491, 29.2561745 ], [ 79.8617023, 29.2562736 ], [ 79.8621792, 29.258055 ], [ 79.8630782, 29.2576597 ] ] ] } },
{ "type": "Feature", "properties": { "gp_code": "23869", "gp_name": "DUNGARI", "blkname": "OKHALKANDA", "dtname": "Nainital", "SHAPE_Area": 1679951.0313960353 }, "geometry": { "type": "Polygon", "coordinates": [ [ [ 79.8622423, 29.236442 ], [ 79.8629995, 29.2348165 ], [ 79.8659439, 29.2318879 ], [ 79.8664483, 29.2310953 ], [ 79.8660938, 29.2308039 ], [ 79.8651325, 29.230773 ], [ 79.8629224, 29.2321463 ], [ 79.86219, 29.2321558 ], [ 79.8600508, 29.2313508 ], [ 79.857579, 29.2312985 ], [ 79.857189, 29.2320008 ], [ 79.8573023, 29.2329746 ], [ 79.8565471, 29.2329639 ], [ 79.8562254, 29.2339674 ], [ 79.8557329, 29.2342982 ], [ 79.8494064, 29.2324855 ], [ 79.847768, 29.2340098 ], [ 79.8436021, 29.2341062 ], [ 79.8427994, 29.2353802 ], [ 79.843358, 29.2371274 ], [ 79.84481, 29.2383233 ], [ 79.845622, 29.2387256 ], [ 79.8486085, 29.2391902 ], [ 79.8504836, 29.240828 ], [ 79.8545927, 29.2404303 ], [ 79.8559672, 29.2395583 ], [ 79.8569767, 29.2374814 ], [ 79.8622423, 29.236442 ] ] ] } },
{ "type": "Feature", "properties": { "gp_code": "", "gp_name": "", "blkname": "OKHALKANDA", "dtname": "Nainital", "SHAPE_Area": 939734.94680785527 }, "geometry": { "type": "Polygon", "coordinates": [ [ [ 79.886304, 29.1949763 ], [ 79.8856167, 29.1958893 ], [ 79.8860851, 29.1965321 ], [ 79.8881436, 29.1975274 ], [ 79.8870663, 29.1996046 ], [ 79.8876335, 29.2049656 ], [ 79.8891894, 29.2051875 ], [ 79.8921646, 29.204768 ], [ 79.8944767, 29.2036652 ], [ 79.8955302, 29.2025817 ], [ 79.895766, 29.2011665 ], [ 79.8942765, 29.196889 ], [ 79.8929154, 29.1965468 ], [ 79.8894374, 29.196414 ], [ 79.886304, 29.1949763 ] ] ] } },
{ "type": "Feature", "properties": { "gp_code": "", "gp_name": "", "blkname": "HALDWANI", "dtname": "Nainital", "SHAPE_Area": 1801249.2537880822 }, "geometry": { "type": "Polygon", "coordinates": [ [ [ 79.7243082, 29.0361229 ], [ 79.7236163, 29.0331967 ], [ 79.7215599, 29.0329989 ], [ 79.7198469, 29.033277 ], [ 79.72017, 29.0318306 ], [ 79.7207365, 29.0309468 ], [ 79.7143352, 29.0309819 ], [ 79.7142182, 29.0343421 ], [ 79.7145045, 29.0365572 ], [ 79.7141245, 29.0472044 ], [ 79.7205607, 29.046359 ], [ 79.7211461, 29.0412915 ], [ 79.7244039, 29.0402222 ], [ 79.7243082, 29.0361229 ] ] ] } },
{ "type": "Feature", "properties": { "gp_code": "23873", "gp_name": "GUNIYARO", "blkname": "OKHALKANDA", "dtname": "Nainital", "SHAPE_Area": 7294269.2934114523 }, "geometry": { "type": "Polygon", "coordinates": [ [ [ 79.7985331, 29.1970236 ], [ 79.8020889, 29.1948998 ], [ 79.8027994, 29.1941578 ], [ 79.8064406, 29.1921545 ], [ 79.808478, 29.1915144 ], [ 79.8103544, 29.1913661 ], [ 79.8204285, 29.1869405 ], [ 79.8231175, 29.1864315 ], [ 79.8281539, 29.1844493 ], [ 79.8322377, 29.1845741 ], [ 79.8322983, 29.1820845 ], [ 79.8296065, 29.1763494 ], [ 79.8366203, 29.1663678 ], [ 79.8355693, 29.1653829 ], [ 79.8327006, 29.1636633 ], [ 79.8319231, 29.163562 ], [ 79.8304893, 29.1664619 ], [ 79.8303385, 29.1679977 ], [ 79.8290666, 29.1696428 ], [ 79.8260732, 29.1753518 ], [ 79.8246414, 29.1767557 ], [ 79.8232104, 29.1774669 ], [ 79.8221125, 29.1773653 ], [ 79.8208206, 29.1768519 ], [ 79.8160633, 29.1734383 ], [ 79.8098003, 29.1774165 ], [ 79.8034524, 29.1840947 ], [ 79.7963688, 29.1890351 ], [ 79.7945713, 29.1899363 ], [ 79.791504, 29.1907053 ], [ 79.7898905, 29.1908638 ], [ 79.7884726, 29.1905407 ], [ 79.7840076, 29.192402 ], [ 79.7910712, 29.1984697 ], [ 79.7928683, 29.1979099 ], [ 79.7944232, 29.1985342 ], [ 79.7969082, 29.1971922 ], [ 79.7985331, 29.1970236 ] ] ] } },
{ "type": "Feature", "properties": { "gp_code": "23892", "gp_name": "LAWAD DOVA", "blkname": "OKHALKANDA", "dtname": "Nainital", "SHAPE_Area": 18073004.237265389 }, "geometry": { "type": "Polygon", "coordinates": [ [ [ 79.7985331, 29.1970236 ], [ 79.7969082, 29.1971922 ], [ 79.7944232, 29.1985342 ], [ 79.7928683, 29.1979099 ], [ 79.7910712, 29.1984697 ], [ 79.7840076, 29.192402 ], [ 79.7806986, 29.1938733 ], [ 79.7781785, 29.1956566 ], [ 79.7739684, 29.200256 ], [ 79.7733583, 29.2023231 ], [ 79.7699933, 29.203011 ], [ 79.7655676, 29.2048919 ], [ 79.7666642, 29.205832 ], [ 79.7671487, 29.2067813 ], [ 79.7644097, 29.215448 ], [ 79.7771225, 29.215456 ], [ 79.7854076, 29.2150558 ], [ 79.7871438, 29.2169151 ], [ 79.7890428, 29.2171586 ], [ 79.78936, 29.2191164 ], [ 79.7898395, 29.2196893 ], [ 79.7916588, 29.2197719 ], [ 79.7927107, 29.2202853 ], [ 79.790821, 29.2280021 ], [ 79.7946042, 29.2308377 ], [ 79.7963457, 29.2366017 ], [ 79.7968712, 29.2371947 ], [ 79.7991383, 29.236555 ], [ 79.8038453, 29.2344027 ], [ 79.8092948, 29.2331545 ], [ 79.8134868, 29.2309611 ], [ 79.8153428, 29.2295479 ], [ 79.8169134, 29.2277127 ], [ 79.8179936, 29.2246422 ], [ 79.8209256, 29.2228788 ], [ 79.8210749, 29.2224775 ], [ 79.8196118, 29.2213817 ], [ 79.818028, 29.2167774 ], [ 79.8151694, 29.211494 ], [ 79.815346, 29.2082367 ], [ 79.8150832, 29.2079553 ], [ 79.8140761, 29.2081248 ], [ 79.8120137, 29.2099595 ], [ 79.8095654, 29.209796 ], [ 79.8086517, 29.2086505 ], [ 79.8083684, 29.2069437 ], [ 79.8087946, 29.205087 ], [ 79.809403, 29.2037727 ], [ 79.8114432, 29.2014662 ], [ 79.8115359, 29.2006532 ], [ 79.8103818, 29.1996983 ], [ 79.8095928, 29.1994464 ], [ 79.8080478, 29.1996654 ], [ 79.8068913, 29.2002563 ], [ 79.8064454, 29.2001352 ], [ 79.7985331, 29.1970236 ] ] ] } },
{ "type": "Feature", "properties": { "gp_code": "23891", "gp_name": "KUNDAL", "blkname": "OKHALKANDA", "dtname": "Nainital", "SHAPE_Area": 3708029.5691171908 }, "geometry": { "type": "Polygon", "coordinates": [ [ [ 79.8403672, 29.2367116 ], [ 79.8424524, 29.2337989 ], [ 79.8435322, 29.2305778 ], [ 79.8448154, 29.2293945 ], [ 79.8474069, 29.2252111 ], [ 79.8461493, 29.2242161 ], [ 79.84513, 29.2249078 ], [ 79.8430552, 29.2276763 ], [ 79.8384339, 29.2262062 ], [ 79.83744, 29.22486 ], [ 79.8350855, 29.2227095 ], [ 79.8313817, 29.2199552 ], [ 79.8304553, 29.2195828 ], [ 79.8287847, 29.2195208 ], [ 79.827868, 29.2204032 ], [ 79.8270418, 29.2220686 ], [ 79.8241868, 29.2260608 ], [ 79.8198222, 29.2302054 ], [ 79.826389, 29.231638 ], [ 79.8258366, 29.2338257 ], [ 79.8268635, 29.2360352 ], [ 79.8276185, 29.2362769 ], [ 79.8307534, 29.2369628 ], [ 79.833889, 29.2371066 ], [ 79.8372772, 29.2366884 ], [ 79.8403672, 29.2367116 ] ] ] } },
{ "type": "Feature", "properties": { "gp_code": "", "gp_name": "", "blkname": "OKHALKANDA", "dtname": "Nainital", "SHAPE_Area": 225259463.93217081 }, "geometry": { "type": "Polygon", "coordinates": [ [ [ 79.7530455, 29.3098309 ], [ 79.7531427, 29.308908 ], [ 79.7524941, 29.3065155 ], [ 79.7526854, 29.3055668 ], [ 79.7501508, 29.3025378 ], [ 79.7492556, 29.3008296 ], [ 79.7484587, 29.3003927 ], [ 79.7465158, 29.3001167 ], [ 79.7451123, 29.2990424 ], [ 79.7440358, 29.2987045 ], [ 79.743131, 29.2988107 ], [ 79.7420015, 29.2965979 ], [ 79.740507, 29.2963191 ], [ 79.7366373, 29.2938344 ], [ 79.737113, 29.2901576 ], [ 79.7364489, 29.2891669 ], [ 79.7385159, 29.2880291 ], [ 79.7401534, 29.2879426 ], [ 79.74259, 29.285058 ], [ 79.7439574, 29.2827956 ], [ 79.7430246, 29.2814746 ], [ 79.7432095, 29.2805744 ], [ 79.743876, 29.2803972 ], [ 79.745388, 29.2819553 ], [ 79.7460694, 29.2819297 ], [ 79.7464416, 29.2814488 ], [ 79.7464987, 29.2808783 ], [ 79.7460023, 29.2799325 ], [ 79.7470952, 29.2775895 ], [ 79.7467823, 29.2764388 ], [ 79.7462851, 29.2759121 ], [ 79.7436606, 29.2763537 ], [ 79.7431832, 29.2760677 ], [ 79.7450784, 29.2742875 ], [ 79.7443295, 29.2725789 ], [ 79.7455515, 29.2716537 ], [ 79.7456467, 29.2712614 ], [ 79.7452461, 29.2669012 ], [ 79.7500385, 29.2611349 ], [ 79.7527399, 29.2601873 ], [ 79.7531027, 29.2596754 ], [ 79.7524109, 29.2577221 ], [ 79.7525793, 29.2569658 ], [ 79.7556181, 29.2542371 ], [ 79.7563995, 29.2531402 ], [ 79.7585427, 29.252936 ], [ 79.759336, 29.2518294 ], [ 79.7602991, 29.2512669 ], [ 79.7619683, 29.2515134 ], [ 79.7631795, 29.2504765 ], [ 79.7641687, 29.2504673 ], [ 79.7672612, 29.2514517 ], [ 79.7693716, 29.2509385 ], [ 79.7705977, 29.25253 ], [ 79.7724691, 29.2535279 ], [ 79.7726212, 29.2543841 ], [ 79.7733188, 29.2549978 ], [ 79.7765411, 29.2565859 ], [ 79.7784031, 29.2580161 ], [ 79.7798495, 29.2584331 ], [ 79.7806239, 29.261155 ], [ 79.7833118, 29.2678087 ], [ 79.7824556, 29.2679661 ], [ 79.7827583, 29.2699493 ], [ 79.7893623, 29.2707335 ], [ 79.7901042, 29.271626 ], [ 79.7899553, 29.2727225 ], [ 79.7890632, 29.2735022 ], [ 79.7858437, 29.2734095 ], [ 79.7820933, 29.2721996 ], [ 79.7831276, 29.2736225 ], [ 79.7832372, 29.2746476 ], [ 79.7806511, 29.2771045 ], [ 79.7828916, 29.2772743 ], [ 79.7847084, 29.2764158 ], [ 79.7849686, 29.2782107 ], [ 79.786543, 29.2793806 ], [ 79.7873413, 29.2794277 ], [ 79.7894717, 29.2780937 ], [ 79.7923477, 29.2777563 ], [ 79.7925581, 29.2791349 ], [ 79.7939958, 29.2797234 ], [ 79.7971471, 29.2795402 ], [ 79.8026736, 29.2822047 ], [ 79.8033401, 29.2831572 ], [ 79.8027522, 29.2852795 ], [ 79.804675, 29.2839397 ], [ 79.8067071, 29.2838446 ], [ 79.8067253, 29.2841432 ], [ 79.8043379, 29.2858915 ], [ 79.8104863, 29.2844172 ], [ 79.8118559, 29.2843631 ], [ 79.8128321, 29.2830709 ], [ 79.8127783, 29.2818263 ], [ 79.8106514, 29.2799313 ], [ 79.8084746, 29.2793657 ], [ 79.8067509, 29.2780703 ], [ 79.8051098, 29.277385 ], [ 79.8059825, 29.2732503 ], [ 79.8039157, 29.270396 ], [ 79.8025462, 29.2695366 ], [ 79.8019028, 29.268172 ], [ 79.8019992, 29.2666978 ], [ 79.8029937, 29.264708 ], [ 79.8014657, 29.2629979 ], [ 79.8014906, 29.2618012 ], [ 79.8021658, 29.2603144 ], [ 79.8035398, 29.2592611 ], [ 79.8053966, 29.258732 ], [ 79.8051485, 29.2572187 ], [ 79.8053758, 29.2542905 ], [ 79.8040818, 29.2525739 ], [ 79.7992621, 29.2500272 ], [ 79.8011769, 29.2391975 ], [ 79.8024598, 29.2385166 ], [ 79.8145254, 29.2366438 ], [ 79.8209671, 29.2288478 ], [ 79.8241868, 29.2260608 ], [ 79.8270418, 29.2220686 ], [ 79.827868, 29.2204032 ], [ 79.8287847, 29.2195208 ], [ 79.8304553, 29.2195828 ], [ 79.8313817, 29.2199552 ], [ 79.8350855, 29.2227095 ], [ 79.83744, 29.22486 ], [ 79.8384339, 29.2262062 ], [ 79.8405385, 29.2269712 ], [ 79.8430552, 29.2276763 ], [ 79.84513, 29.2249078 ], [ 79.8461493, 29.2242161 ], [ 79.8474069, 29.2252111 ], [ 79.8448154, 29.2293945 ], [ 79.8435322, 29.2305778 ], [ 79.8424524, 29.2337989 ], [ 79.8403672, 29.2367116 ], [ 79.8399298, 29.2386184 ], [ 79.8397878, 29.2421917 ], [ 79.8362146, 29.2440351 ], [ 79.837057, 29.2474688 ], [ 79.8423974, 29.2455482 ], [ 79.8459956, 29.2420987 ], [ 79.8504836, 29.240828 ], [ 79.8491919, 29.2394918 ], [ 79.8478536, 29.2389184 ], [ 79.845622, 29.2387256 ], [ 79.843358, 29.2371274 ], [ 79.8427994, 29.2353802 ], [ 79.8436021, 29.2341062 ], [ 79.847768, 29.2340098 ], [ 79.8494064, 29.2324855 ], [ 79.8557329, 29.2342982 ], [ 79.8562254, 29.2339674 ], [ 79.8565471, 29.2329639 ], [ 79.8573023, 29.2329746 ], [ 79.857189, 29.2320008 ], [ 79.857579, 29.2312985 ], [ 79.8600508, 29.2313508 ], [ 79.86219, 29.2321558 ], [ 79.8629224, 29.2321463 ], [ 79.8656362, 29.2306831 ], [ 79.8664483, 29.2310953 ], [ 79.8659439, 29.2318879 ], [ 79.8662325, 29.234902 ], [ 79.8676973, 29.2349634 ], [ 79.8713013, 29.23594 ], [ 79.8741841, 29.237167 ], [ 79.877042, 29.2403813 ], [ 79.8778314, 29.2407232 ], [ 79.8809532, 29.2434959 ], [ 79.8811913, 29.2459353 ], [ 79.8866932, 29.2447912 ], [ 79.888843, 29.2469006 ], [ 79.8903703, 29.2477147 ], [ 79.8918982, 29.2478713 ], [ 79.8931224, 29.248374 ], [ 79.9011227, 29.2487404 ], [ 79.9019347, 29.2494235 ], [ 79.9020587, 29.2501671 ], [ 79.8991775, 29.2505224 ], [ 79.8997049, 29.2523607 ], [ 79.9005367, 29.251948 ], [ 79.9033354, 29.2531165 ], [ 79.9067523, 29.249996 ], [ 79.9064821, 29.247918 ], [ 79.9068508, 29.2445707 ], [ 79.9084445, 29.2407874 ], [ 79.9092922, 29.2396736 ], [ 79.9047238, 29.239262 ], [ 79.9041507, 29.2405967 ], [ 79.9035552, 29.2410179 ], [ 79.9003963, 29.2410662 ], [ 79.8963938, 29.2371991 ], [ 79.8942398, 29.2333531 ], [ 79.8937662, 29.2317818 ], [ 79.8930223, 29.2318416 ], [ 79.8918799, 29.2293916 ], [ 79.8904158, 29.2286729 ], [ 79.8872805, 29.2283144 ], [ 79.8871453, 29.2259051 ], [ 79.8890235, 29.2242702 ], [ 79.8876975, 29.2228037 ], [ 79.8868506, 29.2229436 ], [ 79.8856022, 29.224037 ], [ 79.8832467, 29.2221079 ], [ 79.8831903, 29.2212446 ], [ 79.8824526, 29.2207522 ], [ 79.8823456, 29.2190607 ], [ 79.885184, 29.2184202 ], [ 79.8878719, 29.2196468 ], [ 79.8914303, 29.2201813 ], [ 79.8926798, 29.2176475 ], [ 79.8951175, 29.217107 ], [ 79.898985, 29.2173504 ], [ 79.8998211, 29.216327 ], [ 79.9000912, 29.2149419 ], [ 79.9027636, 29.2141054 ], [ 79.9047073, 29.2161543 ], [ 79.9046378, 29.2171983 ], [ 79.9064113, 29.2174402 ], [ 79.9079896, 29.2185252 ], [ 79.9082852, 29.2211655 ], [ 79.9100694, 29.2225217 ], [ 79.914026, 29.2294776 ], [ 79.9177245, 29.2263076 ], [ 79.9218458, 29.2238402 ], [ 79.9229231, 29.2211405 ], [ 79.924618, 29.2190333 ], [ 79.9267831, 29.2150089 ], [ 79.9267264, 29.2141557 ], [ 79.9251037, 29.2106415 ], [ 79.9229881, 29.2085927 ], [ 79.9203452, 29.2083907 ], [ 79.9192126, 29.2080788 ], [ 79.9180003, 29.207245 ], [ 79.9167884, 29.2058692 ], [ 79.9155661, 29.2029173 ], [ 79.9138163, 29.2017619 ], [ 79.9126618, 29.2003458 ], [ 79.912273, 29.2000745 ], [ 79.9105223, 29.2002292 ], [ 79.9039135, 29.1948296 ], [ 79.903628, 29.1942372 ], [ 79.9034699, 29.1915568 ], [ 79.9015853, 29.1877309 ], [ 79.900709, 29.1820183 ], [ 79.8970727, 29.1801136 ], [ 79.8954732, 29.1778137 ], [ 79.8915295, 29.1745484 ], [ 79.883945, 29.1751956 ], [ 79.882344, 29.1747025 ], [ 79.8804349, 29.1734362 ], [ 79.8789842, 29.1714574 ], [ 79.8782542, 29.1692884 ], [ 79.8779025, 29.1663166 ], [ 79.8785463, 29.1629741 ], [ 79.8778922, 29.1593243 ], [ 79.8684988, 29.1516192 ], [ 79.8628737, 29.1500434 ], [ 79.8591798, 29.1498796 ], [ 79.8550276, 29.1505786 ], [ 79.8509675, 29.1506653 ], [ 79.8485099, 29.1496289 ], [ 79.8468973, 29.1496474 ], [ 79.8422264, 29.1534679 ], [ 79.8400759, 29.1537168 ], [ 79.8394005, 29.1541278 ], [ 79.8399464, 29.1565578 ], [ 79.8390985, 29.1577918 ], [ 79.8385835, 29.1580222 ], [ 79.8338595, 29.1582583 ], [ 79.826278, 29.1572664 ], [ 79.8246181, 29.1582787 ], [ 79.8230835, 29.1597427 ], [ 79.8224985, 29.1608966 ], [ 79.8221643, 29.162643 ], [ 79.8214802, 29.1690774 ], [ 79.8187884, 29.1716845 ], [ 79.8168423, 29.1726863 ], [ 79.8160633, 29.1734383 ], [ 79.8208206, 29.1768519 ], [ 79.8232104, 29.1774669 ], [ 79.8246414, 29.1767557 ], [ 79.8260732, 29.1753518 ], [ 79.8290666, 29.1696428 ], [ 79.8303385, 29.1679977 ], [ 79.8304893, 29.1664619 ], [ 79.8319231, 29.163562 ], [ 79.8327006, 29.1636633 ], [ 79.8355693, 29.1653829 ], [ 79.8366203, 29.1663678 ], [ 79.8296065, 29.1763494 ], [ 79.8322983, 29.1820845 ], [ 79.8322377, 29.1845741 ], [ 79.8281539, 29.1844493 ], [ 79.8231175, 29.1864315 ], [ 79.8204285, 29.1869405 ], [ 79.8103544, 29.1913661 ], [ 79.808478, 29.1915144 ], [ 79.8064406, 29.1921545 ], [ 79.8027994, 29.1941578 ], [ 79.8020889, 29.1948998 ], [ 79.7985331, 29.1970236 ], [ 79.8064454, 29.2001352 ], [ 79.8068913, 29.2002563 ], [ 79.8080478, 29.1996654 ], [ 79.8095928, 29.1994464 ], [ 79.8103818, 29.1996983 ], [ 79.8115359, 29.2006532 ], [ 79.8114432, 29.2014662 ], [ 79.809403, 29.2037727 ], [ 79.8087946, 29.205087 ], [ 79.8083684, 29.2069437 ], [ 79.8086517, 29.2086505 ], [ 79.8095654, 29.209796 ], [ 79.8120137, 29.2099595 ], [ 79.8140761, 29.2081248 ], [ 79.8150832, 29.2079553 ], [ 79.815346, 29.2082367 ], [ 79.8151694, 29.211494 ], [ 79.818028, 29.2167774 ], [ 79.8196118, 29.2213817 ], [ 79.8210749, 29.2224775 ], [ 79.8209256, 29.2228788 ], [ 79.8179936, 29.2246422 ], [ 79.8169134, 29.2277127 ], [ 79.8153428, 29.2295479 ], [ 79.8134868, 29.2309611 ], [ 79.8092948, 29.2331545 ], [ 79.8038453, 29.2344027 ], [ 79.7978672, 29.2369751 ], [ 79.7968712, 29.2371947 ], [ 79.7963457, 29.2366017 ], [ 79.7946042, 29.2308377 ], [ 79.790821, 29.2280021 ], [ 79.7927107, 29.2202853 ], [ 79.7916588, 29.2197719 ], [ 79.7898395, 29.2196893 ], [ 79.78936, 29.2191164 ], [ 79.7890428, 29.2171586 ], [ 79.7871438, 29.2169151 ], [ 79.7854076, 29.2150558 ], [ 79.7771225, 29.215456 ], [ 79.7644097, 29.215448 ], [ 79.7663954, 29.2088532 ], [ 79.7634011, 29.2099732 ], [ 79.7561104, 29.2139626 ], [ 79.7544015, 29.2130314 ], [ 79.7527074, 29.2133576 ], [ 79.7512065, 29.2143189 ], [ 79.7497894, 29.2136721 ], [ 79.7492895, 29.2089169 ], [ 79.7503688, 29.2053019 ], [ 79.7507103, 29.2050401 ], [ 79.7534015, 29.2038297 ], [ 79.7580936, 29.2032344 ], [ 79.7603947, 29.2025854 ], [ 79.7700233, 29.1991763 ], [ 79.771602, 29.1992388 ], [ 79.7739684, 29.200256 ], [ 79.7770296, 29.1971709 ], [ 79.7748059, 29.1943169 ], [ 79.7722576, 29.1927071 ], [ 79.7674529, 29.1925396 ], [ 79.7661619, 29.1916242 ], [ 79.7644456, 29.1916919 ], [ 79.759265, 29.1907005 ], [ 79.7587745, 29.1899971 ], [ 79.7585938, 29.1888322 ], [ 79.7562487, 29.1828958 ], [ 79.7533831, 29.1800404 ], [ 79.7507993, 29.1792935 ], [ 79.7486486, 29.1791175 ], [ 79.7471971, 29.1778301 ], [ 79.7452582, 29.1772377 ], [ 79.7423004, 29.177161 ], [ 79.7381697, 29.179502 ], [ 79.7376405, 29.1802948 ], [ 79.7370224, 29.1829051 ], [ 79.7358058, 29.183747 ], [ 79.7343493, 29.1842107 ], [ 79.7304655, 29.1848388 ], [ 79.7276101, 29.1847741 ], [ 79.725948, 29.1858137 ], [ 79.7249752, 29.1869693 ], [ 79.7234857, 29.1875123 ], [ 79.7184665, 29.1871191 ], [ 79.7157912, 29.186346 ], [ 79.7129851, 29.186254 ], [ 79.7123155, 29.1865917 ], [ 79.7080479, 29.1906422 ], [ 79.7022932, 29.1928506 ], [ 79.7030874, 29.1945331 ], [ 79.7028966, 29.1959361 ], [ 79.7007934, 29.2007927 ], [ 79.6997931, 29.2014521 ], [ 79.6993012, 29.2022779 ], [ 79.6973797, 29.2038965 ], [ 79.6963729, 29.20543 ], [ 79.6929167, 29.2086471 ], [ 79.6904185, 29.2129738 ], [ 79.684853, 29.213649 ], [ 79.6837581, 29.2144073 ], [ 79.6824902, 29.2164713 ], [ 79.6816049, 29.2163042 ], [ 79.6812126, 29.2149809 ], [ 79.6834996, 29.2123568 ], [ 79.6834636, 29.2116624 ], [ 79.6824112, 29.2105527 ], [ 79.6822998, 29.2099077 ], [ 79.6842968, 29.210077 ], [ 79.6820995, 29.2090394 ], [ 79.6800268, 29.2071424 ], [ 79.679987, 29.2079689 ], [ 79.6765969, 29.2109296 ], [ 79.6756268, 29.2143911 ], [ 79.6748261, 29.2143316 ], [ 79.674256, 29.2125616 ], [ 79.6728631, 29.211947 ], [ 79.6716355, 29.2130026 ], [ 79.6692984, 29.2166596 ], [ 79.6681692, 29.2161117 ], [ 79.6686284, 29.2187826 ], [ 79.6682275, 29.2207325 ], [ 79.6684873, 29.2222373 ], [ 79.6689939, 29.2230815 ], [ 79.6693042, 29.2257117 ], [ 79.674474, 29.2317717 ], [ 79.6762666, 29.2373055 ], [ 79.6774583, 29.2383732 ], [ 79.6733751, 29.2428702 ], [ 79.6700128, 29.2455743 ], [ 79.6693884, 29.2464657 ], [ 79.66915, 29.2483755 ], [ 79.6694966, 29.2499561 ], [ 79.6731033, 29.2534516 ], [ 79.6731609, 29.2549094 ], [ 79.6724195, 29.2559337 ], [ 79.6707409, 29.2562541 ], [ 79.6724722, 29.2570567 ], [ 79.6730427, 29.2576535 ], [ 79.6736825, 29.2601631 ], [ 79.6801472, 29.2631307 ], [ 79.6808961, 29.2641454 ], [ 79.6786769, 29.2661107 ], [ 79.6762692, 29.26723 ], [ 79.6754692, 29.2668184 ], [ 79.6761068, 29.2701939 ], [ 79.6753743, 29.2726872 ], [ 79.6717219, 29.2751789 ], [ 79.6712568, 29.2764196 ], [ 79.6712504, 29.2788221 ], [ 79.6706139, 29.2799966 ], [ 79.6603314, 29.2857266 ], [ 79.6592757, 29.2892165 ], [ 79.6551962, 29.2945793 ], [ 79.6533233, 29.2962317 ], [ 79.6582453, 29.2961209 ], [ 79.6580427, 29.2958084 ], [ 79.6583133, 29.2935802 ], [ 79.6597215, 29.2918982 ], [ 79.6629597, 29.2903804 ], [ 79.6665442, 29.2902909 ], [ 79.6694314, 29.2890566 ], [ 79.6721346, 29.2859863 ], [ 79.6723099, 29.285113 ], [ 79.6735455, 29.2831719 ], [ 79.6738713, 29.2830566 ], [ 79.679906, 29.2853601 ], [ 79.6814189, 29.2862546 ], [ 79.6826084, 29.2864263 ], [ 79.6859863, 29.2877925 ], [ 79.6869462, 29.2822713 ], [ 79.6891279, 29.2841211 ], [ 79.6899919, 29.2842921 ], [ 79.6909898, 29.2837725 ], [ 79.6924181, 29.2819476 ], [ 79.6939036, 29.2816339 ], [ 79.6944575, 29.2819734 ], [ 79.6943063, 29.2832573 ], [ 79.6945311, 29.2837442 ], [ 79.6981086, 29.2837102 ], [ 79.6990233, 29.2839794 ], [ 79.6994085, 29.2844437 ], [ 79.6994445, 29.2864051 ], [ 79.7002218, 29.2887782 ], [ 79.7010804, 29.2901594 ], [ 79.702289, 29.2908125 ], [ 79.7071384, 29.2915791 ], [ 79.709384, 29.2924213 ], [ 79.7141978, 29.2910212 ], [ 79.7160478, 29.2910814 ], [ 79.7170949, 29.2916192 ], [ 79.7175431, 29.2913347 ], [ 79.7214486, 29.2912523 ], [ 79.7263159, 29.2885861 ], [ 79.7277608, 29.2881963 ], [ 79.7288793, 29.2883051 ], [ 79.7295891, 29.2892514 ], [ 79.7313965, 29.2905739 ], [ 79.7321983, 29.2913063 ], [ 79.7323986, 29.2927687 ], [ 79.7316545, 29.2935521 ], [ 79.7281417, 29.2954482 ], [ 79.7272773, 29.2953456 ], [ 79.7246764, 29.2941429 ], [ 79.7215236, 29.2941054 ], [ 79.7201008, 29.2935948 ], [ 79.7184466, 29.2942784 ], [ 79.7182423, 29.2946613 ], [ 79.7159409, 29.29595 ], [ 79.7150697, 29.2944195 ], [ 79.7137849, 29.2936238 ], [ 79.7099155, 29.2934786 ], [ 79.7081249, 29.293725 ], [ 79.7044457, 29.2926842 ], [ 79.7023803, 29.2917349 ], [ 79.701412, 29.2917915 ], [ 79.7010391, 29.2925174 ], [ 79.701778, 29.2939408 ], [ 79.7016049, 29.2961782 ], [ 79.7028419, 29.2977495 ], [ 79.7024534, 29.2986003 ], [ 79.7027421, 29.299051 ], [ 79.7050037, 29.2996792 ], [ 79.709159, 29.2972975 ], [ 79.7103515, 29.2962309 ], [ 79.7113485, 29.2960979 ], [ 79.711968, 29.2965002 ], [ 79.7120654, 29.2983547 ], [ 79.713159, 29.3004117 ], [ 79.7160338, 29.2997659 ], [ 79.7193423, 29.2984255 ], [ 79.7196776, 29.2986044 ], [ 79.7200084, 29.3007357 ], [ 79.7194949, 29.3029012 ], [ 79.7195441, 29.3036323 ], [ 79.7198995, 29.3039182 ], [ 79.7232768, 29.3036967 ], [ 79.7258287, 29.3018869 ], [ 79.7286625, 29.2990745 ], [ 79.7304155, 29.2985217 ], [ 79.7323033, 29.2984304 ], [ 79.733657, 29.2987976 ], [ 79.7341231, 29.2995739 ], [ 79.7341064, 29.3002648 ], [ 79.737005, 29.3047132 ], [ 79.7374784, 29.3072375 ], [ 79.7381281, 29.3078359 ], [ 79.74064, 29.3081252 ], [ 79.7414731, 29.3085456 ], [ 79.7423033, 29.3104369 ], [ 79.7453207, 29.3133881 ], [ 79.7453822, 29.314458 ], [ 79.7433926, 29.3148738 ], [ 79.7424549, 29.3147122 ], [ 79.7415771, 29.3151395 ], [ 79.7402035, 29.3173738 ], [ 79.7386166, 29.3173535 ], [ 79.7380545, 29.318605 ], [ 79.7373678, 29.3210466 ], [ 79.7374266, 29.3220987 ], [ 79.7412677, 29.3244323 ], [ 79.7461257, 29.3261704 ], [ 79.7473327, 29.3256842 ], [ 79.7499207, 29.322519 ], [ 79.7491291, 29.3209015 ], [ 79.747674, 29.319548 ], [ 79.7474651, 29.318057 ], [ 79.7465197, 29.3160712 ], [ 79.7468881, 29.3144715 ], [ 79.7487781, 29.3122212 ], [ 79.7489765, 29.3110503 ], [ 79.746575, 29.3068859 ], [ 79.7476728, 29.3057035 ], [ 79.7491965, 29.3077071 ], [ 79.7530455, 29.3098309 ] ], [ [ 79.7171397, 29.2698187 ], [ 79.7187805, 29.26819 ], [ 79.7195947, 29.2678883 ], [ 79.7195761, 29.2670858 ], [ 79.7207577, 29.2662052 ], [ 79.7225664, 29.2667165 ], [ 79.7245615, 29.2657749 ], [ 79.7261579, 29.265742 ], [ 79.7276918, 29.2664311 ], [ 79.7284611, 29.2680283 ], [ 79.7302591, 29.2688337 ], [ 79.7326529, 29.2715392 ], [ 79.7334367, 29.2712017 ], [ 79.7356292, 29.2682899 ], [ 79.7365662, 29.2675603 ], [ 79.7372379, 29.2672405 ], [ 79.7401362, 29.2671025 ], [ 79.739335, 29.2709082 ], [ 79.740628, 29.2726131 ], [ 79.7420644, 29.2737433 ], [ 79.7420802, 29.2783839 ], [ 79.7387173, 29.2817485 ], [ 79.7358238, 29.284258 ], [ 79.7350198, 29.2845597 ], [ 79.7309569, 29.284602 ], [ 79.7287713, 29.2842195 ], [ 79.7272706, 29.2845112 ], [ 79.724998, 29.284427 ], [ 79.7228511, 29.2849026 ], [ 79.7179499, 29.2846444 ], [ 79.7167185, 29.2850346 ], [ 79.713199, 29.2853493 ], [ 79.7104874, 29.2837753 ], [ 79.7095825, 29.2837113 ], [ 79.7066194, 29.2874013 ], [ 79.7058669, 29.2873911 ], [ 79.7055026, 29.2866504 ], [ 79.7061502, 29.2837362 ], [ 79.7086693, 29.2806561 ], [ 79.7076239, 29.2797983 ], [ 79.7076352, 29.279308 ], [ 79.7088893, 29.2779373 ], [ 79.710925, 29.2771028 ], [ 79.7118631, 29.275999 ], [ 79.7122858, 29.2735346 ], [ 79.7118005, 29.2723613 ], [ 79.7128438, 29.2718594 ], [ 79.7134659, 29.2711295 ], [ 79.7143711, 29.2710062 ], [ 79.7146472, 29.270347 ], [ 79.7154928, 29.2696709 ], [ 79.7171397, 29.2698187 ] ], [ [ 79.7189344, 29.2563768 ], [ 79.7182375, 29.2588275 ], [ 79.717464, 29.2591471 ], [ 79.716418, 29.2585969 ], [ 79.7165963, 29.2562078 ], [ 79.7174328, 29.2550235 ], [ 79.7180529, 29.2550691 ], [ 79.7189344, 29.2563768 ] ], [ [ 79.7378563, 29.2561234 ], [ 79.7371631, 29.2570317 ], [ 79.7353133, 29.2567077 ], [ 79.7348896, 29.255035 ], [ 79.7357241, 29.2547648 ], [ 79.7367202, 29.2548912 ], [ 79.7376744, 29.255606 ], [ 79.7378563, 29.2561234 ] ], [ [ 79.7445303, 29.2540925 ], [ 79.7443205, 29.2547519 ], [ 79.7431908, 29.2552851 ], [ 79.7412703, 29.2547916 ], [ 79.7406614, 29.2542467 ], [ 79.7405811, 29.2537206 ], [ 79.7412034, 29.2526963 ], [ 79.7419156, 29.2524566 ], [ 79.7436834, 29.2531014 ], [ 79.7445303, 29.2540925 ] ], [ [ 79.7533252, 29.251986 ], [ 79.7511433, 29.2542481 ], [ 79.7496681, 29.253728 ], [ 79.7491897, 29.2530476 ], [ 79.749389, 29.2522677 ], [ 79.7509276, 29.2513674 ], [ 79.7517784, 29.2503978 ], [ 79.7533252, 29.251986 ] ], [ [ 79.7901727, 29.2500643 ], [ 79.7910947, 29.2504215 ], [ 79.7914811, 29.2510531 ], [ 79.7912231, 29.2553709 ], [ 79.7892242, 29.2551028 ], [ 79.7876883, 29.2528783 ], [ 79.7874162, 29.2519983 ], [ 79.7876961, 29.2511201 ], [ 79.7883452, 29.2504665 ], [ 79.7901727, 29.2500643 ] ], [ [ 79.7510403, 29.2499827 ], [ 79.7502009, 29.2506392 ], [ 79.7492085, 29.2502312 ], [ 79.7487885, 29.249594 ], [ 79.7501144, 29.2491903 ], [ 79.7507858, 29.2494904 ], [ 79.7510403, 29.2499827 ] ], [ [ 79.6891775, 29.226862 ], [ 79.6888731, 29.2261919 ], [ 79.6907622, 29.2243812 ], [ 79.6919809, 29.2193084 ], [ 79.694267, 29.2169322 ], [ 79.6948365, 29.2152635 ], [ 79.6964398, 29.2146384 ], [ 79.698887, 29.215701 ], [ 79.7017508, 29.2178844 ], [ 79.7023821, 29.2178856 ], [ 79.703751, 29.2168053 ], [ 79.7075054, 29.2149771 ], [ 79.7105497, 29.2105686 ], [ 79.7111159, 29.210206 ], [ 79.7116435, 29.2101903 ], [ 79.7131865, 29.2111189 ], [ 79.7139913, 29.2135092 ], [ 79.7156477, 29.2143387 ], [ 79.7215217, 29.2125883 ], [ 79.7253851, 29.2124297 ], [ 79.7266281, 29.2127459 ], [ 79.7268911, 29.21311 ], [ 79.7264184, 29.2138201 ], [ 79.7198393, 29.2149164 ], [ 79.7171447, 29.214796 ], [ 79.7139957, 29.2157162 ], [ 79.7126388, 29.2157138 ], [ 79.7114506, 29.216158 ], [ 79.7082603, 29.2185411 ], [ 79.7069714, 29.2176791 ], [ 79.7042956, 29.2175998 ], [ 79.7029461, 29.2184735 ], [ 79.6984573, 29.2199695 ], [ 79.6962976, 29.2246108 ], [ 79.6961614, 29.2263629 ], [ 79.6938424, 29.2267139 ], [ 79.6926435, 29.2275879 ], [ 79.695465, 29.2278701 ], [ 79.6968993, 29.2270793 ], [ 79.6986145, 29.2269998 ], [ 79.6997072, 29.2272003 ], [ 79.7000824, 29.2278788 ], [ 79.7020416, 29.2282296 ], [ 79.7025686, 29.2285281 ], [ 79.7027557, 29.2290906 ], [ 79.7022258, 29.2299988 ], [ 79.6978504, 29.2312139 ], [ 79.6997824, 29.2350362 ], [ 79.7001373, 29.2363594 ], [ 79.6971343, 29.23885 ], [ 79.6959982, 29.2410134 ], [ 79.6953571, 29.2410949 ], [ 79.6924755, 29.2401802 ], [ 79.6880899, 29.2378244 ], [ 79.6857385, 29.2360178 ], [ 79.6849661, 29.2358345 ], [ 79.6844382, 29.2359161 ], [ 79.6826254, 29.2372846 ], [ 79.6781569, 29.2378544 ], [ 79.6767454, 29.2370415 ], [ 79.6764831, 29.2364459 ], [ 79.6769569, 29.2354715 ], [ 79.6796959, 29.2330634 ], [ 79.6810956, 29.2311486 ], [ 79.6824176, 29.2300766 ], [ 79.6867936, 29.2286965 ], [ 79.6891775, 29.226862 ] ], [ [ 79.7180308, 29.2104993 ], [ 79.7149223, 29.2101797 ], [ 79.7144369, 29.2082446 ], [ 79.7163975, 29.2078182 ], [ 79.7183567, 29.2080531 ], [ 79.7186577, 29.2083016 ], [ 79.7185414, 29.2097232 ], [ 79.7180308, 29.2104993 ] ], [ [ 79.7471804, 29.2042442 ], [ 79.7485585, 29.2054745 ], [ 79.7459081, 29.2069417 ], [ 79.7448052, 29.207221 ], [ 79.7425632, 29.2070521 ], [ 79.7421185, 29.2056751 ], [ 79.7393603, 29.2090763 ], [ 79.7384373, 29.208959 ], [ 79.7365897, 29.2093445 ], [ 79.7347841, 29.2077793 ], [ 79.733104, 29.2048173 ], [ 79.7319431, 29.2014262 ], [ 79.7320207, 29.2004014 ], [ 79.7333589, 29.2002053 ], [ 79.7351076, 29.2018779 ], [ 79.736218, 29.2024914 ], [ 79.7411547, 29.2025325 ], [ 79.7415843, 29.2043352 ], [ 79.7420541, 29.2049476 ], [ 79.7433541, 29.2049992 ], [ 79.7471804, 29.2042442 ] ], [ [ 79.7155802, 29.2047625 ], [ 79.7128331, 29.2030713 ], [ 79.7134202, 29.2017663 ], [ 79.7131018, 29.2009392 ], [ 79.7115417, 29.1992997 ], [ 79.7087306, 29.1968396 ], [ 79.7068571, 29.1963236 ], [ 79.7042521, 29.1944011 ], [ 79.7041053, 29.1927559 ], [ 79.7056692, 29.1927339 ], [ 79.7064493, 29.1934959 ], [ 79.7072966, 29.1937289 ], [ 79.7110645, 29.1938183 ], [ 79.7131158, 29.1948966 ], [ 79.7142225, 29.1970478 ], [ 79.7178118, 29.2012203 ], [ 79.7163943, 29.2030693 ], [ 79.7155802, 29.2047625 ] ], [ [ 79.7272223, 29.2060556 ], [ 79.7246194, 29.2071753 ], [ 79.7234887, 29.2072395 ], [ 79.7209325, 29.204342 ], [ 79.7205394, 29.2032006 ], [ 79.7208823, 29.201548 ], [ 79.7229942, 29.2008904 ], [ 79.7240479, 29.2014873 ], [ 79.7247249, 29.2021333 ], [ 79.7249286, 29.2037206 ], [ 79.7272223, 29.2060556 ] ], [ [ 79.7460679, 29.1956381 ], [ 79.7411684, 29.195994 ], [ 79.7399424, 29.1966203 ], [ 79.7383187, 29.1981386 ], [ 79.735527, 29.1996384 ], [ 79.732293, 29.1964589 ], [ 79.7312229, 29.1946716 ], [ 79.7325836, 29.1927562 ], [ 79.7329416, 29.1927237 ], [ 79.7367616, 29.1949784 ], [ 79.7398335, 29.1946031 ], [ 79.7396889, 29.1917098 ], [ 79.7404809, 29.1913968 ], [ 79.7418359, 29.19211 ], [ 79.7430194, 29.1937982 ], [ 79.744924, 29.1929993 ], [ 79.7456288, 29.1938601 ], [ 79.7460679, 29.1956381 ] ], [ [ 79.6757666, 29.2221448 ], [ 79.6721103, 29.2222696 ], [ 79.6718335, 29.2200538 ], [ 79.6752643, 29.2196805 ], [ 79.6758628, 29.2213845 ], [ 79.6757666, 29.2221448 ] ], [ [ 79.904098, 29.2050666 ], [ 79.9061801, 29.2053489 ], [ 79.9067288, 29.2061121 ], [ 79.9104589, 29.2059134 ], [ 79.9100447, 29.2091054 ], [ 79.9116221, 29.2114954 ], [ 79.9112773, 29.213503 ], [ 79.9092404, 29.2137026 ], [ 79.9069528, 29.2125769 ], [ 79.8981659, 29.2115076 ], [ 79.901142, 29.2100037 ], [ 79.904098, 29.2050666 ] ], [ [ 79.886304, 29.1949763 ], [ 79.8894374, 29.196414 ], [ 79.8929154, 29.1965468 ], [ 79.8942765, 29.196889 ], [ 79.895766, 29.2011665 ], [ 79.8955302, 29.2025817 ], [ 79.8944767, 29.2036652 ], [ 79.8921646, 29.204768 ], [ 79.8891894, 29.2051875 ], [ 79.8876335, 29.2049656 ], [ 79.8870663, 29.1996046 ], [ 79.8881436, 29.1975274 ], [ 79.8860851, 29.1965321 ], [ 79.8856167, 29.1958893 ], [ 79.886304, 29.1949763 ] ], [ [ 79.7863944, 29.2685749 ], [ 79.7848097, 29.2680275 ], [ 79.7849296, 29.2665196 ], [ 79.7843477, 29.2650966 ], [ 79.7840592, 29.2620871 ], [ 79.7848113, 29.2617464 ], [ 79.786147, 29.2618458 ], [ 79.7887084, 29.2612147 ], [ 79.7893484, 29.2613376 ], [ 79.7897621, 29.26351 ], [ 79.7894261, 29.2647298 ], [ 79.7868362, 29.2656293 ], [ 79.7861947, 29.2664338 ], [ 79.7863944, 29.2685749 ] ], [ [ 79.7968844, 29.2696425 ], [ 79.7999053, 29.2688799 ], [ 79.8005529, 29.2697516 ], [ 79.7999017, 29.2711095 ], [ 79.7986294, 29.2716189 ], [ 79.7968844, 29.2696425 ] ] ] } },
{ "type": "Feature", "properties": { "gp_code": "", "gp_name": "", "blkname": "OKHALKANDA", "dtname": "Nainital", "SHAPE_Area": 33252.363029853586 }, "geometry": { "type": "Polygon", "coordinates": [ [ [ 79.7510403, 29.2499827 ], [ 79.7507858, 29.2494904 ], [ 79.7501144, 29.2491903 ], [ 79.7487885, 29.249594 ], [ 79.7492085, 29.2502312 ], [ 79.7502009, 29.2506392 ], [ 79.7510403, 29.2499827 ] ] ] } },
{ "type": "Feature", "properties": { "gp_code": "23876", "gp_name": "HARISH TAL", "blkname": "OKHALKANDA", "dtname": "Nainital", "SHAPE_Area": 2580003.4756267141 }, "geometry": { "type": "Polygon", "coordinates": [ [ [ 79.7536749, 29.2130328 ], [ 79.7544015, 29.2130314 ], [ 79.7561104, 29.2139626 ], [ 79.7634011, 29.2099732 ], [ 79.7663954, 29.2088532 ], [ 79.7671487, 29.2067813 ], [ 79.7666642, 29.205832 ], [ 79.7655676, 29.2048919 ], [ 79.7699933, 29.203011 ], [ 79.7733583, 29.2023231 ], [ 79.7739684, 29.200256 ], [ 79.771602, 29.1992388 ], [ 79.7700233, 29.1991763 ], [ 79.7603947, 29.2025854 ], [ 79.7580936, 29.2032344 ], [ 79.7534015, 29.2038297 ], [ 79.7507103, 29.2050401 ], [ 79.7503688, 29.2053019 ], [ 79.7492895, 29.2089169 ], [ 79.7497894, 29.2136721 ], [ 79.7512065, 29.2143189 ], [ 79.7536749, 29.2130328 ] ] ] } },
{ "type": "Feature", "properties": { "gp_code": "", "gp_name": "", "blkname": "OKHALKANDA", "dtname": "Nainital", "SHAPE_Area": 953705.51049403299 }, "geometry": { "type": "Polygon", "coordinates": [ [ [ 79.7471804, 29.2042442 ], [ 79.7433541, 29.2049992 ], [ 79.7420541, 29.2049476 ], [ 79.7415843, 29.2043352 ], [ 79.7411547, 29.2025325 ], [ 79.736218, 29.2024914 ], [ 79.7351076, 29.2018779 ], [ 79.7333589, 29.2002053 ], [ 79.7320207, 29.2004014 ], [ 79.7319431, 29.2014262 ], [ 79.733104, 29.2048173 ], [ 79.7347841, 29.2077793 ], [ 79.7365897, 29.2093445 ], [ 79.7384373, 29.208959 ], [ 79.7393603, 29.2090763 ], [ 79.7421185, 29.2056751 ], [ 79.7425632, 29.2070521 ], [ 79.7448052, 29.207221 ], [ 79.7459081, 29.2069417 ], [ 79.7485585, 29.2054745 ], [ 79.7471804, 29.2042442 ] ] ] } },
{ "type": "Feature", "properties": { "gp_code": "23876", "gp_name": "HARISH TAL", "blkname": "OKHALKANDA", "dtname": "Nainital", "SHAPE_Area": 738491.42657985084 }, "geometry": { "type": "Polygon", "coordinates": [ [ [ 79.7460679, 29.1956381 ], [ 79.7456288, 29.1938601 ], [ 79.744924, 29.1929993 ], [ 79.7430194, 29.1937982 ], [ 79.7418359, 29.19211 ], [ 79.7404809, 29.1913968 ], [ 79.7396889, 29.1917098 ], [ 79.7398335, 29.1946031 ], [ 79.7367616, 29.1949784 ], [ 79.7329416, 29.1927237 ], [ 79.7325836, 29.1927562 ], [ 79.7312229, 29.1946716 ], [ 79.732293, 29.1964589 ], [ 79.735527, 29.1996384 ], [ 79.7383187, 29.1981386 ], [ 79.7399424, 29.1966203 ], [ 79.7411684, 29.195994 ], [ 79.7460679, 29.1956381 ] ] ] } },
{ "type": "Feature", "properties": { "gp_code": "", "gp_name": "", "blkname": "OKHALKANDA", "dtname": "Nainital", "SHAPE_Area": 340764.02776700899 }, "geometry": { "type": "Polygon", "coordinates": [ [ [ 79.7272223, 29.2060556 ], [ 79.7249286, 29.2037206 ], [ 79.7247249, 29.2021333 ], [ 79.7240479, 29.2014873 ], [ 79.7229942, 29.2008904 ], [ 79.7208823, 29.201548 ], [ 79.7205394, 29.2032006 ], [ 79.7209325, 29.204342 ], [ 79.7234887, 29.2072395 ], [ 79.7246194, 29.2071753 ], [ 79.7272223, 29.2060556 ] ] ] } },
{ "type": "Feature", "properties": { "gp_code": "23923", "gp_name": "TIMMAR", "blkname": "OKHALKANDA", "dtname": "Nainital", "SHAPE_Area": 1858292.5668209346 }, "geometry": { "type": "Polygon", "coordinates": [ [ [ 79.7326529, 29.2715392 ], [ 79.7302591, 29.2688337 ], [ 79.7284611, 29.2680283 ], [ 79.7276918, 29.2664311 ], [ 79.7261579, 29.265742 ], [ 79.7245615, 29.2657749 ], [ 79.7225664, 29.2667165 ], [ 79.7207577, 29.2662052 ], [ 79.7195761, 29.2670858 ], [ 79.7195947, 29.2678883 ], [ 79.7187805, 29.26819 ], [ 79.7171397, 29.2698187 ], [ 79.7181209, 29.2720939 ], [ 79.7206567, 29.2748711 ], [ 79.7264629, 29.2795528 ], [ 79.726574, 29.2799274 ], [ 79.7275439, 29.2794812 ], [ 79.7286977, 29.2766768 ], [ 79.7310559, 29.2754098 ], [ 79.7326529, 29.2715392 ] ] ] } },
{ "type": "Feature", "properties": { "gp_code": "23861", "gp_name": "CHAMOLI", "blkname": "OKHALKANDA", "dtname": "Nainital", "SHAPE_Area": 2477166.0794636197 }, "geometry": { "type": "Polygon", "coordinates": [ [ [ 79.7358238, 29.284258 ], [ 79.7420802, 29.2783839 ], [ 79.7420644, 29.2737433 ], [ 79.740628, 29.2726131 ], [ 79.739335, 29.2709082 ], [ 79.7401362, 29.2671025 ], [ 79.7372379, 29.2672405 ], [ 79.7365662, 29.2675603 ], [ 79.7356292, 29.2682899 ], [ 79.7334367, 29.2712017 ], [ 79.7326529, 29.2715392 ], [ 79.7310559, 29.2754098 ], [ 79.7286977, 29.2766768 ], [ 79.7275439, 29.2794812 ], [ 79.726574, 29.2799274 ], [ 79.7262556, 29.2813622 ], [ 79.7249784, 29.2840615 ], [ 79.724998, 29.284427 ], [ 79.7256128, 29.284602 ], [ 79.7287713, 29.2842195 ], [ 79.7329347, 29.2846812 ], [ 79.7358238, 29.284258 ] ] ] } },
{ "type": "Feature", "properties": { "gp_code": "23870", "gp_name": "GALANI", "blkname": "OKHALKANDA", "dtname": "Nainital", "SHAPE_Area": 3642577.2358957296 }, "geometry": { "type": "Polygon", "coordinates": [ [ [ 79.7516793, 29.2914709 ], [ 79.7518455, 29.2897744 ], [ 79.7529495, 29.2876655 ], [ 79.7538609, 29.2842139 ], [ 79.7544339, 29.2830923 ], [ 79.7552146, 29.2823981 ], [ 79.75508, 29.2782299 ], [ 79.7541705, 29.276972 ], [ 79.7541366, 29.2754995 ], [ 79.7525779, 29.2704161 ], [ 79.7533181, 29.2694463 ], [ 79.7538501, 29.2676061 ], [ 79.752787, 29.2627867 ], [ 79.7512456, 29.2607644 ], [ 79.7500385, 29.2611349 ], [ 79.7452461, 29.2669012 ], [ 79.7456467, 29.2712614 ], [ 79.7455515, 29.2716537 ], [ 79.7443295, 29.2725789 ], [ 79.7450784, 29.2742875 ], [ 79.7431832, 29.2760677 ], [ 79.7436606, 29.2763537 ], [ 79.7462851, 29.2759121 ], [ 79.7467823, 29.2764388 ], [ 79.7470952, 29.2775895 ], [ 79.7460023, 29.2799325 ], [ 79.7464987, 29.2808783 ], [ 79.7464416, 29.2814488 ], [ 79.7460694, 29.2819297 ], [ 79.745388, 29.2819553 ], [ 79.743876, 29.2803972 ], [ 79.7432095, 29.2805744 ], [ 79.7430246, 29.2814746 ], [ 79.7439574, 29.2827956 ], [ 79.743365, 29.2840607 ], [ 79.7401534, 29.2879426 ], [ 79.7438391, 29.2905818 ], [ 79.7457355, 29.291162 ], [ 79.7493149, 29.2899691 ], [ 79.751155, 29.2918568 ], [ 79.7516793, 29.2914709 ] ] ] } },
{ "type": "Feature", "properties": { "gp_code": "", "gp_name": "", "blkname": "OKHALKANDA", "dtname": "Nainital", "SHAPE_Area": 72623.660026389014 }, "geometry": { "type": "Polygon", "coordinates": [ [ [ 79.7371631, 29.2570317 ], [ 79.7378563, 29.2561234 ], [ 79.7376744, 29.255606 ], [ 79.7367202, 29.2548912 ], [ 79.7357241, 29.2547648 ], [ 79.7348896, 29.255035 ], [ 79.7353133, 29.2567077 ], [ 79.7371631, 29.2570317 ] ] ] } },
{ "type": "Feature", "properties": { "gp_code": "", "gp_name": "", "blkname": "OKHALKANDA", "dtname": "Nainital", "SHAPE_Area": 113936.94621913253 }, "geometry": { "type": "Polygon", "coordinates": [ [ [ 79.7445303, 29.2540925 ], [ 79.7436834, 29.2531014 ], [ 79.7419156, 29.2524566 ], [ 79.7412034, 29.2526963 ], [ 79.7405811, 29.2537206 ], [ 79.7406614, 29.2542467 ], [ 79.7412703, 29.2547916 ], [ 79.7431908, 29.2552851 ], [ 79.7443205, 29.2547519 ], [ 79.7445303, 29.2540925 ] ] ] } },
{ "type": "Feature", "properties": { "gp_code": "", "gp_name": "", "blkname": "OKHALKANDA", "dtname": "Nainital", "SHAPE_Area": 119086.41864805513 }, "geometry": { "type": "Polygon", "coordinates": [ [ [ 79.7533252, 29.251986 ], [ 79.7517784, 29.2503978 ], [ 79.7509276, 29.2513674 ], [ 79.749389, 29.2522677 ], [ 79.7491897, 29.2530476 ], [ 79.7496681, 29.253728 ], [ 79.7511433, 29.2542481 ], [ 79.7533252, 29.251986 ] ] ] } },
{ "type": "Feature", "properties": { "gp_code": "", "gp_name": "", "blkname": "OKHALKANDA", "dtname": "Nainital", "SHAPE_Area": 1000101.7412304047 }, "geometry": { "type": "Polygon", "coordinates": [ [ [ 79.7676862, 29.2647592 ], [ 79.7677653, 29.2617227 ], [ 79.7669613, 29.2600133 ], [ 79.7647857, 29.2581356 ], [ 79.7626342, 29.256976 ], [ 79.7611642, 29.2553368 ], [ 79.7588191, 29.2540202 ], [ 79.7569526, 29.2559481 ], [ 79.7569702, 29.256385 ], [ 79.7578544, 29.25723 ], [ 79.7575933, 29.2580699 ], [ 79.7567189, 29.2581723 ], [ 79.75503, 29.2577252 ], [ 79.7543452, 29.2587274 ], [ 79.7543188, 29.2602973 ], [ 79.752787, 29.2627867 ], [ 79.7538501, 29.2676061 ], [ 79.7544915, 29.2668004 ], [ 79.75664, 29.2602599 ], [ 79.7570464, 29.2599047 ], [ 79.7576192, 29.2598777 ], [ 79.7596282, 29.2607824 ], [ 79.7605526, 29.2599261 ], [ 79.7615859, 29.2599277 ], [ 79.7627846, 29.2603826 ], [ 79.7645141, 29.2631037 ], [ 79.7657389, 29.2639847 ], [ 79.7676862, 29.2647592 ] ] ] } },
{ "type": "Feature", "properties": { "gp_code": "", "gp_name": "", "blkname": "OKHALKANDA", "dtname": "Nainital", "SHAPE_Area": 928924.07922058937 }, "geometry": { "type": "Polygon", "coordinates": [ [ [ 79.7647857, 29.2581356 ], [ 79.766331, 29.2548632 ], [ 79.7672612, 29.2514517 ], [ 79.7641687, 29.2504673 ], [ 79.7631795, 29.2504765 ], [ 79.7619683, 29.2515134 ], [ 79.7602991, 29.2512669 ], [ 79.759336, 29.2518294 ], [ 79.7585427, 29.252936 ], [ 79.7563995, 29.2531402 ], [ 79.7556181, 29.2542371 ], [ 79.7525793, 29.2569658 ], [ 79.7524109, 29.2577221 ], [ 79.7531027, 29.2596754 ], [ 79.7527399, 29.2601873 ], [ 79.7512456, 29.2607644 ], [ 79.752787, 29.2627867 ], [ 79.7543188, 29.2602973 ], [ 79.7543452, 29.2587274 ], [ 79.75503, 29.2577252 ], [ 79.7567189, 29.2581723 ], [ 79.7575933, 29.2580699 ], [ 79.7578544, 29.25723 ], [ 79.7569702, 29.256385 ], [ 79.7569526, 29.2559481 ], [ 79.7588191, 29.2540202 ], [ 79.7611642, 29.2553368 ], [ 79.7635557, 29.2576247 ], [ 79.7647857, 29.2581356 ] ] ] } },
{ "type": "Feature", "properties": { "gp_code": "23871", "gp_name": "GARGARI MALLI", "blkname": "OKHALKANDA", "dtname": "Nainital", "SHAPE_Area": 3313639.0466930806 }, "geometry": { "type": "Polygon", "coordinates": [ [ [ 79.7707762, 29.2794426 ], [ 79.7705628, 29.2761608 ], [ 79.7736423, 29.2743111 ], [ 79.7745368, 29.2721892 ], [ 79.7757094, 29.2712656 ], [ 79.7761619, 29.2662127 ], [ 79.7772266, 29.2622852 ], [ 79.7779525, 29.2609928 ], [ 79.7784031, 29.2580161 ], [ 79.7765411, 29.2565859 ], [ 79.7733188, 29.2549978 ], [ 79.7726212, 29.2543841 ], [ 79.7724691, 29.2535279 ], [ 79.7705977, 29.25253 ], [ 79.7693716, 29.2509385 ], [ 79.7672612, 29.2514517 ], [ 79.766331, 29.2548632 ], [ 79.7647857, 29.2581356 ], [ 79.7669613, 29.2600133 ], [ 79.7677653, 29.2617227 ], [ 79.7676218, 29.2640165 ], [ 79.7680304, 29.2687269 ], [ 79.7672734, 29.2716786 ], [ 79.7673565, 29.2734478 ], [ 79.764675, 29.2768971 ], [ 79.7629132, 29.2798978 ], [ 79.7693548, 29.2799072 ], [ 79.7695898, 29.2804326 ], [ 79.7707762, 29.2794426 ] ] ] } },
{ "type": "Feature", "properties": { "gp_code": "", "gp_name": "", "blkname": "OKHALKANDA", "dtname": "Nainital", "SHAPE_Area": 295571.64287646662 }, "geometry": { "type": "Polygon", "coordinates": [ [ [ 79.7676153, 29.2697127 ], [ 79.7624661, 29.2676559 ], [ 79.7618808, 29.2680934 ], [ 79.7620905, 29.2710534 ], [ 79.7652538, 29.2721038 ], [ 79.7668473, 29.2735847 ], [ 79.7663761, 29.2745313 ], [ 79.7648871, 29.2755884 ], [ 79.7653696, 29.2761108 ], [ 79.7673565, 29.2734478 ], [ 79.7672734, 29.2716786 ], [ 79.7676153, 29.2697127 ] ] ] } },
{ "type": "Feature", "properties": { "gp_code": "23909", "gp_name": "QUARALA", "blkname": "OKHALKANDA", "dtname": "Nainital", "SHAPE_Area": 263649.98270658444 }, "geometry": { "type": "Polygon", "coordinates": [ [ [ 79.7602834, 29.2808622 ], [ 79.7584268, 29.2752389 ], [ 79.758524, 29.2729049 ], [ 79.7580358, 29.2720101 ], [ 79.7568173, 29.2720315 ], [ 79.7564193, 29.2723328 ], [ 79.7562589, 29.2730758 ], [ 79.7571279, 29.2757364 ], [ 79.7576166, 29.2763642 ], [ 79.7572159, 29.2780938 ], [ 79.7574613, 29.2812876 ], [ 79.7587374, 29.2815249 ], [ 79.7602834, 29.2808622 ] ] ] } },
{ "type": "Feature", "properties": { "gp_code": "23882", "gp_name": "KALAAGAR", "blkname": "OKHALKANDA", "dtname": "Nainital", "SHAPE_Area": 2843735.6597861466 }, "geometry": { "type": "Polygon", "coordinates": [ [ [ 79.7574613, 29.2812876 ], [ 79.7572159, 29.2780938 ], [ 79.7576166, 29.2763642 ], [ 79.7563903, 29.2736217 ], [ 79.7564193, 29.2723328 ], [ 79.7576917, 29.2718702 ], [ 79.758524, 29.2729049 ], [ 79.7584268, 29.2752389 ], [ 79.7602834, 29.2808622 ], [ 79.7621069, 29.2807612 ], [ 79.7653696, 29.2761108 ], [ 79.7648871, 29.2755884 ], [ 79.7663761, 29.2745313 ], [ 79.7668473, 29.2735847 ], [ 79.7652538, 29.2721038 ], [ 79.7620905, 29.2710534 ], [ 79.7618808, 29.2680934 ], [ 79.7624661, 29.2676559 ], [ 79.7676153, 29.2697127 ], [ 79.7680304, 29.2687269 ], [ 79.7676862, 29.2647592 ], [ 79.7657389, 29.2639847 ], [ 79.7645141, 29.2631037 ], [ 79.7627846, 29.2603826 ], [ 79.7615859, 29.2599277 ], [ 79.7605526, 29.2599261 ], [ 79.7596282, 29.2607824 ], [ 79.7576192, 29.2598777 ], [ 79.75664, 29.2602599 ], [ 79.7544915, 29.2668004 ], [ 79.7538501, 29.2676061 ], [ 79.7533181, 29.2694463 ], [ 79.7525779, 29.2704161 ], [ 79.7541366, 29.2754995 ], [ 79.7541705, 29.276972 ], [ 79.75508, 29.2782299 ], [ 79.7552146, 29.2823981 ], [ 79.7574613, 29.2812876 ] ] ] } },
{ "type": "Feature", "properties": { "gp_code": "23872", "gp_name": "GARGARI TALLI", "blkname": "OKHALKANDA", "dtname": "Nainital", "SHAPE_Area": 2406730.574228582 }, "geometry": { "type": "Polygon", "coordinates": [ [ [ 79.7640543, 29.2927829 ], [ 79.7670707, 29.2907003 ], [ 79.7679532, 29.2894316 ], [ 79.7685566, 29.285041 ], [ 79.7693798, 29.2832983 ], [ 79.7695898, 29.2804326 ], [ 79.7693548, 29.2799072 ], [ 79.7629132, 29.2798978 ], [ 79.7621069, 29.2807612 ], [ 79.7602834, 29.2808622 ], [ 79.7587374, 29.2815249 ], [ 79.7569007, 29.2813757 ], [ 79.7544339, 29.2830923 ], [ 79.7538609, 29.2842139 ], [ 79.7529495, 29.2876655 ], [ 79.7518455, 29.2897744 ], [ 79.7516793, 29.2914709 ], [ 79.7530266, 29.2908746 ], [ 79.7553213, 29.2917322 ], [ 79.7583987, 29.2910658 ], [ 79.7613112, 29.2931426 ], [ 79.7625655, 29.2933853 ], [ 79.7640543, 29.2927829 ] ] ] } },
{ "type": "Feature", "properties": { "gp_code": "243345", "gp_name": "JHARGAON TALLA", "blkname": "OKHALKANDA", "dtname": "Nainital", "SHAPE_Area": 1807987.7756892685 }, "geometry": { "type": "Polygon", "coordinates": [ [ [ 79.7800577, 29.2894853 ], [ 79.7791302, 29.2877655 ], [ 79.7794867, 29.2863559 ], [ 79.7786538, 29.2851102 ], [ 79.7785161, 29.2842559 ], [ 79.7791882, 29.2820361 ], [ 79.7793318, 29.2793765 ], [ 79.7789073, 29.2792895 ], [ 79.7776004, 29.2773298 ], [ 79.7752964, 29.2756113 ], [ 79.7743569, 29.2757667 ], [ 79.7741509, 29.2762893 ], [ 79.7725346, 29.2764246 ], [ 79.7720092, 29.2767394 ], [ 79.7706757, 29.277896 ], [ 79.7707762, 29.2794426 ], [ 79.7695898, 29.2804326 ], [ 79.7693798, 29.2832983 ], [ 79.7685566, 29.285041 ], [ 79.7683843, 29.2862943 ], [ 79.7704388, 29.2869838 ], [ 79.771125, 29.2842202 ], [ 79.7718148, 29.2842343 ], [ 79.7719724, 29.2855828 ], [ 79.7731037, 29.2872194 ], [ 79.7753135, 29.2890038 ], [ 79.7759238, 29.2900784 ], [ 79.7758928, 29.2918353 ], [ 79.7764181, 29.2938614 ], [ 79.7762766, 29.2954169 ], [ 79.779056, 29.2952762 ], [ 79.7800285, 29.2947144 ], [ 79.7797594, 29.2928176 ], [ 79.7800577, 29.2894853 ] ] ] } },
{ "type": "Feature", "properties": { "gp_code": "23912", "gp_name": "SAL", "blkname": "OKHALKANDA", "dtname": "Nainital", "SHAPE_Area": 1181445.6668630238 }, "geometry": { "type": "Polygon", "coordinates": [ [ [ 79.7762766, 29.2954169 ], [ 79.7764181, 29.2938614 ], [ 79.7758928, 29.2918353 ], [ 79.7759238, 29.2900784 ], [ 79.7753135, 29.2890038 ], [ 79.7731037, 29.2872194 ], [ 79.7719724, 29.2855828 ], [ 79.7718148, 29.2842343 ], [ 79.771125, 29.2842202 ], [ 79.7704388, 29.2869838 ], [ 79.7683843, 29.2862943 ], [ 79.7679532, 29.2894316 ], [ 79.7670707, 29.2907003 ], [ 79.7640543, 29.2927829 ], [ 79.7655059, 29.2952019 ], [ 79.7671389, 29.2950684 ], [ 79.7690033, 29.2954859 ], [ 79.770521, 29.2952258 ], [ 79.7722035, 29.2960945 ], [ 79.7762766, 29.2954169 ] ] ] } },
{ "type": "Feature", "properties": { "gp_code": "", "gp_name": "", "blkname": "OKHALKANDA", "dtname": "Nainital", "SHAPE_Area": 121151.24753559244 }, "geometry": { "type": "Polygon", "coordinates": [ [ [ 79.7659977, 29.3031707 ], [ 79.7671224, 29.3038842 ], [ 79.7694866, 29.3032405 ], [ 79.7701521, 29.302756 ], [ 79.7700258, 29.30117 ], [ 79.7696944, 29.3007003 ], [ 79.7685315, 29.300634 ], [ 79.7659977, 29.3031707 ] ] ] } },
{ "type": "Feature", "properties": { "gp_code": "", "gp_name": "", "blkname": "OKHALKANDA", "dtname": "Nainital", "SHAPE_Area": 203350.67559582979 }, "geometry": { "type": "Polygon", "coordinates": [ [ [ 79.767216, 29.3098156 ], [ 79.7684334, 29.3106302 ], [ 79.7692281, 29.3107474 ], [ 79.7715529, 29.3072904 ], [ 79.7702434, 29.3062087 ], [ 79.7679646, 29.3062867 ], [ 79.7672206, 29.3073887 ], [ 79.767216, 29.3098156 ] ] ] } },
{ "type": "Feature", "properties": { "gp_code": "23874", "gp_name": "HAIRA KHAN", "blkname": "OKHALKANDA", "dtname": "Nainital", "SHAPE_Area": 1838879.3730881428 }, "geometry": { "type": "Polygon", "coordinates": [ [ [ 79.7606976, 29.3092842 ], [ 79.763265, 29.3083313 ], [ 79.7643934, 29.3088526 ], [ 79.7660341, 29.305218 ], [ 79.7654196, 29.3034116 ], [ 79.7639085, 29.3030187 ], [ 79.7620154, 29.3030038 ], [ 79.7591215, 29.3022552 ], [ 79.7587465, 29.301852 ], [ 79.758965, 29.3013683 ], [ 79.7601694, 29.300268 ], [ 79.7604635, 29.2993168 ], [ 79.7566963, 29.3003117 ], [ 79.7560679, 29.2998995 ], [ 79.7555426, 29.2988528 ], [ 79.7536122, 29.2973543 ], [ 79.7531863, 29.292952 ], [ 79.7569634, 29.2919299 ], [ 79.7613112, 29.2931426 ], [ 79.7583987, 29.2910658 ], [ 79.7553213, 29.2917322 ], [ 79.7530266, 29.2908746 ], [ 79.7516793, 29.2914709 ], [ 79.751155, 29.2918568 ], [ 79.7524227, 29.2938503 ], [ 79.7516737, 29.2974083 ], [ 79.7536451, 29.298677 ], [ 79.7539487, 29.2992 ], [ 79.7513717, 29.3005353 ], [ 79.7510786, 29.3009497 ], [ 79.7512299, 29.3018528 ], [ 79.7528962, 29.3038746 ], [ 79.7524941, 29.3065155 ], [ 79.7531427, 29.308908 ], [ 79.7530455, 29.3098309 ], [ 79.7546977, 29.310607 ], [ 79.7564392, 29.3109754 ], [ 79.7572876, 29.3107676 ], [ 79.7588536, 29.309423 ], [ 79.7596092, 29.3091455 ], [ 79.7606976, 29.3092842 ] ] ] } },
{ "type": "Feature", "properties": { "gp_code": "23897", "gp_name": "OKHALKANDA TALLA", "blkname": "OKHALKANDA", "dtname": "Nainital", "SHAPE_Area": 632636.32028199441 }, "geometry": { "type": "Polygon", "coordinates": [ [ [ 79.7522228, 29.295137 ], [ 79.7501199, 29.2943895 ], [ 79.7471212, 29.2950852 ], [ 79.74574, 29.2975865 ], [ 79.7451155, 29.2982477 ], [ 79.7440358, 29.2987045 ], [ 79.7451123, 29.2990424 ], [ 79.747209, 29.3004059 ], [ 79.7484587, 29.3003927 ], [ 79.7492556, 29.3008296 ], [ 79.7501508, 29.3025378 ], [ 79.7526854, 29.3055668 ], [ 79.7528962, 29.3038746 ], [ 79.7512299, 29.3018528 ], [ 79.7510786, 29.3009497 ], [ 79.7513717, 29.3005353 ], [ 79.7539487, 29.2992 ], [ 79.7536451, 29.298677 ], [ 79.7516737, 29.2974083 ], [ 79.7516757, 29.2964329 ], [ 79.7522228, 29.295137 ] ] ] } },
{ "type": "Feature", "properties": { "gp_code": "23896", "gp_name": "OKHALKANDA MALLA", "blkname": "OKHALKANDA", "dtname": "Nainital", "SHAPE_Area": 1687599.6073226198 }, "geometry": { "type": "Polygon", "coordinates": [ [ [ 79.7402035, 29.3173738 ], [ 79.7415771, 29.3151395 ], [ 79.7424549, 29.3147122 ], [ 79.7433926, 29.3148738 ], [ 79.7453822, 29.314458 ], [ 79.7453207, 29.3133881 ], [ 79.7423033, 29.3104369 ], [ 79.7414731, 29.3085456 ], [ 79.74064, 29.3081252 ], [ 79.7381281, 29.3078359 ], [ 79.7374784, 29.3072375 ], [ 79.737005, 29.3047132 ], [ 79.7341064, 29.3002648 ], [ 79.7341188, 29.3039647 ], [ 79.7322498, 29.3064051 ], [ 79.7321887, 29.3074918 ], [ 79.732684, 29.3089814 ], [ 79.7317965, 29.310139 ], [ 79.7307064, 29.3109395 ], [ 79.7297905, 29.3111518 ], [ 79.7296575, 29.3114726 ], [ 79.7360652, 29.3171247 ], [ 79.7368873, 29.3174041 ], [ 79.7402035, 29.3173738 ] ] ] } },
{ "type": "Feature", "properties": { "gp_code": "23887", "gp_name": "KHANSU", "blkname": "OKHALKANDA", "dtname": "Nainital", "SHAPE_Area": 1319102.9579249222 }, "geometry": { "type": "Polygon", "coordinates": [ [ [ 79.7440358, 29.2987045 ], [ 79.7451155, 29.2982477 ], [ 79.74574, 29.2975865 ], [ 79.7471212, 29.2950852 ], [ 79.7501199, 29.2943895 ], [ 79.7522228, 29.295137 ], [ 79.7524227, 29.2938503 ], [ 79.752146, 29.2930718 ], [ 79.7493149, 29.2899691 ], [ 79.7457355, 29.291162 ], [ 79.7438391, 29.2905818 ], [ 79.7401534, 29.2879426 ], [ 79.7385159, 29.2880291 ], [ 79.7365, 29.28906 ], [ 79.737113, 29.2901576 ], [ 79.7366373, 29.2938344 ], [ 79.740507, 29.2963191 ], [ 79.7420015, 29.2965979 ], [ 79.7429634, 29.2986722 ], [ 79.7440358, 29.2987045 ] ] ] } },
{ "type": "Feature", "properties": { "gp_code": "", "gp_name": "", "blkname": "OKHALKANDA", "dtname": "Nainital", "SHAPE_Area": 837973.26182124752 }, "geometry": { "type": "Polygon", "coordinates": [ [ [ 79.7170949, 29.2916192 ], [ 79.7188525, 29.2924336 ], [ 79.7206494, 29.293881 ], [ 79.7246764, 29.2941429 ], [ 79.7272773, 29.2953456 ], [ 79.7281417, 29.2954482 ], [ 79.7316545, 29.2935521 ], [ 79.7323986, 29.2927687 ], [ 79.7321983, 29.2913063 ], [ 79.7295891, 29.2892514 ], [ 79.7288793, 29.2883051 ], [ 79.7277608, 29.2881963 ], [ 79.7263159, 29.2885861 ], [ 79.7214486, 29.2912523 ], [ 79.7175431, 29.2913347 ], [ 79.7170949, 29.2916192 ] ] ] } },
{ "type": "Feature", "properties": { "gp_code": "23920", "gp_name": "TANDA", "blkname": "OKHALKANDA", "dtname": "Nainital", "SHAPE_Area": 1938554.974514148 }, "geometry": { "type": "Polygon", "coordinates": [ [ [ 79.7296575, 29.3114726 ], [ 79.7324693, 29.3094358 ], [ 79.732684, 29.3089814 ], [ 79.7321887, 29.3074918 ], [ 79.7322498, 29.3064051 ], [ 79.7341188, 29.3039647 ], [ 79.7341231, 29.2995739 ], [ 79.733657, 29.2987976 ], [ 79.7330269, 29.2985201 ], [ 79.7304155, 29.2985217 ], [ 79.7281635, 29.2993411 ], [ 79.7258287, 29.3018869 ], [ 79.7232768, 29.3036967 ], [ 79.7186036, 29.3079634 ], [ 79.720693, 29.3102205 ], [ 79.7245726, 29.3132871 ], [ 79.7263842, 29.312889 ], [ 79.7273372, 29.3116453 ], [ 79.7296575, 29.3114726 ] ] ] } },
{ "type": "Feature", "properties": { "gp_code": "", "gp_name": "", "blkname": "OKHALKANDA", "dtname": "Nainital", "SHAPE_Area": 35666.572539571156 }, "geometry": { "type": "Polygon", "coordinates": [ [ [ 79.7272769, 29.3177616 ], [ 79.7290281, 29.3179726 ], [ 79.7294156, 29.3167679 ], [ 79.7276887, 29.3165713 ], [ 79.7272769, 29.3177616 ] ] ] } },
{ "type": "Feature", "properties": { "gp_code": "", "gp_name": "", "blkname": "OKHALKANDA", "dtname": "Nainital", "SHAPE_Area": 4835537.7144459756 }, "geometry": { "type": "Polygon", "coordinates": [ [ [ 79.7516873, 29.3368328 ], [ 79.7522907, 29.3351319 ], [ 79.753667, 29.3327946 ], [ 79.756755, 29.328617 ], [ 79.7549159, 29.3243321 ], [ 79.7573806, 29.3240431 ], [ 79.7559958, 29.3202466 ], [ 79.7548851, 29.318732 ], [ 79.753326, 29.3175598 ], [ 79.7531052, 29.3157698 ], [ 79.7563801, 29.3159892 ], [ 79.757691, 29.315616 ], [ 79.7579053, 29.3144228 ], [ 79.7586443, 29.3134033 ], [ 79.7617264, 29.3121356 ], [ 79.7606976, 29.3092842 ], [ 79.7596092, 29.3091455 ], [ 79.7588536, 29.309423 ], [ 79.7572876, 29.3107676 ], [ 79.7555915, 29.3108812 ], [ 79.7491965, 29.3077071 ], [ 79.7476728, 29.3057035 ], [ 79.746575, 29.3068859 ], [ 79.7489765, 29.3110503 ], [ 79.7487781, 29.3122212 ], [ 79.7468881, 29.3144715 ], [ 79.7465197, 29.3160712 ], [ 79.7474651, 29.318057 ], [ 79.747674, 29.319548 ], [ 79.7491291, 29.3209015 ], [ 79.7499207, 29.322519 ], [ 79.7484306, 29.3245978 ], [ 79.7464834, 29.3260802 ], [ 79.7455826, 29.3261069 ], [ 79.7412677, 29.3244323 ], [ 79.7374266, 29.3220987 ], [ 79.7373678, 29.3210466 ], [ 79.7386166, 29.3173535 ], [ 79.7375942, 29.3173963 ], [ 79.7373599, 29.3187112 ], [ 79.7359121, 29.3215167 ], [ 79.7352394, 29.322104 ], [ 79.7328578, 29.3226706 ], [ 79.7299695, 29.3222914 ], [ 79.7289242, 29.321193 ], [ 79.7264964, 29.3196022 ], [ 79.7251018, 29.3200633 ], [ 79.7232878, 29.3215222 ], [ 79.7231845, 29.3222175 ], [ 79.7238633, 29.3234488 ], [ 79.7236744, 29.3260873 ], [ 79.7242824, 29.3271046 ], [ 79.7264261, 29.3284098 ], [ 79.7283197, 29.3278069 ], [ 79.7315528, 29.3240056 ], [ 79.7323048, 29.3243457 ], [ 79.7325759, 29.326031 ], [ 79.7358068, 29.3279352 ], [ 79.7369737, 29.3293635 ], [ 79.7368895, 29.3307005 ], [ 79.7351875, 29.3336168 ], [ 79.7360751, 29.3341492 ], [ 79.7379386, 29.3335281 ], [ 79.7387478, 29.332221 ], [ 79.7407853, 29.3301424 ], [ 79.7467296, 29.3294861 ], [ 79.7477581, 29.3290331 ], [ 79.7488567, 29.3260937 ], [ 79.749321, 29.3258622 ], [ 79.7502304, 29.3282672 ], [ 79.7518166, 29.3301623 ], [ 79.7516431, 29.3308239 ], [ 79.7505272, 29.3322387 ], [ 79.7511077, 29.3334936 ], [ 79.7504532, 29.336053 ], [ 79.7516873, 29.3368328 ] ] ] } },
{ "type": "Feature", "properties": { "gp_code": "", "gp_name": "", "blkname": "OKHALKANDA", "dtname": "Nainital", "SHAPE_Area": 235980925.04709208 }, "geometry": { "type": "Polygon", "coordinates": [ [ [ 79.7808021, 29.4490416 ], [ 79.7871318, 29.4491716 ], [ 79.7876875, 29.448905 ], [ 79.7915569, 29.4427138 ], [ 79.7933343, 29.4422788 ], [ 79.7955572, 29.4410666 ], [ 79.7957829, 29.43888 ], [ 79.798395, 29.4372309 ], [ 79.8008912, 29.4386434 ], [ 79.8029557, 29.4386966 ], [ 79.8041505, 29.4368324 ], [ 79.8043207, 29.4349615 ], [ 79.8077431, 29.429524 ], [ 79.8104457, 29.4299664 ], [ 79.813012, 29.4283592 ], [ 79.81527, 29.4278982 ], [ 79.8185326, 29.4265114 ], [ 79.819985, 29.4253358 ], [ 79.8203734, 29.4254156 ], [ 79.8201773, 29.4261473 ], [ 79.8205207, 29.4291248 ], [ 79.8214798, 29.4311743 ], [ 79.8231503, 29.4328889 ], [ 79.8240821, 29.4307244 ], [ 79.8245862, 29.4276145 ], [ 79.8252816, 29.4265704 ], [ 79.8292246, 29.4254811 ], [ 79.8369122, 29.4263882 ], [ 79.8408249, 29.427194 ], [ 79.8419069, 29.4276324 ], [ 79.8473148, 29.4315499 ], [ 79.8519485, 29.4331337 ], [ 79.8539748, 29.4333299 ], [ 79.8563072, 29.4327246 ], [ 79.8555725, 29.4319949 ], [ 79.8542296, 29.4290535 ], [ 79.8524979, 29.4264396 ], [ 79.8498998, 29.4267348 ], [ 79.8445458, 29.426398 ], [ 79.8415359, 29.4247127 ], [ 79.8409831, 29.4234503 ], [ 79.8366977, 29.4222489 ], [ 79.8343721, 29.4203053 ], [ 79.8330055, 29.4197377 ], [ 79.8298464, 29.4193057 ], [ 79.8278981, 29.4185918 ], [ 79.8271394, 29.4193514 ], [ 79.8255868, 29.4196409 ], [ 79.8232076, 29.4194139 ], [ 79.8240142, 29.4186466 ], [ 79.8242963, 29.4176335 ], [ 79.8238813, 29.416656 ], [ 79.8221551, 29.4160781 ], [ 79.8217878, 29.4144923 ], [ 79.8225672, 29.4121748 ], [ 79.8231965, 29.4114363 ], [ 79.8241852, 29.4117518 ], [ 79.8242825, 29.4112362 ], [ 79.8290927, 29.4119318 ], [ 79.8304923, 29.4111169 ], [ 79.831423, 29.4123424 ], [ 79.8348197, 29.4103648 ], [ 79.8359084, 29.412936 ], [ 79.8366927, 29.41213 ], [ 79.8371254, 29.4132477 ], [ 79.8380322, 29.4121961 ], [ 79.8379616, 29.4096238 ], [ 79.8383698, 29.4094416 ], [ 79.8364142, 29.4093713 ], [ 79.836679, 29.4085212 ], [ 79.8356944, 29.4080462 ], [ 79.8356679, 29.4071228 ], [ 79.8350032, 29.4060893 ], [ 79.8344206, 29.4059065 ], [ 79.8333661, 29.4058689 ], [ 79.832364, 29.4067655 ], [ 79.8303108, 29.4063989 ], [ 79.8298928, 29.4076378 ], [ 79.8269217, 29.4087282 ], [ 79.8255074, 29.4079733 ], [ 79.8252042, 29.4064177 ], [ 79.8260396, 29.4044745 ], [ 79.8263198, 29.4025794 ], [ 79.8258242, 29.3997599 ], [ 79.8276596, 29.3969915 ], [ 79.8278829, 29.3961169 ], [ 79.8290758, 29.3963612 ], [ 79.8300759, 29.395609 ], [ 79.8307265, 29.396764 ], [ 79.8329475, 29.3973268 ], [ 79.8336388, 29.3960812 ], [ 79.8324515, 29.3943838 ], [ 79.8329246, 29.3928797 ], [ 79.8327394, 29.3913295 ], [ 79.8311625, 29.3913328 ], [ 79.8306417, 29.3926616 ], [ 79.829257, 29.3932803 ], [ 79.829058, 29.3925732 ], [ 79.8284261, 29.392292 ], [ 79.8279945, 29.3911192 ], [ 79.8268277, 29.3912736 ], [ 79.8262571, 29.3918291 ], [ 79.8249252, 29.3914383 ], [ 79.8245224, 29.3905289 ], [ 79.82299, 29.3898802 ], [ 79.8230092, 29.3894272 ], [ 79.8235264, 29.389444 ], [ 79.8245438, 29.388442 ], [ 79.8264622, 29.3838049 ], [ 79.8293299, 29.3806371 ], [ 79.8267555, 29.3789032 ], [ 79.8267979, 29.3785243 ], [ 79.8288363, 29.3769478 ], [ 79.8300319, 29.374745 ], [ 79.8314735, 29.373411 ], [ 79.8325165, 29.3736674 ], [ 79.8327171, 29.3741328 ], [ 79.8326059, 29.375787 ], [ 79.8329178, 29.3774213 ], [ 79.8326885, 29.3787668 ], [ 79.8347406, 29.3817591 ], [ 79.8363497, 29.3802399 ], [ 79.8381224, 29.380727 ], [ 79.8386724, 29.3801303 ], [ 79.8386426, 29.3784302 ], [ 79.8376845, 29.3766092 ], [ 79.8379069, 29.3765107 ], [ 79.8388603, 29.3773373 ], [ 79.8403577, 29.3777459 ], [ 79.8422899, 29.376534 ], [ 79.8424247, 29.3747938 ], [ 79.8401662, 29.3732546 ], [ 79.840801, 29.367981 ], [ 79.8430193, 29.3665432 ], [ 79.8438991, 29.3645217 ], [ 79.8447605, 29.363622 ], [ 79.8467311, 29.3628958 ], [ 79.8450693, 29.3609673 ], [ 79.8452725, 29.3555618 ], [ 79.8479157, 29.3574553 ], [ 79.8489298, 29.3588639 ], [ 79.8501844, 29.3598843 ], [ 79.8505628, 29.3600464 ], [ 79.8520347, 29.3594568 ], [ 79.8528833, 29.359932 ], [ 79.855411, 29.3600104 ], [ 79.8576876, 29.3604887 ], [ 79.86038, 29.3632304 ], [ 79.8648271, 29.3585018 ], [ 79.8647555, 29.356447 ], [ 79.8641764, 29.3541012 ], [ 79.8592636, 29.3563693 ], [ 79.8584862, 29.3570127 ], [ 79.856711, 29.3566709 ], [ 79.8545002, 29.3553747 ], [ 79.8533417, 29.3555256 ], [ 79.8522382, 29.3562537 ], [ 79.8497372, 29.3540763 ], [ 79.8484547, 29.3535586 ], [ 79.848206, 29.3528658 ], [ 79.8484444, 29.350703 ], [ 79.8475304, 29.3495598 ], [ 79.8475862, 29.3492926 ], [ 79.8503328, 29.3490279 ], [ 79.8509885, 29.3457839 ], [ 79.8468823, 29.3464484 ], [ 79.8447297, 29.3487552 ], [ 79.8450197, 29.349764 ], [ 79.8447699, 29.3498124 ], [ 79.8447832, 29.3502256 ], [ 79.8440354, 29.3493257 ], [ 79.8430098, 29.3487414 ], [ 79.8410682, 29.3486179 ], [ 79.8411756, 29.3513886 ], [ 79.8417069, 29.353458 ], [ 79.8402433, 29.3590219 ], [ 79.8383557, 29.3599192 ], [ 79.8377047, 29.3592138 ], [ 79.8375103, 29.3583228 ], [ 79.8390273, 29.3554604 ], [ 79.837432, 29.3556409 ], [ 79.8365494, 29.3553929 ], [ 79.8324275, 29.357882 ], [ 79.8320569, 29.3608363 ], [ 79.8299742, 29.3622923 ], [ 79.8284896, 29.3626067 ], [ 79.8290127, 29.3629414 ], [ 79.8282489, 29.3635846 ], [ 79.8283179, 29.3638763 ], [ 79.8297462, 29.3641815 ], [ 79.8305625, 29.3657256 ], [ 79.832766, 29.367332 ], [ 79.8340694, 29.3677221 ], [ 79.8346788, 29.3684275 ], [ 79.8362576, 29.3704948 ], [ 79.8353398, 29.3720978 ], [ 79.8336759, 29.3715372 ], [ 79.8341213, 29.3703833 ], [ 79.8332623, 29.3696412 ], [ 79.8326538, 29.3682068 ], [ 79.8299345, 29.3684834 ], [ 79.8304324, 29.3695532 ], [ 79.8257932, 29.3737039 ], [ 79.8249344, 29.3727796 ], [ 79.8263231, 29.3717603 ], [ 79.8242453, 29.3696195 ], [ 79.8244139, 29.3681129 ], [ 79.8204163, 29.3697611 ], [ 79.8189003, 29.3724812 ], [ 79.8168463, 29.3730621 ], [ 79.8128455, 29.3766786 ], [ 79.8120696, 29.3759972 ], [ 79.8129873, 29.3746374 ], [ 79.8135428, 29.3742492 ], [ 79.8149026, 29.3740564 ], [ 79.8159594, 29.3724536 ], [ 79.8184445, 29.3711319 ], [ 79.8080699, 29.3586709 ], [ 79.8089878, 29.3571166 ], [ 79.811177, 29.3586746 ], [ 79.8132309, 29.3593246 ], [ 79.8169427, 29.3583752 ], [ 79.8170479, 29.3595717 ], [ 79.8177363, 29.3597636 ], [ 79.8188703, 29.3587729 ], [ 79.8196717, 29.3572816 ], [ 79.8235541, 29.3557479 ], [ 79.8232935, 29.3552344 ], [ 79.8231586, 29.3511445 ], [ 79.8234914, 29.3508697 ], [ 79.8280119, 29.3508905 ], [ 79.8280723, 29.3501628 ], [ 79.8273094, 29.3493795 ], [ 79.8281652, 29.3492412 ], [ 79.8281698, 29.3463932 ], [ 79.8272688, 29.343674 ], [ 79.8254791, 29.3425072 ], [ 79.823416, 29.3456436 ], [ 79.8223119, 29.3445568 ], [ 79.8197622, 29.3402442 ], [ 79.8190692, 29.3399761 ], [ 79.817737, 29.340485 ], [ 79.8171548, 29.3403385 ], [ 79.8150711, 29.3379331 ], [ 79.812047, 29.3383428 ], [ 79.8072175, 29.3404029 ], [ 79.8054157, 29.3396716 ], [ 79.8043632, 29.3387468 ], [ 79.8022291, 29.3376262 ], [ 79.7998175, 29.3366996 ], [ 79.7954917, 29.3359408 ], [ 79.7935217, 29.3363515 ], [ 79.7970492, 29.3333666 ], [ 79.7980201, 29.3333192 ], [ 79.7993523, 29.3327376 ], [ 79.8032696, 29.3286592 ], [ 79.8054062, 29.3280786 ], [ 79.8062737, 29.3231458 ], [ 79.8057245, 29.319621 ], [ 79.8058154, 29.3147358 ], [ 79.8075903, 29.3147379 ], [ 79.8095046, 29.3142299 ], [ 79.813419, 29.3114637 ], [ 79.8152225, 29.3108095 ], [ 79.8173603, 29.3091349 ], [ 79.8181662, 29.3079691 ], [ 79.8184458, 29.3063896 ], [ 79.8182276, 29.3039346 ], [ 79.8174284, 29.3005552 ], [ 79.8138107, 29.299983 ], [ 79.8129228, 29.3003222 ], [ 79.8129203, 29.3020235 ], [ 79.8124479, 29.3026549 ], [ 79.8094802, 29.303089 ], [ 79.8079181, 29.3025812 ], [ 79.8021876, 29.3028857 ], [ 79.800412, 29.3034425 ], [ 79.7993459, 29.3025055 ], [ 79.7970176, 29.3019314 ], [ 79.7938416, 29.3025228 ], [ 79.7929255, 29.3031658 ], [ 79.7929941, 29.3035304 ], [ 79.796653, 29.3043858 ], [ 79.7964697, 29.3062935 ], [ 79.7957189, 29.3074956 ], [ 79.7936405, 29.3067152 ], [ 79.7924221, 29.3056807 ], [ 79.7914375, 29.3057766 ], [ 79.7875683, 29.3084205 ], [ 79.7855547, 29.3105647 ], [ 79.7878645, 29.3111534 ], [ 79.788559, 29.312045 ], [ 79.7892083, 29.314974 ], [ 79.7886633, 29.3161934 ], [ 79.7881756, 29.3164245 ], [ 79.7870066, 29.3162522 ], [ 79.785685, 29.3156892 ], [ 79.7847126, 29.3145166 ], [ 79.7837256, 29.3142096 ], [ 79.7806037, 29.3157311 ], [ 79.7773691, 29.3183864 ], [ 79.774352, 29.3162838 ], [ 79.7739913, 29.3156001 ], [ 79.7741642, 29.3124037 ], [ 79.7746116, 29.3113672 ], [ 79.7759512, 29.3096122 ], [ 79.7772338, 29.3085159 ], [ 79.780972, 29.308142 ], [ 79.7823863, 29.3073761 ], [ 79.7833764, 29.3062029 ], [ 79.7827579, 29.304246 ], [ 79.7859399, 29.3007782 ], [ 79.7889153, 29.3025945 ], [ 79.7913642, 29.301992 ], [ 79.7918655, 29.300326 ], [ 79.7915544, 29.298659 ], [ 79.7919425, 29.2984006 ], [ 79.7928839, 29.2984665 ], [ 79.7939555, 29.2979016 ], [ 79.7948414, 29.2979998 ], [ 79.7936643, 29.2963356 ], [ 79.7919701, 29.2951634 ], [ 79.7885043, 29.2962722 ], [ 79.7852588, 29.2965699 ], [ 79.7824446, 29.298018 ], [ 79.781443, 29.297675 ], [ 79.7802477, 29.2965244 ], [ 79.7788167, 29.2964943 ], [ 79.7774081, 29.2967178 ], [ 79.7770441, 29.2979314 ], [ 79.7755532, 29.2987468 ], [ 79.7702622, 29.2958903 ], [ 79.768664, 29.2965 ], [ 79.7655059, 29.2952019 ], [ 79.7640543, 29.2927829 ], [ 79.7625655, 29.2933853 ], [ 79.7569634, 29.2919299 ], [ 79.7531863, 29.292952 ], [ 79.7536122, 29.2973543 ], [ 79.7555426, 29.2988528 ], [ 79.7560679, 29.2998995 ], [ 79.7566963, 29.3003117 ], [ 79.7604635, 29.2993168 ], [ 79.7601694, 29.300268 ], [ 79.758965, 29.3013683 ], [ 79.7587465, 29.301852 ], [ 79.7591215, 29.3022552 ], [ 79.7620154, 29.3030038 ], [ 79.7639085, 29.3030187 ], [ 79.7654196, 29.3034116 ], [ 79.7660341, 29.305218 ], [ 79.7643934, 29.3088526 ], [ 79.763265, 29.3083313 ], [ 79.7606976, 29.3092842 ], [ 79.7617264, 29.3121356 ], [ 79.7586443, 29.3134033 ], [ 79.7579053, 29.3144228 ], [ 79.757691, 29.315616 ], [ 79.7563801, 29.3159892 ], [ 79.7531052, 29.3157698 ], [ 79.753326, 29.3175598 ], [ 79.7548851, 29.318732 ], [ 79.7559958, 29.3202466 ], [ 79.7573806, 29.3240431 ], [ 79.7549159, 29.3243321 ], [ 79.756755, 29.328617 ], [ 79.753667, 29.3327946 ], [ 79.7522907, 29.3351319 ], [ 79.7522896, 29.3356866 ], [ 79.7528466, 29.335663 ], [ 79.7561642, 29.3337405 ], [ 79.7575052, 29.3315221 ], [ 79.7583681, 29.3316453 ], [ 79.7599285, 29.3311475 ], [ 79.7600448, 29.3286587 ], [ 79.7591222, 29.328076 ], [ 79.7591235, 29.3273886 ], [ 79.759908, 29.3273898 ], [ 79.7604873, 29.3269262 ], [ 79.7595237, 29.3245099 ], [ 79.7605546, 29.3241942 ], [ 79.7608341, 29.3236821 ], [ 79.7585834, 29.3212388 ], [ 79.7582232, 29.320311 ], [ 79.7597294, 29.3189711 ], [ 79.7637644, 29.320124 ], [ 79.7646005, 29.3196791 ], [ 79.7663831, 29.3193957 ], [ 79.7680223, 29.321338 ], [ 79.7679502, 29.3225659 ], [ 79.7684717, 29.3231837 ], [ 79.7693272, 29.3233527 ], [ 79.771438, 29.3262475 ], [ 79.7732652, 29.3273287 ], [ 79.7698492, 29.329031 ], [ 79.7700122, 29.3293321 ], [ 79.7691609, 29.3303802 ], [ 79.7690622, 29.3310754 ], [ 79.7703979, 29.3315654 ], [ 79.7704799, 29.3323829 ], [ 79.7701495, 29.3331508 ], [ 79.7685395, 29.3344122 ], [ 79.7683023, 29.3353567 ], [ 79.7700427, 29.3353592 ], [ 79.7705851, 29.3357015 ], [ 79.7716723, 29.3350442 ], [ 79.7761146, 29.3342532 ], [ 79.7793712, 29.3332852 ], [ 79.7792629, 29.3337981 ], [ 79.7764188, 29.3357951 ], [ 79.7759715, 29.3368193 ], [ 79.7761511, 29.3376003 ], [ 79.7784747, 29.3395021 ], [ 79.7784011, 29.3407145 ], [ 79.7776623, 29.3411405 ], [ 79.7742223, 29.3415627 ], [ 79.7708369, 29.3425828 ], [ 79.7705298, 29.3430093 ], [ 79.7707334, 29.3458644 ], [ 79.7686119, 29.3461307 ], [ 79.7670969, 29.347006 ], [ 79.7661514, 29.3462481 ], [ 79.7647505, 29.3434036 ], [ 79.7641008, 29.3408528 ], [ 79.7632676, 29.3396925 ], [ 79.7614046, 29.3382258 ], [ 79.759721, 29.3376498 ], [ 79.7599835, 29.3386995 ], [ 79.759704, 29.3392603 ], [ 79.7600645, 29.340005 ], [ 79.75905, 29.3408372 ], [ 79.75864, 29.3421623 ], [ 79.7598049, 29.3446285 ], [ 79.7582575, 29.3455046 ], [ 79.757724, 29.3464591 ], [ 79.7596742, 29.3476787 ], [ 79.761094, 29.3476559 ], [ 79.7620427, 29.3467302 ], [ 79.7637401, 29.3474891 ], [ 79.7621776, 29.3489752 ], [ 79.7626495, 29.3498055 ], [ 79.7672712, 29.3505564 ], [ 79.7675491, 29.3508984 ], [ 79.7673241, 29.3520326 ], [ 79.7662349, 29.3536414 ], [ 79.7649003, 29.3524439 ], [ 79.763049, 29.352063 ], [ 79.7621591, 29.3513175 ], [ 79.7611623, 29.3511966 ], [ 79.7595269, 29.3515454 ], [ 79.7553836, 29.3507145 ], [ 79.7535231, 29.3525245 ], [ 79.7528359, 29.354743 ], [ 79.7558724, 29.3545898 ], [ 79.7591251, 29.3549505 ], [ 79.7613841, 29.3560865 ], [ 79.7638861, 29.3559749 ], [ 79.7653665, 29.3563119 ], [ 79.7668709, 29.3560702 ], [ 79.7695718, 29.3564644 ], [ 79.7704895, 29.357222 ], [ 79.7737478, 29.3574463 ], [ 79.7731014, 29.3605441 ], [ 79.7723188, 29.362007 ], [ 79.7677467, 29.3642939 ], [ 79.7666492, 29.3628528 ], [ 79.7661234, 29.3610587 ], [ 79.7624025, 29.3624074 ], [ 79.7587034, 29.3642314 ], [ 79.7560908, 29.3638986 ], [ 79.7552511, 29.3659834 ], [ 79.753122, 29.3684759 ], [ 79.7508193, 29.3674649 ], [ 79.7501008, 29.3646579 ], [ 79.7502137, 29.3639017 ], [ 79.751941, 29.3637092 ], [ 79.7528915, 29.3620027 ], [ 79.7530716, 29.359965 ], [ 79.7498739, 29.3601942 ], [ 79.7484875, 29.3599324 ], [ 79.7471249, 29.3607347 ], [ 79.7410808, 29.3599423 ], [ 79.740349, 29.359482 ], [ 79.7390606, 29.3600682 ], [ 79.7384506, 29.3597776 ], [ 79.739032, 29.3591456 ], [ 79.7389169, 29.358254 ], [ 79.7401257, 29.3568564 ], [ 79.740159, 29.355448 ], [ 79.7411172, 29.354683 ], [ 79.746699, 29.3518659 ], [ 79.747537, 29.3501379 ], [ 79.7494621, 29.3488659 ], [ 79.7508885, 29.3469207 ], [ 79.7530506, 29.3450696 ], [ 79.7537356, 29.3437287 ], [ 79.7555455, 29.3438412 ], [ 79.7564555, 29.3413904 ], [ 79.7592869, 29.3389059 ], [ 79.7574342, 29.338047 ], [ 79.7564481, 29.338072 ], [ 79.7550503, 29.3408027 ], [ 79.7537391, 29.3419475 ], [ 79.752045, 29.3426009 ], [ 79.7514251, 29.3432127 ], [ 79.7504915, 29.3432113 ], [ 79.7484688, 29.3417556 ], [ 79.7461141, 29.3411919 ], [ 79.7451108, 29.3406003 ], [ 79.745161, 29.3374476 ], [ 79.7457414, 29.3369086 ], [ 79.7467702, 29.336362 ], [ 79.7504532, 29.336053 ], [ 79.7511077, 29.3334936 ], [ 79.7505272, 29.3322387 ], [ 79.7516431, 29.3308239 ], [ 79.7518166, 29.3301623 ], [ 79.7502304, 29.3282672 ], [ 79.7495061, 29.3260482 ], [ 79.7491555, 29.3258039 ], [ 79.7477581, 29.3290331 ], [ 79.7467296, 29.3294861 ], [ 79.7407853, 29.3301424 ], [ 79.7387478, 29.332221 ], [ 79.7379386, 29.3335281 ], [ 79.7367092, 29.3341215 ], [ 79.7356024, 29.3340121 ], [ 79.7351875, 29.3336168 ], [ 79.7368895, 29.3307005 ], [ 79.7369737, 29.3293635 ], [ 79.7358068, 29.3279352 ], [ 79.7325759, 29.326031 ], [ 79.7323048, 29.3243457 ], [ 79.7315528, 29.3240056 ], [ 79.7283197, 29.3278069 ], [ 79.7271282, 29.3283308 ], [ 79.7257553, 29.3281145 ], [ 79.7242824, 29.3271046 ], [ 79.7236744, 29.3260873 ], [ 79.7238633, 29.3234488 ], [ 79.7231845, 29.3222175 ], [ 79.7232878, 29.3215222 ], [ 79.72392, 29.3208369 ], [ 79.7264964, 29.3196022 ], [ 79.7289242, 29.321193 ], [ 79.7299695, 29.3222914 ], [ 79.7328578, 29.3226706 ], [ 79.7352394, 29.322104 ], [ 79.7359121, 29.3215167 ], [ 79.7373599, 29.3187112 ], [ 79.7375942, 29.3173963 ], [ 79.7360652, 29.3171247 ], [ 79.7296575, 29.3114726 ], [ 79.7273372, 29.3116453 ], [ 79.7263842, 29.312889 ], [ 79.7245726, 29.3132871 ], [ 79.720693, 29.3102205 ], [ 79.7186036, 29.3079634 ], [ 79.7152348, 29.3066737 ], [ 79.7130944, 29.304147 ], [ 79.7126953, 29.3030229 ], [ 79.7084877, 29.3048608 ], [ 79.704555, 29.3054755 ], [ 79.702439, 29.3077449 ], [ 79.7020527, 29.307664 ], [ 79.7017791, 29.3072533 ], [ 79.7015866, 29.3048013 ], [ 79.7016895, 29.3003808 ], [ 79.701222, 29.2999152 ], [ 79.7002755, 29.3001987 ], [ 79.6984608, 29.3019873 ], [ 79.6978337, 29.3046606 ], [ 79.6971098, 29.3053635 ], [ 79.696765, 29.3049885 ], [ 79.6970523, 29.3039192 ], [ 79.6969045, 29.3020021 ], [ 79.6944749, 29.3022326 ], [ 79.689115, 29.3034404 ], [ 79.6843948, 29.3037165 ], [ 79.6817319, 29.3042769 ], [ 79.6801151, 29.3066134 ], [ 79.6801236, 29.3112949 ], [ 79.6798556, 29.3126584 ], [ 79.6780203, 29.3143664 ], [ 79.677287, 29.3146858 ], [ 79.676838, 29.3152376 ], [ 79.6766724, 29.3163517 ], [ 79.6752852, 29.3177663 ], [ 79.6745837, 29.3175955 ], [ 79.6744763, 29.317235 ], [ 79.6750442, 29.3165356 ], [ 79.6751072, 29.3157958 ], [ 79.6765547, 29.3140734 ], [ 79.6768305, 29.3103166 ], [ 79.6763463, 29.3087732 ], [ 79.6733769, 29.3046396 ], [ 79.6716903, 29.3039764 ], [ 79.6689709, 29.3041933 ], [ 79.6672788, 29.3033935 ], [ 79.6663459, 29.3032982 ], [ 79.6631667, 29.3045256 ], [ 79.6566732, 29.3079084 ], [ 79.6557822, 29.3079824 ], [ 79.6551278, 29.3078231 ], [ 79.6541642, 29.3070031 ], [ 79.6532559, 29.3057229 ], [ 79.6525106, 29.3079077 ], [ 79.6524747, 29.3097161 ], [ 79.6531801, 29.3107972 ], [ 79.6539724, 29.3137681 ], [ 79.653599, 29.3151709 ], [ 79.6523644, 29.3160859 ], [ 79.6504455, 29.3194286 ], [ 79.6495079, 29.324231 ], [ 79.6473439, 29.3270334 ], [ 79.6459243, 29.3280019 ], [ 79.643952, 29.3283754 ], [ 79.6423475, 29.3293436 ], [ 79.6420346, 29.3310163 ], [ 79.6411124, 29.3303665 ], [ 79.6403139, 29.3306644 ], [ 79.6426166, 29.3324391 ], [ 79.6428133, 29.3330646 ], [ 79.6413189, 29.3353567 ], [ 79.6410058, 29.337368 ], [ 79.640714, 29.3376224 ], [ 79.6352983, 29.3381401 ], [ 79.6338852, 29.3392506 ], [ 79.633057, 29.3404389 ], [ 79.6322149, 29.3408195 ], [ 79.6290671, 29.3389491 ], [ 79.6258062, 29.3398323 ], [ 79.6250334, 29.3406942 ], [ 79.6257083, 29.3416134 ], [ 79.6279985, 29.3431977 ], [ 79.6288731, 29.3443244 ], [ 79.6252944, 29.3439409 ], [ 79.6221945, 29.3447093 ], [ 79.6178839, 29.3466287 ], [ 79.6156188, 29.3468797 ], [ 79.609537, 29.3461634 ], [ 79.6077033, 29.3464018 ], [ 79.6071469, 29.3470077 ], [ 79.6059508, 29.3473507 ], [ 79.6032982, 29.3511682 ], [ 79.6031693, 29.3528953 ], [ 79.6019225, 29.353887 ], [ 79.6023378, 29.3587622 ], [ 79.6094251, 29.3562657 ], [ 79.6117631, 29.3566613 ], [ 79.6152844, 29.3578368 ], [ 79.6157828, 29.3585465 ], [ 79.6156314, 29.3592189 ], [ 79.6127001, 29.3615888 ], [ 79.6147635, 29.3630537 ], [ 79.6176937, 29.3622247 ], [ 79.6197639, 29.3622296 ], [ 79.6232993, 29.3644411 ], [ 79.6253748, 29.3637065 ], [ 79.6269371, 29.3649171 ], [ 79.6273418, 29.3648048 ], [ 79.6277326, 29.3639272 ], [ 79.6288358, 29.3627821 ], [ 79.6298889, 29.3622178 ], [ 79.6313987, 29.3602943 ], [ 79.6330529, 29.3588246 ], [ 79.6343154, 29.3584591 ], [ 79.6347998, 29.3587436 ], [ 79.6352186, 29.3593537 ], [ 79.6352477, 29.3604306 ], [ 79.6346614, 29.3617895 ], [ 79.6310132, 29.3648557 ], [ 79.6308168, 29.3656203 ], [ 79.6295686, 29.3665384 ], [ 79.6294486, 29.3688263 ], [ 79.6296966, 29.3697124 ], [ 79.6302621, 29.3698837 ], [ 79.6308796, 29.3689642 ], [ 79.6317383, 29.3684986 ], [ 79.6353309, 29.3678975 ], [ 79.6360256, 29.3681188 ], [ 79.6368601, 29.3676176 ], [ 79.6385932, 29.3640511 ], [ 79.6410433, 29.3613646 ], [ 79.6442601, 29.3591898 ], [ 79.6471235, 29.358934 ], [ 79.6480151, 29.3582346 ], [ 79.6492048, 29.3578901 ], [ 79.651904, 29.3585548 ], [ 79.6522219, 29.3576557 ], [ 79.6532839, 29.3567017 ], [ 79.6531636, 29.3563401 ], [ 79.6485488, 29.3553879 ], [ 79.6475454, 29.3556124 ], [ 79.6431842, 29.3585338 ], [ 79.6412362, 29.3590131 ], [ 79.63983, 29.358684 ], [ 79.6381185, 29.3576955 ], [ 79.6360416, 29.3572445 ], [ 79.6362533, 29.3567491 ], [ 79.6378031, 29.3555798 ], [ 79.6376332, 29.3549882 ], [ 79.6380154, 29.3542098 ], [ 79.6418138, 29.3522276 ], [ 79.6461914, 29.3483976 ], [ 79.6477403, 29.349669 ], [ 79.652067, 29.3495276 ], [ 79.6537414, 29.3492641 ], [ 79.6552635, 29.348559 ], [ 79.6568969, 29.3485624 ], [ 79.6580139, 29.3481539 ], [ 79.658404, 29.3474321 ], [ 79.6584401, 29.3460578 ], [ 79.6570696, 29.3445955 ], [ 79.6550098, 29.3438614 ], [ 79.6532148, 29.3438434 ], [ 79.6491858, 29.3446281 ], [ 79.6471325, 29.3444607 ], [ 79.6468518, 29.3436666 ], [ 79.6481574, 29.3423164 ], [ 79.6506987, 29.3414505 ], [ 79.6579861, 29.3421391 ], [ 79.6612731, 29.3421313 ], [ 79.6628188, 29.3416003 ], [ 79.6636465, 29.3404898 ], [ 79.6657823, 29.3400692 ], [ 79.6684096, 29.3402304 ], [ 79.6699083, 29.3391851 ], [ 79.6712358, 29.3401265 ], [ 79.6712614, 29.3396235 ], [ 79.6732955, 29.3378672 ], [ 79.6743675, 29.3376143 ], [ 79.6761895, 29.3365163 ], [ 79.676402, 29.3356807 ], [ 79.6760076, 29.3350069 ], [ 79.6695931, 29.3300346 ], [ 79.6673953, 29.3295342 ], [ 79.6650659, 29.3299262 ], [ 79.6643714, 29.32962 ], [ 79.6668843, 29.3269274 ], [ 79.6688988, 29.3236217 ], [ 79.6695565, 29.3235843 ], [ 79.6699466, 29.3248423 ], [ 79.6717846, 29.3268015 ], [ 79.6732228, 29.3271445 ], [ 79.6755191, 29.3270641 ], [ 79.677583, 29.3259993 ], [ 79.6815943, 29.324795 ], [ 79.6856601, 29.3221196 ], [ 79.6869692, 29.3193763 ], [ 79.6878461, 29.3185757 ], [ 79.6908402, 29.3172086 ], [ 79.6926923, 29.3168912 ], [ 79.6942512, 29.3158868 ], [ 79.695003, 29.3141765 ], [ 79.6951074, 29.3130758 ], [ 79.6946825, 29.3121522 ], [ 79.6972811, 29.3122953 ], [ 79.6973396, 29.3128038 ], [ 79.6963981, 29.3135774 ], [ 79.695586, 29.3157656 ], [ 79.6924549, 29.3182458 ], [ 79.6899929, 29.3224311 ], [ 79.6885767, 29.3232664 ], [ 79.6893027, 29.325853 ], [ 79.6906618, 29.327496 ], [ 79.6931194, 29.3292569 ], [ 79.6949997, 29.3299825 ], [ 79.6964048, 29.3294682 ], [ 79.7023659, 29.3254409 ], [ 79.7050753, 29.3240195 ], [ 79.7103047, 29.3237616 ], [ 79.7108753, 29.323406 ], [ 79.7129983, 29.3203788 ], [ 79.7143214, 29.3200959 ], [ 79.7154216, 29.3193668 ], [ 79.7159527, 29.318494 ], [ 79.717451, 29.317195 ], [ 79.7184688, 29.3169294 ], [ 79.7200725, 29.3185102 ], [ 79.7204851, 29.3204187 ], [ 79.7193959, 29.3207822 ], [ 79.7181245, 29.3207613 ], [ 79.7160374, 29.3214539 ], [ 79.715303, 29.3223084 ], [ 79.7168948, 29.3241835 ], [ 79.718783, 29.324151 ], [ 79.7194739, 29.3244999 ], [ 79.7198591, 29.3251246 ], [ 79.7196229, 29.326087 ], [ 79.7193273, 29.3263539 ], [ 79.7170894, 29.3262697 ], [ 79.7165395, 29.3265273 ], [ 79.7159053, 29.3280239 ], [ 79.7146826, 29.3288597 ], [ 79.7122533, 29.3279639 ], [ 79.7108518, 29.3269183 ], [ 79.7101196, 29.3267744 ], [ 79.7094372, 29.3271298 ], [ 79.708169, 29.3299981 ], [ 79.7079702, 29.3323601 ], [ 79.7109973, 29.332833 ], [ 79.7114574, 29.3333381 ], [ 79.7109676, 29.333979 ], [ 79.7082007, 29.3347575 ], [ 79.7077498, 29.3351945 ], [ 79.7075013, 29.3369949 ], [ 79.7085787, 29.3374781 ], [ 79.7111125, 29.3372955 ], [ 79.7116912, 29.337769 ], [ 79.7118914, 29.3370072 ], [ 79.7138489, 29.3352188 ], [ 79.7159554, 29.3350042 ], [ 79.7182886, 29.3357214 ], [ 79.7207839, 29.3345401 ], [ 79.7243838, 29.3318695 ], [ 79.7251647, 29.3318376 ], [ 79.7255911, 29.3322306 ], [ 79.7255689, 29.3330151 ], [ 79.7232637, 29.3356855 ], [ 79.7198611, 29.3377121 ], [ 79.7179878, 29.3382438 ], [ 79.7121672, 29.3422696 ], [ 79.7100616, 29.3429009 ], [ 79.708688, 29.3428806 ], [ 79.7076829, 29.3441268 ], [ 79.7072961, 29.3441796 ], [ 79.7064027, 29.3433667 ], [ 79.7060004, 29.3413781 ], [ 79.7056074, 29.340786 ], [ 79.7039131, 29.3399212 ], [ 79.7025273, 29.3386973 ], [ 79.7026006, 29.3378238 ], [ 79.7051476, 29.3363219 ], [ 79.7050996, 29.3351451 ], [ 79.7046936, 29.3347343 ], [ 79.7025578, 29.3344986 ], [ 79.7016035, 29.3336231 ], [ 79.7004754, 29.333113 ], [ 79.7002073, 29.3346012 ], [ 79.6996567, 29.3351172 ], [ 79.6903557, 29.3400829 ], [ 79.6885341, 29.3401952 ], [ 79.6876857, 29.3497273 ], [ 79.6871645, 29.3507117 ], [ 79.6861471, 29.3506918 ], [ 79.6836055, 29.3498667 ], [ 79.6756897, 29.3497083 ], [ 79.6730233, 29.3459309 ], [ 79.6747873, 29.3446431 ], [ 79.6767418, 29.3413754 ], [ 79.6775072, 29.3394515 ], [ 79.6756505, 29.3401425 ], [ 79.6714454, 29.3403394 ], [ 79.6719534, 29.3408788 ], [ 79.6705953, 29.3455139 ], [ 79.6706764, 29.3467564 ], [ 79.6721392, 29.3500819 ], [ 79.6719911, 29.3510309 ], [ 79.6710842, 29.3515533 ], [ 79.6673042, 29.3498594 ], [ 79.6657355, 29.3498562 ], [ 79.6638445, 29.3524097 ], [ 79.6641102, 29.3558036 ], [ 79.6629849, 29.3562901 ], [ 79.6610411, 29.3559247 ], [ 79.6609013, 29.3538204 ], [ 79.6603694, 29.3531604 ], [ 79.6590202, 29.3527042 ], [ 79.6578864, 29.3533111 ], [ 79.6558108, 29.355269 ], [ 79.6533468, 29.3590567 ], [ 79.654709, 29.3603814 ], [ 79.6548063, 29.3616958 ], [ 79.6532426, 29.3627141 ], [ 79.6467146, 29.3647741 ], [ 79.6443636, 29.3667595 ], [ 79.6429219, 29.3675072 ], [ 79.6420939, 29.3685963 ], [ 79.6418965, 29.3697294 ], [ 79.641312, 29.3705073 ], [ 79.6414366, 29.3721369 ], [ 79.6454934, 29.375181 ], [ 79.6474157, 29.3777154 ], [ 79.6482244, 29.3777846 ], [ 79.6494971, 29.3772207 ], [ 79.6579234, 29.3775964 ], [ 79.6598658, 29.3771956 ], [ 79.6651429, 29.374238 ], [ 79.6705794, 29.3749711 ], [ 79.6717249, 29.3758304 ], [ 79.671542, 29.3765819 ], [ 79.6685994, 29.379383 ], [ 79.6678212, 29.3794658 ], [ 79.6657174, 29.3782705 ], [ 79.6651753, 29.379349 ], [ 79.6641982, 29.3788982 ], [ 79.6635971, 29.3789611 ], [ 79.6631416, 29.3793683 ], [ 79.6631857, 29.3801578 ], [ 79.6644491, 29.381547 ], [ 79.6654493, 29.3820011 ], [ 79.665617, 29.3826627 ], [ 79.6647766, 29.3829443 ], [ 79.6625374, 29.3819614 ], [ 79.6614507, 29.3821345 ], [ 79.6609692, 29.384974 ], [ 79.6601148, 29.3847023 ], [ 79.6596762, 29.3831226 ], [ 79.6591084, 29.3823016 ], [ 79.6584606, 29.3825499 ], [ 79.6577321, 29.3841001 ], [ 79.6566685, 29.3842868 ], [ 79.6551004, 29.383042 ], [ 79.6537371, 29.3802188 ], [ 79.6525538, 29.3791502 ], [ 79.651491, 29.3790265 ], [ 79.6495482, 29.3795755 ], [ 79.6493274, 29.3813697 ], [ 79.6485709, 29.3818808 ], [ 79.6480166, 29.3817852 ], [ 79.6473671, 29.3813286 ], [ 79.6459551, 29.3781426 ], [ 79.6448575, 29.3766235 ], [ 79.6435877, 29.3762024 ], [ 79.6404421, 29.3780764 ], [ 79.6400972, 29.3791498 ], [ 79.6392795, 29.3795393 ], [ 79.6389078, 29.3801998 ], [ 79.6385299, 29.3829787 ], [ 79.6361874, 29.3857869 ], [ 79.6360759, 29.3870281 ], [ 79.6364557, 29.3888641 ], [ 79.6378244, 29.3897444 ], [ 79.6432146, 29.3909245 ], [ 79.6444903, 29.3918035 ], [ 79.6460734, 29.3931901 ], [ 79.6461868, 29.3939325 ], [ 79.644945, 29.3944493 ], [ 79.6466249, 29.3970034 ], [ 79.6470456, 29.3967243 ], [ 79.6502352, 29.3967312 ], [ 79.6544584, 29.3972506 ], [ 79.6575671, 29.3968844 ], [ 79.660393, 29.3956194 ], [ 79.6662548, 29.3960939 ], [ 79.6664966, 29.3949913 ], [ 79.667384, 29.3944601 ], [ 79.6700824, 29.3938044 ], [ 79.6706885, 29.3918356 ], [ 79.6713364, 29.3915738 ], [ 79.6726066, 29.3919475 ], [ 79.6744217, 29.3931251 ], [ 79.6774575, 29.3929963 ], [ 79.6789387, 29.3937684 ], [ 79.6801352, 29.39648 ], [ 79.6815169, 29.3978149 ], [ 79.6816027, 29.39739 ], [ 79.6837516, 29.3976709 ], [ 79.6903125, 29.397148 ], [ 79.6886643, 29.3957643 ], [ 79.6887119, 29.3952179 ], [ 79.6893299, 29.3945376 ], [ 79.6915235, 29.3954392 ], [ 79.6947022, 29.3936034 ], [ 79.6963235, 29.3942239 ], [ 79.6998128, 29.3925469 ], [ 79.7005293, 29.3925483 ], [ 79.701391, 29.3930221 ], [ 79.7016614, 29.3943383 ], [ 79.7001151, 29.3997396 ], [ 79.7002749, 29.4005563 ], [ 79.7039517, 29.3999155 ], [ 79.7046522, 29.4001394 ], [ 79.7097683, 29.4033736 ], [ 79.7107598, 29.404428 ], [ 79.7107196, 29.4051633 ], [ 79.7088254, 29.4078586 ], [ 79.7062105, 29.409021 ], [ 79.7008619, 29.4094969 ], [ 79.6995221, 29.4090896 ], [ 79.6975376, 29.4091841 ], [ 79.6972497, 29.408829 ], [ 79.6966892, 29.4096523 ], [ 79.6943535, 29.411118 ], [ 79.6931428, 29.4126582 ], [ 79.6931901, 29.414135 ], [ 79.6927258, 29.4155982 ], [ 79.6921177, 29.4163574 ], [ 79.6915271, 29.4166002 ], [ 79.6887586, 29.4163653 ], [ 79.686269, 29.4181791 ], [ 79.6860969, 29.4191908 ], [ 79.6854782, 29.4200531 ], [ 79.6855229, 29.4206739 ], [ 79.6858443, 29.4215516 ], [ 79.6870739, 29.4228763 ], [ 79.6871094, 29.4271132 ], [ 79.6881696, 29.4284376 ], [ 79.6875495, 29.4298532 ], [ 79.6862215, 29.4308119 ], [ 79.6872414, 29.431303 ], [ 79.6879605, 29.4334228 ], [ 79.6877094, 29.4343182 ], [ 79.6850997, 29.4370334 ], [ 79.6825386, 29.4379894 ], [ 79.6813566, 29.4379871 ], [ 79.6838615, 29.4409875 ], [ 79.6840908, 29.4417029 ], [ 79.6838433, 29.4420533 ], [ 79.6846436, 29.4424435 ], [ 79.6897994, 29.4377103 ], [ 79.6936708, 29.436726 ], [ 79.6954943, 29.4348269 ], [ 79.6976287, 29.4333134 ], [ 79.6995162, 29.4329161 ], [ 79.7059119, 29.432539 ], [ 79.7070602, 29.4320537 ], [ 79.7080115, 29.4311059 ], [ 79.7084571, 29.4284553 ], [ 79.709834, 29.426245 ], [ 79.7107097, 29.4255187 ], [ 79.7079476, 29.4222746 ], [ 79.7075606, 29.4204238 ], [ 79.7077247, 29.4195057 ], [ 79.7084334, 29.4189089 ], [ 79.7081723, 29.4171538 ], [ 79.7109553, 29.4146901 ], [ 79.7137832, 29.4114095 ], [ 79.7118304, 29.4112069 ], [ 79.711315, 29.410835 ], [ 79.7112469, 29.4102816 ], [ 79.7121775, 29.4077668 ], [ 79.7116979, 29.4052156 ], [ 79.7154435, 29.4014845 ], [ 79.7150938, 29.3994531 ], [ 79.7157218, 29.3981583 ], [ 79.7167161, 29.3975534 ], [ 79.7173863, 29.397568 ], [ 79.718457, 29.3977048 ], [ 79.7222786, 29.3993712 ], [ 79.7209636, 29.4016697 ], [ 79.7240078, 29.4029855 ], [ 79.7250778, 29.4052322 ], [ 79.7246589, 29.4065336 ], [ 79.7238781, 29.4076185 ], [ 79.7227821, 29.408487 ], [ 79.7213092, 29.4090174 ], [ 79.7207307, 29.4090284 ], [ 79.7154903, 29.4062884 ], [ 79.7151347, 29.40676 ], [ 79.7157831, 29.4097733 ], [ 79.717116, 29.4096376 ], [ 79.7196569, 29.4104786 ], [ 79.7233242, 29.4107346 ], [ 79.7240863, 29.411053 ], [ 79.7260401, 29.4125676 ], [ 79.7279686, 29.4151008 ], [ 79.727752, 29.4155053 ], [ 79.7271738, 29.4155717 ], [ 79.7239151, 29.4152491 ], [ 79.7226991, 29.4161969 ], [ 79.7216742, 29.4160859 ], [ 79.721092, 29.4164721 ], [ 79.7207661, 29.4174566 ], [ 79.7203343, 29.4176178 ], [ 79.7191007, 29.417872 ], [ 79.7167893, 29.4177196 ], [ 79.7151702, 29.4180945 ], [ 79.7150052, 29.4194806 ], [ 79.7154309, 29.4199262 ], [ 79.714723, 29.4215581 ], [ 79.715039, 29.4224976 ], [ 79.7173081, 29.4233707 ], [ 79.7184626, 29.42314 ], [ 79.7211298, 29.4201997 ], [ 79.7228274, 29.4191907 ], [ 79.7282023, 29.4199148 ], [ 79.7303623, 29.4199051 ], [ 79.7326501, 29.4221016 ], [ 79.7325724, 29.4223983 ], [ 79.7311845, 29.4227805 ], [ 79.731106, 29.4234145 ], [ 79.7324592, 29.424874 ], [ 79.7321606, 29.4257472 ], [ 79.7338616, 29.4266785 ], [ 79.7341599, 29.4277433 ], [ 79.7338703, 29.4280135 ], [ 79.7324139, 29.4279369 ], [ 79.731602, 29.4291971 ], [ 79.7317162, 29.4298383 ], [ 79.7332768, 29.4316489 ], [ 79.7351927, 29.4326631 ], [ 79.7358062, 29.4314623 ], [ 79.7357567, 29.4306343 ], [ 79.7362064, 29.4293667 ], [ 79.7371648, 29.4280459 ], [ 79.744854, 29.4215142 ], [ 79.7463042, 29.4208013 ], [ 79.7495406, 29.4211869 ], [ 79.7517622, 29.4199758 ], [ 79.7524405, 29.4202643 ], [ 79.7515032, 29.421953 ], [ 79.7515985, 29.4232394 ], [ 79.7508717, 29.4243605 ], [ 79.7484919, 29.425623 ], [ 79.7482085, 29.4269864 ], [ 79.7484056, 29.4331663 ], [ 79.748174, 29.4330996 ], [ 79.7486979, 29.4333198 ], [ 79.7487719, 29.4340681 ], [ 79.749579, 29.43395 ], [ 79.7499602, 29.4342714 ], [ 79.7507661, 29.4338353 ], [ 79.7518204, 29.4341042 ], [ 79.752598, 29.433911 ], [ 79.7538177, 29.4347876 ], [ 79.7542619, 29.4347398 ], [ 79.7565352, 29.4327142 ], [ 79.7567614, 29.4314435 ], [ 79.7577537, 29.429908 ], [ 79.7571561, 29.4277857 ], [ 79.7583281, 29.4263517 ], [ 79.7618663, 29.4242111 ], [ 79.7617712, 29.4239979 ], [ 79.7626775, 29.4236882 ], [ 79.7650007, 29.4256189 ], [ 79.7653888, 29.4267051 ], [ 79.7642194, 29.4302101 ], [ 79.7638969, 29.4333934 ], [ 79.767193, 29.4372131 ], [ 79.7676184, 29.4472008 ], [ 79.7679231, 29.44759 ], [ 79.7686795, 29.4477635 ], [ 79.7721556, 29.4482156 ], [ 79.7741101, 29.4502229 ], [ 79.7781051, 29.4513464 ], [ 79.7794386, 29.4508136 ], [ 79.7808021, 29.4490416 ] ], [ [ 79.7951057, 29.4290632 ], [ 79.7972794, 29.4290416 ], [ 79.7972756, 29.4313592 ], [ 79.7983457, 29.4330805 ], [ 79.7978295, 29.4334702 ], [ 79.7965191, 29.4338223 ], [ 79.7954897, 29.43303 ], [ 79.7945493, 29.4300984 ], [ 79.7951057, 29.4290632 ] ], [ [ 79.7697764, 29.4238326 ], [ 79.7686398, 29.420635 ], [ 79.7698693, 29.418807 ], [ 79.7763808, 29.4160838 ], [ 79.7807014, 29.4152846 ], [ 79.781732, 29.4154812 ], [ 79.7836247, 29.4166792 ], [ 79.7851052, 29.4192694 ], [ 79.7879917, 29.4182449 ], [ 79.788717, 29.4188481 ], [ 79.7881791, 29.4196312 ], [ 79.7882163, 29.4202747 ], [ 79.7843812, 29.4223403 ], [ 79.7821525, 29.4220201 ], [ 79.7792794, 29.423602 ], [ 79.7749311, 29.4241815 ], [ 79.7716146, 29.4242988 ], [ 79.7697764, 29.4238326 ] ], [ [ 79.7407039, 29.4179757 ], [ 79.7345919, 29.4185797 ], [ 79.7329358, 29.4182733 ], [ 79.7314288, 29.4167056 ], [ 79.7313375, 29.416159 ], [ 79.7329388, 29.4133281 ], [ 79.7366704, 29.4102689 ], [ 79.7356373, 29.4071559 ], [ 79.7353639, 29.4053338 ], [ 79.7355066, 29.4034855 ], [ 79.7357925, 29.4030676 ], [ 79.7365312, 29.4029365 ], [ 79.7386266, 29.4036997 ], [ 79.7394973, 29.4036606 ], [ 79.7403075, 29.4030817 ], [ 79.7403703, 29.4025691 ], [ 79.7381292, 29.4020932 ], [ 79.7373612, 29.4008842 ], [ 79.7347499, 29.4005763 ], [ 79.733142, 29.3994976 ], [ 79.7300944, 29.3961325 ], [ 79.7263533, 29.3946824 ], [ 79.723485, 29.3911874 ], [ 79.7231132, 29.3896572 ], [ 79.7234794, 29.3890784 ], [ 79.7304195, 29.3884145 ], [ 79.7344622, 29.3857359 ], [ 79.735881, 29.3851176 ], [ 79.7399342, 29.3817629 ], [ 79.7400765, 29.3813522 ], [ 79.737358, 29.3806298 ], [ 79.7366012, 29.381526 ], [ 79.7337746, 29.3812515 ], [ 79.7331742, 29.381021 ], [ 79.7328373, 29.3800759 ], [ 79.733055, 29.3791451 ], [ 79.7337631, 29.3782627 ], [ 79.7303298, 29.3783182 ], [ 79.7290278, 29.3801134 ], [ 79.7288402, 29.3813545 ], [ 79.72937, 29.3821651 ], [ 79.729384, 29.3827791 ], [ 79.7273033, 29.3823068 ], [ 79.7243896, 29.3838838 ], [ 79.7220942, 29.3837585 ], [ 79.72057, 29.3832431 ], [ 79.7196015, 29.3822833 ], [ 79.7194051, 29.3805557 ], [ 79.7198865, 29.3788631 ], [ 79.7198303, 29.3773116 ], [ 79.721192, 29.3773068 ], [ 79.7235317, 29.3779969 ], [ 79.7269216, 29.3780317 ], [ 79.7285402, 29.3776431 ], [ 79.7304532, 29.3764724 ], [ 79.7299934, 29.3753651 ], [ 79.7309488, 29.3752857 ], [ 79.7314363, 29.3760354 ], [ 79.7328846, 29.3760378 ], [ 79.7335013, 29.3758095 ], [ 79.7350611, 29.3740577 ], [ 79.7377751, 29.3737423 ], [ 79.7442658, 29.3743021 ], [ 79.7470293, 29.3732259 ], [ 79.7476882, 29.3732683 ], [ 79.7483182, 29.3740587 ], [ 79.7485154, 29.3780323 ], [ 79.7521726, 29.3786894 ], [ 79.7532784, 29.3783315 ], [ 79.7545318, 29.3783944 ], [ 79.7572876, 29.3799446 ], [ 79.7586498, 29.3812722 ], [ 79.758489, 29.3775586 ], [ 79.7607023, 29.3765128 ], [ 79.7609287, 29.3749656 ], [ 79.759266, 29.3733906 ], [ 79.7580242, 29.3713485 ], [ 79.7575155, 29.3679562 ], [ 79.7584735, 29.367217 ], [ 79.7598939, 29.3696068 ], [ 79.7627912, 29.3721202 ], [ 79.7635247, 29.3718202 ], [ 79.7643495, 29.3701867 ], [ 79.7661037, 29.3705552 ], [ 79.7680314, 29.3675448 ], [ 79.7674814, 29.3674403 ], [ 79.7657313, 29.3682167 ], [ 79.7652866, 29.3681081 ], [ 79.7648083, 29.3672996 ], [ 79.765255, 29.3663818 ], [ 79.7662873, 29.3655537 ], [ 79.7691721, 29.3645851 ], [ 79.7701198, 29.3668993 ], [ 79.7686662, 29.3668808 ], [ 79.7687074, 29.3672346 ], [ 79.7710937, 29.3696231 ], [ 79.7722046, 29.3701736 ], [ 79.7732401, 29.3696659 ], [ 79.7736118, 29.3698584 ], [ 79.7758556, 29.3719834 ], [ 79.7767383, 29.3738397 ], [ 79.7796586, 29.376369 ], [ 79.7800891, 29.3771382 ], [ 79.781892, 29.377592 ], [ 79.7822174, 29.3786233 ], [ 79.7824637, 29.3770214 ], [ 79.7820266, 29.3735101 ], [ 79.7825471, 29.3716664 ], [ 79.7837313, 29.3704384 ], [ 79.7848644, 29.3701571 ], [ 79.7850569, 29.3717528 ], [ 79.7866178, 29.3711754 ], [ 79.7870971, 29.3718043 ], [ 79.7884329, 29.3725868 ], [ 79.7930775, 29.3732673 ], [ 79.7966424, 29.3773185 ], [ 79.7982284, 29.3784916 ], [ 79.8002457, 29.3789199 ], [ 79.8016326, 29.3788038 ], [ 79.8012963, 29.3765432 ], [ 79.8029616, 29.3762537 ], [ 79.8068183, 29.3762584 ], [ 79.8075794, 29.3774744 ], [ 79.809425, 29.3771849 ], [ 79.8096199, 29.3767416 ], [ 79.8108877, 29.3778125 ], [ 79.8105009, 29.3785937 ], [ 79.8118463, 29.3805691 ], [ 79.8119376, 29.3812325 ], [ 79.8116232, 29.3815234 ], [ 79.810848, 29.3811342 ], [ 79.8097945, 29.3814403 ], [ 79.8075264, 29.3805758 ], [ 79.806895, 29.3811133 ], [ 79.8059892, 29.3811484 ], [ 79.8082416, 29.3837861 ], [ 79.8071038, 29.3845313 ], [ 79.8006597, 29.3905541 ], [ 79.8002771, 29.3906445 ], [ 79.7999607, 29.3896176 ], [ 79.7993323, 29.3891673 ], [ 79.7973655, 29.390775 ], [ 79.7965797, 29.3920967 ], [ 79.7940602, 29.3931741 ], [ 79.7937843, 29.3914922 ], [ 79.7945393, 29.3898992 ], [ 79.7938171, 29.3886052 ], [ 79.7937075, 29.387495 ], [ 79.7956894, 29.3851187 ], [ 79.7954699, 29.3830811 ], [ 79.7940989, 29.3825061 ], [ 79.7932192, 29.3816328 ], [ 79.790039, 29.3822508 ], [ 79.786655, 29.3818254 ], [ 79.7857978, 29.3822147 ], [ 79.7860527, 29.3829994 ], [ 79.7851762, 29.3831958 ], [ 79.7856263, 29.3847152 ], [ 79.7845817, 29.3846346 ], [ 79.7826558, 29.383669 ], [ 79.7822818, 29.3855891 ], [ 79.781538, 29.3848134 ], [ 79.7799857, 29.3843112 ], [ 79.7798377, 29.3853357 ], [ 79.7780134, 29.3855406 ], [ 79.7774817, 29.3864426 ], [ 79.7763254, 29.3865141 ], [ 79.7756571, 29.3863425 ], [ 79.7752411, 29.3853172 ], [ 79.7759003, 29.3827929 ], [ 79.7758061, 29.3810239 ], [ 79.774654, 29.3826325 ], [ 79.7715401, 29.3828839 ], [ 79.770243, 29.3836917 ], [ 79.7693938, 29.3837901 ], [ 79.765802, 29.3820777 ], [ 79.7631343, 29.3826687 ], [ 79.7613431, 29.3821109 ], [ 79.7610475, 29.3829808 ], [ 79.7589548, 29.3836918 ], [ 79.7568484, 29.3832203 ], [ 79.7564205, 29.3836093 ], [ 79.7560725, 29.3846427 ], [ 79.7562387, 29.3849243 ], [ 79.7616839, 29.3856515 ], [ 79.7612979, 29.3888406 ], [ 79.7609528, 29.388987 ], [ 79.7601849, 29.3881095 ], [ 79.7597931, 29.3881212 ], [ 79.7595636, 29.3908695 ], [ 79.7586686, 29.3926004 ], [ 79.757721, 29.3924282 ], [ 79.757533, 29.3887468 ], [ 79.7549503, 29.3880763 ], [ 79.7536887, 29.389104 ], [ 79.7530172, 29.3904936 ], [ 79.7532088, 29.3922749 ], [ 79.7526782, 29.3928841 ], [ 79.7484152, 29.3937639 ], [ 79.7479007, 29.3945145 ], [ 79.7477417, 29.3985583 ], [ 79.7481218, 29.4048454 ], [ 79.7493688, 29.4048447 ], [ 79.7500047, 29.4066125 ], [ 79.7481843, 29.4066625 ], [ 79.7484465, 29.4090992 ], [ 79.7482961, 29.4111468 ], [ 79.7440769, 29.4116122 ], [ 79.7430358, 29.4120424 ], [ 79.7426881, 29.4125073 ], [ 79.7432874, 29.4132842 ], [ 79.7448111, 29.4143188 ], [ 79.7473205, 29.4155709 ], [ 79.7474265, 29.4165021 ], [ 79.7433098, 29.4170124 ], [ 79.7407039, 29.4179757 ] ], [ [ 79.7874522, 29.404867 ], [ 79.7868892, 29.4058642 ], [ 79.7828687, 29.408336 ], [ 79.7807974, 29.4127819 ], [ 79.7791779, 29.4121262 ], [ 79.7772535, 29.4124678 ], [ 79.7750124, 29.4122059 ], [ 79.769908, 29.4148457 ], [ 79.7669872, 29.4121822 ], [ 79.7651754, 29.4124846 ], [ 79.7623298, 29.4142857 ], [ 79.7610193, 29.414723 ], [ 79.759473, 29.4145987 ], [ 79.7599107, 29.4116595 ], [ 79.7597482, 29.4092439 ], [ 79.7628947, 29.4077505 ], [ 79.7647656, 29.4082023 ], [ 79.7659923, 29.4078381 ], [ 79.7676944, 29.4065719 ], [ 79.7734902, 29.406385 ], [ 79.7773593, 29.4073295 ], [ 79.7878225, 29.40011 ], [ 79.7884348, 29.4005255 ], [ 79.7874522, 29.404867 ] ], [ [ 79.7633731, 29.4018785 ], [ 79.7572306, 29.4049374 ], [ 79.7561508, 29.4051121 ], [ 79.7552944, 29.4047758 ], [ 79.75266, 29.4056385 ], [ 79.7513613, 29.4032825 ], [ 79.7554805, 29.4022509 ], [ 79.7596074, 29.4005615 ], [ 79.7606678, 29.3997092 ], [ 79.7652674, 29.3983986 ], [ 79.7685309, 29.3964271 ], [ 79.7734374, 29.3947749 ], [ 79.7786745, 29.3950994 ], [ 79.7826329, 29.3938849 ], [ 79.783552, 29.3940569 ], [ 79.7846862, 29.3967598 ], [ 79.7836279, 29.3984242 ], [ 79.7821496, 29.3993981 ], [ 79.7801578, 29.3992002 ], [ 79.778875, 29.3998938 ], [ 79.7775634, 29.3989047 ], [ 79.7757822, 29.3999505 ], [ 79.7720645, 29.3995127 ], [ 79.7700912, 29.4005633 ], [ 79.7690505, 29.4015757 ], [ 79.7659659, 29.4021372 ], [ 79.7633731, 29.4018785 ] ], [ [ 79.8083886, 29.3992131 ], [ 79.8116045, 29.4012825 ], [ 79.8134384, 29.3997537 ], [ 79.8155038, 29.4011412 ], [ 79.8168084, 29.4010212 ], [ 79.8181674, 29.4015695 ], [ 79.8190247, 29.4036117 ], [ 79.820216, 29.4049982 ], [ 79.8220983, 29.4083781 ], [ 79.8202908, 29.4108305 ], [ 79.8197601, 29.4131141 ], [ 79.8180133, 29.4119458 ], [ 79.815597, 29.413158 ], [ 79.8138555, 29.4083931 ], [ 79.8132169, 29.4086111 ], [ 79.8126324, 29.4097283 ], [ 79.8116051, 29.4099943 ], [ 79.8097458, 29.4098463 ], [ 79.8070559, 29.4084823 ], [ 79.8068608, 29.4089438 ], [ 79.8060561, 29.4089428 ], [ 79.8058305, 29.4111418 ], [ 79.8016965, 29.4103713 ], [ 79.800741, 29.4091186 ], [ 79.8005485, 29.4079519 ], [ 79.8010509, 29.4062515 ], [ 79.7983312, 29.4061752 ], [ 79.7965261, 29.4068534 ], [ 79.7959134, 29.4081406 ], [ 79.7947753, 29.4083092 ], [ 79.7943594, 29.4080657 ], [ 79.7944169, 29.4068508 ], [ 79.792922, 29.4045888 ], [ 79.7928122, 29.4038597 ], [ 79.792814, 29.4027905 ], [ 79.7946786, 29.3996822 ], [ 79.7916822, 29.3992653 ], [ 79.7918517, 29.3974915 ], [ 79.7941269, 29.3977132 ], [ 79.7951971, 29.3966452 ], [ 79.8003493, 29.3938693 ], [ 79.8011124, 29.3939067 ], [ 79.8022347, 29.3948922 ], [ 79.8042461, 29.3951255 ], [ 79.8052861, 29.3955643 ], [ 79.8053394, 29.3969859 ], [ 79.8058798, 29.3974119 ], [ 79.8065461, 29.3973155 ], [ 79.8078635, 29.3977787 ], [ 79.8083886, 29.3992131 ] ], [ [ 79.8136156, 29.3949848 ], [ 79.813313, 29.3932104 ], [ 79.8153941, 29.3933586 ], [ 79.8156859, 29.3930066 ], [ 79.815341, 29.3916939 ], [ 79.816965, 29.391234 ], [ 79.8179902, 29.3923166 ], [ 79.8196818, 29.393084 ], [ 79.8205124, 29.394385 ], [ 79.8176404, 29.3942846 ], [ 79.8166257, 29.3955714 ], [ 79.8140869, 29.3952526 ], [ 79.8136156, 29.3949848 ] ], [ [ 79.7783622, 29.3883163 ], [ 79.779188, 29.3885552 ], [ 79.7801542, 29.3894661 ], [ 79.7803869, 29.3913372 ], [ 79.7780929, 29.3937527 ], [ 79.7771987, 29.3921907 ], [ 79.7776494, 29.3909717 ], [ 79.7775692, 29.3896278 ], [ 79.7783622, 29.3883163 ] ], [ [ 79.8282808, 29.4090637 ], [ 79.8317919, 29.4085821 ], [ 79.8325681, 29.4084859 ], [ 79.8306829, 29.4101325 ], [ 79.8274404, 29.410968 ], [ 79.8274672, 29.4095158 ], [ 79.8282808, 29.4090637 ] ], [ [ 79.7305101, 29.3729886 ], [ 79.7307477, 29.3737065 ], [ 79.7296866, 29.3749795 ], [ 79.7283033, 29.3746116 ], [ 79.7275335, 29.3729167 ], [ 79.7285093, 29.3706916 ], [ 79.7287536, 29.3688094 ], [ 79.7277614, 29.3665257 ], [ 79.7266056, 29.3645448 ], [ 79.7261382, 29.3642321 ], [ 79.7264147, 29.3634303 ], [ 79.7300174, 29.3605899 ], [ 79.7317834, 29.3607293 ], [ 79.7326981, 29.3612568 ], [ 79.7343018, 29.3631938 ], [ 79.7354909, 29.3638688 ], [ 79.733655, 29.3658269 ], [ 79.7329424, 29.3659327 ], [ 79.7318719, 29.3668223 ], [ 79.731488, 29.3702447 ], [ 79.7297738, 29.372292 ], [ 79.7305101, 29.3729886 ] ], [ [ 79.6699823, 29.38351 ], [ 79.6700743, 29.3845002 ], [ 79.66974, 29.3849065 ], [ 79.6689278, 29.3851056 ], [ 79.6679328, 29.3848995 ], [ 79.6670037, 29.3839216 ], [ 79.6676641, 29.382883 ], [ 79.6691802, 29.3830141 ], [ 79.6699823, 29.38351 ] ], [ [ 79.7272769, 29.3177616 ], [ 79.7276887, 29.3165713 ], [ 79.7294156, 29.3167679 ], [ 79.7290281, 29.3179726 ], [ 79.7272769, 29.3177616 ] ], [ [ 79.7094523, 29.3120904 ], [ 79.7093974, 29.3094515 ], [ 79.709806, 29.3087034 ], [ 79.7122253, 29.309403 ], [ 79.7131387, 29.3102605 ], [ 79.7132176, 29.3113661 ], [ 79.711095, 29.314233 ], [ 79.7097514, 29.3146228 ], [ 79.7092635, 29.3144793 ], [ 79.7090425, 29.3133021 ], [ 79.7094523, 29.3120904 ] ], [ [ 79.7902325, 29.3431094 ], [ 79.7908099, 29.3414214 ], [ 79.7943418, 29.3421387 ], [ 79.7941767, 29.3433228 ], [ 79.7913567, 29.3453312 ], [ 79.789061, 29.3442058 ], [ 79.7902325, 29.3431094 ] ], [ [ 79.7793107, 29.3327946 ], [ 79.7759298, 29.3338872 ], [ 79.7760195, 29.3333423 ], [ 79.7755394, 29.3328675 ], [ 79.7742651, 29.3334374 ], [ 79.7736839, 29.3314602 ], [ 79.7734383, 29.328727 ], [ 79.7770853, 29.3284753 ], [ 79.7777533, 29.3292454 ], [ 79.7793107, 29.3327946 ] ], [ [ 79.7848674, 29.3295845 ], [ 79.7832543, 29.3284355 ], [ 79.7820993, 29.3281045 ], [ 79.7805672, 29.3284929 ], [ 79.7766972, 29.3281947 ], [ 79.775125, 29.3276069 ], [ 79.7752117, 29.3258867 ], [ 79.7761489, 29.3234114 ], [ 79.7792115, 29.3235865 ], [ 79.7817507, 29.3258586 ], [ 79.7838976, 29.3268961 ], [ 79.7857025, 29.3291792 ], [ 79.7848674, 29.3295845 ] ], [ [ 79.767216, 29.3098156 ], [ 79.7672206, 29.3073887 ], [ 79.7679646, 29.3062867 ], [ 79.7702434, 29.3062087 ], [ 79.7715529, 29.3072904 ], [ 79.7692281, 29.3107474 ], [ 79.7684334, 29.3106302 ], [ 79.767216, 29.3098156 ] ], [ [ 79.7659977, 29.3031707 ], [ 79.7685315, 29.300634 ], [ 79.7696944, 29.3007003 ], [ 79.7700258, 29.30117 ], [ 79.7701521, 29.302756 ], [ 79.7694866, 29.3032405 ], [ 79.7671224, 29.3038842 ], [ 79.7659977, 29.3031707 ] ], [ [ 79.7899285, 29.316712 ], [ 79.7900134, 29.3156913 ], [ 79.7923995, 29.3150382 ], [ 79.7931459, 29.3164245 ], [ 79.791757, 29.317808 ], [ 79.7907584, 29.3178796 ], [ 79.7899285, 29.316712 ] ], [ [ 79.8359345, 29.3625683 ], [ 79.8370065, 29.3619869 ], [ 79.8397381, 29.3633163 ], [ 79.8375209, 29.364026 ], [ 79.836707, 29.3649959 ], [ 79.836545, 29.3670345 ], [ 79.8353124, 29.3667092 ], [ 79.8344912, 29.3645083 ], [ 79.8359345, 29.3625683 ] ] ] } },
{ "type": "Feature", "properties": { "gp_code": "23910", "gp_name": "REKUNA", "blkname": "OKHALKANDA", "dtname": "Nainital", "SHAPE_Area": 861355.90054054209 }, "geometry": { "type": "Polygon", "coordinates": [ [ [ 79.7354909, 29.3638688 ], [ 79.7343018, 29.3631938 ], [ 79.7326981, 29.3612568 ], [ 79.7317834, 29.3607293 ], [ 79.7300174, 29.3605899 ], [ 79.7264147, 29.3634303 ], [ 79.7261382, 29.3642321 ], [ 79.7266056, 29.3645448 ], [ 79.7277614, 29.3665257 ], [ 79.7287536, 29.3688094 ], [ 79.7285093, 29.3706916 ], [ 79.7275335, 29.3729167 ], [ 79.7283033, 29.3746116 ], [ 79.7296866, 29.3749795 ], [ 79.7303799, 29.3743655 ], [ 79.7307486, 29.3733099 ], [ 79.7297738, 29.372292 ], [ 79.731488, 29.3702447 ], [ 79.7318719, 29.3668223 ], [ 79.7329424, 29.3659327 ], [ 79.733655, 29.3658269 ], [ 79.7354909, 29.3638688 ] ] ] } },
{ "type": "Feature", "properties": { "gp_code": "23878", "gp_name": "JAMRADI", "blkname": "OKHALKANDA", "dtname": "Nainital", "SHAPE_Area": 886589.01797630172 }, "geometry": { "type": "Polygon", "coordinates": [ [ [ 79.7498739, 29.3601942 ], [ 79.7543505, 29.3597397 ], [ 79.7533488, 29.3576699 ], [ 79.7528359, 29.354743 ], [ 79.7499169, 29.3533195 ], [ 79.7489618, 29.3544495 ], [ 79.7447623, 29.3560258 ], [ 79.742462, 29.3563164 ], [ 79.7416159, 29.3570549 ], [ 79.7414821, 29.3577767 ], [ 79.740349, 29.359482 ], [ 79.7410808, 29.3599423 ], [ 79.74634, 29.3607183 ], [ 79.7471249, 29.3607347 ], [ 79.7484875, 29.3599324 ], [ 79.7498739, 29.3601942 ] ] ] } },
{ "type": "Feature", "properties": { "gp_code": "23919", "gp_name": "TAKURA", "blkname": "OKHALKANDA", "dtname": "Nainital", "SHAPE_Area": 562379.09379134641 }, "geometry": { "type": "Polygon", "coordinates": [ [ [ 79.750631, 29.3503241 ], [ 79.7494621, 29.3488659 ], [ 79.747537, 29.3501379 ], [ 79.746699, 29.3518659 ], [ 79.7461385, 29.3523287 ], [ 79.7411172, 29.354683 ], [ 79.740159, 29.355448 ], [ 79.7401257, 29.3568564 ], [ 79.7389169, 29.358254 ], [ 79.739032, 29.3591456 ], [ 79.7384453, 29.3599425 ], [ 79.7390606, 29.3600682 ], [ 79.7401553, 29.3596779 ], [ 79.7414821, 29.3577767 ], [ 79.7416159, 29.3570549 ], [ 79.742462, 29.3563164 ], [ 79.7447623, 29.3560258 ], [ 79.7494536, 29.3541286 ], [ 79.7499169, 29.3533195 ], [ 79.750631, 29.3503241 ] ] ] } },
{ "type": "Feature", "properties": { "gp_code": "23900", "gp_name": "PAITNA", "blkname": "OKHALKANDA", "dtname": "Nainital", "SHAPE_Area": 1495452.1146928731 }, "geometry": { "type": "Polygon", "coordinates": [ [ [ 79.7553926, 29.3507218 ], [ 79.7595269, 29.3515454 ], [ 79.7611623, 29.3511966 ], [ 79.7621591, 29.3513175 ], [ 79.763049, 29.352063 ], [ 79.7649003, 29.3524439 ], [ 79.7662349, 29.3536414 ], [ 79.7673241, 29.3520326 ], [ 79.7675491, 29.3508984 ], [ 79.7672712, 29.3505564 ], [ 79.7626495, 29.3498055 ], [ 79.7621776, 29.3489752 ], [ 79.7637401, 29.3474891 ], [ 79.7620427, 29.3467302 ], [ 79.761094, 29.3476559 ], [ 79.7596742, 29.3476787 ], [ 79.757724, 29.3464591 ], [ 79.7582575, 29.3455046 ], [ 79.7598049, 29.3446285 ], [ 79.75864, 29.3421623 ], [ 79.7586553, 29.3414547 ], [ 79.7601207, 29.3397611 ], [ 79.7592869, 29.3389059 ], [ 79.7564555, 29.3413904 ], [ 79.7555455, 29.3438412 ], [ 79.7537356, 29.3437287 ], [ 79.7530506, 29.3450696 ], [ 79.7508885, 29.3469207 ], [ 79.7494621, 29.3488659 ], [ 79.750631, 29.3503241 ], [ 79.7499169, 29.3533195 ], [ 79.7528359, 29.354743 ], [ 79.7535231, 29.3525245 ], [ 79.7553926, 29.3507218 ] ] ] } },
{ "type": "Feature", "properties": { "gp_code": "243346", "gp_name": "KOTALI", "blkname": "OKHALKANDA", "dtname": "Nainital", "SHAPE_Area": 2335043.4662520136 }, "geometry": { "type": "Polygon", "coordinates": [ [ [ 79.7560908, 29.3638986 ], [ 79.7587034, 29.3642314 ], [ 79.7624025, 29.3624074 ], [ 79.7661234, 29.3610587 ], [ 79.7666492, 29.3628528 ], [ 79.7677467, 29.3642939 ], [ 79.7723188, 29.362007 ], [ 79.7731014, 29.3605441 ], [ 79.7737478, 29.3574463 ], [ 79.7704895, 29.357222 ], [ 79.7695718, 29.3564644 ], [ 79.7668709, 29.3560702 ], [ 79.7653665, 29.3563119 ], [ 79.7638861, 29.3559749 ], [ 79.7613841, 29.3560865 ], [ 79.7591251, 29.3549505 ], [ 79.7558724, 29.3545898 ], [ 79.7528359, 29.354743 ], [ 79.7533488, 29.3576699 ], [ 79.7543505, 29.3597397 ], [ 79.7530716, 29.359965 ], [ 79.7528915, 29.3620027 ], [ 79.751941, 29.3637092 ], [ 79.7502137, 29.3639017 ], [ 79.7501008, 29.3646579 ], [ 79.7508193, 29.3674649 ], [ 79.753122, 29.3684759 ], [ 79.7552511, 29.3659834 ], [ 79.7560908, 29.3638986 ] ] ] } },
{ "type": "Feature", "properties": { "gp_code": "23860", "gp_name": "BHUMKA", "blkname": "OKHALKANDA", "dtname": "Nainital", "SHAPE_Area": 3529057.769199369 }, "geometry": { "type": "Polygon", "coordinates": [ [ [ 79.774654, 29.3826325 ], [ 79.7762944, 29.3805731 ], [ 79.7789701, 29.3797961 ], [ 79.779682, 29.3789066 ], [ 79.7800891, 29.3771382 ], [ 79.7796586, 29.376369 ], [ 79.7767383, 29.3738397 ], [ 79.7758556, 29.3719834 ], [ 79.7736118, 29.3698584 ], [ 79.7732401, 29.3696659 ], [ 79.7722046, 29.3701736 ], [ 79.7710937, 29.3696231 ], [ 79.7687074, 29.3672346 ], [ 79.7686662, 29.3668808 ], [ 79.7701198, 29.3668993 ], [ 79.7691721, 29.3645851 ], [ 79.7662873, 29.3655537 ], [ 79.765255, 29.3663818 ], [ 79.7648083, 29.3672996 ], [ 79.7652866, 29.3681081 ], [ 79.7657313, 29.3682167 ], [ 79.7674814, 29.3674403 ], [ 79.7680314, 29.3675448 ], [ 79.7661037, 29.3705552 ], [ 79.7643495, 29.3701867 ], [ 79.7635247, 29.3718202 ], [ 79.7627912, 29.3721202 ], [ 79.7598939, 29.3696068 ], [ 79.7584735, 29.367217 ], [ 79.7575155, 29.3679562 ], [ 79.7580242, 29.3713485 ], [ 79.759266, 29.3733906 ], [ 79.7609287, 29.3749656 ], [ 79.7607023, 29.3765128 ], [ 79.758489, 29.3775586 ], [ 79.7586498, 29.3812722 ], [ 79.7631343, 29.3826687 ], [ 79.765802, 29.3820777 ], [ 79.7693938, 29.3837901 ], [ 79.770243, 29.3836917 ], [ 79.7715401, 29.3828839 ], [ 79.774654, 29.3826325 ] ] ] } },
{ "type": "Feature", "properties": { "gp_code": "23908", "gp_name": "PUTPURI", "blkname": "OKHALKANDA", "dtname": "Nainital", "SHAPE_Area": 1722858.7406224655 }, "geometry": { "type": "Polygon", "coordinates": [ [ [ 79.7705851, 29.3357015 ], [ 79.7698749, 29.3357127 ], [ 79.7676732, 29.3367099 ], [ 79.76568, 29.335002 ], [ 79.7639403, 29.3351375 ], [ 79.7623247, 29.3365653 ], [ 79.7614046, 29.3382258 ], [ 79.7632676, 29.3396925 ], [ 79.7641008, 29.3408528 ], [ 79.7647505, 29.3434036 ], [ 79.7661514, 29.3462481 ], [ 79.7670969, 29.347006 ], [ 79.7686119, 29.3461307 ], [ 79.7707334, 29.3458644 ], [ 79.7705298, 29.3430093 ], [ 79.7708369, 29.3425828 ], [ 79.7742223, 29.3415627 ], [ 79.7776623, 29.3411405 ], [ 79.7784011, 29.3407145 ], [ 79.7784747, 29.3395021 ], [ 79.7761511, 29.3376003 ], [ 79.7759715, 29.3368193 ], [ 79.7764188, 29.3357951 ], [ 79.7792629, 29.3337981 ], [ 79.7793712, 29.3332852 ], [ 79.7761146, 29.3342532 ], [ 79.7716723, 29.3350442 ], [ 79.7705851, 29.3357015 ] ] ] } },
{ "type": "Feature", "properties": { "gp_code": "", "gp_name": "", "blkname": "OKHALKANDA", "dtname": "Nainital", "SHAPE_Area": 312067.8295020067 }, "geometry": { "type": "Polygon", "coordinates": [ [ [ 79.7793107, 29.3327946 ], [ 79.7777533, 29.3292454 ], [ 79.7770853, 29.3284753 ], [ 79.7734383, 29.328727 ], [ 79.7736839, 29.3314602 ], [ 79.7742651, 29.3334374 ], [ 79.7755394, 29.3328675 ], [ 79.7760195, 29.3333423 ], [ 79.7759298, 29.3338872 ], [ 79.7793107, 29.3327946 ] ] ] } },
{ "type": "Feature", "properties": { "gp_code": "23919", "gp_name": "TAKURA", "blkname": "OKHALKANDA", "dtname": "Nainital", "SHAPE_Area": 1006298.3920817642 }, "geometry": { "type": "Polygon", "coordinates": [ [ [ 79.7564481, 29.338072 ], [ 79.7574342, 29.338047 ], [ 79.759704, 29.3392603 ], [ 79.7599835, 29.3386995 ], [ 79.7583644, 29.3335852 ], [ 79.7580325, 29.3334309 ], [ 79.7535247, 29.3377625 ], [ 79.7504532, 29.336053 ], [ 79.7467702, 29.336362 ], [ 79.7457414, 29.3369086 ], [ 79.745161, 29.3374476 ], [ 79.7451108, 29.3406003 ], [ 79.7461141, 29.3411919 ], [ 79.7484688, 29.3417556 ], [ 79.7504915, 29.3432113 ], [ 79.7514251, 29.3432127 ], [ 79.752045, 29.3426009 ], [ 79.7537391, 29.3419475 ], [ 79.7550503, 29.3408027 ], [ 79.7564481, 29.338072 ] ] ] } },
{ "type": "Feature", "properties": { "gp_code": "23924", "gp_name": "TUSRAD", "blkname": "OKHALKANDA", "dtname": "Nainital", "SHAPE_Area": 1076941.6506710604 }, "geometry": { "type": "Polygon", "coordinates": [ [ [ 79.7705851, 29.3357015 ], [ 79.7700427, 29.3353592 ], [ 79.7683023, 29.3353567 ], [ 79.7685395, 29.3344122 ], [ 79.7701495, 29.3331508 ], [ 79.7704799, 29.3323829 ], [ 79.7703979, 29.3315654 ], [ 79.7690622, 29.3310754 ], [ 79.7691609, 29.3303802 ], [ 79.7700122, 29.3293321 ], [ 79.7698492, 29.329031 ], [ 79.768251, 29.3298274 ], [ 79.7636603, 29.3309212 ], [ 79.7619623, 29.3306015 ], [ 79.7583681, 29.3316453 ], [ 79.7575052, 29.3315221 ], [ 79.7561642, 29.3337405 ], [ 79.7528466, 29.335663 ], [ 79.7522896, 29.3356866 ], [ 79.7516873, 29.3368328 ], [ 79.7535247, 29.3377625 ], [ 79.7580325, 29.3334309 ], [ 79.7583644, 29.3335852 ], [ 79.759721, 29.3376498 ], [ 79.7614046, 29.3382258 ], [ 79.7623247, 29.3365653 ], [ 79.7639403, 29.3351375 ], [ 79.76568, 29.335002 ], [ 79.7676732, 29.3367099 ], [ 79.7698749, 29.3357127 ], [ 79.7705851, 29.3357015 ] ] ] } },
{ "type": "Feature", "properties": { "gp_code": "23857", "gp_name": "BHADRAKOT", "blkname": "OKHALKANDA", "dtname": "Nainital", "SHAPE_Area": 1548356.3238655447 }, "geometry": { "type": "Polygon", "coordinates": [ [ [ 79.768251, 29.3298274 ], [ 79.7732652, 29.3273287 ], [ 79.771438, 29.3262475 ], [ 79.7693272, 29.3233527 ], [ 79.7684717, 29.3231837 ], [ 79.7679502, 29.3225659 ], [ 79.7680223, 29.321338 ], [ 79.7663831, 29.3193957 ], [ 79.7646005, 29.3196791 ], [ 79.7637644, 29.320124 ], [ 79.7597294, 29.3189711 ], [ 79.7582232, 29.320311 ], [ 79.7585834, 29.3212388 ], [ 79.7608341, 29.3236821 ], [ 79.7605546, 29.3241942 ], [ 79.7595237, 29.3245099 ], [ 79.7604873, 29.3269262 ], [ 79.759908, 29.3273898 ], [ 79.7591235, 29.3273886 ], [ 79.7591222, 29.328076 ], [ 79.7600448, 29.3286587 ], [ 79.7599285, 29.3311475 ], [ 79.7619623, 29.3306015 ], [ 79.7636603, 29.3309212 ], [ 79.768251, 29.3298274 ] ] ] } },
{ "type": "Feature", "properties": { "gp_code": "", "gp_name": "", "blkname": "OKHALKANDA", "dtname": "Nainital", "SHAPE_Area": 488415.67511361337 }, "geometry": { "type": "Polygon", "coordinates": [ [ [ 79.7761489, 29.3234114 ], [ 79.7752117, 29.3258867 ], [ 79.775125, 29.3276069 ], [ 79.7766972, 29.3281947 ], [ 79.7805672, 29.3284929 ], [ 79.7820993, 29.3281045 ], [ 79.7832543, 29.3284355 ], [ 79.7848674, 29.3295845 ], [ 79.7857025, 29.3291792 ], [ 79.7838976, 29.3268961 ], [ 79.7817507, 29.3258586 ], [ 79.7792115, 29.3235865 ], [ 79.7761489, 29.3234114 ] ] ] } },
{ "type": "Feature", "properties": { "gp_code": "", "gp_name": "", "blkname": "OKHALKANDA", "dtname": "Nainital", "SHAPE_Area": 87635.300485624757 }, "geometry": { "type": "Polygon", "coordinates": [ [ [ 79.7931459, 29.3164245 ], [ 79.7923995, 29.3150382 ], [ 79.7900134, 29.3156913 ], [ 79.7899285, 29.316712 ], [ 79.7907584, 29.3178796 ], [ 79.791757, 29.317808 ], [ 79.7931459, 29.3164245 ] ] ] } },
{ "type": "Feature", "properties": { "gp_code": "", "gp_name": "", "blkname": "OKHALKANDA", "dtname": "Nainital", "SHAPE_Area": 163613.13719374343 }, "geometry": { "type": "Polygon", "coordinates": [ [ [ 79.7913567, 29.3453312 ], [ 79.7941767, 29.3433228 ], [ 79.7943418, 29.3421387 ], [ 79.7908099, 29.3414214 ], [ 79.7902325, 29.3431094 ], [ 79.789061, 29.3442058 ], [ 79.7913567, 29.3453312 ] ] ] } },
{ "type": "Feature", "properties": { "gp_code": "23916", "gp_name": "SUNKOT", "blkname": "OKHALKANDA", "dtname": "Nainital", "SHAPE_Area": 2919705.1384003502 }, "geometry": { "type": "Polygon", "coordinates": [ [ [ 79.8265064, 29.3598158 ], [ 79.8283572, 29.3580254 ], [ 79.8314364, 29.3565023 ], [ 79.8322387, 29.354621 ], [ 79.8331829, 29.3539294 ], [ 79.8355282, 29.3530447 ], [ 79.8351961, 29.3524246 ], [ 79.8335612, 29.351062 ], [ 79.833396, 29.350199 ], [ 79.8325087, 29.3499065 ], [ 79.8314394, 29.350841 ], [ 79.8308569, 29.3507918 ], [ 79.8281652, 29.3492412 ], [ 79.8273094, 29.3493795 ], [ 79.8280723, 29.3501628 ], [ 79.8280119, 29.3508905 ], [ 79.8234914, 29.3508697 ], [ 79.8231586, 29.3511445 ], [ 79.8230832, 29.3521637 ], [ 79.8235541, 29.3557479 ], [ 79.8196717, 29.3572816 ], [ 79.8188703, 29.3587729 ], [ 79.8177363, 29.3597636 ], [ 79.8170479, 29.3595717 ], [ 79.8169427, 29.3583752 ], [ 79.8132309, 29.3593246 ], [ 79.811177, 29.3586746 ], [ 79.8089878, 29.3571166 ], [ 79.8080699, 29.3586709 ], [ 79.8184445, 29.3711319 ], [ 79.8188186, 29.3700958 ], [ 79.8207792, 29.3682537 ], [ 79.8257089, 29.3616413 ], [ 79.8265064, 29.3598158 ] ] ] } },
{ "type": "Feature", "properties": { "gp_code": "23883", "gp_name": "KANCHLA KOT", "blkname": "OKHALKANDA", "dtname": "Nainital", "SHAPE_Area": 1269920.0754185268 }, "geometry": { "type": "Polygon", "coordinates": [ [ [ 79.8290127, 29.3629414 ], [ 79.8259777, 29.360921 ], [ 79.8207792, 29.3682537 ], [ 79.8188186, 29.3700958 ], [ 79.818097, 29.3715325 ], [ 79.8159594, 29.3724536 ], [ 79.8149026, 29.3740564 ], [ 79.8135428, 29.3742492 ], [ 79.8129873, 29.3746374 ], [ 79.8120696, 29.3759972 ], [ 79.8128455, 29.3766786 ], [ 79.8168463, 29.3730621 ], [ 79.8189003, 29.3724812 ], [ 79.8204163, 29.3697611 ], [ 79.8244139, 29.3681129 ], [ 79.8242453, 29.3696195 ], [ 79.8263231, 29.3717603 ], [ 79.8249344, 29.3727796 ], [ 79.8257932, 29.3737039 ], [ 79.8304324, 29.3695532 ], [ 79.8299345, 29.3684834 ], [ 79.8326538, 29.3682068 ], [ 79.8332623, 29.3696412 ], [ 79.8341213, 29.3703833 ], [ 79.8336759, 29.3715372 ], [ 79.8353398, 29.3720978 ], [ 79.8362576, 29.3704948 ], [ 79.8340694, 29.3677221 ], [ 79.832766, 29.367332 ], [ 79.8305625, 29.3657256 ], [ 79.8297462, 29.3641815 ], [ 79.8283179, 29.3638763 ], [ 79.8282489, 29.3635846 ], [ 79.8290127, 29.3629414 ] ] ] } },
{ "type": "Feature", "properties": { "gp_code": "23888", "gp_name": "KUKNA", "blkname": "OKHALKANDA", "dtname": "Nainital", "SHAPE_Area": 3012612.4664811515 }, "geometry": { "type": "Polygon", "coordinates": [ [ [ 79.8323942, 29.3319976 ], [ 79.8320811, 29.3379274 ], [ 79.828835, 29.3384829 ], [ 79.8253412, 29.3377015 ], [ 79.8198202, 29.338546 ], [ 79.8186281, 29.3381316 ], [ 79.8183228, 29.3383013 ], [ 79.8182938, 29.3391033 ], [ 79.8176272, 29.3397588 ], [ 79.8168061, 29.3398808 ], [ 79.817737, 29.340485 ], [ 79.8190692, 29.3399761 ], [ 79.8197622, 29.3402442 ], [ 79.8223119, 29.3445568 ], [ 79.823416, 29.3456436 ], [ 79.8254791, 29.3425072 ], [ 79.8272688, 29.343674 ], [ 79.8281698, 29.3463932 ], [ 79.8281652, 29.3492412 ], [ 79.8308569, 29.3507918 ], [ 79.8314394, 29.350841 ], [ 79.8325087, 29.3499065 ], [ 79.8330218, 29.3499435 ], [ 79.833396, 29.350199 ], [ 79.8335612, 29.351062 ], [ 79.8351961, 29.3524246 ], [ 79.8355282, 29.3530447 ], [ 79.8375665, 29.3535085 ], [ 79.8379412, 29.3533631 ], [ 79.838067, 29.3526341 ], [ 79.8368493, 29.350397 ], [ 79.8370311, 29.3493643 ], [ 79.8378911, 29.3492193 ], [ 79.8399151, 29.3500234 ], [ 79.8397518, 29.3476293 ], [ 79.8407043, 29.3472129 ], [ 79.8373415, 29.3453181 ], [ 79.837552, 29.3434226 ], [ 79.8380099, 29.3432529 ], [ 79.8395211, 29.3436311 ], [ 79.8399247, 29.342623 ], [ 79.8380861, 29.3417025 ], [ 79.8376971, 29.3385498 ], [ 79.8350476, 29.3375076 ], [ 79.8350085, 29.3371132 ], [ 79.8351476, 29.3367366 ], [ 79.8372976, 29.3364715 ], [ 79.8377654, 29.3349128 ], [ 79.8391159, 29.3353553 ], [ 79.8392417, 29.3345534 ], [ 79.8385768, 29.3339451 ], [ 79.8359572, 29.3328488 ], [ 79.8323942, 29.3319976 ] ] ] } },
{ "type": "Feature", "properties": { "gp_code": "23858", "gp_name": "BHANPOKHARA", "blkname": "OKHALKANDA", "dtname": "Nainital", "SHAPE_Area": 867799.11308293208 }, "geometry": { "type": "Polygon", "coordinates": [ [ [ 79.8173808, 29.2859184 ], [ 79.8137946, 29.283063 ], [ 79.8127783, 29.2818263 ], [ 79.8128321, 29.2830709 ], [ 79.8118559, 29.2843631 ], [ 79.8104863, 29.2844172 ], [ 79.8043379, 29.2858915 ], [ 79.8067253, 29.2841432 ], [ 79.8067071, 29.2838446 ], [ 79.804675, 29.2839397 ], [ 79.8027522, 29.2852795 ], [ 79.8029952, 29.2865149 ], [ 79.8026607, 29.2872092 ], [ 79.8018813, 29.2875274 ], [ 79.8008539, 29.288718 ], [ 79.7980278, 29.2891193 ], [ 79.797429, 29.2893138 ], [ 79.7974412, 29.2896456 ], [ 79.7988139, 29.2895824 ], [ 79.8031546, 29.2904313 ], [ 79.8063704, 29.2900691 ], [ 79.8073449, 29.2898628 ], [ 79.8090166, 29.2889131 ], [ 79.8107732, 29.2870118 ], [ 79.8144768, 29.2861132 ], [ 79.8173808, 29.2859184 ] ] ] } },
{ "type": "Feature", "properties": { "gp_code": "23902", "gp_name": "PASHYAN", "blkname": "OKHALKANDA", "dtname": "Nainital", "SHAPE_Area": 3647971.0934075303 }, "geometry": { "type": "Polygon", "coordinates": [ [ [ 79.814601, 29.2999687 ], [ 79.814824, 29.2991669 ], [ 79.8161018, 29.2975884 ], [ 79.8157737, 29.2945255 ], [ 79.8151656, 29.293261 ], [ 79.8143063, 29.2929926 ], [ 79.8128366, 29.2931124 ], [ 79.81195, 29.2926496 ], [ 79.8070595, 29.2944502 ], [ 79.805751, 29.2945218 ], [ 79.8025787, 29.2940715 ], [ 79.8006307, 29.2933442 ], [ 79.798515, 29.2934147 ], [ 79.7944156, 29.294401 ], [ 79.7930016, 29.2943107 ], [ 79.7919701, 29.2951634 ], [ 79.7936643, 29.2963356 ], [ 79.7948414, 29.2979998 ], [ 79.7939555, 29.2979016 ], [ 79.7928839, 29.2984665 ], [ 79.7919425, 29.2984006 ], [ 79.7915544, 29.298659 ], [ 79.7918655, 29.300326 ], [ 79.7913642, 29.301992 ], [ 79.7889153, 29.3025945 ], [ 79.7859399, 29.3007782 ], [ 79.7827579, 29.304246 ], [ 79.7833764, 29.3062029 ], [ 79.7856538, 29.3070394 ], [ 79.7875683, 29.3084205 ], [ 79.7914375, 29.3057766 ], [ 79.7924221, 29.3056807 ], [ 79.7936405, 29.3067152 ], [ 79.7957189, 29.3074956 ], [ 79.7964697, 29.3062935 ], [ 79.796653, 29.3043858 ], [ 79.7929941, 29.3035304 ], [ 79.7929255, 29.3031658 ], [ 79.7938416, 29.3025228 ], [ 79.7970176, 29.3019314 ], [ 79.7993459, 29.3025055 ], [ 79.800412, 29.3034425 ], [ 79.8021876, 29.3028857 ], [ 79.8079181, 29.3025812 ], [ 79.8094802, 29.303089 ], [ 79.8124479, 29.3026549 ], [ 79.8129203, 29.3020235 ], [ 79.8129228, 29.3003222 ], [ 79.814601, 29.2999687 ] ] ] } },
{ "type": "Feature", "properties": { "gp_code": "23865", "gp_name": "DEWALI", "blkname": "OKHALKANDA", "dtname": "Nainital", "SHAPE_Area": 1563724.0916970491 }, "geometry": { "type": "Polygon", "coordinates": [ [ [ 79.7875683, 29.3084205 ], [ 79.7856538, 29.3070394 ], [ 79.7833669, 29.3061994 ], [ 79.7823863, 29.3073761 ], [ 79.780972, 29.308142 ], [ 79.7772338, 29.3085159 ], [ 79.7759512, 29.3096122 ], [ 79.7741642, 29.3124037 ], [ 79.7739913, 29.3156001 ], [ 79.774352, 29.3162838 ], [ 79.7773691, 29.3183864 ], [ 79.7806037, 29.3157311 ], [ 79.7837256, 29.3142096 ], [ 79.7847126, 29.3145166 ], [ 79.785685, 29.3156892 ], [ 79.7870066, 29.3162522 ], [ 79.7881756, 29.3164245 ], [ 79.7886633, 29.3161934 ], [ 79.7892083, 29.314974 ], [ 79.788559, 29.312045 ], [ 79.7878645, 29.3111534 ], [ 79.7855547, 29.3105647 ], [ 79.7875683, 29.3084205 ] ] ] } },
{ "type": "Feature", "properties": { "gp_code": "23906", "gp_name": "POKHARI MALLI", "blkname": "OKHALKANDA", "dtname": "Nainital", "SHAPE_Area": 3335972.3993189055 }, "geometry": { "type": "Polygon", "coordinates": [ [ [ 79.7774081, 29.2967178 ], [ 79.7802477, 29.2965244 ], [ 79.781443, 29.297675 ], [ 79.7824446, 29.298018 ], [ 79.7852588, 29.2965699 ], [ 79.7885043, 29.2962722 ], [ 79.7919701, 29.2951634 ], [ 79.7930016, 29.2943107 ], [ 79.7941897, 29.2913107 ], [ 79.7957909, 29.2909833 ], [ 79.7962879, 29.2903012 ], [ 79.7974412, 29.2896456 ], [ 79.797429, 29.2893138 ], [ 79.8008539, 29.288718 ], [ 79.8018813, 29.2875274 ], [ 79.8026607, 29.2872092 ], [ 79.8029952, 29.2865149 ], [ 79.8027522, 29.2852795 ], [ 79.8033401, 29.2831572 ], [ 79.8026736, 29.2822047 ], [ 79.8003375, 29.2809573 ], [ 79.7971471, 29.2795402 ], [ 79.7953149, 29.2795539 ], [ 79.7951096, 29.2809291 ], [ 79.7956725, 29.2825642 ], [ 79.7927757, 29.2837685 ], [ 79.7923702, 29.2848539 ], [ 79.7913804, 29.2858287 ], [ 79.7898916, 29.2856193 ], [ 79.7889324, 29.2862972 ], [ 79.7869884, 29.286366 ], [ 79.7794727, 29.2884006 ], [ 79.7800577, 29.2894853 ], [ 79.7797594, 29.2928176 ], [ 79.7800285, 29.2947144 ], [ 79.7796242, 29.2951043 ], [ 79.7759792, 29.2954165 ], [ 79.7731812, 29.2961122 ], [ 79.7722035, 29.2960945 ], [ 79.770521, 29.2952258 ], [ 79.7690033, 29.2954859 ], [ 79.7671389, 29.2950684 ], [ 79.7655059, 29.2952019 ], [ 79.768664, 29.2965 ], [ 79.7702622, 29.2958903 ], [ 79.7755532, 29.2987468 ], [ 79.7770441, 29.2979314 ], [ 79.7774081, 29.2967178 ] ] ] } },
{ "type": "Feature", "properties": { "gp_code": "23894", "gp_name": "MATELA", "blkname": "OKHALKANDA", "dtname": "Nainital", "SHAPE_Area": 1813419.8131503267 }, "geometry": { "type": "Polygon", "coordinates": [ [ [ 79.7889324, 29.2862972 ], [ 79.7898916, 29.2856193 ], [ 79.7913804, 29.2858287 ], [ 79.7923702, 29.2848539 ], [ 79.7927757, 29.2837685 ], [ 79.7956725, 29.2825642 ], [ 79.7951096, 29.2809291 ], [ 79.7953149, 29.2795539 ], [ 79.7939958, 29.2797234 ], [ 79.7925581, 29.2791349 ], [ 79.7923477, 29.2777563 ], [ 79.7894717, 29.2780937 ], [ 79.7873413, 29.2794277 ], [ 79.786543, 29.2793806 ], [ 79.7849686, 29.2782107 ], [ 79.7847084, 29.2764158 ], [ 79.7828916, 29.2772743 ], [ 79.7806511, 29.2771045 ], [ 79.7793318, 29.2793765 ], [ 79.7791882, 29.2820361 ], [ 79.7785161, 29.2842559 ], [ 79.7786538, 29.2851102 ], [ 79.7794867, 29.2863559 ], [ 79.7791302, 29.2877655 ], [ 79.7794727, 29.2884006 ], [ 79.7869884, 29.286366 ], [ 79.7889324, 29.2862972 ] ] ] } },
{ "type": "Feature", "properties": { "gp_code": "260223", "gp_name": "Kodar", "blkname": "OKHALKANDA", "dtname": "Nainital", "SHAPE_Area": 1255941.6454162579 }, "geometry": { "type": "Polygon", "coordinates": [ [ [ 79.81195, 29.2926496 ], [ 79.8130889, 29.2913627 ], [ 79.8132027, 29.2893698 ], [ 79.814064, 29.288277 ], [ 79.8153684, 29.2873792 ], [ 79.8176986, 29.286604 ], [ 79.8173808, 29.2859184 ], [ 79.8144768, 29.2861132 ], [ 79.8107732, 29.2870118 ], [ 79.8090166, 29.2889131 ], [ 79.8073449, 29.2898628 ], [ 79.8063704, 29.2900691 ], [ 79.8031546, 29.2904313 ], [ 79.7988139, 29.2895824 ], [ 79.7974412, 29.2896456 ], [ 79.7962879, 29.2903012 ], [ 79.7957909, 29.2909833 ], [ 79.7941897, 29.2913107 ], [ 79.7930016, 29.2943107 ], [ 79.7944156, 29.294401 ], [ 79.798515, 29.2934147 ], [ 79.8006307, 29.2933442 ], [ 79.8025787, 29.2940715 ], [ 79.8070595, 29.2944502 ], [ 79.81195, 29.2926496 ] ] ] } },
{ "type": "Feature", "properties": { "gp_code": "", "gp_name": "", "blkname": "OKHALKANDA", "dtname": "Nainital", "SHAPE_Area": 81816.851974686098 }, "geometry": { "type": "Polygon", "coordinates": [ [ [ 79.7968844, 29.2696425 ], [ 79.7986294, 29.2716189 ], [ 79.7999017, 29.2711095 ], [ 79.8005529, 29.2697516 ], [ 79.7999053, 29.2688799 ], [ 79.7968844, 29.2696425 ] ] ] } },
{ "type": "Feature", "properties": { "gp_code": "23879", "gp_name": "JHARGAON MALLA", "blkname": "OKHALKANDA", "dtname": "Nainital", "SHAPE_Area": 1739494.5703016396 }, "geometry": { "type": "Polygon", "coordinates": [ [ [ 79.7806511, 29.2771045 ], [ 79.7832372, 29.2746476 ], [ 79.7831276, 29.2736225 ], [ 79.7820933, 29.2721996 ], [ 79.7824447, 29.27162 ], [ 79.7828462, 29.2712955 ], [ 79.7845578, 29.2714587 ], [ 79.7850872, 29.2711421 ], [ 79.7852558, 29.2702028 ], [ 79.7827583, 29.2699493 ], [ 79.7824556, 29.2679661 ], [ 79.7833118, 29.2678087 ], [ 79.7806239, 29.261155 ], [ 79.7798495, 29.2584331 ], [ 79.7786955, 29.2578946 ], [ 79.7784031, 29.2580161 ], [ 79.7779525, 29.2609928 ], [ 79.7772266, 29.2622852 ], [ 79.7761619, 29.2662127 ], [ 79.7757094, 29.2712656 ], [ 79.7745368, 29.2721892 ], [ 79.7736423, 29.2743111 ], [ 79.7705628, 29.2761608 ], [ 79.7706757, 29.277896 ], [ 79.7725346, 29.2764246 ], [ 79.7735599, 29.2764827 ], [ 79.7741509, 29.2762893 ], [ 79.7743569, 29.2757667 ], [ 79.7752964, 29.2756113 ], [ 79.7776004, 29.2773298 ], [ 79.7789073, 29.2792895 ], [ 79.7793318, 29.2793765 ], [ 79.7806511, 29.2771045 ] ] ] } },
{ "type": "Feature", "properties": { "gp_code": "", "gp_name": "", "blkname": "OKHALKANDA", "dtname": "Nainital", "SHAPE_Area": 246300.95044629357 }, "geometry": { "type": "Polygon", "coordinates": [ [ [ 79.7852558, 29.2702028 ], [ 79.7850872, 29.2711421 ], [ 79.7845578, 29.2714587 ], [ 79.7828462, 29.2712955 ], [ 79.7820933, 29.2721996 ], [ 79.7858437, 29.2734095 ], [ 79.7890632, 29.2735022 ], [ 79.7899553, 29.2727225 ], [ 79.7901042, 29.271626 ], [ 79.7893623, 29.2707335 ], [ 79.7852558, 29.2702028 ] ] ] } },
{ "type": "Feature", "properties": { "gp_code": "", "gp_name": "", "blkname": "OKHALKANDA", "dtname": "Nainital", "SHAPE_Area": 345017.30593219469 }, "geometry": { "type": "Polygon", "coordinates": [ [ [ 79.7863944, 29.2685749 ], [ 79.7861947, 29.2664338 ], [ 79.7868362, 29.2656293 ], [ 79.7894261, 29.2647298 ], [ 79.7897621, 29.26351 ], [ 79.7893484, 29.2613376 ], [ 79.7887084, 29.2612147 ], [ 79.786147, 29.2618458 ], [ 79.7848113, 29.2617464 ], [ 79.7840592, 29.2620871 ], [ 79.7843477, 29.2650966 ], [ 79.7849296, 29.2665196 ], [ 79.7848097, 29.2680275 ], [ 79.7863944, 29.2685749 ] ] ] } },
{ "type": "Feature", "properties": { "gp_code": "", "gp_name": "", "blkname": "OKHALKANDA", "dtname": "Nainital", "SHAPE_Area": 230819.17397406074 }, "geometry": { "type": "Polygon", "coordinates": [ [ [ 79.7901727, 29.2500643 ], [ 79.7883452, 29.2504665 ], [ 79.7876961, 29.2511201 ], [ 79.7874162, 29.2519983 ], [ 79.7876883, 29.2528783 ], [ 79.7892242, 29.2551028 ], [ 79.7912231, 29.2553709 ], [ 79.7914811, 29.2510531 ], [ 79.7910947, 29.2504215 ], [ 79.7901727, 29.2500643 ] ] ] } },
{ "type": "Feature", "properties": { "gp_code": "23863", "gp_name": "DALKANYA", "blkname": "OKHALKANDA", "dtname": "Nainital", "SHAPE_Area": 12665792.028838264 }, "geometry": { "type": "Polygon", "coordinates": [ [ [ 79.8136226, 29.2704549 ], [ 79.8139777, 29.2675396 ], [ 79.8157679, 29.2659299 ], [ 79.8165454, 29.2645498 ], [ 79.8176974, 29.2633892 ], [ 79.8183535, 29.2619624 ], [ 79.8184065, 29.2606567 ], [ 79.8197213, 29.2591453 ], [ 79.8256824, 29.2551985 ], [ 79.826729, 29.253113 ], [ 79.8280533, 29.2515979 ], [ 79.8303431, 29.2503867 ], [ 79.831826, 29.2489092 ], [ 79.837057, 29.2474688 ], [ 79.8362146, 29.2440351 ], [ 79.8397878, 29.2421917 ], [ 79.8399298, 29.2386184 ], [ 79.8403672, 29.2367116 ], [ 79.8372772, 29.2366884 ], [ 79.833889, 29.2371066 ], [ 79.8307534, 29.2369628 ], [ 79.8276185, 29.2362769 ], [ 79.8268635, 29.2360352 ], [ 79.8258366, 29.2338257 ], [ 79.826389, 29.231638 ], [ 79.8198222, 29.2302054 ], [ 79.8145254, 29.2366438 ], [ 79.8024598, 29.2385166 ], [ 79.8011769, 29.2391975 ], [ 79.7992621, 29.2500272 ], [ 79.8040818, 29.2525739 ], [ 79.8053758, 29.2542905 ], [ 79.8051485, 29.2572187 ], [ 79.8053966, 29.258732 ], [ 79.8035398, 29.2592611 ], [ 79.8021658, 29.2603144 ], [ 79.8014906, 29.2618012 ], [ 79.8014657, 29.2629979 ], [ 79.8029937, 29.264708 ], [ 79.8019992, 29.2666978 ], [ 79.8019028, 29.268172 ], [ 79.8025462, 29.2695366 ], [ 79.8039157, 29.270396 ], [ 79.8059825, 29.2732503 ], [ 79.80683, 29.2709487 ], [ 79.8073183, 29.2711649 ], [ 79.8079161, 29.2701269 ], [ 79.8136226, 29.2704549 ] ] ] } },
{ "type": "Feature", "properties": { "gp_code": "", "gp_name": "", "blkname": "OKHALKANDA", "dtname": "Nainital", "SHAPE_Area": 164479.8171034386 }, "geometry": { "type": "Polygon", "coordinates": [ [ [ 79.8205672, 29.2587588 ], [ 79.8197213, 29.2591453 ], [ 79.8184065, 29.2606567 ], [ 79.8183535, 29.2619624 ], [ 79.8176974, 29.2633892 ], [ 79.8162056, 29.2651533 ], [ 79.81791, 29.2650912 ], [ 79.8181668, 29.2636125 ], [ 79.8188868, 29.2622564 ], [ 79.8203391, 29.2625412 ], [ 79.8211467, 29.262176 ], [ 79.8216786, 29.2600291 ], [ 79.8205672, 29.2587588 ] ] ] } },
{ "type": "Feature", "properties": { "gp_code": "260489", "gp_name": "BHADRARITHA", "blkname": "OKHALKANDA", "dtname": "Nainital", "SHAPE_Area": 1145746.5575374356 }, "geometry": { "type": "Polygon", "coordinates": [ [ [ 79.8127783, 29.2818263 ], [ 79.8137742, 29.2781288 ], [ 79.8158029, 29.2749227 ], [ 79.8164393, 29.2757255 ], [ 79.8161386, 29.2737463 ], [ 79.8137566, 29.272182 ], [ 79.8134374, 29.2713801 ], [ 79.8136226, 29.2704549 ], [ 79.8079161, 29.2701269 ], [ 79.8073183, 29.2711649 ], [ 79.80683, 29.2709487 ], [ 79.8059512, 29.2733352 ], [ 79.8051098, 29.277385 ], [ 79.8067509, 29.2780703 ], [ 79.8084746, 29.2793657 ], [ 79.8106514, 29.2799313 ], [ 79.8127783, 29.2818263 ] ] ] } },
{ "type": "Feature", "properties": { "gp_code": "", "gp_name": "", "blkname": "OKHALKANDA", "dtname": "Nainital", "SHAPE_Area": 51946.512026463548 }, "geometry": { "type": "Polygon", "coordinates": [ [ [ 79.816204, 29.2716106 ], [ 79.8162119, 29.2704607 ], [ 79.8138852, 29.2705111 ], [ 79.8137373, 29.2708909 ], [ 79.813934, 29.2717215 ], [ 79.8145947, 29.2724233 ], [ 79.816204, 29.2716106 ] ] ] } },
{ "type": "Feature", "properties": { "gp_code": "", "gp_name": "", "blkname": "OKHALKANDA", "dtname": "Nainital", "SHAPE_Area": 28650.264118449708 }, "geometry": { "type": "Polygon", "coordinates": [ [ [ 79.8150265, 29.2665226 ], [ 79.8143126, 29.2670872 ], [ 79.8143047, 29.2680909 ], [ 79.8160401, 29.2678795 ], [ 79.8159656, 29.2672243 ], [ 79.8150265, 29.2665226 ] ] ] } },
{ "type": "Feature", "properties": { "gp_code": "", "gp_name": "", "blkname": "OKHALKANDA", "dtname": "Nainital", "SHAPE_Area": 48761.680658835205 }, "geometry": { "type": "Polygon", "coordinates": [ [ [ 79.8231177, 29.2667372 ], [ 79.8237031, 29.2650218 ], [ 79.8234641, 29.2646533 ], [ 79.8220065, 29.2642024 ], [ 79.8217667, 29.2665083 ], [ 79.8231177, 29.2667372 ] ] ] } },
{ "type": "Feature", "properties": { "gp_code": "", "gp_name": "", "blkname": "OKHALKANDA", "dtname": "Nainital", "SHAPE_Area": 38515.703601339184 }, "geometry": { "type": "Polygon", "coordinates": [ [ [ 79.830061, 29.2609716 ], [ 79.8300031, 29.2606184 ], [ 79.8294051, 29.2602835 ], [ 79.8286964, 29.2602541 ], [ 79.8273092, 29.2609278 ], [ 79.8287179, 29.261677 ], [ 79.8295315, 29.2615323 ], [ 79.830061, 29.2609716 ] ] ] } },
{ "type": "Feature", "properties": { "gp_code": "", "gp_name": "", "blkname": "OKHALKANDA", "dtname": "Nainital", "SHAPE_Area": 23807.469445852468 }, "geometry": { "type": "Polygon", "coordinates": [ [ [ 79.8283022, 29.2594613 ], [ 79.8284356, 29.2590785 ], [ 79.8281578, 29.258761 ], [ 79.8272256, 29.258699 ], [ 79.8265983, 29.2588956 ], [ 79.8265168, 29.259243 ], [ 79.8269039, 29.2598335 ], [ 79.8283022, 29.2594613 ] ] ] } },
{ "type": "Feature", "properties": { "gp_code": "", "gp_name": "", "blkname": "OKHALKANDA", "dtname": "Nainital", "SHAPE_Area": 131128.37587813634 }, "geometry": { "type": "Polygon", "coordinates": [ [ [ 79.8256824, 29.2551985 ], [ 79.8224515, 29.2571472 ], [ 79.8214865, 29.258101 ], [ 79.8219872, 29.2583212 ], [ 79.821736, 29.2587601 ], [ 79.8225139, 29.2597127 ], [ 79.8244904, 29.2593245 ], [ 79.8241353, 29.2588982 ], [ 79.825663, 29.2566413 ], [ 79.8256824, 29.2551985 ] ] ] } },
{ "type": "Feature", "properties": { "gp_code": "", "gp_name": "", "blkname": "OKHALKANDA", "dtname": "Nainital", "SHAPE_Area": 81477.001994312988 }, "geometry": { "type": "Polygon", "coordinates": [ [ [ 79.8307231, 29.2525658 ], [ 79.8302652, 29.2533143 ], [ 79.8304748, 29.2549753 ], [ 79.8311695, 29.2552953 ], [ 79.8320968, 29.2551163 ], [ 79.8325681, 29.2541878 ], [ 79.8323719, 29.2524049 ], [ 79.8315379, 29.2522705 ], [ 79.8307231, 29.2525658 ] ] ] } },
{ "type": "Feature", "properties": { "gp_code": "", "gp_name": "", "blkname": "OKHALKANDA", "dtname": "Nainital", "SHAPE_Area": 89618.995671208264 }, "geometry": { "type": "Polygon", "coordinates": [ [ [ 79.8376628, 29.255211 ], [ 79.8392082, 29.2544804 ], [ 79.8390703, 29.2535407 ], [ 79.83807, 29.2523805 ], [ 79.8364731, 29.2519877 ], [ 79.8356075, 29.252134 ], [ 79.835273, 29.2526095 ], [ 79.8373167, 29.2538318 ], [ 79.8371905, 29.2545759 ], [ 79.8376628, 29.255211 ] ] ] } },
{ "type": "Feature", "properties": { "gp_code": "", "gp_name": "", "blkname": "OKHALKANDA", "dtname": "Nainital", "SHAPE_Area": 87162.834523630081 }, "geometry": { "type": "Polygon", "coordinates": [ [ [ 79.8404828, 29.2619994 ], [ 79.8401891, 29.2608178 ], [ 79.8385232, 29.260407 ], [ 79.8373158, 29.2611383 ], [ 79.8371554, 29.2617536 ], [ 79.8383597, 29.2627254 ], [ 79.839393, 29.2628074 ], [ 79.8400576, 29.2626786 ], [ 79.8404828, 29.2619994 ] ] ] } },
{ "type": "Feature", "properties": { "gp_code": "", "gp_name": "", "blkname": "OKHALKANDA", "dtname": "Nainital", "SHAPE_Area": 13024651.963746805 }, "geometry": { "type": "Polygon", "coordinates": [ [ [ 79.8559024, 29.2768108 ], [ 79.8544386, 29.2744747 ], [ 79.8537, 29.2718148 ], [ 79.8523902, 29.2706291 ], [ 79.8501302, 29.2666903 ], [ 79.8499991, 29.2655986 ], [ 79.8509079, 29.2647269 ], [ 79.8505773, 29.2634644 ], [ 79.8526454, 29.2623983 ], [ 79.8535668, 29.2634348 ], [ 79.8526796, 29.2646962 ], [ 79.8527519, 29.2659584 ], [ 79.8534681, 29.2663915 ], [ 79.8558255, 29.2663936 ], [ 79.8575325, 29.2676376 ], [ 79.8621409, 29.2680945 ], [ 79.8627895, 29.2684145 ], [ 79.8629253, 29.2688444 ], [ 79.8642147, 29.2685537 ], [ 79.8667051, 29.2663865 ], [ 79.8672095, 29.2612702 ], [ 79.8684442, 29.2602017 ], [ 79.8707181, 29.2594014 ], [ 79.8728664, 29.2593302 ], [ 79.8755548, 29.2597941 ], [ 79.8772878, 29.2593093 ], [ 79.8838745, 29.2558747 ], [ 79.8853447, 29.2546361 ], [ 79.8868972, 29.2543941 ], [ 79.8890878, 29.2534234 ], [ 79.8887227, 29.2521741 ], [ 79.8892957, 29.2510822 ], [ 79.8891207, 29.2507908 ], [ 79.8883091, 29.250499 ], [ 79.8843048, 29.2505447 ], [ 79.8836817, 29.2507609 ], [ 79.8815593, 29.2529592 ], [ 79.880465, 29.2522656 ], [ 79.8794408, 29.2509644 ], [ 79.8790377, 29.2510102 ], [ 79.8782919, 29.2502925 ], [ 79.8739724, 29.2519093 ], [ 79.8704074, 29.2547861 ], [ 79.8686805, 29.2555658 ], [ 79.8651741, 29.2560996 ], [ 79.8647458, 29.2549597 ], [ 79.8643845, 29.254907 ], [ 79.8627354, 29.2579405 ], [ 79.8621792, 29.258055 ], [ 79.8617023, 29.2562736 ], [ 79.8599491, 29.2561745 ], [ 79.8560665, 29.2565737 ], [ 79.8531707, 29.2579256 ], [ 79.8518985, 29.2571007 ], [ 79.8513209, 29.255418 ], [ 79.8491239, 29.2537394 ], [ 79.8484295, 29.2520672 ], [ 79.8478041, 29.2513833 ], [ 79.8464484, 29.2507049 ], [ 79.8423096, 29.2503422 ], [ 79.8408549, 29.2489984 ], [ 79.8390247, 29.2481935 ], [ 79.8377198, 29.2482123 ], [ 79.837057, 29.2474688 ], [ 79.831826, 29.2489092 ], [ 79.8303431, 29.2503867 ], [ 79.8280533, 29.2515979 ], [ 79.826729, 29.253113 ], [ 79.8256824, 29.2551985 ], [ 79.825663, 29.2566413 ], [ 79.8241353, 29.2588982 ], [ 79.8244904, 29.2593245 ], [ 79.8225139, 29.2597127 ], [ 79.821736, 29.2587601 ], [ 79.8219872, 29.2583212 ], [ 79.8214865, 29.258101 ], [ 79.8205672, 29.2587588 ], [ 79.8216786, 29.2600291 ], [ 79.8211467, 29.262176 ], [ 79.8203391, 29.2625412 ], [ 79.8188868, 29.2622564 ], [ 79.8181668, 29.2636125 ], [ 79.81791, 29.2650912 ], [ 79.8162056, 29.2651533 ], [ 79.8150265, 29.2665226 ], [ 79.8159656, 29.2672243 ], [ 79.8160401, 29.2678795 ], [ 79.8143047, 29.2680909 ], [ 79.8143126, 29.2670872 ], [ 79.813712, 29.2682606 ], [ 79.8134933, 29.2717892 ], [ 79.8140389, 29.272488 ], [ 79.8159128, 29.2734652 ], [ 79.816525, 29.2751656 ], [ 79.8190238, 29.2714262 ], [ 79.8223535, 29.2694123 ], [ 79.8250709, 29.2689536 ], [ 79.8272327, 29.2692719 ], [ 79.8338415, 29.2715029 ], [ 79.8398971, 29.2728459 ], [ 79.842727, 29.2710986 ], [ 79.8440026, 29.2708568 ], [ 79.8450825, 29.2718058 ], [ 79.8457741, 29.2730704 ], [ 79.8449954, 29.2749899 ], [ 79.8452162, 29.2757193 ], [ 79.8471548, 29.2774225 ], [ 79.8475869, 29.2754663 ], [ 79.8486147, 29.2738144 ], [ 79.8503909, 29.2722118 ], [ 79.8508345, 29.2722122 ], [ 79.8549051, 29.2761779 ], [ 79.8559024, 29.2768108 ] ], [ [ 79.816204, 29.2716106 ], [ 79.8145947, 29.2724233 ], [ 79.813934, 29.2717215 ], [ 79.8137373, 29.2708909 ], [ 79.8138852, 29.2705111 ], [ 79.8162119, 29.2704607 ], [ 79.816204, 29.2716106 ] ], [ [ 79.8403426, 29.2676626 ], [ 79.8384074, 29.2683683 ], [ 79.8365024, 29.2673049 ], [ 79.8370099, 29.2658325 ], [ 79.8403426, 29.2676626 ] ], [ [ 79.8231177, 29.2667372 ], [ 79.8217667, 29.2665083 ], [ 79.8220065, 29.2642024 ], [ 79.8234641, 29.2646533 ], [ 79.8237031, 29.2650218 ], [ 79.8231177, 29.2667372 ] ], [ [ 79.8404828, 29.2619994 ], [ 79.8400576, 29.2626786 ], [ 79.839393, 29.2628074 ], [ 79.8383597, 29.2627254 ], [ 79.8371554, 29.2617536 ], [ 79.8373158, 29.2611383 ], [ 79.8385232, 29.260407 ], [ 79.8401891, 29.2608178 ], [ 79.8404828, 29.2619994 ] ], [ [ 79.830061, 29.2609716 ], [ 79.8295315, 29.2615323 ], [ 79.8287179, 29.261677 ], [ 79.8273092, 29.2609278 ], [ 79.8286964, 29.2602541 ], [ 79.8294051, 29.2602835 ], [ 79.8300031, 29.2606184 ], [ 79.830061, 29.2609716 ] ], [ [ 79.8283022, 29.2594613 ], [ 79.8269039, 29.2598335 ], [ 79.8265168, 29.259243 ], [ 79.8265983, 29.2588956 ], [ 79.8272256, 29.258699 ], [ 79.8281578, 29.258761 ], [ 79.8284356, 29.2590785 ], [ 79.8283022, 29.2594613 ] ], [ [ 79.8307231, 29.2525658 ], [ 79.8315379, 29.2522705 ], [ 79.8323719, 29.2524049 ], [ 79.8325681, 29.2541878 ], [ 79.8320968, 29.2551163 ], [ 79.8311695, 29.2552953 ], [ 79.8304748, 29.2549753 ], [ 79.8302652, 29.2533143 ], [ 79.8307231, 29.2525658 ] ], [ [ 79.8376628, 29.255211 ], [ 79.8371905, 29.2545759 ], [ 79.8373167, 29.2538318 ], [ 79.835273, 29.2526095 ], [ 79.8356075, 29.252134 ], [ 79.8364731, 29.2519877 ], [ 79.83807, 29.2523805 ], [ 79.8390703, 29.2535407 ], [ 79.8392082, 29.2544804 ], [ 79.8376628, 29.255211 ] ] ] } },
{ "type": "Feature", "properties": { "gp_code": "", "gp_name": "", "blkname": "OKHALKANDA", "dtname": "Nainital", "SHAPE_Area": 81199.673974319376 }, "geometry": { "type": "Polygon", "coordinates": [ [ [ 79.8509079, 29.2647269 ], [ 79.8527519, 29.2659584 ], [ 79.8526796, 29.2646962 ], [ 79.8535668, 29.2634348 ], [ 79.8526454, 29.2623983 ], [ 79.8505773, 29.2634644 ], [ 79.8509079, 29.2647269 ] ] ] } },
{ "type": "Feature", "properties": { "gp_code": "", "gp_name": "", "blkname": "OKHALKANDA", "dtname": "Nainital", "SHAPE_Area": 953831.46804166515 }, "geometry": { "type": "Polygon", "coordinates": [ [ [ 79.8629253, 29.2688444 ], [ 79.8627895, 29.2684145 ], [ 79.8621409, 29.2680945 ], [ 79.8575325, 29.2676376 ], [ 79.8558255, 29.2663936 ], [ 79.8534681, 29.2663915 ], [ 79.8509079, 29.2647269 ], [ 79.8499991, 29.2655986 ], [ 79.8506056, 29.2678172 ], [ 79.8523902, 29.2706291 ], [ 79.8537, 29.2718148 ], [ 79.8544386, 29.2744747 ], [ 79.8559024, 29.2768108 ], [ 79.8593878, 29.2714421 ], [ 79.8625903, 29.2709344 ], [ 79.862425, 29.2699985 ], [ 79.8629253, 29.2688444 ] ] ] } },
{ "type": "Feature", "properties": { "gp_code": "", "gp_name": "", "blkname": "OKHALKANDA", "dtname": "Nainital", "SHAPE_Area": 67391.181604933896 }, "geometry": { "type": "Polygon", "coordinates": [ [ [ 79.8403426, 29.2676626 ], [ 79.8370099, 29.2658325 ], [ 79.8365024, 29.2673049 ], [ 79.8384074, 29.2683683 ], [ 79.8403426, 29.2676626 ] ] ] } },
{ "type": "Feature", "properties": { "gp_code": "23898", "gp_name": "PADAMPUR", "blkname": "OKHALKANDA", "dtname": "Nainital", "SHAPE_Area": 1939690.221916903 }, "geometry": { "type": "Polygon", "coordinates": [ [ [ 79.8997049, 29.2523607 ], [ 79.8991775, 29.2505224 ], [ 79.9020195, 29.2502167 ], [ 79.9019347, 29.2494235 ], [ 79.9014774, 29.2488812 ], [ 79.8931224, 29.248374 ], [ 79.8918982, 29.2478713 ], [ 79.8903703, 29.2477147 ], [ 79.888843, 29.2469006 ], [ 79.8866932, 29.2447912 ], [ 79.8800005, 29.2463962 ], [ 79.8787287, 29.2477603 ], [ 79.8782923, 29.2492556 ], [ 79.8782919, 29.2502925 ], [ 79.8790377, 29.2510102 ], [ 79.8794408, 29.2509644 ], [ 79.880465, 29.2522656 ], [ 79.8815593, 29.2529592 ], [ 79.8836817, 29.2507609 ], [ 79.8843048, 29.2505447 ], [ 79.8888441, 29.2506288 ], [ 79.8892957, 29.2510822 ], [ 79.8887408, 29.2526434 ], [ 79.8892818, 29.2535085 ], [ 79.8897789, 29.2556115 ], [ 79.8907765, 29.2559039 ], [ 79.8925787, 29.255346 ], [ 79.8933271, 29.2554194 ], [ 79.8967906, 29.2570502 ], [ 79.8975948, 29.2565889 ], [ 79.8981788, 29.2541828 ], [ 79.8997049, 29.2523607 ] ] ] } },
{ "type": "Feature", "properties": { "gp_code": "23868", "gp_name": "DIGOLI", "blkname": "OKHALKANDA", "dtname": "Nainital", "SHAPE_Area": 2110787.5976355043 }, "geometry": { "type": "Polygon", "coordinates": [ [ [ 79.8922317, 29.3675497 ], [ 79.893121, 29.3658977 ], [ 79.8948144, 29.3646351 ], [ 79.8955094, 29.3629344 ], [ 79.8961646, 29.3592043 ], [ 79.894689, 29.3579092 ], [ 79.8921593, 29.3572604 ], [ 79.8887706, 29.3569912 ], [ 79.8880302, 29.3589321 ], [ 79.8842088, 29.3571821 ], [ 79.8805716, 29.3560307 ], [ 79.8789233, 29.3561306 ], [ 79.8794954, 29.3621398 ], [ 79.8823334, 29.3628636 ], [ 79.8822497, 29.3652535 ], [ 79.8826461, 29.3675551 ], [ 79.8843936, 29.3679695 ], [ 79.8859905, 29.3662209 ], [ 79.8871557, 29.3663068 ], [ 79.8882092, 29.3671824 ], [ 79.8892066, 29.3687628 ], [ 79.8905099, 29.369432 ], [ 79.8920634, 29.3697125 ], [ 79.8922855, 29.3694939 ], [ 79.8922317, 29.3675497 ] ] ] } },
{ "type": "Feature", "properties": { "gp_code": "23899", "gp_name": "PAIJANA", "blkname": "OKHALKANDA", "dtname": "Nainital", "SHAPE_Area": 3589109.7511649001 }, "geometry": { "type": "Polygon", "coordinates": [ [ [ 79.8578334, 29.3698561 ], [ 79.8617739, 29.3691061 ], [ 79.863438, 29.3695936 ], [ 79.8644786, 29.3694243 ], [ 79.8663094, 29.3696811 ], [ 79.868549, 29.3705092 ], [ 79.870269, 29.3706686 ], [ 79.8708794, 29.3706448 ], [ 79.872129, 29.3696251 ], [ 79.872906, 29.3694556 ], [ 79.8735431, 29.3705011 ], [ 79.8749021, 29.3709882 ], [ 79.8757068, 29.3708672 ], [ 79.8764293, 29.369677 ], [ 79.8777344, 29.3686573 ], [ 79.8793716, 29.3683183 ], [ 79.8807595, 29.3675902 ], [ 79.8817458, 29.3660842 ], [ 79.8823698, 29.3663641 ], [ 79.8823334, 29.3628636 ], [ 79.8781797, 29.3618903 ], [ 79.8769333, 29.3607239 ], [ 79.8738947, 29.3612718 ], [ 79.8733586, 29.3617405 ], [ 79.8717286, 29.3649382 ], [ 79.8704076, 29.3631833 ], [ 79.8710733, 29.3605177 ], [ 79.8705906, 29.3594733 ], [ 79.8699482, 29.3555897 ], [ 79.8686848, 29.3510909 ], [ 79.8672877, 29.347959 ], [ 79.865623, 29.3465249 ], [ 79.865792, 29.347966 ], [ 79.8652362, 29.3489619 ], [ 79.8634588, 29.3507467 ], [ 79.8635128, 29.35212 ], [ 79.8647555, 29.356447 ], [ 79.8648271, 29.3585018 ], [ 79.8629228, 29.3602476 ], [ 79.8626727, 29.3609996 ], [ 79.8605929, 29.362818 ], [ 79.86038, 29.3632304 ], [ 79.8611181, 29.3638458 ], [ 79.8593806, 29.364993 ], [ 79.8582525, 29.366254 ], [ 79.8568642, 29.3690355 ], [ 79.8565201, 29.3706261 ], [ 79.8574843, 29.3717227 ], [ 79.8575415, 29.3703176 ], [ 79.8578334, 29.3698561 ] ] ] } },
{ "type": "Feature", "properties": { "gp_code": "23884", "gp_name": "TALLA KANDA", "blkname": "OKHALKANDA", "dtname": "Nainital", "SHAPE_Area": 4356269.4752376778 }, "geometry": { "type": "Polygon", "coordinates": [ [ [ 79.8738947, 29.3612718 ], [ 79.8769333, 29.3607239 ], [ 79.8781797, 29.3618903 ], [ 79.8794954, 29.3621398 ], [ 79.8789233, 29.3561306 ], [ 79.8804064, 29.3550113 ], [ 79.882632, 29.352158 ], [ 79.8852025, 29.3510671 ], [ 79.8876816, 29.3512832 ], [ 79.8888072, 29.3502179 ], [ 79.8873927, 29.3496595 ], [ 79.8841053, 29.3499609 ], [ 79.8824967, 29.3496438 ], [ 79.8804449, 29.3485972 ], [ 79.8759796, 29.347719 ], [ 79.8752525, 29.3466916 ], [ 79.8734718, 29.3452138 ], [ 79.8721471, 29.3453829 ], [ 79.8712667, 29.345054 ], [ 79.8705048, 29.3440813 ], [ 79.868817, 29.3401427 ], [ 79.8682664, 29.3362233 ], [ 79.8676163, 29.334643 ], [ 79.8679379, 29.3321521 ], [ 79.866718, 29.3317622 ], [ 79.864279, 29.3301076 ], [ 79.8640584, 29.3288435 ], [ 79.8632557, 29.3273846 ], [ 79.862026, 29.3281997 ], [ 79.8604844, 29.3281642 ], [ 79.860057, 29.3283877 ], [ 79.8600717, 29.3316236 ], [ 79.8607392, 29.3332439 ], [ 79.8610015, 29.3371783 ], [ 79.8608606, 29.3386733 ], [ 79.8599839, 29.3386098 ], [ 79.8597101, 29.3393401 ], [ 79.8618588, 29.3427739 ], [ 79.8621914, 29.3429443 ], [ 79.8624001, 29.3423612 ], [ 79.8628578, 29.342398 ], [ 79.863217, 29.3437229 ], [ 79.8641593, 29.3443678 ], [ 79.865623, 29.3465249 ], [ 79.8672877, 29.347959 ], [ 79.8686848, 29.3510909 ], [ 79.8699482, 29.3555897 ], [ 79.8705906, 29.3594733 ], [ 79.8710733, 29.3605177 ], [ 79.8704076, 29.3631833 ], [ 79.8717286, 29.3649382 ], [ 79.8733586, 29.3617405 ], [ 79.8738947, 29.3612718 ] ] ] } },
{ "type": "Feature", "properties": { "gp_code": "23889", "gp_name": "KULOAN", "blkname": "OKHALKANDA", "dtname": "Nainital", "SHAPE_Area": 2297193.1002209075 }, "geometry": { "type": "Polygon", "coordinates": [ [ [ 79.8992716, 29.3592305 ], [ 79.9002719, 29.3572627 ], [ 79.9020348, 29.3557083 ], [ 79.9017586, 29.3542014 ], [ 79.9024802, 29.3536428 ], [ 79.9024252, 29.3531567 ], [ 79.8986002, 29.3491686 ], [ 79.9000156, 29.3482217 ], [ 79.8984906, 29.3473701 ], [ 79.8959942, 29.3472713 ], [ 79.8940243, 29.3477075 ], [ 79.8913309, 29.3507679 ], [ 79.8891678, 29.350086 ], [ 79.8876816, 29.3512832 ], [ 79.8852025, 29.3510671 ], [ 79.8832996, 29.3517776 ], [ 79.882632, 29.352158 ], [ 79.8794452, 29.3559166 ], [ 79.8842088, 29.3571821 ], [ 79.8880302, 29.3589321 ], [ 79.8887706, 29.3569912 ], [ 79.8940428, 29.3576176 ], [ 79.8961646, 29.3592043 ], [ 79.8967195, 29.3590832 ], [ 79.8974681, 29.3595211 ], [ 79.8992716, 29.3592305 ] ] ] } },
{ "type": "Feature", "properties": { "gp_code": "23880", "gp_name": "KAIDA GAON", "blkname": "OKHALKANDA", "dtname": "Nainital", "SHAPE_Area": 3934286.0391641832 }, "geometry": { "type": "Polygon", "coordinates": [ [ [ 79.8601093, 29.3301496 ], [ 79.860057, 29.3283877 ], [ 79.862026, 29.3281997 ], [ 79.8632557, 29.3273846 ], [ 79.8628736, 29.3218186 ], [ 79.8631538, 29.3192668 ], [ 79.862962, 29.3171521 ], [ 79.8640991, 29.3171531 ], [ 79.8647927, 29.3168134 ], [ 79.8652794, 29.3155348 ], [ 79.8625483, 29.3150859 ], [ 79.8613036, 29.3121926 ], [ 79.8580049, 29.3109136 ], [ 79.8550767, 29.313135 ], [ 79.8500836, 29.3142484 ], [ 79.8499164, 29.3149045 ], [ 79.8514922, 29.3161346 ], [ 79.8530268, 29.3208467 ], [ 79.848277, 29.3253611 ], [ 79.8470659, 29.3259367 ], [ 79.8448133, 29.3259022 ], [ 79.8441123, 29.3254808 ], [ 79.8433764, 29.3233444 ], [ 79.8413631, 29.3239087 ], [ 79.8415832, 29.3251548 ], [ 79.8405099, 29.3269982 ], [ 79.8389813, 29.3271341 ], [ 79.8367263, 29.3258942 ], [ 79.8355817, 29.3257313 ], [ 79.8351381, 29.3260706 ], [ 79.8358194, 29.3274789 ], [ 79.8357687, 29.3293394 ], [ 79.8369427, 29.3297938 ], [ 79.8383995, 29.331203 ], [ 79.8398582, 29.3312205 ], [ 79.8411027, 29.3303398 ], [ 79.842434, 29.3307426 ], [ 79.8449127, 29.3291411 ], [ 79.8455662, 29.3292846 ], [ 79.8460663, 29.3296799 ], [ 79.8462014, 29.3302581 ], [ 79.845084, 29.3309668 ], [ 79.8439432, 29.3323041 ], [ 79.8446032, 29.3328907 ], [ 79.8447887, 29.3322276 ], [ 79.8456206, 29.3314355 ], [ 79.8477904, 29.3307248 ], [ 79.8487449, 29.3319861 ], [ 79.8505616, 29.3324079 ], [ 79.8520057, 29.3301894 ], [ 79.8530411, 29.3292544 ], [ 79.8557734, 29.3282868 ], [ 79.8577296, 29.3290975 ], [ 79.8584321, 29.3299807 ], [ 79.8601093, 29.3301496 ] ] ] } },
{ "type": "Feature", "properties": { "gp_code": "", "gp_name": "", "blkname": "OKHALKANDA", "dtname": "Nainital", "SHAPE_Area": 8196365.8269852744 }, "geometry": { "type": "Polygon", "coordinates": [ [ [ 79.8509885, 29.3457839 ], [ 79.8539631, 29.3461815 ], [ 79.8567372, 29.346099 ], [ 79.8578332, 29.345784 ], [ 79.8605954, 29.3438786 ], [ 79.8611524, 29.3418983 ], [ 79.8596573, 29.3389204 ], [ 79.8599839, 29.3386098 ], [ 79.8608606, 29.3386733 ], [ 79.8610015, 29.3371783 ], [ 79.8607392, 29.3332439 ], [ 79.8600717, 29.3316236 ], [ 79.8601093, 29.3301496 ], [ 79.8584321, 29.3299807 ], [ 79.8577296, 29.3290975 ], [ 79.8557734, 29.3282868 ], [ 79.8530411, 29.3292544 ], [ 79.8520057, 29.3301894 ], [ 79.8505616, 29.3324079 ], [ 79.8487449, 29.3319861 ], [ 79.8477904, 29.3307248 ], [ 79.8456206, 29.3314355 ], [ 79.8447887, 29.3322276 ], [ 79.8446032, 29.3328907 ], [ 79.8439432, 29.3323041 ], [ 79.845084, 29.3309668 ], [ 79.8462014, 29.3302581 ], [ 79.8460663, 29.3296799 ], [ 79.8455662, 29.3292846 ], [ 79.8449127, 29.3291411 ], [ 79.842434, 29.3307426 ], [ 79.8411027, 29.3303398 ], [ 79.8398582, 29.3312205 ], [ 79.8383995, 29.331203 ], [ 79.8369427, 29.3297938 ], [ 79.8357687, 29.3293394 ], [ 79.8358194, 29.3274789 ], [ 79.8351381, 29.3260706 ], [ 79.8355817, 29.3257313 ], [ 79.8367263, 29.3258942 ], [ 79.8389813, 29.3271341 ], [ 79.8405099, 29.3269982 ], [ 79.8415832, 29.3251548 ], [ 79.8413631, 29.3239087 ], [ 79.8433764, 29.3233444 ], [ 79.8441123, 29.3254808 ], [ 79.8448133, 29.3259022 ], [ 79.8470659, 29.3259367 ], [ 79.848277, 29.3253611 ], [ 79.8530268, 29.3208467 ], [ 79.8514922, 29.3161346 ], [ 79.8499164, 29.3149045 ], [ 79.8498589, 29.3165815 ], [ 79.8454991, 29.321171 ], [ 79.8438896, 29.3219957 ], [ 79.8414483, 29.3225281 ], [ 79.8385084, 29.3226223 ], [ 79.8352921, 29.3219872 ], [ 79.8318792, 29.3232232 ], [ 79.8304619, 29.3252632 ], [ 79.8300996, 29.3265753 ], [ 79.8318723, 29.3282785 ], [ 79.8311476, 29.3309268 ], [ 79.8323942, 29.3319976 ], [ 79.8359572, 29.3328488 ], [ 79.8385768, 29.3339451 ], [ 79.8392417, 29.3345534 ], [ 79.8391159, 29.3353553 ], [ 79.8377654, 29.3349128 ], [ 79.8372976, 29.3364715 ], [ 79.8351476, 29.3367366 ], [ 79.8350476, 29.3375076 ], [ 79.8376971, 29.3385498 ], [ 79.8380861, 29.3417025 ], [ 79.8399247, 29.342623 ], [ 79.8395211, 29.3436311 ], [ 79.8380099, 29.3432529 ], [ 79.837552, 29.3434226 ], [ 79.8373415, 29.3453181 ], [ 79.8407043, 29.3472129 ], [ 79.8397518, 29.3476293 ], [ 79.8399151, 29.3500234 ], [ 79.8378911, 29.3492193 ], [ 79.8373503, 29.3491702 ], [ 79.8368803, 29.3496781 ], [ 79.8368493, 29.350397 ], [ 79.838067, 29.3526341 ], [ 79.8379412, 29.3533631 ], [ 79.8355282, 29.3530447 ], [ 79.8331829, 29.3539294 ], [ 79.8322387, 29.354621 ], [ 79.8314364, 29.3565023 ], [ 79.8283572, 29.3580254 ], [ 79.8265064, 29.3598158 ], [ 79.8259777, 29.360921 ], [ 79.8284896, 29.3626067 ], [ 79.8299742, 29.3622923 ], [ 79.8320569, 29.3608363 ], [ 79.8324275, 29.357882 ], [ 79.8365494, 29.3553929 ], [ 79.837432, 29.3556409 ], [ 79.8390273, 29.3554604 ], [ 79.8375103, 29.3583228 ], [ 79.8377047, 29.3592138 ], [ 79.8383557, 29.3599192 ], [ 79.8402433, 29.3590219 ], [ 79.8417069, 29.353458 ], [ 79.8411756, 29.3513886 ], [ 79.8410682, 29.3486179 ], [ 79.8430098, 29.3487414 ], [ 79.8440354, 29.3493257 ], [ 79.8447832, 29.3502256 ], [ 79.8447699, 29.3498124 ], [ 79.8450197, 29.349764 ], [ 79.8447297, 29.3487552 ], [ 79.8468823, 29.3464484 ], [ 79.8509885, 29.3457839 ] ] ] } },
{ "type": "Feature", "properties": { "gp_code": "", "gp_name": "", "blkname": "OKHALKANDA", "dtname": "Nainital", "SHAPE_Area": 2297674.7468363657 }, "geometry": { "type": "Polygon", "coordinates": [ [ [ 79.8641764, 29.3541012 ], [ 79.8635128, 29.35212 ], [ 79.8634588, 29.3507467 ], [ 79.8652362, 29.3489619 ], [ 79.865792, 29.347966 ], [ 79.8656271, 29.346532 ], [ 79.8641593, 29.3443678 ], [ 79.863217, 29.3437229 ], [ 79.8631762, 29.3429573 ], [ 79.8625805, 29.3422641 ], [ 79.8621914, 29.3429443 ], [ 79.8609858, 29.3419954 ], [ 79.8605954, 29.3438786 ], [ 79.8578332, 29.345784 ], [ 79.8555164, 29.3462558 ], [ 79.8509885, 29.3457839 ], [ 79.8503328, 29.3490279 ], [ 79.8475862, 29.3492926 ], [ 79.8484444, 29.350703 ], [ 79.848206, 29.3528658 ], [ 79.8484547, 29.3535586 ], [ 79.8497372, 29.3540763 ], [ 79.8522382, 29.3562537 ], [ 79.8533417, 29.3555256 ], [ 79.8545002, 29.3553747 ], [ 79.856711, 29.3566709 ], [ 79.8584862, 29.3570127 ], [ 79.8592636, 29.3563693 ], [ 79.8641764, 29.3541012 ] ] ] } },
{ "type": "Feature", "properties": { "gp_code": "23867", "gp_name": "DHOLIGAON", "blkname": "OKHALKANDA", "dtname": "Nainital", "SHAPE_Area": 4926520.8754494376 }, "geometry": { "type": "Polygon", "coordinates": [ [ [ 79.8472179, 29.3822243 ], [ 79.8440915, 29.3798459 ], [ 79.8448779, 29.3775465 ], [ 79.8457985, 29.3775196 ], [ 79.8470554, 29.3792474 ], [ 79.8483484, 29.3792486 ], [ 79.8483506, 29.3774042 ], [ 79.8504564, 29.3774062 ], [ 79.8516426, 29.3786865 ], [ 79.8553048, 29.3812494 ], [ 79.8595387, 29.3797881 ], [ 79.8591422, 29.3777919 ], [ 79.8591311, 29.3753009 ], [ 79.8574843, 29.3717227 ], [ 79.8565201, 29.3706261 ], [ 79.8568642, 29.3690355 ], [ 79.8582525, 29.366254 ], [ 79.8593806, 29.364993 ], [ 79.8611181, 29.3638458 ], [ 79.8576876, 29.3604887 ], [ 79.855411, 29.3600104 ], [ 79.8528833, 29.359932 ], [ 79.8520347, 29.3594568 ], [ 79.8505628, 29.3600464 ], [ 79.8501844, 29.3598843 ], [ 79.8489298, 29.3588639 ], [ 79.8479157, 29.3574553 ], [ 79.8452725, 29.3555618 ], [ 79.8450693, 29.3609673 ], [ 79.8467311, 29.3628958 ], [ 79.8447605, 29.363622 ], [ 79.8438991, 29.3645217 ], [ 79.8430193, 29.3665432 ], [ 79.840801, 29.367981 ], [ 79.8401662, 29.3732546 ], [ 79.8424247, 29.3747938 ], [ 79.8422899, 29.376534 ], [ 79.8403577, 29.3777459 ], [ 79.8388603, 29.3773373 ], [ 79.8379069, 29.3765107 ], [ 79.8376301, 29.3768222 ], [ 79.8386426, 29.3784302 ], [ 79.8386724, 29.3801303 ], [ 79.839588, 29.3813549 ], [ 79.8459672, 29.3831028 ], [ 79.8469218, 29.3827903 ], [ 79.8472179, 29.3822243 ] ] ] } },
{ "type": "Feature", "properties": { "gp_code": "", "gp_name": "", "blkname": "OKHALKANDA", "dtname": "Nainital", "SHAPE_Area": 159444.25296355414 }, "geometry": { "type": "Polygon", "coordinates": [ [ [ 79.8397379, 29.3634458 ], [ 79.8370065, 29.3619869 ], [ 79.8359345, 29.3625683 ], [ 79.8344912, 29.3645083 ], [ 79.8353124, 29.3667092 ], [ 79.836545, 29.3670345 ], [ 79.836707, 29.3649959 ], [ 79.8375209, 29.364026 ], [ 79.8397379, 29.3634458 ] ] ] } },
{ "type": "Feature", "properties": { "gp_code": "", "gp_name": "", "blkname": "OKHALKANDA", "dtname": "Nainital", "SHAPE_Area": 1485561.3870506519 }, "geometry": { "type": "Polygon", "coordinates": [ [ [ 79.8553048, 29.3812494 ], [ 79.8516426, 29.3786865 ], [ 79.8504564, 29.3774062 ], [ 79.8483506, 29.3774042 ], [ 79.8483484, 29.3792486 ], [ 79.8470554, 29.3792474 ], [ 79.8457985, 29.3775196 ], [ 79.8448779, 29.3775465 ], [ 79.8440915, 29.3798459 ], [ 79.8472179, 29.3822243 ], [ 79.8469218, 29.3827903 ], [ 79.8442606, 29.3836613 ], [ 79.842301, 29.3848566 ], [ 79.8423316, 29.3898719 ], [ 79.84146, 29.3923948 ], [ 79.8388717, 29.3940101 ], [ 79.839419, 29.3962132 ], [ 79.8406215, 29.3965751 ], [ 79.8415363, 29.3973475 ], [ 79.8420705, 29.3973298 ], [ 79.8448731, 29.3919376 ], [ 79.8469431, 29.3897768 ], [ 79.8473074, 29.3868974 ], [ 79.8477946, 29.3856585 ], [ 79.8553048, 29.3812494 ] ] ] } },
{ "type": "Feature", "properties": { "gp_code": "259959", "gp_name": "Kotla", "blkname": "OKHALKANDA", "dtname": "Nainital", "SHAPE_Area": 2448972.191262458 }, "geometry": { "type": "Polygon", "coordinates": [ [ [ 79.8524979, 29.4264396 ], [ 79.851544, 29.4233648 ], [ 79.8475671, 29.4182338 ], [ 79.8416338, 29.4132951 ], [ 79.8407612, 29.4120428 ], [ 79.8386264, 29.4102666 ], [ 79.8383698, 29.4094416 ], [ 79.8379616, 29.4096238 ], [ 79.8381068, 29.4114324 ], [ 79.8377543, 29.412673 ], [ 79.8371254, 29.4132477 ], [ 79.8366927, 29.41213 ], [ 79.8361934, 29.4124531 ], [ 79.8345827, 29.4148619 ], [ 79.8312346, 29.4181518 ], [ 79.8293482, 29.4191093 ], [ 79.8330055, 29.4197377 ], [ 79.8343721, 29.4203053 ], [ 79.8366977, 29.4222489 ], [ 79.8409831, 29.4234503 ], [ 79.8415359, 29.4247127 ], [ 79.8445458, 29.426398 ], [ 79.8498998, 29.4267348 ], [ 79.8524979, 29.4264396 ] ] ] } },
{ "type": "Feature", "properties": { "gp_code": "", "gp_name": "", "blkname": "OKHALKANDA", "dtname": "Nainital", "SHAPE_Area": 1937508.4367776157 }, "geometry": { "type": "Polygon", "coordinates": [ [ [ 79.8085514, 29.4396246 ], [ 79.8157758, 29.4351133 ], [ 79.8231503, 29.4328889 ], [ 79.8214798, 29.4311743 ], [ 79.8205207, 29.4291248 ], [ 79.8201773, 29.4261473 ], [ 79.8203734, 29.4254156 ], [ 79.819985, 29.4253358 ], [ 79.8185326, 29.4265114 ], [ 79.81527, 29.4278982 ], [ 79.813012, 29.4283592 ], [ 79.8104457, 29.4299664 ], [ 79.8077431, 29.429524 ], [ 79.8043207, 29.4349615 ], [ 79.8041505, 29.4368324 ], [ 79.8029557, 29.4386966 ], [ 79.8042218, 29.4390119 ], [ 79.8064989, 29.438553 ], [ 79.8067752, 29.4393795 ], [ 79.8085514, 29.4396246 ] ] ] } },
{ "type": "Feature", "properties": { "gp_code": "23885", "gp_name": "KATNA", "blkname": "OKHALKANDA", "dtname": "Nainital", "SHAPE_Area": 1183021.2202473802 }, "geometry": { "type": "Polygon", "coordinates": [ [ [ 79.8293482, 29.4191093 ], [ 79.8312346, 29.4181518 ], [ 79.8345827, 29.4148619 ], [ 79.8359084, 29.412936 ], [ 79.8348197, 29.4103648 ], [ 79.831423, 29.4123424 ], [ 79.8304923, 29.4111169 ], [ 79.8290927, 29.4119318 ], [ 79.8242825, 29.4112362 ], [ 79.8241852, 29.4117518 ], [ 79.8231965, 29.4114363 ], [ 79.8225672, 29.4121748 ], [ 79.8217878, 29.4144923 ], [ 79.8221551, 29.4160781 ], [ 79.8238813, 29.416656 ], [ 79.8242963, 29.4176335 ], [ 79.8240142, 29.4186466 ], [ 79.8232076, 29.4194139 ], [ 79.8255868, 29.4196409 ], [ 79.8271394, 29.4193514 ], [ 79.8278981, 29.4185918 ], [ 79.8293482, 29.4191093 ] ] ] } },
{ "type": "Feature", "properties": { "gp_code": "", "gp_name": "", "blkname": "OKHALKANDA", "dtname": "Nainital", "SHAPE_Area": 89963.51738450196 }, "geometry": { "type": "Polygon", "coordinates": [ [ [ 79.8325681, 29.4084859 ], [ 79.8282808, 29.4090637 ], [ 79.8274672, 29.4095158 ], [ 79.8274404, 29.410968 ], [ 79.8306829, 29.4101325 ], [ 79.8325681, 29.4084859 ] ] ] } },
{ "type": "Feature", "properties": { "gp_code": "23915", "gp_name": "SUNI", "blkname": "OKHALKANDA", "dtname": "Nainital", "SHAPE_Area": 1140639.0004658978 }, "geometry": { "type": "Polygon", "coordinates": [ [ [ 79.8303108, 29.4063989 ], [ 79.832364, 29.4067655 ], [ 79.8333661, 29.4058689 ], [ 79.8328415, 29.4038514 ], [ 79.8338147, 29.4024673 ], [ 79.8340658, 29.4014469 ], [ 79.8339438, 29.3993326 ], [ 79.8328491, 29.3982379 ], [ 79.8329475, 29.3973268 ], [ 79.8307265, 29.396764 ], [ 79.8300759, 29.395609 ], [ 79.8290758, 29.3963612 ], [ 79.8278829, 29.3961169 ], [ 79.8276596, 29.3969915 ], [ 79.8258242, 29.3997599 ], [ 79.8263198, 29.4025794 ], [ 79.8260396, 29.4044745 ], [ 79.8252042, 29.4064177 ], [ 79.8255074, 29.4079733 ], [ 79.8269217, 29.4087282 ], [ 79.8298928, 29.4076378 ], [ 79.8303108, 29.4063989 ] ] ] } },
{ "type": "Feature", "properties": { "gp_code": "23913", "gp_name": "SIMAL KANYA", "blkname": "OKHALKANDA", "dtname": "Nainital", "SHAPE_Area": 2408914.0096295038 }, "geometry": { "type": "Polygon", "coordinates": [ [ [ 79.8369806, 29.3955204 ], [ 79.8376538, 29.3953389 ], [ 79.839419, 29.3962132 ], [ 79.8388717, 29.3940101 ], [ 79.84146, 29.3923948 ], [ 79.8423316, 29.3898719 ], [ 79.842301, 29.3848566 ], [ 79.8442606, 29.3836613 ], [ 79.8459672, 29.3831028 ], [ 79.839588, 29.3813549 ], [ 79.8386724, 29.3801303 ], [ 79.8381224, 29.380727 ], [ 79.8363497, 29.3802399 ], [ 79.8344875, 29.382028 ], [ 79.832496, 29.3819751 ], [ 79.8305941, 29.3814554 ], [ 79.8293299, 29.3806371 ], [ 79.8264622, 29.3838049 ], [ 79.8255877, 29.3854938 ], [ 79.826756, 29.3850996 ], [ 79.8286028, 29.3854089 ], [ 79.8297542, 29.3876994 ], [ 79.8320221, 29.3881374 ], [ 79.8324867, 29.3888347 ], [ 79.8329246, 29.3928797 ], [ 79.8324515, 29.3943838 ], [ 79.8336388, 29.3960812 ], [ 79.8329475, 29.3973268 ], [ 79.835015, 29.3972681 ], [ 79.8369806, 29.3955204 ] ] ] } },
{ "type": "Feature", "properties": { "gp_code": "", "gp_name": "", "blkname": "OKHALKANDA", "dtname": "Nainital", "SHAPE_Area": 480122.71841307764 }, "geometry": { "type": "Polygon", "coordinates": [ [ [ 79.8347406, 29.3817591 ], [ 79.8326885, 29.3787668 ], [ 79.8329178, 29.3774213 ], [ 79.8326059, 29.375787 ], [ 79.8327171, 29.3741328 ], [ 79.8325165, 29.3736674 ], [ 79.8314735, 29.373411 ], [ 79.8300319, 29.374745 ], [ 79.8288363, 29.3769478 ], [ 79.8267979, 29.3785243 ], [ 79.8267555, 29.3789032 ], [ 79.8305941, 29.3814554 ], [ 79.832496, 29.3819751 ], [ 79.8344875, 29.382028 ], [ 79.8347406, 29.3817591 ] ] ] } },
{ "type": "Feature", "properties": { "gp_code": "23864", "gp_name": "DALOJ", "blkname": "OKHALKANDA", "dtname": "Nainital", "SHAPE_Area": 615488.07824589196 }, "geometry": { "type": "Polygon", "coordinates": [ [ [ 79.8311625, 29.3913328 ], [ 79.8327394, 29.3913295 ], [ 79.8324867, 29.3888347 ], [ 79.8320221, 29.3881374 ], [ 79.8297542, 29.3876994 ], [ 79.8286028, 29.3854089 ], [ 79.826756, 29.3850996 ], [ 79.8255877, 29.3854938 ], [ 79.8245438, 29.388442 ], [ 79.8235264, 29.389444 ], [ 79.8230092, 29.3894272 ], [ 79.82299, 29.3898802 ], [ 79.8245224, 29.3905289 ], [ 79.8249252, 29.3914383 ], [ 79.8262571, 29.3918291 ], [ 79.8268277, 29.3912736 ], [ 79.8279945, 29.3911192 ], [ 79.8284261, 29.392292 ], [ 79.829058, 29.3925732 ], [ 79.829257, 29.3932803 ], [ 79.8306417, 29.3926616 ], [ 79.8311625, 29.3913328 ] ] ] } },
{ "type": "Feature", "properties": { "gp_code": "", "gp_name": "", "blkname": "OKHALKANDA", "dtname": "Nainital", "SHAPE_Area": 233255.19018094148 }, "geometry": { "type": "Polygon", "coordinates": [ [ [ 79.8205124, 29.394385 ], [ 79.8196818, 29.393084 ], [ 79.8179902, 29.3923166 ], [ 79.816965, 29.391234 ], [ 79.815341, 29.3916939 ], [ 79.8156859, 29.3930066 ], [ 79.8153941, 29.3933586 ], [ 79.813313, 29.3932104 ], [ 79.8136156, 29.3949848 ], [ 79.8140869, 29.3952526 ], [ 79.8166257, 29.3955714 ], [ 79.8176404, 29.3942846 ], [ 79.8205124, 29.394385 ] ] ] } },
{ "type": "Feature", "properties": { "gp_code": "23915", "gp_name": "SUNI", "blkname": "OKHALKANDA", "dtname": "Nainital", "SHAPE_Area": 1991486.4472692148 }, "geometry": { "type": "Polygon", "coordinates": [ [ [ 79.815597, 29.413158 ], [ 79.8180133, 29.4119458 ], [ 79.8197601, 29.4131141 ], [ 79.8202908, 29.4108305 ], [ 79.8220983, 29.4083781 ], [ 79.820216, 29.4049982 ], [ 79.8190247, 29.4036117 ], [ 79.8181674, 29.4015695 ], [ 79.8168084, 29.4010212 ], [ 79.8155038, 29.4011412 ], [ 79.8134384, 29.3997537 ], [ 79.8116045, 29.4012825 ], [ 79.8083886, 29.3992131 ], [ 79.8076104, 29.3999169 ], [ 79.8073305, 29.4014232 ], [ 79.8084945, 29.4024939 ], [ 79.8085493, 29.4028827 ], [ 79.8061627, 29.4028313 ], [ 79.8050243, 29.4032188 ], [ 79.8063409, 29.4042531 ], [ 79.8061311, 29.4053342 ], [ 79.8049933, 29.4052721 ], [ 79.8048958, 29.4055028 ], [ 79.8048954, 29.4058067 ], [ 79.8060738, 29.4064399 ], [ 79.806073, 29.4069502 ], [ 79.8052036, 29.4082614 ], [ 79.8058049, 29.4097931 ], [ 79.8060561, 29.4089428 ], [ 79.8068608, 29.4089438 ], [ 79.8070559, 29.4084823 ], [ 79.8097458, 29.4098463 ], [ 79.8116051, 29.4099943 ], [ 79.8126324, 29.4097283 ], [ 79.8132169, 29.4086111 ], [ 79.8138555, 29.4083931 ], [ 79.815597, 29.413158 ] ] ] } },
{ "type": "Feature", "properties": { "gp_code": "23855", "gp_name": "BALANA", "blkname": "OKHALKANDA", "dtname": "Nainital", "SHAPE_Area": 2461947.3957914012 }, "geometry": { "type": "Polygon", "coordinates": [ [ [ 79.8058049, 29.4097931 ], [ 79.8052036, 29.4082614 ], [ 79.806073, 29.4069502 ], [ 79.8060738, 29.4064399 ], [ 79.8048954, 29.4058067 ], [ 79.8048958, 29.4055028 ], [ 79.8049933, 29.4052721 ], [ 79.8061311, 29.4053342 ], [ 79.8063409, 29.4042531 ], [ 79.8050243, 29.4032188 ], [ 79.8061627, 29.4028313 ], [ 79.8085493, 29.4028827 ], [ 79.8084945, 29.4024939 ], [ 79.8073305, 29.4014232 ], [ 79.8076104, 29.3999169 ], [ 79.8083886, 29.3992131 ], [ 79.8078635, 29.3977787 ], [ 79.8065461, 29.3973155 ], [ 79.8058798, 29.3974119 ], [ 79.8053394, 29.3969859 ], [ 79.8052861, 29.3955643 ], [ 79.8042461, 29.3951255 ], [ 79.8022347, 29.3948922 ], [ 79.8011124, 29.3939067 ], [ 79.8003493, 29.3938693 ], [ 79.7951971, 29.3966452 ], [ 79.7941269, 29.3977132 ], [ 79.7918517, 29.3974915 ], [ 79.7916822, 29.3992653 ], [ 79.7946786, 29.3996822 ], [ 79.792814, 29.4027905 ], [ 79.792922, 29.4045888 ], [ 79.7944169, 29.4068508 ], [ 79.7943594, 29.4080657 ], [ 79.7947753, 29.4083092 ], [ 79.7959134, 29.4081406 ], [ 79.7965261, 29.4068534 ], [ 79.7983312, 29.4061752 ], [ 79.8010509, 29.4062515 ], [ 79.8005485, 29.4079519 ], [ 79.800741, 29.4091186 ], [ 79.8016965, 29.4103713 ], [ 79.8058305, 29.4111418 ], [ 79.8058049, 29.4097931 ] ] ] } },
{ "type": "Feature", "properties": { "gp_code": "23877", "gp_name": "JAISUDA", "blkname": "OKHALKANDA", "dtname": "Nainital", "SHAPE_Area": 1308756.0520298653 }, "geometry": { "type": "Polygon", "coordinates": [ [ [ 79.8059892, 29.3811484 ], [ 79.8035289, 29.3823775 ], [ 79.8009743, 29.3827191 ], [ 79.796024, 29.3816778 ], [ 79.7951231, 29.3822085 ], [ 79.793765, 29.3821946 ], [ 79.7954699, 29.3830811 ], [ 79.7956894, 29.3851187 ], [ 79.7937075, 29.387495 ], [ 79.7938171, 29.3886052 ], [ 79.7945393, 29.3898992 ], [ 79.7937843, 29.3914922 ], [ 79.7940602, 29.3931741 ], [ 79.7965797, 29.3920967 ], [ 79.7973655, 29.390775 ], [ 79.7993323, 29.3891673 ], [ 79.7999607, 29.3896176 ], [ 79.8002771, 29.3906445 ], [ 79.8006597, 29.3905541 ], [ 79.8071038, 29.3845313 ], [ 79.8082416, 29.3837861 ], [ 79.8059892, 29.3811484 ] ] ] } },
{ "type": "Feature", "properties": { "gp_code": "23916", "gp_name": "SUNKOT", "blkname": "OKHALKANDA", "dtname": "Nainital", "SHAPE_Area": 897535.83512574143 }, "geometry": { "type": "Polygon", "coordinates": [ [ [ 79.8035289, 29.3823775 ], [ 79.8057702, 29.381176 ], [ 79.806895, 29.3811133 ], [ 79.8075264, 29.3805758 ], [ 79.8097945, 29.3814403 ], [ 79.810848, 29.3811342 ], [ 79.8116232, 29.3815234 ], [ 79.8119376, 29.3812325 ], [ 79.8118463, 29.3805691 ], [ 79.8105009, 29.3785937 ], [ 79.8108877, 29.3778125 ], [ 79.8096199, 29.3767416 ], [ 79.809425, 29.3771849 ], [ 79.8075794, 29.3774744 ], [ 79.8068183, 29.3762584 ], [ 79.8029616, 29.3762537 ], [ 79.8012963, 29.3765432 ], [ 79.8016326, 29.3788038 ], [ 79.8002457, 29.3789199 ], [ 79.7982284, 29.3784916 ], [ 79.7975343, 29.3780393 ], [ 79.7971168, 29.3788164 ], [ 79.7969755, 29.3803472 ], [ 79.7970572, 29.3812951 ], [ 79.7976024, 29.3822116 ], [ 79.799246, 29.3821892 ], [ 79.8009743, 29.3827191 ], [ 79.8035289, 29.3823775 ] ] ] } },
{ "type": "Feature", "properties": { "gp_code": "23859", "gp_name": "BHONRA", "blkname": "OKHALKANDA", "dtname": "Nainital", "SHAPE_Area": 1715303.6548778941 }, "geometry": { "type": "Polygon", "coordinates": [ [ [ 79.793765, 29.3821946 ], [ 79.7951231, 29.3822085 ], [ 79.796024, 29.3816778 ], [ 79.7976024, 29.3822116 ], [ 79.7970572, 29.3812951 ], [ 79.7969755, 29.3803472 ], [ 79.7971168, 29.3788164 ], [ 79.7975343, 29.3780393 ], [ 79.7930775, 29.3732673 ], [ 79.7884329, 29.3725868 ], [ 79.7870971, 29.3718043 ], [ 79.7866178, 29.3711754 ], [ 79.7850569, 29.3717528 ], [ 79.7848644, 29.3701571 ], [ 79.7837313, 29.3704384 ], [ 79.7825471, 29.3716664 ], [ 79.7820266, 29.3735101 ], [ 79.7824637, 29.3770214 ], [ 79.7822174, 29.3786233 ], [ 79.7850432, 29.3796213 ], [ 79.7860653, 29.3805315 ], [ 79.7877923, 29.3806314 ], [ 79.7879988, 29.3820406 ], [ 79.790039, 29.3822508 ], [ 79.7932192, 29.3816328 ], [ 79.793765, 29.3821946 ] ] ] } },
{ "type": "Feature", "properties": { "gp_code": "23901", "gp_name": "PANTOLI", "blkname": "OKHALKANDA", "dtname": "Nainital", "SHAPE_Area": 884872.83410308487 }, "geometry": { "type": "Polygon", "coordinates": [ [ [ 79.7780134, 29.3855406 ], [ 79.7798377, 29.3853357 ], [ 79.7799857, 29.3843112 ], [ 79.781538, 29.3848134 ], [ 79.7822818, 29.3855891 ], [ 79.7826558, 29.383669 ], [ 79.7845817, 29.3846346 ], [ 79.7856263, 29.3847152 ], [ 79.7851762, 29.3831958 ], [ 79.7860527, 29.3829994 ], [ 79.7859094, 29.3820867 ], [ 79.7869825, 29.381777 ], [ 79.7879988, 29.3820406 ], [ 79.7877923, 29.3806314 ], [ 79.7860653, 29.3805315 ], [ 79.7850432, 29.3796213 ], [ 79.7822174, 29.3786233 ], [ 79.781892, 29.377592 ], [ 79.7800891, 29.3771382 ], [ 79.779682, 29.3789066 ], [ 79.7789701, 29.3797961 ], [ 79.7762944, 29.3805731 ], [ 79.7758061, 29.3810239 ], [ 79.7759003, 29.3827929 ], [ 79.7752411, 29.3853172 ], [ 79.7756571, 29.3863425 ], [ 79.7774817, 29.3864426 ], [ 79.7780134, 29.3855406 ] ] ] } },
{ "type": "Feature", "properties": { "gp_code": "", "gp_name": "", "blkname": "OKHALKANDA", "dtname": "Nainital", "SHAPE_Area": 162015.84086307118 }, "geometry": { "type": "Polygon", "coordinates": [ [ [ 79.7783622, 29.3883163 ], [ 79.7775692, 29.3896278 ], [ 79.7776494, 29.3909717 ], [ 79.7771987, 29.3921907 ], [ 79.7780929, 29.3937527 ], [ 79.7803869, 29.3913372 ], [ 79.7801542, 29.3894661 ], [ 79.779188, 29.3885552 ], [ 79.7783622, 29.3883163 ] ] ] } },
{ "type": "Feature", "properties": { "gp_code": "23903", "gp_name": "PATALIYA", "blkname": "OKHALKANDA", "dtname": "Nainital", "SHAPE_Area": 1614682.5640680548 }, "geometry": { "type": "Polygon", "coordinates": [ [ [ 79.7851052, 29.4192694 ], [ 79.7836247, 29.4166792 ], [ 79.781732, 29.4154812 ], [ 79.7807014, 29.4152846 ], [ 79.7763808, 29.4160838 ], [ 79.7698693, 29.418807 ], [ 79.7686398, 29.420635 ], [ 79.7697764, 29.4238326 ], [ 79.7716146, 29.4242988 ], [ 79.7749311, 29.4241815 ], [ 79.7792794, 29.423602 ], [ 79.7821525, 29.4220201 ], [ 79.7843812, 29.4223403 ], [ 79.7882163, 29.4202747 ], [ 79.7881791, 29.4196312 ], [ 79.788717, 29.4188481 ], [ 79.7879917, 29.4182449 ], [ 79.7851052, 29.4192694 ] ] ] } },
{ "type": "Feature", "properties": { "gp_code": "", "gp_name": "", "blkname": "OKHALKANDA", "dtname": "Nainital", "SHAPE_Area": 161988.00566244678 }, "geometry": { "type": "Polygon", "coordinates": [ [ [ 79.7951057, 29.4290632 ], [ 79.7945493, 29.4300984 ], [ 79.7954897, 29.43303 ], [ 79.7965191, 29.4338223 ], [ 79.7978295, 29.4334702 ], [ 79.7983457, 29.4330805 ], [ 79.7972756, 29.4313592 ], [ 79.7972794, 29.4290416 ], [ 79.7951057, 29.4290632 ] ] ] } },
{ "type": "Feature", "properties": { "gp_code": "23875", "gp_name": "HARINAGAR", "blkname": "OKHALKANDA", "dtname": "Nainital", "SHAPE_Area": 930077.13447303895 }, "geometry": { "type": "Polygon", "coordinates": [ [ [ 79.7638969, 29.4333934 ], [ 79.7642194, 29.4302101 ], [ 79.7653888, 29.4267051 ], [ 79.7650007, 29.4256189 ], [ 79.7626775, 29.4236882 ], [ 79.7617712, 29.4239979 ], [ 79.7618663, 29.4242111 ], [ 79.7583281, 29.4263517 ], [ 79.7571561, 29.4277857 ], [ 79.7577537, 29.429908 ], [ 79.7567614, 29.4314435 ], [ 79.7565352, 29.4327142 ], [ 79.7561247, 29.433236 ], [ 79.7577629, 29.433044 ], [ 79.7585096, 29.4344788 ], [ 79.7592581, 29.4349903 ], [ 79.7638969, 29.4333934 ] ] ] } },
{ "type": "Feature", "properties": { "gp_code": "", "gp_name": "", "blkname": "OKHALKANDA", "dtname": "Nainital", "SHAPE_Area": 2374380.71592528 }, "geometry": { "type": "Polygon", "coordinates": [ [ [ 79.7874522, 29.404867 ], [ 79.7884348, 29.4005255 ], [ 79.7878225, 29.40011 ], [ 79.7773593, 29.4073295 ], [ 79.7734902, 29.406385 ], [ 79.7676944, 29.4065719 ], [ 79.7659923, 29.4078381 ], [ 79.7647656, 29.4082023 ], [ 79.7628947, 29.4077505 ], [ 79.7597482, 29.4092439 ], [ 79.7599107, 29.4116595 ], [ 79.759473, 29.4145987 ], [ 79.7610193, 29.414723 ], [ 79.7623298, 29.4142857 ], [ 79.7651754, 29.4124846 ], [ 79.7669872, 29.4121822 ], [ 79.769908, 29.4148457 ], [ 79.7750124, 29.4122059 ], [ 79.7772535, 29.4124678 ], [ 79.7791779, 29.4121262 ], [ 79.7807974, 29.4127819 ], [ 79.7828687, 29.408336 ], [ 79.7868892, 29.4058642 ], [ 79.7874522, 29.404867 ] ] ] } },
{ "type": "Feature", "properties": { "gp_code": "23901", "gp_name": "PANTOLI", "blkname": "OKHALKANDA", "dtname": "Nainital", "SHAPE_Area": 1852129.8807926767 }, "geometry": { "type": "Polygon", "coordinates": [ [ [ 79.75266, 29.4056385 ], [ 79.7552944, 29.4047758 ], [ 79.7561508, 29.4051121 ], [ 79.7572306, 29.4049374 ], [ 79.7633731, 29.4018785 ], [ 79.7659659, 29.4021372 ], [ 79.7690505, 29.4015757 ], [ 79.7700912, 29.4005633 ], [ 79.7720645, 29.3995127 ], [ 79.7757822, 29.3999505 ], [ 79.7775634, 29.3989047 ], [ 79.778875, 29.3998938 ], [ 79.7801578, 29.3992002 ], [ 79.7821496, 29.3993981 ], [ 79.7836279, 29.3984242 ], [ 79.7846862, 29.3967598 ], [ 79.783552, 29.3940569 ], [ 79.7826329, 29.3938849 ], [ 79.7786745, 29.3950994 ], [ 79.7734374, 29.3947749 ], [ 79.7685309, 29.3964271 ], [ 79.7652674, 29.3983986 ], [ 79.7606678, 29.3997092 ], [ 79.7596074, 29.4005615 ], [ 79.7554805, 29.4022509 ], [ 79.7513613, 29.4032825 ], [ 79.75266, 29.4056385 ] ] ] } },
{ "type": "Feature", "properties": { "gp_code": "243347", "gp_name": "CHAKDALAR", "blkname": "OKHALKANDA", "dtname": "Nainital", "SHAPE_Area": 696744.7585403655 }, "geometry": { "type": "Polygon", "coordinates": [ [ [ 79.7613431, 29.3821109 ], [ 79.7583984, 29.3811939 ], [ 79.7572876, 29.3799446 ], [ 79.7545318, 29.3783944 ], [ 79.7532784, 29.3783315 ], [ 79.7521726, 29.3786894 ], [ 79.7485154, 29.3780323 ], [ 79.7471311, 29.3805574 ], [ 79.7480469, 29.3824832 ], [ 79.7523135, 29.3827953 ], [ 79.7532352, 29.3825646 ], [ 79.7546194, 29.3833718 ], [ 79.7556846, 29.3835564 ], [ 79.7564205, 29.3836093 ], [ 79.7569808, 29.383202 ], [ 79.7586584, 29.3836682 ], [ 79.759495, 29.3835953 ], [ 79.7610475, 29.3829808 ], [ 79.7613431, 29.3821109 ] ] ] } },
{ "type": "Feature", "properties": { "gp_code": "243346", "gp_name": "KOTALI", "blkname": "OKHALKANDA", "dtname": "Nainital", "SHAPE_Area": 551446.76555705385 }, "geometry": { "type": "Polygon", "coordinates": [ [ [ 79.7556846, 29.3835564 ], [ 79.7546194, 29.3833718 ], [ 79.7532352, 29.3825646 ], [ 79.7523135, 29.3827953 ], [ 79.7480469, 29.3824832 ], [ 79.7438807, 29.3854139 ], [ 79.7437102, 29.3859196 ], [ 79.7449501, 29.3880334 ], [ 79.7458237, 29.3881633 ], [ 79.7512406, 29.3865463 ], [ 79.7538858, 29.3849702 ], [ 79.7556846, 29.3835564 ] ] ] } },
{ "type": "Feature", "properties": { "gp_code": "", "gp_name": "", "blkname": "OKHALKANDA", "dtname": "Nainital", "SHAPE_Area": 1091705.9211003683 }, "geometry": { "type": "Polygon", "coordinates": [ [ [ 79.7564205, 29.3836093 ], [ 79.7556846, 29.3835564 ], [ 79.7512406, 29.3865463 ], [ 79.7458237, 29.3881633 ], [ 79.7467283, 29.3887447 ], [ 79.7473964, 29.3897712 ], [ 79.7475438, 29.3911276 ], [ 79.7472295, 29.3922538 ], [ 79.747922, 29.3937151 ], [ 79.7526782, 29.3928841 ], [ 79.7532088, 29.3922749 ], [ 79.7530172, 29.3904936 ], [ 79.7536887, 29.389104 ], [ 79.7549503, 29.3880763 ], [ 79.757533, 29.3887468 ], [ 79.757721, 29.3924282 ], [ 79.7586686, 29.3926004 ], [ 79.7595636, 29.3908695 ], [ 79.7597931, 29.3881212 ], [ 79.7601849, 29.3881095 ], [ 79.7609528, 29.388987 ], [ 79.7612979, 29.3888406 ], [ 79.7616839, 29.3856515 ], [ 79.7562387, 29.3849243 ], [ 79.7560725, 29.3846427 ], [ 79.7564205, 29.3836093 ] ] ] } },
{ "type": "Feature", "properties": { "gp_code": "23893", "gp_name": "MAHTOLI", "blkname": "OKHALKANDA", "dtname": "Nainital", "SHAPE_Area": 3630847.0950601003 }, "geometry": { "type": "Polygon", "coordinates": [ [ [ 79.742727, 29.4122915 ], [ 79.7440769, 29.4116122 ], [ 79.7482961, 29.4111468 ], [ 79.7484465, 29.4090992 ], [ 79.7481843, 29.4066625 ], [ 79.7500047, 29.4066125 ], [ 79.7493688, 29.4048447 ], [ 79.7481218, 29.4048454 ], [ 79.7477417, 29.3985583 ], [ 79.7479007, 29.3945145 ], [ 79.7484152, 29.3937639 ], [ 79.747922, 29.3937151 ], [ 79.7473058, 29.3926183 ], [ 79.7475438, 29.3911276 ], [ 79.7471431, 29.3892783 ], [ 79.7462033, 29.388368 ], [ 79.7453044, 29.388034 ], [ 79.7449501, 29.3880334 ], [ 79.7460907, 29.3897017 ], [ 79.7435241, 29.3902239 ], [ 79.7429984, 29.3929556 ], [ 79.7425505, 29.3934946 ], [ 79.7341665, 29.3942366 ], [ 79.7312133, 29.3960465 ], [ 79.7300944, 29.3961325 ], [ 79.7336265, 29.3999133 ], [ 79.7347499, 29.4005763 ], [ 79.7373612, 29.4008842 ], [ 79.7381292, 29.4020932 ], [ 79.7403703, 29.4025691 ], [ 79.7400141, 29.4033781 ], [ 79.7390734, 29.4037138 ], [ 79.7365312, 29.4029365 ], [ 79.7357925, 29.4030676 ], [ 79.7355066, 29.4034855 ], [ 79.7353639, 29.4053338 ], [ 79.7359427, 29.4085327 ], [ 79.7366704, 29.4102689 ], [ 79.7387133, 29.4118533 ], [ 79.7409159, 29.4124842 ], [ 79.742727, 29.4122915 ] ] ] } },
{ "type": "Feature", "properties": { "gp_code": "23856", "gp_name": "BARAMDHAR", "blkname": "OKHALKANDA", "dtname": "Nainital", "SHAPE_Area": 1776765.8165750408 }, "geometry": { "type": "Polygon", "coordinates": [ [ [ 79.7453671, 29.3819314 ], [ 79.7472343, 29.380477 ], [ 79.7485154, 29.3780323 ], [ 79.7483182, 29.3740587 ], [ 79.7476882, 29.3732683 ], [ 79.7470293, 29.3732259 ], [ 79.7442658, 29.3743021 ], [ 79.7377751, 29.3737423 ], [ 79.7350611, 29.3740577 ], [ 79.7335013, 29.3758095 ], [ 79.7314363, 29.3760354 ], [ 79.7313878, 29.3768516 ], [ 79.7303298, 29.3783182 ], [ 79.7337631, 29.3782627 ], [ 79.733055, 29.3791451 ], [ 79.7328373, 29.3800759 ], [ 79.7331742, 29.381021 ], [ 79.7337746, 29.3812515 ], [ 79.7366012, 29.381526 ], [ 79.737358, 29.3806298 ], [ 79.7400765, 29.3813522 ], [ 79.7399342, 29.3817629 ], [ 79.737114, 29.384099 ], [ 79.7410177, 29.384124 ], [ 79.7414186, 29.3839762 ], [ 79.7423612, 29.3826148 ], [ 79.7453671, 29.3819314 ] ] ] } },
{ "type": "Feature", "properties": { "gp_code": "23895", "gp_name": "NAIE", "blkname": "OKHALKANDA", "dtname": "Nainital", "SHAPE_Area": 2494601.8408814059 }, "geometry": { "type": "Polygon", "coordinates": [ [ [ 79.7460907, 29.3897017 ], [ 79.7436955, 29.3856093 ], [ 79.7480469, 29.3824832 ], [ 79.7471311, 29.3805574 ], [ 79.7445806, 29.382281 ], [ 79.7423612, 29.3826148 ], [ 79.7414186, 29.3839762 ], [ 79.7410177, 29.384124 ], [ 79.737114, 29.384099 ], [ 79.7304195, 29.3884145 ], [ 79.7234794, 29.3890784 ], [ 79.7231115, 29.3904127 ], [ 79.7263533, 29.3946824 ], [ 79.7300944, 29.3961325 ], [ 79.7312133, 29.3960465 ], [ 79.7341665, 29.3942366 ], [ 79.7425505, 29.3934946 ], [ 79.7429984, 29.3929556 ], [ 79.7435241, 29.3902239 ], [ 79.7460907, 29.3897017 ] ] ] } },
{ "type": "Feature", "properties": { "gp_code": "23921", "gp_name": "THALADI", "blkname": "OKHALKANDA", "dtname": "Nainital", "SHAPE_Area": 809355.73857455398 }, "geometry": { "type": "Polygon", "coordinates": [ [ [ 79.7290278, 29.3801134 ], [ 79.7314699, 29.3765415 ], [ 79.7309488, 29.3752857 ], [ 79.7299934, 29.3753651 ], [ 79.7304532, 29.3764724 ], [ 79.7285402, 29.3776431 ], [ 79.7269216, 29.3780317 ], [ 79.7235317, 29.3779969 ], [ 79.721192, 29.3773068 ], [ 79.7198303, 29.3773116 ], [ 79.7198865, 29.3788631 ], [ 79.7194051, 29.3805557 ], [ 79.7196015, 29.3822833 ], [ 79.72057, 29.3832431 ], [ 79.7233878, 29.3839766 ], [ 79.7243896, 29.3838838 ], [ 79.7273033, 29.3823068 ], [ 79.729384, 29.3827791 ], [ 79.72937, 29.3821651 ], [ 79.7288402, 29.3813545 ], [ 79.7290278, 29.3801134 ] ] ] } },
{ "type": "Feature", "properties": { "gp_code": "23922", "gp_name": "THALI", "blkname": "OKHALKANDA", "dtname": "Nainital", "SHAPE_Area": 1131526.3796916218 }, "geometry": { "type": "Polygon", "coordinates": [ [ [ 79.7432874, 29.4132842 ], [ 79.7423342, 29.4122436 ], [ 79.7409159, 29.4124842 ], [ 79.7387133, 29.4118533 ], [ 79.7366704, 29.4102689 ], [ 79.7329388, 29.4133281 ], [ 79.7313375, 29.416159 ], [ 79.7314288, 29.4167056 ], [ 79.7329358, 29.4182733 ], [ 79.7362121, 29.4186003 ], [ 79.7407039, 29.4179757 ], [ 79.7433098, 29.4170124 ], [ 79.7474265, 29.4165021 ], [ 79.7473205, 29.4155709 ], [ 79.7448111, 29.4143188 ], [ 79.7432874, 29.4132842 ] ] ] } },
{ "type": "Feature", "properties": { "gp_code": "23922", "gp_name": "THALI", "blkname": "OKHALKANDA", "dtname": "Nainital", "SHAPE_Area": 1469658.2905091126 }, "geometry": { "type": "Polygon", "coordinates": [ [ [ 79.7384169, 29.4336909 ], [ 79.740397, 29.4306858 ], [ 79.7416945, 29.4298314 ], [ 79.7442547, 29.43002 ], [ 79.7456421, 29.4305343 ], [ 79.7470135, 29.4326522 ], [ 79.7484056, 29.4331663 ], [ 79.7482085, 29.4269864 ], [ 79.7484919, 29.425623 ], [ 79.7508717, 29.4243605 ], [ 79.7515985, 29.4232394 ], [ 79.7515032, 29.421953 ], [ 79.7524405, 29.4202643 ], [ 79.7517622, 29.4199758 ], [ 79.7495406, 29.4211869 ], [ 79.7463042, 29.4208013 ], [ 79.744854, 29.4215142 ], [ 79.7371648, 29.4280459 ], [ 79.7362064, 29.4293667 ], [ 79.7357567, 29.4306343 ], [ 79.7358062, 29.4314623 ], [ 79.7370395, 29.4313563 ], [ 79.7375166, 29.4316674 ], [ 79.7373904, 29.4330435 ], [ 79.7384169, 29.4336909 ] ] ] } },
{ "type": "Feature", "properties": { "gp_code": "23742", "gp_name": "SELA LEKH", "blkname": "DHARI", "dtname": "Nainital", "SHAPE_Area": 3293175.6118860827 }, "geometry": { "type": "Polygon", "coordinates": [ [ [ 79.72674, 29.4467344 ], [ 79.7287837, 29.442744 ], [ 79.7290658, 29.4405992 ], [ 79.7338551, 29.4356148 ], [ 79.7275654, 29.4336937 ], [ 79.7214809, 29.4312462 ], [ 79.7191585, 29.430621 ], [ 79.7184489, 29.4299877 ], [ 79.7169294, 29.4305382 ], [ 79.7094118, 29.4353283 ], [ 79.7072711, 29.4372961 ], [ 79.7073641, 29.4376318 ], [ 79.7112989, 29.4391164 ], [ 79.7168084, 29.4443492 ], [ 79.7222097, 29.4437636 ], [ 79.72674, 29.4467344 ] ] ] } },
{ "type": "Feature", "properties": { "gp_code": "23728", "gp_name": "JALNA NEEL PAHARI", "blkname": "DHARI", "dtname": "Nainital", "SHAPE_Area": 3687818.6623430843 }, "geometry": { "type": "Polygon", "coordinates": [ [ [ 79.7338149, 29.4614124 ], [ 79.7328622, 29.4599536 ], [ 79.7315756, 29.4560928 ], [ 79.7315959, 29.4538261 ], [ 79.7273665, 29.4492451 ], [ 79.72674, 29.4467344 ], [ 79.7222097, 29.4437636 ], [ 79.7168084, 29.4443492 ], [ 79.7127604, 29.4403637 ], [ 79.7122055, 29.4403729 ], [ 79.7109424, 29.4411015 ], [ 79.7100065, 29.4430438 ], [ 79.7098756, 29.4445995 ], [ 79.7110175, 29.4490565 ], [ 79.7121662, 29.4522833 ], [ 79.7140082, 29.4556867 ], [ 79.7159382, 29.4582652 ], [ 79.7218911, 29.4573581 ], [ 79.7241106, 29.4575778 ], [ 79.7289014, 29.4593129 ], [ 79.7325338, 29.4619111 ], [ 79.7338149, 29.4614124 ] ] ] } },
{ "type": "Feature", "properties": { "gp_code": "23965", "gp_name": "PITHOLI", "blkname": "RAMGARH", "dtname": "Nainital", "SHAPE_Area": 3069238.2015929599 }, "geometry": { "type": "Polygon", "coordinates": [ [ [ 79.6821147, 29.4724212 ], [ 79.6762315, 29.4713234 ], [ 79.6724799, 29.4743212 ], [ 79.6682294, 29.4753746 ], [ 79.6679708, 29.4757319 ], [ 79.6682469, 29.4762452 ], [ 79.6698476, 29.4773009 ], [ 79.6741027, 29.4833942 ], [ 79.676812, 29.4851401 ], [ 79.6793688, 29.4897266 ], [ 79.6803904, 29.4907597 ], [ 79.6809749, 29.4919659 ], [ 79.6836864, 29.4877962 ], [ 79.6845637, 29.4859125 ], [ 79.6847213, 29.4845906 ], [ 79.6857428, 29.4831085 ], [ 79.6866119, 29.4808976 ], [ 79.6866782, 29.4790628 ], [ 79.6888752, 29.4761259 ], [ 79.6895274, 29.4747569 ], [ 79.6833923, 29.4732535 ], [ 79.6821147, 29.4724212 ] ] ] } },
{ "type": "Feature", "properties": { "gp_code": "260487", "gp_name": "PUGRARI", "blkname": "RAMGARH", "dtname": "Nainital", "SHAPE_Area": 2361850.5724486886 }, "geometry": { "type": "Polygon", "coordinates": [ [ [ 79.68983, 29.473544 ], [ 79.6911247, 29.4737152 ], [ 79.6914491, 29.4734527 ], [ 79.6918691, 29.4719964 ], [ 79.6917502, 29.4702152 ], [ 79.6921372, 29.4696088 ], [ 79.6959295, 29.4698589 ], [ 79.696865, 29.4687391 ], [ 79.6970848, 29.4671475 ], [ 79.6966232, 29.4667554 ], [ 79.6924934, 29.4658705 ], [ 79.6886348, 29.463941 ], [ 79.6854543, 29.461231 ], [ 79.6824457, 29.4620937 ], [ 79.6770878, 29.4622382 ], [ 79.6756836, 29.4627076 ], [ 79.6791812, 29.4662761 ], [ 79.6783053, 29.4683593 ], [ 79.6762315, 29.4713234 ], [ 79.6821147, 29.4724212 ], [ 79.6833923, 29.4732535 ], [ 79.6895274, 29.4747569 ], [ 79.6893416, 29.474151 ], [ 79.68983, 29.473544 ] ] ] } },
{ "type": "Feature", "properties": { "gp_code": "259958", "gp_name": "Anuthi", "blkname": "RAMGARH", "dtname": "Nainital", "SHAPE_Area": 2340176.0572117781 }, "geometry": { "type": "Polygon", "coordinates": [ [ [ 79.6756836, 29.4627076 ], [ 79.6770878, 29.4622382 ], [ 79.6824457, 29.4620937 ], [ 79.6854543, 29.461231 ], [ 79.6853229, 29.4603114 ], [ 79.6843703, 29.4590413 ], [ 79.6838462, 29.4573524 ], [ 79.6816039, 29.4556628 ], [ 79.6800377, 29.4532715 ], [ 79.6790522, 29.4538837 ], [ 79.6771994, 29.4541598 ], [ 79.6684653, 29.4523444 ], [ 79.6661216, 29.4525014 ], [ 79.6614345, 29.4540588 ], [ 79.6612132, 29.454731 ], [ 79.662713, 29.4563431 ], [ 79.6646635, 29.4574727 ], [ 79.6693196, 29.4614669 ], [ 79.6718457, 29.4623086 ], [ 79.6745901, 29.4622872 ], [ 79.6756836, 29.4627076 ] ] ] } },
{ "type": "Feature", "properties": { "gp_code": "23940", "gp_name": "GAHANA", "blkname": "DHARI", "dtname": "Nainital", "SHAPE_Area": 3578507.0427387273 }, "geometry": { "type": "Polygon", "coordinates": [ [ [ 79.6800377, 29.4532715 ], [ 79.6791786, 29.4516103 ], [ 79.6794586, 29.4506799 ], [ 79.6804102, 29.449752 ], [ 79.6797364, 29.4445818 ], [ 79.6800809, 29.4425046 ], [ 79.6809174, 29.4409141 ], [ 79.6817806, 29.4409429 ], [ 79.6834734, 29.4420661 ], [ 79.6840908, 29.4417029 ], [ 79.6838615, 29.4409875 ], [ 79.6809423, 29.4374233 ], [ 79.6808661, 29.4369203 ], [ 79.6804659, 29.4367305 ], [ 79.6782434, 29.4378055 ], [ 79.6740336, 29.4384582 ], [ 79.6715805, 29.4393033 ], [ 79.6699419, 29.441027 ], [ 79.668244, 29.441914 ], [ 79.6670728, 29.4418037 ], [ 79.6641382, 29.43977 ], [ 79.6626406, 29.4391229 ], [ 79.6621622, 29.4393243 ], [ 79.6612182, 29.4423856 ], [ 79.6615086, 29.4466736 ], [ 79.6617478, 29.4476534 ], [ 79.6631025, 29.449906 ], [ 79.6653598, 29.4527545 ], [ 79.6684653, 29.4523444 ], [ 79.6771994, 29.4541598 ], [ 79.6790522, 29.4538837 ], [ 79.6800377, 29.4532715 ] ] ] } },
{ "type": "Feature", "properties": { "gp_code": "23738", "gp_name": "SAKDEENA", "blkname": "DHARI", "dtname": "Nainital", "SHAPE_Area": 3004432.7802580446 }, "geometry": { "type": "Polygon", "coordinates": [ [ [ 79.6907609, 29.4588172 ], [ 79.6900977, 29.4477966 ], [ 79.6908251, 29.4469938 ], [ 79.6919502, 29.4468536 ], [ 79.6918256, 29.4460877 ], [ 79.6951287, 29.4393329 ], [ 79.6957382, 29.4352059 ], [ 79.697264, 29.4348932 ], [ 79.6964422, 29.4340983 ], [ 79.6936708, 29.436726 ], [ 79.6897994, 29.4377103 ], [ 79.6846436, 29.4424435 ], [ 79.6826421, 29.4416327 ], [ 79.6817806, 29.4409429 ], [ 79.6809174, 29.4409141 ], [ 79.6800809, 29.4425046 ], [ 79.6797364, 29.4445818 ], [ 79.6804102, 29.449752 ], [ 79.6794586, 29.4506799 ], [ 79.6791786, 29.4516103 ], [ 79.6800377, 29.4532715 ], [ 79.6816039, 29.4556628 ], [ 79.6838462, 29.4573524 ], [ 79.6840645, 29.4580557 ], [ 79.6871584, 29.4579675 ], [ 79.6907609, 29.4588172 ] ] ] } },
{ "type": "Feature", "properties": { "gp_code": "", "gp_name": "", "blkname": "DHARI", "dtname": "Nainital", "SHAPE_Area": 6056918.9409780167 }, "geometry": { "type": "Polygon", "coordinates": [ [ [ 79.7031836, 29.4667288 ], [ 79.7082389, 29.4609364 ], [ 79.7100149, 29.4596308 ], [ 79.7112484, 29.4595791 ], [ 79.7122341, 29.4600126 ], [ 79.7147881, 29.4622838 ], [ 79.7159382, 29.4582652 ], [ 79.7140082, 29.4556867 ], [ 79.7121662, 29.4522833 ], [ 79.7098756, 29.4445995 ], [ 79.7100065, 29.4430438 ], [ 79.7109424, 29.4411015 ], [ 79.7122055, 29.4403729 ], [ 79.7127604, 29.4403637 ], [ 79.7104214, 29.4386425 ], [ 79.706117, 29.4370292 ], [ 79.7038043, 29.4372543 ], [ 79.7008057, 29.439077 ], [ 79.7003049, 29.4389884 ], [ 79.6999786, 29.4384851 ], [ 79.6994452, 29.4391453 ], [ 79.6988749, 29.4391308 ], [ 79.6988622, 29.4380108 ], [ 79.6986083, 29.437862 ], [ 79.6973358, 29.4381834 ], [ 79.6969482, 29.4390867 ], [ 79.6969762, 29.4422293 ], [ 79.6959158, 29.4451902 ], [ 79.6954847, 29.4480734 ], [ 79.6965465, 29.4488883 ], [ 79.6921641, 29.4492334 ], [ 79.6926036, 29.4536605 ], [ 79.6940658, 29.454601 ], [ 79.6954846, 29.4543743 ], [ 79.6963467, 29.4549022 ], [ 79.696912, 29.4569945 ], [ 79.6977343, 29.457923 ], [ 79.6996502, 29.4591364 ], [ 79.7007629, 29.4614676 ], [ 79.7001579, 29.4630316 ], [ 79.698474, 29.4644317 ], [ 79.6953738, 29.464952 ], [ 79.6936016, 29.4646046 ], [ 79.693205, 29.4661382 ], [ 79.6966232, 29.4667554 ], [ 79.6970848, 29.4671475 ], [ 79.696865, 29.4687391 ], [ 79.6959294, 29.4698589 ], [ 79.6987527, 29.4691491 ], [ 79.701377, 29.4678588 ], [ 79.7031836, 29.4667288 ] ] ] } },
{ "type": "Feature", "properties": { "gp_code": "23714", "gp_name": "ANARPA", "blkname": "DHARI", "dtname": "Nainital", "SHAPE_Area": 2565098.5657725385 }, "geometry": { "type": "Polygon", "coordinates": [ [ [ 79.693205, 29.4661382 ], [ 79.6936016, 29.4646046 ], [ 79.6953738, 29.464952 ], [ 79.698474, 29.4644317 ], [ 79.6995858, 29.4637052 ], [ 79.7006533, 29.4621691 ], [ 79.7007629, 29.4614676 ], [ 79.7003343, 29.4602526 ], [ 79.6996502, 29.4591364 ], [ 79.6977343, 29.457923 ], [ 79.696912, 29.4569945 ], [ 79.6963467, 29.4549022 ], [ 79.6954846, 29.4543743 ], [ 79.6940658, 29.454601 ], [ 79.6926036, 29.4536605 ], [ 79.6921641, 29.4492334 ], [ 79.6965465, 29.4488883 ], [ 79.6954847, 29.4480734 ], [ 79.6959158, 29.4451902 ], [ 79.6969762, 29.4422293 ], [ 79.6970728, 29.4385607 ], [ 79.6977372, 29.4379143 ], [ 79.6986083, 29.437862 ], [ 79.6988622, 29.4380108 ], [ 79.6988749, 29.4391308 ], [ 79.6994452, 29.4391453 ], [ 79.7007764, 29.4368675 ], [ 79.6993247, 29.4348004 ], [ 79.6957382, 29.4352059 ], [ 79.6951287, 29.4393329 ], [ 79.6918256, 29.4460877 ], [ 79.6919502, 29.4468536 ], [ 79.6908251, 29.4469938 ], [ 79.6900977, 29.4477966 ], [ 79.6907609, 29.4588172 ], [ 79.6871584, 29.4579675 ], [ 79.6840645, 29.4580557 ], [ 79.6843703, 29.4590413 ], [ 79.6853229, 29.4603114 ], [ 79.6854543, 29.461231 ], [ 79.6864432, 29.4623239 ], [ 79.6886348, 29.463941 ], [ 79.6924934, 29.4658705 ], [ 79.693205, 29.4661382 ] ] ] } },
{ "type": "Feature", "properties": { "gp_code": "23734", "gp_name": "MAJULI", "blkname": "DHARI", "dtname": "Nainital", "SHAPE_Area": 4557056.2091954947 }, "geometry": { "type": "Polygon", "coordinates": [ [ [ 79.7038043, 29.4372543 ], [ 79.706117, 29.4370292 ], [ 79.7067795, 29.4371248 ], [ 79.7073641, 29.4376318 ], [ 79.7072711, 29.4372961 ], [ 79.7094118, 29.4353283 ], [ 79.7169294, 29.4305382 ], [ 79.7184489, 29.4299877 ], [ 79.7191585, 29.430621 ], [ 79.7214809, 29.4312462 ], [ 79.7275654, 29.4336937 ], [ 79.7338551, 29.4356148 ], [ 79.7339515, 29.4338339 ], [ 79.7351927, 29.432663 ], [ 79.7332768, 29.4316489 ], [ 79.7319544, 29.4302029 ], [ 79.731602, 29.4291971 ], [ 79.7324139, 29.4279369 ], [ 79.7338703, 29.4280135 ], [ 79.7341599, 29.4277433 ], [ 79.7338616, 29.4266785 ], [ 79.7321606, 29.4257472 ], [ 79.7324592, 29.424874 ], [ 79.7310374, 29.4230569 ], [ 79.7325724, 29.4223983 ], [ 79.7326501, 29.4221016 ], [ 79.729908, 29.4197087 ], [ 79.7282023, 29.4199148 ], [ 79.7228274, 29.4191907 ], [ 79.7211298, 29.4201997 ], [ 79.7184626, 29.42314 ], [ 79.7173081, 29.4233707 ], [ 79.7163068, 29.4231665 ], [ 79.714768, 29.4220709 ], [ 79.7148171, 29.4208566 ], [ 79.7154309, 29.4199262 ], [ 79.7150052, 29.4194806 ], [ 79.712152, 29.4205355 ], [ 79.711888, 29.4211618 ], [ 79.7145058, 29.4234029 ], [ 79.7145406, 29.4237639 ], [ 79.7107097, 29.4255187 ], [ 79.709834, 29.426245 ], [ 79.7084571, 29.4284553 ], [ 79.7080115, 29.4311059 ], [ 79.7070602, 29.4320537 ], [ 79.7047939, 29.4327528 ], [ 79.6995162, 29.4329161 ], [ 79.6976287, 29.4333134 ], [ 79.6964422, 29.4340983 ], [ 79.697264, 29.4348932 ], [ 79.6990244, 29.4347459 ], [ 79.699763, 29.435233 ], [ 79.7007764, 29.4368675 ], [ 79.7000573, 29.4377905 ], [ 79.6999786, 29.4384851 ], [ 79.7005051, 29.4390832 ], [ 79.7038043, 29.4372543 ] ] ] } },
{ "type": "Feature", "properties": { "gp_code": "23721", "gp_name": "DINI MALLI", "blkname": "DHARI", "dtname": "Nainital", "SHAPE_Area": 2691551.9719589087 }, "geometry": { "type": "Polygon", "coordinates": [ [ [ 79.6972497, 29.408829 ], [ 79.6995517, 29.4074428 ], [ 79.6994978, 29.4064584 ], [ 79.6988974, 29.4061604 ], [ 79.6961461, 29.4064903 ], [ 79.6956286, 29.4069334 ], [ 79.6940865, 29.4073691 ], [ 79.693921, 29.4057158 ], [ 79.6929743, 29.4052957 ], [ 79.6931702, 29.4040142 ], [ 79.6926425, 29.4024007 ], [ 79.6908421, 29.4013718 ], [ 79.6907284, 29.4006227 ], [ 79.6910383, 29.399989 ], [ 79.6903308, 29.3994344 ], [ 79.6848773, 29.3988301 ], [ 79.683507, 29.4000732 ], [ 79.683572, 29.4016107 ], [ 79.6830928, 29.40219 ], [ 79.6816385, 29.4025532 ], [ 79.6797127, 29.40229 ], [ 79.6798323, 29.4027165 ], [ 79.6816949, 29.4034894 ], [ 79.6833829, 29.4062521 ], [ 79.6839095, 29.4082366 ], [ 79.6848317, 29.409183 ], [ 79.6834177, 29.4107387 ], [ 79.6821184, 29.4140555 ], [ 79.6824717, 29.414515 ], [ 79.6834264, 29.4148542 ], [ 79.686269, 29.4181791 ], [ 79.6887586, 29.4163653 ], [ 79.6915271, 29.4166002 ], [ 79.6921177, 29.4163574 ], [ 79.6927258, 29.4155982 ], [ 79.6931901, 29.414135 ], [ 79.6931428, 29.4126582 ], [ 79.6943535, 29.411118 ], [ 79.6966892, 29.4096523 ], [ 79.6972497, 29.408829 ] ] ] } },
{ "type": "Feature", "properties": { "gp_code": "23732", "gp_name": "MAHTOLIYA GAON", "blkname": "DHARI", "dtname": "Nainital", "SHAPE_Area": 1953520.1611122992 }, "geometry": { "type": "Polygon", "coordinates": [ [ [ 79.715664, 29.417839 ], [ 79.7203343, 29.4176178 ], [ 79.7207661, 29.4174566 ], [ 79.721092, 29.4164721 ], [ 79.7216742, 29.4160859 ], [ 79.7226991, 29.4161969 ], [ 79.7239151, 29.4152491 ], [ 79.7271738, 29.4155717 ], [ 79.727752, 29.4155053 ], [ 79.7279686, 29.4151008 ], [ 79.7260401, 29.4125676 ], [ 79.7240863, 29.411053 ], [ 79.7233242, 29.4107346 ], [ 79.7196569, 29.4104786 ], [ 79.717116, 29.4096376 ], [ 79.7157831, 29.4097733 ], [ 79.714871, 29.4108784 ], [ 79.7137832, 29.4114095 ], [ 79.7109553, 29.4146901 ], [ 79.7081723, 29.4171538 ], [ 79.7084334, 29.4189089 ], [ 79.7077247, 29.4195057 ], [ 79.7075606, 29.4204238 ], [ 79.7079476, 29.4222746 ], [ 79.7107097, 29.4255187 ], [ 79.7145406, 29.4237639 ], [ 79.7145058, 29.4234029 ], [ 79.7120417, 29.4213509 ], [ 79.7118888, 29.4208514 ], [ 79.7152026, 29.4193382 ], [ 79.7150461, 29.4184586 ], [ 79.715664, 29.417839 ] ] ] } },
{ "type": "Feature", "properties": { "gp_code": "23722", "gp_name": "DINI TALLI", "blkname": "DHARI", "dtname": "Nainital", "SHAPE_Area": 1505172.499355275 }, "geometry": { "type": "Polygon", "coordinates": [ [ [ 79.7157831, 29.4097733 ], [ 79.7151347, 29.40676 ], [ 79.7154903, 29.4062884 ], [ 79.7207307, 29.4090284 ], [ 79.7213092, 29.4090174 ], [ 79.7234844, 29.4079957 ], [ 79.7249686, 29.405846 ], [ 79.7250175, 29.4046452 ], [ 79.7240078, 29.4029855 ], [ 79.7209636, 29.4016697 ], [ 79.7222786, 29.3993712 ], [ 79.718457, 29.3977048 ], [ 79.7167161, 29.3975534 ], [ 79.7157218, 29.3981583 ], [ 79.7150938, 29.3994531 ], [ 79.7154435, 29.4014845 ], [ 79.7116979, 29.4052156 ], [ 79.7121775, 29.4077668 ], [ 79.7112469, 29.4102816 ], [ 79.711315, 29.410835 ], [ 79.7118304, 29.4112069 ], [ 79.7137832, 29.4114095 ], [ 79.714871, 29.4108784 ], [ 79.7157831, 29.4097733 ] ] ] } },
{ "type": "Feature", "properties": { "gp_code": "", "gp_name": "", "blkname": "DHARI", "dtname": "Nainital", "SHAPE_Area": 3026522.6185924057 }, "geometry": { "type": "Polygon", "coordinates": [ [ [ 79.6815169, 29.3978149 ], [ 79.6831315, 29.399127 ], [ 79.683507, 29.4000732 ], [ 79.6848773, 29.3988301 ], [ 79.6883132, 29.3990392 ], [ 79.6908541, 29.3996648 ], [ 79.6910383, 29.399989 ], [ 79.6906812, 29.4010004 ], [ 79.6910804, 29.4016218 ], [ 79.6926425, 29.4024007 ], [ 79.6931702, 29.4040142 ], [ 79.6929743, 29.4052957 ], [ 79.693921, 29.4057158 ], [ 79.6940865, 29.4073691 ], [ 79.6956286, 29.4069334 ], [ 79.6961461, 29.4064903 ], [ 79.6988974, 29.4061604 ], [ 79.6994978, 29.4064584 ], [ 79.6995517, 29.4074428 ], [ 79.6972497, 29.408829 ], [ 79.6975376, 29.4091841 ], [ 79.6995221, 29.4090896 ], [ 79.7008619, 29.4094969 ], [ 79.7062105, 29.409021 ], [ 79.7088254, 29.4078586 ], [ 79.7107196, 29.4051633 ], [ 79.7107598, 29.404428 ], [ 79.7097683, 29.4033736 ], [ 79.7046522, 29.4001394 ], [ 79.7039517, 29.3999155 ], [ 79.7002749, 29.4005563 ], [ 79.7001151, 29.3997396 ], [ 79.7016614, 29.3943383 ], [ 79.701391, 29.3930221 ], [ 79.7005293, 29.3925483 ], [ 79.6993116, 29.3927079 ], [ 79.6963235, 29.3942239 ], [ 79.6943862, 29.3936837 ], [ 79.692387, 29.3951709 ], [ 79.6915235, 29.3954392 ], [ 79.6893299, 29.3945376 ], [ 79.6887119, 29.3952179 ], [ 79.6886643, 29.3957643 ], [ 79.6903125, 29.397148 ], [ 79.6837516, 29.3976709 ], [ 79.6816027, 29.39739 ], [ 79.6815169, 29.3978149 ] ] ] } },
{ "type": "Feature", "properties": { "gp_code": "23743", "gp_name": "SUNDARKHAL", "blkname": "DHARI", "dtname": "Nainital", "SHAPE_Area": 2920052.3744182345 }, "geometry": { "type": "Polygon", "coordinates": [ [ [ 79.6821184, 29.4140555 ], [ 79.6834177, 29.4107387 ], [ 79.6848317, 29.409183 ], [ 79.6839095, 29.4082366 ], [ 79.6833829, 29.4062521 ], [ 79.6816949, 29.4034894 ], [ 79.6798323, 29.4027165 ], [ 79.6797127, 29.40229 ], [ 79.6816385, 29.4025532 ], [ 79.6833399, 29.4019746 ], [ 79.6835602, 29.4002073 ], [ 79.6831315, 29.399127 ], [ 79.6807018, 29.3971926 ], [ 79.6793299, 29.3944034 ], [ 79.6785193, 29.3935516 ], [ 79.6780049, 29.3944982 ], [ 79.6739233, 29.3951482 ], [ 79.6710854, 29.3961544 ], [ 79.6690241, 29.3976885 ], [ 79.6683743, 29.3986992 ], [ 79.6712517, 29.4016872 ], [ 79.6704576, 29.4018678 ], [ 79.6703023, 29.4023262 ], [ 79.6717451, 29.4044881 ], [ 79.6752907, 29.4069376 ], [ 79.6757359, 29.4075593 ], [ 79.6759461, 29.4088688 ], [ 79.6731478, 29.4159975 ], [ 79.6769047, 29.4158532 ], [ 79.6798516, 29.4145908 ], [ 79.6821184, 29.4140555 ] ] ] } },
{ "type": "Feature", "properties": { "gp_code": "", "gp_name": "", "blkname": "OKHALKANDA", "dtname": "Nainital", "SHAPE_Area": 75861.444654396677 }, "geometry": { "type": "Polygon", "coordinates": [ [ [ 79.6672036, 29.3843221 ], [ 79.6679328, 29.3848995 ], [ 79.6689278, 29.3851056 ], [ 79.66974, 29.3849065 ], [ 79.6701001, 29.384 ], [ 79.6699823, 29.38351 ], [ 79.6691802, 29.3830141 ], [ 79.6676641, 29.382883 ], [ 79.6671375, 29.3835006 ], [ 79.6672036, 29.3843221 ] ] ] } },
{ "type": "Feature", "properties": { "gp_code": "23735", "gp_name": "MANA GHER", "blkname": "DHARI", "dtname": "Nainital", "SHAPE_Area": 533250.39071897801 }, "geometry": { "type": "Polygon", "coordinates": [ [ [ 79.6683743, 29.3986992 ], [ 79.6690241, 29.3976885 ], [ 79.6710854, 29.3961544 ], [ 79.6739233, 29.3951482 ], [ 79.6780049, 29.3944982 ], [ 79.6785193, 29.3935516 ], [ 79.6774575, 29.3929963 ], [ 79.6744217, 29.3931251 ], [ 79.6726066, 29.3919475 ], [ 79.6710049, 29.3916406 ], [ 79.6706885, 29.3918356 ], [ 79.6699434, 29.3939256 ], [ 79.6680089, 29.3941645 ], [ 79.6663109, 29.395308 ], [ 79.6662548, 29.3960939 ], [ 79.6671233, 29.3968749 ], [ 79.6672141, 29.3975093 ], [ 79.6658721, 29.3987258 ], [ 79.6656829, 29.399591 ], [ 79.6661135, 29.3998954 ], [ 79.6667841, 29.3997956 ], [ 79.6683743, 29.3986992 ] ] ] } },
{ "type": "Feature", "properties": { "gp_code": "23720", "gp_name": "DHANCHULI", "blkname": "DHARI", "dtname": "Nainital", "SHAPE_Area": 5047983.8263548873 }, "geometry": { "type": "Polygon", "coordinates": [ [ [ 79.6683743, 29.3986992 ], [ 79.6667841, 29.3997956 ], [ 79.6661135, 29.3998954 ], [ 79.6656829, 29.399591 ], [ 79.6658721, 29.3987258 ], [ 79.6672141, 29.3975093 ], [ 79.6671233, 29.3968749 ], [ 79.6659391, 29.3960224 ], [ 79.660393, 29.3956194 ], [ 79.6575671, 29.3968844 ], [ 79.6544584, 29.3972506 ], [ 79.6502352, 29.3967312 ], [ 79.6470456, 29.3967243 ], [ 79.6466249, 29.3970034 ], [ 79.6463132, 29.3982305 ], [ 79.6465124, 29.3986088 ], [ 79.6480666, 29.3993679 ], [ 79.6488255, 29.4034311 ], [ 79.6482053, 29.4047656 ], [ 79.6480432, 29.4075719 ], [ 79.6483164, 29.4090703 ], [ 79.6496052, 29.4097141 ], [ 79.6497416, 29.4105375 ], [ 79.6520284, 29.4097699 ], [ 79.6528478, 29.4088204 ], [ 79.6535264, 29.4086532 ], [ 79.6546275, 29.4088985 ], [ 79.6554957, 29.4097808 ], [ 79.656506, 29.4094793 ], [ 79.6605888, 29.4098725 ], [ 79.668545, 29.4140316 ], [ 79.6731006, 29.4155812 ], [ 79.6759461, 29.4088688 ], [ 79.6757359, 29.4075593 ], [ 79.6739373, 29.4058824 ], [ 79.6717451, 29.4044881 ], [ 79.6703023, 29.4023262 ], [ 79.6704576, 29.4018678 ], [ 79.6712517, 29.4016872 ], [ 79.6683743, 29.3986992 ] ] ] } },
{ "type": "Feature", "properties": { "gp_code": "23737", "gp_name": "PARWADA", "blkname": "DHARI", "dtname": "Nainital", "SHAPE_Area": 3199771.0941156717 }, "geometry": { "type": "Polygon", "coordinates": [ [ [ 79.6700367, 29.4230607 ], [ 79.6699949, 29.4222081 ], [ 79.6706211, 29.4214976 ], [ 79.6722863, 29.4212446 ], [ 79.6722309, 29.4200501 ], [ 79.6731006, 29.4155812 ], [ 79.668545, 29.4140316 ], [ 79.6605888, 29.4098725 ], [ 79.656506, 29.4094793 ], [ 79.6554957, 29.4097808 ], [ 79.6546275, 29.4088985 ], [ 79.6535264, 29.4086532 ], [ 79.6528478, 29.4088204 ], [ 79.6520284, 29.4097699 ], [ 79.6497416, 29.4105375 ], [ 79.6495007, 29.4139642 ], [ 79.6498225, 29.4166881 ], [ 79.6516153, 29.4182327 ], [ 79.6518303, 29.4197358 ], [ 79.6526104, 29.4206502 ], [ 79.652491, 29.4219857 ], [ 79.6529884, 29.4226901 ], [ 79.6539445, 29.4230143 ], [ 79.6540644, 29.4242459 ], [ 79.6538051, 29.4246501 ], [ 79.6528823, 29.4248535 ], [ 79.6519064, 29.4270461 ], [ 79.6487558, 29.4301983 ], [ 79.653759, 29.4273452 ], [ 79.6547483, 29.4263084 ], [ 79.6554852, 29.4246166 ], [ 79.6555871, 29.421257 ], [ 79.6557894, 29.4205423 ], [ 79.6562992, 29.4200981 ], [ 79.6648079, 29.4196572 ], [ 79.6700367, 29.4230607 ] ] ] } },
{ "type": "Feature", "properties": { "gp_code": "23739", "gp_name": "SALIYA KOT TALLA", "blkname": "DHARI", "dtname": "Nainital", "SHAPE_Area": 2125184.0223357333 }, "geometry": { "type": "Polygon", "coordinates": [ [ [ 79.6872414, 29.431303 ], [ 79.6838737, 29.4297313 ], [ 79.6807208, 29.4268252 ], [ 79.679708, 29.425385 ], [ 79.6775832, 29.4245443 ], [ 79.6749918, 29.4223937 ], [ 79.6731892, 29.421405 ], [ 79.671458, 29.4212739 ], [ 79.6706211, 29.4214976 ], [ 79.6699949, 29.4222081 ], [ 79.6700367, 29.4230607 ], [ 79.6725864, 29.4243014 ], [ 79.6734682, 29.4259629 ], [ 79.6734125, 29.4295317 ], [ 79.6725621, 29.4305284 ], [ 79.6724367, 29.4313377 ], [ 79.674218, 29.433851 ], [ 79.6781547, 29.4374007 ], [ 79.6788914, 29.4376044 ], [ 79.6795866, 29.4369851 ], [ 79.6804659, 29.4367305 ], [ 79.6808661, 29.4369203 ], [ 79.6813566, 29.4379871 ], [ 79.6825386, 29.4379894 ], [ 79.6850997, 29.4370334 ], [ 79.6877094, 29.4343182 ], [ 79.6879605, 29.4334228 ], [ 79.6872414, 29.431303 ] ] ] } },
{ "type": "Feature", "properties": { "gp_code": "243348", "gp_name": "SALIYAKOT MALLA", "blkname": "DHARI", "dtname": "Nainital", "SHAPE_Area": 2107422.6041634399 }, "geometry": { "type": "Polygon", "coordinates": [ [ [ 79.686269, 29.4181791 ], [ 79.6834264, 29.4148542 ], [ 79.6824717, 29.414515 ], [ 79.6821184, 29.4140555 ], [ 79.6798516, 29.4145908 ], [ 79.6769047, 29.4158532 ], [ 79.6731478, 29.4159975 ], [ 79.6722309, 29.4200501 ], [ 79.6722863, 29.4212446 ], [ 79.6731892, 29.421405 ], [ 79.6749918, 29.4223937 ], [ 79.6782296, 29.4249234 ], [ 79.679708, 29.425385 ], [ 79.682643, 29.4288181 ], [ 79.6838737, 29.4297313 ], [ 79.6862258, 29.4306331 ], [ 79.6875495, 29.4298532 ], [ 79.6881696, 29.4284376 ], [ 79.6871094, 29.4271132 ], [ 79.6870739, 29.4228763 ], [ 79.6858443, 29.4215516 ], [ 79.6855229, 29.4206739 ], [ 79.6854782, 29.4200531 ], [ 79.6860969, 29.4191908 ], [ 79.686269, 29.4181791 ] ] ] } },
{ "type": "Feature", "properties": { "gp_code": "23741", "gp_name": "SASBANI", "blkname": "DHARI", "dtname": "Nainital", "SHAPE_Area": 4686267.4957765993 }, "geometry": { "type": "Polygon", "coordinates": [ [ [ 79.6788914, 29.4376044 ], [ 79.6775853, 29.4370556 ], [ 79.674218, 29.433851 ], [ 79.6724367, 29.4313377 ], [ 79.6725621, 29.4305284 ], [ 79.6734125, 29.4295317 ], [ 79.6735566, 29.427535 ], [ 79.6734682, 29.4259629 ], [ 79.6725864, 29.4243014 ], [ 79.6703387, 29.4233524 ], [ 79.6648079, 29.4196572 ], [ 79.6562992, 29.4200981 ], [ 79.6557894, 29.4205423 ], [ 79.6555871, 29.421257 ], [ 79.6554852, 29.4246166 ], [ 79.6547483, 29.4263084 ], [ 79.653759, 29.4273452 ], [ 79.6487558, 29.4301983 ], [ 79.6526181, 29.4343405 ], [ 79.654503, 29.4369066 ], [ 79.6555364, 29.4366524 ], [ 79.6574223, 29.4346365 ], [ 79.6589418, 29.434258 ], [ 79.6602516, 29.4343956 ], [ 79.6671324, 29.4378101 ], [ 79.670662, 29.4386568 ], [ 79.6721628, 29.4387042 ], [ 79.672543, 29.4389717 ], [ 79.6788914, 29.4376044 ] ] ] } },
{ "type": "Feature", "properties": { "gp_code": "23718", "gp_name": "CHAUKHUTA", "blkname": "DHARI", "dtname": "Nainital", "SHAPE_Area": 5954391.5168419564 }, "geometry": { "type": "Polygon", "coordinates": [ [ [ 79.6542648, 29.4366497 ], [ 79.6526181, 29.4343405 ], [ 79.6487558, 29.4301983 ], [ 79.6519064, 29.4270461 ], [ 79.6528823, 29.4248535 ], [ 79.6482397, 29.42382 ], [ 79.6429198, 29.4193758 ], [ 79.6373661, 29.4133252 ], [ 79.6356816, 29.4097051 ], [ 79.6350207, 29.4091099 ], [ 79.6333803, 29.4062253 ], [ 79.6339407, 29.401713 ], [ 79.6347941, 29.4017667 ], [ 79.6348321, 29.401303 ], [ 79.6324772, 29.3989497 ], [ 79.6309145, 29.3985486 ], [ 79.6291775, 29.3971277 ], [ 79.6285032, 29.4010258 ], [ 79.6286234, 29.4020382 ], [ 79.6298771, 29.4053335 ], [ 79.6296566, 29.4069522 ], [ 79.6306499, 29.4148616 ], [ 79.6324264, 29.4220374 ], [ 79.632026, 29.429834 ], [ 79.634882, 29.4299634 ], [ 79.6363894, 29.4310192 ], [ 79.6368282, 29.4338132 ], [ 79.637578, 29.4356499 ], [ 79.6392267, 29.4358561 ], [ 79.6427508, 29.435196 ], [ 79.6438135, 29.4354547 ], [ 79.6441186, 29.4366023 ], [ 79.6448591, 29.4363678 ], [ 79.6471705, 29.4365888 ], [ 79.6498006, 29.4386184 ], [ 79.651973, 29.4417534 ], [ 79.6542699, 29.4417044 ], [ 79.6542648, 29.4366497 ] ] ] } },
{ "type": "Feature", "properties": { "gp_code": "23733", "gp_name": "MAJHERA", "blkname": "DHARI", "dtname": "Nainital", "SHAPE_Area": 2442233.1744192946 }, "geometry": { "type": "Polygon", "coordinates": [ [ [ 79.6498225, 29.4166881 ], [ 79.6496052, 29.4097141 ], [ 79.6483164, 29.4090703 ], [ 79.6472144, 29.4091152 ], [ 79.6454298, 29.4107237 ], [ 79.6446134, 29.4106072 ], [ 79.644264, 29.4115307 ], [ 79.6437389, 29.4119209 ], [ 79.6427837, 29.4118175 ], [ 79.6415527, 29.4111671 ], [ 79.6409848, 29.4103833 ], [ 79.6395029, 29.4059541 ], [ 79.6386884, 29.4051899 ], [ 79.6363315, 29.404428 ], [ 79.635404, 29.4032462 ], [ 79.6351671, 29.401864 ], [ 79.6339407, 29.401713 ], [ 79.6335022, 29.4067046 ], [ 79.6356816, 29.4097051 ], [ 79.6373661, 29.4133252 ], [ 79.6429198, 29.4193758 ], [ 79.6482397, 29.42382 ], [ 79.6512977, 29.4243326 ], [ 79.6520361, 29.42482 ], [ 79.6538051, 29.4246501 ], [ 79.6541057, 29.4232711 ], [ 79.6529884, 29.4226901 ], [ 79.652491, 29.4219857 ], [ 79.6526104, 29.4206502 ], [ 79.6518303, 29.4197358 ], [ 79.6516153, 29.4182327 ], [ 79.6498225, 29.4166881 ] ] ] } },
{ "type": "Feature", "properties": { "gp_code": "23711", "gp_name": "ADHERIYA", "blkname": "DHARI", "dtname": "Nainital", "SHAPE_Area": 1664213.5501573365 }, "geometry": { "type": "Polygon", "coordinates": [ [ [ 79.6454934, 29.375181 ], [ 79.6448575, 29.3766235 ], [ 79.6459551, 29.3781426 ], [ 79.6473671, 29.3813286 ], [ 79.6480166, 29.3817852 ], [ 79.6485709, 29.3818808 ], [ 79.6493274, 29.3813697 ], [ 79.6495482, 29.3795755 ], [ 79.651491, 29.3790265 ], [ 79.6525538, 29.3791502 ], [ 79.6537371, 29.3802188 ], [ 79.6551004, 29.383042 ], [ 79.6566685, 29.3842868 ], [ 79.6577321, 29.3841001 ], [ 79.6584606, 29.3825499 ], [ 79.6591084, 29.3823016 ], [ 79.6596762, 29.3831226 ], [ 79.6599614, 29.3844422 ], [ 79.6606302, 29.3849665 ], [ 79.6611465, 29.3849204 ], [ 79.6611798, 29.382613 ], [ 79.6614507, 29.3821345 ], [ 79.6625374, 29.3819614 ], [ 79.6647766, 29.3829443 ], [ 79.665617, 29.3826627 ], [ 79.6654493, 29.3820011 ], [ 79.6644491, 29.381547 ], [ 79.6631857, 29.3801578 ], [ 79.6631416, 29.3793683 ], [ 79.6635971, 29.3789611 ], [ 79.6641982, 29.3788982 ], [ 79.6651753, 29.379349 ], [ 79.6657174, 29.3782705 ], [ 79.6678212, 29.3794658 ], [ 79.6685994, 29.379383 ], [ 79.6701282, 29.3781144 ], [ 79.6717705, 29.3760666 ], [ 79.6705794, 29.3749711 ], [ 79.6651429, 29.374238 ], [ 79.6598658, 29.3771956 ], [ 79.6579234, 29.3775964 ], [ 79.6494971, 29.3772207 ], [ 79.6478584, 29.3777906 ], [ 79.6471042, 29.3775528 ], [ 79.6454934, 29.375181 ] ] ] } },
{ "type": "Feature", "properties": { "gp_code": "23740", "gp_name": "SARNA", "blkname": "DHARI", "dtname": "Nainital", "SHAPE_Area": 6312387.723364599 }, "geometry": { "type": "Polygon", "coordinates": [ [ [ 79.6448575, 29.3766235 ], [ 79.6454934, 29.375181 ], [ 79.6414366, 29.3721369 ], [ 79.641312, 29.3705073 ], [ 79.6391278, 29.3692804 ], [ 79.6353309, 29.3678975 ], [ 79.6317383, 29.3684986 ], [ 79.6308796, 29.3689642 ], [ 79.6302621, 29.3698837 ], [ 79.6296966, 29.3697124 ], [ 79.6294486, 29.3688263 ], [ 79.6295686, 29.3665384 ], [ 79.6308168, 29.3656203 ], [ 79.6310132, 29.3648557 ], [ 79.6341339, 29.3624188 ], [ 79.6352477, 29.3604306 ], [ 79.6352186, 29.3593537 ], [ 79.6343154, 29.3584591 ], [ 79.633539, 29.3584998 ], [ 79.6313987, 29.3602943 ], [ 79.6298889, 29.3622178 ], [ 79.6288358, 29.3627821 ], [ 79.6277326, 29.3639272 ], [ 79.6273418, 29.3648048 ], [ 79.6264848, 29.3647036 ], [ 79.6253748, 29.3637065 ], [ 79.6232993, 29.3644411 ], [ 79.6215779, 29.366704 ], [ 79.6199019, 29.3699446 ], [ 79.6202869, 29.3709515 ], [ 79.6199999, 29.3748754 ], [ 79.621763, 29.3781993 ], [ 79.6216689, 29.3792289 ], [ 79.6212304, 29.3798087 ], [ 79.6195355, 29.3807573 ], [ 79.6199282, 29.3808257 ], [ 79.6204029, 29.3817882 ], [ 79.620904, 29.3841576 ], [ 79.6223289, 29.3842555 ], [ 79.6237745, 29.3851764 ], [ 79.6246842, 29.3849356 ], [ 79.6251022, 29.3842889 ], [ 79.6246268, 29.3835457 ], [ 79.6256223, 29.3827995 ], [ 79.6266524, 29.3791992 ], [ 79.6270442, 29.3789768 ], [ 79.6271047, 29.3818782 ], [ 79.6276644, 29.3827836 ], [ 79.6277692, 29.3837689 ], [ 79.6271004, 29.3858657 ], [ 79.62733, 29.386379 ], [ 79.6313392, 29.3887287 ], [ 79.6341047, 29.391868 ], [ 79.6354457, 29.3917496 ], [ 79.6370849, 29.3923402 ], [ 79.64103, 29.3926984 ], [ 79.643436, 29.3940884 ], [ 79.644945, 29.3944493 ], [ 79.6461868, 29.3939325 ], [ 79.6457124, 29.3928047 ], [ 79.6432146, 29.3909245 ], [ 79.6378244, 29.3897444 ], [ 79.63684, 29.3891753 ], [ 79.6364557, 29.3888641 ], [ 79.6360759, 29.3870281 ], [ 79.6364819, 29.3851669 ], [ 79.6385299, 29.3829787 ], [ 79.6389078, 29.3801998 ], [ 79.6392795, 29.3795393 ], [ 79.6400972, 29.3791498 ], [ 79.6404421, 29.3780764 ], [ 79.6435877, 29.3762024 ], [ 79.6448575, 29.3766235 ] ] ] } },
{ "type": "Feature", "properties": { "gp_code": "260506", "gp_name": "POKHRAR", "blkname": "DHARI", "dtname": "Nainital", "SHAPE_Area": 879999.43121859082 }, "geometry": { "type": "Polygon", "coordinates": [ [ [ 79.6364749, 29.3954087 ], [ 79.6328156, 29.3901513 ], [ 79.6309596, 29.3884779 ], [ 79.6305736, 29.3888626 ], [ 79.630098, 29.3916241 ], [ 79.628543, 29.3954362 ], [ 79.6294337, 29.3964773 ], [ 79.6291775, 29.3971277 ], [ 79.6298842, 29.397831 ], [ 79.6309145, 29.3985486 ], [ 79.6324772, 29.3989497 ], [ 79.6340833, 29.4004044 ], [ 79.6348321, 29.401303 ], [ 79.6347941, 29.4017667 ], [ 79.6351671, 29.401864 ], [ 79.635404, 29.4032462 ], [ 79.6363206, 29.4021438 ], [ 79.6366774, 29.3999431 ], [ 79.6364749, 29.3954087 ] ] ] } },
{ "type": "Feature", "properties": { "gp_code": "23729", "gp_name": "KAUL", "blkname": "DHARI", "dtname": "Nainital", "SHAPE_Area": 2531815.1076465542 }, "geometry": { "type": "Polygon", "coordinates": [ [ [ 79.6483164, 29.4090703 ], [ 79.6480432, 29.4075719 ], [ 79.648315, 29.4041587 ], [ 79.6488255, 29.4034311 ], [ 79.6486531, 29.4017576 ], [ 79.6480181, 29.4001774 ], [ 79.6480666, 29.3993679 ], [ 79.6465124, 29.3986088 ], [ 79.6463132, 29.3982305 ], [ 79.6466249, 29.3970034 ], [ 79.644945, 29.3944493 ], [ 79.643436, 29.3940884 ], [ 79.64103, 29.3926984 ], [ 79.6370849, 29.3923402 ], [ 79.6354457, 29.3917496 ], [ 79.6341047, 29.391868 ], [ 79.6364749, 29.3954087 ], [ 79.6366774, 29.3999431 ], [ 79.6363206, 29.4021438 ], [ 79.635404, 29.4032462 ], [ 79.6363315, 29.404428 ], [ 79.6386884, 29.4051899 ], [ 79.6395029, 29.4059541 ], [ 79.6409848, 29.4103833 ], [ 79.6415527, 29.4111671 ], [ 79.6427837, 29.4118175 ], [ 79.6437389, 29.4119209 ], [ 79.644264, 29.4115307 ], [ 79.6446134, 29.4106072 ], [ 79.6454298, 29.4107237 ], [ 79.6472144, 29.4091152 ], [ 79.6483164, 29.4090703 ] ] ] } },
{ "type": "Feature", "properties": { "gp_code": "23716", "gp_name": "BURANSHI", "blkname": "DHARI", "dtname": "Nainital", "SHAPE_Area": 908853.72909352649 }, "geometry": { "type": "Polygon", "coordinates": [ [ [ 79.6296566, 29.4069522 ], [ 79.6298771, 29.4053335 ], [ 79.6290659, 29.403483 ], [ 79.6285032, 29.4010258 ], [ 79.6294337, 29.3964773 ], [ 79.628543, 29.3954362 ], [ 79.627773, 29.3953264 ], [ 79.6266729, 29.396131 ], [ 79.6265606, 29.398778 ], [ 79.6250904, 29.4008796 ], [ 79.6199694, 29.4010696 ], [ 79.6208037, 29.4024186 ], [ 79.621871, 29.4054937 ], [ 79.6225079, 29.4063521 ], [ 79.6225118, 29.4076306 ], [ 79.6228029, 29.4078269 ], [ 79.6234817, 29.4078892 ], [ 79.624886, 29.4072651 ], [ 79.6274362, 29.4073586 ], [ 79.6296566, 29.4069522 ] ] ] } },
{ "type": "Feature", "properties": { "gp_code": "23727", "gp_name": "HARINAGR AKASAURA", "blkname": "DHARI", "dtname": "Nainital", "SHAPE_Area": 1721040.2821167484 }, "geometry": { "type": "Polygon", "coordinates": [ [ [ 79.6225118, 29.4076306 ], [ 79.6225079, 29.4063521 ], [ 79.621871, 29.4054937 ], [ 79.6208037, 29.4024186 ], [ 79.6199694, 29.4010696 ], [ 79.6250904, 29.4008796 ], [ 79.6265606, 29.398778 ], [ 79.6266104, 29.3976042 ], [ 79.626463, 29.3979345 ], [ 79.6253299, 29.3981073 ], [ 79.6239684, 29.3973619 ], [ 79.6231467, 29.3964897 ], [ 79.6207584, 29.3964638 ], [ 79.6184741, 29.3927071 ], [ 79.6182682, 29.3920117 ], [ 79.6186596, 29.390002 ], [ 79.6198157, 29.3873532 ], [ 79.6198324, 29.3819219 ], [ 79.6194944, 29.3815837 ], [ 79.6173051, 29.3866317 ], [ 79.6163553, 29.3877599 ], [ 79.6156264, 29.3892965 ], [ 79.6145472, 29.3894829 ], [ 79.6136206, 29.3901688 ], [ 79.6134478, 29.391194 ], [ 79.6138623, 29.3917077 ], [ 79.6139672, 29.3926525 ], [ 79.6135026, 29.3933801 ], [ 79.6117452, 29.3936457 ], [ 79.60888, 29.3933824 ], [ 79.6082934, 29.3937352 ], [ 79.6080867, 29.3945376 ], [ 79.6094879, 29.3960591 ], [ 79.6107188, 29.3966422 ], [ 79.6153761, 29.3979219 ], [ 79.6176994, 29.3990204 ], [ 79.6184061, 29.3997237 ], [ 79.6195842, 29.4024522 ], [ 79.6204516, 29.4060166 ], [ 79.620386, 29.4073388 ], [ 79.6205932, 29.4076261 ], [ 79.6225118, 29.4076306 ] ] ] } },
{ "type": "Feature", "properties": { "gp_code": "23731", "gp_name": "LADFORA", "blkname": "DHARI", "dtname": "Nainital", "SHAPE_Area": 1861822.283994057 }, "geometry": { "type": "Polygon", "coordinates": [ [ [ 79.626463, 29.3979345 ], [ 79.6266729, 29.396131 ], [ 79.627773, 29.3953264 ], [ 79.628543, 29.3954362 ], [ 79.6288059, 29.3951602 ], [ 79.630098, 29.3916241 ], [ 79.6305736, 29.3888626 ], [ 79.6309596, 29.3884779 ], [ 79.6279755, 29.3869337 ], [ 79.6271004, 29.3858657 ], [ 79.6277692, 29.3837689 ], [ 79.6276644, 29.3827836 ], [ 79.6271047, 29.3818782 ], [ 79.6271049, 29.3792602 ], [ 79.6268747, 29.3789696 ], [ 79.6256223, 29.3827995 ], [ 79.6246268, 29.3835457 ], [ 79.6251022, 29.3842889 ], [ 79.6246842, 29.3849356 ], [ 79.6237745, 29.3851764 ], [ 79.6223289, 29.3842555 ], [ 79.620904, 29.3841576 ], [ 79.6199282, 29.3808257 ], [ 79.6195104, 29.3813914 ], [ 79.6198324, 29.3819219 ], [ 79.6198157, 29.3873532 ], [ 79.6186596, 29.390002 ], [ 79.6182682, 29.3920117 ], [ 79.6207584, 29.3964638 ], [ 79.6231467, 29.3964897 ], [ 79.6239684, 29.3973619 ], [ 79.6253299, 29.3981073 ], [ 79.626463, 29.3979345 ] ] ] } },
{ "type": "Feature", "properties": { "gp_code": "23712", "gp_name": "AKSHORA", "blkname": "DHARI", "dtname": "Nainital", "SHAPE_Area": 783635.38027571654 }, "geometry": { "type": "Polygon", "coordinates": [ [ [ 79.6131069, 29.3885367 ], [ 79.6145871, 29.3866752 ], [ 79.6148185, 29.3859942 ], [ 79.6144678, 29.3855487 ], [ 79.609792, 29.3873303 ], [ 79.6089257, 29.387178 ], [ 79.607316, 29.385969 ], [ 79.6063499, 29.3858661 ], [ 79.6019505, 29.3861494 ], [ 79.601253, 29.3865781 ], [ 79.6012284, 29.3890887 ], [ 79.6015184, 29.3903521 ], [ 79.6021483, 29.3908987 ], [ 79.6084171, 29.3913193 ], [ 79.6115485, 29.3905109 ], [ 79.6123959, 29.3900126 ], [ 79.6131069, 29.3885367 ] ] ] } },
{ "type": "Feature", "properties": { "gp_code": "", "gp_name": "", "blkname": "DHARI", "dtname": "Nainital", "SHAPE_Area": 6884163.7638862617 }, "geometry": { "type": "Polygon", "coordinates": [ [ [ 79.6205904, 29.4085099 ], [ 79.6195842, 29.4024522 ], [ 79.6184061, 29.3997237 ], [ 79.6176994, 29.3990204 ], [ 79.6153761, 29.3979219 ], [ 79.6094879, 29.3960591 ], [ 79.6080867, 29.3945376 ], [ 79.6082934, 29.3937352 ], [ 79.60888, 29.3933824 ], [ 79.6117452, 29.3936457 ], [ 79.6135026, 29.3933801 ], [ 79.6139672, 29.3926525 ], [ 79.6138623, 29.3917077 ], [ 79.6134478, 29.391194 ], [ 79.6136206, 29.3901688 ], [ 79.6145472, 29.3894829 ], [ 79.6156264, 29.3892965 ], [ 79.6163553, 29.3877599 ], [ 79.6173051, 29.3866317 ], [ 79.6199282, 29.3808257 ], [ 79.6192165, 29.3804834 ], [ 79.6170611, 29.3812575 ], [ 79.6156285, 29.3811865 ], [ 79.6123275, 29.379944 ], [ 79.6078845, 29.3817616 ], [ 79.6070919, 29.3814898 ], [ 79.6057755, 29.3788013 ], [ 79.6052838, 29.3783683 ], [ 79.6029739, 29.3780387 ], [ 79.6025894, 29.3778218 ], [ 79.6024252, 29.3770518 ], [ 79.5996733, 29.3788636 ], [ 79.5989301, 29.3800223 ], [ 79.5989238, 29.3819654 ], [ 79.5994114, 29.3836129 ], [ 79.5982694, 29.3841768 ], [ 79.5979278, 29.3850126 ], [ 79.5981148, 29.3864381 ], [ 79.5998696, 29.3896324 ], [ 79.6013363, 29.3934952 ], [ 79.6040706, 29.3961199 ], [ 79.6043021, 29.3976027 ], [ 79.6033902, 29.4012276 ], [ 79.6036056, 29.4065628 ], [ 79.6041335, 29.4101533 ], [ 79.6035422, 29.4119196 ], [ 79.6023354, 29.4134008 ], [ 79.6007131, 29.4146922 ], [ 79.6004466, 29.4160678 ], [ 79.6010591, 29.4172837 ], [ 79.6026642, 29.4168191 ], [ 79.6071232, 29.4200953 ], [ 79.6084493, 29.4198827 ], [ 79.6087907, 29.4195598 ], [ 79.6094791, 29.4167061 ], [ 79.6096568, 29.4133144 ], [ 79.61502, 29.4132733 ], [ 79.615545, 29.4129507 ], [ 79.6164278, 29.411563 ], [ 79.6173585, 29.4095952 ], [ 79.6179605, 29.4092593 ], [ 79.6198487, 29.4091828 ], [ 79.6205904, 29.4085099 ] ], [ [ 79.6131069, 29.3885367 ], [ 79.6123959, 29.3900126 ], [ 79.6115485, 29.3905109 ], [ 79.6084171, 29.3913193 ], [ 79.6021483, 29.3908987 ], [ 79.6015184, 29.3903521 ], [ 79.6012284, 29.3890887 ], [ 79.601253, 29.3865781 ], [ 79.6019505, 29.3861494 ], [ 79.6063499, 29.3858661 ], [ 79.607316, 29.385969 ], [ 79.6089257, 29.387178 ], [ 79.609792, 29.3873303 ], [ 79.6144678, 29.3855487 ], [ 79.6148185, 29.3859942 ], [ 79.6145871, 29.3866752 ], [ 79.6131069, 29.3885367 ] ] ] } },
{ "type": "Feature", "properties": { "gp_code": "23733", "gp_name": "MAJHERA", "blkname": "DHARI", "dtname": "Nainital", "SHAPE_Area": 1888985.6825247579 }, "geometry": { "type": "Polygon", "coordinates": [ [ [ 79.6150346, 29.4231738 ], [ 79.6215584, 29.4167395 ], [ 79.6213297, 29.4159704 ], [ 79.6216979, 29.4116969 ], [ 79.6224289, 29.4095329 ], [ 79.6225118, 29.4076306 ], [ 79.6205932, 29.4076261 ], [ 79.6205904, 29.4085099 ], [ 79.6198487, 29.4091828 ], [ 79.6179605, 29.4092593 ], [ 79.6173585, 29.4095952 ], [ 79.6164278, 29.411563 ], [ 79.615545, 29.4129507 ], [ 79.61502, 29.4132733 ], [ 79.6096568, 29.4133144 ], [ 79.6094791, 29.4167061 ], [ 79.6087907, 29.4195598 ], [ 79.6084493, 29.4198827 ], [ 79.6071232, 29.4200953 ], [ 79.6026642, 29.4168191 ], [ 79.6010591, 29.4172837 ], [ 79.6022559, 29.4189599 ], [ 79.6035785, 29.4198267 ], [ 79.606257, 29.4208652 ], [ 79.6106033, 29.4208154 ], [ 79.6120524, 29.4214171 ], [ 79.6127519, 29.423708 ], [ 79.6150346, 29.4231738 ] ] ] } },
{ "type": "Feature", "properties": { "gp_code": "23724", "gp_name": "GAJAR", "blkname": "DHARI", "dtname": "Nainital", "SHAPE_Area": 1360389.7833007821 }, "geometry": { "type": "Polygon", "coordinates": [ [ [ 79.6314688, 29.4185334 ], [ 79.6311662, 29.417467 ], [ 79.6313031, 29.416717 ], [ 79.6306499, 29.4148616 ], [ 79.6296566, 29.4069522 ], [ 79.6274362, 29.4073586 ], [ 79.624886, 29.4072651 ], [ 79.6234817, 29.4078892 ], [ 79.6225118, 29.4076306 ], [ 79.6224289, 29.4095329 ], [ 79.6216979, 29.4116969 ], [ 79.6213297, 29.4159704 ], [ 79.6215584, 29.4167395 ], [ 79.6223732, 29.4174026 ], [ 79.6232474, 29.4187945 ], [ 79.6246012, 29.4196072 ], [ 79.6259429, 29.4192999 ], [ 79.6288013, 29.4169318 ], [ 79.6291845, 29.4169977 ], [ 79.630306, 29.4188243 ], [ 79.6314688, 29.4185334 ] ] ] } },
{ "type": "Feature", "properties": { "gp_code": "23975", "gp_name": "SUPI", "blkname": "DHARI", "dtname": "Nainital", "SHAPE_Area": 8614211.1408038158 }, "geometry": { "type": "Polygon", "coordinates": [ [ [ 79.6165406, 29.4593377 ], [ 79.6170348, 29.4553745 ], [ 79.6176353, 29.4543483 ], [ 79.6196125, 29.4530846 ], [ 79.6204801, 29.4516564 ], [ 79.6200114, 29.44866 ], [ 79.6193838, 29.4472284 ], [ 79.6201262, 29.4464745 ], [ 79.6223601, 29.4418518 ], [ 79.6228669, 29.4373937 ], [ 79.6236563, 29.4363296 ], [ 79.6244747, 29.4358727 ], [ 79.6270018, 29.4361215 ], [ 79.6278505, 29.4357996 ], [ 79.6296432, 29.4329803 ], [ 79.6311311, 29.4315097 ], [ 79.632026, 29.429834 ], [ 79.6324264, 29.4220374 ], [ 79.6316786, 29.4185171 ], [ 79.630306, 29.4188243 ], [ 79.6291845, 29.4169977 ], [ 79.6288013, 29.4169318 ], [ 79.6259429, 29.4192999 ], [ 79.6246012, 29.4196072 ], [ 79.6232474, 29.4187945 ], [ 79.6223732, 29.4174026 ], [ 79.6215584, 29.4167395 ], [ 79.6150346, 29.4231738 ], [ 79.6083314, 29.425128 ], [ 79.6075129, 29.4251493 ], [ 79.6051582, 29.4240371 ], [ 79.6034254, 29.4236887 ], [ 79.60162, 29.424123 ], [ 79.6002918, 29.4251956 ], [ 79.600421, 29.425739 ], [ 79.6032731, 29.4278785 ], [ 79.603563, 29.4288637 ], [ 79.6045927, 29.4297509 ], [ 79.6060537, 29.4305648 ], [ 79.6089904, 29.4306445 ], [ 79.6148075, 29.4347709 ], [ 79.6151872, 29.4354224 ], [ 79.614598, 29.4365275 ], [ 79.6134696, 29.4375637 ], [ 79.6134671, 29.4383498 ], [ 79.613137, 29.4387807 ], [ 79.611686, 29.4394519 ], [ 79.6098667, 29.4420044 ], [ 79.6102009, 29.4508834 ], [ 79.6096111, 29.4521502 ], [ 79.6083873, 29.4534341 ], [ 79.6092487, 29.4539961 ], [ 79.6095001, 29.4549614 ], [ 79.610639, 29.4622354 ], [ 79.611842, 29.4618178 ], [ 79.6127417, 29.4605482 ], [ 79.6154989, 29.4600605 ], [ 79.6165406, 29.4593377 ] ] ] } },
{ "type": "Feature", "properties": { "gp_code": "23956", "gp_name": "LODH", "blkname": "RAMGARH", "dtname": "Nainital", "SHAPE_Area": 914382.6395350449 }, "geometry": { "type": "Polygon", "coordinates": [ [ [ 79.610639, 29.4622354 ], [ 79.6092487, 29.4539961 ], [ 79.6087802, 29.4534822 ], [ 79.6068221, 29.4535584 ], [ 79.6050639, 29.4517142 ], [ 79.6039777, 29.4511835 ], [ 79.6027442, 29.4598422 ], [ 79.6030536, 29.4605044 ], [ 79.6054418, 29.4609623 ], [ 79.6073045, 29.4642454 ], [ 79.610385, 29.4627857 ], [ 79.610639, 29.4622354 ] ] ] } },
{ "type": "Feature", "properties": { "gp_code": "", "gp_name": "", "blkname": "RAMGARH", "dtname": "Nainital", "SHAPE_Area": 823915.9748598343 }, "geometry": { "type": "Polygon", "coordinates": [ [ [ 79.618539, 29.4693171 ], [ 79.6169357, 29.4682859 ], [ 79.6159374, 29.4670423 ], [ 79.6156713, 29.4653078 ], [ 79.6159338, 29.4620419 ], [ 79.6155383, 29.4614961 ], [ 79.6148916, 29.4612651 ], [ 79.6136732, 29.4614106 ], [ 79.6129614, 29.4622049 ], [ 79.6110174, 29.4675566 ], [ 79.6098724, 29.4688221 ], [ 79.6141126, 29.4732051 ], [ 79.6158309, 29.4743729 ], [ 79.6167696, 29.4724998 ], [ 79.6184463, 29.4703045 ], [ 79.618539, 29.4693171 ] ] ] } },
{ "type": "Feature", "properties": { "gp_code": "23944", "gp_name": "GARGAON", "blkname": "RAMGARH", "dtname": "Nainital", "SHAPE_Area": 411551.26900428568 }, "geometry": { "type": "Polygon", "coordinates": [ [ [ 79.6185329, 29.4632013 ], [ 79.6189569, 29.4607062 ], [ 79.6186354, 29.4599634 ], [ 79.6179894, 29.4594762 ], [ 79.6165406, 29.4593377 ], [ 79.6154989, 29.4600605 ], [ 79.6127417, 29.4605482 ], [ 79.611842, 29.4618178 ], [ 79.610639, 29.4622354 ], [ 79.6111416, 29.4624029 ], [ 79.6113938, 29.4630984 ], [ 79.611879, 29.4632142 ], [ 79.6127744, 29.4628791 ], [ 79.6131477, 29.4618006 ], [ 79.6136732, 29.4614106 ], [ 79.6148916, 29.4612651 ], [ 79.6155383, 29.4614961 ], [ 79.6159338, 29.4620419 ], [ 79.6156713, 29.4653078 ], [ 79.6159374, 29.4670423 ], [ 79.6169357, 29.4682859 ], [ 79.618539, 29.4693171 ], [ 79.6178427, 29.465742 ], [ 79.6178829, 29.4640093 ], [ 79.6185329, 29.4632013 ] ] ] } },
{ "type": "Feature", "properties": { "gp_code": "23730", "gp_name": "KOKILBANA", "blkname": "DHARI", "dtname": "Nainital", "SHAPE_Area": 4313335.6831658436 }, "geometry": { "type": "Polygon", "coordinates": [ [ [ 79.6292364, 29.4545071 ], [ 79.6288693, 29.4535213 ], [ 79.6267952, 29.4511958 ], [ 79.6242194, 29.4491052 ], [ 79.6228804, 29.4483871 ], [ 79.6195455, 29.4475763 ], [ 79.6256851, 29.446174 ], [ 79.6280334, 29.443842 ], [ 79.6290541, 29.4433416 ], [ 79.6358275, 29.4420556 ], [ 79.6441186, 29.4366023 ], [ 79.6438135, 29.4354547 ], [ 79.6427508, 29.435196 ], [ 79.6392267, 29.4358561 ], [ 79.637578, 29.4356499 ], [ 79.6368282, 29.4338132 ], [ 79.6363894, 29.4310192 ], [ 79.634882, 29.4299634 ], [ 79.632026, 29.429834 ], [ 79.6311311, 29.4315097 ], [ 79.6296432, 29.4329803 ], [ 79.6278505, 29.4357996 ], [ 79.6270018, 29.4361215 ], [ 79.6244747, 29.4358727 ], [ 79.623115, 29.4369355 ], [ 79.6223601, 29.4418518 ], [ 79.6201262, 29.4464745 ], [ 79.6193838, 29.4472284 ], [ 79.6200114, 29.44866 ], [ 79.6204801, 29.4516564 ], [ 79.6196125, 29.4530846 ], [ 79.6176353, 29.4543483 ], [ 79.6170348, 29.4553745 ], [ 79.6165406, 29.4593377 ], [ 79.6179894, 29.4594762 ], [ 79.6186354, 29.4599634 ], [ 79.6189569, 29.4607062 ], [ 79.6188237, 29.4617227 ], [ 79.6239655, 29.4628871 ], [ 79.624398, 29.4625777 ], [ 79.6247062, 29.4604662 ], [ 79.626028, 29.4600059 ], [ 79.6267424, 29.4580357 ], [ 79.6281567, 29.4572469 ], [ 79.6285779, 29.4555985 ], [ 79.6292364, 29.4545071 ] ] ] } },
{ "type": "Feature", "properties": { "gp_code": "23744", "gp_name": "SUNKIYA", "blkname": "DHARI", "dtname": "Nainital", "SHAPE_Area": 7751669.3884976739 }, "geometry": { "type": "Polygon", "coordinates": [ [ [ 79.6548176, 29.452965 ], [ 79.6571553, 29.4484815 ], [ 79.6596886, 29.4457234 ], [ 79.6616632, 29.4414146 ], [ 79.6621622, 29.4393243 ], [ 79.6626406, 29.4391229 ], [ 79.6641382, 29.43977 ], [ 79.6670728, 29.4418037 ], [ 79.668244, 29.441914 ], [ 79.6699419, 29.441027 ], [ 79.6715805, 29.4393033 ], [ 79.672543, 29.4389717 ], [ 79.6671324, 29.4378101 ], [ 79.6602516, 29.4343956 ], [ 79.658248, 29.4343509 ], [ 79.6574223, 29.4346365 ], [ 79.6555364, 29.4366524 ], [ 79.6548342, 29.4369544 ], [ 79.6542648, 29.4366497 ], [ 79.6542699, 29.4417044 ], [ 79.651973, 29.4417534 ], [ 79.6490474, 29.4378882 ], [ 79.6471705, 29.4365888 ], [ 79.6448591, 29.4363678 ], [ 79.641005, 29.4384784 ], [ 79.6358275, 29.4420556 ], [ 79.6290541, 29.4433416 ], [ 79.6280334, 29.443842 ], [ 79.6256851, 29.446174 ], [ 79.6195455, 29.4475763 ], [ 79.6228804, 29.4483871 ], [ 79.6242194, 29.4491052 ], [ 79.6267952, 29.4511958 ], [ 79.6288693, 29.4535213 ], [ 79.6295953, 29.4556277 ], [ 79.6309955, 29.4565485 ], [ 79.6317967, 29.4566987 ], [ 79.6326982, 29.4567077 ], [ 79.6356282, 29.4555505 ], [ 79.6412703, 29.4552442 ], [ 79.6457139, 29.4554212 ], [ 79.6497795, 29.4541955 ], [ 79.6519996, 29.4541868 ], [ 79.6548176, 29.452965 ] ] ] } },
{ "type": "Feature", "properties": { "gp_code": "23937", "gp_name": "DARIMA", "blkname": "RAMGARH", "dtname": "Nainital", "SHAPE_Area": 7938324.0618780479 }, "geometry": { "type": "Polygon", "coordinates": [ [ [ 79.6271596, 29.4757757 ], [ 79.6312306, 29.4756097 ], [ 79.632018, 29.4752607 ], [ 79.6337022, 29.4741043 ], [ 79.6353512, 29.4716987 ], [ 79.6356064, 29.4716591 ], [ 79.6357579, 29.4724089 ], [ 79.6353549, 29.4731096 ], [ 79.6354922, 29.4736091 ], [ 79.6367385, 29.4744889 ], [ 79.6411291, 29.4731428 ], [ 79.6432289, 29.4721356 ], [ 79.6445076, 29.4725026 ], [ 79.647693, 29.4712775 ], [ 79.6484315, 29.4698804 ], [ 79.6493389, 29.4652276 ], [ 79.6514175, 29.4635051 ], [ 79.6513563, 29.4626196 ], [ 79.6518935, 29.4621316 ], [ 79.6529993, 29.462252 ], [ 79.6535569, 29.4627491 ], [ 79.6542126, 29.4625616 ], [ 79.6552197, 29.4607693 ], [ 79.6553057, 29.4603445 ], [ 79.6545833, 29.4595806 ], [ 79.6544466, 29.4588315 ], [ 79.6548176, 29.452965 ], [ 79.6519996, 29.4541868 ], [ 79.6497795, 29.4541955 ], [ 79.6457139, 29.4554212 ], [ 79.6412703, 29.4552442 ], [ 79.6356282, 29.4555505 ], [ 79.6326982, 29.4567077 ], [ 79.6309955, 29.4565485 ], [ 79.6302258, 29.4561555 ], [ 79.6293881, 29.4553372 ], [ 79.6292364, 29.4545071 ], [ 79.6285779, 29.4555985 ], [ 79.6281567, 29.4572469 ], [ 79.6267424, 29.4580357 ], [ 79.626028, 29.4600059 ], [ 79.6247062, 29.4604662 ], [ 79.624398, 29.4625777 ], [ 79.6239655, 29.4628871 ], [ 79.6188237, 29.4617227 ], [ 79.6185329, 29.4632013 ], [ 79.6178829, 29.4640093 ], [ 79.6184463, 29.4703045 ], [ 79.6167696, 29.4724998 ], [ 79.6158309, 29.4743729 ], [ 79.618584, 29.4741029 ], [ 79.6205371, 29.4732575 ], [ 79.6232295, 29.4726499 ], [ 79.6234776, 29.472932 ], [ 79.6233102, 29.4739994 ], [ 79.6250486, 29.4752784 ], [ 79.6271596, 29.4757757 ] ] ] } },
{ "type": "Feature", "properties": { "gp_code": "23962", "gp_name": "MUKTESHWAR", "blkname": "RAMGARH", "dtname": "Nainital", "SHAPE_Area": 19515159.010230001 }, "geometry": { "type": "Polygon", "coordinates": [ [ [ 79.6809749, 29.4919659 ], [ 79.6803904, 29.4907597 ], [ 79.6793688, 29.4897266 ], [ 79.676812, 29.4851401 ], [ 79.6741027, 29.4833942 ], [ 79.6698476, 29.4773009 ], [ 79.6682469, 29.4762452 ], [ 79.6679708, 29.4757319 ], [ 79.6682294, 29.4753746 ], [ 79.6724799, 29.4743212 ], [ 79.6762315, 29.4713234 ], [ 79.6783053, 29.4683593 ], [ 79.6791812, 29.4662761 ], [ 79.6756836, 29.4627076 ], [ 79.6745901, 29.4622872 ], [ 79.6718457, 29.4623086 ], [ 79.6693196, 29.4614669 ], [ 79.6646635, 29.4574727 ], [ 79.662713, 29.4563431 ], [ 79.6612132, 29.454731 ], [ 79.6614345, 29.4540588 ], [ 79.6653598, 29.4527545 ], [ 79.6617478, 29.4476534 ], [ 79.6612182, 29.4423856 ], [ 79.6596886, 29.4457234 ], [ 79.6571553, 29.4484815 ], [ 79.6548176, 29.452965 ], [ 79.6544466, 29.4588315 ], [ 79.6545833, 29.4595806 ], [ 79.6553057, 29.4603445 ], [ 79.6547075, 29.4620364 ], [ 79.6537375, 29.4627538 ], [ 79.6521133, 29.462095 ], [ 79.6514067, 29.4625219 ], [ 79.6514175, 29.4635051 ], [ 79.6493389, 29.4652276 ], [ 79.6484315, 29.4698804 ], [ 79.647693, 29.4712775 ], [ 79.6445076, 29.4725026 ], [ 79.6443491, 29.4729578 ], [ 79.6394061, 29.4760365 ], [ 79.6356707, 29.4799947 ], [ 79.6340176, 29.4810905 ], [ 79.6331289, 29.4830751 ], [ 79.6321529, 29.4839617 ], [ 79.63511, 29.4851556 ], [ 79.6356517, 29.4872212 ], [ 79.6394753, 29.4919669 ], [ 79.6437233, 29.4934502 ], [ 79.6449269, 29.4931831 ], [ 79.6531047, 29.4971923 ], [ 79.6545234, 29.4970996 ], [ 79.6589926, 29.4982019 ], [ 79.662735, 29.4984412 ], [ 79.664128, 29.4982262 ], [ 79.6703254, 29.4990281 ], [ 79.6730695, 29.49908 ], [ 79.6762915, 29.4986217 ], [ 79.6799331, 29.4990897 ], [ 79.6809749, 29.4919659 ] ] ] } },
{ "type": "Feature", "properties": { "gp_code": "", "gp_name": "", "blkname": "RAMGARH", "dtname": "Nainital", "SHAPE_Area": 410603.04518175218 }, "geometry": { "type": "Polygon", "coordinates": [ [ [ 79.6449269, 29.4931831 ], [ 79.6437233, 29.4934502 ], [ 79.6394753, 29.4919669 ], [ 79.6396178, 29.4933096 ], [ 79.6380323, 29.4936062 ], [ 79.6386389, 29.4945047 ], [ 79.6430513, 29.4969256 ], [ 79.6470328, 29.4999683 ], [ 79.6470939, 29.4984764 ], [ 79.6449269, 29.4931831 ] ] ] } },
{ "type": "Feature", "properties": { "gp_code": "259956", "gp_name": "Satauli", "blkname": "RAMGARH", "dtname": "Nainital", "SHAPE_Area": 562828.12473156594 }, "geometry": { "type": "Polygon", "coordinates": [ [ [ 79.6366661, 29.4899285 ], [ 79.6375209, 29.4896362 ], [ 79.6356517, 29.4872212 ], [ 79.63511, 29.4851556 ], [ 79.6321529, 29.4839617 ], [ 79.6298501, 29.4856968 ], [ 79.6287535, 29.4881755 ], [ 79.6286369, 29.4891412 ], [ 79.6290576, 29.4902653 ], [ 79.6301162, 29.4895324 ], [ 79.631157, 29.4895483 ], [ 79.6340729, 29.4917282 ], [ 79.6351069, 29.4914123 ], [ 79.6366661, 29.4899285 ] ] ] } },
{ "type": "Feature", "properties": { "gp_code": "23932", "gp_name": "CHATOLA", "blkname": "RAMGARH", "dtname": "Nainital", "SHAPE_Area": 1919962.0381623651 }, "geometry": { "type": "Polygon", "coordinates": [ [ [ 79.6468029, 29.4999397 ], [ 79.6430513, 29.4969256 ], [ 79.6386389, 29.4945047 ], [ 79.6380323, 29.4936062 ], [ 79.6396178, 29.4933096 ], [ 79.6397191, 29.4929658 ], [ 79.6389686, 29.4911967 ], [ 79.6375209, 29.4896362 ], [ 79.6366661, 29.4899285 ], [ 79.6343657, 29.4917547 ], [ 79.631157, 29.4895483 ], [ 79.6296915, 29.4897203 ], [ 79.6290576, 29.4902653 ], [ 79.6295982, 29.4925398 ], [ 79.6294266, 29.493214 ], [ 79.6252683, 29.4965098 ], [ 79.6274544, 29.4987646 ], [ 79.6296912, 29.5000006 ], [ 79.6355009, 29.5019135 ], [ 79.6388961, 29.4998916 ], [ 79.6428845, 29.4992455 ], [ 79.6468029, 29.4999397 ] ] ] } },
{ "type": "Feature", "properties": { "gp_code": "23925", "gp_name": "BARET", "blkname": "RAMGARH", "dtname": "Nainital", "SHAPE_Area": 2574211.5904684472 }, "geometry": { "type": "Polygon", "coordinates": [ [ [ 79.6124314, 29.493545 ], [ 79.6152924, 29.493444 ], [ 79.6163048, 29.4928441 ], [ 79.620273, 29.4921807 ], [ 79.6208976, 29.491049 ], [ 79.6219784, 29.4905928 ], [ 79.6238735, 29.4904892 ], [ 79.6257781, 29.4911346 ], [ 79.6277563, 29.4900882 ], [ 79.6288041, 29.4899543 ], [ 79.6287535, 29.4881755 ], [ 79.6298501, 29.4856968 ], [ 79.6314413, 29.4847021 ], [ 79.6331289, 29.4830751 ], [ 79.6338582, 29.4813693 ], [ 79.6286478, 29.4810412 ], [ 79.6277741, 29.4811471 ], [ 79.6260696, 29.4820808 ], [ 79.6247443, 29.4818079 ], [ 79.623844, 29.4812472 ], [ 79.6228416, 29.4812772 ], [ 79.6205014, 29.482621 ], [ 79.6195763, 29.4825918 ], [ 79.6190303, 29.482125 ], [ 79.6145276, 29.4821818 ], [ 79.6137099, 29.4823012 ], [ 79.6125204, 29.4830135 ], [ 79.6122164, 29.4834199 ], [ 79.611893, 29.4857524 ], [ 79.6121513, 29.4869943 ], [ 79.6120142, 29.4887718 ], [ 79.6124048, 29.4921891 ], [ 79.6129569, 29.4931618 ], [ 79.6124314, 29.493545 ] ] ] } },
{ "type": "Feature", "properties": { "gp_code": "23971", "gp_name": "SIMAYAL RAIKWAL", "blkname": "RAMGARH", "dtname": "Nainital", "SHAPE_Area": 3224593.793368916 }, "geometry": { "type": "Polygon", "coordinates": [ [ [ 79.6122164, 29.4834199 ], [ 79.6137099, 29.4823012 ], [ 79.6145276, 29.4821818 ], [ 79.6190303, 29.482125 ], [ 79.6195763, 29.4825918 ], [ 79.6205014, 29.482621 ], [ 79.6228416, 29.4812772 ], [ 79.623844, 29.4812472 ], [ 79.6247443, 29.4818079 ], [ 79.6260696, 29.4820808 ], [ 79.6277741, 29.4811471 ], [ 79.6286478, 29.4810412 ], [ 79.6338582, 29.4813693 ], [ 79.6356707, 29.4799947 ], [ 79.6394061, 29.4760365 ], [ 79.6443491, 29.4729578 ], [ 79.6445076, 29.4725026 ], [ 79.6432289, 29.4721356 ], [ 79.6411291, 29.4731428 ], [ 79.6367385, 29.4744889 ], [ 79.6354922, 29.4736091 ], [ 79.6353549, 29.4731096 ], [ 79.6357579, 29.4724089 ], [ 79.6356064, 29.4716591 ], [ 79.6353512, 29.4716987 ], [ 79.6337022, 29.4741043 ], [ 79.6312306, 29.4756097 ], [ 79.6277917, 29.4755303 ], [ 79.6271596, 29.4757757 ], [ 79.6250486, 29.4752784 ], [ 79.6233102, 29.4739994 ], [ 79.6234776, 29.472932 ], [ 79.6228981, 29.4726222 ], [ 79.618584, 29.4741029 ], [ 79.6140637, 29.4745663 ], [ 79.6138527, 29.4754553 ], [ 79.6101979, 29.4759012 ], [ 79.6080624, 29.4756311 ], [ 79.6069824, 29.4758511 ], [ 79.6066179, 29.4765046 ], [ 79.6070681, 29.477983 ], [ 79.606874, 29.4783806 ], [ 79.6090486, 29.4831147 ], [ 79.6122164, 29.4834199 ] ] ] } },
{ "type": "Feature", "properties": { "gp_code": "23976", "gp_name": "SURAYALGAON", "blkname": "RAMGARH", "dtname": "Nainital", "SHAPE_Area": 682372.95221654733 }, "geometry": { "type": "Polygon", "coordinates": [ [ [ 79.6090486, 29.4831147 ], [ 79.606874, 29.4783806 ], [ 79.6048786, 29.4764816 ], [ 79.6043229, 29.4766961 ], [ 79.6041314, 29.4777563 ], [ 79.6035855, 29.4782728 ], [ 79.6018442, 29.4779244 ], [ 79.6012033, 29.4782062 ], [ 79.6029814, 29.4815026 ], [ 79.6016663, 29.4852568 ], [ 79.6017643, 29.4859518 ], [ 79.6036996, 29.4859296 ], [ 79.6061665, 29.4864101 ], [ 79.6082381, 29.4872289 ], [ 79.608408, 29.4869616 ], [ 79.607129, 29.4854981 ], [ 79.6072566, 29.4841492 ], [ 79.6078763, 29.4832468 ], [ 79.6090486, 29.4831147 ] ] ] } },
{ "type": "Feature", "properties": { "gp_code": "", "gp_name": "", "blkname": "RAMGARH", "dtname": "Nainital", "SHAPE_Area": 71221.590856362804 }, "geometry": { "type": "Polygon", "coordinates": [ [ [ 79.6036996, 29.4859296 ], [ 79.601221, 29.4861109 ], [ 79.6007711, 29.4869598 ], [ 79.6010708, 29.4882166 ], [ 79.6018184, 29.4883197 ], [ 79.6033967, 29.4873424 ], [ 79.6036996, 29.4859296 ] ] ] } },
{ "type": "Feature", "properties": { "gp_code": "23928", "gp_name": "BHIYAL GAON", "blkname": "RAMGARH", "dtname": "Nainital", "SHAPE_Area": 1178522.2156252239 }, "geometry": { "type": "Polygon", "coordinates": [ [ [ 79.6102649, 29.49201 ], [ 79.6104206, 29.4915314 ], [ 79.6124314, 29.493545 ], [ 79.6129569, 29.4931618 ], [ 79.6124048, 29.4921891 ], [ 79.6120142, 29.4887718 ], [ 79.6121513, 29.4869943 ], [ 79.611893, 29.4857524 ], [ 79.6122164, 29.4834199 ], [ 79.6078763, 29.4832468 ], [ 79.6072566, 29.4841492 ], [ 79.607129, 29.4854981 ], [ 79.608408, 29.4869616 ], [ 79.6082381, 29.4872289 ], [ 79.6061665, 29.4864101 ], [ 79.6036996, 29.4859296 ], [ 79.6033967, 29.4873424 ], [ 79.6018184, 29.4883197 ], [ 79.6035733, 29.4892684 ], [ 79.6062103, 29.4940711 ], [ 79.6084742, 29.4951415 ], [ 79.6105982, 29.4975692 ], [ 79.6108983, 29.4966663 ], [ 79.6123689, 29.4948937 ], [ 79.6106465, 29.4932521 ], [ 79.6102649, 29.49201 ] ] ] } },
{ "type": "Feature", "properties": { "gp_code": "", "gp_name": "", "blkname": "RAMGARH", "dtname": "Nainital", "SHAPE_Area": 61663.581688475562 }, "geometry": { "type": "Polygon", "coordinates": [ [ [ 79.6134179, 29.4936824 ], [ 79.6124314, 29.493545 ], [ 79.6104206, 29.4915314 ], [ 79.6102649, 29.49201 ], [ 79.6106465, 29.4932521 ], [ 79.6123689, 29.4948937 ], [ 79.6137497, 29.4946886 ], [ 79.6138982, 29.4940977 ], [ 79.6134179, 29.4936824 ] ] ] } },
{ "type": "Feature", "properties": { "gp_code": "259956", "gp_name": "Satauli", "blkname": "RAMGARH", "dtname": "Nainital", "SHAPE_Area": 346316.28958743927 }, "geometry": { "type": "Polygon", "coordinates": [ [ [ 79.6156034, 29.4955761 ], [ 79.6152924, 29.493444 ], [ 79.6134179, 29.4936824 ], [ 79.6138982, 29.4940977 ], [ 79.6137497, 29.4946886 ], [ 79.6123689, 29.4948937 ], [ 79.6108983, 29.4966663 ], [ 79.6105982, 29.4975692 ], [ 79.610984, 29.4989381 ], [ 79.6124731, 29.5015314 ], [ 79.6131204, 29.5012637 ], [ 79.6141336, 29.4999758 ], [ 79.6156034, 29.4955761 ] ] ] } },
{ "type": "Feature", "properties": { "gp_code": "23980", "gp_name": "UMA GARH", "blkname": "RAMGARH", "dtname": "Nainital", "SHAPE_Area": 129952.59319800665 }, "geometry": { "type": "Polygon", "coordinates": [ [ [ 79.6084742, 29.4951415 ], [ 79.6062103, 29.4940711 ], [ 79.606017, 29.494733 ], [ 79.606719, 29.496548 ], [ 79.6076717, 29.4976566 ], [ 79.6090127, 29.497842 ], [ 79.6105982, 29.4975692 ], [ 79.6084742, 29.4951415 ] ] ] } },
{ "type": "Feature", "properties": { "gp_code": "23953", "gp_name": "KILLOR", "blkname": "RAMGARH", "dtname": "Nainital", "SHAPE_Area": 2234858.2305963645 }, "geometry": { "type": "Polygon", "coordinates": [ [ [ 79.5904981, 29.5022289 ], [ 79.5938856, 29.5012631 ], [ 79.5965764, 29.4974403 ], [ 79.5977662, 29.4967282 ], [ 79.6000931, 29.496587 ], [ 79.6049182, 29.4978792 ], [ 79.6066317, 29.4980134 ], [ 79.6076717, 29.4976566 ], [ 79.606719, 29.496548 ], [ 79.606017, 29.494733 ], [ 79.6062103, 29.4940711 ], [ 79.6035733, 29.4892684 ], [ 79.6014606, 29.4881896 ], [ 79.5997867, 29.4890018 ], [ 79.5991774, 29.4895409 ], [ 79.5994217, 29.490324 ], [ 79.5986777, 29.4921373 ], [ 79.5975649, 29.4922588 ], [ 79.5974907, 29.4937258 ], [ 79.596604, 29.4937168 ], [ 79.5959382, 29.4945112 ], [ 79.5953365, 29.4945973 ], [ 79.5948438, 29.4943532 ], [ 79.5917496, 29.4903722 ], [ 79.5911718, 29.4902223 ], [ 79.5902289, 29.4909013 ], [ 79.5892877, 29.4910642 ], [ 79.5884897, 29.4921954 ], [ 79.5886241, 29.4935044 ], [ 79.5874647, 29.494348 ], [ 79.5863029, 29.4965401 ], [ 79.5856043, 29.4982699 ], [ 79.5854503, 29.4999145 ], [ 79.587131, 29.5029813 ], [ 79.5896153, 29.5027493 ], [ 79.5904981, 29.5022289 ] ] ] } },
{ "type": "Feature", "properties": { "gp_code": "23939", "gp_name": "DHAWETI", "blkname": "RAMGARH", "dtname": "Nainital", "SHAPE_Area": 1849638.1508327825 }, "geometry": { "type": "Polygon", "coordinates": [ [ [ 79.5908707, 29.490343 ], [ 79.5917496, 29.4903722 ], [ 79.5926168, 29.4912302 ], [ 79.5948438, 29.4943532 ], [ 79.5959382, 29.4945112 ], [ 79.596604, 29.4937168 ], [ 79.5974907, 29.4937258 ], [ 79.5975649, 29.4922588 ], [ 79.5986777, 29.4921373 ], [ 79.5992181, 29.4912544 ], [ 79.5994217, 29.490324 ], [ 79.5991774, 29.4895409 ], [ 79.6010708, 29.4882166 ], [ 79.6010458, 29.4878239 ], [ 79.6007711, 29.4869598 ], [ 79.594745, 29.4845514 ], [ 79.5899066, 29.4857737 ], [ 79.5881664, 29.4851217 ], [ 79.5867006, 29.4853877 ], [ 79.584041, 29.4871693 ], [ 79.581189, 29.4878695 ], [ 79.5823547, 29.4914208 ], [ 79.5837951, 29.4941632 ], [ 79.5852097, 29.495381 ], [ 79.5871304, 29.4951769 ], [ 79.5874647, 29.494348 ], [ 79.5886241, 29.4935044 ], [ 79.5884897, 29.4921954 ], [ 79.5892877, 29.4910642 ], [ 79.5902289, 29.4909013 ], [ 79.5908707, 29.490343 ] ] ] } },
{ "type": "Feature", "properties": { "gp_code": "23979", "gp_name": "TIKURI", "blkname": "RAMGARH", "dtname": "Nainital", "SHAPE_Area": 1089293.9882550854 }, "geometry": { "type": "Polygon", "coordinates": [ [ [ 79.587131, 29.5029813 ], [ 79.5854503, 29.4999145 ], [ 79.5856043, 29.4982699 ], [ 79.5871304, 29.4951769 ], [ 79.5859111, 29.4954706 ], [ 79.5759342, 29.4953935 ], [ 79.5779157, 29.5004951 ], [ 79.5797886, 29.5035292 ], [ 79.5815597, 29.5051707 ], [ 79.5834313, 29.5050248 ], [ 79.5854689, 29.5042979 ], [ 79.5868172, 29.5035548 ], [ 79.587131, 29.5029813 ] ] ] } },
{ "type": "Feature", "properties": { "gp_code": "23978", "gp_name": "SUYALGARH", "blkname": "RAMGARH", "dtname": "Nainital", "SHAPE_Area": 3290253.0163616226 }, "geometry": { "type": "Polygon", "coordinates": [ [ [ 79.5669289, 29.5025191 ], [ 79.5690754, 29.5027227 ], [ 79.5697264, 29.5023134 ], [ 79.5686582, 29.5011564 ], [ 79.569638, 29.4986591 ], [ 79.5716731, 29.4968091 ], [ 79.5731984, 29.4961388 ], [ 79.5759342, 29.4953935 ], [ 79.5852097, 29.495381 ], [ 79.5837951, 29.4941632 ], [ 79.5823547, 29.4914208 ], [ 79.581189, 29.4878695 ], [ 79.584041, 29.4871693 ], [ 79.5867006, 29.4853877 ], [ 79.5881664, 29.4851217 ], [ 79.5849708, 29.481294 ], [ 79.5847692, 29.4796488 ], [ 79.5843605, 29.4796545 ], [ 79.5822451, 29.4817572 ], [ 79.5778113, 29.4829699 ], [ 79.5743129, 29.4869003 ], [ 79.5739271, 29.4869667 ], [ 79.5737739, 29.4889023 ], [ 79.5725553, 29.4890138 ], [ 79.566907, 29.4924256 ], [ 79.5632004, 29.4896498 ], [ 79.5624671, 29.4898906 ], [ 79.5618778, 29.4929651 ], [ 79.5637241, 29.4974762 ], [ 79.5646693, 29.5033314 ], [ 79.5669289, 29.5025191 ] ] ] } },
{ "type": "Feature", "properties": { "gp_code": "23946", "gp_name": "HARINAGAR", "blkname": "RAMGARH", "dtname": "Nainital", "SHAPE_Area": 1841918.2045542838 }, "geometry": { "type": "Polygon", "coordinates": [ [ [ 79.6017643, 29.4859518 ], [ 79.6016663, 29.4852568 ], [ 79.6029814, 29.4815026 ], [ 79.6012033, 29.4782062 ], [ 79.6018442, 29.4779244 ], [ 79.6035855, 29.4782728 ], [ 79.6041314, 29.4777563 ], [ 79.6043229, 29.4766961 ], [ 79.6048786, 29.4764816 ], [ 79.6008341, 29.4708185 ], [ 79.5979828, 29.4704606 ], [ 79.5962146, 29.4689586 ], [ 79.5951214, 29.4684836 ], [ 79.5940317, 29.4683264 ], [ 79.5915438, 29.4686905 ], [ 79.5909097, 29.4690451 ], [ 79.5908633, 29.4693026 ], [ 79.5938191, 29.4706796 ], [ 79.5941723, 29.4711122 ], [ 79.5952584, 29.478468 ], [ 79.5943143, 29.4795449 ], [ 79.595527, 29.4835145 ], [ 79.5952857, 29.4842425 ], [ 79.594745, 29.4845514 ], [ 79.6007711, 29.4869598 ], [ 79.601221, 29.4861109 ], [ 79.6017643, 29.4859518 ] ] ] } },
{ "type": "Feature", "properties": { "gp_code": "23964", "gp_name": "NATHUWAKHAN", "blkname": "RAMGARH", "dtname": "Nainital", "SHAPE_Area": 4178372.8351000105 }, "geometry": { "type": "Polygon", "coordinates": [ [ [ 79.6158309, 29.4743729 ], [ 79.6141126, 29.4732051 ], [ 79.6098724, 29.4688221 ], [ 79.6110174, 29.4675566 ], [ 79.6127744, 29.4628791 ], [ 79.6115707, 29.463227 ], [ 79.6111416, 29.4624029 ], [ 79.610639, 29.4622354 ], [ 79.610385, 29.4627857 ], [ 79.6073045, 29.4642454 ], [ 79.6054418, 29.4609623 ], [ 79.6024372, 29.4604085 ], [ 79.60145, 29.4605409 ], [ 79.599996, 29.4620417 ], [ 79.599321, 29.462202 ], [ 79.5987033, 29.4613066 ], [ 79.5969416, 29.460216 ], [ 79.5953461, 29.4601783 ], [ 79.5919736, 29.458996 ], [ 79.5911596, 29.458063 ], [ 79.5908711, 29.4564986 ], [ 79.5881226, 29.4555067 ], [ 79.5874156, 29.4548302 ], [ 79.585983, 29.4552241 ], [ 79.5852439, 29.4565315 ], [ 79.5853323, 29.4577527 ], [ 79.5842872, 29.4590925 ], [ 79.5852413, 29.4596212 ], [ 79.5851571, 29.4622045 ], [ 79.5900153, 29.4646862 ], [ 79.5899896, 29.4654552 ], [ 79.5893161, 29.46629 ], [ 79.5891433, 29.4672745 ], [ 79.5909097, 29.4690451 ], [ 79.5915438, 29.4686905 ], [ 79.5940317, 29.4683264 ], [ 79.5951214, 29.4684836 ], [ 79.5962146, 29.4689586 ], [ 79.5979828, 29.4704606 ], [ 79.6008341, 29.4708185 ], [ 79.6035271, 29.4748592 ], [ 79.606874, 29.4783806 ], [ 79.6070681, 29.477983 ], [ 79.6066179, 29.4765046 ], [ 79.6073453, 29.4756833 ], [ 79.6119012, 29.4757955 ], [ 79.6138527, 29.4754553 ], [ 79.6140637, 29.4745663 ], [ 79.6158309, 29.4743729 ] ] ] } },
{ "type": "Feature", "properties": { "gp_code": "23941", "gp_name": "GALLA", "blkname": "RAMGARH", "dtname": "Nainital", "SHAPE_Area": 1177883.2182274789 }, "geometry": { "type": "Polygon", "coordinates": [ [ [ 79.6030536, 29.4605044 ], [ 79.6027442, 29.4598422 ], [ 79.6037501, 29.4524344 ], [ 79.6024842, 29.4523365 ], [ 79.6004482, 29.4533369 ], [ 79.5990788, 29.4525241 ], [ 79.5962506, 29.4523078 ], [ 79.5959533, 29.4534149 ], [ 79.5952728, 29.4540879 ], [ 79.5917991, 29.4556172 ], [ 79.5908711, 29.4564986 ], [ 79.5911596, 29.458063 ], [ 79.5919736, 29.458996 ], [ 79.5953461, 29.4601783 ], [ 79.5969416, 29.460216 ], [ 79.5987033, 29.4613066 ], [ 79.599321, 29.462202 ], [ 79.599996, 29.4620417 ], [ 79.60145, 29.4605409 ], [ 79.6030536, 29.4605044 ] ] ] } },
{ "type": "Feature", "properties": { "gp_code": "23968", "gp_name": "SATBUNGA", "blkname": "RAMGARH", "dtname": "Nainital", "SHAPE_Area": 6204195.0088570574 }, "geometry": { "type": "Polygon", "coordinates": [ [ [ 79.6096111, 29.4521502 ], [ 79.6102009, 29.4508834 ], [ 79.6102618, 29.4492517 ], [ 79.6098919, 29.4462007 ], [ 79.6098667, 29.4420044 ], [ 79.611686, 29.4394519 ], [ 79.613137, 29.4387807 ], [ 79.6134671, 29.4383498 ], [ 79.6134696, 29.4375637 ], [ 79.6127616, 29.4372112 ], [ 79.6118982, 29.4372901 ], [ 79.6106926, 29.4383193 ], [ 79.6093672, 29.4382351 ], [ 79.605408, 29.4347251 ], [ 79.6029247, 29.4332136 ], [ 79.6002839, 29.4312361 ], [ 79.5998505, 29.4305816 ], [ 79.5979724, 29.429421 ], [ 79.5952859, 29.4265493 ], [ 79.5924779, 29.4262408 ], [ 79.5898562, 29.4278713 ], [ 79.5879047, 29.4307134 ], [ 79.5879392, 29.4342216 ], [ 79.5889015, 29.4368687 ], [ 79.5888352, 29.4382583 ], [ 79.5859128, 29.4409763 ], [ 79.5853391, 29.4419463 ], [ 79.5857886, 29.4435261 ], [ 79.5855407, 29.4439703 ], [ 79.5893524, 29.4449789 ], [ 79.5903333, 29.4443541 ], [ 79.5912572, 29.4446465 ], [ 79.5955222, 29.4485499 ], [ 79.5965329, 29.4505965 ], [ 79.5966384, 29.4513388 ], [ 79.5962506, 29.4523078 ], [ 79.5985396, 29.4524013 ], [ 79.6000631, 29.4532213 ], [ 79.6008877, 29.4532774 ], [ 79.6024842, 29.4523365 ], [ 79.6037501, 29.4524344 ], [ 79.6038501, 29.4513081 ], [ 79.6041396, 29.4511637 ], [ 79.6050639, 29.4517142 ], [ 79.6061912, 29.4531791 ], [ 79.6073381, 29.4536743 ], [ 79.6083873, 29.4534341 ], [ 79.6096111, 29.4521502 ] ] ] } },
{ "type": "Feature", "properties": { "gp_code": "", "gp_name": "", "blkname": "RAMGARH", "dtname": "Nainital", "SHAPE_Area": 1285548.2098211194 }, "geometry": { "type": "Polygon", "coordinates": [ [ [ 79.5959533, 29.4534149 ], [ 79.5966384, 29.4513388 ], [ 79.5965329, 29.4505965 ], [ 79.5955222, 29.4485499 ], [ 79.5912572, 29.4446465 ], [ 79.5903333, 29.4443541 ], [ 79.5893524, 29.4449789 ], [ 79.5855407, 29.4439703 ], [ 79.5845228, 29.4440626 ], [ 79.5860096, 29.446576 ], [ 79.5878216, 29.4486787 ], [ 79.58781, 29.4498593 ], [ 79.5866828, 29.4526899 ], [ 79.5864688, 29.45445 ], [ 79.585983, 29.4552241 ], [ 79.5874156, 29.4548302 ], [ 79.5881226, 29.4555067 ], [ 79.5908711, 29.4564986 ], [ 79.5917991, 29.4556172 ], [ 79.5952728, 29.4540879 ], [ 79.5959533, 29.4534149 ] ] ] } },
{ "type": "Feature", "properties": { "gp_code": "23957", "gp_name": "LOSGHAYANI", "blkname": "RAMGARH", "dtname": "Nainital", "SHAPE_Area": 3069120.9674518271 }, "geometry": { "type": "Polygon", "coordinates": [ [ [ 79.5689007, 29.4680378 ], [ 79.570296, 29.4680349 ], [ 79.5718975, 29.468626 ], [ 79.5763222, 29.4685114 ], [ 79.5792617, 29.4701543 ], [ 79.5804804, 29.4700855 ], [ 79.5813857, 29.4694422 ], [ 79.5837553, 29.4705257 ], [ 79.5863543, 29.4702086 ], [ 79.5867486, 29.4698858 ], [ 79.5869752, 29.4689959 ], [ 79.5896595, 29.4696774 ], [ 79.5909178, 29.4691813 ], [ 79.5891433, 29.4672745 ], [ 79.5893161, 29.46629 ], [ 79.5899896, 29.4654552 ], [ 79.5900153, 29.4646862 ], [ 79.5851571, 29.4622045 ], [ 79.5852413, 29.4596212 ], [ 79.5842872, 29.4590925 ], [ 79.5853323, 29.4577527 ], [ 79.5852073, 29.4571795 ], [ 79.579392, 29.4591877 ], [ 79.5769543, 29.4597211 ], [ 79.5742796, 29.4596465 ], [ 79.5728573, 29.4589386 ], [ 79.5713001, 29.45862 ], [ 79.5705437, 29.4588743 ], [ 79.5696306, 29.4620898 ], [ 79.5668891, 29.4656848 ], [ 79.5648974, 29.4665025 ], [ 79.5626556, 29.4682504 ], [ 79.5619744, 29.4690445 ], [ 79.5616232, 29.4702241 ], [ 79.561961, 29.4706164 ], [ 79.5635747, 29.4707216 ], [ 79.5642203, 29.4705011 ], [ 79.5660451, 29.4689274 ], [ 79.5689007, 29.4680378 ] ] ] } },
{ "type": "Feature", "properties": { "gp_code": "23963", "gp_name": "NAIKANA", "blkname": "RAMGARH", "dtname": "Nainital", "SHAPE_Area": 4918232.6696603689 }, "geometry": { "type": "Polygon", "coordinates": [ [ [ 79.5852073, 29.4571795 ], [ 79.5852439, 29.4565315 ], [ 79.5864688, 29.45445 ], [ 79.5866828, 29.4526899 ], [ 79.5879039, 29.4494211 ], [ 79.5875306, 29.4481181 ], [ 79.5860096, 29.446576 ], [ 79.5845228, 29.4440626 ], [ 79.5800591, 29.4443545 ], [ 79.5752798, 29.4467842 ], [ 79.5718984, 29.4473558 ], [ 79.5706193, 29.4482291 ], [ 79.5692806, 29.4486336 ], [ 79.5645509, 29.4467218 ], [ 79.561797, 29.4451964 ], [ 79.560479, 29.4451862 ], [ 79.5590821, 29.4456748 ], [ 79.5585546, 29.4466178 ], [ 79.5576425, 29.4473776 ], [ 79.5551228, 29.4471346 ], [ 79.5550579, 29.4480384 ], [ 79.5522303, 29.4498386 ], [ 79.5548748, 29.4518023 ], [ 79.559724, 29.4537181 ], [ 79.5608597, 29.4551783 ], [ 79.5623687, 29.4556951 ], [ 79.5642952, 29.4557619 ], [ 79.5677849, 29.4564518 ], [ 79.5686922, 29.4570952 ], [ 79.5700889, 29.4588597 ], [ 79.5713001, 29.45862 ], [ 79.5728573, 29.4589386 ], [ 79.5742796, 29.4596465 ], [ 79.5769543, 29.4597211 ], [ 79.579392, 29.4591877 ], [ 79.5852073, 29.4571795 ] ] ] } },
{ "type": "Feature", "properties": { "gp_code": "23947", "gp_name": "HARTOLA", "blkname": "BETALGHAT", "dtname": "Nainital", "SHAPE_Area": 2238962.0916972831 }, "geometry": { "type": "Polygon", "coordinates": [ [ [ 79.5442495, 29.4679295 ], [ 79.5444634, 29.4700164 ], [ 79.5450455, 29.4710434 ], [ 79.5471979, 29.4727224 ], [ 79.5473572, 29.4755292 ], [ 79.5461904, 29.4783727 ], [ 79.5491837, 29.4799394 ], [ 79.5494671, 29.4825644 ], [ 79.5501199, 29.4832745 ], [ 79.5524869, 29.4821848 ], [ 79.5542414, 29.4841933 ], [ 79.5555088, 29.4833602 ], [ 79.5564021, 29.4815144 ], [ 79.5578565, 29.4801489 ], [ 79.558187, 29.4793403 ], [ 79.5562802, 29.4736079 ], [ 79.5564994, 29.4705458 ], [ 79.5549692, 29.4689107 ], [ 79.548282, 29.4656271 ], [ 79.5474876, 29.4657327 ], [ 79.5442495, 29.4679295 ] ] ] } },
{ "type": "Feature", "properties": { "gp_code": "23611", "gp_name": "HAROLI", "blkname": "BETALGHAT", "dtname": "Nainital", "SHAPE_Area": 650878.34052687255 }, "geometry": { "type": "Polygon", "coordinates": [ [ [ 79.5643111, 29.5022817 ], [ 79.5637241, 29.4974762 ], [ 79.5620708, 29.4933461 ], [ 79.5583308, 29.4941157 ], [ 79.5585988, 29.4946291 ], [ 79.5582895, 29.4948576 ], [ 79.5572145, 29.494296 ], [ 79.5562351, 29.495349 ], [ 79.5555522, 29.4971069 ], [ 79.555605, 29.4976909 ], [ 79.5573468, 29.4989355 ], [ 79.5582885, 29.5002195 ], [ 79.5610685, 29.5003873 ], [ 79.5618997, 29.5009445 ], [ 79.5628236, 29.5008177 ], [ 79.5643111, 29.5022817 ] ] ] } },
{ "type": "Feature", "properties": { "gp_code": "", "gp_name": "", "blkname": "BETALGHAT", "dtname": "Nainital", "SHAPE_Area": 545264.80750413972 }, "geometry": { "type": "Polygon", "coordinates": [ [ [ 79.5380047, 29.4763038 ], [ 79.5369401, 29.4764829 ], [ 79.5364557, 29.4769699 ], [ 79.5344056, 29.4800374 ], [ 79.5340391, 29.4816821 ], [ 79.5343999, 29.4835789 ], [ 79.5356301, 29.4844931 ], [ 79.5365094, 29.4844215 ], [ 79.5384383, 29.4819446 ], [ 79.5405323, 29.4823169 ], [ 79.5416769, 29.4821582 ], [ 79.5415899, 29.480375 ], [ 79.5405625, 29.4788475 ], [ 79.5380047, 29.4763038 ] ] ] } },
{ "type": "Feature", "properties": { "gp_code": "23651", "gp_name": "ULGOR", "blkname": "BETALGHAT", "dtname": "Nainital", "SHAPE_Area": 1509980.7538144432 }, "geometry": { "type": "Polygon", "coordinates": [ [ [ 79.5254368, 29.4786418 ], [ 79.5310958, 29.4786246 ], [ 79.5346262, 29.476719 ], [ 79.5386149, 29.4760019 ], [ 79.5393582, 29.4751271 ], [ 79.5405878, 29.4720342 ], [ 79.5405325, 29.4703138 ], [ 79.5399777, 29.4702414 ], [ 79.5379929, 29.4732715 ], [ 79.5337762, 29.4739425 ], [ 79.5323019, 29.473653 ], [ 79.5293322, 29.4720321 ], [ 79.5253829, 29.468607 ], [ 79.5242129, 29.4679357 ], [ 79.5234736, 29.4679335 ], [ 79.5240707, 29.4711941 ], [ 79.5240969, 29.4742092 ], [ 79.5230742, 29.4748028 ], [ 79.522795, 29.475939 ], [ 79.5206177, 29.476796 ], [ 79.5199955, 29.4781838 ], [ 79.5196963, 29.4799428 ], [ 79.5212608, 29.4799281 ], [ 79.5254368, 29.4786418 ] ] ] } },
{ "type": "Feature", "properties": { "gp_code": "260016", "gp_name": "THUWAA BLOCK", "blkname": "BETALGHAT", "dtname": "Nainital", "SHAPE_Area": 1949696.9832499251 }, "geometry": { "type": "Polygon", "coordinates": [ [ [ 79.5193602, 29.4809478 ], [ 79.5199955, 29.4781838 ], [ 79.5206177, 29.476796 ], [ 79.522795, 29.475939 ], [ 79.5230742, 29.4748028 ], [ 79.5240969, 29.4742092 ], [ 79.5240707, 29.4711941 ], [ 79.5234736, 29.4679335 ], [ 79.5214299, 29.4681299 ], [ 79.5143202, 29.4721075 ], [ 79.5103139, 29.4757937 ], [ 79.5091353, 29.4774833 ], [ 79.5092067, 29.480029 ], [ 79.51016, 29.4815474 ], [ 79.5129744, 29.481475 ], [ 79.5159809, 29.4835145 ], [ 79.5182092, 29.4835212 ], [ 79.5188622, 29.481383 ], [ 79.5193602, 29.4809478 ] ] ] } },
{ "type": "Feature", "properties": { "gp_code": "23651", "gp_name": "ULGOR", "blkname": "BETALGHAT", "dtname": "Nainital", "SHAPE_Area": 1378438.6179254944 }, "geometry": { "type": "Polygon", "coordinates": [ [ [ 79.5217432, 29.4986718 ], [ 79.5275157, 29.4954584 ], [ 79.5262255, 29.4940785 ], [ 79.52671, 29.4924205 ], [ 79.5253667, 29.4908515 ], [ 79.5244428, 29.4904845 ], [ 79.5188923, 29.4922017 ], [ 79.5158129, 29.4909783 ], [ 79.5149793, 29.4911781 ], [ 79.5138191, 29.492119 ], [ 79.5132984, 29.4931664 ], [ 79.5132928, 29.4945829 ], [ 79.5126344, 29.4972793 ], [ 79.5130413, 29.4977325 ], [ 79.5136991, 29.4971341 ], [ 79.514185, 29.4971153 ], [ 79.513601, 29.4985234 ], [ 79.5136906, 29.4992791 ], [ 79.5142145, 29.4994021 ], [ 79.5150972, 29.4984604 ], [ 79.5159544, 29.4981393 ], [ 79.5170582, 29.4998189 ], [ 79.5184205, 29.5004705 ], [ 79.5195164, 29.5002377 ], [ 79.5217432, 29.4986718 ] ] ] } },
{ "type": "Feature", "properties": { "gp_code": "23622", "gp_name": "LOHALI", "blkname": "BETALGHAT", "dtname": "Nainital", "SHAPE_Area": 2515327.2945135925 }, "geometry": { "type": "Polygon", "coordinates": [ [ [ 79.5134898, 29.5005334 ], [ 79.5173016, 29.4999704 ], [ 79.5159544, 29.4981393 ], [ 79.5150972, 29.4984604 ], [ 79.5142145, 29.4994021 ], [ 79.5136906, 29.4992791 ], [ 79.513601, 29.4985234 ], [ 79.514185, 29.4971153 ], [ 79.5136991, 29.4971341 ], [ 79.5130413, 29.4977325 ], [ 79.5126951, 29.4975493 ], [ 79.513416, 29.4926709 ], [ 79.5149793, 29.4911781 ], [ 79.5158129, 29.4909783 ], [ 79.5178524, 29.4919355 ], [ 79.5174812, 29.4898077 ], [ 79.5203042, 29.4880135 ], [ 79.5229111, 29.4858153 ], [ 79.5231246, 29.4850352 ], [ 79.5228914, 29.4843023 ], [ 79.5220029, 29.4834111 ], [ 79.5224034, 29.4795267 ], [ 79.5212608, 29.4799281 ], [ 79.5196963, 29.4799428 ], [ 79.5193602, 29.4809478 ], [ 79.5188622, 29.481383 ], [ 79.5181905, 29.4843441 ], [ 79.5175172, 29.4859746 ], [ 79.5170181, 29.4864386 ], [ 79.5163549, 29.4864535 ], [ 79.5147169, 29.4853827 ], [ 79.5139518, 29.4858256 ], [ 79.5137419, 29.48824 ], [ 79.5135178, 29.4883473 ], [ 79.5115012, 29.4874574 ], [ 79.509002, 29.4877399 ], [ 79.5088142, 29.4884206 ], [ 79.5097391, 29.4904573 ], [ 79.5085183, 29.4910877 ], [ 79.506853, 29.4910556 ], [ 79.5064353, 29.4913647 ], [ 79.5049711, 29.4950433 ], [ 79.5023963, 29.4972649 ], [ 79.5038396, 29.498821 ], [ 79.5041107, 29.4995295 ], [ 79.5040234, 29.5012093 ], [ 79.5043528, 29.5017122 ], [ 79.5061173, 29.502999 ], [ 79.5087912, 29.5039696 ], [ 79.511247, 29.5015588 ], [ 79.5134898, 29.5005334 ] ] ] } },
{ "type": "Feature", "properties": { "gp_code": "23593", "gp_name": "CHADA KHERNA", "blkname": "BETALGHAT", "dtname": "Nainital", "SHAPE_Area": 1302471.7707124196 }, "geometry": { "type": "Polygon", "coordinates": [ [ [ 79.496462, 29.5022779 ], [ 79.498543, 29.4984543 ], [ 79.4967235, 29.497541 ], [ 79.496771, 29.4967291 ], [ 79.4962445, 29.4957605 ], [ 79.4950984, 29.4949448 ], [ 79.4942141, 29.4949806 ], [ 79.4919477, 29.4978355 ], [ 79.489776, 29.4991436 ], [ 79.4869994, 29.497085 ], [ 79.4805964, 29.4953628 ], [ 79.4793174, 29.4946238 ], [ 79.4790121, 29.4936173 ], [ 79.4797351, 29.4899067 ], [ 79.4791717, 29.4872363 ], [ 79.4792214, 29.4859602 ], [ 79.4789165, 29.4848763 ], [ 79.4779457, 29.4844864 ], [ 79.477148, 29.4849479 ], [ 79.4775784, 29.4876953 ], [ 79.4779893, 29.4950449 ], [ 79.4773675, 29.4957391 ], [ 79.477051, 29.4974011 ], [ 79.4789008, 29.4990701 ], [ 79.4792063, 29.4999993 ], [ 79.4802111, 29.5006443 ], [ 79.4809269, 29.4992906 ], [ 79.4807526, 29.4976161 ], [ 79.4819061, 29.4966529 ], [ 79.4853706, 29.4980563 ], [ 79.4868036, 29.4989892 ], [ 79.4876551, 29.4999688 ], [ 79.4917584, 29.502454 ], [ 79.4942009, 29.5028817 ], [ 79.4954452, 29.502771 ], [ 79.496462, 29.5022779 ] ] ] } },
{ "type": "Feature", "properties": { "gp_code": "", "gp_name": "", "blkname": "BETALGHAT", "dtname": "Nainital", "SHAPE_Area": 135687626.1606952 }, "geometry": { "type": "Polygon", "coordinates": [ [ [ 79.5538305, 29.5292971 ], [ 79.5554922, 29.5290661 ], [ 79.5567953, 29.5295973 ], [ 79.5583854, 29.5291099 ], [ 79.5604653, 29.5293345 ], [ 79.5611616, 29.5280449 ], [ 79.5641797, 29.5269062 ], [ 79.5645325, 29.5258067 ], [ 79.565272, 29.525317 ], [ 79.5655226, 29.5243306 ], [ 79.5640045, 29.5219146 ], [ 79.5621388, 29.5203447 ], [ 79.5601885, 29.5195991 ], [ 79.5539592, 29.5182828 ], [ 79.5536332, 29.5165598 ], [ 79.554263, 29.5148673 ], [ 79.5559799, 29.5121732 ], [ 79.5571985, 29.5110567 ], [ 79.5537879, 29.510114 ], [ 79.5530347, 29.5095951 ], [ 79.548688, 29.5037975 ], [ 79.5489107, 29.5030011 ], [ 79.5487922, 29.4999628 ], [ 79.5492562, 29.4984137 ], [ 79.5506469, 29.497029 ], [ 79.553407, 29.4954782 ], [ 79.5569505, 29.4946472 ], [ 79.5572145, 29.494296 ], [ 79.5582895, 29.4948576 ], [ 79.5585988, 29.4946291 ], [ 79.5583308, 29.4941157 ], [ 79.5620708, 29.4933461 ], [ 79.5620533, 29.4913466 ], [ 79.5626914, 29.4897024 ], [ 79.5632004, 29.4896498 ], [ 79.566907, 29.4924256 ], [ 79.5725553, 29.4890138 ], [ 79.5735961, 29.4890368 ], [ 79.5738807, 29.4885722 ], [ 79.5739271, 29.4869667 ], [ 79.5743129, 29.4869003 ], [ 79.5778113, 29.4829699 ], [ 79.5822451, 29.4817572 ], [ 79.5843605, 29.4796545 ], [ 79.5849457, 29.4798854 ], [ 79.5849708, 29.481294 ], [ 79.5857694, 29.4825521 ], [ 79.5881664, 29.4851217 ], [ 79.5890132, 29.4854948 ], [ 79.5903077, 29.4857208 ], [ 79.5934018, 29.4850135 ], [ 79.5952857, 29.4842425 ], [ 79.595527, 29.4835145 ], [ 79.5943143, 29.4795449 ], [ 79.5952584, 29.478468 ], [ 79.5944155, 29.4721787 ], [ 79.5938191, 29.4706796 ], [ 79.5908633, 29.4693026 ], [ 79.5896595, 29.4696774 ], [ 79.5869752, 29.4689959 ], [ 79.5867486, 29.4698858 ], [ 79.5863543, 29.4702086 ], [ 79.5837553, 29.4705257 ], [ 79.5813857, 29.4694422 ], [ 79.5804804, 29.4700855 ], [ 79.5792617, 29.4701543 ], [ 79.5763222, 29.4685114 ], [ 79.5718975, 29.468626 ], [ 79.5697874, 29.467966 ], [ 79.5660451, 29.4689274 ], [ 79.5642203, 29.4705011 ], [ 79.5635747, 29.4707216 ], [ 79.5617457, 29.4704876 ], [ 79.561679, 29.4697318 ], [ 79.5626556, 29.4682504 ], [ 79.5648974, 29.4665025 ], [ 79.5668891, 29.4656848 ], [ 79.5696306, 29.4620898 ], [ 79.5705437, 29.4588743 ], [ 79.5696582, 29.4586088 ], [ 79.5686922, 29.4570952 ], [ 79.5677849, 29.4564518 ], [ 79.5618756, 29.4555994 ], [ 79.5601756, 29.4546165 ], [ 79.559724, 29.4537181 ], [ 79.5562136, 29.4524671 ], [ 79.5524449, 29.45019 ], [ 79.552293, 29.4495824 ], [ 79.5550579, 29.4480384 ], [ 79.5551228, 29.4471346 ], [ 79.5520426, 29.4452776 ], [ 79.5497011, 29.4448258 ], [ 79.5461237, 29.445153 ], [ 79.5446108, 29.4457425 ], [ 79.5417728, 29.4461797 ], [ 79.5410069, 29.4467951 ], [ 79.539836, 29.4488052 ], [ 79.5395385, 29.4500456 ], [ 79.5369936, 29.4503891 ], [ 79.5360513, 29.4508991 ], [ 79.5352119, 29.451983 ], [ 79.5328739, 29.4524017 ], [ 79.5318495, 29.4531807 ], [ 79.5317931, 29.4538147 ], [ 79.533164, 29.4551544 ], [ 79.5334144, 29.4562076 ], [ 79.5344668, 29.4571618 ], [ 79.5363285, 29.4581521 ], [ 79.5371711, 29.4595983 ], [ 79.5367159, 29.4617624 ], [ 79.5357444, 29.4617933 ], [ 79.5335885, 29.4611327 ], [ 79.532324, 29.4612236 ], [ 79.5325699, 29.4654743 ], [ 79.5323975, 29.466236 ], [ 79.5319798, 29.4665857 ], [ 79.5306066, 29.4668515 ], [ 79.5282026, 29.4655357 ], [ 79.5260635, 29.4665077 ], [ 79.5253545, 29.4664583 ], [ 79.5256287, 29.4653191 ], [ 79.5269612, 29.4635825 ], [ 79.5267617, 29.4613355 ], [ 79.5259192, 29.4599366 ], [ 79.5211908, 29.4606003 ], [ 79.5176988, 29.4595872 ], [ 79.5164777, 29.4595577 ], [ 79.5137897, 29.4609258 ], [ 79.5108486, 29.4639256 ], [ 79.5105452, 29.4645993 ], [ 79.5126765, 29.4675876 ], [ 79.5128671, 29.4681413 ], [ 79.5126334, 29.4687343 ], [ 79.5099858, 29.4702141 ], [ 79.5083399, 29.4705696 ], [ 79.5073197, 29.4712006 ], [ 79.506285, 29.4725188 ], [ 79.5049241, 29.4726369 ], [ 79.5024758, 29.4736474 ], [ 79.5018446, 29.4735044 ], [ 79.502435, 29.4685547 ], [ 79.5015227, 29.4673106 ], [ 79.5009995, 29.4651637 ], [ 79.4991729, 29.463141 ], [ 79.4987145, 29.4616432 ], [ 79.4996232, 29.4614825 ], [ 79.5002239, 29.4625618 ], [ 79.5009157, 29.4630047 ], [ 79.5014791, 29.4628244 ], [ 79.5017546, 29.4621657 ], [ 79.5020601, 29.4621245 ], [ 79.5046895, 29.462878 ], [ 79.5050762, 29.4625689 ], [ 79.5049027, 29.461624 ], [ 79.5053127, 29.4612879 ], [ 79.5088202, 29.4602901 ], [ 79.5111995, 29.4590155 ], [ 79.5135594, 29.4587394 ], [ 79.5153039, 29.4581105 ], [ 79.51563, 29.4522001 ], [ 79.5166492, 29.4512064 ], [ 79.51827, 29.4506513 ], [ 79.5195642, 29.4508576 ], [ 79.5197614, 29.4516677 ], [ 79.5178597, 29.4530787 ], [ 79.5173947, 29.4547066 ], [ 79.5191675, 29.4557171 ], [ 79.5207647, 29.4572802 ], [ 79.521828, 29.4574115 ], [ 79.5222322, 29.4565492 ], [ 79.5213691, 29.4545026 ], [ 79.521177, 29.45235 ], [ 79.5214608, 29.4517723 ], [ 79.5219197, 29.4516573 ], [ 79.5218939, 29.4503552 ], [ 79.5235243, 29.4473108 ], [ 79.5249308, 29.4463434 ], [ 79.5275172, 29.4452244 ], [ 79.5303252, 29.4445714 ], [ 79.5316004, 29.4447 ], [ 79.5337382, 29.4439641 ], [ 79.535206, 29.4430508 ], [ 79.5365396, 29.4409498 ], [ 79.5407986, 29.4376832 ], [ 79.5415818, 29.4363632 ], [ 79.5414188, 29.4346087 ], [ 79.5417067, 29.4338606 ], [ 79.5449629, 29.4328376 ], [ 79.5457516, 29.4321112 ], [ 79.5458413, 29.4309146 ], [ 79.5443529, 29.4278975 ], [ 79.5417896, 29.4250297 ], [ 79.5413695, 29.4240165 ], [ 79.5412188, 29.4230918 ], [ 79.5415212, 29.4212811 ], [ 79.5393717, 29.4183099 ], [ 79.5382131, 29.4180041 ], [ 79.5380101, 29.4156875 ], [ 79.5365306, 29.4131884 ], [ 79.5361751, 29.4112551 ], [ 79.5340669, 29.4071196 ], [ 79.5320532, 29.4040168 ], [ 79.5308696, 29.4012472 ], [ 79.5282794, 29.3987779 ], [ 79.5215401, 29.3944301 ], [ 79.5215119, 29.3939138 ], [ 79.5240813, 29.3899772 ], [ 79.5236012, 29.3890625 ], [ 79.5221694, 29.3880326 ], [ 79.5210993, 29.3880885 ], [ 79.5183443, 29.3898772 ], [ 79.5171148, 29.3900886 ], [ 79.5152669, 29.3896186 ], [ 79.5133936, 29.3907518 ], [ 79.5127389, 29.3905991 ], [ 79.5119586, 29.3914341 ], [ 79.5115046, 29.3953768 ], [ 79.5107733, 29.396857 ], [ 79.5093164, 29.3983482 ], [ 79.5078169, 29.399151 ], [ 79.5074521, 29.399666 ], [ 79.5071106, 29.4019149 ], [ 79.5039372, 29.4043592 ], [ 79.5040205, 29.4064452 ], [ 79.5032255, 29.4067102 ], [ 79.5025754, 29.4063516 ], [ 79.5008116, 29.4039021 ], [ 79.5009992, 29.4034231 ], [ 79.4992656, 29.4025177 ], [ 79.4984866, 29.4026345 ], [ 79.4954405, 29.4009176 ], [ 79.4932127, 29.3986871 ], [ 79.4931275, 29.3973368 ], [ 79.4952645, 29.3922082 ], [ 79.4955893, 29.3904236 ], [ 79.4897276, 29.39261 ], [ 79.4840617, 29.3954545 ], [ 79.482688, 29.3965138 ], [ 79.4796813, 29.3972004 ], [ 79.4787537, 29.3971974 ], [ 79.4770997, 29.3965925 ], [ 79.474812, 29.3944188 ], [ 79.4718387, 29.3924943 ], [ 79.4701401, 29.3920052 ], [ 79.4672449, 29.3924598 ], [ 79.4655804, 29.394311 ], [ 79.465466, 29.3952584 ], [ 79.4666717, 29.3973512 ], [ 79.4666449, 29.3984343 ], [ 79.4660007, 29.3992832 ], [ 79.4634766, 29.400706 ], [ 79.462919, 29.401942 ], [ 79.4622328, 29.4022878 ], [ 79.4616141, 29.4023438 ], [ 79.4602255, 29.4016622 ], [ 79.4569346, 29.4016705 ], [ 79.4537351, 29.4009247 ], [ 79.4520615, 29.3997972 ], [ 79.4493423, 29.4003489 ], [ 79.4449152, 29.4025192 ], [ 79.4421079, 29.402993 ], [ 79.4346208, 29.4076667 ], [ 79.4277151, 29.4107175 ], [ 79.4233423, 29.4105278 ], [ 79.4131668, 29.4089632 ], [ 79.4053623, 29.4058593 ], [ 79.4045651, 29.4062626 ], [ 79.4037203, 29.4074199 ], [ 79.4026294, 29.410499 ], [ 79.402464, 29.4113994 ], [ 79.4027436, 29.412967 ], [ 79.4038193, 29.4143635 ], [ 79.4067666, 29.4169853 ], [ 79.4078423, 29.4185137 ], [ 79.4088034, 29.4206675 ], [ 79.4104961, 29.4262017 ], [ 79.4122974, 29.42919 ], [ 79.4168276, 29.4335773 ], [ 79.4182762, 29.4356132 ], [ 79.4173175, 29.4421466 ], [ 79.4157062, 29.4464728 ], [ 79.4139966, 29.4481878 ], [ 79.4115003, 29.4488996 ], [ 79.410987, 29.449736 ], [ 79.4131429, 29.4511436 ], [ 79.4159245, 29.4522681 ], [ 79.4267741, 29.4468607 ], [ 79.4284112, 29.4464409 ], [ 79.4305115, 29.4461583 ], [ 79.438882, 29.4469613 ], [ 79.4409335, 29.4477033 ], [ 79.4457515, 29.4523807 ], [ 79.4493687, 29.4538629 ], [ 79.4498875, 29.4564754 ], [ 79.4492886, 29.4575878 ], [ 79.4528078, 29.4612742 ], [ 79.4530256, 29.4620098 ], [ 79.4539933, 29.4630574 ], [ 79.454754, 29.4609327 ], [ 79.4559033, 29.4608979 ], [ 79.4563906, 29.4606288 ], [ 79.4562157, 29.4602027 ], [ 79.4588687, 29.4599023 ], [ 79.4586957, 29.4590508 ], [ 79.4606446, 29.4580517 ], [ 79.4616655, 29.4570495 ], [ 79.4611386, 29.4562741 ], [ 79.4573494, 29.4536313 ], [ 79.4574414, 29.4528194 ], [ 79.458775, 29.4510447 ], [ 79.4607697, 29.4496589 ], [ 79.4647445, 29.4502523 ], [ 79.4666004, 29.4502585 ], [ 79.4677953, 29.4498756 ], [ 79.4689948, 29.4484099 ], [ 79.4686021, 29.4472482 ], [ 79.4661722, 29.4470854 ], [ 79.4644991, 29.4456874 ], [ 79.4654784, 29.4440275 ], [ 79.4655702, 29.4432542 ], [ 79.4653968, 29.4424801 ], [ 79.4646491, 29.4416654 ], [ 79.4638535, 29.4417014 ], [ 79.4618148, 29.443087 ], [ 79.4612794, 29.4442456 ], [ 79.4603051, 29.4447452 ], [ 79.4591582, 29.4442771 ], [ 79.4579649, 29.4443119 ], [ 79.4567302, 29.4437275 ], [ 79.4546951, 29.4442621 ], [ 79.4519101, 29.4444847 ], [ 79.4507629, 29.444094 ], [ 79.449448, 29.4416528 ], [ 79.4495942, 29.4385977 ], [ 79.449334, 29.4375137 ], [ 79.4464553, 29.4389737 ], [ 79.4451288, 29.4391238 ], [ 79.4443353, 29.4387343 ], [ 79.4441185, 29.4378053 ], [ 79.441301, 29.4354747 ], [ 79.4415239, 29.43505 ], [ 79.4424972, 29.4347827 ], [ 79.4443532, 29.4347503 ], [ 79.4462954, 29.4351826 ], [ 79.4511573, 29.4348897 ], [ 79.4527501, 29.434431 ], [ 79.4571238, 29.4346005 ], [ 79.4577404, 29.4350668 ], [ 79.4574281, 29.4357233 ], [ 79.4549043, 29.4369138 ], [ 79.4549429, 29.4381517 ], [ 79.457678, 29.4392052 ], [ 79.460687, 29.4382484 ], [ 79.4610456, 29.4370892 ], [ 79.4608786, 29.4348452 ], [ 79.4611542, 29.432448 ], [ 79.4593499, 29.4307787 ], [ 79.4597115, 29.4289233 ], [ 79.4595488, 29.4257123 ], [ 79.4603052, 29.4245157 ], [ 79.4604871, 29.4233173 ], [ 79.4611534, 29.4225072 ], [ 79.4613382, 29.4206512 ], [ 79.4619586, 29.4202277 ], [ 79.4628858, 29.4203855 ], [ 79.4650901, 29.4214759 ], [ 79.4657012, 29.4231799 ], [ 79.4648583, 29.4239894 ], [ 79.4644555, 29.4251871 ], [ 79.4651498, 29.4280905 ], [ 79.4662493, 29.4292545 ], [ 79.4680155, 29.4295698 ], [ 79.4710124, 29.4313203 ], [ 79.4719787, 29.4326772 ], [ 79.4713585, 29.433062 ], [ 79.4702437, 29.4354178 ], [ 79.4709901, 29.436542 ], [ 79.4708996, 29.4370445 ], [ 79.4668391, 29.435948 ], [ 79.4660032, 29.4350944 ], [ 79.4650401, 29.4330025 ], [ 79.4637911, 29.4357446 ], [ 79.4640544, 29.4361322 ], [ 79.4654223, 29.436601 ], [ 79.4657713, 29.4376077 ], [ 79.4655451, 29.4388447 ], [ 79.4649222, 29.4398097 ], [ 79.4665485, 29.4418264 ], [ 79.4698534, 29.4440033 ], [ 79.4700711, 29.4447389 ], [ 79.4691829, 29.4457803 ], [ 79.4697092, 29.4467103 ], [ 79.4704584, 29.447177 ], [ 79.4737692, 29.448 ], [ 79.4743856, 29.4485436 ], [ 79.4744268, 29.4492399 ], [ 79.473541, 29.4497012 ], [ 79.4697847, 29.4496889 ], [ 79.4717627, 29.4521707 ], [ 79.4740963, 29.4541896 ], [ 79.4775488, 29.4529245 ], [ 79.4781205, 29.4535839 ], [ 79.4778063, 29.4547433 ], [ 79.4759471, 29.455472 ], [ 79.4757196, 29.4570185 ], [ 79.4751434, 29.4574034 ], [ 79.4734263, 29.4558893 ], [ 79.471663, 29.4548393 ], [ 79.4674269, 29.4533169 ], [ 79.4671595, 29.4538188 ], [ 79.4673319, 29.4548637 ], [ 79.4697944, 29.4577339 ], [ 79.4714248, 29.4588609 ], [ 79.4669626, 29.4584982 ], [ 79.4662565, 29.4582638 ], [ 79.4661266, 29.4576445 ], [ 79.4656408, 29.4575655 ], [ 79.46382, 29.4595707 ], [ 79.4627135, 29.4599538 ], [ 79.4643397, 29.4620479 ], [ 79.4655328, 29.4620905 ], [ 79.4678794, 29.4611313 ], [ 79.4762637, 29.4641756 ], [ 79.4796142, 29.4661977 ], [ 79.4804049, 29.4673219 ], [ 79.4808832, 29.4692186 ], [ 79.4807443, 29.4707266 ], [ 79.4792261, 29.4743573 ], [ 79.4795678, 29.4771818 ], [ 79.4789165, 29.4848763 ], [ 79.4797351, 29.4899067 ], [ 79.4790121, 29.4936173 ], [ 79.4793174, 29.4946238 ], [ 79.4805964, 29.4953628 ], [ 79.4869994, 29.497085 ], [ 79.489776, 29.4991436 ], [ 79.4919477, 29.4978355 ], [ 79.4942141, 29.4949806 ], [ 79.4950984, 29.4949448 ], [ 79.4962445, 29.4957605 ], [ 79.496771, 29.4967291 ], [ 79.4967235, 29.497541 ], [ 79.4977438, 29.4982539 ], [ 79.4985432, 29.4984548 ], [ 79.5000692, 29.4968799 ], [ 79.5014113, 29.4967896 ], [ 79.5023963, 29.4972649 ], [ 79.5049711, 29.4950433 ], [ 79.5064353, 29.4913647 ], [ 79.506853, 29.4910556 ], [ 79.5085183, 29.4910877 ], [ 79.5097391, 29.4904573 ], [ 79.5088142, 29.4884206 ], [ 79.509002, 29.4877399 ], [ 79.5115012, 29.4874574 ], [ 79.5135178, 29.4883473 ], [ 79.5137419, 29.48824 ], [ 79.5139518, 29.4858256 ], [ 79.5143155, 29.4854895 ], [ 79.5150558, 29.4854647 ], [ 79.5166785, 29.4865185 ], [ 79.5175172, 29.4859746 ], [ 79.5181905, 29.4843441 ], [ 79.5182092, 29.4835212 ], [ 79.5159809, 29.4835145 ], [ 79.5129744, 29.481475 ], [ 79.51016, 29.4815474 ], [ 79.5092067, 29.480029 ], [ 79.508993, 29.4783598 ], [ 79.5093693, 29.4768229 ], [ 79.5143202, 29.4721075 ], [ 79.5190512, 29.4692494 ], [ 79.5214299, 29.4681299 ], [ 79.5227797, 29.4679383 ], [ 79.5242129, 29.4679357 ], [ 79.5283552, 29.4709593 ], [ 79.5293322, 29.4720321 ], [ 79.5323019, 29.473653 ], [ 79.5337762, 29.4739425 ], [ 79.5379929, 29.4732715 ], [ 79.5399777, 29.4702414 ], [ 79.5405325, 29.4703138 ], [ 79.5405878, 29.4720342 ], [ 79.5393582, 29.4751271 ], [ 79.5380047, 29.4763038 ], [ 79.5405625, 29.4788475 ], [ 79.5415899, 29.480375 ], [ 79.5416769, 29.4821582 ], [ 79.5405323, 29.4823169 ], [ 79.5384383, 29.4819446 ], [ 79.5365094, 29.4844215 ], [ 79.5356301, 29.4844931 ], [ 79.5346683, 29.4839777 ], [ 79.5340391, 29.4816821 ], [ 79.5348485, 29.4791212 ], [ 79.5369401, 29.4764829 ], [ 79.5361079, 29.4763455 ], [ 79.5346262, 29.476719 ], [ 79.5310958, 29.4786246 ], [ 79.5254368, 29.4786418 ], [ 79.5224034, 29.4795267 ], [ 79.5220029, 29.4834111 ], [ 79.5228914, 29.4843023 ], [ 79.523051, 29.4855122 ], [ 79.5203042, 29.4880135 ], [ 79.5174812, 29.4898077 ], [ 79.517709, 29.4915758 ], [ 79.5178524, 29.4919355 ], [ 79.5188923, 29.4922017 ], [ 79.5244428, 29.4904845 ], [ 79.5253667, 29.4908515 ], [ 79.52671, 29.4924205 ], [ 79.5261344, 29.4937139 ], [ 79.5266706, 29.4946329 ], [ 79.5275396, 29.4952696 ], [ 79.5273375, 29.4956805 ], [ 79.5210011, 29.4991695 ], [ 79.5233658, 29.5031356 ], [ 79.5253441, 29.5051371 ], [ 79.5264666, 29.5054143 ], [ 79.5280753, 29.5034738 ], [ 79.5301488, 29.5019495 ], [ 79.5325817, 29.5009084 ], [ 79.534511, 29.5006419 ], [ 79.5352743, 29.5006578 ], [ 79.536286, 29.5013509 ], [ 79.5363572, 29.5050686 ], [ 79.5374118, 29.50617 ], [ 79.5409049, 29.5047299 ], [ 79.5428249, 29.5048214 ], [ 79.5462774, 29.5118196 ], [ 79.547962, 29.5137804 ], [ 79.5476637, 29.5145405 ], [ 79.5483771, 29.5169688 ], [ 79.5508578, 29.5209095 ], [ 79.5498942, 29.5250795 ], [ 79.5489694, 29.5255701 ], [ 79.5448046, 29.5265274 ], [ 79.5460018, 29.5277686 ], [ 79.5474997, 29.53014 ], [ 79.5520842, 29.5306861 ], [ 79.5538305, 29.5292971 ] ], [ [ 79.5542414, 29.4841933 ], [ 79.552641, 29.4822224 ], [ 79.5505131, 29.4832486 ], [ 79.5497428, 29.4830508 ], [ 79.5491837, 29.4799394 ], [ 79.5461904, 29.4783727 ], [ 79.5473572, 29.4755292 ], [ 79.5471979, 29.4727224 ], [ 79.5450455, 29.4710434 ], [ 79.5444634, 29.4700164 ], [ 79.5442495, 29.4679295 ], [ 79.5474876, 29.4657327 ], [ 79.548282, 29.4656271 ], [ 79.5534966, 29.4680554 ], [ 79.5549692, 29.4689107 ], [ 79.5564994, 29.4705458 ], [ 79.5562802, 29.4736079 ], [ 79.558187, 29.4793403 ], [ 79.5578565, 29.4801489 ], [ 79.5564021, 29.4815144 ], [ 79.5555088, 29.4833602 ], [ 79.5542414, 29.4841933 ] ], [ [ 79.4729039, 29.4591946 ], [ 79.4710349, 29.4570225 ], [ 79.4714581, 29.456231 ], [ 79.4722531, 29.456369 ], [ 79.4738829, 29.457612 ], [ 79.4741018, 29.4580962 ], [ 79.4738558, 29.4587916 ], [ 79.4735891, 29.4591388 ], [ 79.4729039, 29.4591946 ] ], [ [ 79.4940934, 29.4543311 ], [ 79.493015, 29.4532834 ], [ 79.4921539, 29.4531066 ], [ 79.4898755, 29.4536989 ], [ 79.487671, 29.4524542 ], [ 79.4879362, 29.4471367 ], [ 79.4880938, 29.4464217 ], [ 79.4887576, 29.4462111 ], [ 79.4907672, 29.4464495 ], [ 79.4928891, 29.4462628 ], [ 79.4947327, 29.4439092 ], [ 79.4955726, 29.4438538 ], [ 79.4967629, 29.4445344 ], [ 79.4960972, 29.4452092 ], [ 79.4960731, 29.445712 ], [ 79.4981673, 29.4469175 ], [ 79.4981782, 29.4496831 ], [ 79.4977553, 29.450436 ], [ 79.4963174, 29.4508183 ], [ 79.4960955, 29.4510497 ], [ 79.4962479, 29.4515916 ], [ 79.4966446, 29.4518636 ], [ 79.4974639, 29.4514407 ], [ 79.4979939, 29.4515198 ], [ 79.4989453, 29.4527442 ], [ 79.4990087, 29.4538957 ], [ 79.4987199, 29.4542653 ], [ 79.4970106, 29.4542242 ], [ 79.4952351, 29.4561332 ], [ 79.4945515, 29.4557829 ], [ 79.4940934, 29.4543311 ] ], [ [ 79.5141485, 29.4451745 ], [ 79.5139197, 29.4437135 ], [ 79.5124442, 29.4426481 ], [ 79.5124186, 29.4421334 ], [ 79.5155594, 29.4411445 ], [ 79.5171759, 29.4436522 ], [ 79.5178788, 29.4453744 ], [ 79.5147775, 29.4459454 ], [ 79.5141485, 29.4451745 ] ], [ [ 79.4806637, 29.442588 ], [ 79.4807159, 29.4459533 ], [ 79.4817684, 29.4478713 ], [ 79.4815895, 29.4483928 ], [ 79.479797, 29.4490447 ], [ 79.4791131, 29.448791 ], [ 79.478919, 29.4476687 ], [ 79.4771847, 29.4449749 ], [ 79.4759898, 29.4402135 ], [ 79.4762484, 29.4391313 ], [ 79.476871, 29.4382244 ], [ 79.4777669, 29.4379372 ], [ 79.4782854, 29.4380936 ], [ 79.4784165, 29.4384615 ], [ 79.4783085, 29.4404918 ], [ 79.4800102, 29.4404006 ], [ 79.4805638, 29.440093 ], [ 79.4837881, 29.4351524 ], [ 79.4843727, 29.4327368 ], [ 79.4840192, 29.4327162 ], [ 79.4832873, 29.4333908 ], [ 79.4812197, 29.4364785 ], [ 79.4805778, 29.4367665 ], [ 79.479766, 29.4354102 ], [ 79.4797293, 29.4336501 ], [ 79.4790275, 29.4324294 ], [ 79.4789917, 29.4304373 ], [ 79.4825667, 29.4260973 ], [ 79.4830302, 29.4261955 ], [ 79.4834447, 29.427454 ], [ 79.4840832, 29.4279975 ], [ 79.4845472, 29.4279797 ], [ 79.4854352, 29.4269382 ], [ 79.4869118, 29.4277938 ], [ 79.4882729, 29.4298869 ], [ 79.4887064, 29.4318803 ], [ 79.489456, 29.4322695 ], [ 79.492466, 29.4309638 ], [ 79.4952246, 29.4316881 ], [ 79.4948228, 29.4326925 ], [ 79.4936732, 29.4328629 ], [ 79.4909503, 29.4341888 ], [ 79.4878691, 29.4366739 ], [ 79.4857234, 29.4372859 ], [ 79.4839914, 29.439369 ], [ 79.4815754, 29.4412179 ], [ 79.4806637, 29.442588 ] ], [ [ 79.5303068, 29.4342343 ], [ 79.5285625, 29.4338818 ], [ 79.5287897, 29.4318922 ], [ 79.533672, 29.432073 ], [ 79.5351065, 29.4326527 ], [ 79.537479, 29.435014 ], [ 79.536398, 29.4355574 ], [ 79.5330612, 29.4354533 ], [ 79.5327971, 29.4372482 ], [ 79.531697, 29.4374935 ], [ 79.5302802, 29.4371622 ], [ 79.5306598, 29.4346266 ], [ 79.5303068, 29.4342343 ] ], [ [ 79.5129876, 29.4315765 ], [ 79.5119861, 29.4320475 ], [ 79.5103197, 29.4321153 ], [ 79.5091485, 29.4333879 ], [ 79.5071058, 29.4338192 ], [ 79.5047735, 29.4337756 ], [ 79.5027343, 29.4333318 ], [ 79.5001074, 29.4340529 ], [ 79.4992336, 29.4338314 ], [ 79.4988616, 29.433101 ], [ 79.5011588, 29.4315403 ], [ 79.5029093, 29.431254 ], [ 79.5055796, 29.4300954 ], [ 79.5064153, 29.4294053 ], [ 79.5075064, 29.4273668 ], [ 79.5101841, 29.4243121 ], [ 79.511151, 29.4220545 ], [ 79.5130191, 29.4208063 ], [ 79.5135425, 29.4199949 ], [ 79.5141039, 29.4183301 ], [ 79.5142654, 29.4164618 ], [ 79.5140553, 29.4131657 ], [ 79.5131261, 29.4112702 ], [ 79.5120784, 29.4102517 ], [ 79.5102092, 29.4113862 ], [ 79.5090789, 29.4107553 ], [ 79.5090261, 29.4093404 ], [ 79.5108188, 29.407259 ], [ 79.5096101, 29.407179 ], [ 79.5086651, 29.4063079 ], [ 79.5096247, 29.4052853 ], [ 79.5127724, 29.4042559 ], [ 79.5139651, 29.4026874 ], [ 79.5152455, 29.4023405 ], [ 79.5165255, 29.4024342 ], [ 79.5201707, 29.4038935 ], [ 79.5203894, 29.4051153 ], [ 79.5199144, 29.4064025 ], [ 79.5209971, 29.4073301 ], [ 79.5216824, 29.407467 ], [ 79.5219877, 29.4081966 ], [ 79.5205066, 29.408651 ], [ 79.5170703, 29.4086002 ], [ 79.5177364, 29.409675 ], [ 79.5174874, 29.4103084 ], [ 79.5155908, 29.410559 ], [ 79.515866, 29.4111401 ], [ 79.5153954, 29.4132167 ], [ 79.515254, 29.4178579 ], [ 79.514832, 29.4193275 ], [ 79.5150557, 29.4212577 ], [ 79.5181239, 29.4228594 ], [ 79.5188687, 29.4241014 ], [ 79.518367, 29.4245921 ], [ 79.5132209, 29.4252329 ], [ 79.5118848, 29.4260675 ], [ 79.5115451, 29.4277072 ], [ 79.5131592, 29.4303009 ], [ 79.5129876, 29.4315765 ] ], [ [ 79.5132813, 29.4023153 ], [ 79.5124665, 29.4024108 ], [ 79.5119286, 29.4019992 ], [ 79.5117767, 29.4016566 ], [ 79.5123314, 29.4005342 ], [ 79.5163198, 29.3984203 ], [ 79.5193849, 29.3980996 ], [ 79.5211582, 29.3995098 ], [ 79.5223717, 29.3996149 ], [ 79.5224922, 29.4000431 ], [ 79.5218058, 29.401182 ], [ 79.5206015, 29.4019807 ], [ 79.5188499, 29.4021894 ], [ 79.5169003, 29.4009357 ], [ 79.5163305, 29.4008627 ], [ 79.5151901, 29.4009484 ], [ 79.5132813, 29.4023153 ] ], [ [ 79.5003319, 29.4073252 ], [ 79.4996617, 29.4094088 ], [ 79.4981222, 29.4087964 ], [ 79.4971975, 29.4078956 ], [ 79.4995111, 29.4063778 ], [ 79.500209, 29.4064041 ], [ 79.5003319, 29.4073252 ] ], [ [ 79.4923266, 29.4084609 ], [ 79.4917459, 29.4100063 ], [ 79.4920065, 29.4110903 ], [ 79.4934166, 29.4119456 ], [ 79.4953819, 29.4121259 ], [ 79.4984893, 29.4113023 ], [ 79.499543, 29.4114395 ], [ 79.5010863, 29.411087 ], [ 79.5013565, 29.4115378 ], [ 79.5009743, 29.4126086 ], [ 79.4984893, 29.4138852 ], [ 79.4952439, 29.4134599 ], [ 79.4923918, 29.4140699 ], [ 79.4909285, 29.4153805 ], [ 79.4895135, 29.4156661 ], [ 79.4867084, 29.4156185 ], [ 79.4851223, 29.414569 ], [ 79.4836706, 29.4130752 ], [ 79.4814637, 29.4126039 ], [ 79.4791268, 29.4114939 ], [ 79.4784232, 29.4107373 ], [ 79.47858, 29.410235 ], [ 79.4818439, 29.411464 ], [ 79.4833932, 29.410734 ], [ 79.4847182, 29.4108157 ], [ 79.4859967, 29.411458 ], [ 79.4852187, 29.4126353 ], [ 79.4872051, 29.4130091 ], [ 79.4876044, 29.4126042 ], [ 79.4881899, 29.4099178 ], [ 79.4887892, 29.4092234 ], [ 79.4915143, 29.4072399 ], [ 79.4923266, 29.4084609 ] ], [ [ 79.4807345, 29.4205214 ], [ 79.4807426, 29.423848 ], [ 79.4796515, 29.4258946 ], [ 79.4772086, 29.4289231 ], [ 79.476455, 29.4295007 ], [ 79.4751737, 29.4294773 ], [ 79.4735868, 29.4286018 ], [ 79.4731922, 29.4278849 ], [ 79.4743466, 29.4265735 ], [ 79.4745704, 29.4258974 ], [ 79.4742189, 29.4254321 ], [ 79.4730934, 29.425177 ], [ 79.4729423, 29.4243062 ], [ 79.4742945, 29.4232469 ], [ 79.4750018, 29.4231525 ], [ 79.4753847, 29.4214131 ], [ 79.4772707, 29.4194659 ], [ 79.4802792, 29.4184699 ], [ 79.4805877, 29.4186449 ], [ 79.4810273, 29.419188 ], [ 79.4807345, 29.4205214 ] ], [ [ 79.5044758, 29.42301 ], [ 79.5071122, 29.4228022 ], [ 79.5081663, 29.4231967 ], [ 79.5088644, 29.4238966 ], [ 79.5088493, 29.4248956 ], [ 79.5069114, 29.4248323 ], [ 79.5044353, 29.4235024 ], [ 79.5044758, 29.42301 ] ], [ [ 79.4852404, 29.4445174 ], [ 79.4860251, 29.4444522 ], [ 79.486748, 29.4432651 ], [ 79.4878203, 29.4431041 ], [ 79.4881285, 29.4433856 ], [ 79.488298, 29.445117 ], [ 79.4880739, 29.4458994 ], [ 79.4854096, 29.4463165 ], [ 79.4851341, 29.4461415 ], [ 79.4852404, 29.4445174 ] ], [ [ 79.5144577, 29.3953305 ], [ 79.5159319, 29.3957628 ], [ 79.5174176, 29.397189 ], [ 79.5173189, 29.3976745 ], [ 79.5166775, 29.3976993 ], [ 79.5145546, 29.3965787 ], [ 79.5140896, 29.3957395 ], [ 79.5144577, 29.3953305 ] ] ] } },
{ "type": "Feature", "properties": { "gp_code": "23612", "gp_name": "HARTAPA", "blkname": "BETALGHAT", "dtname": "Nainital", "SHAPE_Area": 1207600.6793814118 }, "geometry": { "type": "Polygon", "coordinates": [ [ [ 79.4970106, 29.4542242 ], [ 79.4987199, 29.4542653 ], [ 79.4990033, 29.453353 ], [ 79.4989453, 29.4527442 ], [ 79.4979939, 29.4515198 ], [ 79.4974639, 29.4514407 ], [ 79.4966446, 29.4518636 ], [ 79.4960955, 29.4510497 ], [ 79.4977553, 29.450436 ], [ 79.4983136, 29.4489679 ], [ 79.4981673, 29.4469175 ], [ 79.4960731, 29.445712 ], [ 79.4960972, 29.4452092 ], [ 79.4967629, 29.4445344 ], [ 79.4955726, 29.4438538 ], [ 79.4947327, 29.4439092 ], [ 79.4928891, 29.4462628 ], [ 79.4880938, 29.4464217 ], [ 79.488041, 29.4485102 ], [ 79.4876398, 29.4493405 ], [ 79.487671, 29.4524542 ], [ 79.488067, 29.452881 ], [ 79.4898755, 29.4536989 ], [ 79.4921539, 29.4531066 ], [ 79.493015, 29.4532834 ], [ 79.4940934, 29.4543311 ], [ 79.4945515, 29.4557829 ], [ 79.4949479, 29.4561323 ], [ 79.4956117, 29.4559023 ], [ 79.4970106, 29.4542242 ] ] ] } },
{ "type": "Feature", "properties": { "gp_code": "23612", "gp_name": "HARTAPA", "blkname": "BETALGHAT", "dtname": "Nainital", "SHAPE_Area": 106020.01362011445 }, "geometry": { "type": "Polygon", "coordinates": [ [ [ 79.488298, 29.445117 ], [ 79.4881285, 29.4433856 ], [ 79.4878203, 29.4431041 ], [ 79.486748, 29.4432651 ], [ 79.4860251, 29.4444522 ], [ 79.4852404, 29.4445174 ], [ 79.4851341, 29.4461415 ], [ 79.4880739, 29.4458994 ], [ 79.488298, 29.445117 ] ] ] } },
{ "type": "Feature", "properties": { "gp_code": "", "gp_name": "", "blkname": "BETALGHAT", "dtname": "Nainital", "SHAPE_Area": 211467.90524049394 }, "geometry": { "type": "Polygon", "coordinates": [ [ [ 79.5147775, 29.4459454 ], [ 79.5178788, 29.4453744 ], [ 79.5171759, 29.4436522 ], [ 79.5155594, 29.4411445 ], [ 79.5124186, 29.4421334 ], [ 79.5124442, 29.4426481 ], [ 79.5139197, 29.4437135 ], [ 79.5141485, 29.4451745 ], [ 79.5147775, 29.4459454 ] ] ] } },
{ "type": "Feature", "properties": { "gp_code": "23609", "gp_name": "HALI", "blkname": "BETALGHAT", "dtname": "Nainital", "SHAPE_Area": 3399864.8260906776 }, "geometry": { "type": "Polygon", "coordinates": [ [ [ 79.532324, 29.4612236 ], [ 79.5316665, 29.459778 ], [ 79.5304698, 29.4592382 ], [ 79.5299731, 29.4581033 ], [ 79.5286966, 29.4573036 ], [ 79.527648, 29.4573679 ], [ 79.5248331, 29.45371 ], [ 79.523772, 29.4530121 ], [ 79.5226861, 29.452793 ], [ 79.5219197, 29.4516573 ], [ 79.5214608, 29.4517723 ], [ 79.5211135, 29.4528018 ], [ 79.5213691, 29.4545026 ], [ 79.5222322, 29.4565492 ], [ 79.521828, 29.4574115 ], [ 79.5210647, 29.4574632 ], [ 79.5191675, 29.4557171 ], [ 79.5178633, 29.4551061 ], [ 79.5173723, 29.4545278 ], [ 79.5178597, 29.4530787 ], [ 79.5194981, 29.4519773 ], [ 79.5198094, 29.4512294 ], [ 79.5195642, 29.4508576 ], [ 79.51827, 29.4506513 ], [ 79.5166492, 29.4512064 ], [ 79.51563, 29.4522001 ], [ 79.5153039, 29.4581105 ], [ 79.5135594, 29.4587394 ], [ 79.5111995, 29.4590155 ], [ 79.5088202, 29.4602901 ], [ 79.5053127, 29.4612879 ], [ 79.5049027, 29.461624 ], [ 79.5050762, 29.4625689 ], [ 79.5046895, 29.462878 ], [ 79.5020601, 29.4621245 ], [ 79.501255, 29.4629653 ], [ 79.5005768, 29.4629228 ], [ 79.4996232, 29.4614825 ], [ 79.4987145, 29.4616432 ], [ 79.4986606, 29.4621073 ], [ 79.4991729, 29.463141 ], [ 79.5009995, 29.4651637 ], [ 79.5015227, 29.4673106 ], [ 79.502435, 29.4685547 ], [ 79.5018446, 29.4735044 ], [ 79.5024758, 29.4736474 ], [ 79.5049241, 29.4726369 ], [ 79.506285, 29.4725188 ], [ 79.5073197, 29.4712006 ], [ 79.5083399, 29.4705696 ], [ 79.5099858, 29.4702141 ], [ 79.5126334, 29.4687343 ], [ 79.5128671, 29.4681413 ], [ 79.5126765, 29.4675876 ], [ 79.5105452, 29.4645993 ], [ 79.5121649, 29.4624422 ], [ 79.515428, 29.4598783 ], [ 79.5176988, 29.4595872 ], [ 79.5211908, 29.4606003 ], [ 79.5259192, 29.4599366 ], [ 79.5267617, 29.4613355 ], [ 79.5269612, 29.4635825 ], [ 79.5256287, 29.4653191 ], [ 79.5252088, 29.466242 ], [ 79.5255392, 29.4665466 ], [ 79.5282026, 29.4655357 ], [ 79.5306066, 29.4668515 ], [ 79.5319798, 29.4665857 ], [ 79.5323975, 29.466236 ], [ 79.5325699, 29.4654743 ], [ 79.532324, 29.4612236 ] ] ] } },
{ "type": "Feature", "properties": { "gp_code": "23949", "gp_name": "JHUTIYA", "blkname": "RAMGARH", "dtname": "Nainital", "SHAPE_Area": 5671724.3680673782 }, "geometry": { "type": "Polygon", "coordinates": [ [ [ 79.5369359, 29.4615582 ], [ 79.5371711, 29.4595983 ], [ 79.5366509, 29.4585309 ], [ 79.5334144, 29.4562076 ], [ 79.533164, 29.4551544 ], [ 79.5317931, 29.4538147 ], [ 79.532105, 29.4528982 ], [ 79.5328739, 29.4524017 ], [ 79.5352119, 29.451983 ], [ 79.5360513, 29.4508991 ], [ 79.5369936, 29.4503891 ], [ 79.5395385, 29.4500456 ], [ 79.539836, 29.4488052 ], [ 79.5410069, 29.4467951 ], [ 79.5417728, 29.4461797 ], [ 79.5446108, 29.4457425 ], [ 79.5461237, 29.445153 ], [ 79.5497011, 29.4448258 ], [ 79.5520426, 29.4452776 ], [ 79.5551228, 29.4471346 ], [ 79.5554788, 29.4467713 ], [ 79.5555199, 29.4457507 ], [ 79.5544783, 29.4441914 ], [ 79.5528049, 29.4401727 ], [ 79.5527559, 29.4388098 ], [ 79.5535456, 29.4378271 ], [ 79.5555044, 29.4374951 ], [ 79.5561999, 29.4369641 ], [ 79.5568433, 29.4337883 ], [ 79.5556432, 29.4331981 ], [ 79.5553297, 29.4325225 ], [ 79.5547297, 29.4321836 ], [ 79.5526357, 29.4315638 ], [ 79.5515995, 29.430414 ], [ 79.5458413, 29.4309146 ], [ 79.5454727, 29.4325153 ], [ 79.5417067, 29.4338606 ], [ 79.5414188, 29.4346087 ], [ 79.5415818, 29.4363632 ], [ 79.5407986, 29.4376832 ], [ 79.5365396, 29.4409498 ], [ 79.535206, 29.4430508 ], [ 79.5326266, 29.4443926 ], [ 79.5275172, 29.4452244 ], [ 79.5249308, 29.4463434 ], [ 79.5235243, 29.4473108 ], [ 79.5225321, 29.448765 ], [ 79.5218939, 29.4503552 ], [ 79.5219197, 29.4516573 ], [ 79.5226861, 29.452793 ], [ 79.523772, 29.4530121 ], [ 79.5248331, 29.45371 ], [ 79.5273407, 29.4570972 ], [ 79.5293893, 29.4575754 ], [ 79.5299731, 29.4581033 ], [ 79.5304698, 29.4592382 ], [ 79.5316665, 29.459778 ], [ 79.532324, 29.4612236 ], [ 79.5335885, 29.4611327 ], [ 79.5357444, 29.4617933 ], [ 79.5369359, 29.4615582 ] ] ] } },
{ "type": "Feature", "properties": { "gp_code": "", "gp_name": "", "blkname": "BETALGHAT", "dtname": "Nainital", "SHAPE_Area": 404412.5613863297 }, "geometry": { "type": "Polygon", "coordinates": [ [ [ 79.5302802, 29.4371622 ], [ 79.531697, 29.4374935 ], [ 79.5326917, 29.4373749 ], [ 79.5330612, 29.4354533 ], [ 79.5367372, 29.4355179 ], [ 79.5374321, 29.4351825 ], [ 79.5374031, 29.4347102 ], [ 79.534599, 29.4323544 ], [ 79.533672, 29.432073 ], [ 79.5287897, 29.4318922 ], [ 79.5285625, 29.4338818 ], [ 79.5303068, 29.4342343 ], [ 79.5306598, 29.4346266 ], [ 79.5302802, 29.4371622 ] ] ] } },
{ "type": "Feature", "properties": { "gp_code": "23640", "gp_name": "SIRAUDI", "blkname": "BETALGHAT", "dtname": "Nainital", "SHAPE_Area": 1265462.9281990053 }, "geometry": { "type": "Polygon", "coordinates": [ [ [ 79.5130191, 29.4208063 ], [ 79.5136555, 29.4206401 ], [ 79.5150557, 29.4212577 ], [ 79.514832, 29.4193275 ], [ 79.515254, 29.4178579 ], [ 79.5153954, 29.4132167 ], [ 79.515866, 29.4111401 ], [ 79.5155908, 29.410559 ], [ 79.5174874, 29.4103084 ], [ 79.5177364, 29.409675 ], [ 79.5170703, 29.4086002 ], [ 79.5205066, 29.408651 ], [ 79.5219877, 29.4081966 ], [ 79.5216824, 29.407467 ], [ 79.5209971, 29.4073301 ], [ 79.5199144, 29.4064025 ], [ 79.5203894, 29.4051153 ], [ 79.5201707, 29.4038935 ], [ 79.5165255, 29.4024342 ], [ 79.5152455, 29.4023405 ], [ 79.5139651, 29.4026874 ], [ 79.5127724, 29.4042559 ], [ 79.5096247, 29.4052853 ], [ 79.5086651, 29.4063079 ], [ 79.5096101, 29.407179 ], [ 79.5108188, 29.407259 ], [ 79.5090261, 29.4093404 ], [ 79.5090789, 29.4107553 ], [ 79.5102092, 29.4113862 ], [ 79.5120784, 29.4102517 ], [ 79.5131261, 29.4112702 ], [ 79.5140553, 29.4131657 ], [ 79.5141039, 29.4183301 ], [ 79.5130191, 29.4208063 ] ] ] } },
{ "type": "Feature", "properties": { "gp_code": "", "gp_name": "", "blkname": "BETALGHAT", "dtname": "Nainital", "SHAPE_Area": 98135.575766455164 }, "geometry": { "type": "Polygon", "coordinates": [ [ [ 79.5069114, 29.4248323 ], [ 79.5088493, 29.4248956 ], [ 79.5089742, 29.4244911 ], [ 79.5088644, 29.4238966 ], [ 79.5081663, 29.4231967 ], [ 79.5071122, 29.4228022 ], [ 79.5044758, 29.42301 ], [ 79.5044353, 29.4235024 ], [ 79.5047578, 29.4237732 ], [ 79.5069114, 29.4248323 ] ] ] } },
{ "type": "Feature", "properties": { "gp_code": "23629", "gp_name": "NIGLAD MALLA", "blkname": "BETALGHAT", "dtname": "Nainital", "SHAPE_Area": 1224013.2034456574 }, "geometry": { "type": "Polygon", "coordinates": [ [ [ 79.5001074, 29.4340529 ], [ 79.5027343, 29.4333318 ], [ 79.5047735, 29.4337756 ], [ 79.5071058, 29.4338192 ], [ 79.5091485, 29.4333879 ], [ 79.5103197, 29.4321153 ], [ 79.5119861, 29.4320475 ], [ 79.5129876, 29.4315765 ], [ 79.5131592, 29.4303009 ], [ 79.5115451, 29.4277072 ], [ 79.5118848, 29.4260675 ], [ 79.5132209, 29.4252329 ], [ 79.518367, 29.4245921 ], [ 79.5188687, 29.4241014 ], [ 79.5187459, 29.423554 ], [ 79.5181239, 29.4228594 ], [ 79.5150557, 29.4212577 ], [ 79.5136555, 29.4206401 ], [ 79.5130191, 29.4208063 ], [ 79.511151, 29.4220545 ], [ 79.5101841, 29.4243121 ], [ 79.5075064, 29.4273668 ], [ 79.5064153, 29.4294053 ], [ 79.5055796, 29.4300954 ], [ 79.5029093, 29.431254 ], [ 79.5011588, 29.4315403 ], [ 79.4988616, 29.433101 ], [ 79.4992336, 29.4338314 ], [ 79.5001074, 29.4340529 ] ] ] } },
{ "type": "Feature", "properties": { "gp_code": "23631", "gp_name": "PADHALI", "blkname": "BETALGHAT", "dtname": "Nainital", "SHAPE_Area": 1356179.4880589091 }, "geometry": { "type": "Polygon", "coordinates": [ [ [ 79.4828975, 29.4368127 ], [ 79.4835376, 29.4369308 ], [ 79.4837562, 29.4375117 ], [ 79.4833774, 29.4382647 ], [ 79.4834818, 29.4397155 ], [ 79.4857234, 29.4372859 ], [ 79.4878691, 29.4366739 ], [ 79.4909503, 29.4341888 ], [ 79.4936732, 29.4328629 ], [ 79.4948228, 29.4326925 ], [ 79.4952246, 29.4316881 ], [ 79.492466, 29.4309638 ], [ 79.489456, 29.4322695 ], [ 79.4887064, 29.4318803 ], [ 79.4882729, 29.4298869 ], [ 79.4869118, 29.4277938 ], [ 79.4854352, 29.4269382 ], [ 79.4845472, 29.4279797 ], [ 79.4840832, 29.4279975 ], [ 79.4834447, 29.427454 ], [ 79.4830302, 29.4261955 ], [ 79.4825667, 29.4260973 ], [ 79.4789015, 29.4308625 ], [ 79.4791846, 29.4318304 ], [ 79.4790275, 29.4324294 ], [ 79.4797293, 29.4336501 ], [ 79.479766, 29.4354102 ], [ 79.4805778, 29.4367665 ], [ 79.4812197, 29.4364785 ], [ 79.4832873, 29.4333908 ], [ 79.4840192, 29.4327162 ], [ 79.4843727, 29.4327368 ], [ 79.484235, 29.4339547 ], [ 79.4828975, 29.4368127 ] ] ] } },
{ "type": "Feature", "properties": { "gp_code": "23589", "gp_name": "BHAWALIGAON", "blkname": "BETALGHAT", "dtname": "Nainital", "SHAPE_Area": 942319.6695386006 }, "geometry": { "type": "Polygon", "coordinates": [ [ [ 79.4984893, 29.4138852 ], [ 79.5009743, 29.4126086 ], [ 79.5013565, 29.4115378 ], [ 79.5010863, 29.411087 ], [ 79.499543, 29.4114395 ], [ 79.4984893, 29.4113023 ], [ 79.4953819, 29.4121259 ], [ 79.4934166, 29.4119456 ], [ 79.4920065, 29.4110903 ], [ 79.4917459, 29.4100063 ], [ 79.4923266, 29.4084609 ], [ 79.4915143, 29.4072399 ], [ 79.4881899, 29.4099178 ], [ 79.4876044, 29.4126042 ], [ 79.4872051, 29.4130091 ], [ 79.4852187, 29.4126353 ], [ 79.4859967, 29.411458 ], [ 79.4847182, 29.4108157 ], [ 79.4833932, 29.410734 ], [ 79.4818439, 29.411464 ], [ 79.47858, 29.410235 ], [ 79.4784232, 29.4107373 ], [ 79.4791268, 29.4114939 ], [ 79.4814637, 29.4126039 ], [ 79.4836706, 29.4130752 ], [ 79.4851223, 29.414569 ], [ 79.4867084, 29.4156185 ], [ 79.4895135, 29.4156661 ], [ 79.4909285, 29.4153805 ], [ 79.4923918, 29.4140699 ], [ 79.4952439, 29.4134599 ], [ 79.4984893, 29.4138852 ] ] ] } },
{ "type": "Feature", "properties": { "gp_code": "", "gp_name": "", "blkname": "BETALGHAT", "dtname": "Nainital", "SHAPE_Area": 83351.88508578061 }, "geometry": { "type": "Polygon", "coordinates": [ [ [ 79.4971975, 29.4078956 ], [ 79.4993157, 29.4093899 ], [ 79.4999684, 29.4091067 ], [ 79.5003741, 29.4069509 ], [ 79.500209, 29.4064041 ], [ 79.4995111, 29.4063778 ], [ 79.4971975, 29.4078956 ] ] ] } },
{ "type": "Feature", "properties": { "gp_code": "", "gp_name": "", "blkname": "BHIMTAL", "dtname": "Nainital", "SHAPE_Area": 730009.38616837864 }, "geometry": { "type": "Polygon", "coordinates": [ [ [ 79.5083907, 29.3903293 ], [ 79.508332, 29.3897364 ], [ 79.5073812, 29.388236 ], [ 79.5043214, 29.3872728 ], [ 79.5023034, 29.3879663 ], [ 79.4996502, 29.3896696 ], [ 79.5022891, 29.391514 ], [ 79.5012463, 29.3926517 ], [ 79.4993176, 29.393858 ], [ 79.5005739, 29.3953238 ], [ 79.5005245, 29.3974361 ], [ 79.5026602, 29.3979241 ], [ 79.5028269, 29.3969619 ], [ 79.5035393, 29.396529 ], [ 79.5065344, 29.3963672 ], [ 79.5064766, 29.395547 ], [ 79.5035215, 29.3930359 ], [ 79.5083907, 29.3903293 ] ] ] } },
{ "type": "Feature", "properties": { "gp_code": "", "gp_name": "", "blkname": "BHIMTAL", "dtname": "Nainital", "SHAPE_Area": 39797.245779615325 }, "geometry": { "type": "Polygon", "coordinates": [ [ [ 79.5043023, 29.4011532 ], [ 79.5049232, 29.3993998 ], [ 79.5045379, 29.3992206 ], [ 79.5029055, 29.4001934 ], [ 79.5028225, 29.4006031 ], [ 79.5033484, 29.4014604 ], [ 79.5043023, 29.4011532 ] ] ] } },
{ "type": "Feature", "properties": { "gp_code": "", "gp_name": "", "blkname": "BETALGHAT", "dtname": "Nainital", "SHAPE_Area": 123422.47965689871 }, "geometry": { "type": "Polygon", "coordinates": [ [ [ 79.5051824, 29.4035429 ], [ 79.5025682, 29.4030714 ], [ 79.5009992, 29.4034231 ], [ 79.5008116, 29.4039021 ], [ 79.5025754, 29.4063516 ], [ 79.5032255, 29.4067102 ], [ 79.5040205, 29.4064452 ], [ 79.5039372, 29.4043592 ], [ 79.5051824, 29.4035429 ] ] ] } },
{ "type": "Feature", "properties": { "gp_code": "", "gp_name": "", "blkname": "BHIMTAL", "dtname": "Nainital", "SHAPE_Area": 1927371.4262939184 }, "geometry": { "type": "Polygon", "coordinates": [ [ [ 79.5329264, 29.3947011 ], [ 79.532238, 29.392626 ], [ 79.5323459, 29.3911594 ], [ 79.5315865, 29.3905475 ], [ 79.5307908, 29.3886765 ], [ 79.5302184, 29.3884597 ], [ 79.5301483, 29.3874982 ], [ 79.5296586, 29.3870377 ], [ 79.5294656, 29.3861046 ], [ 79.5295424, 29.3852655 ], [ 79.5304495, 29.3836757 ], [ 79.5335646, 29.3829459 ], [ 79.5334775, 29.3821709 ], [ 79.5329874, 29.3818216 ], [ 79.5291852, 29.3822984 ], [ 79.5274993, 29.3819419 ], [ 79.5248109, 29.3824648 ], [ 79.5238425, 29.3829497 ], [ 79.5222531, 29.3830885 ], [ 79.519371, 29.382836 ], [ 79.5155159, 29.3842735 ], [ 79.5143854, 29.3843275 ], [ 79.5126029, 29.3835618 ], [ 79.5113103, 29.3817113 ], [ 79.5107278, 29.3813538 ], [ 79.5100391, 29.3815418 ], [ 79.5114461, 29.3846586 ], [ 79.5110466, 29.385648 ], [ 79.5099006, 29.3854724 ], [ 79.5095052, 29.3860235 ], [ 79.5104513, 29.3870306 ], [ 79.5117689, 29.3874481 ], [ 79.5132089, 29.3892431 ], [ 79.5124954, 29.3900389 ], [ 79.5127389, 29.3905991 ], [ 79.5133936, 29.3907518 ], [ 79.5152669, 29.3896186 ], [ 79.5171148, 29.3900886 ], [ 79.5183443, 29.3898772 ], [ 79.5215346, 29.3877656 ], [ 79.5217507, 29.3869713 ], [ 79.5222686, 29.3864995 ], [ 79.5244065, 29.3864341 ], [ 79.527319, 29.3873321 ], [ 79.5280943, 29.3891492 ], [ 79.5277468, 29.390052 ], [ 79.5264068, 29.3913394 ], [ 79.5255214, 29.3915304 ], [ 79.5262966, 29.393369 ], [ 79.5275878, 29.3941475 ], [ 79.5287875, 29.3931539 ], [ 79.5303273, 29.3931871 ], [ 79.5311697, 29.3935554 ], [ 79.5325222, 29.3948865 ], [ 79.5329264, 29.3947011 ] ] ] } },
{ "type": "Feature", "properties": { "gp_code": "", "gp_name": "", "blkname": "BETALGHAT", "dtname": "Nainital", "SHAPE_Area": 59576.206345531609 }, "geometry": { "type": "Polygon", "coordinates": [ [ [ 79.5141597, 29.3960517 ], [ 79.5166775, 29.3976993 ], [ 79.5172067, 29.39775 ], [ 79.5174166, 29.3974564 ], [ 79.5159319, 29.3957628 ], [ 79.5144577, 29.3953305 ], [ 79.5141597, 29.3960517 ] ] ] } },
{ "type": "Feature", "properties": { "gp_code": "23629", "gp_name": "NIGLAD MALLA", "blkname": "BETALGHAT", "dtname": "Nainital", "SHAPE_Area": 393183.24584544671 }, "geometry": { "type": "Polygon", "coordinates": [ [ [ 79.5151901, 29.4009484 ], [ 79.5169003, 29.4009357 ], [ 79.5188499, 29.4021894 ], [ 79.5196845, 29.4021919 ], [ 79.5206015, 29.4019807 ], [ 79.5218058, 29.401182 ], [ 79.5224922, 29.4000431 ], [ 79.5223717, 29.3996149 ], [ 79.5211582, 29.3995098 ], [ 79.5193849, 29.3980996 ], [ 79.5175217, 29.3981922 ], [ 79.5163198, 29.3984203 ], [ 79.5130001, 29.4000415 ], [ 79.5123314, 29.4005342 ], [ 79.5117767, 29.4016566 ], [ 79.5121313, 29.4022182 ], [ 79.5127922, 29.4024386 ], [ 79.5151901, 29.4009484 ] ] ] } },
{ "type": "Feature", "properties": { "gp_code": "", "gp_name": "", "blkname": "RAMGARH", "dtname": "Nainital", "SHAPE_Area": 1662313.6113935211 }, "geometry": { "type": "Polygon", "coordinates": [ [ [ 79.5493258, 29.3911648 ], [ 79.5474162, 29.3914607 ], [ 79.5452056, 29.3912034 ], [ 79.5440476, 29.3898157 ], [ 79.5431295, 29.3876889 ], [ 79.5419671, 29.3875861 ], [ 79.5401559, 29.389012 ], [ 79.5380918, 29.3889774 ], [ 79.5364251, 29.3900486 ], [ 79.5346579, 29.3938453 ], [ 79.533747, 29.3943232 ], [ 79.5327824, 29.3937753 ], [ 79.5329264, 29.3947011 ], [ 79.5343158, 29.3955085 ], [ 79.5345559, 29.3970299 ], [ 79.5355978, 29.398975 ], [ 79.536163, 29.4009726 ], [ 79.5364819, 29.4011026 ], [ 79.5393683, 29.3948272 ], [ 79.5407329, 29.3935077 ], [ 79.5420924, 29.3935833 ], [ 79.5425162, 29.3941583 ], [ 79.5437443, 29.3987526 ], [ 79.5445296, 29.4053767 ], [ 79.544757, 29.4062442 ], [ 79.5451902, 29.4065037 ], [ 79.5457979, 29.4061036 ], [ 79.5453849, 29.4025877 ], [ 79.5454833, 29.4003285 ], [ 79.5466221, 29.3980507 ], [ 79.5491386, 29.3953176 ], [ 79.5497325, 29.3942146 ], [ 79.5493258, 29.3911648 ] ] ] } },
{ "type": "Feature", "properties": { "gp_code": "23945", "gp_name": "GHORAKHAL", "blkname": "BHIMTAL", "dtname": "Nainital", "SHAPE_Area": 2341036.8404790959 }, "geometry": { "type": "Polygon", "coordinates": [ [ [ 79.5380918, 29.3889774 ], [ 79.5401559, 29.389012 ], [ 79.5415692, 29.3877786 ], [ 79.5429009, 29.3875888 ], [ 79.5440476, 29.3898157 ], [ 79.5452056, 29.3912034 ], [ 79.5474162, 29.3914607 ], [ 79.5493258, 29.3911648 ], [ 79.549981, 29.3898047 ], [ 79.549613, 29.3865317 ], [ 79.548523, 29.3822175 ], [ 79.5475558, 29.3801846 ], [ 79.5461334, 29.3794705 ], [ 79.5449946, 29.379539 ], [ 79.5441008, 29.3798234 ], [ 79.5429754, 29.3807384 ], [ 79.5414174, 29.3812433 ], [ 79.5411189, 29.3822216 ], [ 79.5399297, 29.3826558 ], [ 79.5369774, 29.3832721 ], [ 79.5336469, 29.3828385 ], [ 79.5304495, 29.3836757 ], [ 79.5295424, 29.3852655 ], [ 79.5296586, 29.3870377 ], [ 79.5301483, 29.3874982 ], [ 79.5302184, 29.3884597 ], [ 79.5307908, 29.3886765 ], [ 79.5315865, 29.3905475 ], [ 79.5323459, 29.3911594 ], [ 79.532375, 29.3931931 ], [ 79.533747, 29.3943232 ], [ 79.5346579, 29.3938453 ], [ 79.5364251, 29.3900486 ], [ 79.5380918, 29.3889774 ] ] ] } },
{ "type": "Feature", "properties": { "gp_code": "", "gp_name": "", "blkname": "BHIMTAL", "dtname": "Nainital", "SHAPE_Area": 745652.92405699613 }, "geometry": { "type": "Polygon", "coordinates": [ [ [ 79.5414174, 29.3812433 ], [ 79.5388147, 29.3807625 ], [ 79.5369631, 29.3765248 ], [ 79.533943, 29.3738404 ], [ 79.5316602, 29.375679 ], [ 79.5315308, 29.3771287 ], [ 79.5310047, 29.3781854 ], [ 79.5319919, 29.3808216 ], [ 79.5334775, 29.3821709 ], [ 79.5336469, 29.3828385 ], [ 79.5369774, 29.3832721 ], [ 79.5411189, 29.3822216 ], [ 79.5414174, 29.3812433 ] ] ] } },
{ "type": "Feature", "properties": { "gp_code": "", "gp_name": "", "blkname": "RAMGARH", "dtname": "Nainital", "SHAPE_Area": 19457396.549772393 }, "geometry": { "type": "Polygon", "coordinates": [ [ [ 79.5421534, 29.4162939 ], [ 79.5440215, 29.4143292 ], [ 79.5452322, 29.4120117 ], [ 79.5482268, 29.4106843 ], [ 79.549938, 29.4105272 ], [ 79.55172, 29.4096315 ], [ 79.553722, 29.4077709 ], [ 79.5589924, 29.4049002 ], [ 79.5598471, 29.4025731 ], [ 79.5623009, 29.401124 ], [ 79.5642029, 29.3975291 ], [ 79.5670761, 29.3971001 ], [ 79.5685301, 29.3962173 ], [ 79.5708556, 29.3924514 ], [ 79.5745949, 29.3840368 ], [ 79.5737951, 29.3793228 ], [ 79.5728371, 29.3766996 ], [ 79.5728739, 29.3747937 ], [ 79.5740893, 29.372891 ], [ 79.5744177, 29.3713091 ], [ 79.5734422, 29.3715791 ], [ 79.5726863, 29.3722657 ], [ 79.5707832, 29.372664 ], [ 79.5684144, 29.3737392 ], [ 79.5678508, 29.3733001 ], [ 79.5678183, 29.3708897 ], [ 79.5701124, 29.3706018 ], [ 79.5729449, 29.3687889 ], [ 79.5756913, 29.3677041 ], [ 79.5773948, 29.3676513 ], [ 79.5804411, 29.3689361 ], [ 79.5829683, 29.36749 ], [ 79.5856538, 29.3651078 ], [ 79.5861481, 29.3636799 ], [ 79.5876286, 29.362416 ], [ 79.5879298, 29.3604799 ], [ 79.5907614, 29.3561112 ], [ 79.5908116, 29.3557526 ], [ 79.5897067, 29.3543724 ], [ 79.5897085, 29.3538164 ], [ 79.5822273, 29.3529077 ], [ 79.5716638, 29.3525654 ], [ 79.5695184, 29.3542193 ], [ 79.5677877, 29.3550396 ], [ 79.5636105, 29.3599782 ], [ 79.5592216, 29.3644856 ], [ 79.5583192, 29.3672163 ], [ 79.5578141, 29.3675375 ], [ 79.561397, 29.3695798 ], [ 79.5652618, 29.3712451 ], [ 79.5654242, 29.371676 ], [ 79.5611669, 29.3743596 ], [ 79.5587762, 29.3767093 ], [ 79.5560541, 29.376514 ], [ 79.5521211, 29.3770196 ], [ 79.5502759, 29.376876 ], [ 79.549841, 29.3779171 ], [ 79.5475558, 29.3801846 ], [ 79.548523, 29.3822175 ], [ 79.549613, 29.3865317 ], [ 79.549981, 29.3898047 ], [ 79.5493258, 29.3911648 ], [ 79.5497325, 29.3942146 ], [ 79.5491386, 29.3953176 ], [ 79.5466221, 29.3980507 ], [ 79.5454833, 29.4003285 ], [ 79.5453849, 29.4025877 ], [ 79.5457979, 29.4061036 ], [ 79.5454527, 29.4064183 ], [ 79.544757, 29.4062442 ], [ 79.5445296, 29.4053767 ], [ 79.5437443, 29.3987526 ], [ 79.5425162, 29.3941583 ], [ 79.5420924, 29.3935833 ], [ 79.5407329, 29.3935077 ], [ 79.5393683, 29.3948272 ], [ 79.5366217, 29.4009667 ], [ 79.5363263, 29.401095 ], [ 79.5345559, 29.3970299 ], [ 79.5343158, 29.3955085 ], [ 79.5337853, 29.3949977 ], [ 79.5329264, 29.3947011 ], [ 79.5325222, 29.3948865 ], [ 79.5311697, 29.3935554 ], [ 79.5303273, 29.3931871 ], [ 79.5287875, 29.3931539 ], [ 79.5275878, 29.3941475 ], [ 79.5262966, 29.393369 ], [ 79.5255214, 29.3915304 ], [ 79.5264068, 29.3913394 ], [ 79.5280109, 29.3895364 ], [ 79.527319, 29.3873321 ], [ 79.5233014, 29.3862802 ], [ 79.5222686, 29.3864995 ], [ 79.5217507, 29.3869713 ], [ 79.5215346, 29.3877656 ], [ 79.5210993, 29.3880885 ], [ 79.5221694, 29.3880326 ], [ 79.5236012, 29.3890625 ], [ 79.5240813, 29.3899772 ], [ 79.5215119, 29.3939138 ], [ 79.5215401, 29.3944301 ], [ 79.5282794, 29.3987779 ], [ 79.5308696, 29.4012472 ], [ 79.5320532, 29.4040168 ], [ 79.5340669, 29.4071196 ], [ 79.5361751, 29.4112551 ], [ 79.5365306, 29.4131884 ], [ 79.5380101, 29.4156875 ], [ 79.5382131, 29.4180041 ], [ 79.5393717, 29.4183099 ], [ 79.5421534, 29.4162939 ] ], [ [ 79.5523899, 29.3932499 ], [ 79.5547503, 29.3934185 ], [ 79.5548985, 29.3949175 ], [ 79.5558858, 29.3960034 ], [ 79.5559978, 29.396721 ], [ 79.5549365, 29.39802 ], [ 79.5534783, 29.3980662 ], [ 79.5511083, 29.3965246 ], [ 79.5509171, 29.3950607 ], [ 79.5512063, 29.3943728 ], [ 79.5523899, 29.3932499 ] ], [ [ 79.5589675, 29.3918012 ], [ 79.560275, 29.3940823 ], [ 79.5589188, 29.3942292 ], [ 79.5570818, 29.3925456 ], [ 79.5589675, 29.3918012 ] ] ] } },
{ "type": "Feature", "properties": { "gp_code": "", "gp_name": "", "blkname": "RAMGARH", "dtname": "Nainital", "SHAPE_Area": 63490.870592938561 }, "geometry": { "type": "Polygon", "coordinates": [ [ [ 79.560275, 29.3940823 ], [ 79.5589675, 29.3918012 ], [ 79.5570818, 29.3925456 ], [ 79.5589188, 29.3942292 ], [ 79.560275, 29.3940823 ] ] ] } },
{ "type": "Feature", "properties": { "gp_code": "23945", "gp_name": "GHORAKHAL", "blkname": "RAMGARH", "dtname": "Nainital", "SHAPE_Area": 254321.85583898798 }, "geometry": { "type": "Polygon", "coordinates": [ [ [ 79.5546422, 29.3932957 ], [ 79.5523899, 29.3932499 ], [ 79.5512063, 29.3943728 ], [ 79.5509171, 29.3950607 ], [ 79.5511083, 29.3965246 ], [ 79.5534783, 29.3980662 ], [ 79.5549365, 29.39802 ], [ 79.5559978, 29.396721 ], [ 79.5558858, 29.3960034 ], [ 79.5548985, 29.3949175 ], [ 79.5546422, 29.3932957 ] ] ] } },
{ "type": "Feature", "properties": { "gp_code": "", "gp_name": "", "blkname": "RAMGARH", "dtname": "Nainital", "SHAPE_Area": 1255935.8131813386 }, "geometry": { "type": "Polygon", "coordinates": [ [ [ 79.5584394, 29.420637 ], [ 79.5586042, 29.4176756 ], [ 79.5597004, 29.4171322 ], [ 79.5623292, 29.4146566 ], [ 79.5570958, 29.4128274 ], [ 79.5561239, 29.4128359 ], [ 79.555753, 29.4134039 ], [ 79.5505846, 29.4107179 ], [ 79.5491059, 29.4104978 ], [ 79.5452322, 29.4120117 ], [ 79.5440215, 29.4143292 ], [ 79.5431712, 29.4150689 ], [ 79.5451156, 29.4149327 ], [ 79.5508418, 29.4162509 ], [ 79.5526312, 29.4179426 ], [ 79.5538315, 29.4184316 ], [ 79.5552518, 29.4198996 ], [ 79.5566457, 29.4201462 ], [ 79.5572975, 29.4210386 ], [ 79.5584394, 29.420637 ] ] ] } },
{ "type": "Feature", "properties": { "gp_code": "23980", "gp_name": "UMA GARH", "blkname": "RAMGARH", "dtname": "Nainital", "SHAPE_Area": 8510416.3279099222 }, "geometry": { "type": "Polygon", "coordinates": [ [ [ 79.568526, 29.4483887 ], [ 79.5680364, 29.4447499 ], [ 79.5711098, 29.4445873 ], [ 79.5710958, 29.444196 ], [ 79.5696131, 29.4428024 ], [ 79.5696739, 29.4425114 ], [ 79.5739864, 29.4418627 ], [ 79.5742576, 29.4414452 ], [ 79.5730582, 29.4406324 ], [ 79.5670756, 29.4399958 ], [ 79.5662604, 29.4394876 ], [ 79.5663464, 29.4391641 ], [ 79.5683282, 29.4388523 ], [ 79.5678842, 29.4380078 ], [ 79.5681549, 29.4377252 ], [ 79.5717433, 29.4386051 ], [ 79.5717031, 29.4381394 ], [ 79.5694368, 29.4347804 ], [ 79.5695227, 29.4344501 ], [ 79.5711266, 29.434225 ], [ 79.5712842, 29.4332 ], [ 79.5698468, 29.4314288 ], [ 79.5689845, 29.4296721 ], [ 79.5693044, 29.429673 ], [ 79.5696408, 29.4278398 ], [ 79.5694762, 29.4268062 ], [ 79.5683289, 29.4243204 ], [ 79.5675923, 29.4234279 ], [ 79.5676567, 29.4226185 ], [ 79.5659743, 29.4211365 ], [ 79.5648852, 29.4174836 ], [ 79.5632588, 29.4154147 ], [ 79.5623292, 29.4146566 ], [ 79.5597004, 29.4171322 ], [ 79.5586042, 29.4176756 ], [ 79.5584394, 29.420637 ], [ 79.5572975, 29.4210386 ], [ 79.5566457, 29.4201462 ], [ 79.5552518, 29.4198996 ], [ 79.5545214, 29.4194117 ], [ 79.5538315, 29.4184316 ], [ 79.5526312, 29.4179426 ], [ 79.5508418, 29.4162509 ], [ 79.5451156, 29.4149327 ], [ 79.5431712, 29.4150689 ], [ 79.5421534, 29.4162939 ], [ 79.5393717, 29.4183099 ], [ 79.5415212, 29.4212811 ], [ 79.5412188, 29.4230918 ], [ 79.5417896, 29.4250297 ], [ 79.5443529, 29.4278975 ], [ 79.5458413, 29.4309146 ], [ 79.5515995, 29.430414 ], [ 79.5526357, 29.4315638 ], [ 79.5547297, 29.4321836 ], [ 79.5553297, 29.4325225 ], [ 79.5556432, 29.4331981 ], [ 79.5567939, 29.4336052 ], [ 79.5561999, 29.4369641 ], [ 79.5555044, 29.4374951 ], [ 79.5535456, 29.4378271 ], [ 79.5527559, 29.4388098 ], [ 79.5528049, 29.4401727 ], [ 79.5544783, 29.4441914 ], [ 79.5555199, 29.4457507 ], [ 79.5554788, 29.4467713 ], [ 79.5551228, 29.4471346 ], [ 79.5576425, 29.4473776 ], [ 79.5585546, 29.4466178 ], [ 79.5590821, 29.4456748 ], [ 79.5611806, 29.4451138 ], [ 79.568526, 29.4483887 ] ] ] } },
{ "type": "Feature", "properties": { "gp_code": "23959", "gp_name": "MALLI SINAULI", "blkname": "RAMGARH", "dtname": "Nainital", "SHAPE_Area": 639625.1954401877 }, "geometry": { "type": "Polygon", "coordinates": [ [ [ 79.5717756, 29.4170972 ], [ 79.5714762, 29.4167389 ], [ 79.5689391, 29.4195253 ], [ 79.5675393, 29.4231241 ], [ 79.5694762, 29.4268062 ], [ 79.5696408, 29.4278398 ], [ 79.5693044, 29.429673 ], [ 79.570429, 29.4298311 ], [ 79.5714539, 29.4295139 ], [ 79.5724263, 29.4262057 ], [ 79.5738939, 29.4250141 ], [ 79.5738175, 29.4238156 ], [ 79.5730121, 29.4216342 ], [ 79.5723074, 29.4207548 ], [ 79.5717707, 29.4185005 ], [ 79.5717756, 29.4170972 ] ] ] } },
{ "type": "Feature", "properties": { "gp_code": "", "gp_name": "", "blkname": "RAMGARH", "dtname": "Nainital", "SHAPE_Area": 1661183.7986874541 }, "geometry": { "type": "Polygon", "coordinates": [ [ [ 79.5714762, 29.4167389 ], [ 79.5708563, 29.4155295 ], [ 79.5680898, 29.4133633 ], [ 79.5675993, 29.4125928 ], [ 79.5676362, 29.4108793 ], [ 79.5671008, 29.4097443 ], [ 79.5636921, 29.4068617 ], [ 79.5613051, 29.4057616 ], [ 79.5599179, 29.4058118 ], [ 79.5578197, 29.4064807 ], [ 79.5569066, 29.4075846 ], [ 79.5563466, 29.4090269 ], [ 79.5561239, 29.4128359 ], [ 79.5586971, 29.4132366 ], [ 79.5615907, 29.414297 ], [ 79.5632588, 29.4154147 ], [ 79.5648852, 29.4174836 ], [ 79.5659743, 29.4211365 ], [ 79.5676567, 29.4226185 ], [ 79.5689391, 29.4195253 ], [ 79.5714762, 29.4167389 ] ] ] } },
{ "type": "Feature", "properties": { "gp_code": "", "gp_name": "", "blkname": "RAMGARH", "dtname": "Nainital", "SHAPE_Area": 33528851.439167418 }, "geometry": { "type": "Polygon", "coordinates": [ [ [ 79.5800591, 29.4443545 ], [ 79.5857106, 29.4438093 ], [ 79.5853391, 29.4419463 ], [ 79.5859128, 29.4409763 ], [ 79.5888352, 29.4382583 ], [ 79.5889015, 29.4368687 ], [ 79.5879392, 29.4342216 ], [ 79.5879047, 29.4307134 ], [ 79.5898562, 29.4278713 ], [ 79.5924779, 29.4262408 ], [ 79.5952859, 29.4265493 ], [ 79.5979724, 29.429421 ], [ 79.5998505, 29.4305816 ], [ 79.6002839, 29.4312361 ], [ 79.6029247, 29.4332136 ], [ 79.605408, 29.4347251 ], [ 79.6093672, 29.4382351 ], [ 79.6106926, 29.4383193 ], [ 79.6118982, 29.4372901 ], [ 79.6127616, 29.4372112 ], [ 79.6134696, 29.4375637 ], [ 79.614598, 29.4365275 ], [ 79.6151872, 29.4354224 ], [ 79.6148075, 29.4347709 ], [ 79.6089904, 29.4306445 ], [ 79.6060537, 29.4305648 ], [ 79.6045927, 29.4297509 ], [ 79.603563, 29.4288637 ], [ 79.6032731, 29.4278785 ], [ 79.6002909, 29.4254688 ], [ 79.6004545, 29.4249498 ], [ 79.60162, 29.424123 ], [ 79.6034254, 29.4236887 ], [ 79.6051582, 29.4240371 ], [ 79.6075129, 29.4251493 ], [ 79.6117617, 29.424296 ], [ 79.6127519, 29.423708 ], [ 79.6120524, 29.4214171 ], [ 79.6106033, 29.4208154 ], [ 79.606257, 29.4208652 ], [ 79.6035785, 29.4198267 ], [ 79.6022559, 29.4189599 ], [ 79.6004466, 29.4160678 ], [ 79.6007131, 29.4146922 ], [ 79.6023354, 29.4134008 ], [ 79.6035422, 29.4119196 ], [ 79.6041335, 29.4101533 ], [ 79.6036056, 29.4065628 ], [ 79.6033902, 29.4012276 ], [ 79.6043021, 29.3976027 ], [ 79.6040706, 29.3961199 ], [ 79.6013363, 29.3934952 ], [ 79.5998696, 29.3896324 ], [ 79.5981148, 29.3864381 ], [ 79.5979278, 29.3850126 ], [ 79.5982694, 29.3841768 ], [ 79.5994114, 29.3836129 ], [ 79.5989238, 29.3819654 ], [ 79.5989301, 29.3800223 ], [ 79.5996733, 29.3788636 ], [ 79.6025844, 29.376947 ], [ 79.6046789, 29.3745578 ], [ 79.6049276, 29.3738702 ], [ 79.6060401, 29.3730668 ], [ 79.6057175, 29.3725632 ], [ 79.6037448, 29.3728147 ], [ 79.6030993, 29.3723408 ], [ 79.6031311, 29.3720036 ], [ 79.6049833, 29.370915 ], [ 79.6047875, 29.3695315 ], [ 79.6116203, 29.3669436 ], [ 79.6130281, 29.3650847 ], [ 79.6126626, 29.3637209 ], [ 79.6117422, 29.3624907 ], [ 79.6152964, 29.3594823 ], [ 79.6120456, 29.3587816 ], [ 79.6082309, 29.3589989 ], [ 79.6055219, 29.3599272 ], [ 79.6041062, 29.3607536 ], [ 79.60289, 29.3620849 ], [ 79.6019411, 29.3617741 ], [ 79.601927, 29.3610423 ], [ 79.6015193, 29.3604961 ], [ 79.6003807, 29.3606225 ], [ 79.5928355, 29.3640468 ], [ 79.5831304, 29.3716259 ], [ 79.5826525, 29.3724855 ], [ 79.5826186, 29.3733156 ], [ 79.5843774, 29.3758328 ], [ 79.5845867, 29.3769094 ], [ 79.5845668, 29.3779854 ], [ 79.5838757, 29.3788874 ], [ 79.5832852, 29.3791441 ], [ 79.5824504, 29.3789698 ], [ 79.5786411, 29.3768222 ], [ 79.5777126, 29.3753133 ], [ 79.5782571, 29.3741527 ], [ 79.5781473, 29.3727464 ], [ 79.5772174, 29.3716393 ], [ 79.5764243, 29.3712713 ], [ 79.5744177, 29.3713091 ], [ 79.5740893, 29.372891 ], [ 79.5728739, 29.3747937 ], [ 79.5728371, 29.3766996 ], [ 79.5737951, 29.3793228 ], [ 79.5745949, 29.3840368 ], [ 79.5733827, 29.3871639 ], [ 79.5696695, 29.3945394 ], [ 79.5685301, 29.3962173 ], [ 79.5670761, 29.3971001 ], [ 79.5642029, 29.3975291 ], [ 79.5623009, 29.401124 ], [ 79.5598471, 29.4025731 ], [ 79.5589924, 29.4049002 ], [ 79.5553583, 29.4067166 ], [ 79.553722, 29.4077709 ], [ 79.55172, 29.4096315 ], [ 79.549938, 29.4105272 ], [ 79.555753, 29.4134039 ], [ 79.5561239, 29.4128359 ], [ 79.5563466, 29.4090269 ], [ 79.5569066, 29.4075846 ], [ 79.5578197, 29.4064807 ], [ 79.5587769, 29.4059976 ], [ 79.5613051, 29.4057616 ], [ 79.5636921, 29.4068617 ], [ 79.5671008, 29.4097443 ], [ 79.5676362, 29.4108793 ], [ 79.5675993, 29.4125928 ], [ 79.5680898, 29.4133633 ], [ 79.5708563, 29.4155295 ], [ 79.5717756, 29.4170972 ], [ 79.5717707, 29.4185005 ], [ 79.5723074, 29.4207548 ], [ 79.5730121, 29.4216342 ], [ 79.5738175, 29.4238156 ], [ 79.5738939, 29.4250141 ], [ 79.5724263, 29.4262057 ], [ 79.5714539, 29.4295139 ], [ 79.570429, 29.4298311 ], [ 79.5689845, 29.4296721 ], [ 79.5698468, 29.4314288 ], [ 79.5712842, 29.4332 ], [ 79.5711266, 29.434225 ], [ 79.5695227, 29.4344501 ], [ 79.5694368, 29.4347804 ], [ 79.5717031, 29.4381394 ], [ 79.5717433, 29.4386051 ], [ 79.5681549, 29.4377252 ], [ 79.5678842, 29.4380078 ], [ 79.5683282, 29.4388523 ], [ 79.5662225, 29.4393054 ], [ 79.5670756, 29.4399958 ], [ 79.5730582, 29.4406324 ], [ 79.5742576, 29.4414452 ], [ 79.5739864, 29.4418627 ], [ 79.5696739, 29.4425114 ], [ 79.5696131, 29.4428024 ], [ 79.5711798, 29.4444121 ], [ 79.5706393, 29.4446806 ], [ 79.5680364, 29.4447499 ], [ 79.568526, 29.4483887 ], [ 79.569778, 29.4485776 ], [ 79.5718984, 29.4473558 ], [ 79.5752798, 29.4467842 ], [ 79.5800591, 29.4443545 ] ], [ [ 79.5901329, 29.3974392 ], [ 79.587323, 29.3975181 ], [ 79.5860412, 29.3981062 ], [ 79.582716, 29.3985535 ], [ 79.5823631, 29.3979745 ], [ 79.5825705, 29.3931302 ], [ 79.5830181, 29.3915461 ], [ 79.5846607, 29.3902592 ], [ 79.5871633, 29.3901464 ], [ 79.590273, 29.3922605 ], [ 79.5906714, 29.3932845 ], [ 79.5893692, 29.3955578 ], [ 79.5894013, 29.3959847 ], [ 79.5905106, 29.3971675 ], [ 79.5901329, 29.3974392 ] ], [ [ 79.5980705, 29.3747413 ], [ 79.5971955, 29.3743375 ], [ 79.5955983, 29.3744052 ], [ 79.5954936, 29.3738526 ], [ 79.5984248, 29.3715572 ], [ 79.6008396, 29.3706594 ], [ 79.6016088, 29.3708442 ], [ 79.60164, 29.3713213 ], [ 79.6004313, 29.3728355 ], [ 79.6010169, 29.3740851 ], [ 79.5992483, 29.3752105 ], [ 79.5990492, 29.3761342 ], [ 79.5968614, 29.3788272 ], [ 79.5959734, 29.3789367 ], [ 79.5938018, 29.3777865 ], [ 79.5937877, 29.3770548 ], [ 79.5945175, 29.3758567 ], [ 79.5957234, 29.3762276 ], [ 79.5968899, 29.3751114 ], [ 79.5980705, 29.3747413 ] ] ] } },
{ "type": "Feature", "properties": { "gp_code": "", "gp_name": "", "blkname": "RAMGARH", "dtname": "Nainital", "SHAPE_Area": 767049.81099412218 }, "geometry": { "type": "Polygon", "coordinates": [ [ [ 79.5901329, 29.3974392 ], [ 79.5905106, 29.3971675 ], [ 79.5894013, 29.3959847 ], [ 79.5893692, 29.3955578 ], [ 79.5906714, 29.3932845 ], [ 79.590273, 29.3922605 ], [ 79.5871633, 29.3901464 ], [ 79.5846607, 29.3902592 ], [ 79.5830181, 29.3915461 ], [ 79.5825705, 29.3931302 ], [ 79.5823631, 29.3979745 ], [ 79.582716, 29.3985535 ], [ 79.5860412, 29.3981062 ], [ 79.587323, 29.3975181 ], [ 79.5901329, 29.3974392 ] ] ] } },
{ "type": "Feature", "properties": { "gp_code": "23736", "gp_name": "PANYALI", "blkname": "RAMGARH", "dtname": "Nainital", "SHAPE_Area": 405781.93576319865 }, "geometry": { "type": "Polygon", "coordinates": [ [ [ 79.5980705, 29.3747413 ], [ 79.5968899, 29.3751114 ], [ 79.5957234, 29.3762276 ], [ 79.5945175, 29.3758567 ], [ 79.5937877, 29.3770548 ], [ 79.5938018, 29.3777865 ], [ 79.5959734, 29.3789367 ], [ 79.5968614, 29.3788272 ], [ 79.5990492, 29.3761342 ], [ 79.5992483, 29.3752105 ], [ 79.6010169, 29.3740851 ], [ 79.6004313, 29.3728355 ], [ 79.60164, 29.3713213 ], [ 79.6016088, 29.3708442 ], [ 79.6008396, 29.3706594 ], [ 79.5984248, 29.3715572 ], [ 79.5954936, 29.3738526 ], [ 79.5955983, 29.3744052 ], [ 79.5971955, 29.3743375 ], [ 79.5980705, 29.3747413 ] ] ] } },
{ "type": "Feature", "properties": { "gp_code": "23931", "gp_name": "CHAPHI", "blkname": "RAMGARH", "dtname": "Nainital", "SHAPE_Area": 504520.48007288948 }, "geometry": { "type": "Polygon", "coordinates": [ [ [ 79.5930748, 29.3535739 ], [ 79.591185, 29.3530311 ], [ 79.5898739, 29.3533291 ], [ 79.5897067, 29.3543724 ], [ 79.5908116, 29.3557526 ], [ 79.5907614, 29.3561112 ], [ 79.5879298, 29.3604799 ], [ 79.5876286, 29.362416 ], [ 79.5861481, 29.3636799 ], [ 79.5856538, 29.3651078 ], [ 79.5840691, 29.3664688 ], [ 79.5841782, 29.3668959 ], [ 79.5851295, 29.3672053 ], [ 79.588843, 29.3629194 ], [ 79.5889309, 29.3611262 ], [ 79.5892271, 29.3606894 ], [ 79.5900624, 29.3602511 ], [ 79.5913908, 29.3605937 ], [ 79.5925446, 29.3603894 ], [ 79.5933821, 29.3597172 ], [ 79.5935051, 29.3585894 ], [ 79.5928399, 29.3552825 ], [ 79.5930748, 29.3535739 ] ] ] } },
{ "type": "Feature", "properties": { "gp_code": "23653", "gp_name": "ALCHONA", "blkname": "BHIMTAL", "dtname": "Nainital", "SHAPE_Area": 3327991.6861914913 }, "geometry": { "type": "Polygon", "coordinates": [ [ [ 79.5831304, 29.3716259 ], [ 79.5928355, 29.3640468 ], [ 79.594549, 29.3634701 ], [ 79.5959774, 29.3624192 ], [ 79.5979035, 29.361886 ], [ 79.5993316, 29.3608996 ], [ 79.6015193, 29.3604961 ], [ 79.6023378, 29.3587622 ], [ 79.6019225, 29.353887 ], [ 79.6031693, 29.3528953 ], [ 79.603418, 29.3521941 ], [ 79.6030936, 29.3515158 ], [ 79.6006062, 29.3508147 ], [ 79.5990456, 29.3508534 ], [ 79.595402, 29.3498029 ], [ 79.5933566, 29.3500811 ], [ 79.5928881, 29.350582 ], [ 79.5921782, 29.3531177 ], [ 79.5930748, 29.3535739 ], [ 79.5928399, 29.3552825 ], [ 79.5935051, 29.3585894 ], [ 79.5933821, 29.3597172 ], [ 79.5925446, 29.3603894 ], [ 79.5913908, 29.3605937 ], [ 79.5900624, 29.3602511 ], [ 79.5892271, 29.3606894 ], [ 79.5889309, 29.3611262 ], [ 79.588843, 29.3629194 ], [ 79.5851295, 29.3672053 ], [ 79.5841782, 29.3668959 ], [ 79.5840691, 29.3664688 ], [ 79.5825906, 29.3677617 ], [ 79.5804411, 29.3689361 ], [ 79.5773948, 29.3676513 ], [ 79.5756913, 29.3677041 ], [ 79.5729449, 29.3687889 ], [ 79.5701124, 29.3706018 ], [ 79.5680237, 29.370668 ], [ 79.5677188, 29.3712267 ], [ 79.5678508, 29.3733001 ], [ 79.5684144, 29.3737392 ], [ 79.5707832, 29.372664 ], [ 79.5726863, 29.3722657 ], [ 79.5734422, 29.3715791 ], [ 79.5744177, 29.3713091 ], [ 79.5764243, 29.3712713 ], [ 79.5772174, 29.3716393 ], [ 79.5781473, 29.3727464 ], [ 79.5782571, 29.3741527 ], [ 79.5777126, 29.3753133 ], [ 79.5786411, 29.3768222 ], [ 79.5824504, 29.3789698 ], [ 79.5832852, 29.3791441 ], [ 79.5838757, 29.3788874 ], [ 79.5845668, 29.3779854 ], [ 79.5845867, 29.3769094 ], [ 79.5843774, 29.3758328 ], [ 79.5826186, 29.3733156 ], [ 79.5826525, 29.3724855 ], [ 79.5831304, 29.3716259 ] ] ] } },
{ "type": "Feature", "properties": { "gp_code": "", "gp_name": "", "blkname": "BHIMTAL", "dtname": "Nainital", "SHAPE_Area": 238122.0190737365 }, "geometry": { "type": "Polygon", "coordinates": [ [ [ 79.5921782, 29.3531177 ], [ 79.5928881, 29.350582 ], [ 79.5933566, 29.3500811 ], [ 79.5946502, 29.3497585 ], [ 79.5933953, 29.3477362 ], [ 79.5902755, 29.3495321 ], [ 79.5886241, 29.3512096 ], [ 79.5898739, 29.3533291 ], [ 79.5921782, 29.3531177 ] ] ] } },
{ "type": "Feature", "properties": { "gp_code": "259949", "gp_name": "Harnagar Jangalia Gaon", "blkname": "BHIMTAL", "dtname": "Nainital", "SHAPE_Area": 3560765.8054781612 }, "geometry": { "type": "Polygon", "coordinates": [ [ [ 79.5902755, 29.3495321 ], [ 79.5943438, 29.3470231 ], [ 79.5947421, 29.3439211 ], [ 79.5953866, 29.3421614 ], [ 79.593241, 29.3418381 ], [ 79.5929319, 29.3411501 ], [ 79.5932335, 29.3404212 ], [ 79.5954506, 29.3386662 ], [ 79.5976158, 29.3391924 ], [ 79.5983648, 29.3388825 ], [ 79.5986487, 29.3369746 ], [ 79.5977285, 29.3356221 ], [ 79.5980597, 29.3332142 ], [ 79.5995245, 29.3303273 ], [ 79.599429, 29.3289727 ], [ 79.5987127, 29.3281636 ], [ 79.5977946, 29.3280432 ], [ 79.5976176, 29.3270814 ], [ 79.5862206, 29.3176114 ], [ 79.5850337, 29.3194556 ], [ 79.5882085, 29.3217201 ], [ 79.5890393, 29.3229849 ], [ 79.5889727, 29.3233148 ], [ 79.586322, 29.32282 ], [ 79.5857571, 29.3252722 ], [ 79.5852468, 29.3260457 ], [ 79.5843451, 29.3264164 ], [ 79.588849, 29.3303845 ], [ 79.5893539, 29.3311605 ], [ 79.5890808, 29.3320638 ], [ 79.5855927, 29.3321696 ], [ 79.5881638, 29.3345149 ], [ 79.5895819, 29.3364555 ], [ 79.5874418, 29.3398791 ], [ 79.5869755, 29.342231 ], [ 79.5869994, 29.3436443 ], [ 79.5877878, 29.3465875 ], [ 79.5873328, 29.3504315 ], [ 79.5886241, 29.3512096 ], [ 79.5902755, 29.3495321 ] ] ] } },
{ "type": "Feature", "properties": { "gp_code": "", "gp_name": "", "blkname": "BHIMTAL", "dtname": "Nainital", "SHAPE_Area": 65807.680491821564 }, "geometry": { "type": "Polygon", "coordinates": [ [ [ 79.5978735, 29.3186818 ], [ 79.5986183, 29.320839 ], [ 79.5994214, 29.3205718 ], [ 79.6005912, 29.3189097 ], [ 79.598848, 29.3181671 ], [ 79.5978735, 29.3186818 ] ] ] } },
{ "type": "Feature", "properties": { "gp_code": "", "gp_name": "", "blkname": "BHIMTAL", "dtname": "Nainital", "SHAPE_Area": 284769.33202841616 }, "geometry": { "type": "Polygon", "coordinates": [ [ [ 79.5867096, 29.3287003 ], [ 79.5843451, 29.3264164 ], [ 79.5834931, 29.3266007 ], [ 79.5830848, 29.326284 ], [ 79.5827623, 29.324834 ], [ 79.5814872, 29.3230084 ], [ 79.5801511, 29.3235 ], [ 79.5797887, 29.3277676 ], [ 79.5813254, 29.327777 ], [ 79.5815202, 29.3283568 ], [ 79.5820863, 29.3285735 ], [ 79.5830763, 29.3279554 ], [ 79.5843158, 29.3296697 ], [ 79.5867096, 29.3287003 ] ] ] } },
{ "type": "Feature", "properties": { "gp_code": "", "gp_name": "", "blkname": "BHIMTAL", "dtname": "Nainital", "SHAPE_Area": 427534.49487264326 }, "geometry": { "type": "Polygon", "coordinates": [ [ [ 79.5834931, 29.3266007 ], [ 79.5852468, 29.3260457 ], [ 79.5857571, 29.3252722 ], [ 79.586322, 29.32282 ], [ 79.5887268, 29.3234289 ], [ 79.5890393, 29.3229849 ], [ 79.5882085, 29.3217201 ], [ 79.5838199, 29.3182868 ], [ 79.5834108, 29.3182427 ], [ 79.5830326, 29.3187008 ], [ 79.5829104, 29.3209532 ], [ 79.5814872, 29.3230084 ], [ 79.5827623, 29.324834 ], [ 79.5830848, 29.326284 ], [ 79.5834931, 29.3266007 ] ] ] } },
{ "type": "Feature", "properties": { "gp_code": "243343", "gp_name": "CHANAUTI", "blkname": "BHIMTAL", "dtname": "Nainital", "SHAPE_Area": 3542552.6975320806 }, "geometry": { "type": "Polygon", "coordinates": [ [ [ 79.5740738, 29.332674 ], [ 79.575289, 29.3296982 ], [ 79.5794759, 29.3282833 ], [ 79.5800889, 29.3261614 ], [ 79.5801511, 29.3235 ], [ 79.5814872, 29.3230084 ], [ 79.5824489, 29.3218415 ], [ 79.5829104, 29.3209532 ], [ 79.5830326, 29.3187008 ], [ 79.5834108, 29.3182427 ], [ 79.5838199, 29.3182868 ], [ 79.5850337, 29.3194556 ], [ 79.5862206, 29.3176114 ], [ 79.5784097, 29.3120599 ], [ 79.577025, 29.3104989 ], [ 79.5767516, 29.309774 ], [ 79.5753303, 29.3089166 ], [ 79.5737008, 29.3091059 ], [ 79.5727406, 29.3097921 ], [ 79.5721311, 29.3108953 ], [ 79.5718569, 29.3123576 ], [ 79.5706317, 29.313675 ], [ 79.5703664, 29.3146499 ], [ 79.5710338, 29.3157207 ], [ 79.5722428, 29.3164557 ], [ 79.5741566, 29.3169701 ], [ 79.574992, 29.3168576 ], [ 79.5740157, 29.3174756 ], [ 79.5718121, 29.3179001 ], [ 79.5709713, 29.319591 ], [ 79.5701047, 29.3204173 ], [ 79.5683014, 29.3211155 ], [ 79.5672372, 29.321084 ], [ 79.5688371, 29.3224155 ], [ 79.5690887, 29.3253863 ], [ 79.5672357, 29.3261991 ], [ 79.565553, 29.3260774 ], [ 79.5658082, 29.3270562 ], [ 79.5656167, 29.3303126 ], [ 79.5665949, 29.3314918 ], [ 79.5674452, 29.3318384 ], [ 79.5696347, 29.331666 ], [ 79.5729851, 29.3326352 ], [ 79.5735151, 29.3332464 ], [ 79.5740738, 29.332674 ] ] ] } },
{ "type": "Feature", "properties": { "gp_code": "", "gp_name": "", "blkname": "BHIMTAL", "dtname": "Nainital", "SHAPE_Area": 255844.74737168811 }, "geometry": { "type": "Polygon", "coordinates": [ [ [ 79.5786932, 29.3315347 ], [ 79.579943, 29.3299597 ], [ 79.5800932, 29.3290992 ], [ 79.5797887, 29.3277676 ], [ 79.5794759, 29.3282833 ], [ 79.575289, 29.3296982 ], [ 79.5740738, 29.332674 ], [ 79.5735151, 29.3332464 ], [ 79.5743303, 29.3336754 ], [ 79.5754116, 29.3335277 ], [ 79.5773899, 29.3319905 ], [ 79.5786932, 29.3315347 ] ] ] } },
{ "type": "Feature", "properties": { "gp_code": "", "gp_name": "", "blkname": "BHIMTAL", "dtname": "Nainital", "SHAPE_Area": 207989.06726932636 }, "geometry": { "type": "Polygon", "coordinates": [ [ [ 79.582781, 29.3332241 ], [ 79.5820813, 29.3300657 ], [ 79.5820863, 29.3285735 ], [ 79.5815202, 29.3283568 ], [ 79.5813254, 29.327777 ], [ 79.5797887, 29.3277676 ], [ 79.5800932, 29.3290992 ], [ 79.579943, 29.3299597 ], [ 79.5786932, 29.3315347 ], [ 79.5814361, 29.3338663 ], [ 79.582781, 29.3332241 ] ] ] } },
{ "type": "Feature", "properties": { "gp_code": "", "gp_name": "", "blkname": "BHIMTAL", "dtname": "Nainital", "SHAPE_Area": 340634.58867091389 }, "geometry": { "type": "Polygon", "coordinates": [ [ [ 79.5849371, 29.3323687 ], [ 79.5890808, 29.3320638 ], [ 79.5893539, 29.3311605 ], [ 79.588849, 29.3303845 ], [ 79.5867096, 29.3287003 ], [ 79.5843158, 29.3296697 ], [ 79.5830763, 29.3279554 ], [ 79.5820863, 29.3285735 ], [ 79.5820813, 29.3300657 ], [ 79.582781, 29.3332241 ], [ 79.5835904, 29.3335633 ], [ 79.5844503, 29.3334795 ], [ 79.5849371, 29.3323687 ] ] ] } },
{ "type": "Feature", "properties": { "gp_code": "", "gp_name": "", "blkname": "BHIMTAL", "dtname": "Nainital", "SHAPE_Area": 968489.75152516912 }, "geometry": { "type": "Polygon", "coordinates": [ [ [ 79.5869994, 29.3436443 ], [ 79.5874418, 29.3398791 ], [ 79.5895819, 29.3364555 ], [ 79.5881638, 29.3345149 ], [ 79.5855927, 29.3321696 ], [ 79.5849371, 29.3323687 ], [ 79.5846474, 29.3333078 ], [ 79.5840816, 29.333579 ], [ 79.582781, 29.3332241 ], [ 79.5814361, 29.3338663 ], [ 79.5805296, 29.3332437 ], [ 79.5799785, 29.3363661 ], [ 79.5786524, 29.3362909 ], [ 79.578699, 29.3370228 ], [ 79.5797482, 29.3390701 ], [ 79.5838513, 29.3411756 ], [ 79.5858275, 29.3427159 ], [ 79.5864956, 29.3437219 ], [ 79.5869994, 29.3436443 ] ] ] } },
{ "type": "Feature", "properties": { "gp_code": "23693", "gp_name": "PANDEY GAON", "blkname": "BHIMTAL", "dtname": "Nainital", "SHAPE_Area": 4640775.3460962344 }, "geometry": { "type": "Polygon", "coordinates": [ [ [ 79.5897085, 29.3538164 ], [ 79.5898739, 29.3533291 ], [ 79.5886241, 29.3512096 ], [ 79.5873328, 29.3504315 ], [ 79.5877878, 29.3465875 ], [ 79.5869994, 29.3436443 ], [ 79.5864956, 29.3437219 ], [ 79.5858275, 29.3427159 ], [ 79.5838513, 29.3411756 ], [ 79.5799519, 29.3393791 ], [ 79.578699, 29.3370228 ], [ 79.5786524, 29.3362909 ], [ 79.5799785, 29.3363661 ], [ 79.5805296, 29.3332437 ], [ 79.5786932, 29.3315347 ], [ 79.5773899, 29.3319905 ], [ 79.5754116, 29.3335277 ], [ 79.5743303, 29.3336754 ], [ 79.5735151, 29.3332464 ], [ 79.5735122, 29.3340822 ], [ 79.5692949, 29.3385001 ], [ 79.5681053, 29.3391326 ], [ 79.5675134, 29.3390142 ], [ 79.5654985, 29.3413063 ], [ 79.5621801, 29.3436967 ], [ 79.5658674, 29.3457408 ], [ 79.5665153, 29.3477727 ], [ 79.5684771, 29.3487393 ], [ 79.5698115, 29.3511676 ], [ 79.5716638, 29.3525654 ], [ 79.5822273, 29.3529077 ], [ 79.5897085, 29.3538164 ] ] ] } },
{ "type": "Feature", "properties": { "gp_code": "", "gp_name": "", "blkname": "BHIMTAL", "dtname": "Nainital", "SHAPE_Area": 827033.4777184159 }, "geometry": { "type": "Polygon", "coordinates": [ [ [ 79.5588436, 29.34763 ], [ 79.5629007, 29.3430211 ], [ 79.5628863, 29.3424615 ], [ 79.5605403, 29.339069 ], [ 79.5602692, 29.3370386 ], [ 79.5571455, 29.3348199 ], [ 79.5567167, 29.3349253 ], [ 79.5576862, 29.3392979 ], [ 79.5577429, 29.3417372 ], [ 79.5567499, 29.3446758 ], [ 79.5533768, 29.3491071 ], [ 79.5546732, 29.3506602 ], [ 79.5579867, 29.3491198 ], [ 79.5588436, 29.34763 ] ] ] } },
{ "type": "Feature", "properties": { "gp_code": "", "gp_name": "", "blkname": "BHIMTAL", "dtname": "Nainital", "SHAPE_Area": 415137.07106774685 }, "geometry": { "type": "Polygon", "coordinates": [ [ [ 79.5654985, 29.3413063 ], [ 79.5676371, 29.3387544 ], [ 79.5657227, 29.3368305 ], [ 79.5644959, 29.3364685 ], [ 79.5602692, 29.3370386 ], [ 79.5605403, 29.339069 ], [ 79.5624887, 29.341647 ], [ 79.5629007, 29.3430211 ], [ 79.5654985, 29.3413063 ] ] ] } },
{ "type": "Feature", "properties": { "gp_code": "", "gp_name": "", "blkname": "BHIMTAL", "dtname": "Nainital", "SHAPE_Area": 595689.88121353358 }, "geometry": { "type": "Polygon", "coordinates": [ [ [ 79.5557101, 29.3332664 ], [ 79.5555263, 29.3342846 ], [ 79.5560488, 29.3347021 ], [ 79.5567167, 29.3349253 ], [ 79.55865, 29.3342215 ], [ 79.5589126, 29.3351834 ], [ 79.5602357, 29.3360911 ], [ 79.5616089, 29.3367404 ], [ 79.5644959, 29.3364685 ], [ 79.5657227, 29.3368305 ], [ 79.5676371, 29.3387544 ], [ 79.5679271, 29.3368607 ], [ 79.5686525, 29.3360421 ], [ 79.570753, 29.3347134 ], [ 79.5670084, 29.3332542 ], [ 79.5608971, 29.3329513 ], [ 79.5557101, 29.3332664 ] ] ] } },
{ "type": "Feature", "properties": { "gp_code": "", "gp_name": "", "blkname": "BHIMTAL", "dtname": "Nainital", "SHAPE_Area": 55406.141041187679 }, "geometry": { "type": "Polygon", "coordinates": [ [ [ 79.5616089, 29.3367404 ], [ 79.5589126, 29.3351834 ], [ 79.55865, 29.3342215 ], [ 79.5571455, 29.3348199 ], [ 79.5602692, 29.3370386 ], [ 79.5616089, 29.3367404 ] ] ] } },
{ "type": "Feature", "properties": { "gp_code": "23670", "gp_name": "DUNGSIL", "blkname": "BHIMTAL", "dtname": "Nainital", "SHAPE_Area": 1248443.2073307964 }, "geometry": { "type": "Polygon", "coordinates": [ [ [ 79.5735151, 29.3332464 ], [ 79.5729851, 29.3326352 ], [ 79.5696347, 29.331666 ], [ 79.5674452, 29.3318384 ], [ 79.5665949, 29.3314918 ], [ 79.5656167, 29.3303126 ], [ 79.5658082, 29.3270562 ], [ 79.565553, 29.3260774 ], [ 79.5644528, 29.3248759 ], [ 79.5623651, 29.3237467 ], [ 79.5614649, 29.3236725 ], [ 79.5611007, 29.327108 ], [ 79.5591446, 29.3292261 ], [ 79.5588337, 29.3292109 ], [ 79.5582234, 29.3281403 ], [ 79.5571818, 29.3286477 ], [ 79.5562439, 29.3305417 ], [ 79.5557101, 29.3332664 ], [ 79.5608971, 29.3329513 ], [ 79.5670084, 29.3332542 ], [ 79.5706798, 29.3345768 ], [ 79.5706951, 29.3348638 ], [ 79.5686525, 29.3360421 ], [ 79.5679271, 29.3368607 ], [ 79.5675134, 29.3390142 ], [ 79.5677287, 29.3391531 ], [ 79.5692949, 29.3385001 ], [ 79.5735122, 29.3340822 ], [ 79.5735151, 29.3332464 ] ] ] } },
{ "type": "Feature", "properties": { "gp_code": "23682", "gp_name": "KHEROLA PANDEY", "blkname": "BHIMTAL", "dtname": "Nainital", "SHAPE_Area": 1268115.0539755072 }, "geometry": { "type": "Polygon", "coordinates": [ [ [ 79.5688371, 29.3224155 ], [ 79.5672372, 29.321084 ], [ 79.569129, 29.3208738 ], [ 79.5704576, 29.3202031 ], [ 79.5706179, 29.3198191 ], [ 79.5688538, 29.3188177 ], [ 79.5684427, 29.31698 ], [ 79.5665748, 29.3150451 ], [ 79.565658, 29.312711 ], [ 79.5633909, 29.3126403 ], [ 79.5620222, 29.3122167 ], [ 79.5620199, 29.3128733 ], [ 79.5607194, 29.3150029 ], [ 79.5606492, 29.3178533 ], [ 79.5607568, 29.3190397 ], [ 79.5612209, 29.3197548 ], [ 79.5614649, 29.3236725 ], [ 79.5623651, 29.3237467 ], [ 79.5644528, 29.3248759 ], [ 79.565553, 29.3260774 ], [ 79.5672357, 29.3261991 ], [ 79.5690887, 29.3253863 ], [ 79.5688371, 29.3224155 ] ] ] } },
{ "type": "Feature", "properties": { "gp_code": "23702", "gp_name": "SALARI", "blkname": "BHIMTAL", "dtname": "Nainital", "SHAPE_Area": 1810996.5036541149 }, "geometry": { "type": "Polygon", "coordinates": [ [ [ 79.5614649, 29.3236725 ], [ 79.5612209, 29.3197548 ], [ 79.5607568, 29.3190397 ], [ 79.5606492, 29.3178533 ], [ 79.5607194, 29.3150029 ], [ 79.5620199, 29.3128733 ], [ 79.5620222, 29.3122167 ], [ 79.5597419, 29.3098288 ], [ 79.5531931, 29.3053914 ], [ 79.5520681, 29.3041041 ], [ 79.5511093, 29.3044027 ], [ 79.5508877, 29.304577 ], [ 79.5508791, 29.3069705 ], [ 79.5511984, 29.310293 ], [ 79.5525688, 29.3116313 ], [ 79.5524503, 29.3127142 ], [ 79.5546016, 29.3147483 ], [ 79.5545167, 29.3162498 ], [ 79.5557472, 29.3178172 ], [ 79.5556325, 29.3200639 ], [ 79.5571247, 29.3217738 ], [ 79.5571457, 29.3250453 ], [ 79.5594299, 29.3267376 ], [ 79.5595891, 29.3285673 ], [ 79.5611007, 29.327108 ], [ 79.5614649, 29.3236725 ] ] ] } },
{ "type": "Feature", "properties": { "gp_code": "", "gp_name": "", "blkname": "BHIMTAL", "dtname": "Nainital", "SHAPE_Area": 1290046.1665106923 }, "geometry": { "type": "Polygon", "coordinates": [ [ [ 79.5523415, 29.3659265 ], [ 79.5520731, 29.365402 ], [ 79.5546519, 29.3622208 ], [ 79.5545237, 29.3602941 ], [ 79.5536461, 29.3602151 ], [ 79.5537767, 29.3574 ], [ 79.5527734, 29.357452 ], [ 79.5518834, 29.356725 ], [ 79.5523037, 29.3559944 ], [ 79.5527402, 29.3530329 ], [ 79.553388, 29.3534282 ], [ 79.5528337, 29.349866 ], [ 79.5501051, 29.3526274 ], [ 79.5483974, 29.3538565 ], [ 79.5467841, 29.3561332 ], [ 79.5461554, 29.3578675 ], [ 79.5461829, 29.359288 ], [ 79.5469781, 29.3612665 ], [ 79.5466462, 29.3669507 ], [ 79.5470676, 29.3672445 ], [ 79.5496541, 29.366292 ], [ 79.5523415, 29.3659265 ] ] ] } },
{ "type": "Feature", "properties": { "gp_code": "", "gp_name": "", "blkname": "BHIMTAL", "dtname": "Nainital", "SHAPE_Area": 75485.78137557648 }, "geometry": { "type": "Polygon", "coordinates": [ [ [ 79.5537767, 29.3574 ], [ 79.553388, 29.3534282 ], [ 79.5527402, 29.3530329 ], [ 79.5523037, 29.3559944 ], [ 79.5518834, 29.356725 ], [ 79.5527734, 29.357452 ], [ 79.5537767, 29.3574 ] ] ] } },
{ "type": "Feature", "properties": { "gp_code": "260242", "gp_name": "Saun Gaon", "blkname": "BHIMTAL", "dtname": "Nainital", "SHAPE_Area": 3296352.7003268804 }, "geometry": { "type": "Polygon", "coordinates": [ [ [ 79.5583192, 29.3672163 ], [ 79.5592216, 29.3644856 ], [ 79.5636105, 29.3599782 ], [ 79.567459, 29.3553759 ], [ 79.5716638, 29.3525654 ], [ 79.5698115, 29.3511676 ], [ 79.5684771, 29.3487393 ], [ 79.5665153, 29.3477727 ], [ 79.5658674, 29.3457408 ], [ 79.5621801, 29.3436967 ], [ 79.5588436, 29.34763 ], [ 79.5579867, 29.3491198 ], [ 79.5546732, 29.3506602 ], [ 79.5533768, 29.3491071 ], [ 79.5528337, 29.349866 ], [ 79.5537993, 29.3567985 ], [ 79.5536461, 29.3602151 ], [ 79.5545237, 29.3602941 ], [ 79.5546519, 29.3622208 ], [ 79.5520724, 29.3655957 ], [ 79.5523415, 29.3659265 ], [ 79.5550441, 29.3658945 ], [ 79.5578141, 29.3675375 ], [ 79.5583192, 29.3672163 ] ] ] } },
{ "type": "Feature", "properties": { "gp_code": "23675", "gp_name": "HEADIYA GAON", "blkname": "BHIMTAL", "dtname": "Nainital", "SHAPE_Area": 351741.17580383731 }, "geometry": { "type": "Polygon", "coordinates": [ [ [ 79.5590927, 29.368267 ], [ 79.5593306, 29.3693671 ], [ 79.5588669, 29.3743624 ], [ 79.5592976, 29.3764512 ], [ 79.5611669, 29.3743596 ], [ 79.5654242, 29.371676 ], [ 79.5652618, 29.3712451 ], [ 79.5590927, 29.368267 ] ] ] } },
{ "type": "Feature", "properties": { "gp_code": "", "gp_name": "", "blkname": "BHIMTAL", "dtname": "Nainital", "SHAPE_Area": 1914592.1276642585 }, "geometry": { "type": "Polygon", "coordinates": [ [ [ 79.5592976, 29.3764512 ], [ 79.5588669, 29.3743624 ], [ 79.5593306, 29.3693671 ], [ 79.5590927, 29.368267 ], [ 79.5550441, 29.3658945 ], [ 79.5496541, 29.366292 ], [ 79.545931, 29.3676696 ], [ 79.5445614, 29.370449 ], [ 79.5442915, 29.3725573 ], [ 79.5483152, 29.3757778 ], [ 79.5508598, 29.3770161 ], [ 79.5560541, 29.376514 ], [ 79.5587762, 29.3767093 ], [ 79.5592976, 29.3764512 ] ] ] } },
{ "type": "Feature", "properties": { "gp_code": "23687", "gp_name": "MEHRA GAON", "blkname": "BHIMTAL", "dtname": "Nainital", "SHAPE_Area": 2727437.0717772613 }, "geometry": { "type": "Polygon", "coordinates": [ [ [ 79.5475558, 29.3801846 ], [ 79.549841, 29.3779171 ], [ 79.5502759, 29.376876 ], [ 79.5483152, 29.3757778 ], [ 79.5442915, 29.3725573 ], [ 79.5445614, 29.370449 ], [ 79.5451068, 29.3691019 ], [ 79.545931, 29.3676696 ], [ 79.5468418, 29.3672023 ], [ 79.5464925, 29.3664266 ], [ 79.5469184, 29.3641681 ], [ 79.5469781, 29.3612665 ], [ 79.5467281, 29.3602544 ], [ 79.5463607, 29.3599485 ], [ 79.5418217, 29.3627619 ], [ 79.5403626, 29.3631667 ], [ 79.5395284, 29.362863 ], [ 79.5368314, 29.3658072 ], [ 79.53637, 29.3665376 ], [ 79.5359936, 29.3686168 ], [ 79.5350821, 29.3693029 ], [ 79.5340495, 29.3714337 ], [ 79.533943, 29.3738404 ], [ 79.5369631, 29.3765248 ], [ 79.5388147, 29.3807625 ], [ 79.5414174, 29.3812433 ], [ 79.5429754, 29.3807384 ], [ 79.5441008, 29.3798234 ], [ 79.5449946, 29.379539 ], [ 79.5461334, 29.3794705 ], [ 79.5475558, 29.3801846 ] ] ] } },
{ "type": "Feature", "properties": { "gp_code": "23684", "gp_name": "LWESHAL", "blkname": "BHIMTAL", "dtname": "Nainital", "SHAPE_Area": 687836.4248622905 }, "geometry": { "type": "Polygon", "coordinates": [ [ [ 79.5310453, 29.3777774 ], [ 79.5315308, 29.3771287 ], [ 79.5316602, 29.375679 ], [ 79.533943, 29.3738404 ], [ 79.5340495, 29.3714337 ], [ 79.5330986, 29.370854 ], [ 79.5320713, 29.3707001 ], [ 79.5291374, 29.3712081 ], [ 79.5249428, 29.3726771 ], [ 79.5242286, 29.3732197 ], [ 79.5249489, 29.3742732 ], [ 79.5248758, 29.3762385 ], [ 79.525365, 29.3768139 ], [ 79.5288666, 29.3777926 ], [ 79.5310453, 29.3777774 ] ] ] } },
{ "type": "Feature", "properties": { "gp_code": "23706", "gp_name": "SURYA GAON", "blkname": "BHIMTAL", "dtname": "Nainital", "SHAPE_Area": 9626341.9945738763 }, "geometry": { "type": "Polygon", "coordinates": [ [ [ 79.53637, 29.3665376 ], [ 79.5395284, 29.362863 ], [ 79.5403626, 29.3631667 ], [ 79.5418217, 29.3627619 ], [ 79.5463607, 29.3599485 ], [ 79.5461554, 29.3578675 ], [ 79.5467841, 29.3561332 ], [ 79.5483974, 29.3538565 ], [ 79.5501051, 29.3526274 ], [ 79.5541658, 29.3482986 ], [ 79.5567499, 29.3446758 ], [ 79.5577429, 29.3417372 ], [ 79.5576862, 29.3392979 ], [ 79.5567167, 29.3349253 ], [ 79.5560488, 29.3347021 ], [ 79.5554619, 29.3339545 ], [ 79.5562439, 29.3305417 ], [ 79.5571818, 29.3286477 ], [ 79.5582234, 29.3281403 ], [ 79.556871, 29.3267204 ], [ 79.5485874, 29.3214632 ], [ 79.5477679, 29.3216905 ], [ 79.5477468, 29.3229961 ], [ 79.5465721, 29.3240833 ], [ 79.5459902, 29.325866 ], [ 79.5455238, 29.3308741 ], [ 79.5452502, 29.3318275 ], [ 79.5443039, 29.333109 ], [ 79.5447013, 29.3358037 ], [ 79.5445727, 29.337927 ], [ 79.5435821, 29.3412385 ], [ 79.5406781, 29.3405129 ], [ 79.5383732, 29.3416613 ], [ 79.5357194, 29.3419263 ], [ 79.5353151, 29.3415765 ], [ 79.5353198, 29.3392995 ], [ 79.5315808, 29.3396868 ], [ 79.5305764, 29.3389809 ], [ 79.5298685, 29.337795 ], [ 79.5287157, 29.33739 ], [ 79.5281779, 29.336621 ], [ 79.5271427, 29.3376651 ], [ 79.5259841, 29.3408757 ], [ 79.5264448, 29.3424445 ], [ 79.5263513, 29.3433266 ], [ 79.5244234, 29.3442894 ], [ 79.5222119, 29.3444981 ], [ 79.5215258, 29.3454791 ], [ 79.5215267, 29.3469925 ], [ 79.5219148, 29.3472089 ], [ 79.5240761, 29.3462397 ], [ 79.5271806, 29.345926 ], [ 79.5274328, 29.3463572 ], [ 79.5270047, 29.3491035 ], [ 79.5273475, 29.3493771 ], [ 79.5283441, 29.3486212 ], [ 79.529938, 29.346429 ], [ 79.5306428, 29.3462589 ], [ 79.5312784, 29.346531 ], [ 79.5318676, 29.3471664 ], [ 79.5329579, 29.3495298 ], [ 79.5351414, 29.352463 ], [ 79.5382902, 29.3556285 ], [ 79.5378609, 29.3565741 ], [ 79.5325926, 29.3595288 ], [ 79.5309815, 29.3611454 ], [ 79.531743, 29.3633068 ], [ 79.5326689, 29.3699374 ], [ 79.5330986, 29.370854 ], [ 79.5340495, 29.3714337 ], [ 79.5343543, 29.3711802 ], [ 79.5344889, 29.3702337 ], [ 79.5361671, 29.3682443 ], [ 79.53637, 29.3665376 ] ] ] } },
{ "type": "Feature", "properties": { "gp_code": "23688", "gp_name": "NAGARI GAON", "blkname": "BHIMTAL", "dtname": "Nainital", "SHAPE_Area": 3228163.7865455551 }, "geometry": { "type": "Polygon", "coordinates": [ [ [ 79.5329874, 29.3818216 ], [ 79.5319919, 29.3808216 ], [ 79.5310453, 29.3777774 ], [ 79.5288666, 29.3777926 ], [ 79.525365, 29.3768139 ], [ 79.5248758, 29.3762385 ], [ 79.5249489, 29.3742732 ], [ 79.5243796, 29.3732242 ], [ 79.5236584, 29.3733655 ], [ 79.5235566, 29.3742691 ], [ 79.5230621, 29.3750567 ], [ 79.5212332, 29.3757256 ], [ 79.5206521, 29.375645 ], [ 79.5202764, 29.375364 ], [ 79.5194418, 29.3730625 ], [ 79.5164518, 29.3721963 ], [ 79.51439, 29.3696184 ], [ 79.5141956, 29.3690583 ], [ 79.5146263, 29.3678114 ], [ 79.516011, 29.3676506 ], [ 79.5159551, 29.3652258 ], [ 79.5183572, 29.3645299 ], [ 79.5194716, 29.3611939 ], [ 79.5200335, 29.3577881 ], [ 79.5197828, 29.3569696 ], [ 79.5163514, 29.354402 ], [ 79.5156485, 29.3546257 ], [ 79.5134948, 29.3567427 ], [ 79.5132411, 29.3587648 ], [ 79.5122489, 29.3612009 ], [ 79.5122438, 29.3624921 ], [ 79.5118462, 29.3636387 ], [ 79.5114273, 29.3639459 ], [ 79.5097808, 29.3640629 ], [ 79.5103449, 29.3653487 ], [ 79.5099406, 29.3674447 ], [ 79.5100608, 29.3678226 ], [ 79.5112778, 29.3686155 ], [ 79.5117642, 29.3719419 ], [ 79.5124625, 29.3734719 ], [ 79.5143705, 29.3735458 ], [ 79.5177237, 29.376827 ], [ 79.5167185, 29.378352 ], [ 79.5173259, 29.3801041 ], [ 79.517223, 29.3812802 ], [ 79.5169593, 29.3816811 ], [ 79.516468, 29.3816796 ], [ 79.5148032, 29.3801252 ], [ 79.5139847, 29.3799935 ], [ 79.5107278, 29.3813538 ], [ 79.5115851, 29.3820236 ], [ 79.5126029, 29.3835618 ], [ 79.5143854, 29.3843275 ], [ 79.5155159, 29.3842735 ], [ 79.519371, 29.382836 ], [ 79.5222531, 29.3830885 ], [ 79.5238425, 29.3829497 ], [ 79.5248109, 29.3824648 ], [ 79.5274993, 29.3819419 ], [ 79.5291852, 29.3822984 ], [ 79.5329874, 29.3818216 ] ] ] } },
{ "type": "Feature", "properties": { "gp_code": "23665", "gp_name": "BHUMIA DHAR", "blkname": "BHIMTAL", "dtname": "Nainital", "SHAPE_Area": 2398278.6845657234 }, "geometry": { "type": "Polygon", "coordinates": [ [ [ 79.4952757, 29.3667882 ], [ 79.4938082, 29.365198 ], [ 79.4913287, 29.3644653 ], [ 79.4897571, 29.3630559 ], [ 79.488776, 29.3626904 ], [ 79.4872215, 29.3634103 ], [ 79.4857479, 29.363315 ], [ 79.4850218, 29.3638111 ], [ 79.4846823, 29.3646027 ], [ 79.4868219, 29.3662179 ], [ 79.4844154, 29.3666179 ], [ 79.4826505, 29.36813 ], [ 79.482777, 29.3688099 ], [ 79.4847345, 29.3706963 ], [ 79.4857923, 29.3712886 ], [ 79.4870521, 29.3730594 ], [ 79.4883701, 29.3732675 ], [ 79.4885234, 29.373721 ], [ 79.4874044, 29.3754163 ], [ 79.4879699, 29.3762336 ], [ 79.4936956, 29.3800344 ], [ 79.4954763, 29.3809914 ], [ 79.4968462, 29.3811769 ], [ 79.497545, 29.3810432 ], [ 79.4996007, 29.3796896 ], [ 79.4991543, 29.3779676 ], [ 79.49931, 29.3768298 ], [ 79.4956949, 29.3717502 ], [ 79.4960367, 29.3703922 ], [ 79.4965821, 29.3698276 ], [ 79.4967443, 29.368084 ], [ 79.4961027, 29.3669041 ], [ 79.4952757, 29.3667882 ] ] ] } },
{ "type": "Feature", "properties": { "gp_code": "259950", "gp_name": "Sariatal", "blkname": "BHIMTAL", "dtname": "Nainital", "SHAPE_Area": 599388.62796995707 }, "geometry": { "type": "Polygon", "coordinates": [ [ [ 79.4934474, 29.3459651 ], [ 79.4972536, 29.3446178 ], [ 79.4991224, 29.3448241 ], [ 79.4993966, 29.344269 ], [ 79.4984899, 29.343192 ], [ 79.4978547, 29.343034 ], [ 79.4952157, 29.3434788 ], [ 79.4928592, 29.3443775 ], [ 79.4917487, 29.3440795 ], [ 79.4868504, 29.3468956 ], [ 79.4827325, 29.3485587 ], [ 79.4820041, 29.349621 ], [ 79.4834708, 29.3513246 ], [ 79.4842714, 29.3515311 ], [ 79.4853583, 29.3513081 ], [ 79.4873591, 29.3489359 ], [ 79.491735, 29.3474094 ], [ 79.4934474, 29.3459651 ] ] ] } },
{ "type": "Feature", "properties": { "gp_code": "260485", "gp_name": "BALUETI", "blkname": "BHIMTAL", "dtname": "Nainital", "SHAPE_Area": 1080362.3461897469 }, "geometry": { "type": "Polygon", "coordinates": [ [ [ 79.4804538, 29.3432279 ], [ 79.4811202, 29.3445893 ], [ 79.4821282, 29.3447058 ], [ 79.4832978, 29.346683 ], [ 79.4861552, 29.3462365 ], [ 79.4874518, 29.3452892 ], [ 79.4875609, 29.3439304 ], [ 79.4962083, 29.3410128 ], [ 79.4977126, 29.3398169 ], [ 79.4977415, 29.3390694 ], [ 79.4963758, 29.3379552 ], [ 79.4953413, 29.3380425 ], [ 79.4944079, 29.3387191 ], [ 79.4929849, 29.3389638 ], [ 79.4912077, 29.3373499 ], [ 79.4907161, 29.3374163 ], [ 79.4899096, 29.3386597 ], [ 79.4880681, 29.3400583 ], [ 79.4845823, 29.3390051 ], [ 79.483289, 29.3391595 ], [ 79.4823793, 29.3402893 ], [ 79.4819088, 29.3415111 ], [ 79.4804538, 29.3432279 ] ] ] } },
{ "type": "Feature", "properties": { "gp_code": "23666", "gp_name": "CHOPRA", "blkname": "BHIMTAL", "dtname": "Nainital", "SHAPE_Area": 4025047.5447546924 }, "geometry": { "type": "Polygon", "coordinates": [ [ [ 79.4984901, 29.3175311 ], [ 79.4969491, 29.317818 ], [ 79.4934613, 29.317354 ], [ 79.4929724, 29.3168087 ], [ 79.4934937, 29.3157457 ], [ 79.4935255, 29.3142959 ], [ 79.4910469, 29.3136085 ], [ 79.4899237, 29.3101841 ], [ 79.4893575, 29.3095933 ], [ 79.4888914, 29.3097957 ], [ 79.4860363, 29.312641 ], [ 79.4865239, 29.3134809 ], [ 79.4863654, 29.3143185 ], [ 79.4846229, 29.3168728 ], [ 79.4828932, 29.3225307 ], [ 79.4876466, 29.3232482 ], [ 79.4841389, 29.3275638 ], [ 79.4822015, 29.3272178 ], [ 79.4801317, 29.3276189 ], [ 79.479322, 29.3295871 ], [ 79.4795761, 29.33063 ], [ 79.4816915, 29.3316789 ], [ 79.4833205, 29.3316162 ], [ 79.4836219, 29.3337239 ], [ 79.4868264, 29.3340286 ], [ 79.4916643, 29.3331832 ], [ 79.4928309, 29.3323713 ], [ 79.4933275, 29.3310817 ], [ 79.4965627, 29.330163 ], [ 79.4969287, 29.3291674 ], [ 79.4968298, 29.3280571 ], [ 79.49849, 29.3270126 ], [ 79.5008804, 29.3245883 ], [ 79.5028447, 29.3244356 ], [ 79.5038593, 29.3238033 ], [ 79.5033822, 29.3222531 ], [ 79.5013852, 29.3230412 ], [ 79.5006449, 29.3230389 ], [ 79.4997627, 29.3209997 ], [ 79.4992899, 29.3184037 ], [ 79.4984901, 29.3175311 ] ] ] } },
{ "type": "Feature", "properties": { "gp_code": "23669", "gp_name": "DOGRA", "blkname": "BHIMTAL", "dtname": "Nainital", "SHAPE_Area": 430198.27885538223 }, "geometry": { "type": "Polygon", "coordinates": [ [ [ 79.5110625, 29.3190327 ], [ 79.5088206, 29.3187819 ], [ 79.5075766, 29.316633 ], [ 79.5074416, 29.3156068 ], [ 79.5068886, 29.3146724 ], [ 79.5062026, 29.3142542 ], [ 79.5051554, 29.3141075 ], [ 79.5044166, 29.3146217 ], [ 79.5057435, 29.316484 ], [ 79.5055212, 29.3168205 ], [ 79.5037296, 29.3165137 ], [ 79.502205, 29.3170398 ], [ 79.5021866, 29.3175205 ], [ 79.5030653, 29.318879 ], [ 79.5058783, 29.3196339 ], [ 79.5080805, 29.3216637 ], [ 79.5095623, 29.3216467 ], [ 79.5112073, 29.3196932 ], [ 79.5110625, 29.3190327 ] ] ] } },
{ "type": "Feature", "properties": { "gp_code": "", "gp_name": "", "blkname": "BHIMTAL", "dtname": "Nainital", "SHAPE_Area": 36157.941457102061 }, "geometry": { "type": "Polygon", "coordinates": [ [ [ 79.508232, 29.3144684 ], [ 79.5095736, 29.3146806 ], [ 79.5100419, 29.3142301 ], [ 79.5093577, 29.3133743 ], [ 79.5082536, 29.3131269 ], [ 79.5078412, 29.3139292 ], [ 79.508232, 29.3144684 ] ] ] } },
{ "type": "Feature", "properties": { "gp_code": "23667", "gp_name": "DEHRA", "blkname": "BHIMTAL", "dtname": "Nainital", "SHAPE_Area": 611245.2631389359 }, "geometry": { "type": "Polygon", "coordinates": [ [ [ 79.5300583, 29.3102418 ], [ 79.529689, 29.3095748 ], [ 79.5274396, 29.3101634 ], [ 79.5242729, 29.3096014 ], [ 79.5236139, 29.3111178 ], [ 79.5197655, 29.3156261 ], [ 79.5204118, 29.3156926 ], [ 79.5212976, 29.3173668 ], [ 79.5226678, 29.3187052 ], [ 79.525405, 29.3157647 ], [ 79.5267835, 29.3149366 ], [ 79.527785, 29.3126747 ], [ 79.5294253, 29.3112209 ], [ 79.5300583, 29.3102418 ] ] ] } },
{ "type": "Feature", "properties": { "gp_code": "23669", "gp_name": "DOGRA", "blkname": "BHIMTAL", "dtname": "Nainital", "SHAPE_Area": 1730808.6115034763 }, "geometry": { "type": "Polygon", "coordinates": [ [ [ 79.5259121, 29.3244183 ], [ 79.526805, 29.3242702 ], [ 79.5285082, 29.3252581 ], [ 79.529257, 29.3253069 ], [ 79.5310008, 29.3242323 ], [ 79.5321313, 29.3240275 ], [ 79.5323538, 29.3236444 ], [ 79.5316808, 29.3229896 ], [ 79.5311045, 29.3217001 ], [ 79.529837, 29.3213449 ], [ 79.5296772, 29.3203114 ], [ 79.5291884, 29.3196787 ], [ 79.5259171, 29.3193968 ], [ 79.52567, 29.3191483 ], [ 79.5240211, 29.3201297 ], [ 79.5212976, 29.3173668 ], [ 79.5204118, 29.3156926 ], [ 79.5193847, 29.31565 ], [ 79.5144457, 29.3184762 ], [ 79.5143269, 29.3195304 ], [ 79.5148463, 29.3199694 ], [ 79.5191118, 29.3195054 ], [ 79.5195857, 29.3197363 ], [ 79.5193705, 29.3203384 ], [ 79.5174178, 29.321466 ], [ 79.516448, 29.3224387 ], [ 79.515552, 29.3254636 ], [ 79.5180585, 29.3271929 ], [ 79.5174987, 29.328009 ], [ 79.5189884, 29.3301729 ], [ 79.5203154, 29.3300119 ], [ 79.5235203, 29.3262009 ], [ 79.5259121, 29.3244183 ] ] ] } },
{ "type": "Feature", "properties": { "gp_code": "", "gp_name": "", "blkname": "BHIMTAL", "dtname": "Nainital", "SHAPE_Area": 451389.16573543102 }, "geometry": { "type": "Polygon", "coordinates": [ [ [ 79.5281779, 29.336621 ], [ 79.534896, 29.3333475 ], [ 79.5350949, 29.3327167 ], [ 79.5348779, 29.3321032 ], [ 79.5324504, 29.3327378 ], [ 79.5269234, 29.3350603 ], [ 79.5248704, 29.335294 ], [ 79.520163, 29.3344808 ], [ 79.5175383, 29.3326836 ], [ 79.5169162, 29.3335528 ], [ 79.5196204, 29.3350387 ], [ 79.5210512, 29.3355667 ], [ 79.5230643, 29.335795 ], [ 79.5242761, 29.3364147 ], [ 79.5252488, 29.3383411 ], [ 79.5253752, 29.339518 ], [ 79.5259841, 29.3408757 ], [ 79.5271427, 29.3376651 ], [ 79.5281779, 29.336621 ] ] ] } },
{ "type": "Feature", "properties": { "gp_code": "23678", "gp_name": "JANTWAL GAON", "blkname": "BHIMTAL", "dtname": "Nainital", "SHAPE_Area": 1815791.7559285527 }, "geometry": { "type": "Polygon", "coordinates": [ [ [ 79.5435821, 29.3412385 ], [ 79.5445727, 29.337927 ], [ 79.5447013, 29.3358037 ], [ 79.5443039, 29.333109 ], [ 79.5388742, 29.333567 ], [ 79.5385803, 29.3333079 ], [ 79.5366704, 29.3233773 ], [ 79.5352714, 29.3206289 ], [ 79.5352776, 29.3277324 ], [ 79.5348779, 29.3321032 ], [ 79.5350852, 29.333097 ], [ 79.533427, 29.3342758 ], [ 79.5281779, 29.336621 ], [ 79.5287157, 29.33739 ], [ 79.5298685, 29.337795 ], [ 79.5305764, 29.3389809 ], [ 79.5315808, 29.3396868 ], [ 79.5353198, 29.3392995 ], [ 79.5353151, 29.3415765 ], [ 79.5357194, 29.3419263 ], [ 79.5383732, 29.3416613 ], [ 79.5406781, 29.3405129 ], [ 79.5435821, 29.3412385 ] ] ] } },
{ "type": "Feature", "properties": { "gp_code": "23699", "gp_name": "RANIBAG", "blkname": "BHIMTAL", "dtname": "Nainital", "SHAPE_Area": 2387778.6715309168 }, "geometry": { "type": "Polygon", "coordinates": [ [ [ 79.5494224, 29.2914582 ], [ 79.5504337, 29.2900724 ], [ 79.5506572, 29.2886064 ], [ 79.5504565, 29.2851261 ], [ 79.5500209, 29.283196 ], [ 79.5475987, 29.281345 ], [ 79.5465484, 29.279547 ], [ 79.5469021, 29.2786074 ], [ 79.5482142, 29.2770364 ], [ 79.5473894, 29.2749652 ], [ 79.5476171, 29.2738016 ], [ 79.5472128, 29.2735547 ], [ 79.543559, 29.2738278 ], [ 79.5429748, 29.2744921 ], [ 79.5453221, 29.2778573 ], [ 79.5439289, 29.2833626 ], [ 79.5439511, 29.2836704 ], [ 79.5453058, 29.284489 ], [ 79.5456028, 29.2850496 ], [ 79.5456313, 29.2882734 ], [ 79.5409125, 29.2934251 ], [ 79.5396285, 29.2952635 ], [ 79.5388235, 29.2979725 ], [ 79.5377782, 29.2994101 ], [ 79.5352567, 29.3014858 ], [ 79.5340943, 29.3032111 ], [ 79.5327005, 29.3041424 ], [ 79.528053, 29.3061556 ], [ 79.5242729, 29.3096014 ], [ 79.5274396, 29.3101634 ], [ 79.529689, 29.3095748 ], [ 79.5300583, 29.3102418 ], [ 79.5304037, 29.3086984 ], [ 79.5321552, 29.3072582 ], [ 79.5353692, 29.30381 ], [ 79.5358542, 29.3034803 ], [ 79.5395506, 29.3031631 ], [ 79.540968, 29.302402 ], [ 79.5421794, 29.3004996 ], [ 79.5429191, 29.297193 ], [ 79.5434812, 29.2960952 ], [ 79.5494224, 29.2914582 ] ] ] } },
{ "type": "Feature", "properties": { "gp_code": "23658", "gp_name": "BALUTI", "blkname": "BHIMTAL", "dtname": "Nainital", "SHAPE_Area": 1427583.9200523202 }, "geometry": { "type": "Polygon", "coordinates": [ [ [ 79.5170608, 29.2841481 ], [ 79.5204671, 29.2835229 ], [ 79.5234557, 29.2835862 ], [ 79.5240441, 29.2819229 ], [ 79.5255507, 29.2810204 ], [ 79.5253994, 29.2804425 ], [ 79.5246086, 29.2795496 ], [ 79.5191518, 29.2794338 ], [ 79.5100518, 29.2805736 ], [ 79.5088209, 29.2811863 ], [ 79.5066254, 29.2805136 ], [ 79.5061798, 29.2807885 ], [ 79.505642, 29.2818921 ], [ 79.5057555, 29.2849425 ], [ 79.5081355, 29.2879116 ], [ 79.5085793, 29.2880937 ], [ 79.5096349, 29.2880211 ], [ 79.5133464, 29.2863722 ], [ 79.5170608, 29.2841481 ] ] ] } },
{ "type": "Feature", "properties": { "gp_code": "", "gp_name": "", "blkname": "BHIMTAL", "dtname": "Nainital", "SHAPE_Area": 360562.04516720981 }, "geometry": { "type": "Polygon", "coordinates": [ [ [ 79.5183058, 29.3036729 ], [ 79.518967, 29.3041341 ], [ 79.5204719, 29.3044327 ], [ 79.5214049, 29.304457 ], [ 79.5223888, 29.3040295 ], [ 79.5223422, 29.3012887 ], [ 79.5228601, 29.3006732 ], [ 79.5227401, 29.2999914 ], [ 79.5216192, 29.2998588 ], [ 79.5208634, 29.3005596 ], [ 79.5188194, 29.3000012 ], [ 79.5184254, 29.300145 ], [ 79.5182583, 29.3011546 ], [ 79.5154674, 29.3011247 ], [ 79.515188, 29.3013821 ], [ 79.5148457, 29.3031245 ], [ 79.5151261, 29.3035979 ], [ 79.5183058, 29.3036729 ] ] ] } },
{ "type": "Feature", "properties": { "gp_code": "", "gp_name": "", "blkname": "BHIMTAL", "dtname": "Nainital", "SHAPE_Area": 45908.471766603834 }, "geometry": { "type": "Polygon", "coordinates": [ [ [ 79.5035095, 29.3121941 ], [ 79.5018419, 29.3116436 ], [ 79.5017858, 29.3133797 ], [ 79.503503, 29.3138298 ], [ 79.5035095, 29.3121941 ] ] ] } },
{ "type": "Feature", "properties": { "gp_code": "23656", "gp_name": "BAIL", "blkname": "BHIMTAL", "dtname": "Nainital", "SHAPE_Area": 1148630.3200939521 }, "geometry": { "type": "Polygon", "coordinates": [ [ [ 79.4958362, 29.2833003 ], [ 79.4948316, 29.2825042 ], [ 79.4937974, 29.2826143 ], [ 79.4904595, 29.2836911 ], [ 79.4854162, 29.2846492 ], [ 79.4829833, 29.2855477 ], [ 79.482308, 29.2863385 ], [ 79.4822011, 29.287199 ], [ 79.4825283, 29.2892843 ], [ 79.4821099, 29.290461 ], [ 79.4822856, 29.291685 ], [ 79.484064, 29.2928687 ], [ 79.4857712, 29.2925117 ], [ 79.4876095, 29.2916793 ], [ 79.4893718, 29.2904842 ], [ 79.4900736, 29.2895123 ], [ 79.4924571, 29.2880699 ], [ 79.4931059, 29.287415 ], [ 79.4935769, 29.2859892 ], [ 79.4953386, 29.2849072 ], [ 79.4958851, 29.2839801 ], [ 79.4958362, 29.2833003 ] ] ] } },
{ "type": "Feature", "properties": { "gp_code": "23658", "gp_name": "BALUTI", "blkname": "BHIMTAL", "dtname": "Nainital", "SHAPE_Area": 1204587.1265965577 }, "geometry": { "type": "Polygon", "coordinates": [ [ [ 79.5033404, 29.2756858 ], [ 79.5062894, 29.2740791 ], [ 79.5092401, 29.2758665 ], [ 79.5106815, 29.2751412 ], [ 79.5144591, 29.274196 ], [ 79.5112637, 29.2683799 ], [ 79.5084725, 29.2692358 ], [ 79.5060167, 29.2690016 ], [ 79.5029271, 29.2679965 ], [ 79.5026931, 29.268088 ], [ 79.5026163, 29.2711202 ], [ 79.5020994, 29.2720446 ], [ 79.5012232, 29.2725211 ], [ 79.5004125, 29.2725304 ], [ 79.4981543, 29.2718211 ], [ 79.4978302, 29.2727038 ], [ 79.4969884, 29.2732222 ], [ 79.4968445, 29.2736635 ], [ 79.4978519, 29.2754947 ], [ 79.4992017, 29.2761898 ], [ 79.5019903, 29.2760568 ], [ 79.5033404, 29.2756858 ] ] ] } },
{ "type": "Feature", "properties": { "gp_code": "", "gp_name": "", "blkname": "HALDWANI", "dtname": "Nainital", "SHAPE_Area": 945759.69539985096 }, "geometry": { "type": "Polygon", "coordinates": [ [ [ 79.5491782, 29.2687951 ], [ 79.5474894, 29.2658642 ], [ 79.5470679, 29.2662032 ], [ 79.5451382, 29.2635903 ], [ 79.5415451, 29.260675 ], [ 79.5406384, 29.2611047 ], [ 79.538732, 29.2609575 ], [ 79.5367148, 29.259401 ], [ 79.5385057, 29.2653258 ], [ 79.5399514, 29.2678819 ], [ 79.5433312, 29.2700042 ], [ 79.5444996, 29.270154 ], [ 79.5470772, 29.2698266 ], [ 79.5491782, 29.2687951 ] ] ] } },
{ "type": "Feature", "properties": { "gp_code": "", "gp_name": "", "blkname": "HALDWANI", "dtname": "Nainital", "SHAPE_Area": 329577.43713437614 }, "geometry": { "type": "Polygon", "coordinates": [ [ [ 79.5415451, 29.260675 ], [ 79.5394635, 29.2576506 ], [ 79.5384916, 29.2541158 ], [ 79.5370901, 29.2549509 ], [ 79.5339721, 29.2546801 ], [ 79.5362693, 29.2573497 ], [ 79.5367148, 29.259401 ], [ 79.5378288, 29.2605015 ], [ 79.5397008, 29.261187 ], [ 79.5415451, 29.260675 ] ] ] } },
{ "type": "Feature", "properties": { "gp_code": "23655", "gp_name": "AMRITPUR", "blkname": "BHIMTAL", "dtname": "Nainital", "SHAPE_Area": 777159.00681144034 }, "geometry": { "type": "Polygon", "coordinates": [ [ [ 79.5641872, 29.2976594 ], [ 79.5633004, 29.2970335 ], [ 79.5626694, 29.2949534 ], [ 79.5603685, 29.2941348 ], [ 79.5558084, 29.2936224 ], [ 79.5547302, 29.2932124 ], [ 79.5531809, 29.2925421 ], [ 79.5504337, 29.2900724 ], [ 79.5497274, 29.2909419 ], [ 79.5544931, 29.2962158 ], [ 79.5567661, 29.2979579 ], [ 79.5589368, 29.3012372 ], [ 79.5595901, 29.3016499 ], [ 79.5612201, 29.3001594 ], [ 79.5617964, 29.299053 ], [ 79.5631494, 29.2985635 ], [ 79.5641872, 29.2976594 ] ] ] } },
{ "type": "Feature", "properties": { "gp_code": "", "gp_name": "", "blkname": "BHIMTAL", "dtname": "Nainital", "SHAPE_Area": 374536.9926809679 }, "geometry": { "type": "Polygon", "coordinates": [ [ [ 79.5676535, 29.2991601 ], [ 79.5641872, 29.2976594 ], [ 79.5631494, 29.2985635 ], [ 79.5617964, 29.299053 ], [ 79.5612201, 29.3001594 ], [ 79.5595901, 29.3016499 ], [ 79.5596514, 29.3019198 ], [ 79.5600407, 29.302225 ], [ 79.5613012, 29.3023347 ], [ 79.5642253, 29.304036 ], [ 79.5653967, 29.3019633 ], [ 79.5663686, 29.3011671 ], [ 79.5676535, 29.2991601 ] ] ] } },
{ "type": "Feature", "properties": { "gp_code": "", "gp_name": "", "blkname": "BHIMTAL", "dtname": "Nainital", "SHAPE_Area": 417701.70139119506 }, "geometry": { "type": "Polygon", "coordinates": [ [ [ 79.57903, 29.295669 ], [ 79.5792261, 29.2950248 ], [ 79.5788083, 29.2943081 ], [ 79.5780898, 29.2936438 ], [ 79.5772666, 29.2937018 ], [ 79.5753492, 29.2942353 ], [ 79.5741007, 29.295323 ], [ 79.5711884, 29.2960734 ], [ 79.5680629, 29.2953636 ], [ 79.5676419, 29.2955467 ], [ 79.5669345, 29.2967635 ], [ 79.5674505, 29.2971191 ], [ 79.570352, 29.2969965 ], [ 79.5712539, 29.2981743 ], [ 79.5746322, 29.2985283 ], [ 79.5753146, 29.298426 ], [ 79.57903, 29.295669 ] ] ] } },
{ "type": "Feature", "properties": { "gp_code": "23667", "gp_name": "DEHRA", "blkname": "BHIMTAL", "dtname": "Nainital", "SHAPE_Area": 821109.67906993732 }, "geometry": { "type": "Polygon", "coordinates": [ [ [ 79.5691396, 29.3018246 ], [ 79.5733291, 29.3022679 ], [ 79.575346, 29.3010263 ], [ 79.5764384, 29.3007174 ], [ 79.5771976, 29.3008682 ], [ 79.5791402, 29.3001081 ], [ 79.580623, 29.3007013 ], [ 79.5808079, 29.2993189 ], [ 79.5805315, 29.2972589 ], [ 79.5791894, 29.2963355 ], [ 79.57903, 29.295669 ], [ 79.5753146, 29.298426 ], [ 79.5716784, 29.2981294 ], [ 79.5676535, 29.2991601 ], [ 79.5663686, 29.3011671 ], [ 79.5653967, 29.3019633 ], [ 79.5642253, 29.304036 ], [ 79.5654193, 29.3047193 ], [ 79.5668587, 29.3045603 ], [ 79.5679549, 29.3031321 ], [ 79.5688948, 29.3024757 ], [ 79.5691396, 29.3018246 ] ] ] } },
{ "type": "Feature", "properties": { "gp_code": "23654", "gp_name": "AMIYA", "blkname": "BHIMTAL", "dtname": "Nainital", "SHAPE_Area": 1236033.3692732342 }, "geometry": { "type": "Polygon", "coordinates": [ [ [ 79.5981478, 29.2899861 ], [ 79.5993599, 29.2881718 ], [ 79.5990225, 29.2875333 ], [ 79.5968737, 29.2872161 ], [ 79.5955296, 29.287772 ], [ 79.5955257, 29.2889451 ], [ 79.5940842, 29.2919099 ], [ 79.5928261, 29.2935152 ], [ 79.5916935, 29.2938241 ], [ 79.5905624, 29.2936937 ], [ 79.5898519, 29.293451 ], [ 79.5881435, 29.2919162 ], [ 79.5851364, 29.2922796 ], [ 79.5808805, 29.2934137 ], [ 79.5802161, 29.2938655 ], [ 79.5792261, 29.2950248 ], [ 79.5791894, 29.2963355 ], [ 79.5820575, 29.2982148 ], [ 79.5840239, 29.2984097 ], [ 79.5864665, 29.2979343 ], [ 79.5880714, 29.2965922 ], [ 79.5908068, 29.2955223 ], [ 79.5934486, 29.2970042 ], [ 79.5944878, 29.2969628 ], [ 79.5947314, 29.2966375 ], [ 79.5946234, 29.2946286 ], [ 79.5965678, 29.293638 ], [ 79.5978815, 29.2923377 ], [ 79.5981478, 29.2899861 ] ] ] } },
{ "type": "Feature", "properties": { "gp_code": "23673", "gp_name": "GUMAL GAON", "blkname": "BHIMTAL", "dtname": "Nainital", "SHAPE_Area": 1518265.8473538181 }, "geometry": { "type": "Polygon", "coordinates": [ [ [ 79.5977771, 29.257963 ], [ 79.5934515, 29.2578459 ], [ 79.5913738, 29.2613749 ], [ 79.5916076, 29.2623852 ], [ 79.5930232, 29.2644975 ], [ 79.592885, 29.265299 ], [ 79.5921711, 29.266099 ], [ 79.5914561, 29.2663301 ], [ 79.591455, 29.266648 ], [ 79.5929873, 29.2675869 ], [ 79.5956441, 29.2702686 ], [ 79.5972183, 29.2707685 ], [ 79.5978766, 29.2740508 ], [ 79.5985627, 29.274236 ], [ 79.5997095, 29.2725567 ], [ 79.5992319, 29.2703024 ], [ 79.5981492, 29.2677844 ], [ 79.5991496, 29.2670393 ], [ 79.6010027, 29.2674584 ], [ 79.6023524, 29.2674051 ], [ 79.6031784, 29.2668829 ], [ 79.6031648, 29.2660751 ], [ 79.6018432, 29.2622859 ], [ 79.5977771, 29.257963 ] ] ] } },
{ "type": "Feature", "properties": { "gp_code": "23700", "gp_name": "RAUSIL", "blkname": "BHIMTAL", "dtname": "Nainital", "SHAPE_Area": 4331158.6814434901 }, "geometry": { "type": "Polygon", "coordinates": [ [ [ 79.5955296, 29.287772 ], [ 79.5968737, 29.2872161 ], [ 79.6020585, 29.2833959 ], [ 79.6037456, 29.2815012 ], [ 79.6047369, 29.27986 ], [ 79.6050039, 29.277239 ], [ 79.6053039, 29.2768926 ], [ 79.604152, 29.2757206 ], [ 79.5989054, 29.2751282 ], [ 79.5985627, 29.274236 ], [ 79.5978766, 29.2740508 ], [ 79.5972183, 29.2707685 ], [ 79.5952008, 29.2699309 ], [ 79.5929873, 29.2675869 ], [ 79.5916469, 29.2669603 ], [ 79.5914561, 29.2663301 ], [ 79.5890211, 29.266091 ], [ 79.5889042, 29.2707237 ], [ 79.5882931, 29.271138 ], [ 79.5852109, 29.2711003 ], [ 79.5833459, 29.2717192 ], [ 79.5805952, 29.2742232 ], [ 79.581735, 29.2746361 ], [ 79.5869588, 29.2745721 ], [ 79.5872652, 29.2747855 ], [ 79.5870766, 29.275614 ], [ 79.5795763, 29.2805967 ], [ 79.5810463, 29.2808557 ], [ 79.5818366, 29.2813608 ], [ 79.5820072, 29.2820141 ], [ 79.5808914, 29.2836397 ], [ 79.5816963, 29.2846197 ], [ 79.5827223, 29.2847073 ], [ 79.5862279, 29.2828955 ], [ 79.5867272, 29.283421 ], [ 79.5865945, 29.2844198 ], [ 79.5872556, 29.2849458 ], [ 79.5891878, 29.2850778 ], [ 79.5922091, 29.287594 ], [ 79.5931762, 29.2878667 ], [ 79.5955296, 29.287772 ] ] ] } },
{ "type": "Feature", "properties": { "gp_code": "23696", "gp_name": "PASOLI", "blkname": "BHIMTAL", "dtname": "Nainital", "SHAPE_Area": 916056.57833206747 }, "geometry": { "type": "Polygon", "coordinates": [ [ [ 79.5795763, 29.2805967 ], [ 79.5858044, 29.2766168 ], [ 79.5870766, 29.275614 ], [ 79.5872652, 29.2747855 ], [ 79.585852, 29.2744772 ], [ 79.581735, 29.2746361 ], [ 79.5805952, 29.2742232 ], [ 79.5795747, 29.2750356 ], [ 79.5758182, 29.2740457 ], [ 79.5710697, 29.2769884 ], [ 79.5735198, 29.2791992 ], [ 79.5776028, 29.2804351 ], [ 79.5795763, 29.2805967 ] ] ] } },
{ "type": "Feature", "properties": { "gp_code": "23694", "gp_name": "PANIYA MEHTA", "blkname": "BHIMTAL", "dtname": "Nainital", "SHAPE_Area": 1084049.9536230597 }, "geometry": { "type": "Polygon", "coordinates": [ [ [ 79.6017448, 29.2548294 ], [ 79.6005408, 29.256613 ], [ 79.6056707, 29.2603735 ], [ 79.6074459, 29.2602436 ], [ 79.6094848, 29.25937 ], [ 79.609761, 29.2589313 ], [ 79.6093657, 29.2571726 ], [ 79.610482, 29.2557729 ], [ 79.6114523, 29.2555485 ], [ 79.6149574, 29.256053 ], [ 79.6163009, 29.2553476 ], [ 79.6153551, 29.2523545 ], [ 79.6149068, 29.2520713 ], [ 79.6130381, 29.2523 ], [ 79.6123793, 29.2510869 ], [ 79.6109097, 29.2507857 ], [ 79.6099797, 29.2510811 ], [ 79.6100089, 29.2520589 ], [ 79.6087606, 29.2533029 ], [ 79.6076777, 29.2533712 ], [ 79.6068394, 29.2527456 ], [ 79.6052239, 29.2525999 ], [ 79.6017448, 29.2548294 ] ] ] } },
{ "type": "Feature", "properties": { "gp_code": "23710", "gp_name": "UDWA", "blkname": "BHIMTAL", "dtname": "Nainital", "SHAPE_Area": 4027553.5898981141 }, "geometry": { "type": "Polygon", "coordinates": [ [ [ 79.6460892, 29.2739567 ], [ 79.651406, 29.2684276 ], [ 79.6535271, 29.2670292 ], [ 79.6563147, 29.2642578 ], [ 79.6578928, 29.2633612 ], [ 79.6580484, 29.2626531 ], [ 79.6567774, 29.2606699 ], [ 79.6570595, 29.2579107 ], [ 79.6575199, 29.2579613 ], [ 79.6601556, 29.2603548 ], [ 79.6614268, 29.2594458 ], [ 79.6628798, 29.2569594 ], [ 79.664539, 29.2529383 ], [ 79.6651223, 29.2523727 ], [ 79.6651881, 29.2519477 ], [ 79.6646404, 29.2513229 ], [ 79.6641082, 29.2509392 ], [ 79.662751, 29.2508514 ], [ 79.658677, 29.2515089 ], [ 79.6573693, 29.2510668 ], [ 79.6545412, 29.2511457 ], [ 79.6536355, 29.2514272 ], [ 79.6509477, 29.253292 ], [ 79.6467892, 29.2552102 ], [ 79.6440981, 29.2553602 ], [ 79.642859, 29.2561223 ], [ 79.6401746, 29.25561 ], [ 79.6394132, 29.2562319 ], [ 79.6376017, 29.2567804 ], [ 79.6373098, 29.2571482 ], [ 79.6409561, 29.2605327 ], [ 79.6442012, 29.2644582 ], [ 79.6450907, 29.2670817 ], [ 79.6452787, 29.2691369 ], [ 79.644982, 29.2711627 ], [ 79.6452796, 29.2734121 ], [ 79.6460892, 29.2739567 ] ] ] } },
{ "type": "Feature", "properties": { "gp_code": "23697", "gp_name": "PASTOLA", "blkname": "BHIMTAL", "dtname": "Nainital", "SHAPE_Area": 5171772.5909375707 }, "geometry": { "type": "Polygon", "coordinates": [ [ [ 79.6460892, 29.2739567 ], [ 79.6450737, 29.2730192 ], [ 79.6450907, 29.2670817 ], [ 79.6436383, 29.2635145 ], [ 79.6382147, 29.2577205 ], [ 79.6347378, 29.2559148 ], [ 79.6321697, 29.2554697 ], [ 79.6306319, 29.2563306 ], [ 79.630771, 29.2584991 ], [ 79.6300869, 29.2602547 ], [ 79.629359, 29.260494 ], [ 79.6266452, 29.2600909 ], [ 79.6260055, 29.2605358 ], [ 79.6281345, 29.2649728 ], [ 79.6283555, 29.2663797 ], [ 79.6281417, 29.2675837 ], [ 79.6275244, 29.2686451 ], [ 79.6265846, 29.2694648 ], [ 79.621331, 29.2724284 ], [ 79.6180641, 29.2730938 ], [ 79.6182831, 29.275475 ], [ 79.6189279, 29.2769179 ], [ 79.6212202, 29.2782593 ], [ 79.6230633, 29.2780901 ], [ 79.623996, 29.277274 ], [ 79.6250874, 29.2768549 ], [ 79.6297072, 29.2765688 ], [ 79.6310299, 29.2759617 ], [ 79.6351609, 29.2759309 ], [ 79.6399242, 29.2771155 ], [ 79.6425431, 29.2768946 ], [ 79.644501, 29.2761621 ], [ 79.6460892, 29.2739567 ] ] ] } },
{ "type": "Feature", "properties": { "gp_code": "", "gp_name": "", "blkname": "BHIMTAL", "dtname": "Nainital", "SHAPE_Area": 42452666.887440711 }, "geometry": { "type": "Polygon", "coordinates": [ [ [ 79.6532559, 29.3057229 ], [ 79.6526131, 29.304318 ], [ 79.6533631, 29.3004328 ], [ 79.6527823, 29.2988929 ], [ 79.6525386, 29.2962881 ], [ 79.6533233, 29.2962317 ], [ 79.6551962, 29.2945793 ], [ 79.6592757, 29.2892165 ], [ 79.6603314, 29.2857266 ], [ 79.6706139, 29.2799966 ], [ 79.6712504, 29.2788221 ], [ 79.6712568, 29.2764196 ], [ 79.6717219, 29.2751789 ], [ 79.6753743, 29.2726872 ], [ 79.6761068, 29.2701939 ], [ 79.6754692, 29.2668184 ], [ 79.6724193, 29.261778 ], [ 79.669551, 29.2580468 ], [ 79.6697088, 29.2565895 ], [ 79.6724195, 29.2559337 ], [ 79.6731609, 29.2549094 ], [ 79.6731033, 29.2534516 ], [ 79.6694966, 29.2499561 ], [ 79.66915, 29.2483755 ], [ 79.6693884, 29.2464657 ], [ 79.6700128, 29.2455743 ], [ 79.6733751, 29.2428702 ], [ 79.6774583, 29.2383732 ], [ 79.6762666, 29.2373055 ], [ 79.674474, 29.2317717 ], [ 79.6701895, 29.2270185 ], [ 79.6692442, 29.2252027 ], [ 79.6645428, 29.2289779 ], [ 79.6575724, 29.2302488 ], [ 79.6564448, 29.2301735 ], [ 79.6552344, 29.232302 ], [ 79.6568858, 29.2348678 ], [ 79.6559421, 29.2353453 ], [ 79.6530759, 29.235835 ], [ 79.6502162, 29.2373332 ], [ 79.6504788, 29.2377966 ], [ 79.6518913, 29.2381882 ], [ 79.6522663, 29.238875 ], [ 79.6504823, 29.2398961 ], [ 79.6490152, 29.2421163 ], [ 79.6483931, 29.2421645 ], [ 79.647208, 29.2413023 ], [ 79.6463283, 29.2391596 ], [ 79.6458762, 29.232513 ], [ 79.6459338, 29.232133 ], [ 79.6465942, 29.2318699 ], [ 79.6477419, 29.2325668 ], [ 79.6486461, 29.2326968 ], [ 79.6490367, 29.2312471 ], [ 79.6450037, 29.2262044 ], [ 79.6443584, 29.2261286 ], [ 79.6435509, 29.2267798 ], [ 79.6417022, 29.2274204 ], [ 79.6388821, 29.2276367 ], [ 79.6367218, 29.2264923 ], [ 79.633684, 29.225596 ], [ 79.6325897, 29.2258748 ], [ 79.6329992, 29.2276281 ], [ 79.6340497, 29.2292505 ], [ 79.637352, 29.2310847 ], [ 79.6365057, 29.2336617 ], [ 79.6367272, 29.2352658 ], [ 79.6355355, 29.2367178 ], [ 79.6349829, 29.2387499 ], [ 79.6305243, 29.2359294 ], [ 79.6306587, 29.2351032 ], [ 79.6318872, 29.2339819 ], [ 79.6316243, 29.2336506 ], [ 79.6307775, 29.2332188 ], [ 79.6275556, 29.2328478 ], [ 79.6275001, 29.2325335 ], [ 79.6296022, 29.2291495 ], [ 79.6266903, 29.2292089 ], [ 79.624145, 29.2326415 ], [ 79.6233357, 29.2322346 ], [ 79.6165702, 29.2320698 ], [ 79.6165476, 29.233293 ], [ 79.6175368, 29.2364033 ], [ 79.6170925, 29.2398737 ], [ 79.6147905, 29.2437365 ], [ 79.6137362, 29.2463458 ], [ 79.6113775, 29.2471502 ], [ 79.6068622, 29.2474286 ], [ 79.6037494, 29.2480775 ], [ 79.602852, 29.2499076 ], [ 79.6023729, 29.253443 ], [ 79.6017448, 29.2548294 ], [ 79.6052239, 29.2525999 ], [ 79.6068394, 29.2527456 ], [ 79.6076777, 29.2533712 ], [ 79.6087606, 29.2533029 ], [ 79.6100089, 29.2520589 ], [ 79.6099797, 29.2510811 ], [ 79.6109097, 29.2507857 ], [ 79.6123793, 29.2510869 ], [ 79.6130381, 29.2523 ], [ 79.6149068, 29.2520713 ], [ 79.6153551, 29.2523545 ], [ 79.6163009, 29.2553476 ], [ 79.6149574, 29.256053 ], [ 79.6114523, 29.2555485 ], [ 79.610482, 29.2557729 ], [ 79.6093657, 29.2571726 ], [ 79.609761, 29.2589313 ], [ 79.6094848, 29.25937 ], [ 79.6065404, 29.2603831 ], [ 79.6056707, 29.2603735 ], [ 79.603813, 29.2592286 ], [ 79.6005408, 29.256613 ], [ 79.5985642, 29.2582745 ], [ 79.5977771, 29.257963 ], [ 79.6018432, 29.2622859 ], [ 79.6031648, 29.2660751 ], [ 79.6031784, 29.2668829 ], [ 79.6023524, 29.2674051 ], [ 79.6010027, 29.2674584 ], [ 79.5991496, 29.2670393 ], [ 79.5981492, 29.2677844 ], [ 79.5992319, 29.2703024 ], [ 79.5997095, 29.2725567 ], [ 79.598507, 29.2745801 ], [ 79.5989054, 29.2751282 ], [ 79.604152, 29.2757206 ], [ 79.605732, 29.2769929 ], [ 79.6140134, 29.2776435 ], [ 79.6155515, 29.2767899 ], [ 79.6154316, 29.2763645 ], [ 79.6134782, 29.2756512 ], [ 79.6134409, 29.2746309 ], [ 79.6180641, 29.2730938 ], [ 79.621331, 29.2724284 ], [ 79.6265846, 29.2694648 ], [ 79.6275244, 29.2686451 ], [ 79.6281417, 29.2675837 ], [ 79.6283555, 29.2663797 ], [ 79.6281345, 29.2649728 ], [ 79.6260055, 29.2605358 ], [ 79.6266452, 29.2600909 ], [ 79.629359, 29.260494 ], [ 79.6300869, 29.2602547 ], [ 79.630771, 29.2584991 ], [ 79.6306319, 29.2563306 ], [ 79.6316037, 29.2556101 ], [ 79.6347378, 29.2559148 ], [ 79.6373098, 29.2571482 ], [ 79.6401746, 29.25561 ], [ 79.642859, 29.2561223 ], [ 79.6440981, 29.2553602 ], [ 79.6467892, 29.2552102 ], [ 79.6509477, 29.253292 ], [ 79.6536355, 29.2514272 ], [ 79.6545412, 29.2511457 ], [ 79.6573693, 29.2510668 ], [ 79.658677, 29.2515089 ], [ 79.6608874, 29.2510291 ], [ 79.6641082, 29.2509392 ], [ 79.6651881, 29.2519477 ], [ 79.6651223, 29.2523727 ], [ 79.664539, 29.2529383 ], [ 79.6628798, 29.2569594 ], [ 79.6614268, 29.2594458 ], [ 79.6601556, 29.2603548 ], [ 79.6575199, 29.2579613 ], [ 79.6570595, 29.2579107 ], [ 79.6567774, 29.2606699 ], [ 79.6580484, 29.2626531 ], [ 79.6578928, 29.2633612 ], [ 79.6563147, 29.2642578 ], [ 79.6535271, 29.2670292 ], [ 79.651406, 29.2684276 ], [ 79.6477107, 29.272104 ], [ 79.6504924, 29.2714794 ], [ 79.651623, 29.271737 ], [ 79.6517508, 29.2722757 ], [ 79.6512629, 29.2733516 ], [ 79.6503164, 29.279905 ], [ 79.6509314, 29.2819737 ], [ 79.6525605, 29.2846519 ], [ 79.6488817, 29.2837334 ], [ 79.6466559, 29.2820989 ], [ 79.6454039, 29.2818694 ], [ 79.6446507, 29.282378 ], [ 79.6436763, 29.2839912 ], [ 79.6418765, 29.2859073 ], [ 79.6367407, 29.2885899 ], [ 79.6370202, 29.2890192 ], [ 79.6398738, 29.2902301 ], [ 79.6422643, 29.290859 ], [ 79.6437032, 29.292212 ], [ 79.6469755, 29.2938751 ], [ 79.6494174, 29.2993414 ], [ 79.6493267, 29.2999433 ], [ 79.6466795, 29.3027963 ], [ 79.6464988, 29.3052509 ], [ 79.6449398, 29.3067592 ], [ 79.6442132, 29.3087919 ], [ 79.6406587, 29.3093777 ], [ 79.637021, 29.3094028 ], [ 79.637039, 29.3101857 ], [ 79.6344418, 29.3133084 ], [ 79.631314, 29.3162055 ], [ 79.6290462, 29.3176243 ], [ 79.6288743, 29.3183678 ], [ 79.6320213, 29.3201827 ], [ 79.6335139, 29.3213257 ], [ 79.6340932, 29.322248 ], [ 79.6341112, 29.3229919 ], [ 79.6319528, 29.3258066 ], [ 79.6320864, 29.3269547 ], [ 79.6333128, 29.3277794 ], [ 79.6340403, 29.3278235 ], [ 79.6350775, 29.3270253 ], [ 79.6360073, 29.3269991 ], [ 79.636635, 29.3252436 ], [ 79.6379832, 29.3231495 ], [ 79.6392761, 29.3217045 ], [ 79.6399682, 29.3216378 ], [ 79.6418092, 29.3224354 ], [ 79.6436987, 29.3242605 ], [ 79.6444062, 29.3245595 ], [ 79.6456273, 29.324463 ], [ 79.6470922, 29.3230136 ], [ 79.6477131, 29.3230506 ], [ 79.6478615, 29.32343 ], [ 79.646496, 29.3260235 ], [ 79.6409991, 29.3258059 ], [ 79.6396474, 29.3267222 ], [ 79.6396909, 29.3307976 ], [ 79.6411124, 29.3303665 ], [ 79.6420346, 29.3310163 ], [ 79.6423475, 29.3293436 ], [ 79.643952, 29.3283754 ], [ 79.6459243, 29.3280019 ], [ 79.6473439, 29.3270334 ], [ 79.6495079, 29.324231 ], [ 79.6504455, 29.3194286 ], [ 79.6523644, 29.3160859 ], [ 79.653599, 29.3151709 ], [ 79.6539724, 29.3137681 ], [ 79.6531801, 29.3107972 ], [ 79.6524747, 29.3097161 ], [ 79.6525106, 29.3079077 ], [ 79.6532559, 29.3057229 ] ] ] } },
{ "type": "Feature", "properties": { "gp_code": "23698", "gp_name": "PINRAUN", "blkname": "BHIMTAL", "dtname": "Nainital", "SHAPE_Area": 9059177.1245905533 }, "geometry": { "type": "Polygon", "coordinates": [ [ [ 79.637021, 29.3094028 ], [ 79.6406587, 29.3093777 ], [ 79.6442132, 29.3087919 ], [ 79.6449398, 29.3067592 ], [ 79.6464988, 29.3052509 ], [ 79.6466795, 29.3027963 ], [ 79.6493267, 29.2999433 ], [ 79.64925, 29.2985049 ], [ 79.6469755, 29.2938751 ], [ 79.6437032, 29.292212 ], [ 79.6422643, 29.290859 ], [ 79.6398738, 29.2902301 ], [ 79.636712, 29.2887015 ], [ 79.6418765, 29.2859073 ], [ 79.6436763, 29.2839912 ], [ 79.6446507, 29.282378 ], [ 79.6454039, 29.2818694 ], [ 79.6466559, 29.2820989 ], [ 79.6488817, 29.2837334 ], [ 79.6525605, 29.2846519 ], [ 79.6509314, 29.2819737 ], [ 79.6503164, 29.279905 ], [ 79.6512629, 29.2733516 ], [ 79.6517508, 29.2722757 ], [ 79.651623, 29.271737 ], [ 79.6504924, 29.2714794 ], [ 79.6477107, 29.272104 ], [ 79.644501, 29.2761621 ], [ 79.6425431, 29.2768946 ], [ 79.6399242, 29.2771155 ], [ 79.6351609, 29.2759309 ], [ 79.6310299, 29.2759617 ], [ 79.6297072, 29.2765688 ], [ 79.6250874, 29.2768549 ], [ 79.623996, 29.277274 ], [ 79.6230633, 29.2780901 ], [ 79.6212202, 29.2782593 ], [ 79.6204429, 29.2779756 ], [ 79.6202175, 29.2784306 ], [ 79.6204028, 29.2812651 ], [ 79.621346, 29.2839734 ], [ 79.6222349, 29.2848675 ], [ 79.6219221, 29.2852329 ], [ 79.6221311, 29.285616 ], [ 79.6217724, 29.2866354 ], [ 79.6235139, 29.2880424 ], [ 79.6235891, 29.2898563 ], [ 79.626595, 29.2927541 ], [ 79.6301936, 29.2948347 ], [ 79.6320479, 29.2963977 ], [ 79.6349506, 29.2993551 ], [ 79.6372313, 29.3023927 ], [ 79.632506, 29.3041072 ], [ 79.6257419, 29.305672 ], [ 79.6256376, 29.3060114 ], [ 79.6313386, 29.3079587 ], [ 79.637021, 29.3094028 ] ] ] } },
{ "type": "Feature", "properties": { "gp_code": "23659", "gp_name": "BANNA", "blkname": "BHIMTAL", "dtname": "Nainital", "SHAPE_Area": 8053357.7914453018 }, "geometry": { "type": "Polygon", "coordinates": [ [ [ 79.6295925, 29.3188016 ], [ 79.6288743, 29.3183678 ], [ 79.6290462, 29.3176243 ], [ 79.631314, 29.3162055 ], [ 79.6344418, 29.3133084 ], [ 79.637039, 29.3101857 ], [ 79.637021, 29.3094028 ], [ 79.6313386, 29.3079587 ], [ 79.6270511, 29.3063264 ], [ 79.6258149, 29.3061748 ], [ 79.6256382, 29.305806 ], [ 79.632506, 29.3041072 ], [ 79.6372313, 29.3023927 ], [ 79.6349506, 29.2993551 ], [ 79.6320479, 29.2963977 ], [ 79.6301936, 29.2948347 ], [ 79.626595, 29.2927541 ], [ 79.6235891, 29.2898563 ], [ 79.6235139, 29.2880424 ], [ 79.6230114, 29.2874233 ], [ 79.6218685, 29.2869191 ], [ 79.6221311, 29.285616 ], [ 79.6219221, 29.2852329 ], [ 79.6176365, 29.2855791 ], [ 79.6147142, 29.2848828 ], [ 79.6150665, 29.2885325 ], [ 79.6160302, 29.2905044 ], [ 79.6164339, 29.2922863 ], [ 79.6187004, 29.2960726 ], [ 79.6185977, 29.2966356 ], [ 79.6128178, 29.2981557 ], [ 79.6104642, 29.2998965 ], [ 79.6112948, 29.300522 ], [ 79.6132074, 29.3040832 ], [ 79.6134987, 29.3065849 ], [ 79.6127442, 29.3074687 ], [ 79.6123066, 29.3078007 ], [ 79.6111912, 29.3077342 ], [ 79.6085836, 29.3066935 ], [ 79.6053332, 29.3059308 ], [ 79.6059339, 29.3079839 ], [ 79.6078739, 29.311297 ], [ 79.6104662, 29.3146544 ], [ 79.6113273, 29.314742 ], [ 79.6155311, 29.3132495 ], [ 79.6171562, 29.3160043 ], [ 79.6176601, 29.3174985 ], [ 79.6219677, 29.3178983 ], [ 79.6261197, 29.3189991 ], [ 79.6293855, 29.3190491 ], [ 79.6295925, 29.3188016 ] ] ] } },
{ "type": "Feature", "properties": { "gp_code": "23664", "gp_name": "BHORSA", "blkname": "BHIMTAL", "dtname": "Nainital", "SHAPE_Area": 4927375.1200562948 }, "geometry": { "type": "Polygon", "coordinates": [ [ [ 79.6219221, 29.2852329 ], [ 79.6222349, 29.2848675 ], [ 79.621346, 29.2839734 ], [ 79.6204028, 29.2812651 ], [ 79.6201646, 29.27989 ], [ 79.6204429, 29.2779756 ], [ 79.6189279, 29.2769179 ], [ 79.6182831, 29.275475 ], [ 79.6180641, 29.2730938 ], [ 79.6134409, 29.2746309 ], [ 79.6134782, 29.2756512 ], [ 79.6154316, 29.2763645 ], [ 79.6155515, 29.2767899 ], [ 79.6140134, 29.2776435 ], [ 79.6053039, 29.2768926 ], [ 79.6050039, 29.277239 ], [ 79.6047369, 29.27986 ], [ 79.6037456, 29.2815012 ], [ 79.6020585, 29.2833959 ], [ 79.5968737, 29.2872161 ], [ 79.5990225, 29.2875333 ], [ 79.5993599, 29.2881718 ], [ 79.5986477, 29.2890819 ], [ 79.5995417, 29.2901597 ], [ 79.6007989, 29.290563 ], [ 79.6010842, 29.2932332 ], [ 79.6015294, 29.2946317 ], [ 79.6023824, 29.2957674 ], [ 79.6031245, 29.2962369 ], [ 79.6092781, 29.2966735 ], [ 79.6100213, 29.299403 ], [ 79.6104642, 29.2998965 ], [ 79.6128178, 29.2981557 ], [ 79.6183707, 29.2968334 ], [ 79.6186711, 29.2964233 ], [ 79.6184475, 29.2955158 ], [ 79.6164339, 29.2922863 ], [ 79.6160302, 29.2905044 ], [ 79.6154188, 29.2895819 ], [ 79.6145659, 29.2850465 ], [ 79.6149971, 29.2848551 ], [ 79.6176365, 29.2855791 ], [ 79.6219221, 29.2852329 ] ] ] } },
{ "type": "Feature", "properties": { "gp_code": "", "gp_name": "", "blkname": "BHIMTAL", "dtname": "Nainital", "SHAPE_Area": 70142.62297515705 }, "geometry": { "type": "Polygon", "coordinates": [ [ [ 79.6050497, 29.31664 ], [ 79.6049044, 29.3160226 ], [ 79.6036208, 29.3155101 ], [ 79.6028744, 29.3159818 ], [ 79.6020156, 29.3157644 ], [ 79.6014336, 29.3160069 ], [ 79.6022719, 29.3175084 ], [ 79.6028199, 29.3176532 ], [ 79.6050497, 29.31664 ] ] ] } },
{ "type": "Feature", "properties": { "gp_code": "", "gp_name": "", "blkname": "BHIMTAL", "dtname": "Nainital", "SHAPE_Area": 52044.531623084571 }, "geometry": { "type": "Polygon", "coordinates": [ [ [ 79.6093101, 29.3206679 ], [ 79.6090992, 29.3200647 ], [ 79.608045, 29.3194882 ], [ 79.6069651, 29.3192704 ], [ 79.6063667, 29.319538 ], [ 79.6075568, 29.3211227 ], [ 79.6083423, 29.3212467 ], [ 79.6093101, 29.3206679 ] ] ] } },
{ "type": "Feature", "properties": { "gp_code": "", "gp_name": "", "blkname": "BHIMTAL", "dtname": "Nainital", "SHAPE_Area": 134134.50420678107 }, "geometry": { "type": "Polygon", "coordinates": [ [ [ 79.6132894, 29.3178114 ], [ 79.6124244, 29.3169521 ], [ 79.6107145, 29.3166251 ], [ 79.6091974, 29.3174823 ], [ 79.6081336, 29.3173578 ], [ 79.6078621, 29.3177875 ], [ 79.6088082, 29.318891 ], [ 79.610001, 29.3196329 ], [ 79.6130105, 29.3180117 ], [ 79.6132894, 29.3178114 ] ] ] } },
{ "type": "Feature", "properties": { "gp_code": "23677", "gp_name": "JANGALIYA GAON", "blkname": "BHIMTAL", "dtname": "Nainital", "SHAPE_Area": 10692191.192546602 }, "geometry": { "type": "Polygon", "coordinates": [ [ [ 79.6307172, 29.3353902 ], [ 79.6315502, 29.3349603 ], [ 79.6338299, 29.3348576 ], [ 79.6396909, 29.3307976 ], [ 79.6396474, 29.3267222 ], [ 79.6409991, 29.3258059 ], [ 79.646496, 29.3260235 ], [ 79.6476737, 29.3241274 ], [ 79.6478179, 29.3231571 ], [ 79.6470922, 29.3230136 ], [ 79.6456273, 29.324463 ], [ 79.6444062, 29.3245595 ], [ 79.6406955, 29.3217669 ], [ 79.6392761, 29.3217045 ], [ 79.636635, 29.3252436 ], [ 79.6360073, 29.3269991 ], [ 79.6350775, 29.3270253 ], [ 79.6343638, 29.3277535 ], [ 79.6333128, 29.3277794 ], [ 79.6320864, 29.3269547 ], [ 79.6318534, 29.3264441 ], [ 79.6319528, 29.3258066 ], [ 79.6341112, 29.3229919 ], [ 79.6340932, 29.322248 ], [ 79.6335139, 29.3213257 ], [ 79.6301416, 29.3189659 ], [ 79.6261197, 29.3189991 ], [ 79.6219677, 29.3178983 ], [ 79.6176601, 29.3174985 ], [ 79.615749, 29.3133493 ], [ 79.6151755, 29.3132487 ], [ 79.6113273, 29.314742 ], [ 79.6104662, 29.3146544 ], [ 79.6078739, 29.311297 ], [ 79.600154, 29.3081606 ], [ 79.5973168, 29.3056738 ], [ 79.5970509, 29.3059406 ], [ 79.5959797, 29.3091704 ], [ 79.5963766, 29.3113536 ], [ 79.5956578, 29.3136614 ], [ 79.5978735, 29.3186818 ], [ 79.598848, 29.3181671 ], [ 79.6005912, 29.3189097 ], [ 79.5994214, 29.3205718 ], [ 79.5986183, 29.320839 ], [ 79.5998162, 29.322627 ], [ 79.6034479, 29.3245772 ], [ 79.6076804, 29.328307 ], [ 79.6046881, 29.3302524 ], [ 79.5995245, 29.3303273 ], [ 79.5980597, 29.3332142 ], [ 79.5977285, 29.3356221 ], [ 79.5986487, 29.3369746 ], [ 79.5983648, 29.3388825 ], [ 79.5978906, 29.3392073 ], [ 79.5962025, 29.3386752 ], [ 79.5950376, 29.3388565 ], [ 79.5932335, 29.3404212 ], [ 79.5929319, 29.3411501 ], [ 79.593241, 29.3418381 ], [ 79.5986001, 29.3423191 ], [ 79.6045843, 29.3421072 ], [ 79.6043158, 29.3400803 ], [ 79.6054681, 29.3387938 ], [ 79.6082088, 29.3388819 ], [ 79.6099492, 29.3382522 ], [ 79.6116994, 29.3370733 ], [ 79.6138096, 29.3370571 ], [ 79.6145395, 29.3363645 ], [ 79.6151754, 29.3346799 ], [ 79.6158136, 29.3348515 ], [ 79.6160772, 29.3358652 ], [ 79.6166904, 29.3362917 ], [ 79.6178477, 29.3359615 ], [ 79.6200941, 29.3321964 ], [ 79.6202587, 29.3301579 ], [ 79.6198252, 29.3291509 ], [ 79.6206288, 29.3281183 ], [ 79.6224336, 29.327485 ], [ 79.6241273, 29.3274996 ], [ 79.6281419, 29.3299956 ], [ 79.6301264, 29.3326986 ], [ 79.6307492, 29.3341107 ], [ 79.6307172, 29.3353902 ] ], [ [ 79.6093101, 29.3206679 ], [ 79.6083423, 29.3212467 ], [ 79.6075568, 29.3211227 ], [ 79.6063667, 29.319538 ], [ 79.6069651, 29.3192704 ], [ 79.608045, 29.3194882 ], [ 79.6090992, 29.3200647 ], [ 79.6093101, 29.3206679 ] ], [ [ 79.6124244, 29.3169521 ], [ 79.6132894, 29.3178114 ], [ 79.6130105, 29.3180117 ], [ 79.610001, 29.3196329 ], [ 79.6088082, 29.318891 ], [ 79.6078621, 29.3177875 ], [ 79.6081336, 29.3173578 ], [ 79.6091974, 29.3174823 ], [ 79.6107145, 29.3166251 ], [ 79.6124244, 29.3169521 ] ], [ [ 79.6050497, 29.31664 ], [ 79.6028199, 29.3176532 ], [ 79.6022719, 29.3175084 ], [ 79.6014336, 29.3160069 ], [ 79.6020156, 29.3157644 ], [ 79.6028744, 29.3159818 ], [ 79.6036208, 29.3155101 ], [ 79.6049044, 29.3160226 ], [ 79.6050497, 29.31664 ] ] ] } },
{ "type": "Feature", "properties": { "gp_code": "", "gp_name": "", "blkname": "BHIMTAL", "dtname": "Nainital", "SHAPE_Area": 4205201.3140732311 }, "geometry": { "type": "Polygon", "coordinates": [ [ [ 79.6006062, 29.3508147 ], [ 79.6022885, 29.3469615 ], [ 79.6036011, 29.3461287 ], [ 79.6041138, 29.3451027 ], [ 79.60657, 29.3431429 ], [ 79.6106726, 29.3421823 ], [ 79.6135977, 29.3442147 ], [ 79.6185911, 29.3439511 ], [ 79.623106, 29.3429487 ], [ 79.6257083, 29.3416134 ], [ 79.6250334, 29.3406942 ], [ 79.6258062, 29.3398323 ], [ 79.6290671, 29.3389491 ], [ 79.6299414, 29.3373318 ], [ 79.6301914, 29.3361448 ], [ 79.6307172, 29.3353902 ], [ 79.6307492, 29.3341107 ], [ 79.6301264, 29.3326986 ], [ 79.6281419, 29.3299956 ], [ 79.6241273, 29.3274996 ], [ 79.6232668, 29.3273666 ], [ 79.6211715, 29.3277938 ], [ 79.6198252, 29.3291509 ], [ 79.6202587, 29.3301579 ], [ 79.6200941, 29.3321964 ], [ 79.6178477, 29.3359615 ], [ 79.6166904, 29.3362917 ], [ 79.6160772, 29.3358652 ], [ 79.6158136, 29.3348515 ], [ 79.6151754, 29.3346799 ], [ 79.6145395, 29.3363645 ], [ 79.6138096, 29.3370571 ], [ 79.6116994, 29.3370733 ], [ 79.6099492, 29.3382522 ], [ 79.6082088, 29.3388819 ], [ 79.6054681, 29.3387938 ], [ 79.6043158, 29.3400803 ], [ 79.6045843, 29.3421072 ], [ 79.5953866, 29.3421614 ], [ 79.5947421, 29.3439211 ], [ 79.5943438, 29.3470231 ], [ 79.5933953, 29.3477362 ], [ 79.5946502, 29.3497585 ], [ 79.5990456, 29.3508534 ], [ 79.6006062, 29.3508147 ] ] ] } },
{ "type": "Feature", "properties": { "gp_code": "23685", "gp_name": "MALUWA TAL", "blkname": "BHIMTAL", "dtname": "Nainital", "SHAPE_Area": 1121338.0686581542 }, "geometry": { "type": "Polygon", "coordinates": [ [ [ 79.6257083, 29.3416134 ], [ 79.623106, 29.3429487 ], [ 79.6185911, 29.3439511 ], [ 79.6135977, 29.3442147 ], [ 79.6106726, 29.3421823 ], [ 79.60657, 29.3431429 ], [ 79.6041138, 29.3451027 ], [ 79.6036011, 29.3461287 ], [ 79.6022885, 29.3469615 ], [ 79.6006062, 29.3508147 ], [ 79.6030936, 29.3515158 ], [ 79.603418, 29.3521941 ], [ 79.6032982, 29.3511682 ], [ 79.6059508, 29.3473507 ], [ 79.6071469, 29.3470077 ], [ 79.6077033, 29.3464018 ], [ 79.609537, 29.3461634 ], [ 79.6156188, 29.3468797 ], [ 79.6178839, 29.3466287 ], [ 79.6221945, 29.3447093 ], [ 79.6252944, 29.3439409 ], [ 79.6288731, 29.3443244 ], [ 79.6279985, 29.3431977 ], [ 79.6257083, 29.3416134 ] ] ] } },
{ "type": "Feature", "properties": { "gp_code": "", "gp_name": "", "blkname": "RAMGARH", "dtname": "Nainital", "SHAPE_Area": 469130.31292152993 }, "geometry": { "type": "Polygon", "coordinates": [ [ [ 79.6152964, 29.3594823 ], [ 79.6158281, 29.3588435 ], [ 79.6152844, 29.3578368 ], [ 79.6117631, 29.3566613 ], [ 79.6094251, 29.3562657 ], [ 79.6023378, 29.3587622 ], [ 79.6015193, 29.3604961 ], [ 79.601927, 29.3610423 ], [ 79.6019411, 29.3617741 ], [ 79.60289, 29.3620849 ], [ 79.6041062, 29.3607536 ], [ 79.6055219, 29.3599272 ], [ 79.6082309, 29.3589989 ], [ 79.6120456, 29.3587816 ], [ 79.6152964, 29.3594823 ] ] ] } },
{ "type": "Feature", "properties": { "gp_code": "23725", "gp_name": "GUNIGAON", "blkname": "DHARI", "dtname": "Nainital", "SHAPE_Area": 3656390.1295074001 }, "geometry": { "type": "Polygon", "coordinates": [ [ [ 79.6119884, 29.3799971 ], [ 79.6129437, 29.3799791 ], [ 79.6156285, 29.3811865 ], [ 79.6170611, 29.3812575 ], [ 79.6192165, 29.3804834 ], [ 79.6195355, 29.3807573 ], [ 79.6204196, 29.3804373 ], [ 79.6216689, 29.3792289 ], [ 79.621763, 29.3781993 ], [ 79.6205618, 29.3762935 ], [ 79.6198725, 29.3742658 ], [ 79.6202869, 29.3709515 ], [ 79.6199019, 29.3699446 ], [ 79.6215779, 29.366704 ], [ 79.6232993, 29.3644411 ], [ 79.6197639, 29.3622296 ], [ 79.6176937, 29.3622247 ], [ 79.6147635, 29.3630537 ], [ 79.6127001, 29.3615888 ], [ 79.6117422, 29.3624907 ], [ 79.6126626, 29.3637209 ], [ 79.6130281, 29.3650847 ], [ 79.6116203, 29.3669436 ], [ 79.604996, 29.3693565 ], [ 79.6047136, 29.3696708 ], [ 79.6049833, 29.370915 ], [ 79.6031311, 29.3720036 ], [ 79.6032062, 29.3725975 ], [ 79.6037448, 29.3728147 ], [ 79.6057175, 29.3725632 ], [ 79.6060401, 29.3730668 ], [ 79.6049276, 29.3738702 ], [ 79.6036734, 29.3758642 ], [ 79.6028243, 29.3763885 ], [ 79.6024252, 29.3770518 ], [ 79.6025894, 29.3778218 ], [ 79.6052838, 29.3783683 ], [ 79.6074225, 29.3817065 ], [ 79.6084395, 29.3816618 ], [ 79.6095742, 29.3809696 ], [ 79.6112911, 29.3805753 ], [ 79.6119884, 29.3799971 ] ] ] } },
{ "type": "Feature", "properties": { "gp_code": "260232", "gp_name": "Harinagar Sharna", "blkname": "DHARI", "dtname": "Nainital", "SHAPE_Area": 222639.38508674141 }, "geometry": { "type": "Polygon", "coordinates": [ [ [ 79.6429219, 29.3675072 ], [ 79.638943, 29.3660921 ], [ 79.6381248, 29.365226 ], [ 79.6372011, 29.3671934 ], [ 79.6360256, 29.3681188 ], [ 79.6373025, 29.3684545 ], [ 79.641312, 29.3705073 ], [ 79.6418965, 29.3697294 ], [ 79.6420939, 29.3685963 ], [ 79.6429219, 29.3675072 ] ] ] } },
{ "type": "Feature", "properties": { "gp_code": "23726", "gp_name": "GUNIYA LEKH", "blkname": "DHARI", "dtname": "Nainital", "SHAPE_Area": 1233302.736384331 }, "geometry": { "type": "Polygon", "coordinates": [ [ [ 79.6533468, 29.3590567 ], [ 79.6492048, 29.3578901 ], [ 79.6480151, 29.3582346 ], [ 79.6471235, 29.358934 ], [ 79.6442601, 29.3591898 ], [ 79.6410433, 29.3613646 ], [ 79.6385932, 29.3640511 ], [ 79.6381248, 29.365226 ], [ 79.638943, 29.3660921 ], [ 79.6429219, 29.3675072 ], [ 79.6473787, 29.3644496 ], [ 79.6532426, 29.3627141 ], [ 79.6544983, 29.3619785 ], [ 79.6549171, 29.3611222 ], [ 79.654709, 29.3603814 ], [ 79.6533468, 29.3590567 ] ] ] } },
{ "type": "Feature", "properties": { "gp_code": "23862", "gp_name": "CHURIGAD", "blkname": "OKHALKANDA", "dtname": "Nainital", "SHAPE_Area": 4533486.6379812909 }, "geometry": { "type": "Polygon", "coordinates": [ [ [ 79.6533468, 29.3590567 ], [ 79.6558108, 29.355269 ], [ 79.6578864, 29.3533111 ], [ 79.6590202, 29.3527042 ], [ 79.6603694, 29.3531604 ], [ 79.6609013, 29.3538204 ], [ 79.6610411, 29.3559247 ], [ 79.6629849, 29.3562901 ], [ 79.6641102, 29.3558036 ], [ 79.6638445, 29.3524097 ], [ 79.6657355, 29.3498562 ], [ 79.6673042, 29.3498594 ], [ 79.6710842, 29.3515533 ], [ 79.6719911, 29.3510309 ], [ 79.6721392, 29.3500819 ], [ 79.6706764, 29.3467564 ], [ 79.6705953, 29.3455139 ], [ 79.6719534, 29.3408788 ], [ 79.6712358, 29.3401265 ], [ 79.6699083, 29.3391851 ], [ 79.6684096, 29.3402304 ], [ 79.6657823, 29.3400692 ], [ 79.6636465, 29.3404898 ], [ 79.6628188, 29.3416003 ], [ 79.6612731, 29.3421313 ], [ 79.6579861, 29.3421391 ], [ 79.6506987, 29.3414505 ], [ 79.6481574, 29.3423164 ], [ 79.6468518, 29.3436666 ], [ 79.6471325, 29.3444607 ], [ 79.6491858, 29.3446281 ], [ 79.6532148, 29.3438434 ], [ 79.6550098, 29.3438614 ], [ 79.6570696, 29.3445955 ], [ 79.6584401, 29.3460578 ], [ 79.658404, 29.3474321 ], [ 79.6580139, 29.3481539 ], [ 79.6568969, 29.3485624 ], [ 79.6552635, 29.348559 ], [ 79.6537414, 29.3492641 ], [ 79.652067, 29.3495276 ], [ 79.6477403, 29.349669 ], [ 79.6461914, 29.3483976 ], [ 79.6418138, 29.3522276 ], [ 79.6380154, 29.3542098 ], [ 79.6376332, 29.3549882 ], [ 79.6378031, 29.3555798 ], [ 79.6360098, 29.3570178 ], [ 79.636219, 29.3574008 ], [ 79.6381185, 29.3576955 ], [ 79.63983, 29.358684 ], [ 79.6412362, 29.3590131 ], [ 79.6431842, 29.3585338 ], [ 79.6475454, 29.3556124 ], [ 79.6500445, 29.3555044 ], [ 79.6531636, 29.3563401 ], [ 79.6532839, 29.3567017 ], [ 79.6522219, 29.3576557 ], [ 79.651904, 29.3585548 ], [ 79.6528889, 29.3591165 ], [ 79.6533468, 29.3590567 ] ] ] } },
{ "type": "Feature", "properties": { "gp_code": "", "gp_name": "", "blkname": "OKHALKANDA", "dtname": "Nainital", "SHAPE_Area": 931649.8480581342 }, "geometry": { "type": "Polygon", "coordinates": [ [ [ 79.6403139, 29.3306644 ], [ 79.6396909, 29.3307976 ], [ 79.6338299, 29.3348576 ], [ 79.6315502, 29.3349603 ], [ 79.6307172, 29.3353902 ], [ 79.6290671, 29.3389491 ], [ 79.6322149, 29.3408195 ], [ 79.633057, 29.3404389 ], [ 79.6338852, 29.3392506 ], [ 79.6352983, 29.3381401 ], [ 79.640714, 29.3376224 ], [ 79.6410058, 29.337368 ], [ 79.6413189, 29.3353567 ], [ 79.6428133, 29.3330646 ], [ 79.6426166, 29.3324391 ], [ 79.6403139, 29.3306644 ] ] ] } },
{ "type": "Feature", "properties": { "gp_code": "23905", "gp_name": "POKHARI", "blkname": "OKHALKANDA", "dtname": "Nainital", "SHAPE_Area": 2884155.1738221878 }, "geometry": { "type": "Polygon", "coordinates": [ [ [ 79.6885341, 29.3401952 ], [ 79.6884973, 29.3386618 ], [ 79.6889697, 29.3369244 ], [ 79.6919918, 29.3333667 ], [ 79.6950918, 29.3303196 ], [ 79.6948576, 29.329795 ], [ 79.6931194, 29.3292569 ], [ 79.6906618, 29.327496 ], [ 79.6893027, 29.325853 ], [ 79.6885767, 29.3232664 ], [ 79.6899929, 29.3224311 ], [ 79.6924549, 29.3182458 ], [ 79.695586, 29.3157656 ], [ 79.6963981, 29.3135774 ], [ 79.6973396, 29.3128038 ], [ 79.6972811, 29.3122953 ], [ 79.6946825, 29.3121522 ], [ 79.6951074, 29.3130758 ], [ 79.695003, 29.3141765 ], [ 79.6942512, 29.3158868 ], [ 79.6926923, 29.3168912 ], [ 79.6908402, 29.3172086 ], [ 79.6878461, 29.3185757 ], [ 79.6869692, 29.3193763 ], [ 79.6856601, 29.3221196 ], [ 79.6822055, 29.3244395 ], [ 79.677583, 29.3259993 ], [ 79.682511, 29.3322673 ], [ 79.6818154, 29.3337279 ], [ 79.6790617, 29.3363968 ], [ 79.6815579, 29.3389335 ], [ 79.6840808, 29.3390099 ], [ 79.6863162, 29.3401909 ], [ 79.6885341, 29.3401952 ] ] ] } },
{ "type": "Feature", "properties": { "gp_code": "23890", "gp_name": "KULOURI", "blkname": "OKHALKANDA", "dtname": "Nainital", "SHAPE_Area": 1989373.4638687032 }, "geometry": { "type": "Polygon", "coordinates": [ [ [ 79.6885341, 29.3401952 ], [ 79.6863162, 29.3401909 ], [ 79.6840808, 29.3390099 ], [ 79.6815579, 29.3389335 ], [ 79.6790617, 29.3363968 ], [ 79.6781297, 29.3387396 ], [ 79.6747873, 29.3446431 ], [ 79.6730233, 29.3459309 ], [ 79.6756897, 29.3497083 ], [ 79.6836055, 29.3498667 ], [ 79.6861471, 29.3506918 ], [ 79.6871645, 29.3507117 ], [ 79.6876857, 29.3497273 ], [ 79.6885341, 29.3401952 ] ] ] } },
{ "type": "Feature", "properties": { "gp_code": "23907", "gp_name": "PUTGAON", "blkname": "OKHALKANDA", "dtname": "Nainital", "SHAPE_Area": 1685664.7974405487 }, "geometry": { "type": "Polygon", "coordinates": [ [ [ 79.6775072, 29.3394515 ], [ 79.6781297, 29.3387396 ], [ 79.6790617, 29.3363968 ], [ 79.6818154, 29.3337279 ], [ 79.682511, 29.3322673 ], [ 79.677583, 29.3259993 ], [ 79.6755191, 29.3270641 ], [ 79.6732228, 29.3271445 ], [ 79.6717846, 29.3268015 ], [ 79.6699466, 29.3248423 ], [ 79.6695565, 29.3235843 ], [ 79.6688988, 29.3236217 ], [ 79.6668843, 29.3269274 ], [ 79.6643714, 29.32962 ], [ 79.6650659, 29.3299262 ], [ 79.6673953, 29.3295342 ], [ 79.6691531, 29.3297965 ], [ 79.6762495, 29.3352625 ], [ 79.6761895, 29.3365163 ], [ 79.6743675, 29.3376143 ], [ 79.6732955, 29.3378672 ], [ 79.6717723, 29.3390719 ], [ 79.6712614, 29.3396235 ], [ 79.6714454, 29.3403394 ], [ 79.6756505, 29.3401425 ], [ 79.6775072, 29.3394515 ] ] ] } },
{ "type": "Feature", "properties": { "gp_code": "23917", "gp_name": "SURANG", "blkname": "OKHALKANDA", "dtname": "Nainital", "SHAPE_Area": 4235071.5318765249 }, "geometry": { "type": "Polygon", "coordinates": [ [ [ 79.7094372, 29.3271298 ], [ 79.713645, 29.324454 ], [ 79.7155971, 29.322679 ], [ 79.715303, 29.3223084 ], [ 79.7154157, 29.3219163 ], [ 79.7160374, 29.3214539 ], [ 79.7181245, 29.3207613 ], [ 79.7193959, 29.3207822 ], [ 79.7204851, 29.3204187 ], [ 79.7200725, 29.3185102 ], [ 79.7191391, 29.3173853 ], [ 79.7184688, 29.3169294 ], [ 79.717451, 29.317195 ], [ 79.7159527, 29.318494 ], [ 79.7154216, 29.3193668 ], [ 79.7143214, 29.3200959 ], [ 79.7129983, 29.3203788 ], [ 79.7108753, 29.323406 ], [ 79.7103047, 29.3237616 ], [ 79.7050753, 29.3240195 ], [ 79.7023659, 29.3254409 ], [ 79.6964048, 29.3294682 ], [ 79.6949997, 29.3299825 ], [ 79.6950918, 29.3303196 ], [ 79.6919918, 29.3333667 ], [ 79.6889697, 29.3369244 ], [ 79.6884973, 29.3386618 ], [ 79.6886973, 29.3400262 ], [ 79.6903557, 29.3400829 ], [ 79.6996567, 29.3351172 ], [ 79.7002073, 29.3346012 ], [ 79.7004754, 29.333113 ], [ 79.7016035, 29.3336231 ], [ 79.7025578, 29.3344986 ], [ 79.7046936, 29.3347343 ], [ 79.7050996, 29.3351451 ], [ 79.7051476, 29.3363219 ], [ 79.7026006, 29.3378238 ], [ 79.7025273, 29.3386973 ], [ 79.7039131, 29.3399212 ], [ 79.7056074, 29.340786 ], [ 79.7066558, 29.3438664 ], [ 79.7076829, 29.3441268 ], [ 79.708688, 29.3428806 ], [ 79.7100616, 29.3429009 ], [ 79.7121672, 29.3422696 ], [ 79.7179878, 29.3382438 ], [ 79.7198611, 29.3377121 ], [ 79.7232637, 29.3356855 ], [ 79.7255689, 29.3330151 ], [ 79.7255911, 29.3322306 ], [ 79.7251647, 29.3318376 ], [ 79.7243838, 29.3318695 ], [ 79.7207839, 29.3345401 ], [ 79.7182886, 29.3357214 ], [ 79.7159554, 29.3350042 ], [ 79.7145616, 29.3350151 ], [ 79.7130632, 29.3358268 ], [ 79.7118914, 29.3370072 ], [ 79.7116912, 29.337769 ], [ 79.7111125, 29.3372955 ], [ 79.7103603, 29.3372027 ], [ 79.7078261, 29.3373164 ], [ 79.7075013, 29.3369949 ], [ 79.7074626, 29.3361746 ], [ 79.7077498, 29.3351945 ], [ 79.7082007, 29.3347575 ], [ 79.7109676, 29.333979 ], [ 79.7114574, 29.3333381 ], [ 79.7109973, 29.332833 ], [ 79.7079702, 29.3323601 ], [ 79.7085377, 29.3289646 ], [ 79.7094372, 29.3271298 ] ] ] } },
{ "type": "Feature", "properties": { "gp_code": "23896", "gp_name": "OKHALKANDA MALLA", "blkname": "OKHALKANDA", "dtname": "Nainital", "SHAPE_Area": 402772.5361882993 }, "geometry": { "type": "Polygon", "coordinates": [ [ [ 79.7170894, 29.3262697 ], [ 79.7193273, 29.3263539 ], [ 79.7198988, 29.3255526 ], [ 79.7198591, 29.3251246 ], [ 79.7194739, 29.3244999 ], [ 79.718783, 29.324151 ], [ 79.7168948, 29.3241835 ], [ 79.7155971, 29.322679 ], [ 79.713645, 29.324454 ], [ 79.7101196, 29.3267744 ], [ 79.7146826, 29.3288597 ], [ 79.7155074, 29.3285224 ], [ 79.7165395, 29.3265273 ], [ 79.7170894, 29.3262697 ] ] ] } },
{ "type": "Feature", "properties": { "gp_code": "", "gp_name": "", "blkname": "OKHALKANDA", "dtname": "Nainital", "SHAPE_Area": 242739.71774569253 }, "geometry": { "type": "Polygon", "coordinates": [ [ [ 79.711095, 29.314233 ], [ 79.7132176, 29.3113661 ], [ 79.7131387, 29.3102605 ], [ 79.7122253, 29.309403 ], [ 79.710457, 29.3087045 ], [ 79.7095614, 29.3089168 ], [ 79.7094523, 29.3120904 ], [ 79.7090425, 29.3133021 ], [ 79.7092635, 29.3144793 ], [ 79.7097514, 29.3146228 ], [ 79.711095, 29.314233 ] ] ] } },
{ "type": "Feature", "properties": { "gp_code": "23911", "gp_name": "RIKHAKOT", "blkname": "OKHALKANDA", "dtname": "Nainital", "SHAPE_Area": 1417545.1809009339 }, "geometry": { "type": "Polygon", "coordinates": [ [ [ 79.7129294, 29.3032766 ], [ 79.7128987, 29.3008212 ], [ 79.713159, 29.3004117 ], [ 79.7120654, 29.2983547 ], [ 79.7117854, 29.2962681 ], [ 79.7103515, 29.2962309 ], [ 79.709159, 29.2972975 ], [ 79.7050037, 29.2996792 ], [ 79.7025696, 29.2988991 ], [ 79.7028419, 29.2977495 ], [ 79.7016049, 29.2961782 ], [ 79.7016376, 29.2952822 ], [ 79.6996733, 29.2945422 ], [ 79.6997879, 29.2957402 ], [ 79.6988861, 29.2985468 ], [ 79.6979248, 29.3007114 ], [ 79.6969045, 29.3020021 ], [ 79.6970523, 29.3039192 ], [ 79.696765, 29.3049885 ], [ 79.6968251, 29.3053185 ], [ 79.6974867, 29.3051503 ], [ 79.6984608, 29.3019873 ], [ 79.7002755, 29.3001987 ], [ 79.7009474, 29.2999414 ], [ 79.7016895, 29.3003808 ], [ 79.7015866, 29.3048013 ], [ 79.7017791, 29.3072533 ], [ 79.7022559, 29.3077446 ], [ 79.704555, 29.3054755 ], [ 79.7084877, 29.3048608 ], [ 79.7125427, 29.3030049 ], [ 79.7129294, 29.3032766 ] ] ] } },
{ "type": "Feature", "properties": { "gp_code": "23914", "gp_name": "SUI", "blkname": "OKHALKANDA", "dtname": "Nainital", "SHAPE_Area": 775304.1917932186 }, "geometry": { "type": "Polygon", "coordinates": [ [ [ 79.7232768, 29.3036967 ], [ 79.7204181, 29.3039815 ], [ 79.7195441, 29.3036323 ], [ 79.7200407, 29.2999512 ], [ 79.7196776, 29.2986044 ], [ 79.7193423, 29.2984255 ], [ 79.7160338, 29.2997659 ], [ 79.7137695, 29.3001772 ], [ 79.7128987, 29.3008212 ], [ 79.7130944, 29.304147 ], [ 79.7152348, 29.3066737 ], [ 79.7186036, 29.3079634 ], [ 79.7232768, 29.3036967 ] ] ] } },
{ "type": "Feature", "properties": { "gp_code": "23715", "gp_name": "BABIYAD", "blkname": "OKHALKANDA", "dtname": "Nainital", "SHAPE_Area": 5814720.9810248455 }, "geometry": { "type": "Polygon", "coordinates": [ [ [ 79.6997879, 29.2957402 ], [ 79.6996733, 29.2945422 ], [ 79.7016376, 29.2952822 ], [ 79.701778, 29.2939408 ], [ 79.7010391, 29.2925174 ], [ 79.701412, 29.2917915 ], [ 79.7019208, 29.2917033 ], [ 79.7081249, 29.293725 ], [ 79.7099155, 29.2934786 ], [ 79.7137849, 29.2936238 ], [ 79.7150697, 29.2944195 ], [ 79.7159409, 29.29595 ], [ 79.7182423, 29.2946613 ], [ 79.7184466, 29.2942784 ], [ 79.7201008, 29.2935948 ], [ 79.7188525, 29.2924336 ], [ 79.7160478, 29.2910814 ], [ 79.7141978, 29.2910212 ], [ 79.709384, 29.2924213 ], [ 79.7071384, 29.2915791 ], [ 79.7017402, 29.2906688 ], [ 79.7010804, 29.2901594 ], [ 79.699726, 29.2877252 ], [ 79.6994085, 29.2844437 ], [ 79.6990233, 29.2839794 ], [ 79.6981086, 29.2837102 ], [ 79.6945311, 29.2837442 ], [ 79.6943063, 29.2832573 ], [ 79.6944575, 29.2819734 ], [ 79.6939036, 29.2816339 ], [ 79.6924181, 29.2819476 ], [ 79.6909898, 29.2837725 ], [ 79.6899919, 29.2842921 ], [ 79.6891279, 29.2841211 ], [ 79.6869462, 29.2822713 ], [ 79.6859863, 29.2877925 ], [ 79.6737809, 29.2832132 ], [ 79.6764834, 29.2874483 ], [ 79.676352, 29.2910766 ], [ 79.6769491, 29.2921655 ], [ 79.6791033, 29.2928919 ], [ 79.6815436, 29.2931464 ], [ 79.6829842, 29.2945489 ], [ 79.6834061, 29.2978448 ], [ 79.6825614, 29.3024059 ], [ 79.6817319, 29.3042769 ], [ 79.6843948, 29.3037165 ], [ 79.689115, 29.3034404 ], [ 79.6944749, 29.3022326 ], [ 79.6969045, 29.3020021 ], [ 79.6979248, 29.3007114 ], [ 79.6997879, 29.2957402 ] ] ] } },
{ "type": "Feature", "properties": { "gp_code": "23713", "gp_name": "AMDAU", "blkname": "OKHALKANDA", "dtname": "Nainital", "SHAPE_Area": 2521180.5243015713 }, "geometry": { "type": "Polygon", "coordinates": [ [ [ 79.6716903, 29.3039764 ], [ 79.671032, 29.3029053 ], [ 79.671293, 29.301482 ], [ 79.6693172, 29.2975794 ], [ 79.6672403, 29.294535 ], [ 79.6662155, 29.2936681 ], [ 79.664161, 29.2936995 ], [ 79.6617572, 29.2943609 ], [ 79.6588657, 29.2961222 ], [ 79.6552152, 29.2962606 ], [ 79.6540379, 29.2960331 ], [ 79.6525386, 29.2962881 ], [ 79.6527823, 29.2988929 ], [ 79.6533631, 29.3004328 ], [ 79.6526131, 29.304318 ], [ 79.6541642, 29.3070031 ], [ 79.6551278, 29.3078231 ], [ 79.6566732, 29.3079084 ], [ 79.6631667, 29.3045256 ], [ 79.6663459, 29.3032982 ], [ 79.6672788, 29.3033935 ], [ 79.6689709, 29.3041933 ], [ 79.6716903, 29.3039764 ] ] ] } },
{ "type": "Feature", "properties": { "gp_code": "23723", "gp_name": "DUDHALI", "blkname": "OKHALKANDA", "dtname": "Nainital", "SHAPE_Area": 4101806.0762177901 }, "geometry": { "type": "Polygon", "coordinates": [ [ [ 79.6817319, 29.3042769 ], [ 79.6825614, 29.3024059 ], [ 79.6834061, 29.2978448 ], [ 79.6829842, 29.2945489 ], [ 79.6815436, 29.2931464 ], [ 79.6791033, 29.2928919 ], [ 79.6769491, 29.2921655 ], [ 79.676352, 29.2910766 ], [ 79.6764834, 29.2874483 ], [ 79.6738495, 29.2835738 ], [ 79.6738713, 29.2830566 ], [ 79.6723099, 29.285113 ], [ 79.6721346, 29.2859863 ], [ 79.6694314, 29.2890566 ], [ 79.6665442, 29.2902909 ], [ 79.6629597, 29.2903804 ], [ 79.6597215, 29.2918982 ], [ 79.6583133, 29.2935802 ], [ 79.6580427, 29.2958084 ], [ 79.6582453, 29.2961209 ], [ 79.6594968, 29.2959274 ], [ 79.6617572, 29.2943609 ], [ 79.664161, 29.2936995 ], [ 79.6662155, 29.2936681 ], [ 79.6672403, 29.294535 ], [ 79.6693172, 29.2975794 ], [ 79.671293, 29.301482 ], [ 79.6711529, 29.3033691 ], [ 79.6716903, 29.3039764 ], [ 79.6735697, 29.3048361 ], [ 79.6736498, 29.3053355 ], [ 79.6763463, 29.3087732 ], [ 79.6768305, 29.3103166 ], [ 79.6765547, 29.3140734 ], [ 79.6751072, 29.3157958 ], [ 79.6750442, 29.3165356 ], [ 79.6744763, 29.317235 ], [ 79.6749698, 29.3177924 ], [ 79.675968, 29.3172863 ], [ 79.6766724, 29.3163517 ], [ 79.676838, 29.3152376 ], [ 79.677287, 29.3146858 ], [ 79.6780203, 29.3143664 ], [ 79.6798556, 29.3126584 ], [ 79.6801236, 29.3112949 ], [ 79.6801151, 29.3066134 ], [ 79.6817319, 29.3042769 ] ] ] } },
{ "type": "Feature", "properties": { "gp_code": "23854", "gp_name": "BADOUN", "blkname": "OKHALKANDA", "dtname": "Nainital", "SHAPE_Area": 642103.94096607598 }, "geometry": { "type": "Polygon", "coordinates": [ [ [ 79.6707409, 29.2562541 ], [ 79.6697088, 29.2565895 ], [ 79.669551, 29.2580468 ], [ 79.6724193, 29.261778 ], [ 79.6754692, 29.2668184 ], [ 79.6762692, 29.26723 ], [ 79.6786769, 29.2661107 ], [ 79.6806525, 29.2645984 ], [ 79.6808961, 29.2641454 ], [ 79.6801472, 29.2631307 ], [ 79.6736825, 29.2601631 ], [ 79.6730427, 29.2576535 ], [ 79.6724722, 29.2570567 ], [ 79.6707409, 29.2562541 ] ] ] } },
{ "type": "Feature", "properties": { "gp_code": "", "gp_name": "", "blkname": "OKHALKANDA", "dtname": "Nainital", "SHAPE_Area": 2730471.749387335 }, "geometry": { "type": "Polygon", "coordinates": [ [ [ 79.724998, 29.284427 ], [ 79.7250814, 29.2834509 ], [ 79.7262556, 29.2813622 ], [ 79.7264629, 29.2795528 ], [ 79.7206567, 29.2748711 ], [ 79.7181209, 29.2720939 ], [ 79.7171397, 29.2698187 ], [ 79.7154928, 29.2696709 ], [ 79.7146472, 29.270347 ], [ 79.7143711, 29.2710062 ], [ 79.7134659, 29.2711295 ], [ 79.7128438, 29.2718594 ], [ 79.7118005, 29.2723613 ], [ 79.7122858, 29.2735346 ], [ 79.7118631, 29.275999 ], [ 79.710925, 29.2771028 ], [ 79.7088893, 29.2779373 ], [ 79.7076352, 29.279308 ], [ 79.7076239, 29.2797983 ], [ 79.7086693, 29.2806561 ], [ 79.7063956, 29.283175 ], [ 79.7055026, 29.2866504 ], [ 79.7058669, 29.2873911 ], [ 79.7066194, 29.2874013 ], [ 79.7095825, 29.2837113 ], [ 79.7104874, 29.2837753 ], [ 79.713199, 29.2853493 ], [ 79.7167185, 29.2850346 ], [ 79.7179499, 29.2846444 ], [ 79.7228511, 29.2849026 ], [ 79.724998, 29.284427 ] ] ] } },
{ "type": "Feature", "properties": { "gp_code": "", "gp_name": "", "blkname": "OKHALKANDA", "dtname": "Nainital", "SHAPE_Area": 114449.05538852877 }, "geometry": { "type": "Polygon", "coordinates": [ [ [ 79.7189344, 29.2563768 ], [ 79.7180529, 29.2550691 ], [ 79.7174328, 29.2550235 ], [ 79.7165963, 29.2562078 ], [ 79.716418, 29.2585969 ], [ 79.717464, 29.2591471 ], [ 79.7182375, 29.2588275 ], [ 79.7189344, 29.2563768 ] ] ] } },
{ "type": "Feature", "properties": { "gp_code": "23904", "gp_name": "PATRANI", "blkname": "OKHALKANDA", "dtname": "Nainital", "SHAPE_Area": 1103511.249381427 }, "geometry": { "type": "Polygon", "coordinates": [ [ [ 79.7019369, 29.2188767 ], [ 79.7017508, 29.2178844 ], [ 79.698887, 29.215701 ], [ 79.6972308, 29.2148382 ], [ 79.6964398, 29.2146384 ], [ 79.6948365, 29.2152635 ], [ 79.694267, 29.2169322 ], [ 79.6919809, 29.2193084 ], [ 79.6907622, 29.2243812 ], [ 79.6890952, 29.225903 ], [ 79.6889521, 29.226564 ], [ 79.6891775, 29.226862 ], [ 79.6926435, 29.2275879 ], [ 79.694578, 29.2264674 ], [ 79.6959159, 29.2265608 ], [ 79.6961614, 29.2263629 ], [ 79.6962976, 29.2246108 ], [ 79.6984573, 29.2199695 ], [ 79.7019369, 29.2188767 ] ] ] } },
{ "type": "Feature", "properties": { "gp_code": "", "gp_name": "", "blkname": "OKHALKANDA", "dtname": "Nainital", "SHAPE_Area": 847790.80665359378 }, "geometry": { "type": "Polygon", "coordinates": [ [ [ 79.7017508, 29.2178844 ], [ 79.7019369, 29.2188767 ], [ 79.705144, 29.2174278 ], [ 79.7069714, 29.2176791 ], [ 79.7082603, 29.2185411 ], [ 79.7114506, 29.216158 ], [ 79.7126388, 29.2157138 ], [ 79.7139957, 29.2157162 ], [ 79.7171447, 29.214796 ], [ 79.7198393, 29.2149164 ], [ 79.7264184, 29.2138201 ], [ 79.7268911, 29.21311 ], [ 79.7266281, 29.2127459 ], [ 79.7253851, 29.2124297 ], [ 79.7215217, 29.2125883 ], [ 79.7156477, 29.2143387 ], [ 79.7139913, 29.2135092 ], [ 79.7131865, 29.2111189 ], [ 79.7116435, 29.2101903 ], [ 79.7111159, 29.210206 ], [ 79.7105497, 29.2105686 ], [ 79.7075054, 29.2149771 ], [ 79.703751, 29.2168053 ], [ 79.7023821, 29.2178856 ], [ 79.7017508, 29.2178844 ] ] ] } },
{ "type": "Feature", "properties": { "gp_code": "", "gp_name": "", "blkname": "OKHALKANDA", "dtname": "Nainital", "SHAPE_Area": 129310.884959345 }, "geometry": { "type": "Polygon", "coordinates": [ [ [ 79.7180308, 29.2104993 ], [ 79.7185414, 29.2097232 ], [ 79.7186577, 29.2083016 ], [ 79.7183567, 29.2080531 ], [ 79.7163975, 29.2078182 ], [ 79.7144369, 29.2082446 ], [ 79.7149223, 29.2101797 ], [ 79.7180308, 29.2104993 ] ] ] } },
{ "type": "Feature", "properties": { "gp_code": "23881", "gp_name": "KAKAUD", "blkname": "OKHALKANDA", "dtname": "Nainital", "SHAPE_Area": 808157.0860851797 }, "geometry": { "type": "Polygon", "coordinates": [ [ [ 79.7155802, 29.2047625 ], [ 79.7163943, 29.2030693 ], [ 79.7178118, 29.2012203 ], [ 79.7142225, 29.1970478 ], [ 79.7131158, 29.1948966 ], [ 79.7110645, 29.1938183 ], [ 79.7072966, 29.1937289 ], [ 79.7064493, 29.1934959 ], [ 79.7056692, 29.1927339 ], [ 79.7041053, 29.1927559 ], [ 79.7042521, 29.1944011 ], [ 79.7068571, 29.1963236 ], [ 79.7087306, 29.1968396 ], [ 79.7115417, 29.1992997 ], [ 79.7131018, 29.2009392 ], [ 79.7134202, 29.2017663 ], [ 79.7128331, 29.2030713 ], [ 79.7155802, 29.2047625 ] ] ] } },
{ "type": "Feature", "properties": { "gp_code": "", "gp_name": "", "blkname": "OKHALKANDA", "dtname": "Nainital", "SHAPE_Area": 302050.17990270985 }, "geometry": { "type": "Polygon", "coordinates": [ [ [ 79.6898486, 29.2129147 ], [ 79.6870501, 29.2111321 ], [ 79.6842968, 29.210077 ], [ 79.6822998, 29.2099077 ], [ 79.6824112, 29.2105527 ], [ 79.6834636, 29.2116624 ], [ 79.6834996, 29.2123568 ], [ 79.6812126, 29.2149809 ], [ 79.6816049, 29.2163042 ], [ 79.6824902, 29.2164713 ], [ 79.6837581, 29.2144073 ], [ 79.684853, 29.213649 ], [ 79.6898486, 29.2129147 ] ] ] } },
{ "type": "Feature", "properties": { "gp_code": "23886", "gp_name": "KAUNTA", "blkname": "OKHALKANDA", "dtname": "Nainital", "SHAPE_Area": 1666384.3970716454 }, "geometry": { "type": "Polygon", "coordinates": [ [ [ 79.679987, 29.2079689 ], [ 79.6801476, 29.2059937 ], [ 79.6793233, 29.2041404 ], [ 79.677819, 29.202914 ], [ 79.6752956, 29.2023303 ], [ 79.6719612, 29.202059 ], [ 79.6703538, 29.204238 ], [ 79.665706, 29.2123621 ], [ 79.6681692, 29.2161117 ], [ 79.6690721, 29.2167418 ], [ 79.6716355, 29.2130026 ], [ 79.6728631, 29.211947 ], [ 79.674256, 29.2125616 ], [ 79.6748261, 29.2143316 ], [ 79.6756268, 29.2143911 ], [ 79.6765969, 29.2109296 ], [ 79.679987, 29.2079689 ] ] ] } },
{ "type": "Feature", "properties": { "gp_code": "23861", "gp_name": "CHAMOLI", "blkname": "OKHALKANDA", "dtname": "Nainital", "SHAPE_Area": 129718.94782500801 }, "geometry": { "type": "Polygon", "coordinates": [ [ [ 79.6752643, 29.2196805 ], [ 79.6718335, 29.2200538 ], [ 79.6721103, 29.2222696 ], [ 79.6757666, 29.2221448 ], [ 79.6758628, 29.2213845 ], [ 79.6752643, 29.2196805 ] ] ] } },
{ "type": "Feature", "properties": { "gp_code": "", "gp_name": "", "blkname": "OKHALKANDA", "dtname": "Nainital", "SHAPE_Area": 3001925.1763570737 }, "geometry": { "type": "Polygon", "coordinates": [ [ [ 79.695465, 29.2278701 ], [ 79.6891775, 29.226862 ], [ 79.6867936, 29.2286965 ], [ 79.6824176, 29.2300766 ], [ 79.6810956, 29.2311486 ], [ 79.6796959, 29.2330634 ], [ 79.6769569, 29.2354715 ], [ 79.6764831, 29.2364459 ], [ 79.6767454, 29.2370415 ], [ 79.6781569, 29.2378544 ], [ 79.6826254, 29.2372846 ], [ 79.6844382, 29.2359161 ], [ 79.6849661, 29.2358345 ], [ 79.6857385, 29.2360178 ], [ 79.6880899, 29.2378244 ], [ 79.6924755, 29.2401802 ], [ 79.6953571, 29.2410949 ], [ 79.6959982, 29.2410134 ], [ 79.6971343, 29.23885 ], [ 79.7001373, 29.2363594 ], [ 79.6997824, 29.2350362 ], [ 79.6978504, 29.2312139 ], [ 79.7022258, 29.2299988 ], [ 79.7027557, 29.2290906 ], [ 79.7025686, 29.2285281 ], [ 79.7020416, 29.2282296 ], [ 79.7000824, 29.2278788 ], [ 79.6997072, 29.2272003 ], [ 79.6986145, 29.2269998 ], [ 79.6968993, 29.2270793 ], [ 79.695465, 29.2278701 ] ] ] } },
{ "type": "Feature", "properties": { "gp_code": "23707", "gp_name": "SYUDA", "blkname": "HALDWANI", "dtname": "Nainital", "SHAPE_Area": 2403970.2785811904 }, "geometry": { "type": "Polygon", "coordinates": [ [ [ 79.651421, 29.2378731 ], [ 79.6504788, 29.2377966 ], [ 79.6502162, 29.2373332 ], [ 79.6530759, 29.235835 ], [ 79.6559421, 29.2353453 ], [ 79.6568858, 29.2348678 ], [ 79.6552344, 29.232302 ], [ 79.658513, 29.2257625 ], [ 79.6585164, 29.2245227 ], [ 79.6578583, 29.2239758 ], [ 79.6569219, 29.2218576 ], [ 79.6525316, 29.2216003 ], [ 79.6514207, 29.2212507 ], [ 79.6487498, 29.2194264 ], [ 79.6451702, 29.2190879 ], [ 79.6444155, 29.2193839 ], [ 79.644411, 29.2209708 ], [ 79.6439145, 29.2232181 ], [ 79.6498286, 29.2244379 ], [ 79.6496909, 29.2264875 ], [ 79.6500249, 29.2283397 ], [ 79.6486461, 29.2326968 ], [ 79.6477419, 29.2325668 ], [ 79.6465942, 29.2318699 ], [ 79.6459338, 29.232133 ], [ 79.6463283, 29.2391596 ], [ 79.647208, 29.2413023 ], [ 79.6483931, 29.2421645 ], [ 79.6490152, 29.2421163 ], [ 79.6504823, 29.2398961 ], [ 79.6522663, 29.238875 ], [ 79.651421, 29.2378731 ] ] ] } },
{ "type": "Feature", "properties": { "gp_code": "23660", "gp_name": "BARET", "blkname": "BHIMTAL", "dtname": "Nainital", "SHAPE_Area": 883118.44902612502 }, "geometry": { "type": "Polygon", "coordinates": [ [ [ 79.6325897, 29.2258748 ], [ 79.6318222, 29.2260704 ], [ 79.6296022, 29.2291495 ], [ 79.6275001, 29.2325335 ], [ 79.6275556, 29.2328478 ], [ 79.6307775, 29.2332188 ], [ 79.6316243, 29.2336506 ], [ 79.6318872, 29.2339819 ], [ 79.6306587, 29.2351032 ], [ 79.6305243, 29.2359294 ], [ 79.6349829, 29.2387499 ], [ 79.6355355, 29.2367178 ], [ 79.6367272, 29.2352658 ], [ 79.6365057, 29.2336617 ], [ 79.637352, 29.2310847 ], [ 79.6340497, 29.2292505 ], [ 79.6329992, 29.2276281 ], [ 79.6325897, 29.2258748 ] ] ] } },
{ "type": "Feature", "properties": { "gp_code": "23692", "gp_name": "OKHALDUNGA", "blkname": "HALDWANI", "dtname": "Nainital", "SHAPE_Area": 3456403.2002221714 }, "geometry": { "type": "Polygon", "coordinates": [ [ [ 79.6137362, 29.2463458 ], [ 79.6170925, 29.2398737 ], [ 79.6172594, 29.239025 ], [ 79.6125898, 29.2377594 ], [ 79.6073562, 29.2358125 ], [ 79.6063763, 29.2357605 ], [ 79.6039178, 29.2383499 ], [ 79.6015572, 29.2397823 ], [ 79.599053, 29.238966 ], [ 79.5973562, 29.2391106 ], [ 79.5950058, 29.2402453 ], [ 79.592341, 29.2395608 ], [ 79.589646, 29.2394878 ], [ 79.5886037, 29.2440147 ], [ 79.5916348, 29.24513 ], [ 79.5939858, 29.2466898 ], [ 79.6000821, 29.2523517 ], [ 79.60142, 29.2487211 ], [ 79.6026242, 29.2481862 ], [ 79.6068622, 29.2474286 ], [ 79.6113775, 29.2471502 ], [ 79.6137362, 29.2463458 ] ] ] } },
{ "type": "Feature", "properties": { "gp_code": "23692", "gp_name": "OKHALDUNGA", "blkname": "HALDWANI", "dtname": "Nainital", "SHAPE_Area": 1644755.8237705438 }, "geometry": { "type": "Polygon", "coordinates": [ [ [ 79.613896, 29.2329023 ], [ 79.6165635, 29.2324288 ], [ 79.6165702, 29.2320698 ], [ 79.619486, 29.2321904 ], [ 79.6197735, 29.2307673 ], [ 79.6203133, 29.2298676 ], [ 79.6198838, 29.2285936 ], [ 79.6165804, 29.2242298 ], [ 79.6144853, 29.2191661 ], [ 79.6138826, 29.219082 ], [ 79.6101117, 29.219668 ], [ 79.6085264, 29.2203916 ], [ 79.6089105, 29.224079 ], [ 79.6067499, 29.2279091 ], [ 79.6068603, 29.2287524 ], [ 79.6088703, 29.2308403 ], [ 79.6121322, 29.2304018 ], [ 79.613896, 29.2329023 ] ] ] } },
{ "type": "Feature", "properties": { "gp_code": "", "gp_name": "", "blkname": "HALDWANI", "dtname": "Nainital", "SHAPE_Area": 992986060.32408381 }, "geometry": { "type": "Polygon", "coordinates": [ [ [ 79.5710697, 29.2769884 ], [ 79.5758182, 29.2740457 ], [ 79.5795747, 29.2750356 ], [ 79.5833459, 29.2717192 ], [ 79.5852109, 29.2711003 ], [ 79.5882931, 29.271138 ], [ 79.5889042, 29.2707237 ], [ 79.5890211, 29.266091 ], [ 79.5914561, 29.2663301 ], [ 79.5921711, 29.266099 ], [ 79.592885, 29.265299 ], [ 79.5928558, 29.2639031 ], [ 79.5916076, 29.2623852 ], [ 79.5913738, 29.2613749 ], [ 79.5934515, 29.2578459 ], [ 79.5977771, 29.257963 ], [ 79.5985642, 29.2582745 ], [ 79.6005408, 29.256613 ], [ 79.6017448, 29.2548294 ], [ 79.6023729, 29.253443 ], [ 79.602852, 29.2499076 ], [ 79.6037494, 29.2480775 ], [ 79.60142, 29.2487211 ], [ 79.6000821, 29.2523517 ], [ 79.5939858, 29.2466898 ], [ 79.5916348, 29.24513 ], [ 79.5886037, 29.2440147 ], [ 79.589646, 29.2394878 ], [ 79.592341, 29.2395608 ], [ 79.5950058, 29.2402453 ], [ 79.5973562, 29.2391106 ], [ 79.599053, 29.238966 ], [ 79.6015572, 29.2397823 ], [ 79.6039178, 29.2383499 ], [ 79.6063763, 29.2357605 ], [ 79.6073562, 29.2358125 ], [ 79.6125898, 29.2377594 ], [ 79.6172594, 29.239025 ], [ 79.6175368, 29.2364033 ], [ 79.6165476, 29.233293 ], [ 79.6165635, 29.2324288 ], [ 79.613896, 29.2329023 ], [ 79.6121322, 29.2304018 ], [ 79.6088703, 29.2308403 ], [ 79.6068603, 29.2287524 ], [ 79.6067499, 29.2279091 ], [ 79.6089105, 29.224079 ], [ 79.6085264, 29.2203916 ], [ 79.6101117, 29.219668 ], [ 79.6144853, 29.2191661 ], [ 79.6170863, 29.2251402 ], [ 79.6198838, 29.2285936 ], [ 79.6203133, 29.2298676 ], [ 79.6197735, 29.2307673 ], [ 79.619486, 29.2321904 ], [ 79.6233357, 29.2322346 ], [ 79.624145, 29.2326415 ], [ 79.6266903, 29.2292089 ], [ 79.6296022, 29.2291495 ], [ 79.6318222, 29.2260704 ], [ 79.633684, 29.225596 ], [ 79.6367218, 29.2264923 ], [ 79.6388821, 29.2276367 ], [ 79.6417022, 29.2274204 ], [ 79.6435509, 29.2267798 ], [ 79.6443584, 29.2261286 ], [ 79.6450037, 29.2262044 ], [ 79.6490367, 29.2312471 ], [ 79.6500249, 29.2283397 ], [ 79.6496909, 29.2264875 ], [ 79.6498286, 29.2244379 ], [ 79.6439145, 29.2232181 ], [ 79.644411, 29.2209708 ], [ 79.6444155, 29.2193839 ], [ 79.6451702, 29.2190879 ], [ 79.6487498, 29.2194264 ], [ 79.6514207, 29.2212507 ], [ 79.6525316, 29.2216003 ], [ 79.6569219, 29.2218576 ], [ 79.6586465, 29.2251676 ], [ 79.6564448, 29.2301735 ], [ 79.6575724, 29.2302488 ], [ 79.6645428, 29.2289779 ], [ 79.6692442, 29.2252027 ], [ 79.6689939, 29.2230815 ], [ 79.6684873, 29.2222373 ], [ 79.6682275, 29.2207325 ], [ 79.6686284, 29.2187826 ], [ 79.6681692, 29.2161117 ], [ 79.6657276, 29.2120187 ], [ 79.6703538, 29.204238 ], [ 79.6719612, 29.202059 ], [ 79.6752956, 29.2023303 ], [ 79.677819, 29.202914 ], [ 79.6793233, 29.2041404 ], [ 79.6801476, 29.2059937 ], [ 79.6800268, 29.2071424 ], [ 79.680409, 29.2077199 ], [ 79.6820995, 29.2090394 ], [ 79.6870501, 29.2111321 ], [ 79.6898486, 29.2129147 ], [ 79.6904185, 29.2129738 ], [ 79.6929167, 29.2086471 ], [ 79.6963729, 29.20543 ], [ 79.6973797, 29.2038965 ], [ 79.6993012, 29.2022779 ], [ 79.6997931, 29.2014521 ], [ 79.7007934, 29.2007927 ], [ 79.7028966, 29.1959361 ], [ 79.7030874, 29.1945331 ], [ 79.7022932, 29.1928506 ], [ 79.7080479, 29.1906422 ], [ 79.7115888, 29.1871608 ], [ 79.7129851, 29.186254 ], [ 79.7157912, 29.186346 ], [ 79.7184665, 29.1871191 ], [ 79.7234857, 29.1875123 ], [ 79.7249752, 29.1869693 ], [ 79.725948, 29.1858137 ], [ 79.7276101, 29.1847741 ], [ 79.7304655, 29.1848388 ], [ 79.7358058, 29.183747 ], [ 79.7370224, 29.1829051 ], [ 79.7376405, 29.1802948 ], [ 79.7381697, 29.179502 ], [ 79.7423004, 29.177161 ], [ 79.7452582, 29.1772377 ], [ 79.7471971, 29.1778301 ], [ 79.7486486, 29.1791175 ], [ 79.7515882, 29.1794754 ], [ 79.7533831, 29.1800404 ], [ 79.7545596, 29.1809356 ], [ 79.7562487, 29.1828958 ], [ 79.7585938, 29.1888322 ], [ 79.7587745, 29.1899971 ], [ 79.759265, 29.1907005 ], [ 79.7644456, 29.1916919 ], [ 79.7661619, 29.1916242 ], [ 79.7674529, 29.1925396 ], [ 79.7722576, 29.1927071 ], [ 79.7748059, 29.1943169 ], [ 79.7769866, 29.1968094 ], [ 79.7806986, 29.1938733 ], [ 79.7884726, 29.1905407 ], [ 79.7904855, 29.1908445 ], [ 79.7945713, 29.1899363 ], [ 79.7980579, 29.1880333 ], [ 79.8034524, 29.1840947 ], [ 79.8098003, 29.1774165 ], [ 79.8149525, 29.1743706 ], [ 79.8168423, 29.1726863 ], [ 79.8187884, 29.1716845 ], [ 79.8214802, 29.1690774 ], [ 79.8224985, 29.1608966 ], [ 79.8230835, 29.1597427 ], [ 79.8246181, 29.1582787 ], [ 79.826278, 29.1572664 ], [ 79.8338595, 29.1582583 ], [ 79.8385835, 29.1580222 ], [ 79.8390985, 29.1577918 ], [ 79.8399464, 29.1565578 ], [ 79.8394005, 29.1541278 ], [ 79.8400759, 29.1537168 ], [ 79.8422264, 29.1534679 ], [ 79.8468973, 29.1496474 ], [ 79.8485099, 29.1496289 ], [ 79.8509675, 29.1506653 ], [ 79.8550276, 29.1505786 ], [ 79.8591798, 29.1498796 ], [ 79.8606208, 29.1499309 ], [ 79.8650347, 29.1504869 ], [ 79.8684988, 29.1516192 ], [ 79.8778922, 29.1593243 ], [ 79.8778763, 29.1580593 ], [ 79.8785752, 29.15683 ], [ 79.8804869, 29.1551448 ], [ 79.882684, 29.1538916 ], [ 79.8851551, 29.1531404 ], [ 79.8910684, 29.1525823 ], [ 79.8925672, 29.1519407 ], [ 79.8955441, 29.1478265 ], [ 79.8962218, 29.1443432 ], [ 79.8959411, 29.1381085 ], [ 79.8968925, 29.1353582 ], [ 79.8981278, 29.1350377 ], [ 79.9020958, 29.1350704 ], [ 79.9058587, 29.1340586 ], [ 79.9067296, 29.1315893 ], [ 79.9075194, 29.130636 ], [ 79.9104825, 29.1286397 ], [ 79.911752, 29.1281685 ], [ 79.9136839, 29.1289527 ], [ 79.9152849, 29.1287729 ], [ 79.9171694, 29.1320869 ], [ 79.9193983, 29.1334133 ], [ 79.9212734, 29.1338058 ], [ 79.9301931, 29.1331974 ], [ 79.9361399, 29.1320755 ], [ 79.9410795, 29.1326497 ], [ 79.944259, 29.1313255 ], [ 79.9491544, 29.1283854 ], [ 79.9535172, 29.1268557 ], [ 79.9575653, 29.1258428 ], [ 79.9661297, 29.1254633 ], [ 79.9714587, 29.1227836 ], [ 79.9747865, 29.1205654 ], [ 79.9764562, 29.1185677 ], [ 79.9766966, 29.1169814 ], [ 79.969746, 29.1128839 ], [ 79.9631382, 29.1111958 ], [ 79.9618123, 29.1099104 ], [ 79.9611724, 29.1088058 ], [ 79.960076, 29.1053316 ], [ 79.9590247, 29.1039357 ], [ 79.9595396, 29.1025102 ], [ 79.957826, 29.0988751 ], [ 79.9571066, 29.0964251 ], [ 79.9569587, 29.0943568 ], [ 79.957931, 29.0925297 ], [ 79.9570169, 29.0914249 ], [ 79.9549723, 29.0868058 ], [ 79.954014, 29.0819157 ], [ 79.9545533, 29.0763634 ], [ 79.9541216, 29.0691942 ], [ 79.9571165, 29.0674077 ], [ 79.9580312, 29.0664641 ], [ 79.9602495, 29.0632917 ], [ 79.9624909, 29.0586332 ], [ 79.9645942, 29.0566657 ], [ 79.9693717, 29.0536743 ], [ 79.9724455, 29.0547593 ], [ 79.971363, 29.0536145 ], [ 79.9684837, 29.0519672 ], [ 79.9665304, 29.0489444 ], [ 79.9652735, 29.0484321 ], [ 79.9634567, 29.0482811 ], [ 79.9627942, 29.0470659 ], [ 79.9618117, 29.0465837 ], [ 79.9603948, 29.0464026 ], [ 79.9569437, 29.0468034 ], [ 79.9542018, 29.0451157 ], [ 79.9495739, 29.0450139 ], [ 79.9458724, 29.0432756 ], [ 79.9439409, 29.0441385 ], [ 79.9416558, 29.0436758 ], [ 79.9394958, 29.0443778 ], [ 79.9378961, 29.0442166 ], [ 79.9356573, 29.0424685 ], [ 79.9333722, 29.0420459 ], [ 79.9322529, 29.0412421 ], [ 79.931705, 29.0401172 ], [ 79.9295465, 29.0382185 ], [ 79.9258911, 29.0365299 ], [ 79.9232655, 29.0326025 ], [ 79.9208101, 29.0309143 ], [ 79.9179199, 29.0301898 ], [ 79.9152807, 29.030078 ], [ 79.9140574, 29.0311016 ], [ 79.9146844, 29.0331303 ], [ 79.9137586, 29.033642 ], [ 79.912342, 29.0332998 ], [ 79.9114406, 29.0316525 ], [ 79.9118084, 29.0285599 ], [ 79.9115917, 29.0280376 ], [ 79.9091131, 29.0271225 ], [ 79.9073772, 29.026047 ], [ 79.9067722, 29.0253237 ], [ 79.9061567, 29.0234656 ], [ 79.9063194, 29.0198407 ], [ 79.9026081, 29.0176895 ], [ 79.9012154, 29.0163481 ], [ 79.9008507, 29.0152132 ], [ 79.9010591, 29.011779 ], [ 79.900614, 29.0112164 ], [ 79.8979762, 29.0098792 ], [ 79.8970401, 29.009025 ], [ 79.8969036, 29.0083421 ], [ 79.8973153, 29.0078503 ], [ 79.9010845, 29.0084953 ], [ 79.9028672, 29.0077533 ], [ 79.9028792, 29.0068998 ], [ 79.9017034, 29.005935 ], [ 79.8966098, 29.0044958 ], [ 79.8948291, 29.002908 ], [ 79.8936085, 29.0009993 ], [ 79.8937572, 28.9998529 ], [ 79.8959914, 28.9972045 ], [ 79.8961682, 28.9963992 ], [ 79.8955857, 28.9957181 ], [ 79.8934203, 28.9953621 ], [ 79.8930686, 28.9945433 ], [ 79.8937381, 28.994047 ], [ 79.8956906, 28.9944189 ], [ 79.8960267, 28.9942022 ], [ 79.8959906, 28.9934128 ], [ 79.8937019, 28.9922989 ], [ 79.8912903, 28.9921278 ], [ 79.8907798, 28.9922835 ], [ 79.8895126, 28.9937227 ], [ 79.8883863, 28.9936461 ], [ 79.8867674, 28.992902 ], [ 79.886398, 28.9933058 ], [ 79.8868189, 28.995162 ], [ 79.8862213, 28.995999 ], [ 79.8850077, 28.9957193 ], [ 79.8835991, 28.9943887 ], [ 79.8805537, 28.9940167 ], [ 79.8795146, 28.993552 ], [ 79.8789527, 28.9928551 ], [ 79.8782112, 28.9899296 ], [ 79.8790577, 28.9883055 ], [ 79.8810792, 28.9865709 ], [ 79.8812562, 28.9856574 ], [ 79.8794423, 28.9847597 ], [ 79.8778416, 28.9855334 ], [ 79.8775952, 28.9840786 ], [ 79.879373, 28.9838756 ], [ 79.8805325, 28.9833025 ], [ 79.8780517, 28.9790306 ], [ 79.8759944, 28.9783945 ], [ 79.8738115, 28.9785975 ], [ 79.8725417, 28.9791682 ], [ 79.8709718, 28.9804876 ], [ 79.8701585, 28.9816425 ], [ 79.8704868, 28.9825989 ], [ 79.8716258, 28.9839613 ], [ 79.8737028, 28.9835403 ], [ 79.8731901, 28.987029 ], [ 79.8732719, 28.9884409 ], [ 79.8744476, 28.9897334 ], [ 79.8747658, 28.9905635 ], [ 79.8752352, 28.9903176 ], [ 79.8760921, 28.99145 ], [ 79.8757586, 28.9917071 ], [ 79.8746965, 28.9913958 ], [ 79.8755534, 28.9924423 ], [ 79.8755149, 28.9928552 ], [ 79.875125, 28.9929454 ], [ 79.8740526, 28.9919056 ], [ 79.8737318, 28.9919597 ], [ 79.8738396, 28.992695 ], [ 79.872934, 28.9933334 ], [ 79.8722951, 28.9933469 ], [ 79.8717307, 28.9941386 ], [ 79.8709457, 28.9941769 ], [ 79.8691086, 28.9959565 ], [ 79.8657475, 29.000009 ], [ 79.8656226, 29.0010763 ], [ 79.8644298, 29.0028727 ], [ 79.8636732, 29.0052822 ], [ 79.8634189, 29.0080535 ], [ 79.8629257, 29.0097903 ], [ 79.8598169, 29.0112036 ], [ 79.8576387, 29.0129389 ], [ 79.8561762, 29.0131184 ], [ 79.8542312, 29.0107467 ], [ 79.8534549, 29.0103443 ], [ 79.8504849, 29.0102211 ], [ 79.8497887, 29.0096581 ], [ 79.8483181, 29.0071663 ], [ 79.8478081, 29.0039123 ], [ 79.8463216, 29.0050456 ], [ 79.8456134, 29.005075 ], [ 79.8452368, 29.0047533 ], [ 79.8451573, 29.0043717 ], [ 79.8465027, 29.0018474 ], [ 79.8463844, 29.0014352 ], [ 79.8452026, 29.0007886 ], [ 79.8438311, 28.9994944 ], [ 79.8427771, 28.9981273 ], [ 79.8420105, 28.9961287 ], [ 79.8412971, 28.9967601 ], [ 79.84052, 28.995605 ], [ 79.839617, 28.9953453 ], [ 79.8390349, 28.9945783 ], [ 79.8381653, 28.9944224 ], [ 79.8379035, 28.9946411 ], [ 79.8378776, 28.9953291 ], [ 79.8391445, 28.9967888 ], [ 79.8395057, 28.9985054 ], [ 79.8384138, 29.0001398 ], [ 79.8373445, 29.0004978 ], [ 79.8361577, 28.997767 ], [ 79.8356986, 28.9975232 ], [ 79.8338051, 28.9975633 ], [ 79.8336335, 28.9966948 ], [ 79.8327125, 28.9966336 ], [ 79.8302962, 28.995496 ], [ 79.8294141, 28.9944266 ], [ 79.8284263, 28.9944962 ], [ 79.8288389, 28.9954662 ], [ 79.8284257, 28.9958405 ], [ 79.8275176, 28.9955672 ], [ 79.8271794, 28.9946626 ], [ 79.8266972, 28.9943489 ], [ 79.8259632, 28.9948246 ], [ 79.8248137, 28.9948738 ], [ 79.8249406, 28.9925303 ], [ 79.8259797, 28.9923232 ], [ 79.827474, 28.9898898 ], [ 79.8274385, 28.9891004 ], [ 79.8242414, 28.9901369 ], [ 79.8138183, 28.9850214 ], [ 79.8124743, 28.9846576 ], [ 79.8117302, 28.9848287 ], [ 79.8113836, 28.9852729 ], [ 79.8127878, 28.9880547 ], [ 79.8130392, 28.992275 ], [ 79.812626, 28.992629 ], [ 79.8099393, 28.9935773 ], [ 79.8080481, 28.9901862 ], [ 79.8066037, 28.9902983 ], [ 79.8062259, 28.991198 ], [ 79.8063506, 28.992883 ], [ 79.80168, 28.9982986 ], [ 79.7999936, 28.9994683 ], [ 79.7992185, 28.9996302 ], [ 79.796944, 28.9981335 ], [ 79.7945349, 28.9979246 ], [ 79.7932365, 28.99819 ], [ 79.7931176, 28.9993029 ], [ 79.7955352, 29.0043764 ], [ 79.7959865, 29.0078214 ], [ 79.7970093, 29.0110963 ], [ 79.7963205, 29.013134 ], [ 79.7965141, 29.0135158 ], [ 79.7983396, 29.014934 ], [ 79.8020847, 29.016224 ], [ 79.8039698, 29.0161058 ], [ 79.8054789, 29.0153947 ], [ 79.8059016, 29.0154353 ], [ 79.8064028, 29.0163498 ], [ 79.8044679, 29.0190486 ], [ 79.8026344, 29.0225209 ], [ 79.8010548, 29.0244268 ], [ 79.8002542, 29.0249078 ], [ 79.7966672, 29.0246221 ], [ 79.7918945, 29.0228889 ], [ 79.78938, 29.023468 ], [ 79.7892402, 29.0251146 ], [ 79.7900378, 29.0263408 ], [ 79.7897397, 29.026963 ], [ 79.7885741, 29.0271221 ], [ 79.7803258, 29.0266993 ], [ 79.7776533, 29.0261434 ], [ 79.7742965, 29.0249738 ], [ 79.7733934, 29.0252337 ], [ 79.772307, 29.0257944 ], [ 79.7716886, 29.0265969 ], [ 79.7716987, 29.0273099 ], [ 79.7729888, 29.0278339 ], [ 79.7764624, 29.027658 ], [ 79.7772838, 29.0283419 ], [ 79.777591, 29.0290352 ], [ 79.7775669, 29.029718 ], [ 79.7771546, 29.0302798 ], [ 79.7753941, 29.0307995 ], [ 79.772949, 29.0308563 ], [ 79.7704553, 29.0324393 ], [ 79.76885, 29.0354495 ], [ 79.7641854, 29.0369388 ], [ 79.7610468, 29.0350665 ], [ 79.75754, 29.0345491 ], [ 79.7564329, 29.0339349 ], [ 79.7551337, 29.0322761 ], [ 79.7542092, 29.0317927 ], [ 79.7513861, 29.0322503 ], [ 79.7474392, 29.032061 ], [ 79.7468624, 29.0312142 ], [ 79.7493123, 29.0291795 ], [ 79.7503519, 29.0274061 ], [ 79.7504803, 29.0263292 ], [ 79.7453698, 29.0255168 ], [ 79.7247919, 29.0268604 ], [ 79.7246999, 29.0279928 ], [ 79.7229837, 29.0286971 ], [ 79.7220663, 29.0297125 ], [ 79.720149, 29.0309757 ], [ 79.7207365, 29.0309468 ], [ 79.719778, 29.0330588 ], [ 79.7200657, 29.0333967 ], [ 79.7215599, 29.0329989 ], [ 79.7236163, 29.0331967 ], [ 79.7243082, 29.0361229 ], [ 79.7244039, 29.0402222 ], [ 79.7211461, 29.0412915 ], [ 79.7205607, 29.046359 ], [ 79.7141245, 29.0472044 ], [ 79.7145045, 29.0365572 ], [ 79.7142182, 29.0343421 ], [ 79.7143352, 29.0309819 ], [ 79.7105942, 29.0310323 ], [ 79.7083116, 29.0327773 ], [ 79.7023782, 29.0392241 ], [ 79.6944723, 29.0447694 ], [ 79.6943408, 29.0489813 ], [ 79.6937476, 29.0517675 ], [ 79.6929036, 29.0531376 ], [ 79.6888994, 29.0580148 ], [ 79.6837529, 29.0613202 ], [ 79.6827793, 29.0629885 ], [ 79.6756145, 29.0678441 ], [ 79.6738408, 29.0695106 ], [ 79.6707534, 29.0697441 ], [ 79.6702737, 29.0696356 ], [ 79.6691568, 29.0685089 ], [ 79.6648194, 29.0682887 ], [ 79.6568538, 29.0728568 ], [ 79.6534243, 29.0742054 ], [ 79.6527254, 29.0750968 ], [ 79.6524768, 29.0764853 ], [ 79.6519342, 29.0773856 ], [ 79.6487225, 29.0727979 ], [ 79.648997, 29.0704632 ], [ 79.6486463, 29.0697964 ], [ 79.6479322, 29.0694146 ], [ 79.645506, 29.0702509 ], [ 79.6450583, 29.0689742 ], [ 79.6436395, 29.0681814 ], [ 79.6435015, 29.0670938 ], [ 79.6429016, 29.0662326 ], [ 79.6403762, 29.064924 ], [ 79.638714, 29.062916 ], [ 79.636891, 29.0620355 ], [ 79.6340852, 29.0615136 ], [ 79.6335299, 29.0603926 ], [ 79.6333286, 29.0574341 ], [ 79.6323229, 29.0558538 ], [ 79.6326339, 29.0546686 ], [ 79.6310821, 29.0543053 ], [ 79.6294288, 29.0524274 ], [ 79.6289239, 29.0513679 ], [ 79.6275217, 29.0500359 ], [ 79.6220139, 29.0510731 ], [ 79.6168186, 29.051408 ], [ 79.5792561, 29.0509998 ], [ 79.5712753, 29.0513755 ], [ 79.567847, 29.0522593 ], [ 79.5592632, 29.0528313 ], [ 79.5546712, 29.0528186 ], [ 79.5407488, 29.0516549 ], [ 79.5112389, 29.0517992 ], [ 79.4984635, 29.0512869 ], [ 79.4877752, 29.0512311 ], [ 79.4159539, 29.0514364 ], [ 79.4356344, 29.0835491 ], [ 79.435898, 29.087007 ], [ 79.4368102, 29.089665 ], [ 79.4381381, 29.0958735 ], [ 79.440638, 29.1018018 ], [ 79.4434604, 29.1105747 ], [ 79.4468728, 29.118889 ], [ 79.448564, 29.1202016 ], [ 79.4505837, 29.1210861 ], [ 79.4645363, 29.1300841 ], [ 79.4677025, 29.13174 ], [ 79.4789857, 29.1402672 ], [ 79.4801591, 29.1404895 ], [ 79.4831522, 29.1418601 ], [ 79.4891065, 29.1459655 ], [ 79.4935775, 29.148698 ], [ 79.4961141, 29.1497989 ], [ 79.5053407, 29.1562581 ], [ 79.5057973, 29.1527626 ], [ 79.5055932, 29.1472563 ], [ 79.5047533, 29.1453688 ], [ 79.501569, 29.141027 ], [ 79.4996874, 29.1405748 ], [ 79.4993143, 29.1396692 ], [ 79.4989779, 29.1366916 ], [ 79.4969297, 29.1342636 ], [ 79.497262, 29.1309773 ], [ 79.4958903, 29.1292268 ], [ 79.4943195, 29.1227192 ], [ 79.4922234, 29.1187426 ], [ 79.4919834, 29.1165182 ], [ 79.4923651, 29.1143174 ], [ 79.4913674, 29.114184 ], [ 79.4909596, 29.1136403 ], [ 79.491092, 29.1114931 ], [ 79.490593, 29.1096908 ], [ 79.4897613, 29.1076922 ], [ 79.4881321, 29.1073833 ], [ 79.4875945, 29.1059978 ], [ 79.4859344, 29.1061275 ], [ 79.4843864, 29.105585 ], [ 79.4854607, 29.1044659 ], [ 79.4984068, 29.1001212 ], [ 79.5056537, 29.0967351 ], [ 79.5170813, 29.0929767 ], [ 79.5182887, 29.0923189 ], [ 79.5238037, 29.0915069 ], [ 79.5348825, 29.089059 ], [ 79.536562, 29.0890655 ], [ 79.5412727, 29.0879051 ], [ 79.54334, 29.0990724 ], [ 79.5426621, 29.1067344 ], [ 79.5367552, 29.1204744 ], [ 79.5366724, 29.1224749 ], [ 79.5355804, 29.1238176 ], [ 79.5352727, 29.1255694 ], [ 79.5317474, 29.1315776 ], [ 79.5309832, 29.1344441 ], [ 79.5318749, 29.1376874 ], [ 79.5339263, 29.1380406 ], [ 79.5373308, 29.1391913 ], [ 79.5383724, 29.1426995 ], [ 79.5389219, 29.1468676 ], [ 79.536894, 29.1603036 ], [ 79.5360617, 29.1612271 ], [ 79.5343165, 29.1644957 ], [ 79.5334464, 29.1704451 ], [ 79.5302644, 29.1749824 ], [ 79.5301422, 29.1773959 ], [ 79.5292325, 29.1788233 ], [ 79.5303389, 29.180174 ], [ 79.5321867, 29.184759 ], [ 79.5323697, 29.1861648 ], [ 79.5315438, 29.1953545 ], [ 79.5316885, 29.1969255 ], [ 79.5335561, 29.201312 ], [ 79.5340017, 29.2030822 ], [ 79.5342497, 29.2072987 ], [ 79.5356143, 29.2101791 ], [ 79.5362313, 29.2165292 ], [ 79.5373484, 29.2201529 ], [ 79.539458, 29.2229776 ], [ 79.5416553, 29.2288567 ], [ 79.5451919, 29.2331897 ], [ 79.5479743, 29.2377023 ], [ 79.550227, 29.2427754 ], [ 79.5503628, 29.2442884 ], [ 79.5499429, 29.2483207 ], [ 79.5495931, 29.2495876 ], [ 79.548129, 29.2522477 ], [ 79.5464301, 29.2572312 ], [ 79.546578, 29.2594666 ], [ 79.5461525, 29.2624454 ], [ 79.5474894, 29.2658642 ], [ 79.5491782, 29.2687951 ], [ 79.551953, 29.2698825 ], [ 79.5547552, 29.2724444 ], [ 79.5589872, 29.2729907 ], [ 79.5602043, 29.2736473 ], [ 79.5638448, 29.2787059 ], [ 79.5653008, 29.2788584 ], [ 79.5710697, 29.2769884 ] ], [ [ 79.5589631, 29.246829 ], [ 79.5580492, 29.2467522 ], [ 79.5572787, 29.2461053 ], [ 79.5545243, 29.2415352 ], [ 79.5533133, 29.2375974 ], [ 79.5504183, 29.2303486 ], [ 79.5470264, 29.2250656 ], [ 79.5465476, 29.2219893 ], [ 79.5449394, 29.2185792 ], [ 79.5451112, 29.2180011 ], [ 79.5471882, 29.2168829 ], [ 79.5489235, 29.2164579 ], [ 79.5535191, 29.2145365 ], [ 79.5530298, 29.2143698 ], [ 79.5528474, 29.212683 ], [ 79.5531537, 29.2113613 ], [ 79.554064, 29.2097437 ], [ 79.5606196, 29.1997102 ], [ 79.561528, 29.1985885 ], [ 79.5631705, 29.1976672 ], [ 79.5645899, 29.1959021 ], [ 79.5648767, 29.194696 ], [ 79.564393, 29.1929422 ], [ 79.5646311, 29.1895371 ], [ 79.5652411, 29.1875219 ], [ 79.5646454, 29.1854537 ], [ 79.5652191, 29.1777013 ], [ 79.5644528, 29.1706231 ], [ 79.5653861, 29.1676827 ], [ 79.5663715, 29.166032 ], [ 79.5662637, 29.1645272 ], [ 79.5669144, 29.1615695 ], [ 79.5679582, 29.1593569 ], [ 79.5748878, 29.1489922 ], [ 79.5766732, 29.1445989 ], [ 79.5785307, 29.1411647 ], [ 79.5800444, 29.1390855 ], [ 79.5823497, 29.1367767 ], [ 79.5873261, 29.1297872 ], [ 79.5884413, 29.1285335 ], [ 79.5909905, 29.1292593 ], [ 79.5921676, 29.1292126 ], [ 79.5925437, 29.1293624 ], [ 79.5936369, 29.134805 ], [ 79.5973593, 29.130995 ], [ 79.6002857, 29.1345075 ], [ 79.5971442, 29.1392284 ], [ 79.5960439, 29.1416727 ], [ 79.599248, 29.1409201 ], [ 79.6027888, 29.1408959 ], [ 79.6049347, 29.1412318 ], [ 79.6039051, 29.1451975 ], [ 79.6101798, 29.1501895 ], [ 79.6122915, 29.1494836 ], [ 79.6148574, 29.1480679 ], [ 79.6161164, 29.1489968 ], [ 79.6167528, 29.1502714 ], [ 79.6153923, 29.1517232 ], [ 79.6135236, 29.1529917 ], [ 79.6154205, 29.1547488 ], [ 79.6146647, 29.1555407 ], [ 79.6131465, 29.1591744 ], [ 79.612355, 29.1592717 ], [ 79.6085009, 29.1629328 ], [ 79.6059657, 29.1664481 ], [ 79.6031304, 29.1694668 ], [ 79.6017957, 29.1686037 ], [ 79.5992044, 29.1718873 ], [ 79.5955441, 29.1735976 ], [ 79.5940276, 29.1764705 ], [ 79.592194, 29.1784003 ], [ 79.5892317, 29.179798 ], [ 79.5888799, 29.1835996 ], [ 79.5877243, 29.1855145 ], [ 79.5877899, 29.188441 ], [ 79.586099, 29.1926689 ], [ 79.5850191, 29.1944516 ], [ 79.5776081, 29.2017892 ], [ 79.575234, 29.2045356 ], [ 79.5745078, 29.2047652 ], [ 79.5733638, 29.2058946 ], [ 79.5724867, 29.2089175 ], [ 79.5725562, 29.2105875 ], [ 79.5736047, 29.2125576 ], [ 79.5746377, 29.2135853 ], [ 79.5747855, 29.2144123 ], [ 79.5729815, 29.2184082 ], [ 79.5695305, 29.2244826 ], [ 79.5682, 29.2277523 ], [ 79.5678354, 29.2296194 ], [ 79.5657183, 29.2313908 ], [ 79.5648372, 29.232711 ], [ 79.5642763, 29.2367926 ], [ 79.5630161, 29.2413848 ], [ 79.5629712, 29.2434181 ], [ 79.5616241, 29.2459106 ], [ 79.5627911, 29.2463767 ], [ 79.5673153, 29.2462897 ], [ 79.5690472, 29.2469225 ], [ 79.5689308, 29.247881 ], [ 79.5674589, 29.2483399 ], [ 79.565084, 29.2483004 ], [ 79.5641399, 29.2487608 ], [ 79.5623301, 29.2510238 ], [ 79.5610081, 29.251665 ], [ 79.5584986, 29.2522533 ], [ 79.5589631, 29.246829 ] ], [ [ 79.5768042, 29.21494 ], [ 79.5768073, 29.2140308 ], [ 79.5782769, 29.2141173 ], [ 79.5790364, 29.2179547 ], [ 79.5804921, 29.2221575 ], [ 79.5801225, 29.2227683 ], [ 79.5796414, 29.2229323 ], [ 79.575612, 29.2218802 ], [ 79.5745414, 29.2208359 ], [ 79.5747345, 29.2195138 ], [ 79.5768042, 29.21494 ] ], [ [ 79.5945497, 29.1840364 ], [ 79.5954584, 29.1841685 ], [ 79.5976642, 29.1853152 ], [ 79.5977687, 29.1857144 ], [ 79.5964747, 29.1902385 ], [ 79.5957309, 29.1913778 ], [ 79.5944024, 29.1902704 ], [ 79.5915732, 29.1889459 ], [ 79.5929673, 29.1861847 ], [ 79.5945497, 29.1840364 ] ], [ [ 79.6931808, 29.1313012 ], [ 79.691359, 29.1257963 ], [ 79.6804998, 29.1268122 ], [ 79.6796017, 29.1245618 ], [ 79.6756226, 29.1187609 ], [ 79.6826099, 29.108236 ], [ 79.6855757, 29.1044057 ], [ 79.6883124, 29.1017324 ], [ 79.690453, 29.1002731 ], [ 79.68733, 29.0987794 ], [ 79.6863443, 29.0974681 ], [ 79.6868425, 29.0924961 ], [ 79.6872367, 29.0913417 ], [ 79.6899683, 29.0905698 ], [ 79.692158, 29.0903222 ], [ 79.6925811, 29.0845889 ], [ 79.6929214, 29.0840274 ], [ 79.695952, 29.0840827 ], [ 79.6973241, 29.086457 ], [ 79.6977909, 29.0886298 ], [ 79.7021612, 29.0930732 ], [ 79.7039833, 29.0959185 ], [ 79.7043776, 29.0974222 ], [ 79.7042889, 29.1008651 ], [ 79.7048294, 29.1031315 ], [ 79.7038208, 29.1069191 ], [ 79.7041356, 29.1098393 ], [ 79.7039154, 29.1113973 ], [ 79.705384, 29.1133924 ], [ 79.7051913, 29.1154923 ], [ 79.7060165, 29.1166508 ], [ 79.7067239, 29.1200831 ], [ 79.7078182, 29.1211061 ], [ 79.7114878, 29.1234679 ], [ 79.7120587, 29.1256194 ], [ 79.711574, 29.1275531 ], [ 79.7106302, 29.1285104 ], [ 79.7086988, 29.1290194 ], [ 79.7054061, 29.1281086 ], [ 79.7025362, 29.1310046 ], [ 79.700637, 29.1317906 ], [ 79.6982827, 29.1338447 ], [ 79.6952049, 29.1352402 ], [ 79.6931808, 29.1313012 ] ], [ [ 79.5122345, 29.0679726 ], [ 79.5121835, 29.0648848 ], [ 79.5173812, 29.0649652 ], [ 79.5175175, 29.0677851 ], [ 79.5202016, 29.0675621 ], [ 79.5205463, 29.0736737 ], [ 79.5201852, 29.0745231 ], [ 79.518565, 29.0744258 ], [ 79.5137544, 29.077499 ], [ 79.5120282, 29.0776047 ], [ 79.5117175, 29.0710032 ], [ 79.5122345, 29.0679726 ] ] ] } },
{ "type": "Feature", "properties": { "gp_code": "23799", "gp_name": "LAKHANMANDI", "blkname": "HALDWANI", "dtname": "Nainital", "SHAPE_Area": 2488398.3366964883 }, "geometry": { "type": "Polygon", "coordinates": [ [ [ 79.7025362, 29.1310046 ], [ 79.7054061, 29.1281086 ], [ 79.7086988, 29.1290194 ], [ 79.7106302, 29.1285104 ], [ 79.711574, 29.1275531 ], [ 79.7120587, 29.1256194 ], [ 79.7114878, 29.1234679 ], [ 79.7078182, 29.1211061 ], [ 79.7067239, 29.1200831 ], [ 79.7060165, 29.1166508 ], [ 79.7051913, 29.1154923 ], [ 79.7034367, 29.1169441 ], [ 79.7033793, 29.1179438 ], [ 79.7026224, 29.1186525 ], [ 79.7026063, 29.1196749 ], [ 79.7004333, 29.1206504 ], [ 79.7005036, 29.1229076 ], [ 79.6986161, 29.1247891 ], [ 79.6966553, 29.1257774 ], [ 79.6944155, 29.1260491 ], [ 79.691359, 29.1257963 ], [ 79.6931808, 29.1313012 ], [ 79.6952049, 29.1352402 ], [ 79.6982827, 29.1338447 ], [ 79.700637, 29.1317906 ], [ 79.7025362, 29.1310046 ] ] ] } },
{ "type": "Feature", "properties": { "gp_code": "", "gp_name": "", "blkname": "HALDWANI", "dtname": "Nainital", "SHAPE_Area": 59861.927155432037 }, "geometry": { "type": "Polygon", "coordinates": [ [ [ 79.6978858, 29.1056943 ], [ 79.6981171, 29.1071578 ], [ 79.7004474, 29.1072409 ], [ 79.7005269, 29.1055214 ], [ 79.6978858, 29.1056943 ] ] ] } },
{ "type": "Feature", "properties": { "gp_code": "23759", "gp_name": "CHORGALIYA AAMKHERA", "blkname": "HALDWANI", "dtname": "Nainital", "SHAPE_Area": 4408187.7044453667 }, "geometry": { "type": "Polygon", "coordinates": [ [ [ 79.6978858, 29.1056943 ], [ 79.7005269, 29.1055214 ], [ 79.7004474, 29.1072409 ], [ 79.7038208, 29.1069191 ], [ 79.7048294, 29.1031315 ], [ 79.7042889, 29.1008651 ], [ 79.7043776, 29.0974222 ], [ 79.7039833, 29.0959185 ], [ 79.7021612, 29.0930732 ], [ 79.6998949, 29.0904856 ], [ 79.6978989, 29.0906969 ], [ 79.6977688, 29.0878067 ], [ 79.695952, 29.0840827 ], [ 79.6929214, 29.0840274 ], [ 79.6925811, 29.0845889 ], [ 79.692158, 29.0903222 ], [ 79.6899683, 29.0905698 ], [ 79.6872367, 29.0913417 ], [ 79.6868425, 29.0924961 ], [ 79.6863443, 29.0974681 ], [ 79.68733, 29.0987794 ], [ 79.690453, 29.1002731 ], [ 79.6883124, 29.1017324 ], [ 79.6855757, 29.1044057 ], [ 79.6871844, 29.1059751 ], [ 79.687813, 29.1056668 ], [ 79.6907583, 29.1099715 ], [ 79.6955439, 29.1086661 ], [ 79.6978858, 29.1056943 ] ] ] } },
{ "type": "Feature", "properties": { "gp_code": "23806", "gp_name": "NAYAGAON KATAN", "blkname": "HALDWANI", "dtname": "Nainital", "SHAPE_Area": 2454657.3113170168 }, "geometry": { "type": "Polygon", "coordinates": [ [ [ 79.705384, 29.1133924 ], [ 79.7039154, 29.1113973 ], [ 79.7041356, 29.1098393 ], [ 79.7038208, 29.1069191 ], [ 79.6981171, 29.1071578 ], [ 79.6978858, 29.1056943 ], [ 79.6955439, 29.1086661 ], [ 79.6907583, 29.1099715 ], [ 79.6915646, 29.111271 ], [ 79.6915629, 29.1119655 ], [ 79.6927071, 29.1137039 ], [ 79.6964892, 29.1128347 ], [ 79.6976372, 29.1169044 ], [ 79.6948121, 29.1171967 ], [ 79.694902, 29.1196934 ], [ 79.6922231, 29.1209947 ], [ 79.6898025, 29.1216371 ], [ 79.691359, 29.1257963 ], [ 79.6944155, 29.1260491 ], [ 79.6966553, 29.1257774 ], [ 79.6986161, 29.1247891 ], [ 79.7005036, 29.1229076 ], [ 79.7004333, 29.1206504 ], [ 79.7026063, 29.1196749 ], [ 79.7026224, 29.1186525 ], [ 79.7033793, 29.1179438 ], [ 79.7034367, 29.1169441 ], [ 79.7051913, 29.1154923 ], [ 79.705384, 29.1133924 ] ] ] } },
{ "type": "Feature", "properties": { "gp_code": "23789", "gp_name": "KHANWAL KATAN", "blkname": "HALDWANI", "dtname": "Nainital", "SHAPE_Area": 3850048.4985757223 }, "geometry": { "type": "Polygon", "coordinates": [ [ [ 79.6976372, 29.1169044 ], [ 79.6964892, 29.1128347 ], [ 79.6927071, 29.1137039 ], [ 79.6915629, 29.1119655 ], [ 79.6915646, 29.111271 ], [ 79.687813, 29.1056668 ], [ 79.6871844, 29.1059751 ], [ 79.6855757, 29.1044057 ], [ 79.6826099, 29.108236 ], [ 79.6756226, 29.1187609 ], [ 79.6796017, 29.1245618 ], [ 79.6804998, 29.1268122 ], [ 79.691359, 29.1257963 ], [ 79.6898025, 29.1216371 ], [ 79.6922231, 29.1209947 ], [ 79.694902, 29.1196934 ], [ 79.6948121, 29.1171967 ], [ 79.6976372, 29.1169044 ] ] ] } },
{ "type": "Feature", "properties": { "gp_code": "", "gp_name": "", "blkname": "HALDWANI", "dtname": "Nainital", "SHAPE_Area": 29416.951183298268 }, "geometry": { "type": "Polygon", "coordinates": [ [ [ 79.6998949, 29.0904856 ], [ 79.6977909, 29.0886298 ], [ 79.6978989, 29.0906969 ], [ 79.6998949, 29.0904856 ] ] ] } },
{ "type": "Feature", "properties": { "gp_code": "", "gp_name": "", "blkname": "HALDWANI", "dtname": "Nainital", "SHAPE_Area": 1196628.2451198343 }, "geometry": { "type": "Polygon", "coordinates": [ [ [ 79.5121835, 29.0648848 ], [ 79.5122345, 29.0679726 ], [ 79.5117175, 29.0710032 ], [ 79.5120282, 29.0776047 ], [ 79.5137544, 29.077499 ], [ 79.518565, 29.0744258 ], [ 79.5201852, 29.0745231 ], [ 79.5205463, 29.0736737 ], [ 79.5202016, 29.0675621 ], [ 79.5175175, 29.0677851 ], [ 79.5173812, 29.0649652 ], [ 79.5121835, 29.0648848 ] ] ] } },
{ "type": "Feature", "properties": { "gp_code": "260078", "gp_name": "Halduchaur Dauliya", "blkname": "HALDWANI", "dtname": "Nainital", "SHAPE_Area": 816709.8535840899 }, "geometry": { "type": "Polygon", "coordinates": [ [ [ 79.5430247, 29.0966556 ], [ 79.5412727, 29.0879051 ], [ 79.536562, 29.0890655 ], [ 79.5348825, 29.089059 ], [ 79.5351353, 29.091937 ], [ 79.5370711, 29.0978291 ], [ 79.5430247, 29.0966556 ] ] ] } },
{ "type": "Feature", "properties": { "gp_code": "260102", "gp_name": "Bametabangar Keshavdatt", "blkname": "HALDWANI", "dtname": "Nainital", "SHAPE_Area": 3474562.0177803375 }, "geometry": { "type": "Polygon", "coordinates": [ [ [ 79.5115596, 29.1029373 ], [ 79.5187892, 29.1029592 ], [ 79.519252, 29.1098474 ], [ 79.5245476, 29.108623 ], [ 79.5242914, 29.1067125 ], [ 79.5243899, 29.1006361 ], [ 79.5258027, 29.1004419 ], [ 79.5238037, 29.0915069 ], [ 79.5182887, 29.0923189 ], [ 79.5170813, 29.0929767 ], [ 79.5056537, 29.0967351 ], [ 79.5064395, 29.1074192 ], [ 79.5077543, 29.1082169 ], [ 79.5093823, 29.1107683 ], [ 79.5120949, 29.1104293 ], [ 79.512029, 29.1080316 ], [ 79.5114403, 29.1045573 ], [ 79.5115596, 29.1029373 ] ] ] } },
{ "type": "Feature", "properties": { "gp_code": "23748", "gp_name": "BAMETHA BANGAR KHEEMA", "blkname": "HALDWANI", "dtname": "Nainital", "SHAPE_Area": 757434.56110311486 }, "geometry": { "type": "Polygon", "coordinates": [ [ [ 79.519252, 29.1098474 ], [ 79.5187892, 29.1029592 ], [ 79.5115596, 29.1029373 ], [ 79.5114403, 29.1045573 ], [ 79.512029, 29.1080316 ], [ 79.5120949, 29.1104293 ], [ 79.5154619, 29.1104395 ], [ 79.519252, 29.1098474 ] ] ] } },
{ "type": "Feature", "properties": { "gp_code": "23775", "gp_name": "HALDU CHAUR DINA", "blkname": "HALDWANI", "dtname": "Nainital", "SHAPE_Area": 3909595.9144553258 }, "geometry": { "type": "Polygon", "coordinates": [ [ [ 79.5270872, 29.1092093 ], [ 79.5335691, 29.1078888 ], [ 79.5344901, 29.108338 ], [ 79.5361471, 29.1082931 ], [ 79.5410702, 29.1058767 ], [ 79.5429173, 29.1053528 ], [ 79.54334, 29.0990724 ], [ 79.5430247, 29.0966556 ], [ 79.5370711, 29.0978291 ], [ 79.5351353, 29.091937 ], [ 79.5348825, 29.089059 ], [ 79.5238037, 29.0915069 ], [ 79.5258027, 29.1004419 ], [ 79.5243899, 29.1006361 ], [ 79.5242914, 29.1067125 ], [ 79.5245476, 29.108623 ], [ 79.5270872, 29.1092093 ] ] ] } },
{ "type": "Feature", "properties": { "gp_code": "23776", "gp_name": "HALDU CHAUR JAGGI", "blkname": "HALDWANI", "dtname": "Nainital", "SHAPE_Area": 2356698.1474252213 }, "geometry": { "type": "Polygon", "coordinates": [ [ [ 79.5196198, 29.1169584 ], [ 79.5267197, 29.1166818 ], [ 79.5321839, 29.1157058 ], [ 79.5391528, 29.1151803 ], [ 79.5426621, 29.1067344 ], [ 79.5429173, 29.1053528 ], [ 79.5410702, 29.1058767 ], [ 79.5361471, 29.1082931 ], [ 79.5344901, 29.108338 ], [ 79.5335691, 29.1078888 ], [ 79.5270872, 29.1092093 ], [ 79.5245476, 29.108623 ], [ 79.519252, 29.1098474 ], [ 79.5196198, 29.1169584 ] ] ] } },
{ "type": "Feature", "properties": { "gp_code": "23770", "gp_name": "DURGAPAL PUR PURAM", "blkname": "HALDWANI", "dtname": "Nainital", "SHAPE_Area": 2200612.9500646512 }, "geometry": { "type": "Polygon", "coordinates": [ [ [ 79.5370594, 29.1196982 ], [ 79.5391528, 29.1151803 ], [ 79.5321839, 29.1157058 ], [ 79.5267197, 29.1166818 ], [ 79.5196198, 29.1169584 ], [ 79.5202586, 29.1221853 ], [ 79.5201715, 29.1252191 ], [ 79.5205057, 29.1264602 ], [ 79.5247043, 29.1266793 ], [ 79.5257979, 29.1262858 ], [ 79.5274414, 29.1249183 ], [ 79.531303, 29.1245988 ], [ 79.5355804, 29.1238176 ], [ 79.5366724, 29.1224749 ], [ 79.5370594, 29.1196982 ] ] ] } },
{ "type": "Feature", "properties": { "gp_code": "", "gp_name": "", "blkname": "HALDWANI", "dtname": "Nainital", "SHAPE_Area": 580261.86398992408 }, "geometry": { "type": "Polygon", "coordinates": [ [ [ 79.505751, 29.1195206 ], [ 79.5052867, 29.1178987 ], [ 79.5054106, 29.1151874 ], [ 79.5040696, 29.111496 ], [ 79.4997765, 29.1115489 ], [ 79.5007509, 29.1173721 ], [ 79.5009257, 29.1207292 ], [ 79.505751, 29.1195206 ] ] ] } },
{ "type": "Feature", "properties": { "gp_code": "23785", "gp_name": "JAGGI BANGAR", "blkname": "HALDWANI", "dtname": "Nainital", "SHAPE_Area": 1727327.6403125399 }, "geometry": { "type": "Polygon", "coordinates": [ [ [ 79.5199345, 29.1183483 ], [ 79.5196198, 29.1169584 ], [ 79.519252, 29.1098474 ], [ 79.5154619, 29.1104395 ], [ 79.5093823, 29.1107683 ], [ 79.5077543, 29.1082169 ], [ 79.5064395, 29.1074192 ], [ 79.5032182, 29.1078391 ], [ 79.5040696, 29.111496 ], [ 79.5054106, 29.1151874 ], [ 79.5052867, 29.1178987 ], [ 79.5125669, 29.1172844 ], [ 79.5146459, 29.1177124 ], [ 79.5164968, 29.1186852 ], [ 79.5199345, 29.1183483 ] ] ] } },
{ "type": "Feature", "properties": { "gp_code": "", "gp_name": "", "blkname": "HALDWANI", "dtname": "Nainital", "SHAPE_Area": 610464.09344510082 }, "geometry": { "type": "Polygon", "coordinates": [ [ [ 79.5064395, 29.1074192 ], [ 79.5060885, 29.1010025 ], [ 79.5056537, 29.0967351 ], [ 79.501108, 29.0988375 ], [ 79.5021742, 29.1052565 ], [ 79.5032182, 29.1078391 ], [ 79.5064395, 29.1074192 ] ] ] } },
{ "type": "Feature", "properties": { "gp_code": "260102", "gp_name": "Bametabangar Keshavdatt", "blkname": "HALDWANI", "dtname": "Nainital", "SHAPE_Area": 540185.36566407687 }, "geometry": { "type": "Polygon", "coordinates": [ [ [ 79.5021742, 29.1052565 ], [ 79.501108, 29.0988375 ], [ 79.4941802, 29.10168 ], [ 79.4949151, 29.1038902 ], [ 79.4959966, 29.1052387 ], [ 79.4962987, 29.1068666 ], [ 79.496975, 29.1076282 ], [ 79.4977391, 29.105747 ], [ 79.5021742, 29.1052565 ] ] ] } },
{ "type": "Feature", "properties": { "gp_code": "23772", "gp_name": "GANGAPUR KABDWAL", "blkname": "HALDWANI", "dtname": "Nainital", "SHAPE_Area": 3437406.1330221212 }, "geometry": { "type": "Polygon", "coordinates": [ [ [ 79.5032182, 29.1078391 ], [ 79.5021742, 29.1052565 ], [ 79.4977391, 29.105747 ], [ 79.496975, 29.1076282 ], [ 79.4962987, 29.1068666 ], [ 79.4959966, 29.1052387 ], [ 79.4949151, 29.1038902 ], [ 79.4941802, 29.10168 ], [ 79.4854607, 29.1044659 ], [ 79.4843864, 29.105585 ], [ 79.4859344, 29.1061275 ], [ 79.4875945, 29.1059978 ], [ 79.4881321, 29.1073833 ], [ 79.4897613, 29.1076922 ], [ 79.491092, 29.1114931 ], [ 79.4909596, 29.1136403 ], [ 79.4913674, 29.114184 ], [ 79.4923651, 29.1143174 ], [ 79.4919834, 29.1165182 ], [ 79.4922234, 29.1187426 ], [ 79.4943195, 29.1227192 ], [ 79.4958903, 29.1292268 ], [ 79.5029386, 29.1276274 ], [ 79.5009257, 29.1207292 ], [ 79.5007509, 29.1173721 ], [ 79.4997765, 29.1115489 ], [ 79.5040696, 29.111496 ], [ 79.5032182, 29.1078391 ] ] ] } },
{ "type": "Feature", "properties": { "gp_code": "23788", "gp_name": "JAIPUR VEESA", "blkname": "HALDWANI", "dtname": "Nainital", "SHAPE_Area": 2648331.3274593679 }, "geometry": { "type": "Polygon", "coordinates": [ [ [ 79.5104813, 29.1423523 ], [ 79.5097529, 29.140796 ], [ 79.5080009, 29.1314488 ], [ 79.5082677, 29.1259106 ], [ 79.507711, 29.1238338 ], [ 79.505751, 29.1195206 ], [ 79.5009257, 29.1207292 ], [ 79.5029386, 29.1276274 ], [ 79.4958903, 29.1292268 ], [ 79.497262, 29.1309773 ], [ 79.4969297, 29.1342636 ], [ 79.4989779, 29.1366916 ], [ 79.4993143, 29.1396692 ], [ 79.4996874, 29.1405748 ], [ 79.5010051, 29.1407442 ], [ 79.5019244, 29.1416233 ], [ 79.5055591, 29.1416512 ], [ 79.5104813, 29.1423523 ] ] ] } },
{ "type": "Feature", "properties": { "gp_code": "23786", "gp_name": "JAIPUR KHEEMA", "blkname": "HALDWANI", "dtname": "Nainital", "SHAPE_Area": 3780445.0736888777 }, "geometry": { "type": "Polygon", "coordinates": [ [ [ 79.5201715, 29.1252191 ], [ 79.5199345, 29.1183483 ], [ 79.5164968, 29.1186852 ], [ 79.5146459, 29.1177124 ], [ 79.5125669, 29.1172844 ], [ 79.5052867, 29.1178987 ], [ 79.507711, 29.1238338 ], [ 79.5082677, 29.1259106 ], [ 79.5080009, 29.1314488 ], [ 79.5097529, 29.140796 ], [ 79.5104813, 29.1423523 ], [ 79.5130993, 29.1422942 ], [ 79.5140812, 29.1416689 ], [ 79.5169282, 29.1408507 ], [ 79.5146159, 29.1349742 ], [ 79.5181762, 29.1347204 ], [ 79.5214371, 29.1339695 ], [ 79.5211437, 29.1319184 ], [ 79.5205083, 29.13066 ], [ 79.5204367, 29.1297007 ], [ 79.5210634, 29.1283467 ], [ 79.5201715, 29.1252191 ] ] ] } },
{ "type": "Feature", "properties": { "gp_code": "260068", "gp_name": "Padampur Dewaliya", "blkname": "HALDWANI", "dtname": "Nainital", "SHAPE_Area": 1831978.7723800279 }, "geometry": { "type": "Polygon", "coordinates": [ [ [ 79.5191651, 29.1516376 ], [ 79.5185607, 29.1472377 ], [ 79.5169282, 29.1408507 ], [ 79.5140812, 29.1416689 ], [ 79.5130993, 29.1422942 ], [ 79.5104813, 29.1423523 ], [ 79.5029797, 29.141453 ], [ 79.5019244, 29.1416233 ], [ 79.5051648, 29.1460645 ], [ 79.5057386, 29.1485794 ], [ 79.5082994, 29.1487526 ], [ 79.5100458, 29.1500641 ], [ 79.5112552, 29.1538375 ], [ 79.5141136, 29.1525978 ], [ 79.5191651, 29.1516376 ] ] ] } },
{ "type": "Feature", "properties": { "gp_code": "23764", "gp_name": "DEWAL CHAUR KHAM", "blkname": "HALDWANI", "dtname": "Nainital", "SHAPE_Area": 3020568.7206738745 }, "geometry": { "type": "Polygon", "coordinates": [ [ [ 79.5091701, 29.1927665 ], [ 79.5069713, 29.1913876 ], [ 79.5024504, 29.18648 ], [ 79.4984432, 29.1793993 ], [ 79.4950584, 29.1757911 ], [ 79.492639, 29.1745112 ], [ 79.489128, 29.1712972 ], [ 79.48602, 29.1675638 ], [ 79.4834748, 29.1695607 ], [ 79.4810563, 29.1708765 ], [ 79.4823939, 29.1737985 ], [ 79.4847859, 29.1756269 ], [ 79.4855577, 29.1774753 ], [ 79.4906423, 29.1859557 ], [ 79.4990114, 29.1851291 ], [ 79.4990702, 29.18923 ], [ 79.5006339, 29.1940376 ], [ 79.5070107, 29.1933054 ], [ 79.5091701, 29.1927665 ] ] ] } },
{ "type": "Feature", "properties": { "gp_code": "", "gp_name": "", "blkname": "HALDWANI", "dtname": "Nainital", "SHAPE_Area": 703977.18583778117 }, "geometry": { "type": "Polygon", "coordinates": [ [ [ 79.504155, 29.1795085 ], [ 79.5028577, 29.1788761 ], [ 79.5015448, 29.1774172 ], [ 79.4994567, 29.172021 ], [ 79.498478, 29.1709849 ], [ 79.4932884, 29.1746448 ], [ 79.4950584, 29.1757911 ], [ 79.4984432, 29.1793993 ], [ 79.4999798, 29.1824383 ], [ 79.504155, 29.1795085 ] ] ] } },
{ "type": "Feature", "properties": { "gp_code": "", "gp_name": "", "blkname": "HALDWANI", "dtname": "Nainital", "SHAPE_Area": 915561.62254896841 }, "geometry": { "type": "Polygon", "coordinates": [ [ [ 79.5117413, 29.188309 ], [ 79.5072061, 29.1844611 ], [ 79.504155, 29.1795085 ], [ 79.4999798, 29.1824383 ], [ 79.5024504, 29.18648 ], [ 79.5051507, 29.1896461 ], [ 79.5069713, 29.1913876 ], [ 79.5091701, 29.1927665 ], [ 79.5094677, 29.1913952 ], [ 79.5103788, 29.1896869 ], [ 79.5117413, 29.188309 ] ] ] } },
{ "type": "Feature", "properties": { "gp_code": "", "gp_name": "", "blkname": "HALDWANI", "dtname": "Nainital", "SHAPE_Area": 499917.46012932615 }, "geometry": { "type": "Polygon", "coordinates": [ [ [ 79.5131271, 29.1879098 ], [ 79.5100798, 29.1819321 ], [ 79.5070424, 29.1782443 ], [ 79.5057415, 29.1785213 ], [ 79.504155, 29.1795085 ], [ 79.5072061, 29.1844611 ], [ 79.5093082, 29.186468 ], [ 79.5117413, 29.188309 ], [ 79.5131271, 29.1879098 ] ] ] } },
{ "type": "Feature", "properties": { "gp_code": "23768", "gp_name": "DHAULA KHERA", "blkname": "HALDWANI", "dtname": "Nainital", "SHAPE_Area": 1466605.5535220916 }, "geometry": { "type": "Polygon", "coordinates": [ [ [ 79.5191556, 29.1807361 ], [ 79.5187799, 29.1756181 ], [ 79.5173645, 29.1714475 ], [ 79.5174992, 29.1707204 ], [ 79.5172012, 29.1698267 ], [ 79.5131176, 29.1687728 ], [ 79.5123636, 29.1688862 ], [ 79.5108729, 29.1695596 ], [ 79.5078486, 29.172146 ], [ 79.5110729, 29.1761569 ], [ 79.5090596, 29.1779115 ], [ 79.5102309, 29.1794527 ], [ 79.5117562, 29.1796226 ], [ 79.5128955, 29.1823185 ], [ 79.5191556, 29.1807361 ] ] ] } },
{ "type": "Feature", "properties": { "gp_code": "260058", "gp_name": "Heragaja", "blkname": "HALDWANI", "dtname": "Nainital", "SHAPE_Area": 1314059.9878796993 }, "geometry": { "type": "Polygon", "coordinates": [ [ [ 79.5107761, 29.1583001 ], [ 79.5112929, 29.1562102 ], [ 79.5053407, 29.1562581 ], [ 79.5037997, 29.1577165 ], [ 79.5035675, 29.1592369 ], [ 79.504315, 29.1607273 ], [ 79.5055672, 29.1608385 ], [ 79.5052012, 29.1675996 ], [ 79.5077308, 29.1709636 ], [ 79.5078486, 29.172146 ], [ 79.5108729, 29.1695596 ], [ 79.5123636, 29.1688862 ], [ 79.5124746, 29.1670266 ], [ 79.5115719, 29.161882 ], [ 79.5109365, 29.1605987 ], [ 79.5107761, 29.1583001 ] ] ] } },
{ "type": "Feature", "properties": { "gp_code": "260220", "gp_name": "Haripur Tularam", "blkname": "HALDWANI", "dtname": "Nainital", "SHAPE_Area": 472596.36369236186 }, "geometry": { "type": "Polygon", "coordinates": [ [ [ 79.5199657, 29.1633645 ], [ 79.5208704, 29.1587438 ], [ 79.5109365, 29.1605987 ], [ 79.5115719, 29.161882 ], [ 79.5117907, 29.1637179 ], [ 79.5199657, 29.1633645 ] ] ] } },
{ "type": "Feature", "properties": { "gp_code": "23781", "gp_name": "HATHIKHAL", "blkname": "HALDWANI", "dtname": "Nainital", "SHAPE_Area": 4092238.3067295146 }, "geometry": { "type": "Polygon", "coordinates": [ [ [ 79.522746, 29.1705708 ], [ 79.5334464, 29.1704451 ], [ 79.5340689, 29.1652225 ], [ 79.5360617, 29.1612271 ], [ 79.536894, 29.1603036 ], [ 79.5381682, 29.1519909 ], [ 79.526777, 29.150941 ], [ 79.5232634, 29.1511786 ], [ 79.5232661, 29.1529229 ], [ 79.522617, 29.1551861 ], [ 79.5208704, 29.1587438 ], [ 79.5202404, 29.1609243 ], [ 79.5194364, 29.1691059 ], [ 79.5187507, 29.1710218 ], [ 79.522746, 29.1705708 ] ] ] } },
{ "type": "Feature", "properties": { "gp_code": "", "gp_name": "", "blkname": "HALDWANI", "dtname": "Nainital", "SHAPE_Area": 666213.4985530827 }, "geometry": { "type": "Polygon", "coordinates": [ [ [ 79.5187507, 29.1710218 ], [ 79.5194364, 29.1691059 ], [ 79.5199657, 29.1633645 ], [ 79.5117907, 29.1637179 ], [ 79.5124746, 29.1670266 ], [ 79.5123636, 29.1688862 ], [ 79.5131176, 29.1687728 ], [ 79.5172012, 29.1698267 ], [ 79.5174992, 29.1707204 ], [ 79.5173645, 29.1714475 ], [ 79.5187507, 29.1710218 ] ] ] } },
{ "type": "Feature", "properties": { "gp_code": "", "gp_name": "", "blkname": "HALDWANI", "dtname": "Nainital", "SHAPE_Area": 1209820.0349690854 }, "geometry": { "type": "Polygon", "coordinates": [ [ [ 79.5292325, 29.1788233 ], [ 79.5280279, 29.1859703 ], [ 79.5232217, 29.186452 ], [ 79.525361, 29.1935839 ], [ 79.5260736, 29.1944788 ], [ 79.531622, 29.1962043 ], [ 79.5323697, 29.1861648 ], [ 79.5321867, 29.184759 ], [ 79.5303389, 29.180174 ], [ 79.5292325, 29.1788233 ] ] ] } },
{ "type": "Feature", "properties": { "gp_code": "", "gp_name": "", "blkname": "HALDWANI", "dtname": "Nainital", "SHAPE_Area": 709038.96634275967 }, "geometry": { "type": "Polygon", "coordinates": [ [ [ 79.5292325, 29.1788233 ], [ 79.5285374, 29.1783088 ], [ 79.5253937, 29.1777044 ], [ 79.5218117, 29.1808102 ], [ 79.521938, 29.1822654 ], [ 79.5232217, 29.186452 ], [ 79.5280279, 29.1859703 ], [ 79.5292325, 29.1788233 ] ] ] } },
{ "type": "Feature", "properties": { "gp_code": "23780", "gp_name": "HARIPUR PURNAND", "blkname": "HALDWANI", "dtname": "Nainital", "SHAPE_Area": 843115.55111351621 }, "geometry": { "type": "Polygon", "coordinates": [ [ [ 79.5253937, 29.1777044 ], [ 79.5245859, 29.172213 ], [ 79.5248377, 29.1703951 ], [ 79.5192597, 29.1709407 ], [ 79.5173645, 29.1714475 ], [ 79.5187799, 29.1756181 ], [ 79.5191556, 29.1807361 ], [ 79.5218117, 29.1808102 ], [ 79.5253937, 29.1777044 ] ] ] } },
{ "type": "Feature", "properties": { "gp_code": "259924", "gp_name": "Dharmpur Kathiapul", "blkname": "HALDWANI", "dtname": "Nainital", "SHAPE_Area": 679652.11493923282 }, "geometry": { "type": "Polygon", "coordinates": [ [ [ 79.5302644, 29.1749824 ], [ 79.5334464, 29.1704451 ], [ 79.5248377, 29.1703951 ], [ 79.5245859, 29.172213 ], [ 79.5253937, 29.1777044 ], [ 79.5285374, 29.1783088 ], [ 79.5292325, 29.1788233 ], [ 79.5301422, 29.1773959 ], [ 79.5302644, 29.1749824 ] ] ] } },
{ "type": "Feature", "properties": { "gp_code": "23786", "gp_name": "JAIPUR KHEEMA", "blkname": "HALDWANI", "dtname": "Nainital", "SHAPE_Area": 1521480.6851095269 }, "geometry": { "type": "Polygon", "coordinates": [ [ [ 79.5373308, 29.1391913 ], [ 79.5318749, 29.1376874 ], [ 79.5313279, 29.1428775 ], [ 79.5305138, 29.1439994 ], [ 79.5297527, 29.1460474 ], [ 79.5295749, 29.1482294 ], [ 79.528001, 29.1510272 ], [ 79.5381682, 29.1519909 ], [ 79.5389219, 29.1468676 ], [ 79.5383724, 29.1426995 ], [ 79.5373308, 29.1391913 ] ] ] } },
{ "type": "Feature", "properties": { "gp_code": "23771", "gp_name": "FATTA BANGAR", "blkname": "HALDWANI", "dtname": "Nainital", "SHAPE_Area": 1717895.8412787835 }, "geometry": { "type": "Polygon", "coordinates": [ [ [ 79.5220662, 29.1563914 ], [ 79.5232661, 29.1529229 ], [ 79.5232634, 29.1511786 ], [ 79.5156971, 29.1522389 ], [ 79.5112552, 29.1538375 ], [ 79.5100458, 29.1500641 ], [ 79.5082994, 29.1487526 ], [ 79.5057386, 29.1485794 ], [ 79.5057973, 29.1527626 ], [ 79.5053407, 29.1562581 ], [ 79.5112929, 29.1562102 ], [ 79.5107761, 29.1583001 ], [ 79.5109365, 29.1605987 ], [ 79.5208704, 29.1587438 ], [ 79.5220662, 29.1563914 ] ] ] } },
{ "type": "Feature", "properties": { "gp_code": "", "gp_name": "", "blkname": "HALDWANI", "dtname": "Nainital", "SHAPE_Area": 718048.30373217585 }, "geometry": { "type": "Polygon", "coordinates": [ [ [ 79.5232634, 29.1511786 ], [ 79.5220547, 29.139841 ], [ 79.5169282, 29.1408507 ], [ 79.5185607, 29.1472377 ], [ 79.5191651, 29.1516376 ], [ 79.5232634, 29.1511786 ] ] ] } },
{ "type": "Feature", "properties": { "gp_code": "23794", "gp_name": "SAKULIYA", "blkname": "HALDWANI", "dtname": "Nainital", "SHAPE_Area": 1529918.9920069166 }, "geometry": { "type": "Polygon", "coordinates": [ [ [ 79.528001, 29.1510272 ], [ 79.5295749, 29.1482294 ], [ 79.5297527, 29.1460474 ], [ 79.5305138, 29.1439994 ], [ 79.5313279, 29.1428775 ], [ 79.5318749, 29.1376874 ], [ 79.5309832, 29.1344441 ], [ 79.5278925, 29.1350138 ], [ 79.5276774, 29.1370964 ], [ 79.5270717, 29.1379048 ], [ 79.5239207, 29.1394497 ], [ 79.5220547, 29.139841 ], [ 79.5232634, 29.1511786 ], [ 79.528001, 29.1510272 ] ] ] } },
{ "type": "Feature", "properties": { "gp_code": "", "gp_name": "", "blkname": "HALDWANI", "dtname": "Nainital", "SHAPE_Area": 506933.58754698554 }, "geometry": { "type": "Polygon", "coordinates": [ [ [ 79.5220547, 29.139841 ], [ 79.5214371, 29.1339695 ], [ 79.5181762, 29.1347204 ], [ 79.5146159, 29.1349742 ], [ 79.5169282, 29.1408507 ], [ 79.5220547, 29.139841 ] ] ] } },
{ "type": "Feature", "properties": { "gp_code": "23790", "gp_name": "KHARAKPUR", "blkname": "HALDWANI", "dtname": "Nainital", "SHAPE_Area": 1947130.9310934122 }, "geometry": { "type": "Polygon", "coordinates": [ [ [ 79.5317474, 29.1315776 ], [ 79.5352727, 29.1255694 ], [ 79.5355804, 29.1238176 ], [ 79.531303, 29.1245988 ], [ 79.5274414, 29.1249183 ], [ 79.5257979, 29.1262858 ], [ 79.5247043, 29.1266793 ], [ 79.5205057, 29.1264602 ], [ 79.5210634, 29.1283467 ], [ 79.5204367, 29.1297007 ], [ 79.5205083, 29.13066 ], [ 79.5211437, 29.1319184 ], [ 79.5220547, 29.139841 ], [ 79.5239207, 29.1394497 ], [ 79.5270717, 29.1379048 ], [ 79.5276774, 29.1370964 ], [ 79.5278925, 29.1350138 ], [ 79.5309832, 29.1344441 ], [ 79.5317474, 29.1315776 ] ] ] } },
{ "type": "Feature", "properties": { "gp_code": "23812", "gp_name": "SITAPUR", "blkname": "HALDWANI", "dtname": "Nainital", "SHAPE_Area": 3737105.9090421614 }, "geometry": { "type": "Polygon", "coordinates": [ [ [ 79.5827934, 29.1560232 ], [ 79.5894999, 29.1557098 ], [ 79.5971442, 29.1392284 ], [ 79.6002857, 29.1345075 ], [ 79.5973593, 29.130995 ], [ 79.5936369, 29.134805 ], [ 79.5925437, 29.1293624 ], [ 79.5909905, 29.1292593 ], [ 79.5884413, 29.1285335 ], [ 79.5837794, 29.1344656 ], [ 79.5823497, 29.1367767 ], [ 79.5880892, 29.1381473 ], [ 79.5896689, 29.1387962 ], [ 79.58587, 29.1428538 ], [ 79.5853161, 29.1451671 ], [ 79.5826937, 29.1520714 ], [ 79.5803828, 29.1559012 ], [ 79.5793246, 29.15694 ], [ 79.5827934, 29.1560232 ] ] ] } },
{ "type": "Feature", "properties": { "gp_code": "23813", "gp_name": "SUNDARPUR RAIKWAL", "blkname": "HALDWANI", "dtname": "Nainital", "SHAPE_Area": 4882026.3358217878 }, "geometry": { "type": "Polygon", "coordinates": [ [ [ 79.589566, 29.1641751 ], [ 79.6026422, 29.1630837 ], [ 79.6101798, 29.1501895 ], [ 79.6039051, 29.1451975 ], [ 79.6049347, 29.1412318 ], [ 79.6027888, 29.1408959 ], [ 79.599248, 29.1409201 ], [ 79.5960439, 29.1416727 ], [ 79.5894999, 29.1557098 ], [ 79.5870746, 29.1600354 ], [ 79.5854033, 29.1640983 ], [ 79.589566, 29.1641751 ] ] ] } },
{ "type": "Feature", "properties": { "gp_code": "23753", "gp_name": "BASANTPUR", "blkname": "HALDWANI", "dtname": "Nainital", "SHAPE_Area": 4172452.4638261003 }, "geometry": { "type": "Polygon", "coordinates": [ [ [ 79.5838749, 29.1592666 ], [ 79.5876052, 29.1590447 ], [ 79.5894999, 29.1557098 ], [ 79.5827934, 29.1560232 ], [ 79.5793246, 29.15694 ], [ 79.5803828, 29.1559012 ], [ 79.5826937, 29.1520714 ], [ 79.5853161, 29.1451671 ], [ 79.58587, 29.1428538 ], [ 79.5896689, 29.1387962 ], [ 79.5880892, 29.1381473 ], [ 79.5823497, 29.1367767 ], [ 79.5800444, 29.1390855 ], [ 79.5785307, 29.1411647 ], [ 79.5766732, 29.1445989 ], [ 79.5748878, 29.1489922 ], [ 79.5679582, 29.1593569 ], [ 79.5669144, 29.1615695 ], [ 79.5662637, 29.1645272 ], [ 79.5663715, 29.166032 ], [ 79.5740413, 29.1651102 ], [ 79.5750974, 29.1647327 ], [ 79.5773543, 29.1602747 ], [ 79.5838749, 29.1592666 ] ] ] } },
{ "type": "Feature", "properties": { "gp_code": "23784", "gp_name": "JAGATPUR", "blkname": "HALDWANI", "dtname": "Nainital", "SHAPE_Area": 4726501.5425477875 }, "geometry": { "type": "Polygon", "coordinates": [ [ [ 79.5752344, 29.1824813 ], [ 79.5786789, 29.1806139 ], [ 79.5814872, 29.180241 ], [ 79.5828322, 29.1724739 ], [ 79.5826644, 29.1719279 ], [ 79.5835051, 29.1684416 ], [ 79.5841528, 29.1662609 ], [ 79.5876052, 29.1590447 ], [ 79.5859478, 29.1590074 ], [ 79.5773543, 29.1602747 ], [ 79.5750974, 29.1647327 ], [ 79.5740413, 29.1651102 ], [ 79.5663715, 29.166032 ], [ 79.5653861, 29.1676827 ], [ 79.5644528, 29.1706231 ], [ 79.5652191, 29.1777013 ], [ 79.5651795, 29.1809251 ], [ 79.5724883, 29.1811761 ], [ 79.5752344, 29.1824813 ] ] ] } },
{ "type": "Feature", "properties": { "gp_code": "23793", "gp_name": "KISHANPUR RAIKWAL", "blkname": "HALDWANI", "dtname": "Nainital", "SHAPE_Area": 3662664.639442638 }, "geometry": { "type": "Polygon", "coordinates": [ [ [ 79.5828322, 29.1724739 ], [ 79.5896546, 29.1715491 ], [ 79.6000553, 29.1708809 ], [ 79.6017957, 29.1686037 ], [ 79.6031304, 29.1694668 ], [ 79.6059657, 29.1664481 ], [ 79.6085009, 29.1629328 ], [ 79.612355, 29.1592717 ], [ 79.6131465, 29.1591744 ], [ 79.6146647, 29.1555407 ], [ 79.6154205, 29.1547488 ], [ 79.6135236, 29.1529917 ], [ 79.6163368, 29.150816 ], [ 79.6167541, 29.1498415 ], [ 79.6161164, 29.1489968 ], [ 79.6148574, 29.1480679 ], [ 79.6144242, 29.1480834 ], [ 79.6122915, 29.1494836 ], [ 79.6101798, 29.1501895 ], [ 79.6026422, 29.1630837 ], [ 79.589566, 29.1641751 ], [ 79.5854033, 29.1640983 ], [ 79.5841528, 29.1662609 ], [ 79.5826644, 29.1719279 ], [ 79.5828322, 29.1724739 ] ] ] } },
{ "type": "Feature", "properties": { "gp_code": "23798", "gp_name": "LACHAMPUR", "blkname": "HALDWANI", "dtname": "Nainital", "SHAPE_Area": 377198.24035129219 }, "geometry": { "type": "Polygon", "coordinates": [ [ [ 79.5954584, 29.1841685 ], [ 79.5945497, 29.1840364 ], [ 79.5929673, 29.1861847 ], [ 79.5915732, 29.1889459 ], [ 79.5944024, 29.1902704 ], [ 79.5957309, 29.1913778 ], [ 79.5964747, 29.1902385 ], [ 79.5977687, 29.1857144 ], [ 79.5976642, 29.1853152 ], [ 79.5954584, 29.1841685 ] ] ] } },
{ "type": "Feature", "properties": { "gp_code": "23798", "gp_name": "LACHAMPUR", "blkname": "HALDWANI", "dtname": "Nainital", "SHAPE_Area": 2299196.7968877722 }, "geometry": { "type": "Polygon", "coordinates": [ [ [ 79.5992044, 29.1718873 ], [ 79.6000553, 29.1708809 ], [ 79.5896546, 29.1715491 ], [ 79.5828322, 29.1724739 ], [ 79.5812566, 29.1815961 ], [ 79.5818699, 29.1840775 ], [ 79.5830917, 29.1849239 ], [ 79.5829669, 29.1883789 ], [ 79.5836555, 29.1909101 ], [ 79.5871076, 29.1896295 ], [ 79.5877899, 29.188441 ], [ 79.5877243, 29.1855145 ], [ 79.5888799, 29.1835996 ], [ 79.5892317, 29.179798 ], [ 79.592194, 29.1784003 ], [ 79.5940276, 29.1764705 ], [ 79.5955441, 29.1735976 ], [ 79.5992044, 29.1718873 ] ] ] } },
{ "type": "Feature", "properties": { "gp_code": "260509", "gp_name": "KHEMPUR", "blkname": "HALDWANI", "dtname": "Nainital", "SHAPE_Area": 1930830.381351619 }, "geometry": { "type": "Polygon", "coordinates": [ [ [ 79.5768941, 29.1846927 ], [ 79.5776413, 29.1810575 ], [ 79.5752344, 29.1824813 ], [ 79.5724883, 29.1811761 ], [ 79.5651795, 29.1809251 ], [ 79.5648481, 29.1814202 ], [ 79.5646454, 29.1854537 ], [ 79.5652411, 29.1875219 ], [ 79.5646311, 29.1895371 ], [ 79.564393, 29.1929422 ], [ 79.5647418, 29.1944973 ], [ 79.5670443, 29.1944704 ], [ 79.5682533, 29.1935478 ], [ 79.5740993, 29.1920424 ], [ 79.5756286, 29.1911041 ], [ 79.5751399, 29.1907887 ], [ 79.5750477, 29.1902098 ], [ 79.5768941, 29.1846927 ] ] ] } },
{ "type": "Feature", "properties": { "gp_code": "23766", "gp_name": "DEWALA TALLA", "blkname": "HALDWANI", "dtname": "Nainital", "SHAPE_Area": 3360627.2157095508 }, "geometry": { "type": "Polygon", "coordinates": [ [ [ 79.5584824, 29.2125168 ], [ 79.5704698, 29.2118218 ], [ 79.5699355, 29.2082991 ], [ 79.5702682, 29.204729 ], [ 79.571208, 29.1999703 ], [ 79.5715104, 29.1997066 ], [ 79.5709849, 29.1990934 ], [ 79.5726505, 29.1969156 ], [ 79.5724484, 29.1954438 ], [ 79.5756286, 29.1911041 ], [ 79.5740993, 29.1920424 ], [ 79.5682533, 29.1935478 ], [ 79.5670443, 29.1944704 ], [ 79.5647418, 29.1944973 ], [ 79.5645899, 29.1959021 ], [ 79.5638322, 29.1970242 ], [ 79.561528, 29.1985885 ], [ 79.5606196, 29.1997102 ], [ 79.554064, 29.2097437 ], [ 79.5531537, 29.2113613 ], [ 79.5528474, 29.212683 ], [ 79.5530298, 29.2143698 ], [ 79.5535191, 29.2145365 ], [ 79.5559923, 29.2132703 ], [ 79.5584824, 29.2125168 ] ] ] } },
{ "type": "Feature", "properties": { "gp_code": "23795", "gp_name": "KUNWARPUR", "blkname": "HALDWANI", "dtname": "Nainital", "SHAPE_Area": 2994231.7394502773 }, "geometry": { "type": "Polygon", "coordinates": [ [ [ 79.586099, 29.1926689 ], [ 79.5871076, 29.1896295 ], [ 79.5836555, 29.1909101 ], [ 79.5829669, 29.1883789 ], [ 79.5830917, 29.1849239 ], [ 79.5818699, 29.1840775 ], [ 79.5814959, 29.1832499 ], [ 79.5812566, 29.1815961 ], [ 79.5814872, 29.180241 ], [ 79.5786789, 29.1806139 ], [ 79.5776413, 29.1810575 ], [ 79.5763592, 29.1868241 ], [ 79.5750477, 29.1902098 ], [ 79.5751399, 29.1907887 ], [ 79.5756286, 29.1911041 ], [ 79.5724484, 29.1954438 ], [ 79.5726505, 29.1969156 ], [ 79.5709849, 29.1990934 ], [ 79.5715104, 29.1997066 ], [ 79.571208, 29.1999703 ], [ 79.5702682, 29.204729 ], [ 79.5699355, 29.2082991 ], [ 79.5704698, 29.2118218 ], [ 79.5729911, 29.2116274 ], [ 79.5725562, 29.2105875 ], [ 79.5724867, 29.2089175 ], [ 79.5733638, 29.2058946 ], [ 79.5745078, 29.2047652 ], [ 79.575234, 29.2045356 ], [ 79.5818812, 29.1974359 ], [ 79.5842621, 29.1954251 ], [ 79.586099, 29.1926689 ] ] ] } },
{ "type": "Feature", "properties": { "gp_code": "23765", "gp_name": "DEWALA MALLA", "blkname": "HALDWANI", "dtname": "Nainital", "SHAPE_Area": 432485.90866836935 }, "geometry": { "type": "Polygon", "coordinates": [ [ [ 79.5782769, 29.2141173 ], [ 79.5768073, 29.2140308 ], [ 79.5768042, 29.21494 ], [ 79.5747345, 29.2195138 ], [ 79.5745414, 29.2208359 ], [ 79.575612, 29.2218802 ], [ 79.5796414, 29.2229323 ], [ 79.5801225, 29.2227683 ], [ 79.5804921, 29.2221575 ], [ 79.5790364, 29.2179547 ], [ 79.5782769, 29.2141173 ] ] ] } },
{ "type": "Feature", "properties": { "gp_code": "", "gp_name": "", "blkname": "HALDWANI", "dtname": "Nainital", "SHAPE_Area": 504977.29563611478 }, "geometry": { "type": "Polygon", "coordinates": [ [ [ 79.5616241, 29.2459106 ], [ 79.5605303, 29.2460729 ], [ 79.5589631, 29.246829 ], [ 79.5584986, 29.2522533 ], [ 79.5610081, 29.251665 ], [ 79.5623301, 29.2510238 ], [ 79.5641399, 29.2487608 ], [ 79.565084, 29.2483004 ], [ 79.5674589, 29.2483399 ], [ 79.5689308, 29.247881 ], [ 79.5690472, 29.2469225 ], [ 79.5673153, 29.2462897 ], [ 79.5627911, 29.2463767 ], [ 79.5616241, 29.2459106 ] ] ] } },
{ "type": "Feature", "properties": { "gp_code": "23765", "gp_name": "DEWALA MALLA", "blkname": "HALDWANI", "dtname": "Nainital", "SHAPE_Area": 1926698.834070961 }, "geometry": { "type": "Polygon", "coordinates": [ [ [ 79.5729815, 29.2184082 ], [ 79.5747855, 29.2144123 ], [ 79.5746377, 29.2135853 ], [ 79.5729911, 29.2116274 ], [ 79.5650783, 29.2124025 ], [ 79.5584824, 29.2125168 ], [ 79.5559923, 29.2132703 ], [ 79.5535191, 29.2145365 ], [ 79.5546366, 29.2181765 ], [ 79.5563342, 29.2177845 ], [ 79.5602547, 29.2175638 ], [ 79.5686207, 29.2178841 ], [ 79.5677469, 29.2198656 ], [ 79.5673627, 29.2219475 ], [ 79.5673527, 29.2247909 ], [ 79.5682, 29.2277523 ], [ 79.5695305, 29.2244826 ], [ 79.5729815, 29.2184082 ] ] ] } },
{ "type": "Feature", "properties": { "gp_code": "", "gp_name": "", "blkname": "HALDWANI", "dtname": "Nainital", "SHAPE_Area": 2395316.0171232414 }, "geometry": { "type": "Polygon", "coordinates": [ [ [ 79.5616241, 29.2459106 ], [ 79.5629712, 29.2434181 ], [ 79.5630161, 29.2413848 ], [ 79.5642763, 29.2367926 ], [ 79.5648372, 29.232711 ], [ 79.5657183, 29.2313908 ], [ 79.5678354, 29.2296194 ], [ 79.5682, 29.2277523 ], [ 79.5673527, 29.2247909 ], [ 79.5673627, 29.2219475 ], [ 79.5677469, 29.2198656 ], [ 79.5686207, 29.2178841 ], [ 79.5640992, 29.2175412 ], [ 79.5609324, 29.217764 ], [ 79.5600849, 29.220258 ], [ 79.559009, 29.2260412 ], [ 79.5600239, 29.2427075 ], [ 79.5589631, 29.246829 ], [ 79.5605303, 29.2460729 ], [ 79.5616241, 29.2459106 ] ] ] } },
{ "type": "Feature", "properties": { "gp_code": "23805", "gp_name": "NAWAR KHERA", "blkname": "HALDWANI", "dtname": "Nainital", "SHAPE_Area": 1848362.322571221 }, "geometry": { "type": "Polygon", "coordinates": [ [ [ 79.559009, 29.2260412 ], [ 79.5600849, 29.220258 ], [ 79.5609324, 29.217764 ], [ 79.5602547, 29.2175638 ], [ 79.5563342, 29.2177845 ], [ 79.5546366, 29.2181765 ], [ 79.5535191, 29.2145365 ], [ 79.5489235, 29.2164579 ], [ 79.5471882, 29.2168829 ], [ 79.5451112, 29.2180011 ], [ 79.5449394, 29.2185792 ], [ 79.5465476, 29.2219893 ], [ 79.5470264, 29.2250656 ], [ 79.5483946, 29.2271359 ], [ 79.5499794, 29.2266278 ], [ 79.5542403, 29.2261768 ], [ 79.559009, 29.2260412 ] ] ] } },
{ "type": "Feature", "properties": { "gp_code": "23791", "gp_name": "KHERA", "blkname": "HALDWANI", "dtname": "Nainital", "SHAPE_Area": 1960675.6105401313 }, "geometry": { "type": "Polygon", "coordinates": [ [ [ 79.559009, 29.2260412 ], [ 79.5542403, 29.2261768 ], [ 79.5499794, 29.2266278 ], [ 79.5483946, 29.2271359 ], [ 79.5504183, 29.2303486 ], [ 79.5533133, 29.2375974 ], [ 79.5545243, 29.2415352 ], [ 79.5572787, 29.2461053 ], [ 79.5580492, 29.2467522 ], [ 79.5589631, 29.246829 ], [ 79.5600239, 29.2427075 ], [ 79.559009, 29.2260412 ] ] ] } },
{ "type": "Feature", "properties": { "gp_code": "", "gp_name": "", "blkname": "HALDWANI", "dtname": "Nainital", "SHAPE_Area": 4074914.8628366934 }, "geometry": { "type": "Polygon", "coordinates": [ [ [ 79.5384916, 29.2541158 ], [ 79.5373065, 29.2489916 ], [ 79.5357711, 29.2462595 ], [ 79.5317463, 29.2438674 ], [ 79.5253948, 29.2388233 ], [ 79.5239077, 29.2383065 ], [ 79.522917, 29.2381338 ], [ 79.5197782, 29.2387571 ], [ 79.5163469, 29.2390113 ], [ 79.5106638, 29.2367128 ], [ 79.509265, 29.23775 ], [ 79.5076142, 29.2381252 ], [ 79.4979308, 29.2365535 ], [ 79.4944382, 29.2375175 ], [ 79.4924907, 29.2386923 ], [ 79.4961675, 29.2385072 ], [ 79.4993184, 29.2398204 ], [ 79.5047422, 29.2409449 ], [ 79.5150382, 29.2445635 ], [ 79.5178577, 29.2465557 ], [ 79.5190233, 29.2477878 ], [ 79.5224497, 29.2477786 ], [ 79.525633, 29.2499832 ], [ 79.5325623, 29.2535738 ], [ 79.5339721, 29.2546801 ], [ 79.5370901, 29.2549509 ], [ 79.5384916, 29.2541158 ] ] ] } },
{ "type": "Feature", "properties": { "gp_code": "", "gp_name": "", "blkname": "HALDWANI", "dtname": "Nainital", "SHAPE_Area": 1468789.5312948527 }, "geometry": { "type": "Polygon", "coordinates": [ [ [ 79.5263948, 29.2288739 ], [ 79.5174215, 29.2292941 ], [ 79.5193675, 29.2329203 ], [ 79.5209059, 29.2347269 ], [ 79.522917, 29.2381338 ], [ 79.5253948, 29.2388233 ], [ 79.5317463, 29.2438674 ], [ 79.5357711, 29.2462595 ], [ 79.5373065, 29.2489916 ], [ 79.5373988, 29.2501411 ], [ 79.5378065, 29.2488566 ], [ 79.53776, 29.2472754 ], [ 79.5369359, 29.2458844 ], [ 79.5317894, 29.2427896 ], [ 79.5306857, 29.2412559 ], [ 79.5301841, 29.236938 ], [ 79.5289911, 29.2334464 ], [ 79.5263948, 29.2288739 ] ] ] } },
{ "type": "Feature", "properties": { "gp_code": "", "gp_name": "", "blkname": "HALDWANI", "dtname": "Nainital", "SHAPE_Area": 1054063.6799317957 }, "geometry": { "type": "Polygon", "coordinates": [ [ [ 79.5263948, 29.2288739 ], [ 79.5234348, 29.2227176 ], [ 79.5200388, 29.217339 ], [ 79.5177278, 29.2181541 ], [ 79.5192036, 29.2203741 ], [ 79.5189952, 29.220671 ], [ 79.5195204, 29.2212678 ], [ 79.5193869, 29.2216972 ], [ 79.518576, 29.221827 ], [ 79.5142174, 29.22454 ], [ 79.5164311, 29.227109 ], [ 79.5174215, 29.2292941 ], [ 79.5263948, 29.2288739 ] ] ] } },
{ "type": "Feature", "properties": { "gp_code": "", "gp_name": "", "blkname": "HALDWANI", "dtname": "Nainital", "SHAPE_Area": 386263.41449092294 }, "geometry": { "type": "Polygon", "coordinates": [ [ [ 79.5177278, 29.2181541 ], [ 79.5115947, 29.2205478 ], [ 79.5142174, 29.22454 ], [ 79.518576, 29.221827 ], [ 79.5193869, 29.2216972 ], [ 79.5195204, 29.2212678 ], [ 79.5189952, 29.220671 ], [ 79.5192036, 29.2203741 ], [ 79.5177278, 29.2181541 ] ] ] } },
{ "type": "Feature", "properties": { "gp_code": "", "gp_name": "", "blkname": "HALDWANI", "dtname": "Nainital", "SHAPE_Area": 12922713.701876001 }, "geometry": { "type": "Polygon", "coordinates": [ [ [ 79.5474894, 29.2658642 ], [ 79.5461525, 29.2624454 ], [ 79.546578, 29.2594666 ], [ 79.5464301, 29.2572312 ], [ 79.548129, 29.2522477 ], [ 79.5495931, 29.2495876 ], [ 79.5499429, 29.2483207 ], [ 79.5503628, 29.2442884 ], [ 79.550227, 29.2427754 ], [ 79.5479743, 29.2377023 ], [ 79.5451919, 29.2331897 ], [ 79.5416553, 29.2288567 ], [ 79.539458, 29.2229776 ], [ 79.5373484, 29.2201529 ], [ 79.5362313, 29.2165292 ], [ 79.5356143, 29.2101791 ], [ 79.5342497, 29.2072987 ], [ 79.5340017, 29.2030822 ], [ 79.531622, 29.1962043 ], [ 79.5260736, 29.1944788 ], [ 79.5254769, 29.1963717 ], [ 79.5180388, 29.2111441 ], [ 79.51846, 29.212916 ], [ 79.5201377, 29.2176161 ], [ 79.5234348, 29.2227176 ], [ 79.5263948, 29.2288739 ], [ 79.5289911, 29.2334464 ], [ 79.5301841, 29.236938 ], [ 79.5306857, 29.2412559 ], [ 79.5317894, 29.2427896 ], [ 79.5369359, 29.2458844 ], [ 79.53776, 29.2472754 ], [ 79.5378065, 29.2488566 ], [ 79.5373988, 29.2501411 ], [ 79.5394635, 29.2576506 ], [ 79.5415451, 29.260675 ], [ 79.5451382, 29.2635903 ], [ 79.5470679, 29.2662032 ], [ 79.5474894, 29.2658642 ] ] ] } },
{ "type": "Feature", "properties": { "gp_code": "", "gp_name": "", "blkname": "HALDWANI", "dtname": "Nainital", "SHAPE_Area": 2415091.6949941926 }, "geometry": { "type": "Polygon", "coordinates": [ [ [ 79.5260736, 29.1944788 ], [ 79.525361, 29.1935839 ], [ 79.521938, 29.1822654 ], [ 79.5218117, 29.1808102 ], [ 79.5191556, 29.1807361 ], [ 79.5128955, 29.1823185 ], [ 79.5151534, 29.1876678 ], [ 79.5150365, 29.1886429 ], [ 79.5142772, 29.1900955 ], [ 79.5158325, 29.1922659 ], [ 79.5154088, 29.1946123 ], [ 79.5182131, 29.2002583 ], [ 79.5206244, 29.2003647 ], [ 79.5229996, 29.2013683 ], [ 79.5254769, 29.1963717 ], [ 79.5260736, 29.1944788 ] ] ] } },
{ "type": "Feature", "properties": { "gp_code": "", "gp_name": "", "blkname": "HALDWANI", "dtname": "Nainital", "SHAPE_Area": 1065048.3051377982 }, "geometry": { "type": "Polygon", "coordinates": [ [ [ 79.5229996, 29.2013683 ], [ 79.5206244, 29.2003647 ], [ 79.5182131, 29.2002583 ], [ 79.5154088, 29.1946123 ], [ 79.5158325, 29.1922659 ], [ 79.5142772, 29.1900955 ], [ 79.5150855, 29.1882939 ], [ 79.5131271, 29.1879098 ], [ 79.5117413, 29.188309 ], [ 79.5126297, 29.189826 ], [ 79.5137625, 29.1940121 ], [ 79.5140185, 29.1959968 ], [ 79.5136556, 29.1972522 ], [ 79.5172359, 29.2078866 ], [ 79.5180388, 29.2111441 ], [ 79.5229996, 29.2013683 ] ] ] } },
{ "type": "Feature", "properties": { "gp_code": "", "gp_name": "", "blkname": "HALDWANI", "dtname": "Nainital", "SHAPE_Area": 1816088.9119633059 }, "geometry": { "type": "Polygon", "coordinates": [ [ [ 79.5115947, 29.2205478 ], [ 79.5095287, 29.2187892 ], [ 79.5044867, 29.2166577 ], [ 79.5032099, 29.21548 ], [ 79.5015995, 29.2129621 ], [ 79.5000758, 29.2076341 ], [ 79.4962006, 29.2083697 ], [ 79.4955193, 29.2098811 ], [ 79.4923623, 29.2114944 ], [ 79.4922108, 29.2118668 ], [ 79.4928073, 29.2127242 ], [ 79.4951768, 29.2148532 ], [ 79.496118, 29.2163758 ], [ 79.4965486, 29.2180661 ], [ 79.498443, 29.2195198 ], [ 79.4998133, 29.2212721 ], [ 79.502817, 29.2241579 ], [ 79.5115947, 29.2205478 ] ] ] } },
{ "type": "Feature", "properties": { "gp_code": "", "gp_name": "", "blkname": "HALDWANI", "dtname": "Nainital", "SHAPE_Area": 5680593.1695860224 }, "geometry": { "type": "Polygon", "coordinates": [ [ [ 79.5115947, 29.2205478 ], [ 79.5200388, 29.217339 ], [ 79.51846, 29.212916 ], [ 79.5156722, 29.2029884 ], [ 79.5136556, 29.1972522 ], [ 79.5125319, 29.1955129 ], [ 79.5091701, 29.1927665 ], [ 79.5070107, 29.1933054 ], [ 79.5006339, 29.1940376 ], [ 79.4972988, 29.196506 ], [ 79.499334, 29.2001975 ], [ 79.4995709, 29.2066902 ], [ 79.5015995, 29.2129621 ], [ 79.5032099, 29.21548 ], [ 79.5044867, 29.2166577 ], [ 79.5095287, 29.2187892 ], [ 79.5115947, 29.2205478 ] ] ] } },
{ "type": "Feature", "properties": { "gp_code": "", "gp_name": "", "blkname": "HALDWANI", "dtname": "Nainital", "SHAPE_Area": 296002.06565404614 }, "geometry": { "type": "Polygon", "coordinates": [ [ [ 79.5117413, 29.188309 ], [ 79.5103788, 29.1896869 ], [ 79.5094677, 29.1913952 ], [ 79.5091701, 29.1927665 ], [ 79.5125319, 29.1955129 ], [ 79.5136556, 29.1972522 ], [ 79.5140185, 29.1959968 ], [ 79.5137625, 29.1940121 ], [ 79.5126297, 29.189826 ], [ 79.5117413, 29.188309 ] ] ] } },
{ "type": "Feature", "properties": { "gp_code": "", "gp_name": "", "blkname": "HALDWANI", "dtname": "Nainital", "SHAPE_Area": 1070432.075716347 }, "geometry": { "type": "Polygon", "coordinates": [ [ [ 79.499334, 29.2001975 ], [ 79.4972988, 29.196506 ], [ 79.5006339, 29.1940376 ], [ 79.4981818, 29.1945345 ], [ 79.4926312, 29.1947364 ], [ 79.4879404, 29.1955332 ], [ 79.4857608, 29.196645 ], [ 79.4910939, 29.200742 ], [ 79.4937486, 29.2040477 ], [ 79.4963741, 29.2025793 ], [ 79.499334, 29.2001975 ] ] ] } },
{ "type": "Feature", "properties": { "gp_code": "260120", "gp_name": "Karayalpur Chatursingh", "blkname": "HALDWANI", "dtname": "Nainital", "SHAPE_Area": 2008827.0260337552 }, "geometry": { "type": "Polygon", "coordinates": [ [ [ 79.495158, 29.194541 ], [ 79.4981818, 29.1945345 ], [ 79.5006339, 29.1940376 ], [ 79.4990702, 29.18923 ], [ 79.4990114, 29.1851291 ], [ 79.4906423, 29.1859557 ], [ 79.4899657, 29.1863484 ], [ 79.4842375, 29.1872514 ], [ 79.4799311, 29.1886967 ], [ 79.4817975, 29.190863 ], [ 79.4837411, 29.192361 ], [ 79.490177, 29.1952997 ], [ 79.495158, 29.194541 ] ] ] } },
{ "type": "Feature", "properties": { "gp_code": "", "gp_name": "", "blkname": "HALDWANI", "dtname": "Nainital", "SHAPE_Area": 1081854.4896731242 }, "geometry": { "type": "Polygon", "coordinates": [ [ [ 79.4923623, 29.2114944 ], [ 79.4862206, 29.206342 ], [ 79.4815362, 29.2031085 ], [ 79.4802585, 29.2031422 ], [ 79.478251, 29.2048906 ], [ 79.4810066, 29.2095717 ], [ 79.4829231, 29.2116398 ], [ 79.486811, 29.2146793 ], [ 79.4884134, 29.214158 ], [ 79.4923623, 29.2114944 ] ] ] } },
{ "type": "Feature", "properties": { "gp_code": "", "gp_name": "", "blkname": "HALDWANI", "dtname": "Nainital", "SHAPE_Area": 1585515.381593395 }, "geometry": { "type": "Polygon", "coordinates": [ [ [ 79.4962006, 29.2083697 ], [ 79.4947965, 29.2048613 ], [ 79.4937486, 29.2040477 ], [ 79.4910939, 29.200742 ], [ 79.4857608, 29.196645 ], [ 79.4808348, 29.1992018 ], [ 79.4828843, 29.2029752 ], [ 79.4826309, 29.203786 ], [ 79.4834024, 29.2046259 ], [ 79.4862206, 29.206342 ], [ 79.4923623, 29.2114944 ], [ 79.4955193, 29.2098811 ], [ 79.4962006, 29.2083697 ] ] ] } },
{ "type": "Feature", "properties": { "gp_code": "", "gp_name": "", "blkname": "HALDWANI", "dtname": "Nainital", "SHAPE_Area": 388846.70687902829 }, "geometry": { "type": "Polygon", "coordinates": [ [ [ 79.5000758, 29.2076341 ], [ 79.4995709, 29.2066902 ], [ 79.4993715, 29.2047039 ], [ 79.499334, 29.2001975 ], [ 79.4963741, 29.2025793 ], [ 79.4937486, 29.2040477 ], [ 79.4947965, 29.2048613 ], [ 79.4962006, 29.2083697 ], [ 79.5000758, 29.2076341 ] ] ] } },
{ "type": "Feature", "properties": { "gp_code": "", "gp_name": "", "blkname": "HALDWANI", "dtname": "Nainital", "SHAPE_Area": 1379162.683868333 }, "geometry": { "type": "Polygon", "coordinates": [ [ [ 79.4965486, 29.2180661 ], [ 79.496118, 29.2163758 ], [ 79.4951768, 29.2148532 ], [ 79.4928073, 29.2127242 ], [ 79.4922108, 29.2118668 ], [ 79.4923623, 29.2114944 ], [ 79.4884134, 29.214158 ], [ 79.486811, 29.2146793 ], [ 79.4829231, 29.2116398 ], [ 79.4810066, 29.2095717 ], [ 79.480021, 29.2077255 ], [ 79.4744603, 29.2096005 ], [ 79.4779377, 29.210903 ], [ 79.4761098, 29.2132247 ], [ 79.477163, 29.2138696 ], [ 79.4936908, 29.2198559 ], [ 79.4965486, 29.2180661 ] ] ] } },
{ "type": "Feature", "properties": { "gp_code": "", "gp_name": "", "blkname": "HALDWANI", "dtname": "Nainital", "SHAPE_Area": 1040643.1532236091 }, "geometry": { "type": "Polygon", "coordinates": [ [ [ 79.4926318, 29.2220021 ], [ 79.4937866, 29.2205613 ], [ 79.4936908, 29.2198559 ], [ 79.4898215, 29.2182972 ], [ 79.4850516, 29.2168781 ], [ 79.483188, 29.2194811 ], [ 79.4776575, 29.2211097 ], [ 79.479977, 29.2225211 ], [ 79.4818873, 29.2243443 ], [ 79.4841558, 29.225818 ], [ 79.4926318, 29.2220021 ] ] ] } },
{ "type": "Feature", "properties": { "gp_code": "", "gp_name": "", "blkname": "HALDWANI", "dtname": "Nainital", "SHAPE_Area": 1540776.7289558933 }, "geometry": { "type": "Polygon", "coordinates": [ [ [ 79.4983394, 29.2257336 ], [ 79.4980861, 29.2252992 ], [ 79.495822, 29.2245566 ], [ 79.4947769, 29.223325 ], [ 79.4926318, 29.2220021 ], [ 79.4841558, 29.225818 ], [ 79.4817807, 29.2277035 ], [ 79.4763231, 29.2306988 ], [ 79.4776477, 29.2326749 ], [ 79.4796828, 29.2345074 ], [ 79.481029, 29.2340292 ], [ 79.4820804, 29.2331503 ], [ 79.4852373, 29.2323318 ], [ 79.4870441, 29.2308022 ], [ 79.4983394, 29.2257336 ] ] ] } },
{ "type": "Feature", "properties": { "gp_code": "", "gp_name": "", "blkname": "HALDWANI", "dtname": "Nainital", "SHAPE_Area": 1115368.4741211224 }, "geometry": { "type": "Polygon", "coordinates": [ [ [ 79.4801053, 29.2351338 ], [ 79.4851305, 29.2339546 ], [ 79.4903851, 29.2343169 ], [ 79.4933862, 29.2331583 ], [ 79.4983228, 29.2305898 ], [ 79.5011221, 29.228517 ], [ 79.5043271, 29.2282789 ], [ 79.4994954, 29.2253379 ], [ 79.4870441, 29.2308022 ], [ 79.4852373, 29.2323318 ], [ 79.4820804, 29.2331503 ], [ 79.481029, 29.2340292 ], [ 79.4796828, 29.2345074 ], [ 79.4801053, 29.2351338 ] ] ] } },
{ "type": "Feature", "properties": { "gp_code": "", "gp_name": "", "blkname": "HALDWANI", "dtname": "Nainital", "SHAPE_Area": 552686.81515728927 }, "geometry": { "type": "Polygon", "coordinates": [ [ [ 79.4994954, 29.2253379 ], [ 79.4996857, 29.2248756 ], [ 79.502817, 29.2241579 ], [ 79.4998133, 29.2212721 ], [ 79.498443, 29.2195198 ], [ 79.4965486, 29.2180661 ], [ 79.4936908, 29.2198559 ], [ 79.4937866, 29.2205613 ], [ 79.4926318, 29.2220021 ], [ 79.4947769, 29.223325 ], [ 79.495822, 29.2245566 ], [ 79.4980861, 29.2252992 ], [ 79.4983394, 29.2257336 ], [ 79.4994954, 29.2253379 ] ] ] } },
{ "type": "Feature", "properties": { "gp_code": "", "gp_name": "", "blkname": "HALDWANI", "dtname": "Nainital", "SHAPE_Area": 199712.70729655318 }, "geometry": { "type": "Polygon", "coordinates": [ [ [ 79.502817, 29.2241579 ], [ 79.4996857, 29.2248756 ], [ 79.4994954, 29.2253379 ], [ 79.5043271, 29.2282789 ], [ 79.5067597, 29.2279062 ], [ 79.502817, 29.2241579 ] ] ] } },
{ "type": "Feature", "properties": { "gp_code": "", "gp_name": "", "blkname": "HALDWANI", "dtname": "Nainital", "SHAPE_Area": 3739336.0053862934 }, "geometry": { "type": "Polygon", "coordinates": [ [ [ 79.522917, 29.2381338 ], [ 79.5209059, 29.2347269 ], [ 79.5183563, 29.2312311 ], [ 79.5164311, 29.227109 ], [ 79.514836, 29.2253849 ], [ 79.5115947, 29.2205478 ], [ 79.502817, 29.2241579 ], [ 79.5067597, 29.2279062 ], [ 79.5065897, 29.2280379 ], [ 79.5011221, 29.228517 ], [ 79.4983228, 29.2305898 ], [ 79.4933862, 29.2331583 ], [ 79.4903851, 29.2343169 ], [ 79.4923792, 29.2348111 ], [ 79.5005804, 29.2343343 ], [ 79.5065873, 29.2357085 ], [ 79.5048448, 29.2378191 ], [ 79.5059937, 29.2380376 ], [ 79.5085193, 29.2380618 ], [ 79.5106638, 29.2367128 ], [ 79.5163469, 29.2390113 ], [ 79.5197782, 29.2387571 ], [ 79.522917, 29.2381338 ] ] ] } },
{ "type": "Feature", "properties": { "gp_code": "", "gp_name": "", "blkname": "HALDWANI", "dtname": "Nainital", "SHAPE_Area": 1286610.7418798339 }, "geometry": { "type": "Polygon", "coordinates": [ [ [ 79.4924907, 29.2386923 ], [ 79.4944382, 29.2375175 ], [ 79.4979308, 29.2365535 ], [ 79.5048448, 29.2378191 ], [ 79.5065873, 29.2357085 ], [ 79.5005804, 29.2343343 ], [ 79.4923792, 29.2348111 ], [ 79.4893314, 29.2340557 ], [ 79.4851305, 29.2339546 ], [ 79.4825837, 29.2345058 ], [ 79.482482, 29.2349002 ], [ 79.4787975, 29.2368734 ], [ 79.4783196, 29.2375409 ], [ 79.4814644, 29.237551 ], [ 79.4860602, 29.2389148 ], [ 79.489704, 29.240725 ], [ 79.4914922, 29.2388875 ], [ 79.4924907, 29.2386923 ] ] ] } },
{ "type": "Feature", "properties": { "gp_code": "23807", "gp_name": "PANIYALI", "blkname": "HALDWANI", "dtname": "Nainital", "SHAPE_Area": 1006515.6061802328 }, "geometry": { "type": "Polygon", "coordinates": [ [ [ 79.489704, 29.240725 ], [ 79.4860602, 29.2389148 ], [ 79.4814644, 29.237551 ], [ 79.4783196, 29.2375409 ], [ 79.4748623, 29.2416606 ], [ 79.4795606, 29.2416758 ], [ 79.4873176, 29.2443261 ], [ 79.4895776, 29.2473838 ], [ 79.4909635, 29.2471712 ], [ 79.4912719, 29.2443526 ], [ 79.4907133, 29.241676 ], [ 79.489704, 29.240725 ] ] ] } },
{ "type": "Feature", "properties": { "gp_code": "260071", "gp_name": "Bajuniya Haldu", "blkname": "HALDWANI", "dtname": "Nainital", "SHAPE_Area": 1162237.6893110147 }, "geometry": { "type": "Polygon", "coordinates": [ [ [ 79.4654257, 29.2417863 ], [ 79.4748623, 29.2416606 ], [ 79.4763158, 29.2396661 ], [ 79.4770456, 29.2393197 ], [ 79.4787975, 29.2368734 ], [ 79.482482, 29.2349002 ], [ 79.4825837, 29.2345058 ], [ 79.4801053, 29.2351338 ], [ 79.4776477, 29.2326749 ], [ 79.4750055, 29.2332529 ], [ 79.4705958, 29.2355672 ], [ 79.464657, 29.2403727 ], [ 79.4654257, 29.2417863 ] ] ] } },
{ "type": "Feature", "properties": { "gp_code": "23810", "gp_name": "RAMARI AANSINGH", "blkname": "HALDWANI", "dtname": "Nainital", "SHAPE_Area": 2120183.750312197 }, "geometry": { "type": "Polygon", "coordinates": [ [ [ 79.4727398, 29.2342564 ], [ 79.4637988, 29.2285744 ], [ 79.4620417, 29.2297773 ], [ 79.4619644, 29.2303034 ], [ 79.4607588, 29.2315058 ], [ 79.4592674, 29.2324291 ], [ 79.4580913, 29.2336538 ], [ 79.4572469, 29.2339945 ], [ 79.4557507, 29.2330244 ], [ 79.4515285, 29.2292921 ], [ 79.4483046, 29.2316719 ], [ 79.4604688, 29.2406734 ], [ 79.4627696, 29.2428975 ], [ 79.4654257, 29.2417863 ], [ 79.464657, 29.2403727 ], [ 79.4688631, 29.2368629 ], [ 79.4727398, 29.2342564 ] ] ] } },
{ "type": "Feature", "properties": { "gp_code": "260099", "gp_name": "Dhuni No 1", "blkname": "HALDWANI", "dtname": "Nainital", "SHAPE_Area": 2205334.6412704932 }, "geometry": { "type": "Polygon", "coordinates": [ [ [ 79.4664048, 29.2218299 ], [ 79.4590353, 29.2253363 ], [ 79.4569824, 29.2258778 ], [ 79.4515285, 29.2292921 ], [ 79.4557507, 29.2330244 ], [ 79.4572469, 29.2339945 ], [ 79.4580913, 29.2336538 ], [ 79.4592674, 29.2324291 ], [ 79.4607588, 29.2315058 ], [ 79.4619644, 29.2303034 ], [ 79.4620417, 29.2297773 ], [ 79.4637988, 29.2285744 ], [ 79.4727398, 29.2342564 ], [ 79.4738017, 29.2340605 ], [ 79.4750055, 29.2332529 ], [ 79.4776477, 29.2326749 ], [ 79.4763231, 29.2306988 ], [ 79.4719361, 29.226906 ], [ 79.4708384, 29.225277 ], [ 79.4684473, 29.2230249 ], [ 79.4664048, 29.2218299 ] ] ] } },
{ "type": "Feature", "properties": { "gp_code": "260099", "gp_name": "Dhuni No 1", "blkname": "HALDWANI", "dtname": "Nainital", "SHAPE_Area": 167952.68410148117 }, "geometry": { "type": "Polygon", "coordinates": [ [ [ 79.4664048, 29.2218299 ], [ 79.4685832, 29.2209644 ], [ 79.4674668, 29.2188019 ], [ 79.4662699, 29.2177162 ], [ 79.4652937, 29.2179543 ], [ 79.4636622, 29.2193746 ], [ 79.4629121, 29.2193721 ], [ 79.4649574, 29.2205635 ], [ 79.4664048, 29.2218299 ] ] ] } },
{ "type": "Feature", "properties": { "gp_code": "", "gp_name": "", "blkname": "HALDWANI", "dtname": "Nainital", "SHAPE_Area": 540195.90083232475 }, "geometry": { "type": "Polygon", "coordinates": [ [ [ 79.4776575, 29.2211097 ], [ 79.4745673, 29.2186649 ], [ 79.4715355, 29.2201245 ], [ 79.4664048, 29.2218299 ], [ 79.4684473, 29.2230249 ], [ 79.4708384, 29.225277 ], [ 79.4716086, 29.22642 ], [ 79.4747484, 29.2231182 ], [ 79.4776575, 29.2211097 ] ] ] } },
{ "type": "Feature", "properties": { "gp_code": "", "gp_name": "", "blkname": "HALDWANI", "dtname": "Nainital", "SHAPE_Area": 908448.50391583832 }, "geometry": { "type": "Polygon", "coordinates": [ [ [ 79.4841558, 29.225818 ], [ 79.4818873, 29.2243443 ], [ 79.479977, 29.2225211 ], [ 79.4776575, 29.2211097 ], [ 79.4747484, 29.2231182 ], [ 79.4716086, 29.22642 ], [ 79.4763231, 29.2306988 ], [ 79.4817807, 29.2277035 ], [ 79.4841558, 29.225818 ] ] ] } },
{ "type": "Feature", "properties": { "gp_code": "", "gp_name": "", "blkname": "HALDWANI", "dtname": "Nainital", "SHAPE_Area": 939781.70641841914 }, "geometry": { "type": "Polygon", "coordinates": [ [ [ 79.4850516, 29.2168781 ], [ 79.4835314, 29.21602 ], [ 79.4742472, 29.2126658 ], [ 79.4706307, 29.2153617 ], [ 79.4776575, 29.2211097 ], [ 79.483188, 29.2194811 ], [ 79.4850516, 29.2168781 ] ] ] } },
{ "type": "Feature", "properties": { "gp_code": "", "gp_name": "", "blkname": "HALDWANI", "dtname": "Nainital", "SHAPE_Area": 322806.87777297816 }, "geometry": { "type": "Polygon", "coordinates": [ [ [ 79.4745673, 29.2186649 ], [ 79.4706307, 29.2153617 ], [ 79.4690488, 29.2169274 ], [ 79.4662699, 29.2177162 ], [ 79.4674668, 29.2188019 ], [ 79.4685832, 29.2209644 ], [ 79.4715355, 29.2201245 ], [ 79.4745673, 29.2186649 ] ] ] } },
{ "type": "Feature", "properties": { "gp_code": "23809", "gp_name": "PREMPUR LOSHYANI", "blkname": "HALDWANI", "dtname": "Nainital", "SHAPE_Area": 3748125.3192052287 }, "geometry": { "type": "Polygon", "coordinates": [ [ [ 79.4802585, 29.2031422 ], [ 79.4815362, 29.2031085 ], [ 79.4826309, 29.203786 ], [ 79.4828843, 29.2029752 ], [ 79.4808348, 29.1992018 ], [ 79.4879404, 29.1955332 ], [ 79.490177, 29.1952997 ], [ 79.4837411, 29.192361 ], [ 79.4817975, 29.190863 ], [ 79.4799311, 29.1886967 ], [ 79.4781725, 29.1891508 ], [ 79.4757365, 29.1891104 ], [ 79.4713009, 29.1901927 ], [ 79.4676023, 29.1899173 ], [ 79.4625047, 29.1904592 ], [ 79.4638587, 29.1928181 ], [ 79.4726997, 29.2011359 ], [ 79.4688071, 29.2033241 ], [ 79.4715452, 29.2058187 ], [ 79.4744603, 29.2096005 ], [ 79.480021, 29.2077255 ], [ 79.478251, 29.2048906 ], [ 79.4802585, 29.2031422 ] ] ] } },
{ "type": "Feature", "properties": { "gp_code": "260504", "gp_name": "KAMALUWAGANJA MEHTA", "blkname": "HALDWANI", "dtname": "Nainital", "SHAPE_Area": 568101.56974821014 }, "geometry": { "type": "Polygon", "coordinates": [ [ [ 79.4590573, 29.2117257 ], [ 79.4656917, 29.210098 ], [ 79.4637748, 29.2081779 ], [ 79.4603822, 29.2060708 ], [ 79.455074, 29.20754 ], [ 79.4507243, 29.2028338 ], [ 79.4502442, 29.2031849 ], [ 79.4555282, 29.209153 ], [ 79.4590573, 29.2117257 ] ] ] } },
{ "type": "Feature", "properties": { "gp_code": "", "gp_name": "", "blkname": "HALDWANI", "dtname": "Nainital", "SHAPE_Area": 1104711.5762242128 }, "geometry": { "type": "Polygon", "coordinates": [ [ [ 79.4744603, 29.2096005 ], [ 79.4715452, 29.2058187 ], [ 79.4688071, 29.2033241 ], [ 79.4656521, 29.2039253 ], [ 79.4620373, 29.205128 ], [ 79.4603822, 29.2060708 ], [ 79.4637748, 29.2081779 ], [ 79.4656917, 29.210098 ], [ 79.4761098, 29.2132247 ], [ 79.4779377, 29.210903 ], [ 79.4744603, 29.2096005 ] ] ] } },
{ "type": "Feature", "properties": { "gp_code": "", "gp_name": "", "blkname": "HALDWANI", "dtname": "Nainital", "SHAPE_Area": 632805.46501820174 }, "geometry": { "type": "Polygon", "coordinates": [ [ [ 79.4652937, 29.2179543 ], [ 79.4690488, 29.2169274 ], [ 79.4706307, 29.2153617 ], [ 79.4656917, 29.210098 ], [ 79.4590573, 29.2117257 ], [ 79.4619365, 29.2137096 ], [ 79.4639524, 29.2158879 ], [ 79.4652937, 29.2179543 ] ] ] } },
{ "type": "Feature", "properties": { "gp_code": "", "gp_name": "", "blkname": "HALDWANI", "dtname": "Nainital", "SHAPE_Area": 228501.4210780338 }, "geometry": { "type": "Polygon", "coordinates": [ [ [ 79.4738925, 29.2126963 ], [ 79.4715458, 29.2118551 ], [ 79.4656917, 29.210098 ], [ 79.4706307, 29.2153617 ], [ 79.4738925, 29.2126963 ] ] ] } },
{ "type": "Feature", "properties": { "gp_code": "260504", "gp_name": "KAMALUWAGANJA MEHTA", "blkname": "HALDWANI", "dtname": "Nainital", "SHAPE_Area": 2028974.6370765471 }, "geometry": { "type": "Polygon", "coordinates": [ [ [ 79.4590573, 29.2117257 ], [ 79.450549, 29.2147678 ], [ 79.4463182, 29.2159378 ], [ 79.4479167, 29.21772 ], [ 79.4516794, 29.2206284 ], [ 79.454997, 29.2224822 ], [ 79.4572935, 29.2233893 ], [ 79.4601171, 29.2238375 ], [ 79.4610149, 29.2243889 ], [ 79.4664048, 29.2218299 ], [ 79.4649574, 29.2205635 ], [ 79.4629121, 29.2193721 ], [ 79.4636622, 29.2193746 ], [ 79.4652937, 29.2179543 ], [ 79.4639524, 29.2158879 ], [ 79.4619365, 29.2137096 ], [ 79.4590573, 29.2117257 ] ] ] } },
{ "type": "Feature", "properties": { "gp_code": "23746", "gp_name": "BACCHI NAGAR NO.-1", "blkname": "HALDWANI", "dtname": "Nainital", "SHAPE_Area": 4635993.0114394668 }, "geometry": { "type": "Polygon", "coordinates": [ [ [ 79.4516794, 29.2206284 ], [ 79.4479167, 29.21772 ], [ 79.4463182, 29.2159378 ], [ 79.450549, 29.2147678 ], [ 79.4590573, 29.2117257 ], [ 79.4555282, 29.209153 ], [ 79.4502442, 29.2031849 ], [ 79.4479491, 29.2042126 ], [ 79.4426529, 29.2074363 ], [ 79.441011, 29.2077025 ], [ 79.43533, 29.2115783 ], [ 79.4339716, 29.2115823 ], [ 79.4315733, 29.212947 ], [ 79.4316438, 29.2139343 ], [ 79.4328298, 29.2170095 ], [ 79.4350912, 29.2200883 ], [ 79.4393258, 29.218151 ], [ 79.4400899, 29.2193363 ], [ 79.4439271, 29.2220453 ], [ 79.4506213, 29.2280606 ], [ 79.4515285, 29.2292921 ], [ 79.4569824, 29.2258778 ], [ 79.4590353, 29.2253363 ], [ 79.4610149, 29.2243889 ], [ 79.4601171, 29.2238375 ], [ 79.4572935, 29.2233893 ], [ 79.454997, 29.2224822 ], [ 79.4516794, 29.2206284 ] ] ] } },
{ "type": "Feature", "properties": { "gp_code": "23811", "gp_name": "RAMPUR LAMCHAUR", "blkname": "HALDWANI", "dtname": "Nainital", "SHAPE_Area": 2100928.9693636503 }, "geometry": { "type": "Polygon", "coordinates": [ [ [ 79.4315733, 29.212947 ], [ 79.4286226, 29.2089558 ], [ 79.4258444, 29.2109196 ], [ 79.4226171, 29.2120023 ], [ 79.4236171, 29.2135175 ], [ 79.4204503, 29.2148924 ], [ 79.4190844, 29.2158618 ], [ 79.4215781, 29.2191393 ], [ 79.4200016, 29.2199139 ], [ 79.4247257, 29.2256778 ], [ 79.4350912, 29.2200883 ], [ 79.4328298, 29.2170095 ], [ 79.4316438, 29.2139343 ], [ 79.4315733, 29.212947 ] ] ] } },
{ "type": "Feature", "properties": { "gp_code": "23787", "gp_name": "JAIPUR PADALI", "blkname": "HALDWANI", "dtname": "Nainital", "SHAPE_Area": 2282071.5006861165 }, "geometry": { "type": "Polygon", "coordinates": [ [ [ 79.4372887, 29.2399798 ], [ 79.442356, 29.2365099 ], [ 79.4416582, 29.2359811 ], [ 79.4381812, 29.2306827 ], [ 79.4327539, 29.2253993 ], [ 79.4232308, 29.2298621 ], [ 79.4279155, 29.2346888 ], [ 79.424015, 29.2386606 ], [ 79.4289035, 29.238287 ], [ 79.4346951, 29.2388547 ], [ 79.4372887, 29.2399798 ] ] ] } },
{ "type": "Feature", "properties": { "gp_code": "23796", "gp_name": "KURIYAGAON", "blkname": "HALDWANI", "dtname": "Nainital", "SHAPE_Area": 2626686.3920123857 }, "geometry": { "type": "Polygon", "coordinates": [ [ [ 79.4400899, 29.2193363 ], [ 79.4393258, 29.218151 ], [ 79.4327828, 29.2211791 ], [ 79.4305821, 29.2226866 ], [ 79.4327539, 29.2253993 ], [ 79.4381812, 29.2306827 ], [ 79.4416582, 29.2359811 ], [ 79.442356, 29.2365099 ], [ 79.4489525, 29.2321677 ], [ 79.4483046, 29.2316719 ], [ 79.4515285, 29.2292921 ], [ 79.4506213, 29.2280606 ], [ 79.4439271, 29.2220453 ], [ 79.4400899, 29.2193363 ] ] ] } },
{ "type": "Feature", "properties": { "gp_code": "23774", "gp_name": "GUJRAUDA", "blkname": "HALDWANI", "dtname": "Nainital", "SHAPE_Area": 652943.34448856907 }, "geometry": { "type": "Polygon", "coordinates": [ [ [ 79.4433706, 29.2389261 ], [ 79.442356, 29.2365099 ], [ 79.4372887, 29.2399798 ], [ 79.4452103, 29.2450097 ], [ 79.4472859, 29.2469895 ], [ 79.448093, 29.2461319 ], [ 79.4514779, 29.244674 ], [ 79.4474524, 29.2432832 ], [ 79.4453589, 29.2416748 ], [ 79.4433706, 29.2389261 ] ] ] } },
{ "type": "Feature", "properties": { "gp_code": "23808", "gp_name": "PIPAL POKHARA", "blkname": "HALDWANI", "dtname": "Nainital", "SHAPE_Area": 2108818.2826956394 }, "geometry": { "type": "Polygon", "coordinates": [ [ [ 79.4604688, 29.2406734 ], [ 79.4489525, 29.2321677 ], [ 79.442356, 29.2365099 ], [ 79.4433706, 29.2389261 ], [ 79.4453589, 29.2416748 ], [ 79.4474524, 29.2432832 ], [ 79.4514779, 29.244674 ], [ 79.4559734, 29.2460156 ], [ 79.456547, 29.2453102 ], [ 79.4582655, 29.2450039 ], [ 79.4627696, 29.2428975 ], [ 79.4604688, 29.2406734 ] ] ] } },
{ "type": "Feature", "properties": { "gp_code": "23810", "gp_name": "RAMARI AANSINGH", "blkname": "HALDWANI", "dtname": "Nainital", "SHAPE_Area": 191479.66623261507 }, "geometry": { "type": "Polygon", "coordinates": [ [ [ 79.4546202, 29.245545 ], [ 79.4514779, 29.244674 ], [ 79.448093, 29.2461319 ], [ 79.4472859, 29.2469895 ], [ 79.4478021, 29.2482434 ], [ 79.4508711, 29.2477335 ], [ 79.4546202, 29.245545 ] ] ] } },
{ "type": "Feature", "properties": { "gp_code": "260162", "gp_name": "Nathupur Padli", "blkname": "HALDWANI", "dtname": "Nainital", "SHAPE_Area": 462585.47792264179 }, "geometry": { "type": "Polygon", "coordinates": [ [ [ 79.4213479, 29.2341325 ], [ 79.418724, 29.2320192 ], [ 79.4110815, 29.2352816 ], [ 79.4137631, 29.2373275 ], [ 79.4173304, 29.2375836 ], [ 79.4215698, 29.2347913 ], [ 79.4213479, 29.2341325 ] ] ] } },
{ "type": "Feature", "properties": { "gp_code": "23811", "gp_name": "RAMPUR LAMCHAUR", "blkname": "HALDWANI", "dtname": "Nainital", "SHAPE_Area": 689071.68499415345 }, "geometry": { "type": "Polygon", "coordinates": [ [ [ 79.4279155, 29.2346888 ], [ 79.4232308, 29.2298621 ], [ 79.418724, 29.2320192 ], [ 79.4213479, 29.2341325 ], [ 79.4215698, 29.2347913 ], [ 79.4173304, 29.2375836 ], [ 79.4212425, 29.2386043 ], [ 79.424015, 29.2386606 ], [ 79.4279155, 29.2346888 ] ] ] } },
{ "type": "Feature", "properties": { "gp_code": "260162", "gp_name": "Nathupur Padli", "blkname": "HALDWANI", "dtname": "Nainital", "SHAPE_Area": 569345.91448674118 }, "geometry": { "type": "Polygon", "coordinates": [ [ [ 79.4327539, 29.2253993 ], [ 79.4305821, 29.2226866 ], [ 79.425803, 29.2252431 ], [ 79.418665, 29.2280453 ], [ 79.4222299, 29.2303116 ], [ 79.4327539, 29.2253993 ] ] ] } },
{ "type": "Feature", "properties": { "gp_code": "23800", "gp_name": "LAMACHAUR KHAS", "blkname": "HALDWANI", "dtname": "Nainital", "SHAPE_Area": 3913689.9400809971 }, "geometry": { "type": "Polygon", "coordinates": [ [ [ 79.4200016, 29.2199139 ], [ 79.4169616, 29.2167299 ], [ 79.4141613, 29.2181784 ], [ 79.4099332, 29.2129019 ], [ 79.406363, 29.2144984 ], [ 79.4041811, 29.2162032 ], [ 79.4003841, 29.2175936 ], [ 79.4022267, 29.2192017 ], [ 79.4110815, 29.2352816 ], [ 79.4159249, 29.2333452 ], [ 79.4222299, 29.2303116 ], [ 79.418665, 29.2280453 ], [ 79.4247257, 29.2256778 ], [ 79.4200016, 29.2199139 ] ] ] } },
{ "type": "Feature", "properties": { "gp_code": "260162", "gp_name": "Nathupur Padli", "blkname": "HALDWANI", "dtname": "Nainital", "SHAPE_Area": 558234.23246744787 }, "geometry": { "type": "Polygon", "coordinates": [ [ [ 79.4215781, 29.2191393 ], [ 79.4190844, 29.2158618 ], [ 79.4165806, 29.2136281 ], [ 79.4148167, 29.2112307 ], [ 79.4099332, 29.2129019 ], [ 79.4141613, 29.2181784 ], [ 79.4169616, 29.2167299 ], [ 79.4200016, 29.2199139 ], [ 79.4215781, 29.2191393 ] ] ] } },
{ "type": "Feature", "properties": { "gp_code": "23800", "gp_name": "LAMACHAUR KHAS", "blkname": "HALDWANI", "dtname": "Nainital", "SHAPE_Area": 525984.43822843477 }, "geometry": { "type": "Polygon", "coordinates": [ [ [ 79.4226211, 29.2111515 ], [ 79.4210328, 29.2080223 ], [ 79.4148167, 29.2112307 ], [ 79.4165806, 29.2136281 ], [ 79.4190844, 29.2158618 ], [ 79.4204503, 29.2148924 ], [ 79.4236171, 29.2135175 ], [ 79.4226171, 29.2120023 ], [ 79.4226211, 29.2111515 ] ] ] } },
{ "type": "Feature", "properties": { "gp_code": "", "gp_name": "", "blkname": "HALDWANI", "dtname": "Nainital", "SHAPE_Area": 123703914.95282564 }, "geometry": { "type": "Polygon", "coordinates": [ [ [ 79.406363, 29.2144984 ], [ 79.4099332, 29.2129019 ], [ 79.4148167, 29.2112307 ], [ 79.4210328, 29.2080223 ], [ 79.4226211, 29.2111515 ], [ 79.4226171, 29.2120023 ], [ 79.4258444, 29.2109196 ], [ 79.4286226, 29.2089558 ], [ 79.4315733, 29.212947 ], [ 79.4339716, 29.2115823 ], [ 79.43533, 29.2115783 ], [ 79.441011, 29.2077025 ], [ 79.4426529, 29.2074363 ], [ 79.4507243, 29.2028338 ], [ 79.455074, 29.20754 ], [ 79.4603822, 29.2060708 ], [ 79.4620373, 29.205128 ], [ 79.4656521, 29.2039253 ], [ 79.4688071, 29.2033241 ], [ 79.4726997, 29.2011359 ], [ 79.4638587, 29.1928181 ], [ 79.4614338, 29.1885932 ], [ 79.4569723, 29.1836402 ], [ 79.4563089, 29.1805732 ], [ 79.4590896, 29.1774038 ], [ 79.4596548, 29.1760959 ], [ 79.45778, 29.1724025 ], [ 79.4553742, 29.1686633 ], [ 79.4513964, 29.163916 ], [ 79.4512999, 29.1622284 ], [ 79.4529842, 29.1614098 ], [ 79.4561667, 29.1611638 ], [ 79.4602065, 29.1600893 ], [ 79.4623819, 29.1599664 ], [ 79.4639184, 29.1602686 ], [ 79.4623934, 29.1573199 ], [ 79.4618547, 29.152057 ], [ 79.4656131, 29.1497881 ], [ 79.469074, 29.1469476 ], [ 79.4624944, 29.1397487 ], [ 79.4687115, 29.1372075 ], [ 79.4803226, 29.1510905 ], [ 79.4843927, 29.1503634 ], [ 79.4874042, 29.1511974 ], [ 79.4901582, 29.154547 ], [ 79.4972817, 29.1656492 ], [ 79.496988, 29.1684484 ], [ 79.4980075, 29.1697239 ], [ 79.498478, 29.1709849 ], [ 79.4994567, 29.172021 ], [ 79.5015448, 29.1774172 ], [ 79.5028577, 29.1788761 ], [ 79.504155, 29.1795085 ], [ 79.5057415, 29.1785213 ], [ 79.5070424, 29.1782443 ], [ 79.5100798, 29.1819321 ], [ 79.5131271, 29.1879098 ], [ 79.5150855, 29.1882939 ], [ 79.5151534, 29.1876678 ], [ 79.5117562, 29.1796226 ], [ 79.5102309, 29.1794527 ], [ 79.5090596, 29.1779115 ], [ 79.5110729, 29.1761569 ], [ 79.5078486, 29.172146 ], [ 79.5077308, 29.1709636 ], [ 79.5052012, 29.1675996 ], [ 79.5055672, 29.1608385 ], [ 79.504315, 29.1607273 ], [ 79.5035675, 29.1592369 ], [ 79.5037997, 29.1577165 ], [ 79.5053407, 29.1562581 ], [ 79.4961141, 29.1497989 ], [ 79.4935775, 29.148698 ], [ 79.4891065, 29.1459655 ], [ 79.4831522, 29.1418601 ], [ 79.4801591, 29.1404895 ], [ 79.4789857, 29.1402672 ], [ 79.4677025, 29.13174 ], [ 79.4645363, 29.1300841 ], [ 79.4505837, 29.1210861 ], [ 79.448564, 29.1202016 ], [ 79.4468728, 29.118889 ], [ 79.4434604, 29.1105747 ], [ 79.440638, 29.1018018 ], [ 79.4381381, 29.0958735 ], [ 79.4368102, 29.089665 ], [ 79.435898, 29.087007 ], [ 79.4356344, 29.0835491 ], [ 79.4093495, 29.1073484 ], [ 79.4068673, 29.1092261 ], [ 79.4057004, 29.1106685 ], [ 79.4013059, 29.1146037 ], [ 79.3992314, 29.11771 ], [ 79.3985546, 29.1181682 ], [ 79.397515, 29.1203099 ], [ 79.3924883, 29.1273597 ], [ 79.3868006, 29.1390291 ], [ 79.3835994, 29.1441786 ], [ 79.3774066, 29.1502492 ], [ 79.3753452, 29.1518571 ], [ 79.3662615, 29.1549661 ], [ 79.3666406, 29.156591 ], [ 79.3664322, 29.1582574 ], [ 79.3678544, 29.1718299 ], [ 79.369899, 29.1772751 ], [ 79.3734283, 29.1832709 ], [ 79.375255, 29.1857416 ], [ 79.3806745, 29.190998 ], [ 79.3845154, 29.1956859 ], [ 79.388149, 29.1989901 ], [ 79.3907736, 29.2019412 ], [ 79.3946, 29.2090391 ], [ 79.4003841, 29.2175936 ], [ 79.4041811, 29.2162032 ], [ 79.406363, 29.2144984 ] ] ] } },
{ "type": "Feature", "properties": { "gp_code": "23745", "gp_name": "ANANDPUR", "blkname": "HALDWANI", "dtname": "Nainital", "SHAPE_Area": 4033641.2921256735 }, "geometry": { "type": "Polygon", "coordinates": [ [ [ 79.4610448, 29.1744741 ], [ 79.470335, 29.174761 ], [ 79.4748552, 29.1743882 ], [ 79.479273, 29.1734691 ], [ 79.476579, 29.1686903 ], [ 79.472977, 29.1647199 ], [ 79.4734326, 29.1639248 ], [ 79.4700919, 29.1594376 ], [ 79.4658053, 29.1631706 ], [ 79.4639184, 29.1602686 ], [ 79.4623819, 29.1599664 ], [ 79.4602065, 29.1600893 ], [ 79.4561667, 29.1611638 ], [ 79.4529842, 29.1614098 ], [ 79.4512999, 29.1622284 ], [ 79.4513964, 29.163916 ], [ 79.4553742, 29.1686633 ], [ 79.4590063, 29.1748182 ], [ 79.4610448, 29.1744741 ] ] ] } },
{ "type": "Feature", "properties": { "gp_code": "23782", "gp_name": "HIMATPUR BAIJNATH", "blkname": "HALDWANI", "dtname": "Nainital", "SHAPE_Area": 3607595.9382368117 }, "geometry": { "type": "Polygon", "coordinates": [ [ [ 79.4625047, 29.1904592 ], [ 79.4676023, 29.1899173 ], [ 79.4713009, 29.1901927 ], [ 79.4757365, 29.1891104 ], [ 79.4781725, 29.1891508 ], [ 79.4799311, 29.1886967 ], [ 79.4722267, 29.1779334 ], [ 79.470335, 29.174761 ], [ 79.4614576, 29.1743878 ], [ 79.4590063, 29.1748182 ], [ 79.4596548, 29.1760959 ], [ 79.4590896, 29.1774038 ], [ 79.4563089, 29.1805732 ], [ 79.4569723, 29.1836402 ], [ 79.4614338, 29.1885932 ], [ 79.4625047, 29.1904592 ] ] ] } },
{ "type": "Feature", "properties": { "gp_code": "23777", "gp_name": "HALDUPOKHARA NAYAK", "blkname": "HALDWANI", "dtname": "Nainital", "SHAPE_Area": 1753972.3152918248 }, "geometry": { "type": "Polygon", "coordinates": [ [ [ 79.4872396, 29.1866688 ], [ 79.479273, 29.1734691 ], [ 79.4748552, 29.1743882 ], [ 79.470335, 29.174761 ], [ 79.4722267, 29.1779334 ], [ 79.4799311, 29.1886967 ], [ 79.4842375, 29.1872514 ], [ 79.4872396, 29.1866688 ] ] ] } },
{ "type": "Feature", "properties": { "gp_code": "23763", "gp_name": "DEWAL CHAUR BANDOBASTI", "blkname": "HALDWANI", "dtname": "Nainital", "SHAPE_Area": 843927.67543342838 }, "geometry": { "type": "Polygon", "coordinates": [ [ [ 79.4906423, 29.1859557 ], [ 79.4855577, 29.1774753 ], [ 79.4847859, 29.1756269 ], [ 79.4823939, 29.1737985 ], [ 79.4810563, 29.1708765 ], [ 79.4803213, 29.1703258 ], [ 79.4776714, 29.1704488 ], [ 79.4803865, 29.1756347 ], [ 79.4872396, 29.1866688 ], [ 79.4899657, 29.1863484 ], [ 79.4906423, 29.1859557 ] ] ] } },
{ "type": "Feature", "properties": { "gp_code": "23757", "gp_name": "CHADANI CHAUK GHURDAURA", "blkname": "HALDWANI", "dtname": "Nainital", "SHAPE_Area": 1775628.4744628938 }, "geometry": { "type": "Polygon", "coordinates": [ [ [ 79.4810563, 29.1708765 ], [ 79.4834748, 29.1695607 ], [ 79.48602, 29.1675638 ], [ 79.4849246, 29.1663042 ], [ 79.4827946, 29.1616247 ], [ 79.4806329, 29.1586124 ], [ 79.474785, 29.1606363 ], [ 79.4726781, 29.1559757 ], [ 79.4688842, 29.1562486 ], [ 79.4671319, 29.1569009 ], [ 79.4700919, 29.1594376 ], [ 79.4719099, 29.1616312 ], [ 79.4734326, 29.1639248 ], [ 79.472977, 29.1647199 ], [ 79.476579, 29.1686903 ], [ 79.4776714, 29.1704488 ], [ 79.4803213, 29.1703258 ], [ 79.4810563, 29.1708765 ] ] ] } },
{ "type": "Feature", "properties": { "gp_code": "23792", "gp_name": "BEDAPOKHARA", "blkname": "HALDWANI", "dtname": "Nainital", "SHAPE_Area": 4874234.1945980564 }, "geometry": { "type": "Polygon", "coordinates": [ [ [ 79.4874042, 29.1511974 ], [ 79.4843927, 29.1503634 ], [ 79.4803226, 29.1510905 ], [ 79.4687115, 29.1372075 ], [ 79.4624944, 29.1397487 ], [ 79.469074, 29.1469476 ], [ 79.4703229, 29.1467183 ], [ 79.4731639, 29.1489356 ], [ 79.4779406, 29.1540406 ], [ 79.4827946, 29.1616247 ], [ 79.4849246, 29.1663042 ], [ 79.489128, 29.1712972 ], [ 79.492639, 29.1745112 ], [ 79.4932884, 29.1746448 ], [ 79.498478, 29.1709849 ], [ 79.4980075, 29.1697239 ], [ 79.496988, 29.1684484 ], [ 79.4972817, 29.1656492 ], [ 79.4901582, 29.154547 ], [ 79.4874042, 29.1511974 ] ] ] } },
{ "type": "Feature", "properties": { "gp_code": "260025", "gp_name": "Haripur Jamansingh", "blkname": "HALDWANI", "dtname": "Nainital", "SHAPE_Area": 2255085.739464025 }, "geometry": { "type": "Polygon", "coordinates": [ [ [ 79.4688842, 29.1562486 ], [ 79.4726781, 29.1559757 ], [ 79.474785, 29.1606363 ], [ 79.4806329, 29.1586124 ], [ 79.4779406, 29.1540406 ], [ 79.4731639, 29.1489356 ], [ 79.4703229, 29.1467183 ], [ 79.469074, 29.1469476 ], [ 79.4656131, 29.1497881 ], [ 79.4618547, 29.152057 ], [ 79.4623934, 29.1573199 ], [ 79.4658053, 29.1631706 ], [ 79.4700919, 29.1594376 ], [ 79.4671319, 29.1569009 ], [ 79.4688842, 29.1562486 ] ] ] } },
{ "type": "Feature", "properties": { "gp_code": "23790", "gp_name": "KHARAKPUR", "blkname": "KOTABAG", "dtname": "Nainital", "SHAPE_Area": 1098617.2481712899 }, "geometry": { "type": "Polygon", "coordinates": [ [ [ 79.3570805, 29.231289 ], [ 79.3566665, 29.2291378 ], [ 79.3551951, 29.2252759 ], [ 79.3448154, 29.224023 ], [ 79.3443027, 29.2259494 ], [ 79.3453177, 29.2279575 ], [ 79.3463912, 29.2288262 ], [ 79.3478417, 29.2286769 ], [ 79.3499613, 29.2297908 ], [ 79.3508857, 29.2299481 ], [ 79.3524682, 29.2293684 ], [ 79.3524345, 29.2302614 ], [ 79.3534497, 29.2321958 ], [ 79.3532684, 29.2333795 ], [ 79.3539658, 29.2353777 ], [ 79.3544557, 29.2358848 ], [ 79.3581689, 29.2375698 ], [ 79.3568011, 29.2338067 ], [ 79.3570805, 29.231289 ] ] ] } },
{ "type": "Feature", "properties": { "gp_code": "23851", "gp_name": "VIDRAMPUR", "blkname": "KOTABAG", "dtname": "Nainital", "SHAPE_Area": 2700059.8069549883 }, "geometry": { "type": "Polygon", "coordinates": [ [ [ 79.3657735, 29.2282527 ], [ 79.3551951, 29.2252759 ], [ 79.3566665, 29.2291378 ], [ 79.3570805, 29.231289 ], [ 79.3568011, 29.2338067 ], [ 79.358543, 29.2385991 ], [ 79.3598228, 29.2406819 ], [ 79.3603717, 29.2428397 ], [ 79.3598196, 29.2480358 ], [ 79.3602629, 29.2490286 ], [ 79.3654244, 29.2426363 ], [ 79.3692115, 29.237142 ], [ 79.3708637, 29.2332009 ], [ 79.3707754, 29.2311183 ], [ 79.3699412, 29.2298136 ], [ 79.3657735, 29.2282527 ] ] ] } },
{ "type": "Feature", "properties": { "gp_code": "23843", "gp_name": "RAMPUR", "blkname": "KOTABAG", "dtname": "Nainital", "SHAPE_Area": 3302149.1830359008 }, "geometry": { "type": "Polygon", "coordinates": [ [ [ 79.3581689, 29.2375698 ], [ 79.3544557, 29.2358848 ], [ 79.3539658, 29.2353777 ], [ 79.3532684, 29.2333795 ], [ 79.3534497, 29.2321958 ], [ 79.3524345, 29.2302614 ], [ 79.3524682, 29.2293684 ], [ 79.3508857, 29.2299481 ], [ 79.3499613, 29.2297908 ], [ 79.3478417, 29.2286769 ], [ 79.3463912, 29.2288262 ], [ 79.3453177, 29.2279575 ], [ 79.3443027, 29.2259494 ], [ 79.3448154, 29.224023 ], [ 79.3384667, 29.2231049 ], [ 79.3380887, 29.2264325 ], [ 79.3399692, 29.2351917 ], [ 79.3466774, 29.2360288 ], [ 79.3476784, 29.2359013 ], [ 79.3481303, 29.2383479 ], [ 79.3490032, 29.2390935 ], [ 79.3517779, 29.2456567 ], [ 79.3517688, 29.2473921 ], [ 79.3560964, 29.24765 ], [ 79.3579722, 29.2473704 ], [ 79.3590281, 29.2463218 ], [ 79.3598795, 29.2461059 ], [ 79.3603717, 29.2428397 ], [ 79.3598228, 29.2406819 ], [ 79.3581689, 29.2375698 ] ] ] } },
{ "type": "Feature", "properties": { "gp_code": "23845", "gp_name": "RATANPUR", "blkname": "KOTABAG", "dtname": "Nainital", "SHAPE_Area": 7128482.2856754204 }, "geometry": { "type": "Polygon", "coordinates": [ [ [ 79.3517688, 29.2473921 ], [ 79.3517779, 29.2456567 ], [ 79.3490032, 29.2390935 ], [ 79.3481303, 29.2383479 ], [ 79.3476784, 29.2359013 ], [ 79.3466774, 29.2360288 ], [ 79.3399692, 29.2351917 ], [ 79.3380887, 29.2264325 ], [ 79.3384667, 29.2231049 ], [ 79.3338778, 29.2225715 ], [ 79.3328802, 29.2254216 ], [ 79.3329982, 29.2267163 ], [ 79.3324886, 29.228469 ], [ 79.3318506, 29.2289377 ], [ 79.3281507, 29.2286044 ], [ 79.3280744, 29.222501 ], [ 79.3224677, 29.2244582 ], [ 79.315721, 29.2282471 ], [ 79.3188444, 29.2358695 ], [ 79.3196219, 29.2393342 ], [ 79.3232246, 29.2397264 ], [ 79.3248134, 29.2402083 ], [ 79.3274469, 29.2450961 ], [ 79.3290283, 29.2459788 ], [ 79.3310956, 29.2456158 ], [ 79.3387713, 29.2460643 ], [ 79.3421472, 29.2455468 ], [ 79.3438489, 29.2459535 ], [ 79.3456122, 29.2459138 ], [ 79.3517688, 29.2473921 ] ] ] } },
{ "type": "Feature", "properties": { "gp_code": "23843", "gp_name": "RAMPUR", "blkname": "KOTABAG", "dtname": "Nainital", "SHAPE_Area": 430469.74687021005 }, "geometry": { "type": "Polygon", "coordinates": [ [ [ 79.3338778, 29.2225715 ], [ 79.3280744, 29.222501 ], [ 79.3281507, 29.2286044 ], [ 79.3318506, 29.2289377 ], [ 79.3324886, 29.228469 ], [ 79.3329982, 29.2267163 ], [ 79.3328802, 29.2254216 ], [ 79.3338778, 29.2225715 ] ] ] } },
{ "type": "Feature", "properties": { "gp_code": "23833", "gp_name": "KAMOLA", "blkname": "KOTABAG", "dtname": "Nainital", "SHAPE_Area": 6378956.4901386295 }, "geometry": { "type": "Polygon", "coordinates": [ [ [ 79.3058049, 29.2817456 ], [ 79.3057972, 29.2791041 ], [ 79.3051637, 29.27796 ], [ 79.3056081, 29.2765613 ], [ 79.3037797, 29.2757317 ], [ 79.3036393, 29.2739934 ], [ 79.3016441, 29.2720691 ], [ 79.3026108, 29.2706028 ], [ 79.3014748, 29.2694109 ], [ 79.3006779, 29.2674166 ], [ 79.299157, 29.2671584 ], [ 79.2972826, 29.2684568 ], [ 79.2946877, 29.2693443 ], [ 79.2930845, 29.2703962 ], [ 79.2834565, 29.2732604 ], [ 79.282766, 29.2743988 ], [ 79.2823007, 29.2762061 ], [ 79.2804702, 29.2783544 ], [ 79.280552, 29.2794574 ], [ 79.2819078, 29.2815914 ], [ 79.2821233, 29.2824823 ], [ 79.2845992, 29.2855112 ], [ 79.2857058, 29.2887661 ], [ 79.2860669, 29.2911858 ], [ 79.2865917, 29.2920393 ], [ 79.2875172, 29.2922562 ], [ 79.2893224, 29.294857 ], [ 79.2902183, 29.2945702 ], [ 79.2963803, 29.2898384 ], [ 79.3007572, 29.2885033 ], [ 79.302015, 29.2885088 ], [ 79.3046895, 29.2877273 ], [ 79.3054213, 29.287092 ], [ 79.3059335, 29.285477 ], [ 79.3071378, 29.2837132 ], [ 79.3071639, 29.2832886 ], [ 79.3058049, 29.2817456 ] ] ] } },
{ "type": "Feature", "properties": { "gp_code": "23821", "gp_name": "BHIMPURI", "blkname": "KOTABAG", "dtname": "Nainital", "SHAPE_Area": 1959986.1692025946 }, "geometry": { "type": "Polygon", "coordinates": [ [ [ 79.2968206, 29.2628728 ], [ 79.2936155, 29.2608192 ], [ 79.2916286, 29.2602769 ], [ 79.2870774, 29.2613983 ], [ 79.2829728, 29.2615735 ], [ 79.2815568, 29.2622442 ], [ 79.2813809, 29.2637107 ], [ 79.2820744, 29.2642973 ], [ 79.2821367, 29.2649746 ], [ 79.2849974, 29.266678 ], [ 79.2853434, 29.2674652 ], [ 79.2845969, 29.2689528 ], [ 79.2853945, 29.2700964 ], [ 79.2851009, 29.2712558 ], [ 79.2834565, 29.2732604 ], [ 79.2930845, 29.2703962 ], [ 79.2946877, 29.2693443 ], [ 79.2972826, 29.2684568 ], [ 79.299157, 29.2671584 ], [ 79.2988296, 29.2648346 ], [ 79.2968206, 29.2628728 ] ] ] } },
{ "type": "Feature", "properties": { "gp_code": "23826", "gp_name": "DHAMOLA", "blkname": "KOTABAG", "dtname": "Nainital", "SHAPE_Area": 4592766.9639600608 }, "geometry": { "type": "Polygon", "coordinates": [ [ [ 79.280438, 29.2957739 ], [ 79.2874338, 29.2952543 ], [ 79.2893225, 29.294857 ], [ 79.2875172, 29.2922562 ], [ 79.2865917, 29.2920393 ], [ 79.2860669, 29.2911858 ], [ 79.2857058, 29.2887661 ], [ 79.2845992, 29.2855112 ], [ 79.2821233, 29.2824823 ], [ 79.2819078, 29.2815914 ], [ 79.280552, 29.2794574 ], [ 79.280561, 29.2779512 ], [ 79.2823007, 29.2762061 ], [ 79.282766, 29.2743988 ], [ 79.2834565, 29.2732604 ], [ 79.2822626, 29.2736808 ], [ 79.2822461, 29.2727327 ], [ 79.2817934, 29.271942 ], [ 79.2783524, 29.2693885 ], [ 79.2767898, 29.2700386 ], [ 79.2744139, 29.2718541 ], [ 79.2723382, 29.2728817 ], [ 79.2697311, 29.2734696 ], [ 79.2690433, 29.2741242 ], [ 79.2699181, 29.2754437 ], [ 79.2722034, 29.2764284 ], [ 79.2719011, 29.2796699 ], [ 79.2699265, 29.2814795 ], [ 79.2678947, 29.281525 ], [ 79.2683971, 29.2826332 ], [ 79.2686064, 29.2845687 ], [ 79.2697469, 29.2857346 ], [ 79.2703136, 29.2869366 ], [ 79.2702855, 29.2879617 ], [ 79.2709399, 29.2892415 ], [ 79.2719691, 29.290581 ], [ 79.2726436, 29.2922284 ], [ 79.2735431, 29.2931416 ], [ 79.2725247, 29.2936786 ], [ 79.2703855, 29.2938951 ], [ 79.2702477, 29.2943648 ], [ 79.2713888, 29.2954532 ], [ 79.2723805, 29.2956899 ], [ 79.280438, 29.2957739 ] ] ] } },
{ "type": "Feature", "properties": { "gp_code": "260517", "gp_name": "VIJAYPUR DHAMOLA", "blkname": "RAMNAGAR", "dtname": "Nainital", "SHAPE_Area": 3260586.1916433172 }, "geometry": { "type": "Polygon", "coordinates": [ [ [ 79.2735431, 29.2931416 ], [ 79.2726436, 29.2922284 ], [ 79.2719691, 29.290581 ], [ 79.2702855, 29.2879617 ], [ 79.2703136, 29.2869366 ], [ 79.2697469, 29.2857346 ], [ 79.2686064, 29.2845687 ], [ 79.2683971, 29.2826332 ], [ 79.2678947, 29.281525 ], [ 79.2699265, 29.2814795 ], [ 79.2719011, 29.2796699 ], [ 79.2722034, 29.2764284 ], [ 79.2711714, 29.2761845 ], [ 79.2693041, 29.2747831 ], [ 79.2690433, 29.2741242 ], [ 79.2697311, 29.2734696 ], [ 79.2681629, 29.2737333 ], [ 79.2667208, 29.2750809 ], [ 79.2656009, 29.2766072 ], [ 79.2648263, 29.2792398 ], [ 79.2650387, 29.2796581 ], [ 79.2579769, 29.283456 ], [ 79.2545118, 29.2857697 ], [ 79.2516438, 29.2871216 ], [ 79.2520827, 29.2911668 ], [ 79.2525654, 29.2916139 ], [ 79.2565456, 29.2909336 ], [ 79.2586852, 29.2941377 ], [ 79.2616719, 29.2928747 ], [ 79.2630689, 29.2927881 ], [ 79.2675561, 29.2942365 ], [ 79.2702477, 29.2943648 ], [ 79.2703855, 29.2938951 ], [ 79.2725247, 29.2936786 ], [ 79.2735431, 29.2931416 ] ] ] } },
{ "type": "Feature", "properties": { "gp_code": "260483", "gp_name": "SHIVLALPUR PANDEY", "blkname": "RAMNAGAR", "dtname": "Nainital", "SHAPE_Area": 266273.24387349276 }, "geometry": { "type": "Polygon", "coordinates": [ [ [ 79.2586852, 29.2941377 ], [ 79.2565456, 29.2909336 ], [ 79.2536432, 29.2915419 ], [ 79.2530458, 29.2924673 ], [ 79.2526125, 29.2947868 ], [ 79.2529191, 29.2951751 ], [ 79.254352, 29.2954332 ], [ 79.2576549, 29.294681 ], [ 79.2586852, 29.2941377 ] ] ] } },
{ "type": "Feature", "properties": { "gp_code": "260518", "gp_name": "RATANPUR BAILPARAO", "blkname": "RAMNAGAR", "dtname": "Nainital", "SHAPE_Area": 930111.4213124474 }, "geometry": { "type": "Polygon", "coordinates": [ [ [ 79.2743867, 29.3787206 ], [ 79.28219, 29.3735719 ], [ 79.2818869, 29.3725068 ], [ 79.2792648, 29.3715473 ], [ 79.2767493, 29.3712266 ], [ 79.271479, 29.3737173 ], [ 79.2703757, 29.3735962 ], [ 79.2664117, 29.37176 ], [ 79.2644607, 29.3730664 ], [ 79.2644274, 29.3734346 ], [ 79.2674322, 29.3747047 ], [ 79.2743867, 29.3787206 ] ] ] } },
{ "type": "Feature", "properties": { "gp_code": "23819", "gp_name": "BAJUNIYA HALDU", "blkname": "KOTABAG", "dtname": "Nainital", "SHAPE_Area": 5429467.7173794247 }, "geometry": { "type": "Polygon", "coordinates": [ [ [ 79.3265042, 29.3624095 ], [ 79.3282939, 29.3621849 ], [ 79.3299618, 29.3600062 ], [ 79.3301728, 29.3577246 ], [ 79.3297339, 29.35669 ], [ 79.3313345, 29.3470716 ], [ 79.3305573, 29.3438187 ], [ 79.330103, 29.3380333 ], [ 79.3296432, 29.337335 ], [ 79.3250948, 29.3374707 ], [ 79.3243024, 29.3370418 ], [ 79.3196003, 29.337022 ], [ 79.3168264, 29.3406742 ], [ 79.3150708, 29.3417225 ], [ 79.3122972, 29.3425195 ], [ 79.3126768, 29.3434532 ], [ 79.3123762, 29.3459085 ], [ 79.3131341, 29.348581 ], [ 79.314229, 29.3501912 ], [ 79.3136762, 29.3543282 ], [ 79.3145264, 29.3562854 ], [ 79.3153854, 29.3566566 ], [ 79.3188741, 29.3566327 ], [ 79.3193135, 29.3570214 ], [ 79.3209494, 29.3606648 ], [ 79.3202318, 29.3626927 ], [ 79.3202947, 29.3632926 ], [ 79.3210837, 29.3643597 ], [ 79.3213595, 29.3663918 ], [ 79.3217977, 29.367032 ], [ 79.3223266, 29.3672277 ], [ 79.3231026, 29.3666506 ], [ 79.3238215, 29.3643906 ], [ 79.325527, 29.3634306 ], [ 79.3265042, 29.3624095 ] ] ] } },
{ "type": "Feature", "properties": { "gp_code": "23841", "gp_name": "PATLIYA", "blkname": "KOTABAG", "dtname": "Nainital", "SHAPE_Area": 5363034.4313667417 }, "geometry": { "type": "Polygon", "coordinates": [ [ [ 79.3242332, 29.3658236 ], [ 79.3223266, 29.3672277 ], [ 79.3213595, 29.3663918 ], [ 79.3212789, 29.3649989 ], [ 79.3202318, 29.3626927 ], [ 79.3209494, 29.3606648 ], [ 79.3193135, 29.3570214 ], [ 79.3188741, 29.3566327 ], [ 79.3153854, 29.3566566 ], [ 79.3145264, 29.3562854 ], [ 79.3139577, 29.3553159 ], [ 79.3136814, 29.3533804 ], [ 79.314229, 29.3501912 ], [ 79.3131341, 29.348581 ], [ 79.3123762, 29.3459085 ], [ 79.3126768, 29.3434532 ], [ 79.3122972, 29.3425195 ], [ 79.3104272, 29.3430567 ], [ 79.3102452, 29.3440231 ], [ 79.3106757, 29.3459979 ], [ 79.3104315, 29.3512666 ], [ 79.3093557, 29.3530718 ], [ 79.3078955, 29.3536071 ], [ 79.3072288, 29.354378 ], [ 79.3070015, 29.3555376 ], [ 79.3073495, 29.3564675 ], [ 79.3082275, 29.3573997 ], [ 79.307598, 29.3594086 ], [ 79.3074501, 29.3621546 ], [ 79.3084082, 29.3645572 ], [ 79.3087836, 29.3682907 ], [ 79.310091, 29.3716437 ], [ 79.3099864, 29.3745446 ], [ 79.3116759, 29.376486 ], [ 79.3118481, 29.377299 ], [ 79.3126838, 29.3779216 ], [ 79.3138631, 29.3802863 ], [ 79.3144782, 29.3808693 ], [ 79.3208227, 29.3756738 ], [ 79.321654, 29.3771086 ], [ 79.3227824, 29.3807496 ], [ 79.3243692, 29.3813366 ], [ 79.3252479, 29.3821913 ], [ 79.3269691, 29.3824306 ], [ 79.3289068, 29.3834831 ], [ 79.3284245, 29.3828235 ], [ 79.3279531, 29.3801911 ], [ 79.3265574, 29.3769358 ], [ 79.3253859, 29.3731012 ], [ 79.3250953, 29.3696957 ], [ 79.3240887, 29.3680281 ], [ 79.3249813, 29.3663297 ], [ 79.3247632, 29.3658258 ], [ 79.3242332, 29.3658236 ] ] ] } },
{ "type": "Feature", "properties": { "gp_code": "", "gp_name": "", "blkname": "KOTABAG", "dtname": "Nainital", "SHAPE_Area": 530445.0149126458 }, "geometry": { "type": "Polygon", "coordinates": [ [ [ 79.3509205, 29.2783213 ], [ 79.3477996, 29.281079 ], [ 79.3461786, 29.283007 ], [ 79.346304, 29.2835846 ], [ 79.3477762, 29.285509 ], [ 79.3470122, 29.2863999 ], [ 79.3474561, 29.2876357 ], [ 79.3487775, 29.2881247 ], [ 79.3500596, 29.2877042 ], [ 79.3522787, 29.2853531 ], [ 79.3523748, 29.2838639 ], [ 79.3509205, 29.2783213 ] ] ] } },
{ "type": "Feature", "properties": { "gp_code": "", "gp_name": "", "blkname": "KOTABAG", "dtname": "Nainital", "SHAPE_Area": 186652.07316529829 }, "geometry": { "type": "Polygon", "coordinates": [ [ [ 79.3456936, 29.2906776 ], [ 79.3438348, 29.2902849 ], [ 79.3434499, 29.2897849 ], [ 79.3435301, 29.2892867 ], [ 79.3419087, 29.2880115 ], [ 79.3416096, 29.2907968 ], [ 79.3419075, 29.2930862 ], [ 79.3446708, 29.2934826 ], [ 79.3456936, 29.2906776 ] ] ] } },
{ "type": "Feature", "properties": { "gp_code": "259967", "gp_name": "Nayagaon Chndan Singh", "blkname": "KOTABAG", "dtname": "Nainital", "SHAPE_Area": 4463580.7387889838 }, "geometry": { "type": "Polygon", "coordinates": [ [ [ 79.3108225, 29.2793617 ], [ 79.3155817, 29.2789482 ], [ 79.3214492, 29.2777393 ], [ 79.3264731, 29.2776442 ], [ 79.326813, 29.2773944 ], [ 79.3264736, 29.274878 ], [ 79.3243194, 29.270593 ], [ 79.32193, 29.2693072 ], [ 79.3188841, 29.266703 ], [ 79.3177452, 29.2652071 ], [ 79.3142912, 29.2625854 ], [ 79.3006667, 29.2643192 ], [ 79.2999193, 29.2650144 ], [ 79.2998704, 29.2658653 ], [ 79.3007904, 29.2670301 ], [ 79.3006779, 29.2674166 ], [ 79.3014748, 29.2694109 ], [ 79.3026108, 29.2706028 ], [ 79.3016441, 29.2720691 ], [ 79.3036393, 29.2739934 ], [ 79.3037797, 29.2757317 ], [ 79.3056081, 29.2765613 ], [ 79.3051637, 29.27796 ], [ 79.3057972, 29.2791041 ], [ 79.3058333, 29.2805358 ], [ 79.3108225, 29.2793617 ] ] ] } },
{ "type": "Feature", "properties": { "gp_code": "23824", "gp_name": "DEVALCHOUR", "blkname": "KOTABAG", "dtname": "Nainital", "SHAPE_Area": 2644843.2305059792 }, "geometry": { "type": "Polygon", "coordinates": [ [ [ 79.3378245, 29.2648654 ], [ 79.3343889, 29.2593289 ], [ 79.3350731, 29.2551278 ], [ 79.3324619, 29.2528293 ], [ 79.3319138, 29.2519935 ], [ 79.3331083, 29.2516132 ], [ 79.333734, 29.2507831 ], [ 79.3286525, 29.2464455 ], [ 79.3285441, 29.2456929 ], [ 79.3274469, 29.2450961 ], [ 79.3248134, 29.2402083 ], [ 79.3232246, 29.2397264 ], [ 79.3196219, 29.2393342 ], [ 79.3214567, 29.246491 ], [ 79.3254094, 29.2502505 ], [ 79.3247638, 29.2514264 ], [ 79.3241194, 29.2518921 ], [ 79.3239536, 29.2538625 ], [ 79.324379, 29.2564019 ], [ 79.3257512, 29.260599 ], [ 79.3286647, 29.2603894 ], [ 79.3301733, 29.2597776 ], [ 79.3324674, 29.2599874 ], [ 79.3328455, 29.2612829 ], [ 79.3324136, 29.2617864 ], [ 79.3324955, 29.2629668 ], [ 79.3335709, 29.2662489 ], [ 79.333683, 29.2677695 ], [ 79.3378245, 29.2648654 ] ] ] } },
{ "type": "Feature", "properties": { "gp_code": "23842", "gp_name": "PURANPUR", "blkname": "KOTABAG", "dtname": "Nainital", "SHAPE_Area": 3453766.7728674742 }, "geometry": { "type": "Polygon", "coordinates": [ [ [ 79.3383329, 29.2646741 ], [ 79.3387339, 29.2639599 ], [ 79.3413154, 29.2625313 ], [ 79.3425459, 29.2607254 ], [ 79.345261, 29.2583666 ], [ 79.3456299, 29.2573017 ], [ 79.3464514, 29.2564659 ], [ 79.3506532, 29.253679 ], [ 79.3500959, 29.2514313 ], [ 79.3517688, 29.2473921 ], [ 79.3456122, 29.2459138 ], [ 79.3438489, 29.2459535 ], [ 79.3421472, 29.2455468 ], [ 79.3387713, 29.2460643 ], [ 79.3310956, 29.2456158 ], [ 79.3290283, 29.2459788 ], [ 79.3285441, 29.2456929 ], [ 79.3286525, 29.2464455 ], [ 79.333734, 29.2507831 ], [ 79.3331083, 29.2516132 ], [ 79.3319138, 29.2519935 ], [ 79.3324619, 29.2528293 ], [ 79.3350731, 29.2551278 ], [ 79.3343889, 29.2593289 ], [ 79.3358819, 29.2612098 ], [ 79.3378245, 29.2648654 ], [ 79.3383329, 29.2646741 ] ] ] } },
{ "type": "Feature", "properties": { "gp_code": "259975", "gp_name": "Gulrajpur Banki", "blkname": "KOTABAG", "dtname": "Nainital", "SHAPE_Area": 3832096.60940838 }, "geometry": { "type": "Polygon", "coordinates": [ [ [ 79.3518227, 29.2713259 ], [ 79.3525527, 29.2709612 ], [ 79.3531547, 29.2697642 ], [ 79.3555683, 29.2681102 ], [ 79.3543697, 29.2652422 ], [ 79.35415, 29.2629292 ], [ 79.3549597, 29.2621106 ], [ 79.355013, 29.2603696 ], [ 79.3565826, 29.2597375 ], [ 79.3596753, 29.2547198 ], [ 79.3602802, 29.2529231 ], [ 79.3601755, 29.2518393 ], [ 79.3607994, 29.2503669 ], [ 79.3598196, 29.2480358 ], [ 79.3598795, 29.2461059 ], [ 79.3590281, 29.2463218 ], [ 79.3579722, 29.2473704 ], [ 79.3560964, 29.24765 ], [ 79.3517688, 29.2473921 ], [ 79.3500959, 29.2514313 ], [ 79.3506532, 29.253679 ], [ 79.3464514, 29.2564659 ], [ 79.3456299, 29.2573017 ], [ 79.345261, 29.2583666 ], [ 79.3425459, 29.2607254 ], [ 79.3413154, 29.2625313 ], [ 79.3387339, 29.2639599 ], [ 79.3383329, 29.2646741 ], [ 79.3399179, 29.2653383 ], [ 79.3449316, 29.2684928 ], [ 79.3456355, 29.2702344 ], [ 79.3472338, 29.2713026 ], [ 79.3518227, 29.2713259 ] ] ] } },
{ "type": "Feature", "properties": { "gp_code": "", "gp_name": "", "blkname": "KOTABAG", "dtname": "Nainital", "SHAPE_Area": 200587795.18976036 }, "geometry": { "type": "Polygon", "coordinates": [ [ [ 79.410595, 29.3212969 ], [ 79.4083668, 29.3210566 ], [ 79.4053976, 29.3188404 ], [ 79.4036361, 29.3179441 ], [ 79.4020551, 29.3162553 ], [ 79.40279, 29.3149039 ], [ 79.4035875, 29.3142879 ], [ 79.4051126, 29.3138487 ], [ 79.4061505, 29.3137364 ], [ 79.4075394, 29.3140703 ], [ 79.4091462, 29.3150048 ], [ 79.4059065, 29.309383 ], [ 79.4025478, 29.3056372 ], [ 79.4012991, 29.3037175 ], [ 79.4012226, 29.3012991 ], [ 79.4002815, 29.2951247 ], [ 79.3989529, 29.2915022 ], [ 79.3985435, 29.2894694 ], [ 79.3979025, 29.2806263 ], [ 79.3982909, 29.2779001 ], [ 79.3992511, 29.2755436 ], [ 79.4005611, 29.2738654 ], [ 79.4028402, 29.272539 ], [ 79.4077456, 29.2710482 ], [ 79.4126903, 29.2705633 ], [ 79.4151616, 29.261209 ], [ 79.4159233, 29.2587549 ], [ 79.416478, 29.2580798 ], [ 79.4157996, 29.2569166 ], [ 79.413868, 29.2548395 ], [ 79.4121852, 29.2515058 ], [ 79.4099149, 29.2500302 ], [ 79.4133675, 29.2450442 ], [ 79.414487, 29.2439232 ], [ 79.4149388, 29.2424867 ], [ 79.4148557, 29.2409983 ], [ 79.4137631, 29.2373275 ], [ 79.4110815, 29.2352816 ], [ 79.4022267, 29.2192017 ], [ 79.4003841, 29.2175936 ], [ 79.3988873, 29.2157296 ], [ 79.398399, 29.2144714 ], [ 79.3946, 29.2090391 ], [ 79.3907736, 29.2019412 ], [ 79.388149, 29.1989901 ], [ 79.3845154, 29.1956859 ], [ 79.3806745, 29.190998 ], [ 79.375255, 29.1857416 ], [ 79.3734283, 29.1832709 ], [ 79.369899, 29.1772751 ], [ 79.3678544, 29.1718299 ], [ 79.3664322, 29.1582574 ], [ 79.3666406, 29.156591 ], [ 79.3662615, 29.1549661 ], [ 79.363203, 29.1561914 ], [ 79.3520512, 29.1689199 ], [ 79.3406901, 29.1793449 ], [ 79.3397595, 29.1798407 ], [ 79.336282, 29.1833083 ], [ 79.3302929, 29.1883398 ], [ 79.3282791, 29.1908869 ], [ 79.3233517, 29.1959335 ], [ 79.3011712, 29.2150765 ], [ 79.2950749, 29.2225732 ], [ 79.2870329, 29.2295569 ], [ 79.2799878, 29.2369832 ], [ 79.2771488, 29.2395566 ], [ 79.27492, 29.2397242 ], [ 79.270333, 29.2533976 ], [ 79.2636705, 29.2638673 ], [ 79.2697311, 29.2734696 ], [ 79.2723382, 29.2728817 ], [ 79.2744139, 29.2718541 ], [ 79.2767898, 29.2700386 ], [ 79.2783524, 29.2693885 ], [ 79.2817934, 29.271942 ], [ 79.2822461, 29.2727327 ], [ 79.2822626, 29.2736808 ], [ 79.2834565, 29.2732604 ], [ 79.2851009, 29.2712558 ], [ 79.2853945, 29.2700964 ], [ 79.2845969, 29.2689528 ], [ 79.2853434, 29.2674652 ], [ 79.2849974, 29.266678 ], [ 79.2827293, 29.2654996 ], [ 79.2821367, 29.2649746 ], [ 79.2820744, 29.2642973 ], [ 79.2813809, 29.2637107 ], [ 79.2815568, 29.2622442 ], [ 79.2820886, 29.2618404 ], [ 79.2870774, 29.2613983 ], [ 79.2923567, 29.2602801 ], [ 79.2968206, 29.2628728 ], [ 79.2981377, 29.2640393 ], [ 79.2988296, 29.2648346 ], [ 79.299157, 29.2671584 ], [ 79.2997251, 29.2674124 ], [ 79.3006779, 29.2674166 ], [ 79.3007904, 29.2670301 ], [ 79.2998704, 29.2658653 ], [ 79.2999193, 29.2650144 ], [ 79.3006667, 29.2643192 ], [ 79.3142912, 29.2625854 ], [ 79.3177452, 29.2652071 ], [ 79.3188841, 29.266703 ], [ 79.32193, 29.2693072 ], [ 79.3243194, 29.270593 ], [ 79.3264736, 29.274878 ], [ 79.326813, 29.2773944 ], [ 79.3264731, 29.2776442 ], [ 79.3192804, 29.2780137 ], [ 79.3155817, 29.2789482 ], [ 79.3108225, 29.2793617 ], [ 79.3058333, 29.2805358 ], [ 79.3058049, 29.2817456 ], [ 79.3071639, 29.2832886 ], [ 79.3071378, 29.2837132 ], [ 79.3059335, 29.285477 ], [ 79.3054213, 29.287092 ], [ 79.3038707, 29.28813 ], [ 79.3007572, 29.2885033 ], [ 79.2963803, 29.2898384 ], [ 79.2902183, 29.2945702 ], [ 79.2874338, 29.2952543 ], [ 79.2767269, 29.2958835 ], [ 79.2746765, 29.2955262 ], [ 79.2723805, 29.2956899 ], [ 79.2713888, 29.2954532 ], [ 79.2702477, 29.2943648 ], [ 79.2779282, 29.3075446 ], [ 79.2774524, 29.319442 ], [ 79.2774524, 29.3437125 ], [ 79.27888, 29.3518026 ], [ 79.2807836, 29.3598928 ], [ 79.2818825, 29.3725051 ], [ 79.285306, 29.3731603 ], [ 79.2898693, 29.370666 ], [ 79.2919902, 29.3704819 ], [ 79.2922237, 29.368278 ], [ 79.2984593, 29.3667579 ], [ 79.3000786, 29.3693568 ], [ 79.2990426, 29.3729112 ], [ 79.2999642, 29.3739597 ], [ 79.3001305, 29.3757786 ], [ 79.3022058, 29.3758649 ], [ 79.3025176, 29.3754021 ], [ 79.301865, 29.3736585 ], [ 79.3024889, 29.3726554 ], [ 79.3043469, 29.3721219 ], [ 79.3056928, 29.3726472 ], [ 79.3064047, 29.3753029 ], [ 79.3074621, 29.3757716 ], [ 79.3085677, 29.3755055 ], [ 79.3093268, 29.3745264 ], [ 79.3099864, 29.3745446 ], [ 79.310091, 29.3716437 ], [ 79.3087836, 29.3682907 ], [ 79.3084082, 29.3645572 ], [ 79.3074501, 29.3621546 ], [ 79.307598, 29.3594086 ], [ 79.3082275, 29.3573997 ], [ 79.3073495, 29.3564675 ], [ 79.3070015, 29.3555376 ], [ 79.3072288, 29.354378 ], [ 79.3078955, 29.3536071 ], [ 79.3093557, 29.3530718 ], [ 79.3104315, 29.3512666 ], [ 79.3106757, 29.3459979 ], [ 79.3102452, 29.3440231 ], [ 79.3104272, 29.3430567 ], [ 79.3150708, 29.3417225 ], [ 79.3168264, 29.3406742 ], [ 79.3196003, 29.337022 ], [ 79.3243024, 29.3370418 ], [ 79.3250948, 29.3374707 ], [ 79.3296432, 29.337335 ], [ 79.330103, 29.3380333 ], [ 79.3305573, 29.3438187 ], [ 79.3313345, 29.3470716 ], [ 79.3297339, 29.35669 ], [ 79.3301728, 29.3577246 ], [ 79.3299618, 29.3600062 ], [ 79.3282939, 29.3621849 ], [ 79.3265042, 29.3624095 ], [ 79.3248625, 29.3638147 ], [ 79.3252084, 29.3651701 ], [ 79.3259346, 29.3656181 ], [ 79.3256884, 29.3684473 ], [ 79.3262905, 29.3691978 ], [ 79.3264553, 29.3713648 ], [ 79.3285084, 29.3714702 ], [ 79.3295981, 29.3741246 ], [ 79.330516, 29.3786695 ], [ 79.3327016, 29.3800948 ], [ 79.332388, 29.3788653 ], [ 79.3325999, 29.376429 ], [ 79.3351886, 29.375492 ], [ 79.3364108, 29.3740658 ], [ 79.3397143, 29.3716035 ], [ 79.3454451, 29.3694413 ], [ 79.345714, 29.3687074 ], [ 79.3452097, 29.368009 ], [ 79.3439548, 29.3673076 ], [ 79.341772, 29.366699 ], [ 79.3373145, 29.3661585 ], [ 79.3361036, 29.3654959 ], [ 79.3355113, 29.3647778 ], [ 79.3363119, 29.3595973 ], [ 79.3356592, 29.3578151 ], [ 79.333355, 29.3551943 ], [ 79.3325026, 29.3535853 ], [ 79.3323977, 29.3525597 ], [ 79.332852, 29.3502018 ], [ 79.3324168, 29.3449387 ], [ 79.3326355, 29.3412257 ], [ 79.3323656, 29.3258273 ], [ 79.3325258, 29.3206824 ], [ 79.3331654, 29.3166809 ], [ 79.3371635, 29.3119968 ], [ 79.3375879, 29.31107 ], [ 79.3376198, 29.3092324 ], [ 79.3384753, 29.3060828 ], [ 79.3394992, 29.3044622 ], [ 79.3417405, 29.3021886 ], [ 79.3426919, 29.3017283 ], [ 79.3454497, 29.3018943 ], [ 79.3480492, 29.3027947 ], [ 79.353608, 29.3033201 ], [ 79.3563501, 29.3022865 ], [ 79.3577852, 29.3021761 ], [ 79.3629175, 29.2998172 ], [ 79.3647518, 29.2993215 ], [ 79.3681686, 29.3000894 ], [ 79.3748617, 29.3032493 ], [ 79.3757938, 29.3022277 ], [ 79.3765887, 29.3021534 ], [ 79.3787484, 29.3027614 ], [ 79.3841656, 29.305181 ], [ 79.3888289, 29.3083132 ], [ 79.3949058, 29.3112959 ], [ 79.4001746, 29.3171381 ], [ 79.4024389, 29.3190423 ], [ 79.4031828, 29.3203991 ], [ 79.4029592, 29.3209786 ], [ 79.4035491, 29.3222381 ], [ 79.4050869, 29.323772 ], [ 79.4065637, 29.3242029 ], [ 79.4079354, 29.3235503 ], [ 79.410595, 29.3212969 ] ], [ [ 79.3324188, 29.2794539 ], [ 79.3316638, 29.2757126 ], [ 79.3299118, 29.2699961 ], [ 79.3283717, 29.2681092 ], [ 79.3274262, 29.2661795 ], [ 79.3273541, 29.2651823 ], [ 79.324379, 29.2564019 ], [ 79.3239536, 29.2538625 ], [ 79.3241194, 29.2518921 ], [ 79.3247638, 29.2514264 ], [ 79.3254094, 29.2502505 ], [ 79.3214567, 29.246491 ], [ 79.3188444, 29.2358695 ], [ 79.315721, 29.2282471 ], [ 79.3224677, 29.2244582 ], [ 79.3280744, 29.222501 ], [ 79.3338778, 29.2225715 ], [ 79.3551951, 29.2252759 ], [ 79.3657735, 29.2282527 ], [ 79.3699412, 29.2298136 ], [ 79.3707754, 29.2311183 ], [ 79.3708637, 29.2332009 ], [ 79.3692115, 29.237142 ], [ 79.3654244, 29.2426363 ], [ 79.3602629, 29.2490286 ], [ 79.3607994, 29.2503669 ], [ 79.3601755, 29.2518393 ], [ 79.3602802, 29.2529231 ], [ 79.3596753, 29.2547198 ], [ 79.3565826, 29.2597375 ], [ 79.355013, 29.2603696 ], [ 79.3549597, 29.2621106 ], [ 79.35415, 29.2629292 ], [ 79.3543697, 29.2652422 ], [ 79.3555683, 29.2681102 ], [ 79.3531547, 29.2697642 ], [ 79.3525527, 29.2709612 ], [ 79.3518227, 29.2713259 ], [ 79.3472338, 29.2713026 ], [ 79.3462742, 29.273296 ], [ 79.3471907, 29.274703 ], [ 79.350116, 29.2769872 ], [ 79.3509205, 29.2783213 ], [ 79.3523748, 29.2838639 ], [ 79.3522787, 29.2853531 ], [ 79.3500596, 29.2877042 ], [ 79.3479144, 29.288519 ], [ 79.3456936, 29.2906776 ], [ 79.3446708, 29.2934826 ], [ 79.343697, 29.2950132 ], [ 79.3411652, 29.2962572 ], [ 79.3409223, 29.2966486 ], [ 79.3419928, 29.2983304 ], [ 79.3408435, 29.2986353 ], [ 79.3370652, 29.2984748 ], [ 79.3369068, 29.2971004 ], [ 79.3338342, 29.2929383 ], [ 79.3331546, 29.2889627 ], [ 79.3320112, 29.2872434 ], [ 79.333209, 29.2861263 ], [ 79.3327771, 29.2843448 ], [ 79.3316625, 29.282367 ], [ 79.3315402, 29.2805093 ], [ 79.3318753, 29.2797369 ], [ 79.3324188, 29.2794539 ] ] ] } },
{ "type": "Feature", "properties": { "gp_code": "23832", "gp_name": "KALADUNGI BANDOBASTI", "blkname": "KOTABAG", "dtname": "Nainital", "SHAPE_Area": 6791264.9295806317 }, "geometry": { "type": "Polygon", "coordinates": [ [ [ 79.3408435, 29.2986353 ], [ 79.3419928, 29.2983304 ], [ 79.3409223, 29.2966486 ], [ 79.3411652, 29.2962572 ], [ 79.343697, 29.2950132 ], [ 79.3446708, 29.2934826 ], [ 79.3419075, 29.2930862 ], [ 79.3416769, 29.2927228 ], [ 79.3416195, 29.2889391 ], [ 79.3419087, 29.2880115 ], [ 79.3435301, 29.2892867 ], [ 79.3434499, 29.2897849 ], [ 79.3438348, 29.2902849 ], [ 79.3456936, 29.2906776 ], [ 79.3479144, 29.288519 ], [ 79.3487775, 29.2881247 ], [ 79.3474561, 29.2876357 ], [ 79.3470122, 29.2863999 ], [ 79.3477762, 29.285509 ], [ 79.346304, 29.2835846 ], [ 79.3461786, 29.283007 ], [ 79.3477996, 29.281079 ], [ 79.3509205, 29.2783213 ], [ 79.350116, 29.2769872 ], [ 79.3464477, 29.2738577 ], [ 79.3462742, 29.273296 ], [ 79.3472338, 29.2713026 ], [ 79.3456355, 29.2702344 ], [ 79.3449316, 29.2684928 ], [ 79.3435691, 29.2674813 ], [ 79.3383329, 29.2646741 ], [ 79.333683, 29.2677695 ], [ 79.3335709, 29.2662489 ], [ 79.3324955, 29.2629668 ], [ 79.3324136, 29.2617864 ], [ 79.3328455, 29.2612829 ], [ 79.3324674, 29.2599874 ], [ 79.3301733, 29.2597776 ], [ 79.3286647, 29.2603894 ], [ 79.3261437, 29.2604207 ], [ 79.3257512, 29.260599 ], [ 79.3273541, 29.2651823 ], [ 79.3274262, 29.2661795 ], [ 79.3283717, 29.2681092 ], [ 79.3299118, 29.2699961 ], [ 79.3316638, 29.2757126 ], [ 79.3324188, 29.2794539 ], [ 79.3318753, 29.2797369 ], [ 79.3315402, 29.2805093 ], [ 79.3316625, 29.282367 ], [ 79.3327771, 29.2843448 ], [ 79.333209, 29.2861263 ], [ 79.3320112, 29.2872434 ], [ 79.3331546, 29.2889627 ], [ 79.3338342, 29.2929383 ], [ 79.3369068, 29.2971004 ], [ 79.3370652, 29.2984748 ], [ 79.3408435, 29.2986353 ] ] ] } },
{ "type": "Feature", "properties": { "gp_code": "", "gp_name": "", "blkname": "HALDWANI", "dtname": "Nainital", "SHAPE_Area": 456639.60530614795 }, "geometry": { "type": "Polygon", "coordinates": [ [ [ 79.4307741, 29.2731035 ], [ 79.4271105, 29.2662937 ], [ 79.4267493, 29.2661791 ], [ 79.4260239, 29.266607 ], [ 79.4243107, 29.2683 ], [ 79.4241483, 29.2698854 ], [ 79.4244024, 29.2707925 ], [ 79.4269255, 29.2727726 ], [ 79.4289286, 29.2754758 ], [ 79.4293157, 29.2755678 ], [ 79.4308478, 29.2739419 ], [ 79.4307741, 29.2731035 ] ] ] } },
{ "type": "Feature", "properties": { "gp_code": "23760", "gp_name": "CHOUNSALA", "blkname": "HALDWANI", "dtname": "Nainital", "SHAPE_Area": 21390219.549746465 }, "geometry": { "type": "Polygon", "coordinates": [ [ [ 79.4449418, 29.2983003 ], [ 79.4484395, 29.2959136 ], [ 79.4483757, 29.2953524 ], [ 79.4452303, 29.2930396 ], [ 79.4448189, 29.2930665 ], [ 79.4447508, 29.2967138 ], [ 79.4444896, 29.2973472 ], [ 79.4433768, 29.2976605 ], [ 79.4416458, 29.2975186 ], [ 79.4403617, 29.2957243 ], [ 79.4365222, 29.2932416 ], [ 79.4359853, 29.2919483 ], [ 79.4364317, 29.2904094 ], [ 79.4382422, 29.2900986 ], [ 79.4394113, 29.2887207 ], [ 79.4410166, 29.2880693 ], [ 79.4416654, 29.2874598 ], [ 79.4419516, 29.2870304 ], [ 79.4412853, 29.2858047 ], [ 79.4413918, 29.2851028 ], [ 79.4442632, 29.2844557 ], [ 79.4458392, 29.2845517 ], [ 79.4464074, 29.2846217 ], [ 79.4471021, 29.2853037 ], [ 79.4472022, 29.2860291 ], [ 79.4475802, 29.2857159 ], [ 79.4476804, 29.2830467 ], [ 79.4490981, 29.2768804 ], [ 79.4487352, 29.274132 ], [ 79.4496532, 29.2711173 ], [ 79.4489305, 29.2699154 ], [ 79.4486929, 29.2687732 ], [ 79.4489202, 29.2672844 ], [ 79.4454334, 29.2625327 ], [ 79.4453286, 29.2612942 ], [ 79.4459042, 29.2608706 ], [ 79.4509289, 29.2621066 ], [ 79.4526871, 29.2636409 ], [ 79.4542298, 29.2640137 ], [ 79.4567677, 29.2638482 ], [ 79.459259, 29.2642822 ], [ 79.4601679, 29.2632792 ], [ 79.4600185, 29.2627373 ], [ 79.4590599, 29.2633458 ], [ 79.4565286, 29.2631559 ], [ 79.4545423, 29.2624242 ], [ 79.4527342, 29.2622822 ], [ 79.4520916, 29.2615323 ], [ 79.4484052, 29.2596846 ], [ 79.4457137, 29.2548948 ], [ 79.4458268, 29.2527202 ], [ 79.4451703, 29.2520117 ], [ 79.442548, 29.2507344 ], [ 79.442213, 29.2499917 ], [ 79.4441021, 29.2488054 ], [ 79.4458132, 29.249101 ], [ 79.4484779, 29.2488909 ], [ 79.4494768, 29.2492232 ], [ 79.4519093, 29.2491649 ], [ 79.4532177, 29.2502596 ], [ 79.4553531, 29.2508954 ], [ 79.4561124, 29.2520303 ], [ 79.456716, 29.2557933 ], [ 79.4581492, 29.2589021 ], [ 79.4593577, 29.2602202 ], [ 79.4599966, 29.261831 ], [ 79.4601976, 29.2615382 ], [ 79.4598392, 29.2526572 ], [ 79.4594934, 29.2510309 ], [ 79.4589232, 29.2500847 ], [ 79.4616941, 29.2465322 ], [ 79.4661633, 29.241728 ], [ 79.4620821, 29.2431514 ], [ 79.4582655, 29.2450039 ], [ 79.456547, 29.2453102 ], [ 79.4559734, 29.2460156 ], [ 79.4546202, 29.245545 ], [ 79.4508711, 29.2477335 ], [ 79.4478021, 29.2482434 ], [ 79.4472859, 29.2469895 ], [ 79.4452103, 29.2450097 ], [ 79.4372887, 29.2399798 ], [ 79.4346951, 29.2388547 ], [ 79.4289035, 29.238287 ], [ 79.4212425, 29.2386043 ], [ 79.4173304, 29.2375836 ], [ 79.4137631, 29.2373275 ], [ 79.4148557, 29.2409983 ], [ 79.4149388, 29.2424867 ], [ 79.414487, 29.2439232 ], [ 79.4133675, 29.2450442 ], [ 79.4099149, 29.2500302 ], [ 79.4121852, 29.2515058 ], [ 79.413868, 29.2548395 ], [ 79.4157996, 29.2569166 ], [ 79.416478, 29.2580798 ], [ 79.4159233, 29.2587549 ], [ 79.4151616, 29.261209 ], [ 79.4132491, 29.2690371 ], [ 79.4126903, 29.2705633 ], [ 79.4119609, 29.2708316 ], [ 79.4173058, 29.2720214 ], [ 79.4215487, 29.2747524 ], [ 79.4242203, 29.2743557 ], [ 79.4247921, 29.274764 ], [ 79.4292934, 29.2843172 ], [ 79.4306977, 29.2860246 ], [ 79.4323619, 29.2888355 ], [ 79.4346608, 29.2928093 ], [ 79.4352053, 29.2943975 ], [ 79.4358651, 29.294864 ], [ 79.438775, 29.2955707 ], [ 79.4412551, 29.2985777 ], [ 79.4426008, 29.2986985 ], [ 79.4449418, 29.2983003 ] ], [ [ 79.4289286, 29.2754758 ], [ 79.4269255, 29.2727726 ], [ 79.4244024, 29.2707925 ], [ 79.4241483, 29.2698854 ], [ 79.4243107, 29.2683 ], [ 79.4250643, 29.2673738 ], [ 79.4267493, 29.2661791 ], [ 79.4278037, 29.2672703 ], [ 79.4307741, 29.2731035 ], [ 79.4308478, 29.2739419 ], [ 79.4293157, 29.2755678 ], [ 79.4289286, 29.2754758 ] ] ] } },
{ "type": "Feature", "properties": { "gp_code": "23774", "gp_name": "GUJRAUDA", "blkname": "HALDWANI", "dtname": "Nainital", "SHAPE_Area": 2004197.6879499725 }, "geometry": { "type": "Polygon", "coordinates": [ [ [ 79.4600185, 29.2627373 ], [ 79.4599966, 29.261831 ], [ 79.4593577, 29.2602202 ], [ 79.4581492, 29.2589021 ], [ 79.456716, 29.2557933 ], [ 79.4561124, 29.2520303 ], [ 79.4553531, 29.2508954 ], [ 79.4532177, 29.2502596 ], [ 79.4519093, 29.2491649 ], [ 79.4494768, 29.2492232 ], [ 79.4484779, 29.2488909 ], [ 79.4458132, 29.249101 ], [ 79.4441021, 29.2488054 ], [ 79.442213, 29.2499917 ], [ 79.442548, 29.2507344 ], [ 79.4451703, 29.2520117 ], [ 79.4458268, 29.2527202 ], [ 79.4457137, 29.2548948 ], [ 79.4484052, 29.2596846 ], [ 79.4520916, 29.2615323 ], [ 79.4527342, 29.2622822 ], [ 79.4545423, 29.2624242 ], [ 79.4565286, 29.2631559 ], [ 79.4590599, 29.2633458 ], [ 79.4600185, 29.2627373 ] ] ] } },
{ "type": "Feature", "properties": { "gp_code": "23656", "gp_name": "BAIL", "blkname": "BHIMTAL", "dtname": "Nainital", "SHAPE_Area": 847785.97431419184 }, "geometry": { "type": "Polygon", "coordinates": [ [ [ 79.4850325, 29.2961341 ], [ 79.4847503, 29.2956348 ], [ 79.4836637, 29.2958805 ], [ 79.4759696, 29.2940886 ], [ 79.4751403, 29.2946296 ], [ 79.4759845, 29.2966486 ], [ 79.4758263, 29.2974184 ], [ 79.476231, 29.2994812 ], [ 79.475837, 29.3009752 ], [ 79.4759505, 29.3046909 ], [ 79.4773671, 29.3058735 ], [ 79.478009, 29.3068724 ], [ 79.4785773, 29.3069422 ], [ 79.4791481, 29.3064456 ], [ 79.4795408, 29.3052462 ], [ 79.4801021, 29.300853 ], [ 79.4798477, 29.2998781 ], [ 79.4801089, 29.2992446 ], [ 79.4821548, 29.2982544 ], [ 79.4844301, 29.2980352 ], [ 79.4850325, 29.2961341 ] ] ] } },
{ "type": "Feature", "properties": { "gp_code": "23656", "gp_name": "BAIL", "blkname": "BHIMTAL", "dtname": "Nainital", "SHAPE_Area": 1471183.4816403505 }, "geometry": { "type": "Polygon", "coordinates": [ [ [ 79.4674553, 29.3087408 ], [ 79.4704287, 29.3085467 ], [ 79.4716981, 29.3078713 ], [ 79.4716536, 29.306172 ], [ 79.4712441, 29.3052419 ], [ 79.4721025, 29.3039534 ], [ 79.4716649, 29.3035215 ], [ 79.468363, 29.3020381 ], [ 79.4667341, 29.3021913 ], [ 79.4628248, 29.3036961 ], [ 79.4591035, 29.3035703 ], [ 79.458379, 29.3037492 ], [ 79.4581447, 29.3041334 ], [ 79.4579773, 29.3069421 ], [ 79.4584847, 29.3091186 ], [ 79.4613381, 29.3127302 ], [ 79.4608899, 29.3147449 ], [ 79.4613268, 29.3153127 ], [ 79.4617659, 29.3153821 ], [ 79.4629105, 29.3137096 ], [ 79.4639481, 29.3128749 ], [ 79.465794, 29.310389 ], [ 79.4674553, 29.3087408 ] ] ] } },
{ "type": "Feature", "properties": { "gp_code": "", "gp_name": "", "blkname": "BHIMTAL", "dtname": "Nainital", "SHAPE_Area": 170911.670669652 }, "geometry": { "type": "Polygon", "coordinates": [ [ [ 79.447299, 29.3077213 ], [ 79.447352, 29.3103267 ], [ 79.4481485, 29.3113942 ], [ 79.4516694, 29.3101376 ], [ 79.4508343, 29.3090247 ], [ 79.4487477, 29.3074431 ], [ 79.44765, 29.3072694 ], [ 79.447299, 29.3077213 ] ] ] } },
{ "type": "Feature", "properties": { "gp_code": "23689", "gp_name": "NAI SELA", "blkname": "BHIMTAL", "dtname": "Nainital", "SHAPE_Area": 369659.81424508285 }, "geometry": { "type": "Polygon", "coordinates": [ [ [ 79.4485807, 29.298528 ], [ 79.4472139, 29.2978662 ], [ 79.4467732, 29.2981593 ], [ 79.4465052, 29.3002879 ], [ 79.4480227, 29.3019469 ], [ 79.4490486, 29.3037175 ], [ 79.4495796, 29.3063699 ], [ 79.4511284, 29.3068056 ], [ 79.4524219, 29.3065834 ], [ 79.4525325, 29.3049301 ], [ 79.4508944, 29.3013224 ], [ 79.4485807, 29.298528 ] ] ] } },
{ "type": "Feature", "properties": { "gp_code": "23752", "gp_name": "BASANI", "blkname": "HALDWANI", "dtname": "Nainital", "SHAPE_Area": 1124222.421454163 }, "geometry": { "type": "Polygon", "coordinates": [ [ [ 79.4447508, 29.2967138 ], [ 79.4449642, 29.2894875 ], [ 79.4472022, 29.2860291 ], [ 79.4471021, 29.2853037 ], [ 79.4464074, 29.2846217 ], [ 79.4442632, 29.2844557 ], [ 79.4413918, 29.2851028 ], [ 79.4412853, 29.2858047 ], [ 79.4419516, 29.2870304 ], [ 79.4416654, 29.2874598 ], [ 79.4410166, 29.2880693 ], [ 79.4394113, 29.2887207 ], [ 79.4382422, 29.2900986 ], [ 79.4361722, 29.2906351 ], [ 79.4360087, 29.2924922 ], [ 79.4365222, 29.2932416 ], [ 79.4403617, 29.2957243 ], [ 79.4416458, 29.2975186 ], [ 79.4433768, 29.2976605 ], [ 79.4444896, 29.2973472 ], [ 79.4447508, 29.2967138 ] ] ] } },
{ "type": "Feature", "properties": { "gp_code": "", "gp_name": "", "blkname": "BHIMTAL", "dtname": "Nainital", "SHAPE_Area": 206213.28955841408 }, "geometry": { "type": "Polygon", "coordinates": [ [ [ 79.4369032, 29.3003792 ], [ 79.4357629, 29.3010435 ], [ 79.4356177, 29.3017113 ], [ 79.4361805, 29.3029819 ], [ 79.4386405, 29.3048255 ], [ 79.4393639, 29.304896 ], [ 79.4407366, 29.3042552 ], [ 79.4414773, 29.3033402 ], [ 79.4391981, 29.3015539 ], [ 79.4369032, 29.3003792 ] ] ] } },
{ "type": "Feature", "properties": { "gp_code": "", "gp_name": "", "blkname": "BHIMTAL", "dtname": "Nainital", "SHAPE_Area": 209619.51294127837 }, "geometry": { "type": "Polygon", "coordinates": [ [ [ 79.4338827, 29.3080711 ], [ 79.433517, 29.308908 ], [ 79.4342459, 29.310621 ], [ 79.4340932, 29.3129085 ], [ 79.4345446, 29.313114 ], [ 79.435814, 29.3124954 ], [ 79.4371248, 29.3112993 ], [ 79.4370283, 29.3097925 ], [ 79.4358519, 29.3070246 ], [ 79.4338827, 29.3080711 ] ] ] } },
{ "type": "Feature", "properties": { "gp_code": "23689", "gp_name": "NAI SELA", "blkname": "BHIMTAL", "dtname": "Nainital", "SHAPE_Area": 244760.70876164929 }, "geometry": { "type": "Polygon", "coordinates": [ [ [ 79.4415205, 29.319538 ], [ 79.4407575, 29.319626 ], [ 79.4393533, 29.3214674 ], [ 79.4369555, 29.3229316 ], [ 79.4381001, 29.3241815 ], [ 79.4382388, 29.3249409 ], [ 79.4388044, 29.3256451 ], [ 79.4393994, 29.3255339 ], [ 79.4403341, 29.324631 ], [ 79.4424146, 29.3218858 ], [ 79.4426011, 29.3206518 ], [ 79.4415205, 29.319538 ] ] ] } },
{ "type": "Feature", "properties": { "gp_code": "", "gp_name": "", "blkname": "BHIMTAL", "dtname": "Nainital", "SHAPE_Area": 161328.2915221471 }, "geometry": { "type": "Polygon", "coordinates": [ [ [ 79.4276812, 29.3272144 ], [ 79.4267728, 29.3279926 ], [ 79.4268349, 29.3285479 ], [ 79.4292442, 29.3302441 ], [ 79.4304331, 29.3302937 ], [ 79.4313395, 29.3299571 ], [ 79.4317814, 29.3294262 ], [ 79.4314911, 29.3279075 ], [ 79.4308727, 29.3274635 ], [ 79.4276812, 29.3272144 ] ] ] } },
{ "type": "Feature", "properties": { "gp_code": "", "gp_name": "", "blkname": "BHIMTAL", "dtname": "Nainital", "SHAPE_Area": 490602.64154151187 }, "geometry": { "type": "Polygon", "coordinates": [ [ [ 79.4326919, 29.3309926 ], [ 79.4320396, 29.3323041 ], [ 79.4315738, 29.3323932 ], [ 79.4296407, 29.3311404 ], [ 79.4276422, 29.3328549 ], [ 79.4272, 29.3334197 ], [ 79.4273784, 29.3339867 ], [ 79.4285868, 29.3354407 ], [ 79.4335238, 29.3356394 ], [ 79.4348722, 29.334738 ], [ 79.4347502, 29.3331519 ], [ 79.4354507, 29.3326106 ], [ 79.4378556, 29.3324831 ], [ 79.4382207, 29.3317822 ], [ 79.4377856, 29.3308066 ], [ 79.4372698, 29.3305555 ], [ 79.4335201, 29.3307916 ], [ 79.4326919, 29.3309926 ] ] ] } },
{ "type": "Feature", "properties": { "gp_code": "23668", "gp_name": "DEVIDHURA", "blkname": "BHIMTAL", "dtname": "Nainital", "SHAPE_Area": 641765.15848956234 }, "geometry": { "type": "Polygon", "coordinates": [ [ [ 79.4358322, 29.3453146 ], [ 79.4379055, 29.3442346 ], [ 79.4379984, 29.3408597 ], [ 79.435728, 29.3398323 ], [ 79.4329364, 29.3397092 ], [ 79.4300112, 29.3404917 ], [ 79.4298028, 29.3408309 ], [ 79.4306261, 29.3416945 ], [ 79.4307271, 29.3422159 ], [ 79.4294566, 29.3430269 ], [ 79.4289355, 29.3438859 ], [ 79.4289825, 29.3449055 ], [ 79.4296004, 29.345474 ], [ 79.432545, 29.3461187 ], [ 79.4358322, 29.3453146 ] ] ] } },
{ "type": "Feature", "properties": { "gp_code": "", "gp_name": "", "blkname": "BHIMTAL", "dtname": "Nainital", "SHAPE_Area": 368237.48457784625 }, "geometry": { "type": "Polygon", "coordinates": [ [ [ 79.4488764, 29.3336426 ], [ 79.4478577, 29.3330954 ], [ 79.4470536, 29.3336817 ], [ 79.4453375, 29.3358618 ], [ 79.4447244, 29.3371056 ], [ 79.4446811, 29.3381135 ], [ 79.4452864, 29.3386139 ], [ 79.449327, 29.3398398 ], [ 79.4502707, 29.339843 ], [ 79.4508814, 29.3391428 ], [ 79.4498696, 29.3370327 ], [ 79.4488764, 29.3336426 ] ] ] } },
{ "type": "Feature", "properties": { "gp_code": "", "gp_name": "", "blkname": "BHIMTAL", "dtname": "Nainital", "SHAPE_Area": 158524.30571774874 }, "geometry": { "type": "Polygon", "coordinates": [ [ [ 79.4524665, 29.3110918 ], [ 79.4567307, 29.3141759 ], [ 79.4590917, 29.315124 ], [ 79.4597813, 29.3140842 ], [ 79.4546261, 29.310782 ], [ 79.4540193, 29.310644 ], [ 79.4524665, 29.3110918 ] ] ] } },
{ "type": "Feature", "properties": { "gp_code": "", "gp_name": "", "blkname": "BHIMTAL", "dtname": "Nainital", "SHAPE_Area": 237890.51254201258 }, "geometry": { "type": "Polygon", "coordinates": [ [ [ 79.4785519, 29.3344098 ], [ 79.4787554, 29.3352033 ], [ 79.4807598, 29.3380867 ], [ 79.4811464, 29.3383598 ], [ 79.4821555, 29.3381818 ], [ 79.4821606, 29.3369812 ], [ 79.4829199, 29.3346731 ], [ 79.4822021, 29.3332436 ], [ 79.4804223, 29.3322638 ], [ 79.4785519, 29.3344098 ] ] ] } },
{ "type": "Feature", "properties": { "gp_code": "", "gp_name": "", "blkname": "BHIMTAL", "dtname": "Nainital", "SHAPE_Area": 55409.713494029922 }, "geometry": { "type": "Polygon", "coordinates": [ [ [ 79.4786613, 29.339122 ], [ 79.4799969, 29.3412104 ], [ 79.4810331, 29.3407154 ], [ 79.4807298, 29.3390833 ], [ 79.4801628, 29.3386511 ], [ 79.4796979, 29.338559 ], [ 79.4786613, 29.339122 ] ] ] } },
{ "type": "Feature", "properties": { "gp_code": "", "gp_name": "", "blkname": "BHIMTAL", "dtname": "Nainital", "SHAPE_Area": 145414.26920646356 }, "geometry": { "type": "Polygon", "coordinates": [ [ [ 79.4748767, 29.3353945 ], [ 79.4751986, 29.3387256 ], [ 79.4780173, 29.3385536 ], [ 79.4780507, 29.336764 ], [ 79.4776691, 29.335313 ], [ 79.4769202, 29.3351068 ], [ 79.4748767, 29.3353945 ] ] ] } },
{ "type": "Feature", "properties": { "gp_code": "259964", "gp_name": "Amtoli", "blkname": "BHIMTAL", "dtname": "Nainital", "SHAPE_Area": 197569.64230010277 }, "geometry": { "type": "Polygon", "coordinates": [ [ [ 79.4657127, 29.3441537 ], [ 79.4683604, 29.3431941 ], [ 79.4697893, 29.3431139 ], [ 79.4697858, 29.3424229 ], [ 79.4687128, 29.3409244 ], [ 79.4677775, 29.3404795 ], [ 79.4659105, 29.3402808 ], [ 79.4648489, 29.3406397 ], [ 79.465345, 29.3424989 ], [ 79.4646743, 29.343618 ], [ 79.4657127, 29.3441537 ] ] ] } },
{ "type": "Feature", "properties": { "gp_code": "", "gp_name": "", "blkname": "BHIMTAL", "dtname": "Nainital", "SHAPE_Area": 52676.327901744327 }, "geometry": { "type": "Polygon", "coordinates": [ [ [ 79.4613119, 29.3513483 ], [ 79.4605865, 29.3516743 ], [ 79.4598196, 29.3526232 ], [ 79.4597009, 29.3531437 ], [ 79.4599973, 29.3533713 ], [ 79.4613552, 29.3532626 ], [ 79.4622628, 29.3526653 ], [ 79.4624453, 29.3523148 ], [ 79.4619575, 29.3515204 ], [ 79.4613119, 29.3513483 ] ] ] } },
{ "type": "Feature", "properties": { "gp_code": "", "gp_name": "", "blkname": "BHIMTAL", "dtname": "Nainital", "SHAPE_Area": 81561.59039505769 }, "geometry": { "type": "Polygon", "coordinates": [ [ [ 79.4673251, 29.3569522 ], [ 79.4674713, 29.3590366 ], [ 79.4686978, 29.3594484 ], [ 79.4700049, 29.3591582 ], [ 79.469342, 29.3569361 ], [ 79.4673251, 29.3569522 ] ] ] } },
{ "type": "Feature", "properties": { "gp_code": "", "gp_name": "", "blkname": "BHIMTAL", "dtname": "Nainital", "SHAPE_Area": 214823.91296833887 }, "geometry": { "type": "Polygon", "coordinates": [ [ [ 79.4699872, 29.3512072 ], [ 79.4685175, 29.350251 ], [ 79.466885, 29.3510837 ], [ 79.4641211, 29.3534644 ], [ 79.46392, 29.355106 ], [ 79.4649269, 29.3554491 ], [ 79.4656516, 29.355293 ], [ 79.4677293, 29.3531818 ], [ 79.4696462, 29.3523613 ], [ 79.4699872, 29.3512072 ] ] ] } },
{ "type": "Feature", "properties": { "gp_code": "", "gp_name": "", "blkname": "BHIMTAL", "dtname": "Nainital", "SHAPE_Area": 297229.55747064797 }, "geometry": { "type": "Polygon", "coordinates": [ [ [ 79.4664658, 29.3493607 ], [ 79.4630781, 29.349508 ], [ 79.4623398, 29.3498227 ], [ 79.4622348, 29.3501961 ], [ 79.4635508, 29.3508008 ], [ 79.4700464, 29.3494858 ], [ 79.4707964, 29.3464076 ], [ 79.4695712, 29.3457239 ], [ 79.4660784, 29.3462674 ], [ 79.4658662, 29.3475239 ], [ 79.4671016, 29.3488418 ], [ 79.4664658, 29.3493607 ] ] ] } },
{ "type": "Feature", "properties": { "gp_code": "", "gp_name": "", "blkname": "BHIMTAL", "dtname": "Nainital", "SHAPE_Area": 361703995.29085284 }, "geometry": { "type": "Polygon", "coordinates": [ [ [ 79.3742569, 29.4502313 ], [ 79.3785023, 29.4499307 ], [ 79.3825476, 29.448225 ], [ 79.3852627, 29.4486203 ], [ 79.3895142, 29.4470512 ], [ 79.3911241, 29.4459248 ], [ 79.3921947, 29.4439584 ], [ 79.3929731, 29.443531 ], [ 79.3947853, 29.4433567 ], [ 79.3963404, 29.4428189 ], [ 79.3989232, 29.43848 ], [ 79.3987194, 29.4378451 ], [ 79.3962362, 29.4376773 ], [ 79.3937225, 29.4384605 ], [ 79.3878447, 29.4393442 ], [ 79.3856677, 29.4400381 ], [ 79.3849696, 29.4399222 ], [ 79.3833728, 29.4384439 ], [ 79.382991, 29.437174 ], [ 79.3808634, 29.4332023 ], [ 79.3809431, 29.432795 ], [ 79.3859894, 29.4274011 ], [ 79.3864081, 29.4264288 ], [ 79.3876825, 29.4250747 ], [ 79.38771, 29.4247577 ], [ 79.3865746, 29.4241644 ], [ 79.3864743, 29.4235298 ], [ 79.3870968, 29.4231925 ], [ 79.3889854, 29.4231997 ], [ 79.3894279, 29.4226577 ], [ 79.3895087, 29.4220238 ], [ 79.3885808, 29.4213182 ], [ 79.386636, 29.4222168 ], [ 79.3860179, 29.4216708 ], [ 79.3892613, 29.4197353 ], [ 79.3902699, 29.4198071 ], [ 79.3906294, 29.420352 ], [ 79.3913527, 29.4205586 ], [ 79.3925497, 29.4191588 ], [ 79.3905615, 29.4183813 ], [ 79.3898415, 29.4174952 ], [ 79.3890154, 29.4171296 ], [ 79.3840501, 29.4167936 ], [ 79.3843148, 29.4155942 ], [ 79.385149, 29.4143064 ], [ 79.3850502, 29.4133773 ], [ 79.3861123, 29.4130642 ], [ 79.3900699, 29.41317 ], [ 79.3951581, 29.4095198 ], [ 79.3959312, 29.4101342 ], [ 79.3960223, 29.4126488 ], [ 79.3967901, 29.4143504 ], [ 79.3998275, 29.412142 ], [ 79.4006861, 29.4111486 ], [ 79.4026294, 29.410499 ], [ 79.4037203, 29.4074199 ], [ 79.4045651, 29.4062626 ], [ 79.4053623, 29.4058593 ], [ 79.4131668, 29.4089632 ], [ 79.4233423, 29.4105278 ], [ 79.4277151, 29.4107175 ], [ 79.4323181, 29.408877 ], [ 79.4421079, 29.402993 ], [ 79.4429478, 29.4028605 ], [ 79.4385256, 29.3990349 ], [ 79.4380869, 29.3983758 ], [ 79.4380025, 29.3975051 ], [ 79.4382314, 29.3957266 ], [ 79.437397, 29.3946599 ], [ 79.4344684, 29.3927349 ], [ 79.4325936, 29.3921868 ], [ 79.4267975, 29.3895165 ], [ 79.4263833, 29.3883351 ], [ 79.4272916, 29.3829807 ], [ 79.4271668, 29.3796132 ], [ 79.4258056, 29.3775698 ], [ 79.4223848, 29.3735709 ], [ 79.4200848, 29.3732003 ], [ 79.4145982, 29.3740638 ], [ 79.4084926, 29.3745624 ], [ 79.4079991, 29.3750137 ], [ 79.4068341, 29.3752812 ], [ 79.406286, 29.3763211 ], [ 79.405173, 29.3765209 ], [ 79.4041589, 29.3776497 ], [ 79.4019589, 29.3780266 ], [ 79.4009973, 29.3789744 ], [ 79.4005982, 29.3812834 ], [ 79.3999509, 29.3814395 ], [ 79.3992038, 29.3808478 ], [ 79.3990829, 29.3791031 ], [ 79.4002263, 29.3779975 ], [ 79.3995377, 29.3760017 ], [ 79.400058, 29.3753694 ], [ 79.4035366, 29.3726414 ], [ 79.4052703, 29.3724213 ], [ 79.4072924, 29.3713867 ], [ 79.408176, 29.370484 ], [ 79.407997, 29.3700756 ], [ 79.4067037, 29.3701388 ], [ 79.4062394, 29.3698652 ], [ 79.4058814, 29.3690258 ], [ 79.406119, 29.36803 ], [ 79.4070267, 29.3674897 ], [ 79.4111418, 29.3667573 ], [ 79.41453, 29.3666338 ], [ 79.4204758, 29.3670403 ], [ 79.4211234, 29.3667935 ], [ 79.4222071, 29.3673184 ], [ 79.4230757, 29.3695867 ], [ 79.4262007, 29.3704586 ], [ 79.4274206, 29.3695116 ], [ 79.4291471, 29.3652365 ], [ 79.4285831, 29.3641699 ], [ 79.4263617, 29.3636636 ], [ 79.4239053, 29.3636095 ], [ 79.423573, 29.3627702 ], [ 79.4255177, 29.3616219 ], [ 79.4268896, 29.3613324 ], [ 79.4273288, 29.3614245 ], [ 79.4283035, 29.3631269 ], [ 79.4296958, 29.3640152 ], [ 79.4299553, 29.3638123 ], [ 79.4298539, 29.3633815 ], [ 79.4286708, 29.3619956 ], [ 79.4286487, 29.3611801 ], [ 79.4290896, 29.3608871 ], [ 79.4305091, 29.3614811 ], [ 79.4318475, 29.3628449 ], [ 79.4326597, 29.3661777 ], [ 79.4320584, 29.36758 ], [ 79.4324972, 29.3677627 ], [ 79.4339217, 29.3672921 ], [ 79.4351101, 29.3675454 ], [ 79.4352635, 29.3679084 ], [ 79.4353369, 29.3688147 ], [ 79.4337291, 29.3698057 ], [ 79.432528, 29.3723158 ], [ 79.4329774, 29.3758284 ], [ 79.431131, 29.3780418 ], [ 79.4350231, 29.3776891 ], [ 79.4389053, 29.3786698 ], [ 79.4402524, 29.3786551 ], [ 79.4432387, 29.3775437 ], [ 79.4445637, 29.3775288 ], [ 79.446702, 29.3783679 ], [ 79.4484898, 29.3786062 ], [ 79.4518399, 29.3750974 ], [ 79.4515786, 29.3742647 ], [ 79.4489222, 29.3707548 ], [ 79.4486853, 29.3694387 ], [ 79.4510742, 29.3684991 ], [ 79.4562904, 29.3673757 ], [ 79.4590113, 29.366263 ], [ 79.4603493, 29.3632501 ], [ 79.4615448, 29.362519 ], [ 79.4672627, 29.3627509 ], [ 79.4706434, 29.3640362 ], [ 79.4716629, 29.3614573 ], [ 79.470636, 29.3597097 ], [ 79.4708463, 29.3589175 ], [ 79.471318, 29.3574466 ], [ 79.4732162, 29.3549611 ], [ 79.4730113, 29.3545074 ], [ 79.472078, 29.3550707 ], [ 79.4712258, 29.3548413 ], [ 79.470826, 29.3515781 ], [ 79.4735455, 29.3504996 ], [ 79.4742979, 29.3498905 ], [ 79.4745171, 29.3469916 ], [ 79.475282, 29.3434151 ], [ 79.4805733, 29.3436133 ], [ 79.4804538, 29.3432279 ], [ 79.4819088, 29.3415111 ], [ 79.4823793, 29.3402893 ], [ 79.483289, 29.3391595 ], [ 79.4845823, 29.3390051 ], [ 79.4880681, 29.3400583 ], [ 79.4899096, 29.3386597 ], [ 79.4907161, 29.3374163 ], [ 79.4915434, 29.3374189 ], [ 79.4929849, 29.3389638 ], [ 79.4944079, 29.3387191 ], [ 79.4953413, 29.3380425 ], [ 79.4963758, 29.3379552 ], [ 79.4977415, 29.3390694 ], [ 79.4977126, 29.3398169 ], [ 79.4970895, 29.3404492 ], [ 79.4944471, 29.3417548 ], [ 79.4875609, 29.3439304 ], [ 79.4874518, 29.3452892 ], [ 79.4867507, 29.3460118 ], [ 79.4835427, 29.3464773 ], [ 79.4818296, 29.3480575 ], [ 79.4809705, 29.3494817 ], [ 79.4808117, 29.350342 ], [ 79.4798748, 29.3517888 ], [ 79.4799741, 29.3527631 ], [ 79.4794245, 29.3543244 ], [ 79.4788022, 29.3547527 ], [ 79.4758799, 29.3548792 ], [ 79.474685, 29.3561438 ], [ 79.4741879, 29.3575014 ], [ 79.4738398, 29.3603091 ], [ 79.4730011, 29.362934 ], [ 79.4716217, 29.3657633 ], [ 79.4720367, 29.3668284 ], [ 79.4719885, 29.3677761 ], [ 79.4713396, 29.3697661 ], [ 79.4696065, 29.3722556 ], [ 79.468961, 29.3734527 ], [ 79.468869, 29.3743034 ], [ 79.4680705, 29.3751325 ], [ 79.4666109, 29.3756306 ], [ 79.4657007, 29.3767494 ], [ 79.4653176, 29.3785082 ], [ 79.4665099, 29.3785508 ], [ 79.4697832, 29.3774012 ], [ 79.4721259, 29.3769446 ], [ 79.4729201, 29.37716 ], [ 79.4727394, 29.3780685 ], [ 79.4694117, 29.3816164 ], [ 79.4692483, 29.3836661 ], [ 79.4701888, 29.3857968 ], [ 79.4705069, 29.3888731 ], [ 79.472551, 29.3911621 ], [ 79.4729888, 29.3920726 ], [ 79.4725012, 29.3924965 ], [ 79.4726539, 29.3929418 ], [ 79.474812, 29.3944188 ], [ 79.4770997, 29.3965925 ], [ 79.4787537, 29.3971974 ], [ 79.481781, 29.3968397 ], [ 79.4897276, 29.39261 ], [ 79.4955893, 29.3904236 ], [ 79.4952645, 29.3922082 ], [ 79.4931275, 29.3973368 ], [ 79.4932127, 29.3986871 ], [ 79.4954405, 29.4009176 ], [ 79.4984866, 29.4026345 ], [ 79.4992656, 29.4025177 ], [ 79.5009992, 29.4034231 ], [ 79.5025682, 29.4030714 ], [ 79.5051824, 29.4035429 ], [ 79.5071106, 29.4019149 ], [ 79.5074521, 29.399666 ], [ 79.5078169, 29.399151 ], [ 79.5093164, 29.3983482 ], [ 79.5107733, 29.396857 ], [ 79.5115046, 29.3953768 ], [ 79.5119586, 29.3914341 ], [ 79.5127389, 29.3905991 ], [ 79.5124954, 29.3900389 ], [ 79.5132351, 29.3894098 ], [ 79.5117689, 29.3874481 ], [ 79.5104513, 29.3870306 ], [ 79.5095052, 29.3860235 ], [ 79.5099006, 29.3854724 ], [ 79.5110466, 29.385648 ], [ 79.5114461, 29.3846586 ], [ 79.5100391, 29.3815418 ], [ 79.5139847, 29.3799935 ], [ 79.5148032, 29.3801252 ], [ 79.516468, 29.3816796 ], [ 79.5169593, 29.3816811 ], [ 79.517223, 29.3812802 ], [ 79.5173259, 29.3801041 ], [ 79.5167185, 29.378352 ], [ 79.5177237, 29.376827 ], [ 79.5143705, 29.3735458 ], [ 79.5124625, 29.3734719 ], [ 79.5117642, 29.3719419 ], [ 79.5112778, 29.3686155 ], [ 79.5100608, 29.3678226 ], [ 79.5099406, 29.3674447 ], [ 79.5103449, 29.3653487 ], [ 79.5097808, 29.3640629 ], [ 79.5114273, 29.3639459 ], [ 79.5118462, 29.3636387 ], [ 79.5122438, 29.3624921 ], [ 79.5122489, 29.3612009 ], [ 79.5132411, 29.3587648 ], [ 79.5134948, 29.3567427 ], [ 79.5144823, 29.3554974 ], [ 79.5163514, 29.354402 ], [ 79.5200353, 29.357329 ], [ 79.5194716, 29.3611939 ], [ 79.5183572, 29.3645299 ], [ 79.5159551, 29.3652258 ], [ 79.516011, 29.3676506 ], [ 79.5146263, 29.3678114 ], [ 79.5141956, 29.3690583 ], [ 79.5164518, 29.3721963 ], [ 79.5194418, 29.3730625 ], [ 79.5202764, 29.375364 ], [ 79.5212332, 29.3757256 ], [ 79.5230621, 29.3750567 ], [ 79.5235566, 29.3742691 ], [ 79.5236584, 29.3733655 ], [ 79.5249428, 29.3726771 ], [ 79.5291374, 29.3712081 ], [ 79.5320713, 29.3707001 ], [ 79.5330986, 29.370854 ], [ 79.5326689, 29.3699374 ], [ 79.531743, 29.3633068 ], [ 79.5309815, 29.3611454 ], [ 79.5325926, 29.3595288 ], [ 79.5366954, 29.3573169 ], [ 79.5383051, 29.356059 ], [ 79.5379459, 29.3550723 ], [ 79.5351414, 29.352463 ], [ 79.5329579, 29.3495298 ], [ 79.5318676, 29.3471664 ], [ 79.5312784, 29.346531 ], [ 79.5306428, 29.3462589 ], [ 79.529938, 29.346429 ], [ 79.5283441, 29.3486212 ], [ 79.5273475, 29.3493771 ], [ 79.5270047, 29.3491035 ], [ 79.5274328, 29.3463572 ], [ 79.5271806, 29.345926 ], [ 79.5240761, 29.3462397 ], [ 79.5222426, 29.3471525 ], [ 79.521653, 29.3471579 ], [ 79.5215258, 29.3454791 ], [ 79.5222119, 29.3444981 ], [ 79.52544, 29.3439768 ], [ 79.5263513, 29.3433266 ], [ 79.5264448, 29.3424445 ], [ 79.5253752, 29.339518 ], [ 79.5252488, 29.3383411 ], [ 79.5242761, 29.3364147 ], [ 79.5230643, 29.335795 ], [ 79.5210512, 29.3355667 ], [ 79.5196204, 29.3350387 ], [ 79.5169162, 29.3335528 ], [ 79.5175383, 29.3326836 ], [ 79.520163, 29.3344808 ], [ 79.5248704, 29.335294 ], [ 79.5269234, 29.3350603 ], [ 79.5324504, 29.3327378 ], [ 79.5348779, 29.3321032 ], [ 79.5352776, 29.3277324 ], [ 79.5352714, 29.3206289 ], [ 79.5366704, 29.3233773 ], [ 79.5385803, 29.3333079 ], [ 79.5388742, 29.333567 ], [ 79.5443039, 29.333109 ], [ 79.5446079, 29.3328229 ], [ 79.5455238, 29.3308741 ], [ 79.5459902, 29.325866 ], [ 79.5465721, 29.3240833 ], [ 79.5477468, 29.3229961 ], [ 79.5477679, 29.3216905 ], [ 79.5480144, 29.3214472 ], [ 79.5493885, 29.3217811 ], [ 79.5504691, 29.3228898 ], [ 79.556871, 29.3267204 ], [ 79.558566, 29.3284999 ], [ 79.5588337, 29.3292109 ], [ 79.5591446, 29.3292261 ], [ 79.5595891, 29.3285673 ], [ 79.5595941, 29.3271468 ], [ 79.5594299, 29.3267376 ], [ 79.5571457, 29.3250453 ], [ 79.5571247, 29.3217738 ], [ 79.5556325, 29.3200639 ], [ 79.5557472, 29.3178172 ], [ 79.5545167, 29.3162498 ], [ 79.5546016, 29.3147483 ], [ 79.5524503, 29.3127142 ], [ 79.5525688, 29.3116313 ], [ 79.5511984, 29.310293 ], [ 79.5508877, 29.304577 ], [ 79.5520681, 29.3041041 ], [ 79.5531931, 29.3053914 ], [ 79.5597419, 29.3098288 ], [ 79.5620222, 29.3122167 ], [ 79.5633909, 29.3126403 ], [ 79.565658, 29.312711 ], [ 79.5665748, 29.3150451 ], [ 79.5684427, 29.31698 ], [ 79.5688538, 29.3188177 ], [ 79.5706179, 29.3198191 ], [ 79.5718121, 29.3179001 ], [ 79.5740157, 29.3174756 ], [ 79.574992, 29.3168576 ], [ 79.573044, 29.3167663 ], [ 79.5710338, 29.3157207 ], [ 79.5703664, 29.3146499 ], [ 79.5706317, 29.313675 ], [ 79.5718569, 29.3123576 ], [ 79.5721311, 29.3108953 ], [ 79.5727406, 29.3097921 ], [ 79.5742744, 29.3089138 ], [ 79.5760742, 29.3091912 ], [ 79.5784097, 29.3120599 ], [ 79.5883094, 29.3190957 ], [ 79.5976176, 29.3270814 ], [ 79.5977946, 29.3280432 ], [ 79.5992013, 29.3285059 ], [ 79.5995245, 29.3303273 ], [ 79.6046881, 29.3302524 ], [ 79.6076804, 29.328307 ], [ 79.6034479, 29.3245772 ], [ 79.5998162, 29.322627 ], [ 79.5993297, 29.3220816 ], [ 79.5982274, 29.3202 ], [ 79.5968788, 29.3160166 ], [ 79.5956578, 29.3136614 ], [ 79.5963766, 29.3113536 ], [ 79.5959797, 29.3091704 ], [ 79.596667, 29.3066216 ], [ 79.5973168, 29.3056738 ], [ 79.600154, 29.3081606 ], [ 79.6078739, 29.311297 ], [ 79.6059339, 29.3079839 ], [ 79.6053332, 29.3059308 ], [ 79.6085836, 29.3066935 ], [ 79.6111912, 29.3077342 ], [ 79.6123066, 29.3078007 ], [ 79.6127442, 29.3074687 ], [ 79.6134987, 29.3065849 ], [ 79.6132074, 29.3040832 ], [ 79.6112948, 29.300522 ], [ 79.6100213, 29.299403 ], [ 79.6094998, 29.2968618 ], [ 79.608994, 29.2965814 ], [ 79.6031245, 29.2962369 ], [ 79.6023824, 29.2957674 ], [ 79.6015294, 29.2946317 ], [ 79.6010842, 29.2932332 ], [ 79.6007989, 29.290563 ], [ 79.5995417, 29.2901597 ], [ 79.5986477, 29.2890819 ], [ 79.5981478, 29.2899861 ], [ 79.5978815, 29.2923377 ], [ 79.5965678, 29.293638 ], [ 79.5946234, 29.2946286 ], [ 79.5947314, 29.2966375 ], [ 79.5944878, 29.2969628 ], [ 79.5934486, 29.2970042 ], [ 79.5908068, 29.2955223 ], [ 79.5880714, 29.2965922 ], [ 79.5864665, 29.2979343 ], [ 79.5853175, 29.298328 ], [ 79.5820575, 29.2982148 ], [ 79.5805315, 29.2972589 ], [ 79.5808079, 29.2993189 ], [ 79.580623, 29.3007013 ], [ 79.5791402, 29.3001081 ], [ 79.5771976, 29.3008682 ], [ 79.5764384, 29.3007174 ], [ 79.575346, 29.3010263 ], [ 79.5733291, 29.3022679 ], [ 79.5694786, 29.3017295 ], [ 79.5668587, 29.3045603 ], [ 79.5654193, 29.3047193 ], [ 79.5613012, 29.3023347 ], [ 79.5600407, 29.302225 ], [ 79.5596514, 29.3019198 ], [ 79.5567661, 29.2979579 ], [ 79.5544931, 29.2962158 ], [ 79.5497274, 29.2909419 ], [ 79.5494224, 29.2914582 ], [ 79.5434812, 29.2960952 ], [ 79.5429191, 29.297193 ], [ 79.5421794, 29.3004996 ], [ 79.540968, 29.302402 ], [ 79.5395506, 29.3031631 ], [ 79.5358542, 29.3034803 ], [ 79.5353692, 29.30381 ], [ 79.5321552, 29.3072582 ], [ 79.5304037, 29.3086984 ], [ 79.5300583, 29.3102418 ], [ 79.5294253, 29.3112209 ], [ 79.527785, 29.3126747 ], [ 79.5267835, 29.3149366 ], [ 79.525405, 29.3157647 ], [ 79.5226678, 29.3187052 ], [ 79.5240211, 29.3201297 ], [ 79.52567, 29.3191483 ], [ 79.5259171, 29.3193968 ], [ 79.5291884, 29.3196787 ], [ 79.5296772, 29.3203114 ], [ 79.529837, 29.3213449 ], [ 79.5311045, 29.3217001 ], [ 79.5323201, 29.323899 ], [ 79.5310008, 29.3242323 ], [ 79.529257, 29.3253069 ], [ 79.5285082, 29.3252581 ], [ 79.526805, 29.3242702 ], [ 79.5259121, 29.3244183 ], [ 79.5235203, 29.3262009 ], [ 79.5203154, 29.3300119 ], [ 79.5189884, 29.3301729 ], [ 79.5174987, 29.328009 ], [ 79.5180585, 29.3271929 ], [ 79.515552, 29.3254636 ], [ 79.516448, 29.3224387 ], [ 79.5174178, 29.321466 ], [ 79.5193705, 29.3203384 ], [ 79.5195857, 29.3197363 ], [ 79.5191118, 29.3195054 ], [ 79.5148463, 29.3199694 ], [ 79.5143269, 29.3195304 ], [ 79.5144457, 29.3184762 ], [ 79.5197655, 29.3156261 ], [ 79.5236139, 29.3111178 ], [ 79.5242729, 29.3096014 ], [ 79.528053, 29.3061556 ], [ 79.5327005, 29.3041424 ], [ 79.5340943, 29.3032111 ], [ 79.5352567, 29.3014858 ], [ 79.5377782, 29.2994101 ], [ 79.5388235, 29.2979725 ], [ 79.5396285, 29.2952635 ], [ 79.5409125, 29.2934251 ], [ 79.5456313, 29.2882734 ], [ 79.5456028, 29.2850496 ], [ 79.5453058, 29.284489 ], [ 79.5439511, 29.2836704 ], [ 79.5439289, 29.2833626 ], [ 79.5453221, 29.2778573 ], [ 79.5429748, 29.2744921 ], [ 79.543559, 29.2738278 ], [ 79.5472128, 29.2735547 ], [ 79.5476171, 29.2738016 ], [ 79.5473894, 29.2749652 ], [ 79.5482142, 29.2770364 ], [ 79.5469021, 29.2786074 ], [ 79.5465484, 29.279547 ], [ 79.5475987, 29.281345 ], [ 79.5500209, 29.283196 ], [ 79.5504565, 29.2851261 ], [ 79.5506572, 29.2886064 ], [ 79.5504337, 29.2900724 ], [ 79.5531809, 29.2925421 ], [ 79.5547302, 29.2932124 ], [ 79.5558084, 29.2936224 ], [ 79.5603685, 29.2941348 ], [ 79.5626694, 29.2949534 ], [ 79.5635737, 29.2974452 ], [ 79.5676535, 29.2991601 ], [ 79.5712539, 29.2981743 ], [ 79.570352, 29.2969965 ], [ 79.567144, 29.2969553 ], [ 79.566927, 29.2965934 ], [ 79.5680629, 29.2953636 ], [ 79.5711884, 29.2960734 ], [ 79.5741007, 29.295323 ], [ 79.5753492, 29.2942353 ], [ 79.5780898, 29.2936438 ], [ 79.5792261, 29.2950248 ], [ 79.5808805, 29.2934137 ], [ 79.5851364, 29.2922796 ], [ 79.5881435, 29.2919162 ], [ 79.5898519, 29.293451 ], [ 79.5905624, 29.2936937 ], [ 79.5916935, 29.2938241 ], [ 79.5928261, 29.2935152 ], [ 79.5940842, 29.2919099 ], [ 79.5955257, 29.2889451 ], [ 79.5955296, 29.287772 ], [ 79.5931762, 29.2878667 ], [ 79.5922091, 29.287594 ], [ 79.5891878, 29.2850778 ], [ 79.5872556, 29.2849458 ], [ 79.5865945, 29.2844198 ], [ 79.5867272, 29.283421 ], [ 79.5862279, 29.2828955 ], [ 79.5827223, 29.2847073 ], [ 79.5816963, 29.2846197 ], [ 79.5808914, 29.2836397 ], [ 79.5820072, 29.2820141 ], [ 79.5818366, 29.2813608 ], [ 79.5810463, 29.2808557 ], [ 79.5776028, 29.2804351 ], [ 79.5735198, 29.2791992 ], [ 79.5710697, 29.2769884 ], [ 79.5653008, 29.2788584 ], [ 79.5638448, 29.2787059 ], [ 79.5602043, 29.2736473 ], [ 79.5589872, 29.2729907 ], [ 79.5547552, 29.2724444 ], [ 79.551953, 29.2698825 ], [ 79.5491782, 29.2687951 ], [ 79.5458834, 29.2701161 ], [ 79.5433312, 29.2700042 ], [ 79.5399514, 29.2678819 ], [ 79.5391921, 29.2667921 ], [ 79.5385057, 29.2653258 ], [ 79.5362693, 29.2573497 ], [ 79.5348453, 29.2554421 ], [ 79.5325623, 29.2535738 ], [ 79.525633, 29.2499832 ], [ 79.5224497, 29.2477786 ], [ 79.5190233, 29.2477878 ], [ 79.5178577, 29.2465557 ], [ 79.5150382, 29.2445635 ], [ 79.5047422, 29.2409449 ], [ 79.4993184, 29.2398204 ], [ 79.4961675, 29.2385072 ], [ 79.4949367, 29.238494 ], [ 79.4914922, 29.2388875 ], [ 79.489704, 29.240725 ], [ 79.4907133, 29.241676 ], [ 79.4912719, 29.2443526 ], [ 79.4909635, 29.2471712 ], [ 79.4895776, 29.2473838 ], [ 79.4873176, 29.2443261 ], [ 79.4795606, 29.2416758 ], [ 79.4661633, 29.241728 ], [ 79.4616941, 29.2465322 ], [ 79.4589232, 29.2500847 ], [ 79.4594934, 29.2510309 ], [ 79.4600059, 29.2549019 ], [ 79.4601976, 29.2615382 ], [ 79.4601679, 29.2632792 ], [ 79.4598789, 29.2637813 ], [ 79.459259, 29.2642822 ], [ 79.4567677, 29.2638482 ], [ 79.453414, 29.2638948 ], [ 79.4526871, 29.2636409 ], [ 79.4509289, 29.2621066 ], [ 79.4459042, 29.2608706 ], [ 79.4453286, 29.2612942 ], [ 79.4454334, 29.2625327 ], [ 79.4489202, 29.2672844 ], [ 79.4486929, 29.2687732 ], [ 79.4489305, 29.2699154 ], [ 79.4496532, 29.2711173 ], [ 79.4487352, 29.274132 ], [ 79.4490981, 29.2768804 ], [ 79.4476804, 29.2830467 ], [ 79.4475802, 29.2857159 ], [ 79.4453295, 29.2886959 ], [ 79.4447223, 29.291571 ], [ 79.4448189, 29.2930665 ], [ 79.4452303, 29.2930396 ], [ 79.4483757, 29.2953524 ], [ 79.4484395, 29.2959136 ], [ 79.4449418, 29.2983003 ], [ 79.4426008, 29.2986985 ], [ 79.4412551, 29.2985777 ], [ 79.438775, 29.2955707 ], [ 79.4358651, 29.294864 ], [ 79.4352053, 29.2943975 ], [ 79.4346608, 29.2928093 ], [ 79.4323619, 29.2888355 ], [ 79.4306977, 29.2860246 ], [ 79.4292934, 29.2843172 ], [ 79.4276129, 29.2802874 ], [ 79.4265603, 29.2788908 ], [ 79.4247921, 29.274764 ], [ 79.4242203, 29.2743557 ], [ 79.4215487, 29.2747524 ], [ 79.4173058, 29.2720214 ], [ 79.4119609, 29.2708316 ], [ 79.4077456, 29.2710482 ], [ 79.4028402, 29.272539 ], [ 79.4005611, 29.2738654 ], [ 79.3992511, 29.2755436 ], [ 79.3982909, 29.2779001 ], [ 79.3978495, 29.2824446 ], [ 79.3985435, 29.2894694 ], [ 79.3989529, 29.2915022 ], [ 79.4002815, 29.2951247 ], [ 79.4012226, 29.3012991 ], [ 79.4012991, 29.3037175 ], [ 79.4025478, 29.3056372 ], [ 79.4059065, 29.309383 ], [ 79.4071552, 29.3113415 ], [ 79.4095625, 29.3156447 ], [ 79.4095966, 29.3177339 ], [ 79.4113728, 29.3201972 ], [ 79.4114803, 29.3207972 ], [ 79.4079354, 29.3235503 ], [ 79.4065637, 29.3242029 ], [ 79.4050869, 29.323772 ], [ 79.4035491, 29.3222381 ], [ 79.4029592, 29.3209786 ], [ 79.4031828, 29.3203991 ], [ 79.4024389, 29.3190423 ], [ 79.4001746, 29.3171381 ], [ 79.3949058, 29.3112959 ], [ 79.3888289, 29.3083132 ], [ 79.3841656, 29.305181 ], [ 79.3787484, 29.3027614 ], [ 79.3765887, 29.3021534 ], [ 79.3757938, 29.3022277 ], [ 79.3748617, 29.3032493 ], [ 79.3681686, 29.3000894 ], [ 79.3647518, 29.2993215 ], [ 79.3629175, 29.2998172 ], [ 79.3577852, 29.3021761 ], [ 79.3563501, 29.3022865 ], [ 79.353608, 29.3033201 ], [ 79.3480492, 29.3027947 ], [ 79.3454497, 29.3018943 ], [ 79.3426919, 29.3017283 ], [ 79.3417405, 29.3021886 ], [ 79.3394992, 29.3044622 ], [ 79.3384753, 29.3060828 ], [ 79.3376198, 29.3092324 ], [ 79.3375879, 29.31107 ], [ 79.3371635, 29.3119968 ], [ 79.3331654, 29.3166809 ], [ 79.3325258, 29.3206824 ], [ 79.3323656, 29.3258273 ], [ 79.3326355, 29.3412257 ], [ 79.3324168, 29.3449387 ], [ 79.332852, 29.3502018 ], [ 79.3323977, 29.3525597 ], [ 79.3325026, 29.3535853 ], [ 79.333355, 29.3551943 ], [ 79.3356592, 29.3578151 ], [ 79.3363119, 29.3595973 ], [ 79.3355113, 29.3647778 ], [ 79.3361036, 29.3654959 ], [ 79.3373145, 29.3661585 ], [ 79.341772, 29.366699 ], [ 79.3439548, 29.3673076 ], [ 79.3452097, 29.368009 ], [ 79.345714, 29.3687074 ], [ 79.3454451, 29.3694413 ], [ 79.34467, 29.3698443 ], [ 79.3397143, 29.3716035 ], [ 79.3364108, 29.3740658 ], [ 79.3351886, 29.375492 ], [ 79.3325999, 29.376429 ], [ 79.332388, 29.3788653 ], [ 79.3327016, 29.3800948 ], [ 79.332145, 29.3829454 ], [ 79.3337384, 29.3843929 ], [ 79.3357855, 29.3856393 ], [ 79.3421068, 29.3888372 ], [ 79.3475385, 29.3932498 ], [ 79.3509506, 29.3953718 ], [ 79.3510576, 29.3960298 ], [ 79.350429, 29.3979614 ], [ 79.3500966, 29.3981921 ], [ 79.3476303, 29.3967703 ], [ 79.3467074, 29.3958768 ], [ 79.3461983, 29.3960876 ], [ 79.3476667, 29.3982404 ], [ 79.3480352, 29.399557 ], [ 79.3476994, 29.4004067 ], [ 79.3473235, 29.4004826 ], [ 79.343187, 29.3975065 ], [ 79.3414435, 29.397248 ], [ 79.3380184, 29.3975628 ], [ 79.334915, 29.3955385 ], [ 79.334126, 29.3944134 ], [ 79.3338531, 29.3917818 ], [ 79.3325735, 29.3915251 ], [ 79.331358, 29.3916748 ], [ 79.3292544, 29.3926718 ], [ 79.3288092, 29.3933082 ], [ 79.3286041, 29.3944872 ], [ 79.3277404, 29.3949091 ], [ 79.3260192, 29.3946311 ], [ 79.3236203, 29.3930738 ], [ 79.320684, 29.3928679 ], [ 79.3171899, 29.3956867 ], [ 79.3166337, 29.3964 ], [ 79.3166238, 29.3973594 ], [ 79.3205281, 29.3999808 ], [ 79.3219239, 29.4001679 ], [ 79.3215277, 29.4016612 ], [ 79.322945, 29.4026411 ], [ 79.3228118, 29.4033427 ], [ 79.3219027, 29.4040184 ], [ 79.3218699, 29.4052866 ], [ 79.3241085, 29.4074478 ], [ 79.3251144, 29.4079957 ], [ 79.3249023, 29.4089461 ], [ 79.3227554, 29.4089145 ], [ 79.3223915, 29.4092301 ], [ 79.3229213, 29.4116784 ], [ 79.3227632, 29.4121988 ], [ 79.3209698, 29.4137314 ], [ 79.3231652, 29.4143749 ], [ 79.3234565, 29.413153 ], [ 79.3249208, 29.4103052 ], [ 79.326451, 29.4095642 ], [ 79.329363, 29.4068583 ], [ 79.330579, 29.406818 ], [ 79.3324383, 29.4074146 ], [ 79.3356266, 29.4062047 ], [ 79.3389058, 29.4073281 ], [ 79.3391108, 29.4076914 ], [ 79.3394396, 29.409097 ], [ 79.3393498, 29.4113616 ], [ 79.3400095, 29.4137652 ], [ 79.3401441, 29.417639 ], [ 79.3405018, 29.4184784 ], [ 79.3408227, 29.4213563 ], [ 79.3404503, 29.4232573 ], [ 79.33933, 29.424725 ], [ 79.3389327, 29.4264447 ], [ 79.3411955, 29.4290587 ], [ 79.3420373, 29.4313044 ], [ 79.34037, 29.4334493 ], [ 79.3395234, 29.4369337 ], [ 79.3396136, 29.4394255 ], [ 79.3403042, 29.4409231 ], [ 79.3404268, 29.442192 ], [ 79.337104, 29.4441941 ], [ 79.3375906, 29.4451247 ], [ 79.3401707, 29.4465395 ], [ 79.3408181, 29.4464516 ], [ 79.3424872, 29.4439897 ], [ 79.3438368, 29.4432478 ], [ 79.3450274, 29.4431846 ], [ 79.3456152, 29.444546 ], [ 79.346959, 29.4448912 ], [ 79.3486339, 29.4462116 ], [ 79.3495671, 29.4459209 ], [ 79.3504419, 29.446853 ], [ 79.3516551, 29.4474241 ], [ 79.3527417, 29.4474511 ], [ 79.3538497, 29.4483616 ], [ 79.3615477, 29.4459236 ], [ 79.3629193, 29.4458837 ], [ 79.3652908, 29.4476596 ], [ 79.3676132, 29.4489144 ], [ 79.3675543, 29.4503185 ], [ 79.3681229, 29.4504565 ], [ 79.3701701, 29.4498983 ], [ 79.3716649, 29.4510819 ], [ 79.3742569, 29.4502313 ] ], [ [ 79.377741, 29.4161691 ], [ 79.3791534, 29.4130829 ], [ 79.3808092, 29.4130553 ], [ 79.3821282, 29.413117 ], [ 79.3828896, 29.4134597 ], [ 79.3831839, 29.4141063 ], [ 79.3829078, 29.4150226 ], [ 79.3820509, 29.4156309 ], [ 79.3814383, 29.4165798 ], [ 79.3805554, 29.4172219 ], [ 79.3776136, 29.4183318 ], [ 79.3770587, 29.4180691 ], [ 79.3766491, 29.4172295 ], [ 79.377741, 29.4161691 ] ], [ [ 79.3700354, 29.407838 ], [ 79.3725488, 29.4070324 ], [ 79.3740737, 29.4072761 ], [ 79.3744341, 29.4076173 ], [ 79.3747546, 29.4081847 ], [ 79.3748969, 29.4107221 ], [ 79.3745954, 29.4115137 ], [ 79.3731703, 29.4119838 ], [ 79.3724336, 29.4118564 ], [ 79.3710591, 29.4100164 ], [ 79.3692029, 29.4087633 ], [ 79.3700354, 29.407838 ] ], [ [ 79.3894182, 29.403711 ], [ 79.388671, 29.4031192 ], [ 79.3879181, 29.40366 ], [ 79.3869875, 29.4035205 ], [ 79.3856475, 29.4024962 ], [ 79.3853692, 29.4012493 ], [ 79.3859423, 29.4004587 ], [ 79.3876749, 29.4005559 ], [ 79.3892759, 29.401083 ], [ 79.3901049, 29.400837 ], [ 79.3917455, 29.3986008 ], [ 79.3907695, 29.3971928 ], [ 79.3916287, 29.3960635 ], [ 79.3914522, 29.3951341 ], [ 79.3931419, 29.3934191 ], [ 79.3940745, 29.3931055 ], [ 79.3942803, 29.3933554 ], [ 79.3956271, 29.3929754 ], [ 79.3966077, 29.3934321 ], [ 79.3949113, 29.3965515 ], [ 79.3945424, 29.3979318 ], [ 79.3954437, 29.3987506 ], [ 79.3959555, 29.3998624 ], [ 79.3920094, 29.4027921 ], [ 79.3900903, 29.4037815 ], [ 79.3894182, 29.403711 ] ], [ [ 79.4071175, 29.3943658 ], [ 79.4096825, 29.3934466 ], [ 79.4100816, 29.3938331 ], [ 79.4099559, 29.3957806 ], [ 79.4077904, 29.3969731 ], [ 79.407354, 29.3962807 ], [ 79.4071175, 29.3943658 ] ], [ [ 79.4004605, 29.3936617 ], [ 79.3984432, 29.3936201 ], [ 79.3977863, 29.3930854 ], [ 79.4005519, 29.3908307 ], [ 79.4012373, 29.3908332 ], [ 79.4018438, 29.3910959 ], [ 79.4020351, 29.3916516 ], [ 79.4004605, 29.3936617 ] ], [ [ 79.3869122, 29.3926479 ], [ 79.3849578, 29.3955851 ], [ 79.3839457, 29.3962381 ], [ 79.3817732, 29.3962071 ], [ 79.3815443, 29.3954135 ], [ 79.382867, 29.3947163 ], [ 79.3828225, 29.3932665 ], [ 79.3818783, 29.3907034 ], [ 79.38173, 29.3893211 ], [ 79.3819675, 29.3883707 ], [ 79.3837337, 29.3869052 ], [ 79.3844423, 29.384824 ], [ 79.3858518, 29.3822471 ], [ 79.3870941, 29.382048 ], [ 79.3877644, 29.3825035 ], [ 79.3894228, 29.3818529 ], [ 79.3893395, 29.3830079 ], [ 79.3900005, 29.3853208 ], [ 79.3895831, 29.3860441 ], [ 79.3882072, 29.3870808 ], [ 79.3872049, 29.3858085 ], [ 79.3863282, 29.3852615 ], [ 79.385937, 29.3859169 ], [ 79.3850344, 29.3861704 ], [ 79.3861368, 29.3873447 ], [ 79.38704, 29.3877558 ], [ 79.3873722, 29.3885725 ], [ 79.3874696, 29.3897961 ], [ 79.3865835, 29.3911291 ], [ 79.3869122, 29.3926479 ] ], [ [ 79.4080011, 29.3880834 ], [ 79.4090143, 29.3871472 ], [ 79.4105157, 29.3868809 ], [ 79.4111976, 29.3876082 ], [ 79.4111682, 29.3883329 ], [ 79.4105324, 29.3887949 ], [ 79.4070478, 29.3900166 ], [ 79.4064278, 29.3898671 ], [ 79.4059667, 29.3889367 ], [ 79.4080011, 29.3880834 ] ], [ [ 79.4128269, 29.3876481 ], [ 79.4128912, 29.3849981 ], [ 79.4145122, 29.3840188 ], [ 79.4141031, 29.3830546 ], [ 79.4156575, 29.3824826 ], [ 79.4163298, 29.382519 ], [ 79.4189615, 29.3838536 ], [ 79.4191004, 29.3845677 ], [ 79.4199653, 29.3848766 ], [ 79.420222, 29.3852966 ], [ 79.4197376, 29.3865633 ], [ 79.4168677, 29.3863604 ], [ 79.4149107, 29.3872706 ], [ 79.4141361, 29.3869847 ], [ 79.4128269, 29.3876481 ] ], [ [ 79.3694937, 29.3948684 ], [ 79.3685839, 29.3957482 ], [ 79.3676262, 29.395903 ], [ 79.3667478, 29.3956958 ], [ 79.3646369, 29.3937394 ], [ 79.3635452, 29.3947771 ], [ 79.3623804, 29.394931 ], [ 79.3616325, 29.3945203 ], [ 79.361303, 29.3932053 ], [ 79.3610863, 29.3901013 ], [ 79.3616082, 29.3891972 ], [ 79.3627485, 29.3887714 ], [ 79.3647117, 29.3892322 ], [ 79.36564, 29.3898022 ], [ 79.3665712, 29.3897832 ], [ 79.3671943, 29.3893326 ], [ 79.3674319, 29.3883822 ], [ 79.3672841, 29.3869319 ], [ 79.3676526, 29.3856875 ], [ 79.3684828, 29.3851699 ], [ 79.3692014, 29.3862599 ], [ 79.3688036, 29.3882064 ], [ 79.3708711, 29.3885316 ], [ 79.3694937, 29.3948684 ] ], [ [ 79.3722822, 29.3958533 ], [ 79.3733161, 29.3959932 ], [ 79.3738792, 29.3971733 ], [ 79.3752468, 29.3978128 ], [ 79.3768999, 29.3982722 ], [ 79.3791766, 29.3981904 ], [ 79.3800283, 29.3985788 ], [ 79.3803617, 29.3991237 ], [ 79.380332, 29.3998936 ], [ 79.376677, 29.4014424 ], [ 79.3707488, 29.4023707 ], [ 79.3689117, 29.4024767 ], [ 79.3686542, 29.4022492 ], [ 79.3686334, 29.4012525 ], [ 79.3681433, 29.4010015 ], [ 79.366693, 29.4013355 ], [ 79.3662031, 29.4010165 ], [ 79.3660758, 29.4006309 ], [ 79.367558, 29.3990965 ], [ 79.3707442, 29.398203 ], [ 79.3722822, 29.3958533 ] ], [ [ 79.367895, 29.3762315 ], [ 79.368982, 29.3760772 ], [ 79.3701546, 29.3768634 ], [ 79.3717049, 29.3796895 ], [ 79.3686559, 29.3816822 ], [ 79.3674676, 29.3814058 ], [ 79.3660083, 29.378512 ], [ 79.3668437, 29.3769862 ], [ 79.367895, 29.3762315 ] ], [ [ 79.3668669, 29.367416 ], [ 79.3680076, 29.3668542 ], [ 79.3695086, 29.3666335 ], [ 79.3723515, 29.3669618 ], [ 79.3739971, 29.3688256 ], [ 79.3759596, 29.3693769 ], [ 79.3817571, 29.3735672 ], [ 79.3819362, 29.373953 ], [ 79.3813088, 29.3753097 ], [ 79.3740952, 29.3749646 ], [ 79.3710667, 29.3754965 ], [ 79.3697991, 29.3755821 ], [ 79.3692833, 29.3753083 ], [ 79.3677495, 29.3718139 ], [ 79.3668669, 29.367416 ] ], [ [ 79.3976602, 29.3712264 ], [ 79.4002122, 29.3702279 ], [ 79.4015041, 29.3704819 ], [ 79.4018251, 29.3709475 ], [ 79.4016521, 29.3719435 ], [ 79.4010286, 29.3725301 ], [ 79.3997347, 29.3727066 ], [ 79.3998995, 29.373398 ], [ 79.398579, 29.3737216 ], [ 79.3967867, 29.3726956 ], [ 79.3964925, 29.3720376 ], [ 79.3976602, 29.3712264 ] ], [ [ 79.3770306, 29.3672518 ], [ 79.3770954, 29.3646697 ], [ 79.375369, 29.3634398 ], [ 79.3746251, 29.3622364 ], [ 79.374577, 29.361534 ], [ 79.3748364, 29.3613764 ], [ 79.3761009, 29.3619024 ], [ 79.3774239, 29.3610467 ], [ 79.3784335, 29.360824 ], [ 79.3811202, 29.3613554 ], [ 79.3841876, 29.3632926 ], [ 79.3845504, 29.3631354 ], [ 79.3838353, 29.3613431 ], [ 79.3839681, 29.3606415 ], [ 79.3852894, 29.3601255 ], [ 79.3871196, 29.3612877 ], [ 79.3878885, 29.3626725 ], [ 79.3891252, 29.3635832 ], [ 79.3895852, 29.3646949 ], [ 79.3889389, 29.3646471 ], [ 79.3879605, 29.3638053 ], [ 79.3872608, 29.3640972 ], [ 79.3875943, 29.364642 ], [ 79.3903813, 29.3658079 ], [ 79.3893181, 29.3664155 ], [ 79.3875491, 29.368538 ], [ 79.3870313, 29.368672 ], [ 79.3844076, 29.3658531 ], [ 79.3838127, 29.3658735 ], [ 79.3834188, 29.3670725 ], [ 79.3820705, 29.3677922 ], [ 79.3796478, 29.3661973 ], [ 79.379439, 29.3665589 ], [ 79.3797899, 29.3687802 ], [ 79.3789101, 29.36889 ], [ 79.3779291, 29.3685691 ], [ 79.3773105, 29.368159 ], [ 79.3770306, 29.3672518 ] ], [ [ 79.3998529, 29.3670214 ], [ 79.400902, 29.3639786 ], [ 79.4021979, 29.3633718 ], [ 79.4033483, 29.3634328 ], [ 79.4046636, 29.3641625 ], [ 79.4032104, 29.3652217 ], [ 79.4019192, 29.3675161 ], [ 79.4011404, 29.3681474 ], [ 79.4002503, 29.367725 ], [ 79.3998529, 29.3670214 ] ], [ [ 79.3875125, 29.3602926 ], [ 79.3880088, 29.3592751 ], [ 79.3890723, 29.3585996 ], [ 79.3900832, 29.3581051 ], [ 79.3924641, 29.3577063 ], [ 79.3924418, 29.3569587 ], [ 79.3897082, 29.3554986 ], [ 79.3891734, 29.3538203 ], [ 79.3875983, 29.3534066 ], [ 79.3854494, 29.3539647 ], [ 79.3846753, 29.3536446 ], [ 79.3842399, 29.3528048 ], [ 79.3845298, 29.351696 ], [ 79.3853367, 29.3506343 ], [ 79.3862703, 29.3500716 ], [ 79.3870024, 29.3484207 ], [ 79.3890476, 29.3479075 ], [ 79.3906241, 29.3480494 ], [ 79.3912427, 29.3484368 ], [ 79.391703, 29.3494806 ], [ 79.3916462, 29.3504997 ], [ 79.3920065, 29.3508409 ], [ 79.3942798, 29.3512573 ], [ 79.3946919, 29.3515986 ], [ 79.3948907, 29.3532303 ], [ 79.3953279, 29.3537303 ], [ 79.39755, 29.3540331 ], [ 79.3981949, 29.3543526 ], [ 79.3985537, 29.3550109 ], [ 79.3942762, 29.3572827 ], [ 79.3930554, 29.3583881 ], [ 79.390231, 29.359578 ], [ 79.3900984, 29.360257 ], [ 79.3886194, 29.3612934 ], [ 79.3881285, 29.361201 ], [ 79.3875125, 29.3602926 ] ], [ [ 79.4527358, 29.3553288 ], [ 79.4536791, 29.3554453 ], [ 79.4548498, 29.3567518 ], [ 79.4550855, 29.3590065 ], [ 79.4556377, 29.3598578 ], [ 79.4546866, 29.3615082 ], [ 79.4531449, 29.3622165 ], [ 79.4521375, 29.3619752 ], [ 79.4517773, 29.3615776 ], [ 79.4515634, 29.360229 ], [ 79.4526958, 29.3585226 ], [ 79.4521101, 29.3564934 ], [ 79.4527358, 29.3553288 ] ], [ [ 79.4602404, 29.359862 ], [ 79.4621044, 29.3593586 ], [ 79.4649498, 29.3591189 ], [ 79.4651017, 29.3598782 ], [ 79.4647983, 29.361259 ], [ 79.4627404, 29.3617618 ], [ 79.4602404, 29.359862 ] ], [ [ 79.4677806, 29.3592528 ], [ 79.4673314, 29.3584925 ], [ 79.4673251, 29.3569522 ], [ 79.469342, 29.3569361 ], [ 79.4700049, 29.3591582 ], [ 79.4686978, 29.3594484 ], [ 79.4677806, 29.3592528 ] ], [ [ 79.4641132, 29.3552878 ], [ 79.4638835, 29.3545622 ], [ 79.4641211, 29.3534644 ], [ 79.466885, 29.3510837 ], [ 79.4685175, 29.350251 ], [ 79.4699872, 29.3512072 ], [ 79.4696462, 29.3523613 ], [ 79.4677293, 29.3531818 ], [ 79.4656516, 29.355293 ], [ 79.4641132, 29.3552878 ] ], [ [ 79.4700464, 29.3494858 ], [ 79.4635508, 29.3508008 ], [ 79.4622348, 29.3501961 ], [ 79.4623398, 29.3498227 ], [ 79.4630781, 29.349508 ], [ 79.4651466, 29.3495149 ], [ 79.4669582, 29.3490905 ], [ 79.4670251, 29.3485924 ], [ 79.4658662, 29.3475239 ], [ 79.4660784, 29.3462674 ], [ 79.4695712, 29.3457239 ], [ 79.4707964, 29.3464076 ], [ 79.4700464, 29.3494858 ] ], [ [ 79.4373246, 29.3445271 ], [ 79.4358322, 29.3453146 ], [ 79.432545, 29.3461187 ], [ 79.4296004, 29.345474 ], [ 79.4289825, 29.3449055 ], [ 79.4289355, 29.3438859 ], [ 79.4294566, 29.3430269 ], [ 79.4307271, 29.3422159 ], [ 79.4306261, 29.3416945 ], [ 79.4298028, 29.3408309 ], [ 79.4300112, 29.3404917 ], [ 79.4329364, 29.3397092 ], [ 79.435728, 29.3398323 ], [ 79.4379984, 29.3408597 ], [ 79.4379055, 29.3442346 ], [ 79.4400814, 29.343336 ], [ 79.4407273, 29.343429 ], [ 79.441139, 29.3438834 ], [ 79.4408467, 29.3456267 ], [ 79.4399657, 29.346054 ], [ 79.43813, 29.3460476 ], [ 79.4373246, 29.3445271 ] ], [ [ 79.4646361, 29.3434932 ], [ 79.465345, 29.3424989 ], [ 79.4648404, 29.3410927 ], [ 79.465199, 29.340369 ], [ 79.4677775, 29.3404795 ], [ 79.4687128, 29.3409244 ], [ 79.4698748, 29.342746 ], [ 79.4695755, 29.3432321 ], [ 79.4683604, 29.3431941 ], [ 79.4657127, 29.3441537 ], [ 79.4652474, 29.3441182 ], [ 79.4646361, 29.3434932 ] ], [ [ 79.4799969, 29.3412104 ], [ 79.4786613, 29.339122 ], [ 79.4796979, 29.338559 ], [ 79.4807298, 29.3390833 ], [ 79.4810331, 29.3407154 ], [ 79.4799969, 29.3412104 ] ], [ [ 79.4748767, 29.3353945 ], [ 79.4769202, 29.3351068 ], [ 79.4776691, 29.335313 ], [ 79.4780507, 29.336764 ], [ 79.4780173, 29.3385536 ], [ 79.4751986, 29.3387256 ], [ 79.4748767, 29.3353945 ] ], [ [ 79.4453375, 29.3358618 ], [ 79.4475341, 29.3331963 ], [ 79.4483613, 29.3332217 ], [ 79.4492355, 29.3342781 ], [ 79.4498696, 29.3370327 ], [ 79.4508814, 29.3391428 ], [ 79.4506986, 29.3395387 ], [ 79.4502707, 29.339843 ], [ 79.449327, 29.3398398 ], [ 79.4447704, 29.3383857 ], [ 79.4447244, 29.3371056 ], [ 79.4453375, 29.3358618 ] ], [ [ 79.4785519, 29.3344098 ], [ 79.4804223, 29.3322638 ], [ 79.4822021, 29.3332436 ], [ 79.4829199, 29.3346731 ], [ 79.4821606, 29.3369812 ], [ 79.4821555, 29.3381818 ], [ 79.4811464, 29.3383598 ], [ 79.4807598, 29.3380867 ], [ 79.4787554, 29.3352033 ], [ 79.4785519, 29.3344098 ] ], [ [ 79.4836219, 29.3337239 ], [ 79.4833205, 29.3316162 ], [ 79.4816915, 29.3316789 ], [ 79.4795761, 29.33063 ], [ 79.479322, 29.3295871 ], [ 79.4801317, 29.3276189 ], [ 79.4822015, 29.3272178 ], [ 79.4841389, 29.3275638 ], [ 79.4874901, 29.3235875 ], [ 79.4876466, 29.3232482 ], [ 79.4828932, 29.3225307 ], [ 79.4846229, 29.3168728 ], [ 79.4863654, 29.3143185 ], [ 79.4865239, 29.3134809 ], [ 79.4860363, 29.312641 ], [ 79.4893575, 29.3095933 ], [ 79.4899237, 29.3101841 ], [ 79.4910469, 29.3136085 ], [ 79.4935255, 29.3142959 ], [ 79.4934937, 29.3157457 ], [ 79.4929724, 29.3168087 ], [ 79.4934613, 29.317354 ], [ 79.4969491, 29.317818 ], [ 79.4984901, 29.3175311 ], [ 79.4992899, 29.3184037 ], [ 79.4997627, 29.3209997 ], [ 79.5006449, 29.3230389 ], [ 79.5013852, 29.3230412 ], [ 79.5033822, 29.3222531 ], [ 79.5038593, 29.3238033 ], [ 79.5028447, 29.3244356 ], [ 79.5008804, 29.3245883 ], [ 79.49849, 29.3270126 ], [ 79.4968298, 29.3280571 ], [ 79.4969287, 29.3291674 ], [ 79.4965627, 29.330163 ], [ 79.4933275, 29.3310817 ], [ 79.4928309, 29.3323713 ], [ 79.4916643, 29.3331832 ], [ 79.4885085, 29.3336263 ], [ 79.4879382, 29.3339868 ], [ 79.4848359, 29.3339996 ], [ 79.4836219, 29.3337239 ] ], [ [ 79.5034735, 29.3191314 ], [ 79.5021866, 29.3175205 ], [ 79.5023854, 29.3169256 ], [ 79.5037296, 29.3165137 ], [ 79.5050952, 29.3169052 ], [ 79.5056855, 29.3166703 ], [ 79.5044166, 29.3146217 ], [ 79.5051554, 29.3141075 ], [ 79.5068886, 29.3146724 ], [ 79.508177, 29.3179765 ], [ 79.5088206, 29.3187819 ], [ 79.5101301, 29.3188147 ], [ 79.5112909, 29.3192486 ], [ 79.5105155, 29.3207242 ], [ 79.5095623, 29.3216467 ], [ 79.5080805, 29.3216637 ], [ 79.5058783, 29.3196339 ], [ 79.5034735, 29.3191314 ] ], [ [ 79.508232, 29.3144684 ], [ 79.5078412, 29.3139292 ], [ 79.5082536, 29.3131269 ], [ 79.5093577, 29.3133743 ], [ 79.5100419, 29.3142301 ], [ 79.5095736, 29.3146806 ], [ 79.508232, 29.3144684 ] ], [ [ 79.5035095, 29.3121941 ], [ 79.503503, 29.3138298 ], [ 79.5017858, 29.3133797 ], [ 79.5018419, 29.3116436 ], [ 79.5035095, 29.3121941 ] ], [ [ 79.4674553, 29.3087408 ], [ 79.4617659, 29.3153821 ], [ 79.4609146, 29.3149941 ], [ 79.4613381, 29.3127302 ], [ 79.4584847, 29.3091186 ], [ 79.4579773, 29.3069421 ], [ 79.4579848, 29.3052204 ], [ 79.458379, 29.3037492 ], [ 79.4628248, 29.3036961 ], [ 79.4667341, 29.3021913 ], [ 79.468363, 29.3020381 ], [ 79.4716649, 29.3035215 ], [ 79.4721025, 29.3039534 ], [ 79.4712441, 29.3052419 ], [ 79.4716536, 29.306172 ], [ 79.4716981, 29.3078713 ], [ 79.4704287, 29.3085467 ], [ 79.4674553, 29.3087408 ] ], [ [ 79.4759505, 29.3046909 ], [ 79.475837, 29.3009752 ], [ 79.476231, 29.2994812 ], [ 79.4758263, 29.2974184 ], [ 79.4759845, 29.2966486 ], [ 79.4751403, 29.2946296 ], [ 79.4754521, 29.2942455 ], [ 79.4759696, 29.2940886 ], [ 79.4836637, 29.2958805 ], [ 79.4847503, 29.2956348 ], [ 79.4850325, 29.2961341 ], [ 79.4844301, 29.2980352 ], [ 79.4821548, 29.2982544 ], [ 79.4801089, 29.2992446 ], [ 79.4798477, 29.2998781 ], [ 79.4801021, 29.300853 ], [ 79.479699, 29.3045218 ], [ 79.4791481, 29.3064456 ], [ 79.4785773, 29.3069422 ], [ 79.478009, 29.3068724 ], [ 79.4773671, 29.3058735 ], [ 79.4759505, 29.3046909 ] ], [ [ 79.5204719, 29.3044327 ], [ 79.5183058, 29.3036729 ], [ 79.5151261, 29.3035979 ], [ 79.5148457, 29.3031245 ], [ 79.515188, 29.3013821 ], [ 79.5154674, 29.3011247 ], [ 79.5182583, 29.3011546 ], [ 79.5184254, 29.300145 ], [ 79.5188194, 29.3000012 ], [ 79.5208634, 29.3005596 ], [ 79.5216192, 29.2998588 ], [ 79.5227401, 29.2999914 ], [ 79.5228601, 29.3006732 ], [ 79.5223422, 29.3012887 ], [ 79.5223888, 29.3040295 ], [ 79.5214049, 29.304457 ], [ 79.5204719, 29.3044327 ] ], [ [ 79.4508944, 29.3013224 ], [ 79.4525325, 29.3049301 ], [ 79.4526312, 29.3059951 ], [ 79.4524219, 29.3065834 ], [ 79.4520075, 29.3067633 ], [ 79.4495796, 29.3063699 ], [ 79.4490486, 29.3037175 ], [ 79.4480227, 29.3019469 ], [ 79.4465052, 29.3002879 ], [ 79.4467732, 29.2981593 ], [ 79.4472139, 29.2978662 ], [ 79.4485807, 29.298528 ], [ 79.4508944, 29.3013224 ] ], [ [ 79.4407366, 29.3042552 ], [ 79.4386405, 29.3048255 ], [ 79.4361805, 29.3029819 ], [ 79.4356177, 29.3017113 ], [ 79.4357629, 29.3010435 ], [ 79.4369032, 29.3003792 ], [ 79.4409244, 29.302738 ], [ 79.4414773, 29.3033402 ], [ 79.4407366, 29.3042552 ] ], [ [ 79.4358519, 29.3070246 ], [ 79.436812, 29.3090442 ], [ 79.4371248, 29.3112993 ], [ 79.435814, 29.3124954 ], [ 79.4342345, 29.3131129 ], [ 79.4342459, 29.310621 ], [ 79.4335796, 29.3093726 ], [ 79.4335185, 29.3085909 ], [ 79.4348035, 29.3073834 ], [ 79.4358519, 29.3070246 ] ], [ [ 79.4174072, 29.3158506 ], [ 79.4174359, 29.3152391 ], [ 79.4186595, 29.3134085 ], [ 79.4201611, 29.3128929 ], [ 79.4218617, 29.3140544 ], [ 79.423068, 29.315871 ], [ 79.4257004, 29.3167866 ], [ 79.4277303, 29.319399 ], [ 79.4250307, 29.321836 ], [ 79.4247622, 29.3239644 ], [ 79.4234915, 29.3248207 ], [ 79.422716, 29.3248407 ], [ 79.4223614, 29.3232763 ], [ 79.4218974, 29.3230028 ], [ 79.4208652, 29.3225912 ], [ 79.4175304, 29.3226245 ], [ 79.4181569, 29.3213356 ], [ 79.4187528, 29.3210432 ], [ 79.4189629, 29.3203417 ], [ 79.4197153, 29.3197554 ], [ 79.4190481, 29.3187109 ], [ 79.4189492, 29.3177591 ], [ 79.4174072, 29.3158506 ] ], [ [ 79.3784309, 29.3253722 ], [ 79.3800324, 29.3256277 ], [ 79.3805215, 29.3260373 ], [ 79.38111, 29.3272628 ], [ 79.3808468, 29.3281906 ], [ 79.3813076, 29.3290985 ], [ 79.3841416, 29.3310349 ], [ 79.3845987, 29.3326904 ], [ 79.3854222, 29.3334411 ], [ 79.3853939, 29.3339393 ], [ 79.3847459, 29.3342767 ], [ 79.3840748, 29.3340702 ], [ 79.3802698, 29.3349844 ], [ 79.3798102, 29.3338499 ], [ 79.3823229, 29.3328403 ], [ 79.3826635, 29.3319354 ], [ 79.3800621, 29.3299998 ], [ 79.378902, 29.3293838 ], [ 79.3762686, 29.3286939 ], [ 79.3753671, 29.3280335 ], [ 79.3756282, 29.3275135 ], [ 79.376534, 29.3273131 ], [ 79.3769762, 29.3267711 ], [ 79.3768046, 29.3249129 ], [ 79.378072, 29.3247819 ], [ 79.3784309, 29.3253722 ] ], [ [ 79.4320396, 29.3323041 ], [ 79.4326919, 29.3309926 ], [ 79.4335201, 29.3307916 ], [ 79.4372698, 29.3305555 ], [ 79.4377856, 29.3308066 ], [ 79.4382207, 29.3317822 ], [ 79.4378556, 29.3324831 ], [ 79.4354507, 29.3326106 ], [ 79.4347502, 29.3331519 ], [ 79.4348722, 29.334738 ], [ 79.4335238, 29.3356394 ], [ 79.4285868, 29.3354407 ], [ 79.4273784, 29.3339867 ], [ 79.4272, 29.3334197 ], [ 79.4276422, 29.3328549 ], [ 79.4296407, 29.3311404 ], [ 79.4315738, 29.3323932 ], [ 79.4320396, 29.3323041 ] ], [ [ 79.4087316, 29.3354539 ], [ 79.4097221, 29.3364544 ], [ 79.4089251, 29.338241 ], [ 79.4091634, 29.3397596 ], [ 79.408631, 29.3402674 ], [ 79.4076843, 29.3408982 ], [ 79.4069864, 29.3408842 ], [ 79.4059432, 29.3400649 ], [ 79.4039397, 29.3400235 ], [ 79.4037516, 29.3387996 ], [ 79.4056533, 29.3358164 ], [ 79.4075823, 29.3352119 ], [ 79.4087316, 29.3354539 ] ], [ [ 79.3872306, 29.3389074 ], [ 79.3878458, 29.3399745 ], [ 79.3868567, 29.3413072 ], [ 79.3863388, 29.3414865 ], [ 79.3852556, 29.3409613 ], [ 79.3850523, 29.3402582 ], [ 79.3853134, 29.3397156 ], [ 79.3866103, 29.3388824 ], [ 79.3872306, 29.3389074 ] ], [ [ 79.3779405, 29.3406387 ], [ 79.3802838, 29.3425053 ], [ 79.3808216, 29.3435268 ], [ 79.3822882, 29.3449595 ], [ 79.3820273, 29.3454342 ], [ 79.378346, 29.3473682 ], [ 79.3752966, 29.3470845 ], [ 79.3741322, 29.3472613 ], [ 79.3730157, 29.3481856 ], [ 79.3700352, 29.3495785 ], [ 79.3692606, 29.3493715 ], [ 79.3684665, 29.3479187 ], [ 79.3667162, 29.3463714 ], [ 79.3665423, 29.3449889 ], [ 79.3673514, 29.3435196 ], [ 79.3704314, 29.3428522 ], [ 79.3724788, 29.3419087 ], [ 79.3767252, 29.3406567 ], [ 79.3779405, 29.3406387 ] ], [ [ 79.3772662, 29.3487232 ], [ 79.3783807, 29.3481838 ], [ 79.3820134, 29.3482091 ], [ 79.3832635, 29.3489841 ], [ 79.3819204, 29.3512895 ], [ 79.3801195, 29.3520641 ], [ 79.377973, 29.3521351 ], [ 79.3772755, 29.3520078 ], [ 79.3769938, 29.3514631 ], [ 79.3772662, 29.3487232 ] ], [ [ 79.3923808, 29.3483505 ], [ 79.3896723, 29.3470717 ], [ 79.3894691, 29.3463234 ], [ 79.3912845, 29.3451977 ], [ 79.392801, 29.3417828 ], [ 79.3938942, 29.3402692 ], [ 79.3958615, 29.3397782 ], [ 79.3961909, 29.3411612 ], [ 79.3965503, 29.3416837 ], [ 79.3971959, 29.3418447 ], [ 79.3992407, 29.3413539 ], [ 79.4001389, 29.3427391 ], [ 79.4000973, 29.3459783 ], [ 79.3990862, 29.3465408 ], [ 79.3982848, 29.3465152 ], [ 79.3977382, 29.3472606 ], [ 79.3965201, 29.3478677 ], [ 79.3950112, 29.3497423 ], [ 79.3929449, 29.3493268 ], [ 79.3923808, 29.3483505 ] ], [ [ 79.3973647, 29.3496378 ], [ 79.4022255, 29.3496559 ], [ 79.4027409, 29.3500203 ], [ 79.4015949, 29.3517376 ], [ 79.3998854, 29.3523429 ], [ 79.3981832, 29.3514531 ], [ 79.3965273, 29.3516734 ], [ 79.3960658, 29.3508789 ], [ 79.3963016, 29.3502455 ], [ 79.3973647, 29.3496378 ] ], [ [ 79.4065105, 29.3511215 ], [ 79.4101278, 29.3516672 ], [ 79.4110796, 29.3527127 ], [ 79.4102089, 29.3536496 ], [ 79.406967, 29.3529694 ], [ 79.4063868, 29.3526728 ], [ 79.4061831, 29.3520038 ], [ 79.406173, 29.3514148 ], [ 79.4065105, 29.3511215 ] ], [ [ 79.4115727, 29.3523067 ], [ 79.4143222, 29.3504706 ], [ 79.4157953, 29.3506119 ], [ 79.4160264, 29.3509638 ], [ 79.4157241, 29.3520161 ], [ 79.4134675, 29.3534916 ], [ 79.4123296, 29.3535554 ], [ 79.4115727, 29.3523067 ] ], [ [ 79.4605865, 29.3516743 ], [ 79.4613119, 29.3513483 ], [ 79.4619575, 29.3515204 ], [ 79.4624453, 29.3523148 ], [ 79.4613552, 29.3532626 ], [ 79.4599973, 29.3533713 ], [ 79.4597009, 29.3531437 ], [ 79.4598196, 29.3526232 ], [ 79.4605865, 29.3516743 ] ], [ [ 79.410484, 29.3474778 ], [ 79.4125876, 29.3482103 ], [ 79.4124282, 29.3491272 ], [ 79.4114033, 29.3498823 ], [ 79.4083623, 29.3504941 ], [ 79.4075268, 29.349483 ], [ 79.4074505, 29.3492223 ], [ 79.4082173, 29.3483529 ], [ 79.4092159, 29.347711 ], [ 79.410484, 29.3474778 ] ], [ [ 79.4276812, 29.3272144 ], [ 79.4308727, 29.3274635 ], [ 79.4314911, 29.3279075 ], [ 79.4317814, 29.3294262 ], [ 79.4313395, 29.3299571 ], [ 79.4304331, 29.3302937 ], [ 79.4292442, 29.3302441 ], [ 79.4268349, 29.3285479 ], [ 79.4267728, 29.3279926 ], [ 79.4276812, 29.3272144 ] ], [ [ 79.4379656, 29.3225047 ], [ 79.4393533, 29.3214674 ], [ 79.4407575, 29.319626 ], [ 79.4415205, 29.319538 ], [ 79.4426011, 29.3206518 ], [ 79.4424146, 29.3218858 ], [ 79.4393994, 29.3255339 ], [ 79.4388044, 29.3256451 ], [ 79.4385084, 29.3253722 ], [ 79.4381001, 29.3241815 ], [ 79.4369934, 29.3231129 ], [ 79.4370467, 29.3227846 ], [ 79.4379656, 29.3225047 ] ], [ [ 79.4567307, 29.3141759 ], [ 79.4545539, 29.3125148 ], [ 79.4524665, 29.3110918 ], [ 79.4540193, 29.310644 ], [ 79.4546261, 29.310782 ], [ 79.4597813, 29.3140842 ], [ 79.4590917, 29.315124 ], [ 79.4567307, 29.3141759 ] ], [ [ 79.4490149, 29.3112726 ], [ 79.4481485, 29.3113942 ], [ 79.447352, 29.3103267 ], [ 79.4471659, 29.308593 ], [ 79.44765, 29.3072694 ], [ 79.4487477, 29.3074431 ], [ 79.4499848, 29.3082515 ], [ 79.4517219, 29.3099566 ], [ 79.4490149, 29.3112726 ] ], [ [ 79.4829833, 29.2855477 ], [ 79.4937974, 29.2826143 ], [ 79.4948316, 29.2825042 ], [ 79.4958362, 29.2833003 ], [ 79.4958851, 29.2839801 ], [ 79.4953386, 29.2849072 ], [ 79.4935769, 29.2859892 ], [ 79.4931059, 29.287415 ], [ 79.4924571, 29.2880699 ], [ 79.4900736, 29.2895123 ], [ 79.4893718, 29.2904842 ], [ 79.4876095, 29.2916793 ], [ 79.4857712, 29.2925117 ], [ 79.484064, 29.2928687 ], [ 79.4827745, 29.2922076 ], [ 79.482082, 29.2909594 ], [ 79.4825283, 29.2892843 ], [ 79.4821461, 29.2879917 ], [ 79.482308, 29.2863385 ], [ 79.4829833, 29.2855477 ] ], [ [ 79.5057555, 29.2849425 ], [ 79.505642, 29.2818921 ], [ 79.5061798, 29.2807885 ], [ 79.5066254, 29.2805136 ], [ 79.5088209, 29.2811863 ], [ 79.5100518, 29.2805736 ], [ 79.5218154, 29.2793337 ], [ 79.5246086, 29.2795496 ], [ 79.5255507, 29.2810204 ], [ 79.5240441, 29.2819229 ], [ 79.5234557, 29.2835862 ], [ 79.5204671, 29.2835229 ], [ 79.5170608, 29.2841481 ], [ 79.5133464, 29.2863722 ], [ 79.5090801, 29.2881448 ], [ 79.5081355, 29.2879116 ], [ 79.5057555, 29.2849425 ] ], [ [ 79.4992017, 29.2761898 ], [ 79.4978519, 29.2754947 ], [ 79.4970355, 29.2743325 ], [ 79.4969884, 29.2732222 ], [ 79.4978302, 29.2727038 ], [ 79.4981543, 29.2718211 ], [ 79.5004125, 29.2725304 ], [ 79.5012232, 29.2725211 ], [ 79.5020994, 29.2720446 ], [ 79.5026163, 29.2711202 ], [ 79.5026931, 29.268088 ], [ 79.5029271, 29.2679965 ], [ 79.5060167, 29.2690016 ], [ 79.5084725, 29.2692358 ], [ 79.5112637, 29.2683799 ], [ 79.5144591, 29.274196 ], [ 79.5106815, 29.2751412 ], [ 79.5092401, 29.2758665 ], [ 79.5062894, 29.2740791 ], [ 79.5027585, 29.27596 ], [ 79.4992017, 29.2761898 ] ], [ [ 79.4984899, 29.343192 ], [ 79.499277, 29.3439509 ], [ 79.4991224, 29.3448241 ], [ 79.4972536, 29.3446178 ], [ 79.4934474, 29.3459651 ], [ 79.491735, 29.3474094 ], [ 79.4873591, 29.3489359 ], [ 79.4853583, 29.3513081 ], [ 79.4842714, 29.3515311 ], [ 79.4834708, 29.3513246 ], [ 79.4820041, 29.349621 ], [ 79.4827325, 29.3485587 ], [ 79.4868504, 29.3468956 ], [ 79.4917487, 29.3440795 ], [ 79.4928592, 29.3443775 ], [ 79.4961475, 29.3432326 ], [ 79.4984899, 29.343192 ] ], [ [ 79.4840042, 29.3536369 ], [ 79.4850823, 29.3554978 ], [ 79.4842266, 29.3560841 ], [ 79.4835807, 29.3559461 ], [ 79.4824638, 29.3571657 ], [ 79.4819724, 29.3571641 ], [ 79.4811759, 29.3559837 ], [ 79.483363, 29.3523663 ], [ 79.4836995, 29.3522768 ], [ 79.4840042, 29.3536369 ] ], [ [ 79.4868122, 29.3560924 ], [ 79.4897882, 29.3555355 ], [ 79.4906148, 29.3557193 ], [ 79.4913886, 29.3561975 ], [ 79.4919239, 29.3580794 ], [ 79.4914553, 29.3588254 ], [ 79.4906005, 29.3591851 ], [ 79.4890507, 29.3587951 ], [ 79.4882991, 29.3592231 ], [ 79.4867632, 29.3616873 ], [ 79.4855174, 29.3627933 ], [ 79.4834737, 29.3629906 ], [ 79.4808157, 29.3616909 ], [ 79.4781014, 29.3615009 ], [ 79.4768102, 29.361089 ], [ 79.476321, 29.3606117 ], [ 79.4760942, 29.3592065 ], [ 79.476641, 29.3583022 ], [ 79.4797714, 29.3579272 ], [ 79.4811703, 29.3573201 ], [ 79.4821214, 29.358637 ], [ 79.4831295, 29.3587309 ], [ 79.4851751, 29.3580579 ], [ 79.4855646, 29.3576741 ], [ 79.4855428, 29.3567 ], [ 79.4868122, 29.3560924 ] ], [ [ 79.4984896, 29.3757981 ], [ 79.4991909, 29.3763794 ], [ 79.4991543, 29.3779676 ], [ 79.4996007, 29.3796896 ], [ 79.497545, 29.3810432 ], [ 79.4968462, 29.3811769 ], [ 79.4954763, 29.3809914 ], [ 79.4936956, 29.3800344 ], [ 79.4879699, 29.3762336 ], [ 79.4874044, 29.3754163 ], [ 79.4885234, 29.373721 ], [ 79.4883701, 29.3732675 ], [ 79.4870521, 29.3730594 ], [ 79.4857923, 29.3712886 ], [ 79.4847345, 29.3706963 ], [ 79.482777, 29.3688099 ], [ 79.4826505, 29.36813 ], [ 79.4844154, 29.3666179 ], [ 79.4868219, 29.3662179 ], [ 79.4846823, 29.3646027 ], [ 79.4850218, 29.3638111 ], [ 79.4857479, 29.363315 ], [ 79.4872215, 29.3634103 ], [ 79.488776, 29.3626904 ], [ 79.4894734, 29.3628738 ], [ 79.4913287, 29.3644653 ], [ 79.4938082, 29.365198 ], [ 79.4952757, 29.3667882 ], [ 79.4961027, 29.3669041 ], [ 79.4967443, 29.368084 ], [ 79.4965821, 29.3698276 ], [ 79.4960367, 29.3703922 ], [ 79.4956949, 29.3717502 ], [ 79.4984896, 29.3757981 ] ], [ [ 79.5083907, 29.3903293 ], [ 79.5035215, 29.3930359 ], [ 79.5064766, 29.395547 ], [ 79.5065344, 29.3963672 ], [ 79.5035393, 29.396529 ], [ 79.5028269, 29.3969619 ], [ 79.5026602, 29.3979241 ], [ 79.5005245, 29.3974361 ], [ 79.5005739, 29.3953238 ], [ 79.4993176, 29.393858 ], [ 79.5012463, 29.3926517 ], [ 79.5022891, 29.391514 ], [ 79.4996502, 29.3896696 ], [ 79.5023034, 29.3879663 ], [ 79.5043214, 29.3872728 ], [ 79.5073812, 29.388236 ], [ 79.508332, 29.3897364 ], [ 79.5083907, 29.3903293 ] ], [ [ 79.5049232, 29.3993998 ], [ 79.5043023, 29.4011532 ], [ 79.5033484, 29.4014604 ], [ 79.5028225, 29.4006031 ], [ 79.5029055, 29.4001934 ], [ 79.5045379, 29.3992206 ], [ 79.5049232, 29.3993998 ] ] ] } },
{ "type": "Feature", "properties": { "gp_code": "23679", "gp_name": "JYOLIKOT", "blkname": "BHIMTAL", "dtname": "Nainital", "SHAPE_Area": 565124.69554071839 }, "geometry": { "type": "Polygon", "coordinates": [ [ [ 79.4730113, 29.3545074 ], [ 79.4736118, 29.3531503 ], [ 79.4765462, 29.3501697 ], [ 79.4757735, 29.3494649 ], [ 79.4758278, 29.3488535 ], [ 79.47754, 29.3474999 ], [ 79.4776974, 29.3469567 ], [ 79.4792242, 29.3466446 ], [ 79.4808592, 29.3452001 ], [ 79.4811202, 29.3445893 ], [ 79.4805733, 29.3436133 ], [ 79.475282, 29.3434151 ], [ 79.4745171, 29.3469916 ], [ 79.4742979, 29.3498905 ], [ 79.4735455, 29.3504996 ], [ 79.470826, 29.3515781 ], [ 79.4712258, 29.3548413 ], [ 79.472078, 29.3550707 ], [ 79.4730113, 29.3545074 ] ] ] } },
{ "type": "Feature", "properties": { "gp_code": "259950", "gp_name": "Sariatal", "blkname": "BHIMTAL", "dtname": "Nainital", "SHAPE_Area": 288585.70457706146 }, "geometry": { "type": "Polygon", "coordinates": [ [ [ 79.4760303, 29.3498735 ], [ 79.4798852, 29.3493197 ], [ 79.4809705, 29.3494817 ], [ 79.4818296, 29.3480575 ], [ 79.4832978, 29.346683 ], [ 79.4821282, 29.3447058 ], [ 79.4811202, 29.3445893 ], [ 79.4808592, 29.3452001 ], [ 79.4792242, 29.3466446 ], [ 79.4776974, 29.3469567 ], [ 79.47754, 29.3474999 ], [ 79.4758278, 29.3488535 ], [ 79.4760303, 29.3498735 ] ] ] } },
{ "type": "Feature", "properties": { "gp_code": "", "gp_name": "", "blkname": "BHIMTAL", "dtname": "Nainital", "SHAPE_Area": 137251.31512290682 }, "geometry": { "type": "Polygon", "coordinates": [ [ [ 79.4827392, 29.3531571 ], [ 79.4811759, 29.3559837 ], [ 79.4819724, 29.3571641 ], [ 79.4824638, 29.3571657 ], [ 79.4835807, 29.3559461 ], [ 79.4842266, 29.3560841 ], [ 79.4850823, 29.3554978 ], [ 79.4840042, 29.3536369 ], [ 79.4836995, 29.3522768 ], [ 79.4827392, 29.3531571 ] ] ] } },
{ "type": "Feature", "properties": { "gp_code": "23671", "gp_name": "GAETHIYA", "blkname": "BHIMTAL", "dtname": "Nainital", "SHAPE_Area": 870984.9248899587 }, "geometry": { "type": "Polygon", "coordinates": [ [ [ 79.4797714, 29.3579272 ], [ 79.476641, 29.3583022 ], [ 79.4760942, 29.3592065 ], [ 79.476321, 29.3606117 ], [ 79.4768102, 29.361089 ], [ 79.4781014, 29.3615009 ], [ 79.4808157, 29.3616909 ], [ 79.4834737, 29.3629906 ], [ 79.4855174, 29.3627933 ], [ 79.4867632, 29.3616873 ], [ 79.4882991, 29.3592231 ], [ 79.4890507, 29.3587951 ], [ 79.4906005, 29.3591851 ], [ 79.4914553, 29.3588254 ], [ 79.4919239, 29.3580794 ], [ 79.4913886, 29.3561975 ], [ 79.4897882, 29.3555355 ], [ 79.4858803, 29.3563612 ], [ 79.4855428, 29.3567 ], [ 79.4855646, 29.3576741 ], [ 79.4851751, 29.3580579 ], [ 79.4831295, 29.3587309 ], [ 79.4821214, 29.358637 ], [ 79.4811703, 29.3573201 ], [ 79.4797714, 29.3579272 ] ] ] } },
{ "type": "Feature", "properties": { "gp_code": "23661", "gp_name": "BELUWA KHAN", "blkname": "BHIMTAL", "dtname": "Nainital", "SHAPE_Area": 731524.92020934517 }, "geometry": { "type": "Polygon", "coordinates": [ [ [ 79.4809705, 29.3494817 ], [ 79.4798852, 29.3493197 ], [ 79.4764441, 29.3498522 ], [ 79.4765462, 29.3501697 ], [ 79.4736118, 29.3531503 ], [ 79.4730113, 29.3545074 ], [ 79.4730327, 29.3555268 ], [ 79.471318, 29.3574466 ], [ 79.470636, 29.3597097 ], [ 79.4716629, 29.3614573 ], [ 79.4706434, 29.3640362 ], [ 79.4718278, 29.365218 ], [ 79.4730011, 29.362934 ], [ 79.4738398, 29.3603091 ], [ 79.4741879, 29.3575014 ], [ 79.474685, 29.3561438 ], [ 79.4758799, 29.3548792 ], [ 79.4788022, 29.3547527 ], [ 79.4794245, 29.3543244 ], [ 79.4799741, 29.3527631 ], [ 79.4798748, 29.3517888 ], [ 79.4808117, 29.350342 ], [ 79.4809705, 29.3494817 ] ] ] } },
{ "type": "Feature", "properties": { "gp_code": "", "gp_name": "", "blkname": "BHIMTAL", "dtname": "Nainital", "SHAPE_Area": 121593.90606954065 }, "geometry": { "type": "Polygon", "coordinates": [ [ [ 79.4602404, 29.359862 ], [ 79.4627404, 29.3617618 ], [ 79.4647983, 29.361259 ], [ 79.4651017, 29.3598782 ], [ 79.4649498, 29.3591189 ], [ 79.4621044, 29.3593586 ], [ 79.4602404, 29.359862 ] ] ] } },
{ "type": "Feature", "properties": { "gp_code": "", "gp_name": "", "blkname": "BHIMTAL", "dtname": "Nainital", "SHAPE_Area": 261558.90403531949 }, "geometry": { "type": "Polygon", "coordinates": [ [ [ 79.4532145, 29.3552512 ], [ 79.452268, 29.3558596 ], [ 79.4521101, 29.3564934 ], [ 79.4526958, 29.3585226 ], [ 79.4515634, 29.360229 ], [ 79.4517773, 29.3615776 ], [ 79.4521375, 29.3619752 ], [ 79.4531449, 29.3622165 ], [ 79.4546866, 29.3615082 ], [ 79.4556377, 29.3598578 ], [ 79.4550855, 29.3590065 ], [ 79.4548498, 29.3567518 ], [ 79.4532145, 29.3552512 ] ] ] } },
{ "type": "Feature", "properties": { "gp_code": "", "gp_name": "", "blkname": "BHIMTAL", "dtname": "Nainital", "SHAPE_Area": 108932.24607575289 }, "geometry": { "type": "Polygon", "coordinates": [ [ [ 79.4408467, 29.3456267 ], [ 79.441139, 29.3438834 ], [ 79.4407273, 29.343429 ], [ 79.4395121, 29.3434474 ], [ 79.4373246, 29.3445271 ], [ 79.43813, 29.3460476 ], [ 79.4399657, 29.346054 ], [ 79.4408467, 29.3456267 ] ] ] } },
{ "type": "Feature", "properties": { "gp_code": "", "gp_name": "", "blkname": "BHIMTAL", "dtname": "Nainital", "SHAPE_Area": 1826941.8661752113 }, "geometry": { "type": "Polygon", "coordinates": [ [ [ 79.431131, 29.3780418 ], [ 79.4329774, 29.3758284 ], [ 79.432528, 29.3723158 ], [ 79.4337291, 29.3698057 ], [ 79.4353369, 29.3688147 ], [ 79.4352635, 29.3679084 ], [ 79.4351101, 29.3675454 ], [ 79.4339217, 29.3672921 ], [ 79.4324972, 29.3677627 ], [ 79.4320584, 29.36758 ], [ 79.4326597, 29.3661777 ], [ 79.4320991, 29.3643635 ], [ 79.4322564, 29.3638884 ], [ 79.4318475, 29.3628449 ], [ 79.4305091, 29.3614811 ], [ 79.4290896, 29.3608871 ], [ 79.4286487, 29.3611801 ], [ 79.4286708, 29.3619956 ], [ 79.4298539, 29.3633815 ], [ 79.4299553, 29.3638123 ], [ 79.4296958, 29.3640152 ], [ 79.4283035, 29.3631269 ], [ 79.4273288, 29.3614245 ], [ 79.4255177, 29.3616219 ], [ 79.423573, 29.3627702 ], [ 79.4239053, 29.3636095 ], [ 79.4276797, 29.3638269 ], [ 79.4285831, 29.3641699 ], [ 79.4291471, 29.3652365 ], [ 79.4274206, 29.3695116 ], [ 79.4262007, 29.3704586 ], [ 79.4230757, 29.3695867 ], [ 79.4222071, 29.3673184 ], [ 79.4211234, 29.3667935 ], [ 79.4204758, 29.3670403 ], [ 79.4212965, 29.368493 ], [ 79.4212419, 29.3691044 ], [ 79.4222434, 29.3706257 ], [ 79.4223848, 29.3735709 ], [ 79.4258056, 29.3775698 ], [ 79.4271668, 29.3796132 ], [ 79.4292332, 29.3785777 ], [ 79.431131, 29.3780418 ] ] ] } },
{ "type": "Feature", "properties": { "gp_code": "23657", "gp_name": "BAJOON", "blkname": "BHIMTAL", "dtname": "Nainital", "SHAPE_Area": 2007901.7528546492 }, "geometry": { "type": "Polygon", "coordinates": [ [ [ 79.4041589, 29.3776497 ], [ 79.405173, 29.3765209 ], [ 79.406286, 29.3763211 ], [ 79.4068341, 29.3752812 ], [ 79.4079991, 29.3750137 ], [ 79.4084926, 29.3745624 ], [ 79.4145982, 29.3740638 ], [ 79.4200848, 29.3732003 ], [ 79.4223848, 29.3735709 ], [ 79.4222434, 29.3706257 ], [ 79.4212419, 29.3691044 ], [ 79.4212965, 29.368493 ], [ 79.4204758, 29.3670403 ], [ 79.41453, 29.3666338 ], [ 79.4111418, 29.3667573 ], [ 79.4070267, 29.3674897 ], [ 79.406119, 29.36803 ], [ 79.4058814, 29.3690258 ], [ 79.4062394, 29.3698652 ], [ 79.4067037, 29.3701388 ], [ 79.407997, 29.3700756 ], [ 79.408176, 29.370484 ], [ 79.4072924, 29.3713867 ], [ 79.4052703, 29.3724213 ], [ 79.4035366, 29.3726414 ], [ 79.400058, 29.3753694 ], [ 79.3995377, 29.3760017 ], [ 79.4002263, 29.3779975 ], [ 79.3990829, 29.3791031 ], [ 79.3992038, 29.3808478 ], [ 79.3999509, 29.3814395 ], [ 79.4005982, 29.3812834 ], [ 79.4009973, 29.3789744 ], [ 79.4019589, 29.3780266 ], [ 79.4041589, 29.3776497 ] ] ] } },
{ "type": "Feature", "properties": { "gp_code": "", "gp_name": "", "blkname": "BHIMTAL", "dtname": "Nainital", "SHAPE_Area": 158614.63249119002 }, "geometry": { "type": "Polygon", "coordinates": [ [ [ 79.4002122, 29.3702279 ], [ 79.3976602, 29.3712264 ], [ 79.3964925, 29.3720376 ], [ 79.3967867, 29.3726956 ], [ 79.398579, 29.3737216 ], [ 79.3998995, 29.373398 ], [ 79.3997347, 29.3727066 ], [ 79.4010286, 29.3725301 ], [ 79.4016521, 29.3719435 ], [ 79.4018251, 29.3709475 ], [ 79.4015041, 29.3704819 ], [ 79.4002122, 29.3702279 ] ] ] } },
{ "type": "Feature", "properties": { "gp_code": "", "gp_name": "", "blkname": "BHIMTAL", "dtname": "Nainital", "SHAPE_Area": 173764.22865892592 }, "geometry": { "type": "Polygon", "coordinates": [ [ [ 79.4030149, 29.3655381 ], [ 79.404533, 29.3644338 ], [ 79.4046636, 29.3641625 ], [ 79.4043163, 29.3638101 ], [ 79.4021979, 29.3633718 ], [ 79.400902, 29.3639786 ], [ 79.3999086, 29.3661835 ], [ 79.3998529, 29.3670214 ], [ 79.4002503, 29.367725 ], [ 79.4014641, 29.3680467 ], [ 79.4030149, 29.3655381 ] ] ] } },
{ "type": "Feature", "properties": { "gp_code": "", "gp_name": "", "blkname": "BHIMTAL", "dtname": "Nainital", "SHAPE_Area": 119558.17986759594 }, "geometry": { "type": "Polygon", "coordinates": [ [ [ 79.4101278, 29.3516672 ], [ 79.4065105, 29.3511215 ], [ 79.406173, 29.3514148 ], [ 79.4063868, 29.3526728 ], [ 79.4095882, 29.35367 ], [ 79.4107536, 29.3532891 ], [ 79.4110796, 29.3527127 ], [ 79.4107593, 29.3520886 ], [ 79.4101278, 29.3516672 ] ] ] } },
{ "type": "Feature", "properties": { "gp_code": "", "gp_name": "", "blkname": "BHIMTAL", "dtname": "Nainital", "SHAPE_Area": 185793.15450787402 }, "geometry": { "type": "Polygon", "coordinates": [ [ [ 79.3973647, 29.3496378 ], [ 79.3963016, 29.3502455 ], [ 79.3960658, 29.3508789 ], [ 79.3965273, 29.3516734 ], [ 79.3981832, 29.3514531 ], [ 79.3998854, 29.3523429 ], [ 79.4015949, 29.3517376 ], [ 79.4027409, 29.3500203 ], [ 79.4022255, 29.3496559 ], [ 79.3973647, 29.3496378 ] ] ] } },
{ "type": "Feature", "properties": { "gp_code": "", "gp_name": "", "blkname": "BHIMTAL", "dtname": "Nainital", "SHAPE_Area": 153182.13321038987 }, "geometry": { "type": "Polygon", "coordinates": [ [ [ 79.4125876, 29.3482103 ], [ 79.410484, 29.3474778 ], [ 79.4092159, 29.347711 ], [ 79.4082173, 29.3483529 ], [ 79.4074505, 29.3492223 ], [ 79.4075268, 29.349483 ], [ 79.4083623, 29.3504941 ], [ 79.4114033, 29.3498823 ], [ 79.4124282, 29.3491272 ], [ 79.4125876, 29.3482103 ] ] ] } },
{ "type": "Feature", "properties": { "gp_code": "23672", "gp_name": "GAHLANA", "blkname": "BHIMTAL", "dtname": "Nainital", "SHAPE_Area": 125207.13717530038 }, "geometry": { "type": "Polygon", "coordinates": [ [ [ 79.4143222, 29.3504706 ], [ 79.4115727, 29.3523067 ], [ 79.4123296, 29.3535554 ], [ 79.4134675, 29.3534916 ], [ 79.4157241, 29.3520161 ], [ 79.4160264, 29.3509638 ], [ 79.4157953, 29.3506119 ], [ 79.4143222, 29.3504706 ] ] ] } },
{ "type": "Feature", "properties": { "gp_code": "23663", "gp_name": "BHORAGAON", "blkname": "BHIMTAL", "dtname": "Nainital", "SHAPE_Area": 950861.95583393937 }, "geometry": { "type": "Polygon", "coordinates": [ [ [ 79.4174072, 29.3158506 ], [ 79.4189492, 29.3177591 ], [ 79.4190481, 29.3187109 ], [ 79.4197153, 29.3197554 ], [ 79.4189629, 29.3203417 ], [ 79.4187528, 29.3210432 ], [ 79.4181569, 29.3213356 ], [ 79.4175304, 29.3226245 ], [ 79.4208652, 29.3225912 ], [ 79.4218974, 29.3230028 ], [ 79.4223614, 29.3232763 ], [ 79.422716, 29.3248407 ], [ 79.4234915, 29.3248207 ], [ 79.4247622, 29.3239644 ], [ 79.4250307, 29.321836 ], [ 79.4277303, 29.319399 ], [ 79.4257004, 29.3167866 ], [ 79.423068, 29.315871 ], [ 79.4218617, 29.3140544 ], [ 79.4201611, 29.3128929 ], [ 79.4186595, 29.3134085 ], [ 79.4174359, 29.3152391 ], [ 79.4174072, 29.3158506 ] ] ] } },
{ "type": "Feature", "properties": { "gp_code": "23827", "gp_name": "DHAPALA", "blkname": "KOTABAG", "dtname": "Nainital", "SHAPE_Area": 570175.05995395849 }, "geometry": { "type": "Polygon", "coordinates": [ [ [ 79.4091462, 29.3150048 ], [ 79.4075394, 29.3140703 ], [ 79.4061505, 29.3137364 ], [ 79.4051126, 29.3138487 ], [ 79.4035875, 29.3142879 ], [ 79.40279, 29.3149039 ], [ 79.4020551, 29.3162553 ], [ 79.4036361, 29.3179441 ], [ 79.4053976, 29.3188404 ], [ 79.4083668, 29.3210566 ], [ 79.410595, 29.3212969 ], [ 79.4114803, 29.3207972 ], [ 79.4113728, 29.3201972 ], [ 79.4095966, 29.3177339 ], [ 79.4097128, 29.3165351 ], [ 79.4091462, 29.3150048 ] ] ] } },
{ "type": "Feature", "properties": { "gp_code": "23686", "gp_name": "MANGOLI", "blkname": "BHIMTAL", "dtname": "Nainital", "SHAPE_Area": 334236.42648443149 }, "geometry": { "type": "Polygon", "coordinates": [ [ [ 79.4076843, 29.3408982 ], [ 79.4091634, 29.3397596 ], [ 79.4089251, 29.338241 ], [ 79.4097221, 29.3364544 ], [ 79.4096076, 29.3361028 ], [ 79.4087316, 29.3354539 ], [ 79.4075823, 29.3352119 ], [ 79.4056533, 29.3358164 ], [ 79.4037516, 29.3387996 ], [ 79.4039397, 29.3400235 ], [ 79.4059432, 29.3400649 ], [ 79.4069864, 29.3408842 ], [ 79.4076843, 29.3408982 ] ] ] } },
{ "type": "Feature", "properties": { "gp_code": "23686", "gp_name": "MANGOLI", "blkname": "BHIMTAL", "dtname": "Nainital", "SHAPE_Area": 69841.425237840012 }, "geometry": { "type": "Polygon", "coordinates": [ [ [ 79.3872306, 29.3389074 ], [ 79.3866103, 29.3388824 ], [ 79.3853134, 29.3397156 ], [ 79.3850523, 29.3402582 ], [ 79.3852556, 29.3409613 ], [ 79.3863388, 29.3414865 ], [ 79.3868567, 29.3413072 ], [ 79.3878458, 29.3399745 ], [ 79.3872306, 29.3389074 ] ] ] } },
{ "type": "Feature", "properties": { "gp_code": "23690", "gp_name": "NALNI", "blkname": "BHIMTAL", "dtname": "Nainital", "SHAPE_Area": 481883.87543177337 }, "geometry": { "type": "Polygon", "coordinates": [ [ [ 79.3802698, 29.3349844 ], [ 79.3840748, 29.3340702 ], [ 79.3847459, 29.3342767 ], [ 79.3853939, 29.3339393 ], [ 79.3854222, 29.3334411 ], [ 79.3845987, 29.3326904 ], [ 79.3841416, 29.3310349 ], [ 79.3813076, 29.3290985 ], [ 79.3808468, 29.3281906 ], [ 79.38111, 29.3272628 ], [ 79.3800324, 29.3256277 ], [ 79.3784309, 29.3253722 ], [ 79.378072, 29.3247819 ], [ 79.3768046, 29.3249129 ], [ 79.3769762, 29.3267711 ], [ 79.376534, 29.3273131 ], [ 79.3756282, 29.3275135 ], [ 79.3753671, 29.3280335 ], [ 79.3762686, 29.3286939 ], [ 79.378902, 29.3293838 ], [ 79.3800621, 29.3299998 ], [ 79.3826635, 29.3319354 ], [ 79.3823229, 29.3328403 ], [ 79.3798102, 29.3338499 ], [ 79.3802698, 29.3349844 ] ] ] } },
{ "type": "Feature", "properties": { "gp_code": "23690", "gp_name": "NALNI", "blkname": "BHIMTAL", "dtname": "Nainital", "SHAPE_Area": 1179189.9175866395 }, "geometry": { "type": "Polygon", "coordinates": [ [ [ 79.3741322, 29.3472613 ], [ 79.3752966, 29.3470845 ], [ 79.378346, 29.3473682 ], [ 79.3820273, 29.3454342 ], [ 79.3822882, 29.3449595 ], [ 79.3808216, 29.3435268 ], [ 79.3802838, 29.3425053 ], [ 79.3779405, 29.3406387 ], [ 79.3743693, 29.3412818 ], [ 79.3704314, 29.3428522 ], [ 79.3673514, 29.3435196 ], [ 79.3665423, 29.3449889 ], [ 79.3669213, 29.346712 ], [ 79.3684665, 29.3479187 ], [ 79.3692606, 29.3493715 ], [ 79.3700352, 29.3495785 ], [ 79.3709414, 29.3493329 ], [ 79.3741322, 29.3472613 ] ] ] } },
{ "type": "Feature", "properties": { "gp_code": "", "gp_name": "", "blkname": "BHIMTAL", "dtname": "Nainital", "SHAPE_Area": 280075.9691443771 }, "geometry": { "type": "Polygon", "coordinates": [ [ [ 79.3772662, 29.3487232 ], [ 79.3769938, 29.3514631 ], [ 79.3772755, 29.3520078 ], [ 79.377973, 29.3521351 ], [ 79.3801195, 29.3520641 ], [ 79.3819204, 29.3512895 ], [ 79.3832635, 29.3489841 ], [ 79.3820134, 29.3482091 ], [ 79.3783807, 29.3481838 ], [ 79.3772662, 29.3487232 ] ] ] } },
{ "type": "Feature", "properties": { "gp_code": "", "gp_name": "", "blkname": "BHIMTAL", "dtname": "Nainital", "SHAPE_Area": 164671.17430694835 }, "geometry": { "type": "Polygon", "coordinates": [ [ [ 79.3916462, 29.3504997 ], [ 79.391703, 29.3494806 ], [ 79.3912427, 29.3484368 ], [ 79.3906241, 29.3480494 ], [ 79.3890476, 29.3479075 ], [ 79.3870024, 29.3484207 ], [ 79.3862703, 29.3500716 ], [ 79.3884647, 29.3507596 ], [ 79.3908462, 29.3502023 ], [ 79.3916462, 29.3504997 ] ] ] } },
{ "type": "Feature", "properties": { "gp_code": "23686", "gp_name": "MANGOLI", "blkname": "BHIMTAL", "dtname": "Nainital", "SHAPE_Area": 872024.32710765046 }, "geometry": { "type": "Polygon", "coordinates": [ [ [ 79.398051, 29.3467408 ], [ 79.4000973, 29.3459783 ], [ 79.4001389, 29.3427391 ], [ 79.3992407, 29.3413539 ], [ 79.3971959, 29.3418447 ], [ 79.3965503, 29.3416837 ], [ 79.3961909, 29.3411612 ], [ 79.3961694, 29.3402551 ], [ 79.3958615, 29.3397782 ], [ 79.3953705, 29.3397537 ], [ 79.3938942, 29.3402692 ], [ 79.392801, 29.3417828 ], [ 79.3912845, 29.3451977 ], [ 79.3894691, 29.3463234 ], [ 79.3896723, 29.3470717 ], [ 79.3919686, 29.3480545 ], [ 79.3929449, 29.3493268 ], [ 79.3938221, 29.3496925 ], [ 79.3950112, 29.3497423 ], [ 79.3965201, 29.3478677 ], [ 79.3977382, 29.3472606 ], [ 79.398051, 29.3467408 ] ] ] } },
{ "type": "Feature", "properties": { "gp_code": "23681", "gp_name": "KHAMARI", "blkname": "BHIMTAL", "dtname": "Nainital", "SHAPE_Area": 783234.36910547677 }, "geometry": { "type": "Polygon", "coordinates": [ [ [ 79.3920065, 29.3508409 ], [ 79.3908462, 29.3502023 ], [ 79.3884647, 29.3507596 ], [ 79.3862703, 29.3500716 ], [ 79.3853367, 29.3506343 ], [ 79.3845298, 29.351696 ], [ 79.3842399, 29.3528048 ], [ 79.3846753, 29.3536446 ], [ 79.3854494, 29.3539647 ], [ 79.3875983, 29.3534066 ], [ 79.3891734, 29.3538203 ], [ 79.3897082, 29.3554986 ], [ 79.3919528, 29.3565038 ], [ 79.3925947, 29.357435 ], [ 79.3939374, 29.3578251 ], [ 79.3942762, 29.3572827 ], [ 79.3985537, 29.3550109 ], [ 79.3981949, 29.3543526 ], [ 79.39755, 29.3540331 ], [ 79.3953279, 29.3537303 ], [ 79.3948907, 29.3532303 ], [ 79.3946919, 29.3515986 ], [ 79.3942798, 29.3512573 ], [ 79.3920065, 29.3508409 ] ] ] } },
{ "type": "Feature", "properties": { "gp_code": "", "gp_name": "", "blkname": "BHIMTAL", "dtname": "Nainital", "SHAPE_Area": 130070.68810896207 }, "geometry": { "type": "Polygon", "coordinates": [ [ [ 79.3939374, 29.3578251 ], [ 79.3925947, 29.357435 ], [ 79.3924641, 29.3577063 ], [ 79.3900832, 29.3581051 ], [ 79.3880088, 29.3592751 ], [ 79.3875125, 29.3602926 ], [ 79.3881285, 29.361201 ], [ 79.3886194, 29.3612934 ], [ 79.3900984, 29.360257 ], [ 79.390231, 29.359578 ], [ 79.3939374, 29.3578251 ] ] ] } },
{ "type": "Feature", "properties": { "gp_code": "23708", "gp_name": "THAPALA", "blkname": "BHIMTAL", "dtname": "Nainital", "SHAPE_Area": 1110438.0060634441 }, "geometry": { "type": "Polygon", "coordinates": [ [ [ 79.3770954, 29.3646697 ], [ 79.376881, 29.3661413 ], [ 79.3773105, 29.368159 ], [ 79.3789101, 29.36889 ], [ 79.3797899, 29.3687802 ], [ 79.3799213, 29.3683729 ], [ 79.379439, 29.3665589 ], [ 79.3796478, 29.3661973 ], [ 79.3820705, 29.3677922 ], [ 79.3834188, 29.3670725 ], [ 79.3838127, 29.3658735 ], [ 79.3844076, 29.3658531 ], [ 79.3870313, 29.368672 ], [ 79.3875491, 29.368538 ], [ 79.3893181, 29.3664155 ], [ 79.3903813, 29.3658079 ], [ 79.3875943, 29.364642 ], [ 79.3872608, 29.3640972 ], [ 79.3879605, 29.3638053 ], [ 79.3889389, 29.3646471 ], [ 79.3895852, 29.3646949 ], [ 79.3891252, 29.3635832 ], [ 79.3878885, 29.3626725 ], [ 79.3871196, 29.3612877 ], [ 79.3852894, 29.3601255 ], [ 79.3839681, 29.3606415 ], [ 79.3838353, 29.3613431 ], [ 79.3845504, 29.3631354 ], [ 79.3841876, 29.3632926 ], [ 79.3811202, 29.3613554 ], [ 79.3784335, 29.360824 ], [ 79.3774239, 29.3610467 ], [ 79.3761009, 29.3619024 ], [ 79.3748364, 29.3613764 ], [ 79.374577, 29.361534 ], [ 79.3746251, 29.3622364 ], [ 79.375369, 29.3634398 ], [ 79.3770954, 29.3646697 ] ] ] } },
{ "type": "Feature", "properties": { "gp_code": "23676", "gp_name": "JALAL GAON", "blkname": "BHIMTAL", "dtname": "Nainital", "SHAPE_Area": 1204842.5384130711 }, "geometry": { "type": "Polygon", "coordinates": [ [ [ 79.3668669, 29.367416 ], [ 79.3677495, 29.3718139 ], [ 79.3692833, 29.3753083 ], [ 79.3697991, 29.3755821 ], [ 79.3710667, 29.3754965 ], [ 79.3740952, 29.3749646 ], [ 79.3813088, 29.3753097 ], [ 79.3819362, 29.373953 ], [ 79.3817571, 29.3735672 ], [ 79.3759596, 29.3693769 ], [ 79.3739971, 29.3688256 ], [ 79.3723515, 29.3669618 ], [ 79.3695086, 29.3666335 ], [ 79.3680076, 29.3668542 ], [ 79.3668669, 29.367416 ] ] ] } },
{ "type": "Feature", "properties": { "gp_code": "", "gp_name": "", "blkname": "BHIMTAL", "dtname": "Nainital", "SHAPE_Area": 301630.87068966479 }, "geometry": { "type": "Polygon", "coordinates": [ [ [ 79.369395, 29.3762034 ], [ 79.367895, 29.3762315 ], [ 79.3668437, 29.3769862 ], [ 79.3660083, 29.378512 ], [ 79.3676733, 29.3816444 ], [ 79.3692779, 29.3814242 ], [ 79.3717049, 29.3796895 ], [ 79.3701546, 29.3768634 ], [ 79.369395, 29.3762034 ] ] ] } },
{ "type": "Feature", "properties": { "gp_code": "23657", "gp_name": "BAJOON", "blkname": "BHIMTAL", "dtname": "Nainital", "SHAPE_Area": 843901.52136189642 }, "geometry": { "type": "Polygon", "coordinates": [ [ [ 79.385937, 29.3859169 ], [ 79.3863282, 29.3852615 ], [ 79.3872049, 29.3858085 ], [ 79.3882072, 29.3870808 ], [ 79.3895831, 29.3860441 ], [ 79.3900005, 29.3853208 ], [ 79.3893395, 29.3830079 ], [ 79.3894228, 29.3818529 ], [ 79.3877644, 29.3825035 ], [ 79.3870941, 29.382048 ], [ 79.3858518, 29.3822471 ], [ 79.3844423, 29.384824 ], [ 79.3837337, 29.3869052 ], [ 79.3819675, 29.3883707 ], [ 79.38173, 29.3893211 ], [ 79.3818783, 29.3907034 ], [ 79.3828225, 29.3932665 ], [ 79.382867, 29.3947163 ], [ 79.3815443, 29.3954135 ], [ 79.3817732, 29.3962071 ], [ 79.3839457, 29.3962381 ], [ 79.3849578, 29.3955851 ], [ 79.3869122, 29.3926479 ], [ 79.3865835, 29.3911291 ], [ 79.3870772, 29.390678 ], [ 79.3875498, 29.3892754 ], [ 79.38704, 29.3877558 ], [ 79.3861368, 29.3873447 ], [ 79.3850344, 29.3861704 ], [ 79.385937, 29.3859169 ] ] ] } },
{ "type": "Feature", "properties": { "gp_code": "23652", "gp_name": "AGHORA", "blkname": "BHIMTAL", "dtname": "Nainital", "SHAPE_Area": 716863.48868800106 }, "geometry": { "type": "Polygon", "coordinates": [ [ [ 79.3900903, 29.4037815 ], [ 79.3920094, 29.4027921 ], [ 79.3959555, 29.3998624 ], [ 79.3954437, 29.3987506 ], [ 79.3945424, 29.3979318 ], [ 79.3949113, 29.3965515 ], [ 79.3966077, 29.3934321 ], [ 79.3956271, 29.3929754 ], [ 79.3942803, 29.3933554 ], [ 79.3940745, 29.3931055 ], [ 79.3931419, 29.3934191 ], [ 79.3914522, 29.3951341 ], [ 79.3916287, 29.3960635 ], [ 79.3907695, 29.3971928 ], [ 79.3917455, 29.3986008 ], [ 79.3901049, 29.400837 ], [ 79.3892759, 29.401083 ], [ 79.3876749, 29.4005559 ], [ 79.3859423, 29.4004587 ], [ 79.3853692, 29.4012493 ], [ 79.3856475, 29.4024962 ], [ 79.3869875, 29.4035205 ], [ 79.3879181, 29.40366 ], [ 79.388671, 29.4031192 ], [ 79.3889274, 29.4035506 ], [ 79.3900903, 29.4037815 ] ] ] } },
{ "type": "Feature", "properties": { "gp_code": "23652", "gp_name": "AGHORA", "blkname": "BHIMTAL", "dtname": "Nainital", "SHAPE_Area": 690859.63439080899 }, "geometry": { "type": "Polygon", "coordinates": [ [ [ 79.376677, 29.4014424 ], [ 79.380332, 29.3998936 ], [ 79.3803617, 29.3991237 ], [ 79.3800283, 29.3985788 ], [ 79.3791766, 29.3981904 ], [ 79.3768999, 29.3982722 ], [ 79.3752468, 29.3978128 ], [ 79.3738792, 29.3971733 ], [ 79.3729294, 29.3957426 ], [ 79.3719704, 29.3961239 ], [ 79.3707442, 29.398203 ], [ 79.367558, 29.3990965 ], [ 79.3660758, 29.4006309 ], [ 79.366693, 29.4013355 ], [ 79.3681433, 29.4010015 ], [ 79.3686334, 29.4012525 ], [ 79.3686542, 29.4022492 ], [ 79.3689117, 29.4024767 ], [ 79.376677, 29.4014424 ] ] ] } },
{ "type": "Feature", "properties": { "gp_code": "", "gp_name": "", "blkname": "BHIMTAL", "dtname": "Nainital", "SHAPE_Area": 263786.60795694863 }, "geometry": { "type": "Polygon", "coordinates": [ [ [ 79.3725488, 29.4070324 ], [ 79.3709691, 29.4073546 ], [ 79.3700354, 29.407838 ], [ 79.3692029, 29.4087633 ], [ 79.3710591, 29.4100164 ], [ 79.3724336, 29.4118564 ], [ 79.3731703, 29.4119838 ], [ 79.3745954, 29.4115137 ], [ 79.3748969, 29.4107221 ], [ 79.3747546, 29.4081847 ], [ 79.3740737, 29.4072761 ], [ 79.3725488, 29.4070324 ] ] ] } },
{ "type": "Feature", "properties": { "gp_code": "", "gp_name": "", "blkname": "BHIMTAL", "dtname": "Nainital", "SHAPE_Area": 280107.159680782 }, "geometry": { "type": "Polygon", "coordinates": [ [ [ 79.3791534, 29.4130829 ], [ 79.377741, 29.4161691 ], [ 79.3766491, 29.4172295 ], [ 79.3770587, 29.4180691 ], [ 79.3776136, 29.4183318 ], [ 79.3805554, 29.4172219 ], [ 79.3814383, 29.4165798 ], [ 79.3820509, 29.4156309 ], [ 79.3829078, 29.4150226 ], [ 79.3831839, 29.4141063 ], [ 79.3828896, 29.4134597 ], [ 79.3821282, 29.413117 ], [ 79.3791534, 29.4130829 ] ] ] } },
{ "type": "Feature", "properties": { "gp_code": "", "gp_name": "", "blkname": "KOTABAG", "dtname": "Nainital", "SHAPE_Area": 97512.461084636001 }, "geometry": { "type": "Polygon", "coordinates": [ [ [ 79.391073, 29.430059 ], [ 79.3900999, 29.4306443 ], [ 79.3903538, 29.4316191 ], [ 79.3920822, 29.4326561 ], [ 79.3932337, 29.4326265 ], [ 79.3937412, 29.432017 ], [ 79.3930748, 29.4307461 ], [ 79.391073, 29.430059 ] ] ] } },
{ "type": "Feature", "properties": { "gp_code": "23835", "gp_name": "MEHRAUDA", "blkname": "KOTABAG", "dtname": "Nainital", "SHAPE_Area": 2654299.4320937544 }, "geometry": { "type": "Polygon", "coordinates": [ [ [ 79.3989513, 29.4380271 ], [ 79.4003529, 29.4371264 ], [ 79.398993, 29.4347658 ], [ 79.3980884, 29.4345813 ], [ 79.3957831, 29.4350936 ], [ 79.3933793, 29.4345862 ], [ 79.3928379, 29.4341992 ], [ 79.3916731, 29.4342854 ], [ 79.390292, 29.4362733 ], [ 79.3885548, 29.4370141 ], [ 79.3871304, 29.4372804 ], [ 79.3856046, 29.4371161 ], [ 79.3863931, 29.4346504 ], [ 79.386189, 29.4340607 ], [ 79.3864823, 29.4323178 ], [ 79.3875251, 29.4307364 ], [ 79.3876049, 29.4302837 ], [ 79.3866774, 29.4295101 ], [ 79.3868666, 29.4278801 ], [ 79.3873079, 29.4275873 ], [ 79.3899697, 29.4281862 ], [ 79.392419, 29.4299395 ], [ 79.3961111, 29.4315162 ], [ 79.3990966, 29.4315048 ], [ 79.3998422, 29.4304204 ], [ 79.4004385, 29.4301508 ], [ 79.4004421, 29.4294261 ], [ 79.399493, 29.4277465 ], [ 79.3997066, 29.4263883 ], [ 79.3994509, 29.4257532 ], [ 79.3972591, 29.4242501 ], [ 79.3930236, 29.4227393 ], [ 79.3932628, 29.4214492 ], [ 79.3941234, 29.4200481 ], [ 79.3925497, 29.4191588 ], [ 79.3913527, 29.4205586 ], [ 79.3906294, 29.420352 ], [ 79.3902699, 29.4198071 ], [ 79.3892613, 29.4197353 ], [ 79.3862783, 29.4213095 ], [ 79.3861199, 29.4219657 ], [ 79.386636, 29.4222168 ], [ 79.3885808, 29.4213182 ], [ 79.3895087, 29.4220238 ], [ 79.3894279, 29.4226577 ], [ 79.3889854, 29.4231997 ], [ 79.3870968, 29.4231925 ], [ 79.3864743, 29.4235298 ], [ 79.3865746, 29.4241644 ], [ 79.38771, 29.4247577 ], [ 79.3876825, 29.4250747 ], [ 79.3847664, 29.428778 ], [ 79.382661, 29.4307179 ], [ 79.3808634, 29.4332023 ], [ 79.382991, 29.437174 ], [ 79.3833728, 29.4384439 ], [ 79.3849696, 29.4399222 ], [ 79.3856677, 29.4400381 ], [ 79.3878447, 29.4393442 ], [ 79.3937225, 29.4384605 ], [ 79.3962362, 29.4376773 ], [ 79.3976855, 29.4376147 ], [ 79.3989513, 29.4380271 ] ] ] } },
{ "type": "Feature", "properties": { "gp_code": "260492", "gp_name": "BAGAR TALLA", "blkname": "KOTABAG", "dtname": "Nainital", "SHAPE_Area": 1874903.6376297269 }, "geometry": { "type": "Polygon", "coordinates": [ [ [ 79.4077914, 29.4184345 ], [ 79.4067666, 29.4169853 ], [ 79.4038193, 29.4143635 ], [ 79.4027436, 29.412967 ], [ 79.402464, 29.4113994 ], [ 79.4026294, 29.410499 ], [ 79.4006861, 29.4111486 ], [ 79.3998275, 29.412142 ], [ 79.3967901, 29.4143504 ], [ 79.3960223, 29.4126488 ], [ 79.3959312, 29.4101342 ], [ 79.3951581, 29.4095198 ], [ 79.3900699, 29.41317 ], [ 79.3854396, 29.413107 ], [ 79.3850502, 29.4133773 ], [ 79.384913, 29.4149397 ], [ 79.3839221, 29.4165214 ], [ 79.3840501, 29.4167936 ], [ 79.3890154, 29.4171296 ], [ 79.3898415, 29.4174952 ], [ 79.3905615, 29.4183813 ], [ 79.3921888, 29.4188857 ], [ 79.3934259, 29.4198643 ], [ 79.3959333, 29.4202588 ], [ 79.3986243, 29.4201783 ], [ 79.3992467, 29.4198635 ], [ 79.3997671, 29.4192538 ], [ 79.4006867, 29.4163355 ], [ 79.4012056, 29.416043 ], [ 79.4045482, 29.4202909 ], [ 79.4060773, 29.4197076 ], [ 79.4077914, 29.4184345 ] ] ] } },
{ "type": "Feature", "properties": { "gp_code": "23817", "gp_name": "BAGAD MALLA", "blkname": "KOTABAG", "dtname": "Nainital", "SHAPE_Area": 2150047.5218194611 }, "geometry": { "type": "Polygon", "coordinates": [ [ [ 79.4104961, 29.4262017 ], [ 79.4088034, 29.4206675 ], [ 79.4077914, 29.4184345 ], [ 79.4060773, 29.4197076 ], [ 79.4045482, 29.4202909 ], [ 79.4012056, 29.416043 ], [ 79.4006867, 29.4163355 ], [ 79.3997671, 29.4192538 ], [ 79.3992467, 29.4198635 ], [ 79.3970197, 29.4203082 ], [ 79.3941234, 29.4200481 ], [ 79.3930004, 29.4221956 ], [ 79.3930236, 29.4227393 ], [ 79.3972591, 29.4242501 ], [ 79.3994509, 29.4257532 ], [ 79.3997066, 29.4263883 ], [ 79.399493, 29.4277465 ], [ 79.4004421, 29.4294261 ], [ 79.4004385, 29.4301508 ], [ 79.3998422, 29.4304204 ], [ 79.3990966, 29.4315048 ], [ 79.4035662, 29.4307513 ], [ 79.405116, 29.4313006 ], [ 79.4066092, 29.4328462 ], [ 79.4072035, 29.433007 ], [ 79.40921, 29.4300247 ], [ 79.4104961, 29.4262017 ] ] ] } },
{ "type": "Feature", "properties": { "gp_code": "", "gp_name": "", "blkname": "KOTABAG", "dtname": "Nainital", "SHAPE_Area": 2353448.3532353444 }, "geometry": { "type": "Polygon", "coordinates": [ [ [ 79.4104961, 29.4262017 ], [ 79.40921, 29.4300247 ], [ 79.4072035, 29.433007 ], [ 79.4066092, 29.4328462 ], [ 79.405116, 29.4313006 ], [ 79.4035662, 29.4307513 ], [ 79.3997075, 29.4315071 ], [ 79.3961111, 29.4315162 ], [ 79.392419, 29.4299395 ], [ 79.3899697, 29.4281862 ], [ 79.3873079, 29.4275873 ], [ 79.3868666, 29.4278801 ], [ 79.3866774, 29.4295101 ], [ 79.3876049, 29.4302837 ], [ 79.3875251, 29.4307364 ], [ 79.3864823, 29.4323178 ], [ 79.386189, 29.4340607 ], [ 79.3863931, 29.4346504 ], [ 79.3856046, 29.4371161 ], [ 79.3871304, 29.4372804 ], [ 79.3885548, 29.4370141 ], [ 79.390292, 29.4362733 ], [ 79.3916731, 29.4342854 ], [ 79.3928379, 29.4341992 ], [ 79.3933793, 29.4345862 ], [ 79.3957831, 29.4350936 ], [ 79.3980884, 29.4345813 ], [ 79.398993, 29.4347658 ], [ 79.4003529, 29.4371264 ], [ 79.4020878, 29.4368384 ], [ 79.4032821, 29.4360049 ], [ 79.404888, 29.4356484 ], [ 79.4093817, 29.4374089 ], [ 79.4117616, 29.4375082 ], [ 79.4122022, 29.4373513 ], [ 79.4125455, 29.435903 ], [ 79.413351, 29.4352038 ], [ 79.4141535, 29.4351161 ], [ 79.4178691, 29.4376037 ], [ 79.4182762, 29.4356132 ], [ 79.4176405, 29.4345472 ], [ 79.413242, 29.4302958 ], [ 79.4104961, 29.4262017 ] ], [ [ 79.391073, 29.430059 ], [ 79.3930748, 29.4307461 ], [ 79.3937412, 29.432017 ], [ 79.3932337, 29.4326265 ], [ 79.3920822, 29.4326561 ], [ 79.3903538, 29.4316191 ], [ 79.3900999, 29.4306443 ], [ 79.391073, 29.430059 ] ] ] } },
{ "type": "Feature", "properties": { "gp_code": "", "gp_name": "", "blkname": "BHIMTAL", "dtname": "Nainital", "SHAPE_Area": 98478.239066564405 }, "geometry": { "type": "Polygon", "coordinates": [ [ [ 79.4005519, 29.3908307 ], [ 79.3977597, 29.3932439 ], [ 79.3984432, 29.3936201 ], [ 79.4004605, 29.3936617 ], [ 79.4020351, 29.3916516 ], [ 79.4018438, 29.3910959 ], [ 79.4005519, 29.3908307 ] ] ] } },
{ "type": "Feature", "properties": { "gp_code": "", "gp_name": "", "blkname": "BHIMTAL", "dtname": "Nainital", "SHAPE_Area": 109579.27914882547 }, "geometry": { "type": "Polygon", "coordinates": [ [ [ 79.4071175, 29.3943658 ], [ 79.407354, 29.3962807 ], [ 79.4077904, 29.3969731 ], [ 79.4099559, 29.3957806 ], [ 79.4100816, 29.3938331 ], [ 79.4096825, 29.3934466 ], [ 79.4071175, 29.3943658 ] ] ] } },
{ "type": "Feature", "properties": { "gp_code": "", "gp_name": "", "blkname": "BHIMTAL", "dtname": "Nainital", "SHAPE_Area": 125211.7231708592 }, "geometry": { "type": "Polygon", "coordinates": [ [ [ 79.4080011, 29.3880834 ], [ 79.4059667, 29.3889367 ], [ 79.4064278, 29.3898671 ], [ 79.4070478, 29.3900166 ], [ 79.4105324, 29.3887949 ], [ 79.4111682, 29.3883329 ], [ 79.4111976, 29.3876082 ], [ 79.4105157, 29.3868809 ], [ 79.4090143, 29.3871472 ], [ 79.4080011, 29.3880834 ] ] ] } },
{ "type": "Feature", "properties": { "gp_code": "", "gp_name": "", "blkname": "BHIMTAL", "dtname": "Nainital", "SHAPE_Area": 343753.25395033672 }, "geometry": { "type": "Polygon", "coordinates": [ [ [ 79.4145122, 29.3840188 ], [ 79.413138, 29.3847612 ], [ 79.4126948, 29.3854958 ], [ 79.4128269, 29.3876481 ], [ 79.4141361, 29.3869847 ], [ 79.4149107, 29.3872706 ], [ 79.4168677, 29.3863604 ], [ 79.4197376, 29.3865633 ], [ 79.4202589, 29.3857044 ], [ 79.4199653, 29.3848766 ], [ 79.4191004, 29.3845677 ], [ 79.4191935, 29.3840357 ], [ 79.4163298, 29.382519 ], [ 79.4141031, 29.3830546 ], [ 79.4145122, 29.3840188 ] ] ] } },
{ "type": "Feature", "properties": { "gp_code": "", "gp_name": "", "blkname": "BHIMTAL", "dtname": "Nainital", "SHAPE_Area": 15964907.894060055 }, "geometry": { "type": "Polygon", "coordinates": [ [ [ 79.4726539, 29.3929418 ], [ 79.4725012, 29.3924965 ], [ 79.4729888, 29.3920726 ], [ 79.472551, 29.3911621 ], [ 79.4705069, 29.3888731 ], [ 79.4701888, 29.3857968 ], [ 79.4692483, 29.3836661 ], [ 79.4691639, 29.3827761 ], [ 79.4694117, 29.3816164 ], [ 79.4727394, 29.3780685 ], [ 79.4729201, 29.37716 ], [ 79.4721259, 29.3769446 ], [ 79.4697832, 29.3774012 ], [ 79.4665099, 29.3785508 ], [ 79.4653176, 29.3785082 ], [ 79.4657007, 29.3767494 ], [ 79.4666109, 29.3756306 ], [ 79.4680705, 29.3751325 ], [ 79.468869, 29.3743034 ], [ 79.468961, 29.3734527 ], [ 79.4713396, 29.3697661 ], [ 79.4719885, 29.3677761 ], [ 79.4720367, 29.3668284 ], [ 79.4716217, 29.3657633 ], [ 79.4718278, 29.365218 ], [ 79.4706434, 29.3640362 ], [ 79.4672627, 29.3627509 ], [ 79.4615448, 29.362519 ], [ 79.4603493, 29.3632501 ], [ 79.4590113, 29.366263 ], [ 79.4562904, 29.3673757 ], [ 79.4510742, 29.3684991 ], [ 79.4486853, 29.3694387 ], [ 79.4489222, 29.3707548 ], [ 79.4515786, 29.3742647 ], [ 79.4518399, 29.3750974 ], [ 79.4484898, 29.3786062 ], [ 79.446702, 29.3783679 ], [ 79.4445637, 29.3775288 ], [ 79.4432387, 29.3775437 ], [ 79.4402524, 29.3786551 ], [ 79.4389053, 29.3786698 ], [ 79.4350231, 29.3776891 ], [ 79.4335436, 29.3776646 ], [ 79.4292332, 29.3785777 ], [ 79.4271668, 29.3796132 ], [ 79.4272916, 29.3829807 ], [ 79.4263833, 29.3883351 ], [ 79.4267975, 29.3895165 ], [ 79.4325936, 29.3921868 ], [ 79.4344684, 29.3927349 ], [ 79.437397, 29.3946599 ], [ 79.4382314, 29.3957266 ], [ 79.4380025, 29.3975051 ], [ 79.4380869, 29.3983758 ], [ 79.4385256, 29.3990349 ], [ 79.4429478, 29.4028605 ], [ 79.4463091, 29.4019824 ], [ 79.4471516, 29.4012697 ], [ 79.4493423, 29.4003489 ], [ 79.4520615, 29.3997972 ], [ 79.4537351, 29.4009247 ], [ 79.4569346, 29.4016705 ], [ 79.4602255, 29.4016622 ], [ 79.4616141, 29.4023438 ], [ 79.4622328, 29.4022878 ], [ 79.462919, 29.401942 ], [ 79.4634766, 29.400706 ], [ 79.4660007, 29.3992832 ], [ 79.4666449, 29.3984343 ], [ 79.4666717, 29.3973512 ], [ 79.465466, 29.3952584 ], [ 79.4655804, 29.394311 ], [ 79.466536, 29.3929604 ], [ 79.4672449, 29.3924598 ], [ 79.4701401, 29.3920052 ], [ 79.4726539, 29.3929418 ] ] ] } },
{ "type": "Feature", "properties": { "gp_code": "260500", "gp_name": "CHORSA", "blkname": "BETALGHAT", "dtname": "Nainital", "SHAPE_Area": 779957.40471059096 }, "geometry": { "type": "Polygon", "coordinates": [ [ [ 79.4779131, 29.4190618 ], [ 79.4753847, 29.4214131 ], [ 79.4750018, 29.4231525 ], [ 79.4742945, 29.4232469 ], [ 79.4729423, 29.4243062 ], [ 79.4730934, 29.425177 ], [ 79.4742189, 29.4254321 ], [ 79.4745704, 29.4258974 ], [ 79.4743466, 29.4265735 ], [ 79.4731922, 29.4278849 ], [ 79.4743795, 29.4292426 ], [ 79.4751737, 29.4294773 ], [ 79.476455, 29.4295007 ], [ 79.4772086, 29.4289231 ], [ 79.4790956, 29.4267437 ], [ 79.4807426, 29.423848 ], [ 79.4807345, 29.4205214 ], [ 79.4810273, 29.419188 ], [ 79.4805877, 29.4186449 ], [ 79.4802792, 29.4184699 ], [ 79.4779131, 29.4190618 ] ] ] } },
{ "type": "Feature", "properties": { "gp_code": "23614", "gp_name": "JAKH", "blkname": "BETALGHAT", "dtname": "Nainital", "SHAPE_Area": 1331222.1099442428 }, "geometry": { "type": "Polygon", "coordinates": [ [ [ 79.4611542, 29.432448 ], [ 79.4621723, 29.4320259 ], [ 79.4645563, 29.432498 ], [ 79.4660032, 29.4350944 ], [ 79.4668391, 29.435948 ], [ 79.4708996, 29.4370445 ], [ 79.4709901, 29.436542 ], [ 79.4702437, 29.4354178 ], [ 79.4713585, 29.433062 ], [ 79.4719787, 29.4326772 ], [ 79.4710124, 29.4313203 ], [ 79.4680155, 29.4295698 ], [ 79.4662493, 29.4292545 ], [ 79.4651498, 29.4280905 ], [ 79.4644555, 29.4251871 ], [ 79.4648583, 29.4239894 ], [ 79.4657012, 29.4231799 ], [ 79.4656163, 29.422406 ], [ 79.4650901, 29.4214759 ], [ 79.4639444, 29.4207758 ], [ 79.4619586, 29.4202277 ], [ 79.4613382, 29.4206512 ], [ 79.4611534, 29.4225072 ], [ 79.4604871, 29.4233173 ], [ 79.4603052, 29.4245157 ], [ 79.4595488, 29.4257123 ], [ 79.4597115, 29.4289233 ], [ 79.4593499, 29.4307787 ], [ 79.4611542, 29.432448 ] ] ] } },
{ "type": "Feature", "properties": { "gp_code": "23638", "gp_name": "SILTONA", "blkname": "BETALGHAT", "dtname": "Nainital", "SHAPE_Area": 277367.55384987534 }, "geometry": { "type": "Polygon", "coordinates": [ [ [ 79.4409726, 29.4665227 ], [ 79.440225, 29.4657079 ], [ 79.4391319, 29.463074 ], [ 79.4374587, 29.4617145 ], [ 79.4346351, 29.4606216 ], [ 79.4335741, 29.4606952 ], [ 79.4360866, 29.4639506 ], [ 79.4372253, 29.4662366 ], [ 79.4380848, 29.4667617 ], [ 79.4409726, 29.4665227 ] ] ] } },
{ "type": "Feature", "properties": { "gp_code": "243339", "gp_name": "JOGYANI", "blkname": "BETALGHAT", "dtname": "Nainital", "SHAPE_Area": 962995.87099941773 }, "geometry": { "type": "Polygon", "coordinates": [ [ [ 79.4400776, 29.4610444 ], [ 79.4369727, 29.4586355 ], [ 79.4357815, 29.4581865 ], [ 79.4333506, 29.458236 ], [ 79.4327724, 29.4590269 ], [ 79.432813, 29.4598199 ], [ 79.4335741, 29.4606952 ], [ 79.4346351, 29.4606216 ], [ 79.4374587, 29.4617145 ], [ 79.4391319, 29.463074 ], [ 79.440225, 29.4657079 ], [ 79.4409726, 29.4665227 ], [ 79.4394548, 29.4668051 ], [ 79.4407345, 29.4672544 ], [ 79.4431137, 29.4689257 ], [ 79.4435805, 29.4689394 ], [ 79.4456442, 29.4719634 ], [ 79.446476, 29.4737454 ], [ 79.447314, 29.4741737 ], [ 79.4484189, 29.4741774 ], [ 79.449041, 29.4734447 ], [ 79.4495346, 29.4717833 ], [ 79.450334, 29.4709351 ], [ 79.4489214, 29.4699126 ], [ 79.4482591, 29.4697749 ], [ 79.4468954, 29.4683199 ], [ 79.4452942, 29.4656457 ], [ 79.4427386, 29.4638964 ], [ 79.4400776, 29.4610444 ] ] ] } },
{ "type": "Feature", "properties": { "gp_code": "23603", "gp_name": "GARJOLI", "blkname": "BETALGHAT", "dtname": "Nainital", "SHAPE_Area": 1143843.8709456064 }, "geometry": { "type": "Polygon", "coordinates": [ [ [ 79.4571922, 29.4692952 ], [ 79.459898, 29.4670998 ], [ 79.4618861, 29.4672611 ], [ 79.4631692, 29.466956 ], [ 79.462509, 29.466335 ], [ 79.4539933, 29.4630574 ], [ 79.4530256, 29.4620098 ], [ 79.4528078, 29.4612742 ], [ 79.4492886, 29.4575878 ], [ 79.4482033, 29.4575334 ], [ 79.4445973, 29.4584492 ], [ 79.4444631, 29.4587969 ], [ 79.444901, 29.4597073 ], [ 79.4502917, 29.4649472 ], [ 79.4505972, 29.4657992 ], [ 79.4498427, 29.4665121 ], [ 79.45028, 29.467558 ], [ 79.4511189, 29.4677348 ], [ 79.4517347, 29.4684332 ], [ 79.4528822, 29.4688045 ], [ 79.456597, 29.4683143 ], [ 79.4571922, 29.4692952 ] ] ] } },
{ "type": "Feature", "properties": { "gp_code": "23591", "gp_name": "BUDALA KOT", "blkname": "BETALGHAT", "dtname": "Nainital", "SHAPE_Area": 2090302.9201492125 }, "geometry": { "type": "Polygon", "coordinates": [ [ [ 79.4618148, 29.443087 ], [ 79.461285, 29.4429692 ], [ 79.4617353, 29.4410368 ], [ 79.4623121, 29.4404972 ], [ 79.4645674, 29.4401179 ], [ 79.4655451, 29.4388447 ], [ 79.4657713, 29.4376077 ], [ 79.4654223, 29.436601 ], [ 79.4640544, 29.4361322 ], [ 79.4637911, 29.4357446 ], [ 79.4650401, 29.4330025 ], [ 79.4634093, 29.4320687 ], [ 79.4621723, 29.4320259 ], [ 79.4611542, 29.432448 ], [ 79.4608786, 29.4348452 ], [ 79.4610456, 29.4370892 ], [ 79.460687, 29.4382484 ], [ 79.457678, 29.4392052 ], [ 79.4549429, 29.4381517 ], [ 79.4549043, 29.4369138 ], [ 79.4574281, 29.4357233 ], [ 79.4577404, 29.4350668 ], [ 79.4571238, 29.4346005 ], [ 79.4527501, 29.434431 ], [ 79.4511573, 29.4348897 ], [ 79.4462954, 29.4351826 ], [ 79.4443532, 29.4347503 ], [ 79.4424972, 29.4347827 ], [ 79.4415239, 29.43505 ], [ 79.441301, 29.4354747 ], [ 79.4441185, 29.4378053 ], [ 79.4443353, 29.4387343 ], [ 79.4451288, 29.4391238 ], [ 79.4464553, 29.4389737 ], [ 79.449334, 29.4375137 ], [ 79.4495942, 29.4385977 ], [ 79.449448, 29.4416528 ], [ 79.4507629, 29.444094 ], [ 79.4519101, 29.4444847 ], [ 79.4546951, 29.4442621 ], [ 79.4567302, 29.4437275 ], [ 79.4579649, 29.4443119 ], [ 79.4591582, 29.4442771 ], [ 79.4603051, 29.4447452 ], [ 79.4612794, 29.4442456 ], [ 79.4618148, 29.443087 ] ] ] } },
{ "type": "Feature", "properties": { "gp_code": "23616", "gp_name": "KAFULTA", "blkname": "BETALGHAT", "dtname": "Nainital", "SHAPE_Area": 2242501.7345542386 }, "geometry": { "type": "Polygon", "coordinates": [ [ [ 79.4649222, 29.4398097 ], [ 79.4645674, 29.4401179 ], [ 79.4623121, 29.4404972 ], [ 79.4617353, 29.4410368 ], [ 79.461285, 29.4429692 ], [ 79.4618148, 29.443087 ], [ 79.4638535, 29.4417014 ], [ 79.4646491, 29.4416654 ], [ 79.4653968, 29.4424801 ], [ 79.4655702, 29.4432542 ], [ 79.4654784, 29.4440275 ], [ 79.4644991, 29.4456874 ], [ 79.4661722, 29.4470854 ], [ 79.4686021, 29.4472482 ], [ 79.4689948, 29.4484099 ], [ 79.4677953, 29.4498756 ], [ 79.4666004, 29.4502585 ], [ 79.4607697, 29.4496589 ], [ 79.458775, 29.4510447 ], [ 79.4574414, 29.4528194 ], [ 79.4573494, 29.4536313 ], [ 79.4611386, 29.4562741 ], [ 79.4616655, 29.4570495 ], [ 79.4606446, 29.4580517 ], [ 79.4586957, 29.4590508 ], [ 79.460148, 29.460448 ], [ 79.4635885, 29.4620066 ], [ 79.4643397, 29.4620479 ], [ 79.4627135, 29.4599538 ], [ 79.46382, 29.4595707 ], [ 79.4656408, 29.4575655 ], [ 79.4661266, 29.4576445 ], [ 79.4662565, 29.4582638 ], [ 79.4669626, 29.4584982 ], [ 79.4714248, 29.4588609 ], [ 79.4697944, 29.4577339 ], [ 79.4673319, 29.4548637 ], [ 79.4671595, 29.4538188 ], [ 79.4674269, 29.4533169 ], [ 79.471663, 29.4548393 ], [ 79.4734263, 29.4558893 ], [ 79.4751434, 29.4574034 ], [ 79.4757196, 29.4570185 ], [ 79.4759471, 29.455472 ], [ 79.4778063, 29.4547433 ], [ 79.4781205, 29.4535839 ], [ 79.4775488, 29.4529245 ], [ 79.4740963, 29.4541896 ], [ 79.4717627, 29.4521707 ], [ 79.4697847, 29.4496889 ], [ 79.473541, 29.4497012 ], [ 79.4744268, 29.4492399 ], [ 79.4743856, 29.4485436 ], [ 79.4737692, 29.448 ], [ 79.4704584, 29.447177 ], [ 79.4697092, 29.4467103 ], [ 79.4691829, 29.4457803 ], [ 79.4700711, 29.4447389 ], [ 79.4698534, 29.4440033 ], [ 79.4665485, 29.4418264 ], [ 79.4649222, 29.4398097 ] ] ] } },
{ "type": "Feature", "properties": { "gp_code": "", "gp_name": "", "blkname": "BETALGHAT", "dtname": "Nainital", "SHAPE_Area": 90181.049118230105 }, "geometry": { "type": "Polygon", "coordinates": [ [ [ 79.4783085, 29.4404918 ], [ 79.4782854, 29.4380936 ], [ 79.4777669, 29.4379372 ], [ 79.476871, 29.4382244 ], [ 79.4762484, 29.4391313 ], [ 79.4759898, 29.4402135 ], [ 79.4765798, 29.4417432 ], [ 79.4775092, 29.4414175 ], [ 79.4783085, 29.4404918 ] ] ] } },
{ "type": "Feature", "properties": { "gp_code": "23607", "gp_name": "GHUNA", "blkname": "BETALGHAT", "dtname": "Nainital", "SHAPE_Area": 511051.33769187686 }, "geometry": { "type": "Polygon", "coordinates": [ [ [ 79.4815754, 29.4412179 ], [ 79.4834818, 29.4397155 ], [ 79.4833774, 29.4382647 ], [ 79.4837562, 29.4375117 ], [ 79.4835376, 29.4369308 ], [ 79.4828975, 29.4368127 ], [ 79.4813657, 29.438529 ], [ 79.4812522, 29.4392635 ], [ 79.4805638, 29.440093 ], [ 79.4800102, 29.4404006 ], [ 79.4783085, 29.4404918 ], [ 79.4775092, 29.4414175 ], [ 79.4765798, 29.4417432 ], [ 79.4771847, 29.4449749 ], [ 79.478919, 29.4476687 ], [ 79.4791131, 29.448791 ], [ 79.479797, 29.4490447 ], [ 79.4815895, 29.4483928 ], [ 79.4817684, 29.4478713 ], [ 79.4807159, 29.4459533 ], [ 79.4806637, 29.442588 ], [ 79.4815754, 29.4412179 ] ] ] } },
{ "type": "Feature", "properties": { "gp_code": "", "gp_name": "", "blkname": "BETALGHAT", "dtname": "Nainital", "SHAPE_Area": 75018.617838596343 }, "geometry": { "type": "Polygon", "coordinates": [ [ [ 79.4710349, 29.4570225 ], [ 79.4729039, 29.4591946 ], [ 79.4735891, 29.4591388 ], [ 79.4738558, 29.4587916 ], [ 79.4741018, 29.4580962 ], [ 79.4738829, 29.457612 ], [ 79.4722531, 29.456369 ], [ 79.4714581, 29.456231 ], [ 79.4710349, 29.4570225 ] ] ] } },
{ "type": "Feature", "properties": { "gp_code": "243339", "gp_name": "JOGYANI", "blkname": "BETALGHAT", "dtname": "Nainital", "SHAPE_Area": 1118754.7057881807 }, "geometry": { "type": "Polygon", "coordinates": [ [ [ 79.4571116, 29.4775719 ], [ 79.4571723, 29.4738204 ], [ 79.4565608, 29.4721553 ], [ 79.4571798, 29.4721186 ], [ 79.4594719, 29.4735574 ], [ 79.4623867, 29.4741086 ], [ 79.4635871, 29.4724882 ], [ 79.4652243, 29.4721068 ], [ 79.4652271, 29.4714494 ], [ 79.4645238, 29.4705575 ], [ 79.4626728, 29.4693136 ], [ 79.4625436, 29.4685396 ], [ 79.463122, 29.467652 ], [ 79.4631692, 29.466956 ], [ 79.4618861, 29.4672611 ], [ 79.459898, 29.4670998 ], [ 79.4571922, 29.4692952 ], [ 79.4572298, 29.4701535 ], [ 79.4565622, 29.4711955 ], [ 79.4555876, 29.471695 ], [ 79.4533479, 29.4718658 ], [ 79.4532864, 29.4729564 ], [ 79.452128, 29.475041 ], [ 79.4520793, 29.4760464 ], [ 79.451457, 29.4768178 ], [ 79.4491628, 29.4758817 ], [ 79.4482342, 29.4759559 ], [ 79.447923, 29.4763416 ], [ 79.4479644, 29.4769606 ], [ 79.4484045, 29.4773875 ], [ 79.4494656, 29.4773525 ], [ 79.4504343, 29.478168 ], [ 79.4527768, 29.4782533 ], [ 79.4561734, 29.4798119 ], [ 79.4566602, 29.4796975 ], [ 79.4571116, 29.4775719 ] ] ] } },
{ "type": "Feature", "properties": { "gp_code": "23635", "gp_name": "SEEM", "blkname": "BETALGHAT", "dtname": "Nainital", "SHAPE_Area": 1044291.1172103892 }, "geometry": { "type": "Polygon", "coordinates": [ [ [ 79.4614514, 29.4858631 ], [ 79.4624313, 29.4841647 ], [ 79.4625323, 29.4812643 ], [ 79.4628917, 29.4799504 ], [ 79.4636478, 29.4788701 ], [ 79.4633467, 29.4769739 ], [ 79.463532, 29.475002 ], [ 79.4623867, 29.4741086 ], [ 79.4594719, 29.4735574 ], [ 79.4571798, 29.4721186 ], [ 79.4565608, 29.4721553 ], [ 79.4571723, 29.4738204 ], [ 79.4573409, 29.4756775 ], [ 79.4566602, 29.4796975 ], [ 79.4561734, 29.4798119 ], [ 79.4574509, 29.4808218 ], [ 79.4569148, 29.4820963 ], [ 79.4568633, 29.4837592 ], [ 79.4572111, 29.4850754 ], [ 79.4570311, 29.4858096 ], [ 79.4578698, 29.4860832 ], [ 79.4614514, 29.4858631 ] ] ] } },
{ "type": "Feature", "properties": { "gp_code": "", "gp_name": "", "blkname": "BETALGHAT", "dtname": "Nainital", "SHAPE_Area": 231270.17821676249 }, "geometry": { "type": "Polygon", "coordinates": [ [ [ 79.4626032, 29.4852868 ], [ 79.4645958, 29.4845199 ], [ 79.4656605, 29.4836339 ], [ 79.4658867, 29.4824357 ], [ 79.4650554, 29.4804604 ], [ 79.4655885, 29.4798434 ], [ 79.4653692, 29.4794559 ], [ 79.4645737, 29.4794146 ], [ 79.4643103, 29.4789883 ], [ 79.4636478, 29.4788701 ], [ 79.4628917, 29.4799504 ], [ 79.4625323, 29.4812643 ], [ 79.4621625, 29.4849759 ], [ 79.4626032, 29.4852868 ] ] ] } },
{ "type": "Feature", "properties": { "gp_code": "23586", "gp_name": "BARGAL", "blkname": "BETALGHAT", "dtname": "Nainital", "SHAPE_Area": 3079447.3069468788 }, "geometry": { "type": "Polygon", "coordinates": [ [ [ 79.4789165, 29.4848763 ], [ 79.4795678, 29.4771818 ], [ 79.4792261, 29.4743573 ], [ 79.4807443, 29.4707266 ], [ 79.4808832, 29.4692186 ], [ 79.4804049, 29.4673219 ], [ 79.4796142, 29.4661977 ], [ 79.4762637, 29.4641756 ], [ 79.4678794, 29.4611313 ], [ 79.4655328, 29.4620905 ], [ 79.4635885, 29.4620066 ], [ 79.460148, 29.460448 ], [ 79.4586957, 29.4590508 ], [ 79.4588687, 29.4599023 ], [ 79.4562157, 29.4602027 ], [ 79.4563906, 29.4606288 ], [ 79.4559033, 29.4608979 ], [ 79.454754, 29.4609327 ], [ 79.4539933, 29.4630574 ], [ 79.462509, 29.466335 ], [ 79.4631692, 29.466956 ], [ 79.463122, 29.467652 ], [ 79.4625436, 29.4685396 ], [ 79.4626728, 29.4693136 ], [ 79.4645238, 29.4705575 ], [ 79.4693919, 29.4691038 ], [ 79.4700103, 29.4692219 ], [ 79.4702734, 29.4696869 ], [ 79.4698276, 29.470575 ], [ 79.4711032, 29.4720102 ], [ 79.4772731, 29.4762848 ], [ 79.4781076, 29.4775638 ], [ 79.477527, 29.4789543 ], [ 79.4768451, 29.4833999 ], [ 79.477148, 29.4849479 ], [ 79.4779457, 29.4844864 ], [ 79.4789165, 29.4848763 ] ] ] } },
{ "type": "Feature", "properties": { "gp_code": "23603", "gp_name": "GARJOLI", "blkname": "BETALGHAT", "dtname": "Nainital", "SHAPE_Area": 2259597.8302678731 }, "geometry": { "type": "Polygon", "coordinates": [ [ [ 79.4688463, 29.4829096 ], [ 79.4700403, 29.4827975 ], [ 79.4741862, 29.484977 ], [ 79.4752025, 29.4850576 ], [ 79.477054, 29.4844858 ], [ 79.4768958, 29.4818916 ], [ 79.4781076, 29.4775638 ], [ 79.4778451, 29.4769055 ], [ 79.4759078, 29.4751201 ], [ 79.4735264, 29.473836 ], [ 79.4726464, 29.4729048 ], [ 79.4711032, 29.4720102 ], [ 79.4698276, 29.470575 ], [ 79.4702734, 29.4696869 ], [ 79.4700103, 29.4692219 ], [ 79.4693919, 29.4691038 ], [ 79.4645238, 29.4705575 ], [ 79.4652271, 29.4714494 ], [ 79.4652243, 29.4721068 ], [ 79.4635871, 29.4724882 ], [ 79.4623867, 29.4741086 ], [ 79.463532, 29.475002 ], [ 79.4633467, 29.4769739 ], [ 79.4636478, 29.4788701 ], [ 79.4643103, 29.4789883 ], [ 79.4645737, 29.4794146 ], [ 79.4653692, 29.4794559 ], [ 79.4655885, 29.4798434 ], [ 79.4650554, 29.4804604 ], [ 79.4658867, 29.4824357 ], [ 79.4656605, 29.4836339 ], [ 79.4645958, 29.4845199 ], [ 79.465078, 29.4854498 ], [ 79.4673373, 29.4842969 ], [ 79.4688463, 29.4829096 ] ] ] } },
{ "type": "Feature", "properties": { "gp_code": "23602", "gp_name": "DOVA", "blkname": "BETALGHAT", "dtname": "Nainital", "SHAPE_Area": 1247401.9765600697 }, "geometry": { "type": "Polygon", "coordinates": [ [ [ 79.4775784, 29.4876953 ], [ 79.477054, 29.4844858 ], [ 79.4752025, 29.4850576 ], [ 79.4741862, 29.484977 ], [ 79.4700403, 29.4827975 ], [ 79.4688463, 29.4829096 ], [ 79.4673373, 29.4842969 ], [ 79.465078, 29.4854498 ], [ 79.4645006, 29.4860667 ], [ 79.4647156, 29.4874597 ], [ 79.4661226, 29.4892047 ], [ 79.4673566, 29.4900984 ], [ 79.4679697, 29.4914154 ], [ 79.4692941, 29.4918452 ], [ 79.4732299, 29.49151 ], [ 79.4761912, 29.4916744 ], [ 79.4777365, 29.4921435 ], [ 79.4775784, 29.4876953 ] ] ] } },
{ "type": "Feature", "properties": { "gp_code": "23592", "gp_name": "BYASI", "blkname": "BETALGHAT", "dtname": "Nainital", "SHAPE_Area": 695762.89918252476 }, "geometry": { "type": "Polygon", "coordinates": [ [ [ 79.4662827, 29.4930729 ], [ 79.4657998, 29.4922978 ], [ 79.4663325, 29.4917968 ], [ 79.4673044, 29.491916 ], [ 79.4679697, 29.4914154 ], [ 79.4673566, 29.4900984 ], [ 79.4661226, 29.4892047 ], [ 79.4647156, 29.4874597 ], [ 79.4645006, 29.4860667 ], [ 79.465078, 29.4854498 ], [ 79.4645958, 29.4845199 ], [ 79.4626032, 29.4852868 ], [ 79.4621625, 29.4849759 ], [ 79.4614514, 29.4858631 ], [ 79.4624219, 29.4863305 ], [ 79.46104, 29.4889558 ], [ 79.4596516, 29.4930894 ], [ 79.4603161, 29.4927435 ], [ 79.4614205, 29.4929407 ], [ 79.4633131, 29.4948421 ], [ 79.4639228, 29.4969713 ], [ 79.4646723, 29.4974378 ], [ 79.465258, 29.4948872 ], [ 79.466101, 29.4941939 ], [ 79.4662827, 29.4930729 ] ] ] } },
{ "type": "Feature", "properties": { "gp_code": "23603", "gp_name": "GARJOLI", "blkname": "BETALGHAT", "dtname": "Nainital", "SHAPE_Area": 394866.0692397345 }, "geometry": { "type": "Polygon", "coordinates": [ [ [ 79.4647555, 29.498637 ], [ 79.4646723, 29.4974378 ], [ 79.4639228, 29.4969713 ], [ 79.4633131, 29.4948421 ], [ 79.4614205, 29.4929407 ], [ 79.4603161, 29.4927435 ], [ 79.4596516, 29.4930894 ], [ 79.4570314, 29.4957879 ], [ 79.4568059, 29.4967927 ], [ 79.4598057, 29.4982724 ], [ 79.4611338, 29.4978515 ], [ 79.4647555, 29.498637 ] ] ] } },
{ "type": "Feature", "properties": { "gp_code": "23598", "gp_name": "DHANIYA KOT", "blkname": "BETALGHAT", "dtname": "Nainital", "SHAPE_Area": 7183409.3619018216 }, "geometry": { "type": "Polygon", "coordinates": [ [ [ 79.4555806, 29.5070723 ], [ 79.456414, 29.5018901 ], [ 79.4552083, 29.4992083 ], [ 79.4554283, 29.4984124 ], [ 79.4568008, 29.497953 ], [ 79.4570314, 29.4957879 ], [ 79.4596516, 29.4930894 ], [ 79.46104, 29.4889558 ], [ 79.4624219, 29.4863305 ], [ 79.4614514, 29.4858631 ], [ 79.4578698, 29.4860832 ], [ 79.4570311, 29.4858096 ], [ 79.4572111, 29.4850754 ], [ 79.4568633, 29.4837592 ], [ 79.4569148, 29.4820963 ], [ 79.4574509, 29.4808218 ], [ 79.4570111, 29.4803175 ], [ 79.4527768, 29.4782533 ], [ 79.4504343, 29.478168 ], [ 79.4494656, 29.4773525 ], [ 79.4484045, 29.4773875 ], [ 79.4479644, 29.4769606 ], [ 79.447923, 29.4763416 ], [ 79.4482342, 29.4759559 ], [ 79.4491628, 29.4758817 ], [ 79.451457, 29.4768178 ], [ 79.4520793, 29.4760464 ], [ 79.452128, 29.475041 ], [ 79.4532864, 29.4729564 ], [ 79.4533479, 29.4718658 ], [ 79.450334, 29.4709351 ], [ 79.4495346, 29.4717833 ], [ 79.449041, 29.4734447 ], [ 79.4484189, 29.4741774 ], [ 79.447314, 29.4741737 ], [ 79.446476, 29.4737454 ], [ 79.4456442, 29.4719634 ], [ 79.4435805, 29.4689394 ], [ 79.4431137, 29.4689257 ], [ 79.4431711, 29.4708984 ], [ 79.4427456, 29.4721346 ], [ 79.4418354, 29.473021 ], [ 79.4303305, 29.4729365 ], [ 79.4332988, 29.4749372 ], [ 79.4358584, 29.4758357 ], [ 79.4384214, 29.4759607 ], [ 79.4413295, 29.477982 ], [ 79.443713, 29.4787637 ], [ 79.4461889, 29.4786176 ], [ 79.4490607, 29.4789369 ], [ 79.4512231, 29.4797178 ], [ 79.4511326, 29.4801815 ], [ 79.4487823, 29.4818753 ], [ 79.4473152, 29.4837654 ], [ 79.4465401, 29.4890227 ], [ 79.4456929, 29.4906441 ], [ 79.4428511, 29.493419 ], [ 79.4420992, 29.4934938 ], [ 79.4398949, 29.4921711 ], [ 79.4360942, 29.4967603 ], [ 79.4396382, 29.5000019 ], [ 79.441681, 29.5054515 ], [ 79.4449702, 29.506327 ], [ 79.4508091, 29.5091612 ], [ 79.4513661, 29.5092074 ], [ 79.4517731, 29.508832 ], [ 79.4521337, 29.5075038 ], [ 79.4529985, 29.5066869 ], [ 79.4555806, 29.5070723 ] ] ] } },
{ "type": "Feature", "properties": { "gp_code": "23972", "gp_name": "SIMRAD", "blkname": "BETALGHAT", "dtname": "Nainital", "SHAPE_Area": 7459781.1214551963 }, "geometry": { "type": "Polygon", "coordinates": [ [ [ 79.4360942, 29.4967603 ], [ 79.4398949, 29.4921711 ], [ 79.4420992, 29.4934938 ], [ 79.4428511, 29.493419 ], [ 79.4456929, 29.4906441 ], [ 79.4465401, 29.4890227 ], [ 79.4473152, 29.4837654 ], [ 79.4487823, 29.4818753 ], [ 79.4511326, 29.4801815 ], [ 79.4512231, 29.4797178 ], [ 79.4490607, 29.4789369 ], [ 79.4461889, 29.4786176 ], [ 79.443713, 29.4787637 ], [ 79.4413295, 29.477982 ], [ 79.4384214, 29.4759607 ], [ 79.4358584, 29.4758357 ], [ 79.4332988, 29.4749372 ], [ 79.4303305, 29.4729365 ], [ 79.4291944, 29.4729768 ], [ 79.4269648, 29.4724274 ], [ 79.4264311, 29.473141 ], [ 79.4270015, 29.474052 ], [ 79.4267318, 29.4749985 ], [ 79.4249642, 29.474915 ], [ 79.4241886, 29.4753376 ], [ 79.4236978, 29.4763414 ], [ 79.4227903, 29.4766282 ], [ 79.4207923, 29.473817 ], [ 79.4180811, 29.4722988 ], [ 79.4143936, 29.4716473 ], [ 79.4107268, 29.4718491 ], [ 79.409499, 29.4722394 ], [ 79.4102513, 29.4742163 ], [ 79.412754, 29.477745 ], [ 79.4133844, 29.4799519 ], [ 79.4167149, 29.481395 ], [ 79.4214676, 29.485918 ], [ 79.4268236, 29.4891278 ], [ 79.4304688, 29.4943233 ], [ 79.432765, 29.4948921 ], [ 79.4360942, 29.4967603 ] ] ] } },
{ "type": "Feature", "properties": { "gp_code": "23620", "gp_name": "KHALAD", "blkname": "BETALGHAT", "dtname": "Nainital", "SHAPE_Area": 2710972.6087946501 }, "geometry": { "type": "Polygon", "coordinates": [ [ [ 79.411389, 29.5011434 ], [ 79.4125685, 29.5007841 ], [ 79.4170037, 29.5004972 ], [ 79.421258, 29.4976262 ], [ 79.4253985, 29.4985111 ], [ 79.4258936, 29.4989964 ], [ 79.4333292, 29.4982342 ], [ 79.4346963, 29.4977676 ], [ 79.4360942, 29.4967603 ], [ 79.432765, 29.4948921 ], [ 79.4304688, 29.4943233 ], [ 79.4268236, 29.4891278 ], [ 79.4259196, 29.4886605 ], [ 79.4267329, 29.4896303 ], [ 79.4269897, 29.4914489 ], [ 79.4257667, 29.4930109 ], [ 79.4248818, 29.4931818 ], [ 79.4230491, 29.4927498 ], [ 79.4213227, 29.4932658 ], [ 79.4175504, 29.4916665 ], [ 79.4121517, 29.4928265 ], [ 79.4098963, 29.4929923 ], [ 79.4087262, 29.4926979 ], [ 79.4066544, 29.4914527 ], [ 79.405746, 29.4919134 ], [ 79.405168, 29.4926075 ], [ 79.4054504, 29.4936334 ], [ 79.4050944, 29.4940963 ], [ 79.4031455, 29.4948819 ], [ 79.403475, 29.4953085 ], [ 79.405818, 29.4952978 ], [ 79.4074512, 29.4958453 ], [ 79.4083104, 29.4964479 ], [ 79.4088339, 29.4979002 ], [ 79.4081677, 29.4985359 ], [ 79.4049575, 29.4995876 ], [ 79.4047009, 29.4999653 ], [ 79.4058477, 29.500911 ], [ 79.4073013, 29.5011891 ], [ 79.411389, 29.5011434 ] ] ] } },
{ "type": "Feature", "properties": { "gp_code": "23639", "gp_name": "SIMALKHA", "blkname": "BETALGHAT", "dtname": "Nainital", "SHAPE_Area": 1606493.7841424267 }, "geometry": { "type": "Polygon", "coordinates": [ [ [ 79.4111182, 29.4870601 ], [ 79.4114541, 29.4861524 ], [ 79.4133721, 29.4871843 ], [ 79.4154702, 29.48754 ], [ 79.4165328, 29.4871765 ], [ 79.4172654, 29.4865022 ], [ 79.4193978, 29.4889659 ], [ 79.4202362, 29.4892783 ], [ 79.4211222, 29.4888754 ], [ 79.4207384, 29.4858959 ], [ 79.4214676, 29.485918 ], [ 79.4167149, 29.481395 ], [ 79.4133844, 29.4799519 ], [ 79.412754, 29.477745 ], [ 79.4102513, 29.4742163 ], [ 79.409499, 29.4722394 ], [ 79.4089534, 29.4729449 ], [ 79.4087276, 29.473969 ], [ 79.4092599, 29.4758757 ], [ 79.4089682, 29.4767933 ], [ 79.407679, 29.4783066 ], [ 79.407232, 29.4793492 ], [ 79.4084443, 29.4819727 ], [ 79.4087553, 29.4820042 ], [ 79.4098534, 29.4834779 ], [ 79.4097811, 29.4847152 ], [ 79.4073822, 29.487201 ], [ 79.4070462, 29.488128 ], [ 79.4071298, 29.4891146 ], [ 79.4081184, 29.4903752 ], [ 79.4104391, 29.4904223 ], [ 79.4122547, 29.4897715 ], [ 79.4129899, 29.4885559 ], [ 79.4111182, 29.4870601 ] ] ] } },
{ "type": "Feature", "properties": { "gp_code": "23829", "gp_name": "GHUGHU SIGARI", "blkname": "KOTABAG", "dtname": "Nainital", "SHAPE_Area": 1298028.8155135056 }, "geometry": { "type": "Polygon", "coordinates": [ [ [ 79.4131429, 29.4511436 ], [ 79.410987, 29.449736 ], [ 79.4085962, 29.4506555 ], [ 79.4073144, 29.4506895 ], [ 79.3995452, 29.4489202 ], [ 79.3980846, 29.4493789 ], [ 79.3971087, 29.4501489 ], [ 79.3988308, 29.450426 ], [ 79.3992537, 29.4543341 ], [ 79.4001759, 29.4555366 ], [ 79.401189, 29.4562366 ], [ 79.4050734, 29.4572179 ], [ 79.4105614, 29.4555749 ], [ 79.4142388, 29.4536157 ], [ 79.4159245, 29.4522681 ], [ 79.4131429, 29.4511436 ] ] ] } },
{ "type": "Feature", "properties": { "gp_code": "23829", "gp_name": "GHUGHU SIGARI", "blkname": "KOTABAG", "dtname": "Nainital", "SHAPE_Area": 2309023.9950541905 }, "geometry": { "type": "Polygon", "coordinates": [ [ [ 79.4157062, 29.4464728 ], [ 79.4173175, 29.4421466 ], [ 79.4178691, 29.4376037 ], [ 79.4141535, 29.4351161 ], [ 79.413351, 29.4352038 ], [ 79.4125455, 29.435903 ], [ 79.4122022, 29.4373513 ], [ 79.4117616, 29.4375082 ], [ 79.4093817, 29.4374089 ], [ 79.404888, 29.4356484 ], [ 79.4032821, 29.4360049 ], [ 79.4020878, 29.4368384 ], [ 79.4003529, 29.4371264 ], [ 79.4020909, 29.441572 ], [ 79.4017595, 29.4458514 ], [ 79.4013914, 29.4470731 ], [ 79.40398, 29.4468789 ], [ 79.4051473, 29.4462716 ], [ 79.4068885, 29.4447154 ], [ 79.4073805, 29.4446492 ], [ 79.4109868, 29.4480824 ], [ 79.4115003, 29.4488996 ], [ 79.4139966, 29.4481878 ], [ 79.4147948, 29.4476298 ], [ 79.4157062, 29.4464728 ] ] ] } },
{ "type": "Feature", "properties": { "gp_code": "23847", "gp_name": "SAUD", "blkname": "KOTABAG", "dtname": "Nainital", "SHAPE_Area": 9095443.6332865171 }, "geometry": { "type": "Polygon", "coordinates": [ [ [ 79.3959552, 29.4510728 ], [ 79.3980846, 29.4493789 ], [ 79.3995452, 29.4489202 ], [ 79.4073144, 29.4506895 ], [ 79.4085962, 29.4506555 ], [ 79.410987, 29.449736 ], [ 79.4115003, 29.4488996 ], [ 79.4109868, 29.4480824 ], [ 79.4073805, 29.4446492 ], [ 79.4068885, 29.4447154 ], [ 79.4051473, 29.4462716 ], [ 79.40398, 29.4468789 ], [ 79.4013914, 29.4470731 ], [ 79.4017595, 29.4458514 ], [ 79.4020909, 29.441572 ], [ 79.4003529, 29.4371264 ], [ 79.3989513, 29.4380271 ], [ 79.3985571, 29.4392714 ], [ 79.3963404, 29.4428189 ], [ 79.3947853, 29.4433567 ], [ 79.3929731, 29.443531 ], [ 79.3921947, 29.4439584 ], [ 79.3911241, 29.4459248 ], [ 79.3895142, 29.4470512 ], [ 79.3852627, 29.4486203 ], [ 79.3825476, 29.448225 ], [ 79.3785023, 29.4499307 ], [ 79.3742569, 29.4502313 ], [ 79.3716649, 29.4510819 ], [ 79.3701701, 29.4498983 ], [ 79.3681229, 29.4504565 ], [ 79.3675543, 29.4503185 ], [ 79.3676132, 29.4489144 ], [ 79.3652908, 29.4476596 ], [ 79.3629193, 29.4458837 ], [ 79.3615477, 29.4459236 ], [ 79.3538497, 29.4483616 ], [ 79.3543937, 29.4507375 ], [ 79.3592072, 29.4514143 ], [ 79.3591045, 29.45416 ], [ 79.3598062, 29.4552072 ], [ 79.3623188, 29.4564548 ], [ 79.3635477, 29.4581229 ], [ 79.3639385, 29.4594781 ], [ 79.3632018, 29.4651995 ], [ 79.3641203, 29.4670596 ], [ 79.366044, 29.4668545 ], [ 79.3736128, 29.4647181 ], [ 79.378254, 29.4646201 ], [ 79.3839265, 29.4615863 ], [ 79.388572, 29.4605984 ], [ 79.3957421, 29.4584595 ], [ 79.3964958, 29.4579983 ], [ 79.3959305, 29.4561009 ], [ 79.3959552, 29.4510728 ] ] ] } },
{ "type": "Feature", "properties": { "gp_code": "", "gp_name": "", "blkname": "KOTABAG", "dtname": "Nainital", "SHAPE_Area": 34216739.539832845 }, "geometry": { "type": "Polygon", "coordinates": [ [ [ 79.4084443, 29.4819727 ], [ 79.407232, 29.4793492 ], [ 79.407679, 29.4783066 ], [ 79.4089682, 29.4767933 ], [ 79.4092599, 29.4758757 ], [ 79.4087276, 29.473969 ], [ 79.4089534, 29.4729449 ], [ 79.4095872, 29.4721253 ], [ 79.4143936, 29.4716473 ], [ 79.4180811, 29.4722988 ], [ 79.4207923, 29.473817 ], [ 79.4227903, 29.4766282 ], [ 79.4236978, 29.4763414 ], [ 79.4241886, 29.4753376 ], [ 79.4249642, 29.474915 ], [ 79.4267318, 29.4749985 ], [ 79.4270015, 29.474052 ], [ 79.4264311, 29.473141 ], [ 79.4269648, 29.4724274 ], [ 79.4291944, 29.4729768 ], [ 79.431449, 29.472888 ], [ 79.4324423, 29.4731429 ], [ 79.4365323, 29.4728286 ], [ 79.4418354, 29.473021 ], [ 79.4427456, 29.4721346 ], [ 79.4431711, 29.4708984 ], [ 79.4431137, 29.4689257 ], [ 79.4407345, 29.4672544 ], [ 79.4394548, 29.4668051 ], [ 79.4380848, 29.4667617 ], [ 79.4372253, 29.4662366 ], [ 79.4349893, 29.462303 ], [ 79.432813, 29.4598199 ], [ 79.4327724, 29.4590269 ], [ 79.4333506, 29.458236 ], [ 79.4357815, 29.4581865 ], [ 79.4384485, 29.4597043 ], [ 79.4427386, 29.4638964 ], [ 79.4452942, 29.4656457 ], [ 79.4468954, 29.4683199 ], [ 79.4482591, 29.4697749 ], [ 79.4489214, 29.4699126 ], [ 79.4509043, 29.4712731 ], [ 79.4528907, 29.4718793 ], [ 79.4555876, 29.471695 ], [ 79.4565622, 29.4711955 ], [ 79.4572298, 29.4701535 ], [ 79.4571922, 29.4692952 ], [ 79.456597, 29.4683143 ], [ 79.4528822, 29.4688045 ], [ 79.4499939, 29.4673056 ], [ 79.4498427, 29.4665121 ], [ 79.4505972, 29.4657992 ], [ 79.4502917, 29.4649472 ], [ 79.4456487, 29.4605028 ], [ 79.4444631, 29.4587969 ], [ 79.4445973, 29.4584492 ], [ 79.4454163, 29.4581426 ], [ 79.4482033, 29.4575334 ], [ 79.4492886, 29.4575878 ], [ 79.4497072, 29.457229 ], [ 79.4497837, 29.4549666 ], [ 79.4493687, 29.4538629 ], [ 79.4457515, 29.4523807 ], [ 79.4409335, 29.4477033 ], [ 79.438882, 29.4469613 ], [ 79.4305115, 29.4461583 ], [ 79.4267741, 29.4468607 ], [ 79.4159245, 29.4522681 ], [ 79.4142388, 29.4536157 ], [ 79.4105614, 29.4555749 ], [ 79.4050734, 29.4572179 ], [ 79.401189, 29.4562366 ], [ 79.4001759, 29.4555366 ], [ 79.3992537, 29.4543341 ], [ 79.3988308, 29.450426 ], [ 79.3971087, 29.4501489 ], [ 79.3959552, 29.4510728 ], [ 79.3959305, 29.4561009 ], [ 79.3964958, 29.4579983 ], [ 79.3957421, 29.4584595 ], [ 79.388572, 29.4605984 ], [ 79.3839265, 29.4615863 ], [ 79.378254, 29.4646201 ], [ 79.3736128, 29.4647181 ], [ 79.366044, 29.4668545 ], [ 79.3627483, 29.467441 ], [ 79.3602203, 29.4690941 ], [ 79.3577229, 29.4733773 ], [ 79.3569255, 29.4737222 ], [ 79.3562193, 29.4735261 ], [ 79.3557812, 29.4727894 ], [ 79.3563258, 29.4700455 ], [ 79.3593904, 29.4671956 ], [ 79.3588186, 29.4666518 ], [ 79.3557692, 29.466601 ], [ 79.3536908, 29.4668248 ], [ 79.3516542, 29.4674741 ], [ 79.3505411, 29.4690167 ], [ 79.348841, 29.4729162 ], [ 79.3493145, 29.4753161 ], [ 79.3506322, 29.4769071 ], [ 79.3523585, 29.47645 ], [ 79.3535502, 29.4767642 ], [ 79.3533694, 29.477537 ], [ 79.3525694, 29.4783847 ], [ 79.3549155, 29.4777366 ], [ 79.3555324, 29.4780872 ], [ 79.3558384, 29.4787459 ], [ 79.3534287, 29.4831066 ], [ 79.3503707, 29.4846027 ], [ 79.3497514, 29.4846776 ], [ 79.3495373, 29.4833617 ], [ 79.350178, 29.479226 ], [ 79.3497846, 29.4783735 ], [ 79.3478471, 29.4769733 ], [ 79.3471467, 29.4756941 ], [ 79.3470668, 29.4740693 ], [ 79.3486809, 29.4697441 ], [ 79.347976, 29.4693158 ], [ 79.3461037, 29.4696698 ], [ 79.3442036, 29.4722399 ], [ 79.3413833, 29.4747618 ], [ 79.3375443, 29.473547 ], [ 79.3346506, 29.4732837 ], [ 79.3340744, 29.4735714 ], [ 79.3313847, 29.4764611 ], [ 79.3302568, 29.4765917 ], [ 79.3291674, 29.4798071 ], [ 79.3264055, 29.4837018 ], [ 79.3259523, 29.4857498 ], [ 79.3244145, 29.4880832 ], [ 79.3252234, 29.489711 ], [ 79.3269587, 29.4916907 ], [ 79.3271698, 29.4935287 ], [ 79.3265242, 29.4943769 ], [ 79.3251805, 29.4975426 ], [ 79.3231779, 29.4999514 ], [ 79.3225965, 29.5025442 ], [ 79.3232685, 29.5031682 ], [ 79.3248523, 29.5033642 ], [ 79.3265557, 29.5022502 ], [ 79.3293408, 29.4987493 ], [ 79.332264, 29.4977558 ], [ 79.3346611, 29.4959286 ], [ 79.3355912, 29.4956231 ], [ 79.3367595, 29.496208 ], [ 79.3394763, 29.4966059 ], [ 79.3412782, 29.4944475 ], [ 79.344565, 29.4915602 ], [ 79.347391, 29.4879942 ], [ 79.3496116, 29.4860307 ], [ 79.3561078, 29.4864048 ], [ 79.361534, 29.4885536 ], [ 79.363235, 29.4887344 ], [ 79.3655714, 29.4900005 ], [ 79.3666317, 29.4901207 ], [ 79.3689336, 29.4895109 ], [ 79.3697993, 29.4887989 ], [ 79.372026, 29.4855588 ], [ 79.3752152, 29.4842949 ], [ 79.3779441, 29.4822556 ], [ 79.3801552, 29.4776616 ], [ 79.3841018, 29.4751628 ], [ 79.3894185, 29.472611 ], [ 79.3928995, 29.4703228 ], [ 79.3957883, 29.47161 ], [ 79.4002522, 29.4762099 ], [ 79.401883, 29.4771829 ], [ 79.4047649, 29.4799396 ], [ 79.4074746, 29.4817481 ], [ 79.4084443, 29.4819727 ] ] ] } },
{ "type": "Feature", "properties": { "gp_code": "", "gp_name": "", "blkname": "BETALGHAT", "dtname": "Nainital", "SHAPE_Area": 778793.05614953348 }, "geometry": { "type": "Polygon", "coordinates": [ [ [ 79.3139097, 29.5018901 ], [ 79.318074, 29.4975223 ], [ 79.3177683, 29.4968442 ], [ 79.3147302, 29.4946269 ], [ 79.3142721, 29.4935227 ], [ 79.3135224, 29.4931907 ], [ 79.3105833, 29.4930815 ], [ 79.3098516, 29.4934845 ], [ 79.3094919, 29.4945465 ], [ 79.3095425, 29.49737 ], [ 79.3101222, 29.4999678 ], [ 79.3088677, 29.5010863 ], [ 79.3085307, 29.502117 ], [ 79.309706, 29.5025463 ], [ 79.3122315, 29.5007995 ], [ 79.3126515, 29.5007976 ], [ 79.3139097, 29.5018901 ] ] ] } },
{ "type": "Feature", "properties": { "gp_code": "23818", "gp_name": "BAGHNI", "blkname": "KOTABAG", "dtname": "Nainital", "SHAPE_Area": 7353535.560050861 }, "geometry": { "type": "Polygon", "coordinates": [ [ [ 79.3434039, 29.4729909 ], [ 79.3413211, 29.4698495 ], [ 79.340309, 29.4690138 ], [ 79.3372598, 29.4648048 ], [ 79.3363355, 29.4641048 ], [ 79.3346325, 29.4643492 ], [ 79.3316985, 29.4634087 ], [ 79.3309782, 29.4617619 ], [ 79.3298763, 29.4611966 ], [ 79.3288218, 29.4600705 ], [ 79.3276992, 29.4582425 ], [ 79.3256375, 29.4590266 ], [ 79.3225682, 29.4595119 ], [ 79.3190805, 29.4584441 ], [ 79.3156019, 29.4580556 ], [ 79.3137819, 29.4572666 ], [ 79.3130756, 29.4572999 ], [ 79.3112779, 29.4584675 ], [ 79.3073906, 29.4594248 ], [ 79.3057347, 29.4593723 ], [ 79.3036156, 29.4588423 ], [ 79.303123, 29.4589987 ], [ 79.3028578, 29.4601299 ], [ 79.3029275, 29.4638332 ], [ 79.3039905, 29.4647322 ], [ 79.3046, 29.4663786 ], [ 79.3038678, 29.4668976 ], [ 79.3036408, 29.4679409 ], [ 79.3042983, 29.46893 ], [ 79.3065914, 29.4698682 ], [ 79.3075815, 29.470646 ], [ 79.3078859, 29.4715369 ], [ 79.3086556, 29.472217 ], [ 79.3113666, 29.4735242 ], [ 79.3165946, 29.475287 ], [ 79.324214, 29.4762668 ], [ 79.3299405, 29.4758265 ], [ 79.3302568, 29.4765917 ], [ 79.3313847, 29.4764611 ], [ 79.3334084, 29.4741488 ], [ 79.3346506, 29.4732837 ], [ 79.3375443, 29.473547 ], [ 79.3413833, 29.4747618 ], [ 79.3434039, 29.4729909 ] ] ] } },
{ "type": "Feature", "properties": { "gp_code": "23822", "gp_name": "CHADA", "blkname": "KOTABAG", "dtname": "Nainital", "SHAPE_Area": 5230193.591769184 }, "geometry": { "type": "Polygon", "coordinates": [ [ [ 79.3457925, 29.4643175 ], [ 79.3449626, 29.4624576 ], [ 79.3450127, 29.4613749 ], [ 79.3487374, 29.4590306 ], [ 79.3490049, 29.4586062 ], [ 79.3487483, 29.4569807 ], [ 79.3491528, 29.455706 ], [ 79.3530329, 29.4489916 ], [ 79.3538497, 29.4483616 ], [ 79.3527417, 29.4474511 ], [ 79.3516551, 29.4474241 ], [ 79.3504419, 29.446853 ], [ 79.3495671, 29.4459209 ], [ 79.3486339, 29.4462116 ], [ 79.346959, 29.4448912 ], [ 79.3456152, 29.444546 ], [ 79.3450274, 29.4431846 ], [ 79.3438368, 29.4432478 ], [ 79.3424872, 29.4439897 ], [ 79.3408181, 29.4464516 ], [ 79.3401707, 29.4465395 ], [ 79.3400876, 29.4475583 ], [ 79.3394334, 29.4489146 ], [ 79.3371506, 29.4499697 ], [ 79.3339375, 29.4507718 ], [ 79.3331322, 29.4513573 ], [ 79.3298276, 29.4546955 ], [ 79.3286089, 29.4551548 ], [ 79.3275769, 29.456951 ], [ 79.3275856, 29.4577211 ], [ 79.3288218, 29.4600705 ], [ 79.3298763, 29.4611966 ], [ 79.3309782, 29.4617619 ], [ 79.3316985, 29.4634087 ], [ 79.3346325, 29.4643492 ], [ 79.3363355, 29.4641048 ], [ 79.3372598, 29.4648048 ], [ 79.340309, 29.4690138 ], [ 79.3413211, 29.4698495 ], [ 79.3434039, 29.4729909 ], [ 79.3460272, 29.4700814 ], [ 79.3461637, 29.4693471 ], [ 79.3451064, 29.4686853 ], [ 79.3459595, 29.4661747 ], [ 79.3457925, 29.4643175 ] ] ] } },
{ "type": "Feature", "properties": { "gp_code": "23820", "gp_name": "BASI", "blkname": "KOTABAG", "dtname": "Nainital", "SHAPE_Area": 4443576.9448192557 }, "geometry": { "type": "Polygon", "coordinates": [ [ [ 79.3641203, 29.4670596 ], [ 79.3632018, 29.4651995 ], [ 79.3639385, 29.4594781 ], [ 79.3635477, 29.4581229 ], [ 79.3623188, 29.4564548 ], [ 79.3598062, 29.4552072 ], [ 79.3591045, 29.45416 ], [ 79.3592072, 29.4514143 ], [ 79.3543937, 29.4507375 ], [ 79.3538497, 29.4483616 ], [ 79.3530329, 29.4489916 ], [ 79.3491528, 29.455706 ], [ 79.3487483, 29.4569807 ], [ 79.3490049, 29.4586062 ], [ 79.3487374, 29.4590306 ], [ 79.3450127, 29.4613749 ], [ 79.3449626, 29.4624576 ], [ 79.3457925, 29.4643175 ], [ 79.3459595, 29.4661747 ], [ 79.3451064, 29.4686853 ], [ 79.3461637, 29.4693471 ], [ 79.3461037, 29.4696698 ], [ 79.347976, 29.4693158 ], [ 79.3486809, 29.4697441 ], [ 79.3470668, 29.4740693 ], [ 79.3471467, 29.4756941 ], [ 79.3478471, 29.4769733 ], [ 79.3497846, 29.4783735 ], [ 79.350178, 29.479226 ], [ 79.3495373, 29.4833617 ], [ 79.3497514, 29.4846776 ], [ 79.3534287, 29.4831066 ], [ 79.3558384, 29.4787459 ], [ 79.3555324, 29.4780872 ], [ 79.3549155, 29.4777366 ], [ 79.3525694, 29.4783847 ], [ 79.3533694, 29.477537 ], [ 79.3535502, 29.4767642 ], [ 79.3523585, 29.47645 ], [ 79.3506322, 29.4769071 ], [ 79.3493145, 29.4753161 ], [ 79.348841, 29.4729162 ], [ 79.3505411, 29.4690167 ], [ 79.3516542, 29.4674741 ], [ 79.3536908, 29.4668248 ], [ 79.3557692, 29.466601 ], [ 79.3588186, 29.4666518 ], [ 79.3593904, 29.4671956 ], [ 79.3563258, 29.4700455 ], [ 79.3557812, 29.4727894 ], [ 79.3562193, 29.4735261 ], [ 79.3569255, 29.4737222 ], [ 79.3577229, 29.4733773 ], [ 79.3602203, 29.4690941 ], [ 79.3627483, 29.467441 ], [ 79.3641203, 29.4670596 ] ] ] } },
{ "type": "Feature", "properties": { "gp_code": "23701", "gp_name": "ROKHAR", "blkname": "BHIMTAL", "dtname": "Nainital", "SHAPE_Area": 825186.23523432051 }, "geometry": { "type": "Polygon", "coordinates": [ [ [ 79.3698067, 29.3943487 ], [ 79.3698408, 29.3927633 ], [ 79.3708711, 29.3885316 ], [ 79.3688036, 29.3882064 ], [ 79.3692014, 29.3862599 ], [ 79.3684828, 29.3851699 ], [ 79.3676526, 29.3856875 ], [ 79.3672841, 29.3869319 ], [ 79.3674319, 29.3883822 ], [ 79.3671943, 29.3893326 ], [ 79.3665712, 29.3897832 ], [ 79.36564, 29.3898022 ], [ 79.3647117, 29.3892322 ], [ 79.3627485, 29.3887714 ], [ 79.3616082, 29.3891972 ], [ 79.3610863, 29.3901013 ], [ 79.3614281, 29.3940212 ], [ 79.3616325, 29.3945203 ], [ 79.3623804, 29.394931 ], [ 79.3635452, 29.3947771 ], [ 79.3646369, 29.3937394 ], [ 79.3667478, 29.3956958 ], [ 79.3676262, 29.395903 ], [ 79.3685839, 29.3957482 ], [ 79.3698067, 29.3943487 ] ] ] } },
{ "type": "Feature", "properties": { "gp_code": "23849", "gp_name": "SYAT", "blkname": "KOTABAG", "dtname": "Nainital", "SHAPE_Area": 2668381.9596639751 }, "geometry": { "type": "Polygon", "coordinates": [ [ [ 79.3337384, 29.3843929 ], [ 79.334487, 29.3868621 ], [ 79.3344823, 29.3877324 ], [ 79.3339932, 29.3883106 ], [ 79.3318067, 29.3883403 ], [ 79.3300672, 29.387366 ], [ 79.3280162, 29.3868545 ], [ 79.327175, 29.3871992 ], [ 79.3241107, 29.3902423 ], [ 79.320684, 29.3928679 ], [ 79.3236203, 29.3930738 ], [ 79.3270332, 29.3949835 ], [ 79.3286041, 29.3944872 ], [ 79.3288092, 29.3933082 ], [ 79.3292544, 29.3926718 ], [ 79.331358, 29.3916748 ], [ 79.3333682, 29.3916058 ], [ 79.3338531, 29.3917818 ], [ 79.334126, 29.3944134 ], [ 79.334915, 29.3955385 ], [ 79.3380184, 29.3975628 ], [ 79.3414435, 29.397248 ], [ 79.343187, 29.3975065 ], [ 79.3473235, 29.4004826 ], [ 79.3476994, 29.4004067 ], [ 79.3480352, 29.399557 ], [ 79.3476667, 29.3982404 ], [ 79.3461983, 29.3960876 ], [ 79.3464203, 29.3958757 ], [ 79.3496117, 29.3979775 ], [ 79.3500966, 29.3981921 ], [ 79.350429, 29.3979614 ], [ 79.3510576, 29.3960298 ], [ 79.3509506, 29.3953718 ], [ 79.3475385, 29.3932498 ], [ 79.3421068, 29.3888372 ], [ 79.3337384, 29.3843929 ] ] ] } },
{ "type": "Feature", "properties": { "gp_code": "", "gp_name": "", "blkname": "KOTABAG", "dtname": "Nainital", "SHAPE_Area": 1280933.2897250061 }, "geometry": { "type": "Polygon", "coordinates": [ [ [ 79.3337384, 29.3843929 ], [ 79.332145, 29.3829454 ], [ 79.3327016, 29.3800948 ], [ 79.330516, 29.3786695 ], [ 79.3295981, 29.3741246 ], [ 79.3285084, 29.3714702 ], [ 79.3264553, 29.3713648 ], [ 79.3262905, 29.3691978 ], [ 79.3256884, 29.3684473 ], [ 79.3259346, 29.3656181 ], [ 79.3252084, 29.3651701 ], [ 79.3248625, 29.3638147 ], [ 79.3238215, 29.3643906 ], [ 79.3231026, 29.3666506 ], [ 79.3242332, 29.3658236 ], [ 79.3247632, 29.3658258 ], [ 79.3249813, 29.3663297 ], [ 79.3240887, 29.3680281 ], [ 79.3250953, 29.3696957 ], [ 79.3253859, 29.3731012 ], [ 79.3265574, 29.3769358 ], [ 79.3279531, 29.3801911 ], [ 79.3284245, 29.3828235 ], [ 79.3303059, 29.3861195 ], [ 79.3302151, 29.3865832 ], [ 79.3292892, 29.3862699 ], [ 79.3279696, 29.3852587 ], [ 79.3243692, 29.3813366 ], [ 79.3227824, 29.3807496 ], [ 79.3241337, 29.3840047 ], [ 79.3254954, 29.385403 ], [ 79.3280162, 29.3868545 ], [ 79.3329321, 29.388519 ], [ 79.3339932, 29.3883106 ], [ 79.3344823, 29.3877324 ], [ 79.3342943, 29.3857201 ], [ 79.3337384, 29.3843929 ] ] ] } },
{ "type": "Feature", "properties": { "gp_code": "23836", "gp_name": "NATHUNAGAR", "blkname": "KOTABAG", "dtname": "Nainital", "SHAPE_Area": 107630.11422421131 }, "geometry": { "type": "Polygon", "coordinates": [ [ [ 79.3269691, 29.3824306 ], [ 79.3252479, 29.3821913 ], [ 79.3279696, 29.3852587 ], [ 79.3292892, 29.3862699 ], [ 79.3302151, 29.3865832 ], [ 79.3303059, 29.3861195 ], [ 79.3292101, 29.3845675 ], [ 79.3289068, 29.3834831 ], [ 79.3269691, 29.3824306 ] ] ] } },
{ "type": "Feature", "properties": { "gp_code": "", "gp_name": "", "blkname": "KOTABAG", "dtname": "Nainital", "SHAPE_Area": 512930.20113318128 }, "geometry": { "type": "Polygon", "coordinates": [ [ [ 79.3244556, 29.3897699 ], [ 79.323001, 29.3892222 ], [ 79.3224323, 29.388214 ], [ 79.3223057, 29.3871304 ], [ 79.3232834, 29.3860513 ], [ 79.3215304, 29.3835295 ], [ 79.3199035, 29.3822075 ], [ 79.3177534, 29.3796453 ], [ 79.317495, 29.3784449 ], [ 79.3144782, 29.3808693 ], [ 79.3168527, 29.3827748 ], [ 79.3213284, 29.388132 ], [ 79.3217215, 29.388946 ], [ 79.321521, 29.3892547 ], [ 79.3218494, 29.3897976 ], [ 79.3219723, 29.3918901 ], [ 79.3244556, 29.3897699 ] ] ] } },
{ "type": "Feature", "properties": { "gp_code": "23836", "gp_name": "NATHUNAGAR", "blkname": "KOTABAG", "dtname": "Nainital", "SHAPE_Area": 654108.49104560423 }, "geometry": { "type": "Polygon", "coordinates": [ [ [ 79.321654, 29.3771086 ], [ 79.3208227, 29.3756738 ], [ 79.317495, 29.3784449 ], [ 79.3177534, 29.3796453 ], [ 79.3227143, 29.3851206 ], [ 79.3232834, 29.3860513 ], [ 79.3223057, 29.3871304 ], [ 79.3224323, 29.388214 ], [ 79.323001, 29.3892222 ], [ 79.3244556, 29.3897699 ], [ 79.327175, 29.3871992 ], [ 79.3280162, 29.3868545 ], [ 79.3254954, 29.385403 ], [ 79.3241337, 29.3840047 ], [ 79.3222594, 29.3794708 ], [ 79.321654, 29.3771086 ] ] ] } },
{ "type": "Feature", "properties": { "gp_code": "23836", "gp_name": "NATHUNAGAR", "blkname": "KOTABAG", "dtname": "Nainital", "SHAPE_Area": 1628134.3527510716 }, "geometry": { "type": "Polygon", "coordinates": [ [ [ 79.3219723, 29.3918901 ], [ 79.3218494, 29.3897976 ], [ 79.321521, 29.3892547 ], [ 79.3217215, 29.388946 ], [ 79.3213284, 29.388132 ], [ 79.3168527, 29.3827748 ], [ 79.3138631, 29.3802863 ], [ 79.3126838, 29.3779216 ], [ 79.3118481, 29.377299 ], [ 79.3116759, 29.376486 ], [ 79.3104919, 29.3749722 ], [ 79.3099864, 29.3745446 ], [ 79.3093268, 29.3745264 ], [ 79.3085677, 29.3755055 ], [ 79.3085764, 29.3760462 ], [ 79.3098675, 29.3775474 ], [ 79.3098979, 29.3785286 ], [ 79.3091442, 29.3790283 ], [ 79.3088309, 29.3797619 ], [ 79.3092198, 29.3813109 ], [ 79.310495, 29.3823222 ], [ 79.3108651, 29.3872365 ], [ 79.3118737, 29.388556 ], [ 79.3122984, 29.3916139 ], [ 79.3152622, 29.3908141 ], [ 79.317029, 29.3908216 ], [ 79.3178201, 29.39156 ], [ 79.3174641, 29.3920227 ], [ 79.3177116, 29.3951957 ], [ 79.3219723, 29.3918901 ] ] ] } },
{ "type": "Feature", "properties": { "gp_code": "23840", "gp_name": "PANDEY GAON", "blkname": "KOTABAG", "dtname": "Nainital", "SHAPE_Area": 179274.8215705498 }, "geometry": { "type": "Polygon", "coordinates": [ [ [ 79.3205281, 29.3999808 ], [ 79.3166238, 29.3973594 ], [ 79.3177636, 29.3997701 ], [ 79.3178214, 29.4013177 ], [ 79.3182964, 29.4014471 ], [ 79.3196581, 29.4029557 ], [ 79.3221205, 29.4020487 ], [ 79.3215277, 29.4016612 ], [ 79.3219239, 29.4001679 ], [ 79.3205281, 29.3999808 ] ] ] } },
{ "type": "Feature", "properties": { "gp_code": "", "gp_name": "", "blkname": "KOTABAG", "dtname": "Nainital", "SHAPE_Area": 342348.63115542883 }, "geometry": { "type": "Polygon", "coordinates": [ [ [ 79.3217183, 29.4046292 ], [ 79.3219027, 29.4040184 ], [ 79.3228118, 29.4033427 ], [ 79.322945, 29.4026411 ], [ 79.3221205, 29.4020487 ], [ 79.3196581, 29.4029557 ], [ 79.3182964, 29.4014471 ], [ 79.3178214, 29.4013177 ], [ 79.3156601, 29.4047124 ], [ 79.3158817, 29.4075944 ], [ 79.3217183, 29.4046292 ] ] ] } },
{ "type": "Feature", "properties": { "gp_code": "23840", "gp_name": "PANDEY GAON", "blkname": "KOTABAG", "dtname": "Nainital", "SHAPE_Area": 899304.79260553746 }, "geometry": { "type": "Polygon", "coordinates": [ [ [ 79.3209698, 29.4137314 ], [ 79.3227632, 29.4121988 ], [ 79.3229213, 29.4116784 ], [ 79.3223915, 29.4092301 ], [ 79.3227554, 29.4089145 ], [ 79.3249023, 29.4089461 ], [ 79.3251144, 29.4079957 ], [ 79.3224351, 29.4059912 ], [ 79.3217183, 29.4046292 ], [ 79.3158817, 29.4075944 ], [ 79.3155082, 29.4081932 ], [ 79.3149164, 29.4113432 ], [ 79.3148934, 29.413519 ], [ 79.3154584, 29.4139572 ], [ 79.3158224, 29.413619 ], [ 79.3173442, 29.4144409 ], [ 79.3181152, 29.4153501 ], [ 79.3209698, 29.4137314 ] ] ] } },
{ "type": "Feature", "properties": { "gp_code": "", "gp_name": "", "blkname": "KOTABAG", "dtname": "Nainital", "SHAPE_Area": 1437676.1111175702 }, "geometry": { "type": "Polygon", "coordinates": [ [ [ 79.3341644, 29.4231183 ], [ 79.3339374, 29.4220301 ], [ 79.3329331, 29.4211652 ], [ 79.3329632, 29.4203727 ], [ 79.3334347, 29.4192874 ], [ 79.3362497, 29.4154033 ], [ 79.3349098, 29.4144012 ], [ 79.3332776, 29.4148474 ], [ 79.3313825, 29.4160853 ], [ 79.3287913, 29.4168446 ], [ 79.3266176, 29.4169488 ], [ 79.3248269, 29.4180058 ], [ 79.3238182, 29.4179563 ], [ 79.3224262, 29.4170444 ], [ 79.31997, 29.4167849 ], [ 79.3173442, 29.4144409 ], [ 79.3158224, 29.413619 ], [ 79.3154584, 29.4139572 ], [ 79.3156082, 29.4149318 ], [ 79.3185418, 29.4177529 ], [ 79.3205132, 29.4214984 ], [ 79.3217499, 29.4224096 ], [ 79.3229565, 29.424136 ], [ 79.3274643, 29.4229998 ], [ 79.3308804, 29.4228102 ], [ 79.3341644, 29.4231183 ] ] ] } },
{ "type": "Feature", "properties": { "gp_code": "23850", "gp_name": "TALIYA", "blkname": "KOTABAG", "dtname": "Nainital", "SHAPE_Area": 5736585.6893944535 }, "geometry": { "type": "Polygon", "coordinates": [ [ [ 79.3404503, 29.4232573 ], [ 79.3408227, 29.4213563 ], [ 79.3405018, 29.4184784 ], [ 79.3401441, 29.417639 ], [ 79.3402591, 29.4154877 ], [ 79.3398346, 29.4126094 ], [ 79.3393498, 29.4113616 ], [ 79.3394396, 29.409097 ], [ 79.3389058, 29.4073281 ], [ 79.3356266, 29.4062047 ], [ 79.3324383, 29.4074146 ], [ 79.330579, 29.406818 ], [ 79.329363, 29.4068583 ], [ 79.326451, 29.4095642 ], [ 79.3249208, 29.4103052 ], [ 79.3234565, 29.413153 ], [ 79.3231652, 29.4143749 ], [ 79.3209698, 29.4137314 ], [ 79.3181152, 29.4153501 ], [ 79.31997, 29.4167849 ], [ 79.3224262, 29.4170444 ], [ 79.3238182, 29.4179563 ], [ 79.3248269, 29.4180058 ], [ 79.3266176, 29.4169488 ], [ 79.3287913, 29.4168446 ], [ 79.3313825, 29.4160853 ], [ 79.3339778, 29.4145332 ], [ 79.3349098, 29.4144012 ], [ 79.3362497, 29.4154033 ], [ 79.3334347, 29.4192874 ], [ 79.3329632, 29.4203727 ], [ 79.3329331, 29.4211652 ], [ 79.3339374, 29.4220301 ], [ 79.3341644, 29.4231183 ], [ 79.3308804, 29.4228102 ], [ 79.3274643, 29.4229998 ], [ 79.3229565, 29.424136 ], [ 79.3232122, 29.4246807 ], [ 79.3262297, 29.4264148 ], [ 79.3272595, 29.4273476 ], [ 79.3279397, 29.4307252 ], [ 79.3286551, 29.4323816 ], [ 79.3300954, 29.4339731 ], [ 79.3322598, 29.4356128 ], [ 79.3343168, 29.4380221 ], [ 79.3353839, 29.441673 ], [ 79.3354935, 29.4453426 ], [ 79.3357505, 29.4456607 ], [ 79.3383122, 29.4456713 ], [ 79.3371792, 29.4446474 ], [ 79.337104, 29.4441941 ], [ 79.3404268, 29.442192 ], [ 79.3403042, 29.4409231 ], [ 79.3396136, 29.4394255 ], [ 79.3395234, 29.4369337 ], [ 79.34037, 29.4334493 ], [ 79.3420373, 29.4313044 ], [ 79.3411955, 29.4290587 ], [ 79.3389327, 29.4264447 ], [ 79.33933, 29.424725 ], [ 79.3404503, 29.4232573 ] ] ] } },
{ "type": "Feature", "properties": { "gp_code": "23831", "gp_name": "JALNA", "blkname": "KOTABAG", "dtname": "Nainital", "SHAPE_Area": 7835633.4458265807 }, "geometry": { "type": "Polygon", "coordinates": [ [ [ 79.3276992, 29.4582425 ], [ 79.3275769, 29.456951 ], [ 79.3286089, 29.4551548 ], [ 79.3298276, 29.4546955 ], [ 79.3339375, 29.4507718 ], [ 79.3371506, 29.4499697 ], [ 79.3394334, 29.4489146 ], [ 79.3400876, 29.4475583 ], [ 79.3401707, 29.4465395 ], [ 79.3383122, 29.4456713 ], [ 79.3357505, 29.4456607 ], [ 79.3354935, 29.4453426 ], [ 79.3353839, 29.441673 ], [ 79.3343168, 29.4380221 ], [ 79.3322598, 29.4356128 ], [ 79.3300954, 29.4339731 ], [ 79.3286551, 29.4323816 ], [ 79.3279397, 29.4307252 ], [ 79.3272595, 29.4273476 ], [ 79.3262297, 29.4264148 ], [ 79.3232122, 29.4246807 ], [ 79.3217499, 29.4224096 ], [ 79.3205132, 29.4214984 ], [ 79.3195892, 29.4201582 ], [ 79.3185418, 29.4177529 ], [ 79.3156082, 29.4149318 ], [ 79.3154584, 29.4139572 ], [ 79.3148934, 29.413519 ], [ 79.313411, 29.4159205 ], [ 79.3113098, 29.415661 ], [ 79.3127523, 29.416777 ], [ 79.3157493, 29.4174692 ], [ 79.3171142, 29.4185848 ], [ 79.3188523, 29.42242 ], [ 79.3203407, 29.4246233 ], [ 79.3233349, 29.4258816 ], [ 79.3238071, 29.4270727 ], [ 79.3237383, 29.4278312 ], [ 79.3230823, 29.4294932 ], [ 79.3196525, 29.4321401 ], [ 79.3165099, 29.4366225 ], [ 79.3156297, 29.439031 ], [ 79.3158303, 29.4402096 ], [ 79.3175516, 29.4424364 ], [ 79.3160154, 29.4441512 ], [ 79.3145275, 29.4465003 ], [ 79.3137739, 29.4470634 ], [ 79.3111625, 29.4513102 ], [ 79.3127075, 29.4526757 ], [ 79.3130892, 29.4538551 ], [ 79.3129813, 29.4546246 ], [ 79.3138017, 29.4560097 ], [ 79.3130756, 29.4572999 ], [ 79.3142087, 29.457291 ], [ 79.3156019, 29.4580556 ], [ 79.3190805, 29.4584441 ], [ 79.3225682, 29.4595119 ], [ 79.3256375, 29.4590266 ], [ 79.3276992, 29.4582425 ] ] ] } },
{ "type": "Feature", "properties": { "gp_code": "260493", "gp_name": "DOLA", "blkname": "KOTABAG", "dtname": "Nainital", "SHAPE_Area": 8271668.839788327 }, "geometry": { "type": "Polygon", "coordinates": [ [ [ 79.3145275, 29.4465003 ], [ 79.3175516, 29.4424364 ], [ 79.3158303, 29.4402096 ], [ 79.3156297, 29.439031 ], [ 79.3161044, 29.4374475 ], [ 79.3191449, 29.4326928 ], [ 79.3230823, 29.4294932 ], [ 79.3236305, 29.4285895 ], [ 79.3238071, 29.4270727 ], [ 79.3233349, 29.4258816 ], [ 79.3203407, 29.4246233 ], [ 79.3188523, 29.42242 ], [ 79.3171142, 29.4185848 ], [ 79.3163166, 29.4178113 ], [ 79.3122105, 29.4165028 ], [ 79.3113098, 29.415661 ], [ 79.3032994, 29.4110033 ], [ 79.3005875, 29.4101212 ], [ 79.2983788, 29.4104183 ], [ 79.2979364, 29.4108693 ], [ 79.2980624, 29.4114588 ], [ 79.2994004, 29.412733 ], [ 79.3003809, 29.4131676 ], [ 79.3005073, 29.4136892 ], [ 79.299019, 29.4161062 ], [ 79.2990375, 29.4173973 ], [ 79.3013866, 29.4183135 ], [ 79.3017716, 29.4188361 ], [ 79.3011448, 29.4198979 ], [ 79.3011646, 29.4209626 ], [ 79.3061064, 29.4208933 ], [ 79.3059858, 29.4239279 ], [ 79.3034242, 29.4239848 ], [ 79.3030602, 29.4243003 ], [ 79.3030293, 29.4252062 ], [ 79.3038166, 29.4277916 ], [ 79.3035821, 29.4281077 ], [ 79.3027031, 29.427968 ], [ 79.3000724, 29.426507 ], [ 79.298711, 29.4247798 ], [ 79.2985401, 29.4238825 ], [ 79.2951577, 29.426327 ], [ 79.2960817, 29.4276448 ], [ 79.2959346, 29.430747 ], [ 79.2964758, 29.4311118 ], [ 79.2982599, 29.4313234 ], [ 79.302285, 29.4332888 ], [ 79.3022305, 29.4337642 ], [ 79.3007546, 29.4339616 ], [ 79.3025721, 29.4374121 ], [ 79.306392, 29.4403718 ], [ 79.3050017, 29.4424734 ], [ 79.3022548, 29.4432089 ], [ 79.3019634, 29.444408 ], [ 79.3029656, 29.4456354 ], [ 79.3031426, 29.4463609 ], [ 79.3020513, 29.4471489 ], [ 79.3078633, 29.4489859 ], [ 79.3111625, 29.4513102 ], [ 79.3137739, 29.4470634 ], [ 79.3145275, 29.4465003 ] ] ] } },
{ "type": "Feature", "properties": { "gp_code": "23816", "gp_name": "AWALA KOT", "blkname": "KOTABAG", "dtname": "Nainital", "SHAPE_Area": 5095281.0259557217 }, "geometry": { "type": "Polygon", "coordinates": [ [ [ 79.3174641, 29.3920227 ], [ 79.3178201, 29.39156 ], [ 79.317029, 29.3908216 ], [ 79.316323, 29.3907026 ], [ 79.3122984, 29.3916139 ], [ 79.3118737, 29.388556 ], [ 79.3108651, 29.3872365 ], [ 79.3105303, 29.3839084 ], [ 79.3063738, 29.3847415 ], [ 79.3057303, 29.3852803 ], [ 79.306058, 29.38592 ], [ 79.3052971, 29.3876962 ], [ 79.3030984, 29.3898722 ], [ 79.3027611, 29.3909539 ], [ 79.301316, 29.3926303 ], [ 79.2988572, 29.3939155 ], [ 79.2957724, 29.3965131 ], [ 79.2962103, 29.397192 ], [ 79.2995577, 29.3989086 ], [ 79.3029382, 29.4025981 ], [ 79.3017829, 29.4037922 ], [ 79.3027401, 29.4063881 ], [ 79.3063898, 29.409421 ], [ 79.311452, 29.412692 ], [ 79.3130788, 29.4140914 ], [ 79.3144696, 29.4142521 ], [ 79.3148934, 29.413519 ], [ 79.3151012, 29.4098934 ], [ 79.3160007, 29.4070155 ], [ 79.3156503, 29.4064724 ], [ 79.3156601, 29.4047124 ], [ 79.3178214, 29.4013177 ], [ 79.3177636, 29.3997701 ], [ 79.3166238, 29.3973594 ], [ 79.3166337, 29.3964 ], [ 79.3177116, 29.3951957 ], [ 79.3174641, 29.3920227 ] ] ] } },
{ "type": "Feature", "properties": { "gp_code": "23837", "gp_name": "NAUDA", "blkname": "KOTABAG", "dtname": "Nainital", "SHAPE_Area": 3532020.1224707076 }, "geometry": { "type": "Polygon", "coordinates": [ [ [ 79.3032645, 29.3761016 ], [ 79.3069161, 29.3755296 ], [ 79.3064047, 29.3753029 ], [ 79.3056928, 29.3726472 ], [ 79.3043469, 29.3721219 ], [ 79.3024889, 29.3726554 ], [ 79.301865, 29.3736585 ], [ 79.3025176, 29.3754021 ], [ 79.3022058, 29.3758649 ], [ 79.3001305, 29.3757786 ], [ 79.2999642, 29.3739597 ], [ 79.2990426, 29.3729112 ], [ 79.3000786, 29.3693568 ], [ 79.2984593, 29.3667579 ], [ 79.2922237, 29.368278 ], [ 79.2919902, 29.3704819 ], [ 79.2898693, 29.370666 ], [ 79.285306, 29.3731603 ], [ 79.2818869, 29.3725068 ], [ 79.28219, 29.3735719 ], [ 79.287301, 29.379494 ], [ 79.2874981, 29.379785 ], [ 79.2872749, 29.3801901 ], [ 79.2882874, 29.3807749 ], [ 79.294217, 29.3865455 ], [ 79.3004232, 29.3825882 ], [ 79.3031221, 29.3817682 ], [ 79.3050051, 29.3807319 ], [ 79.3049697, 29.379165 ], [ 79.3034556, 29.3774564 ], [ 79.3032645, 29.3761016 ] ] ] } },
{ "type": "Feature", "properties": { "gp_code": "23830", "gp_name": "GINATIGAON", "blkname": "KOTABAG", "dtname": "Nainital", "SHAPE_Area": 2300875.0164703233 }, "geometry": { "type": "Polygon", "coordinates": [ [ [ 79.3034205, 29.389553 ], [ 79.3052971, 29.3876962 ], [ 79.306058, 29.38592 ], [ 79.3057303, 29.3852803 ], [ 79.3063738, 29.3847415 ], [ 79.3105303, 29.3839084 ], [ 79.310495, 29.3823222 ], [ 79.3092198, 29.3813109 ], [ 79.3088309, 29.3797619 ], [ 79.3091442, 29.3790283 ], [ 79.3098979, 29.3785286 ], [ 79.3099545, 29.37788 ], [ 79.3085764, 29.3760462 ], [ 79.3085677, 29.3755055 ], [ 79.3038624, 29.3758141 ], [ 79.3032645, 29.3761016 ], [ 79.3034556, 29.3774564 ], [ 79.3049697, 29.379165 ], [ 79.3050051, 29.3807319 ], [ 79.3031221, 29.3817682 ], [ 79.3004232, 29.3825882 ], [ 79.294217, 29.3865455 ], [ 79.2942355, 29.3871838 ], [ 79.2949187, 29.3874189 ], [ 79.3020061, 29.3838523 ], [ 79.3023806, 29.384028 ], [ 79.3026404, 29.3849381 ], [ 79.2942255, 29.3889245 ], [ 79.2929908, 29.3885709 ], [ 79.2881613, 29.3911608 ], [ 79.2910255, 29.3923726 ], [ 79.2932185, 29.3950901 ], [ 79.2951578, 29.3958335 ], [ 79.2957724, 29.3965131 ], [ 79.2988572, 29.3939155 ], [ 79.301316, 29.3926303 ], [ 79.3027611, 29.3909539 ], [ 79.3034205, 29.389553 ] ] ] } },
{ "type": "Feature", "properties": { "gp_code": "259972", "gp_name": "Dohniya", "blkname": "KOTABAG", "dtname": "Nainital", "SHAPE_Area": 1185043.2100624074 }, "geometry": { "type": "Polygon", "coordinates": [ [ [ 79.2942255, 29.3889245 ], [ 79.3026404, 29.3849381 ], [ 79.3023806, 29.384028 ], [ 79.3020061, 29.3838523 ], [ 79.2997924, 29.3847904 ], [ 79.2945654, 29.3874174 ], [ 79.2942355, 29.3871838 ], [ 79.294217, 29.3865455 ], [ 79.2888166, 29.3813259 ], [ 79.2824329, 29.3849654 ], [ 79.2804578, 29.3866006 ], [ 79.2837606, 29.3883174 ], [ 79.2881613, 29.3911608 ], [ 79.2929908, 29.3885709 ], [ 79.2942255, 29.3889245 ] ] ] } },
{ "type": "Feature", "properties": { "gp_code": "259887", "gp_name": "dayarampur", "blkname": "RAMNAGAR", "dtname": "Nainital", "SHAPE_Area": 1648685.443230299 }, "geometry": { "type": "Polygon", "coordinates": [ [ [ 79.287301, 29.379494 ], [ 79.28219, 29.3735719 ], [ 79.2743867, 29.3787206 ], [ 79.2723015, 29.3802973 ], [ 79.2713403, 29.3822657 ], [ 79.2746929, 29.3829772 ], [ 79.2757912, 29.3839879 ], [ 79.2804578, 29.3866006 ], [ 79.2824329, 29.3849654 ], [ 79.2888166, 29.3813259 ], [ 79.2872749, 29.3801901 ], [ 79.2874981, 29.379785 ], [ 79.287301, 29.379494 ] ] ] } },
{ "type": "Feature", "properties": { "gp_code": "23848", "gp_name": "NATHUJALA", "blkname": "KOTABAG", "dtname": "Nainital", "SHAPE_Area": 2490238.7522389502 }, "geometry": { "type": "Polygon", "coordinates": [ [ [ 79.2995577, 29.3989086 ], [ 79.2962103, 29.397192 ], [ 79.2951578, 29.3958335 ], [ 79.2932185, 29.3950901 ], [ 79.2910255, 29.3923726 ], [ 79.2881613, 29.3911608 ], [ 79.2837606, 29.3883174 ], [ 79.2787398, 29.3858193 ], [ 79.2757912, 29.3839879 ], [ 79.2716399, 29.3838918 ], [ 79.2702996, 29.3864775 ], [ 79.2704719, 29.3872133 ], [ 79.2736406, 29.3891618 ], [ 79.2764172, 29.3902187 ], [ 79.2814797, 29.3931813 ], [ 79.2849927, 29.3967557 ], [ 79.2882521, 29.3983948 ], [ 79.2889594, 29.3982819 ], [ 79.2887781, 29.3990935 ], [ 79.2893058, 29.3995213 ], [ 79.2945173, 29.3996989 ], [ 79.2955306, 29.4001676 ], [ 79.2973319, 29.4019162 ], [ 79.3017829, 29.4037922 ], [ 79.3029382, 29.4025981 ], [ 79.2995577, 29.3989086 ] ] ] } },
{ "type": "Feature", "properties": { "gp_code": "259971", "gp_name": "Chandpur", "blkname": "KOTABAG", "dtname": "Nainital", "SHAPE_Area": 815556.74836066482 }, "geometry": { "type": "Polygon", "coordinates": [ [ [ 79.2640072, 29.3824645 ], [ 79.2694434, 29.3818703 ], [ 79.2713403, 29.3822657 ], [ 79.2723015, 29.3802973 ], [ 79.2743867, 29.3787206 ], [ 79.2674322, 29.3747047 ], [ 79.2644274, 29.3734346 ], [ 79.2643661, 29.3741104 ], [ 79.2651531, 29.375468 ], [ 79.2648782, 29.3771301 ], [ 79.2637535, 29.3805678 ], [ 79.2624278, 29.3806778 ], [ 79.262028, 29.3810628 ], [ 79.2629064, 29.3818792 ], [ 79.262992, 29.3823438 ], [ 79.2640072, 29.3824645 ] ] ] } },
{ "type": "Feature", "properties": { "gp_code": "", "gp_name": "", "blkname": "RAMNAGAR", "dtname": "Nainital", "SHAPE_Area": 683442.04684756242 }, "geometry": { "type": "Polygon", "coordinates": [ [ [ 79.2485232, 29.4225126 ], [ 79.2479784, 29.4230531 ], [ 79.2475608, 29.424366 ], [ 79.2474402, 29.4267293 ], [ 79.2478156, 29.4273685 ], [ 79.2495587, 29.4283633 ], [ 79.2524633, 29.4293621 ], [ 79.2547839, 29.4285347 ], [ 79.2559434, 29.4250408 ], [ 79.2557152, 29.4242697 ], [ 79.2529349, 29.4219918 ], [ 79.2513481, 29.4212822 ], [ 79.2492536, 29.4232204 ], [ 79.2485232, 29.4225126 ] ] ] } },
{ "type": "Feature", "properties": { "gp_code": "24018", "gp_name": "PATKOT", "blkname": "RAMNAGAR", "dtname": "Nainital", "SHAPE_Area": 6010158.9101757109 }, "geometry": { "type": "Polygon", "coordinates": [ [ [ 79.2485231, 29.4403344 ], [ 79.2496382, 29.4408207 ], [ 79.2490908, 29.445733 ], [ 79.2492772, 29.4491085 ], [ 79.2549506, 29.4523509 ], [ 79.2598814, 29.4543214 ], [ 79.2608604, 29.4550506 ], [ 79.2620479, 29.4598576 ], [ 79.2623571, 29.4600854 ], [ 79.2671205, 29.4598128 ], [ 79.2707938, 29.4556848 ], [ 79.2728219, 29.4540633 ], [ 79.2732769, 29.451506 ], [ 79.2730254, 29.4502593 ], [ 79.2742351, 29.4469807 ], [ 79.2738491, 29.4466165 ], [ 79.2718283, 29.4470378 ], [ 79.2699408, 29.44678 ], [ 79.2684183, 29.4460711 ], [ 79.2658727, 29.4433643 ], [ 79.2645752, 29.4396439 ], [ 79.2632913, 29.4379847 ], [ 79.260765, 29.4364103 ], [ 79.2566621, 29.4345795 ], [ 79.2522205, 29.4331321 ], [ 79.2485231, 29.4312071 ], [ 79.2476043, 29.4315475 ], [ 79.2464546, 29.4310109 ], [ 79.2445428, 29.4310551 ], [ 79.2444764, 29.4319844 ], [ 79.2463094, 29.4349015 ], [ 79.2468145, 29.4379184 ], [ 79.2485231, 29.4403344 ] ] ] } },
{ "type": "Feature", "properties": { "gp_code": "", "gp_name": "", "blkname": "KOTABAG", "dtname": "Nainital", "SHAPE_Area": 12929976.345197508 }, "geometry": { "type": "Polygon", "coordinates": [ [ [ 79.2602867, 29.4765122 ], [ 79.2615154, 29.4731494 ], [ 79.2614411, 29.4726055 ], [ 79.2588502, 29.4709064 ], [ 79.2580562, 29.4695212 ], [ 79.2577535, 29.4682063 ], [ 79.2578744, 29.4674707 ], [ 79.2595331, 29.4670821 ], [ 79.2605144, 29.4674489 ], [ 79.2617484, 29.4688248 ], [ 79.2617904, 29.468304 ], [ 79.2611235, 29.4672819 ], [ 79.2609262, 29.4656729 ], [ 79.2603099, 29.4648548 ], [ 79.2616566, 29.4647024 ], [ 79.2634787, 29.4672927 ], [ 79.264361, 29.466889 ], [ 79.2645814, 29.4646478 ], [ 79.2649968, 29.4644233 ], [ 79.266393, 29.4646561 ], [ 79.2673744, 29.4650004 ], [ 79.2682624, 29.4679939 ], [ 79.2689096, 29.4679742 ], [ 79.2701368, 29.4661453 ], [ 79.2751696, 29.4685007 ], [ 79.275766, 29.4683222 ], [ 79.2758463, 29.467847 ], [ 79.2750367, 29.4646952 ], [ 79.2747513, 29.4604135 ], [ 79.2750189, 29.4589199 ], [ 79.2774768, 29.4590215 ], [ 79.2781678, 29.4603383 ], [ 79.278917, 29.460568 ], [ 79.2797992, 29.4601643 ], [ 79.2801188, 29.4586257 ], [ 79.2799696, 29.4575832 ], [ 79.2766495, 29.4544655 ], [ 79.2751261, 29.4516843 ], [ 79.2753106, 29.4511075 ], [ 79.2770353, 29.4504471 ], [ 79.2782314, 29.4494674 ], [ 79.2790678, 29.4480555 ], [ 79.2813713, 29.4457444 ], [ 79.2812726, 29.4449172 ], [ 79.2795981, 29.4414218 ], [ 79.2783395, 29.4398421 ], [ 79.278032, 29.4371115 ], [ 79.2764115, 29.4354735 ], [ 79.2765718, 29.4324052 ], [ 79.2780993, 29.4322535 ], [ 79.2796893, 29.4346615 ], [ 79.282554, 29.43592 ], [ 79.2826537, 29.4365772 ], [ 79.2845924, 29.436903 ], [ 79.2852911, 29.4368834 ], [ 79.2854749, 29.4364312 ], [ 79.2867163, 29.4365273 ], [ 79.288602, 29.4370566 ], [ 79.2891992, 29.4366969 ], [ 79.2905824, 29.4346419 ], [ 79.290356, 29.4335084 ], [ 79.2898424, 29.4328493 ], [ 79.2890677, 29.4325742 ], [ 79.2887127, 29.4313269 ], [ 79.2888208, 29.430512 ], [ 79.2895761, 29.4296546 ], [ 79.2929635, 29.4300092 ], [ 79.2943646, 29.4293132 ], [ 79.2953806, 29.4235647 ], [ 79.296034, 29.4223898 ], [ 79.2978768, 29.421356 ], [ 79.2983154, 29.4215617 ], [ 79.298711, 29.4247798 ], [ 79.3000724, 29.426507 ], [ 79.3027031, 29.427968 ], [ 79.3035821, 29.4281077 ], [ 79.3038166, 29.4277916 ], [ 79.3029286, 29.4246848 ], [ 79.3034242, 29.4239848 ], [ 79.3059858, 29.4239279 ], [ 79.3061064, 29.4208933 ], [ 79.3011646, 29.4209626 ], [ 79.3011448, 29.4198979 ], [ 79.3017716, 29.4188361 ], [ 79.3013866, 29.4183135 ], [ 79.2990375, 29.4173973 ], [ 79.299019, 29.4161062 ], [ 79.3005073, 29.4136892 ], [ 79.3003809, 29.4131676 ], [ 79.2994004, 29.412733 ], [ 79.2980624, 29.4114588 ], [ 79.2979364, 29.4108693 ], [ 79.2983788, 29.4104183 ], [ 79.2970745, 29.4102606 ], [ 79.2926749, 29.4109376 ], [ 79.2900238, 29.4110033 ], [ 79.2853448, 29.410325 ], [ 79.2786895, 29.4114365 ], [ 79.2775386, 29.4118181 ], [ 79.2746221, 29.4156925 ], [ 79.2724908, 29.4175202 ], [ 79.2659803, 29.4201984 ], [ 79.2656866, 29.42128 ], [ 79.2682036, 29.4252369 ], [ 79.268927, 29.4261879 ], [ 79.2702499, 29.4266387 ], [ 79.2719197, 29.4281935 ], [ 79.2732314, 29.4305396 ], [ 79.2735115, 29.43174 ], [ 79.2727234, 29.4342699 ], [ 79.2713175, 29.4366423 ], [ 79.2704184, 29.4392298 ], [ 79.2688715, 29.4393001 ], [ 79.2679172, 29.4400114 ], [ 79.2686154, 29.4415037 ], [ 79.2716586, 29.4424845 ], [ 79.274551, 29.4428263 ], [ 79.2774385, 29.444019 ], [ 79.2785159, 29.4449328 ], [ 79.2785541, 29.4459387 ], [ 79.276033, 29.4463141 ], [ 79.2750791, 29.4469674 ], [ 79.2752028, 29.4484764 ], [ 79.2738244, 29.4536532 ], [ 79.2737477, 29.455432 ], [ 79.271428, 29.459096 ], [ 79.2702548, 29.4631711 ], [ 79.2667824, 29.4636582 ], [ 79.2628331, 29.4625959 ], [ 79.2622557, 29.4630767 ], [ 79.2615041, 29.4631119 ], [ 79.2595737, 29.4644181 ], [ 79.2589051, 29.4653627 ], [ 79.2570492, 29.4652961 ], [ 79.2559166, 29.4661998 ], [ 79.2540185, 29.4694592 ], [ 79.2543033, 29.4698667 ], [ 79.2538583, 29.4703675 ], [ 79.2531287, 29.4704221 ], [ 79.2526909, 29.4708213 ], [ 79.252882, 29.4734493 ], [ 79.2534923, 29.4757715 ], [ 79.2574773, 29.4796986 ], [ 79.2582136, 29.4800307 ], [ 79.2599645, 29.479291 ], [ 79.2602867, 29.4765122 ] ] ] } },
{ "type": "Feature", "properties": { "gp_code": "23846", "gp_name": "RIYAR", "blkname": "KOTABAG", "dtname": "Nainital", "SHAPE_Area": 8724547.2130817138 }, "geometry": { "type": "Polygon", "coordinates": [ [ [ 79.303123, 29.4589987 ], [ 79.3036156, 29.4588423 ], [ 79.3057347, 29.4593723 ], [ 79.3073906, 29.4594248 ], [ 79.3096967, 29.4589363 ], [ 79.3126538, 29.4576808 ], [ 79.3138017, 29.4560097 ], [ 79.3129813, 29.4546246 ], [ 79.3130892, 29.4538551 ], [ 79.3127075, 29.4526757 ], [ 79.3111625, 29.4513102 ], [ 79.3078633, 29.4489859 ], [ 79.3020513, 29.4471489 ], [ 79.3031426, 29.4463609 ], [ 79.3029656, 29.4456354 ], [ 79.3019634, 29.444408 ], [ 79.3022548, 29.4432089 ], [ 79.3050017, 29.4424734 ], [ 79.306392, 29.4403718 ], [ 79.3025721, 29.4374121 ], [ 79.3007546, 29.4339616 ], [ 79.3022305, 29.4337642 ], [ 79.302285, 29.4332888 ], [ 79.2982599, 29.4313234 ], [ 79.2964758, 29.4311118 ], [ 79.2959346, 29.430747 ], [ 79.2960817, 29.4276448 ], [ 79.2951577, 29.426327 ], [ 79.2985401, 29.4238825 ], [ 79.2983154, 29.4215617 ], [ 79.2978768, 29.421356 ], [ 79.296034, 29.4223898 ], [ 79.2953806, 29.4235647 ], [ 79.2943646, 29.4293132 ], [ 79.2929635, 29.4300092 ], [ 79.2895761, 29.4296546 ], [ 79.2888208, 29.430512 ], [ 79.2887127, 29.4313269 ], [ 79.2890677, 29.4325742 ], [ 79.2898424, 29.4328493 ], [ 79.290356, 29.4335084 ], [ 79.2905824, 29.4346419 ], [ 79.2891992, 29.4366969 ], [ 79.288602, 29.4370566 ], [ 79.2867163, 29.4365273 ], [ 79.2854749, 29.4364312 ], [ 79.2852911, 29.4368834 ], [ 79.2845924, 29.436903 ], [ 79.2826537, 29.4365772 ], [ 79.282554, 29.43592 ], [ 79.2796893, 29.4346615 ], [ 79.2780993, 29.4322535 ], [ 79.2765718, 29.4324052 ], [ 79.2764115, 29.4354735 ], [ 79.278032, 29.4371115 ], [ 79.2783395, 29.4398421 ], [ 79.2795981, 29.4414218 ], [ 79.2812726, 29.4449172 ], [ 79.2813713, 29.4457444 ], [ 79.2790678, 29.4480555 ], [ 79.2782314, 29.4494674 ], [ 79.2770353, 29.4504471 ], [ 79.2753106, 29.4511075 ], [ 79.2751261, 29.4516843 ], [ 79.2757896, 29.4527306 ], [ 79.2758612, 29.4521066 ], [ 79.27807, 29.4505311 ], [ 79.2799592, 29.4504942 ], [ 79.280886, 29.4513138 ], [ 79.2813451, 29.4524709 ], [ 79.2819633, 29.4529719 ], [ 79.2839519, 29.4536375 ], [ 79.2843872, 29.4544321 ], [ 79.2853673, 29.4550027 ], [ 79.2862219, 29.4548933 ], [ 79.2894983, 29.4521673 ], [ 79.292398, 29.4519082 ], [ 79.2946557, 29.4507857 ], [ 79.2953804, 29.4507663 ], [ 79.2958696, 29.4512214 ], [ 79.2963975, 29.4539415 ], [ 79.2973717, 29.4555311 ], [ 79.3028578, 29.4601299 ], [ 79.303123, 29.4589987 ] ] ] } },
{ "type": "Feature", "properties": { "gp_code": "23815", "gp_name": "AMOTHA", "blkname": "KOTABAG", "dtname": "Nainital", "SHAPE_Area": 4352399.3819010453 }, "geometry": { "type": "Polygon", "coordinates": [ [ [ 79.3029275, 29.4638332 ], [ 79.3028578, 29.4601299 ], [ 79.2973717, 29.4555311 ], [ 79.2963975, 29.4539415 ], [ 79.2958696, 29.4512214 ], [ 79.2953804, 29.4507663 ], [ 79.2946557, 29.4507857 ], [ 79.292398, 29.4519082 ], [ 79.2894983, 29.4521673 ], [ 79.2862219, 29.4548933 ], [ 79.2853673, 29.4550027 ], [ 79.2843872, 29.4544321 ], [ 79.2839519, 29.4536375 ], [ 79.2819633, 29.4529719 ], [ 79.2813451, 29.4524709 ], [ 79.280886, 29.4513138 ], [ 79.2799592, 29.4504942 ], [ 79.27807, 29.4505311 ], [ 79.2758612, 29.4521066 ], [ 79.2759305, 29.4535111 ], [ 79.2799696, 29.4575832 ], [ 79.2801188, 29.4586257 ], [ 79.2797992, 29.4601643 ], [ 79.2802646, 29.4602344 ], [ 79.2808171, 29.4631359 ], [ 79.2801616, 29.464605 ], [ 79.2837286, 29.4653683 ], [ 79.2857025, 29.4686157 ], [ 79.2856945, 29.4699972 ], [ 79.2874216, 29.4712051 ], [ 79.2940354, 29.466584 ], [ 79.2968242, 29.4658227 ], [ 79.2984205, 29.4649208 ], [ 79.3001536, 29.4632652 ], [ 79.3013249, 29.4632509 ], [ 79.3029275, 29.4638332 ] ] ] } },
{ "type": "Feature", "properties": { "gp_code": "259964", "gp_name": "Amtoli", "blkname": "KOTABAG", "dtname": "Nainital", "SHAPE_Area": 3906729.4748613536 }, "geometry": { "type": "Polygon", "coordinates": [ [ [ 79.278292, 29.4756421 ], [ 79.2796434, 29.4750874 ], [ 79.2828052, 29.4748308 ], [ 79.2861243, 29.4779783 ], [ 79.2872057, 29.4782345 ], [ 79.2881823, 29.4775233 ], [ 79.2882754, 29.4767114 ], [ 79.2863987, 29.4725648 ], [ 79.2874216, 29.4712051 ], [ 79.2856945, 29.4699972 ], [ 79.2857025, 29.4686157 ], [ 79.2837286, 29.4653683 ], [ 79.2801616, 29.464605 ], [ 79.2808171, 29.4631359 ], [ 79.2802646, 29.4602344 ], [ 79.278917, 29.460568 ], [ 79.2781678, 29.4603383 ], [ 79.2774768, 29.4590215 ], [ 79.2750189, 29.4589199 ], [ 79.2747513, 29.4604135 ], [ 79.2750367, 29.4646952 ], [ 79.2758463, 29.467847 ], [ 79.275766, 29.4683222 ], [ 79.2751696, 29.4685007 ], [ 79.2701368, 29.4661453 ], [ 79.2689096, 29.4679742 ], [ 79.2682624, 29.4679939 ], [ 79.2673744, 29.4650004 ], [ 79.266393, 29.4646561 ], [ 79.2649968, 29.4644233 ], [ 79.2645814, 29.4646478 ], [ 79.264361, 29.466889 ], [ 79.2634787, 29.4672927 ], [ 79.2616566, 29.4647024 ], [ 79.2603099, 29.4648548 ], [ 79.2609262, 29.4656729 ], [ 79.2611235, 29.4672819 ], [ 79.2617904, 29.468304 ], [ 79.2617484, 29.4688248 ], [ 79.2623174, 29.4688953 ], [ 79.2635544, 29.4697729 ], [ 79.2634775, 29.4718109 ], [ 79.2661508, 29.4749145 ], [ 79.2661473, 29.4755033 ], [ 79.2691745, 29.4756756 ], [ 79.2700099, 29.4766532 ], [ 79.2738232, 29.4796146 ], [ 79.2747561, 29.4793586 ], [ 79.2761162, 29.4773342 ], [ 79.278292, 29.4756421 ] ] ] } },
{ "type": "Feature", "properties": { "gp_code": "259962", "gp_name": "Bohrakote", "blkname": "KOTABAG", "dtname": "Nainital", "SHAPE_Area": 7427930.9080725359 }, "geometry": { "type": "Polygon", "coordinates": [ [ [ 79.2570505, 29.4980938 ], [ 79.2607295, 29.4965057 ], [ 79.2620208, 29.4949646 ], [ 79.2630323, 29.4921265 ], [ 79.2632677, 29.4897297 ], [ 79.2638476, 29.4888621 ], [ 79.2671905, 29.4879685 ], [ 79.2684115, 29.4870652 ], [ 79.2692292, 29.483356 ], [ 79.2708532, 29.4815648 ], [ 79.2738232, 29.4796146 ], [ 79.2700099, 29.4766532 ], [ 79.2691745, 29.4756756 ], [ 79.2661473, 29.4755033 ], [ 79.2661508, 29.4749145 ], [ 79.2634775, 29.4718109 ], [ 79.2635544, 29.4697729 ], [ 79.2623174, 29.4688953 ], [ 79.2617484, 29.4688248 ], [ 79.2605144, 29.4674489 ], [ 79.2595331, 29.4670821 ], [ 79.2586269, 29.4671345 ], [ 79.2578744, 29.4674707 ], [ 79.2577535, 29.4682063 ], [ 79.2580562, 29.4695212 ], [ 79.2588502, 29.4709064 ], [ 79.2614411, 29.4726055 ], [ 79.2615154, 29.4731494 ], [ 79.2603055, 29.4763824 ], [ 79.2599645, 29.479291 ], [ 79.2582136, 29.4800307 ], [ 79.2579581, 29.4815126 ], [ 79.2572422, 29.4826031 ], [ 79.2559835, 29.4832769 ], [ 79.2519192, 29.4835194 ], [ 79.2502381, 29.4848708 ], [ 79.2485168, 29.4854639 ], [ 79.2445387, 29.4838248 ], [ 79.2385692, 29.4793402 ], [ 79.2383491, 29.4804176 ], [ 79.2343746, 29.478294 ], [ 79.2294981, 29.4765865 ], [ 79.2281472, 29.4775982 ], [ 79.2285445, 29.478541 ], [ 79.2296622, 29.4789516 ], [ 79.2305069, 29.4800141 ], [ 79.2303145, 29.4810553 ], [ 79.2349193, 29.4822405 ], [ 79.2351609, 29.4834146 ], [ 79.2363489, 29.484518 ], [ 79.2366286, 29.485199 ], [ 79.2365782, 29.4861005 ], [ 79.236278, 29.4863342 ], [ 79.2368102, 29.4884343 ], [ 79.2361413, 29.4891042 ], [ 79.2385391, 29.4902525 ], [ 79.2382268, 29.4924465 ], [ 79.2407214, 29.4948891 ], [ 79.2467842, 29.4952311 ], [ 79.2496235, 29.4962899 ], [ 79.2509621, 29.497237 ], [ 79.2526611, 29.4978983 ], [ 79.2540059, 29.4980727 ], [ 79.2547817, 29.4967876 ], [ 79.2553346, 29.4967129 ], [ 79.2570505, 29.4980938 ] ] ] } },
{ "type": "Feature", "properties": { "gp_code": "23617", "gp_name": "KANDA", "blkname": "BETALGHAT", "dtname": "Nainital", "SHAPE_Area": 5107494.3529299777 }, "geometry": { "type": "Polygon", "coordinates": [ [ [ 79.2420023, 29.5102018 ], [ 79.2421435, 29.5110831 ], [ 79.2433377, 29.5120742 ], [ 79.2438775, 29.5132063 ], [ 79.2435418, 29.5173686 ], [ 79.2417346, 29.520756 ], [ 79.2468718, 29.521736 ], [ 79.2485214, 29.5203496 ], [ 79.2493163, 29.5207502 ], [ 79.250377, 29.5221868 ], [ 79.2511229, 29.5251683 ], [ 79.2503022, 29.5291256 ], [ 79.250367, 29.5301281 ], [ 79.2526381, 29.531766 ], [ 79.2538817, 29.5318672 ], [ 79.2543859, 29.5315068 ], [ 79.2545558, 29.5286872 ], [ 79.2572543, 29.5300454 ], [ 79.2611444, 29.531075 ], [ 79.264423, 29.528532 ], [ 79.265823, 29.528023 ], [ 79.2680804, 29.526487 ], [ 79.2689592, 29.5255175 ], [ 79.273092, 29.5242571 ], [ 79.2707163, 29.5218315 ], [ 79.2702455, 29.5202354 ], [ 79.2696583, 29.5198891 ], [ 79.2667268, 29.5191886 ], [ 79.2652206, 29.5192199 ], [ 79.264103, 29.5199784 ], [ 79.2632526, 29.5198218 ], [ 79.2628003, 29.5151618 ], [ 79.2634231, 29.5132174 ], [ 79.263144, 29.5124334 ], [ 79.2619267, 29.511607 ], [ 79.2598136, 29.5109673 ], [ 79.2534853, 29.5108236 ], [ 79.2526309, 29.5113541 ], [ 79.2521226, 29.5123826 ], [ 79.2517608, 29.5144618 ], [ 79.2511024, 29.5150696 ], [ 79.2500973, 29.5152558 ], [ 79.2484975, 29.513962 ], [ 79.2420023, 29.5102018 ] ] ] } },
{ "type": "Feature", "properties": { "gp_code": "23646", "gp_name": "TALLI SETHI", "blkname": "BETALGHAT", "dtname": "Nainital", "SHAPE_Area": 2169882.3718938744 }, "geometry": { "type": "Polygon", "coordinates": [ [ [ 79.2598823, 29.5495094 ], [ 79.2610684, 29.5483122 ], [ 79.2632107, 29.5478449 ], [ 79.2648549, 29.5466879 ], [ 79.2658522, 29.5442109 ], [ 79.263016, 29.5438926 ], [ 79.2567281, 29.5440164 ], [ 79.2556175, 29.5435531 ], [ 79.2514256, 29.5400213 ], [ 79.2503576, 29.5397491 ], [ 79.2495051, 29.5399361 ], [ 79.2485279, 29.5408616 ], [ 79.2453957, 29.5421826 ], [ 79.2461038, 29.546598 ], [ 79.2468595, 29.5490727 ], [ 79.2473909, 29.5494207 ], [ 79.2500864, 29.5497982 ], [ 79.2505351, 29.551399 ], [ 79.252536, 29.5526491 ], [ 79.2572829, 29.5533916 ], [ 79.2598823, 29.5495094 ] ] ] } },
{ "type": "Feature", "properties": { "gp_code": "", "gp_name": "", "blkname": "BETALGHAT", "dtname": "Nainital", "SHAPE_Area": 971333.85966702155 }, "geometry": { "type": "Polygon", "coordinates": [ [ [ 79.2608213, 29.5485617 ], [ 79.2572829, 29.5533916 ], [ 79.252536, 29.5526491 ], [ 79.253353, 29.5547526 ], [ 79.2586594, 29.558194 ], [ 79.2625227, 29.5620294 ], [ 79.2649756, 29.5594016 ], [ 79.2651182, 29.5574553 ], [ 79.261372, 29.5523033 ], [ 79.261007, 29.5512708 ], [ 79.2608213, 29.5485617 ] ] ] } },
{ "type": "Feature", "properties": { "gp_code": "23618", "gp_name": "KATMEEGAJAR", "blkname": "BETALGHAT", "dtname": "Nainital", "SHAPE_Area": 3497970.0323362877 }, "geometry": { "type": "Polygon", "coordinates": [ [ [ 79.2815492, 29.5665295 ], [ 79.2834277, 29.5664233 ], [ 79.2853466, 29.5668709 ], [ 79.2924957, 29.5652607 ], [ 79.2872446, 29.5595874 ], [ 79.2852417, 29.5586051 ], [ 79.2810927, 29.5587202 ], [ 79.2796536, 29.5583893 ], [ 79.2777807, 29.5575792 ], [ 79.2734547, 29.554391 ], [ 79.2725224, 29.5532797 ], [ 79.2759021, 29.550298 ], [ 79.2726424, 29.5475691 ], [ 79.2687745, 29.546045 ], [ 79.2665554, 29.5442181 ], [ 79.2658522, 29.5442109 ], [ 79.2648549, 29.5466879 ], [ 79.2632107, 29.5478449 ], [ 79.2608213, 29.5485617 ], [ 79.261007, 29.5512708 ], [ 79.261372, 29.5523033 ], [ 79.2651182, 29.5574553 ], [ 79.2649756, 29.5594016 ], [ 79.2625227, 29.5620294 ], [ 79.2632171, 29.5627579 ], [ 79.2651328, 29.5623419 ], [ 79.2679393, 29.5603505 ], [ 79.2683242, 29.5580424 ], [ 79.2677488, 29.5556729 ], [ 79.2693868, 29.5555848 ], [ 79.2735712, 29.5568445 ], [ 79.2749634, 29.5577288 ], [ 79.2759604, 29.5589741 ], [ 79.2757804, 29.5598704 ], [ 79.2742016, 29.5610277 ], [ 79.2744341, 29.5623268 ], [ 79.2758277, 29.562963 ], [ 79.2806903, 29.5640537 ], [ 79.2795816, 29.5669693 ], [ 79.2796642, 29.5677809 ], [ 79.2805176, 29.5674602 ], [ 79.2815492, 29.5665295 ] ] ] } },
{ "type": "Feature", "properties": { "gp_code": "23636", "gp_name": "SHETY BELGAON", "blkname": "BETALGHAT", "dtname": "Nainital", "SHAPE_Area": 9030087.1046602596 }, "geometry": { "type": "Polygon", "coordinates": [ [ [ 79.3094599, 29.5615643 ], [ 79.3096625, 29.5585302 ], [ 79.3117936, 29.5503025 ], [ 79.312987, 29.5476829 ], [ 79.3139427, 29.5426952 ], [ 79.3123515, 29.5422493 ], [ 79.3038142, 29.5425372 ], [ 79.302331, 29.5442393 ], [ 79.3019283, 29.5440466 ], [ 79.3009239, 29.5421525 ], [ 79.2978968, 29.5427693 ], [ 79.2968406, 29.5423256 ], [ 79.2948501, 29.5430328 ], [ 79.2918131, 29.5434585 ], [ 79.2903674, 29.5405315 ], [ 79.2900391, 29.5406637 ], [ 79.2876551, 29.5452155 ], [ 79.2849764, 29.547876 ], [ 79.2792672, 29.5497977 ], [ 79.2766183, 29.5510266 ], [ 79.2759021, 29.550298 ], [ 79.2725224, 29.5532797 ], [ 79.2756277, 29.5561189 ], [ 79.2777807, 29.5575792 ], [ 79.2796536, 29.5583893 ], [ 79.2810927, 29.5587202 ], [ 79.2852417, 29.5586051 ], [ 79.2872446, 29.5595874 ], [ 79.2924957, 29.5652607 ], [ 79.2955937, 29.5657038 ], [ 79.2992179, 29.5657578 ], [ 79.3024956, 29.5653139 ], [ 79.3048032, 29.5645889 ], [ 79.3094599, 29.5615643 ] ] ] } },
{ "type": "Feature", "properties": { "gp_code": "", "gp_name": "", "blkname": "BETALGHAT", "dtname": "Nainital", "SHAPE_Area": 116363188.39147885 }, "geometry": { "type": "Polygon", "coordinates": [ [ [ 79.3123515, 29.5422493 ], [ 79.3145206, 29.5428026 ], [ 79.316869, 29.5444733 ], [ 79.318111, 29.5448986 ], [ 79.3224527, 29.545375 ], [ 79.323044, 29.5450339 ], [ 79.3246272, 29.5429598 ], [ 79.3264624, 29.5426811 ], [ 79.3272554, 29.5413864 ], [ 79.327955, 29.5412175 ], [ 79.3289784, 29.5416799 ], [ 79.3295749, 29.5403748 ], [ 79.3296836, 29.5364429 ], [ 79.3305574, 29.536332 ], [ 79.3363606, 29.5369668 ], [ 79.339923, 29.5402648 ], [ 79.3404898, 29.5403817 ], [ 79.3404947, 29.5394654 ], [ 79.3400628, 29.5385855 ], [ 79.3429196, 29.5350466 ], [ 79.3438839, 29.5343251 ], [ 79.3446048, 29.5342326 ], [ 79.3456941, 29.5346379 ], [ 79.3459139, 29.5343334 ], [ 79.3457421, 29.5338172 ], [ 79.3406411, 29.5284323 ], [ 79.3404268, 29.5276869 ], [ 79.3414619, 29.525954 ], [ 79.3408588, 29.5244435 ], [ 79.3398178, 29.5231984 ], [ 79.3396706, 29.5221478 ], [ 79.3381097, 29.5201752 ], [ 79.3388988, 29.5195675 ], [ 79.3399031, 29.5195144 ], [ 79.3404515, 29.5189821 ], [ 79.3411927, 29.5191569 ], [ 79.342864, 29.520901 ], [ 79.344221, 29.5243045 ], [ 79.3479398, 29.5268967 ], [ 79.3536434, 29.5318733 ], [ 79.354403, 29.5327163 ], [ 79.3543631, 29.5340811 ], [ 79.3578309, 29.5336951 ], [ 79.3605994, 29.5323767 ], [ 79.3612065, 29.5325785 ], [ 79.3633709, 29.5353789 ], [ 79.3643104, 29.535006 ], [ 79.3657386, 29.5331725 ], [ 79.3730935, 29.5336278 ], [ 79.3740066, 29.5284465 ], [ 79.3744905, 29.5279388 ], [ 79.3751499, 29.5278084 ], [ 79.3760101, 29.5280555 ], [ 79.3782912, 29.527887 ], [ 79.3788501, 29.527579 ], [ 79.3796695, 29.5258538 ], [ 79.3814965, 29.5196069 ], [ 79.3792839, 29.5200305 ], [ 79.3770387, 29.5194235 ], [ 79.3776839, 29.5170662 ], [ 79.3786669, 29.51553 ], [ 79.3797448, 29.5152904 ], [ 79.3835639, 29.516546 ], [ 79.3846793, 29.5163951 ], [ 79.3847836, 29.5157972 ], [ 79.3840526, 29.5150632 ], [ 79.3825623, 29.5141712 ], [ 79.3770792, 29.5088875 ], [ 79.3754067, 29.5090029 ], [ 79.3741705, 29.510516 ], [ 79.3733859, 29.5103689 ], [ 79.3730335, 29.5099244 ], [ 79.3733203, 29.5083079 ], [ 79.3738945, 29.5074903 ], [ 79.3750897, 29.5065754 ], [ 79.3781606, 29.5054239 ], [ 79.3802764, 29.505277 ], [ 79.3821826, 29.5065473 ], [ 79.386515, 29.5076662 ], [ 79.3914707, 29.5121056 ], [ 79.3917185, 29.5132145 ], [ 79.3899098, 29.5152573 ], [ 79.3897916, 29.5161209 ], [ 79.3913147, 29.5180544 ], [ 79.3923502, 29.5212601 ], [ 79.3932225, 29.521629 ], [ 79.394426, 29.5216113 ], [ 79.4037441, 29.5193528 ], [ 79.4041532, 29.5185677 ], [ 79.4036131, 29.5176129 ], [ 79.4004628, 29.5168368 ], [ 79.3994037, 29.5158357 ], [ 79.3988767, 29.5148145 ], [ 79.3969347, 29.5130568 ], [ 79.3967202, 29.5103083 ], [ 79.3988068, 29.5083662 ], [ 79.3999566, 29.506332 ], [ 79.4016337, 29.5052524 ], [ 79.40378, 29.5066785 ], [ 79.404717, 29.5067263 ], [ 79.4058874, 29.5056448 ], [ 79.4068759, 29.5055156 ], [ 79.4102082, 29.5079209 ], [ 79.4128873, 29.5091716 ], [ 79.4157002, 29.5116192 ], [ 79.4170229, 29.5104828 ], [ 79.4177497, 29.506785 ], [ 79.4185164, 29.5053586 ], [ 79.418809, 29.5050716 ], [ 79.4215082, 29.504771 ], [ 79.4216795, 29.5033424 ], [ 79.4243582, 29.4999412 ], [ 79.4258936, 29.4989964 ], [ 79.4253985, 29.4985111 ], [ 79.421258, 29.4976262 ], [ 79.4170037, 29.5004972 ], [ 79.4125685, 29.5007841 ], [ 79.4101414, 29.50126 ], [ 79.4073013, 29.5011891 ], [ 79.4058477, 29.500911 ], [ 79.4047009, 29.4999653 ], [ 79.4049575, 29.4995876 ], [ 79.4081677, 29.4985359 ], [ 79.4088339, 29.4979002 ], [ 79.4083104, 29.4964479 ], [ 79.4065464, 29.4955133 ], [ 79.403475, 29.4953085 ], [ 79.4031455, 29.4948819 ], [ 79.4050944, 29.4940963 ], [ 79.4054504, 29.4936334 ], [ 79.405168, 29.4926075 ], [ 79.4066544, 29.4914527 ], [ 79.4087262, 29.4926979 ], [ 79.4098963, 29.4929923 ], [ 79.4121517, 29.4928265 ], [ 79.4175504, 29.4916665 ], [ 79.4213227, 29.4932658 ], [ 79.4230491, 29.4927498 ], [ 79.4248818, 29.4931818 ], [ 79.4257667, 29.4930109 ], [ 79.4269897, 29.4914489 ], [ 79.4267329, 29.4896303 ], [ 79.4259196, 29.4886605 ], [ 79.4214676, 29.485918 ], [ 79.4207384, 29.4858959 ], [ 79.4211222, 29.4888754 ], [ 79.4202362, 29.4892783 ], [ 79.4193978, 29.4889659 ], [ 79.4172654, 29.4865022 ], [ 79.4165328, 29.4871765 ], [ 79.4154702, 29.48754 ], [ 79.4133721, 29.4871843 ], [ 79.4114541, 29.4861524 ], [ 79.4111182, 29.4870601 ], [ 79.4129899, 29.4885559 ], [ 79.4122547, 29.4897715 ], [ 79.4104391, 29.4904223 ], [ 79.4081184, 29.4903752 ], [ 79.4071298, 29.4891146 ], [ 79.4070462, 29.488128 ], [ 79.4073822, 29.487201 ], [ 79.4097811, 29.4847152 ], [ 79.4098534, 29.4834779 ], [ 79.4094369, 29.4827609 ], [ 79.4087553, 29.4820042 ], [ 79.4074746, 29.4817481 ], [ 79.4047649, 29.4799396 ], [ 79.401883, 29.4771829 ], [ 79.4002522, 29.4762099 ], [ 79.3957883, 29.47161 ], [ 79.3928995, 29.4703228 ], [ 79.3894185, 29.472611 ], [ 79.3841018, 29.4751628 ], [ 79.3801552, 29.4776616 ], [ 79.3779441, 29.4822556 ], [ 79.3752152, 29.4842949 ], [ 79.372026, 29.4855588 ], [ 79.3697993, 29.4887989 ], [ 79.3689336, 29.4895109 ], [ 79.3666317, 29.4901207 ], [ 79.3655714, 29.4900005 ], [ 79.363235, 29.4887344 ], [ 79.361534, 29.4885536 ], [ 79.3561078, 29.4864048 ], [ 79.3496116, 29.4860307 ], [ 79.347391, 29.4879942 ], [ 79.344565, 29.4915602 ], [ 79.3412782, 29.4944475 ], [ 79.3394763, 29.4966059 ], [ 79.3367595, 29.496208 ], [ 79.3355912, 29.4956231 ], [ 79.3346611, 29.4959286 ], [ 79.332264, 29.4977558 ], [ 79.3293408, 29.4987493 ], [ 79.3265557, 29.5022502 ], [ 79.3248523, 29.5033642 ], [ 79.3240553, 29.5034215 ], [ 79.3225965, 29.5025442 ], [ 79.3231779, 29.4999514 ], [ 79.3251805, 29.4975426 ], [ 79.3265242, 29.4943769 ], [ 79.3271698, 29.4935287 ], [ 79.3269587, 29.4916907 ], [ 79.3252234, 29.489711 ], [ 79.3244145, 29.4880832 ], [ 79.3259523, 29.4857498 ], [ 79.3264055, 29.4837018 ], [ 79.3291674, 29.4798071 ], [ 79.33027, 29.4761953 ], [ 79.3299405, 29.4758265 ], [ 79.3287471, 29.4758216 ], [ 79.322822, 29.4762028 ], [ 79.3165946, 29.475287 ], [ 79.3113666, 29.4735242 ], [ 79.3086556, 29.472217 ], [ 79.3078859, 29.4715369 ], [ 79.3075815, 29.470646 ], [ 79.3065914, 29.4698682 ], [ 79.3042983, 29.46893 ], [ 79.3036408, 29.4679409 ], [ 79.3038678, 29.4668976 ], [ 79.3046, 29.4663786 ], [ 79.3039905, 29.4647322 ], [ 79.3022516, 29.4635063 ], [ 79.3001536, 29.4632652 ], [ 79.2984205, 29.4649208 ], [ 79.2968242, 29.4658227 ], [ 79.2940354, 29.466584 ], [ 79.2922393, 29.4676398 ], [ 79.2870005, 29.4716779 ], [ 79.2863987, 29.4725648 ], [ 79.2882754, 29.4767114 ], [ 79.2881823, 29.4775233 ], [ 79.2872057, 29.4782345 ], [ 79.2861243, 29.4779783 ], [ 79.2851119, 29.477239 ], [ 79.2828052, 29.4748308 ], [ 79.2796434, 29.4750874 ], [ 79.278292, 29.4756421 ], [ 79.2761162, 29.4773342 ], [ 79.2747561, 29.4793586 ], [ 79.2738232, 29.4796146 ], [ 79.2699197, 29.4824501 ], [ 79.2688019, 29.4845916 ], [ 79.2684115, 29.4870652 ], [ 79.2671905, 29.4879685 ], [ 79.2638476, 29.4888621 ], [ 79.2632677, 29.4897297 ], [ 79.2630323, 29.4921265 ], [ 79.2623563, 29.4942892 ], [ 79.2607295, 29.4965057 ], [ 79.2570505, 29.4980938 ], [ 79.2553346, 29.4967129 ], [ 79.2547817, 29.4967876 ], [ 79.2536411, 29.4989676 ], [ 79.2525268, 29.4999567 ], [ 79.2518695, 29.5001002 ], [ 79.2515701, 29.5023488 ], [ 79.2508383, 29.5030726 ], [ 79.2485312, 29.503771 ], [ 79.2417442, 29.5042643 ], [ 79.2421526, 29.5074831 ], [ 79.2420023, 29.5102018 ], [ 79.2484975, 29.513962 ], [ 79.2500973, 29.5152558 ], [ 79.2511024, 29.5150696 ], [ 79.2517608, 29.5144618 ], [ 79.2521226, 29.5123826 ], [ 79.2526309, 29.5113541 ], [ 79.2534853, 29.5108236 ], [ 79.2598136, 29.5109673 ], [ 79.2619267, 29.511607 ], [ 79.263144, 29.5124334 ], [ 79.2634231, 29.5132174 ], [ 79.2628003, 29.5151618 ], [ 79.2632526, 29.5198218 ], [ 79.264103, 29.5199784 ], [ 79.2652206, 29.5192199 ], [ 79.2667268, 29.5191886 ], [ 79.2696583, 29.5198891 ], [ 79.2702455, 29.5202354 ], [ 79.2707163, 29.5218315 ], [ 79.273092, 29.5242571 ], [ 79.2689592, 29.5255175 ], [ 79.2680804, 29.526487 ], [ 79.265823, 29.528023 ], [ 79.264423, 29.528532 ], [ 79.2611444, 29.531075 ], [ 79.2572543, 29.5300454 ], [ 79.2545558, 29.5286872 ], [ 79.2543859, 29.5315068 ], [ 79.2538817, 29.5318672 ], [ 79.2526381, 29.531766 ], [ 79.250367, 29.5301281 ], [ 79.2503022, 29.5291256 ], [ 79.2511229, 29.5251683 ], [ 79.250377, 29.5221868 ], [ 79.2493163, 29.5207502 ], [ 79.2485214, 29.5203496 ], [ 79.242721, 29.5252645 ], [ 79.2412388, 29.5271505 ], [ 79.2379514, 29.5292463 ], [ 79.240277, 29.5304896 ], [ 79.2408803, 29.5311938 ], [ 79.2408262, 29.5320863 ], [ 79.2389973, 29.5330554 ], [ 79.2411653, 29.5362328 ], [ 79.240572, 29.5363792 ], [ 79.2424415, 29.5392619 ], [ 79.243933, 29.5403249 ], [ 79.2450308, 29.5421038 ], [ 79.246001, 29.5420973 ], [ 79.2485279, 29.5408616 ], [ 79.2495051, 29.5399361 ], [ 79.2503576, 29.5397491 ], [ 79.2514256, 29.5400213 ], [ 79.2556175, 29.5435531 ], [ 79.2567281, 29.5440164 ], [ 79.263016, 29.5438926 ], [ 79.2665554, 29.5442181 ], [ 79.2687745, 29.546045 ], [ 79.2726424, 29.5475691 ], [ 79.2766183, 29.5510266 ], [ 79.2792672, 29.5497977 ], [ 79.2849764, 29.547876 ], [ 79.2876551, 29.5452155 ], [ 79.2900391, 29.5406637 ], [ 79.2903674, 29.5405315 ], [ 79.2918131, 29.5434585 ], [ 79.2948501, 29.5430328 ], [ 79.2968406, 29.5423256 ], [ 79.2978968, 29.5427693 ], [ 79.3009239, 29.5421525 ], [ 79.3019283, 29.5440466 ], [ 79.302331, 29.5442393 ], [ 79.3038142, 29.5425372 ], [ 79.3123515, 29.5422493 ] ], [ [ 79.3541565, 29.5132511 ], [ 79.354815, 29.5132538 ], [ 79.3567585, 29.5146353 ], [ 79.3568821, 29.5152119 ], [ 79.356879, 29.5158102 ], [ 79.3561128, 29.5170036 ], [ 79.3549397, 29.5184836 ], [ 79.3542027, 29.5189238 ], [ 79.3527403, 29.5176105 ], [ 79.3516762, 29.5176284 ], [ 79.3510959, 29.5171829 ], [ 79.3518608, 29.5162332 ], [ 79.3535379, 29.515265 ], [ 79.3541565, 29.5132511 ] ], [ [ 79.361575, 29.509115 ], [ 79.3660061, 29.509498 ], [ 79.366762, 29.5102766 ], [ 79.3667073, 29.5110629 ], [ 79.3692379, 29.5115714 ], [ 79.3698536, 29.5125488 ], [ 79.370665, 29.5124079 ], [ 79.3712036, 29.5111138 ], [ 79.3718368, 29.5111273 ], [ 79.3732352, 29.5125952 ], [ 79.3752094, 29.5129463 ], [ 79.3760663, 29.5138028 ], [ 79.3762121, 29.515033 ], [ 79.3748891, 29.5161469 ], [ 79.3743509, 29.5173857 ], [ 79.373754, 29.5176935 ], [ 79.3733617, 29.5176145 ], [ 79.3729639, 29.5161394 ], [ 79.3718009, 29.5156917 ], [ 79.370761, 29.5159093 ], [ 79.3670267, 29.5179332 ], [ 79.3656845, 29.5178393 ], [ 79.3631555, 29.5169873 ], [ 79.3624958, 29.5171841 ], [ 79.3624119, 29.5187348 ], [ 79.3614751, 29.5186203 ], [ 79.3609206, 29.5180642 ], [ 79.3608479, 29.5174214 ], [ 79.360016, 29.5166425 ], [ 79.3584225, 29.5161487 ], [ 79.3581211, 29.51566 ], [ 79.3585317, 29.5146424 ], [ 79.3609237, 29.5125912 ], [ 79.361065, 29.5097556 ], [ 79.361575, 29.509115 ] ], [ [ 79.3955436, 29.4979543 ], [ 79.3961082, 29.5001409 ], [ 79.3968533, 29.5005648 ], [ 79.3998023, 29.5009635 ], [ 79.4002549, 29.5016522 ], [ 79.3999177, 29.5032684 ], [ 79.3980534, 29.5063858 ], [ 79.3969866, 29.5069801 ], [ 79.3958211, 29.50702 ], [ 79.3941511, 29.5066593 ], [ 79.3928624, 29.5059896 ], [ 79.3895713, 29.5056227 ], [ 79.3888662, 29.504778 ], [ 79.3877889, 29.5023586 ], [ 79.3883995, 29.4988271 ], [ 79.3889176, 29.4980616 ], [ 79.3903106, 29.4978023 ], [ 79.3931515, 29.4983952 ], [ 79.3955436, 29.4979543 ] ], [ [ 79.318074, 29.4975223 ], [ 79.3139097, 29.5018901 ], [ 79.3126515, 29.5007976 ], [ 79.3122315, 29.5007995 ], [ 79.309706, 29.5025463 ], [ 79.3085307, 29.502117 ], [ 79.3088677, 29.5010863 ], [ 79.3101222, 29.4999678 ], [ 79.3095425, 29.49737 ], [ 79.3094919, 29.4945465 ], [ 79.3098516, 29.4934845 ], [ 79.3105833, 29.4930815 ], [ 79.3135224, 29.4931907 ], [ 79.3142721, 29.4935227 ], [ 79.3147302, 29.4946269 ], [ 79.3177683, 29.4968442 ], [ 79.318074, 29.4975223 ] ] ] } },
{ "type": "Feature", "properties": { "gp_code": "", "gp_name": "", "blkname": "BETALGHAT", "dtname": "Nainital", "SHAPE_Area": 1418853.2228282583 }, "geometry": { "type": "Polygon", "coordinates": [ [ [ 79.3660061, 29.509498 ], [ 79.361575, 29.509115 ], [ 79.361065, 29.5097556 ], [ 79.3609237, 29.5125912 ], [ 79.3585317, 29.5146424 ], [ 79.3581211, 29.51566 ], [ 79.3584225, 29.5161487 ], [ 79.360016, 29.5166425 ], [ 79.3608479, 29.5174214 ], [ 79.3609206, 29.5180642 ], [ 79.3614751, 29.5186203 ], [ 79.3624119, 29.5187348 ], [ 79.3624958, 29.5171841 ], [ 79.3631555, 29.5169873 ], [ 79.3656845, 29.5178393 ], [ 79.3670267, 29.5179332 ], [ 79.370761, 29.5159093 ], [ 79.3718009, 29.5156917 ], [ 79.3729639, 29.5161394 ], [ 79.3733617, 29.5176145 ], [ 79.373754, 29.5176935 ], [ 79.3743509, 29.5173857 ], [ 79.3748891, 29.5161469 ], [ 79.3762121, 29.515033 ], [ 79.3760663, 29.5138028 ], [ 79.3752094, 29.5129463 ], [ 79.3732352, 29.5125952 ], [ 79.3718368, 29.5111273 ], [ 79.3712036, 29.5111138 ], [ 79.370665, 29.5124079 ], [ 79.3698536, 29.5125488 ], [ 79.3692379, 29.5115714 ], [ 79.3667073, 29.5110629 ], [ 79.366762, 29.5102766 ], [ 79.3660061, 29.509498 ] ] ] } },
{ "type": "Feature", "properties": { "gp_code": "23641", "gp_name": "SUKHA", "blkname": "BETALGHAT", "dtname": "Nainital", "SHAPE_Area": 241815.03631824031 }, "geometry": { "type": "Polygon", "coordinates": [ [ [ 79.3549397, 29.5184836 ], [ 79.356879, 29.5158102 ], [ 79.3568821, 29.5152119 ], [ 79.3567585, 29.5146353 ], [ 79.354815, 29.5132538 ], [ 79.3541565, 29.5132511 ], [ 79.3535379, 29.515265 ], [ 79.3518608, 29.5162332 ], [ 79.3510959, 29.5171829 ], [ 79.3516762, 29.5176284 ], [ 79.3527403, 29.5176105 ], [ 79.3542027, 29.5189238 ], [ 79.3549397, 29.5184836 ] ] ] } },
{ "type": "Feature", "properties": { "gp_code": "23606", "gp_name": "GHORIYA HALSO", "blkname": "BETALGHAT", "dtname": "Nainital", "SHAPE_Area": 5873463.9935314814 }, "geometry": { "type": "Polygon", "coordinates": [ [ [ 79.3565923, 29.5586669 ], [ 79.3554061, 29.5558753 ], [ 79.3556555, 29.554101 ], [ 79.3554213, 29.5529548 ], [ 79.3524769, 29.5482472 ], [ 79.352797, 29.5454805 ], [ 79.3525153, 29.5409363 ], [ 79.3543631, 29.5340811 ], [ 79.354403, 29.5327163 ], [ 79.3479398, 29.5268967 ], [ 79.344221, 29.5243045 ], [ 79.3434483, 29.5218387 ], [ 79.3411927, 29.5191569 ], [ 79.3404515, 29.5189821 ], [ 79.3399031, 29.5195144 ], [ 79.3384612, 29.5197567 ], [ 79.3381097, 29.5201752 ], [ 79.3396706, 29.5221478 ], [ 79.3398178, 29.5231984 ], [ 79.3408588, 29.5244435 ], [ 79.3414619, 29.525954 ], [ 79.3404268, 29.5276869 ], [ 79.3406411, 29.5284323 ], [ 79.3457421, 29.5338172 ], [ 79.3459139, 29.5343334 ], [ 79.3456941, 29.5346379 ], [ 79.3446048, 29.5342326 ], [ 79.3438839, 29.5343251 ], [ 79.3429196, 29.5350466 ], [ 79.3400628, 29.5385855 ], [ 79.3404947, 29.5394654 ], [ 79.3404898, 29.5403817 ], [ 79.339923, 29.5402648 ], [ 79.3363606, 29.5369668 ], [ 79.3365228, 29.5392582 ], [ 79.3409002, 29.5453082 ], [ 79.3409402, 29.5459957 ], [ 79.3388742, 29.5485833 ], [ 79.338342, 29.5501082 ], [ 79.3372865, 29.5515164 ], [ 79.3362789, 29.5521422 ], [ 79.3414452, 29.5536237 ], [ 79.3434464, 29.5550062 ], [ 79.3460067, 29.5580136 ], [ 79.3461561, 29.5586441 ], [ 79.3476688, 29.5574667 ], [ 79.3494843, 29.556825 ], [ 79.3514918, 29.5570431 ], [ 79.3565923, 29.5586669 ] ] ] } },
{ "type": "Feature", "properties": { "gp_code": "23605", "gp_name": "GHIROLI", "blkname": "BETALGHAT", "dtname": "Nainital", "SHAPE_Area": 683203.5639640796 }, "geometry": { "type": "Polygon", "coordinates": [ [ [ 79.3548435, 29.5380924 ], [ 79.3534299, 29.5371984 ], [ 79.3525153, 29.5409363 ], [ 79.352797, 29.5454805 ], [ 79.3524769, 29.5482472 ], [ 79.3531888, 29.5495298 ], [ 79.3555578, 29.5492734 ], [ 79.3569542, 29.5487472 ], [ 79.3582253, 29.5479768 ], [ 79.3590327, 29.5462075 ], [ 79.3583824, 29.5445764 ], [ 79.355332, 29.5415731 ], [ 79.354932, 29.5405523 ], [ 79.3550672, 29.5389132 ], [ 79.3548435, 29.5380924 ] ] ] } },
{ "type": "Feature", "properties": { "gp_code": "23605", "gp_name": "GHIROLI", "blkname": "BETALGHAT", "dtname": "Nainital", "SHAPE_Area": 270538.71272804617 }, "geometry": { "type": "Polygon", "coordinates": [ [ [ 79.3621471, 29.5509392 ], [ 79.3591325, 29.5507666 ], [ 79.3559529, 29.5530582 ], [ 79.3576749, 29.5533088 ], [ 79.3609999, 29.5547068 ], [ 79.3621162, 29.5544564 ], [ 79.3638301, 29.5537985 ], [ 79.3628475, 29.5514738 ], [ 79.3621471, 29.5509392 ] ] ] } },
{ "type": "Feature", "properties": { "gp_code": "23650", "gp_name": "TIWARI GAON", "blkname": "BETALGHAT", "dtname": "Nainital", "SHAPE_Area": 117859.23015496199 }, "geometry": { "type": "Polygon", "coordinates": [ [ [ 79.3624268, 29.5556541 ], [ 79.3668631, 29.5553614 ], [ 79.36684, 29.5549181 ], [ 79.3659616, 29.553253 ], [ 79.365607, 29.5532184 ], [ 79.3609999, 29.5547068 ], [ 79.3624268, 29.5556541 ] ] ] } },
{ "type": "Feature", "properties": { "gp_code": "", "gp_name": "", "blkname": "BETALGHAT", "dtname": "Nainital", "SHAPE_Area": 397409.72415208409 }, "geometry": { "type": "Polygon", "coordinates": [ [ [ 79.3639923, 29.556757 ], [ 79.3603813, 29.5542723 ], [ 79.3576749, 29.5533088 ], [ 79.3554213, 29.5529548 ], [ 79.3556555, 29.554101 ], [ 79.3554061, 29.5558753 ], [ 79.3565923, 29.5586669 ], [ 79.3571637, 29.5589898 ], [ 79.3601865, 29.5576282 ], [ 79.3639923, 29.556757 ] ] ] } },
{ "type": "Feature", "properties": { "gp_code": "23595", "gp_name": "CHAPAD", "blkname": "BETALGHAT", "dtname": "Nainital", "SHAPE_Area": 1756417.5140275611 }, "geometry": { "type": "Polygon", "coordinates": [ [ [ 79.3390891, 29.5634637 ], [ 79.344419, 29.5629987 ], [ 79.3462129, 29.5623569 ], [ 79.3466774, 29.5612136 ], [ 79.3460067, 29.5580136 ], [ 79.3434464, 29.5550062 ], [ 79.3414452, 29.5536237 ], [ 79.3378926, 29.5524829 ], [ 79.3342487, 29.5520956 ], [ 79.3317011, 29.5508634 ], [ 79.3313645, 29.5565696 ], [ 79.3319525, 29.5568393 ], [ 79.3327643, 29.5601258 ], [ 79.336358, 29.5577165 ], [ 79.336421, 29.5622311 ], [ 79.3367388, 29.5640458 ], [ 79.3390891, 29.5634637 ] ] ] } },
{ "type": "Feature", "properties": { "gp_code": "243341", "gp_name": "ROPA", "blkname": "BETALGHAT", "dtname": "Nainital", "SHAPE_Area": 1842898.3133800083 }, "geometry": { "type": "Polygon", "coordinates": [ [ [ 79.3363606, 29.5369668 ], [ 79.3305574, 29.536332 ], [ 79.3296836, 29.5364429 ], [ 79.3295052, 29.5371293 ], [ 79.3295749, 29.5403748 ], [ 79.3289784, 29.5416799 ], [ 79.3295806, 29.5433527 ], [ 79.3299652, 29.5468858 ], [ 79.3317011, 29.5508634 ], [ 79.3342487, 29.5520956 ], [ 79.3362789, 29.5521422 ], [ 79.3372865, 29.5515164 ], [ 79.338342, 29.5501082 ], [ 79.3388742, 29.5485833 ], [ 79.3409402, 29.5459957 ], [ 79.3409002, 29.5453082 ], [ 79.3365228, 29.5392582 ], [ 79.3363606, 29.5369668 ] ] ] } },
{ "type": "Feature", "properties": { "gp_code": "262972", "gp_name": "AMAIL", "blkname": "BETALGHAT", "dtname": "Nainital", "SHAPE_Area": 4770455.5261233291 }, "geometry": { "type": "Polygon", "coordinates": [ [ [ 79.3313645, 29.5565696 ], [ 79.3317011, 29.5508634 ], [ 79.3299652, 29.5468858 ], [ 79.3295806, 29.5433527 ], [ 79.3289784, 29.5416799 ], [ 79.327955, 29.5412175 ], [ 79.3272554, 29.5413864 ], [ 79.3264624, 29.5426811 ], [ 79.3246272, 29.5429598 ], [ 79.323044, 29.5450339 ], [ 79.3224527, 29.545375 ], [ 79.318111, 29.5448986 ], [ 79.316869, 29.5444733 ], [ 79.3145206, 29.5428026 ], [ 79.3139427, 29.5426952 ], [ 79.312987, 29.5476829 ], [ 79.3117936, 29.5503025 ], [ 79.3096625, 29.5585302 ], [ 79.3094599, 29.5615643 ], [ 79.3119991, 29.5604012 ], [ 79.3148832, 29.5600318 ], [ 79.316559, 29.5610124 ], [ 79.3163323, 29.5625194 ], [ 79.3167022, 29.5627501 ], [ 79.3232317, 29.5625294 ], [ 79.3275201, 29.5609058 ], [ 79.3283766, 29.559974 ], [ 79.3286445, 29.5589062 ], [ 79.3283483, 29.5571679 ], [ 79.3289401, 29.5567313 ], [ 79.3313645, 29.5565696 ] ] ] } },
{ "type": "Feature", "properties": { "gp_code": "23596", "gp_name": "CHYUNI", "blkname": "BETALGHAT", "dtname": "Nainital", "SHAPE_Area": 3016683.1971493084 }, "geometry": { "type": "Polygon", "coordinates": [ [ [ 79.3207109, 29.5999832 ], [ 79.3191803, 29.6003012 ], [ 79.3183679, 29.5971484 ], [ 79.3180345, 29.5942267 ], [ 79.3166129, 29.5906704 ], [ 79.3165558, 29.5891623 ], [ 79.3145514, 29.5843628 ], [ 79.3144174, 29.5809837 ], [ 79.3138071, 29.5807712 ], [ 79.3129541, 29.5810157 ], [ 79.3094868, 29.5840358 ], [ 79.3091986, 29.5848172 ], [ 79.309268, 29.5880242 ], [ 79.3097582, 29.5901831 ], [ 79.3080978, 29.5902905 ], [ 79.306763, 29.590762 ], [ 79.3050099, 29.5918233 ], [ 79.3022946, 29.5945411 ], [ 79.3057742, 29.5971519 ], [ 79.3059857, 29.5983936 ], [ 79.3070008, 29.6004021 ], [ 79.3078265, 29.6011691 ], [ 79.3134804, 29.6016895 ], [ 79.3160932, 29.6031512 ], [ 79.3203525, 29.6030929 ], [ 79.3227292, 29.6038091 ], [ 79.3224057, 29.6015746 ], [ 79.3207109, 29.5999832 ] ] ] } },
{ "type": "Feature", "properties": { "gp_code": "23628", "gp_name": "NAGHAR", "blkname": "BETALGHAT", "dtname": "Nainital", "SHAPE_Area": 5770583.5003301147 }, "geometry": { "type": "Polygon", "coordinates": [ [ [ 79.3238932, 29.5971717 ], [ 79.3256769, 29.5945069 ], [ 79.3295546, 29.5962791 ], [ 79.3314297, 29.5928369 ], [ 79.3330131, 29.5908202 ], [ 79.3332387, 29.589485 ], [ 79.3339451, 29.5880755 ], [ 79.3378918, 29.5851522 ], [ 79.3402645, 29.5824897 ], [ 79.3412861, 29.5792872 ], [ 79.3408288, 29.5749715 ], [ 79.340095, 29.573365 ], [ 79.337794, 29.5708455 ], [ 79.3357439, 29.5744448 ], [ 79.3348657, 29.5753192 ], [ 79.3335322, 29.5755952 ], [ 79.3326344, 29.5770661 ], [ 79.3306471, 29.5781124 ], [ 79.3260342, 29.5770911 ], [ 79.324326, 29.576015 ], [ 79.323572, 29.5761169 ], [ 79.318866, 29.5801198 ], [ 79.317729, 29.5803822 ], [ 79.3164199, 29.5801858 ], [ 79.3143012, 29.582243 ], [ 79.3145514, 29.5843628 ], [ 79.3165558, 29.5891623 ], [ 79.3166129, 29.5906704 ], [ 79.3180345, 29.5942267 ], [ 79.3183679, 29.5971484 ], [ 79.3191803, 29.6003012 ], [ 79.3203165, 29.6002297 ], [ 79.3217856, 29.599167 ], [ 79.3238932, 29.5971717 ] ] ] } },
{ "type": "Feature", "properties": { "gp_code": "23647", "gp_name": "TAURAD", "blkname": "BETALGHAT", "dtname": "Nainital", "SHAPE_Area": 1950668.2974274384 }, "geometry": { "type": "Polygon", "coordinates": [ [ [ 79.337794, 29.5708455 ], [ 79.3380625, 29.569625 ], [ 79.337935, 29.5649097 ], [ 79.3374613, 29.5636861 ], [ 79.3367388, 29.5640458 ], [ 79.336421, 29.5622311 ], [ 79.336358, 29.5577165 ], [ 79.3327643, 29.5601258 ], [ 79.3341115, 29.5653759 ], [ 79.3339555, 29.565967 ], [ 79.3304724, 29.5680523 ], [ 79.3296211, 29.5680106 ], [ 79.3288377, 29.5675301 ], [ 79.327614, 29.5676968 ], [ 79.3275456, 29.568231 ], [ 79.329222, 29.5691161 ], [ 79.3289107, 29.5701646 ], [ 79.3214382, 29.5750007 ], [ 79.323572, 29.5761169 ], [ 79.3247343, 29.5761981 ], [ 79.3260342, 29.5770911 ], [ 79.3306471, 29.5781124 ], [ 79.3326344, 29.5770661 ], [ 79.3335322, 29.5755952 ], [ 79.3348657, 29.5753192 ], [ 79.3357439, 29.5744448 ], [ 79.337794, 29.5708455 ] ] ] } },
{ "type": "Feature", "properties": { "gp_code": "23633", "gp_name": "PATORI SUNSYARI", "blkname": "BETALGHAT", "dtname": "Nainital", "SHAPE_Area": 3288421.5858776881 }, "geometry": { "type": "Polygon", "coordinates": [ [ [ 79.3551312, 29.5791999 ], [ 79.3493231, 29.5749773 ], [ 79.3485196, 29.5741342 ], [ 79.348132, 29.5731018 ], [ 79.347193, 29.573098 ], [ 79.3464927, 29.5734197 ], [ 79.3460846, 29.5740326 ], [ 79.3461064, 29.5680162 ], [ 79.3465918, 29.5629598 ], [ 79.3462129, 29.5623569 ], [ 79.344419, 29.5629987 ], [ 79.3401714, 29.5631723 ], [ 79.3374613, 29.5636861 ], [ 79.337935, 29.5649097 ], [ 79.3380625, 29.569625 ], [ 79.337794, 29.5708455 ], [ 79.340095, 29.573365 ], [ 79.3408288, 29.5749715 ], [ 79.3412861, 29.5792872 ], [ 79.3462396, 29.5799467 ], [ 79.3467105, 29.577639 ], [ 79.3481664, 29.5789716 ], [ 79.3487503, 29.5800619 ], [ 79.3497429, 29.5843892 ], [ 79.350724, 29.5867601 ], [ 79.3522443, 29.5883504 ], [ 79.3528417, 29.591025 ], [ 79.3528294, 29.5933727 ], [ 79.355672, 29.592716 ], [ 79.3571063, 29.5898777 ], [ 79.3580506, 29.5846707 ], [ 79.3577376, 29.5819017 ], [ 79.3570875, 29.5809256 ], [ 79.3551312, 29.5791999 ] ] ] } },
{ "type": "Feature", "properties": { "gp_code": "23615", "gp_name": "JOSHI KHOLA", "blkname": "BETALGHAT", "dtname": "Nainital", "SHAPE_Area": 1988898.0742433085 }, "geometry": { "type": "Polygon", "coordinates": [ [ [ 79.3571637, 29.5589898 ], [ 79.3514918, 29.5570431 ], [ 79.3494843, 29.556825 ], [ 79.3476688, 29.5574667 ], [ 79.3461561, 29.5586441 ], [ 79.3466774, 29.5612136 ], [ 79.3462129, 29.5623569 ], [ 79.3465918, 29.5629598 ], [ 79.3461064, 29.5680162 ], [ 79.3460846, 29.5740326 ], [ 79.3464927, 29.5734197 ], [ 79.347193, 29.573098 ], [ 79.348132, 29.5731018 ], [ 79.3484361, 29.5733894 ], [ 79.3492582, 29.5731822 ], [ 79.351588, 29.573546 ], [ 79.3524458, 29.5742807 ], [ 79.3538654, 29.574242 ], [ 79.3550787, 29.5748673 ], [ 79.3555144, 29.5739384 ], [ 79.3553155, 29.5731844 ], [ 79.3491782, 29.5691274 ], [ 79.3487249, 29.5685717 ], [ 79.3488308, 29.5677081 ], [ 79.3492134, 29.5672664 ], [ 79.3505331, 29.5669173 ], [ 79.3577278, 29.5674557 ], [ 79.3581368, 29.5667926 ], [ 79.358221, 29.565242 ], [ 79.3562886, 29.5615786 ], [ 79.3571637, 29.5589898 ] ] ] } },
{ "type": "Feature", "properties": { "gp_code": "23608", "gp_name": "HALDYANI", "blkname": "BETALGHAT", "dtname": "Nainital", "SHAPE_Area": 3348075.4220209788 }, "geometry": { "type": "Polygon", "coordinates": [ [ [ 79.3669053, 29.5742716 ], [ 79.3661374, 29.5732716 ], [ 79.368231, 29.5702777 ], [ 79.3659464, 29.5660481 ], [ 79.3666396, 29.5593819 ], [ 79.3639923, 29.556757 ], [ 79.3601865, 29.5576282 ], [ 79.3571637, 29.5589898 ], [ 79.3562886, 29.5615786 ], [ 79.358221, 29.565242 ], [ 79.3581368, 29.5667926 ], [ 79.3577278, 29.5674557 ], [ 79.3505331, 29.5669173 ], [ 79.3492134, 29.5672664 ], [ 79.3488308, 29.5677081 ], [ 79.3487249, 29.5685717 ], [ 79.3491782, 29.5691274 ], [ 79.3553155, 29.5731844 ], [ 79.3555144, 29.5739384 ], [ 79.3550787, 29.5748673 ], [ 79.3554839, 29.5749132 ], [ 79.3569095, 29.5737225 ], [ 79.358223, 29.5745696 ], [ 79.3592646, 29.5741085 ], [ 79.3623518, 29.5750512 ], [ 79.3635813, 29.5774489 ], [ 79.3639735, 29.5800426 ], [ 79.3637303, 29.5829661 ], [ 79.3644556, 29.5848521 ], [ 79.365491, 29.5856095 ], [ 79.3667082, 29.5855035 ], [ 79.3687384, 29.5841683 ], [ 79.3667575, 29.5816797 ], [ 79.3664559, 29.5808768 ], [ 79.3669688, 29.5787983 ], [ 79.3669053, 29.5742716 ] ] ] } },
{ "type": "Feature", "properties": { "gp_code": "23600", "gp_name": "DHOL GAON", "blkname": "BETALGHAT", "dtname": "Nainital", "SHAPE_Area": 1657762.6431325332 }, "geometry": { "type": "Polygon", "coordinates": [ [ [ 79.3706259, 29.5853214 ], [ 79.3687384, 29.5841683 ], [ 79.3660991, 29.5856562 ], [ 79.365491, 29.5856095 ], [ 79.3644556, 29.5848521 ], [ 79.3637303, 29.5829661 ], [ 79.3639735, 29.5800426 ], [ 79.3635813, 29.5774489 ], [ 79.3623518, 29.5750512 ], [ 79.3592646, 29.5741085 ], [ 79.358223, 29.5745696 ], [ 79.3569095, 29.5737225 ], [ 79.3554839, 29.5749132 ], [ 79.3550787, 29.5748673 ], [ 79.3538654, 29.574242 ], [ 79.3524458, 29.5742807 ], [ 79.351588, 29.573546 ], [ 79.3492582, 29.5731822 ], [ 79.3484361, 29.5733894 ], [ 79.3485196, 29.5741342 ], [ 79.351214, 29.5766456 ], [ 79.3551312, 29.5791999 ], [ 79.3570875, 29.5809256 ], [ 79.3577376, 29.5819017 ], [ 79.3580582, 29.58322 ], [ 79.3612532, 29.5861626 ], [ 79.3630758, 29.5884222 ], [ 79.3668623, 29.5867956 ], [ 79.36865, 29.5873752 ], [ 79.3706259, 29.5853214 ] ] ] } },
{ "type": "Feature", "properties": { "gp_code": "23601", "gp_name": "DIGTHARI", "blkname": "BETALGHAT", "dtname": "Nainital", "SHAPE_Area": 1733373.5022273264 }, "geometry": { "type": "Polygon", "coordinates": [ [ [ 79.3585573, 29.5980004 ], [ 79.3672426, 29.5908579 ], [ 79.3714873, 29.5893094 ], [ 79.374983, 29.5890175 ], [ 79.3730633, 29.5869724 ], [ 79.3706259, 29.5853214 ], [ 79.36865, 29.5873752 ], [ 79.3668623, 29.5867956 ], [ 79.3630758, 29.5884222 ], [ 79.3612532, 29.5861626 ], [ 79.3580582, 29.58322 ], [ 79.3571063, 29.5898777 ], [ 79.355672, 29.592716 ], [ 79.3528294, 29.5933727 ], [ 79.352808, 29.5948471 ], [ 79.3569, 29.5974975 ], [ 79.3585573, 29.5980004 ] ] ] } },
{ "type": "Feature", "properties": { "gp_code": "23590", "gp_name": "BINKOT", "blkname": "BETALGHAT", "dtname": "Nainital", "SHAPE_Area": 7393134.2826238349 }, "geometry": { "type": "Polygon", "coordinates": [ [ [ 79.3406007, 29.6068988 ], [ 79.3420879, 29.6065232 ], [ 79.3485523, 29.6066639 ], [ 79.3487782, 29.6052524 ], [ 79.3537425, 29.5998899 ], [ 79.348735, 29.5968921 ], [ 79.3489181, 29.5953278 ], [ 79.3501909, 29.5941494 ], [ 79.3508912, 29.5938851 ], [ 79.352808, 29.5948471 ], [ 79.3528417, 29.591025 ], [ 79.3522443, 29.5883504 ], [ 79.350724, 29.5867601 ], [ 79.3497429, 29.5843892 ], [ 79.3487503, 29.5800619 ], [ 79.3481664, 29.5789716 ], [ 79.3467105, 29.577639 ], [ 79.3462396, 29.5799467 ], [ 79.3412861, 29.5792872 ], [ 79.3402645, 29.5824897 ], [ 79.3378918, 29.5851522 ], [ 79.3339451, 29.5880755 ], [ 79.3332387, 29.589485 ], [ 79.3330131, 29.5908202 ], [ 79.3314297, 29.5928369 ], [ 79.3287143, 29.5982034 ], [ 79.3287549, 29.5987762 ], [ 79.3316468, 29.6011169 ], [ 79.330577, 29.6050825 ], [ 79.3287727, 29.6075181 ], [ 79.3271607, 29.6082366 ], [ 79.3321647, 29.6118649 ], [ 79.3344575, 29.6119888 ], [ 79.3359442, 29.6117277 ], [ 79.339329, 29.6078098 ], [ 79.3406007, 29.6068988 ] ] ] } },
{ "type": "Feature", "properties": { "gp_code": "23648", "gp_name": "THAPAL RICHI", "blkname": "BETALGHAT", "dtname": "Nainital", "SHAPE_Area": 1204619.327165762 }, "geometry": { "type": "Polygon", "coordinates": [ [ [ 79.3295546, 29.5962791 ], [ 79.3256769, 29.5945069 ], [ 79.3238932, 29.5971717 ], [ 79.3207109, 29.5999832 ], [ 79.3224057, 29.6015746 ], [ 79.3227292, 29.6038091 ], [ 79.3271607, 29.6082366 ], [ 79.3287727, 29.6075181 ], [ 79.330577, 29.6050825 ], [ 79.3316468, 29.6011169 ], [ 79.3287549, 29.5987762 ], [ 79.3287143, 29.5982034 ], [ 79.3295546, 29.5962791 ] ] ] } },
{ "type": "Feature", "properties": { "gp_code": "23588", "gp_name": "BHATROJ", "blkname": "BETALGHAT", "dtname": "Nainital", "SHAPE_Area": 1153274.7291076314 }, "geometry": { "type": "Polygon", "coordinates": [ [ [ 79.3124272, 29.5815288 ], [ 79.3109216, 29.5813124 ], [ 79.3085617, 29.5815696 ], [ 79.3069854, 29.5822881 ], [ 79.3047883, 29.5846456 ], [ 79.3001116, 29.5852552 ], [ 79.2993875, 29.5858628 ], [ 79.2992302, 29.5866256 ], [ 79.3012914, 29.5890014 ], [ 79.2996749, 29.5905214 ], [ 79.3001523, 29.5910579 ], [ 79.3012275, 29.5940211 ], [ 79.3022946, 29.5945411 ], [ 79.3050099, 29.5918233 ], [ 79.306763, 29.590762 ], [ 79.3080978, 29.5902905 ], [ 79.3097582, 29.5901831 ], [ 79.309268, 29.5880242 ], [ 79.3091986, 29.5848172 ], [ 79.3094868, 29.5840358 ], [ 79.3124272, 29.5815288 ] ] ] } },
{ "type": "Feature", "properties": { "gp_code": "", "gp_name": "", "blkname": "BETALGHAT", "dtname": "Nainital", "SHAPE_Area": 15660394.78956202 }, "geometry": { "type": "Polygon", "coordinates": [ [ [ 79.2996749, 29.5905215 ], [ 79.3012914, 29.5890014 ], [ 79.2992302, 29.5866256 ], [ 79.2993875, 29.5858628 ], [ 79.3001116, 29.5852552 ], [ 79.3047883, 29.5846456 ], [ 79.3069854, 29.5822881 ], [ 79.3085617, 29.5815696 ], [ 79.3109216, 29.5813124 ], [ 79.3124272, 29.5815288 ], [ 79.3138071, 29.5807712 ], [ 79.3144174, 29.5809837 ], [ 79.3143012, 29.582243 ], [ 79.3164199, 29.5801858 ], [ 79.317729, 29.5803822 ], [ 79.318866, 29.5801198 ], [ 79.323572, 29.5761169 ], [ 79.3214382, 29.5750007 ], [ 79.3289107, 29.5701646 ], [ 79.329222, 29.5691161 ], [ 79.3275456, 29.568231 ], [ 79.327614, 29.5676968 ], [ 79.3288377, 29.5675301 ], [ 79.3296211, 29.5680106 ], [ 79.3304724, 29.5680523 ], [ 79.3339555, 29.565967 ], [ 79.3341115, 29.5653759 ], [ 79.3333806, 29.5632541 ], [ 79.3333023, 29.5615931 ], [ 79.3319525, 29.5568393 ], [ 79.3301206, 29.5564689 ], [ 79.3289401, 29.5567313 ], [ 79.3283483, 29.5571679 ], [ 79.3286445, 29.5589062 ], [ 79.3283766, 29.559974 ], [ 79.3275201, 29.5609058 ], [ 79.3232317, 29.5625294 ], [ 79.3167022, 29.5627501 ], [ 79.3163323, 29.5625194 ], [ 79.316559, 29.5610124 ], [ 79.3148832, 29.5600318 ], [ 79.313726, 29.5600459 ], [ 79.310752, 29.5608732 ], [ 79.3048032, 29.5645889 ], [ 79.3024956, 29.5653139 ], [ 79.2992179, 29.5657578 ], [ 79.2955937, 29.5657038 ], [ 79.2924957, 29.5652607 ], [ 79.2853466, 29.5668709 ], [ 79.2821727, 29.5663318 ], [ 79.2798713, 29.567839 ], [ 79.2795671, 29.56758 ], [ 79.2795816, 29.5669693 ], [ 79.2806903, 29.5640537 ], [ 79.2758277, 29.562963 ], [ 79.2744341, 29.5623268 ], [ 79.2742016, 29.5610277 ], [ 79.2760668, 29.5594327 ], [ 79.2749634, 29.5577288 ], [ 79.2735712, 29.5568445 ], [ 79.271349, 29.5560518 ], [ 79.2693868, 29.5555848 ], [ 79.2677488, 29.5556729 ], [ 79.2683242, 29.5580424 ], [ 79.2679393, 29.5603505 ], [ 79.2651328, 29.5623419 ], [ 79.2632171, 29.5627579 ], [ 79.2679746, 29.5668263 ], [ 79.2748552, 29.5737864 ], [ 79.2783008, 29.5745653 ], [ 79.2827465, 29.576074 ], [ 79.2866425, 29.5782673 ], [ 79.2867966, 29.5818374 ], [ 79.2864603, 29.5871232 ], [ 79.2867086, 29.5894911 ], [ 79.287142, 29.5900657 ], [ 79.2888463, 29.5899205 ], [ 79.2899415, 29.5893528 ], [ 79.2932188, 29.5890999 ], [ 79.2996749, 29.5905215 ] ] ] } },
{ "type": "Feature", "properties": { "gp_code": "23594", "gp_name": "CHANDRA KOT", "blkname": "BETALGHAT", "dtname": "Nainital", "SHAPE_Area": 3124981.2311474644 }, "geometry": { "type": "Polygon", "coordinates": [ [ [ 79.3832164, 29.5845827 ], [ 79.3857171, 29.58234 ], [ 79.3875802, 29.5765634 ], [ 79.3886122, 29.5754221 ], [ 79.387981, 29.573363 ], [ 79.3857326, 29.5688306 ], [ 79.3847709, 29.5690178 ], [ 79.3840258, 29.5695685 ], [ 79.3821351, 29.5721191 ], [ 79.3813243, 29.5727268 ], [ 79.3771316, 29.5727678 ], [ 79.3751243, 29.5724547 ], [ 79.374664, 29.5727774 ], [ 79.3745722, 29.5736742 ], [ 79.3735215, 29.5741855 ], [ 79.3741007, 29.5762302 ], [ 79.3732883, 29.5771051 ], [ 79.3735237, 29.5780413 ], [ 79.3756261, 29.5811416 ], [ 79.3751629, 29.5820751 ], [ 79.3745714, 29.5824355 ], [ 79.3730413, 29.5827159 ], [ 79.3728609, 29.5838414 ], [ 79.3721416, 29.5835904 ], [ 79.3669688, 29.5787983 ], [ 79.3665481, 29.5799228 ], [ 79.3664559, 29.5808768 ], [ 79.3667575, 29.5816797 ], [ 79.3683619, 29.5839383 ], [ 79.3730633, 29.5869724 ], [ 79.374983, 29.5890175 ], [ 79.378959, 29.5887275 ], [ 79.3804477, 29.5880079 ], [ 79.3832164, 29.5845827 ] ] ] } },
{ "type": "Feature", "properties": { "gp_code": "243340", "gp_name": "SONALI", "blkname": "BETALGHAT", "dtname": "Nainital", "SHAPE_Area": 2195365.6224730508 }, "geometry": { "type": "Polygon", "coordinates": [ [ [ 79.3857326, 29.5688306 ], [ 79.3845288, 29.5650465 ], [ 79.3813418, 29.5648817 ], [ 79.3805099, 29.5653175 ], [ 79.3802011, 29.5659271 ], [ 79.3801713, 29.5675113 ], [ 79.379863, 29.5680446 ], [ 79.374946, 29.5688654 ], [ 79.3717806, 29.5687387 ], [ 79.3706686, 29.5684003 ], [ 79.3681881, 29.5667204 ], [ 79.3666491, 29.5666475 ], [ 79.3664393, 29.5671143 ], [ 79.368231, 29.5702777 ], [ 79.3661374, 29.5732716 ], [ 79.3669053, 29.5742716 ], [ 79.3669688, 29.5787983 ], [ 79.3721416, 29.5835904 ], [ 79.3728609, 29.5838414 ], [ 79.3730413, 29.5827159 ], [ 79.3745714, 29.5824355 ], [ 79.3751629, 29.5820751 ], [ 79.3756261, 29.5811416 ], [ 79.3735237, 29.5780413 ], [ 79.3732883, 29.5771051 ], [ 79.3741007, 29.5762302 ], [ 79.3735215, 29.5741855 ], [ 79.3745722, 29.5736742 ], [ 79.374664, 29.5727774 ], [ 79.3751243, 29.5724547 ], [ 79.3771316, 29.5727678 ], [ 79.3813243, 29.5727268 ], [ 79.3821351, 29.5721191 ], [ 79.3840258, 29.5695685 ], [ 79.3847709, 29.5690178 ], [ 79.3857326, 29.5688306 ] ] ] } },
{ "type": "Feature", "properties": { "gp_code": "23604", "gp_name": "GHAGHARETI", "blkname": "BETALGHAT", "dtname": "Nainital", "SHAPE_Area": 5645936.7067092825 }, "geometry": { "type": "Polygon", "coordinates": [ [ [ 79.3886122, 29.5754221 ], [ 79.3892044, 29.5748899 ], [ 79.3919314, 29.5753965 ], [ 79.3927103, 29.5746359 ], [ 79.3932294, 29.5734353 ], [ 79.3932342, 29.5724618 ], [ 79.3948634, 29.5697288 ], [ 79.3970288, 29.5689734 ], [ 79.3975775, 29.5684028 ], [ 79.398007, 29.5676314 ], [ 79.3985247, 29.5644456 ], [ 79.3990957, 29.5637796 ], [ 79.3999484, 29.5635347 ], [ 79.4017585, 29.5639804 ], [ 79.4031997, 29.5639475 ], [ 79.4037556, 29.5618689 ], [ 79.4008717, 29.5604321 ], [ 79.3969473, 29.5596863 ], [ 79.3945654, 29.5596332 ], [ 79.3902011, 29.5607524 ], [ 79.3901897, 29.5579106 ], [ 79.3907027, 29.5566718 ], [ 79.388525, 29.5563312 ], [ 79.3789718, 29.5562282 ], [ 79.3750134, 29.5572321 ], [ 79.3719466, 29.557331 ], [ 79.3655651, 29.5564419 ], [ 79.3639923, 29.556757 ], [ 79.3666396, 29.5593819 ], [ 79.3660202, 29.5664915 ], [ 79.3664409, 29.5668089 ], [ 79.3681881, 29.5667204 ], [ 79.3706686, 29.5684003 ], [ 79.3717806, 29.5687387 ], [ 79.374946, 29.5688654 ], [ 79.379863, 29.5680446 ], [ 79.3801713, 29.5675113 ], [ 79.3802011, 29.5659271 ], [ 79.3805099, 29.5653175 ], [ 79.3813418, 29.5648817 ], [ 79.3845288, 29.5650465 ], [ 79.3859466, 29.5697095 ], [ 79.387981, 29.573363 ], [ 79.3886122, 29.5754221 ] ] ] } },
{ "type": "Feature", "properties": { "gp_code": "23610", "gp_name": "HALSO KORD", "blkname": "BETALGHAT", "dtname": "Nainital", "SHAPE_Area": 2745168.5519478344 }, "geometry": { "type": "Polygon", "coordinates": [ [ [ 79.4283, 29.5470306 ], [ 79.4315419, 29.544675 ], [ 79.4324421, 29.5435519 ], [ 79.4338327, 29.5402353 ], [ 79.4327373, 29.539615 ], [ 79.4309132, 29.5395643 ], [ 79.4306244, 29.5389872 ], [ 79.4313401, 29.5376382 ], [ 79.4312023, 29.5373053 ], [ 79.4295094, 29.5362912 ], [ 79.4266437, 29.536846 ], [ 79.4242953, 29.5378457 ], [ 79.4228333, 29.5362231 ], [ 79.4218848, 29.5358652 ], [ 79.4185188, 29.5404395 ], [ 79.4187234, 29.5427003 ], [ 79.4181544, 29.5451576 ], [ 79.4166067, 29.5455952 ], [ 79.4152637, 29.5455903 ], [ 79.4146524, 29.5462528 ], [ 79.4147242, 29.5471393 ], [ 79.4169699, 29.5491637 ], [ 79.4169659, 29.5500057 ], [ 79.4163289, 29.5507345 ], [ 79.4148076, 29.5509284 ], [ 79.4141716, 29.5514579 ], [ 79.4145481, 29.5522126 ], [ 79.4174372, 29.55436 ], [ 79.4190966, 29.5543277 ], [ 79.4197972, 29.5539103 ], [ 79.4209856, 29.5518912 ], [ 79.4225603, 29.551286 ], [ 79.4239583, 29.5511383 ], [ 79.4283, 29.5470306 ] ] ] } },
{ "type": "Feature", "properties": { "gp_code": "23642", "gp_name": "TALLA BARDHO", "blkname": "BETALGHAT", "dtname": "Nainital", "SHAPE_Area": 702745.97217754496 }, "geometry": { "type": "Polygon", "coordinates": [ [ [ 79.4212599, 29.5367604 ], [ 79.4203004, 29.5360478 ], [ 79.4195516, 29.5336411 ], [ 79.4178416, 29.5335906 ], [ 79.4165385, 29.5325611 ], [ 79.4140729, 29.5342362 ], [ 79.4103429, 29.5353747 ], [ 79.4110024, 29.5358701 ], [ 79.4121192, 29.5381453 ], [ 79.4134297, 29.5396124 ], [ 79.4144658, 29.5402144 ], [ 79.4164361, 29.5387925 ], [ 79.4185188, 29.5404395 ], [ 79.4212599, 29.5367604 ] ] ] } },
{ "type": "Feature", "properties": { "gp_code": "23597", "gp_name": "DARIMA", "blkname": "BETALGHAT", "dtname": "Nainital", "SHAPE_Area": 490636.29409804987 }, "geometry": { "type": "Polygon", "coordinates": [ [ [ 79.4098382, 29.5356 ], [ 79.4078377, 29.5353711 ], [ 79.4059861, 29.5357852 ], [ 79.4036987, 29.5372392 ], [ 79.4025736, 29.539362 ], [ 79.4024305, 29.5427516 ], [ 79.402698, 29.545079 ], [ 79.4032725, 29.5467872 ], [ 79.4046593, 29.5481881 ], [ 79.4059975, 29.5439391 ], [ 79.4047119, 29.5425606 ], [ 79.4044622, 29.5418063 ], [ 79.4048507, 29.5400574 ], [ 79.4098382, 29.5356 ] ] ] } },
{ "type": "Feature", "properties": { "gp_code": "", "gp_name": "", "blkname": "BETALGHAT", "dtname": "Nainital", "SHAPE_Area": 402273.94699035957 }, "geometry": { "type": "Polygon", "coordinates": [ [ [ 79.4098382, 29.5356 ], [ 79.4103429, 29.5353747 ], [ 79.4095606, 29.5347293 ], [ 79.4087196, 29.5304499 ], [ 79.4079849, 29.530425 ], [ 79.4046764, 29.5315429 ], [ 79.4044598, 29.5317969 ], [ 79.4046952, 29.5328945 ], [ 79.4036026, 29.533533 ], [ 79.4014846, 29.5340348 ], [ 79.4045631, 29.536622 ], [ 79.4059861, 29.5357852 ], [ 79.4078377, 29.5353711 ], [ 79.4098382, 29.5356 ] ] ] } },
{ "type": "Feature", "properties": { "gp_code": "", "gp_name": "", "blkname": "BETALGHAT", "dtname": "Nainital", "SHAPE_Area": 934252.43751460814 }, "geometry": { "type": "Polygon", "coordinates": [ [ [ 79.4037518, 29.552461 ], [ 79.4046593, 29.5481881 ], [ 79.4032725, 29.5467872 ], [ 79.402698, 29.545079 ], [ 79.4024305, 29.5427516 ], [ 79.4025736, 29.539362 ], [ 79.4016674, 29.5381179 ], [ 79.4008335, 29.5376717 ], [ 79.4001228, 29.5379349 ], [ 79.3992301, 29.5391281 ], [ 79.3986715, 29.5393697 ], [ 79.3964084, 29.5384252 ], [ 79.3961874, 29.5421688 ], [ 79.3969326, 29.5445646 ], [ 79.3984533, 29.547085 ], [ 79.3994618, 29.5481301 ], [ 79.4007001, 29.5488216 ], [ 79.402263, 29.5505113 ], [ 79.4028848, 29.5529287 ], [ 79.4037518, 29.552461 ] ] ] } },
{ "type": "Feature", "properties": { "gp_code": "23597", "gp_name": "DARIMA", "blkname": "BETALGHAT", "dtname": "Nainital", "SHAPE_Area": 327910.00325554796 }, "geometry": { "type": "Polygon", "coordinates": [ [ [ 79.4016078, 29.5497556 ], [ 79.3984533, 29.547085 ], [ 79.3954093, 29.5477605 ], [ 79.398082, 29.5504735 ], [ 79.3955384, 29.5535437 ], [ 79.3974844, 29.5535067 ], [ 79.4024114, 29.5512652 ], [ 79.402263, 29.5505113 ], [ 79.4016078, 29.5497556 ] ] ] } },
{ "type": "Feature", "properties": { "gp_code": "260498", "gp_name": "KORAR", "blkname": "BETALGHAT", "dtname": "Nainital", "SHAPE_Area": 4355310.5566338692 }, "geometry": { "type": "Polygon", "coordinates": [ [ [ 79.410154, 29.5616253 ], [ 79.4118787, 29.5570885 ], [ 79.412361, 29.5566703 ], [ 79.4147628, 29.5566409 ], [ 79.4174372, 29.55436 ], [ 79.4145481, 29.5522126 ], [ 79.4141716, 29.5514579 ], [ 79.4148076, 29.5509284 ], [ 79.4163289, 29.5507345 ], [ 79.4169659, 29.5500057 ], [ 79.4169699, 29.5491637 ], [ 79.4147242, 29.5471393 ], [ 79.4146524, 29.5462528 ], [ 79.4152637, 29.5455903 ], [ 79.4166067, 29.5455952 ], [ 79.4181544, 29.5451576 ], [ 79.4187234, 29.5427003 ], [ 79.4185188, 29.5404395 ], [ 79.4174848, 29.5393944 ], [ 79.4164361, 29.5387925 ], [ 79.4144658, 29.5402144 ], [ 79.4134297, 29.5396124 ], [ 79.4121192, 29.5381453 ], [ 79.4110024, 29.5358701 ], [ 79.4103429, 29.5353747 ], [ 79.4055127, 29.5393951 ], [ 79.4048507, 29.5400574 ], [ 79.4046186, 29.5408763 ], [ 79.4044622, 29.5418063 ], [ 79.4047119, 29.5425606 ], [ 79.4059975, 29.5439391 ], [ 79.4076156, 29.5446761 ], [ 79.4082453, 29.5454761 ], [ 79.4086935, 29.5471173 ], [ 79.4078696, 29.5498396 ], [ 79.4066989, 29.5508988 ], [ 79.4028848, 29.5529287 ], [ 79.401616, 29.5532784 ], [ 79.3972424, 29.5563419 ], [ 79.3916899, 29.5568971 ], [ 79.3907027, 29.5566718 ], [ 79.3901897, 29.5579106 ], [ 79.3902011, 29.5607524 ], [ 79.3945654, 29.5596332 ], [ 79.3969473, 29.5596863 ], [ 79.4008717, 29.5604321 ], [ 79.4037556, 29.5618689 ], [ 79.4093646, 29.5623477 ], [ 79.410154, 29.5616253 ] ] ] } },
{ "type": "Feature", "properties": { "gp_code": "", "gp_name": "", "blkname": "BETALGHAT", "dtname": "Nainital", "SHAPE_Area": 338661.25782541663 }, "geometry": { "type": "Polygon", "coordinates": [ [ [ 79.4059975, 29.5439391 ], [ 79.4049969, 29.5465056 ], [ 79.4037518, 29.552461 ], [ 79.4066989, 29.5508988 ], [ 79.4078696, 29.5498396 ], [ 79.4084084, 29.5484457 ], [ 79.4086935, 29.5471173 ], [ 79.4082453, 29.5454761 ], [ 79.4076156, 29.5446761 ], [ 79.4059975, 29.5439391 ] ] ] } },
{ "type": "Feature", "properties": { "gp_code": "23643", "gp_name": "TALLA GAON", "blkname": "BETALGHAT", "dtname": "Nainital", "SHAPE_Area": 1028167.124885952 }, "geometry": { "type": "Polygon", "coordinates": [ [ [ 79.3972424, 29.5563419 ], [ 79.401616, 29.5532784 ], [ 79.4028848, 29.5529287 ], [ 79.4024114, 29.5512652 ], [ 79.3974844, 29.5535067 ], [ 79.3955384, 29.5535437 ], [ 79.398082, 29.5504735 ], [ 79.3954093, 29.5477605 ], [ 79.3891882, 29.5477813 ], [ 79.388716, 29.5484775 ], [ 79.388249, 29.5506914 ], [ 79.3922176, 29.5526672 ], [ 79.3909376, 29.555299 ], [ 79.3907027, 29.5566718 ], [ 79.3916899, 29.5568971 ], [ 79.3972424, 29.5563419 ] ] ] } },
{ "type": "Feature", "properties": { "gp_code": "23650", "gp_name": "TIWARI GAON", "blkname": "BETALGHAT", "dtname": "Nainital", "SHAPE_Area": 797459.99672463443 }, "geometry": { "type": "Polygon", "coordinates": [ [ [ 79.3907027, 29.5566718 ], [ 79.3909376, 29.555299 ], [ 79.3922176, 29.5526672 ], [ 79.388249, 29.5506914 ], [ 79.3869166, 29.5510851 ], [ 79.3838916, 29.5504532 ], [ 79.3808869, 29.5508184 ], [ 79.3809912, 29.5527575 ], [ 79.3804511, 29.5561659 ], [ 79.3857128, 29.5561876 ], [ 79.3907027, 29.5566718 ] ] ] } },
{ "type": "Feature", "properties": { "gp_code": "23643", "gp_name": "TALLA GAON", "blkname": "BETALGHAT", "dtname": "Nainital", "SHAPE_Area": 526793.17520033557 }, "geometry": { "type": "Polygon", "coordinates": [ [ [ 79.3767394, 29.5566849 ], [ 79.3804511, 29.5561659 ], [ 79.3808089, 29.5537316 ], [ 79.3791366, 29.5537031 ], [ 79.3775361, 29.5544945 ], [ 79.3712255, 29.5546251 ], [ 79.3668631, 29.5553614 ], [ 79.3624268, 29.5556541 ], [ 79.3639923, 29.556757 ], [ 79.3655651, 29.5564419 ], [ 79.3719466, 29.557331 ], [ 79.3750134, 29.5572321 ], [ 79.3767394, 29.5566849 ] ] ] } },
{ "type": "Feature", "properties": { "gp_code": "23645", "gp_name": "TALLI PALI", "blkname": "BETALGHAT", "dtname": "Nainital", "SHAPE_Area": 4213089.5100550409 }, "geometry": { "type": "Polygon", "coordinates": [ [ [ 79.3688928, 29.5548819 ], [ 79.3775361, 29.5544945 ], [ 79.3791366, 29.5537031 ], [ 79.3808089, 29.5537316 ], [ 79.3808869, 29.5508184 ], [ 79.3838916, 29.5504532 ], [ 79.3869166, 29.5510851 ], [ 79.3877281, 29.5509663 ], [ 79.388249, 29.5506914 ], [ 79.3883056, 29.5494951 ], [ 79.3891882, 29.5477813 ], [ 79.3871524, 29.544439 ], [ 79.3835764, 29.545068 ], [ 79.3803246, 29.5467394 ], [ 79.3798458, 29.5462058 ], [ 79.3800314, 29.5445891 ], [ 79.3791256, 29.5433005 ], [ 79.3761035, 29.5421366 ], [ 79.3731425, 29.5414162 ], [ 79.3720626, 29.5420102 ], [ 79.3704993, 29.5454827 ], [ 79.3677671, 29.5446079 ], [ 79.3654998, 29.5451363 ], [ 79.3661689, 29.5431227 ], [ 79.3660985, 29.5420367 ], [ 79.3626875, 29.54014 ], [ 79.3617975, 29.5407568 ], [ 79.3583824, 29.5445764 ], [ 79.3590327, 29.5462075 ], [ 79.3582253, 29.5479768 ], [ 79.3555578, 29.5492734 ], [ 79.3531888, 29.5495298 ], [ 79.3554213, 29.5529548 ], [ 79.3559529, 29.5530582 ], [ 79.3591325, 29.5507666 ], [ 79.3615015, 29.5508203 ], [ 79.3625267, 29.5510404 ], [ 79.363419, 29.5524564 ], [ 79.3638301, 29.5537985 ], [ 79.3659616, 29.553253 ], [ 79.3668631, 29.5553614 ], [ 79.3688928, 29.5548819 ] ] ] } },
{ "type": "Feature", "properties": { "gp_code": "23627", "gp_name": "MALLI PALI", "blkname": "BETALGHAT", "dtname": "Nainital", "SHAPE_Area": 5916932.7810307248 }, "geometry": { "type": "Polygon", "coordinates": [ [ [ 79.3969326, 29.5445646 ], [ 79.3966344, 29.543378 ], [ 79.3945702, 29.5431709 ], [ 79.3915004, 29.5413868 ], [ 79.3899937, 29.5412038 ], [ 79.3887329, 29.5399583 ], [ 79.3881358, 29.5402995 ], [ 79.384848, 29.5390683 ], [ 79.3850131, 29.5364322 ], [ 79.3839959, 29.5321188 ], [ 79.3796695, 29.5258538 ], [ 79.3788501, 29.527579 ], [ 79.3782912, 29.527887 ], [ 79.3760101, 29.5280555 ], [ 79.3751499, 29.5278084 ], [ 79.3744905, 29.5279388 ], [ 79.3740066, 29.5284465 ], [ 79.3730935, 29.5336278 ], [ 79.3657386, 29.5331725 ], [ 79.3643104, 29.535006 ], [ 79.3633709, 29.5353789 ], [ 79.3612065, 29.5325785 ], [ 79.3605994, 29.5323767 ], [ 79.3578309, 29.5336951 ], [ 79.3543631, 29.5340811 ], [ 79.3534299, 29.5371984 ], [ 79.3548435, 29.5380924 ], [ 79.354932, 29.5405523 ], [ 79.355332, 29.5415731 ], [ 79.3583824, 29.5445764 ], [ 79.3617975, 29.5407568 ], [ 79.3626875, 29.54014 ], [ 79.3660985, 29.5420367 ], [ 79.3661689, 29.5431227 ], [ 79.3654998, 29.5451363 ], [ 79.3677671, 29.5446079 ], [ 79.3704993, 29.5454827 ], [ 79.3720626, 29.5420102 ], [ 79.3731425, 29.5414162 ], [ 79.3761035, 29.5421366 ], [ 79.3791256, 29.5433005 ], [ 79.3800314, 29.5445891 ], [ 79.3798458, 29.5462058 ], [ 79.3803246, 29.5467394 ], [ 79.3835764, 29.545068 ], [ 79.3871524, 29.544439 ], [ 79.3891882, 29.5477813 ], [ 79.3954093, 29.5477605 ], [ 79.3984533, 29.547085 ], [ 79.3969326, 29.5445646 ] ] ] } },
{ "type": "Feature", "properties": { "gp_code": "", "gp_name": "", "blkname": "BETALGHAT", "dtname": "Nainital", "SHAPE_Area": 619687.09519080177 }, "geometry": { "type": "Polygon", "coordinates": [ [ [ 79.3964084, 29.5384252 ], [ 79.3952174, 29.5384429 ], [ 79.3884258, 29.5335648 ], [ 79.3887329, 29.5399583 ], [ 79.3899937, 29.5412038 ], [ 79.3915004, 29.5413868 ], [ 79.3945702, 29.5431709 ], [ 79.3966344, 29.543378 ], [ 79.3961874, 29.5421688 ], [ 79.3964084, 29.5384252 ] ] ] } },
{ "type": "Feature", "properties": { "gp_code": "23597", "gp_name": "DARIMA", "blkname": "BETALGHAT", "dtname": "Nainital", "SHAPE_Area": 721293.32145144569 }, "geometry": { "type": "Polygon", "coordinates": [ [ [ 79.3955792, 29.5315983 ], [ 79.3950635, 29.5310972 ], [ 79.3945169, 29.5314607 ], [ 79.3923963, 29.5299128 ], [ 79.3877912, 29.5286878 ], [ 79.3884258, 29.5335648 ], [ 79.3952174, 29.5384429 ], [ 79.3964084, 29.5384252 ], [ 79.3964052, 29.533894 ], [ 79.3955792, 29.5315983 ] ] ] } },
{ "type": "Feature", "properties": { "gp_code": "23630", "gp_name": "ODA WASKOT", "blkname": "BETALGHAT", "dtname": "Nainital", "SHAPE_Area": 1231896.1187314237 }, "geometry": { "type": "Polygon", "coordinates": [ [ [ 79.3950635, 29.5310972 ], [ 79.3948721, 29.528781 ], [ 79.3941585, 29.5270501 ], [ 79.3916758, 29.5244372 ], [ 79.3915922, 29.5234287 ], [ 79.3923502, 29.5212601 ], [ 79.3913147, 29.5180544 ], [ 79.3904464, 29.5168989 ], [ 79.3894018, 29.5180804 ], [ 79.38812, 29.5185741 ], [ 79.3865218, 29.5190333 ], [ 79.3814965, 29.5196069 ], [ 79.3862227, 29.5231424 ], [ 79.3868016, 29.523898 ], [ 79.3864672, 29.524916 ], [ 79.3843117, 29.5278658 ], [ 79.3844869, 29.5282985 ], [ 79.3891329, 29.5289255 ], [ 79.3923963, 29.5299128 ], [ 79.3945169, 29.5314607 ], [ 79.3950635, 29.5310972 ] ] ] } },
{ "type": "Feature", "properties": { "gp_code": "23625", "gp_name": "MALLA GAON", "blkname": "BETALGHAT", "dtname": "Nainital", "SHAPE_Area": 1243712.764623448 }, "geometry": { "type": "Polygon", "coordinates": [ [ [ 79.3887329, 29.5399583 ], [ 79.3884258, 29.5335648 ], [ 79.3877912, 29.5286878 ], [ 79.3849798, 29.5285109 ], [ 79.3843107, 29.5280542 ], [ 79.3864672, 29.524916 ], [ 79.3868016, 29.523898 ], [ 79.3862227, 29.5231424 ], [ 79.3814965, 29.5196069 ], [ 79.3796695, 29.5258538 ], [ 79.3839959, 29.5321188 ], [ 79.3850131, 29.5364322 ], [ 79.384848, 29.5390683 ], [ 79.3881358, 29.5402995 ], [ 79.3887329, 29.5399583 ] ] ] } },
{ "type": "Feature", "properties": { "gp_code": "23641", "gp_name": "SUKHA", "blkname": "BETALGHAT", "dtname": "Nainital", "SHAPE_Area": 556085.15496705694 }, "geometry": { "type": "Polygon", "coordinates": [ [ [ 79.3812803, 29.5096904 ], [ 79.3814137, 29.508317 ], [ 79.3821826, 29.5065473 ], [ 79.3802764, 29.505277 ], [ 79.3794661, 29.5052295 ], [ 79.3750897, 29.5065754 ], [ 79.3733203, 29.5083079 ], [ 79.3730335, 29.5099244 ], [ 79.3733859, 29.5103689 ], [ 79.3741705, 29.510516 ], [ 79.3754067, 29.5090029 ], [ 79.3770792, 29.5088875 ], [ 79.3825623, 29.5141712 ], [ 79.3840526, 29.5150632 ], [ 79.3829876, 29.5127326 ], [ 79.3816784, 29.51111 ], [ 79.3812803, 29.5096904 ] ] ] } },
{ "type": "Feature", "properties": { "gp_code": "23634", "gp_name": "RIKHAULI", "blkname": "BETALGHAT", "dtname": "Nainital", "SHAPE_Area": 1497619.9727399757 }, "geometry": { "type": "Polygon", "coordinates": [ [ [ 79.3792839, 29.5200305 ], [ 79.3865218, 29.5190333 ], [ 79.3894018, 29.5180804 ], [ 79.3904464, 29.5168989 ], [ 79.3897916, 29.5161209 ], [ 79.3899098, 29.5152573 ], [ 79.391374, 29.5137339 ], [ 79.3917846, 29.5126719 ], [ 79.386515, 29.5076662 ], [ 79.3821826, 29.5065473 ], [ 79.3814137, 29.508317 ], [ 79.3812803, 29.5096904 ], [ 79.3816784, 29.51111 ], [ 79.3829876, 29.5127326 ], [ 79.3840526, 29.5150632 ], [ 79.3847836, 29.5157972 ], [ 79.3846793, 29.5163951 ], [ 79.3835639, 29.516546 ], [ 79.3789722, 29.5152764 ], [ 79.3776839, 29.5170662 ], [ 79.3770275, 29.5191132 ], [ 79.3773414, 29.5196573 ], [ 79.3792839, 29.5200305 ] ] ] } },
{ "type": "Feature", "properties": { "gp_code": "23632", "gp_name": "PANGKATARA", "blkname": "BETALGHAT", "dtname": "Nainital", "SHAPE_Area": 1176873.6922633899 }, "geometry": { "type": "Polygon", "coordinates": [ [ [ 79.3961082, 29.5001409 ], [ 79.3955436, 29.4979543 ], [ 79.3931515, 29.4983952 ], [ 79.3903106, 29.4978023 ], [ 79.3889176, 29.4980616 ], [ 79.3883995, 29.4988271 ], [ 79.3877889, 29.5023586 ], [ 79.3888662, 29.504778 ], [ 79.3895713, 29.5056227 ], [ 79.3928624, 29.5059896 ], [ 79.3941511, 29.5066593 ], [ 79.3958211, 29.50702 ], [ 79.3969866, 29.5069801 ], [ 79.3980534, 29.5063858 ], [ 79.3999177, 29.5032684 ], [ 79.4002549, 29.5016522 ], [ 79.3998023, 29.5009635 ], [ 79.3968533, 29.5005648 ], [ 79.3961082, 29.5001409 ] ] ] } },
{ "type": "Feature", "properties": { "gp_code": "23620", "gp_name": "KHALAD", "blkname": "BETALGHAT", "dtname": "Nainital", "SHAPE_Area": 1039686.6649764383 }, "geometry": { "type": "Polygon", "coordinates": [ [ [ 79.4102082, 29.5079209 ], [ 79.4068759, 29.5055156 ], [ 79.4058874, 29.5056448 ], [ 79.404717, 29.5067263 ], [ 79.4052609, 29.5114757 ], [ 79.4058628, 29.5127409 ], [ 79.4074503, 29.5144973 ], [ 79.4137578, 29.5172235 ], [ 79.4141424, 29.5162722 ], [ 79.4143561, 29.5139464 ], [ 79.4153549, 29.5116677 ], [ 79.4128873, 29.5091716 ], [ 79.4102082, 29.5079209 ] ] ] } },
{ "type": "Feature", "properties": { "gp_code": "23613", "gp_name": "JAINAULI", "blkname": "BETALGHAT", "dtname": "Nainital", "SHAPE_Area": 1653071.8750839985 }, "geometry": { "type": "Polygon", "coordinates": [ [ [ 79.40378, 29.5066785 ], [ 79.4016337, 29.5052524 ], [ 79.3999566, 29.506332 ], [ 79.3988068, 29.5083662 ], [ 79.3967202, 29.5103083 ], [ 79.3969347, 29.5130568 ], [ 79.3988767, 29.5148145 ], [ 79.3994037, 29.5158357 ], [ 79.4004628, 29.5168368 ], [ 79.4036131, 29.5176129 ], [ 79.4040666, 29.5181242 ], [ 79.4103985, 29.5204242 ], [ 79.4117965, 29.5194765 ], [ 79.4155533, 29.5178948 ], [ 79.4114188, 29.5163287 ], [ 79.4067942, 29.5139631 ], [ 79.4052609, 29.5114757 ], [ 79.404717, 29.5067263 ], [ 79.40378, 29.5066785 ] ] ] } },
{ "type": "Feature", "properties": { "gp_code": "23621", "gp_name": "KHEARLIBUNGA", "blkname": "BETALGHAT", "dtname": "Nainital", "SHAPE_Area": 2350173.8354920475 }, "geometry": { "type": "Polygon", "coordinates": [ [ [ 79.4001228, 29.5379349 ], [ 79.4008335, 29.5376717 ], [ 79.4016674, 29.5381179 ], [ 79.4025736, 29.539362 ], [ 79.4036987, 29.5372392 ], [ 79.4045631, 29.536622 ], [ 79.4014846, 29.5340348 ], [ 79.4036026, 29.533533 ], [ 79.4046952, 29.5328945 ], [ 79.4044598, 29.5317969 ], [ 79.4055487, 29.5312581 ], [ 79.4026062, 29.52152 ], [ 79.4016391, 29.5197992 ], [ 79.394426, 29.5216113 ], [ 79.3932225, 29.521629 ], [ 79.3923502, 29.5212601 ], [ 79.3915922, 29.5234287 ], [ 79.3916758, 29.5244372 ], [ 79.3941585, 29.5270501 ], [ 79.3948721, 29.528781 ], [ 79.3950635, 29.5310972 ], [ 79.3955792, 29.5315983 ], [ 79.3964052, 29.533894 ], [ 79.3964084, 29.5384252 ], [ 79.3986715, 29.5393697 ], [ 79.3992301, 29.5391281 ], [ 79.4001228, 29.5379349 ] ] ] } },
{ "type": "Feature", "properties": { "gp_code": "260023", "gp_name": "Songaon", "blkname": "BETALGHAT", "dtname": "Nainital", "SHAPE_Area": 2233904.1108539011 }, "geometry": { "type": "Polygon", "coordinates": [ [ [ 79.4140729, 29.5342362 ], [ 79.4182587, 29.531105 ], [ 79.4165845, 29.5281853 ], [ 79.4155641, 29.5243261 ], [ 79.414582, 29.5230596 ], [ 79.412411, 29.5214342 ], [ 79.4103985, 29.5204242 ], [ 79.4040666, 29.5181242 ], [ 79.4040369, 29.5190436 ], [ 79.4037441, 29.5193528 ], [ 79.4016391, 29.5197992 ], [ 79.4026062, 29.52152 ], [ 79.4055487, 29.5312581 ], [ 79.4079849, 29.530425 ], [ 79.4087196, 29.5304499 ], [ 79.4095606, 29.5347293 ], [ 79.4103429, 29.5353747 ], [ 79.4120422, 29.5350042 ], [ 79.4140729, 29.5342362 ] ] ] } },
{ "type": "Feature", "properties": { "gp_code": "23587", "gp_name": "BASGOAN", "blkname": "BETALGHAT", "dtname": "Nainital", "SHAPE_Area": 1726718.121095906 }, "geometry": { "type": "Polygon", "coordinates": [ [ [ 79.4250098, 29.5277067 ], [ 79.4264214, 29.5267471 ], [ 79.4280795, 29.5243156 ], [ 79.4296164, 29.5227424 ], [ 79.4265325, 29.521269 ], [ 79.4237973, 29.5210488 ], [ 79.4226871, 29.5201031 ], [ 79.4155533, 29.5178948 ], [ 79.4117965, 29.5194765 ], [ 79.4103985, 29.5204242 ], [ 79.412411, 29.5214342 ], [ 79.414582, 29.5230596 ], [ 79.4155641, 29.5243261 ], [ 79.4165845, 29.5281853 ], [ 79.4182587, 29.531105 ], [ 79.4203782, 29.5296059 ], [ 79.4250098, 29.5277067 ] ] ] } },
{ "type": "Feature", "properties": { "gp_code": "23624", "gp_name": "MALLA BARDHO", "blkname": "BETALGHAT", "dtname": "Nainital", "SHAPE_Area": 2189568.5811227574 }, "geometry": { "type": "Polygon", "coordinates": [ [ [ 79.4295748, 29.5358482 ], [ 79.4308563, 29.5354207 ], [ 79.4335108, 29.5353303 ], [ 79.4342426, 29.5345796 ], [ 79.4344178, 29.5336718 ], [ 79.4342379, 29.5328402 ], [ 79.4334001, 29.5318513 ], [ 79.4341678, 29.5288074 ], [ 79.4342, 29.5238497 ], [ 79.4322365, 29.523865 ], [ 79.4298864, 29.5225495 ], [ 79.4280795, 29.5243156 ], [ 79.4264214, 29.5267471 ], [ 79.4253536, 29.5275631 ], [ 79.4203782, 29.5296059 ], [ 79.4165385, 29.5325611 ], [ 79.4178416, 29.5335906 ], [ 79.4195516, 29.5336411 ], [ 79.4206279, 29.5364478 ], [ 79.4212599, 29.5367604 ], [ 79.4218848, 29.5358652 ], [ 79.4223156, 29.5358445 ], [ 79.4242953, 29.5378457 ], [ 79.4266437, 29.536846 ], [ 79.4295094, 29.5362912 ], [ 79.4295748, 29.5358482 ] ] ] } },
{ "type": "Feature", "properties": { "gp_code": "23639", "gp_name": "SIMALKHA", "blkname": "BETALGHAT", "dtname": "Nainital", "SHAPE_Area": 2635019.2482898175 }, "geometry": { "type": "Polygon", "coordinates": [ [ [ 79.427294, 29.5154885 ], [ 79.4337535, 29.5107419 ], [ 79.4275892, 29.5071305 ], [ 79.4236941, 29.5058757 ], [ 79.4215082, 29.504771 ], [ 79.418809, 29.5050716 ], [ 79.4177497, 29.506785 ], [ 79.4170229, 29.5104828 ], [ 79.4157002, 29.5116192 ], [ 79.4151945, 29.5114289 ], [ 79.4153534, 29.511978 ], [ 79.4143561, 29.5139464 ], [ 79.4141424, 29.5162722 ], [ 79.4137578, 29.5172235 ], [ 79.4226871, 29.5201031 ], [ 79.4237973, 29.5210488 ], [ 79.4265325, 29.521269 ], [ 79.4262439, 29.5179443 ], [ 79.427294, 29.5154885 ] ] ] } },
{ "type": "Feature", "properties": { "gp_code": "23611", "gp_name": "HAROLI", "blkname": "BETALGHAT", "dtname": "Nainital", "SHAPE_Area": 2676566.5287904805 }, "geometry": { "type": "Polygon", "coordinates": [ [ [ 79.4396382, 29.5000019 ], [ 79.4360942, 29.4967603 ], [ 79.4346963, 29.4977676 ], [ 79.4333292, 29.4982342 ], [ 79.4258936, 29.4989964 ], [ 79.4243582, 29.4999412 ], [ 79.4216795, 29.5033424 ], [ 79.4215082, 29.504771 ], [ 79.4236941, 29.5058757 ], [ 79.4275892, 29.5071305 ], [ 79.4375934, 29.5130597 ], [ 79.441681, 29.5054515 ], [ 79.4396382, 29.5000019 ] ] ] } },
{ "type": "Feature", "properties": { "gp_code": "23619", "gp_name": "KHAIRENI", "blkname": "BETALGHAT", "dtname": "Nainital", "SHAPE_Area": 5059644.6396492412 }, "geometry": { "type": "Polygon", "coordinates": [ [ [ 79.4433116, 29.5246723 ], [ 79.4441036, 29.5233006 ], [ 79.4498859, 29.5188152 ], [ 79.4507029, 29.5166847 ], [ 79.4502248, 29.5152083 ], [ 79.4503151, 29.5119957 ], [ 79.4497892, 29.5106423 ], [ 79.4488305, 29.5097527 ], [ 79.4449848, 29.5086981 ], [ 79.4449702, 29.506327 ], [ 79.441681, 29.5054515 ], [ 79.4375934, 29.5130597 ], [ 79.4326674, 29.5183271 ], [ 79.4298864, 29.5225495 ], [ 79.4322365, 29.523865 ], [ 79.4339474, 29.5236827 ], [ 79.4342481, 29.524426 ], [ 79.4340615, 29.5298706 ], [ 79.4334001, 29.5318513 ], [ 79.4344068, 29.5333061 ], [ 79.4342426, 29.5345796 ], [ 79.4335108, 29.5353303 ], [ 79.4308563, 29.5354207 ], [ 79.4295748, 29.5358482 ], [ 79.4295094, 29.5362912 ], [ 79.429875, 29.5366692 ], [ 79.4312023, 29.5373053 ], [ 79.4313401, 29.5376382 ], [ 79.4306894, 29.5386329 ], [ 79.4309132, 29.5395643 ], [ 79.4327373, 29.539615 ], [ 79.4338327, 29.5402353 ], [ 79.4344475, 29.5394548 ], [ 79.4389271, 29.5384588 ], [ 79.4416577, 29.5332187 ], [ 79.4433116, 29.5246723 ] ] ] } },
{ "type": "Feature", "properties": { "gp_code": "", "gp_name": "", "blkname": "BETALGHAT", "dtname": "Nainital", "SHAPE_Area": 939632.32842003508 }, "geometry": { "type": "Polygon", "coordinates": [ [ [ 79.4296164, 29.5227424 ], [ 79.4326674, 29.5183271 ], [ 79.4375934, 29.5130597 ], [ 79.4337535, 29.5107419 ], [ 79.4283114, 29.5146059 ], [ 79.427294, 29.5154885 ], [ 79.4265273, 29.5169261 ], [ 79.4262439, 29.5179443 ], [ 79.4265325, 29.521269 ], [ 79.4296164, 29.5227424 ] ] ] } },
{ "type": "Feature", "properties": { "gp_code": "23599", "gp_name": "DHARI", "blkname": "BETALGHAT", "dtname": "Nainital", "SHAPE_Area": 2165375.7725643539 }, "geometry": { "type": "Polygon", "coordinates": [ [ [ 79.4603907, 29.5173426 ], [ 79.4635174, 29.5160359 ], [ 79.4647893, 29.5146656 ], [ 79.4664824, 29.5117695 ], [ 79.4669476, 29.5101866 ], [ 79.4660331, 29.5092345 ], [ 79.4643145, 29.5083203 ], [ 79.4616836, 29.5074916 ], [ 79.4576298, 29.5076775 ], [ 79.4529985, 29.5066869 ], [ 79.4521337, 29.5075038 ], [ 79.4517731, 29.508832 ], [ 79.4513661, 29.5092074 ], [ 79.4508091, 29.5091612 ], [ 79.4449702, 29.506327 ], [ 79.4449848, 29.5086981 ], [ 79.4488305, 29.5097527 ], [ 79.4497892, 29.5106423 ], [ 79.4503151, 29.5119957 ], [ 79.4502248, 29.5152083 ], [ 79.4507029, 29.5166847 ], [ 79.4513427, 29.5163862 ], [ 79.4576184, 29.5174288 ], [ 79.4603907, 29.5173426 ] ] ] } },
{ "type": "Feature", "properties": { "gp_code": "23592", "gp_name": "BYASI", "blkname": "BETALGHAT", "dtname": "Nainital", "SHAPE_Area": 730750.30177069444 }, "geometry": { "type": "Polygon", "coordinates": [ [ [ 79.460593, 29.5020149 ], [ 79.4618872, 29.5014653 ], [ 79.463584, 29.5015374 ], [ 79.4640413, 29.5012508 ], [ 79.4651438, 29.4995863 ], [ 79.4647555, 29.498637 ], [ 79.4611338, 29.4978515 ], [ 79.4598057, 29.4982724 ], [ 79.4568059, 29.4967927 ], [ 79.4568008, 29.497953 ], [ 79.4554283, 29.4984124 ], [ 79.4552083, 29.4992083 ], [ 79.456414, 29.5018901 ], [ 79.4555806, 29.5070723 ], [ 79.4576298, 29.5076775 ], [ 79.460593, 29.5020149 ] ] ] } },
{ "type": "Feature", "properties": { "gp_code": "23623", "gp_name": "MAJHEDA", "blkname": "BETALGHAT", "dtname": "Nainital", "SHAPE_Area": 3964102.6855294057 }, "geometry": { "type": "Polygon", "coordinates": [ [ [ 79.4731868, 29.5107798 ], [ 79.4754189, 29.5093745 ], [ 79.4802742, 29.5043408 ], [ 79.4806621, 29.5029198 ], [ 79.4802111, 29.5006443 ], [ 79.4792063, 29.4999993 ], [ 79.4789008, 29.4990701 ], [ 79.477051, 29.4974011 ], [ 79.4773675, 29.4957391 ], [ 79.4779893, 29.4950449 ], [ 79.4779555, 29.4926083 ], [ 79.4777365, 29.4921435 ], [ 79.4761912, 29.4916744 ], [ 79.4732299, 29.49151 ], [ 79.4692941, 29.4918452 ], [ 79.4679697, 29.4914154 ], [ 79.4673044, 29.491916 ], [ 79.4663325, 29.4917968 ], [ 79.4657998, 29.4922978 ], [ 79.4662827, 29.4930729 ], [ 79.466101, 29.4941939 ], [ 79.465258, 29.4948872 ], [ 79.4646723, 29.4974378 ], [ 79.4645807, 29.4981723 ], [ 79.4651438, 29.4995863 ], [ 79.4649333, 29.4999908 ], [ 79.463584, 29.5015374 ], [ 79.4618872, 29.5014653 ], [ 79.460593, 29.5020149 ], [ 79.4576298, 29.5076775 ], [ 79.4616836, 29.5074916 ], [ 79.4643145, 29.5083203 ], [ 79.4660331, 29.5092345 ], [ 79.4669475, 29.5101866 ], [ 79.4704403, 29.5099882 ], [ 79.4719453, 29.5101839 ], [ 79.4731868, 29.5107798 ] ] ] } },
{ "type": "Feature", "properties": { "gp_code": "", "gp_name": "", "blkname": "BETALGHAT", "dtname": "Nainital", "SHAPE_Area": 1731126.5394795618 }, "geometry": { "type": "Polygon", "coordinates": [ [ [ 79.5264666, 29.5054143 ], [ 79.5253441, 29.5051371 ], [ 79.5244438, 29.5044883 ], [ 79.5210011, 29.4991695 ], [ 79.5190376, 29.5004183 ], [ 79.5179857, 29.5004043 ], [ 79.5173016, 29.4999704 ], [ 79.5134898, 29.5005334 ], [ 79.511247, 29.5015588 ], [ 79.5087912, 29.5039696 ], [ 79.5108053, 29.5054418 ], [ 79.5166212, 29.511981 ], [ 79.5206646, 29.5098323 ], [ 79.5264666, 29.5054143 ] ] ] } },
{ "type": "Feature", "properties": { "gp_code": "23942", "gp_name": "GANGARKOT", "blkname": "BETALGHAT", "dtname": "Nainital", "SHAPE_Area": 1891665.1936548254 }, "geometry": { "type": "Polygon", "coordinates": [ [ [ 79.5352743, 29.5006578 ], [ 79.5325817, 29.5009084 ], [ 79.5301488, 29.5019495 ], [ 79.5280753, 29.5034738 ], [ 79.5253226, 29.5064578 ], [ 79.5223117, 29.5083441 ], [ 79.5206646, 29.5098323 ], [ 79.5166212, 29.511981 ], [ 79.5178919, 29.5137292 ], [ 79.5277463, 29.5121503 ], [ 79.5358617, 29.5102788 ], [ 79.5363899, 29.5094907 ], [ 79.5363965, 29.5077535 ], [ 79.5368293, 29.5061252 ], [ 79.5363572, 29.5050686 ], [ 79.536286, 29.5013509 ], [ 79.5352743, 29.5006578 ] ] ] } },
{ "type": "Feature", "properties": { "gp_code": "23934", "gp_name": "CHIURI", "blkname": "RAMGARH", "dtname": "Nainital", "SHAPE_Area": 2677847.3187031816 }, "geometry": { "type": "Polygon", "coordinates": [ [ [ 79.5508578, 29.5209095 ], [ 79.5483771, 29.5169688 ], [ 79.5476637, 29.5145405 ], [ 79.547962, 29.5137804 ], [ 79.5462774, 29.5118196 ], [ 79.5428249, 29.5048214 ], [ 79.5409049, 29.5047299 ], [ 79.5379044, 29.5061355 ], [ 79.5374118, 29.50617 ], [ 79.5366998, 29.5056582 ], [ 79.5363899, 29.5094907 ], [ 79.5358617, 29.5102788 ], [ 79.536645, 29.511487 ], [ 79.5365433, 29.5123769 ], [ 79.5345518, 29.5163435 ], [ 79.5406769, 29.5174351 ], [ 79.5431509, 29.5187055 ], [ 79.5431786, 29.5200982 ], [ 79.5405832, 29.524577 ], [ 79.5448046, 29.5265274 ], [ 79.5489694, 29.5255701 ], [ 79.5498942, 29.5250795 ], [ 79.5508578, 29.5209095 ] ] ] } },
{ "type": "Feature", "properties": { "gp_code": "23948", "gp_name": "JAURASI", "blkname": "RAMGARH", "dtname": "Nainital", "SHAPE_Area": 3093397.6931622415 }, "geometry": { "type": "Polygon", "coordinates": [ [ [ 79.5387887, 29.525308 ], [ 79.5393922, 29.5252343 ], [ 79.5396181, 29.5247209 ], [ 79.5405832, 29.524577 ], [ 79.5431786, 29.5200982 ], [ 79.5433302, 29.5190506 ], [ 79.5431509, 29.5187055 ], [ 79.5406769, 29.5174351 ], [ 79.5345518, 29.5163435 ], [ 79.5365433, 29.5123769 ], [ 79.536645, 29.511487 ], [ 79.5358617, 29.5102788 ], [ 79.5277463, 29.5121503 ], [ 79.5178919, 29.5137292 ], [ 79.5212192, 29.519166 ], [ 79.5248255, 29.5197449 ], [ 79.5290551, 29.5218737 ], [ 79.5301871, 29.522035 ], [ 79.5315837, 29.5216945 ], [ 79.5323313, 29.5225123 ], [ 79.5310816, 29.5256529 ], [ 79.5310807, 29.5266119 ], [ 79.5314401, 29.5270778 ], [ 79.534206, 29.5273405 ], [ 79.5364155, 29.5267117 ], [ 79.5387887, 29.525308 ] ] ] } },
{ "type": "Feature", "properties": { "gp_code": "", "gp_name": "", "blkname": "RAMGARH", "dtname": "Nainital", "SHAPE_Area": 884112.90922190936 }, "geometry": { "type": "Polygon", "coordinates": [ [ [ 79.536164, 29.5324608 ], [ 79.5360024, 29.5317999 ], [ 79.5351034, 29.5307493 ], [ 79.534206, 29.5273405 ], [ 79.5314401, 29.5270778 ], [ 79.5310807, 29.5266119 ], [ 79.5295202, 29.5268712 ], [ 79.5278621, 29.5277772 ], [ 79.5245186, 29.5280561 ], [ 79.5258302, 29.5345124 ], [ 79.5272834, 29.5344201 ], [ 79.5291163, 29.5338042 ], [ 79.530554, 29.5337928 ], [ 79.5343907, 29.5325561 ], [ 79.536164, 29.5324608 ] ] ] } },
{ "type": "Feature", "properties": { "gp_code": "23960", "gp_name": "MANARSA", "blkname": "RAMGARH", "dtname": "Nainital", "SHAPE_Area": 811088.78562384227 }, "geometry": { "type": "Polygon", "coordinates": [ [ [ 79.5245345, 29.5281346 ], [ 79.5278621, 29.5277772 ], [ 79.5295202, 29.5268712 ], [ 79.5310807, 29.5266119 ], [ 79.5310816, 29.5256529 ], [ 79.5323313, 29.5225123 ], [ 79.5315837, 29.5216945 ], [ 79.5301871, 29.522035 ], [ 79.5290551, 29.5218737 ], [ 79.5248255, 29.5197449 ], [ 79.5212192, 29.519166 ], [ 79.5233675, 29.5239387 ], [ 79.5245345, 29.5281346 ] ] ] } },
{ "type": "Feature", "properties": { "gp_code": "23960", "gp_name": "MANARSA", "blkname": "RAMGARH", "dtname": "Nainital", "SHAPE_Area": 4104900.3702079039 }, "geometry": { "type": "Polygon", "coordinates": [ [ [ 79.5339081, 29.5459489 ], [ 79.5348959, 29.5455106 ], [ 79.5365692, 29.5457336 ], [ 79.5409908, 29.5433926 ], [ 79.5416513, 29.5423608 ], [ 79.5418551, 29.5405525 ], [ 79.5413224, 29.5359067 ], [ 79.5445005, 29.5332885 ], [ 79.5476556, 29.532436 ], [ 79.5481561, 29.5302552 ], [ 79.5474997, 29.53014 ], [ 79.5460018, 29.5277686 ], [ 79.5437236, 29.525864 ], [ 79.5405832, 29.524577 ], [ 79.5396181, 29.5247209 ], [ 79.5393922, 29.5252343 ], [ 79.5390026, 29.525183 ], [ 79.5364155, 29.5267117 ], [ 79.534206, 29.5273405 ], [ 79.5351034, 29.5307493 ], [ 79.5360024, 29.5317999 ], [ 79.536164, 29.5324608 ], [ 79.5343907, 29.5325561 ], [ 79.530554, 29.5337928 ], [ 79.5291163, 29.5338042 ], [ 79.5272834, 29.5344201 ], [ 79.5258302, 29.5345124 ], [ 79.5264943, 29.5400594 ], [ 79.5267935, 29.5476691 ], [ 79.5273886, 29.5490927 ], [ 79.530085, 29.5488308 ], [ 79.5339081, 29.5459489 ] ] ] } },
{ "type": "Feature", "properties": { "gp_code": "23955", "gp_name": "KWARAB", "blkname": "RAMGARH", "dtname": "Nainital", "SHAPE_Area": 161633.16448324631 }, "geometry": { "type": "Polygon", "coordinates": [ [ [ 79.6033938, 29.540615 ], [ 79.6004407, 29.5399617 ], [ 79.5987408, 29.5389548 ], [ 79.5957497, 29.5386292 ], [ 79.5967791, 29.5401392 ], [ 79.5983515, 29.5412342 ], [ 79.5993616, 29.5415222 ], [ 79.603474, 29.5411715 ], [ 79.6033938, 29.540615 ] ] ] } },
{ "type": "Feature", "properties": { "gp_code": "23954", "gp_name": "KOOL", "blkname": "RAMGARH", "dtname": "Nainital", "SHAPE_Area": 360803.65146976861 }, "geometry": { "type": "Polygon", "coordinates": [ [ [ 79.6008971, 29.5359001 ], [ 79.5978561, 29.5359682 ], [ 79.5963792, 29.5369633 ], [ 79.5957497, 29.5386292 ], [ 79.5987408, 29.5389548 ], [ 79.6004407, 29.5399617 ], [ 79.6024745, 29.5405447 ], [ 79.6030824, 29.5404276 ], [ 79.6039681, 29.5386926 ], [ 79.60343, 29.5378201 ], [ 79.6039663, 29.537415 ], [ 79.6021928, 29.5362909 ], [ 79.6008971, 29.5359001 ] ] ] } },
{ "type": "Feature", "properties": { "gp_code": "23935", "gp_name": "CHOPRA", "blkname": "RAMGARH", "dtname": "Nainital", "SHAPE_Area": 560174.14950647985 }, "geometry": { "type": "Polygon", "coordinates": [ [ [ 79.5881303, 29.5367616 ], [ 79.5902163, 29.5351698 ], [ 79.5917617, 29.5344846 ], [ 79.5920368, 29.5340335 ], [ 79.5922817, 29.5311409 ], [ 79.5907417, 29.5281679 ], [ 79.590964, 29.5275053 ], [ 79.590339, 29.5278914 ], [ 79.5904029, 29.5284084 ], [ 79.5896784, 29.5290669 ], [ 79.5882646, 29.529695 ], [ 79.5863571, 29.5296746 ], [ 79.5864891, 29.5304514 ], [ 79.5852944, 29.5342528 ], [ 79.5859836, 29.5356793 ], [ 79.5875848, 29.536247 ], [ 79.5881303, 29.5367616 ] ] ] } },
{ "type": "Feature", "properties": { "gp_code": "23973", "gp_name": "SIRSA", "blkname": "RAMGARH", "dtname": "Nainital", "SHAPE_Area": 6993263.0257400097 }, "geometry": { "type": "Polygon", "coordinates": [ [ [ 79.5881303, 29.5367616 ], [ 79.5875848, 29.536247 ], [ 79.5859836, 29.5356793 ], [ 79.5852944, 29.5342528 ], [ 79.5864891, 29.5304514 ], [ 79.5863571, 29.5296746 ], [ 79.5882646, 29.529695 ], [ 79.5896784, 29.5290669 ], [ 79.5904029, 29.5284084 ], [ 79.590339, 29.5278914 ], [ 79.590964, 29.5275053 ], [ 79.5907417, 29.5281679 ], [ 79.5922817, 29.5311409 ], [ 79.5920368, 29.5340335 ], [ 79.5917617, 29.5344846 ], [ 79.5902163, 29.5351698 ], [ 79.5881303, 29.5367616 ], [ 79.5903621, 29.5394313 ], [ 79.5918225, 29.5396844 ], [ 79.5928313, 29.540642 ], [ 79.5938982, 29.5410154 ], [ 79.5941251, 29.5409078 ], [ 79.593618, 29.539862 ], [ 79.5938684, 29.5390911 ], [ 79.5947811, 29.5386483 ], [ 79.5957497, 29.5386292 ], [ 79.5963792, 29.5369633 ], [ 79.5978561, 29.5359682 ], [ 79.6008971, 29.5359001 ], [ 79.6021928, 29.5362909 ], [ 79.6039663, 29.537415 ], [ 79.6051997, 29.5367576 ], [ 79.6062656, 29.5350423 ], [ 79.6060925, 29.5337622 ], [ 79.6067207, 29.5334163 ], [ 79.6071844, 29.5321828 ], [ 79.6063444, 29.5296154 ], [ 79.6065798, 29.5287143 ], [ 79.6061712, 29.5281247 ], [ 79.6041441, 29.5280695 ], [ 79.6009069, 29.5265397 ], [ 79.5963954, 29.5256958 ], [ 79.5959987, 29.5265131 ], [ 79.59429, 29.5269826 ], [ 79.5911662, 29.527135 ], [ 79.5909136, 29.5253949 ], [ 79.5904829, 29.5245845 ], [ 79.5892362, 29.5237811 ], [ 79.5878348, 29.5232048 ], [ 79.5844884, 29.5225358 ], [ 79.5825709, 29.5215976 ], [ 79.5809423, 29.5222961 ], [ 79.5786371, 29.5247458 ], [ 79.5759254, 29.5251091 ], [ 79.574943, 29.5249372 ], [ 79.574759, 29.5254468 ], [ 79.5739876, 29.5258678 ], [ 79.5733445, 29.5288335 ], [ 79.5727517, 29.5295052 ], [ 79.5708661, 29.5293479 ], [ 79.5700016, 29.5288963 ], [ 79.5686714, 29.5331647 ], [ 79.5696653, 29.5348905 ], [ 79.5691107, 29.5356891 ], [ 79.5680397, 29.539837 ], [ 79.5718382, 29.5396116 ], [ 79.574092, 29.5400805 ], [ 79.5770762, 29.5431629 ], [ 79.5819879, 29.5441178 ], [ 79.5840472, 29.5450526 ], [ 79.5853982, 29.5436636 ], [ 79.5875303, 29.5392376 ], [ 79.5881303, 29.5367616 ] ] ] } },
{ "type": "Feature", "properties": { "gp_code": "23935", "gp_name": "CHOPRA", "blkname": "RAMGARH", "dtname": "Nainital", "SHAPE_Area": 2415622.938230528 }, "geometry": { "type": "Polygon", "coordinates": [ [ [ 79.5881303, 29.5367616 ], [ 79.5875303, 29.5392376 ], [ 79.5853982, 29.5436636 ], [ 79.5840472, 29.5450526 ], [ 79.5848612, 29.5467351 ], [ 79.5868972, 29.5488966 ], [ 79.5897168, 29.5502245 ], [ 79.5914015, 29.55034 ], [ 79.593419, 29.5495991 ], [ 79.5955937, 29.5496664 ], [ 79.5976703, 29.5502346 ], [ 79.5992882, 29.5515069 ], [ 79.6000057, 29.5488004 ], [ 79.6010559, 29.5481483 ], [ 79.6024218, 29.5480311 ], [ 79.6031789, 29.5474301 ], [ 79.6035604, 29.5462179 ], [ 79.6025825, 29.5440119 ], [ 79.6026329, 29.5436387 ], [ 79.6040976, 29.5425512 ], [ 79.6038872, 29.5416176 ], [ 79.603474, 29.5411715 ], [ 79.5993616, 29.5415222 ], [ 79.5983515, 29.5412342 ], [ 79.5967791, 29.5401392 ], [ 79.5957497, 29.5386292 ], [ 79.5947811, 29.5386483 ], [ 79.5938684, 29.5390911 ], [ 79.593618, 29.539862 ], [ 79.5941251, 29.5409078 ], [ 79.5938982, 29.5410154 ], [ 79.5928313, 29.540642 ], [ 79.5918225, 29.5396844 ], [ 79.5903621, 29.5394313 ], [ 79.5881303, 29.5367616 ] ] ] } },
{ "type": "Feature", "properties": { "gp_code": "260486", "gp_name": "GANGORI", "blkname": "RAMGARH", "dtname": "Nainital", "SHAPE_Area": 649637.73531783873 }, "geometry": { "type": "Polygon", "coordinates": [ [ [ 79.5498998, 29.5509974 ], [ 79.5476512, 29.5492973 ], [ 79.5446463, 29.546338 ], [ 79.541117, 29.5447998 ], [ 79.5402667, 29.5438498 ], [ 79.5365692, 29.5457336 ], [ 79.5374057, 29.5475948 ], [ 79.5388223, 29.5492257 ], [ 79.5406835, 29.5504689 ], [ 79.5425594, 29.5509303 ], [ 79.5444983, 29.5507582 ], [ 79.5470388, 29.5498083 ], [ 79.5498998, 29.5509974 ] ] ] } },
{ "type": "Feature", "properties": { "gp_code": "23942", "gp_name": "GANGARKOT", "blkname": "RAMGARH", "dtname": "Nainital", "SHAPE_Area": 2811117.2281846409 }, "geometry": { "type": "Polygon", "coordinates": [ [ [ 79.5519121, 29.5373068 ], [ 79.5524376, 29.535073 ], [ 79.5589965, 29.534952 ], [ 79.5596656, 29.5293438 ], [ 79.5583854, 29.5291099 ], [ 79.5567953, 29.5295973 ], [ 79.5551381, 29.5290543 ], [ 79.5538305, 29.5292971 ], [ 79.5520842, 29.5306861 ], [ 79.5481561, 29.5302552 ], [ 79.5476556, 29.532436 ], [ 79.5445005, 29.5332885 ], [ 79.5413224, 29.5359067 ], [ 79.5418551, 29.5405525 ], [ 79.5416513, 29.5423608 ], [ 79.5409908, 29.5433926 ], [ 79.5402667, 29.5438498 ], [ 79.541117, 29.5447998 ], [ 79.5446463, 29.546338 ], [ 79.5476512, 29.5492973 ], [ 79.5498998, 29.5509974 ], [ 79.5512602, 29.5507071 ], [ 79.5520342, 29.5474935 ], [ 79.5512823, 29.5452124 ], [ 79.5498449, 29.5431986 ], [ 79.5493597, 29.5419018 ], [ 79.5504786, 29.5404727 ], [ 79.5522403, 29.5396808 ], [ 79.5519121, 29.5373068 ] ] ] } },
{ "type": "Feature", "properties": { "gp_code": "23977", "gp_name": "SUYALBARI", "blkname": "RAMGARH", "dtname": "Nainital", "SHAPE_Area": 1329242.0040152031 }, "geometry": { "type": "Polygon", "coordinates": [ [ [ 79.5659258, 29.5397491 ], [ 79.5680397, 29.539837 ], [ 79.5691107, 29.5356891 ], [ 79.5696653, 29.5348905 ], [ 79.5686714, 29.5331647 ], [ 79.5663144, 29.5325806 ], [ 79.5628939, 29.5342224 ], [ 79.5600841, 29.534955 ], [ 79.5524376, 29.535073 ], [ 79.5519121, 29.5373068 ], [ 79.5522403, 29.5396808 ], [ 79.5576732, 29.5394589 ], [ 79.5615297, 29.5405056 ], [ 79.5632517, 29.5404563 ], [ 79.5659258, 29.5397491 ] ] ] } },
{ "type": "Feature", "properties": { "gp_code": "23951", "gp_name": "KAMOLI", "blkname": "RAMGARH", "dtname": "Nainital", "SHAPE_Area": 1469509.3574283521 }, "geometry": { "type": "Polygon", "coordinates": [ [ [ 79.5628939, 29.5342224 ], [ 79.5663144, 29.5325806 ], [ 79.5686714, 29.5331647 ], [ 79.570405, 29.52705 ], [ 79.5712948, 29.5260473 ], [ 79.5713634, 29.5252005 ], [ 79.5722211, 29.5235751 ], [ 79.5717719, 29.5210309 ], [ 79.5691954, 29.5208733 ], [ 79.5683759, 29.5204979 ], [ 79.5656983, 29.521984 ], [ 79.5640045, 29.5219146 ], [ 79.5653603, 29.5238349 ], [ 79.5655129, 29.5248463 ], [ 79.565272, 29.525317 ], [ 79.5645325, 29.5258067 ], [ 79.5641797, 29.5269062 ], [ 79.5611616, 29.5280449 ], [ 79.5604653, 29.5293345 ], [ 79.5596656, 29.5293438 ], [ 79.5589965, 29.534952 ], [ 79.5600841, 29.534955 ], [ 79.5628939, 29.5342224 ] ] ] } },
{ "type": "Feature", "properties": { "gp_code": "23927", "gp_name": "BASGAON", "blkname": "RAMGARH", "dtname": "Nainital", "SHAPE_Area": 2177946.874047528 }, "geometry": { "type": "Polygon", "coordinates": [ [ [ 79.5632846, 29.5067215 ], [ 79.5646693, 29.5033314 ], [ 79.5643111, 29.5022817 ], [ 79.5628236, 29.5008177 ], [ 79.5618997, 29.5009445 ], [ 79.5610685, 29.5003873 ], [ 79.5582885, 29.5002195 ], [ 79.5573468, 29.4989355 ], [ 79.555605, 29.4976909 ], [ 79.5555522, 29.4971069 ], [ 79.5562351, 29.495349 ], [ 79.5569505, 29.4946472 ], [ 79.553407, 29.4954782 ], [ 79.5506469, 29.497029 ], [ 79.5492562, 29.4984137 ], [ 79.5487922, 29.4999628 ], [ 79.5489107, 29.5030011 ], [ 79.548688, 29.5037975 ], [ 79.5518254, 29.508156 ], [ 79.5537879, 29.510114 ], [ 79.5571985, 29.5110567 ], [ 79.5612919, 29.5069402 ], [ 79.5632846, 29.5067215 ] ] ] } },
{ "type": "Feature", "properties": { "gp_code": "23933", "gp_name": "CHIMI MATELA", "blkname": "RAMGARH", "dtname": "Nainital", "SHAPE_Area": 1749017.0551577508 }, "geometry": { "type": "Polygon", "coordinates": [ [ [ 79.5683759, 29.5204979 ], [ 79.5667042, 29.5187929 ], [ 79.5646779, 29.5148314 ], [ 79.565178, 29.5126504 ], [ 79.5656561, 29.5120774 ], [ 79.5643342, 29.5089334 ], [ 79.563143, 29.5079645 ], [ 79.5632846, 29.5067215 ], [ 79.5612919, 29.5069402 ], [ 79.5559799, 29.5121732 ], [ 79.5550556, 29.513488 ], [ 79.5536332, 29.5165598 ], [ 79.5539592, 29.5182828 ], [ 79.5601885, 29.5195991 ], [ 79.5621388, 29.5203447 ], [ 79.564435, 29.5220928 ], [ 79.5656983, 29.521984 ], [ 79.5683759, 29.5204979 ] ] ] } },
{ "type": "Feature", "properties": { "gp_code": "23611", "gp_name": "HAROLI", "blkname": "RAMGARH", "dtname": "Nainital", "SHAPE_Area": 1250267.8009812671 }, "geometry": { "type": "Polygon", "coordinates": [ [ [ 79.5752557, 29.5123605 ], [ 79.571627, 29.5083893 ], [ 79.5694879, 29.51074 ], [ 79.5661028, 29.5117265 ], [ 79.565178, 29.5126504 ], [ 79.5646779, 29.5148314 ], [ 79.5667042, 29.5187929 ], [ 79.5686132, 29.5206924 ], [ 79.5717719, 29.5210309 ], [ 79.5724425, 29.5204348 ], [ 79.5730279, 29.5191082 ], [ 79.5731061, 29.5173376 ], [ 79.5736176, 29.5165637 ], [ 79.5756074, 29.5155209 ], [ 79.576053, 29.5148186 ], [ 79.5762571, 29.5127374 ], [ 79.576012, 29.5124066 ], [ 79.5752557, 29.5123605 ] ] ] } },
{ "type": "Feature", "properties": { "gp_code": "23926", "gp_name": "BARI BANJ", "blkname": "RAMGARH", "dtname": "Nainital", "SHAPE_Area": 2536053.8142834464 }, "geometry": { "type": "Polygon", "coordinates": [ [ [ 79.5787254, 29.5084942 ], [ 79.5800349, 29.5069721 ], [ 79.5816796, 29.5061329 ], [ 79.581846, 29.5055602 ], [ 79.5810206, 29.5044371 ], [ 79.5797886, 29.5035292 ], [ 79.5779157, 29.5004951 ], [ 79.5759342, 29.4953935 ], [ 79.5716731, 29.4968091 ], [ 79.569638, 29.4986591 ], [ 79.5686582, 29.5011564 ], [ 79.5697264, 29.5023134 ], [ 79.5690754, 29.5027227 ], [ 79.5669289, 29.5025191 ], [ 79.5646693, 29.5033314 ], [ 79.5631198, 29.5075266 ], [ 79.5633469, 29.508281 ], [ 79.5643342, 29.5089334 ], [ 79.5656561, 29.5120774 ], [ 79.5694879, 29.51074 ], [ 79.571627, 29.5083893 ], [ 79.5736824, 29.510904 ], [ 79.5752557, 29.5123605 ], [ 79.576012, 29.5124066 ], [ 79.5762571, 29.5127374 ], [ 79.5770957, 29.512273 ], [ 79.5775497, 29.5114989 ], [ 79.5767694, 29.5097252 ], [ 79.5768138, 29.5091728 ], [ 79.5787254, 29.5084942 ] ] ] } },
{ "type": "Feature", "properties": { "gp_code": "23972", "gp_name": "SIMRAD", "blkname": "RAMGARH", "dtname": "Nainital", "SHAPE_Area": 1032505.2581433044 }, "geometry": { "type": "Polygon", "coordinates": [ [ [ 79.5739876, 29.5258678 ], [ 79.574943, 29.5249372 ], [ 79.5759254, 29.5251091 ], [ 79.5786371, 29.5247458 ], [ 79.5809423, 29.5222961 ], [ 79.5825709, 29.5215976 ], [ 79.5818162, 29.5208239 ], [ 79.5801885, 29.5198687 ], [ 79.5783342, 29.5193125 ], [ 79.57755, 29.5186414 ], [ 79.5759624, 29.5166299 ], [ 79.5756074, 29.5155209 ], [ 79.5736176, 29.5165637 ], [ 79.5731061, 29.5173376 ], [ 79.5730279, 29.5191082 ], [ 79.5724425, 29.5204348 ], [ 79.5717719, 29.5210309 ], [ 79.5722211, 29.5235751 ], [ 79.5713634, 29.5252005 ], [ 79.5712948, 29.5260473 ], [ 79.570405, 29.52705 ], [ 79.5700016, 29.5288963 ], [ 79.5708661, 29.5293479 ], [ 79.5727517, 29.5295052 ], [ 79.5733445, 29.5288335 ], [ 79.5739876, 29.5258678 ] ] ] } },
{ "type": "Feature", "properties": { "gp_code": "23954", "gp_name": "KOOL", "blkname": "RAMGARH", "dtname": "Nainital", "SHAPE_Area": 1426194.1898784805 }, "geometry": { "type": "Polygon", "coordinates": [ [ [ 79.6041441, 29.5280695 ], [ 79.6061712, 29.5281247 ], [ 79.6046054, 29.5264771 ], [ 79.6014965, 29.5240347 ], [ 79.6025725, 29.5216195 ], [ 79.6019809, 29.5192923 ], [ 79.6005594, 29.5172644 ], [ 79.5989621, 29.5163057 ], [ 79.6003599, 29.5129999 ], [ 79.5927931, 29.5129666 ], [ 79.5940195, 29.5143767 ], [ 79.5941981, 29.5149945 ], [ 79.5938664, 29.5160274 ], [ 79.5928784, 29.5169868 ], [ 79.5930178, 29.5195139 ], [ 79.5937675, 29.5211381 ], [ 79.5961854, 29.5246472 ], [ 79.5963954, 29.5256958 ], [ 79.6009069, 29.5265397 ], [ 79.6041441, 29.5280695 ] ] ] } },
{ "type": "Feature", "properties": { "gp_code": "", "gp_name": "", "blkname": "RAMGARH", "dtname": "Nainital", "SHAPE_Area": 6706395.6038884502 }, "geometry": { "type": "Polygon", "coordinates": [ [ [ 79.5963954, 29.5256958 ], [ 79.5961854, 29.5246472 ], [ 79.5937675, 29.5211381 ], [ 79.5930178, 29.5195139 ], [ 79.5928784, 29.5169868 ], [ 79.5938664, 29.5160274 ], [ 79.5941981, 29.5149945 ], [ 79.5931204, 29.5132833 ], [ 79.5927649, 29.5138217 ], [ 79.5901775, 29.5147116 ], [ 79.5887494, 29.5147654 ], [ 79.5880607, 29.5145482 ], [ 79.5859, 29.5127768 ], [ 79.5845063, 29.5123425 ], [ 79.5839358, 29.5111638 ], [ 79.5841343, 29.5107049 ], [ 79.5863715, 29.5092175 ], [ 79.5871129, 29.5083867 ], [ 79.5927931, 29.5129666 ], [ 79.6003599, 29.5129999 ], [ 79.6008397, 29.5121664 ], [ 79.6014466, 29.5119402 ], [ 79.6061608, 29.5144073 ], [ 79.6070516, 29.5145956 ], [ 79.608663, 29.5117681 ], [ 79.61077, 29.5117763 ], [ 79.6135793, 29.5109719 ], [ 79.6147109, 29.5111584 ], [ 79.6144475, 29.5103775 ], [ 79.6132059, 29.5096717 ], [ 79.6127055, 29.5087996 ], [ 79.6138652, 29.5074893 ], [ 79.6136961, 29.5067738 ], [ 79.6126181, 29.506081 ], [ 79.6101144, 29.5060015 ], [ 79.6079163, 29.504631 ], [ 79.6068586, 29.5043185 ], [ 79.6057843, 29.5028054 ], [ 79.6049415, 29.5005044 ], [ 79.6066317, 29.4980134 ], [ 79.6037314, 29.497647 ], [ 79.6000931, 29.496587 ], [ 79.5977662, 29.4967282 ], [ 79.5965764, 29.4974403 ], [ 79.5938856, 29.5012631 ], [ 79.5941379, 29.5018314 ], [ 79.5968829, 29.5011213 ], [ 79.597961, 29.5011565 ], [ 79.6009613, 29.5021116 ], [ 79.6057693, 29.5049517 ], [ 79.6066967, 29.5062915 ], [ 79.6062146, 29.5068337 ], [ 79.5971101, 29.5053598 ], [ 79.5942631, 29.5052104 ], [ 79.5931323, 29.5046907 ], [ 79.5904981, 29.5022289 ], [ 79.5896153, 29.5027493 ], [ 79.587131, 29.5029813 ], [ 79.5868172, 29.5035548 ], [ 79.5834313, 29.5050248 ], [ 79.5815597, 29.5051707 ], [ 79.581846, 29.5055602 ], [ 79.5816796, 29.5061329 ], [ 79.5800349, 29.5069721 ], [ 79.5781884, 29.5088833 ], [ 79.5768138, 29.5091728 ], [ 79.5767033, 29.5094436 ], [ 79.5775497, 29.5114989 ], [ 79.5770957, 29.512273 ], [ 79.5762571, 29.5127374 ], [ 79.576053, 29.5148186 ], [ 79.5756074, 29.5155209 ], [ 79.5759624, 29.5166299 ], [ 79.5783342, 29.5193125 ], [ 79.5801885, 29.5198687 ], [ 79.5825709, 29.5215976 ], [ 79.5844884, 29.5225358 ], [ 79.5878348, 29.5232048 ], [ 79.5892362, 29.5237811 ], [ 79.5904829, 29.5245845 ], [ 79.5909136, 29.5253949 ], [ 79.5911662, 29.527135 ], [ 79.59429, 29.5269826 ], [ 79.5959987, 29.5265131 ], [ 79.5963954, 29.5256958 ] ] ] } },
{ "type": "Feature", "properties": { "gp_code": "23972", "gp_name": "SIMRAD", "blkname": "RAMGARH", "dtname": "Nainital", "SHAPE_Area": 437725.64484108123 }, "geometry": { "type": "Polygon", "coordinates": [ [ [ 79.591648, 29.5118008 ], [ 79.5871129, 29.5083867 ], [ 79.5863715, 29.5092175 ], [ 79.5841343, 29.5107049 ], [ 79.5839751, 29.5116532 ], [ 79.5845063, 29.5123425 ], [ 79.5859, 29.5127768 ], [ 79.5880607, 29.5145482 ], [ 79.5887494, 29.5147654 ], [ 79.5901775, 29.5147116 ], [ 79.5927649, 29.5138217 ], [ 79.5931204, 29.5132833 ], [ 79.591648, 29.5118008 ] ] ] } },
{ "type": "Feature", "properties": { "gp_code": "23959", "gp_name": "MALLI SINAULI", "blkname": "RAMGARH", "dtname": "Nainital", "SHAPE_Area": 729492.26402596745 }, "geometry": { "type": "Polygon", "coordinates": [ [ [ 79.6009613, 29.5021116 ], [ 79.5990106, 29.5013746 ], [ 79.5968829, 29.5011213 ], [ 79.5941379, 29.5018314 ], [ 79.5937196, 29.5011694 ], [ 79.5904981, 29.5022289 ], [ 79.5931323, 29.5046907 ], [ 79.5942631, 29.5052104 ], [ 79.5971101, 29.5053598 ], [ 79.6055775, 29.5068275 ], [ 79.6065599, 29.5066335 ], [ 79.6065708, 29.5058008 ], [ 79.6057693, 29.5049517 ], [ 79.6009613, 29.5021116 ] ] ] } },
{ "type": "Feature", "properties": { "gp_code": "23967", "gp_name": "PYURA", "blkname": "RAMGARH", "dtname": "Nainital", "SHAPE_Area": 7126904.9312745603 }, "geometry": { "type": "Polygon", "coordinates": [ [ [ 79.627563, 29.5262832 ], [ 79.6281327, 29.5222439 ], [ 79.6288961, 29.5215943 ], [ 79.6322647, 29.5205316 ], [ 79.6320451, 29.5169499 ], [ 79.6305024, 29.514758 ], [ 79.6271088, 29.5127679 ], [ 79.6257059, 29.5126211 ], [ 79.6223347, 29.5130391 ], [ 79.6215954, 29.5122597 ], [ 79.6216706, 29.5118292 ], [ 79.6232059, 29.5115887 ], [ 79.6257718, 29.5098432 ], [ 79.6278571, 29.5095752 ], [ 79.6315491, 29.5099139 ], [ 79.6322845, 29.5111912 ], [ 79.633465, 29.5114114 ], [ 79.6338928, 29.5110391 ], [ 79.635568, 29.5106983 ], [ 79.6362477, 29.5098205 ], [ 79.6385494, 29.5099298 ], [ 79.6389467, 29.5090843 ], [ 79.6381831, 29.5084156 ], [ 79.6352827, 29.5086769 ], [ 79.6341838, 29.5084016 ], [ 79.6329939, 29.5073852 ], [ 79.6322859, 29.506373 ], [ 79.6331951, 29.5042215 ], [ 79.6332421, 29.5034191 ], [ 79.6323957, 29.5025973 ], [ 79.6293101, 29.5017965 ], [ 79.6282142, 29.5009815 ], [ 79.6274544, 29.4987646 ], [ 79.6252683, 29.4965098 ], [ 79.6294266, 29.493214 ], [ 79.62947, 29.4915951 ], [ 79.6288041, 29.4899543 ], [ 79.6277563, 29.4900882 ], [ 79.6257781, 29.4911346 ], [ 79.6238735, 29.4904892 ], [ 79.6219784, 29.4905928 ], [ 79.6208976, 29.491049 ], [ 79.620273, 29.4921807 ], [ 79.6163048, 29.4928441 ], [ 79.6152924, 29.493444 ], [ 79.6156106, 29.4939743 ], [ 79.6156034, 29.4955761 ], [ 79.6141336, 29.4999758 ], [ 79.6128111, 29.5015463 ], [ 79.6124731, 29.5015314 ], [ 79.610984, 29.4989381 ], [ 79.6105982, 29.4975692 ], [ 79.6090127, 29.497842 ], [ 79.6076717, 29.4976566 ], [ 79.6066317, 29.4980134 ], [ 79.6049415, 29.5005044 ], [ 79.6057843, 29.5028054 ], [ 79.6068586, 29.5043185 ], [ 79.6079163, 29.504631 ], [ 79.6101144, 29.5060015 ], [ 79.6126181, 29.506081 ], [ 79.6136961, 29.5067738 ], [ 79.6138652, 29.5074893 ], [ 79.6127055, 29.5087996 ], [ 79.612887, 29.5093049 ], [ 79.6144475, 29.5103775 ], [ 79.6147109, 29.5111584 ], [ 79.6165508, 29.5133982 ], [ 79.6176607, 29.5113616 ], [ 79.6181932, 29.5081661 ], [ 79.618653, 29.5078401 ], [ 79.6193718, 29.5086157 ], [ 79.61869, 29.5136347 ], [ 79.6191942, 29.5151291 ], [ 79.6207487, 29.5166832 ], [ 79.6207447, 29.518004 ], [ 79.6192186, 29.5231832 ], [ 79.619175, 29.5264407 ], [ 79.6228381, 29.5243371 ], [ 79.624493, 29.5247253 ], [ 79.627563, 29.5262832 ] ] ] } },
{ "type": "Feature", "properties": { "gp_code": "", "gp_name": "", "blkname": "RAMGARH", "dtname": "Nainital", "SHAPE_Area": 3014744.9374048519 }, "geometry": { "type": "Polygon", "coordinates": [ [ [ 79.6076242, 29.5403258 ], [ 79.6073652, 29.5391766 ], [ 79.6077993, 29.5369094 ], [ 79.608525, 29.5358487 ], [ 79.608527, 29.535217 ], [ 79.611847, 29.5340192 ], [ 79.6128971, 29.5341652 ], [ 79.613647, 29.5348246 ], [ 79.6152525, 29.536956 ], [ 79.6158514, 29.538994 ], [ 79.6166006, 29.5396241 ], [ 79.6172647, 29.5396257 ], [ 79.6175614, 29.5388421 ], [ 79.6172548, 29.537133 ], [ 79.6165694, 29.5358106 ], [ 79.6166057, 29.5346766 ], [ 79.6191647, 29.5300312 ], [ 79.6195467, 29.5285821 ], [ 79.6191386, 29.5262307 ], [ 79.6192186, 29.5231832 ], [ 79.6207447, 29.518004 ], [ 79.6207487, 29.5166832 ], [ 79.6191942, 29.5151291 ], [ 79.61869, 29.5136347 ], [ 79.6193718, 29.5086157 ], [ 79.618653, 29.5078401 ], [ 79.6181932, 29.5081661 ], [ 79.6176607, 29.5113616 ], [ 79.6150285, 29.5173283 ], [ 79.6095549, 29.5275155 ], [ 79.6085779, 29.5281699 ], [ 79.6075701, 29.5295996 ], [ 79.6066614, 29.5302911 ], [ 79.6071844, 29.5321828 ], [ 79.6067207, 29.5334163 ], [ 79.6060925, 29.5337622 ], [ 79.606069, 29.5356683 ], [ 79.6051997, 29.5367576 ], [ 79.60343, 29.5378201 ], [ 79.6039681, 29.5386926 ], [ 79.6030824, 29.5404276 ], [ 79.6038872, 29.5416176 ], [ 79.6040976, 29.5425512 ], [ 79.6061912, 29.5415786 ], [ 79.6076242, 29.5403258 ] ] ] } },
{ "type": "Feature", "properties": { "gp_code": "", "gp_name": "", "blkname": "RAMGARH", "dtname": "Nainital", "SHAPE_Area": 2606856.5282590352 }, "geometry": { "type": "Polygon", "coordinates": [ [ [ 79.6165508, 29.5133982 ], [ 79.6147109, 29.5111584 ], [ 79.6135793, 29.5109719 ], [ 79.61077, 29.5117763 ], [ 79.608663, 29.5117681 ], [ 79.6070516, 29.5145956 ], [ 79.6061608, 29.5144073 ], [ 79.6014466, 29.5119402 ], [ 79.6008397, 29.5121664 ], [ 79.6001042, 29.5133941 ], [ 79.5989621, 29.5163057 ], [ 79.6005594, 29.5172644 ], [ 79.6019809, 29.5192923 ], [ 79.6025725, 29.5216195 ], [ 79.6014965, 29.5240347 ], [ 79.6046054, 29.5264771 ], [ 79.6064004, 29.528319 ], [ 79.6063444, 29.5296154 ], [ 79.6066614, 29.5302911 ], [ 79.6075701, 29.5295996 ], [ 79.6085779, 29.5281699 ], [ 79.6095549, 29.5275155 ], [ 79.6150285, 29.5173283 ], [ 79.6165508, 29.5133982 ] ] ] } },
{ "type": "Feature", "properties": { "gp_code": "23955", "gp_name": "KWARAB", "blkname": "RAMGARH", "dtname": "Nainital", "SHAPE_Area": 3608543.2657304071 }, "geometry": { "type": "Polygon", "coordinates": [ [ [ 79.6186261, 29.5535543 ], [ 79.6171178, 29.5475642 ], [ 79.6138937, 29.5452813 ], [ 79.6140748, 29.5429858 ], [ 79.61596, 29.5397374 ], [ 79.6152525, 29.536956 ], [ 79.6128971, 29.5341652 ], [ 79.611847, 29.5340192 ], [ 79.6090971, 29.5348291 ], [ 79.608527, 29.535217 ], [ 79.608525, 29.5358487 ], [ 79.6077993, 29.5369094 ], [ 79.6073652, 29.5391766 ], [ 79.6076242, 29.5403258 ], [ 79.6061912, 29.5415786 ], [ 79.6040976, 29.5425512 ], [ 79.6026329, 29.5436387 ], [ 79.603515, 29.5466542 ], [ 79.6027342, 29.5478884 ], [ 79.6010559, 29.5481483 ], [ 79.6000057, 29.5488004 ], [ 79.5992882, 29.5515069 ], [ 79.6009062, 29.5527792 ], [ 79.6027276, 29.5532302 ], [ 79.6053493, 29.5530066 ], [ 79.6078554, 29.5537158 ], [ 79.6126867, 29.5568862 ], [ 79.6148592, 29.5568824 ], [ 79.6169354, 29.5563227 ], [ 79.6212413, 29.5558125 ], [ 79.622003, 29.5553423 ], [ 79.6202639, 29.5548932 ], [ 79.6186261, 29.5535543 ] ] ] } },
{ "type": "Feature", "properties": { "gp_code": "23938", "gp_name": "DEEYARI", "blkname": "RAMGARH", "dtname": "Nainital", "SHAPE_Area": 2375343.3322324753 }, "geometry": { "type": "Polygon", "coordinates": [ [ [ 79.6311935, 29.5403257 ], [ 79.6317046, 29.5396162 ], [ 79.630657, 29.5385874 ], [ 79.6299466, 29.5373152 ], [ 79.6262475, 29.5368069 ], [ 79.6245519, 29.5358331 ], [ 79.6262815, 29.5339348 ], [ 79.626767, 29.5329781 ], [ 79.6268639, 29.5324095 ], [ 79.6261906, 29.5314222 ], [ 79.6262689, 29.5308516 ], [ 79.6279725, 29.5284402 ], [ 79.627563, 29.5262832 ], [ 79.624493, 29.5247253 ], [ 79.6228381, 29.5243371 ], [ 79.619175, 29.5264407 ], [ 79.6195467, 29.5285821 ], [ 79.6191647, 29.5300312 ], [ 79.6166057, 29.5346766 ], [ 79.6165694, 29.5358106 ], [ 79.6172548, 29.537133 ], [ 79.6175614, 29.5388421 ], [ 79.6172647, 29.5396257 ], [ 79.6166006, 29.5396241 ], [ 79.6196356, 29.5403491 ], [ 79.6214449, 29.5402681 ], [ 79.6220144, 29.5409146 ], [ 79.6218785, 29.5423929 ], [ 79.6224189, 29.5428249 ], [ 79.6239766, 29.5435176 ], [ 79.6262891, 29.5437052 ], [ 79.6282416, 29.5448307 ], [ 79.6286119, 29.5444112 ], [ 79.6281727, 29.5430608 ], [ 79.628439, 29.5418699 ], [ 79.6293198, 29.5410249 ], [ 79.6311935, 29.5403257 ] ] ] } },
{ "type": "Feature", "properties": { "gp_code": "23943", "gp_name": "GARADI LATWAL", "blkname": "RAMGARH", "dtname": "Nainital", "SHAPE_Area": 2074660.1789222271 }, "geometry": { "type": "Polygon", "coordinates": [ [ [ 79.6481384, 29.5477045 ], [ 79.6520898, 29.5450881 ], [ 79.654886, 29.5425672 ], [ 79.6550313, 29.5417373 ], [ 79.6540887, 29.5392118 ], [ 79.6535138, 29.538804 ], [ 79.6491479, 29.5388996 ], [ 79.6467703, 29.5379182 ], [ 79.6457155, 29.537095 ], [ 79.6455573, 29.5363754 ], [ 79.6422929, 29.5363722 ], [ 79.641549, 29.536035 ], [ 79.6401439, 29.5369203 ], [ 79.6396536, 29.5385719 ], [ 79.6384349, 29.5399042 ], [ 79.6351629, 29.5415478 ], [ 79.6335036, 29.5419317 ], [ 79.6346606, 29.5427813 ], [ 79.6386563, 29.5444603 ], [ 79.6427632, 29.5468979 ], [ 79.6445629, 29.5476271 ], [ 79.6481384, 29.5477045 ] ] ] } },
{ "type": "Feature", "properties": { "gp_code": "23961", "gp_name": "MAUNA", "blkname": "RAMGARH", "dtname": "Nainital", "SHAPE_Area": 4315190.0698442711 }, "geometry": { "type": "Polygon", "coordinates": [ [ [ 79.6619145, 29.542611 ], [ 79.6654004, 29.5412413 ], [ 79.6655733, 29.5403457 ], [ 79.6650772, 29.5342408 ], [ 79.6671488, 29.5330678 ], [ 79.6705107, 29.5328091 ], [ 79.6727761, 29.532069 ], [ 79.6684895, 29.5289934 ], [ 79.6665246, 29.527123 ], [ 79.6646234, 29.526028 ], [ 79.6629323, 29.5260158 ], [ 79.6610581, 29.5271403 ], [ 79.6557652, 29.5267271 ], [ 79.6549398, 29.525462 ], [ 79.6536953, 29.5243898 ], [ 79.6525965, 29.5240069 ], [ 79.6499334, 29.5253866 ], [ 79.6476505, 29.5257693 ], [ 79.6472916, 29.526082 ], [ 79.6473403, 29.5266257 ], [ 79.6480965, 29.5276563 ], [ 79.6471887, 29.5297774 ], [ 79.6476269, 29.5311726 ], [ 79.6461848, 29.5332624 ], [ 79.6463421, 29.534899 ], [ 79.6455573, 29.5363754 ], [ 79.6457155, 29.537095 ], [ 79.6467703, 29.5379182 ], [ 79.6491479, 29.5388996 ], [ 79.6535138, 29.538804 ], [ 79.6540887, 29.5392118 ], [ 79.6550313, 29.5417373 ], [ 79.654886, 29.5425672 ], [ 79.656503, 29.5417352 ], [ 79.6581926, 29.5424483 ], [ 79.6600426, 29.542722 ], [ 79.6619145, 29.542611 ] ] ] } },
{ "type": "Feature", "properties": { "gp_code": "23930", "gp_name": "CHAPAD", "blkname": "RAMGARH", "dtname": "Nainital", "SHAPE_Area": 19268670.336674932 }, "geometry": { "type": "Polygon", "coordinates": [ [ [ 79.622003, 29.5553423 ], [ 79.6242506, 29.5539551 ], [ 79.62643, 29.5539942 ], [ 79.6291505, 29.551612 ], [ 79.6313929, 29.5484589 ], [ 79.6323897, 29.5445276 ], [ 79.6320891, 29.5423959 ], [ 79.6351629, 29.5415478 ], [ 79.6384349, 29.5399042 ], [ 79.6396536, 29.5385719 ], [ 79.6401439, 29.5369203 ], [ 79.641549, 29.536035 ], [ 79.6422929, 29.5363722 ], [ 79.6455573, 29.5363754 ], [ 79.6463421, 29.534899 ], [ 79.6461848, 29.5332624 ], [ 79.6476269, 29.5311726 ], [ 79.6471887, 29.5297774 ], [ 79.6480965, 29.5276563 ], [ 79.6473403, 29.5266257 ], [ 79.6472916, 29.526082 ], [ 79.6476505, 29.5257693 ], [ 79.6499334, 29.5253866 ], [ 79.6525965, 29.5240069 ], [ 79.6536953, 29.5243898 ], [ 79.6549398, 29.525462 ], [ 79.6557652, 29.5267271 ], [ 79.6610581, 29.5271403 ], [ 79.6629323, 29.5260158 ], [ 79.6646234, 29.526028 ], [ 79.6665246, 29.527123 ], [ 79.6684895, 29.5289934 ], [ 79.6713077, 29.5309516 ], [ 79.6726851, 29.5300428 ], [ 79.6797988, 29.5272808 ], [ 79.6808232, 29.5253358 ], [ 79.6824201, 29.5235731 ], [ 79.6813713, 29.522846 ], [ 79.6772906, 29.5244092 ], [ 79.6744564, 29.5246761 ], [ 79.6722784, 29.5224545 ], [ 79.6711669, 29.5206864 ], [ 79.6697723, 29.5173564 ], [ 79.6695412, 29.5147825 ], [ 79.6698592, 29.512486 ], [ 79.6704043, 29.5111806 ], [ 79.6704295, 29.5078929 ], [ 79.6700374, 29.5069149 ], [ 79.6699444, 29.5051785 ], [ 79.6689308, 29.5036832 ], [ 79.6649943, 29.5004304 ], [ 79.664128, 29.4982262 ], [ 79.662735, 29.4984412 ], [ 79.6589926, 29.4982019 ], [ 79.6545234, 29.4970996 ], [ 79.6531047, 29.4971923 ], [ 79.6449269, 29.4931831 ], [ 79.6470939, 29.4984764 ], [ 79.6470328, 29.4999683 ], [ 79.6428845, 29.4992455 ], [ 79.6388961, 29.4998916 ], [ 79.6355009, 29.5019135 ], [ 79.6296912, 29.5000006 ], [ 79.6274544, 29.4987646 ], [ 79.6282142, 29.5009815 ], [ 79.6293101, 29.5017965 ], [ 79.6323957, 29.5025973 ], [ 79.6332421, 29.5034191 ], [ 79.6331951, 29.5042215 ], [ 79.6322859, 29.506373 ], [ 79.6329939, 29.5073852 ], [ 79.6341838, 29.5084016 ], [ 79.6352827, 29.5086769 ], [ 79.6385126, 29.5084939 ], [ 79.6389467, 29.5090843 ], [ 79.6388376, 29.5095822 ], [ 79.6380804, 29.5100565 ], [ 79.6362477, 29.5098205 ], [ 79.635568, 29.5106983 ], [ 79.6338928, 29.5110391 ], [ 79.633465, 29.5114114 ], [ 79.6322845, 29.5111912 ], [ 79.6315491, 29.5099139 ], [ 79.6307783, 29.5097111 ], [ 79.6278571, 29.5095752 ], [ 79.6257718, 29.5098432 ], [ 79.6232059, 29.5115887 ], [ 79.6218878, 29.511642 ], [ 79.6215413, 29.5120708 ], [ 79.6218977, 29.5126984 ], [ 79.6229157, 29.5131028 ], [ 79.6257059, 29.5126211 ], [ 79.6271088, 29.5127679 ], [ 79.6305024, 29.514758 ], [ 79.6320451, 29.5169499 ], [ 79.6320405, 29.5185004 ], [ 79.6330069, 29.5190106 ], [ 79.6348561, 29.5184273 ], [ 79.6353271, 29.5172588 ], [ 79.6357216, 29.5170444 ], [ 79.6426916, 29.5189733 ], [ 79.6440674, 29.5201925 ], [ 79.6452899, 29.5224208 ], [ 79.6449788, 29.5229369 ], [ 79.6371233, 29.5260491 ], [ 79.6368725, 29.5275848 ], [ 79.6360805, 29.5289468 ], [ 79.6323779, 29.5322398 ], [ 79.6307086, 29.5333262 ], [ 79.6279725, 29.5284402 ], [ 79.6262689, 29.5308516 ], [ 79.6261906, 29.5314222 ], [ 79.6268639, 29.5324095 ], [ 79.626767, 29.5329781 ], [ 79.6262815, 29.5339348 ], [ 79.6245519, 29.5358331 ], [ 79.6268927, 29.5369739 ], [ 79.6294713, 29.5370485 ], [ 79.6317046, 29.5396162 ], [ 79.6311935, 29.5403257 ], [ 79.6293198, 29.5410249 ], [ 79.628439, 29.5418699 ], [ 79.6281727, 29.5430608 ], [ 79.6285897, 29.5446372 ], [ 79.6278308, 29.5447971 ], [ 79.6262891, 29.5437052 ], [ 79.6239766, 29.5435176 ], [ 79.6224189, 29.5428249 ], [ 79.6218785, 29.5423929 ], [ 79.6220144, 29.5409146 ], [ 79.6214449, 29.5402681 ], [ 79.6196356, 29.5403491 ], [ 79.6166006, 29.5396241 ], [ 79.6158514, 29.538994 ], [ 79.61596, 29.5397374 ], [ 79.6156623, 29.5404402 ], [ 79.6140748, 29.5429858 ], [ 79.6138937, 29.5452813 ], [ 79.6171178, 29.5475642 ], [ 79.6186261, 29.5535543 ], [ 79.6202639, 29.5548932 ], [ 79.622003, 29.5553423 ] ], [ [ 79.6571295, 29.5172475 ], [ 79.6581826, 29.5165983 ], [ 79.6583806, 29.5159436 ], [ 79.6583168, 29.5152687 ], [ 79.6574344, 29.5138455 ], [ 79.6575529, 29.5125536 ], [ 79.6617741, 29.5114858 ], [ 79.665246, 29.5098031 ], [ 79.6660657, 29.5107051 ], [ 79.6661933, 29.5121229 ], [ 79.6679595, 29.5139465 ], [ 79.6687809, 29.516843 ], [ 79.6687759, 29.5172303 ], [ 79.6683761, 29.5173966 ], [ 79.6673982, 29.5174342 ], [ 79.6655529, 29.5181294 ], [ 79.6647934, 29.5178235 ], [ 79.6637202, 29.5179986 ], [ 79.6619323, 29.5189469 ], [ 79.6609781, 29.5201632 ], [ 79.6605004, 29.519548 ], [ 79.6593768, 29.5192371 ], [ 79.6580866, 29.5183549 ], [ 79.6571295, 29.5172475 ] ] ] } },
{ "type": "Feature", "properties": { "gp_code": "23950", "gp_name": "KAFUDA", "blkname": "RAMGARH", "dtname": "Nainital", "SHAPE_Area": 2122278.2511006426 }, "geometry": { "type": "Polygon", "coordinates": [ [ [ 79.6440674, 29.5201925 ], [ 79.6426916, 29.5189733 ], [ 79.6357216, 29.5170444 ], [ 79.6353271, 29.5172588 ], [ 79.6348561, 29.5184273 ], [ 79.6339503, 29.5189141 ], [ 79.6330069, 29.5190106 ], [ 79.6320405, 29.5185004 ], [ 79.6322647, 29.5205316 ], [ 79.6288961, 29.5215943 ], [ 79.6281327, 29.5222439 ], [ 79.627563, 29.5262832 ], [ 79.6279725, 29.5284402 ], [ 79.6307086, 29.5333262 ], [ 79.6323779, 29.5322398 ], [ 79.6360805, 29.5289468 ], [ 79.6368725, 29.5275848 ], [ 79.6371233, 29.5260491 ], [ 79.6449788, 29.5229369 ], [ 79.6452899, 29.5224208 ], [ 79.6440674, 29.5201925 ] ] ] } },
{ "type": "Feature", "properties": { "gp_code": "23958", "gp_name": "LVESHWAL", "blkname": "RAMGARH", "dtname": "Nainital", "SHAPE_Area": 2805152.9949760735 }, "geometry": { "type": "Polygon", "coordinates": [ [ [ 79.6809938, 29.5166291 ], [ 79.6820876, 29.5124316 ], [ 79.6821453, 29.509144 ], [ 79.6815064, 29.5086546 ], [ 79.6811977, 29.507448 ], [ 79.6816104, 29.5065299 ], [ 79.6836296, 29.5063329 ], [ 79.6818185, 29.5049647 ], [ 79.6793696, 29.4999727 ], [ 79.6799331, 29.4990897 ], [ 79.6762915, 29.4986217 ], [ 79.6730695, 29.49908 ], [ 79.6703254, 29.4990281 ], [ 79.664128, 29.4982262 ], [ 79.6649943, 29.5004304 ], [ 79.6689308, 29.5036832 ], [ 79.6699444, 29.5051785 ], [ 79.670492, 29.5090847 ], [ 79.6704043, 29.5111806 ], [ 79.6698592, 29.512486 ], [ 79.6704759, 29.5135784 ], [ 79.6714438, 29.51381 ], [ 79.6744212, 29.5132923 ], [ 79.6754003, 29.5135166 ], [ 79.6767937, 29.5141797 ], [ 79.678523, 29.515826 ], [ 79.6809938, 29.5166291 ] ] ] } },
{ "type": "Feature", "properties": { "gp_code": "23936", "gp_name": "DANKANYA", "blkname": "RAMGARH", "dtname": "Nainital", "SHAPE_Area": 339259.41057550273 }, "geometry": { "type": "Polygon", "coordinates": [ [ [ 79.6656876, 29.5100722 ], [ 79.6645973, 29.5114486 ], [ 79.6636819, 29.5150684 ], [ 79.6647934, 29.5178235 ], [ 79.6652728, 29.5181224 ], [ 79.6687759, 29.5172303 ], [ 79.6679595, 29.5139465 ], [ 79.6661933, 29.5121229 ], [ 79.6660657, 29.5107051 ], [ 79.6656876, 29.5100722 ] ] ] } },
{ "type": "Feature", "properties": { "gp_code": "23952", "gp_name": "KHERDA", "blkname": "RAMGARH", "dtname": "Nainital", "SHAPE_Area": 696984.95336485934 }, "geometry": { "type": "Polygon", "coordinates": [ [ [ 79.6647934, 29.5178235 ], [ 79.6636819, 29.5150684 ], [ 79.6645973, 29.5114486 ], [ 79.6655626, 29.5099602 ], [ 79.665246, 29.5098031 ], [ 79.6617741, 29.5114858 ], [ 79.6575529, 29.5125536 ], [ 79.6574344, 29.5138455 ], [ 79.6583168, 29.5152687 ], [ 79.6583806, 29.5159436 ], [ 79.6581826, 29.5165983 ], [ 79.6571295, 29.5172475 ], [ 79.6580866, 29.5183549 ], [ 79.6593768, 29.5192371 ], [ 79.6605004, 29.519548 ], [ 79.6609781, 29.5201632 ], [ 79.6619323, 29.5189469 ], [ 79.6637202, 29.5179986 ], [ 79.6647934, 29.5178235 ] ] ] } },
{ "type": "Feature", "properties": { "gp_code": "23936", "gp_name": "DANKANYA", "blkname": "RAMGARH", "dtname": "Nainital", "SHAPE_Area": 1488146.6318476181 }, "geometry": { "type": "Polygon", "coordinates": [ [ [ 79.6767937, 29.5141797 ], [ 79.6744212, 29.5132923 ], [ 79.6714438, 29.51381 ], [ 79.6704759, 29.5135784 ], [ 79.6699726, 29.5130317 ], [ 79.6696918, 29.5136916 ], [ 79.6697399, 29.5172091 ], [ 79.6711669, 29.5206864 ], [ 79.6722784, 29.5224545 ], [ 79.6744564, 29.5246761 ], [ 79.6772906, 29.5244092 ], [ 79.6813713, 29.522846 ], [ 79.68152, 29.5218092 ], [ 79.6836726, 29.5215943 ], [ 79.6836761, 29.5202161 ], [ 79.6819462, 29.5195914 ], [ 79.6809938, 29.5166291 ], [ 79.678523, 29.515826 ], [ 79.6767937, 29.5141797 ] ] ] } },
{ "type": "Feature", "properties": { "gp_code": "", "gp_name": "", "blkname": "BETALGHAT", "dtname": "Nainital", "SHAPE_Area": 1533452.5900017994 }, "geometry": { "type": "Polygon", "coordinates": [ [ [ 79.2330672, 29.5375219 ], [ 79.2411653, 29.5362328 ], [ 79.2389973, 29.5330554 ], [ 79.2408262, 29.5320863 ], [ 79.2408803, 29.5311938 ], [ 79.240277, 29.5304896 ], [ 79.2379514, 29.5292463 ], [ 79.2412388, 29.5271505 ], [ 79.242721, 29.5252645 ], [ 79.2468718, 29.521736 ], [ 79.2417346, 29.520756 ], [ 79.2374665, 29.5237507 ], [ 79.2350684, 29.5263677 ], [ 79.2340854, 29.5281207 ], [ 79.2312841, 29.52944 ], [ 79.2331276, 29.5313931 ], [ 79.2325182, 29.5325042 ], [ 79.2341103, 29.5356528 ], [ 79.2330672, 29.5375219 ] ] ] } },
{ "type": "Feature", "properties": { "gp_code": "23823", "gp_name": "DAUN PAREVA", "blkname": "KOTABAG", "dtname": "Nainital", "SHAPE_Area": 9491149.7013939954 }, "geometry": { "type": "Polygon", "coordinates": [ [ [ 79.2347834, 29.5267819 ], [ 79.2374665, 29.5237507 ], [ 79.2415834, 29.520935 ], [ 79.242791, 29.5191887 ], [ 79.2435418, 29.5173686 ], [ 79.2438475, 29.512922 ], [ 79.2419855, 29.5107593 ], [ 79.2421526, 29.5074831 ], [ 79.2417442, 29.5042643 ], [ 79.2391185, 29.505049 ], [ 79.2365141, 29.503224 ], [ 79.2341659, 29.50099 ], [ 79.2306411, 29.501339 ], [ 79.2299973, 29.499955 ], [ 79.2293308, 29.4996245 ], [ 79.2279104, 29.4997251 ], [ 79.2267735, 29.4991827 ], [ 79.2261304, 29.4983399 ], [ 79.2258274, 29.4962035 ], [ 79.2247789, 29.4966427 ], [ 79.2241522, 29.4965352 ], [ 79.2207164, 29.498884 ], [ 79.2186619, 29.4991807 ], [ 79.2183003, 29.4996661 ], [ 79.2175108, 29.4985954 ], [ 79.2169985, 29.4987958 ], [ 79.2155339, 29.500549 ], [ 79.2142585, 29.5007048 ], [ 79.2134191, 29.5000585 ], [ 79.2134124, 29.4994075 ], [ 79.2120317, 29.4992535 ], [ 79.2085924, 29.5022558 ], [ 79.2104223, 29.5054298 ], [ 79.2118246, 29.5070563 ], [ 79.2122259, 29.508654 ], [ 79.2121405, 29.51148 ], [ 79.2133201, 29.5118173 ], [ 79.212959, 29.513357 ], [ 79.2151746, 29.5143593 ], [ 79.2128633, 29.5174547 ], [ 79.2130443, 29.5178164 ], [ 79.2153076, 29.5186693 ], [ 79.2165401, 29.519656 ], [ 79.2183342, 29.5198943 ], [ 79.2195149, 29.5191002 ], [ 79.2201835, 29.5197641 ], [ 79.2226072, 29.5209629 ], [ 79.2234692, 29.5208742 ], [ 79.2245746, 29.5215298 ], [ 79.2259657, 29.5217739 ], [ 79.2277765, 29.5228665 ], [ 79.2280738, 29.5237378 ], [ 79.2289027, 29.5233802 ], [ 79.2293011, 29.5235629 ], [ 79.2294923, 29.5238289 ], [ 79.2291245, 29.5253695 ], [ 79.2302969, 29.5251703 ], [ 79.2319882, 29.5256965 ], [ 79.2324823, 29.5260121 ], [ 79.2332588, 29.5274256 ], [ 79.2342136, 29.5279918 ], [ 79.2347834, 29.5267819 ] ] ] } },
{ "type": "Feature", "properties": { "gp_code": "23839", "gp_name": "OKHAL DHUNGA", "blkname": "KOTABAG", "dtname": "Nainital", "SHAPE_Area": 2886221.2037093327 }, "geometry": { "type": "Polygon", "coordinates": [ [ [ 79.2342136, 29.5279918 ], [ 79.2332588, 29.5274256 ], [ 79.2324823, 29.5260121 ], [ 79.2319882, 29.5256965 ], [ 79.2302969, 29.5251703 ], [ 79.2291245, 29.5253695 ], [ 79.2294923, 29.5238289 ], [ 79.2293011, 29.5235629 ], [ 79.2289027, 29.5233802 ], [ 79.2280738, 29.5237378 ], [ 79.2277765, 29.5228665 ], [ 79.2259657, 29.5217739 ], [ 79.2245746, 29.5215298 ], [ 79.2234692, 29.5208742 ], [ 79.2226072, 29.5209629 ], [ 79.2201835, 29.5197641 ], [ 79.2195149, 29.5191002 ], [ 79.2183342, 29.5198943 ], [ 79.2165401, 29.519656 ], [ 79.2153076, 29.5186693 ], [ 79.2130443, 29.5178164 ], [ 79.2128633, 29.5174547 ], [ 79.2151746, 29.5143593 ], [ 79.212959, 29.513357 ], [ 79.2133201, 29.5118173 ], [ 79.2121405, 29.51148 ], [ 79.2109828, 29.512973 ], [ 79.2091149, 29.5120829 ], [ 79.2083155, 29.513462 ], [ 79.2042986, 29.5125584 ], [ 79.2019425, 29.5134848 ], [ 79.2016098, 29.5139341 ], [ 79.202226, 29.515761 ], [ 79.2007982, 29.5185084 ], [ 79.2013442, 29.519102 ], [ 79.2016155, 29.5202832 ], [ 79.2006156, 29.5206894 ], [ 79.1994209, 29.5217753 ], [ 79.1978917, 29.5223127 ], [ 79.1966711, 29.5240074 ], [ 79.203046, 29.5227931 ], [ 79.2065535, 29.5240131 ], [ 79.2082187, 29.5236749 ], [ 79.2099594, 29.523926 ], [ 79.2108643, 29.5243484 ], [ 79.2119491, 29.5254074 ], [ 79.2126997, 29.5255733 ], [ 79.2150105, 29.524954 ], [ 79.2159101, 29.5223257 ], [ 79.2163972, 29.5217642 ], [ 79.2176905, 29.5215826 ], [ 79.219742, 29.5220125 ], [ 79.2223159, 29.5219956 ], [ 79.2246237, 29.5229188 ], [ 79.2265029, 29.52428 ], [ 79.2269644, 29.5248686 ], [ 79.2275794, 29.5271692 ], [ 79.2293087, 29.5285298 ], [ 79.2312841, 29.52944 ], [ 79.2342136, 29.5279918 ] ] ] } },
{ "type": "Feature", "properties": { "gp_code": "", "gp_name": "", "blkname": "KOTABAG", "dtname": "Nainital", "SHAPE_Area": 57683631.73998031 }, "geometry": { "type": "Polygon", "coordinates": [ [ [ 79.142722, 29.5512278 ], [ 79.1454818, 29.5444491 ], [ 79.1437404, 29.5422664 ], [ 79.1437239, 29.541777 ], [ 79.1439801, 29.5413521 ], [ 79.1460696, 29.5401499 ], [ 79.1494755, 29.5391919 ], [ 79.1477398, 29.5379136 ], [ 79.1487946, 29.5370574 ], [ 79.1520635, 29.5363803 ], [ 79.1533177, 29.5350788 ], [ 79.1554045, 29.5345532 ], [ 79.1593694, 29.534836 ], [ 79.1627401, 29.5341744 ], [ 79.1639775, 29.535718 ], [ 79.1678606, 29.5346271 ], [ 79.1736353, 29.5351153 ], [ 79.1786542, 29.5346087 ], [ 79.1809526, 29.5330687 ], [ 79.1845842, 29.5318114 ], [ 79.1860194, 29.5305081 ], [ 79.1888499, 29.5300621 ], [ 79.1913661, 29.5277448 ], [ 79.1953807, 29.5254548 ], [ 79.1978917, 29.5223127 ], [ 79.1994209, 29.5217753 ], [ 79.2006156, 29.5206894 ], [ 79.2016155, 29.5202832 ], [ 79.2013442, 29.519102 ], [ 79.2007982, 29.5185084 ], [ 79.202226, 29.515761 ], [ 79.2016098, 29.5139341 ], [ 79.2019425, 29.5134848 ], [ 79.2042986, 29.5125584 ], [ 79.2083155, 29.513462 ], [ 79.2091149, 29.5120829 ], [ 79.2109828, 29.512973 ], [ 79.2121405, 29.51148 ], [ 79.2122259, 29.508654 ], [ 79.2118246, 29.5070563 ], [ 79.2104223, 29.5054298 ], [ 79.2085924, 29.5022558 ], [ 79.2120317, 29.4992535 ], [ 79.2134124, 29.4994075 ], [ 79.2134191, 29.5000585 ], [ 79.2142585, 29.5007048 ], [ 79.2155339, 29.500549 ], [ 79.2169985, 29.4987958 ], [ 79.2175108, 29.4985954 ], [ 79.2183003, 29.4996661 ], [ 79.2186619, 29.4991807 ], [ 79.2207164, 29.498884 ], [ 79.2241522, 29.4965352 ], [ 79.2253174, 29.4965277 ], [ 79.226135, 29.4959697 ], [ 79.2258019, 29.4943083 ], [ 79.2281874, 29.492647 ], [ 79.2284474, 29.4916878 ], [ 79.2277194, 29.4910569 ], [ 79.2277516, 29.4906781 ], [ 79.2314743, 29.4901732 ], [ 79.2325392, 29.4894595 ], [ 79.2334363, 29.4881308 ], [ 79.2366538, 29.4871462 ], [ 79.236278, 29.4863342 ], [ 79.2365782, 29.4861005 ], [ 79.2365265, 29.4847933 ], [ 79.2351609, 29.4834146 ], [ 79.2349193, 29.4822405 ], [ 79.2303145, 29.4810553 ], [ 79.2300684, 29.481484 ], [ 79.2293441, 29.4817064 ], [ 79.223511, 29.4798969 ], [ 79.2214691, 29.4804349 ], [ 79.2198509, 29.4802942 ], [ 79.2182168, 29.4834446 ], [ 79.2177359, 29.4858552 ], [ 79.2158891, 29.4872139 ], [ 79.2141866, 29.489829 ], [ 79.2113025, 29.4926837 ], [ 79.211203, 29.4931883 ], [ 79.2121235, 29.4948481 ], [ 79.2116734, 29.4962111 ], [ 79.2092357, 29.4982886 ], [ 79.2054607, 29.4985646 ], [ 79.2042503, 29.4995122 ], [ 79.2029191, 29.4999498 ], [ 79.2017836, 29.5012587 ], [ 79.1993648, 29.501489 ], [ 79.1984968, 29.5030848 ], [ 79.1970027, 29.5040932 ], [ 79.1959229, 29.505575 ], [ 79.1952435, 29.5073177 ], [ 79.1913393, 29.5066144 ], [ 79.1888327, 29.5069071 ], [ 79.185388, 29.5067172 ], [ 79.1827212, 29.5025541 ], [ 79.1830206, 29.4999547 ], [ 79.1819917, 29.4980687 ], [ 79.1786554, 29.4965962 ], [ 79.1779982, 29.4958775 ], [ 79.1777237, 29.4943459 ], [ 79.1739863, 29.4932819 ], [ 79.1703993, 29.4899729 ], [ 79.1699243, 29.4886144 ], [ 79.1688454, 29.488161 ], [ 79.1638496, 29.4889748 ], [ 79.1625846, 29.4886572 ], [ 79.1601747, 29.489899 ], [ 79.1571622, 29.4887678 ], [ 79.1557122, 29.4877245 ], [ 79.1537105, 29.4874617 ], [ 79.1501667, 29.4818631 ], [ 79.1492947, 29.4835026 ], [ 79.1466399, 29.4846199 ], [ 79.143459, 29.4867072 ], [ 79.14169, 29.4885063 ], [ 79.1415174, 29.4896007 ], [ 79.1415137, 29.4925117 ], [ 79.1416759, 29.4929161 ], [ 79.1425258, 29.4930966 ], [ 79.1398047, 29.4963818 ], [ 79.137472, 29.4986518 ], [ 79.1256573, 29.5072698 ], [ 79.1236564, 29.5083221 ], [ 79.1173572, 29.5127275 ], [ 79.1139406, 29.5158717 ], [ 79.1103702, 29.5207518 ], [ 79.1125858, 29.523838 ], [ 79.1129289, 29.5255634 ], [ 79.1124796, 29.5272214 ], [ 79.1125717, 29.5296239 ], [ 79.1135444, 29.5327478 ], [ 79.1127161, 29.5364418 ], [ 79.1112434, 29.5374973 ], [ 79.1104064, 29.5385563 ], [ 79.109942, 29.5420059 ], [ 79.1085909, 29.5441029 ], [ 79.1094162, 29.5449788 ], [ 79.1134118, 29.5466325 ], [ 79.1184904, 29.5484023 ], [ 79.1241631, 29.5495631 ], [ 79.1286425, 29.5481473 ], [ 79.1311718, 29.5485331 ], [ 79.1328341, 29.5483962 ], [ 79.1355515, 29.5501067 ], [ 79.1375963, 29.5524449 ], [ 79.1386978, 29.5528178 ], [ 79.1407613, 29.5526533 ], [ 79.141421, 29.5522738 ], [ 79.142722, 29.5512278 ] ] ] } },
{ "type": "Feature", "properties": { "gp_code": "23834", "gp_name": "KUNKHET", "blkname": "KOTABAG", "dtname": "Nainital", "SHAPE_Area": 621828.439978751 }, "geometry": { "type": "Polygon", "coordinates": [ [ [ 79.1639775, 29.535718 ], [ 79.1627401, 29.5341744 ], [ 79.1593694, 29.534836 ], [ 79.1554045, 29.5345532 ], [ 79.1533177, 29.5350788 ], [ 79.1520635, 29.5363803 ], [ 79.1487946, 29.5370574 ], [ 79.1477398, 29.5379136 ], [ 79.1494755, 29.5391919 ], [ 79.1586561, 29.538087 ], [ 79.1639775, 29.535718 ] ] ] } },
{ "type": "Feature", "properties": { "gp_code": "", "gp_name": "", "blkname": "RAMNAGAR", "dtname": "Nainital", "SHAPE_Area": 230596.15956364266 }, "geometry": { "type": "Polygon", "coordinates": [ [ [ 79.1080223, 29.5460295 ], [ 79.1018803, 29.5446361 ], [ 79.1008679, 29.5452258 ], [ 79.1010902, 29.5459619 ], [ 79.1052129, 29.5469943 ], [ 79.1075135, 29.548036 ], [ 79.1078211, 29.5506302 ], [ 79.1086806, 29.5514715 ], [ 79.1091921, 29.5515704 ], [ 79.1087495, 29.5500245 ], [ 79.1089365, 29.5485703 ], [ 79.1080223, 29.5460295 ] ] ] } },
{ "type": "Feature", "properties": { "gp_code": "23992", "gp_name": "CHUKAM", "blkname": "RAMNAGAR", "dtname": "Nainital", "SHAPE_Area": 2030721.25623642 }, "geometry": { "type": "Polygon", "coordinates": [ [ [ 79.1081825, 29.5447956 ], [ 79.109942, 29.5420059 ], [ 79.1104064, 29.5385563 ], [ 79.1112434, 29.5374973 ], [ 79.1127161, 29.5364418 ], [ 79.1135444, 29.5327478 ], [ 79.1125717, 29.5296239 ], [ 79.1124796, 29.5272214 ], [ 79.1129289, 29.5255634 ], [ 79.1127076, 29.5243234 ], [ 79.1120134, 29.5228652 ], [ 79.1106884, 29.5213585 ], [ 79.1094807, 29.5229318 ], [ 79.1072112, 29.5248708 ], [ 79.1067372, 29.5276905 ], [ 79.1059561, 29.5294172 ], [ 79.1063961, 29.5312939 ], [ 79.1060792, 29.5350296 ], [ 79.1067671, 29.5363393 ], [ 79.1059978, 29.5381652 ], [ 79.1032064, 29.5407957 ], [ 79.1006446, 29.5447395 ], [ 79.1008679, 29.5452258 ], [ 79.1018803, 29.5446361 ], [ 79.1080223, 29.5460295 ], [ 79.1081825, 29.5447956 ] ] ] } },
{ "type": "Feature", "properties": { "gp_code": "", "gp_name": "", "blkname": "RAMNAGAR", "dtname": "Nainital", "SHAPE_Area": 3846604.5293484107 }, "geometry": { "type": "Polygon", "coordinates": [ [ [ 78.9397014, 29.4345675 ], [ 78.9419688, 29.4344344 ], [ 78.9431179, 29.4346892 ], [ 78.9429195, 29.435332 ], [ 78.9402399, 29.4352645 ], [ 78.940276, 29.4358847 ], [ 78.947514, 29.4396125 ], [ 78.9515131, 29.4399528 ], [ 78.9528814, 29.4402526 ], [ 78.9534638, 29.4408728 ], [ 78.9576433, 29.4412196 ], [ 78.9655687, 29.4388949 ], [ 78.9668802, 29.4387728 ], [ 78.9697915, 29.4377121 ], [ 78.9711799, 29.436663 ], [ 78.9715658, 29.4348338 ], [ 78.9603104, 29.4303704 ], [ 78.9570536, 29.4296695 ], [ 78.9555851, 29.429999 ], [ 78.9533975, 29.4295099 ], [ 78.9520935, 29.4269997 ], [ 78.9456554, 29.429346 ], [ 78.9394617, 29.4329369 ], [ 78.939052, 29.4334444 ], [ 78.9397014, 29.4345675 ] ] ] } },
{ "type": "Feature", "properties": { "gp_code": "23995", "gp_name": "DHELA", "blkname": "RAMNAGAR", "dtname": "Nainital", "SHAPE_Area": 2522967.2073587435 }, "geometry": { "type": "Polygon", "coordinates": [ [ [ 78.9985583, 29.4226129 ], [ 78.9994382, 29.4222122 ], [ 78.9999948, 29.420834 ], [ 79.0000616, 29.4195516 ], [ 79.00069, 29.4186016 ], [ 79.0024381, 29.417568 ], [ 79.0034933, 29.4173114 ], [ 79.0061302, 29.4142549 ], [ 79.0075159, 29.4117135 ], [ 79.0099597, 29.4096036 ], [ 79.0103938, 29.4084375 ], [ 79.0102167, 29.4078255 ], [ 79.0089804, 29.4068882 ], [ 79.0067122, 29.4060242 ], [ 79.006065, 29.4053961 ], [ 79.0050358, 29.4051374 ], [ 79.0042152, 29.4053182 ], [ 79.0029458, 29.4066252 ], [ 79.0015202, 29.4065898 ], [ 79.0005166, 29.4069156 ], [ 78.9994486, 29.4076793 ], [ 78.9960773, 29.4089934 ], [ 78.9918497, 29.4128159 ], [ 78.9916266, 29.4148392 ], [ 78.9911199, 29.4161565 ], [ 78.9954108, 29.4192763 ], [ 78.99478, 29.4198991 ], [ 78.9951494, 29.4216965 ], [ 78.9961031, 29.4224788 ], [ 78.9970999, 29.4221941 ], [ 78.9985583, 29.4226129 ] ] ] } },
{ "type": "Feature", "properties": { "gp_code": "23998", "gp_name": "GANDHI NAGAR", "blkname": "RAMNAGAR", "dtname": "Nainital", "SHAPE_Area": 4524778.7524826908 }, "geometry": { "type": "Polygon", "coordinates": [ [ [ 79.0019763, 29.342115 ], [ 79.0003981, 29.3410928 ], [ 78.9999532, 29.3413528 ], [ 78.9972753, 29.3396355 ], [ 78.9955838, 29.3391672 ], [ 78.9939659, 29.3368244 ], [ 78.9936639, 29.335257 ], [ 78.9871595, 29.3358303 ], [ 78.9863533, 29.3347164 ], [ 78.9759289, 29.3361407 ], [ 78.9765989, 29.3378547 ], [ 78.9746246, 29.3383087 ], [ 78.9753203, 29.3399843 ], [ 78.9758222, 29.3400292 ], [ 78.9761732, 29.3420523 ], [ 78.9751176, 29.3417729 ], [ 78.9753346, 29.3437238 ], [ 78.9715682, 29.3433099 ], [ 78.9711746, 29.3440927 ], [ 78.9724989, 29.3472161 ], [ 78.9744865, 29.354204 ], [ 79.0019763, 29.342115 ] ] ] } },
{ "type": "Feature", "properties": { "gp_code": "", "gp_name": "", "blkname": "RAMNAGAR", "dtname": "Nainital", "SHAPE_Area": 1616499.1496591973 }, "geometry": { "type": "Polygon", "coordinates": [ [ [ 79.0186622, 29.3254087 ], [ 79.0167485, 29.3246793 ], [ 79.0147969, 29.3233805 ], [ 79.0134908, 29.3233399 ], [ 79.011448, 29.3248018 ], [ 79.0086337, 29.3260596 ], [ 79.0047078, 29.3260619 ], [ 79.0042047, 29.3264175 ], [ 79.0038636, 29.3273718 ], [ 79.0034532, 29.3275153 ], [ 79.001894, 29.3269548 ], [ 79.00287, 29.3292692 ], [ 79.0019381, 29.33308 ], [ 79.0006132, 29.3348158 ], [ 79.0011062, 29.3368176 ], [ 79.0036003, 29.3395817 ], [ 79.0060996, 29.3402638 ], [ 79.007531, 29.3398249 ], [ 79.0110457, 29.3363399 ], [ 79.0096654, 29.3354039 ], [ 79.0092821, 29.3340467 ], [ 79.0087705, 29.3335654 ], [ 79.0086907, 29.3321835 ], [ 79.0091512, 29.331469 ], [ 79.0086746, 29.3304034 ], [ 79.0096328, 29.3281247 ], [ 79.0115108, 29.3274698 ], [ 79.0129509, 29.3255526 ], [ 79.0157308, 29.3257489 ], [ 79.0186622, 29.3254087 ] ] ] } },
{ "type": "Feature", "properties": { "gp_code": "", "gp_name": "", "blkname": "RAMNAGAR", "dtname": "Nainital", "SHAPE_Area": 659786.46555686742 }, "geometry": { "type": "Polygon", "coordinates": [ [ [ 79.0147969, 29.3233805 ], [ 79.01445, 29.3226236 ], [ 79.0120233, 29.3233862 ], [ 79.0090732, 29.3251616 ], [ 79.008227, 29.3250698 ], [ 79.0065155, 29.3237728 ], [ 79.0037841, 29.3207593 ], [ 79.0020535, 29.3195199 ], [ 79.0007581, 29.32269 ], [ 78.9965414, 29.325988 ], [ 78.9998932, 29.3261729 ], [ 79.0034532, 29.3275153 ], [ 79.0038636, 29.3273718 ], [ 79.0042047, 29.3264175 ], [ 79.0047078, 29.3260619 ], [ 79.0086337, 29.3260596 ], [ 79.011448, 29.3248018 ], [ 79.0134908, 29.3233399 ], [ 79.0147969, 29.3233805 ] ] ] } },
{ "type": "Feature", "properties": { "gp_code": "259893", "gp_name": "Anand Nagar", "blkname": "RAMNAGAR", "dtname": "Nainital", "SHAPE_Area": 2383886.6116796103 }, "geometry": { "type": "Polygon", "coordinates": [ [ [ 78.9965414, 29.325988 ], [ 79.0007581, 29.32269 ], [ 79.0020535, 29.3195199 ], [ 78.9994849, 29.3184413 ], [ 78.9979712, 29.3196224 ], [ 78.9967036, 29.3214453 ], [ 78.9953144, 29.3226752 ], [ 78.9929265, 29.3235153 ], [ 78.990694, 29.3217276 ], [ 78.9889515, 29.3215524 ], [ 78.9881406, 29.3211332 ], [ 78.9880811, 29.3205873 ], [ 78.989033, 29.3199465 ], [ 78.9890355, 29.3196171 ], [ 78.9878924, 29.318783 ], [ 78.9873333, 29.3175472 ], [ 78.9858658, 29.3165148 ], [ 78.9841672, 29.316583 ], [ 78.9822317, 29.3161258 ], [ 78.9796509, 29.3171349 ], [ 78.9790665, 29.316887 ], [ 78.9788345, 29.3160187 ], [ 78.9781346, 29.3160054 ], [ 78.9737856, 29.3169318 ], [ 78.9743573, 29.3183861 ], [ 78.974564, 29.3201769 ], [ 78.9759419, 29.3230229 ], [ 78.9774509, 29.3248652 ], [ 78.9791912, 29.3258187 ], [ 78.9840919, 29.3261486 ], [ 78.9868224, 29.3268074 ], [ 78.9872159, 29.3248573 ], [ 78.9878466, 29.3251323 ], [ 78.9906106, 29.3245357 ], [ 78.9919008, 29.3259245 ], [ 78.9938695, 29.3254659 ], [ 78.9944878, 29.3263994 ], [ 78.9965414, 29.325988 ] ] ] } },
{ "type": "Feature", "properties": { "gp_code": "24001", "gp_name": "GOPAL NAGAR", "blkname": "RAMNAGAR", "dtname": "Nainital", "SHAPE_Area": 2205670.913020635 }, "geometry": { "type": "Polygon", "coordinates": [ [ [ 79.0019763, 29.342115 ], [ 79.0060996, 29.3402638 ], [ 79.0030999, 29.3392196 ], [ 79.0011062, 29.3368176 ], [ 79.0006225, 29.3351134 ], [ 79.0019381, 29.33308 ], [ 79.0026529, 29.3307966 ], [ 79.0028379, 29.32891 ], [ 79.001894, 29.3269548 ], [ 79.0006873, 29.3263831 ], [ 78.9983352, 29.3260098 ], [ 78.9955377, 29.3260155 ], [ 78.9944878, 29.3263994 ], [ 78.9938695, 29.3254659 ], [ 78.9919008, 29.3259245 ], [ 78.9906697, 29.3245425 ], [ 78.9878466, 29.3251323 ], [ 78.9871824, 29.3248798 ], [ 78.9868224, 29.3268074 ], [ 78.9879404, 29.3272501 ], [ 78.990093, 29.3291912 ], [ 78.9914175, 29.3320033 ], [ 78.9936639, 29.335257 ], [ 78.9942158, 29.3372935 ], [ 78.9955838, 29.3391672 ], [ 78.9972753, 29.3396355 ], [ 78.9999532, 29.3413528 ], [ 79.0003981, 29.3410928 ], [ 79.0019763, 29.342115 ] ] ] } },
{ "type": "Feature", "properties": { "gp_code": "24000", "gp_name": "GAUTAM NAGAR", "blkname": "RAMNAGAR", "dtname": "Nainital", "SHAPE_Area": 1357734.7763837432 }, "geometry": { "type": "Polygon", "coordinates": [ [ [ 78.9788394, 29.3339566 ], [ 78.9784577, 29.3322244 ], [ 78.9804061, 29.3319825 ], [ 78.9795895, 29.3305415 ], [ 78.9806239, 29.3297969 ], [ 78.9802736, 29.3293392 ], [ 78.9796148, 29.3294679 ], [ 78.9804124, 29.3288271 ], [ 78.9799543, 29.3286423 ], [ 78.9801497, 29.3283287 ], [ 78.9791912, 29.3258187 ], [ 78.9774509, 29.3248652 ], [ 78.9726691, 29.3255928 ], [ 78.9723007, 29.3247696 ], [ 78.9702828, 29.324504 ], [ 78.9704581, 29.3255212 ], [ 78.9690013, 29.3255351 ], [ 78.9691432, 29.3266763 ], [ 78.9672129, 29.3269361 ], [ 78.9680113, 29.3286862 ], [ 78.9700833, 29.3286519 ], [ 78.9706115, 29.3304652 ], [ 78.9684855, 29.3306393 ], [ 78.9687407, 29.3316452 ], [ 78.9696596, 29.3316473 ], [ 78.9714988, 29.3356571 ], [ 78.9733855, 29.3354491 ], [ 78.973344, 29.3345627 ], [ 78.9788394, 29.3339566 ] ] ] } },
{ "type": "Feature", "properties": { "gp_code": "", "gp_name": "", "blkname": "RAMNAGAR", "dtname": "Nainital", "SHAPE_Area": 1448461.3263372297 }, "geometry": { "type": "Polygon", "coordinates": [ [ [ 78.9936639, 29.335257 ], [ 78.9914175, 29.3320033 ], [ 78.990093, 29.3291912 ], [ 78.9879404, 29.3272501 ], [ 78.9840919, 29.3261486 ], [ 78.9791912, 29.3258187 ], [ 78.9801497, 29.3283287 ], [ 78.9799543, 29.3286423 ], [ 78.9804124, 29.3288271 ], [ 78.9796148, 29.3294679 ], [ 78.9802736, 29.3293392 ], [ 78.9806239, 29.3297969 ], [ 78.9795895, 29.3305415 ], [ 78.9804061, 29.3319825 ], [ 78.9784216, 29.3323102 ], [ 78.9788394, 29.3339566 ], [ 78.9791948, 29.3346782 ], [ 78.9795965, 29.3347954 ], [ 78.9797667, 29.3355667 ], [ 78.9863533, 29.3347164 ], [ 78.9871595, 29.3358303 ], [ 78.9936639, 29.335257 ] ] ] } },
{ "type": "Feature", "properties": { "gp_code": "23989", "gp_name": "CHANDRA NAGAR", "blkname": "RAMNAGAR", "dtname": "Nainital", "SHAPE_Area": 2366550.0704252534 }, "geometry": { "type": "Polygon", "coordinates": [ [ [ 78.9680113, 29.3286862 ], [ 78.9672129, 29.3269361 ], [ 78.9691432, 29.3266763 ], [ 78.9690013, 29.3255351 ], [ 78.9704581, 29.3255212 ], [ 78.9702828, 29.324504 ], [ 78.9723007, 29.3247696 ], [ 78.9726691, 29.3255928 ], [ 78.9774509, 29.3248652 ], [ 78.9759419, 29.3230229 ], [ 78.9751152, 29.3214285 ], [ 78.9737856, 29.3169318 ], [ 78.9563933, 29.317923 ], [ 78.957987, 29.3206835 ], [ 78.9617393, 29.3309114 ], [ 78.9653938, 29.3290635 ], [ 78.9680113, 29.3286862 ] ] ] } },
{ "type": "Feature", "properties": { "gp_code": "24013", "gp_name": "MALDHAN CHAUR", "blkname": "RAMNAGAR", "dtname": "Nainital", "SHAPE_Area": 3241510.4113668185 }, "geometry": { "type": "Polygon", "coordinates": [ [ [ 78.9744865, 29.354204 ], [ 78.9712261, 29.3437701 ], [ 78.9715682, 29.3433099 ], [ 78.9753346, 29.3437238 ], [ 78.9751176, 29.3417729 ], [ 78.9761732, 29.3420523 ], [ 78.9758222, 29.3400292 ], [ 78.9753203, 29.3399843 ], [ 78.9746246, 29.3383087 ], [ 78.9765989, 29.3378547 ], [ 78.9759289, 29.3361407 ], [ 78.9797667, 29.3355667 ], [ 78.9795965, 29.3347954 ], [ 78.9791948, 29.3346782 ], [ 78.9788394, 29.3339566 ], [ 78.9736863, 29.3344972 ], [ 78.9732617, 29.3346506 ], [ 78.9733855, 29.3354491 ], [ 78.971594, 29.3356976 ], [ 78.9696596, 29.3316473 ], [ 78.9687407, 29.3316452 ], [ 78.9684855, 29.3306393 ], [ 78.9706115, 29.3304652 ], [ 78.9700833, 29.3286519 ], [ 78.9653938, 29.3290635 ], [ 78.9617393, 29.3309114 ], [ 78.9623012, 29.3341953 ], [ 78.9609371, 29.3348609 ], [ 78.9640522, 29.3464219 ], [ 78.9698148, 29.350088 ], [ 78.97201, 29.3552412 ], [ 78.9744865, 29.354204 ] ] ] } },
{ "type": "Feature", "properties": { "gp_code": "", "gp_name": "", "blkname": "RAMNAGAR", "dtname": "Nainital", "SHAPE_Area": 1640659.0838029378 }, "geometry": { "type": "Polygon", "coordinates": [ [ [ 79.0419776, 29.2725089 ], [ 79.0398339, 29.2704473 ], [ 79.0383783, 29.2705932 ], [ 79.0379351, 29.2699703 ], [ 79.0377626, 29.2676119 ], [ 79.0405111, 29.2655543 ], [ 79.0404939, 29.2639638 ], [ 79.039142, 29.2634043 ], [ 79.0379138, 29.2630832 ], [ 79.0357758, 29.2635085 ], [ 79.0347185, 29.2632489 ], [ 79.032283, 29.2638481 ], [ 79.0299979, 29.2652074 ], [ 79.0276689, 29.2686501 ], [ 79.0283892, 29.2700802 ], [ 79.0301077, 29.270042 ], [ 79.0311572, 29.2705021 ], [ 79.0316137, 29.2711855 ], [ 79.0317217, 29.2727418 ], [ 79.0335215, 29.2741301 ], [ 79.0338757, 29.2760768 ], [ 79.0356295, 29.2762656 ], [ 79.0372451, 29.2775879 ], [ 79.0419776, 29.2725089 ] ] ] } },
{ "type": "Feature", "properties": { "gp_code": "24030", "gp_name": "THARI", "blkname": "RAMNAGAR", "dtname": "Nainital", "SHAPE_Area": 1889090.051477703 }, "geometry": { "type": "Polygon", "coordinates": [ [ [ 79.0516592, 29.2744735 ], [ 79.0509462, 29.2735673 ], [ 79.0490618, 29.273118 ], [ 79.0455212, 29.273097 ], [ 79.0443856, 29.2736443 ], [ 79.0434966, 29.2736648 ], [ 79.0424717, 29.2732077 ], [ 79.0419776, 29.2725089 ], [ 79.0372451, 29.2775879 ], [ 79.0384423, 29.279973 ], [ 79.0382341, 29.2809327 ], [ 79.0375024, 29.2817403 ], [ 79.0373611, 29.2830274 ], [ 79.0396817, 29.2843681 ], [ 79.0402013, 29.2850481 ], [ 79.0417877, 29.2855043 ], [ 79.0422881, 29.2846815 ], [ 79.0439123, 29.2832561 ], [ 79.0459989, 29.28293 ], [ 79.0483275, 29.2832417 ], [ 79.0505207, 29.285935 ], [ 79.0501745, 29.2841419 ], [ 79.0520969, 29.2815761 ], [ 79.0519593, 29.2803511 ], [ 79.0513493, 29.2794327 ], [ 79.0504095, 29.2793627 ], [ 79.0500447, 29.2790384 ], [ 79.0493494, 29.2777458 ], [ 79.0516592, 29.2744735 ] ] ] } },
{ "type": "Feature", "properties": { "gp_code": "24021", "gp_name": "PIPALSANA", "blkname": "RAMNAGAR", "dtname": "Nainital", "SHAPE_Area": 3165868.5816329452 }, "geometry": { "type": "Polygon", "coordinates": [ [ [ 79.0423998, 29.2865064 ], [ 79.0417877, 29.2855043 ], [ 79.0402013, 29.2850481 ], [ 79.0396817, 29.2843681 ], [ 79.0373611, 29.2830274 ], [ 79.0375024, 29.2817403 ], [ 79.0382341, 29.2809327 ], [ 79.0384423, 29.279973 ], [ 79.0368798, 29.2770509 ], [ 79.0356295, 29.2762656 ], [ 79.0338757, 29.2760768 ], [ 79.0335215, 29.2741301 ], [ 79.0317217, 29.2727418 ], [ 79.0316137, 29.2711855 ], [ 79.0311572, 29.2705021 ], [ 79.0301077, 29.270042 ], [ 79.0283892, 29.2700802 ], [ 79.0276689, 29.2686501 ], [ 79.027187, 29.2702141 ], [ 79.0225134, 29.2755 ], [ 79.022144, 29.279116 ], [ 79.0293461, 29.2861216 ], [ 79.0345084, 29.2918979 ], [ 79.0423998, 29.2865064 ] ] ] } },
{ "type": "Feature", "properties": { "gp_code": "", "gp_name": "", "blkname": "RAMNAGAR", "dtname": "Nainital", "SHAPE_Area": 4069798.2983552692 }, "geometry": { "type": "Polygon", "coordinates": [ [ [ 79.0495993, 29.3179446 ], [ 79.0502291, 29.3129123 ], [ 79.0506992, 29.3126902 ], [ 79.0523273, 29.3127389 ], [ 79.0541192, 29.3132286 ], [ 79.0550676, 29.3130449 ], [ 79.0512463, 29.3080905 ], [ 79.039695, 29.2965627 ], [ 79.0373854, 29.2950489 ], [ 79.0418339, 29.3111362 ], [ 79.032469, 29.3147995 ], [ 79.0368331, 29.3195937 ], [ 79.0429455, 29.3171064 ], [ 79.0433884, 29.3186234 ], [ 79.040378, 29.3198275 ], [ 79.0380116, 29.3211722 ], [ 79.0491181, 29.3290307 ], [ 79.0495993, 29.3179446 ] ] ] } },
{ "type": "Feature", "properties": { "gp_code": "24006", "gp_name": "KANDHALA", "blkname": "RAMNAGAR", "dtname": "Nainital", "SHAPE_Area": 3624082.7252342142 }, "geometry": { "type": "Polygon", "coordinates": [ [ [ 79.0611033, 29.2895675 ], [ 79.0618416, 29.287242 ], [ 79.0617877, 29.286525 ], [ 79.0594606, 29.2828242 ], [ 79.0598422, 29.2815107 ], [ 79.0582486, 29.2770978 ], [ 79.0538164, 29.2746625 ], [ 79.0528422, 29.2738095 ], [ 79.0516592, 29.2744735 ], [ 79.0493494, 29.2777458 ], [ 79.0500447, 29.2790384 ], [ 79.0504095, 29.2793627 ], [ 79.0513493, 29.2794327 ], [ 79.0519593, 29.2803511 ], [ 79.0520969, 29.2815761 ], [ 79.0501745, 29.2841419 ], [ 79.0505207, 29.285935 ], [ 79.0483275, 29.2832417 ], [ 79.0459989, 29.28293 ], [ 79.0439123, 29.2832561 ], [ 79.0422881, 29.2846815 ], [ 79.0417877, 29.2855043 ], [ 79.0447398, 29.2909947 ], [ 79.0475316, 29.2893908 ], [ 79.0489863, 29.2908726 ], [ 79.0496852, 29.2943051 ], [ 79.0503644, 29.2953403 ], [ 79.0548609, 29.2974828 ], [ 79.0558746, 29.2987341 ], [ 79.0584065, 29.2981597 ], [ 79.0575287, 29.29711 ], [ 79.0590386, 29.2951724 ], [ 79.0591294, 29.2928923 ], [ 79.0611033, 29.2895675 ] ] ] } },
{ "type": "Feature", "properties": { "gp_code": "24024", "gp_name": "SAKHANPUR", "blkname": "RAMNAGAR", "dtname": "Nainital", "SHAPE_Area": 5794799.0145067098 }, "geometry": { "type": "Polygon", "coordinates": [ [ [ 79.0654468, 29.3230881 ], [ 79.063368, 29.3180353 ], [ 79.0635467, 29.3171085 ], [ 79.068947, 29.31314 ], [ 79.0736773, 29.3106092 ], [ 79.0758751, 29.3097916 ], [ 79.0670346, 29.3084014 ], [ 79.0638581, 29.3053162 ], [ 79.0568655, 29.2999586 ], [ 79.0564482, 29.2986169 ], [ 79.0558746, 29.2987341 ], [ 79.0548609, 29.2974828 ], [ 79.0503644, 29.2953403 ], [ 79.0496852, 29.2943051 ], [ 79.0489863, 29.2908726 ], [ 79.0475316, 29.2893908 ], [ 79.0447398, 29.2909947 ], [ 79.0423998, 29.2865064 ], [ 79.0345084, 29.2918979 ], [ 79.0363356, 29.2945337 ], [ 79.039695, 29.2965627 ], [ 79.0512463, 29.3080905 ], [ 79.0550676, 29.3130449 ], [ 79.0563453, 29.313095 ], [ 79.0576214, 29.3139532 ], [ 79.0603864, 29.3184772 ], [ 79.060115, 29.3189646 ], [ 79.0604213, 29.3197682 ], [ 79.0609647, 29.3201723 ], [ 79.0614233, 29.3200087 ], [ 79.0641888, 29.322313 ], [ 79.0646826, 29.3233818 ], [ 79.0654468, 29.3230881 ] ] ] } },
{ "type": "Feature", "properties": { "gp_code": "260179", "gp_name": "Rajpura", "blkname": "RAMNAGAR", "dtname": "Nainital", "SHAPE_Area": 3689461.992032853 }, "geometry": { "type": "Polygon", "coordinates": [ [ [ 79.05744, 29.2755161 ], [ 79.0589848, 29.2726738 ], [ 79.0604289, 29.272249 ], [ 79.061331, 29.2700165 ], [ 79.0609558, 29.2692542 ], [ 79.0592056, 29.2685009 ], [ 79.0587662, 29.2665259 ], [ 79.0565114, 29.2642951 ], [ 79.0552204, 29.2619105 ], [ 79.0531785, 29.2610476 ], [ 79.0511389, 29.2619 ], [ 79.0494619, 29.2616605 ], [ 79.0472848, 29.2603645 ], [ 79.0466352, 29.259071 ], [ 79.0438022, 29.2578968 ], [ 79.0433301, 29.2567692 ], [ 79.0437088, 29.255625 ], [ 79.041772, 29.254175 ], [ 79.0415044, 29.2576776 ], [ 79.0418063, 29.2593125 ], [ 79.0412276, 29.2607799 ], [ 79.0390857, 29.262712 ], [ 79.0404343, 29.2636931 ], [ 79.0405111, 29.2655543 ], [ 79.0377626, 29.2676119 ], [ 79.0380576, 29.2702821 ], [ 79.0383783, 29.2705932 ], [ 79.0398339, 29.2704473 ], [ 79.0415568, 29.2718363 ], [ 79.0424717, 29.2732077 ], [ 79.0434966, 29.2736648 ], [ 79.0443856, 29.2736443 ], [ 79.0455212, 29.273097 ], [ 79.0490618, 29.273118 ], [ 79.0509462, 29.2735673 ], [ 79.0516592, 29.2744735 ], [ 79.0528422, 29.2738095 ], [ 79.0538164, 29.2746625 ], [ 79.0565261, 29.2759427 ], [ 79.05744, 29.2755161 ] ] ] } },
{ "type": "Feature", "properties": { "gp_code": "23665", "gp_name": "BHUMIA DHAR", "blkname": "RAMNAGAR", "dtname": "Nainital", "SHAPE_Area": 467191.92486120947 }, "geometry": { "type": "Polygon", "coordinates": [ [ [ 79.0825908, 29.3158798 ], [ 79.0823939, 29.3152066 ], [ 79.0798109, 29.3165161 ], [ 79.0807589, 29.3198037 ], [ 79.08221, 29.3228419 ], [ 79.0832631, 29.3240808 ], [ 79.0839045, 29.3263534 ], [ 79.0861426, 29.3261957 ], [ 79.0858559, 29.3244894 ], [ 79.0843165, 29.3222378 ], [ 79.0847034, 29.3184887 ], [ 79.084479, 29.3174645 ], [ 79.0825908, 29.3158798 ] ] ] } },
{ "type": "Feature", "properties": { "gp_code": "23987", "gp_name": "BHAWANIPUR BARI", "blkname": "RAMNAGAR", "dtname": "Nainital", "SHAPE_Area": 1384384.7429513782 }, "geometry": { "type": "Polygon", "coordinates": [ [ [ 79.0781702, 29.3315121 ], [ 79.0833112, 29.3297233 ], [ 79.0835573, 29.3307759 ], [ 79.0841121, 29.3313791 ], [ 79.0860308, 29.3301825 ], [ 79.0885041, 29.3295801 ], [ 79.0880293, 29.3290265 ], [ 79.0862398, 29.3282163 ], [ 79.0864074, 29.3268007 ], [ 79.0861426, 29.3261957 ], [ 79.0812083, 29.3267231 ], [ 79.0793362, 29.3228296 ], [ 79.0792397, 29.3233055 ], [ 79.0785635, 29.3238407 ], [ 79.0763098, 29.3230254 ], [ 79.0747763, 29.3234303 ], [ 79.0707011, 29.3251998 ], [ 79.0690985, 29.3262437 ], [ 79.0760711, 29.3329544 ], [ 79.0781702, 29.3315121 ] ] ] } },
{ "type": "Feature", "properties": { "gp_code": "24008", "gp_name": "KARANPUR", "blkname": "RAMNAGAR", "dtname": "Nainital", "SHAPE_Area": 554435.21634546947 }, "geometry": { "type": "Polygon", "coordinates": [ [ [ 79.0798109, 29.3165161 ], [ 79.0774658, 29.3159299 ], [ 79.074946, 29.3180376 ], [ 79.0750488, 29.3187847 ], [ 79.0767919, 29.3200972 ], [ 79.0782628, 29.3220814 ], [ 79.0795165, 29.3229815 ], [ 79.0812083, 29.3267231 ], [ 79.0839045, 29.3263534 ], [ 79.0832631, 29.3240808 ], [ 79.08221, 29.3228419 ], [ 79.0807589, 29.3198037 ], [ 79.0798109, 29.3165161 ] ] ] } },
{ "type": "Feature", "properties": { "gp_code": "24031", "gp_name": "UDAIPUR CHOPARA", "blkname": "RAMNAGAR", "dtname": "Nainital", "SHAPE_Area": 2160680.0008072983 }, "geometry": { "type": "Polygon", "coordinates": [ [ [ 79.086995, 29.3475142 ], [ 79.0828131, 29.3427251 ], [ 79.07905, 29.3373368 ], [ 79.0770143, 29.3387391 ], [ 79.076336, 29.339695 ], [ 79.0736349, 29.3371818 ], [ 79.0699524, 29.3344566 ], [ 79.0687415, 29.332633 ], [ 79.0680385, 29.3321852 ], [ 79.0680861, 29.3313273 ], [ 79.0660612, 29.3335453 ], [ 79.0672111, 29.335283 ], [ 79.0654595, 29.3367546 ], [ 79.0683235, 29.3398077 ], [ 79.068321, 29.3401305 ], [ 79.0718034, 29.3433193 ], [ 79.0751144, 29.3470498 ], [ 79.0791896, 29.3504618 ], [ 79.0819273, 29.3489021 ], [ 79.084592, 29.3478569 ], [ 79.086995, 29.3475142 ] ] ] } },
{ "type": "Feature", "properties": { "gp_code": "259887", "gp_name": "dayarampur", "blkname": "RAMNAGAR", "dtname": "Nainital", "SHAPE_Area": 4010238.1013892726 }, "geometry": { "type": "Polygon", "coordinates": [ [ [ 79.0932956, 29.3497508 ], [ 79.0916011, 29.3477143 ], [ 79.0913571, 29.3467142 ], [ 79.0935507, 29.3458305 ], [ 79.0947987, 29.344736 ], [ 79.0966628, 29.3442029 ], [ 79.0941697, 29.3413743 ], [ 79.0895673, 29.3439975 ], [ 79.0892421, 29.3439116 ], [ 79.0875786, 29.3414857 ], [ 79.0867049, 29.34086 ], [ 79.0883368, 29.3403159 ], [ 79.0869552, 29.3386104 ], [ 79.0865774, 29.3355202 ], [ 79.0870581, 29.3348644 ], [ 79.0983499, 29.3305409 ], [ 79.0975953, 29.3293693 ], [ 79.0941718, 29.3259007 ], [ 79.0937608, 29.3248359 ], [ 79.091782, 29.3233164 ], [ 79.0911087, 29.3202696 ], [ 79.0905773, 29.319283 ], [ 79.087709, 29.3176927 ], [ 79.0859477, 29.3151119 ], [ 79.0837813, 29.316726 ], [ 79.084479, 29.3174645 ], [ 79.0847034, 29.3184887 ], [ 79.0843165, 29.3222378 ], [ 79.0858559, 29.3244894 ], [ 79.085935, 29.3259324 ], [ 79.0864074, 29.3268007 ], [ 79.0862398, 29.3282163 ], [ 79.0880293, 29.3290265 ], [ 79.0885041, 29.3295801 ], [ 79.0860308, 29.3301825 ], [ 79.0841121, 29.3313791 ], [ 79.0835573, 29.3307759 ], [ 79.0833112, 29.3297233 ], [ 79.0781702, 29.3315121 ], [ 79.0760711, 29.3329544 ], [ 79.077448, 29.3343666 ], [ 79.0815828, 29.3411287 ], [ 79.086995, 29.3475142 ], [ 79.0879883, 29.3473404 ], [ 79.0896967, 29.3493174 ], [ 79.0905831, 29.3494125 ], [ 79.0913766, 29.3509004 ], [ 79.0917956, 29.3509028 ], [ 79.0932265, 29.3523209 ], [ 79.0941092, 29.3519145 ], [ 79.0932956, 29.3497508 ] ] ] } },
{ "type": "Feature", "properties": { "gp_code": "24027", "gp_name": "TADA MALLU", "blkname": "RAMNAGAR", "dtname": "Nainital", "SHAPE_Area": 770610.90203247871 }, "geometry": { "type": "Polygon", "coordinates": [ [ [ 79.0941697, 29.3413743 ], [ 79.0941532, 29.3401452 ], [ 79.0929281, 29.337725 ], [ 79.0919236, 29.3330378 ], [ 79.0870581, 29.3348644 ], [ 79.0864735, 29.3360319 ], [ 79.0869552, 29.3386104 ], [ 79.0883368, 29.3403159 ], [ 79.0867049, 29.34086 ], [ 79.0875786, 29.3414857 ], [ 79.0888667, 29.3435785 ], [ 79.0895673, 29.3439975 ], [ 79.0941697, 29.3413743 ] ] ] } },
{ "type": "Feature", "properties": { "gp_code": "24032", "gp_name": "UDAIPURI BANDOBASTI", "blkname": "RAMNAGAR", "dtname": "Nainital", "SHAPE_Area": 1525134.1759580686 }, "geometry": { "type": "Polygon", "coordinates": [ [ [ 79.1070672, 29.3427201 ], [ 79.1041356, 29.3408938 ], [ 79.1033263, 29.3400065 ], [ 79.1021637, 29.3350838 ], [ 79.1015991, 29.3338292 ], [ 79.0983499, 29.3305409 ], [ 79.0919236, 29.3330378 ], [ 79.0929281, 29.337725 ], [ 79.0941532, 29.3401452 ], [ 79.0941697, 29.3413743 ], [ 79.0966628, 29.3442029 ], [ 79.1010536, 29.3422398 ], [ 79.1070672, 29.3427201 ] ] ] } },
{ "type": "Feature", "properties": { "gp_code": "24004", "gp_name": "JASSA GANJA", "blkname": "RAMNAGAR", "dtname": "Nainital", "SHAPE_Area": 3604657.4611814404 }, "geometry": { "type": "Polygon", "coordinates": [ [ [ 79.1144314, 29.3515869 ], [ 79.1127961, 29.3481887 ], [ 79.1088615, 29.345272 ], [ 79.1070672, 29.3427201 ], [ 79.1067352, 29.3429604 ], [ 79.1064993, 29.3443712 ], [ 79.1056817, 29.346033 ], [ 79.106267, 29.3496659 ], [ 79.1016794, 29.3493539 ], [ 79.1000949, 29.3497095 ], [ 79.0989014, 29.3504189 ], [ 79.0988734, 29.3522153 ], [ 79.099232, 29.3529463 ], [ 79.0981304, 29.3553094 ], [ 79.099966, 29.3592512 ], [ 79.1041977, 29.3625944 ], [ 79.1063343, 29.3650017 ], [ 79.1085121, 29.3668623 ], [ 79.1099336, 29.3654513 ], [ 79.1129097, 29.3637233 ], [ 79.115243, 29.3617681 ], [ 79.115677, 29.3609821 ], [ 79.1135062, 29.3580399 ], [ 79.1154865, 29.3575798 ], [ 79.1178956, 29.356174 ], [ 79.1174154, 29.3556703 ], [ 79.1168314, 29.3539725 ], [ 79.1144314, 29.3515869 ] ] ] } },
{ "type": "Feature", "properties": { "gp_code": "24029", "gp_name": "TELIPURA", "blkname": "RAMNAGAR", "dtname": "Nainital", "SHAPE_Area": 455377.53576184099 }, "geometry": { "type": "Polygon", "coordinates": [ [ [ 79.111169, 29.3768219 ], [ 79.1148322, 29.3769047 ], [ 79.1170845, 29.3740564 ], [ 79.1181652, 29.3735416 ], [ 79.1158155, 29.3717973 ], [ 79.1147482, 29.371479 ], [ 79.1106184, 29.3724716 ], [ 79.1093419, 29.3733368 ], [ 79.1097545, 29.3737947 ], [ 79.1095423, 29.3743793 ], [ 79.111169, 29.3768219 ] ] ] } },
{ "type": "Feature", "properties": { "gp_code": "24014", "gp_name": "MANGLAR", "blkname": "RAMNAGAR", "dtname": "Nainital", "SHAPE_Area": 2015154.8012330956 }, "geometry": { "type": "Polygon", "coordinates": [ [ [ 79.1196072, 29.3723779 ], [ 79.1203028, 29.3706633 ], [ 79.1220118, 29.369553 ], [ 79.1224192, 29.3686571 ], [ 79.1211508, 29.3673614 ], [ 79.1211092, 29.3627657 ], [ 79.1199144, 29.3584502 ], [ 79.1196515, 29.3578239 ], [ 79.1178956, 29.356174 ], [ 79.1154865, 29.3575798 ], [ 79.1135062, 29.3580399 ], [ 79.115677, 29.3609821 ], [ 79.115243, 29.3617681 ], [ 79.1137013, 29.3631158 ], [ 79.1099336, 29.3654513 ], [ 79.1085121, 29.3668623 ], [ 79.1082712, 29.3703758 ], [ 79.1093419, 29.3733368 ], [ 79.1106184, 29.3724716 ], [ 79.1147482, 29.371479 ], [ 79.1158155, 29.3717973 ], [ 79.1181652, 29.3735416 ], [ 79.1196072, 29.3723779 ] ] ] } },
{ "type": "Feature", "properties": { "gp_code": "259919", "gp_name": "Nayagaon Chauhan", "blkname": "RAMNAGAR", "dtname": "Nainital", "SHAPE_Area": 315112.12794605939 }, "geometry": { "type": "Polygon", "coordinates": [ [ [ 79.1092731, 29.3725684 ], [ 79.1061744, 29.371705 ], [ 79.1049012, 29.3721145 ], [ 79.1028507, 29.374199 ], [ 79.1047584, 29.3757651 ], [ 79.1080731, 29.377393 ], [ 79.1080849, 29.376371 ], [ 79.1097545, 29.3737947 ], [ 79.1093419, 29.3733368 ], [ 79.1092731, 29.3725684 ] ] ] } },
{ "type": "Feature", "properties": { "gp_code": "23990", "gp_name": "CHILKIYA", "blkname": "RAMNAGAR", "dtname": "Nainital", "SHAPE_Area": 2414474.5622054818 }, "geometry": { "type": "Polygon", "coordinates": [ [ [ 79.1092731, 29.3725684 ], [ 79.1082712, 29.3703758 ], [ 79.1085121, 29.3668623 ], [ 79.1063343, 29.3650017 ], [ 79.1041977, 29.3625944 ], [ 79.099966, 29.3592512 ], [ 79.0993175, 29.3580917 ], [ 79.0959079, 29.3606503 ], [ 79.0933634, 29.3598749 ], [ 79.0915841, 29.3598403 ], [ 79.0907878, 29.3595168 ], [ 79.0897587, 29.359661 ], [ 79.0893407, 29.3618738 ], [ 79.0896438, 29.3644065 ], [ 79.0946321, 29.3685093 ], [ 79.0989808, 29.371148 ], [ 79.1038366, 29.3734625 ], [ 79.1049012, 29.3721145 ], [ 79.1061744, 29.371705 ], [ 79.1092731, 29.3725684 ] ] ] } },
{ "type": "Feature", "properties": { "gp_code": "", "gp_name": "", "blkname": "RAMNAGAR", "dtname": "Nainital", "SHAPE_Area": 1505020.7718079628 }, "geometry": { "type": "Polygon", "coordinates": [ [ [ 79.106267, 29.3496659 ], [ 79.1056817, 29.346033 ], [ 79.1064993, 29.3443712 ], [ 79.1067352, 29.3429604 ], [ 79.1070672, 29.3427201 ], [ 79.1010536, 29.3422398 ], [ 79.0947987, 29.344736 ], [ 79.0935507, 29.3458305 ], [ 79.0913571, 29.3467142 ], [ 79.0916011, 29.3477143 ], [ 79.093767, 29.3506054 ], [ 79.0941092, 29.3519145 ], [ 79.0982502, 29.3551669 ], [ 79.099232, 29.3529463 ], [ 79.0988734, 29.3522153 ], [ 79.0989014, 29.3504189 ], [ 79.0991411, 29.3501468 ], [ 79.1016794, 29.3493539 ], [ 79.106267, 29.3496659 ] ] ] } },
{ "type": "Feature", "properties": { "gp_code": "", "gp_name": "", "blkname": "RAMNAGAR", "dtname": "Nainital", "SHAPE_Area": 1874111.7587604281 }, "geometry": { "type": "Polygon", "coordinates": [ [ [ 79.0993175, 29.3580917 ], [ 79.0982502, 29.3551669 ], [ 79.0941092, 29.3519145 ], [ 79.0932265, 29.3523209 ], [ 79.0926594, 29.3519359 ], [ 79.0917956, 29.3509028 ], [ 79.0913766, 29.3509004 ], [ 79.0905831, 29.3494125 ], [ 79.0896967, 29.3493174 ], [ 79.0879883, 29.3473404 ], [ 79.084592, 29.3478569 ], [ 79.0819273, 29.3489021 ], [ 79.0791896, 29.3504618 ], [ 79.0855952, 29.3556473 ], [ 79.0859647, 29.3554881 ], [ 79.0866485, 29.3558294 ], [ 79.0894402, 29.3585883 ], [ 79.089846, 29.3591775 ], [ 79.0897587, 29.359661 ], [ 79.0907878, 29.3595168 ], [ 79.0915841, 29.3598403 ], [ 79.0933634, 29.3598749 ], [ 79.0959079, 29.3606503 ], [ 79.0993175, 29.3580917 ] ] ] } },
{ "type": "Feature", "properties": { "gp_code": "23984", "gp_name": "BASAI", "blkname": "RAMNAGAR", "dtname": "Nainital", "SHAPE_Area": 2804463.2504439605 }, "geometry": { "type": "Polygon", "coordinates": [ [ [ 79.089846, 29.3591775 ], [ 79.0866485, 29.3558294 ], [ 79.0859647, 29.3554881 ], [ 79.0855952, 29.3556473 ], [ 79.0765106, 29.3483487 ], [ 79.0718034, 29.3433193 ], [ 79.068321, 29.3401305 ], [ 79.0683235, 29.3398077 ], [ 79.0654595, 29.3367546 ], [ 79.0637948, 29.3377863 ], [ 79.0689093, 29.3420262 ], [ 79.0664207, 29.3435521 ], [ 79.0607642, 29.349521 ], [ 79.0631694, 29.3507505 ], [ 79.0779294, 29.3567335 ], [ 79.0862052, 29.3591862 ], [ 79.0880469, 29.3591527 ], [ 79.0897587, 29.359661 ], [ 79.089846, 29.3591775 ] ] ] } },
{ "type": "Feature", "properties": { "gp_code": "24016", "gp_name": "NARAYANPUR MULIYA", "blkname": "RAMNAGAR", "dtname": "Nainital", "SHAPE_Area": 1038265.1678470949 }, "geometry": { "type": "Polygon", "coordinates": [ [ [ 79.0828984, 29.3581846 ], [ 79.0779294, 29.3567335 ], [ 79.0685173, 29.35295 ], [ 79.0661283, 29.3574964 ], [ 79.0700392, 29.3592388 ], [ 79.0698235, 29.358474 ], [ 79.0702667, 29.3574752 ], [ 79.0716352, 29.3578399 ], [ 79.0781363, 29.3637289 ], [ 79.0828984, 29.3581846 ] ] ] } },
{ "type": "Feature", "properties": { "gp_code": "259919", "gp_name": "Nayagaon Chauhan", "blkname": "RAMNAGAR", "dtname": "Nainital", "SHAPE_Area": 1368712.2529881063 }, "geometry": { "type": "Polygon", "coordinates": [ [ [ 79.0888997, 29.3592749 ], [ 79.0862052, 29.3591862 ], [ 79.0828984, 29.3581846 ], [ 79.0781363, 29.3637289 ], [ 79.0811714, 29.365192 ], [ 79.0818772, 29.3658406 ], [ 79.0822322, 29.3680393 ], [ 79.0842085, 29.3687925 ], [ 79.0847617, 29.3693759 ], [ 79.0813999, 29.3696499 ], [ 79.0858652, 29.3730307 ], [ 79.0869425, 29.3734395 ], [ 79.0880536, 29.3671725 ], [ 79.088679, 29.3656689 ], [ 79.0896438, 29.3644065 ], [ 79.0893407, 29.3618738 ], [ 79.0897587, 29.359661 ], [ 79.0888997, 29.3592749 ] ] ] } },
{ "type": "Feature", "properties": { "gp_code": "23789", "gp_name": "KHANWAL KATAN", "blkname": "RAMNAGAR", "dtname": "Nainital", "SHAPE_Area": 463679.41006094316 }, "geometry": { "type": "Polygon", "coordinates": [ [ [ 79.0849462, 29.3730186 ], [ 79.0858652, 29.3730307 ], [ 79.0813999, 29.3696499 ], [ 79.077881, 29.3718125 ], [ 79.0761007, 29.373793 ], [ 79.0764354, 29.3744607 ], [ 79.077491, 29.3751514 ], [ 79.0813729, 29.3758476 ], [ 79.0825482, 29.3745873 ], [ 79.0849462, 29.3730186 ] ] ] } },
{ "type": "Feature", "properties": { "gp_code": "24016", "gp_name": "NARAYANPUR MULIYA", "blkname": "RAMNAGAR", "dtname": "Nainital", "SHAPE_Area": 661317.05831297173 }, "geometry": { "type": "Polygon", "coordinates": [ [ [ 79.0786768, 29.3663461 ], [ 79.0771277, 29.3661236 ], [ 79.076811, 29.3665338 ], [ 79.0755181, 29.3669843 ], [ 79.0729199, 29.3695642 ], [ 79.0714962, 29.3715968 ], [ 79.0732285, 29.3725135 ], [ 79.0753005, 29.3729835 ], [ 79.0761007, 29.373793 ], [ 79.077881, 29.3718125 ], [ 79.0799438, 29.3703197 ], [ 79.0813999, 29.3696499 ], [ 79.0847617, 29.3693759 ], [ 79.0842085, 29.3687925 ], [ 79.0786768, 29.3663461 ] ] ] } },
{ "type": "Feature", "properties": { "gp_code": "", "gp_name": "", "blkname": "RAMNAGAR", "dtname": "Nainital", "SHAPE_Area": 1091830.8099510062 }, "geometry": { "type": "Polygon", "coordinates": [ [ [ 79.0781363, 29.3637289 ], [ 79.0718481, 29.3579976 ], [ 79.0702667, 29.3574752 ], [ 79.0698235, 29.358474 ], [ 79.0700392, 29.3592388 ], [ 79.068316, 29.3585015 ], [ 79.0667408, 29.36289 ], [ 79.064445, 29.3623269 ], [ 79.0644139, 29.3641438 ], [ 79.0639065, 29.3645526 ], [ 79.0694316, 29.3653791 ], [ 79.0768413, 29.3659715 ], [ 79.080111, 29.3667842 ], [ 79.0822322, 29.3680393 ], [ 79.0818772, 29.3658406 ], [ 79.0807381, 29.3648828 ], [ 79.0781363, 29.3637289 ] ] ] } },
{ "type": "Feature", "properties": { "gp_code": "", "gp_name": "", "blkname": "RAMNAGAR", "dtname": "Nainital", "SHAPE_Area": 879400.95352611016 }, "geometry": { "type": "Polygon", "coordinates": [ [ [ 79.0593711, 29.3684551 ], [ 79.0586022, 29.3676467 ], [ 79.0584276, 29.3663919 ], [ 79.0565785, 29.3660861 ], [ 79.0553993, 29.3648347 ], [ 79.0537468, 29.3642706 ], [ 79.0533318, 29.3635125 ], [ 79.0473534, 29.3655234 ], [ 79.0473936, 29.367812 ], [ 79.0496571, 29.3692371 ], [ 79.0502231, 29.3702723 ], [ 79.0502589, 29.3724585 ], [ 79.0511241, 29.3727706 ], [ 79.0549921, 29.3713345 ], [ 79.0556347, 29.3708676 ], [ 79.0566758, 29.3691371 ], [ 79.057798, 29.3682999 ], [ 79.0593711, 29.3684551 ] ] ] } },
{ "type": "Feature", "properties": { "gp_code": "23994", "gp_name": "DHARAMPUR AOULIA", "blkname": "RAMNAGAR", "dtname": "Nainital", "SHAPE_Area": 4477284.2722235024 }, "geometry": { "type": "Polygon", "coordinates": [ [ [ 79.0632281, 29.3687153 ], [ 79.0639065, 29.3645526 ], [ 79.0644139, 29.3641438 ], [ 79.064445, 29.3623269 ], [ 79.0667408, 29.36289 ], [ 79.068316, 29.3585015 ], [ 79.0661283, 29.3574964 ], [ 79.0685173, 29.35295 ], [ 79.0623023, 29.35032 ], [ 79.0583616, 29.3478269 ], [ 79.0543227, 29.3500849 ], [ 79.0582502, 29.3539449 ], [ 79.0556414, 29.3579812 ], [ 79.0523694, 29.3570881 ], [ 79.0472504, 29.3543203 ], [ 79.0463791, 29.3533197 ], [ 79.0451979, 29.3528882 ], [ 79.0449493, 29.3509859 ], [ 79.0442095, 29.3513598 ], [ 79.0422249, 29.3533873 ], [ 79.0394731, 29.356591 ], [ 79.0396403, 29.3574224 ], [ 79.0457898, 29.3648406 ], [ 79.0473534, 29.3655234 ], [ 79.0533318, 29.3635125 ], [ 79.0537468, 29.3642706 ], [ 79.0553993, 29.3648347 ], [ 79.0565785, 29.3660861 ], [ 79.0584276, 29.3663919 ], [ 79.0586022, 29.3676467 ], [ 79.0593711, 29.3684551 ], [ 79.0607887, 29.3678623 ], [ 79.062569, 29.3689235 ], [ 79.0632281, 29.3687153 ] ] ] } },
{ "type": "Feature", "properties": { "gp_code": "23988", "gp_name": "BHAWANIPUR KHULBE", "blkname": "RAMNAGAR", "dtname": "Nainital", "SHAPE_Area": 1807711.879585742 }, "geometry": { "type": "Polygon", "coordinates": [ [ [ 79.0449493, 29.3509859 ], [ 79.0451979, 29.3528882 ], [ 79.0463791, 29.3533197 ], [ 79.0472504, 29.3543203 ], [ 79.0523694, 29.3570881 ], [ 79.0556414, 29.3579812 ], [ 79.0582502, 29.3539449 ], [ 79.0543227, 29.3500849 ], [ 79.0583616, 29.3478269 ], [ 79.050234, 29.3419443 ], [ 79.0467684, 29.3471321 ], [ 79.0459467, 29.3495443 ], [ 79.0449493, 29.3509859 ] ] ] } },
{ "type": "Feature", "properties": { "gp_code": "259885", "gp_name": "dulepuri", "blkname": "RAMNAGAR", "dtname": "Nainital", "SHAPE_Area": 996143.4374157039 }, "geometry": { "type": "Polygon", "coordinates": [ [ [ 79.0653978, 29.3305194 ], [ 79.0644706, 29.3292085 ], [ 79.06228, 29.3300906 ], [ 79.0590574, 29.3269471 ], [ 79.057698, 29.3274379 ], [ 79.0544827, 29.3299423 ], [ 79.0637948, 29.3377863 ], [ 79.0672111, 29.335283 ], [ 79.0660612, 29.3335453 ], [ 79.0680861, 29.3313273 ], [ 79.0653978, 29.3305194 ] ] ] } },
{ "type": "Feature", "properties": { "gp_code": "", "gp_name": "", "blkname": "RAMNAGAR", "dtname": "Nainital", "SHAPE_Area": 468124.55639631825 }, "geometry": { "type": "Polygon", "coordinates": [ [ [ 79.07905, 29.3373368 ], [ 79.0788131, 29.3364182 ], [ 79.0778298, 29.3349581 ], [ 79.0759538, 29.334118 ], [ 79.0707268, 29.3332416 ], [ 79.0699962, 29.3317511 ], [ 79.068952, 29.3312704 ], [ 79.0680861, 29.3313273 ], [ 79.0680385, 29.3321852 ], [ 79.0687415, 29.332633 ], [ 79.0699524, 29.3344566 ], [ 79.0736349, 29.3371818 ], [ 79.076336, 29.339695 ], [ 79.0770143, 29.3387391 ], [ 79.07905, 29.3373368 ] ] ] } },
{ "type": "Feature", "properties": { "gp_code": "259924", "gp_name": "Dharmpur Kathiapul", "blkname": "RAMNAGAR", "dtname": "Nainital", "SHAPE_Area": 242774.04597139091 }, "geometry": { "type": "Polygon", "coordinates": [ [ [ 79.0778298, 29.3349581 ], [ 79.0731811, 29.3301793 ], [ 79.068952, 29.3312704 ], [ 79.0699962, 29.3317511 ], [ 79.0707268, 29.3332416 ], [ 79.0759538, 29.334118 ], [ 79.0778298, 29.3349581 ] ] ] } },
{ "type": "Feature", "properties": { "gp_code": "259924", "gp_name": "Dharmpur Kathiapul", "blkname": "RAMNAGAR", "dtname": "Nainital", "SHAPE_Area": 1964672.9855502513 }, "geometry": { "type": "Polygon", "coordinates": [ [ [ 79.0707011, 29.3251998 ], [ 79.0765528, 29.3230519 ], [ 79.0785635, 29.3238407 ], [ 79.0792397, 29.3233055 ], [ 79.0793362, 29.3228296 ], [ 79.0782628, 29.3220814 ], [ 79.0767919, 29.3200972 ], [ 79.0750488, 29.3187847 ], [ 79.074946, 29.3180376 ], [ 79.0774658, 29.3159299 ], [ 79.0798109, 29.3165161 ], [ 79.0823939, 29.3152066 ], [ 79.081102, 29.3139011 ], [ 79.0800732, 29.3111414 ], [ 79.0771417, 29.3099595 ], [ 79.0758751, 29.3097916 ], [ 79.0736773, 29.3106092 ], [ 79.068947, 29.31314 ], [ 79.0724228, 29.318765 ], [ 79.0733961, 29.3186577 ], [ 79.074906, 29.3194814 ], [ 79.0720222, 29.3225869 ], [ 79.0697988, 29.3206055 ], [ 79.0659986, 29.3153422 ], [ 79.0633724, 29.3174585 ], [ 79.063368, 29.3180353 ], [ 79.0654468, 29.3230881 ], [ 79.0690985, 29.3262437 ], [ 79.0707011, 29.3251998 ] ] ] } },
{ "type": "Feature", "properties": { "gp_code": "23987", "gp_name": "BHAWANIPUR BARI", "blkname": "RAMNAGAR", "dtname": "Nainital", "SHAPE_Area": 475397.50905721326 }, "geometry": { "type": "Polygon", "coordinates": [ [ [ 79.074906, 29.3194814 ], [ 79.0733961, 29.3186577 ], [ 79.0724228, 29.318765 ], [ 79.068947, 29.31314 ], [ 79.0659986, 29.3153422 ], [ 79.0697988, 29.3206055 ], [ 79.0720222, 29.3225869 ], [ 79.074906, 29.3194814 ] ] ] } },
{ "type": "Feature", "properties": { "gp_code": "24002", "gp_name": "HIMMATPUR BLOCK", "blkname": "RAMNAGAR", "dtname": "Nainital", "SHAPE_Area": 2533215.6261709747 }, "geometry": { "type": "Polygon", "coordinates": [ [ [ 79.0471123, 29.3338101 ], [ 79.0526152, 29.3290364 ], [ 79.0540277, 29.3303504 ], [ 79.057698, 29.3274379 ], [ 79.0590574, 29.3269471 ], [ 79.06228, 29.3300906 ], [ 79.0644706, 29.3292085 ], [ 79.0653978, 29.3305194 ], [ 79.0680861, 29.3313273 ], [ 79.0731811, 29.3301793 ], [ 79.0654468, 29.3230881 ], [ 79.0646826, 29.3233818 ], [ 79.062406, 29.3220679 ], [ 79.0580105, 29.3207026 ], [ 79.0535028, 29.3187204 ], [ 79.0495993, 29.3179446 ], [ 79.0491181, 29.3290307 ], [ 79.0471123, 29.3338101 ] ] ] } },
{ "type": "Feature", "properties": { "gp_code": "", "gp_name": "", "blkname": "RAMNAGAR", "dtname": "Nainital", "SHAPE_Area": 917203.06962378614 }, "geometry": { "type": "Polygon", "coordinates": [ [ [ 79.0563453, 29.313095 ], [ 79.0541192, 29.3132286 ], [ 79.0523273, 29.3127389 ], [ 79.0506992, 29.3126902 ], [ 79.0502291, 29.3129123 ], [ 79.0495993, 29.3179446 ], [ 79.0535028, 29.3187204 ], [ 79.0580105, 29.3207026 ], [ 79.062406, 29.3220679 ], [ 79.0646826, 29.3233818 ], [ 79.0641888, 29.322313 ], [ 79.0614233, 29.3200087 ], [ 79.0609647, 29.3201723 ], [ 79.0604213, 29.3197682 ], [ 79.060115, 29.3189646 ], [ 79.0603864, 29.3184772 ], [ 79.0576214, 29.3139532 ], [ 79.0563453, 29.313095 ] ] ] } },
{ "type": "Feature", "properties": { "gp_code": "24022", "gp_name": "PIRUMDARA", "blkname": "RAMNAGAR", "dtname": "Nainital", "SHAPE_Area": 3328507.9665596834 }, "geometry": { "type": "Polygon", "coordinates": [ [ [ 79.0689093, 29.3420262 ], [ 79.0544827, 29.3299423 ], [ 79.0540277, 29.3303504 ], [ 79.0526152, 29.3290364 ], [ 79.0471123, 29.3338101 ], [ 79.0455185, 29.3386899 ], [ 79.0568177, 29.346467 ], [ 79.0607642, 29.349521 ], [ 79.0664207, 29.3435521 ], [ 79.0689093, 29.3420262 ] ] ] } },
{ "type": "Feature", "properties": { "gp_code": "", "gp_name": "", "blkname": "RAMNAGAR", "dtname": "Nainital", "SHAPE_Area": 2022468.8724841462 }, "geometry": { "type": "Polygon", "coordinates": [ [ [ 79.050234, 29.3419443 ], [ 79.0369946, 29.3330948 ], [ 79.0353882, 29.3316771 ], [ 79.0343885, 29.3382617 ], [ 79.0332434, 29.3377659 ], [ 79.032595, 29.337938 ], [ 79.0350143, 29.3402602 ], [ 79.0377179, 29.3447646 ], [ 79.0443909, 29.3489013 ], [ 79.0451319, 29.3497368 ], [ 79.0449493, 29.3509859 ], [ 79.0459467, 29.3495443 ], [ 79.0467684, 29.3471321 ], [ 79.050234, 29.3419443 ] ] ] } },
{ "type": "Feature", "properties": { "gp_code": "23988", "gp_name": "BHAWANIPUR KHULBE", "blkname": "RAMNAGAR", "dtname": "Nainital", "SHAPE_Area": 22554763.321276788 }, "geometry": { "type": "Polygon", "coordinates": [ [ [ 79.0449493, 29.3509859 ], [ 79.0451319, 29.3497368 ], [ 79.0443909, 29.3489013 ], [ 79.0377179, 29.3447646 ], [ 79.0350143, 29.3402602 ], [ 79.032595, 29.337938 ], [ 79.0332434, 29.3377659 ], [ 79.0343885, 29.3382617 ], [ 79.0353882, 29.3316771 ], [ 79.0369946, 29.3330948 ], [ 79.0455185, 29.3386899 ], [ 79.0469928, 29.3341224 ], [ 79.0491181, 29.3290307 ], [ 79.0380116, 29.3211722 ], [ 79.040378, 29.3198275 ], [ 79.0433884, 29.3186234 ], [ 79.0429455, 29.3171064 ], [ 79.0368331, 29.3195937 ], [ 79.032469, 29.3147995 ], [ 79.0418339, 29.3111362 ], [ 79.0373854, 29.2950489 ], [ 79.0363356, 29.2945337 ], [ 79.0345084, 29.2918979 ], [ 79.0307773, 29.2876435 ], [ 79.022144, 29.279116 ], [ 79.0222493, 29.2821049 ], [ 79.0185807, 29.2836817 ], [ 79.0165975, 29.2852363 ], [ 79.0123874, 29.2900078 ], [ 79.0150549, 29.2927377 ], [ 79.0157347, 29.2941149 ], [ 79.0171976, 29.2954644 ], [ 79.0295351, 29.3053922 ], [ 79.0229518, 29.3085504 ], [ 79.0284976, 29.313155 ], [ 79.0284581, 29.3134939 ], [ 79.0267506, 29.3181698 ], [ 79.0222772, 29.3225353 ], [ 79.0186622, 29.3254087 ], [ 79.0157308, 29.3257489 ], [ 79.0129509, 29.3255526 ], [ 79.0115108, 29.3274698 ], [ 79.0096328, 29.3281247 ], [ 79.0086746, 29.3304034 ], [ 79.0091512, 29.331469 ], [ 79.0086907, 29.3321835 ], [ 79.0087705, 29.3335654 ], [ 79.0092821, 29.3340467 ], [ 79.0096654, 29.3354039 ], [ 79.0110457, 29.3363399 ], [ 79.007531, 29.3398249 ], [ 79.0039919, 29.3412101 ], [ 79.0063088, 29.3433304 ], [ 79.0078372, 29.3454673 ], [ 79.007702, 29.3488725 ], [ 79.0080744, 29.3502478 ], [ 79.0103922, 29.3506436 ], [ 79.0129139, 29.3500215 ], [ 79.0140355, 29.3500549 ], [ 79.0160593, 29.3510237 ], [ 79.0186106, 29.3504814 ], [ 79.0218956, 29.3530251 ], [ 79.022837, 29.3528448 ], [ 79.024483, 29.3517656 ], [ 79.0260585, 29.351908 ], [ 79.0268442, 29.3522581 ], [ 79.0281329, 29.3541785 ], [ 79.0295503, 29.35517 ], [ 79.0304886, 29.3553882 ], [ 79.0320221, 29.3570444 ], [ 79.032627, 29.357234 ], [ 79.0353909, 29.3566662 ], [ 79.0361976, 29.3582117 ], [ 79.0386677, 29.3603252 ], [ 79.0398171, 29.3607039 ], [ 79.0407634, 29.3598861 ], [ 79.0417734, 29.3600003 ], [ 79.0396403, 29.3574224 ], [ 79.0394731, 29.356591 ], [ 79.0422249, 29.3533873 ], [ 79.0442095, 29.3513598 ], [ 79.0449493, 29.3509859 ] ] ] } },
{ "type": "Feature", "properties": { "gp_code": "24011", "gp_name": "LACHAMPUR THEIR", "blkname": "RAMNAGAR", "dtname": "Nainital", "SHAPE_Area": 5104156.3009375492 }, "geometry": { "type": "Polygon", "coordinates": [ [ [ 79.0719557, 29.3822768 ], [ 79.0735044, 29.3807761 ], [ 79.0745753, 29.3802333 ], [ 79.078839, 29.379868 ], [ 79.0815816, 29.3764636 ], [ 79.0813729, 29.3758476 ], [ 79.077491, 29.3751514 ], [ 79.0764354, 29.3744607 ], [ 79.0756135, 29.3731689 ], [ 79.0732285, 29.3725135 ], [ 79.0714962, 29.3715968 ], [ 79.0748169, 29.367545 ], [ 79.076811, 29.3665338 ], [ 79.0771277, 29.3661236 ], [ 79.0768413, 29.3659715 ], [ 79.0694316, 29.3653791 ], [ 79.0639065, 29.3645526 ], [ 79.0632281, 29.3687153 ], [ 79.062222, 29.3688938 ], [ 79.0607887, 29.3678623 ], [ 79.0593711, 29.3684551 ], [ 79.057798, 29.3682999 ], [ 79.0566758, 29.3691371 ], [ 79.0556347, 29.3708676 ], [ 79.0549921, 29.3713345 ], [ 79.0516819, 29.3724818 ], [ 79.0502771, 29.3733253 ], [ 79.0514976, 29.3747763 ], [ 79.0521545, 29.3767591 ], [ 79.0544599, 29.3789541 ], [ 79.0575745, 29.379882 ], [ 79.0641846, 29.3781289 ], [ 79.0633303, 29.381962 ], [ 79.0653253, 29.3819632 ], [ 79.0657941, 29.3827866 ], [ 79.065796, 29.3848799 ], [ 79.0661808, 29.3858275 ], [ 79.067298, 29.3864918 ], [ 79.0692364, 29.386904 ], [ 79.0712124, 29.3878191 ], [ 79.0719488, 29.3893814 ], [ 79.0722784, 29.3894261 ], [ 79.0733561, 29.387983 ], [ 79.0742301, 29.3860832 ], [ 79.0741612, 29.3852373 ], [ 79.0734367, 29.3839321 ], [ 79.0719557, 29.3822768 ] ] ] } },
{ "type": "Feature", "properties": { "gp_code": "24003", "gp_name": "HIMMATPUR DOTIYAL", "blkname": "RAMNAGAR", "dtname": "Nainital", "SHAPE_Area": 3272590.3904239 }, "geometry": { "type": "Polygon", "coordinates": [ [ [ 79.0677944, 29.4024549 ], [ 79.0734303, 29.4013146 ], [ 79.0755637, 29.4017702 ], [ 79.0781473, 29.4012127 ], [ 79.0804966, 29.4019724 ], [ 79.0819658, 29.401139 ], [ 79.0848574, 29.4005719 ], [ 79.0862069, 29.3994292 ], [ 79.0881068, 29.3993502 ], [ 79.0885797, 29.3966829 ], [ 79.088348, 29.3964104 ], [ 79.0845788, 29.3958373 ], [ 79.0830181, 29.3943969 ], [ 79.0821068, 29.3941255 ], [ 79.0813748, 29.3945778 ], [ 79.080486, 29.3942018 ], [ 79.0793388, 29.3956537 ], [ 79.0777011, 29.3950739 ], [ 79.0774827, 29.3952057 ], [ 79.0777817, 29.3959395 ], [ 79.0773561, 29.3961272 ], [ 79.0759999, 29.3957106 ], [ 79.0744676, 29.3970423 ], [ 79.0736287, 29.3968746 ], [ 79.0732747, 29.3962514 ], [ 79.0735386, 29.3943113 ], [ 79.071811, 29.393502 ], [ 79.0712618, 29.3923152 ], [ 79.0714581, 29.3906822 ], [ 79.0705802, 29.3905836 ], [ 79.0702746, 29.3901664 ], [ 79.0702934, 29.3892316 ], [ 79.0708263, 29.3886375 ], [ 79.0711528, 29.3894288 ], [ 79.0719488, 29.3893814 ], [ 79.0712124, 29.3878191 ], [ 79.0692364, 29.386904 ], [ 79.067298, 29.3864918 ], [ 79.0661808, 29.3858275 ], [ 79.065796, 29.3848799 ], [ 79.0656318, 29.3822559 ], [ 79.0653253, 29.3819632 ], [ 79.0633303, 29.381962 ], [ 79.0641846, 29.3781289 ], [ 79.0575745, 29.379882 ], [ 79.0590397, 29.3808568 ], [ 79.0591431, 29.3836364 ], [ 79.0560174, 29.3862932 ], [ 79.0596072, 29.3882899 ], [ 79.0625908, 29.387854 ], [ 79.0638127, 29.3890512 ], [ 79.0673768, 29.3946825 ], [ 79.0676792, 29.3956351 ], [ 79.0682048, 29.3994457 ], [ 79.0677944, 29.4024549 ] ] ] } },
{ "type": "Feature", "properties": { "gp_code": "259927", "gp_name": "Sawal Deh East", "blkname": "RAMNAGAR", "dtname": "Nainital", "SHAPE_Area": 5428169.6488565356 }, "geometry": { "type": "Polygon", "coordinates": [ [ [ 79.0677944, 29.4024549 ], [ 79.0682048, 29.3994457 ], [ 79.0676792, 29.3956351 ], [ 79.0673768, 29.3946825 ], [ 79.0638127, 29.3890512 ], [ 79.0625908, 29.387854 ], [ 79.0596072, 29.3882899 ], [ 79.0560174, 29.3862932 ], [ 79.0529112, 29.3884659 ], [ 79.0523585, 29.3893392 ], [ 79.0521619, 29.3912505 ], [ 79.0511475, 29.3929978 ], [ 79.0439945, 29.4001406 ], [ 79.0436519, 29.4012941 ], [ 79.0438715, 29.4062359 ], [ 79.0445149, 29.4073687 ], [ 79.0455691, 29.4083444 ], [ 79.0489096, 29.4106871 ], [ 79.0520019, 29.4092595 ], [ 79.0542968, 29.4087399 ], [ 79.0577983, 29.4073462 ], [ 79.0622402, 29.4046281 ], [ 79.0645171, 29.4047704 ], [ 79.0651995, 29.4044825 ], [ 79.0677944, 29.4024549 ] ] ] } },
{ "type": "Feature", "properties": { "gp_code": "", "gp_name": "", "blkname": "RAMNAGAR", "dtname": "Nainital", "SHAPE_Area": 840254857.10016465 }, "geometry": { "type": "Polygon", "coordinates": [ [ [ 79.0370968, 29.5845433 ], [ 79.0412312, 29.5849149 ], [ 79.04308, 29.5842565 ], [ 79.045986, 29.5825878 ], [ 79.0482992, 29.5823826 ], [ 79.0503527, 29.5809064 ], [ 79.0565042, 29.5794791 ], [ 79.0576376, 29.5796345 ], [ 79.0577671, 29.5812476 ], [ 79.0590949, 29.5819251 ], [ 79.060372, 29.5818334 ], [ 79.0624817, 29.5804069 ], [ 79.0636474, 29.5800417 ], [ 79.0650782, 29.5802484 ], [ 79.0666418, 29.5797613 ], [ 79.0701817, 29.5804763 ], [ 79.0719166, 29.5798414 ], [ 79.0730158, 29.5807655 ], [ 79.075302, 29.5803818 ], [ 79.0763666, 29.5821491 ], [ 79.0768765, 29.5822264 ], [ 79.0773642, 29.5814851 ], [ 79.07833, 29.5812921 ], [ 79.0788736, 29.5806503 ], [ 79.0815196, 29.5795492 ], [ 79.0827628, 29.5782912 ], [ 79.083984, 29.5780749 ], [ 79.0854649, 29.5772648 ], [ 79.0866683, 29.5756097 ], [ 79.0883234, 29.5742547 ], [ 79.090616, 29.572953 ], [ 79.0908265, 29.5713419 ], [ 79.0906383, 29.5680169 ], [ 79.0931636, 29.5678574 ], [ 79.0968868, 29.5642796 ], [ 79.098914, 29.5628357 ], [ 79.1020114, 29.5615411 ], [ 79.1040635, 29.5601193 ], [ 79.108278, 29.5594591 ], [ 79.1096338, 29.5588225 ], [ 79.1102677, 29.5579376 ], [ 79.1105786, 29.5567708 ], [ 79.1112139, 29.5560686 ], [ 79.1113735, 29.554901 ], [ 79.1106793, 29.5532875 ], [ 79.1099186, 29.5539227 ], [ 79.1093048, 29.5534011 ], [ 79.1091921, 29.5515704 ], [ 79.1086806, 29.5514715 ], [ 79.1078211, 29.5506302 ], [ 79.1075135, 29.548036 ], [ 79.1052129, 29.5469943 ], [ 79.1010902, 29.5459619 ], [ 79.1006446, 29.5447395 ], [ 79.1032064, 29.5407957 ], [ 79.1059978, 29.5381652 ], [ 79.1067671, 29.5363393 ], [ 79.1060792, 29.5350296 ], [ 79.1063961, 29.5312939 ], [ 79.1059561, 29.5294172 ], [ 79.1067372, 29.5276905 ], [ 79.1072112, 29.5248708 ], [ 79.1100645, 29.5223397 ], [ 79.1106884, 29.5213585 ], [ 79.1103691, 29.520897 ], [ 79.1105378, 29.5205109 ], [ 79.1139406, 29.5158717 ], [ 79.115939, 29.513929 ], [ 79.1184411, 29.5118869 ], [ 79.1256573, 29.5072698 ], [ 79.137472, 29.4986518 ], [ 79.1398047, 29.4963818 ], [ 79.1425258, 29.4930966 ], [ 79.1416759, 29.4929161 ], [ 79.1415137, 29.4925117 ], [ 79.14169, 29.4885063 ], [ 79.143459, 29.4867072 ], [ 79.1455139, 29.4852913 ], [ 79.1492947, 29.4835026 ], [ 79.1501667, 29.4818631 ], [ 79.1537105, 29.4874617 ], [ 79.1557122, 29.4877245 ], [ 79.1571622, 29.4887678 ], [ 79.1601747, 29.489899 ], [ 79.1625846, 29.4886572 ], [ 79.1638496, 29.4889748 ], [ 79.1688454, 29.488161 ], [ 79.1699243, 29.4886144 ], [ 79.1703993, 29.4899729 ], [ 79.1739863, 29.4932819 ], [ 79.1777237, 29.4943459 ], [ 79.1779982, 29.4958775 ], [ 79.1786554, 29.4965962 ], [ 79.1819917, 29.4980687 ], [ 79.1825852, 29.4987559 ], [ 79.1830206, 29.4999547 ], [ 79.1827212, 29.5025541 ], [ 79.185388, 29.5067172 ], [ 79.1888327, 29.5069071 ], [ 79.1913393, 29.5066144 ], [ 79.1952435, 29.5073177 ], [ 79.1959229, 29.505575 ], [ 79.1970027, 29.5040932 ], [ 79.1984968, 29.5030848 ], [ 79.1993648, 29.501489 ], [ 79.2017836, 29.5012587 ], [ 79.2029191, 29.4999498 ], [ 79.2042503, 29.4995122 ], [ 79.2054607, 29.4985646 ], [ 79.2092357, 29.4982886 ], [ 79.2116734, 29.4962111 ], [ 79.2121235, 29.4948481 ], [ 79.211203, 29.4931883 ], [ 79.2113025, 29.4926837 ], [ 79.2141866, 29.489829 ], [ 79.2158891, 29.4872139 ], [ 79.2177359, 29.4858552 ], [ 79.2182168, 29.4834446 ], [ 79.2198509, 29.4802942 ], [ 79.2214691, 29.4804349 ], [ 79.223511, 29.4798969 ], [ 79.2293441, 29.4817064 ], [ 79.2300684, 29.481484 ], [ 79.2303145, 29.4810553 ], [ 79.2305069, 29.4800141 ], [ 79.2296622, 29.4789516 ], [ 79.2285445, 29.478541 ], [ 79.2281472, 29.4775982 ], [ 79.2294981, 29.4765865 ], [ 79.2238742, 29.4789217 ], [ 79.2212038, 29.4786554 ], [ 79.220285, 29.4790644 ], [ 79.2173328, 29.4774895 ], [ 79.2170761, 29.4770481 ], [ 79.2176938, 29.4759439 ], [ 79.2189564, 29.4766837 ], [ 79.2227101, 29.473456 ], [ 79.2258807, 29.472551 ], [ 79.2266807, 29.4714952 ], [ 79.2302723, 29.4712191 ], [ 79.2338149, 29.4720916 ], [ 79.2351786, 29.4729292 ], [ 79.2376901, 29.4733812 ], [ 79.2410284, 29.4719364 ], [ 79.2419836, 29.4719757 ], [ 79.2428362, 29.4711043 ], [ 79.2429592, 29.4701408 ], [ 79.2421775, 29.4702818 ], [ 79.2417071, 29.4690962 ], [ 79.2385349, 29.4684414 ], [ 79.2361514, 29.4675374 ], [ 79.234427, 29.4652448 ], [ 79.2354778, 29.4638075 ], [ 79.2358859, 29.4621854 ], [ 79.2379251, 29.4618644 ], [ 79.2391561, 29.4624155 ], [ 79.2398552, 29.4631032 ], [ 79.2406786, 29.4651718 ], [ 79.2424286, 29.4665662 ], [ 79.2431384, 29.4676948 ], [ 79.2437426, 29.4675712 ], [ 79.2434173, 29.4665146 ], [ 79.24185, 29.4645825 ], [ 79.2406724, 29.4607922 ], [ 79.2396044, 29.4585892 ], [ 79.2370825, 29.4565475 ], [ 79.2388568, 29.4539404 ], [ 79.2397625, 29.4533879 ], [ 79.2400621, 29.4532212 ], [ 79.2416214, 29.4564297 ], [ 79.2471531, 29.4599875 ], [ 79.2508892, 29.460644 ], [ 79.2511652, 29.4620721 ], [ 79.2515256, 29.4623909 ], [ 79.2522786, 29.4619867 ], [ 79.2535047, 29.4603617 ], [ 79.2549876, 29.4590776 ], [ 79.2558929, 29.4591498 ], [ 79.2569649, 29.4616234 ], [ 79.2570877, 29.4627337 ], [ 79.2521813, 29.4652249 ], [ 79.2516848, 29.4660153 ], [ 79.2526267, 29.4686016 ], [ 79.2540185, 29.4694592 ], [ 79.2552041, 29.4670861 ], [ 79.2570492, 29.4652961 ], [ 79.2589051, 29.4653627 ], [ 79.2606837, 29.4635723 ], [ 79.2628331, 29.4625959 ], [ 79.2667824, 29.4636582 ], [ 79.2702548, 29.4631711 ], [ 79.271428, 29.459096 ], [ 79.2737477, 29.455432 ], [ 79.2738244, 29.4536532 ], [ 79.2752028, 29.4484764 ], [ 79.2750791, 29.4469674 ], [ 79.276033, 29.4463141 ], [ 79.2785541, 29.4459387 ], [ 79.2785159, 29.4449328 ], [ 79.2774385, 29.444019 ], [ 79.274551, 29.4428263 ], [ 79.2716586, 29.4424845 ], [ 79.2686154, 29.4415037 ], [ 79.2679172, 29.4400114 ], [ 79.2688715, 29.4393001 ], [ 79.2704184, 29.4392298 ], [ 79.2713175, 29.4366423 ], [ 79.2727234, 29.4342699 ], [ 79.2735115, 29.43174 ], [ 79.2732314, 29.4305396 ], [ 79.2719197, 29.4281935 ], [ 79.2702499, 29.4266387 ], [ 79.268927, 29.4261879 ], [ 79.2682036, 29.4252369 ], [ 79.2656866, 29.42128 ], [ 79.2659803, 29.4201984 ], [ 79.2724908, 29.4175202 ], [ 79.2746221, 29.4156925 ], [ 79.2775386, 29.4118181 ], [ 79.2829578, 29.4105658 ], [ 79.2853448, 29.410325 ], [ 79.2900238, 29.4110033 ], [ 79.2926749, 29.4109376 ], [ 79.2970745, 29.4102606 ], [ 79.2983788, 29.4104183 ], [ 79.3005875, 29.4101212 ], [ 79.3032994, 29.4110033 ], [ 79.3113098, 29.415661 ], [ 79.313411, 29.4159205 ], [ 79.3144696, 29.4142521 ], [ 79.3122842, 29.413972 ], [ 79.3032952, 29.4097945 ], [ 79.294519, 29.4071259 ], [ 79.2876507, 29.4030921 ], [ 79.282562, 29.4007486 ], [ 79.2753099, 29.3982597 ], [ 79.2731319, 29.3967993 ], [ 79.2644941, 29.393414 ], [ 79.2617877, 29.3916996 ], [ 79.2588242, 29.3887074 ], [ 79.2563941, 29.3851567 ], [ 79.2545037, 29.3800224 ], [ 79.2534459, 29.3760136 ], [ 79.251322, 29.3730058 ], [ 79.2490354, 29.3713704 ], [ 79.2467339, 29.3714557 ], [ 79.2384254, 29.3685569 ], [ 79.2361172, 29.3666767 ], [ 79.2341054, 29.3632324 ], [ 79.2333503, 29.3624695 ], [ 79.2313014, 29.3607188 ], [ 79.2299322, 29.3600698 ], [ 79.2242576, 29.3582784 ], [ 79.2180945, 29.357863 ], [ 79.2112998, 29.3582505 ], [ 79.2061002, 29.3593465 ], [ 79.1998458, 29.3596427 ], [ 79.1926276, 29.3574568 ], [ 79.1850438, 29.3602343 ], [ 79.1828608, 29.3607256 ], [ 79.1797543, 29.3607682 ], [ 79.1774302, 29.3604292 ], [ 79.1723724, 29.3582068 ], [ 79.1701185, 29.3583354 ], [ 79.1673366, 29.3569051 ], [ 79.1636478, 29.3563135 ], [ 79.1620619, 29.3552538 ], [ 79.1597982, 29.3529171 ], [ 79.15711, 29.3508887 ], [ 79.1568433, 29.3483451 ], [ 79.152571, 29.3454252 ], [ 79.1475682, 29.3402113 ], [ 79.1465078, 29.3374251 ], [ 79.1452114, 29.329263 ], [ 79.146043, 29.3256104 ], [ 79.1459468, 29.324091 ], [ 79.1426016, 29.3183246 ], [ 79.1381949, 29.3147959 ], [ 79.1364713, 29.3106622 ], [ 79.1356893, 29.306166 ], [ 79.1327552, 29.3010749 ], [ 79.1323345, 29.2938114 ], [ 79.1348534, 29.2870732 ], [ 79.1350071, 29.2838396 ], [ 79.1341145, 29.2803404 ], [ 79.1316374, 29.2761437 ], [ 79.1343511, 29.2752562 ], [ 79.1308453, 29.274524 ], [ 79.1275883, 29.2731947 ], [ 79.1200266, 29.2692107 ], [ 79.1147637, 29.2642236 ], [ 79.113033, 29.2607014 ], [ 79.1087521, 29.2552601 ], [ 79.1064335, 29.2553553 ], [ 79.1001543, 29.2579007 ], [ 79.0934052, 29.2594029 ], [ 79.0959431, 29.2630108 ], [ 79.0916466, 29.2681474 ], [ 79.0906389, 29.2711274 ], [ 79.0901653, 29.2737321 ], [ 79.0903718, 29.2749896 ], [ 79.081645, 29.2771285 ], [ 79.0759321, 29.2779063 ], [ 79.0748589, 29.2772247 ], [ 79.0747556, 29.2755894 ], [ 79.0737681, 29.2737599 ], [ 79.072545, 29.2725234 ], [ 79.0708187, 29.2716623 ], [ 79.0690604, 29.2699228 ], [ 79.0658247, 29.2700662 ], [ 79.0653858, 29.2710769 ], [ 79.064389, 29.2715034 ], [ 79.0630458, 29.2698744 ], [ 79.0609558, 29.2692542 ], [ 79.061331, 29.2700165 ], [ 79.0604289, 29.272249 ], [ 79.0589848, 29.2726738 ], [ 79.0578133, 29.2751394 ], [ 79.0565261, 29.2759427 ], [ 79.0582486, 29.2770978 ], [ 79.0598422, 29.2815107 ], [ 79.0594606, 29.2828242 ], [ 79.0617877, 29.286525 ], [ 79.0618416, 29.287242 ], [ 79.0611033, 29.2895675 ], [ 79.0591294, 29.2928923 ], [ 79.0590386, 29.2951724 ], [ 79.0575287, 29.29711 ], [ 79.0584065, 29.2981597 ], [ 79.0564482, 29.2986169 ], [ 79.0568655, 29.2999586 ], [ 79.0638581, 29.3053162 ], [ 79.0670346, 29.3084014 ], [ 79.0771417, 29.3099595 ], [ 79.0800732, 29.3111414 ], [ 79.081102, 29.3139011 ], [ 79.0823939, 29.3152066 ], [ 79.0829323, 29.3162097 ], [ 79.0837813, 29.316726 ], [ 79.0859477, 29.3151119 ], [ 79.087709, 29.3176927 ], [ 79.0902581, 29.3189532 ], [ 79.0911087, 29.3202696 ], [ 79.091782, 29.3233164 ], [ 79.0937608, 29.3248359 ], [ 79.0949581, 29.3268231 ], [ 79.1015991, 29.3338292 ], [ 79.1021637, 29.3350838 ], [ 79.1033263, 29.3400065 ], [ 79.1041356, 29.3408938 ], [ 79.1074278, 29.3429763 ], [ 79.1088615, 29.345272 ], [ 79.1127961, 29.3481887 ], [ 79.1144314, 29.3515869 ], [ 79.1168314, 29.3539725 ], [ 79.1174154, 29.3556703 ], [ 79.1196515, 29.3578239 ], [ 79.1211092, 29.3627657 ], [ 79.1211508, 29.3673614 ], [ 79.1224192, 29.3686571 ], [ 79.1247694, 29.3679417 ], [ 79.126244, 29.3690055 ], [ 79.1295161, 29.3734779 ], [ 79.1318133, 29.3780039 ], [ 79.1300614, 29.387564 ], [ 79.1304083, 29.3903092 ], [ 79.1322912, 29.392422 ], [ 79.1324236, 29.3972743 ], [ 79.1322715, 29.3980656 ], [ 79.1312097, 29.398485 ], [ 79.1309522, 29.3991244 ], [ 79.1312912, 29.4011006 ], [ 79.1301576, 29.4032028 ], [ 79.1303473, 29.4055744 ], [ 79.1292682, 29.4084399 ], [ 79.1299316, 29.4106917 ], [ 79.1289384, 29.4108202 ], [ 79.1274432, 29.4058525 ], [ 79.1270063, 29.4054873 ], [ 79.1272517, 29.4035853 ], [ 79.1266862, 29.4024293 ], [ 79.126406, 29.4006397 ], [ 79.1227275, 29.3997671 ], [ 79.1197091, 29.3983365 ], [ 79.1173408, 29.3966231 ], [ 79.1146792, 29.3937689 ], [ 79.1140516, 29.3935971 ], [ 79.1124256, 29.3939866 ], [ 79.1108089, 29.3939553 ], [ 79.109431, 29.394621 ], [ 79.1040564, 29.3952029 ], [ 79.1012425, 29.3948 ], [ 79.0996711, 29.3938372 ], [ 79.0962742, 29.3950976 ], [ 79.0960706, 29.3957306 ], [ 79.0941462, 29.3974033 ], [ 79.0897235, 29.399393 ], [ 79.0862069, 29.3994292 ], [ 79.0848574, 29.4005719 ], [ 79.0819658, 29.401139 ], [ 79.0804966, 29.4019724 ], [ 79.0781473, 29.4012127 ], [ 79.0755637, 29.4017702 ], [ 79.0734303, 29.4013146 ], [ 79.0694346, 29.4019313 ], [ 79.0677944, 29.4024549 ], [ 79.0651995, 29.4044825 ], [ 79.0645171, 29.4047704 ], [ 79.0622402, 29.4046281 ], [ 79.0577983, 29.4073462 ], [ 79.0542968, 29.4087399 ], [ 79.0520019, 29.4092595 ], [ 79.0489096, 29.4106871 ], [ 79.0455691, 29.4083444 ], [ 79.0445149, 29.4073687 ], [ 79.0438715, 29.4062359 ], [ 79.0436519, 29.4012941 ], [ 79.0439945, 29.4001406 ], [ 79.0511475, 29.3929978 ], [ 79.0521619, 29.3912505 ], [ 79.0523585, 29.3893392 ], [ 79.0529112, 29.3884659 ], [ 79.0591431, 29.3836364 ], [ 79.0590397, 29.3808568 ], [ 79.0575745, 29.379882 ], [ 79.0544599, 29.3789541 ], [ 79.0521545, 29.3767591 ], [ 79.0514976, 29.3747763 ], [ 79.0502771, 29.3733253 ], [ 79.0511241, 29.3727706 ], [ 79.0502589, 29.3724585 ], [ 79.0502231, 29.3702723 ], [ 79.0496571, 29.3692371 ], [ 79.048747, 29.3684567 ], [ 79.0475704, 29.3681083 ], [ 79.0472725, 29.3671376 ], [ 79.0473534, 29.3655234 ], [ 79.0454183, 29.3645339 ], [ 79.0417734, 29.3600003 ], [ 79.0407634, 29.3598861 ], [ 79.0398171, 29.3607039 ], [ 79.0386677, 29.3603252 ], [ 79.0361976, 29.3582117 ], [ 79.0353909, 29.3566662 ], [ 79.032627, 29.357234 ], [ 79.0320221, 29.3570444 ], [ 79.0304886, 29.3553882 ], [ 79.0295503, 29.35517 ], [ 79.0281329, 29.3541785 ], [ 79.0268442, 29.3522581 ], [ 79.0260585, 29.351908 ], [ 79.024483, 29.3517656 ], [ 79.022837, 29.3528448 ], [ 79.0218956, 29.3530251 ], [ 79.0186106, 29.3504814 ], [ 79.0160593, 29.3510237 ], [ 79.0140355, 29.3500549 ], [ 79.0129139, 29.3500215 ], [ 79.0103922, 29.3506436 ], [ 79.0080744, 29.3502478 ], [ 79.007702, 29.3488725 ], [ 79.0078372, 29.3454673 ], [ 79.0063088, 29.3433304 ], [ 79.0039919, 29.3412101 ], [ 78.97201, 29.3552412 ], [ 78.9698148, 29.350088 ], [ 78.9640522, 29.3464219 ], [ 78.9609371, 29.3348609 ], [ 78.9623012, 29.3341953 ], [ 78.9616336, 29.3304333 ], [ 78.9581877, 29.3211842 ], [ 78.9571018, 29.3217437 ], [ 78.9550613, 29.3244731 ], [ 78.9534449, 29.3241147 ], [ 78.9475721, 29.3294066 ], [ 78.945011, 29.3297542 ], [ 78.9404836, 29.33111 ], [ 78.93949, 29.3314663 ], [ 78.9364347, 29.334006 ], [ 78.9353562, 29.3345338 ], [ 78.9336187, 29.3349939 ], [ 78.9315414, 29.3350773 ], [ 78.9303625, 29.3355621 ], [ 78.9296931, 29.3365026 ], [ 78.9288435, 29.3402151 ], [ 78.9278575, 29.3409796 ], [ 78.9265136, 29.341266 ], [ 78.9231698, 29.3409702 ], [ 78.9185129, 29.3414275 ], [ 78.9131991, 29.3441242 ], [ 78.9054888, 29.3452324 ], [ 78.8997274, 29.3455601 ], [ 78.8981547, 29.3450613 ], [ 78.8928591, 29.3455445 ], [ 78.8895318, 29.3426338 ], [ 78.8862218, 29.3418229 ], [ 78.8814381, 29.3479221 ], [ 78.8791139, 29.3516381 ], [ 78.8770229, 29.3481953 ], [ 78.875752, 29.346767 ], [ 78.8696775, 29.3450468 ], [ 78.86887, 29.3466824 ], [ 78.8647705, 29.3494944 ], [ 78.863656, 29.349858 ], [ 78.8611867, 29.3490425 ], [ 78.8583659, 29.3506223 ], [ 78.8580801, 29.3505209 ], [ 78.8576986, 29.3493121 ], [ 78.8540537, 29.3506148 ], [ 78.8525124, 29.3526745 ], [ 78.851023, 29.3558529 ], [ 78.8509206, 29.3575016 ], [ 78.8515703, 29.3596126 ], [ 78.8523508, 29.3605483 ], [ 78.8558648, 29.3594984 ], [ 78.8584441, 29.3582593 ], [ 78.8603157, 29.3581955 ], [ 78.8617758, 29.3586054 ], [ 78.8655566, 29.3609248 ], [ 78.8701992, 29.3615612 ], [ 78.877296, 29.3654994 ], [ 78.8787144, 29.3660053 ], [ 78.8797718, 29.3675508 ], [ 78.8799079, 29.3681891 ], [ 78.8795777, 29.369364 ], [ 78.8766057, 29.3702176 ], [ 78.8759512, 29.3710518 ], [ 78.8757344, 29.3719832 ], [ 78.8759757, 29.373154 ], [ 78.8777359, 29.3749652 ], [ 78.8811376, 29.3751698 ], [ 78.8856758, 29.3731693 ], [ 78.8873367, 29.3730526 ], [ 78.8886838, 29.3749645 ], [ 78.8900459, 29.3781933 ], [ 78.8916597, 29.3797839 ], [ 78.892164, 29.3809636 ], [ 78.8936649, 29.3819295 ], [ 78.8980631, 29.3829053 ], [ 78.9016833, 29.3846294 ], [ 78.9025716, 29.3852995 ], [ 78.9050735, 29.3895066 ], [ 78.9068863, 29.3901453 ], [ 78.9081893, 29.3911109 ], [ 78.9089076, 29.3921305 ], [ 78.9109961, 29.3929948 ], [ 78.9124199, 29.3947543 ], [ 78.9112318, 29.3979253 ], [ 78.9111801, 29.3988184 ], [ 78.911991, 29.4004019 ], [ 78.9125574, 29.4011666 ], [ 78.9133971, 29.4015953 ], [ 78.9183807, 29.4035087 ], [ 78.9187479, 29.4098804 ], [ 78.9194277, 29.4112022 ], [ 78.9213877, 29.4133609 ], [ 78.92155, 29.4137444 ], [ 78.9212278, 29.4148427 ], [ 78.9215342, 29.4158893 ], [ 78.923976, 29.4188081 ], [ 78.9243364, 29.4214718 ], [ 78.9254668, 29.4255362 ], [ 78.9264947, 29.426664 ], [ 78.9283084, 29.4276499 ], [ 78.9292744, 29.42871 ], [ 78.9314334, 29.4301986 ], [ 78.9341206, 29.4308348 ], [ 78.934994, 29.4314392 ], [ 78.9358957, 29.4326459 ], [ 78.9397014, 29.4345675 ], [ 78.939052, 29.4334444 ], [ 78.9394617, 29.4329369 ], [ 78.9456554, 29.429346 ], [ 78.9520935, 29.4269997 ], [ 78.9533975, 29.4295099 ], [ 78.9555851, 29.429999 ], [ 78.9570536, 29.4296695 ], [ 78.9603104, 29.4303704 ], [ 78.9715658, 29.4348338 ], [ 78.9711799, 29.436663 ], [ 78.9697915, 29.4377121 ], [ 78.9668802, 29.4387728 ], [ 78.9655687, 29.4388949 ], [ 78.9576433, 29.4412196 ], [ 78.9534638, 29.4408728 ], [ 78.9528814, 29.4402526 ], [ 78.9515131, 29.4399528 ], [ 78.947514, 29.4396125 ], [ 78.940276, 29.4358847 ], [ 78.9403765, 29.437556 ], [ 78.9423323, 29.4385709 ], [ 78.936339, 29.4382169 ], [ 78.9326621, 29.4365568 ], [ 78.9290137, 29.4355823 ], [ 78.9253448, 29.4338341 ], [ 78.9237602, 29.4343594 ], [ 78.9210058, 29.4342712 ], [ 78.9220436, 29.4388476 ], [ 78.9228885, 29.4405325 ], [ 78.9231279, 29.4422241 ], [ 78.9248903, 29.4421656 ], [ 78.9302885, 29.4447124 ], [ 78.9334631, 29.4452741 ], [ 78.9354575, 29.4490701 ], [ 78.9381427, 29.448513 ], [ 78.9411089, 29.4517427 ], [ 78.9427143, 29.4521576 ], [ 78.9436474, 29.4548641 ], [ 78.9473356, 29.4588312 ], [ 78.9498561, 29.459043 ], [ 78.9523302, 29.4585555 ], [ 78.9513331, 29.4609983 ], [ 78.9509981, 29.4608653 ], [ 78.9497894, 29.4615736 ], [ 78.9503464, 29.4641177 ], [ 78.9515114, 29.4641649 ], [ 78.9522566, 29.4667248 ], [ 78.9519527, 29.4676969 ], [ 78.9521255, 29.4684818 ], [ 78.953404, 29.4693364 ], [ 78.9533604, 29.4708273 ], [ 78.9544251, 29.4717766 ], [ 78.9545052, 29.4730848 ], [ 78.9556759, 29.4754032 ], [ 78.9556553, 29.4759896 ], [ 78.9549261, 29.4770521 ], [ 78.9558878, 29.4784773 ], [ 78.9561408, 29.4807012 ], [ 78.9582161, 29.4814993 ], [ 78.9591396, 29.4847988 ], [ 78.9604782, 29.4880284 ], [ 78.9606616, 29.4893229 ], [ 78.9630369, 29.4932515 ], [ 78.9604642, 29.4942849 ], [ 78.9596811, 29.4968765 ], [ 78.9601093, 29.4979501 ], [ 78.9617158, 29.4988926 ], [ 78.9619325, 29.499488 ], [ 78.9623914, 29.4996903 ], [ 78.9612658, 29.5010082 ], [ 78.961893, 29.5034937 ], [ 78.9631353, 29.505097 ], [ 78.9623856, 29.5075382 ], [ 78.9617083, 29.5085918 ], [ 78.9616192, 29.509548 ], [ 78.9620113, 29.5111098 ], [ 78.963178, 29.512074 ], [ 78.9628269, 29.5153235 ], [ 78.9623811, 29.5167438 ], [ 78.9625311, 29.5190456 ], [ 78.9635185, 29.5209495 ], [ 78.9655841, 29.5204054 ], [ 78.9663307, 29.5193724 ], [ 78.9677325, 29.5199283 ], [ 78.9690602, 29.5200052 ], [ 78.9699799, 29.5205807 ], [ 78.9708505, 29.5223637 ], [ 78.9708162, 29.5233662 ], [ 78.9688748, 29.52504 ], [ 78.9680133, 29.5268346 ], [ 78.9666512, 29.5277602 ], [ 78.9667912, 29.5296979 ], [ 78.9689405, 29.5358642 ], [ 78.9704798, 29.5386996 ], [ 78.9708795, 29.5391806 ], [ 78.9768389, 29.5413347 ], [ 78.9807284, 29.5435012 ], [ 78.9859493, 29.5469021 ], [ 78.9930138, 29.5526864 ], [ 78.9941045, 29.5531033 ], [ 78.9960847, 29.55307 ], [ 78.9985563, 29.5515317 ], [ 79.0021633, 29.5516207 ], [ 79.0039689, 29.55235 ], [ 79.0061317, 29.5544433 ], [ 79.0065206, 29.5553619 ], [ 79.0063937, 29.5563885 ], [ 79.0021109, 29.5580832 ], [ 78.9999486, 29.5594317 ], [ 78.9985491, 29.5609583 ], [ 78.9984529, 29.5623443 ], [ 78.9995687, 29.5639223 ], [ 79.0008166, 29.5648682 ], [ 79.0022958, 29.5671599 ], [ 79.0039551, 29.5685595 ], [ 79.0071286, 29.5701939 ], [ 79.0081079, 29.5715171 ], [ 79.0091042, 29.5745997 ], [ 79.0088257, 29.5810032 ], [ 79.0097402, 29.5827229 ], [ 79.0084951, 29.5853491 ], [ 79.0089812, 29.5860472 ], [ 79.0105362, 29.5863364 ], [ 79.0136168, 29.5854711 ], [ 79.0178393, 29.5849646 ], [ 79.020305, 29.5835904 ], [ 79.0217693, 29.5836173 ], [ 79.022908, 29.5843874 ], [ 79.0240691, 29.5862335 ], [ 79.024999, 29.5886372 ], [ 79.0264693, 29.5892328 ], [ 79.0299, 29.5883515 ], [ 79.0346378, 29.5851419 ], [ 79.0370968, 29.5845433 ] ], [ [ 79.1453158, 29.4802709 ], [ 79.1463007, 29.4804068 ], [ 79.1479319, 29.4777755 ], [ 79.1497383, 29.4735769 ], [ 79.1488977, 29.4698608 ], [ 79.1472036, 29.4686233 ], [ 79.1471289, 29.4664665 ], [ 79.1459033, 29.4644474 ], [ 79.1453774, 29.4627586 ], [ 79.1455638, 29.4606424 ], [ 79.1451866, 29.4590459 ], [ 79.1396894, 29.4507044 ], [ 79.1415798, 29.4494337 ], [ 79.1440956, 29.4484015 ], [ 79.1448031, 29.4497383 ], [ 79.1455848, 29.4532974 ], [ 79.1461743, 29.4544245 ], [ 79.1481863, 29.456082 ], [ 79.1495264, 29.4588205 ], [ 79.1497735, 29.4598151 ], [ 79.1492387, 29.4615505 ], [ 79.1492616, 29.46257 ], [ 79.1497312, 29.4637749 ], [ 79.1514633, 29.4659927 ], [ 79.1501668, 29.4677503 ], [ 79.1505852, 29.4677133 ], [ 79.1515627, 29.4667252 ], [ 79.1519507, 29.4667925 ], [ 79.1534264, 29.4693619 ], [ 79.1533918, 29.4700674 ], [ 79.1520623, 29.4722822 ], [ 79.1515085, 29.4746055 ], [ 79.1503796, 29.4758803 ], [ 79.1497163, 29.4800067 ], [ 79.1479727, 29.481618 ], [ 79.1461612, 29.4822095 ], [ 79.1447621, 29.481503 ], [ 79.1447438, 29.4809213 ], [ 79.1453158, 29.4802709 ] ], [ [ 79.2492772, 29.4491085 ], [ 79.2490908, 29.445733 ], [ 79.2496382, 29.4408207 ], [ 79.2485231, 29.4403344 ], [ 79.2468145, 29.4379184 ], [ 79.2463094, 29.4349015 ], [ 79.2444764, 29.4319844 ], [ 79.2445428, 29.4310551 ], [ 79.2464546, 29.4310109 ], [ 79.2476043, 29.4315475 ], [ 79.2485231, 29.4312071 ], [ 79.2522205, 29.4331321 ], [ 79.2566621, 29.4345795 ], [ 79.260765, 29.4364103 ], [ 79.2632913, 29.4379847 ], [ 79.2645752, 29.4396439 ], [ 79.2658727, 29.4433643 ], [ 79.2684183, 29.4460711 ], [ 79.2699408, 29.44678 ], [ 79.2718283, 29.4470378 ], [ 79.2738491, 29.4466165 ], [ 79.2742351, 29.4469807 ], [ 79.2730254, 29.4502593 ], [ 79.2732769, 29.451506 ], [ 79.2728219, 29.4540633 ], [ 79.2707938, 29.4556848 ], [ 79.2671205, 29.4598128 ], [ 79.2623571, 29.4600854 ], [ 79.2620479, 29.4598576 ], [ 79.2608604, 29.4550506 ], [ 79.2598814, 29.4543214 ], [ 79.2549506, 29.4523509 ], [ 79.2492772, 29.4491085 ] ], [ [ 79.2530457, 29.4293194 ], [ 79.2495587, 29.4283633 ], [ 79.2478156, 29.4273685 ], [ 79.2473989, 29.4260385 ], [ 79.2479784, 29.4230531 ], [ 79.2485232, 29.4225126 ], [ 79.2492536, 29.4232204 ], [ 79.2513481, 29.4212822 ], [ 79.2529349, 29.4219918 ], [ 79.2557152, 29.4242697 ], [ 79.2559434, 29.4250408 ], [ 79.2547839, 29.4285347 ], [ 79.2530457, 29.4293194 ] ], [ [ 79.1391667, 29.4146682 ], [ 79.1396769, 29.4140955 ], [ 79.1406021, 29.4144673 ], [ 79.1420313, 29.4133357 ], [ 79.1430055, 29.413019 ], [ 79.1467433, 29.4129274 ], [ 79.1485258, 29.4133531 ], [ 79.1496456, 29.415536 ], [ 79.1496722, 29.4166719 ], [ 79.148973, 29.4180553 ], [ 79.1489153, 29.4189243 ], [ 79.1492767, 29.4198609 ], [ 79.1513901, 29.4200731 ], [ 79.153325, 29.4211789 ], [ 79.1531648, 29.4219067 ], [ 79.1523876, 29.4218081 ], [ 79.1512325, 29.4225561 ], [ 79.1458722, 29.4229224 ], [ 79.1428463, 29.4206818 ], [ 79.140771, 29.4202657 ], [ 79.1404364, 29.4192878 ], [ 79.1386014, 29.4170468 ], [ 79.1391667, 29.4146682 ] ], [ [ 78.9985583, 29.4226129 ], [ 78.9970999, 29.4221941 ], [ 78.9961031, 29.4224788 ], [ 78.9951494, 29.4216965 ], [ 78.99478, 29.4198991 ], [ 78.9954108, 29.4192763 ], [ 78.9911199, 29.4161565 ], [ 78.9916266, 29.4148392 ], [ 78.9918497, 29.4128159 ], [ 78.9960773, 29.4089934 ], [ 78.9994486, 29.4076793 ], [ 79.0005166, 29.4069156 ], [ 79.0015202, 29.4065898 ], [ 79.0029458, 29.4066252 ], [ 79.0042152, 29.4053182 ], [ 79.0050358, 29.4051374 ], [ 79.006065, 29.4053961 ], [ 79.0067122, 29.4060242 ], [ 79.0089804, 29.4068882 ], [ 79.0102167, 29.4078255 ], [ 79.0103938, 29.4084375 ], [ 79.0099597, 29.4096036 ], [ 79.0075159, 29.4117135 ], [ 79.0061302, 29.4142549 ], [ 79.0034933, 29.4173114 ], [ 79.0024381, 29.417568 ], [ 79.00069, 29.4186016 ], [ 79.0000616, 29.4195516 ], [ 78.9999948, 29.420834 ], [ 78.9994382, 29.4222122 ], [ 78.9985583, 29.4226129 ] ], [ [ 79.1386436, 29.3716574 ], [ 79.1414524, 29.3657835 ], [ 79.1378192, 29.3624813 ], [ 79.1395381, 29.3606065 ], [ 79.1403249, 29.3603738 ], [ 79.1396467, 29.357956 ], [ 79.1387284, 29.357329 ], [ 79.1370287, 29.3572571 ], [ 79.13724, 29.3532615 ], [ 79.1367363, 29.3523491 ], [ 79.1351142, 29.3508035 ], [ 79.1339203, 29.3513616 ], [ 79.1351854, 29.3476514 ], [ 79.1340305, 29.3458415 ], [ 79.1344514, 29.3445028 ], [ 79.1340255, 29.3420774 ], [ 79.1322939, 29.3389471 ], [ 79.1315009, 29.3365823 ], [ 79.1324656, 29.3368071 ], [ 79.1330163, 29.3341752 ], [ 79.1325653, 29.3334356 ], [ 79.1322272, 29.3312459 ], [ 79.1319057, 29.3311736 ], [ 79.1309106, 29.3295527 ], [ 79.1306741, 29.3285088 ], [ 79.1296791, 29.3267637 ], [ 79.1293483, 29.3250222 ], [ 79.127835, 29.322725 ], [ 79.1270078, 29.3204968 ], [ 79.1255227, 29.3184482 ], [ 79.1245583, 29.3155914 ], [ 79.1210938, 29.3122725 ], [ 79.1211206, 29.3112869 ], [ 79.1227974, 29.3112787 ], [ 79.1224837, 29.3082159 ], [ 79.1226484, 29.3072482 ], [ 79.1221832, 29.3061042 ], [ 79.1224858, 29.3051548 ], [ 79.122257, 29.3040466 ], [ 79.1227357, 29.3033056 ], [ 79.1219994, 29.3028319 ], [ 79.1206547, 29.3005424 ], [ 79.1206779, 29.3000411 ], [ 79.1228936, 29.2963361 ], [ 79.1272152, 29.2961269 ], [ 79.1292787, 29.2971521 ], [ 79.1301155, 29.2979501 ], [ 79.1315112, 29.3036843 ], [ 79.1339077, 29.3086919 ], [ 79.1354714, 29.3135836 ], [ 79.1368772, 29.3152394 ], [ 79.1376477, 29.3170748 ], [ 79.138329, 29.3167122 ], [ 79.1392907, 29.3178945 ], [ 79.1419484, 29.3229709 ], [ 79.1436364, 29.3248373 ], [ 79.1442033, 29.3270117 ], [ 79.1423027, 29.3288982 ], [ 79.1429846, 29.3295428 ], [ 79.142572, 29.3320258 ], [ 79.1431701, 29.333991 ], [ 79.1438263, 29.3336377 ], [ 79.1441958, 29.3341498 ], [ 79.1450784, 29.3359857 ], [ 79.1455767, 29.3383689 ], [ 79.1482358, 29.3412082 ], [ 79.1468606, 29.3417722 ], [ 79.1480949, 29.3427366 ], [ 79.1497337, 29.3448152 ], [ 79.1525583, 29.346835 ], [ 79.1483853, 29.3536701 ], [ 79.1465957, 29.3539689 ], [ 79.1457463, 29.3537061 ], [ 79.1466117, 29.3561775 ], [ 79.1445031, 29.3596466 ], [ 79.143747, 29.3597715 ], [ 79.143638, 29.3606396 ], [ 79.1439822, 29.3620625 ], [ 79.1444541, 29.3626967 ], [ 79.1443348, 29.3678402 ], [ 79.1431067, 29.3685782 ], [ 79.1427869, 29.3692082 ], [ 79.1419998, 29.3713135 ], [ 79.1419845, 29.3725881 ], [ 79.1386436, 29.3716574 ] ], [ [ 79.1924857, 29.3707569 ], [ 79.1904514, 29.3686778 ], [ 79.1884838, 29.367475 ], [ 79.1867183, 29.3675823 ], [ 79.1829105, 29.3686925 ], [ 79.1824266, 29.3680775 ], [ 79.1825099, 29.3664101 ], [ 79.1815132, 29.3632279 ], [ 79.1841835, 29.3628826 ], [ 79.1852405, 29.3633524 ], [ 79.1884671, 29.3636009 ], [ 79.190662, 29.3641292 ], [ 79.1872, 29.3614967 ], [ 79.1884965, 29.3605272 ], [ 79.190433, 29.3603186 ], [ 79.1919515, 29.359042 ], [ 79.1934431, 29.3584862 ], [ 79.1936537, 29.3621488 ], [ 79.1922376, 29.3646212 ], [ 79.1922331, 29.3651822 ], [ 79.1933067, 29.366792 ], [ 79.1933684, 29.3693362 ], [ 79.1931953, 29.3700109 ], [ 79.1924857, 29.3707569 ] ] ] } },
{ "type": "Feature", "properties": { "gp_code": "24007", "gp_name": "KANIYA", "blkname": "RAMNAGAR", "dtname": "Nainital", "SHAPE_Area": 3178974.6731714369 }, "geometry": { "type": "Polygon", "coordinates": [ [ [ 79.0962742, 29.3950976 ], [ 79.0913708, 29.3876533 ], [ 79.0899945, 29.386054 ], [ 79.0888842, 29.3839337 ], [ 79.0868268, 29.3815173 ], [ 79.083664, 29.3827012 ], [ 79.0769129, 29.3863924 ], [ 79.0806049, 29.3913001 ], [ 79.0785659, 29.3920456 ], [ 79.0776292, 29.3914257 ], [ 79.0759467, 29.3915039 ], [ 79.0749134, 29.3912089 ], [ 79.0739963, 29.3896446 ], [ 79.0711528, 29.3894288 ], [ 79.0708263, 29.3886375 ], [ 79.0702934, 29.3892316 ], [ 79.0702746, 29.3901664 ], [ 79.0705802, 29.3905836 ], [ 79.0714581, 29.3906822 ], [ 79.0712618, 29.3923152 ], [ 79.071811, 29.393502 ], [ 79.0735386, 29.3943113 ], [ 79.0732747, 29.3962514 ], [ 79.0736287, 29.3968746 ], [ 79.0744676, 29.3970423 ], [ 79.0759999, 29.3957106 ], [ 79.0773561, 29.3961272 ], [ 79.0777817, 29.3959395 ], [ 79.0774827, 29.3952057 ], [ 79.0777011, 29.3950739 ], [ 79.0793388, 29.3956537 ], [ 79.080486, 29.3942018 ], [ 79.0813748, 29.3945778 ], [ 79.0821068, 29.3941255 ], [ 79.0830181, 29.3943969 ], [ 79.0845788, 29.3958373 ], [ 79.088348, 29.3964104 ], [ 79.0885797, 29.3966829 ], [ 79.0881068, 29.3993502 ], [ 79.0889649, 29.3995908 ], [ 79.0941462, 29.3974033 ], [ 79.0952301, 29.3965901 ], [ 79.0962742, 29.3950976 ] ] ] } },
{ "type": "Feature", "properties": { "gp_code": "24008", "gp_name": "KARANPUR", "blkname": "RAMNAGAR", "dtname": "Nainital", "SHAPE_Area": 2485365.3841954339 }, "geometry": { "type": "Polygon", "coordinates": [ [ [ 79.0785659, 29.3920456 ], [ 79.0806049, 29.3913001 ], [ 79.0769129, 29.3863924 ], [ 79.0779677, 29.3856946 ], [ 79.083664, 29.3827012 ], [ 79.0868268, 29.3815173 ], [ 79.0888842, 29.3839337 ], [ 79.0938771, 29.3818538 ], [ 79.0955795, 29.3817206 ], [ 79.0947244, 29.3810266 ], [ 79.0932238, 29.3807823 ], [ 79.092368, 29.3786333 ], [ 79.0928003, 29.3768118 ], [ 79.0913354, 29.3749658 ], [ 79.0858652, 29.3730307 ], [ 79.0849462, 29.3730186 ], [ 79.0820989, 29.3749657 ], [ 79.0813729, 29.3758476 ], [ 79.0815816, 29.3764636 ], [ 79.0813893, 29.3770115 ], [ 79.078839, 29.379868 ], [ 79.0745753, 29.3802333 ], [ 79.0735044, 29.3807761 ], [ 79.0719557, 29.3822768 ], [ 79.0734367, 29.3839321 ], [ 79.0741612, 29.3852373 ], [ 79.0742301, 29.3860832 ], [ 79.0733561, 29.387983 ], [ 79.0722784, 29.3894261 ], [ 79.0739963, 29.3896446 ], [ 79.0749134, 29.3912089 ], [ 79.0759467, 29.3915039 ], [ 79.0776292, 29.3914257 ], [ 79.0785659, 29.3920456 ] ] ] } },
{ "type": "Feature", "properties": { "gp_code": "23999", "gp_name": "GAUJANI", "blkname": "RAMNAGAR", "dtname": "Nainital", "SHAPE_Area": 1743942.7383942378 }, "geometry": { "type": "Polygon", "coordinates": [ [ [ 79.1058231, 29.3949983 ], [ 79.1053279, 29.3936406 ], [ 79.103852, 29.3926218 ], [ 79.1030642, 29.3903576 ], [ 79.1029211, 29.3888487 ], [ 79.1016907, 29.3878519 ], [ 79.101353, 29.3866116 ], [ 79.1007091, 29.3857444 ], [ 79.0976522, 29.3829851 ], [ 79.0958823, 29.382697 ], [ 79.0955795, 29.3817206 ], [ 79.0938771, 29.3818538 ], [ 79.0888842, 29.3839337 ], [ 79.0899945, 29.386054 ], [ 79.0913708, 29.3876533 ], [ 79.0962742, 29.3950976 ], [ 79.0996711, 29.3938372 ], [ 79.1012425, 29.3948 ], [ 79.1037485, 29.39519 ], [ 79.1058231, 29.3949983 ] ] ] } },
{ "type": "Feature", "properties": { "gp_code": "23985", "gp_name": "BERA JHAL", "blkname": "RAMNAGAR", "dtname": "Nainital", "SHAPE_Area": 2293621.8641762491 }, "geometry": { "type": "Polygon", "coordinates": [ [ [ 79.107434, 29.3846005 ], [ 79.1048064, 29.3824184 ], [ 79.1022105, 29.3819454 ], [ 79.1007128, 29.3812305 ], [ 79.1006008, 29.3800301 ], [ 79.0998617, 29.3793312 ], [ 79.0996064, 29.3782267 ], [ 79.0988657, 29.3771559 ], [ 79.096461, 29.3761606 ], [ 79.0967659, 29.3743212 ], [ 79.0964015, 29.3733688 ], [ 79.0993425, 29.3734504 ], [ 79.1028507, 29.374199 ], [ 79.1038366, 29.3734625 ], [ 79.0989808, 29.371148 ], [ 79.0946321, 29.3685093 ], [ 79.0896438, 29.3644065 ], [ 79.088679, 29.3656689 ], [ 79.0880536, 29.3671725 ], [ 79.0869425, 29.3734395 ], [ 79.0913354, 29.3749658 ], [ 79.0928003, 29.3768118 ], [ 79.092368, 29.3786333 ], [ 79.0932238, 29.3807823 ], [ 79.0953575, 29.3813756 ], [ 79.0958823, 29.382697 ], [ 79.0976522, 29.3829851 ], [ 79.1013585, 29.3866659 ], [ 79.1021164, 29.3868599 ], [ 79.103735, 29.3864386 ], [ 79.107434, 29.3846005 ] ] ] } },
{ "type": "Feature", "properties": { "gp_code": "24008", "gp_name": "KARANPUR", "blkname": "RAMNAGAR", "dtname": "Nainital", "SHAPE_Area": 203305.22501878295 }, "geometry": { "type": "Polygon", "coordinates": [ [ [ 79.0993425, 29.3734504 ], [ 79.0964015, 29.3733688 ], [ 79.0967659, 29.3743212 ], [ 79.096461, 29.3761606 ], [ 79.0988657, 29.3771559 ], [ 79.0996064, 29.3782267 ], [ 79.0998617, 29.3793312 ], [ 79.1006008, 29.3800301 ], [ 79.1007007, 29.3777448 ], [ 79.0993425, 29.3734504 ] ] ] } },
{ "type": "Feature", "properties": { "gp_code": "260483", "gp_name": "SHIVLALPUR PANDEY", "blkname": "RAMNAGAR", "dtname": "Nainital", "SHAPE_Area": 1473294.1114114225 }, "geometry": { "type": "Polygon", "coordinates": [ [ [ 79.1150811, 29.3838274 ], [ 79.1115289, 29.380238 ], [ 79.1093737, 29.3809653 ], [ 79.1080525, 29.3795124 ], [ 79.1080731, 29.377393 ], [ 79.1047584, 29.3757651 ], [ 79.1028507, 29.374199 ], [ 79.0993425, 29.3734504 ], [ 79.1007007, 29.3777448 ], [ 79.1007981, 29.3790647 ], [ 79.1004713, 29.3806023 ], [ 79.1007128, 29.3812305 ], [ 79.1022105, 29.3819454 ], [ 79.1048064, 29.3824184 ], [ 79.1093436, 29.3858731 ], [ 79.1131169, 29.3892345 ], [ 79.1171033, 29.3882364 ], [ 79.1143432, 29.3852924 ], [ 79.1142725, 29.3847119 ], [ 79.1150811, 29.3838274 ] ] ] } },
{ "type": "Feature", "properties": { "gp_code": "", "gp_name": "", "blkname": "RAMNAGAR", "dtname": "Nainital", "SHAPE_Area": 1121563.3360109443 }, "geometry": { "type": "Polygon", "coordinates": [ [ [ 79.1235405, 29.3862694 ], [ 79.1141362, 29.376973 ], [ 79.111169, 29.3768219 ], [ 79.1101356, 29.3749659 ], [ 79.1095423, 29.3743793 ], [ 79.1090835, 29.3745835 ], [ 79.1080849, 29.376371 ], [ 79.1080525, 29.3795124 ], [ 79.1093737, 29.3809653 ], [ 79.1115289, 29.380238 ], [ 79.1150811, 29.3838274 ], [ 79.1142725, 29.3847119 ], [ 79.1143432, 29.3852924 ], [ 79.1171033, 29.3882364 ], [ 79.1235405, 29.3862694 ] ] ] } },
{ "type": "Feature", "properties": { "gp_code": "259903", "gp_name": "Chorpani", "blkname": "RAMNAGAR", "dtname": "Nainital", "SHAPE_Area": 1127094.494450551 }, "geometry": { "type": "Polygon", "coordinates": [ [ [ 79.1140516, 29.3935971 ], [ 79.1127472, 29.3907078 ], [ 79.112701, 29.3890544 ], [ 79.1093436, 29.3858731 ], [ 79.107434, 29.3846005 ], [ 79.103735, 29.3864386 ], [ 79.1021164, 29.3868599 ], [ 79.1013585, 29.3866659 ], [ 79.1016907, 29.3878519 ], [ 79.1029211, 29.3888487 ], [ 79.1030642, 29.3903576 ], [ 79.103852, 29.3926218 ], [ 79.1053279, 29.3936406 ], [ 79.1058231, 29.3949983 ], [ 79.109431, 29.394621 ], [ 79.1108089, 29.3939553 ], [ 79.1124256, 29.3939866 ], [ 79.1140516, 29.3935971 ] ] ] } },
{ "type": "Feature", "properties": { "gp_code": "", "gp_name": "", "blkname": "RAMNAGAR", "dtname": "Nainital", "SHAPE_Area": 3220024.6693382915 }, "geometry": { "type": "Polygon", "coordinates": [ [ [ 79.130062, 29.3875581 ], [ 79.1252899, 29.3871018 ], [ 79.1235405, 29.3862694 ], [ 79.1171033, 29.3882364 ], [ 79.1131169, 29.3892345 ], [ 79.112701, 29.3890544 ], [ 79.1125413, 29.3898167 ], [ 79.1140516, 29.3935971 ], [ 79.1146792, 29.3937689 ], [ 79.1161327, 29.3950901 ], [ 79.1173408, 29.3966231 ], [ 79.1197091, 29.3983365 ], [ 79.1227275, 29.3997671 ], [ 79.126406, 29.4006397 ], [ 79.1266862, 29.4024293 ], [ 79.1272517, 29.4035853 ], [ 79.1270063, 29.4054873 ], [ 79.1274432, 29.4058525 ], [ 79.1289384, 29.4108202 ], [ 79.1299316, 29.4106917 ], [ 79.1292682, 29.4084399 ], [ 79.1303473, 29.4055744 ], [ 79.1301576, 29.4032028 ], [ 79.1312912, 29.4011006 ], [ 79.1309522, 29.3991244 ], [ 79.1312097, 29.398485 ], [ 79.1322715, 29.3980656 ], [ 79.1324236, 29.3972743 ], [ 79.1322912, 29.392422 ], [ 79.1304083, 29.3903092 ], [ 79.130062, 29.3875581 ] ] ] } },
{ "type": "Feature", "properties": { "gp_code": "260484", "gp_name": "SHANKARPURMUL", "blkname": "RAMNAGAR", "dtname": "Nainital", "SHAPE_Area": 1517214.4114536769 }, "geometry": { "type": "Polygon", "coordinates": [ [ [ 79.1304594, 29.3847981 ], [ 79.1291657, 29.384285 ], [ 79.128965, 29.3825138 ], [ 79.126691, 29.3782311 ], [ 79.1235407, 29.377452 ], [ 79.1210788, 29.3756507 ], [ 79.1202732, 29.3756841 ], [ 79.1181652, 29.3735416 ], [ 79.1170845, 29.3740564 ], [ 79.1148322, 29.3769047 ], [ 79.1141362, 29.376973 ], [ 79.1235405, 29.3862694 ], [ 79.1252899, 29.3871018 ], [ 79.130062, 29.3875581 ], [ 79.1304594, 29.3847981 ] ] ] } },
{ "type": "Feature", "properties": { "gp_code": "24005", "gp_name": "PUCHHDI", "blkname": "RAMNAGAR", "dtname": "Nainital", "SHAPE_Area": 1402427.4382174858 }, "geometry": { "type": "Polygon", "coordinates": [ [ [ 79.1318133, 29.3780039 ], [ 79.1295161, 29.3734779 ], [ 79.127367, 29.3704427 ], [ 79.126244, 29.3690055 ], [ 79.1247694, 29.3679417 ], [ 79.1224192, 29.3686571 ], [ 79.1220118, 29.369553 ], [ 79.1203028, 29.3706633 ], [ 79.1193516, 29.3728061 ], [ 79.1181652, 29.3735416 ], [ 79.1202732, 29.3756841 ], [ 79.1210788, 29.3756507 ], [ 79.1235407, 29.377452 ], [ 79.126691, 29.3782311 ], [ 79.128965, 29.3825138 ], [ 79.1291657, 29.384285 ], [ 79.1304594, 29.3847981 ], [ 79.1318133, 29.3780039 ] ] ] } },
{ "type": "Feature", "properties": { "gp_code": "24028", "gp_name": "TEDA", "blkname": "RAMNAGAR", "dtname": "Nainital", "SHAPE_Area": 1283499.4743376034 }, "geometry": { "type": "Polygon", "coordinates": [ [ [ 79.1391667, 29.4146682 ], [ 79.1386014, 29.4170468 ], [ 79.1404364, 29.4192878 ], [ 79.140771, 29.4202657 ], [ 79.1428463, 29.4206818 ], [ 79.1458722, 29.4229224 ], [ 79.1512325, 29.4225561 ], [ 79.1523876, 29.4218081 ], [ 79.1531648, 29.4219067 ], [ 79.153325, 29.4211789 ], [ 79.1513901, 29.4200731 ], [ 79.1492767, 29.4198609 ], [ 79.1489153, 29.4189243 ], [ 79.148973, 29.4180553 ], [ 79.1496722, 29.4166719 ], [ 79.1496456, 29.415536 ], [ 79.1485258, 29.4133531 ], [ 79.1467433, 29.4129274 ], [ 79.1430055, 29.413019 ], [ 79.1420313, 29.4133357 ], [ 79.1406021, 29.4144673 ], [ 79.1396769, 29.4140955 ], [ 79.1391667, 29.4146682 ] ] ] } },
{ "type": "Feature", "properties": { "gp_code": "23996", "gp_name": "DHIKULI", "blkname": "RAMNAGAR", "dtname": "Nainital", "SHAPE_Area": 1807910.0101354243 }, "geometry": { "type": "Polygon", "coordinates": [ [ [ 79.1470134, 29.4820964 ], [ 79.1497163, 29.4800067 ], [ 79.1503796, 29.4758803 ], [ 79.1515085, 29.4746055 ], [ 79.1520623, 29.4722822 ], [ 79.1533918, 29.4700674 ], [ 79.1534264, 29.4693619 ], [ 79.1519507, 29.4667925 ], [ 79.1515627, 29.4667252 ], [ 79.1505852, 29.4677133 ], [ 79.1501668, 29.4677503 ], [ 79.1514633, 29.4659927 ], [ 79.1497312, 29.4637749 ], [ 79.1492616, 29.46257 ], [ 79.1492387, 29.4615505 ], [ 79.1497735, 29.4598151 ], [ 79.1495264, 29.4588205 ], [ 79.1481863, 29.456082 ], [ 79.1461743, 29.4544245 ], [ 79.1455848, 29.4532974 ], [ 79.1448031, 29.4497383 ], [ 79.1440956, 29.4484015 ], [ 79.1415798, 29.4494337 ], [ 79.1396894, 29.4507044 ], [ 79.1451866, 29.4590459 ], [ 79.1455638, 29.4606424 ], [ 79.1453774, 29.4627586 ], [ 79.1459033, 29.4644474 ], [ 79.1471289, 29.4664665 ], [ 79.1472036, 29.4686233 ], [ 79.1488977, 29.4698608 ], [ 79.1495979, 29.4722692 ], [ 79.1497383, 29.4735769 ], [ 79.1479319, 29.4777755 ], [ 79.1463007, 29.4804068 ], [ 79.1453158, 29.4802709 ], [ 79.1446816, 29.4812607 ], [ 79.1449395, 29.4817588 ], [ 79.1456095, 29.4820759 ], [ 79.1470134, 29.4820964 ] ] ] } },
{ "type": "Feature", "properties": { "gp_code": "", "gp_name": "", "blkname": "RAMNAGAR", "dtname": "Nainital", "SHAPE_Area": 637713.62511613662 }, "geometry": { "type": "Polygon", "coordinates": [ [ [ 79.2294981, 29.4765865 ], [ 79.2268809, 29.4740952 ], [ 79.2258807, 29.472551 ], [ 79.2227101, 29.473456 ], [ 79.2189564, 29.4766837 ], [ 79.2176938, 29.4759439 ], [ 79.2170761, 29.4770481 ], [ 79.2180315, 29.4780664 ], [ 79.220285, 29.4790644 ], [ 79.2212038, 29.4786554 ], [ 79.2238742, 29.4789217 ], [ 79.2294981, 29.4765865 ] ] ] } },
{ "type": "Feature", "properties": { "gp_code": "", "gp_name": "", "blkname": "KOTABAG", "dtname": "Nainital", "SHAPE_Area": 1048015.0316966875 }, "geometry": { "type": "Polygon", "coordinates": [ [ [ 79.2383491, 29.4804176 ], [ 79.2400575, 29.4740915 ], [ 79.2406403, 29.4731115 ], [ 79.2419836, 29.4719757 ], [ 79.2410284, 29.4719364 ], [ 79.2376901, 29.4733812 ], [ 79.2368522, 29.4733527 ], [ 79.2351786, 29.4729292 ], [ 79.2338149, 29.4720916 ], [ 79.2302723, 29.4712191 ], [ 79.2286662, 29.4711747 ], [ 79.2266807, 29.4714952 ], [ 79.2258807, 29.472551 ], [ 79.2268809, 29.4740952 ], [ 79.230179, 29.4769727 ], [ 79.2343746, 29.478294 ], [ 79.2383491, 29.4804176 ] ] ] } },
{ "type": "Feature", "properties": { "gp_code": "23828", "gp_name": "GAURIYA DEV", "blkname": "KOTABAG", "dtname": "Nainital", "SHAPE_Area": 3685284.566727025 }, "geometry": { "type": "Polygon", "coordinates": [ [ [ 79.2417442, 29.5042643 ], [ 79.2485312, 29.503771 ], [ 79.2508383, 29.5030726 ], [ 79.2515701, 29.5023488 ], [ 79.2518695, 29.5001002 ], [ 79.2525268, 29.4999567 ], [ 79.2536411, 29.4989676 ], [ 79.2540059, 29.4980727 ], [ 79.2517664, 29.4976328 ], [ 79.2496235, 29.4962899 ], [ 79.2467842, 29.4952311 ], [ 79.2407214, 29.4948891 ], [ 79.2382268, 29.4924465 ], [ 79.2385391, 29.4902525 ], [ 79.2361413, 29.4891042 ], [ 79.2368102, 29.4884343 ], [ 79.2366538, 29.4871462 ], [ 79.2334363, 29.4881308 ], [ 79.2325392, 29.4894595 ], [ 79.2314743, 29.4901732 ], [ 79.2277516, 29.4906781 ], [ 79.2277194, 29.4910569 ], [ 79.2284474, 29.4916878 ], [ 79.2281874, 29.492647 ], [ 79.2268312, 29.4933528 ], [ 79.2257558, 29.4945107 ], [ 79.2262406, 29.4958068 ], [ 79.2258274, 29.4962035 ], [ 79.2259381, 29.4975827 ], [ 79.2267735, 29.4991827 ], [ 79.2279104, 29.4997251 ], [ 79.2293308, 29.4996245 ], [ 79.2299973, 29.499955 ], [ 79.2306411, 29.501339 ], [ 79.2341659, 29.50099 ], [ 79.2365141, 29.503224 ], [ 79.2391185, 29.505049 ], [ 79.2417442, 29.5042643 ] ] ] } },
{ "type": "Feature", "properties": { "gp_code": "23814", "gp_name": "AMGADHI", "blkname": "KOTABAG", "dtname": "Nainital", "SHAPE_Area": 2906763.6723054 }, "geometry": { "type": "Polygon", "coordinates": [ [ [ 79.2579581, 29.4815126 ], [ 79.2582136, 29.4800307 ], [ 79.2559581, 29.4783781 ], [ 79.2534923, 29.4757715 ], [ 79.252882, 29.4734493 ], [ 79.2526909, 29.4708213 ], [ 79.2496507, 29.4711388 ], [ 79.2477197, 29.4692574 ], [ 79.2456396, 29.4684307 ], [ 79.2440569, 29.4695699 ], [ 79.2417071, 29.4690962 ], [ 79.2421775, 29.4702818 ], [ 79.2429592, 29.4701408 ], [ 79.2430138, 29.4708748 ], [ 79.2406403, 29.4731115 ], [ 79.2400575, 29.4740915 ], [ 79.2385692, 29.4793402 ], [ 79.2415788, 29.4817721 ], [ 79.2445387, 29.4838248 ], [ 79.2485168, 29.4854639 ], [ 79.2502381, 29.4848708 ], [ 79.2519192, 29.4835194 ], [ 79.2559835, 29.4832769 ], [ 79.2572422, 29.4826031 ], [ 79.2579581, 29.4815126 ] ] ] } },
{ "type": "Feature", "properties": { "gp_code": "23986", "gp_name": "BHALON", "blkname": "RAMNAGAR", "dtname": "Nainital", "SHAPE_Area": 1986484.6125766048 }, "geometry": { "type": "Polygon", "coordinates": [ [ [ 79.2570877, 29.4627337 ], [ 79.2569649, 29.4616234 ], [ 79.2558929, 29.4591498 ], [ 79.2549876, 29.4590776 ], [ 79.2535047, 29.4603617 ], [ 79.2522786, 29.4619867 ], [ 79.2515256, 29.4623909 ], [ 79.2511652, 29.4620721 ], [ 79.2508892, 29.460644 ], [ 79.2471531, 29.4599875 ], [ 79.2416214, 29.4564297 ], [ 79.2400621, 29.4532212 ], [ 79.2388568, 29.4539404 ], [ 79.2370825, 29.4565475 ], [ 79.2396044, 29.4585892 ], [ 79.2406724, 29.4607922 ], [ 79.24185, 29.4645825 ], [ 79.2434173, 29.4665146 ], [ 79.2436502, 29.4675011 ], [ 79.2468428, 29.4687221 ], [ 79.2496507, 29.4711388 ], [ 79.2526909, 29.4708213 ], [ 79.2531287, 29.4704221 ], [ 79.2538583, 29.4703675 ], [ 79.2543033, 29.4698667 ], [ 79.2526267, 29.4686016 ], [ 79.2518616, 29.4667408 ], [ 79.2518426, 29.4655857 ], [ 79.2570877, 29.4627337 ] ] ] } },
{ "type": "Feature", "properties": { "gp_code": "", "gp_name": "", "blkname": "RAMNAGAR", "dtname": "Nainital", "SHAPE_Area": 585130.68638649688 }, "geometry": { "type": "Polygon", "coordinates": [ [ [ 79.2456396, 29.4684307 ], [ 79.2448427, 29.4678082 ], [ 79.2431384, 29.4676948 ], [ 79.2424286, 29.4665662 ], [ 79.2406786, 29.4651718 ], [ 79.2398552, 29.4631032 ], [ 79.2391561, 29.4624155 ], [ 79.2379251, 29.4618644 ], [ 79.2358859, 29.4621854 ], [ 79.2354778, 29.4638075 ], [ 79.234427, 29.4652448 ], [ 79.2361514, 29.4675374 ], [ 79.2385349, 29.4684414 ], [ 79.2440569, 29.4695699 ], [ 79.2456396, 29.4684307 ] ] ] } },
{ "type": "Feature", "properties": { "gp_code": "260514", "gp_name": "PAVALGARH", "blkname": "RAMNAGAR", "dtname": "Nainital", "SHAPE_Area": 1783481.5582424437 }, "geometry": { "type": "Polygon", "coordinates": [ [ [ 79.2266632, 29.3495969 ], [ 79.2269375, 29.3496731 ], [ 79.2276794, 29.3518008 ], [ 79.2290582, 29.3539314 ], [ 79.2315338, 29.3559013 ], [ 79.2325288, 29.357092 ], [ 79.2327764, 29.3582352 ], [ 79.2320366, 29.3590076 ], [ 79.2316241, 29.3588519 ], [ 79.2313197, 29.3591479 ], [ 79.234096, 29.3613443 ], [ 79.2355925, 29.3636335 ], [ 79.2370049, 29.3640057 ], [ 79.2379851, 29.3646884 ], [ 79.239982, 29.3644415 ], [ 79.2392073, 29.3622007 ], [ 79.2390264, 29.3573302 ], [ 79.238555, 29.3570703 ], [ 79.2381574, 29.3552089 ], [ 79.2386143, 29.3526346 ], [ 79.2358295, 29.3482415 ], [ 79.2334757, 29.3465276 ], [ 79.2305293, 29.3476001 ], [ 79.2266632, 29.3495969 ] ] ] } },
{ "type": "Feature", "properties": { "gp_code": "260513", "gp_name": "MANKANTHPUR", "blkname": "RAMNAGAR", "dtname": "Nainital", "SHAPE_Area": 1318274.5964970721 }, "geometry": { "type": "Polygon", "coordinates": [ [ [ 79.2269375, 29.3496731 ], [ 79.2229142, 29.3459588 ], [ 79.2183215, 29.3476653 ], [ 79.2154463, 29.3495679 ], [ 79.2274097, 29.3579734 ], [ 79.2279079, 29.3576103 ], [ 79.2313197, 29.3591479 ], [ 79.2316241, 29.3588519 ], [ 79.2320366, 29.3590076 ], [ 79.2327764, 29.3582352 ], [ 79.2325288, 29.357092 ], [ 79.2315338, 29.3559013 ], [ 79.2290582, 29.3539314 ], [ 79.2276794, 29.3518008 ], [ 79.2269375, 29.3496731 ] ] ] } },
{ "type": "Feature", "properties": { "gp_code": "", "gp_name": "", "blkname": "RAMNAGAR", "dtname": "Nainital", "SHAPE_Area": 172888714.67978978 }, "geometry": { "type": "Polygon", "coordinates": [ [ [ 79.2757912, 29.3839879 ], [ 79.2746929, 29.3829772 ], [ 79.2694434, 29.3818703 ], [ 79.262992, 29.3823438 ], [ 79.2629064, 29.3818792 ], [ 79.262028, 29.3810628 ], [ 79.2624278, 29.3806778 ], [ 79.2637535, 29.3805678 ], [ 79.2651531, 29.375468 ], [ 79.2643661, 29.3741104 ], [ 79.2644607, 29.3730664 ], [ 79.2664117, 29.37176 ], [ 79.2703757, 29.3735962 ], [ 79.271479, 29.3737173 ], [ 79.2767493, 29.3712266 ], [ 79.2792648, 29.3715473 ], [ 79.2818825, 29.3725051 ], [ 79.2807836, 29.3598928 ], [ 79.27888, 29.3518026 ], [ 79.2774524, 29.3437125 ], [ 79.2774524, 29.319442 ], [ 79.2779282, 29.3075446 ], [ 79.2702477, 29.2943648 ], [ 79.2675561, 29.2942365 ], [ 79.2630689, 29.2927881 ], [ 79.2602127, 29.2933323 ], [ 79.2576549, 29.294681 ], [ 79.254352, 29.2954332 ], [ 79.2529191, 29.2951751 ], [ 79.2526125, 29.2947868 ], [ 79.2527079, 29.2936071 ], [ 79.2536432, 29.2915419 ], [ 79.2525654, 29.2916139 ], [ 79.2520827, 29.2911668 ], [ 79.2520063, 29.2891932 ], [ 79.2515511, 29.287837 ], [ 79.2516438, 29.2871216 ], [ 79.2520649, 29.2867947 ], [ 79.2545118, 29.2857697 ], [ 79.2579769, 29.283456 ], [ 79.2650387, 29.2796581 ], [ 79.2648263, 29.2792398 ], [ 79.2656009, 29.2766072 ], [ 79.2667208, 29.2750809 ], [ 79.2681629, 29.2737333 ], [ 79.2697311, 29.2734696 ], [ 79.2636705, 29.2638673 ], [ 79.270333, 29.2533976 ], [ 79.27492, 29.2397242 ], [ 79.2710669, 29.2400138 ], [ 79.2650561, 29.241478 ], [ 79.2594608, 29.2422227 ], [ 79.2516491, 29.241811 ], [ 79.2201607, 29.2479618 ], [ 79.1902163, 29.2558027 ], [ 79.1628591, 29.2635206 ], [ 79.1604956, 29.2644814 ], [ 79.1578984, 29.2663918 ], [ 79.1544573, 29.2673468 ], [ 79.1482936, 29.2712875 ], [ 79.1316374, 29.2761437 ], [ 79.1341145, 29.2803404 ], [ 79.1350071, 29.2838396 ], [ 79.1348534, 29.2870732 ], [ 79.1323345, 29.2938114 ], [ 79.1327552, 29.3010749 ], [ 79.1356893, 29.306166 ], [ 79.1364713, 29.3106622 ], [ 79.1381949, 29.3147959 ], [ 79.1426016, 29.3183246 ], [ 79.1459468, 29.324091 ], [ 79.146043, 29.3256104 ], [ 79.1452114, 29.329263 ], [ 79.1460301, 29.335191 ], [ 79.1469108, 29.3388993 ], [ 79.1475682, 29.3402113 ], [ 79.152571, 29.3454252 ], [ 79.1568433, 29.3483451 ], [ 79.15711, 29.3508887 ], [ 79.1597982, 29.3529171 ], [ 79.1631097, 29.3560537 ], [ 79.1673366, 29.3569051 ], [ 79.1701185, 29.3583354 ], [ 79.1723724, 29.3582068 ], [ 79.1774302, 29.3604292 ], [ 79.1797543, 29.3607682 ], [ 79.1828608, 29.3607256 ], [ 79.1850438, 29.3602343 ], [ 79.1926276, 29.3574568 ], [ 79.1998458, 29.3596427 ], [ 79.2061002, 29.3593465 ], [ 79.2112998, 29.3582505 ], [ 79.2180945, 29.357863 ], [ 79.2242576, 29.3582784 ], [ 79.2299322, 29.3600698 ], [ 79.2313014, 29.3607188 ], [ 79.2333503, 29.3624695 ], [ 79.2341054, 29.3632324 ], [ 79.2361172, 29.3666767 ], [ 79.2384254, 29.3685569 ], [ 79.2467339, 29.3714557 ], [ 79.2490354, 29.3713704 ], [ 79.251322, 29.3730058 ], [ 79.2534459, 29.3760136 ], [ 79.2545037, 29.3800224 ], [ 79.2563941, 29.3851567 ], [ 79.2588242, 29.3887074 ], [ 79.2617877, 29.3916996 ], [ 79.2644941, 29.393414 ], [ 79.2731319, 29.3967993 ], [ 79.2753099, 29.3982597 ], [ 79.282562, 29.4007486 ], [ 79.2876507, 29.4030921 ], [ 79.294519, 29.4071259 ], [ 79.3032952, 29.4097945 ], [ 79.3070613, 29.4117641 ], [ 79.3130788, 29.4140914 ], [ 79.311452, 29.412692 ], [ 79.3063898, 29.409421 ], [ 79.3027401, 29.4063881 ], [ 79.3017829, 29.4037922 ], [ 79.2973319, 29.4019162 ], [ 79.2955306, 29.4001676 ], [ 79.2945173, 29.3996989 ], [ 79.2893058, 29.3995213 ], [ 79.2887781, 29.3990935 ], [ 79.2889594, 29.3982819 ], [ 79.2882521, 29.3983948 ], [ 79.2849927, 29.3967557 ], [ 79.2814797, 29.3931813 ], [ 79.2764172, 29.3902187 ], [ 79.2736406, 29.3891618 ], [ 79.2704719, 29.3872133 ], [ 79.2702996, 29.3864775 ], [ 79.2716399, 29.3838918 ], [ 79.2757912, 29.3839879 ] ], [ [ 79.2308593, 29.3588494 ], [ 79.2279079, 29.3576103 ], [ 79.2274097, 29.3579734 ], [ 79.2154463, 29.3495679 ], [ 79.2183215, 29.3476653 ], [ 79.2229142, 29.3459588 ], [ 79.2266632, 29.3495969 ], [ 79.2305293, 29.3476001 ], [ 79.2334757, 29.3465276 ], [ 79.2339606, 29.3466419 ], [ 79.2365465, 29.3490626 ], [ 79.2386143, 29.3526346 ], [ 79.2381574, 29.3552089 ], [ 79.238555, 29.3570703 ], [ 79.2390264, 29.3573302 ], [ 79.2392073, 29.3622007 ], [ 79.239982, 29.3644415 ], [ 79.2379851, 29.3646884 ], [ 79.2370049, 29.3640057 ], [ 79.2355925, 29.3636335 ], [ 79.2333063, 29.3605404 ], [ 79.2308593, 29.3588494 ] ], [ [ 79.1504429, 29.322816 ], [ 79.1534463, 29.3214337 ], [ 79.1564447, 29.3218562 ], [ 79.1577083, 29.3215323 ], [ 79.1623877, 29.316714 ], [ 79.1700796, 29.3111463 ], [ 79.170907, 29.3100611 ], [ 79.1718262, 29.3068798 ], [ 79.1727292, 29.3054732 ], [ 79.1748649, 29.3036254 ], [ 79.17816, 29.301961 ], [ 79.1804444, 29.2998881 ], [ 79.1826578, 29.2989549 ], [ 79.1805256, 29.2967959 ], [ 79.187382, 29.2928096 ], [ 79.188601, 29.2924061 ], [ 79.1891913, 29.2930162 ], [ 79.1899532, 29.2926539 ], [ 79.1928291, 29.2905097 ], [ 79.1925496, 29.2886436 ], [ 79.1927604, 29.2858452 ], [ 79.1945178, 29.2847169 ], [ 79.1945831, 29.2856762 ], [ 79.1965082, 29.2875264 ], [ 79.1979103, 29.2877214 ], [ 79.1977972, 29.2881834 ], [ 79.1984667, 29.2901815 ], [ 79.2027171, 29.2950403 ], [ 79.2030698, 29.2975139 ], [ 79.2042411, 29.2985315 ], [ 79.2052416, 29.3012781 ], [ 79.2069533, 29.3029875 ], [ 79.2072291, 29.3054703 ], [ 79.2078148, 29.3068319 ], [ 79.2076492, 29.3094764 ], [ 79.2085, 29.3115766 ], [ 79.2090902, 29.3142884 ], [ 79.1984756, 29.3148109 ], [ 79.1975901, 29.3154956 ], [ 79.1963584, 29.3152042 ], [ 79.1954689, 29.3144053 ], [ 79.1948866, 29.3143311 ], [ 79.1941785, 29.3148029 ], [ 79.1923359, 29.314687 ], [ 79.1909719, 29.3138603 ], [ 79.1896284, 29.3140673 ], [ 79.1896491, 29.3150537 ], [ 79.1863206, 29.3160943 ], [ 79.1853334, 29.316733 ], [ 79.1846553, 29.3167653 ], [ 79.1844298, 29.3160153 ], [ 79.1814267, 29.3190904 ], [ 79.181999, 29.3196758 ], [ 79.1799061, 29.3224584 ], [ 79.1794741, 29.323205 ], [ 79.1794104, 29.3246309 ], [ 79.1783859, 29.3257668 ], [ 79.1791933, 29.3277316 ], [ 79.1792656, 29.3290866 ], [ 79.1788337, 29.3297995 ], [ 79.1770098, 29.3308006 ], [ 79.1761607, 29.3330786 ], [ 79.1755209, 29.3334317 ], [ 79.1754477, 29.3342395 ], [ 79.1718764, 29.3348629 ], [ 79.1699207, 29.3362691 ], [ 79.1655822, 29.3380299 ], [ 79.1611037, 29.3414187 ], [ 79.1593162, 29.341992 ], [ 79.1588172, 29.3415732 ], [ 79.1559099, 29.3352928 ], [ 79.1546761, 29.3342402 ], [ 79.1517957, 29.3306145 ], [ 79.1508791, 29.32897 ], [ 79.1505516, 29.3270237 ], [ 79.1481106, 29.324634 ], [ 79.1504429, 29.322816 ] ], [ [ 79.2160357, 29.3091639 ], [ 79.2116582, 29.2997961 ], [ 79.2101646, 29.2996551 ], [ 79.2103267, 29.3034122 ], [ 79.2086234, 29.3038574 ], [ 79.208174, 29.3024538 ], [ 79.2057297, 29.2993541 ], [ 79.2041752, 29.2962936 ], [ 79.2039695, 29.2952342 ], [ 79.2044092, 29.2950387 ], [ 79.204469, 29.2939923 ], [ 79.2049456, 29.2932097 ], [ 79.2044182, 29.2905323 ], [ 79.2022984, 29.2917313 ], [ 79.2020144, 29.290439 ], [ 79.2014079, 29.2897498 ], [ 79.2010348, 29.2868579 ], [ 79.1988797, 29.282236 ], [ 79.200816, 29.2816699 ], [ 79.2016296, 29.2832091 ], [ 79.2058565, 29.2817006 ], [ 79.2109625, 29.2839412 ], [ 79.213175, 29.2833429 ], [ 79.2139516, 29.2827015 ], [ 79.2156453, 29.2830285 ], [ 79.2162085, 29.2845265 ], [ 79.2185449, 29.282937 ], [ 79.2213937, 29.2831296 ], [ 79.2249116, 29.2823272 ], [ 79.2360688, 29.2830628 ], [ 79.2366469, 29.283308 ], [ 79.237054, 29.2841446 ], [ 79.2375256, 29.2886103 ], [ 79.2379966, 29.2892704 ], [ 79.2398269, 29.2901225 ], [ 79.2416478, 29.2917424 ], [ 79.2434115, 29.2924337 ], [ 79.2471106, 29.2903262 ], [ 79.2485286, 29.2920872 ], [ 79.2501402, 29.2912351 ], [ 79.2507348, 29.2914506 ], [ 79.2504371, 29.293229 ], [ 79.2521414, 29.2972144 ], [ 79.2532516, 29.2985813 ], [ 79.2533129, 29.299394 ], [ 79.2529418, 29.3001989 ], [ 79.2534613, 29.3023661 ], [ 79.254781, 29.304798 ], [ 79.251632, 29.3072788 ], [ 79.248587, 29.3088494 ], [ 79.2460509, 29.3089166 ], [ 79.2437249, 29.30983 ], [ 79.2412094, 29.3087783 ], [ 79.238329, 29.3094701 ], [ 79.238112, 29.3086055 ], [ 79.2374254, 29.3095388 ], [ 79.2368967, 29.309658 ], [ 79.2338615, 29.3095158 ], [ 79.229961, 29.3099878 ], [ 79.2261057, 29.3110149 ], [ 79.2248654, 29.3115926 ], [ 79.2232171, 29.3129706 ], [ 79.2197148, 29.3142675 ], [ 79.2182165, 29.3135359 ], [ 79.2182025, 29.3115482 ], [ 79.2174436, 29.3102579 ], [ 79.2160357, 29.3091639 ] ] ] } },
{ "type": "Feature", "properties": { "gp_code": "24010", "gp_name": "KYARI", "blkname": "RAMNAGAR", "dtname": "Nainital", "SHAPE_Area": 736260.45781278796 }, "geometry": { "type": "Polygon", "coordinates": [ [ [ 79.1922331, 29.3651822 ], [ 79.190662, 29.3641292 ], [ 79.1884671, 29.3636009 ], [ 79.1852405, 29.3633524 ], [ 79.1841835, 29.3628826 ], [ 79.1815132, 29.3632279 ], [ 79.1825099, 29.3664101 ], [ 79.1824266, 29.3680775 ], [ 79.1829105, 29.3686925 ], [ 79.1867183, 29.3675823 ], [ 79.1884838, 29.367475 ], [ 79.1904514, 29.3686778 ], [ 79.1924857, 29.3707569 ], [ 79.1931953, 29.3700109 ], [ 79.1934493, 29.3680066 ], [ 79.1933067, 29.366792 ], [ 79.1922331, 29.3651822 ] ] ] } },
{ "type": "Feature", "properties": { "gp_code": "", "gp_name": "", "blkname": "RAMNAGAR", "dtname": "Nainital", "SHAPE_Area": 317330.96525747824 }, "geometry": { "type": "Polygon", "coordinates": [ [ [ 79.1872, 29.3614967 ], [ 79.1922331, 29.3651822 ], [ 79.1928316, 29.3634551 ], [ 79.1933846, 29.3629568 ], [ 79.1937482, 29.3611472 ], [ 79.1934431, 29.3584862 ], [ 79.1919515, 29.359042 ], [ 79.190433, 29.3603186 ], [ 79.1884965, 29.3605272 ], [ 79.1872, 29.3614967 ] ] ] } },
{ "type": "Feature", "properties": { "gp_code": "260481", "gp_name": "KISHANPUR CHHOI", "blkname": "RAMNAGAR", "dtname": "Nainital", "SHAPE_Area": 1233686.4030850036 }, "geometry": { "type": "Polygon", "coordinates": [ [ [ 79.1466117, 29.3561775 ], [ 79.1452838, 29.3523701 ], [ 79.1444459, 29.3525256 ], [ 79.1442652, 29.352258 ], [ 79.1435931, 29.3526545 ], [ 79.1433062, 29.352333 ], [ 79.1421646, 29.3524068 ], [ 79.1414375, 29.351923 ], [ 79.1401796, 29.3501294 ], [ 79.1387284, 29.357329 ], [ 79.1396467, 29.357956 ], [ 79.1403249, 29.3603738 ], [ 79.1395381, 29.3606065 ], [ 79.1428407, 29.3632559 ], [ 79.1420894, 29.3642621 ], [ 79.1386436, 29.3716574 ], [ 79.1419845, 29.3725881 ], [ 79.1419998, 29.3713135 ], [ 79.1427869, 29.3692082 ], [ 79.1431067, 29.3685782 ], [ 79.1443348, 29.3678402 ], [ 79.1444541, 29.3626967 ], [ 79.1439822, 29.3620625 ], [ 79.143638, 29.3606396 ], [ 79.143747, 29.3597715 ], [ 79.1445031, 29.3596466 ], [ 79.1466117, 29.3561775 ] ] ] } },
{ "type": "Feature", "properties": { "gp_code": "", "gp_name": "", "blkname": "RAMNAGAR", "dtname": "Nainital", "SHAPE_Area": 167101.64690026589 }, "geometry": { "type": "Polygon", "coordinates": [ [ [ 79.1428407, 29.3632559 ], [ 79.1395381, 29.3606065 ], [ 79.1378192, 29.3624813 ], [ 79.1414524, 29.3657835 ], [ 79.1428407, 29.3632559 ] ] ] } },
{ "type": "Feature", "properties": { "gp_code": "", "gp_name": "", "blkname": "RAMNAGAR", "dtname": "Nainital", "SHAPE_Area": 539287.05960420298 }, "geometry": { "type": "Polygon", "coordinates": [ [ [ 79.1401796, 29.3501294 ], [ 79.1418716, 29.3485803 ], [ 79.1384573, 29.346215 ], [ 79.1372495, 29.3470353 ], [ 79.1344769, 29.3498119 ], [ 79.1339203, 29.3513616 ], [ 79.1351142, 29.3508035 ], [ 79.1367363, 29.3523491 ], [ 79.13724, 29.3532615 ], [ 79.1370287, 29.3572571 ], [ 79.1387284, 29.357329 ], [ 79.1401796, 29.3501294 ] ] ] } },
{ "type": "Feature", "properties": { "gp_code": "259906", "gp_name": "Gajepur", "blkname": "RAMNAGAR", "dtname": "Nainital", "SHAPE_Area": 2295368.9035270293 }, "geometry": { "type": "Polygon", "coordinates": [ [ [ 79.1483853, 29.3536701 ], [ 79.1525583, 29.346835 ], [ 79.1497337, 29.3448152 ], [ 79.1480949, 29.3427366 ], [ 79.1468606, 29.3417722 ], [ 79.1443171, 29.3413042 ], [ 79.1411426, 29.341685 ], [ 79.1397644, 29.3382974 ], [ 79.1393788, 29.3384129 ], [ 79.1363256, 29.3374869 ], [ 79.134859, 29.3405846 ], [ 79.1347163, 29.3424423 ], [ 79.134171, 29.3430271 ], [ 79.1344514, 29.3445028 ], [ 79.1340305, 29.3458415 ], [ 79.1351854, 29.3476514 ], [ 79.1344769, 29.3498119 ], [ 79.1372495, 29.3470353 ], [ 79.1384573, 29.346215 ], [ 79.1418716, 29.3485803 ], [ 79.1401796, 29.3501294 ], [ 79.1414375, 29.351923 ], [ 79.1421646, 29.3524068 ], [ 79.1433062, 29.352333 ], [ 79.1435931, 29.3526545 ], [ 79.1442652, 29.352258 ], [ 79.1444459, 29.3525256 ], [ 79.1452838, 29.3523701 ], [ 79.1457463, 29.3537061 ], [ 79.1465957, 29.3539689 ], [ 79.1483853, 29.3536701 ] ] ] } },
{ "type": "Feature", "properties": { "gp_code": "23795", "gp_name": "KUNWARPUR", "blkname": "RAMNAGAR", "dtname": "Nainital", "SHAPE_Area": 666685.27555751754 }, "geometry": { "type": "Polygon", "coordinates": [ [ [ 79.1675638, 29.3316793 ], [ 79.1577563, 29.3268415 ], [ 79.1549363, 29.3294286 ], [ 79.1634717, 29.3352254 ], [ 79.1633336, 29.3355933 ], [ 79.1675638, 29.3316793 ] ] ] } },
{ "type": "Feature", "properties": { "gp_code": "260509", "gp_name": "KHEMPUR", "blkname": "RAMNAGAR", "dtname": "Nainital", "SHAPE_Area": 3154599.8790287692 }, "geometry": { "type": "Polygon", "coordinates": [ [ [ 79.1549363, 29.3294286 ], [ 79.1577563, 29.3268415 ], [ 79.1675638, 29.3316793 ], [ 79.1719937, 29.3275952 ], [ 79.1681871, 29.3253329 ], [ 79.1665224, 29.3238563 ], [ 79.1661746, 29.3228804 ], [ 79.1646671, 29.3224765 ], [ 79.1630418, 29.3212616 ], [ 79.1613723, 29.3205236 ], [ 79.1600806, 29.3191297 ], [ 79.1577083, 29.3215323 ], [ 79.1564447, 29.3218562 ], [ 79.1534463, 29.3214337 ], [ 79.1504429, 29.322816 ], [ 79.1481106, 29.324634 ], [ 79.1505516, 29.3270237 ], [ 79.1508791, 29.32897 ], [ 79.1517957, 29.3306145 ], [ 79.1546761, 29.3342402 ], [ 79.1559099, 29.3352928 ], [ 79.1588172, 29.3415732 ], [ 79.1593162, 29.341992 ], [ 79.1620843, 29.3408293 ], [ 79.1640908, 29.3389614 ], [ 79.1660244, 29.3378186 ], [ 79.1633336, 29.3355933 ], [ 79.1634717, 29.3352254 ], [ 79.1549363, 29.3294286 ] ] ] } },
{ "type": "Feature", "properties": { "gp_code": "", "gp_name": "", "blkname": "RAMNAGAR", "dtname": "Nainital", "SHAPE_Area": 264691.97316461289 }, "geometry": { "type": "Polygon", "coordinates": [ [ [ 79.1369719, 29.333334 ], [ 79.1387557, 29.3304097 ], [ 79.1382325, 29.3294781 ], [ 79.1363945, 29.3277286 ], [ 79.1363012, 29.3261323 ], [ 79.1353657, 29.3276053 ], [ 79.1358785, 29.3289685 ], [ 79.1335828, 29.3286574 ], [ 79.1341566, 29.3297428 ], [ 79.1339, 29.3306119 ], [ 79.1356485, 29.3332327 ], [ 79.1359278, 29.332952 ], [ 79.1369719, 29.333334 ] ] ] } },
{ "type": "Feature", "properties": { "gp_code": "24017", "gp_name": "NATHUPUR CHOI", "blkname": "RAMNAGAR", "dtname": "Nainital", "SHAPE_Area": 7189084.4194600545 }, "geometry": { "type": "Polygon", "coordinates": [ [ [ 79.134859, 29.3405846 ], [ 79.1363256, 29.3374869 ], [ 79.1393788, 29.3384129 ], [ 79.1397644, 29.3382974 ], [ 79.1411426, 29.341685 ], [ 79.1443171, 29.3413042 ], [ 79.1468606, 29.3417722 ], [ 79.1482358, 29.3412082 ], [ 79.1455767, 29.3383689 ], [ 79.1450784, 29.3359857 ], [ 79.1441958, 29.3341498 ], [ 79.1438263, 29.3336377 ], [ 79.1431701, 29.333991 ], [ 79.1428193, 29.3329427 ], [ 79.142572, 29.3320258 ], [ 79.1429846, 29.3295428 ], [ 79.1423027, 29.3288982 ], [ 79.1442033, 29.3270117 ], [ 79.1436364, 29.3248373 ], [ 79.1419484, 29.3229709 ], [ 79.1392907, 29.3178945 ], [ 79.138329, 29.3167122 ], [ 79.1376477, 29.3170748 ], [ 79.1368772, 29.3152394 ], [ 79.1354714, 29.3135836 ], [ 79.1339077, 29.3086919 ], [ 79.1315112, 29.3036843 ], [ 79.1301155, 29.2979501 ], [ 79.1292787, 29.2971521 ], [ 79.1272152, 29.2961269 ], [ 79.1228936, 29.2963361 ], [ 79.1206779, 29.3000411 ], [ 79.1206547, 29.3005424 ], [ 79.1219994, 29.3028319 ], [ 79.1227357, 29.3033056 ], [ 79.122257, 29.3040466 ], [ 79.1224858, 29.3051548 ], [ 79.1221832, 29.3061042 ], [ 79.1226484, 29.3072482 ], [ 79.1224837, 29.3082159 ], [ 79.1227974, 29.3112787 ], [ 79.1211206, 29.3112869 ], [ 79.1210938, 29.3122725 ], [ 79.1245583, 29.3155914 ], [ 79.1255227, 29.3184482 ], [ 79.1270078, 29.3204968 ], [ 79.127835, 29.322725 ], [ 79.1293483, 29.3250222 ], [ 79.1296791, 29.3267637 ], [ 79.1306741, 29.3285088 ], [ 79.1309106, 29.3295527 ], [ 79.1319057, 29.3311736 ], [ 79.1322272, 29.3312459 ], [ 79.1325653, 29.3334356 ], [ 79.1330163, 29.3341752 ], [ 79.1324656, 29.3368071 ], [ 79.1315009, 29.3365823 ], [ 79.1322939, 29.3389471 ], [ 79.1335994, 29.3409616 ], [ 79.134171, 29.3430271 ], [ 79.1347163, 29.3424423 ], [ 79.134859, 29.3405846 ] ], [ [ 79.1369719, 29.333334 ], [ 79.1359278, 29.332952 ], [ 79.1356485, 29.3332327 ], [ 79.1350136, 29.3325549 ], [ 79.1340052, 29.3309339 ], [ 79.1341566, 29.3297428 ], [ 79.1335828, 29.3286574 ], [ 79.1358785, 29.3289685 ], [ 79.1353657, 29.3276053 ], [ 79.1363012, 29.3261323 ], [ 79.1363945, 29.3277286 ], [ 79.1382325, 29.3294781 ], [ 79.1387557, 29.3304097 ], [ 79.1369719, 29.333334 ] ] ] } },
{ "type": "Feature", "properties": { "gp_code": "260510", "gp_name": "GABUWA", "blkname": "RAMNAGAR", "dtname": "Nainital", "SHAPE_Area": 3489861.4297566479 }, "geometry": { "type": "Polygon", "coordinates": [ [ [ 79.1804252, 29.3218785 ], [ 79.1792067, 29.3208809 ], [ 79.1784192, 29.321576 ], [ 79.1689237, 29.312795 ], [ 79.1682537, 29.3132491 ], [ 79.1678076, 29.3127638 ], [ 79.1623877, 29.316714 ], [ 79.1600806, 29.3191297 ], [ 79.1603825, 29.3195371 ], [ 79.1613723, 29.3205236 ], [ 79.1630418, 29.3212616 ], [ 79.1646671, 29.3224765 ], [ 79.1661746, 29.3228804 ], [ 79.1665224, 29.3238563 ], [ 79.1681871, 29.3253329 ], [ 79.1719937, 29.3275952 ], [ 79.1633336, 29.3355933 ], [ 79.1660244, 29.3378186 ], [ 79.1699207, 29.3362691 ], [ 79.1718764, 29.3348629 ], [ 79.1754477, 29.3342395 ], [ 79.1755209, 29.3334317 ], [ 79.1761607, 29.3330786 ], [ 79.1770098, 29.3308006 ], [ 79.1788337, 29.3297995 ], [ 79.1792656, 29.3290866 ], [ 79.1791933, 29.3277316 ], [ 79.1783859, 29.3257668 ], [ 79.1794104, 29.3246309 ], [ 79.1794741, 29.323205 ], [ 79.1804252, 29.3218785 ] ] ] } },
{ "type": "Feature", "properties": { "gp_code": "260495", "gp_name": "PATTA PANI", "blkname": "RAMNAGAR", "dtname": "Nainital", "SHAPE_Area": 4604495.4046386825 }, "geometry": { "type": "Polygon", "coordinates": [ [ [ 79.1804252, 29.3218785 ], [ 79.181999, 29.3196758 ], [ 79.1814267, 29.3190904 ], [ 79.1844298, 29.3160153 ], [ 79.1846553, 29.3167653 ], [ 79.1853334, 29.316733 ], [ 79.1863206, 29.3160943 ], [ 79.1896491, 29.3150537 ], [ 79.1896284, 29.3140673 ], [ 79.1909719, 29.3138603 ], [ 79.1923359, 29.314687 ], [ 79.1941785, 29.3148029 ], [ 79.1948866, 29.3143311 ], [ 79.1954689, 29.3144053 ], [ 79.1957647, 29.3147872 ], [ 79.1952207, 29.3124296 ], [ 79.1953036, 29.3100992 ], [ 79.1875674, 29.3050778 ], [ 79.1879844, 29.3047584 ], [ 79.1843755, 29.3011659 ], [ 79.1826578, 29.2989549 ], [ 79.181277, 29.2993602 ], [ 79.1792179, 29.300789 ], [ 79.17816, 29.301961 ], [ 79.1748649, 29.3036254 ], [ 79.1736145, 29.3046431 ], [ 79.1721258, 29.3061717 ], [ 79.1706735, 29.3105124 ], [ 79.1678076, 29.3127638 ], [ 79.1682537, 29.3132491 ], [ 79.1689237, 29.312795 ], [ 79.1701283, 29.3136782 ], [ 79.1784192, 29.321576 ], [ 79.1792067, 29.3208809 ], [ 79.1804252, 29.3218785 ] ] ] } },
{ "type": "Feature", "properties": { "gp_code": "260494", "gp_name": "SEMAL CHAUR", "blkname": "RAMNAGAR", "dtname": "Nainital", "SHAPE_Area": 1687178.4268107621 }, "geometry": { "type": "Polygon", "coordinates": [ [ [ 79.191758, 29.2973371 ], [ 79.188601, 29.2924061 ], [ 79.187382, 29.2928096 ], [ 79.1805256, 29.2967959 ], [ 79.1879844, 29.3047584 ], [ 79.1875674, 29.3050778 ], [ 79.1909616, 29.3071009 ], [ 79.1922124, 29.3063945 ], [ 79.1967901, 29.305062 ], [ 79.1966647, 29.3043733 ], [ 79.1955265, 29.302789 ], [ 79.1951945, 29.3010179 ], [ 79.1943672, 29.2997239 ], [ 79.191758, 29.2973371 ] ] ] } },
{ "type": "Feature", "properties": { "gp_code": "260518", "gp_name": "RATANPUR BAILPARAO", "blkname": "RAMNAGAR", "dtname": "Nainital", "SHAPE_Area": 1226582.2976981704 }, "geometry": { "type": "Polygon", "coordinates": [ [ [ 79.1977972, 29.2881834 ], [ 79.1979103, 29.2877214 ], [ 79.1965082, 29.2875264 ], [ 79.1945831, 29.2856762 ], [ 79.1945178, 29.2847169 ], [ 79.1927604, 29.2858452 ], [ 79.1925496, 29.2886436 ], [ 79.1928291, 29.2905097 ], [ 79.1958185, 29.2939793 ], [ 79.19767, 29.2977298 ], [ 79.1987986, 29.2994295 ], [ 79.199554, 29.2998224 ], [ 79.2006911, 29.3018602 ], [ 79.2050584, 29.3014867 ], [ 79.2052416, 29.3012781 ], [ 79.2042411, 29.2985315 ], [ 79.2030698, 29.2975139 ], [ 79.2027171, 29.2950403 ], [ 79.1984667, 29.2901815 ], [ 79.1977972, 29.2881834 ] ] ] } },
{ "type": "Feature", "properties": { "gp_code": "260511", "gp_name": "BAILPADAV", "blkname": "RAMNAGAR", "dtname": "Nainital", "SHAPE_Area": 3199909.2592328712 }, "geometry": { "type": "Polygon", "coordinates": [ [ [ 79.2052416, 29.3012781 ], [ 79.2006911, 29.3018602 ], [ 79.199554, 29.2998224 ], [ 79.1987986, 29.2994295 ], [ 79.19767, 29.2977298 ], [ 79.1958185, 29.2939793 ], [ 79.1928291, 29.2905097 ], [ 79.1891913, 29.2930162 ], [ 79.191758, 29.2973371 ], [ 79.1943672, 29.2997239 ], [ 79.1951945, 29.3010179 ], [ 79.1955265, 29.302789 ], [ 79.1966647, 29.3043733 ], [ 79.1967901, 29.305062 ], [ 79.1922124, 29.3063945 ], [ 79.1909616, 29.3071009 ], [ 79.1953036, 29.3100992 ], [ 79.1952207, 29.3124296 ], [ 79.1957647, 29.3147872 ], [ 79.1963584, 29.3152042 ], [ 79.1975901, 29.3154956 ], [ 79.1984756, 29.3148109 ], [ 79.2090902, 29.3142884 ], [ 79.2085, 29.3115766 ], [ 79.2076492, 29.3094764 ], [ 79.2078148, 29.3068319 ], [ 79.2072291, 29.3054703 ], [ 79.2069533, 29.3029875 ], [ 79.2052416, 29.3012781 ] ] ] } },
{ "type": "Feature", "properties": { "gp_code": "260515", "gp_name": "BANDAR JUDA", "blkname": "RAMNAGAR", "dtname": "Nainital", "SHAPE_Area": 2514609.2985495301 }, "geometry": { "type": "Polygon", "coordinates": [ [ [ 79.2290751, 29.3091555 ], [ 79.2288233, 29.3063582 ], [ 79.2285314, 29.3065283 ], [ 79.2281582, 29.3058857 ], [ 79.2255104, 29.3069799 ], [ 79.2238733, 29.3061661 ], [ 79.2224463, 29.3037221 ], [ 79.2208438, 29.298292 ], [ 79.2210756, 29.2976083 ], [ 79.220896, 29.2961893 ], [ 79.2230273, 29.2922685 ], [ 79.2224376, 29.2927102 ], [ 79.2201514, 29.2931532 ], [ 79.2191604, 29.2939433 ], [ 79.217374, 29.2939985 ], [ 79.2156369, 29.2957228 ], [ 79.2148388, 29.2957704 ], [ 79.2116582, 29.2997961 ], [ 79.2130322, 29.3020397 ], [ 79.2160357, 29.3091639 ], [ 79.2174436, 29.3102579 ], [ 79.2182025, 29.3115482 ], [ 79.2182165, 29.3135359 ], [ 79.2189231, 29.3140054 ], [ 79.2197148, 29.3142675 ], [ 79.2219765, 29.3135969 ], [ 79.2248654, 29.3115926 ], [ 79.2289309, 29.3102869 ], [ 79.2286971, 29.3095182 ], [ 79.2290751, 29.3091555 ] ] ] } },
{ "type": "Feature", "properties": { "gp_code": "260518", "gp_name": "RATANPUR BAILPARAO", "blkname": "RAMNAGAR", "dtname": "Nainital", "SHAPE_Area": 4197403.1165746264 }, "geometry": { "type": "Polygon", "coordinates": [ [ [ 79.2103267, 29.3034122 ], [ 79.2101646, 29.2996551 ], [ 79.2116582, 29.2997961 ], [ 79.2148388, 29.2957704 ], [ 79.2156369, 29.2957228 ], [ 79.217374, 29.2939985 ], [ 79.2191604, 29.2939433 ], [ 79.2201514, 29.2931532 ], [ 79.2224376, 29.2927102 ], [ 79.2230273, 29.2922685 ], [ 79.2223532, 29.2902905 ], [ 79.2241321, 29.2896872 ], [ 79.2221822, 29.2848167 ], [ 79.2218056, 29.2830876 ], [ 79.2185449, 29.282937 ], [ 79.2162085, 29.2845265 ], [ 79.2156453, 29.2830285 ], [ 79.2139516, 29.2827015 ], [ 79.213175, 29.2833429 ], [ 79.2109625, 29.2839412 ], [ 79.2058565, 29.2817006 ], [ 79.2016296, 29.2832091 ], [ 79.200816, 29.2816699 ], [ 79.1988797, 29.282236 ], [ 79.2010348, 29.2868579 ], [ 79.2014079, 29.2897498 ], [ 79.2020144, 29.290439 ], [ 79.2022984, 29.2917313 ], [ 79.2044182, 29.2905323 ], [ 79.2049456, 29.2932097 ], [ 79.204469, 29.2939923 ], [ 79.2044092, 29.2950387 ], [ 79.2039695, 29.2952342 ], [ 79.2041752, 29.2962936 ], [ 79.2057297, 29.2993541 ], [ 79.208174, 29.3024538 ], [ 79.2086234, 29.3038574 ], [ 79.2103267, 29.3034122 ] ] ] } },
{ "type": "Feature", "properties": { "gp_code": "259971", "gp_name": "Chandpur", "blkname": "RAMNAGAR", "dtname": "Nainital", "SHAPE_Area": 475889.02454362478 }, "geometry": { "type": "Polygon", "coordinates": [ [ [ 79.2279477, 29.2898683 ], [ 79.2249116, 29.2823272 ], [ 79.2218056, 29.2830876 ], [ 79.2221822, 29.2848167 ], [ 79.2241321, 29.2896872 ], [ 79.2223532, 29.2902905 ], [ 79.2230273, 29.2922685 ], [ 79.2279477, 29.2898683 ] ] ] } },
{ "type": "Feature", "properties": { "gp_code": "260512", "gp_name": "BAIL POKHARA", "blkname": "RAMNAGAR", "dtname": "Nainital", "SHAPE_Area": 4119954.3750067162 }, "geometry": { "type": "Polygon", "coordinates": [ [ [ 79.2255104, 29.3069799 ], [ 79.2281582, 29.3058857 ], [ 79.2285314, 29.3065283 ], [ 79.2293968, 29.3056142 ], [ 79.2313893, 29.3044901 ], [ 79.2349183, 29.303689 ], [ 79.2351652, 29.3031496 ], [ 79.2354602, 29.299721 ], [ 79.2373342, 29.2935324 ], [ 79.2371583, 29.2912392 ], [ 79.2374834, 29.2865771 ], [ 79.237054, 29.2841446 ], [ 79.2366469, 29.283308 ], [ 79.2360688, 29.2830628 ], [ 79.2249116, 29.2823272 ], [ 79.2279477, 29.2898683 ], [ 79.2230273, 29.2922685 ], [ 79.220896, 29.2961893 ], [ 79.2210756, 29.2976083 ], [ 79.2208438, 29.298292 ], [ 79.2224463, 29.3037221 ], [ 79.2238733, 29.3061661 ], [ 79.2255104, 29.3069799 ] ] ] } },
{ "type": "Feature", "properties": { "gp_code": "260517", "gp_name": "VIJAYPUR DHAMOLA", "blkname": "RAMNAGAR", "dtname": "Nainital", "SHAPE_Area": 628310.48625958909 }, "geometry": { "type": "Polygon", "coordinates": [ [ [ 79.2323601, 29.3096424 ], [ 79.2368967, 29.309658 ], [ 79.2374254, 29.3095388 ], [ 79.238112, 29.3086055 ], [ 79.2379398, 29.3077752 ], [ 79.2354094, 29.3039181 ], [ 79.2349183, 29.303689 ], [ 79.2326211, 29.304016 ], [ 79.2293968, 29.3056142 ], [ 79.2288233, 29.3063582 ], [ 79.2290751, 29.3091555 ], [ 79.2286971, 29.3095182 ], [ 79.2287539, 29.3101763 ], [ 79.2323601, 29.3096424 ] ] ] } },
{ "type": "Feature", "properties": { "gp_code": "260516", "gp_name": "DHANPUR", "blkname": "RAMNAGAR", "dtname": "Nainital", "SHAPE_Area": 4054553.0241413843 }, "geometry": { "type": "Polygon", "coordinates": [ [ [ 79.2460509, 29.3089166 ], [ 79.248587, 29.3088494 ], [ 79.251632, 29.3072788 ], [ 79.254781, 29.304798 ], [ 79.2534613, 29.3023661 ], [ 79.2529418, 29.3001989 ], [ 79.2533129, 29.299394 ], [ 79.2532516, 29.2985813 ], [ 79.2521414, 29.2972144 ], [ 79.2504371, 29.293229 ], [ 79.2507348, 29.2914506 ], [ 79.2501402, 29.2912351 ], [ 79.2485286, 29.2920872 ], [ 79.2471106, 29.2903262 ], [ 79.2434115, 29.2924337 ], [ 79.2416478, 29.2917424 ], [ 79.2398269, 29.2901225 ], [ 79.2379966, 29.2892704 ], [ 79.2375256, 29.2886103 ], [ 79.2371583, 29.2912392 ], [ 79.2372773, 29.2938901 ], [ 79.2354602, 29.299721 ], [ 79.2349183, 29.303689 ], [ 79.2354094, 29.3039181 ], [ 79.2379398, 29.3077752 ], [ 79.238329, 29.3094701 ], [ 79.2412094, 29.3087783 ], [ 79.2437249, 29.30983 ], [ 79.2460509, 29.3089166 ] ] ] } }
]
}
