{
"type": "FeatureCollection",
"name": "udam_singh_nagar_gp",
"crs": { "type": "name", "properties": { "name": "urn:ogc:def:crs:OGC::CRS84" } },
"features": [
{ "type": "Feature", "properties": { "gp_code": "27092", "gp_name": "ALAKHDEVA", "blkname": "GADARPUR", "dtname": "Udam Singh Nagar", "SHAPE_Area": 6008728.6678536711 }, "geometry": { "type": "Polygon", "coordinates": [ [ [ 79.2884057, 29.0010177 ], [ 79.2899847, 29.0011332 ], [ 79.2909789, 29.0016197 ], [ 79.2927377, 29.0014445 ], [ 79.2934578, 29.0003555 ], [ 79.2931192, 28.9979659 ], [ 79.2939374, 28.9972538 ], [ 79.2940415, 28.9966864 ], [ 79.2930903, 28.9947776 ], [ 79.2932343, 28.9942991 ], [ 79.2944054, 28.9936329 ], [ 79.2943904, 28.9927308 ], [ 79.2951018, 28.9930415 ], [ 79.2964764, 28.9926689 ], [ 79.2967901, 28.9931139 ], [ 79.2965182, 28.9936037 ], [ 79.2971342, 28.9941269 ], [ 79.2967014, 28.9945036 ], [ 79.2970279, 28.995067 ], [ 79.2982716, 28.995238 ], [ 79.2985287, 28.9937959 ], [ 79.2976272, 28.9926089 ], [ 79.2978496, 28.99135 ], [ 79.2964962, 28.9903562 ], [ 79.2968057, 28.9879797 ], [ 79.2962725, 28.988279 ], [ 79.2952953, 28.9897653 ], [ 79.2935569, 28.9890597 ], [ 79.2926513, 28.9897774 ], [ 79.2916218, 28.9898024 ], [ 79.2906349, 28.9906084 ], [ 79.2898624, 28.990398 ], [ 79.2890452, 28.9909444 ], [ 79.2880361, 28.9909444 ], [ 79.2863979, 28.988015 ], [ 79.2842207, 28.985237 ], [ 79.2848092, 28.9835124 ], [ 79.2844338, 28.9809554 ], [ 79.2847151, 28.9785219 ], [ 79.2830553, 28.9796233 ], [ 79.2778494, 28.9817767 ], [ 79.2675148, 28.9873555 ], [ 79.2702688, 28.9896638 ], [ 79.2712468, 28.9926731 ], [ 79.2713308, 28.9966839 ], [ 79.2710444, 28.9989913 ], [ 79.2667925, 29.0000603 ], [ 79.2656312, 29.0007411 ], [ 79.2657458, 29.0018418 ], [ 79.2676784, 29.0031961 ], [ 79.2708103, 29.0046492 ], [ 79.2738992, 29.0019617 ], [ 79.2763121, 29.0008768 ], [ 79.2765364, 29.0005089 ], [ 79.2807024, 28.9991218 ], [ 79.2823549, 29.0016417 ], [ 79.2837007, 29.0024753 ], [ 79.2859225, 29.0064537 ], [ 79.2869252, 29.0066739 ], [ 79.2876843, 29.0062873 ], [ 79.2880679, 29.0055938 ], [ 79.2866061, 29.0043111 ], [ 79.2867112, 29.0038093 ], [ 79.2884057, 29.0010177 ] ] ] } },
{ "type": "Feature", "properties": { "gp_code": "27118", "gp_name": "LAMBAKHERA", "blkname": "GADARPUR", "dtname": "Udam Singh Nagar", "SHAPE_Area": 8364881.0824944153 }, "geometry": { "type": "Polygon", "coordinates": [ [ [ 79.3217302, 28.984555 ], [ 79.3216346, 28.9835786 ], [ 79.3212074, 28.9829675 ], [ 79.3216872, 28.9825792 ], [ 79.321569, 28.9820404 ], [ 79.3219084, 28.9814976 ], [ 79.321139, 28.9807195 ], [ 79.3208946, 28.9798844 ], [ 79.3213614, 28.9781828 ], [ 79.3201907, 28.9782133 ], [ 79.3199849, 28.9789459 ], [ 79.3189536, 28.979326 ], [ 79.3187622, 28.978645 ], [ 79.318273, 28.9783116 ], [ 79.3175628, 28.9790066 ], [ 79.3168584, 28.9786487 ], [ 79.3166048, 28.9795053 ], [ 79.3161267, 28.9795979 ], [ 79.3142489, 28.9785429 ], [ 79.3145362, 28.9776864 ], [ 79.3139681, 28.9770038 ], [ 79.312873, 28.9766868 ], [ 79.3117814, 28.9770193 ], [ 79.3118078, 28.9758866 ], [ 79.310945, 28.9762112 ], [ 79.3110579, 28.9752623 ], [ 79.3120149, 28.9755415 ], [ 79.3126421, 28.9752661 ], [ 79.3126504, 28.9749763 ], [ 79.3118809, 28.9742277 ], [ 79.3105986, 28.9737726 ], [ 79.3106301, 28.9729624 ], [ 79.3098634, 28.9717228 ], [ 79.3100995, 28.9715936 ], [ 79.3109235, 28.9722065 ], [ 79.3113629, 28.9705994 ], [ 79.3124857, 28.971314 ], [ 79.312784, 28.9708894 ], [ 79.31229, 28.9696126 ], [ 79.3126837, 28.9689724 ], [ 79.3119508, 28.968916 ], [ 79.310919, 28.9699912 ], [ 79.3104593, 28.9692024 ], [ 79.309754, 28.9690101 ], [ 79.3103315, 28.9679892 ], [ 79.308506, 28.967242 ], [ 79.3074666, 28.9678704 ], [ 79.3072659, 28.9664676 ], [ 79.298849, 28.9727959 ], [ 79.296356, 28.9735067 ], [ 79.2923317, 28.9738084 ], [ 79.2881975, 28.9768187 ], [ 79.2847151, 28.9785219 ], [ 79.2844393, 28.9799971 ], [ 79.2848092, 28.9835124 ], [ 79.2842207, 28.985237 ], [ 79.2863979, 28.988015 ], [ 79.2880361, 28.9909444 ], [ 79.2890452, 28.9909444 ], [ 79.2898624, 28.990398 ], [ 79.2906349, 28.9906084 ], [ 79.2916218, 28.9898024 ], [ 79.2926513, 28.9897774 ], [ 79.2935569, 28.9890597 ], [ 79.295013, 28.9897168 ], [ 79.2955383, 28.9896245 ], [ 79.2962725, 28.988279 ], [ 79.2968057, 28.9879797 ], [ 79.2966362, 28.9875575 ], [ 79.2968939, 28.9871919 ], [ 79.2978784, 28.9867821 ], [ 79.2981857, 28.9859849 ], [ 79.2975899, 28.9842728 ], [ 79.2980499, 28.9838253 ], [ 79.2986692, 28.9837629 ], [ 79.3000127, 28.9853068 ], [ 79.3013627, 28.985703 ], [ 79.3012383, 28.9862822 ], [ 79.3045338, 28.9888637 ], [ 79.3054112, 28.9907603 ], [ 79.306837, 28.9908375 ], [ 79.3074908, 28.9918341 ], [ 79.3093835, 28.9926585 ], [ 79.3104517, 28.99413 ], [ 79.3106761, 28.997337 ], [ 79.3110765, 28.9979302 ], [ 79.31243, 28.9989416 ], [ 79.3143254, 28.9992946 ], [ 79.3142135, 28.9952009 ], [ 79.3149857, 28.9918208 ], [ 79.3166948, 28.9893437 ], [ 79.3191776, 28.9880529 ], [ 79.3212769, 28.985542 ], [ 79.3217302, 28.984555 ] ] ] } },
{ "type": "Feature", "properties": { "gp_code": "27109", "gp_name": "JAFARPUR", "blkname": "GADARPUR", "dtname": "Udam Singh Nagar", "SHAPE_Area": 5771325.2230065167 }, "geometry": { "type": "Polygon", "coordinates": [ [ [ 79.3214692, 29.0081138 ], [ 79.3226817, 29.0070906 ], [ 79.3273421, 29.0068209 ], [ 79.3280223, 29.0065012 ], [ 79.3288389, 29.0049881 ], [ 79.3296364, 29.0042796 ], [ 79.332269, 29.0056402 ], [ 79.3332284, 29.0049442 ], [ 79.3329388, 29.0031303 ], [ 79.3352286, 29.000682 ], [ 79.3366461, 29.000366 ], [ 79.3362495, 29.0002013 ], [ 79.3361882, 28.9994099 ], [ 79.337556, 28.9987545 ], [ 79.3381431, 28.9990704 ], [ 79.3385524, 28.9982884 ], [ 79.3381911, 28.9979143 ], [ 79.3387172, 28.9977516 ], [ 79.3383702, 28.9972119 ], [ 79.339003, 28.9958895 ], [ 79.3387672, 28.9946819 ], [ 79.3375811, 28.9937897 ], [ 79.336988, 28.9939943 ], [ 79.3366618, 28.9946022 ], [ 79.3357475, 28.9944624 ], [ 79.3352144, 28.9947618 ], [ 79.3350022, 28.9941931 ], [ 79.3354855, 28.9931422 ], [ 79.3352206, 28.9923515 ], [ 79.3332231, 28.9916067 ], [ 79.333518, 28.990561 ], [ 79.33426, 28.9901914 ], [ 79.3344704, 28.9873471 ], [ 79.3334034, 28.9868517 ], [ 79.333073, 28.9869864 ], [ 79.3327988, 28.9879258 ], [ 79.3322469, 28.9879708 ], [ 79.3318243, 28.9877383 ], [ 79.3313732, 28.9865712 ], [ 79.3300417, 28.9864651 ], [ 79.3297735, 28.9850443 ], [ 79.3295185, 28.9849368 ], [ 79.3279917, 28.9861134 ], [ 79.3275747, 28.986088 ], [ 79.3271139, 28.9854591 ], [ 79.3261166, 28.9857743 ], [ 79.3258996, 28.9848388 ], [ 79.3251643, 28.9839839 ], [ 79.3236682, 28.9844626 ], [ 79.3229315, 28.9850865 ], [ 79.3217302, 28.984555 ], [ 79.3212769, 28.985542 ], [ 79.3191776, 28.9880529 ], [ 79.3166948, 28.9893437 ], [ 79.3149857, 28.9918208 ], [ 79.3142135, 28.9952009 ], [ 79.3142691, 28.9997439 ], [ 79.3126694, 29.0013809 ], [ 79.3127856, 29.0024329 ], [ 79.3141, 29.0035485 ], [ 79.3187178, 29.0051472 ], [ 79.3190398, 29.0059575 ], [ 79.3190319, 29.0073953 ], [ 79.3200641, 29.0082479 ], [ 79.3214692, 29.0081138 ] ] ] } },
{ "type": "Feature", "properties": { "gp_code": "260013", "gp_name": "Bagwala", "blkname": "RUDRAPUR", "dtname": "Udam Singh Nagar", "SHAPE_Area": 3924994.5459840065 }, "geometry": { "type": "Polygon", "coordinates": [ [ [ 79.331145, 28.9864578 ], [ 79.3315425, 28.9856602 ], [ 79.3330844, 28.9841523 ], [ 79.3352229, 28.9843031 ], [ 79.3372906, 28.9801001 ], [ 79.3444997, 28.9780121 ], [ 79.342667, 28.9760289 ], [ 79.3434111, 28.9752393 ], [ 79.3433459, 28.9748604 ], [ 79.341948, 28.9733463 ], [ 79.3392415, 28.9718998 ], [ 79.3372222, 28.972128 ], [ 79.3214565, 28.9718018 ], [ 79.3202563, 28.9723173 ], [ 79.3159549, 28.975298 ], [ 79.313095, 28.9766877 ], [ 79.3143564, 28.9773485 ], [ 79.3145014, 28.9778933 ], [ 79.3141624, 28.9783592 ], [ 79.3146503, 28.978935 ], [ 79.3161267, 28.9795979 ], [ 79.3166048, 28.9795053 ], [ 79.3168584, 28.9786487 ], [ 79.3175628, 28.9790066 ], [ 79.318273, 28.9783116 ], [ 79.3187622, 28.978645 ], [ 79.3189536, 28.979326 ], [ 79.3199849, 28.9789459 ], [ 79.3201907, 28.9782133 ], [ 79.3213614, 28.9781828 ], [ 79.32092, 28.9801684 ], [ 79.3219084, 28.9814976 ], [ 79.321569, 28.9820404 ], [ 79.3216872, 28.9825792 ], [ 79.3212074, 28.9829675 ], [ 79.3219984, 28.9847099 ], [ 79.3229315, 28.9850865 ], [ 79.3236682, 28.9844626 ], [ 79.3251643, 28.9839839 ], [ 79.3258996, 28.9848388 ], [ 79.3261166, 28.9857743 ], [ 79.3271139, 28.9854591 ], [ 79.3275747, 28.986088 ], [ 79.3283352, 28.9860439 ], [ 79.3295185, 28.9849368 ], [ 79.3297735, 28.9850443 ], [ 79.3300417, 28.9864651 ], [ 79.331145, 28.9864578 ] ] ] } },
{ "type": "Feature", "properties": { "gp_code": "27287", "gp_name": "KIRATPUR KOLEDA", "blkname": "RUDRAPUR", "dtname": "Udam Singh Nagar", "SHAPE_Area": 3549102.1721007545 }, "geometry": { "type": "Polygon", "coordinates": [ [ [ 79.3620849, 28.9811728 ], [ 79.3618865, 28.9791904 ], [ 79.3623653, 28.9789734 ], [ 79.3623682, 28.9783937 ], [ 79.3630902, 28.9779825 ], [ 79.3622892, 28.9767608 ], [ 79.3619997, 28.9741836 ], [ 79.3609432, 28.9729638 ], [ 79.3609889, 28.9719347 ], [ 79.3610843, 28.9716925 ], [ 79.3621741, 28.9716673 ], [ 79.3621371, 28.9710165 ], [ 79.3624416, 28.9706805 ], [ 79.3635828, 28.9711287 ], [ 79.3638619, 28.9704732 ], [ 79.3651655, 28.9707446 ], [ 79.3646252, 28.969861 ], [ 79.3652871, 28.9693254 ], [ 79.3648179, 28.96901 ], [ 79.3647016, 28.9680749 ], [ 79.3562685, 28.9676982 ], [ 79.3503367, 28.9700759 ], [ 79.3392415, 28.9718998 ], [ 79.341948, 28.9733463 ], [ 79.3433459, 28.9748604 ], [ 79.3434111, 28.9752393 ], [ 79.342667, 28.9760289 ], [ 79.3444997, 28.9780121 ], [ 79.3451864, 28.9779054 ], [ 79.345543, 28.9791609 ], [ 79.3468175, 28.9798641 ], [ 79.3472554, 28.9810253 ], [ 79.3480613, 28.9812888 ], [ 79.3476715, 28.9837716 ], [ 79.3492107, 28.9853158 ], [ 79.3518293, 28.9837175 ], [ 79.3565741, 28.982033 ], [ 79.3620849, 28.9811728 ] ] ] } },
{ "type": "Feature", "properties": { "gp_code": "27266", "gp_name": "BHAGAWANPUR KOLDIYA", "blkname": "RUDRAPUR", "dtname": "Udam Singh Nagar", "SHAPE_Area": 3317543.828022345 }, "geometry": { "type": "Polygon", "coordinates": [ [ [ 79.3516531, 28.9891114 ], [ 79.3520336, 28.9883795 ], [ 79.3516232, 28.987112 ], [ 79.3480717, 28.9844239 ], [ 79.3475805, 28.9831561 ], [ 79.348208, 28.981526 ], [ 79.3470147, 28.9807404 ], [ 79.3468175, 28.9798641 ], [ 79.345543, 28.9791609 ], [ 79.3451864, 28.9779054 ], [ 79.3372906, 28.9801001 ], [ 79.3352229, 28.9843031 ], [ 79.3330844, 28.9841523 ], [ 79.3315425, 28.9856602 ], [ 79.331145, 28.9864578 ], [ 79.3318243, 28.9877383 ], [ 79.3322469, 28.9879708 ], [ 79.3327988, 28.9879258 ], [ 79.333073, 28.9869864 ], [ 79.3334034, 28.9868517 ], [ 79.3344704, 28.9873471 ], [ 79.33426, 28.9901914 ], [ 79.333518, 28.990561 ], [ 79.3332231, 28.9916067 ], [ 79.3352206, 28.9923515 ], [ 79.3354855, 28.9931422 ], [ 79.3350022, 28.9941931 ], [ 79.3352144, 28.9947618 ], [ 79.3357475, 28.9944624 ], [ 79.3366618, 28.9946022 ], [ 79.3372581, 28.9938002 ], [ 79.3380979, 28.9940344 ], [ 79.3390334, 28.9952272 ], [ 79.3383702, 28.9972119 ], [ 79.3385226, 28.9976561 ], [ 79.3390285, 28.9976841 ], [ 79.3388967, 28.9971571 ], [ 79.3393076, 28.9970701 ], [ 79.3405559, 28.9976608 ], [ 79.3410506, 28.9982661 ], [ 79.3409604, 28.9987715 ], [ 79.3426809, 28.9975157 ], [ 79.346601, 28.9928529 ], [ 79.3516531, 28.9891114 ] ] ] } },
{ "type": "Feature", "properties": { "gp_code": "260361", "gp_name": "DAANPUR", "blkname": "RUDRAPUR", "dtname": "Udam Singh Nagar", "SHAPE_Area": 2978207.5933203055 }, "geometry": { "type": "Polygon", "coordinates": [ [ [ 79.3673902, 28.9928505 ], [ 79.3684737, 28.9914706 ], [ 79.3686132, 28.9905011 ], [ 79.3681055, 28.9871482 ], [ 79.3620849, 28.9811728 ], [ 79.3565741, 28.982033 ], [ 79.3518293, 28.9837175 ], [ 79.3492107, 28.9853158 ], [ 79.3516232, 28.987112 ], [ 79.3519696, 28.9877522 ], [ 79.3517178, 28.9896056 ], [ 79.3501035, 28.9921071 ], [ 79.3502051, 28.993255 ], [ 79.3493639, 28.9945647 ], [ 79.3509841, 28.9960974 ], [ 79.3524816, 28.9953581 ], [ 79.3547916, 28.9962074 ], [ 79.3602751, 28.9948807 ], [ 79.3618364, 28.9947923 ], [ 79.3643036, 28.9938675 ], [ 79.3653904, 28.994487 ], [ 79.3666089, 28.9930249 ], [ 79.3673902, 28.9928505 ] ] ] } },
{ "type": "Feature", "properties": { "gp_code": "", "gp_name": "", "blkname": "RUDRAPUR", "dtname": "Udam Singh Nagar", "SHAPE_Area": 4359675.2979995105 }, "geometry": { "type": "Polygon", "coordinates": [ [ [ 79.4014749, 28.959921 ], [ 79.399986, 28.9601557 ], [ 79.3995037, 28.9597399 ], [ 79.4005021, 28.9591402 ], [ 79.4002109, 28.958169 ], [ 79.4010239, 28.9569416 ], [ 79.4046336, 28.9559731 ], [ 79.4047494, 28.9542817 ], [ 79.4039152, 28.9543141 ], [ 79.403826, 28.9532845 ], [ 79.4030355, 28.9526427 ], [ 79.4036569, 28.9520889 ], [ 79.4058913, 28.9519684 ], [ 79.4053899, 28.9513514 ], [ 79.4055287, 28.9504586 ], [ 79.4062872, 28.9507631 ], [ 79.4062041, 28.9498518 ], [ 79.4043318, 28.9504069 ], [ 79.4042055, 28.950087 ], [ 79.4047868, 28.9494798 ], [ 79.4047074, 28.9492074 ], [ 79.402807, 28.9500108 ], [ 79.4027691, 28.9495019 ], [ 79.4020247, 28.9490495 ], [ 79.4008646, 28.9497314 ], [ 79.3960467, 28.9488526 ], [ 79.3906466, 28.9473888 ], [ 79.3891772, 28.9480457 ], [ 79.3884186, 28.9491313 ], [ 79.3873263, 28.949695 ], [ 79.3869185, 28.9505571 ], [ 79.3852984, 28.9517695 ], [ 79.3863136, 28.9531931 ], [ 79.3840622, 28.9569112 ], [ 79.3830677, 28.9594274 ], [ 79.3820986, 28.9622394 ], [ 79.3816377, 28.965633 ], [ 79.3818373, 28.9660715 ], [ 79.3829466, 28.9660879 ], [ 79.3870151, 28.9673532 ], [ 79.3879873, 28.9681098 ], [ 79.3883276, 28.9690166 ], [ 79.396346, 28.9634392 ], [ 79.4021414, 28.9612013 ], [ 79.4014749, 28.959921 ] ] ] } },
{ "type": "Feature", "properties": { "gp_code": "", "gp_name": "", "blkname": "RUDRAPUR", "dtname": "Udam Singh Nagar", "SHAPE_Area": 4433640.6051891409 }, "geometry": { "type": "Polygon", "coordinates": [ [ [ 79.3825027, 29.0000126 ], [ 79.3878358, 28.9988831 ], [ 79.3894767, 28.9981952 ], [ 79.390739, 28.9971717 ], [ 79.3912426, 28.9958626 ], [ 79.3909773, 28.9947696 ], [ 79.3879532, 28.991351 ], [ 79.3868109, 28.9910568 ], [ 79.3851992, 28.9918077 ], [ 79.3845539, 28.9917047 ], [ 79.3825387, 28.9897095 ], [ 79.381391, 28.9891786 ], [ 79.3812732, 28.9885157 ], [ 79.3818065, 28.9868023 ], [ 79.3807074, 28.9859463 ], [ 79.38121, 28.9850018 ], [ 79.380418, 28.9846202 ], [ 79.380382, 28.9837446 ], [ 79.3794146, 28.9834806 ], [ 79.3794065, 28.9824158 ], [ 79.3785266, 28.9807917 ], [ 79.3792173, 28.9798952 ], [ 79.3792338, 28.9792919 ], [ 79.3782021, 28.9784362 ], [ 79.3771394, 28.9784084 ], [ 79.3768416, 28.9774135 ], [ 79.3761741, 28.9766971 ], [ 79.3719712, 28.9856955 ], [ 79.3723591, 28.9874715 ], [ 79.3706668, 28.9868734 ], [ 79.3678419, 28.986744 ], [ 79.3686132, 28.9905011 ], [ 79.3684737, 28.9914706 ], [ 79.3673902, 28.9928505 ], [ 79.3690237, 28.9951341 ], [ 79.3688119, 28.9965214 ], [ 79.3671948, 28.9982631 ], [ 79.364054, 28.9991825 ], [ 79.3630554, 29.0000398 ], [ 79.3637521, 29.0010451 ], [ 79.3657515, 29.0027986 ], [ 79.3660519, 29.0023 ], [ 79.3680668, 29.0018663 ], [ 79.3700367, 29.0002755 ], [ 79.3765087, 28.9995913 ], [ 79.382298, 28.9996652 ], [ 79.3825027, 29.0000126 ] ] ] } },
{ "type": "Feature", "properties": { "gp_code": "", "gp_name": "", "blkname": "RUDRAPUR", "dtname": "Udam Singh Nagar", "SHAPE_Area": 3478030.9382868353 }, "geometry": { "type": "Polygon", "coordinates": [ [ [ 79.4127973, 28.9959511 ], [ 79.4120479, 28.995073 ], [ 79.4106376, 28.9945236 ], [ 79.4100646, 28.9933622 ], [ 79.4091641, 28.9931459 ], [ 79.4087374, 28.992328 ], [ 79.4091044, 28.9915486 ], [ 79.4088241, 28.9910744 ], [ 79.4075751, 28.9905729 ], [ 79.4073191, 28.9896374 ], [ 79.3894122, 28.9891916 ], [ 79.3891341, 28.9828258 ], [ 79.3881884, 28.981864 ], [ 79.386718, 28.9826273 ], [ 79.3859133, 28.9821156 ], [ 79.3830052, 28.9825066 ], [ 79.3826987, 28.9819139 ], [ 79.3823624, 28.9819008 ], [ 79.381204, 28.9821566 ], [ 79.3809177, 28.9829067 ], [ 79.3799308, 28.9825125 ], [ 79.3793768, 28.9829836 ], [ 79.3794146, 28.9834806 ], [ 79.380382, 28.9837446 ], [ 79.380418, 28.9846202 ], [ 79.38121, 28.9850018 ], [ 79.3807074, 28.9859463 ], [ 79.3818065, 28.9868023 ], [ 79.3812732, 28.9885157 ], [ 79.381391, 28.9891786 ], [ 79.3825387, 28.9897095 ], [ 79.3845539, 28.9917047 ], [ 79.3851992, 28.9918077 ], [ 79.3868109, 28.9910568 ], [ 79.3879532, 28.991351 ], [ 79.3909773, 28.9947696 ], [ 79.3912426, 28.9958626 ], [ 79.390739, 28.9971717 ], [ 79.3894767, 28.9981952 ], [ 79.3878358, 28.9988831 ], [ 79.4055561, 28.9977203 ], [ 79.4093015, 28.9971556 ], [ 79.4127973, 28.9959511 ] ] ] } },
{ "type": "Feature", "properties": { "gp_code": "", "gp_name": "", "blkname": "RUDRAPUR", "dtname": "Udam Singh Nagar", "SHAPE_Area": 2067008.2373614206 }, "geometry": { "type": "Polygon", "coordinates": [ [ [ 79.3891341, 28.9828258 ], [ 79.3886584, 28.9756075 ], [ 79.3873997, 28.974396 ], [ 79.3868923, 28.970904 ], [ 79.3887507, 28.9705325 ], [ 79.3879873, 28.9681098 ], [ 79.3870151, 28.9673532 ], [ 79.3829466, 28.9660879 ], [ 79.3818373, 28.9660715 ], [ 79.3817515, 28.9697979 ], [ 79.3771425, 28.971389 ], [ 79.377776, 28.9738404 ], [ 79.3777962, 28.9751773 ], [ 79.3776859, 28.9756974 ], [ 79.3761741, 28.9766971 ], [ 79.3768416, 28.9774135 ], [ 79.3771394, 28.9784084 ], [ 79.3782021, 28.9784362 ], [ 79.3792338, 28.9792919 ], [ 79.3792173, 28.9798952 ], [ 79.3785266, 28.9807917 ], [ 79.3792737, 28.9820604 ], [ 79.3793768, 28.9829836 ], [ 79.3799308, 28.9825125 ], [ 79.3809177, 28.9829067 ], [ 79.381204, 28.9821566 ], [ 79.3823624, 28.9819008 ], [ 79.3826987, 28.9819139 ], [ 79.3830052, 28.9825066 ], [ 79.3859133, 28.9821156 ], [ 79.386718, 28.9826273 ], [ 79.3881884, 28.981864 ], [ 79.3891341, 28.9828258 ] ] ] } },
{ "type": "Feature", "properties": { "gp_code": "", "gp_name": "", "blkname": "RUDRAPUR", "dtname": "Udam Singh Nagar", "SHAPE_Area": 12142401.912107918 }, "geometry": { "type": "Polygon", "coordinates": [ [ [ 79.4243805, 28.9780585 ], [ 79.4243907, 28.9758462 ], [ 79.423213, 28.9745169 ], [ 79.4227258, 28.9722319 ], [ 79.4212282, 28.9702626 ], [ 79.4208749, 28.9681437 ], [ 79.4194558, 28.9666715 ], [ 79.4192286, 28.9634764 ], [ 79.4187993, 28.9632146 ], [ 79.4180317, 28.9634011 ], [ 79.4181046, 28.9621946 ], [ 79.4175532, 28.9621571 ], [ 79.4173273, 28.9615648 ], [ 79.4167081, 28.9616453 ], [ 79.4163771, 28.9612241 ], [ 79.4127192, 28.9631333 ], [ 79.4117236, 28.9631533 ], [ 79.4109479, 28.962204 ], [ 79.4102572, 28.9603322 ], [ 79.4084302, 28.9598049 ], [ 79.4017863, 28.95952 ], [ 79.4014749, 28.959921 ], [ 79.4021414, 28.9612013 ], [ 79.396346, 28.9634392 ], [ 79.394565, 28.9645209 ], [ 79.3883276, 28.9690166 ], [ 79.3887507, 28.9705325 ], [ 79.3868923, 28.970904 ], [ 79.3873997, 28.974396 ], [ 79.3886584, 28.9756075 ], [ 79.3894122, 28.9891916 ], [ 79.4212851, 28.989783 ], [ 79.4186667, 28.9829001 ], [ 79.4176506, 28.9815123 ], [ 79.4156627, 28.9808071 ], [ 79.4155304, 28.9803334 ], [ 79.4158849, 28.9793291 ], [ 79.4156042, 28.9789495 ], [ 79.4221451, 28.9784881 ], [ 79.4243805, 28.9780585 ] ] ] } },
{ "type": "Feature", "properties": { "gp_code": "", "gp_name": "", "blkname": "RUDRAPUR", "dtname": "Udam Singh Nagar", "SHAPE_Area": 691123.9297229395 }, "geometry": { "type": "Polygon", "coordinates": [ [ [ 79.4212851, 28.989783 ], [ 79.4073191, 28.9896374 ], [ 79.407268, 28.9900749 ], [ 79.4075751, 28.9905729 ], [ 79.4088241, 28.9910744 ], [ 79.4091044, 28.9915486 ], [ 79.4087374, 28.992328 ], [ 79.4091641, 28.9931459 ], [ 79.4100646, 28.9933622 ], [ 79.4106376, 28.9945236 ], [ 79.4120479, 28.995073 ], [ 79.4127973, 28.9959511 ], [ 79.4132035, 28.9954085 ], [ 79.4171698, 28.9932462 ], [ 79.4212851, 28.989783 ] ] ] } },
{ "type": "Feature", "properties": { "gp_code": "", "gp_name": "", "blkname": "RUDRAPUR", "dtname": "Udam Singh Nagar", "SHAPE_Area": 3835883.3031040533 }, "geometry": { "type": "Polygon", "coordinates": [ [ [ 79.4163771, 28.9612241 ], [ 79.4230677, 28.9534229 ], [ 79.4214172, 28.9525533 ], [ 79.4208156, 28.9517466 ], [ 79.4211701, 28.9507423 ], [ 79.4208493, 28.9502916 ], [ 79.4219566, 28.9493846 ], [ 79.4216354, 28.9490166 ], [ 79.422317, 28.9470906 ], [ 79.4246112, 28.9454425 ], [ 79.4269, 28.9449775 ], [ 79.4254234, 28.9428811 ], [ 79.4246059, 28.9422392 ], [ 79.4206835, 28.9411603 ], [ 79.4190085, 28.9400316 ], [ 79.4185766, 28.9403495 ], [ 79.4180942, 28.9399573 ], [ 79.4173072, 28.9399899 ], [ 79.4174704, 28.9410435 ], [ 79.4155791, 28.9413679 ], [ 79.4158299, 28.9438179 ], [ 79.4080303, 28.951929 ], [ 79.4068713, 28.9523861 ], [ 79.4045457, 28.9518793 ], [ 79.4031982, 28.9523594 ], [ 79.4031288, 28.9528205 ], [ 79.403826, 28.9532845 ], [ 79.4039152, 28.9543141 ], [ 79.4047494, 28.9542817 ], [ 79.4046336, 28.9559731 ], [ 79.4010239, 28.9569416 ], [ 79.4002109, 28.958169 ], [ 79.4005021, 28.9591402 ], [ 79.3995037, 28.9597399 ], [ 79.3995829, 28.9600596 ], [ 79.4003626, 28.9601808 ], [ 79.4014749, 28.959921 ], [ 79.4017863, 28.95952 ], [ 79.4084302, 28.9598049 ], [ 79.4102572, 28.9603322 ], [ 79.4109479, 28.962204 ], [ 79.4117236, 28.9631533 ], [ 79.4127192, 28.9631333 ], [ 79.4163771, 28.9612241 ] ] ] } },
{ "type": "Feature", "properties": { "gp_code": "27267", "gp_name": "BHAMRAULA", "blkname": "RUDRAPUR", "dtname": "Udam Singh Nagar", "SHAPE_Area": 3477636.3041979461 }, "geometry": { "type": "Polygon", "coordinates": [ [ [ 79.4381943, 28.9518203 ], [ 79.4368479, 28.9484112 ], [ 79.4368378, 28.9476599 ], [ 79.4396829, 28.9476167 ], [ 79.4425005, 28.9462038 ], [ 79.442573, 28.9457722 ], [ 79.4433184, 28.9460292 ], [ 79.4433739, 28.9456389 ], [ 79.4438714, 28.9456821 ], [ 79.443748, 28.9432149 ], [ 79.4434285, 28.9424684 ], [ 79.4442373, 28.9420689 ], [ 79.4427979, 28.939118 ], [ 79.4426939, 28.9383367 ], [ 79.4409028, 28.9388392 ], [ 79.4409993, 28.9383072 ], [ 79.4404627, 28.9380095 ], [ 79.4402794, 28.9368968 ], [ 79.4393371, 28.9370828 ], [ 79.4382649, 28.936239 ], [ 79.4370544, 28.9362466 ], [ 79.4359897, 28.9367279 ], [ 79.4349898, 28.9377419 ], [ 79.4348763, 28.9390429 ], [ 79.434362, 28.939751 ], [ 79.4323648, 28.9411873 ], [ 79.4313678, 28.9415505 ], [ 79.4311629, 28.9422479 ], [ 79.4300308, 28.9427407 ], [ 79.4278157, 28.9447441 ], [ 79.4246112, 28.9454425 ], [ 79.4229387, 28.946454 ], [ 79.4218287, 28.9479644 ], [ 79.4216354, 28.9490166 ], [ 79.4219566, 28.9493846 ], [ 79.4208493, 28.9502916 ], [ 79.4211701, 28.9507423 ], [ 79.4208156, 28.9517466 ], [ 79.4209885, 28.9521732 ], [ 79.4230677, 28.9534229 ], [ 79.4267926, 28.9565715 ], [ 79.4304064, 28.9546678 ], [ 79.4309417, 28.9552849 ], [ 79.4352013, 28.9533242 ], [ 79.4352189, 28.9524251 ], [ 79.4381943, 28.9518203 ] ] ] } },
{ "type": "Feature", "properties": { "gp_code": "27297", "gp_name": "SIMALA PISTAUR", "blkname": "RUDRAPUR", "dtname": "Udam Singh Nagar", "SHAPE_Area": 8672187.4553975444 }, "geometry": { "type": "Polygon", "coordinates": [ [ [ 79.4492905, 28.9740415 ], [ 79.4491471, 28.9729999 ], [ 79.4494603, 28.9721492 ], [ 79.448187, 28.97108 ], [ 79.4480273, 28.9707009 ], [ 79.4483114, 28.9703351 ], [ 79.4478591, 28.969186 ], [ 79.4493706, 28.9681264 ], [ 79.4502178, 28.9682003 ], [ 79.4508112, 28.9678711 ], [ 79.4512892, 28.966252 ], [ 79.4505123, 28.9654921 ], [ 79.4505823, 28.9648653 ], [ 79.4500062, 28.9643428 ], [ 79.4500349, 28.9639288 ], [ 79.4510465, 28.9633289 ], [ 79.4516596, 28.9613592 ], [ 79.4523505, 28.9602613 ], [ 79.4541299, 28.9594156 ], [ 79.4543875, 28.9589669 ], [ 79.4540696, 28.9578419 ], [ 79.4549482, 28.9568747 ], [ 79.4547103, 28.9559156 ], [ 79.4552796, 28.9549238 ], [ 79.4551216, 28.9541542 ], [ 79.454439, 28.9533829 ], [ 79.4547249, 28.9525912 ], [ 79.4538969, 28.9512396 ], [ 79.454175, 28.9506964 ], [ 79.4537745, 28.9500206 ], [ 79.4541207, 28.9492883 ], [ 79.4533493, 28.9488361 ], [ 79.4533933, 28.9479962 ], [ 79.4526133, 28.9464437 ], [ 79.4528797, 28.9455159 ], [ 79.4525594, 28.944941 ], [ 79.4527791, 28.9439242 ], [ 79.4518696, 28.9427735 ], [ 79.4524634, 28.9423023 ], [ 79.4520364, 28.9415436 ], [ 79.452768, 28.9403512 ], [ 79.4522196, 28.9396513 ], [ 79.4523836, 28.9390603 ], [ 79.4520243, 28.9381954 ], [ 79.4522556, 28.9375928 ], [ 79.4533328, 28.9373125 ], [ 79.4537253, 28.9367578 ], [ 79.4537691, 28.9359463 ], [ 79.4550245, 28.9338289 ], [ 79.4574666, 28.9314857 ], [ 79.4556686, 28.929022 ], [ 79.4544272, 28.9279747 ], [ 79.4541044, 28.9282565 ], [ 79.4496768, 28.9205856 ], [ 79.4478912, 28.9199253 ], [ 79.4477116, 28.9196418 ], [ 79.4482777, 28.9188658 ], [ 79.4472733, 28.9187739 ], [ 79.4453285, 28.917777 ], [ 79.4443245, 28.9175968 ], [ 79.4420491, 28.9186143 ], [ 79.4421855, 28.9195696 ], [ 79.4434044, 28.9211297 ], [ 79.4438788, 28.9228994 ], [ 79.4432926, 28.9281309 ], [ 79.4440167, 28.9324828 ], [ 79.4429167, 28.9357498 ], [ 79.4426939, 28.9383367 ], [ 79.4427979, 28.939118 ], [ 79.4442373, 28.9420689 ], [ 79.4434285, 28.9424684 ], [ 79.4439392, 28.9455522 ], [ 79.4433739, 28.9456389 ], [ 79.4433184, 28.9460292 ], [ 79.442573, 28.9457722 ], [ 79.4425005, 28.9462038 ], [ 79.4396829, 28.9476167 ], [ 79.4371276, 28.9475367 ], [ 79.4367759, 28.9479732 ], [ 79.4379327, 28.9509291 ], [ 79.4381374, 28.9525181 ], [ 79.4389238, 28.9541062 ], [ 79.4383032, 28.9574759 ], [ 79.4390476, 28.9594542 ], [ 79.4391717, 28.9617498 ], [ 79.4402538, 28.9634218 ], [ 79.4403041, 28.9642146 ], [ 79.4394991, 28.9667081 ], [ 79.4410869, 28.9696121 ], [ 79.4418949, 28.9694256 ], [ 79.4430255, 28.9723162 ], [ 79.4439282, 28.9720236 ], [ 79.446313, 28.9749895 ], [ 79.4492905, 28.9740415 ] ] ] } },
{ "type": "Feature", "properties": { "gp_code": "", "gp_name": "", "blkname": "RUDRAPUR", "dtname": "Udam Singh Nagar", "SHAPE_Area": 5052207.9652202558 }, "geometry": { "type": "Polygon", "coordinates": [ [ [ 79.4317272, 28.9753998 ], [ 79.4306929, 28.9743078 ], [ 79.4323484, 28.971214 ], [ 79.4318583, 28.9695442 ], [ 79.4345972, 28.9678029 ], [ 79.4355773, 28.9682559 ], [ 79.4366041, 28.9672776 ], [ 79.4377416, 28.9686185 ], [ 79.4382788, 28.9688096 ], [ 79.4402475, 28.9678109 ], [ 79.4394195, 28.9664475 ], [ 79.4403018, 28.9647115 ], [ 79.4402538, 28.9634218 ], [ 79.4391717, 28.9617498 ], [ 79.4390476, 28.9594542 ], [ 79.4383032, 28.9574759 ], [ 79.4389238, 28.9541062 ], [ 79.4381374, 28.9525181 ], [ 79.4381943, 28.9518203 ], [ 79.4352189, 28.9524251 ], [ 79.4352013, 28.9533242 ], [ 79.4309417, 28.9552849 ], [ 79.4304064, 28.9546678 ], [ 79.4267926, 28.9565715 ], [ 79.4230677, 28.9534229 ], [ 79.4163771, 28.9612241 ], [ 79.4167081, 28.9616453 ], [ 79.4173273, 28.9615648 ], [ 79.4175532, 28.9621571 ], [ 79.4181046, 28.9621946 ], [ 79.4180317, 28.9634011 ], [ 79.4187993, 28.9632146 ], [ 79.4192286, 28.9634764 ], [ 79.4194558, 28.9666715 ], [ 79.4208749, 28.9681437 ], [ 79.4212282, 28.9702626 ], [ 79.4227258, 28.9722319 ], [ 79.423213, 28.9745169 ], [ 79.4243907, 28.9758462 ], [ 79.4243805, 28.9780585 ], [ 79.4300854, 28.9754887 ], [ 79.4317272, 28.9753998 ] ] ] } },
{ "type": "Feature", "properties": { "gp_code": "", "gp_name": "", "blkname": "RUDRAPUR", "dtname": "Udam Singh Nagar", "SHAPE_Area": 3494696.4851911883 }, "geometry": { "type": "Polygon", "coordinates": [ [ [ 79.4485591, 28.9842131 ], [ 79.4488571, 28.9837764 ], [ 79.4477573, 28.9799632 ], [ 79.4446995, 28.9747828 ], [ 79.446313, 28.9749895 ], [ 79.4439282, 28.9720236 ], [ 79.4430255, 28.9723162 ], [ 79.4418949, 28.9694256 ], [ 79.4410869, 28.9696121 ], [ 79.4402475, 28.9678109 ], [ 79.4382788, 28.9688096 ], [ 79.4377416, 28.9686185 ], [ 79.4366041, 28.9672776 ], [ 79.4355773, 28.9682559 ], [ 79.4345972, 28.9678029 ], [ 79.4318583, 28.9695442 ], [ 79.4323484, 28.971214 ], [ 79.4306929, 28.9743078 ], [ 79.4317272, 28.9753998 ], [ 79.4291268, 28.9791527 ], [ 79.4296608, 28.9800537 ], [ 79.4356993, 28.9865226 ], [ 79.4408949, 28.9860794 ], [ 79.4448299, 28.9847089 ], [ 79.4485591, 28.9842131 ] ] ] } },
{ "type": "Feature", "properties": { "gp_code": "", "gp_name": "", "blkname": "RUDRAPUR", "dtname": "Udam Singh Nagar", "SHAPE_Area": 3201132.8782598698 }, "geometry": { "type": "Polygon", "coordinates": [ [ [ 79.4485591, 28.9842131 ], [ 79.4448299, 28.9847089 ], [ 79.4408949, 28.9860794 ], [ 79.4356993, 28.9865226 ], [ 79.4296608, 28.9800537 ], [ 79.4291268, 28.9791527 ], [ 79.4317272, 28.9753998 ], [ 79.4300854, 28.9754887 ], [ 79.4243805, 28.9780585 ], [ 79.4221451, 28.9784881 ], [ 79.4156042, 28.9789495 ], [ 79.4158849, 28.9793291 ], [ 79.4155304, 28.9803334 ], [ 79.4156627, 28.9808071 ], [ 79.4176506, 28.9815123 ], [ 79.4186667, 28.9829001 ], [ 79.4212851, 28.989783 ], [ 79.4222073, 28.9892658 ], [ 79.4244687, 28.9890846 ], [ 79.4336965, 28.989638 ], [ 79.436468, 28.9896951 ], [ 79.4379496, 28.9893691 ], [ 79.4504059, 28.990122 ], [ 79.4498198, 28.9881569 ], [ 79.4475335, 28.9879125 ], [ 79.4472929, 28.9875685 ], [ 79.4487385, 28.9862249 ], [ 79.4484207, 28.9850881 ], [ 79.4485591, 28.9842131 ] ] ] } },
{ "type": "Feature", "properties": { "gp_code": "27280", "gp_name": "NARAYANPURGANGAPURPATIA", "blkname": "RUDRAPUR", "dtname": "Udam Singh Nagar", "SHAPE_Area": 1983344.6888233321 }, "geometry": { "type": "Polygon", "coordinates": [ [ [ 79.4588802, 28.9883218 ], [ 79.4598282, 28.9869054 ], [ 79.4599133, 28.9859001 ], [ 79.459367, 28.9846916 ], [ 79.4593983, 28.9836624 ], [ 79.4589159, 28.9832231 ], [ 79.4588533, 28.9821463 ], [ 79.4585062, 28.9815181 ], [ 79.4575872, 28.9811562 ], [ 79.4575252, 28.9799552 ], [ 79.4568431, 28.9790242 ], [ 79.4563942, 28.9785968 ], [ 79.4557351, 28.9785827 ], [ 79.4554209, 28.9781202 ], [ 79.4549489, 28.9783789 ], [ 79.4545674, 28.9779221 ], [ 79.4541419, 28.978317 ], [ 79.4538218, 28.9776889 ], [ 79.452712, 28.9776556 ], [ 79.45166, 28.9766996 ], [ 79.4507432, 28.9771342 ], [ 79.4503948, 28.9768254 ], [ 79.450505, 28.9762579 ], [ 79.4498626, 28.9754867 ], [ 79.449813, 28.9745283 ], [ 79.4492905, 28.9740415 ], [ 79.446313, 28.9749895 ], [ 79.4446995, 28.9747828 ], [ 79.4469443, 28.9782332 ], [ 79.4485676, 28.9822966 ], [ 79.4488571, 28.9837764 ], [ 79.4484207, 28.9850881 ], [ 79.4487385, 28.9862249 ], [ 79.4473478, 28.9873085 ], [ 79.4475335, 28.9879125 ], [ 79.4498198, 28.9881569 ], [ 79.4504059, 28.990122 ], [ 79.4568094, 28.9904278 ], [ 79.4588802, 28.9883218 ] ] ] } },
{ "type": "Feature", "properties": { "gp_code": "260362", "gp_name": "LOHARRI", "blkname": "RUDRAPUR", "dtname": "Udam Singh Nagar", "SHAPE_Area": 2775074.9753009141 }, "geometry": { "type": "Polygon", "coordinates": [ [ [ 79.4651179, 28.9771157 ], [ 79.463996, 28.9754577 ], [ 79.4628829, 28.9746377 ], [ 79.4625672, 28.9729567 ], [ 79.4611874, 28.9715975 ], [ 79.4612838, 28.971095 ], [ 79.4607189, 28.9695137 ], [ 79.4615086, 28.9688953 ], [ 79.4614506, 28.9683213 ], [ 79.4608208, 28.9677276 ], [ 79.4600272, 28.9677013 ], [ 79.4561024, 28.960558 ], [ 79.4541346, 28.9614032 ], [ 79.4540026, 28.9608348 ], [ 79.4533158, 28.96101 ], [ 79.4515228, 28.9618675 ], [ 79.4510465, 28.9633289 ], [ 79.4503323, 28.9636104 ], [ 79.450007, 28.9641535 ], [ 79.4505823, 28.9648653 ], [ 79.4505123, 28.9654921 ], [ 79.4512892, 28.966252 ], [ 79.4508112, 28.9678711 ], [ 79.4502178, 28.9682003 ], [ 79.4493706, 28.9681264 ], [ 79.4478591, 28.969186 ], [ 79.4483114, 28.9703351 ], [ 79.4480273, 28.9707009 ], [ 79.448187, 28.97108 ], [ 79.4494603, 28.9721492 ], [ 79.4491471, 28.9729999 ], [ 79.4492905, 28.9740415 ], [ 79.449813, 28.9745283 ], [ 79.4498626, 28.9754867 ], [ 79.450505, 28.9762579 ], [ 79.4503948, 28.9768254 ], [ 79.4510526, 28.9771471 ], [ 79.45166, 28.9766996 ], [ 79.452712, 28.9776556 ], [ 79.4538218, 28.9776889 ], [ 79.4541419, 28.978317 ], [ 79.4545674, 28.9779221 ], [ 79.4549489, 28.9783789 ], [ 79.4554209, 28.9781202 ], [ 79.4557351, 28.9785827 ], [ 79.4563942, 28.9785968 ], [ 79.4575252, 28.9799552 ], [ 79.4575872, 28.9811562 ], [ 79.4585062, 28.9815181 ], [ 79.4651179, 28.9771157 ] ] ] } },
{ "type": "Feature", "properties": { "gp_code": "27293", "gp_name": "PRATAPPUR", "blkname": "RUDRAPUR", "dtname": "Udam Singh Nagar", "SHAPE_Area": 8012878.5049618054 }, "geometry": { "type": "Polygon", "coordinates": [ [ [ 79.4628117, 28.9901404 ], [ 79.48625, 28.9903947 ], [ 79.4862948, 28.9893301 ], [ 79.4853309, 28.9881676 ], [ 79.4858173, 28.9876605 ], [ 79.485809, 28.9864301 ], [ 79.4868472, 28.9859129 ], [ 79.4867688, 28.9853448 ], [ 79.4876051, 28.984827 ], [ 79.4878807, 28.9832662 ], [ 79.4890271, 28.9825956 ], [ 79.4897593, 28.9812256 ], [ 79.4898456, 28.9798535 ], [ 79.4891786, 28.9784791 ], [ 79.4904893, 28.9771109 ], [ 79.49071, 28.9757866 ], [ 79.4927094, 28.9754203 ], [ 79.4928336, 28.9746399 ], [ 79.4937981, 28.9732085 ], [ 79.4933589, 28.9720418 ], [ 79.4935236, 28.9712319 ], [ 79.4928102, 28.9713184 ], [ 79.4925698, 28.9708858 ], [ 79.4918828, 28.9711025 ], [ 79.4916484, 28.9708651 ], [ 79.4923329, 28.9679747 ], [ 79.4914672, 28.9658306 ], [ 79.4877143, 28.965724 ], [ 79.4862602, 28.966027 ], [ 79.4856384, 28.9667467 ], [ 79.4862921, 28.9680738 ], [ 79.4858459, 28.9686047 ], [ 79.4834763, 28.9690585 ], [ 79.478242, 28.96929 ], [ 79.477943, 28.9700225 ], [ 79.4763133, 28.9704668 ], [ 79.4730171, 28.9704915 ], [ 79.4721495, 28.9688915 ], [ 79.4719036, 28.9698881 ], [ 79.4706023, 28.9719522 ], [ 79.4680874, 28.9748778 ], [ 79.4661702, 28.9764567 ], [ 79.4585062, 28.9815181 ], [ 79.4589159, 28.9832231 ], [ 79.4593983, 28.9836624 ], [ 79.459367, 28.9846916 ], [ 79.4599133, 28.9859001 ], [ 79.4598282, 28.9869054 ], [ 79.4594751, 28.9876495 ], [ 79.4568094, 28.9904278 ], [ 79.4628117, 28.9901404 ] ] ] } },
{ "type": "Feature", "properties": { "gp_code": "260030", "gp_name": "Kanakpur", "blkname": "RUDRAPUR", "dtname": "Udam Singh Nagar", "SHAPE_Area": 2273946.1187237236 }, "geometry": { "type": "Polygon", "coordinates": [ [ [ 79.4849977, 28.9558012 ], [ 79.4826804, 28.9566692 ], [ 79.4752751, 28.9614721 ], [ 79.4750521, 28.9633051 ], [ 79.473536, 28.9655125 ], [ 79.4721495, 28.9688915 ], [ 79.4727083, 28.9703367 ], [ 79.4763133, 28.9704668 ], [ 79.477943, 28.9700225 ], [ 79.478242, 28.96929 ], [ 79.4850106, 28.9688978 ], [ 79.4861833, 28.9683574 ], [ 79.4856384, 28.9667467 ], [ 79.4862602, 28.966027 ], [ 79.4877143, 28.965724 ], [ 79.4914672, 28.9658306 ], [ 79.4916317, 28.9650977 ], [ 79.490576, 28.9633552 ], [ 79.4893407, 28.9627952 ], [ 79.488345, 28.9628512 ], [ 79.4881456, 28.9622709 ], [ 79.4884074, 28.960781 ], [ 79.4876684, 28.9605539 ], [ 79.4865866, 28.9586811 ], [ 79.4866829, 28.9581491 ], [ 79.4875032, 28.9582227 ], [ 79.4878949, 28.9578217 ], [ 79.4876296, 28.9569335 ], [ 79.4861404, 28.9559823 ], [ 79.4849977, 28.9558012 ] ] ] } },
{ "type": "Feature", "properties": { "gp_code": "27290", "gp_name": "MAHRAJPUR", "blkname": "RUDRAPUR", "dtname": "Udam Singh Nagar", "SHAPE_Area": 3077052.9809670378 }, "geometry": { "type": "Polygon", "coordinates": [ [ [ 79.4719036, 28.9698881 ], [ 79.473536, 28.9655125 ], [ 79.4750521, 28.9633051 ], [ 79.4752751, 28.9614721 ], [ 79.4826804, 28.9566692 ], [ 79.4849977, 28.9558012 ], [ 79.4838963, 28.9537022 ], [ 79.4826184, 28.9536981 ], [ 79.4804761, 28.9513368 ], [ 79.4813439, 28.9496833 ], [ 79.4802971, 28.9491002 ], [ 79.4797025, 28.9497726 ], [ 79.4784647, 28.9498278 ], [ 79.4776889, 28.9488078 ], [ 79.4757155, 28.9447078 ], [ 79.4752829, 28.9452033 ], [ 79.4744698, 28.9434733 ], [ 79.4738553, 28.9440569 ], [ 79.473094, 28.9427885 ], [ 79.4723872, 28.9429459 ], [ 79.4713584, 28.9413394 ], [ 79.4710221, 28.9413442 ], [ 79.4700999, 28.94156 ], [ 79.4703009, 28.9425072 ], [ 79.4698433, 28.9425944 ], [ 79.46969, 28.9430405 ], [ 79.4689737, 28.9430677 ], [ 79.4689058, 28.944011 ], [ 79.4665683, 28.9448906 ], [ 79.4664399, 28.9466175 ], [ 79.4656178, 28.9469697 ], [ 79.4655214, 28.9475018 ], [ 79.4666501, 28.9477776 ], [ 79.4675066, 28.9487861 ], [ 79.4674214, 28.949827 ], [ 79.4683581, 28.9509777 ], [ 79.4693387, 28.9512767 ], [ 79.4699903, 28.9530417 ], [ 79.4707427, 28.9532335 ], [ 79.4708346, 28.9537661 ], [ 79.4715477, 28.953733 ], [ 79.4720963, 28.954421 ], [ 79.4713781, 28.9556491 ], [ 79.4714094, 28.9572276 ], [ 79.4707085, 28.9583374 ], [ 79.4701087, 28.9586193 ], [ 79.4702068, 28.9592763 ], [ 79.469418, 28.9597114 ], [ 79.4699734, 28.9603758 ], [ 79.4696625, 28.9607178 ], [ 79.4699685, 28.9615174 ], [ 79.4695366, 28.9618591 ], [ 79.4711963, 28.9622432 ], [ 79.471621, 28.9635933 ], [ 79.4707627, 28.9661222 ], [ 79.4701526, 28.970391 ], [ 79.4706023, 28.9719522 ], [ 79.4719036, 28.9698881 ] ] ] } },
{ "type": "Feature", "properties": { "gp_code": "", "gp_name": "", "blkname": "RUDRAPUR", "dtname": "Udam Singh Nagar", "SHAPE_Area": 2763117.4764722735 }, "geometry": { "type": "Polygon", "coordinates": [ [ [ 79.4706023, 28.9719522 ], [ 79.4701526, 28.970391 ], [ 79.4707627, 28.9661222 ], [ 79.471621, 28.9635933 ], [ 79.4711963, 28.9622432 ], [ 79.4695366, 28.9618591 ], [ 79.4699685, 28.9615174 ], [ 79.4696625, 28.9607178 ], [ 79.4699734, 28.9603758 ], [ 79.469418, 28.9597114 ], [ 79.4702068, 28.9592763 ], [ 79.4701087, 28.9586193 ], [ 79.4710668, 28.9579008 ], [ 79.4714094, 28.9572276 ], [ 79.4714032, 28.9560869 ], [ 79.4683615, 28.9564554 ], [ 79.4674083, 28.9560263 ], [ 79.4641132, 28.9558852 ], [ 79.4621785, 28.958449 ], [ 79.4610179, 28.9593087 ], [ 79.4586983, 28.9606496 ], [ 79.4577193, 28.9599483 ], [ 79.4566808, 28.9605718 ], [ 79.4561024, 28.960558 ], [ 79.4600272, 28.9677013 ], [ 79.4608208, 28.9677276 ], [ 79.4614506, 28.9683213 ], [ 79.4615086, 28.9688953 ], [ 79.4607189, 28.9695137 ], [ 79.4612838, 28.971095 ], [ 79.4611874, 28.9715975 ], [ 79.4625672, 28.9729567 ], [ 79.4628829, 28.9746377 ], [ 79.463996, 28.9754577 ], [ 79.4651179, 28.9771157 ], [ 79.4680874, 28.9748778 ], [ 79.4706023, 28.9719522 ] ] ] } },
{ "type": "Feature", "properties": { "gp_code": "27294", "gp_name": "RAMESHWARPUR", "blkname": "RUDRAPUR", "dtname": "Udam Singh Nagar", "SHAPE_Area": 1309189.7864065785 }, "geometry": { "type": "Polygon", "coordinates": [ [ [ 79.4714032, 28.9560869 ], [ 79.4714738, 28.9552826 ], [ 79.4720963, 28.954421 ], [ 79.4715477, 28.953733 ], [ 79.4708346, 28.9537661 ], [ 79.4707427, 28.9532335 ], [ 79.4699903, 28.9530417 ], [ 79.4693387, 28.9512767 ], [ 79.4683581, 28.9509777 ], [ 79.4674214, 28.949827 ], [ 79.4675066, 28.9487861 ], [ 79.4666501, 28.9477776 ], [ 79.4655214, 28.9475018 ], [ 79.4656178, 28.9469697 ], [ 79.4664399, 28.9466175 ], [ 79.4665683, 28.9448906 ], [ 79.4689058, 28.944011 ], [ 79.4689737, 28.9430677 ], [ 79.46969, 28.9430405 ], [ 79.4698433, 28.9425944 ], [ 79.4703009, 28.9425072 ], [ 79.4700999, 28.94156 ], [ 79.4628919, 28.9459194 ], [ 79.462003, 28.9461886 ], [ 79.4582368, 28.9461877 ], [ 79.4606346, 28.9515553 ], [ 79.4629971, 28.9557868 ], [ 79.4674083, 28.9560263 ], [ 79.4683615, 28.9564554 ], [ 79.4714032, 28.9560869 ] ] ] } },
{ "type": "Feature", "properties": { "gp_code": "27280", "gp_name": "NARAYANPURGANGAPURPATIA", "blkname": "RUDRAPUR", "dtname": "Udam Singh Nagar", "SHAPE_Area": 1946582.9993402837 }, "geometry": { "type": "Polygon", "coordinates": [ [ [ 79.4515228, 28.9618675 ], [ 79.4540026, 28.9608348 ], [ 79.4541346, 28.9614032 ], [ 79.4577193, 28.9599483 ], [ 79.4586983, 28.9606496 ], [ 79.4621785, 28.958449 ], [ 79.4641132, 28.9558852 ], [ 79.4629971, 28.9557868 ], [ 79.462249, 28.9546012 ], [ 79.4585417, 28.9472181 ], [ 79.4572391, 28.9421174 ], [ 79.4569856, 28.9416551 ], [ 79.4561786, 28.9416406 ], [ 79.4561957, 28.9408006 ], [ 79.4552278, 28.9406908 ], [ 79.4555551, 28.9396745 ], [ 79.4551133, 28.9391997 ], [ 79.4545754, 28.9391742 ], [ 79.4545934, 28.938145 ], [ 79.4537253, 28.9367578 ], [ 79.4533328, 28.9373125 ], [ 79.4522556, 28.9375928 ], [ 79.4520243, 28.9381954 ], [ 79.4523836, 28.9390603 ], [ 79.4522196, 28.9396513 ], [ 79.452768, 28.9403512 ], [ 79.4520364, 28.9415436 ], [ 79.4524634, 28.9423023 ], [ 79.4518696, 28.9427735 ], [ 79.4527791, 28.9439242 ], [ 79.4525594, 28.944941 ], [ 79.4528797, 28.9455159 ], [ 79.4526133, 28.9464437 ], [ 79.4533933, 28.9479962 ], [ 79.4533493, 28.9488361 ], [ 79.4541207, 28.9492883 ], [ 79.4537745, 28.9500206 ], [ 79.454175, 28.9506964 ], [ 79.4538969, 28.9512396 ], [ 79.4547249, 28.9525912 ], [ 79.454439, 28.9533829 ], [ 79.4551216, 28.9541542 ], [ 79.4552796, 28.9549238 ], [ 79.4547103, 28.9559156 ], [ 79.4549482, 28.9568747 ], [ 79.4540696, 28.9578419 ], [ 79.4543875, 28.9589669 ], [ 79.4541299, 28.9594156 ], [ 79.4523505, 28.9602613 ], [ 79.4515228, 28.9618675 ] ] ] } },
{ "type": "Feature", "properties": { "gp_code": "27289", "gp_name": "LALPUR", "blkname": "RUDRAPUR", "dtname": "Udam Singh Nagar", "SHAPE_Area": 2694075.2074454199 }, "geometry": { "type": "Polygon", "coordinates": [ [ [ 79.4700999, 28.94156 ], [ 79.4691572, 28.9402673 ], [ 79.4693123, 28.9393864 ], [ 79.4690064, 28.9385808 ], [ 79.4694258, 28.9379907 ], [ 79.4690919, 28.9374512 ], [ 79.4698593, 28.9372763 ], [ 79.4698556, 28.9365723 ], [ 79.4706093, 28.9364329 ], [ 79.470721, 28.9354867 ], [ 79.4699541, 28.9355433 ], [ 79.4700364, 28.9351768 ], [ 79.469621, 28.9348087 ], [ 79.4705252, 28.9340782 ], [ 79.470021, 28.9330659 ], [ 79.4682595, 28.9314158 ], [ 79.4655422, 28.9323615 ], [ 79.4649833, 28.9314756 ], [ 79.4642612, 28.9311373 ], [ 79.4619707, 28.9309882 ], [ 79.460345, 28.93047 ], [ 79.458937, 28.9307481 ], [ 79.4567211, 28.9319252 ], [ 79.4550245, 28.9338289 ], [ 79.4537691, 28.9359463 ], [ 79.4537253, 28.9367578 ], [ 79.4545934, 28.938145 ], [ 79.4544553, 28.9389609 ], [ 79.4555551, 28.9396745 ], [ 79.4552278, 28.9406908 ], [ 79.4561957, 28.9408006 ], [ 79.4561786, 28.9416406 ], [ 79.4569856, 28.9416551 ], [ 79.4572391, 28.9421174 ], [ 79.4582368, 28.9461877 ], [ 79.462003, 28.9461886 ], [ 79.4628919, 28.9459194 ], [ 79.4700999, 28.94156 ] ] ] } },
{ "type": "Feature", "properties": { "gp_code": "260030", "gp_name": "Kanakpur", "blkname": "RUDRAPUR", "dtname": "Udam Singh Nagar", "SHAPE_Area": 4535162.5371815041 }, "geometry": { "type": "Polygon", "coordinates": [ [ [ 79.4849977, 28.9558012 ], [ 79.4871131, 28.9550715 ], [ 79.4894279, 28.9547949 ], [ 79.4887775, 28.953292 ], [ 79.4900843, 28.9527874 ], [ 79.4895645, 28.9516263 ], [ 79.4895685, 28.9506562 ], [ 79.4914843, 28.9492544 ], [ 79.491867, 28.9477767 ], [ 79.4929999, 28.947035 ], [ 79.4932595, 28.9460538 ], [ 79.4924415, 28.945436 ], [ 79.4922837, 28.94456 ], [ 79.491868, 28.9442392 ], [ 79.4905625, 28.9444362 ], [ 79.4895717, 28.9433446 ], [ 79.490195, 28.9422345 ], [ 79.489525, 28.9416171 ], [ 79.4900952, 28.9403412 ], [ 79.4898284, 28.9398079 ], [ 79.4907859, 28.9391721 ], [ 79.4899484, 28.9384241 ], [ 79.4908525, 28.9376934 ], [ 79.4909555, 28.9371731 ], [ 79.4901561, 28.9369576 ], [ 79.4901178, 28.9364665 ], [ 79.4892253, 28.93602 ], [ 79.487927, 28.9361105 ], [ 79.4840801, 28.934566 ], [ 79.4821976, 28.9344831 ], [ 79.4803758, 28.9327261 ], [ 79.4787193, 28.933265 ], [ 79.4767175, 28.9327616 ], [ 79.4755737, 28.9329116 ], [ 79.4750214, 28.9330991 ], [ 79.4746935, 28.9343285 ], [ 79.4743834, 28.9345049 ], [ 79.4737917, 28.9344912 ], [ 79.4725038, 28.9337179 ], [ 79.4715201, 28.9341761 ], [ 79.4705252, 28.9340782 ], [ 79.469621, 28.9348087 ], [ 79.4700364, 28.9351768 ], [ 79.4699541, 28.9355433 ], [ 79.470721, 28.9354867 ], [ 79.4706093, 28.9364329 ], [ 79.4698556, 28.9365723 ], [ 79.4698593, 28.9372763 ], [ 79.4690919, 28.9374512 ], [ 79.4694258, 28.9379907 ], [ 79.4690064, 28.9385808 ], [ 79.4693272, 28.940605 ], [ 79.4700999, 28.94156 ], [ 79.4713584, 28.9413394 ], [ 79.4723872, 28.9429459 ], [ 79.473094, 28.9427885 ], [ 79.4738553, 28.9440569 ], [ 79.4744698, 28.9434733 ], [ 79.4752829, 28.9452033 ], [ 79.4757155, 28.9447078 ], [ 79.4776889, 28.9488078 ], [ 79.4784647, 28.9498278 ], [ 79.4797025, 28.9497726 ], [ 79.4802971, 28.9491002 ], [ 79.4813439, 28.9496833 ], [ 79.4804761, 28.9513368 ], [ 79.4826184, 28.9536981 ], [ 79.4838963, 28.9537022 ], [ 79.4849977, 28.9558012 ] ] ] } },
{ "type": "Feature", "properties": { "gp_code": "", "gp_name": "", "blkname": "RUDRAPUR", "dtname": "Udam Singh Nagar", "SHAPE_Area": 4397265.9161942806 }, "geometry": { "type": "Polygon", "coordinates": [ [ [ 79.4803758, 28.9327261 ], [ 79.486052, 28.9275665 ], [ 79.4860967, 28.9264704 ], [ 79.4867436, 28.9255531 ], [ 79.4877477, 28.9257331 ], [ 79.4881078, 28.9261232 ], [ 79.4885916, 28.9257712 ], [ 79.4902365, 28.926519 ], [ 79.4907302, 28.9262067 ], [ 79.4900507, 28.9252675 ], [ 79.489247, 28.9252296 ], [ 79.4894293, 28.9248765 ], [ 79.4884466, 28.924396 ], [ 79.48917, 28.9238016 ], [ 79.4909654, 28.9233653 ], [ 79.491241, 28.9210942 ], [ 79.4925735, 28.9158959 ], [ 79.4923859, 28.9144764 ], [ 79.491745, 28.9139439 ], [ 79.4906184, 28.9142586 ], [ 79.4892165, 28.9131226 ], [ 79.4876475, 28.9135065 ], [ 79.4868808, 28.9142467 ], [ 79.4867165, 28.9150948 ], [ 79.4858315, 28.9153042 ], [ 79.4845819, 28.9161842 ], [ 79.4831374, 28.9156138 ], [ 79.4809376, 28.9166763 ], [ 79.4800549, 28.9163022 ], [ 79.4781843, 28.9167116 ], [ 79.474972, 28.9160116 ], [ 79.4742977, 28.9162834 ], [ 79.4728358, 28.9186302 ], [ 79.4719511, 28.918751 ], [ 79.4717075, 28.919316 ], [ 79.4712867, 28.9190317 ], [ 79.470622, 28.9194008 ], [ 79.4709208, 28.9200206 ], [ 79.4721843, 28.9206259 ], [ 79.4718202, 28.9211728 ], [ 79.4721994, 28.9217929 ], [ 79.4710352, 28.9214708 ], [ 79.4709908, 28.9224431 ], [ 79.4704679, 28.9225475 ], [ 79.4701804, 28.9239787 ], [ 79.4705797, 28.9245988 ], [ 79.4703137, 28.9257118 ], [ 79.470754, 28.9261376 ], [ 79.4707514, 28.9267564 ], [ 79.4697815, 28.9279732 ], [ 79.4693109, 28.9299341 ], [ 79.4676025, 28.9299638 ], [ 79.4682595, 28.9314158 ], [ 79.470021, 28.9330659 ], [ 79.4705252, 28.9340782 ], [ 79.4710894, 28.9342457 ], [ 79.4725038, 28.9337179 ], [ 79.4737917, 28.9344912 ], [ 79.4743834, 28.9345049 ], [ 79.4746935, 28.9343285 ], [ 79.4750214, 28.9330991 ], [ 79.4755737, 28.9329116 ], [ 79.4767175, 28.9327616 ], [ 79.4787193, 28.933265 ], [ 79.4803758, 28.9327261 ] ] ] } },
{ "type": "Feature", "properties": { "gp_code": "27281", "gp_name": "KACHI KHAMRIYA", "blkname": "RUDRAPUR", "dtname": "Udam Singh Nagar", "SHAPE_Area": 6644998.7370964335 }, "geometry": { "type": "Polygon", "coordinates": [ [ [ 79.4682595, 28.9314158 ], [ 79.4676025, 28.9299638 ], [ 79.4693109, 28.9299341 ], [ 79.4697815, 28.9279732 ], [ 79.4707514, 28.9267564 ], [ 79.470754, 28.9261376 ], [ 79.4703137, 28.9257118 ], [ 79.4705797, 28.9245988 ], [ 79.4701804, 28.9239787 ], [ 79.4704679, 28.9225475 ], [ 79.4709908, 28.9224431 ], [ 79.4710352, 28.9214708 ], [ 79.4721994, 28.9217929 ], [ 79.4718202, 28.9211728 ], [ 79.4721843, 28.9206259 ], [ 79.4709208, 28.9200206 ], [ 79.470622, 28.9194008 ], [ 79.4712867, 28.9190317 ], [ 79.4717075, 28.919316 ], [ 79.4719511, 28.918751 ], [ 79.4728358, 28.9186302 ], [ 79.4742977, 28.9162834 ], [ 79.4729336, 28.9145462 ], [ 79.4733566, 28.9143001 ], [ 79.4733784, 28.9138935 ], [ 79.4744413, 28.914392 ], [ 79.4753464, 28.9142182 ], [ 79.475509, 28.9137767 ], [ 79.4748685, 28.9131734 ], [ 79.4750718, 28.912626 ], [ 79.4743717, 28.9118457 ], [ 79.4749159, 28.9114585 ], [ 79.4749189, 28.910769 ], [ 79.4755227, 28.9105411 ], [ 79.4746833, 28.9094421 ], [ 79.4753872, 28.909303 ], [ 79.4754085, 28.9090202 ], [ 79.4745445, 28.9090173 ], [ 79.4742653, 28.9085037 ], [ 79.4738032, 28.9085021 ], [ 79.4736983, 28.909545 ], [ 79.4733149, 28.9099327 ], [ 79.4717334, 28.908513 ], [ 79.4706479, 28.9086155 ], [ 79.4701471, 28.9082602 ], [ 79.4685302, 28.9057442 ], [ 79.4683724, 28.9050718 ], [ 79.4687554, 28.9047901 ], [ 79.4690961, 28.9049858 ], [ 79.4692995, 28.9044206 ], [ 79.4680392, 28.903108 ], [ 79.4685228, 28.9027914 ], [ 79.468364, 28.9023311 ], [ 79.4686466, 28.9020315 ], [ 79.469471, 28.9018928 ], [ 79.4691306, 28.9016264 ], [ 79.4696347, 28.9012037 ], [ 79.4690299, 28.9005947 ], [ 79.4671221, 28.9014429 ], [ 79.4668969, 28.902397 ], [ 79.4651234, 28.9036288 ], [ 79.4602894, 28.9063001 ], [ 79.4599711, 28.9055741 ], [ 79.4591064, 28.9057303 ], [ 79.4576576, 28.9061851 ], [ 79.457332, 28.9071388 ], [ 79.4541544, 28.9077469 ], [ 79.4537707, 28.9081876 ], [ 79.4546094, 28.9093928 ], [ 79.4593553, 28.9131572 ], [ 79.4597345, 28.9137596 ], [ 79.4554172, 28.9153319 ], [ 79.4541645, 28.9168836 ], [ 79.4533625, 28.9164565 ], [ 79.4482777, 28.9188658 ], [ 79.4477116, 28.9196418 ], [ 79.4483319, 28.920245 ], [ 79.4496768, 28.9205856 ], [ 79.4541044, 28.9282565 ], [ 79.4544272, 28.9279747 ], [ 79.4556686, 28.929022 ], [ 79.4574666, 28.9314857 ], [ 79.458937, 28.9307481 ], [ 79.460345, 28.93047 ], [ 79.4619707, 28.9309882 ], [ 79.4642612, 28.9311373 ], [ 79.4649833, 28.9314756 ], [ 79.4655422, 28.9323615 ], [ 79.4682595, 28.9314158 ] ] ] } },
{ "type": "Feature", "properties": { "gp_code": "260364", "gp_name": "MALSI", "blkname": "RUDRAPUR", "dtname": "Udam Singh Nagar", "SHAPE_Area": 4555238.7946969178 }, "geometry": { "type": "Polygon", "coordinates": [ [ [ 79.4364752, 28.9364457 ], [ 79.4361966, 28.9351296 ], [ 79.4355162, 28.9344731 ], [ 79.4354601, 28.9335535 ], [ 79.4349799, 28.9330744 ], [ 79.4352234, 28.9325625 ], [ 79.4349839, 28.9321904 ], [ 79.4342603, 28.9322055 ], [ 79.4338633, 28.9311256 ], [ 79.4328773, 28.9313873 ], [ 79.4305078, 28.9309546 ], [ 79.4303701, 28.9302999 ], [ 79.4308591, 28.9288519 ], [ 79.4307048, 28.9274369 ], [ 79.4309899, 28.9266069 ], [ 79.4341136, 28.9247262 ], [ 79.4338342, 28.9242831 ], [ 79.4345407, 28.9236138 ], [ 79.4344234, 28.9228885 ], [ 79.4350289, 28.9223248 ], [ 79.4344668, 28.9221814 ], [ 79.4340479, 28.921508 ], [ 79.4334231, 28.9218948 ], [ 79.4331636, 28.9215226 ], [ 79.43337, 28.920321 ], [ 79.4327494, 28.9198061 ], [ 79.4327122, 28.9191518 ], [ 79.4319724, 28.9183358 ], [ 79.4321173, 28.9174169 ], [ 79.43155, 28.9173265 ], [ 79.4309751, 28.917793 ], [ 79.4305634, 28.9177385 ], [ 79.4303451, 28.9171454 ], [ 79.4295401, 28.9173901 ], [ 79.4293327, 28.9166114 ], [ 79.4282439, 28.9174032 ], [ 79.4277132, 28.9169946 ], [ 79.4269898, 28.9170127 ], [ 79.4270824, 28.9173325 ], [ 79.4266304, 28.9176562 ], [ 79.4279392, 28.9181697 ], [ 79.4273926, 28.9185937 ], [ 79.4279452, 28.9197847 ], [ 79.4271181, 28.9198054 ], [ 79.4271661, 28.9210598 ], [ 79.4264147, 28.9221515 ], [ 79.4256135, 28.9223675 ], [ 79.4250047, 28.9231521 ], [ 79.4158377, 28.9278693 ], [ 79.4168877, 28.9290859 ], [ 79.4188936, 28.9329797 ], [ 79.4189747, 28.9343111 ], [ 79.4184352, 28.9360838 ], [ 79.4183506, 28.9383374 ], [ 79.4190085, 28.9400316 ], [ 79.4206835, 28.9411603 ], [ 79.4246059, 28.9422392 ], [ 79.4254234, 28.9428811 ], [ 79.4269, 28.9449775 ], [ 79.4278157, 28.9447441 ], [ 79.4300308, 28.9427407 ], [ 79.4311629, 28.9422479 ], [ 79.4313678, 28.9415505 ], [ 79.433754, 28.9403404 ], [ 79.4348763, 28.9390429 ], [ 79.435166, 28.9374585 ], [ 79.4364752, 28.9364457 ] ] ] } },
{ "type": "Feature", "properties": { "gp_code": "27291", "gp_name": "MALSA GIRDHARPUR", "blkname": "RUDRAPUR", "dtname": "Udam Singh Nagar", "SHAPE_Area": 5168833.1354324874 }, "geometry": { "type": "Polygon", "coordinates": [ [ [ 79.4426939, 28.9383367 ], [ 79.4429167, 28.9357498 ], [ 79.4440167, 28.9324828 ], [ 79.4432926, 28.9281309 ], [ 79.4438788, 28.9228994 ], [ 79.4434044, 28.9211297 ], [ 79.4421855, 28.9195696 ], [ 79.4420491, 28.9186143 ], [ 79.4443245, 28.9175968 ], [ 79.4445806, 28.914256 ], [ 79.4430565, 28.9135611 ], [ 79.4421108, 28.9138407 ], [ 79.4380887, 28.9100827 ], [ 79.4371906, 28.9087358 ], [ 79.4366895, 28.9084511 ], [ 79.4355618, 28.9089953 ], [ 79.4350408, 28.9086752 ], [ 79.4347629, 28.9079316 ], [ 79.4332976, 28.9075728 ], [ 79.4323777, 28.9066148 ], [ 79.4325477, 28.9045997 ], [ 79.431766, 28.9041726 ], [ 79.4298559, 28.904431 ], [ 79.4260926, 28.9056906 ], [ 79.4245747, 28.9056929 ], [ 79.4246526, 28.9062788 ], [ 79.425243, 28.906559 ], [ 79.4254019, 28.907092 ], [ 79.4244439, 28.9077926 ], [ 79.4243525, 28.90865 ], [ 79.4248943, 28.9092672 ], [ 79.4260754, 28.9097329 ], [ 79.4269154, 28.91128 ], [ 79.4252059, 28.9116584 ], [ 79.4251096, 28.9121313 ], [ 79.4256194, 28.9123934 ], [ 79.4265412, 28.9122252 ], [ 79.4276418, 28.9126905 ], [ 79.4276538, 28.9129923 ], [ 79.4270535, 28.9134043 ], [ 79.4253868, 28.9132445 ], [ 79.4251328, 28.9143735 ], [ 79.4257341, 28.9137545 ], [ 79.4267011, 28.9140183 ], [ 79.4269211, 28.9144154 ], [ 79.4255602, 28.9149962 ], [ 79.4248343, 28.9149522 ], [ 79.4247916, 28.915449 ], [ 79.4261765, 28.9154894 ], [ 79.4267839, 28.9150006 ], [ 79.4270043, 28.9153267 ], [ 79.4249278, 28.9165439 ], [ 79.4249393, 28.9169521 ], [ 79.4263788, 28.9168212 ], [ 79.4267248, 28.916148 ], [ 79.4270264, 28.9163562 ], [ 79.4269898, 28.9170127 ], [ 79.4277132, 28.9169946 ], [ 79.4279324, 28.9174021 ], [ 79.4293327, 28.9166114 ], [ 79.4295401, 28.9173901 ], [ 79.4303451, 28.9171454 ], [ 79.4305634, 28.9177385 ], [ 79.4309751, 28.917793 ], [ 79.43155, 28.9173265 ], [ 79.4321173, 28.9174169 ], [ 79.4319724, 28.9183358 ], [ 79.4327122, 28.9191518 ], [ 79.4327494, 28.9198061 ], [ 79.43337, 28.920321 ], [ 79.4331636, 28.9215226 ], [ 79.4334231, 28.9218948 ], [ 79.4340479, 28.921508 ], [ 79.4344668, 28.9221814 ], [ 79.4350289, 28.9223248 ], [ 79.4344234, 28.9228885 ], [ 79.4345407, 28.9236138 ], [ 79.4338342, 28.9242831 ], [ 79.4341136, 28.9247262 ], [ 79.4309899, 28.9266069 ], [ 79.4307048, 28.9274369 ], [ 79.4308591, 28.9288519 ], [ 79.4303701, 28.9302999 ], [ 79.4305078, 28.9309546 ], [ 79.4328773, 28.9313873 ], [ 79.4338633, 28.9311256 ], [ 79.4342603, 28.9322055 ], [ 79.4349839, 28.9321904 ], [ 79.4352234, 28.9325625 ], [ 79.4349799, 28.9330744 ], [ 79.4354601, 28.9335535 ], [ 79.4355162, 28.9344731 ], [ 79.4361966, 28.9351296 ], [ 79.4364752, 28.9364457 ], [ 79.4382649, 28.936239 ], [ 79.4393371, 28.9370828 ], [ 79.4402794, 28.9368968 ], [ 79.4404627, 28.9380095 ], [ 79.4409993, 28.9383072 ], [ 79.4409028, 28.9388392 ], [ 79.4426939, 28.9383367 ] ] ] } },
{ "type": "Feature", "properties": { "gp_code": "27288", "gp_name": "KURAIYA", "blkname": "RUDRAPUR", "dtname": "Udam Singh Nagar", "SHAPE_Area": 8240765.1033646762 }, "geometry": { "type": "Polygon", "coordinates": [ [ [ 79.4597345, 28.9137596 ], [ 79.4593553, 28.9131572 ], [ 79.4546094, 28.9093928 ], [ 79.4537707, 28.9081876 ], [ 79.4541544, 28.9077469 ], [ 79.457332, 28.9071388 ], [ 79.4576576, 28.9061851 ], [ 79.4591064, 28.9057303 ], [ 79.4599711, 28.9055741 ], [ 79.4602894, 28.9063001 ], [ 79.4651234, 28.9036288 ], [ 79.4668969, 28.902397 ], [ 79.4671221, 28.9014429 ], [ 79.4690299, 28.9005947 ], [ 79.468111, 28.8992537 ], [ 79.4684346, 28.8987509 ], [ 79.4678929, 28.8985723 ], [ 79.4670777, 28.8988967 ], [ 79.4671231, 28.8976857 ], [ 79.4662922, 28.8970198 ], [ 79.4664551, 28.8965165 ], [ 79.4672388, 28.8964749 ], [ 79.4663284, 28.8955966 ], [ 79.4667634, 28.8948908 ], [ 79.4665053, 28.8941827 ], [ 79.4668982, 28.8939276 ], [ 79.4680017, 28.8942761 ], [ 79.4683752, 28.8938618 ], [ 79.4675012, 28.8915249 ], [ 79.4671909, 28.8912498 ], [ 79.4665751, 28.891955 ], [ 79.4659721, 28.8920149 ], [ 79.4653129, 28.8911375 ], [ 79.4642266, 28.8914521 ], [ 79.4639484, 28.8907351 ], [ 79.4628226, 28.8908993 ], [ 79.462439, 28.8913312 ], [ 79.4619999, 28.8906667 ], [ 79.4613168, 28.8906644 ], [ 79.4612286, 28.8901425 ], [ 79.4616698, 28.8891714 ], [ 79.4614328, 28.8882335 ], [ 79.4607311, 28.8878952 ], [ 79.4606737, 28.8872231 ], [ 79.4600104, 28.8872916 ], [ 79.4597512, 28.8868487 ], [ 79.4592089, 28.8868115 ], [ 79.4592663, 28.8874836 ], [ 79.4590048, 28.8875357 ], [ 79.4580427, 28.8870374 ], [ 79.4584283, 28.8861369 ], [ 79.4583133, 28.8848635 ], [ 79.4586591, 28.8838921 ], [ 79.4580799, 28.8831122 ], [ 79.4592662, 28.8828863 ], [ 79.4584453, 28.882247 ], [ 79.458187, 28.8815919 ], [ 79.4573431, 28.8816067 ], [ 79.4568223, 28.881269 ], [ 79.4564192, 28.8815682 ], [ 79.4567374, 28.8823119 ], [ 79.4559253, 28.8842542 ], [ 79.4551611, 28.8844107 ], [ 79.4542422, 28.8832229 ], [ 79.4517578, 28.886238 ], [ 79.4520166, 28.886787 ], [ 79.4519271, 28.8888555 ], [ 79.4515629, 28.8894378 ], [ 79.4500327, 28.8901751 ], [ 79.4499092, 28.8908289 ], [ 79.4490421, 28.8915509 ], [ 79.4486113, 28.8935474 ], [ 79.4473588, 28.8950814 ], [ 79.4467659, 28.897378 ], [ 79.4422896, 28.9008987 ], [ 79.4407619, 28.9010349 ], [ 79.4404575, 28.901688 ], [ 79.43828, 28.9033424 ], [ 79.4375511, 28.9045599 ], [ 79.4378848, 28.9063115 ], [ 79.4374406, 28.9067873 ], [ 79.4386688, 28.9106638 ], [ 79.4421108, 28.9138407 ], [ 79.4430565, 28.9135611 ], [ 79.4445806, 28.914256 ], [ 79.4443245, 28.9175968 ], [ 79.4453285, 28.917777 ], [ 79.4472733, 28.9187739 ], [ 79.4482777, 28.9188658 ], [ 79.4533625, 28.9164565 ], [ 79.4541645, 28.9168836 ], [ 79.4554172, 28.9153319 ], [ 79.4597345, 28.9137596 ] ] ] } },
{ "type": "Feature", "properties": { "gp_code": "27296", "gp_name": "SAIJANA", "blkname": "RUDRAPUR", "dtname": "Udam Singh Nagar", "SHAPE_Area": 6717679.8623449085 }, "geometry": { "type": "Polygon", "coordinates": [ [ [ 79.4386688, 28.9106638 ], [ 79.4375775, 28.9076011 ], [ 79.4374406, 28.9067873 ], [ 79.4378848, 28.9063115 ], [ 79.4375511, 28.9045599 ], [ 79.43828, 28.9033424 ], [ 79.4404575, 28.901688 ], [ 79.4407619, 28.9010349 ], [ 79.4422896, 28.9008987 ], [ 79.4467659, 28.897378 ], [ 79.4473588, 28.8950814 ], [ 79.4486113, 28.8935474 ], [ 79.4490421, 28.8915509 ], [ 79.4499092, 28.8908289 ], [ 79.4500327, 28.8901751 ], [ 79.4515629, 28.8894378 ], [ 79.4519271, 28.8888555 ], [ 79.4520166, 28.886787 ], [ 79.4512325, 28.8857809 ], [ 79.4493257, 28.8853589 ], [ 79.4479395, 28.8853629 ], [ 79.4462178, 28.8862499 ], [ 79.445575, 28.8862212 ], [ 79.4457856, 28.8840559 ], [ 79.4450167, 28.8830365 ], [ 79.4432783, 28.8831719 ], [ 79.4420737, 28.8829821 ], [ 79.4414136, 28.8823521 ], [ 79.4400975, 28.8824094 ], [ 79.4379392, 28.8798821 ], [ 79.4370971, 28.8795167 ], [ 79.4342415, 28.880152 ], [ 79.4337234, 28.8814321 ], [ 79.4322364, 28.8815064 ], [ 79.4319182, 28.8829994 ], [ 79.431334, 28.8833422 ], [ 79.4301097, 28.8833145 ], [ 79.4303058, 28.884528 ], [ 79.431026, 28.8857966 ], [ 79.4307548, 28.8863044 ], [ 79.430967, 28.8869264 ], [ 79.4296639, 28.8881819 ], [ 79.4301928, 28.8901065 ], [ 79.4279163, 28.8910686 ], [ 79.4277326, 28.8929848 ], [ 79.4267375, 28.8930404 ], [ 79.4257593, 28.8923151 ], [ 79.4244215, 28.8937893 ], [ 79.4234024, 28.8931941 ], [ 79.4229372, 28.8934941 ], [ 79.4240203, 28.89477 ], [ 79.4236906, 28.8962714 ], [ 79.42466, 28.8974345 ], [ 79.4242503, 28.8987996 ], [ 79.4225127, 28.8994796 ], [ 79.4222062, 28.9003304 ], [ 79.4225333, 28.9008344 ], [ 79.4222015, 28.9013361 ], [ 79.4228383, 28.9017348 ], [ 79.4230025, 28.9025695 ], [ 79.4225231, 28.9030292 ], [ 79.4240669, 28.9035495 ], [ 79.4241987, 28.9041238 ], [ 79.4247962, 28.9043093 ], [ 79.4252636, 28.905015 ], [ 79.4250797, 28.905529 ], [ 79.4260926, 28.9056906 ], [ 79.4298559, 28.904431 ], [ 79.431766, 28.9041726 ], [ 79.4325477, 28.9045997 ], [ 79.4323777, 28.9066148 ], [ 79.4332976, 28.9075728 ], [ 79.4347629, 28.9079316 ], [ 79.4350408, 28.9086752 ], [ 79.4355618, 28.9089953 ], [ 79.4366895, 28.9084511 ], [ 79.4371906, 28.9087358 ], [ 79.4386688, 28.9106638 ] ] ] } },
{ "type": "Feature", "properties": { "gp_code": "27273", "gp_name": "CHINKI", "blkname": "RUDRAPUR", "dtname": "Udam Singh Nagar", "SHAPE_Area": 10848699.639692279 }, "geometry": { "type": "Polygon", "coordinates": [ [ [ 79.4690299, 28.9005947 ], [ 79.4713467, 28.9002369 ], [ 79.4714702, 28.8995478 ], [ 79.4722548, 28.8993205 ], [ 79.4729966, 28.8997119 ], [ 79.475557, 28.8976516 ], [ 79.4765221, 28.8974956 ], [ 79.4774691, 28.8968799 ], [ 79.4781525, 28.8968114 ], [ 79.478533, 28.8971132 ], [ 79.4812298, 28.8960434 ], [ 79.4862579, 28.8948219 ], [ 79.4868807, 28.8948415 ], [ 79.487541, 28.8954979 ], [ 79.4889283, 28.8952548 ], [ 79.4890053, 28.8936548 ], [ 79.4880151, 28.8931919 ], [ 79.4881789, 28.8924587 ], [ 79.4876934, 28.8920416 ], [ 79.4877331, 28.8909322 ], [ 79.4872246, 28.8900244 ], [ 79.4874442, 28.8891278 ], [ 79.487064, 28.8887685 ], [ 79.4869866, 28.8880566 ], [ 79.4860445, 28.8875275 ], [ 79.4856463, 28.8866466 ], [ 79.4838347, 28.886265 ], [ 79.4832446, 28.8856531 ], [ 79.4826338, 28.8833834 ], [ 79.48281, 28.8820667 ], [ 79.4824702, 28.8816589 ], [ 79.4829884, 28.8802549 ], [ 79.4823498, 28.8792273 ], [ 79.482234, 28.8780952 ], [ 79.4815226, 28.8776597 ], [ 79.4810995, 28.8779678 ], [ 79.4804383, 28.8775501 ], [ 79.4796839, 28.8778041 ], [ 79.4794692, 28.8762916 ], [ 79.4772866, 28.8734111 ], [ 79.4759831, 28.8728764 ], [ 79.4758854, 28.8722395 ], [ 79.4769362, 28.8707576 ], [ 79.4785063, 28.8708127 ], [ 79.4783602, 28.8703981 ], [ 79.4790977, 28.8692409 ], [ 79.4782813, 28.8683745 ], [ 79.4788952, 28.8678322 ], [ 79.4789177, 28.8672761 ], [ 79.478625, 28.8665534 ], [ 79.4781424, 28.8662441 ], [ 79.4780579, 28.8655635 ], [ 79.4772464, 28.8651526 ], [ 79.4772153, 28.8645668 ], [ 79.4736389, 28.8647681 ], [ 79.4705714, 28.8654088 ], [ 79.466112, 28.8677723 ], [ 79.4640065, 28.8666412 ], [ 79.4619359, 28.8667644 ], [ 79.460265, 28.8676817 ], [ 79.4547583, 28.869716 ], [ 79.4525618, 28.8709273 ], [ 79.451732, 28.8716226 ], [ 79.4516216, 28.8727418 ], [ 79.4509547, 28.8736325 ], [ 79.45105, 28.8747998 ], [ 79.4501467, 28.8746376 ], [ 79.4499646, 28.8749464 ], [ 79.4509335, 28.8761609 ], [ 79.4509506, 28.8768241 ], [ 79.4520843, 28.8771374 ], [ 79.4522102, 28.8781987 ], [ 79.4526607, 28.8785362 ], [ 79.4547082, 28.8789057 ], [ 79.454912, 28.8805243 ], [ 79.4561076, 28.8804665 ], [ 79.4566925, 28.8813653 ], [ 79.458187, 28.8815919 ], [ 79.4584453, 28.882247 ], [ 79.4590868, 28.8825674 ], [ 79.4592662, 28.8828863 ], [ 79.4580799, 28.8831122 ], [ 79.4586591, 28.8838921 ], [ 79.4583133, 28.8848635 ], [ 79.4584283, 28.8861369 ], [ 79.4580427, 28.8870374 ], [ 79.4590048, 28.8875357 ], [ 79.4592663, 28.8874836 ], [ 79.4592089, 28.8868115 ], [ 79.4597512, 28.8868487 ], [ 79.4600104, 28.8872916 ], [ 79.4606737, 28.8872231 ], [ 79.4607311, 28.8878952 ], [ 79.4614328, 28.8882335 ], [ 79.4616698, 28.8891714 ], [ 79.4612286, 28.8901425 ], [ 79.4613168, 28.8906644 ], [ 79.4619999, 28.8906667 ], [ 79.462439, 28.8913312 ], [ 79.4628226, 28.8908993 ], [ 79.4639484, 28.8907351 ], [ 79.4642266, 28.8914521 ], [ 79.4653129, 28.8911375 ], [ 79.4659721, 28.8920149 ], [ 79.4665751, 28.891955 ], [ 79.4671909, 28.8912498 ], [ 79.4675012, 28.8915249 ], [ 79.4683752, 28.8938618 ], [ 79.4680017, 28.8942761 ], [ 79.4668982, 28.8939276 ], [ 79.4665053, 28.8941827 ], [ 79.4667634, 28.8948908 ], [ 79.4663284, 28.8955966 ], [ 79.4672388, 28.8964749 ], [ 79.4664551, 28.8965165 ], [ 79.4662922, 28.8970198 ], [ 79.4671231, 28.8976857 ], [ 79.4670777, 28.8988967 ], [ 79.4682747, 28.8985559 ], [ 79.4684346, 28.8987509 ], [ 79.468111, 28.8992537 ], [ 79.4690299, 28.9005947 ] ] ] } },
{ "type": "Feature", "properties": { "gp_code": "27275", "gp_name": "DARAU", "blkname": "RUDRAPUR", "dtname": "Udam Singh Nagar", "SHAPE_Area": 6664693.0773901716 }, "geometry": { "type": "Polygon", "coordinates": [ [ [ 79.4517578, 28.886238 ], [ 79.4542422, 28.8832229 ], [ 79.4551611, 28.8844107 ], [ 79.4559253, 28.8842542 ], [ 79.4567374, 28.8823119 ], [ 79.4564192, 28.8815682 ], [ 79.4566925, 28.8813653 ], [ 79.4561076, 28.8804665 ], [ 79.454702, 28.8803114 ], [ 79.4549449, 28.8798878 ], [ 79.4547082, 28.8789057 ], [ 79.4526607, 28.8785362 ], [ 79.4522102, 28.8781987 ], [ 79.4520843, 28.8771374 ], [ 79.4509506, 28.8768241 ], [ 79.4509335, 28.8761609 ], [ 79.4499646, 28.8749464 ], [ 79.4501467, 28.8746376 ], [ 79.45105, 28.8747998 ], [ 79.4509547, 28.8736325 ], [ 79.4516216, 28.8727418 ], [ 79.451732, 28.8716226 ], [ 79.4513651, 28.871006 ], [ 79.4501415, 28.8710728 ], [ 79.4497866, 28.8707876 ], [ 79.45029, 28.8678963 ], [ 79.4496805, 28.8674209 ], [ 79.4488342, 28.8672997 ], [ 79.4476583, 28.8672364 ], [ 79.4464594, 28.8678062 ], [ 79.4458357, 28.8674964 ], [ 79.4451413, 28.8664764 ], [ 79.44518, 28.863826 ], [ 79.4434343, 28.8634531 ], [ 79.4431008, 28.862884 ], [ 79.4421736, 28.8628334 ], [ 79.4417218, 28.8616604 ], [ 79.440458, 28.8617388 ], [ 79.4392333, 28.8620659 ], [ 79.4371177, 28.8632417 ], [ 79.4299976, 28.8652991 ], [ 79.4277274, 28.8664269 ], [ 79.4254283, 28.8665311 ], [ 79.4248482, 28.8684341 ], [ 79.425123, 28.8700561 ], [ 79.424736, 28.8708949 ], [ 79.4253275, 28.8708852 ], [ 79.4254179, 28.8716783 ], [ 79.424825, 28.8719956 ], [ 79.4250055, 28.8736647 ], [ 79.4252451, 28.8741625 ], [ 79.4259709, 28.8742006 ], [ 79.4267296, 28.8765491 ], [ 79.427869, 28.8765265 ], [ 79.4277239, 28.878857 ], [ 79.4301097, 28.8833145 ], [ 79.431334, 28.8833422 ], [ 79.4319182, 28.8829994 ], [ 79.4322364, 28.8815064 ], [ 79.4337234, 28.8814321 ], [ 79.4342415, 28.880152 ], [ 79.4375491, 28.8795094 ], [ 79.4400975, 28.8824094 ], [ 79.4414136, 28.8823521 ], [ 79.4420737, 28.8829821 ], [ 79.4450167, 28.8830365 ], [ 79.445397, 28.8833473 ], [ 79.4457856, 28.8840559 ], [ 79.445575, 28.8862212 ], [ 79.4462178, 28.8862499 ], [ 79.4485425, 28.8852943 ], [ 79.4506709, 28.885558 ], [ 79.4517578, 28.886238 ] ] ] } },
{ "type": "Feature", "properties": { "gp_code": "27260", "gp_name": "AJEETPUR", "blkname": "RUDRAPUR", "dtname": "Udam Singh Nagar", "SHAPE_Area": 6070970.4561588047 }, "geometry": { "type": "Polygon", "coordinates": [ [ [ 79.5803545, 28.8710091 ], [ 79.5816283, 28.8704884 ], [ 79.5851326, 28.8672662 ], [ 79.5857806, 28.8678213 ], [ 79.5876897, 28.8675805 ], [ 79.5886736, 28.8678762 ], [ 79.5900909, 28.8671661 ], [ 79.5918409, 28.8679627 ], [ 79.5957952, 28.8663532 ], [ 79.5965227, 28.8672871 ], [ 79.5991802, 28.865729 ], [ 79.5982941, 28.864204 ], [ 79.5986092, 28.8640664 ], [ 79.5971338, 28.8621782 ], [ 79.5968983, 28.8613301 ], [ 79.5998888, 28.8599952 ], [ 79.6018951, 28.8598061 ], [ 79.6035685, 28.8588365 ], [ 79.6034072, 28.8581259 ], [ 79.6038969, 28.8568335 ], [ 79.6033948, 28.8563169 ], [ 79.6033874, 28.8547221 ], [ 79.6012352, 28.854661 ], [ 79.5998085, 28.8529509 ], [ 79.5987324, 28.8528966 ], [ 79.5971239, 28.8512541 ], [ 79.5949613, 28.8520635 ], [ 79.5935957, 28.8520383 ], [ 79.5921611, 28.8511831 ], [ 79.5914953, 28.8501498 ], [ 79.5919079, 28.8500958 ], [ 79.5917414, 28.8497416 ], [ 79.5912778, 28.8494099 ], [ 79.5893075, 28.8499395 ], [ 79.5889925, 28.849362 ], [ 79.5875141, 28.8499864 ], [ 79.5843616, 28.8462727 ], [ 79.5756491, 28.8504495 ], [ 79.5756718, 28.8512616 ], [ 79.5737519, 28.8530812 ], [ 79.5735075, 28.8551383 ], [ 79.57496, 28.855802 ], [ 79.5749743, 28.8578749 ], [ 79.5753222, 28.8590457 ], [ 79.577133, 28.8608666 ], [ 79.579281, 28.864729 ], [ 79.5809716, 28.8661552 ], [ 79.580997, 28.8667687 ], [ 79.5803051, 28.8668993 ], [ 79.5804789, 28.8678626 ], [ 79.580197, 28.8679053 ], [ 79.5803545, 28.8710091 ] ] ] } },
{ "type": "Feature", "properties": { "gp_code": "27264", "gp_name": "BARA", "blkname": "RUDRAPUR", "dtname": "Udam Singh Nagar", "SHAPE_Area": 4701799.391903542 }, "geometry": { "type": "Polygon", "coordinates": [ [ [ 79.6079356, 28.8682973 ], [ 79.6058298, 28.8651774 ], [ 79.6081514, 28.864607 ], [ 79.6078953, 28.8639822 ], [ 79.6048264, 28.8599803 ], [ 79.6035685, 28.8588365 ], [ 79.6018951, 28.8598061 ], [ 79.5998888, 28.8599952 ], [ 79.5968983, 28.8613301 ], [ 79.5971338, 28.8621782 ], [ 79.5986092, 28.8640664 ], [ 79.5982941, 28.864204 ], [ 79.5991802, 28.865729 ], [ 79.5965227, 28.8672871 ], [ 79.5957952, 28.8663532 ], [ 79.5918409, 28.8679627 ], [ 79.5900909, 28.8671661 ], [ 79.5886736, 28.8678762 ], [ 79.5876897, 28.8675805 ], [ 79.5857806, 28.8678213 ], [ 79.5851326, 28.8672662 ], [ 79.5816283, 28.8704884 ], [ 79.5809775, 28.8705402 ], [ 79.5801905, 28.8711467 ], [ 79.5808411, 28.8718844 ], [ 79.5805898, 28.8721144 ], [ 79.5809406, 28.8730958 ], [ 79.5842696, 28.8791802 ], [ 79.5852046, 28.8801369 ], [ 79.5860323, 28.8802747 ], [ 79.5873031, 28.8813443 ], [ 79.5888845, 28.8806476 ], [ 79.5908622, 28.8831542 ], [ 79.5924207, 28.8822591 ], [ 79.5930152, 28.8826066 ], [ 79.5934971, 28.882291 ], [ 79.5936306, 28.8812353 ], [ 79.5956172, 28.8797426 ], [ 79.5953329, 28.8792711 ], [ 79.5965864, 28.8781976 ], [ 79.5963559, 28.8777803 ], [ 79.5984959, 28.8769845 ], [ 79.598332, 28.8765355 ], [ 79.6000159, 28.8756855 ], [ 79.6003899, 28.8759608 ], [ 79.6008155, 28.8756315 ], [ 79.6006668, 28.8754059 ], [ 79.6017791, 28.8748016 ], [ 79.6016562, 28.874479 ], [ 79.6020612, 28.8742445 ], [ 79.6018563, 28.8739287 ], [ 79.6028557, 28.8734304 ], [ 79.6027635, 28.8732476 ], [ 79.6037476, 28.8727312 ], [ 79.6040166, 28.8730065 ], [ 79.6051699, 28.8723277 ], [ 79.6053903, 28.8726638 ], [ 79.606277, 28.8725759 ], [ 79.6062078, 28.872073 ], [ 79.606605, 28.8721046 ], [ 79.6064821, 28.871667 ], [ 79.6071253, 28.8714257 ], [ 79.6070101, 28.8708934 ], [ 79.6077892, 28.8708055 ], [ 79.6077203, 28.8689514 ], [ 79.6074462, 28.8685137 ], [ 79.6079356, 28.8682973 ] ] ] } },
{ "type": "Feature", "properties": { "gp_code": "27277", "gp_name": "DOPAHRIYA", "blkname": "RUDRAPUR", "dtname": "Udam Singh Nagar", "SHAPE_Area": 8454813.8707209546 }, "geometry": { "type": "Polygon", "coordinates": [ [ [ 79.501596, 28.8940106 ], [ 79.5024625, 28.8938918 ], [ 79.5020659, 28.8933096 ], [ 79.5032897, 28.8922934 ], [ 79.5035387, 28.8919778 ], [ 79.5032903, 28.8917227 ], [ 79.5043809, 28.8906884 ], [ 79.5038179, 28.889948 ], [ 79.5059847, 28.8890003 ], [ 79.5059033, 28.8883844 ], [ 79.5074878, 28.8878648 ], [ 79.5073369, 28.8875489 ], [ 79.5088631, 28.8864517 ], [ 79.5080792, 28.8861127 ], [ 79.5124988, 28.8827036 ], [ 79.5111233, 28.8819626 ], [ 79.5117316, 28.8811647 ], [ 79.5106311, 28.8798013 ], [ 79.5120907, 28.8784695 ], [ 79.5113323, 28.8759426 ], [ 79.5089454, 28.8723744 ], [ 79.5082923, 28.8719385 ], [ 79.5067702, 28.8719372 ], [ 79.5046927, 28.8735549 ], [ 79.5016855, 28.8746146 ], [ 79.4984934, 28.8717334 ], [ 79.4968267, 28.8728887 ], [ 79.4951567, 28.8719901 ], [ 79.4934805, 28.8726416 ], [ 79.4896511, 28.8722153 ], [ 79.486209, 28.8723995 ], [ 79.4836447, 28.8716162 ], [ 79.4818631, 28.8717347 ], [ 79.4806116, 28.8704468 ], [ 79.478888, 28.8711512 ], [ 79.4785063, 28.8708127 ], [ 79.4769362, 28.8707576 ], [ 79.4758854, 28.8722395 ], [ 79.4759831, 28.8728764 ], [ 79.4772866, 28.8734111 ], [ 79.4794692, 28.8762916 ], [ 79.4796839, 28.8778041 ], [ 79.4804383, 28.8775501 ], [ 79.4810995, 28.8779678 ], [ 79.4815226, 28.8776597 ], [ 79.482234, 28.8780952 ], [ 79.4823498, 28.8792273 ], [ 79.4829884, 28.8802549 ], [ 79.4824702, 28.8816589 ], [ 79.48281, 28.8820667 ], [ 79.4826338, 28.8833834 ], [ 79.4832446, 28.8856531 ], [ 79.4838347, 28.886265 ], [ 79.4856463, 28.8866466 ], [ 79.4860445, 28.8875275 ], [ 79.4869866, 28.8880566 ], [ 79.487064, 28.8887685 ], [ 79.4874442, 28.8891278 ], [ 79.4872246, 28.8900244 ], [ 79.4877331, 28.8909322 ], [ 79.4876934, 28.8920416 ], [ 79.4881789, 28.8924587 ], [ 79.4880151, 28.8931919 ], [ 79.4890053, 28.8936548 ], [ 79.4889283, 28.8952548 ], [ 79.489687, 28.8964418 ], [ 79.4907916, 28.8965514 ], [ 79.4915709, 28.8975971 ], [ 79.4922925, 28.8980061 ], [ 79.4924292, 28.898979 ], [ 79.4932698, 28.899795 ], [ 79.4949353, 28.9003307 ], [ 79.4954397, 28.8996138 ], [ 79.4976907, 28.8981375 ], [ 79.4986234, 28.8956432 ], [ 79.5017595, 28.8945206 ], [ 79.501596, 28.8940106 ] ] ] } },
{ "type": "Feature", "properties": { "gp_code": "", "gp_name": "", "blkname": "RUDRAPUR", "dtname": "Udam Singh Nagar", "SHAPE_Area": 7370806.6999154091 }, "geometry": { "type": "Polygon", "coordinates": [ [ [ 79.4925735, 28.9158959 ], [ 79.4935047, 28.9160712 ], [ 79.4944719, 28.9154377 ], [ 79.4957529, 28.9166794 ], [ 79.4969195, 28.9164356 ], [ 79.4982487, 28.9156971 ], [ 79.4994553, 28.9137206 ], [ 79.5008918, 28.9129121 ], [ 79.5023278, 28.9126473 ], [ 79.5020521, 28.9116433 ], [ 79.502301, 28.9113773 ], [ 79.5030033, 28.9114614 ], [ 79.5042836, 28.9106144 ], [ 79.5040636, 28.9102398 ], [ 79.5035685, 28.9104333 ], [ 79.5029075, 28.9101531 ], [ 79.5029776, 28.9094065 ], [ 79.5037481, 28.9080584 ], [ 79.5029901, 28.9052314 ], [ 79.5015132, 28.9055548 ], [ 79.5009498, 28.9050739 ], [ 79.4991859, 28.9053091 ], [ 79.4986509, 28.9047899 ], [ 79.4989871, 28.9044518 ], [ 79.4984929, 28.9040295 ], [ 79.4981809, 28.9026571 ], [ 79.4962783, 28.9011129 ], [ 79.4954745, 28.9011281 ], [ 79.4949353, 28.9003307 ], [ 79.4932698, 28.899795 ], [ 79.4924292, 28.898979 ], [ 79.4922925, 28.8980061 ], [ 79.4915709, 28.8975971 ], [ 79.4913123, 28.8969598 ], [ 79.4907916, 28.8965514 ], [ 79.489687, 28.8964418 ], [ 79.4889283, 28.8952548 ], [ 79.487541, 28.8954979 ], [ 79.4868807, 28.8948415 ], [ 79.4862579, 28.8948219 ], [ 79.4812298, 28.8960434 ], [ 79.478533, 28.8971132 ], [ 79.4781525, 28.8968114 ], [ 79.4774691, 28.8968799 ], [ 79.4765221, 28.8974956 ], [ 79.475557, 28.8976516 ], [ 79.4729966, 28.8997119 ], [ 79.4722548, 28.8993205 ], [ 79.4714702, 28.8995478 ], [ 79.4713467, 28.9002369 ], [ 79.4690143, 28.9006182 ], [ 79.4696347, 28.9012037 ], [ 79.4691306, 28.9016264 ], [ 79.469471, 28.9018928 ], [ 79.468364, 28.9023311 ], [ 79.4685228, 28.9027914 ], [ 79.4680392, 28.903108 ], [ 79.468078, 28.9034264 ], [ 79.4692995, 28.9044206 ], [ 79.4690961, 28.9049858 ], [ 79.4687554, 28.9047901 ], [ 79.4683724, 28.9050718 ], [ 79.4701471, 28.9082602 ], [ 79.4706479, 28.9086155 ], [ 79.4717334, 28.908513 ], [ 79.4733149, 28.9099327 ], [ 79.4736983, 28.909545 ], [ 79.4738032, 28.9085021 ], [ 79.4742653, 28.9085037 ], [ 79.4745445, 28.9090173 ], [ 79.4754085, 28.9090202 ], [ 79.4753872, 28.909303 ], [ 79.4746833, 28.9094421 ], [ 79.4755227, 28.9105411 ], [ 79.4749189, 28.910769 ], [ 79.4749159, 28.9114585 ], [ 79.4743717, 28.9118457 ], [ 79.4750718, 28.912626 ], [ 79.4748685, 28.9131734 ], [ 79.475509, 28.9137767 ], [ 79.4753464, 28.9142182 ], [ 79.4744413, 28.914392 ], [ 79.4733784, 28.9138935 ], [ 79.4733566, 28.9143001 ], [ 79.4729336, 28.9145462 ], [ 79.4742977, 28.9162834 ], [ 79.474972, 28.9160116 ], [ 79.4781843, 28.9167116 ], [ 79.4800549, 28.9163022 ], [ 79.4809376, 28.9166763 ], [ 79.4831374, 28.9156138 ], [ 79.4845819, 28.9161842 ], [ 79.4858315, 28.9153042 ], [ 79.4867165, 28.9150948 ], [ 79.4868808, 28.9142467 ], [ 79.4876475, 28.9135065 ], [ 79.4892165, 28.9131226 ], [ 79.4906184, 28.9142586 ], [ 79.491745, 28.9139439 ], [ 79.4923859, 28.9144764 ], [ 79.4925735, 28.9158959 ] ] ] } },
{ "type": "Feature", "properties": { "gp_code": "", "gp_name": "", "blkname": "RUDRAPUR", "dtname": "Udam Singh Nagar", "SHAPE_Area": 5591032.0206604199 }, "geometry": { "type": "Polygon", "coordinates": [ [ [ 79.5235352, 28.8977755 ], [ 79.5211553, 28.8963684 ], [ 79.520893, 28.8946314 ], [ 79.5213149, 28.8930438 ], [ 79.5224282, 28.8921716 ], [ 79.5248547, 28.892902 ], [ 79.525365, 28.8926949 ], [ 79.525177, 28.8908903 ], [ 79.5240933, 28.8877722 ], [ 79.5191951, 28.8855579 ], [ 79.5155961, 28.8812829 ], [ 79.5157988, 28.8811048 ], [ 79.5124754, 28.8782759 ], [ 79.5106311, 28.8798013 ], [ 79.5117316, 28.8811647 ], [ 79.5111233, 28.8819626 ], [ 79.5124988, 28.8827036 ], [ 79.5080792, 28.8861127 ], [ 79.5088631, 28.8864517 ], [ 79.5073369, 28.8875489 ], [ 79.5074878, 28.8878648 ], [ 79.5059033, 28.8883844 ], [ 79.5059847, 28.8890003 ], [ 79.5038179, 28.889948 ], [ 79.5043809, 28.8906884 ], [ 79.5032903, 28.8917227 ], [ 79.5035387, 28.8919778 ], [ 79.5032897, 28.8922934 ], [ 79.5020659, 28.8933096 ], [ 79.5024625, 28.8938918 ], [ 79.5017757, 28.8938417 ], [ 79.5017595, 28.8945206 ], [ 79.4986234, 28.8956432 ], [ 79.4976907, 28.8981375 ], [ 79.4954397, 28.8996138 ], [ 79.4949353, 28.9003307 ], [ 79.4954745, 28.9011281 ], [ 79.4962783, 28.9011129 ], [ 79.4981809, 28.9026571 ], [ 79.4984929, 28.9040295 ], [ 79.4989871, 28.9044518 ], [ 79.4986509, 28.9047899 ], [ 79.4991859, 28.9053091 ], [ 79.5009498, 28.9050739 ], [ 79.5015132, 28.9055548 ], [ 79.5029901, 28.9052314 ], [ 79.5038728, 28.908875 ], [ 79.5044221, 28.908271 ], [ 79.50573, 28.9078008 ], [ 79.5047971, 28.9054067 ], [ 79.506573, 28.9036173 ], [ 79.5062689, 28.9027215 ], [ 79.5149481, 28.9004935 ], [ 79.5152629, 28.9010148 ], [ 79.5235352, 28.8977755 ] ] ] } },
{ "type": "Feature", "properties": { "gp_code": "27299", "gp_name": "SUTAIYA", "blkname": "RUDRAPUR", "dtname": "Udam Singh Nagar", "SHAPE_Area": 4108698.1772358287 }, "geometry": { "type": "Polygon", "coordinates": [ [ [ 79.5295464, 28.8802693 ], [ 79.5288781, 28.8794997 ], [ 79.5283604, 28.8796641 ], [ 79.5264122, 28.8773889 ], [ 79.5258303, 28.8776095 ], [ 79.5249112, 28.8766998 ], [ 79.5240756, 28.8768188 ], [ 79.5233638, 28.876198 ], [ 79.5226027, 28.8762064 ], [ 79.5207954, 28.8742133 ], [ 79.5203595, 28.8744295 ], [ 79.5185959, 28.872459 ], [ 79.5175781, 28.870383 ], [ 79.5173802, 28.8684701 ], [ 79.517568, 28.8677258 ], [ 79.5184837, 28.8668175 ], [ 79.5183509, 28.8663731 ], [ 79.5170103, 28.8668728 ], [ 79.5165625, 28.866277 ], [ 79.5132406, 28.8671269 ], [ 79.5131026, 28.8668831 ], [ 79.5113956, 28.8672178 ], [ 79.5099175, 28.8645346 ], [ 79.5061135, 28.8680366 ], [ 79.5025231, 28.8705462 ], [ 79.5000831, 28.87088 ], [ 79.4984934, 28.8717334 ], [ 79.5016855, 28.8746146 ], [ 79.5046927, 28.8735549 ], [ 79.5067702, 28.8719372 ], [ 79.5082923, 28.8719385 ], [ 79.5089454, 28.8723744 ], [ 79.51097, 28.8751245 ], [ 79.5120907, 28.8784695 ], [ 79.5124754, 28.8782759 ], [ 79.5157988, 28.8811048 ], [ 79.5155961, 28.8812829 ], [ 79.5191951, 28.8855579 ], [ 79.5238655, 28.8874877 ], [ 79.525177, 28.8908903 ], [ 79.525365, 28.8926949 ], [ 79.5286377, 28.8901417 ], [ 79.5293642, 28.8888474 ], [ 79.5284608, 28.8874415 ], [ 79.530384, 28.8863782 ], [ 79.5300666, 28.885893 ], [ 79.5303436, 28.8856316 ], [ 79.5298191, 28.8847086 ], [ 79.5301448, 28.8845239 ], [ 79.5296224, 28.8840634 ], [ 79.5302019, 28.8836917 ], [ 79.5295927, 28.8829491 ], [ 79.5303593, 28.8825752 ], [ 79.5291873, 28.8805737 ], [ 79.5295464, 28.8802693 ] ] ] } },
{ "type": "Feature", "properties": { "gp_code": "27268", "gp_name": "BHANGA", "blkname": "RUDRAPUR", "dtname": "Udam Singh Nagar", "SHAPE_Area": 5004515.9714928353 }, "geometry": { "type": "Polygon", "coordinates": [ [ [ 79.5405012, 28.891054 ], [ 79.5475749, 28.8879703 ], [ 79.5452809, 28.8847682 ], [ 79.543399, 28.8856964 ], [ 79.5409639, 28.8829295 ], [ 79.5404599, 28.8819345 ], [ 79.5417986, 28.8806699 ], [ 79.5416553, 28.8804285 ], [ 79.5371631, 28.8769384 ], [ 79.5363291, 28.8752394 ], [ 79.5365967, 28.8740148 ], [ 79.533041, 28.8697086 ], [ 79.5302431, 28.8692014 ], [ 79.52719, 28.8677805 ], [ 79.5267337, 28.8679606 ], [ 79.5235084, 28.8671192 ], [ 79.522968, 28.8667714 ], [ 79.5221395, 28.8649369 ], [ 79.5217811, 28.8647449 ], [ 79.5183509, 28.8663731 ], [ 79.5184837, 28.8668175 ], [ 79.517568, 28.8677258 ], [ 79.5173802, 28.8684701 ], [ 79.5175781, 28.870383 ], [ 79.5185959, 28.872459 ], [ 79.5203595, 28.8744295 ], [ 79.5207954, 28.8742133 ], [ 79.5226027, 28.8762064 ], [ 79.5233638, 28.876198 ], [ 79.5240756, 28.8768188 ], [ 79.5249112, 28.8766998 ], [ 79.5258303, 28.8776095 ], [ 79.5264122, 28.8773889 ], [ 79.5283604, 28.8796641 ], [ 79.5288781, 28.8794997 ], [ 79.5295464, 28.8802693 ], [ 79.5291873, 28.8805737 ], [ 79.5303593, 28.8825752 ], [ 79.5295927, 28.8829491 ], [ 79.5302019, 28.8836917 ], [ 79.5296224, 28.8840634 ], [ 79.5301448, 28.8845239 ], [ 79.5298191, 28.8847086 ], [ 79.5303436, 28.8856316 ], [ 79.5300666, 28.885893 ], [ 79.530384, 28.8863782 ], [ 79.5284556, 28.8875971 ], [ 79.5293642, 28.8888474 ], [ 79.5289715, 28.8895938 ], [ 79.5323806, 28.892048 ], [ 79.532464, 28.8934375 ], [ 79.5327893, 28.8937422 ], [ 79.5355673, 28.8942043 ], [ 79.5405012, 28.891054 ] ] ] } },
{ "type": "Feature", "properties": { "gp_code": "293891", "gp_name": "CHACHAR", "blkname": "RUDRAPUR", "dtname": "Udam Singh Nagar", "SHAPE_Area": 4530060.31581592 }, "geometry": { "type": "Polygon", "coordinates": [ [ [ 79.5395237, 28.917557 ], [ 79.542567, 28.9171484 ], [ 79.5421198, 28.915382 ], [ 79.542519, 28.9064996 ], [ 79.5420569, 28.9041737 ], [ 79.541078, 28.9036994 ], [ 79.5404284, 28.9018922 ], [ 79.5392288, 28.901869 ], [ 79.5386401, 28.9008535 ], [ 79.5381566, 28.8996442 ], [ 79.538337, 28.898424 ], [ 79.5380886, 28.8982119 ], [ 79.5341916, 28.8993213 ], [ 79.5333854, 28.8978772 ], [ 79.5352268, 28.896622 ], [ 79.5357568, 28.8943848 ], [ 79.5350573, 28.8940437 ], [ 79.5330531, 28.8939386 ], [ 79.532464, 28.8934375 ], [ 79.5323806, 28.892048 ], [ 79.5289715, 28.8895938 ], [ 79.5270345, 28.8915615 ], [ 79.525188, 28.8928008 ], [ 79.5228896, 28.8921607 ], [ 79.5218178, 28.8924937 ], [ 79.5213149, 28.8930438 ], [ 79.520893, 28.8946314 ], [ 79.520966, 28.8960232 ], [ 79.5215088, 28.8966686 ], [ 79.5240986, 28.8981842 ], [ 79.5242913, 28.8978324 ], [ 79.5281318, 28.8969398 ], [ 79.5292347, 28.8987969 ], [ 79.5312153, 28.8997907 ], [ 79.5322346, 28.9007365 ], [ 79.5318752, 28.9013183 ], [ 79.5267764, 28.9017568 ], [ 79.5226406, 28.9030304 ], [ 79.5226401, 28.9035627 ], [ 79.5238839, 28.9055441 ], [ 79.5255871, 28.9070476 ], [ 79.5280708, 28.9073449 ], [ 79.530368, 28.9069833 ], [ 79.531152, 28.9075298 ], [ 79.5311719, 28.9081636 ], [ 79.5291541, 28.9112546 ], [ 79.5289798, 28.9141056 ], [ 79.5294044, 28.9151593 ], [ 79.5352788, 28.916846 ], [ 79.5395237, 28.917557 ] ] ] } },
{ "type": "Feature", "properties": { "gp_code": "", "gp_name": "", "blkname": "RUDRAPUR", "dtname": "Udam Singh Nagar", "SHAPE_Area": 5932825.4280145252 }, "geometry": { "type": "Polygon", "coordinates": [ [ [ 79.5295837, 28.9153782 ], [ 79.5289798, 28.9141056 ], [ 79.5291541, 28.9112546 ], [ 79.5311719, 28.9081636 ], [ 79.531152, 28.9075298 ], [ 79.530368, 28.9069833 ], [ 79.5280708, 28.9073449 ], [ 79.5255871, 28.9070476 ], [ 79.5238839, 28.9055441 ], [ 79.5226401, 28.9035627 ], [ 79.5226406, 28.9030304 ], [ 79.5267764, 28.9017568 ], [ 79.5321651, 28.9011245 ], [ 79.5320682, 28.9004703 ], [ 79.5312153, 28.8997907 ], [ 79.5292347, 28.8987969 ], [ 79.5281318, 28.8969398 ], [ 79.5242913, 28.8978324 ], [ 79.5240986, 28.8981842 ], [ 79.5235352, 28.8977755 ], [ 79.5152629, 28.9010148 ], [ 79.5149481, 28.9004935 ], [ 79.5062689, 28.9027215 ], [ 79.506573, 28.9036173 ], [ 79.5047971, 28.9054067 ], [ 79.50573, 28.9078008 ], [ 79.5044221, 28.908271 ], [ 79.5038728, 28.908875 ], [ 79.5036117, 28.9085703 ], [ 79.5029776, 28.9094065 ], [ 79.5029075, 28.9101531 ], [ 79.5035685, 28.9104333 ], [ 79.5040636, 28.9102398 ], [ 79.5042836, 28.9106144 ], [ 79.5030033, 28.9114614 ], [ 79.502301, 28.9113773 ], [ 79.5020521, 28.9116433 ], [ 79.5024246, 28.9131278 ], [ 79.5028087, 28.9135161 ], [ 79.5025058, 28.9138542 ], [ 79.5033592, 28.9141212 ], [ 79.5028887, 28.9152823 ], [ 79.5033949, 28.9165414 ], [ 79.5033931, 28.9179918 ], [ 79.5044681, 28.9173386 ], [ 79.5049905, 28.9178353 ], [ 79.5070542, 28.9178372 ], [ 79.5120707, 28.9185633 ], [ 79.5134486, 28.9173779 ], [ 79.5179114, 28.9179093 ], [ 79.5181895, 28.9166983 ], [ 79.5197559, 28.9167491 ], [ 79.5196887, 28.9172566 ], [ 79.5247726, 28.9171115 ], [ 79.5270162, 28.9167252 ], [ 79.5277245, 28.9159814 ], [ 79.5292927, 28.9167223 ], [ 79.5295837, 28.9153782 ] ] ] } },
{ "type": "Feature", "properties": { "gp_code": "", "gp_name": "", "blkname": "RUDRAPUR", "dtname": "Udam Singh Nagar", "SHAPE_Area": 5998962.3880251441 }, "geometry": { "type": "Polygon", "coordinates": [ [ [ 79.5195621, 28.9335037 ], [ 79.522544, 28.933639 ], [ 79.5231085, 28.9333035 ], [ 79.5237492, 28.9308746 ], [ 79.5244873, 28.9312924 ], [ 79.5255795, 28.9313654 ], [ 79.5274772, 28.9310194 ], [ 79.5282324, 28.9294613 ], [ 79.5317476, 28.9295585 ], [ 79.5309982, 28.9275189 ], [ 79.5312711, 28.9262402 ], [ 79.532077, 28.9253182 ], [ 79.5346647, 28.9244628 ], [ 79.5373823, 28.9244736 ], [ 79.5443622, 28.9231201 ], [ 79.544911, 28.9228813 ], [ 79.5460401, 28.9215421 ], [ 79.5458155, 28.920148 ], [ 79.542567, 28.9171484 ], [ 79.5404726, 28.9170974 ], [ 79.5395237, 28.917557 ], [ 79.5352788, 28.916846 ], [ 79.5295837, 28.9153782 ], [ 79.5292927, 28.9167223 ], [ 79.5277245, 28.9159814 ], [ 79.5270162, 28.9167252 ], [ 79.5247726, 28.9171115 ], [ 79.5196887, 28.9172566 ], [ 79.5197559, 28.9167491 ], [ 79.5181895, 28.9166983 ], [ 79.5179114, 28.9179093 ], [ 79.5134486, 28.9173779 ], [ 79.5120707, 28.9185633 ], [ 79.5086332, 28.9180686 ], [ 79.5114416, 28.9241814 ], [ 79.5106902, 28.9267274 ], [ 79.5092201, 28.9299043 ], [ 79.5102696, 28.9337758 ], [ 79.512836, 28.9340554 ], [ 79.515637, 28.9330585 ], [ 79.5156341, 28.9333021 ], [ 79.5162674, 28.933377 ], [ 79.5162796, 28.9339703 ], [ 79.5176236, 28.9336262 ], [ 79.5179111, 28.9332385 ], [ 79.5182798, 28.9337734 ], [ 79.5194529, 28.9324728 ], [ 79.5200578, 28.9327597 ], [ 79.5195621, 28.9335037 ] ] ] } },
{ "type": "Feature", "properties": { "gp_code": "", "gp_name": "", "blkname": "RUDRAPUR", "dtname": "Udam Singh Nagar", "SHAPE_Area": 4778091.5698164394 }, "geometry": { "type": "Polygon", "coordinates": [ [ [ 79.5067646, 28.9382795 ], [ 79.5083063, 28.9377598 ], [ 79.5072711, 28.9370033 ], [ 79.5070498, 28.9354445 ], [ 79.5075114, 28.9331487 ], [ 79.5073504, 28.9326477 ], [ 79.5099531, 28.9324561 ], [ 79.5092193, 28.9306419 ], [ 79.5092201, 28.9299043 ], [ 79.5106902, 28.9267274 ], [ 79.5114416, 28.9241814 ], [ 79.5086332, 28.9180686 ], [ 79.5049905, 28.9178353 ], [ 79.5044681, 28.9173386 ], [ 79.5033931, 28.9179918 ], [ 79.5033949, 28.9165414 ], [ 79.5028887, 28.9152823 ], [ 79.5033592, 28.9141212 ], [ 79.5025058, 28.9138542 ], [ 79.5028087, 28.9135161 ], [ 79.5023278, 28.9126473 ], [ 79.5008918, 28.9129121 ], [ 79.4994553, 28.9137206 ], [ 79.4982487, 28.9156971 ], [ 79.4969195, 28.9164356 ], [ 79.4957529, 28.9166794 ], [ 79.4944719, 28.9154377 ], [ 79.4935047, 28.9160712 ], [ 79.4925735, 28.9158959 ], [ 79.491241, 28.9210942 ], [ 79.4909654, 28.9233653 ], [ 79.48917, 28.9238016 ], [ 79.4884466, 28.924396 ], [ 79.4894293, 28.9248765 ], [ 79.489247, 28.9252296 ], [ 79.4900507, 28.9252675 ], [ 79.4912095, 28.9269332 ], [ 79.4923748, 28.9270253 ], [ 79.4930894, 28.9291845 ], [ 79.4938687, 28.9302832 ], [ 79.4963727, 28.9323243 ], [ 79.498494, 28.9328361 ], [ 79.5011327, 28.9368512 ], [ 79.5024653, 28.9375223 ], [ 79.5030873, 28.9384026 ], [ 79.505283, 28.937861 ], [ 79.5055415, 28.9382559 ], [ 79.5067646, 28.9382795 ] ] ] } },
{ "type": "Feature", "properties": { "gp_code": "", "gp_name": "", "blkname": "RUDRAPUR", "dtname": "Udam Singh Nagar", "SHAPE_Area": 5177010.3676447878 }, "geometry": { "type": "Polygon", "coordinates": [ [ [ 79.5062219, 28.9464918 ], [ 79.5099288, 28.9453198 ], [ 79.5083393, 28.9402816 ], [ 79.5075396, 28.9399899 ], [ 79.5079124, 28.9391444 ], [ 79.5067646, 28.9382795 ], [ 79.5055415, 28.9382559 ], [ 79.505283, 28.937861 ], [ 79.5030873, 28.9384026 ], [ 79.5024653, 28.9375223 ], [ 79.5011327, 28.9368512 ], [ 79.498494, 28.9328361 ], [ 79.4963727, 28.9323243 ], [ 79.4938687, 28.9302832 ], [ 79.4930894, 28.9291845 ], [ 79.4923748, 28.9270253 ], [ 79.4912095, 28.9269332 ], [ 79.4907302, 28.9262067 ], [ 79.4902365, 28.926519 ], [ 79.4885916, 28.9257712 ], [ 79.4881078, 28.9261232 ], [ 79.4877477, 28.9257331 ], [ 79.4867436, 28.9255531 ], [ 79.4860967, 28.9264704 ], [ 79.486052, 28.9275665 ], [ 79.4803758, 28.9327261 ], [ 79.4821976, 28.9344831 ], [ 79.4840801, 28.934566 ], [ 79.487927, 28.9361105 ], [ 79.4892253, 28.93602 ], [ 79.4901178, 28.9364665 ], [ 79.4901561, 28.9369576 ], [ 79.4909555, 28.9371731 ], [ 79.4908525, 28.9376934 ], [ 79.4899484, 28.9384241 ], [ 79.4907859, 28.9391721 ], [ 79.4898284, 28.9398079 ], [ 79.4900952, 28.9403412 ], [ 79.489525, 28.9416171 ], [ 79.490195, 28.9422345 ], [ 79.4895717, 28.9433446 ], [ 79.4905625, 28.9444362 ], [ 79.4920962, 28.9443583 ], [ 79.4924415, 28.945436 ], [ 79.4932595, 28.9460538 ], [ 79.4927834, 28.9473537 ], [ 79.491867, 28.9477767 ], [ 79.4914843, 28.9492544 ], [ 79.4895685, 28.9506562 ], [ 79.4895645, 28.9516263 ], [ 79.4900843, 28.9527874 ], [ 79.4889533, 28.9530559 ], [ 79.4888033, 28.9535642 ], [ 79.4894279, 28.9547949 ], [ 79.4903256, 28.9556496 ], [ 79.490783, 28.9556392 ], [ 79.4927407, 28.9538826 ], [ 79.4931147, 28.9545345 ], [ 79.4937621, 28.9540988 ], [ 79.4954903, 28.9525307 ], [ 79.4947975, 28.9508959 ], [ 79.4967642, 28.950204 ], [ 79.4974063, 28.9510697 ], [ 79.4983905, 28.9505227 ], [ 79.498772, 28.9510075 ], [ 79.5000315, 28.950747 ], [ 79.4998704, 28.9524611 ], [ 79.5022734, 28.9503047 ], [ 79.5019841, 28.9498871 ], [ 79.5038162, 28.948955 ], [ 79.5034682, 28.9482441 ], [ 79.5037174, 28.9479782 ], [ 79.5062219, 28.9464918 ] ] ] } },
{ "type": "Feature", "properties": { "gp_code": "27286", "gp_name": "KHURPIYA", "blkname": "RUDRAPUR", "dtname": "Udam Singh Nagar", "SHAPE_Area": 2758140.0533655123 }, "geometry": { "type": "Polygon", "coordinates": [ [ [ 79.4919348, 28.9699078 ], [ 79.5033418, 28.9688422 ], [ 79.5046143, 28.9685975 ], [ 79.505513, 28.9676735 ], [ 79.5077468, 28.967883 ], [ 79.5082504, 28.9670669 ], [ 79.50991, 28.9670142 ], [ 79.5132438, 28.9651831 ], [ 79.5128184, 28.9648377 ], [ 79.5132678, 28.9642584 ], [ 79.5127153, 28.962882 ], [ 79.5131617, 28.962711 ], [ 79.5129109, 28.9622867 ], [ 79.5132625, 28.9621155 ], [ 79.5127528, 28.9613843 ], [ 79.5117377, 28.9608602 ], [ 79.5111733, 28.9610965 ], [ 79.5114639, 28.960296 ], [ 79.5113365, 28.9595561 ], [ 79.5110831, 28.9590912 ], [ 79.5103806, 28.9588177 ], [ 79.5104293, 28.9585248 ], [ 79.5079456, 28.9575525 ], [ 79.5053873, 28.9587051 ], [ 79.504587, 28.9587901 ], [ 79.5041208, 28.9583409 ], [ 79.5011212, 28.9596125 ], [ 79.5001367, 28.9593252 ], [ 79.49893, 28.9603188 ], [ 79.4978039, 28.9590716 ], [ 79.4962802, 28.9599778 ], [ 79.4950722, 28.9593233 ], [ 79.4929386, 28.9613041 ], [ 79.4893407, 28.9627952 ], [ 79.490576, 28.9633552 ], [ 79.4916317, 28.9650977 ], [ 79.4914672, 28.9658306 ], [ 79.4923329, 28.9679747 ], [ 79.4919348, 28.9699078 ] ] ] } },
{ "type": "Feature", "properties": { "gp_code": "", "gp_name": "", "blkname": "RUDRAPUR", "dtname": "Udam Singh Nagar", "SHAPE_Area": 2754137.4230799815 }, "geometry": { "type": "Polygon", "coordinates": [ [ [ 79.4893407, 28.9627952 ], [ 79.4929386, 28.9613041 ], [ 79.4950722, 28.9593233 ], [ 79.4962802, 28.9599778 ], [ 79.4978039, 28.9590716 ], [ 79.49893, 28.9603188 ], [ 79.5001367, 28.9593252 ], [ 79.5011212, 28.9596125 ], [ 79.5041208, 28.9583409 ], [ 79.504587, 28.9587901 ], [ 79.5053873, 28.9587051 ], [ 79.5077456, 28.9575636 ], [ 79.5104293, 28.9585248 ], [ 79.5117665, 28.9556046 ], [ 79.5102158, 28.9524816 ], [ 79.5074637, 28.9504695 ], [ 79.5062219, 28.9464918 ], [ 79.5037174, 28.9479782 ], [ 79.5034682, 28.9482441 ], [ 79.5038162, 28.948955 ], [ 79.5019841, 28.9498871 ], [ 79.5022734, 28.9503047 ], [ 79.4998704, 28.9524611 ], [ 79.5000315, 28.950747 ], [ 79.498772, 28.9510075 ], [ 79.4983905, 28.9505227 ], [ 79.4974063, 28.9510697 ], [ 79.4967642, 28.950204 ], [ 79.4947975, 28.9508959 ], [ 79.4954903, 28.9525307 ], [ 79.4931147, 28.9545345 ], [ 79.4927407, 28.9538826 ], [ 79.490783, 28.9556392 ], [ 79.4903256, 28.9556496 ], [ 79.4894279, 28.9547949 ], [ 79.4871131, 28.9550715 ], [ 79.4849977, 28.9558012 ], [ 79.4861404, 28.9559823 ], [ 79.4876296, 28.9569335 ], [ 79.4878949, 28.9578217 ], [ 79.4875032, 28.9582227 ], [ 79.4866829, 28.9581491 ], [ 79.4865866, 28.9586811 ], [ 79.4876684, 28.9605539 ], [ 79.4884074, 28.960781 ], [ 79.4881456, 28.9622709 ], [ 79.488345, 28.9628512 ], [ 79.4893407, 28.9627952 ] ] ] } },
{ "type": "Feature", "properties": { "gp_code": "27261", "gp_name": "ANANDPUR", "blkname": "RUDRAPUR", "dtname": "Udam Singh Nagar", "SHAPE_Area": 7894602.6826783251 }, "geometry": { "type": "Polygon", "coordinates": [ [ [ 79.4982523, 28.9903853 ], [ 79.4995458, 28.9900549 ], [ 79.5087228, 28.9897834 ], [ 79.5102077, 28.9901704 ], [ 79.5142272, 28.9859761 ], [ 79.5147915, 28.9836105 ], [ 79.5153227, 28.9834484 ], [ 79.5173226, 28.9844763 ], [ 79.5203522, 28.9844652 ], [ 79.5204147, 28.9835224 ], [ 79.5198586, 28.9830213 ], [ 79.5151162, 28.9797852 ], [ 79.5155503, 28.9792059 ], [ 79.5168664, 28.9790378 ], [ 79.5158894, 28.9786784 ], [ 79.5163958, 28.9777246 ], [ 79.5159134, 28.977828 ], [ 79.5155091, 28.9769186 ], [ 79.515122, 28.9767604 ], [ 79.5151505, 28.9763793 ], [ 79.5156355, 28.9762737 ], [ 79.5149693, 28.9755107 ], [ 79.5153749, 28.9752314 ], [ 79.5149802, 28.9748543 ], [ 79.5154143, 28.9743765 ], [ 79.5150739, 28.9736094 ], [ 79.5156665, 28.9735737 ], [ 79.5155005, 28.9728901 ], [ 79.5161778, 28.9727982 ], [ 79.5157191, 28.9723196 ], [ 79.5159481, 28.9716522 ], [ 79.5152628, 28.9720598 ], [ 79.5154354, 28.9713202 ], [ 79.5148437, 28.9706476 ], [ 79.5156262, 28.9703956 ], [ 79.5152752, 28.9700118 ], [ 79.5155272, 28.9694008 ], [ 79.5145174, 28.9686736 ], [ 79.5148795, 28.9682656 ], [ 79.5144284, 28.9679022 ], [ 79.5134871, 28.9678788 ], [ 79.5135312, 28.9674277 ], [ 79.5129565, 28.9676032 ], [ 79.5132389, 28.9673169 ], [ 79.5127496, 28.9667481 ], [ 79.5123031, 28.9669666 ], [ 79.5122677, 28.9664928 ], [ 79.5117035, 28.9664879 ], [ 79.5120684, 28.9657732 ], [ 79.5096483, 28.9671109 ], [ 79.5088637, 28.9668666 ], [ 79.5082504, 28.9670669 ], [ 79.5077468, 28.967883 ], [ 79.505513, 28.9676735 ], [ 79.5046143, 28.9685975 ], [ 79.4973713, 28.9695759 ], [ 79.4919348, 28.9699078 ], [ 79.4917083, 28.9710132 ], [ 79.4925698, 28.9708858 ], [ 79.4926893, 28.9712884 ], [ 79.4935236, 28.9712319 ], [ 79.4933589, 28.9720418 ], [ 79.4937093, 28.9735276 ], [ 79.4928336, 28.9746399 ], [ 79.4927094, 28.9754203 ], [ 79.4921682, 28.9753239 ], [ 79.4905476, 28.9760227 ], [ 79.4904893, 28.9771109 ], [ 79.4891786, 28.9784791 ], [ 79.4898456, 28.9798535 ], [ 79.4897593, 28.9812256 ], [ 79.4890271, 28.9825956 ], [ 79.4878807, 28.9832662 ], [ 79.4876051, 28.984827 ], [ 79.4867688, 28.9853448 ], [ 79.4868472, 28.9859129 ], [ 79.485809, 28.9864301 ], [ 79.4858173, 28.9876605 ], [ 79.4853309, 28.9881676 ], [ 79.4862948, 28.9893301 ], [ 79.48625, 28.9903947 ], [ 79.4982523, 28.9903853 ] ] ] } },
{ "type": "Feature", "properties": { "gp_code": "", "gp_name": "", "blkname": "RUDRAPUR", "dtname": "Udam Singh Nagar", "SHAPE_Area": 2359660.6896557231 }, "geometry": { "type": "Polygon", "coordinates": [ [ [ 79.5204147, 28.9835224 ], [ 79.5207918, 28.9552487 ], [ 79.5200967, 28.9552595 ], [ 79.5201092, 28.9556362 ], [ 79.5195094, 28.9553561 ], [ 79.5173314, 28.955952 ], [ 79.5171932, 28.9557264 ], [ 79.5158484, 28.9565802 ], [ 79.5153973, 28.9562617 ], [ 79.5149765, 28.9565523 ], [ 79.5152786, 28.9570083 ], [ 79.514314, 28.9573052 ], [ 79.5142443, 28.9576548 ], [ 79.5136928, 28.9577987 ], [ 79.5134291, 28.9573474 ], [ 79.5129957, 28.9574146 ], [ 79.5130157, 28.9577711 ], [ 79.5112195, 28.958647 ], [ 79.5104293, 28.9585248 ], [ 79.5103806, 28.9588177 ], [ 79.5110831, 28.9590912 ], [ 79.5113365, 28.9595561 ], [ 79.5114639, 28.960296 ], [ 79.5111733, 28.9610965 ], [ 79.5117377, 28.9608602 ], [ 79.5127528, 28.9613843 ], [ 79.5132625, 28.9621155 ], [ 79.5129109, 28.9622867 ], [ 79.5131617, 28.962711 ], [ 79.5127153, 28.962882 ], [ 79.5132678, 28.9642584 ], [ 79.5128184, 28.9648377 ], [ 79.5132438, 28.9651831 ], [ 79.512338, 28.9655365 ], [ 79.5117035, 28.9664879 ], [ 79.5122677, 28.9664928 ], [ 79.5123031, 28.9669666 ], [ 79.5127496, 28.9667481 ], [ 79.5132389, 28.9673169 ], [ 79.5129565, 28.9676032 ], [ 79.5135312, 28.9674277 ], [ 79.5134871, 28.9678788 ], [ 79.5144284, 28.9679022 ], [ 79.5148795, 28.9682656 ], [ 79.5145174, 28.9686736 ], [ 79.5155272, 28.9694008 ], [ 79.5152752, 28.9700118 ], [ 79.5156262, 28.9703956 ], [ 79.5148437, 28.9706476 ], [ 79.5154354, 28.9713202 ], [ 79.5152628, 28.9720598 ], [ 79.5159481, 28.9716522 ], [ 79.5157191, 28.9723196 ], [ 79.5161778, 28.9727982 ], [ 79.5155005, 28.9728901 ], [ 79.5156665, 28.9735737 ], [ 79.5150739, 28.9736094 ], [ 79.5154143, 28.9743765 ], [ 79.5149802, 28.9748543 ], [ 79.5153749, 28.9752314 ], [ 79.5149693, 28.9755107 ], [ 79.5156355, 28.9762737 ], [ 79.5151505, 28.9763793 ], [ 79.515122, 28.9767604 ], [ 79.5155091, 28.9769186 ], [ 79.5159134, 28.977828 ], [ 79.5163958, 28.9777246 ], [ 79.5158894, 28.9786784 ], [ 79.5168664, 28.9790378 ], [ 79.5155503, 28.9792059 ], [ 79.5151162, 28.9797852 ], [ 79.5204147, 28.9835224 ] ] ] } },
{ "type": "Feature", "properties": { "gp_code": "27283", "gp_name": "KHAMARIYA NO-1", "blkname": "RUDRAPUR", "dtname": "Udam Singh Nagar", "SHAPE_Area": 2041240.9954579757 }, "geometry": { "type": "Polygon", "coordinates": [ [ [ 79.5295426, 28.9858592 ], [ 79.5209649, 28.9849709 ], [ 79.5210983, 28.9901364 ], [ 79.5207103, 28.9932104 ], [ 79.5244978, 28.9951824 ], [ 79.5254309, 28.9960041 ], [ 79.5254292, 28.99775 ], [ 79.5267664, 29.0000133 ], [ 79.5261204, 29.0015928 ], [ 79.5261147, 29.0030715 ], [ 79.526903, 29.0045644 ], [ 79.5282897, 29.0061596 ], [ 79.5290461, 29.0045346 ], [ 79.5287274, 29.0034105 ], [ 79.5292032, 29.0021475 ], [ 79.5289749, 29.0011576 ], [ 79.5294903, 29.0000794 ], [ 79.5289041, 28.9995096 ], [ 79.5289307, 28.9984585 ], [ 79.5301943, 28.9970045 ], [ 79.5330832, 28.996975 ], [ 79.5341848, 28.9959472 ], [ 79.5344063, 28.9949706 ], [ 79.5340096, 28.9937479 ], [ 79.5330305, 28.992766 ], [ 79.531063, 28.9924308 ], [ 79.5301382, 28.9909753 ], [ 79.5306317, 28.9899042 ], [ 79.533109, 28.9880947 ], [ 79.5331199, 28.9873098 ], [ 79.5320121, 28.9868195 ], [ 79.531674, 28.986296 ], [ 79.5312916, 28.9864649 ], [ 79.5295426, 28.9858592 ] ] ] } },
{ "type": "Feature", "properties": { "gp_code": "", "gp_name": "", "blkname": "RUDRAPUR", "dtname": "Udam Singh Nagar", "SHAPE_Area": 125812163.93042958 }, "geometry": { "type": "Polygon", "coordinates": [ [ [ 79.567847, 29.0522593 ], [ 79.5712753, 29.0513755 ], [ 79.5792561, 29.0509998 ], [ 79.6168186, 29.051408 ], [ 79.6220139, 29.0510731 ], [ 79.6275217, 29.0500359 ], [ 79.6274689, 29.0488038 ], [ 79.6282842, 29.0467882 ], [ 79.6280163, 29.0451504 ], [ 79.6272948, 29.0441235 ], [ 79.6275066, 29.042553 ], [ 79.6271702, 29.041775 ], [ 79.6273646, 29.0396918 ], [ 79.6271238, 29.0384096 ], [ 79.6283641, 29.0358327 ], [ 79.6285745, 29.0347004 ], [ 79.6281927, 29.0333766 ], [ 79.627012, 29.0317946 ], [ 79.6268176, 29.0307523 ], [ 79.6268949, 29.0300662 ], [ 79.6277553, 29.0286625 ], [ 79.6278332, 29.0277738 ], [ 79.6272385, 29.0268794 ], [ 79.626477, 29.0266916 ], [ 79.6248301, 29.0253234 ], [ 79.6245081, 29.0213661 ], [ 79.6260027, 29.0186327 ], [ 79.6259686, 29.017475 ], [ 79.6268172, 29.0168154 ], [ 79.6280092, 29.0145856 ], [ 79.6285416, 29.0127016 ], [ 79.6296753, 29.0110835 ], [ 79.6278698, 29.0108809 ], [ 79.6246519, 29.0111545 ], [ 79.6237035, 29.01059 ], [ 79.6215131, 29.0101342 ], [ 79.6209739, 29.0096037 ], [ 79.6206252, 29.0067171 ], [ 79.619417, 29.0050356 ], [ 79.6194936, 29.0045893 ], [ 79.620153, 29.0042601 ], [ 79.6199676, 29.0033749 ], [ 79.6184943, 29.0005541 ], [ 79.6185727, 28.9996246 ], [ 79.6169898, 28.9987178 ], [ 79.6137957, 28.9977477 ], [ 79.613788, 28.9973529 ], [ 79.6143242, 28.9968274 ], [ 79.6127183, 28.9954221 ], [ 79.6123644, 28.9946754 ], [ 79.6114818, 28.9942715 ], [ 79.6110689, 28.9930242 ], [ 79.6115257, 28.992149 ], [ 79.6111745, 28.9904438 ], [ 79.6098712, 28.9901279 ], [ 79.6086966, 28.987915 ], [ 79.6092486, 28.9854858 ], [ 79.6080737, 28.9850842 ], [ 79.6079893, 28.9835165 ], [ 79.608269, 28.9824902 ], [ 79.6080023, 28.9823301 ], [ 79.6070222, 28.9831646 ], [ 79.6045516, 28.9839626 ], [ 79.6038719, 28.9836174 ], [ 79.6039542, 28.982219 ], [ 79.6032206, 28.9823632 ], [ 79.6028947, 28.9828165 ], [ 79.6023253, 28.9823157 ], [ 79.601943, 28.9825547 ], [ 79.6016327, 28.9823156 ], [ 79.6016869, 28.9808337 ], [ 79.6011843, 28.9800036 ], [ 79.6017949, 28.9793359 ], [ 79.6027182, 28.979979 ], [ 79.603003, 28.9798257 ], [ 79.6029623, 28.9786414 ], [ 79.6037114, 28.9779423 ], [ 79.6028008, 28.9773918 ], [ 79.602937, 28.9764625 ], [ 79.6033706, 28.976104 ], [ 79.6043761, 28.9760071 ], [ 79.6046739, 28.974814 ], [ 79.6039558, 28.9742364 ], [ 79.6031017, 28.9740919 ], [ 79.6040509, 28.9731965 ], [ 79.6048922, 28.9734358 ], [ 79.6049743, 28.973208 ], [ 79.6047976, 28.9718479 ], [ 79.6039565, 28.9707064 ], [ 79.6044593, 28.9703478 ], [ 79.6044722, 28.9696666 ], [ 79.605601, 28.9687601 ], [ 79.6056268, 28.9683653 ], [ 79.6051395, 28.9678758 ], [ 79.6054376, 28.964921 ], [ 79.6055736, 28.9644676 ], [ 79.6063354, 28.9640617 ], [ 79.6049813, 28.9634209 ], [ 79.6033812, 28.9618102 ], [ 79.6030144, 28.9618327 ], [ 79.6026756, 28.9630754 ], [ 79.60235, 28.962789 ], [ 79.6024449, 28.962383 ], [ 79.6010191, 28.9615595 ], [ 79.6005574, 28.9616654 ], [ 79.6000134, 28.9627276 ], [ 79.5990108, 28.9621185 ], [ 79.5978564, 28.9626573 ], [ 79.5972594, 28.9603317 ], [ 79.5979393, 28.959495 ], [ 79.5979524, 28.9586108 ], [ 79.5983602, 28.9585996 ], [ 79.5987652, 28.95922 ], [ 79.5993783, 28.9588389 ], [ 79.5988195, 28.9576997 ], [ 79.5991455, 28.9564457 ], [ 79.5981969, 28.9554778 ], [ 79.5983177, 28.9542395 ], [ 79.5997308, 28.9538473 ], [ 79.5998925, 28.9534639 ], [ 79.5988616, 28.9531186 ], [ 79.5988337, 28.95202 ], [ 79.5993365, 28.9513637 ], [ 79.5999217, 28.9492436 ], [ 79.6021325, 28.9482786 ], [ 79.6021326, 28.947735 ], [ 79.6018225, 28.9470425 ], [ 79.6001533, 28.9459685 ], [ 79.5989299, 28.9466405 ], [ 79.5965423, 28.9472016 ], [ 79.5962899, 28.9511196 ], [ 79.5923885, 28.9537984 ], [ 79.5915344, 28.9542041 ], [ 79.5909779, 28.9540371 ], [ 79.5896087, 28.953094 ], [ 79.5894063, 28.952645 ], [ 79.591697, 28.9506538 ], [ 79.5916595, 28.9477351 ], [ 79.5913008, 28.9469185 ], [ 79.5888445, 28.9454021 ], [ 79.5867444, 28.9449955 ], [ 79.586501, 28.944709 ], [ 79.5864637, 28.9414136 ], [ 79.5856563, 28.9404637 ], [ 79.5797269, 28.9422776 ], [ 79.5794555, 28.9416324 ], [ 79.5797815, 28.9406807 ], [ 79.5809489, 28.9390954 ], [ 79.5734931, 28.9414481 ], [ 79.5701767, 28.9439568 ], [ 79.5681235, 28.9470461 ], [ 79.5677912, 28.9499377 ], [ 79.5678873, 28.9523332 ], [ 79.5617926, 28.9545861 ], [ 79.5568437, 28.957313 ], [ 79.5506996, 28.9598766 ], [ 79.5471162, 28.9604431 ], [ 79.545347, 28.9597518 ], [ 79.5439287, 28.959787 ], [ 79.5432106, 28.9599062 ], [ 79.5428844, 28.9603594 ], [ 79.5434326, 28.9613206 ], [ 79.5453035, 28.9630766 ], [ 79.5449495, 28.9665387 ], [ 79.545578, 28.9697082 ], [ 79.5443184, 28.973463 ], [ 79.5444864, 28.9750443 ], [ 79.5450016, 28.9754979 ], [ 79.5490003, 28.9759243 ], [ 79.5528139, 28.9769775 ], [ 79.5536216, 28.9775216 ], [ 79.5538109, 28.978345 ], [ 79.5526937, 28.980151 ], [ 79.5543457, 28.9800913 ], [ 79.5557375, 28.9811985 ], [ 79.5555076, 28.9816817 ], [ 79.5534091, 28.9830389 ], [ 79.5523877, 28.9834282 ], [ 79.5505353, 28.9835147 ], [ 79.5492285, 28.9848799 ], [ 79.5491453, 28.9855939 ], [ 79.5498389, 28.9867992 ], [ 79.5530224, 28.9879173 ], [ 79.5551493, 28.989891 ], [ 79.5557504, 28.9907157 ], [ 79.555822, 28.9931853 ], [ 79.5575796, 28.997155 ], [ 79.5533347, 28.9980932 ], [ 79.5503219, 28.9997781 ], [ 79.5350917, 29.0119991 ], [ 79.5275856, 29.0167896 ], [ 79.5269986, 29.0177801 ], [ 79.5246383, 29.0199727 ], [ 79.5238817, 29.0212439 ], [ 79.5232729, 29.0227634 ], [ 79.5224862, 29.0267466 ], [ 79.5193004, 29.0271366 ], [ 79.5170248, 29.027954 ], [ 79.5021601, 29.0309332 ], [ 79.5014923, 29.0346514 ], [ 79.4839669, 29.0403707 ], [ 79.4799821, 29.0421388 ], [ 79.4766364, 29.0363152 ], [ 79.4772998, 29.034672 ], [ 79.472804, 29.0347382 ], [ 79.466083, 29.0360178 ], [ 79.4647992, 29.0360136 ], [ 79.4673515, 29.0395804 ], [ 79.4670378, 29.0444672 ], [ 79.463572, 29.0457299 ], [ 79.4495987, 29.0488825 ], [ 79.4464116, 29.0513605 ], [ 79.4877752, 29.0512311 ], [ 79.4984635, 29.0512869 ], [ 79.5112389, 29.0517992 ], [ 79.5407488, 29.0516549 ], [ 79.5546712, 29.0528186 ], [ 79.5620488, 29.0527397 ], [ 79.567847, 29.0522593 ] ] ] } },
{ "type": "Feature", "properties": { "gp_code": "27284", "gp_name": "KHAMARIYA NO-2", "blkname": "RUDRAPUR", "dtname": "Udam Singh Nagar", "SHAPE_Area": 5672812.6451185243 }, "geometry": { "type": "Polygon", "coordinates": [ [ [ 79.5487284, 29.0010529 ], [ 79.5474722, 29.0006093 ], [ 79.5464648, 28.9980548 ], [ 79.5438676, 28.9957548 ], [ 79.5441637, 28.9943294 ], [ 79.5457534, 28.9921943 ], [ 79.5454151, 28.9917362 ], [ 79.5455567, 28.9910596 ], [ 79.5450388, 28.9907639 ], [ 79.5442803, 28.9895545 ], [ 79.5432767, 28.9901877 ], [ 79.5416018, 28.9897288 ], [ 79.5414275, 28.989467 ], [ 79.5419643, 28.9888696 ], [ 79.5409664, 28.9887021 ], [ 79.5404667, 28.9880002 ], [ 79.53962, 28.9880719 ], [ 79.5383822, 28.986544 ], [ 79.5380529, 28.9846559 ], [ 79.5384671, 28.98319 ], [ 79.5379956, 28.9825176 ], [ 79.5389228, 28.9812663 ], [ 79.535039, 28.9812006 ], [ 79.5337997, 28.9814683 ], [ 79.5336248, 28.9820929 ], [ 79.5332708, 28.9820701 ], [ 79.5323772, 28.9830868 ], [ 79.5320849, 28.9828294 ], [ 79.5307815, 28.9831939 ], [ 79.53001, 28.9823972 ], [ 79.5293581, 28.9828028 ], [ 79.528089, 28.981965 ], [ 79.5262314, 28.9822704 ], [ 79.525379, 28.9830503 ], [ 79.5255557, 28.9834316 ], [ 79.5263434, 28.9833058 ], [ 79.5261864, 28.9838561 ], [ 79.5267243, 28.9846233 ], [ 79.5312916, 28.9864649 ], [ 79.5318021, 28.986348 ], [ 79.5320121, 28.9868195 ], [ 79.5331199, 28.9873098 ], [ 79.533109, 28.9880947 ], [ 79.5306317, 28.9899042 ], [ 79.5301382, 28.9909753 ], [ 79.531063, 28.9924308 ], [ 79.5330305, 28.992766 ], [ 79.5340096, 28.9937479 ], [ 79.5344194, 28.9946887 ], [ 79.5341848, 28.9959472 ], [ 79.5330832, 28.996975 ], [ 79.5301943, 28.9970045 ], [ 79.5289307, 28.9984585 ], [ 79.5289041, 28.9995096 ], [ 79.5294903, 29.0000794 ], [ 79.5289749, 29.0011576 ], [ 79.5292032, 29.0021475 ], [ 79.5287274, 29.0034105 ], [ 79.5290461, 29.0045346 ], [ 79.5282897, 29.0061596 ], [ 79.5292564, 29.0078559 ], [ 79.5279902, 29.0093292 ], [ 79.5279648, 29.0101307 ], [ 79.527299, 29.0111577 ], [ 79.5276314, 29.0128001 ], [ 79.5262885, 29.0146566 ], [ 79.5262768, 29.0152684 ], [ 79.5271001, 29.0164539 ], [ 79.5275856, 29.0167896 ], [ 79.5350917, 29.0119991 ], [ 79.5487284, 29.0010529 ] ] ] } },
{ "type": "Feature", "properties": { "gp_code": "260027", "gp_name": "Gadariya Bang", "blkname": "RUDRAPUR", "dtname": "Udam Singh Nagar", "SHAPE_Area": 15963932.75743789 }, "geometry": { "type": "Polygon", "coordinates": [ [ [ 79.5267243, 28.9846233 ], [ 79.5262665, 28.9832291 ], [ 79.5255557, 28.9834316 ], [ 79.525379, 28.9830503 ], [ 79.5266112, 28.9821647 ], [ 79.528089, 28.981965 ], [ 79.5293581, 28.9828028 ], [ 79.53001, 28.9823972 ], [ 79.5307815, 28.9831939 ], [ 79.5320849, 28.9828294 ], [ 79.5323772, 28.9830868 ], [ 79.5332708, 28.9820701 ], [ 79.5336248, 28.9820929 ], [ 79.5337997, 28.9814683 ], [ 79.5366299, 28.9806851 ], [ 79.5366381, 28.9801416 ], [ 79.5358667, 28.9792297 ], [ 79.5350538, 28.9788774 ], [ 79.5342457, 28.9790325 ], [ 79.5316391, 28.9765518 ], [ 79.5317601, 28.9760105 ], [ 79.5310272, 28.9751867 ], [ 79.5310766, 28.974456 ], [ 79.5319035, 28.9734257 ], [ 79.5334912, 28.973499 ], [ 79.5341969, 28.9731273 ], [ 79.5350289, 28.9719911 ], [ 79.535963, 28.9715766 ], [ 79.5371567, 28.9703886 ], [ 79.5374861, 28.9691438 ], [ 79.5371489, 28.9674834 ], [ 79.5367004, 28.9670659 ], [ 79.5362693, 28.9642348 ], [ 79.5353953, 28.9635372 ], [ 79.5356573, 28.9631472 ], [ 79.5346759, 28.9620322 ], [ 79.5348333, 28.9608866 ], [ 79.5351692, 28.960986 ], [ 79.535285, 28.960562 ], [ 79.5356594, 28.9605871 ], [ 79.5362566, 28.9610341 ], [ 79.5374013, 28.9600582 ], [ 79.5367833, 28.9599021 ], [ 79.5371376, 28.959449 ], [ 79.536733, 28.9586864 ], [ 79.5358997, 28.9584287 ], [ 79.5345519, 28.9570699 ], [ 79.5346266, 28.9566346 ], [ 79.5355497, 28.9569397 ], [ 79.5353097, 28.9556335 ], [ 79.5363408, 28.9554492 ], [ 79.5365849, 28.9548607 ], [ 79.5363189, 28.9541207 ], [ 79.5351447, 28.9537297 ], [ 79.534581, 28.9531135 ], [ 79.5342363, 28.9512389 ], [ 79.5332113, 28.9503427 ], [ 79.5328774, 28.9480689 ], [ 79.5361141, 28.9446831 ], [ 79.5389915, 28.9436734 ], [ 79.5406919, 28.9441357 ], [ 79.5490511, 28.9449053 ], [ 79.5511897, 28.944947 ], [ 79.5539722, 28.9445313 ], [ 79.5549765, 28.9421092 ], [ 79.5564519, 28.9408378 ], [ 79.5563986, 28.9398791 ], [ 79.5552478, 28.9390981 ], [ 79.5551791, 28.9381755 ], [ 79.5566211, 28.9368636 ], [ 79.556799, 28.9354335 ], [ 79.5561814, 28.9347159 ], [ 79.5538741, 28.9342253 ], [ 79.553531, 28.9336432 ], [ 79.5535034, 28.9326123 ], [ 79.5549459, 28.9303891 ], [ 79.5548211, 28.9290672 ], [ 79.5542497, 28.9286857 ], [ 79.5527216, 28.9286488 ], [ 79.5518791, 28.9307461 ], [ 79.5509559, 28.9310478 ], [ 79.5493073, 28.9309206 ], [ 79.5469521, 28.9294058 ], [ 79.5459766, 28.9276706 ], [ 79.5418827, 28.9234953 ], [ 79.5373823, 28.9244736 ], [ 79.5346647, 28.9244628 ], [ 79.5327541, 28.9249668 ], [ 79.5316203, 28.9256765 ], [ 79.5310526, 28.9268851 ], [ 79.5309982, 28.9275189 ], [ 79.5317476, 28.9295585 ], [ 79.5282324, 28.9294613 ], [ 79.5274772, 28.9310194 ], [ 79.5255795, 28.9313654 ], [ 79.5244873, 28.9312924 ], [ 79.5237492, 28.9308746 ], [ 79.5231085, 28.9333035 ], [ 79.522544, 28.933639 ], [ 79.5211671, 28.9336425 ], [ 79.5215818, 28.9343962 ], [ 79.5212036, 28.935605 ], [ 79.5215503, 28.9376623 ], [ 79.5201729, 28.9381439 ], [ 79.5201333, 28.9391748 ], [ 79.5204508, 28.939705 ], [ 79.519902, 28.9397588 ], [ 79.5205091, 28.9403999 ], [ 79.5200321, 28.9404603 ], [ 79.5199363, 28.9413806 ], [ 79.5195367, 28.9409923 ], [ 79.519239, 28.9412064 ], [ 79.5196685, 28.9425646 ], [ 79.5206397, 28.943206 ], [ 79.5208965, 28.9505955 ], [ 79.5203878, 28.9848532 ], [ 79.5224421, 28.9852856 ], [ 79.5295426, 28.9858592 ], [ 79.5267243, 28.9846233 ] ] ] } },
{ "type": "Feature", "properties": { "gp_code": "27300", "gp_name": "TURKA GAURI", "blkname": "RUDRAPUR", "dtname": "Udam Singh Nagar", "SHAPE_Area": 1509262.8720887834 }, "geometry": { "type": "Polygon", "coordinates": [ [ [ 79.5207918, 28.9552487 ], [ 79.5208965, 28.9505955 ], [ 79.5204777, 28.9436479 ], [ 79.5177104, 28.9439683 ], [ 79.5153934, 28.9453176 ], [ 79.5148461, 28.9464562 ], [ 79.5145286, 28.9483326 ], [ 79.51162, 28.9488558 ], [ 79.5114284, 28.9481541 ], [ 79.5110566, 28.9480816 ], [ 79.5109936, 28.9494665 ], [ 79.510669, 28.9484489 ], [ 79.5104075, 28.9483901 ], [ 79.5102158, 28.9524816 ], [ 79.5117665, 28.9556046 ], [ 79.5105971, 28.9578954 ], [ 79.5106066, 28.9586464 ], [ 79.5112195, 28.958647 ], [ 79.5130157, 28.9577711 ], [ 79.5129957, 28.9574146 ], [ 79.5134291, 28.9573474 ], [ 79.5136928, 28.9577987 ], [ 79.5142443, 28.9576548 ], [ 79.514314, 28.9573052 ], [ 79.5152786, 28.9570083 ], [ 79.5149765, 28.9565523 ], [ 79.5153973, 28.9562617 ], [ 79.5158484, 28.9565802 ], [ 79.5171932, 28.9557264 ], [ 79.5173314, 28.955952 ], [ 79.5195094, 28.9553561 ], [ 79.5201092, 28.9556362 ], [ 79.5200967, 28.9552595 ], [ 79.5207918, 28.9552487 ] ] ] } },
{ "type": "Feature", "properties": { "gp_code": "27286", "gp_name": "KHURPIYA", "blkname": "RUDRAPUR", "dtname": "Udam Singh Nagar", "SHAPE_Area": 2510367.2507066759 }, "geometry": { "type": "Polygon", "coordinates": [ [ [ 79.5104075, 28.9483901 ], [ 79.510669, 28.9484489 ], [ 79.5109936, 28.9494665 ], [ 79.5110566, 28.9480816 ], [ 79.5114284, 28.9481541 ], [ 79.51162, 28.9488558 ], [ 79.5145286, 28.9483326 ], [ 79.5148461, 28.9464562 ], [ 79.5153934, 28.9453176 ], [ 79.5177104, 28.9439683 ], [ 79.5206061, 28.943481 ], [ 79.5205783, 28.9430029 ], [ 79.5196685, 28.9425646 ], [ 79.5192332, 28.9418289 ], [ 79.519252, 28.9410688 ], [ 79.5199363, 28.9413806 ], [ 79.5200321, 28.9404603 ], [ 79.5205091, 28.9403999 ], [ 79.519902, 28.9397588 ], [ 79.5204508, 28.939705 ], [ 79.5201333, 28.9391748 ], [ 79.5201729, 28.9381439 ], [ 79.5215503, 28.9376623 ], [ 79.5212036, 28.935605 ], [ 79.5215818, 28.9343962 ], [ 79.5209364, 28.9335273 ], [ 79.5195621, 28.9335037 ], [ 79.5200578, 28.9327597 ], [ 79.5194529, 28.9324728 ], [ 79.5182798, 28.9337734 ], [ 79.5179111, 28.9332385 ], [ 79.5176236, 28.9336262 ], [ 79.5162796, 28.9339703 ], [ 79.5162674, 28.933377 ], [ 79.5156341, 28.9333021 ], [ 79.515637, 28.9330585 ], [ 79.5138413, 28.9339096 ], [ 79.5121308, 28.9341428 ], [ 79.5102696, 28.9337758 ], [ 79.5099531, 28.9324561 ], [ 79.5073504, 28.9326477 ], [ 79.5075114, 28.9331487 ], [ 79.5070498, 28.9354445 ], [ 79.5072711, 28.9370033 ], [ 79.5083063, 28.9377598 ], [ 79.5067646, 28.9382795 ], [ 79.5079124, 28.9391444 ], [ 79.5075396, 28.9399899 ], [ 79.5083393, 28.9402816 ], [ 79.5099288, 28.9453198 ], [ 79.5062219, 28.9464918 ], [ 79.5074637, 28.9504695 ], [ 79.5102158, 28.9524816 ], [ 79.5104075, 28.9483901 ] ] ] } },
{ "type": "Feature", "properties": { "gp_code": "27292", "gp_name": "NAJEEMABAD", "blkname": "RUDRAPUR", "dtname": "Udam Singh Nagar", "SHAPE_Area": 4101134.9732501544 }, "geometry": { "type": "Polygon", "coordinates": [ [ [ 79.5678873, 28.9523332 ], [ 79.5681235, 28.9470461 ], [ 79.5692401, 28.9451316 ], [ 79.5669301, 28.9442306 ], [ 79.5637348, 28.9444683 ], [ 79.562476, 28.94387 ], [ 79.561117, 28.943919 ], [ 79.5596122, 28.9430927 ], [ 79.5560248, 28.9428293 ], [ 79.5553995, 28.9422538 ], [ 79.5554049, 28.9418545 ], [ 79.5547224, 28.9425512 ], [ 79.5539722, 28.9445313 ], [ 79.5511897, 28.944947 ], [ 79.5406919, 28.9441357 ], [ 79.5389915, 28.9436734 ], [ 79.5361141, 28.9446831 ], [ 79.5361159, 28.9454342 ], [ 79.537289, 28.9471132 ], [ 79.5388088, 28.9482239 ], [ 79.5415984, 28.9489497 ], [ 79.5433121, 28.9513327 ], [ 79.5460668, 28.9508922 ], [ 79.5499691, 28.9521305 ], [ 79.5513661, 28.9530267 ], [ 79.5530675, 28.9550531 ], [ 79.5527695, 28.9559733 ], [ 79.5499234, 28.9586266 ], [ 79.5471605, 28.9595386 ], [ 79.545347, 28.9597518 ], [ 79.5471162, 28.9604431 ], [ 79.5519771, 28.9594195 ], [ 79.5568437, 28.957313 ], [ 79.5617926, 28.9545861 ], [ 79.5678873, 28.9523332 ] ] ] } },
{ "type": "Feature", "properties": { "gp_code": "27285", "gp_name": "KHAMARIYA NO-4", "blkname": "RUDRAPUR", "dtname": "Udam Singh Nagar", "SHAPE_Area": 9004151.3250780404 }, "geometry": { "type": "Polygon", "coordinates": [ [ [ 79.5557504, 28.9907157 ], [ 79.5530224, 28.9879173 ], [ 79.5498389, 28.9867992 ], [ 79.5491453, 28.9855939 ], [ 79.5492285, 28.9848799 ], [ 79.5505353, 28.9835147 ], [ 79.5523877, 28.9834282 ], [ 79.5555076, 28.9816817 ], [ 79.5557375, 28.9811985 ], [ 79.5547544, 28.9802635 ], [ 79.5526937, 28.980151 ], [ 79.5538109, 28.978345 ], [ 79.5536216, 28.9775216 ], [ 79.5520139, 28.9766545 ], [ 79.5480026, 28.9757388 ], [ 79.5450016, 28.9754979 ], [ 79.5444864, 28.9750443 ], [ 79.5443184, 28.973463 ], [ 79.545578, 28.9697082 ], [ 79.5449495, 28.9665387 ], [ 79.5453035, 28.9630766 ], [ 79.5434326, 28.9613206 ], [ 79.5428844, 28.9603594 ], [ 79.5432106, 28.9599062 ], [ 79.5471605, 28.9595386 ], [ 79.5499234, 28.9586266 ], [ 79.5527695, 28.9559733 ], [ 79.5530675, 28.9550531 ], [ 79.5513661, 28.9530267 ], [ 79.5499691, 28.9521305 ], [ 79.5460668, 28.9508922 ], [ 79.5433121, 28.9513327 ], [ 79.5415984, 28.9489497 ], [ 79.5388088, 28.9482239 ], [ 79.537289, 28.9471132 ], [ 79.5361159, 28.9454342 ], [ 79.5361141, 28.9446831 ], [ 79.5328774, 28.9480689 ], [ 79.5332113, 28.9503427 ], [ 79.5342363, 28.9512389 ], [ 79.534581, 28.9531135 ], [ 79.5351447, 28.9537297 ], [ 79.5363189, 28.9541207 ], [ 79.5365849, 28.9548607 ], [ 79.5363408, 28.9554492 ], [ 79.5353097, 28.9556335 ], [ 79.5355497, 28.9569397 ], [ 79.5346266, 28.9566346 ], [ 79.5345519, 28.9570699 ], [ 79.5358997, 28.9584287 ], [ 79.536733, 28.9586864 ], [ 79.5371376, 28.959449 ], [ 79.5367833, 28.9599021 ], [ 79.5374013, 28.9600582 ], [ 79.5362566, 28.9610341 ], [ 79.5356594, 28.9605871 ], [ 79.535285, 28.960562 ], [ 79.5351692, 28.960986 ], [ 79.5348333, 28.9608866 ], [ 79.5346759, 28.9620322 ], [ 79.5356573, 28.9631472 ], [ 79.5353953, 28.9635372 ], [ 79.5362693, 28.9642348 ], [ 79.5367004, 28.9670659 ], [ 79.5371489, 28.9674834 ], [ 79.5374861, 28.9691438 ], [ 79.5371567, 28.9703886 ], [ 79.535963, 28.9715766 ], [ 79.5350289, 28.9719911 ], [ 79.5341969, 28.9731273 ], [ 79.5334912, 28.973499 ], [ 79.5319035, 28.9734257 ], [ 79.5310766, 28.974456 ], [ 79.5310272, 28.9751867 ], [ 79.5317601, 28.9760105 ], [ 79.5316391, 28.9765518 ], [ 79.5340816, 28.9789241 ], [ 79.5354205, 28.9789791 ], [ 79.5364562, 28.9798076 ], [ 79.5365708, 28.9807618 ], [ 79.535039, 28.9812006 ], [ 79.5389228, 28.9812663 ], [ 79.5379956, 28.9825176 ], [ 79.5384671, 28.98319 ], [ 79.5380529, 28.9846559 ], [ 79.5383822, 28.986544 ], [ 79.53962, 28.9880719 ], [ 79.5404667, 28.9880002 ], [ 79.5409664, 28.9887021 ], [ 79.5417463, 28.9886664 ], [ 79.5419643, 28.9888696 ], [ 79.5414275, 28.989467 ], [ 79.5416018, 28.9897288 ], [ 79.5432767, 28.9901877 ], [ 79.5442803, 28.9895545 ], [ 79.5450388, 28.9907639 ], [ 79.5455567, 28.9910596 ], [ 79.5454151, 28.9917362 ], [ 79.5457534, 28.9921943 ], [ 79.5441637, 28.9943294 ], [ 79.5438676, 28.9957548 ], [ 79.5464648, 28.9980548 ], [ 79.5474722, 29.0006093 ], [ 79.5487284, 29.0010529 ], [ 79.5503219, 28.9997781 ], [ 79.5533347, 28.9980932 ], [ 79.5575796, 28.997155 ], [ 79.555822, 28.9931853 ], [ 79.5557504, 28.9907157 ] ] ] } },
{ "type": "Feature", "properties": { "gp_code": "27292", "gp_name": "NAJEEMABAD", "blkname": "RUDRAPUR", "dtname": "Udam Singh Nagar", "SHAPE_Area": 2478125.1528912522 }, "geometry": { "type": "Polygon", "coordinates": [ [ [ 79.5648919, 28.94342 ], [ 79.569508, 28.9428648 ], [ 79.5709258, 28.9432691 ], [ 79.5734931, 28.9414481 ], [ 79.5809489, 28.9390954 ], [ 79.5814236, 28.9383556 ], [ 79.5807807, 28.9368194 ], [ 79.5801424, 28.9362823 ], [ 79.5789476, 28.9360248 ], [ 79.5781892, 28.9348133 ], [ 79.5780487, 28.9334373 ], [ 79.5774461, 28.9335498 ], [ 79.5765182, 28.9329833 ], [ 79.5765445, 28.9316322 ], [ 79.5770063, 28.9309512 ], [ 79.5766554, 28.9302542 ], [ 79.5762068, 28.9300104 ], [ 79.5725633, 28.9301714 ], [ 79.5722378, 28.9299186 ], [ 79.5721305, 28.9290885 ], [ 79.5703182, 28.9282623 ], [ 79.5693667, 28.9288799 ], [ 79.5694353, 28.929922 ], [ 79.5674656, 28.9309498 ], [ 79.5671351, 28.9305617 ], [ 79.5667478, 28.9307081 ], [ 79.5670779, 28.931906 ], [ 79.5661701, 28.9323184 ], [ 79.5666363, 28.9330088 ], [ 79.5663182, 28.9332613 ], [ 79.5668153, 28.9337826 ], [ 79.5660023, 28.9341814 ], [ 79.5663737, 28.934838 ], [ 79.5654528, 28.9356113 ], [ 79.5648453, 28.9352343 ], [ 79.5636936, 28.9359669 ], [ 79.5637625, 28.9365241 ], [ 79.5613669, 28.9376485 ], [ 79.5623042, 28.9397647 ], [ 79.5632398, 28.9401644 ], [ 79.5627571, 28.941134 ], [ 79.5633492, 28.9417163 ], [ 79.5633489, 28.9422599 ], [ 79.5637898, 28.9425646 ], [ 79.5635023, 28.9429231 ], [ 79.5642045, 28.9438076 ], [ 79.5648919, 28.94342 ] ] ] } },
{ "type": "Feature", "properties": { "gp_code": "27262", "gp_name": "BAKHPUR", "blkname": "RUDRAPUR", "dtname": "Udam Singh Nagar", "SHAPE_Area": 9279826.4368109796 }, "geometry": { "type": "Polygon", "coordinates": [ [ [ 79.5692401, 28.9451316 ], [ 79.5709258, 28.9432691 ], [ 79.569508, 28.9428648 ], [ 79.5680616, 28.9429138 ], [ 79.5648919, 28.94342 ], [ 79.5642045, 28.9438076 ], [ 79.5635023, 28.9429231 ], [ 79.5637898, 28.9425646 ], [ 79.5633489, 28.9422599 ], [ 79.5633492, 28.9417163 ], [ 79.5627571, 28.941134 ], [ 79.5632398, 28.9401644 ], [ 79.5623042, 28.9397647 ], [ 79.5612565, 28.9378898 ], [ 79.5637625, 28.9365241 ], [ 79.5636936, 28.9359669 ], [ 79.5648453, 28.9352343 ], [ 79.5654528, 28.9356113 ], [ 79.5663737, 28.934838 ], [ 79.5660023, 28.9341814 ], [ 79.5668153, 28.9337826 ], [ 79.5663182, 28.9332613 ], [ 79.5666363, 28.9330088 ], [ 79.5661701, 28.9323184 ], [ 79.5670779, 28.931906 ], [ 79.5667478, 28.9307081 ], [ 79.5671351, 28.9305617 ], [ 79.5674656, 28.9309498 ], [ 79.5694353, 28.929922 ], [ 79.5693667, 28.9288799 ], [ 79.5709029, 28.9279941 ], [ 79.5698319, 28.9265365 ], [ 79.5700833, 28.926257 ], [ 79.5693763, 28.9252416 ], [ 79.5698788, 28.9253253 ], [ 79.5699481, 28.9248832 ], [ 79.5706251, 28.9248248 ], [ 79.5699411, 28.9236719 ], [ 79.567824, 28.9226064 ], [ 79.5648221, 28.9220503 ], [ 79.5644402, 28.9217997 ], [ 79.5647275, 28.9215133 ], [ 79.5626853, 28.9196922 ], [ 79.5669189, 28.9181061 ], [ 79.5665525, 28.9175803 ], [ 79.5669937, 28.9173008 ], [ 79.5644033, 28.9146855 ], [ 79.5639212, 28.9148702 ], [ 79.5623894, 28.912756 ], [ 79.5614406, 28.913245 ], [ 79.5612896, 28.912875 ], [ 79.5597306, 28.9134246 ], [ 79.5586113, 28.9118384 ], [ 79.5593318, 28.9115635 ], [ 79.5593167, 28.9112771 ], [ 79.5598602, 28.9111352 ], [ 79.5597245, 28.9108239 ], [ 79.5602271, 28.9106459 ], [ 79.5596921, 28.9094119 ], [ 79.547526, 28.9022032 ], [ 79.5468648, 28.9020473 ], [ 79.5420569, 28.9041737 ], [ 79.5425903, 28.9071109 ], [ 79.5421198, 28.915382 ], [ 79.5423239, 28.9166768 ], [ 79.545334, 28.91955 ], [ 79.5461096, 28.9211181 ], [ 79.5457423, 28.9220246 ], [ 79.544911, 28.9228813 ], [ 79.5418827, 28.9234953 ], [ 79.5420363, 28.9237751 ], [ 79.5459766, 28.9276706 ], [ 79.5469521, 28.9294058 ], [ 79.5493073, 28.9309206 ], [ 79.5509559, 28.9310478 ], [ 79.5518791, 28.9307461 ], [ 79.5527216, 28.9286488 ], [ 79.5542497, 28.9286857 ], [ 79.5548211, 28.9290672 ], [ 79.5549459, 28.9303891 ], [ 79.5535034, 28.9326123 ], [ 79.553531, 28.9336432 ], [ 79.5538741, 28.9342253 ], [ 79.5561814, 28.9347159 ], [ 79.556799, 28.9354335 ], [ 79.5566211, 28.9368636 ], [ 79.5551791, 28.9381755 ], [ 79.5552478, 28.9390981 ], [ 79.5563986, 28.9398791 ], [ 79.5564519, 28.9408378 ], [ 79.5554049, 28.9418545 ], [ 79.5556045, 28.9425539 ], [ 79.5568403, 28.9429966 ], [ 79.5596122, 28.9430927 ], [ 79.561117, 28.943919 ], [ 79.562476, 28.94387 ], [ 79.5637348, 28.9444683 ], [ 79.5669301, 28.9442306 ], [ 79.5692401, 28.9451316 ] ] ] } },
{ "type": "Feature", "properties": { "gp_code": "27282", "gp_name": "KATRA", "blkname": "RUDRAPUR", "dtname": "Udam Singh Nagar", "SHAPE_Area": 2277399.840424234 }, "geometry": { "type": "Polygon", "coordinates": [ [ [ 79.5736848, 28.9226268 ], [ 79.5742754, 28.9206939 ], [ 79.5751502, 28.9196386 ], [ 79.5748815, 28.9184791 ], [ 79.5753151, 28.9176876 ], [ 79.5802778, 28.9132954 ], [ 79.5805061, 28.912824 ], [ 79.5802935, 28.9124067 ], [ 79.581355, 28.9119446 ], [ 79.5807429, 28.9106452 ], [ 79.5794793, 28.9101598 ], [ 79.5782052, 28.9103059 ], [ 79.5763489, 28.9108827 ], [ 79.5756691, 28.9117622 ], [ 79.5724925, 28.9126137 ], [ 79.5700379, 28.9102961 ], [ 79.5696456, 28.9103479 ], [ 79.5695889, 28.9108576 ], [ 79.5675378, 28.9113891 ], [ 79.5681016, 28.9117773 ], [ 79.5663249, 28.9120427 ], [ 79.5633116, 28.9141052 ], [ 79.5639212, 28.9148702 ], [ 79.5644033, 28.9146855 ], [ 79.5669937, 28.9173008 ], [ 79.5665525, 28.9175803 ], [ 79.567001, 28.9180587 ], [ 79.5626853, 28.9196922 ], [ 79.5647275, 28.9215133 ], [ 79.5644402, 28.9217997 ], [ 79.5648221, 28.9220503 ], [ 79.567824, 28.9226064 ], [ 79.5699411, 28.9236719 ], [ 79.5706251, 28.9248248 ], [ 79.5699481, 28.9248832 ], [ 79.5698788, 28.9253253 ], [ 79.5693763, 28.9252416 ], [ 79.5700833, 28.926257 ], [ 79.5698319, 28.9265365 ], [ 79.5709029, 28.9279941 ], [ 79.570631, 28.9281857 ], [ 79.5716767, 28.9290342 ], [ 79.5721305, 28.9290885 ], [ 79.5728336, 28.9278595 ], [ 79.5744317, 28.9262744 ], [ 79.5769315, 28.9261219 ], [ 79.5776394, 28.9255808 ], [ 79.5771911, 28.9247393 ], [ 79.5762966, 28.9242924 ], [ 79.5731069, 28.9248596 ], [ 79.5726942, 28.9245911 ], [ 79.5727357, 28.9238399 ], [ 79.5736848, 28.9226268 ] ] ] } },
{ "type": "Feature", "properties": { "gp_code": "293891", "gp_name": "CHACHAR", "blkname": "RUDRAPUR", "dtname": "Udam Singh Nagar", "SHAPE_Area": 3937788.2120010774 }, "geometry": { "type": "Polygon", "coordinates": [ [ [ 79.5633116, 28.9141052 ], [ 79.5663249, 28.9120427 ], [ 79.5681016, 28.9117773 ], [ 79.5675378, 28.9113891 ], [ 79.5695889, 28.9108576 ], [ 79.5696456, 28.9103479 ], [ 79.5700379, 28.9102961 ], [ 79.5698741, 28.9096894 ], [ 79.5706869, 28.9093739 ], [ 79.5708985, 28.906665 ], [ 79.5690632, 28.9063484 ], [ 79.5666593, 28.9053729 ], [ 79.5635137, 28.9058565 ], [ 79.5628525, 28.9055766 ], [ 79.5634607, 28.9044874 ], [ 79.5649483, 28.903155 ], [ 79.5658558, 28.9028756 ], [ 79.569106, 28.9030349 ], [ 79.5697803, 28.9027555 ], [ 79.5682123, 28.8965969 ], [ 79.5713458, 28.8939975 ], [ 79.5708802, 28.8922943 ], [ 79.5680165, 28.893703 ], [ 79.5619176, 28.8958949 ], [ 79.556479, 28.8992599 ], [ 79.5555415, 28.8981836 ], [ 79.5547291, 28.8980997 ], [ 79.5532303, 28.8969463 ], [ 79.5527518, 28.8958024 ], [ 79.5533491, 28.8955772 ], [ 79.5534238, 28.8951757 ], [ 79.5537954, 28.8952007 ], [ 79.5549396, 28.89376 ], [ 79.5542709, 28.8932905 ], [ 79.5537761, 28.8934278 ], [ 79.5532076, 28.8927238 ], [ 79.5516177, 28.8937627 ], [ 79.55119, 28.893449 ], [ 79.5506259, 28.8937013 ], [ 79.5484691, 28.8954662 ], [ 79.5488251, 28.8957935 ], [ 79.5485096, 28.8960843 ], [ 79.5488244, 28.8967635 ], [ 79.5468166, 28.8978021 ], [ 79.5471033, 28.8983482 ], [ 79.5466774, 28.8988081 ], [ 79.5468694, 28.899221 ], [ 79.5464002, 28.8993763 ], [ 79.5466204, 28.8996652 ], [ 79.5474204, 28.8994243 ], [ 79.5476531, 28.9001034 ], [ 79.5471557, 28.9003332 ], [ 79.5480777, 28.901351 ], [ 79.5477621, 28.9017883 ], [ 79.548751, 28.9024385 ], [ 79.5485688, 28.9028444 ], [ 79.5596921, 28.9094119 ], [ 79.5602271, 28.9106459 ], [ 79.5597245, 28.9108239 ], [ 79.5598602, 28.9111352 ], [ 79.5593167, 28.9112771 ], [ 79.5593318, 28.9115635 ], [ 79.5586113, 28.9118384 ], [ 79.5597306, 28.9134246 ], [ 79.5612896, 28.912875 ], [ 79.5614406, 28.913245 ], [ 79.5623894, 28.912756 ], [ 79.5633116, 28.9141052 ] ] ] } },
{ "type": "Feature", "properties": { "gp_code": "260393", "gp_name": "PIPALIA", "blkname": "RUDRAPUR", "dtname": "Udam Singh Nagar", "SHAPE_Area": 2175142.3696455676 }, "geometry": { "type": "Polygon", "coordinates": [ [ [ 79.5485688, 28.9028444 ], [ 79.548751, 28.9024385 ], [ 79.5477621, 28.9017883 ], [ 79.5480777, 28.901351 ], [ 79.5471557, 28.9003332 ], [ 79.5476531, 28.9001034 ], [ 79.5474204, 28.8994243 ], [ 79.5466204, 28.8996652 ], [ 79.5464002, 28.8993763 ], [ 79.5468694, 28.899221 ], [ 79.5466774, 28.8988081 ], [ 79.5471033, 28.8983482 ], [ 79.5468166, 28.8978021 ], [ 79.5488244, 28.8967635 ], [ 79.5485096, 28.8960843 ], [ 79.5488251, 28.8957935 ], [ 79.5484691, 28.8954662 ], [ 79.5506259, 28.8937013 ], [ 79.55119, 28.893449 ], [ 79.5516177, 28.8937627 ], [ 79.5532076, 28.8927238 ], [ 79.5494469, 28.8900781 ], [ 79.5479135, 28.8909659 ], [ 79.5465929, 28.8884366 ], [ 79.5405012, 28.891054 ], [ 79.5370421, 28.8930345 ], [ 79.5355673, 28.8942043 ], [ 79.5358514, 28.8946601 ], [ 79.5352268, 28.896622 ], [ 79.5333854, 28.8978772 ], [ 79.5341916, 28.8993213 ], [ 79.5380886, 28.8982119 ], [ 79.5384112, 28.8987106 ], [ 79.5382562, 28.9001044 ], [ 79.5392288, 28.901869 ], [ 79.5404284, 28.9018922 ], [ 79.541078, 28.9036994 ], [ 79.5420569, 28.9041737 ], [ 79.5468648, 28.9020473 ], [ 79.5485688, 28.9028444 ] ] ] } },
{ "type": "Feature", "properties": { "gp_code": "27295", "gp_name": "SAHDAURA", "blkname": "RUDRAPUR", "dtname": "Udam Singh Nagar", "SHAPE_Area": 14127192.488035237 }, "geometry": { "type": "Polygon", "coordinates": [ [ [ 79.5983574, 28.898052 ], [ 79.5977629, 28.8972196 ], [ 79.5984473, 28.8969762 ], [ 79.5979379, 28.8948264 ], [ 79.5974227, 28.8948376 ], [ 79.5971869, 28.8943255 ], [ 79.5965898, 28.8943254 ], [ 79.5960903, 28.8930373 ], [ 79.5966927, 28.89253 ], [ 79.5960752, 28.891905 ], [ 79.5964496, 28.8910389 ], [ 79.5955427, 28.8897305 ], [ 79.5947174, 28.8899153 ], [ 79.5943228, 28.8893828 ], [ 79.594651, 28.8891889 ], [ 79.5937056, 28.8877902 ], [ 79.5933673, 28.8879503 ], [ 79.5918609, 28.8858093 ], [ 79.5930145, 28.8850224 ], [ 79.5919052, 28.8835018 ], [ 79.5914105, 28.883831 ], [ 79.5888845, 28.8806476 ], [ 79.5873031, 28.8813443 ], [ 79.5860323, 28.8802747 ], [ 79.5852046, 28.8801369 ], [ 79.5842696, 28.8791802 ], [ 79.5819804, 28.8806005 ], [ 79.5822929, 28.8810654 ], [ 79.5819238, 28.8812164 ], [ 79.5821082, 28.881557 ], [ 79.5783503, 28.8834888 ], [ 79.5791031, 28.8848876 ], [ 79.5791744, 28.8861779 ], [ 79.5790768, 28.8867056 ], [ 79.5775535, 28.8886404 ], [ 79.5766255, 28.8890326 ], [ 79.5759105, 28.8889038 ], [ 79.5715778, 28.8863894 ], [ 79.570083, 28.8874489 ], [ 79.5699798, 28.8888586 ], [ 79.5704407, 28.8897183 ], [ 79.5702891, 28.8904422 ], [ 79.5708654, 28.8912725 ], [ 79.5713458, 28.8939975 ], [ 79.5682123, 28.8965969 ], [ 79.5697803, 28.9027555 ], [ 79.569106, 28.9030349 ], [ 79.5658558, 28.9028756 ], [ 79.5649483, 28.903155 ], [ 79.5634607, 28.9044874 ], [ 79.5628525, 28.9055766 ], [ 79.5635137, 28.9058565 ], [ 79.5666593, 28.9053729 ], [ 79.5690632, 28.9063484 ], [ 79.5708985, 28.906665 ], [ 79.5706869, 28.9093739 ], [ 79.5698741, 28.9096894 ], [ 79.5701351, 28.9104292 ], [ 79.5724925, 28.9126137 ], [ 79.5756691, 28.9117622 ], [ 79.5763489, 28.9108827 ], [ 79.5786384, 28.9102092 ], [ 79.5794793, 28.9101598 ], [ 79.5809633, 28.9108257 ], [ 79.581355, 28.9119446 ], [ 79.5802935, 28.9124067 ], [ 79.5805061, 28.912824 ], [ 79.5802778, 28.9132954 ], [ 79.5753151, 28.9176876 ], [ 79.5748815, 28.9184791 ], [ 79.5751502, 28.9196386 ], [ 79.5742754, 28.9206939 ], [ 79.5739493, 28.9217494 ], [ 79.5768032, 28.920979 ], [ 79.5777716, 28.9224772 ], [ 79.5805783, 28.924039 ], [ 79.5819105, 28.9267259 ], [ 79.5842917, 28.9281206 ], [ 79.588618, 28.9256023 ], [ 79.5908002, 28.9246126 ], [ 79.5915077, 28.9246331 ], [ 79.5922413, 28.923713 ], [ 79.5938026, 28.9240201 ], [ 79.5955795, 28.9236212 ], [ 79.5963181, 28.9228454 ], [ 79.5958112, 28.9106514 ], [ 79.600782, 28.9100096 ], [ 79.5952959, 28.9015702 ], [ 79.5937835, 28.9017797 ], [ 79.5930737, 28.9010103 ], [ 79.594917, 28.9002551 ], [ 79.5956169, 28.8993078 ], [ 79.597137, 28.8991367 ], [ 79.5983574, 28.898052 ] ] ] } },
{ "type": "Feature", "properties": { "gp_code": "27278", "gp_name": "FIROJPUR", "blkname": "RUDRAPUR", "dtname": "Udam Singh Nagar", "SHAPE_Area": 4621827.9978788802 }, "geometry": { "type": "Polygon", "coordinates": [ [ [ 79.6137026, 28.8799256 ], [ 79.6130926, 28.8794136 ], [ 79.6133515, 28.8791045 ], [ 79.6108919, 28.8746314 ], [ 79.6097827, 28.8717464 ], [ 79.6102312, 28.8715208 ], [ 79.610139, 28.8712569 ], [ 79.6095419, 28.8705057 ], [ 79.609237, 28.8705644 ], [ 79.6079356, 28.8682973 ], [ 79.6074462, 28.8685137 ], [ 79.6077203, 28.8689514 ], [ 79.6077892, 28.8708055 ], [ 79.6070101, 28.8708934 ], [ 79.6071253, 28.8714257 ], [ 79.6064821, 28.871667 ], [ 79.606605, 28.8721046 ], [ 79.6062078, 28.872073 ], [ 79.606277, 28.8725759 ], [ 79.6053903, 28.8726638 ], [ 79.6051699, 28.8723277 ], [ 79.6040166, 28.8730065 ], [ 79.6037476, 28.8727312 ], [ 79.6027635, 28.8732476 ], [ 79.6028557, 28.8734304 ], [ 79.6018563, 28.8739287 ], [ 79.6020612, 28.8742445 ], [ 79.6016562, 28.874479 ], [ 79.6017791, 28.8748016 ], [ 79.6006668, 28.8754059 ], [ 79.6008155, 28.8756315 ], [ 79.6003899, 28.8759608 ], [ 79.6000159, 28.8756855 ], [ 79.598332, 28.8765355 ], [ 79.5984959, 28.8769845 ], [ 79.5963559, 28.8777803 ], [ 79.5965864, 28.8781976 ], [ 79.5953329, 28.8792711 ], [ 79.5956172, 28.8797426 ], [ 79.5936306, 28.8812353 ], [ 79.5934971, 28.882291 ], [ 79.5930152, 28.8826066 ], [ 79.5924207, 28.8822591 ], [ 79.5908622, 28.8831542 ], [ 79.5914105, 28.883831 ], [ 79.5919052, 28.8835018 ], [ 79.5930145, 28.8850224 ], [ 79.5918609, 28.8858093 ], [ 79.5933673, 28.8879503 ], [ 79.5937056, 28.8877902 ], [ 79.594651, 28.8891889 ], [ 79.5943228, 28.8893828 ], [ 79.5948865, 28.8900574 ], [ 79.5955427, 28.8897305 ], [ 79.5964496, 28.8910389 ], [ 79.5960752, 28.891905 ], [ 79.5966927, 28.89253 ], [ 79.5960903, 28.8930373 ], [ 79.5965898, 28.8943254 ], [ 79.5971869, 28.8943255 ], [ 79.5974227, 28.8948376 ], [ 79.5979379, 28.8948264 ], [ 79.5984473, 28.8969762 ], [ 79.5977629, 28.8972196 ], [ 79.5983574, 28.898052 ], [ 79.6056485, 28.890515 ], [ 79.6066968, 28.8898407 ], [ 79.6072865, 28.8888686 ], [ 79.607184, 28.8885641 ], [ 79.6082811, 28.8876461 ], [ 79.6087091, 28.8880026 ], [ 79.6091961, 28.8876237 ], [ 79.6095677, 28.8879034 ], [ 79.6111338, 28.8875269 ], [ 79.611062, 28.8870464 ], [ 79.6122153, 28.8864262 ], [ 79.6118643, 28.8859638 ], [ 79.6113158, 28.886072 ], [ 79.6111724, 28.8858329 ], [ 79.6125359, 28.8844999 ], [ 79.6121619, 28.883909 ], [ 79.6130641, 28.8831173 ], [ 79.6129129, 28.882921 ], [ 79.6137869, 28.8821857 ], [ 79.6141073, 28.8814595 ], [ 79.6131438, 28.8807105 ], [ 79.6137026, 28.8799256 ] ] ] } },
{ "type": "Feature", "properties": { "gp_code": "", "gp_name": "", "blkname": "SITARGANJ", "dtname": "Udam Singh Nagar", "SHAPE_Area": 107888736.32279266 }, "geometry": { "type": "Polygon", "coordinates": [ [ [ 79.6615491, 28.9728997 ], [ 79.6618078, 28.9718463 ], [ 79.6627309, 28.9712055 ], [ 79.6635486, 28.9697662 ], [ 79.665272, 28.9690686 ], [ 79.6662975, 28.9678346 ], [ 79.6671568, 28.9677757 ], [ 79.6677797, 28.9672837 ], [ 79.6682025, 28.9660836 ], [ 79.669605, 28.9650207 ], [ 79.6704682, 28.9622302 ], [ 79.6715144, 28.9618329 ], [ 79.6727218, 28.9607114 ], [ 79.6728312, 28.9586182 ], [ 79.6734797, 28.9578533 ], [ 79.6735844, 28.9569961 ], [ 79.6741354, 28.9561388 ], [ 79.6850964, 28.9512194 ], [ 79.6879188, 28.9494068 ], [ 79.6871355, 28.9474898 ], [ 79.6875017, 28.9466867 ], [ 79.6888396, 28.945529 ], [ 79.6915499, 28.9450539 ], [ 79.6913162, 28.9446278 ], [ 79.6903393, 28.9449057 ], [ 79.6895851, 28.9443173 ], [ 79.6892664, 28.9432754 ], [ 79.6895149, 28.9427971 ], [ 79.6904685, 28.9423635 ], [ 79.6908527, 28.94161 ], [ 79.6905978, 28.9400808 ], [ 79.690967, 28.9397828 ], [ 79.6917056, 28.9400126 ], [ 79.6921208, 28.9397823 ], [ 79.6922591, 28.9394845 ], [ 79.691689, 28.9382126 ], [ 79.6927659, 28.9381308 ], [ 79.6937243, 28.9371108 ], [ 79.6928622, 28.9364121 ], [ 79.6929309, 28.9355549 ], [ 79.6923076, 28.9353093 ], [ 79.6920168, 28.9335997 ], [ 79.6927753, 28.9328415 ], [ 79.6939828, 28.9326288 ], [ 79.6959112, 28.9329256 ], [ 79.6965314, 28.9325079 ], [ 79.6955538, 28.931437 ], [ 79.695653, 28.9303227 ], [ 79.6948112, 28.9291141 ], [ 79.691878, 28.9291923 ], [ 79.6913086, 28.9288701 ], [ 79.690926, 28.9279003 ], [ 79.6912462, 28.9274422 ], [ 79.6922104, 28.9276628 ], [ 79.6921936, 28.9255358 ], [ 79.692826, 28.9242926 ], [ 79.6950592, 28.9243005 ], [ 79.6954355, 28.9234567 ], [ 79.6964173, 28.9232352 ], [ 79.694415, 28.9234234 ], [ 79.6942993, 28.9229294 ], [ 79.6947909, 28.9218329 ], [ 79.6932497, 28.9212722 ], [ 79.6903875, 28.9236713 ], [ 79.6892951, 28.9234936 ], [ 79.6890718, 28.9231103 ], [ 79.6892734, 28.9214771 ], [ 79.6886678, 28.9206 ], [ 79.6859488, 28.9181223 ], [ 79.684146, 28.9173652 ], [ 79.6840808, 28.9153307 ], [ 79.6833495, 28.9141017 ], [ 79.6819439, 28.9129271 ], [ 79.6819764, 28.9113369 ], [ 79.6773022, 28.9096651 ], [ 79.6757389, 28.9105274 ], [ 79.6747135, 28.9104962 ], [ 79.6742849, 28.9093348 ], [ 79.6750385, 28.9094044 ], [ 79.6748174, 28.908121 ], [ 79.6770755, 28.9074164 ], [ 79.6778285, 28.9060514 ], [ 79.6779713, 28.9046484 ], [ 79.6772298, 28.9033291 ], [ 79.6757758, 28.9021928 ], [ 79.6756818, 28.903844 ], [ 79.6746183, 28.9044241 ], [ 79.6744538, 28.903452 ], [ 79.6747246, 28.9015256 ], [ 79.6743757, 28.901034 ], [ 79.6717811, 28.8998755 ], [ 79.6712074, 28.900778 ], [ 79.6703305, 28.9002866 ], [ 79.6695228, 28.899547 ], [ 79.6701062, 28.8972912 ], [ 79.6690199, 28.8984397 ], [ 79.6681348, 28.8964866 ], [ 79.6668629, 28.8950569 ], [ 79.666004, 28.8946918 ], [ 79.6648302, 28.8947417 ], [ 79.6637311, 28.8960977 ], [ 79.6630749, 28.8960144 ], [ 79.6629591, 28.8947513 ], [ 79.6623002, 28.8941267 ], [ 79.6612921, 28.8920337 ], [ 79.6615273, 28.8901773 ], [ 79.6619243, 28.8895388 ], [ 79.6654213, 28.8857574 ], [ 79.6588085, 28.8841397 ], [ 79.6556384, 28.8845397 ], [ 79.6443076, 28.8828321 ], [ 79.6405964, 28.8816461 ], [ 79.6337665, 28.8808979 ], [ 79.6305141, 28.8782139 ], [ 79.6314498, 28.8815567 ], [ 79.6312627, 28.8822582 ], [ 79.630886, 28.8824771 ], [ 79.6300043, 28.881956 ], [ 79.6253837, 28.8821975 ], [ 79.6236793, 28.8827479 ], [ 79.6212731, 28.8778802 ], [ 79.6204529, 28.8796531 ], [ 79.6188128, 28.8784102 ], [ 79.6162116, 28.8791746 ], [ 79.6152147, 28.8787505 ], [ 79.6131438, 28.8807105 ], [ 79.6141073, 28.8814595 ], [ 79.6137869, 28.8821857 ], [ 79.6129129, 28.882921 ], [ 79.6130641, 28.8831173 ], [ 79.6121619, 28.883909 ], [ 79.6125359, 28.8844999 ], [ 79.6111724, 28.8858329 ], [ 79.6113158, 28.886072 ], [ 79.6118643, 28.8859638 ], [ 79.6122153, 28.8864262 ], [ 79.611062, 28.8870464 ], [ 79.6111338, 28.8875269 ], [ 79.6095677, 28.8879034 ], [ 79.6091961, 28.8876237 ], [ 79.6087091, 28.8880026 ], [ 79.6082811, 28.8876461 ], [ 79.607184, 28.8885641 ], [ 79.6072865, 28.8888686 ], [ 79.6066968, 28.8898407 ], [ 79.6056485, 28.890515 ], [ 79.6016646, 28.8948699 ], [ 79.597137, 28.8991367 ], [ 79.5956169, 28.8993078 ], [ 79.594917, 28.9002551 ], [ 79.5930737, 28.9010103 ], [ 79.5937835, 28.9017797 ], [ 79.5952959, 28.9015702 ], [ 79.600782, 28.9100096 ], [ 79.5958112, 28.9106514 ], [ 79.5963181, 28.9228454 ], [ 79.5955795, 28.9236212 ], [ 79.5938026, 28.9240201 ], [ 79.5922413, 28.923713 ], [ 79.5915077, 28.9246331 ], [ 79.5908002, 28.9246126 ], [ 79.588618, 28.9256023 ], [ 79.5842917, 28.9281206 ], [ 79.5819105, 28.9267259 ], [ 79.5805783, 28.924039 ], [ 79.5777716, 28.9224772 ], [ 79.5768032, 28.920979 ], [ 79.5739493, 28.9217494 ], [ 79.5736848, 28.9226268 ], [ 79.5727357, 28.9238399 ], [ 79.5726942, 28.9245911 ], [ 79.5731069, 28.9248596 ], [ 79.5762966, 28.9242924 ], [ 79.5771911, 28.9247393 ], [ 79.5776394, 28.9255808 ], [ 79.5769315, 28.9261219 ], [ 79.5748471, 28.9261122 ], [ 79.5739162, 28.9266442 ], [ 79.5721357, 28.9289667 ], [ 79.5722378, 28.9299186 ], [ 79.5725633, 28.9301714 ], [ 79.5762068, 28.9300104 ], [ 79.5766554, 28.9302542 ], [ 79.5770063, 28.9309512 ], [ 79.5765445, 28.9316322 ], [ 79.5765182, 28.9329833 ], [ 79.5774461, 28.9335498 ], [ 79.5780487, 28.9334373 ], [ 79.5781892, 28.9348133 ], [ 79.5789476, 28.9360248 ], [ 79.5801424, 28.9362823 ], [ 79.5807807, 28.9368194 ], [ 79.5814236, 28.9383556 ], [ 79.5797815, 28.9406807 ], [ 79.5794555, 28.9416324 ], [ 79.5797269, 28.9422776 ], [ 79.5856563, 28.9404637 ], [ 79.5864637, 28.9414136 ], [ 79.586501, 28.944709 ], [ 79.5867444, 28.9449955 ], [ 79.5888445, 28.9454021 ], [ 79.5913008, 28.9469185 ], [ 79.5916595, 28.9477351 ], [ 79.591697, 28.9506538 ], [ 79.5894063, 28.952645 ], [ 79.5904497, 28.953764 ], [ 79.5915344, 28.9542041 ], [ 79.594125, 28.9527724 ], [ 79.5962899, 28.9511196 ], [ 79.5965423, 28.9472016 ], [ 79.5989299, 28.9466405 ], [ 79.6001533, 28.9459685 ], [ 79.6018225, 28.9470425 ], [ 79.6022556, 28.9480824 ], [ 79.5999217, 28.9492436 ], [ 79.5993365, 28.9513637 ], [ 79.5988337, 28.95202 ], [ 79.5988616, 28.9531186 ], [ 79.5995669, 28.9532608 ], [ 79.5998925, 28.9536917 ], [ 79.5983177, 28.9542395 ], [ 79.5981969, 28.9554778 ], [ 79.5991455, 28.9564457 ], [ 79.5988195, 28.9576997 ], [ 79.5993783, 28.9588389 ], [ 79.5987652, 28.95922 ], [ 79.5983602, 28.9585996 ], [ 79.5979524, 28.9586108 ], [ 79.5979393, 28.959495 ], [ 79.5972594, 28.9603317 ], [ 79.5978564, 28.9626573 ], [ 79.5990108, 28.9621185 ], [ 79.6000134, 28.9627276 ], [ 79.6005574, 28.9616654 ], [ 79.6010191, 28.9615595 ], [ 79.6024449, 28.962383 ], [ 79.60235, 28.962789 ], [ 79.6026756, 28.9630754 ], [ 79.6030144, 28.9618327 ], [ 79.6033812, 28.9618102 ], [ 79.6049813, 28.9634209 ], [ 79.6063354, 28.9640617 ], [ 79.6055736, 28.9644676 ], [ 79.6054376, 28.964921 ], [ 79.6051395, 28.9678758 ], [ 79.6056268, 28.9683653 ], [ 79.605601, 28.9687601 ], [ 79.6117273, 28.971977 ], [ 79.6163533, 28.9731918 ], [ 79.6189162, 28.9732982 ], [ 79.6168279, 28.96801 ], [ 79.6139169, 28.9661873 ], [ 79.610675, 28.9648021 ], [ 79.6096005, 28.9633854 ], [ 79.6133965, 28.9627542 ], [ 79.6136376, 28.9631354 ], [ 79.614107, 28.9629889 ], [ 79.6142429, 28.9634242 ], [ 79.6155381, 28.9629529 ], [ 79.6157868, 28.9636431 ], [ 79.6170539, 28.9637514 ], [ 79.6197853, 28.9665914 ], [ 79.6214396, 28.9673787 ], [ 79.6228426, 28.967038 ], [ 79.6230503, 28.9677643 ], [ 79.6304914, 28.9721717 ], [ 79.6338233, 28.9703219 ], [ 79.6366425, 28.9734592 ], [ 79.6364043, 28.9756517 ], [ 79.6381154, 28.9773185 ], [ 79.6404547, 28.9767046 ], [ 79.6412398, 28.9779181 ], [ 79.6425124, 28.9790592 ], [ 79.6429049, 28.9793546 ], [ 79.6435795, 28.9790951 ], [ 79.6457015, 28.9820339 ], [ 79.6470741, 28.9825209 ], [ 79.6528866, 28.9810919 ], [ 79.6538432, 28.9802595 ], [ 79.6560747, 28.9794244 ], [ 79.6563054, 28.9788221 ], [ 79.6580239, 28.9781224 ], [ 79.6591881, 28.9771635 ], [ 79.6591981, 28.9765116 ], [ 79.6615491, 28.9728997 ] ] ] } },
{ "type": "Feature", "properties": { "gp_code": "27353", "gp_name": "TILIYAPUR", "blkname": "SITARGANJ", "dtname": "Udam Singh Nagar", "SHAPE_Area": 4934944.7792637404 }, "geometry": { "type": "Polygon", "coordinates": [ [ [ 79.6210771, 28.9938751 ], [ 79.6210771, 28.9934985 ], [ 79.6217647, 28.9931601 ], [ 79.6213952, 28.9925353 ], [ 79.6236376, 28.9866077 ], [ 79.6225833, 28.9810612 ], [ 79.6221293, 28.9813521 ], [ 79.6213571, 28.9803235 ], [ 79.6230041, 28.9785619 ], [ 79.6223422, 28.9780905 ], [ 79.6214471, 28.9766491 ], [ 79.622391, 28.9763425 ], [ 79.6219908, 28.9756139 ], [ 79.6213778, 28.9752575 ], [ 79.6209904, 28.9754649 ], [ 79.6207725, 28.975077 ], [ 79.6202209, 28.9753183 ], [ 79.6194361, 28.9745311 ], [ 79.6189162, 28.9732982 ], [ 79.6163533, 28.9731918 ], [ 79.6131749, 28.9725115 ], [ 79.605601, 28.9687601 ], [ 79.6044722, 28.9696666 ], [ 79.6044593, 28.9703478 ], [ 79.6039565, 28.9707064 ], [ 79.6047976, 28.9718479 ], [ 79.6048922, 28.9734358 ], [ 79.6040509, 28.9731965 ], [ 79.6031017, 28.9740919 ], [ 79.6039558, 28.9742364 ], [ 79.6046739, 28.974814 ], [ 79.6043761, 28.9760071 ], [ 79.6033706, 28.976104 ], [ 79.602937, 28.9764625 ], [ 79.6028008, 28.9773918 ], [ 79.6037114, 28.9779423 ], [ 79.6029623, 28.9786414 ], [ 79.603003, 28.9798257 ], [ 79.6027182, 28.979979 ], [ 79.6017949, 28.9793359 ], [ 79.6011843, 28.9800036 ], [ 79.6016869, 28.9808337 ], [ 79.6016327, 28.9823156 ], [ 79.601943, 28.9825547 ], [ 79.6023253, 28.9823157 ], [ 79.6028947, 28.9828165 ], [ 79.6032206, 28.9823632 ], [ 79.6039542, 28.982219 ], [ 79.6038719, 28.9836174 ], [ 79.6045516, 28.9839626 ], [ 79.6070222, 28.9831646 ], [ 79.6080023, 28.9823301 ], [ 79.608269, 28.9824902 ], [ 79.6079893, 28.9835165 ], [ 79.6080737, 28.9850842 ], [ 79.6092486, 28.9854858 ], [ 79.6086966, 28.987915 ], [ 79.6098712, 28.9901279 ], [ 79.6111745, 28.9904438 ], [ 79.6115257, 28.992149 ], [ 79.6110689, 28.9930242 ], [ 79.6114818, 28.9942715 ], [ 79.6125208, 28.9948649 ], [ 79.620092, 28.992824 ], [ 79.6210771, 28.9938751 ] ] ] } },
{ "type": "Feature", "properties": { "gp_code": "27308", "gp_name": "BASGAR", "blkname": "SITARGANJ", "dtname": "Udam Singh Nagar", "SHAPE_Area": 5206911.1162541928 }, "geometry": { "type": "Polygon", "coordinates": [ [ [ 79.6210771, 28.9938751 ], [ 79.6317366, 28.9882743 ], [ 79.6319008, 28.9877668 ], [ 79.6333271, 28.9871442 ], [ 79.6332398, 28.9869164 ], [ 79.6346764, 28.9864832 ], [ 79.634525, 28.986014 ], [ 79.6365054, 28.985123 ], [ 79.6364284, 28.9847485 ], [ 79.6390295, 28.9839633 ], [ 79.6396065, 28.9825535 ], [ 79.6421102, 28.981969 ], [ 79.6423385, 28.9822171 ], [ 79.6428284, 28.982102 ], [ 79.6428618, 28.9818043 ], [ 79.6437748, 28.9813169 ], [ 79.6457015, 28.9820339 ], [ 79.6435795, 28.9790951 ], [ 79.6429049, 28.9793546 ], [ 79.6425124, 28.9790592 ], [ 79.6412398, 28.9779181 ], [ 79.6404547, 28.9767046 ], [ 79.6381154, 28.9773185 ], [ 79.6364043, 28.9756517 ], [ 79.6366425, 28.9734592 ], [ 79.6338233, 28.9703219 ], [ 79.6304914, 28.9721717 ], [ 79.6230503, 28.9677643 ], [ 79.6228426, 28.967038 ], [ 79.6214396, 28.9673787 ], [ 79.6197853, 28.9665914 ], [ 79.6170539, 28.9637514 ], [ 79.6157868, 28.9636431 ], [ 79.6155381, 28.9629529 ], [ 79.6142429, 28.9634242 ], [ 79.614107, 28.9629889 ], [ 79.6136376, 28.9631354 ], [ 79.6133965, 28.9627542 ], [ 79.6096005, 28.9633854 ], [ 79.610675, 28.9648021 ], [ 79.6139169, 28.9661873 ], [ 79.6168279, 28.96801 ], [ 79.6194361, 28.9745311 ], [ 79.6202209, 28.9753183 ], [ 79.6207725, 28.975077 ], [ 79.6209904, 28.9754649 ], [ 79.6213778, 28.9752575 ], [ 79.6219908, 28.9756139 ], [ 79.622391, 28.9763425 ], [ 79.6214471, 28.9766491 ], [ 79.6223422, 28.9780905 ], [ 79.6230041, 28.9785619 ], [ 79.6213571, 28.9803235 ], [ 79.6221293, 28.9813521 ], [ 79.6225833, 28.9810612 ], [ 79.6236376, 28.9866077 ], [ 79.6213952, 28.9925353 ], [ 79.6217647, 28.9931601 ], [ 79.6210771, 28.9934985 ], [ 79.6210771, 28.9938751 ] ] ] } },
{ "type": "Feature", "properties": { "gp_code": "27324", "gp_name": "GURUGRAM", "blkname": "SITARGANJ", "dtname": "Udam Singh Nagar", "SHAPE_Area": 4381594.8822452445 }, "geometry": { "type": "Polygon", "coordinates": [ [ [ 79.6439836, 29.0026692 ], [ 79.6439938, 28.9998195 ], [ 79.6433624, 28.9981437 ], [ 79.6430365, 28.998173 ], [ 79.6429595, 28.9974739 ], [ 79.642395, 28.9975506 ], [ 79.6416533, 28.9962109 ], [ 79.6440597, 28.9951099 ], [ 79.6442007, 28.9947083 ], [ 79.6464326, 28.9939907 ], [ 79.6418056, 28.986257 ], [ 79.6415873, 28.9850321 ], [ 79.6396065, 28.9825535 ], [ 79.6390295, 28.9839633 ], [ 79.6364284, 28.9847485 ], [ 79.6365054, 28.985123 ], [ 79.6351561, 28.9855358 ], [ 79.6352331, 28.9858403 ], [ 79.634525, 28.986014 ], [ 79.6346764, 28.9864832 ], [ 79.6332398, 28.9869164 ], [ 79.6333271, 28.9871442 ], [ 79.6319008, 28.9877668 ], [ 79.6317366, 28.9882743 ], [ 79.6282118, 28.9900113 ], [ 79.623476, 28.9929279 ], [ 79.6210771, 28.9938751 ], [ 79.6249383, 28.9982781 ], [ 79.6253642, 29.0000692 ], [ 79.6251943, 29.0013034 ], [ 79.6270304, 29.0038049 ], [ 79.6309777, 29.0029355 ], [ 79.6439836, 29.0026692 ] ] ] } },
{ "type": "Feature", "properties": { "gp_code": "260373", "gp_name": "PIPALIA", "blkname": "SITARGANJ", "dtname": "Udam Singh Nagar", "SHAPE_Area": 6171589.0791427959 }, "geometry": { "type": "Polygon", "coordinates": [ [ [ 79.6578316, 29.0041874 ], [ 79.6589537, 29.0008371 ], [ 79.6606736, 29.0000146 ], [ 79.6608683, 28.9996134 ], [ 79.661609, 28.9970279 ], [ 79.6614131, 28.9945401 ], [ 79.6626751, 28.9938404 ], [ 79.6626748, 28.9929224 ], [ 79.6630774, 28.9922908 ], [ 79.6628256, 28.9912577 ], [ 79.6639676, 28.9789013 ], [ 79.6615491, 28.9728997 ], [ 79.6591981, 28.9765116 ], [ 79.6591881, 28.9771635 ], [ 79.6580239, 28.9781224 ], [ 79.6563054, 28.9788221 ], [ 79.6558797, 28.9795507 ], [ 79.6538432, 28.9802595 ], [ 79.6528866, 28.9810919 ], [ 79.6470741, 28.9825209 ], [ 79.6437748, 28.9813169 ], [ 79.6428618, 28.9818043 ], [ 79.6428284, 28.982102 ], [ 79.6423385, 28.9822171 ], [ 79.6421102, 28.981969 ], [ 79.6396065, 28.9825535 ], [ 79.6415873, 28.9850321 ], [ 79.6418056, 28.986257 ], [ 79.6464326, 28.9939907 ], [ 79.6442007, 28.9947083 ], [ 79.6440597, 28.9951099 ], [ 79.6416533, 28.9962109 ], [ 79.642395, 28.9975506 ], [ 79.6429595, 28.9974739 ], [ 79.6430365, 28.998173 ], [ 79.6433624, 28.9981437 ], [ 79.6439938, 28.9998195 ], [ 79.6439836, 29.0026692 ], [ 79.6476792, 29.0019907 ], [ 79.6492995, 29.003088 ], [ 79.6497743, 29.0028387 ], [ 79.6492961, 29.0022919 ], [ 79.6513746, 29.0014213 ], [ 79.6550174, 29.0014361 ], [ 79.6569816, 29.0020274 ], [ 79.6566112, 29.0033248 ], [ 79.6560562, 29.0033484 ], [ 79.6557239, 29.0044475 ], [ 79.6565517, 29.0044327 ], [ 79.6578316, 29.0041874 ] ] ] } },
{ "type": "Feature", "properties": { "gp_code": "", "gp_name": "", "blkname": "SITARGANJ", "dtname": "Udam Singh Nagar", "SHAPE_Area": 2708288.4021542566 }, "geometry": { "type": "Polygon", "coordinates": [ [ [ 79.692257, 28.9676976 ], [ 79.6906268, 28.9654947 ], [ 79.691083, 28.9649283 ], [ 79.6931189, 28.9639935 ], [ 79.6928848, 28.9629109 ], [ 79.6913423, 28.9612584 ], [ 79.6922632, 28.9576692 ], [ 79.6920677, 28.9566453 ], [ 79.6914209, 28.955908 ], [ 79.6899854, 28.9568922 ], [ 79.6897435, 28.9555886 ], [ 79.6875418, 28.9535933 ], [ 79.6882041, 28.9505525 ], [ 79.6881162, 28.9492736 ], [ 79.6840093, 28.9518288 ], [ 79.6849235, 28.9537818 ], [ 79.6860936, 28.9547715 ], [ 79.6840983, 28.9549122 ], [ 79.6835625, 28.9552959 ], [ 79.6840577, 28.9556656 ], [ 79.6835092, 28.9561147 ], [ 79.6832482, 28.9572133 ], [ 79.6812259, 28.9594833 ], [ 79.6808957, 28.960724 ], [ 79.679409, 28.9623171 ], [ 79.6810755, 28.965869 ], [ 79.679762, 28.9701597 ], [ 79.6916401, 28.9735128 ], [ 79.6912619, 28.9717988 ], [ 79.6903892, 28.9710121 ], [ 79.6904172, 28.9705542 ], [ 79.692257, 28.9676976 ] ] ] } },
{ "type": "Feature", "properties": { "gp_code": "27302", "gp_name": "ARVIND NAGAR", "blkname": "SITARGANJ", "dtname": "Udam Singh Nagar", "SHAPE_Area": 4722101.5531115523 }, "geometry": { "type": "Polygon", "coordinates": [ [ [ 79.6753271, 28.9806546 ], [ 79.6800234, 28.969625 ], [ 79.6810014, 28.9663608 ], [ 79.6809752, 28.9652487 ], [ 79.679409, 28.9623171 ], [ 79.6808957, 28.960724 ], [ 79.6812259, 28.9594833 ], [ 79.6832482, 28.9572133 ], [ 79.6835092, 28.9561147 ], [ 79.6840577, 28.9556656 ], [ 79.6835625, 28.9552959 ], [ 79.6840983, 28.9549122 ], [ 79.6860936, 28.9547715 ], [ 79.6849235, 28.9537818 ], [ 79.6840093, 28.9518288 ], [ 79.6741354, 28.9561388 ], [ 79.6735844, 28.9569961 ], [ 79.6734797, 28.9578533 ], [ 79.6728312, 28.9586182 ], [ 79.6727218, 28.9607114 ], [ 79.6715144, 28.9618329 ], [ 79.6704682, 28.9622302 ], [ 79.669605, 28.9650207 ], [ 79.6682025, 28.9660836 ], [ 79.6677797, 28.9672837 ], [ 79.6671568, 28.9677757 ], [ 79.6662975, 28.9678346 ], [ 79.665272, 28.9690686 ], [ 79.6635486, 28.9697662 ], [ 79.6627309, 28.9712055 ], [ 79.6616924, 28.9720629 ], [ 79.6615491, 28.9728997 ], [ 79.6638468, 28.9782223 ], [ 79.6636735, 28.9811141 ], [ 79.6753271, 28.9806546 ] ] ] } },
{ "type": "Feature", "properties": { "gp_code": "27339", "gp_name": "NIRMALNAGAR", "blkname": "SITARGANJ", "dtname": "Udam Singh Nagar", "SHAPE_Area": 4504106.0555798933 }, "geometry": { "type": "Polygon", "coordinates": [ [ [ 79.6828221, 28.9930798 ], [ 79.6720543, 28.9926465 ], [ 79.6716404, 28.9907429 ], [ 79.6753271, 28.9806546 ], [ 79.6636735, 28.9811141 ], [ 79.6628256, 28.9912577 ], [ 79.6630339, 28.9926922 ], [ 79.6626748, 28.9929224 ], [ 79.6626751, 28.9938404 ], [ 79.6614131, 28.9945401 ], [ 79.661609, 28.9970279 ], [ 79.6613479, 28.9984648 ], [ 79.6606736, 29.0000146 ], [ 79.6589537, 29.0008371 ], [ 79.6578316, 29.0041874 ], [ 79.6579782, 29.0056265 ], [ 79.6637563, 29.0057259 ], [ 79.6653352, 29.0062253 ], [ 79.6653336, 29.0068348 ], [ 79.6717434, 29.006848 ], [ 79.6683644, 29.0041123 ], [ 79.6675752, 29.0030588 ], [ 79.6674935, 29.0024562 ], [ 79.6685087, 29.0016629 ], [ 79.6718681, 29.0019632 ], [ 79.6737834, 29.0003654 ], [ 79.6761626, 28.999608 ], [ 79.6765011, 28.9992244 ], [ 79.6769669, 28.9970724 ], [ 79.6783056, 28.995741 ], [ 79.6833908, 28.9962194 ], [ 79.6834978, 28.9948795 ], [ 79.6823658, 28.9938853 ], [ 79.6828221, 28.9930798 ] ] ] } },
{ "type": "Feature", "properties": { "gp_code": "27342", "gp_name": "RAJA NAGAR", "blkname": "SITARGANJ", "dtname": "Udam Singh Nagar", "SHAPE_Area": 3766425.3411261076 }, "geometry": { "type": "Polygon", "coordinates": [ [ [ 79.6916401, 28.9735128 ], [ 79.679762, 28.9701597 ], [ 79.6753271, 28.9806546 ], [ 79.6716404, 28.9907429 ], [ 79.6720543, 28.9926465 ], [ 79.6828221, 28.9930798 ], [ 79.6839012, 28.991444 ], [ 79.686838, 28.9902834 ], [ 79.687467, 28.9866583 ], [ 79.6873687, 28.985384 ], [ 79.6865414, 28.9832595 ], [ 79.6868999, 28.9821113 ], [ 79.6860048, 28.9782637 ], [ 79.6874837, 28.9762329 ], [ 79.6880608, 28.9760229 ], [ 79.6899001, 28.9762431 ], [ 79.6904663, 28.9752278 ], [ 79.6914562, 28.9748054 ], [ 79.6916401, 28.9735128 ] ] ] } },
{ "type": "Feature", "properties": { "gp_code": "27307", "gp_name": "BARUWA BAG", "blkname": "SITARGANJ", "dtname": "Udam Singh Nagar", "SHAPE_Area": 11489811.612821542 }, "geometry": { "type": "Polygon", "coordinates": [ [ [ 79.6737458, 29.018939 ], [ 79.6763706, 29.015273 ], [ 79.6741855, 29.0091001 ], [ 79.6751268, 29.0088787 ], [ 79.6750729, 29.0078946 ], [ 79.6777987, 29.0054091 ], [ 79.6794085, 29.0045461 ], [ 79.681253, 29.0042025 ], [ 79.6812741, 29.0033261 ], [ 79.6835739, 29.0014949 ], [ 79.6850614, 29.0009521 ], [ 79.6908091, 29.0005755 ], [ 79.690825, 29.0003301 ], [ 79.6925576, 28.9997586 ], [ 79.6923878, 28.9992241 ], [ 79.6915206, 28.9991049 ], [ 79.6916663, 28.9982636 ], [ 79.6909118, 28.9978489 ], [ 79.6926947, 28.9976134 ], [ 79.696886, 28.9962647 ], [ 79.6992489, 28.9961145 ], [ 79.7015792, 28.9868472 ], [ 79.7060017, 28.9864295 ], [ 79.7055236, 28.9853223 ], [ 79.7071469, 28.9844574 ], [ 79.7068636, 28.9831133 ], [ 79.7077763, 28.9825172 ], [ 79.7080333, 28.9830516 ], [ 79.7102161, 28.9826578 ], [ 79.7101589, 28.9818955 ], [ 79.7105877, 28.9822313 ], [ 79.7110083, 28.9821159 ], [ 79.710625, 28.980835 ], [ 79.7114277, 28.9806135 ], [ 79.7106468, 28.9793237 ], [ 79.7111136, 28.9791926 ], [ 79.711018, 28.978313 ], [ 79.7118024, 28.9777216 ], [ 79.7113013, 28.9766121 ], [ 79.7117961, 28.9764742 ], [ 79.7120547, 28.9757499 ], [ 79.7114281, 28.9750037 ], [ 79.7121001, 28.9748229 ], [ 79.7110356, 28.9717762 ], [ 79.7100404, 28.9718107 ], [ 79.7100391, 28.9703153 ], [ 79.7103854, 28.9702992 ], [ 79.7101921, 28.9690588 ], [ 79.7109126, 28.9688192 ], [ 79.7086355, 28.9600712 ], [ 79.7079814, 28.959934 ], [ 79.7057947, 28.9612369 ], [ 79.7053893, 28.9610138 ], [ 79.7038412, 28.9623207 ], [ 79.7032034, 28.9634173 ], [ 79.7021954, 28.9633502 ], [ 79.7015136, 28.9639506 ], [ 79.6999261, 28.9641861 ], [ 79.692257, 28.9676976 ], [ 79.6904172, 28.9705542 ], [ 79.6903892, 28.9710121 ], [ 79.6912619, 28.9717988 ], [ 79.6917814, 28.9739053 ], [ 79.6914562, 28.9748054 ], [ 79.6904663, 28.9752278 ], [ 79.6899001, 28.9762431 ], [ 79.6880608, 28.9760229 ], [ 79.6874837, 28.9762329 ], [ 79.6860048, 28.9782637 ], [ 79.6868999, 28.9821113 ], [ 79.6865414, 28.9832595 ], [ 79.6873687, 28.985384 ], [ 79.6873164, 28.9880433 ], [ 79.686838, 28.9902834 ], [ 79.6839012, 28.991444 ], [ 79.6831376, 28.9929083 ], [ 79.6824195, 28.9934928 ], [ 79.6823658, 28.9938853 ], [ 79.6834978, 28.9948795 ], [ 79.6834985, 28.9961246 ], [ 79.6783056, 28.995741 ], [ 79.6769669, 28.9970724 ], [ 79.6765011, 28.9992244 ], [ 79.6761626, 28.999608 ], [ 79.6737834, 29.0003654 ], [ 79.6718681, 29.0019632 ], [ 79.6685087, 29.0016629 ], [ 79.6674935, 29.0024562 ], [ 79.6675752, 29.0030588 ], [ 79.6683644, 29.0041123 ], [ 79.6717434, 29.006848 ], [ 79.6723055, 29.0082534 ], [ 79.6731763, 29.0092324 ], [ 79.669883, 29.0131368 ], [ 79.6704368, 29.0134949 ], [ 79.6728644, 29.0133827 ], [ 79.6728522, 29.0144411 ], [ 79.6733282, 29.0158477 ], [ 79.6696667, 29.0166671 ], [ 79.6699973, 29.0196776 ], [ 79.6692683, 29.0208109 ], [ 79.6708244, 29.0206282 ], [ 79.6737458, 29.018939 ] ] ] } },
{ "type": "Feature", "properties": { "gp_code": "27355", "gp_name": "VAMANPURI", "blkname": "SITARGANJ", "dtname": "Udam Singh Nagar", "SHAPE_Area": 6118090.4626435684 }, "geometry": { "type": "Polygon", "coordinates": [ [ [ 79.7017058, 28.9637475 ], [ 79.7021954, 28.9633502 ], [ 79.7032034, 28.9634173 ], [ 79.7038412, 28.9623207 ], [ 79.7053893, 28.9610138 ], [ 79.7057947, 28.9612369 ], [ 79.7079814, 28.959934 ], [ 79.7086355, 28.9600712 ], [ 79.7085424, 28.9591149 ], [ 79.7115444, 28.957516 ], [ 79.7130844, 28.9559812 ], [ 79.7112305, 28.9502464 ], [ 79.7118226, 28.9498671 ], [ 79.7108208, 28.9478376 ], [ 79.7104823, 28.9478784 ], [ 79.7092499, 28.9461064 ], [ 79.7094882, 28.9458085 ], [ 79.7088871, 28.9445908 ], [ 79.7091944, 28.9440899 ], [ 79.7077332, 28.9414517 ], [ 79.6997912, 28.9444338 ], [ 79.6993917, 28.9451784 ], [ 79.6989301, 28.9451515 ], [ 79.6988913, 28.9446915 ], [ 79.6907457, 28.9426521 ], [ 79.6904685, 28.9423635 ], [ 79.6895149, 28.9427971 ], [ 79.6892769, 28.9436701 ], [ 79.6895851, 28.9443173 ], [ 79.6903393, 28.9449057 ], [ 79.6913162, 28.9446278 ], [ 79.6915499, 28.9450539 ], [ 79.6888396, 28.945529 ], [ 79.6872147, 28.9469733 ], [ 79.6871355, 28.9474898 ], [ 79.6882037, 28.9497743 ], [ 79.6875418, 28.9535933 ], [ 79.6897435, 28.9555886 ], [ 79.6899854, 28.9568922 ], [ 79.6914209, 28.955908 ], [ 79.6920677, 28.9566453 ], [ 79.6922632, 28.9576692 ], [ 79.6913423, 28.9612584 ], [ 79.6928848, 28.9629109 ], [ 79.6931189, 28.9639935 ], [ 79.6906908, 28.965233 ], [ 79.6908554, 28.9659209 ], [ 79.692257, 28.9676976 ], [ 79.6999261, 28.9641861 ], [ 79.7017058, 28.9637475 ] ] ] } },
{ "type": "Feature", "properties": { "gp_code": "", "gp_name": "", "blkname": "SITARGANJ", "dtname": "Udam Singh Nagar", "SHAPE_Area": 8904950.8715642486 }, "geometry": { "type": "Polygon", "coordinates": [ [ [ 79.7144819, 28.9468383 ], [ 79.7133643, 28.9444165 ], [ 79.7139636, 28.9434822 ], [ 79.7117634, 28.9405198 ], [ 79.7121937, 28.9399377 ], [ 79.7122392, 28.9391255 ], [ 79.7132355, 28.9377445 ], [ 79.7149966, 28.9341614 ], [ 79.7155477, 28.9339828 ], [ 79.7155371, 28.9335475 ], [ 79.7182005, 28.9328329 ], [ 79.7188459, 28.9319911 ], [ 79.7188803, 28.9275452 ], [ 79.7184439, 28.9269253 ], [ 79.7175333, 28.926556 ], [ 79.7169318, 28.9247496 ], [ 79.7178956, 28.9245662 ], [ 79.7180259, 28.9239842 ], [ 79.7203561, 28.9236645 ], [ 79.7207834, 28.9227236 ], [ 79.7201687, 28.9206151 ], [ 79.7203655, 28.9199428 ], [ 79.7185247, 28.9198628 ], [ 79.7188154, 28.918171 ], [ 79.7182406, 28.9175421 ], [ 79.7177612, 28.9176371 ], [ 79.7177298, 28.9169131 ], [ 79.7161251, 28.9170946 ], [ 79.7157272, 28.9164724 ], [ 79.7144473, 28.9156747 ], [ 79.7139937, 28.915939 ], [ 79.7138088, 28.9155465 ], [ 79.7130374, 28.9157275 ], [ 79.7123984, 28.9150377 ], [ 79.7120216, 28.9151733 ], [ 79.7121093, 28.915692 ], [ 79.711394, 28.9156587 ], [ 79.7106842, 28.9160674 ], [ 79.7105661, 28.9158735 ], [ 79.7036694, 28.918598 ], [ 79.7016603, 28.9197224 ], [ 79.7016786, 28.9201307 ], [ 79.7010329, 28.9207266 ], [ 79.7004429, 28.9202577 ], [ 79.7000229, 28.9208625 ], [ 79.6986128, 28.9208542 ], [ 79.698574, 28.9204709 ], [ 79.6891297, 28.9211546 ], [ 79.6890718, 28.9231103 ], [ 79.689567, 28.9236379 ], [ 79.6908129, 28.923432 ], [ 79.6932497, 28.9212722 ], [ 79.6947909, 28.9218329 ], [ 79.6942993, 28.9229294 ], [ 79.694415, 28.9234234 ], [ 79.6948229, 28.9235856 ], [ 79.695884, 28.9231587 ], [ 79.696425, 28.9233367 ], [ 79.6954355, 28.9234567 ], [ 79.6950592, 28.9243005 ], [ 79.692826, 28.9242926 ], [ 79.6921936, 28.9255358 ], [ 79.6922104, 28.9276628 ], [ 79.6912462, 28.9274422 ], [ 79.690926, 28.9279003 ], [ 79.6913086, 28.9288701 ], [ 79.691878, 28.9291923 ], [ 79.6948112, 28.9291141 ], [ 79.695653, 28.9303227 ], [ 79.6955538, 28.931437 ], [ 79.6965314, 28.9325079 ], [ 79.6959112, 28.9329256 ], [ 79.6939828, 28.9326288 ], [ 79.6927753, 28.9328415 ], [ 79.6920168, 28.9335997 ], [ 79.6923076, 28.9353093 ], [ 79.6929309, 28.9355549 ], [ 79.6928622, 28.9364121 ], [ 79.6937243, 28.9371108 ], [ 79.6927659, 28.9381308 ], [ 79.691689, 28.9382126 ], [ 79.6922591, 28.9394845 ], [ 79.6921208, 28.9397823 ], [ 79.6917056, 28.9400126 ], [ 79.690967, 28.9397828 ], [ 79.6905978, 28.9400808 ], [ 79.6909446, 28.9410144 ], [ 79.6904376, 28.9421109 ], [ 79.6907457, 28.9426521 ], [ 79.6988913, 28.9446915 ], [ 79.6989301, 28.9451515 ], [ 79.6993917, 28.9451784 ], [ 79.6997912, 28.9444338 ], [ 79.7077332, 28.9414517 ], [ 79.7091944, 28.9440899 ], [ 79.7088871, 28.9445908 ], [ 79.7094882, 28.9458085 ], [ 79.7092499, 28.9461064 ], [ 79.7104823, 28.9478784 ], [ 79.7108208, 28.9478376 ], [ 79.7118226, 28.9498671 ], [ 79.7112305, 28.9502464 ], [ 79.7116747, 28.9509746 ], [ 79.7144819, 28.9468383 ] ] ] } },
{ "type": "Feature", "properties": { "gp_code": "243131", "gp_name": "PANDARI", "blkname": "SITARGANJ", "dtname": "Udam Singh Nagar", "SHAPE_Area": 2485442.8933147937 }, "geometry": { "type": "Polygon", "coordinates": [ [ [ 79.7120216, 28.9151733 ], [ 79.712813, 28.9142457 ], [ 79.7135593, 28.9145047 ], [ 79.7152607, 28.9136171 ], [ 79.7160664, 28.9115841 ], [ 79.7163844, 28.911672 ], [ 79.7166132, 28.9123778 ], [ 79.7170309, 28.9122174 ], [ 79.7176517, 28.9098823 ], [ 79.7175051, 28.9091787 ], [ 79.717046, 28.9089715 ], [ 79.7153286, 28.9091532 ], [ 79.7151591, 28.9088758 ], [ 79.7140648, 28.9092442 ], [ 79.713849, 28.9086736 ], [ 79.7095285, 28.9104426 ], [ 79.7091178, 28.9097888 ], [ 79.7084566, 28.9100305 ], [ 79.7080973, 28.9094285 ], [ 79.7024256, 28.9113199 ], [ 79.7023943, 28.9105078 ], [ 79.7014561, 28.9105309 ], [ 79.7012405, 28.9101476 ], [ 79.7015325, 28.9099354 ], [ 79.7013683, 28.9097032 ], [ 79.7010736, 28.9098613 ], [ 79.7011424, 28.9092973 ], [ 79.7014834, 28.9093197 ], [ 79.7014752, 28.9087107 ], [ 79.7022186, 28.9086651 ], [ 79.7022, 28.9077087 ], [ 79.7008441, 28.9080772 ], [ 79.7008804, 28.908508 ], [ 79.6995632, 28.9090636 ], [ 79.6990945, 28.9096819 ], [ 79.6992536, 28.9100201 ], [ 79.6985875, 28.91051 ], [ 79.6991005, 28.9110578 ], [ 79.6991295, 28.9120729 ], [ 79.6978617, 28.9137066 ], [ 79.6966549, 28.9147087 ], [ 79.6955988, 28.9148514 ], [ 79.6956426, 28.9151085 ], [ 79.6949147, 28.9153413 ], [ 79.6949073, 28.9157698 ], [ 79.6881214, 28.9200544 ], [ 79.6891297, 28.9211546 ], [ 79.698574, 28.9204709 ], [ 79.6986128, 28.9208542 ], [ 79.7000229, 28.9208625 ], [ 79.7004429, 28.9202577 ], [ 79.7010329, 28.9207266 ], [ 79.7016786, 28.9201307 ], [ 79.7016603, 28.9197224 ], [ 79.7036694, 28.918598 ], [ 79.7105661, 28.9158735 ], [ 79.7106842, 28.9160674 ], [ 79.711394, 28.9156587 ], [ 79.7121093, 28.915692 ], [ 79.7120216, 28.9151733 ] ] ] } },
{ "type": "Feature", "properties": { "gp_code": "27321", "gp_name": "GAUTHA", "blkname": "SITARGANJ", "dtname": "Udam Singh Nagar", "SHAPE_Area": 2146486.7951172846 }, "geometry": { "type": "Polygon", "coordinates": [ [ [ 79.6995632, 28.9090636 ], [ 79.6985387, 28.9068199 ], [ 79.6988257, 28.9067091 ], [ 79.6986973, 28.9063753 ], [ 79.7003934, 28.9051609 ], [ 79.7003675, 28.9047211 ], [ 79.7000368, 28.9047009 ], [ 79.6999621, 28.9043063 ], [ 79.6993779, 28.9045141 ], [ 79.6986849, 28.9033032 ], [ 79.6969088, 28.9037463 ], [ 79.6973177, 28.9056904 ], [ 79.695285, 28.9057457 ], [ 79.6937892, 28.9076501 ], [ 79.6933941, 28.9070526 ], [ 79.6925202, 28.907308 ], [ 79.6928672, 28.9088935 ], [ 79.6909398, 28.9093343 ], [ 79.6900778, 28.9082565 ], [ 79.6893653, 28.9085659 ], [ 79.6889959, 28.9080969 ], [ 79.6865151, 28.9091673 ], [ 79.6854949, 28.9092873 ], [ 79.6819764, 28.9113369 ], [ 79.6819439, 28.9129271 ], [ 79.6833495, 28.9141017 ], [ 79.6840808, 28.9153307 ], [ 79.684146, 28.9173652 ], [ 79.6859488, 28.9181223 ], [ 79.6881214, 28.9200544 ], [ 79.6949073, 28.9157698 ], [ 79.6949147, 28.9153413 ], [ 79.6956426, 28.9151085 ], [ 79.6955988, 28.9148514 ], [ 79.6966549, 28.9147087 ], [ 79.6978617, 28.9137066 ], [ 79.6991295, 28.9120729 ], [ 79.6991005, 28.9110578 ], [ 79.6985875, 28.91051 ], [ 79.6992536, 28.9100201 ], [ 79.6990945, 28.9096819 ], [ 79.6995632, 28.9090636 ] ] ] } },
{ "type": "Feature", "properties": { "gp_code": "260001", "gp_name": "Loka", "blkname": "SITARGANJ", "dtname": "Udam Singh Nagar", "SHAPE_Area": 2366153.532005074 }, "geometry": { "type": "Polygon", "coordinates": [ [ [ 79.6928672, 28.9088935 ], [ 79.6912833, 28.9014259 ], [ 79.6890954, 28.894951 ], [ 79.6894925, 28.8947614 ], [ 79.689215, 28.8934081 ], [ 79.6886025, 28.8937107 ], [ 79.6888309, 28.8940918 ], [ 79.6882929, 28.8943876 ], [ 79.6879441, 28.8941463 ], [ 79.6869653, 28.8947378 ], [ 79.686491, 28.8944492 ], [ 79.6860682, 28.8947472 ], [ 79.6858479, 28.8949481 ], [ 79.6861685, 28.895248 ], [ 79.6858534, 28.8954533 ], [ 79.6860585, 28.8956156 ], [ 79.6837561, 28.8988219 ], [ 79.6816475, 28.9006138 ], [ 79.6799483, 28.9012416 ], [ 79.6790775, 28.9023359 ], [ 79.6772298, 28.9033291 ], [ 79.6779713, 28.9046484 ], [ 79.6778285, 28.9060514 ], [ 79.6770755, 28.9074164 ], [ 79.6748174, 28.908121 ], [ 79.6750385, 28.9094044 ], [ 79.6742849, 28.9093348 ], [ 79.6747135, 28.9104962 ], [ 79.6757389, 28.9105274 ], [ 79.6773022, 28.9096651 ], [ 79.6819764, 28.9113369 ], [ 79.6854949, 28.9092873 ], [ 79.6865151, 28.9091673 ], [ 79.6889959, 28.9080969 ], [ 79.6893653, 28.9085659 ], [ 79.6900778, 28.9082565 ], [ 79.6909398, 28.9093343 ], [ 79.6928672, 28.9088935 ] ] ] } },
{ "type": "Feature", "properties": { "gp_code": "27336", "gp_name": "NAKAHA", "blkname": "SITARGANJ", "dtname": "Udam Singh Nagar", "SHAPE_Area": 5268058.1634792835 }, "geometry": { "type": "Polygon", "coordinates": [ [ [ 79.6772298, 28.9033291 ], [ 79.6790775, 28.9023359 ], [ 79.6799483, 28.9012416 ], [ 79.6821266, 28.9002572 ], [ 79.6845681, 28.8979532 ], [ 79.6860585, 28.8956156 ], [ 79.6858534, 28.8954533 ], [ 79.6861685, 28.895248 ], [ 79.6858479, 28.8949481 ], [ 79.686491, 28.8944492 ], [ 79.6869653, 28.8947378 ], [ 79.6873855, 28.8944579 ], [ 79.6835779, 28.8874965 ], [ 79.6844641, 28.8864811 ], [ 79.6855991, 28.885973 ], [ 79.6861056, 28.8843555 ], [ 79.6846378, 28.8810765 ], [ 79.6848537, 28.8792917 ], [ 79.68129, 28.8795328 ], [ 79.6791404, 28.8807247 ], [ 79.6788563, 28.8812842 ], [ 79.6750234, 28.8832707 ], [ 79.6751414, 28.8836315 ], [ 79.6706696, 28.8845444 ], [ 79.6679125, 28.8858988 ], [ 79.6676919, 28.8854499 ], [ 79.665055, 28.8863463 ], [ 79.6615273, 28.8901773 ], [ 79.6612921, 28.8920337 ], [ 79.6623002, 28.8941267 ], [ 79.6629591, 28.8947513 ], [ 79.6630749, 28.8960144 ], [ 79.6637311, 28.8960977 ], [ 79.6648302, 28.8947417 ], [ 79.666004, 28.8946918 ], [ 79.6668629, 28.8950569 ], [ 79.6681348, 28.8964866 ], [ 79.6690199, 28.8984397 ], [ 79.6701062, 28.8972912 ], [ 79.6695228, 28.899547 ], [ 79.6703305, 28.9002866 ], [ 79.6712074, 28.900778 ], [ 79.6717811, 28.8998755 ], [ 79.6743757, 28.901034 ], [ 79.6747246, 28.9015256 ], [ 79.6744538, 28.903452 ], [ 79.6746183, 28.9044241 ], [ 79.6756818, 28.903844 ], [ 79.6757758, 28.9021928 ], [ 79.6772298, 28.9033291 ] ] ] } },
{ "type": "Feature", "properties": { "gp_code": "27329", "gp_name": "KUNWARPUR", "blkname": "SITARGANJ", "dtname": "Udam Singh Nagar", "SHAPE_Area": 2591947.9756073281 }, "geometry": { "type": "Polygon", "coordinates": [ [ [ 79.6804804, 28.879946 ], [ 79.6742581, 28.8696514 ], [ 79.6738227, 28.8699538 ], [ 79.6736176, 28.86976 ], [ 79.672091, 28.8711161 ], [ 79.6716476, 28.8710012 ], [ 79.6712039, 28.8702007 ], [ 79.6700995, 28.8702575 ], [ 79.6698917, 28.8696372 ], [ 79.6684414, 28.8697527 ], [ 79.6657132, 28.8655671 ], [ 79.6633229, 28.866831 ], [ 79.6642822, 28.8693435 ], [ 79.6662258, 28.8723091 ], [ 79.6679944, 28.8732761 ], [ 79.6696299, 28.8747034 ], [ 79.6692925, 28.8765667 ], [ 79.6689388, 28.8765601 ], [ 79.669321, 28.8773539 ], [ 79.66887, 28.877433 ], [ 79.6689704, 28.8783781 ], [ 79.6675789, 28.8784642 ], [ 79.6676252, 28.8791251 ], [ 79.6661365, 28.8796895 ], [ 79.6662161, 28.8799128 ], [ 79.6611712, 28.8832256 ], [ 79.6586392, 28.8837134 ], [ 79.6588085, 28.8841397 ], [ 79.6654213, 28.8857574 ], [ 79.665055, 28.8863463 ], [ 79.6676919, 28.8854499 ], [ 79.6679125, 28.8858988 ], [ 79.6706696, 28.8845444 ], [ 79.6751414, 28.8836315 ], [ 79.6750234, 28.8832707 ], [ 79.6788563, 28.8812842 ], [ 79.6791404, 28.8807247 ], [ 79.6804804, 28.879946 ] ] ] } },
{ "type": "Feature", "properties": { "gp_code": "27310", "gp_name": "BHITAURA", "blkname": "SITARGANJ", "dtname": "Udam Singh Nagar", "SHAPE_Area": 4520061.9328931822 }, "geometry": { "type": "Polygon", "coordinates": [ [ [ 79.6873855, 28.8944579 ], [ 79.6888309, 28.8940918 ], [ 79.6886025, 28.8937107 ], [ 79.6889919, 28.8934827 ], [ 79.689215, 28.8934081 ], [ 79.6893664, 28.8938412 ], [ 79.6906193, 28.8931188 ], [ 79.6910014, 28.8934682 ], [ 79.6955957, 28.8915237 ], [ 79.6969951, 28.8885193 ], [ 79.6965547, 28.8849547 ], [ 79.6978823, 28.8846744 ], [ 79.6988427, 28.8838438 ], [ 79.7017403, 28.8825068 ], [ 79.7024476, 28.8822606 ], [ 79.7025401, 28.8827951 ], [ 79.7039413, 28.8818672 ], [ 79.7030404, 28.880052 ], [ 79.7032735, 28.8798466 ], [ 79.7030117, 28.8793347 ], [ 79.7041542, 28.8786754 ], [ 79.7045996, 28.8779849 ], [ 79.7041341, 28.8758852 ], [ 79.704941, 28.8754494 ], [ 79.7047248, 28.8741818 ], [ 79.7053165, 28.8739446 ], [ 79.7045054, 28.8722827 ], [ 79.7013773, 28.8732003 ], [ 79.700759, 28.8722871 ], [ 79.6994345, 28.8728203 ], [ 79.6993267, 28.8724887 ], [ 79.6984657, 28.8725726 ], [ 79.698501, 28.871844 ], [ 79.6977526, 28.8715445 ], [ 79.6958972, 28.8713831 ], [ 79.6938861, 28.8720202 ], [ 79.6933705, 28.8714204 ], [ 79.6923717, 28.8721766 ], [ 79.6921997, 28.8717527 ], [ 79.6917768, 28.8716739 ], [ 79.6894527, 28.8718713 ], [ 79.6860045, 28.8735578 ], [ 79.686197, 28.8741398 ], [ 79.6847294, 28.8754103 ], [ 79.6859866, 28.8780128 ], [ 79.6850772, 28.8787552 ], [ 79.6846378, 28.8810765 ], [ 79.6861056, 28.8843555 ], [ 79.6855991, 28.885973 ], [ 79.6844641, 28.8864811 ], [ 79.6835779, 28.8874965 ], [ 79.6873855, 28.8944579 ] ] ] } },
{ "type": "Feature", "properties": { "gp_code": "259994", "gp_name": "Karghatiya", "blkname": "SITARGANJ", "dtname": "Udam Singh Nagar", "SHAPE_Area": 4777614.0936444141 }, "geometry": { "type": "Polygon", "coordinates": [ [ [ 79.6937892, 28.9076501 ], [ 79.695285, 28.9057457 ], [ 79.6973177, 28.9056904 ], [ 79.6969088, 28.9037463 ], [ 79.6978212, 28.9036375 ], [ 79.7024133, 28.901562 ], [ 79.707231, 28.900014 ], [ 79.7108064, 28.8996035 ], [ 79.7124488, 28.9018987 ], [ 79.7125748, 28.9023408 ], [ 79.7120955, 28.902429 ], [ 79.712419, 28.9030964 ], [ 79.7128573, 28.9030263 ], [ 79.7133786, 28.9041492 ], [ 79.7129994, 28.9042848 ], [ 79.7136593, 28.9055971 ], [ 79.7135651, 28.9062603 ], [ 79.7139191, 28.9066143 ], [ 79.7163717, 28.9059742 ], [ 79.7167622, 28.9069055 ], [ 79.7173851, 28.9069164 ], [ 79.7178718, 28.9066409 ], [ 79.7180302, 28.9060295 ], [ 79.7203954, 28.9049993 ], [ 79.7211174, 28.9040627 ], [ 79.7208555, 28.9037493 ], [ 79.7215909, 28.9034082 ], [ 79.7228701, 28.9034682 ], [ 79.7233351, 28.9018325 ], [ 79.7230269, 28.9013072 ], [ 79.7236058, 28.9007112 ], [ 79.7242054, 28.9006025 ], [ 79.7250437, 28.8979718 ], [ 79.7249684, 28.8969366 ], [ 79.7241732, 28.896362 ], [ 79.7244189, 28.896019 ], [ 79.7241725, 28.8956966 ], [ 79.723365, 28.8955686 ], [ 79.7227825, 28.8948111 ], [ 79.721547, 28.8947647 ], [ 79.7208929, 28.8942892 ], [ 79.7213732, 28.8925542 ], [ 79.7206988, 28.8921488 ], [ 79.7205777, 28.8914676 ], [ 79.7200957, 28.8913304 ], [ 79.7157278, 28.8936793 ], [ 79.7133545, 28.8939199 ], [ 79.7114202, 28.894943 ], [ 79.7096747, 28.8949261 ], [ 79.7090157, 28.8946062 ], [ 79.703486, 28.896554 ], [ 79.7031703, 28.8960443 ], [ 79.7026885, 28.8960018 ], [ 79.7002556, 28.8918121 ], [ 79.6999455, 28.8919522 ], [ 79.6983369, 28.889826 ], [ 79.6973683, 28.8899055 ], [ 79.6969951, 28.8885193 ], [ 79.6955957, 28.8915237 ], [ 79.6910014, 28.8934682 ], [ 79.6906193, 28.8931188 ], [ 79.6893664, 28.8938412 ], [ 79.6894925, 28.8947614 ], [ 79.6890954, 28.894951 ], [ 79.6912833, 28.9014259 ], [ 79.6925202, 28.907308 ], [ 79.6933941, 28.9070526 ], [ 79.6937892, 28.9076501 ] ] ] } },
{ "type": "Feature", "properties": { "gp_code": "27320", "gp_name": "GAURI KHERA", "blkname": "SITARGANJ", "dtname": "Udam Singh Nagar", "SHAPE_Area": 1891057.9789234428 }, "geometry": { "type": "Polygon", "coordinates": [ [ [ 79.717046, 28.9089715 ], [ 79.7175321, 28.9079899 ], [ 79.7173851, 28.9069164 ], [ 79.7167622, 28.9069055 ], [ 79.7163717, 28.9059742 ], [ 79.7139191, 28.9066143 ], [ 79.7135651, 28.9062603 ], [ 79.7136593, 28.9055971 ], [ 79.7129994, 28.9042848 ], [ 79.7133786, 28.9041492 ], [ 79.7128573, 28.9030263 ], [ 79.712419, 28.9030964 ], [ 79.7120955, 28.902429 ], [ 79.7125748, 28.9023408 ], [ 79.7124488, 28.9018987 ], [ 79.7108064, 28.8996035 ], [ 79.707231, 28.900014 ], [ 79.7024133, 28.901562 ], [ 79.6986849, 28.9033032 ], [ 79.6993779, 28.9045141 ], [ 79.6999621, 28.9043063 ], [ 79.7000368, 28.9047009 ], [ 79.7003675, 28.9047211 ], [ 79.7003934, 28.9051609 ], [ 79.6986973, 28.9063753 ], [ 79.6988257, 28.9067091 ], [ 79.6985387, 28.9068199 ], [ 79.6995632, 28.9090636 ], [ 79.7008804, 28.908508 ], [ 79.7008441, 28.9080772 ], [ 79.7022, 28.9077087 ], [ 79.7022186, 28.9086651 ], [ 79.7014752, 28.9087107 ], [ 79.7014834, 28.9093197 ], [ 79.7011424, 28.9092973 ], [ 79.7010736, 28.9098613 ], [ 79.7013683, 28.9097032 ], [ 79.7015325, 28.9099354 ], [ 79.7012405, 28.9101476 ], [ 79.7014561, 28.9105309 ], [ 79.7023943, 28.9105078 ], [ 79.7024256, 28.9113199 ], [ 79.7080973, 28.9094285 ], [ 79.7084566, 28.9100305 ], [ 79.7091178, 28.9097888 ], [ 79.7095285, 28.9104426 ], [ 79.713849, 28.9086736 ], [ 79.7140648, 28.9092442 ], [ 79.7151591, 28.9088758 ], [ 79.7153286, 28.9091532 ], [ 79.717046, 28.9089715 ] ] ] } },
{ "type": "Feature", "properties": { "gp_code": "27333", "gp_name": "MALPURI", "blkname": "SITARGANJ", "dtname": "Udam Singh Nagar", "SHAPE_Area": 6916234.2340173665 }, "geometry": { "type": "Polygon", "coordinates": [ [ [ 79.703486, 28.896554 ], [ 79.7090157, 28.8946062 ], [ 79.7096747, 28.8949261 ], [ 79.7114202, 28.894943 ], [ 79.7133545, 28.8939199 ], [ 79.7157278, 28.8936793 ], [ 79.7200957, 28.8913304 ], [ 79.7205777, 28.8914676 ], [ 79.7206988, 28.8921488 ], [ 79.7213707, 28.8926535 ], [ 79.7224393, 28.8923844 ], [ 79.7328208, 28.8884358 ], [ 79.7332699, 28.8866264 ], [ 79.7331863, 28.885131 ], [ 79.7329454, 28.8851244 ], [ 79.7322301, 28.8823911 ], [ 79.7313702, 28.8810182 ], [ 79.7317929, 28.8808622 ], [ 79.7309586, 28.8795321 ], [ 79.7303123, 28.8789709 ], [ 79.7295998, 28.8789828 ], [ 79.7292295, 28.8803003 ], [ 79.7279937, 28.8797193 ], [ 79.7264192, 28.8814258 ], [ 79.7252937, 28.8808943 ], [ 79.7245279, 28.8813753 ], [ 79.7237484, 28.8836586 ], [ 79.7228777, 28.8843382 ], [ 79.721427, 28.8842603 ], [ 79.7212346, 28.8840055 ], [ 79.7209683, 28.8842336 ], [ 79.7203194, 28.8837356 ], [ 79.7187101, 28.8838968 ], [ 79.7186866, 28.8834705 ], [ 79.7180716, 28.8835567 ], [ 79.716318, 28.8799488 ], [ 79.7146906, 28.8799296 ], [ 79.714572, 28.8790974 ], [ 79.7137467, 28.8790167 ], [ 79.7131825, 28.8785502 ], [ 79.7146621, 28.8765417 ], [ 79.7125, 28.8714409 ], [ 79.7127478, 28.8704415 ], [ 79.712263, 28.8699726 ], [ 79.7127748, 28.86907 ], [ 79.7084071, 28.8708322 ], [ 79.7078663, 28.8707378 ], [ 79.7045054, 28.8722827 ], [ 79.7053165, 28.8739446 ], [ 79.7047248, 28.8741818 ], [ 79.704941, 28.8754494 ], [ 79.7041341, 28.8758852 ], [ 79.7045996, 28.8779849 ], [ 79.7041542, 28.8786754 ], [ 79.7030117, 28.8793347 ], [ 79.7032735, 28.8798466 ], [ 79.7030404, 28.880052 ], [ 79.7039413, 28.8818672 ], [ 79.7025401, 28.8827951 ], [ 79.7024476, 28.8822606 ], [ 79.7017403, 28.8825068 ], [ 79.6988427, 28.8838438 ], [ 79.6978823, 28.8846744 ], [ 79.6965547, 28.8849547 ], [ 79.6968495, 28.8877105 ], [ 79.6973683, 28.8899055 ], [ 79.6983369, 28.889826 ], [ 79.6999455, 28.8919522 ], [ 79.7002556, 28.8918121 ], [ 79.7026885, 28.8960018 ], [ 79.7031703, 28.8960443 ], [ 79.703486, 28.896554 ] ] ] } },
{ "type": "Feature", "properties": { "gp_code": "27346", "gp_name": "SARKADA", "blkname": "SITARGANJ", "dtname": "Udam Singh Nagar", "SHAPE_Area": 4024738.0417025345 }, "geometry": { "type": "Polygon", "coordinates": [ [ [ 79.7104175, 28.8601099 ], [ 79.7108237, 28.8586277 ], [ 79.7106336, 28.8579894 ], [ 79.7127321, 28.8579836 ], [ 79.7144247, 28.856866 ], [ 79.7144134, 28.8555148 ], [ 79.7165171, 28.8528449 ], [ 79.7158413, 28.8507409 ], [ 79.7163225, 28.8501158 ], [ 79.7160886, 28.8492294 ], [ 79.7118624, 28.8506421 ], [ 79.7102714, 28.8506701 ], [ 79.709621, 28.8511036 ], [ 79.7086054, 28.8497712 ], [ 79.7062493, 28.8444493 ], [ 79.7075223, 28.8441689 ], [ 79.7066693, 28.8410092 ], [ 79.6971389, 28.8440305 ], [ 79.6929182, 28.8459139 ], [ 79.6925489, 28.8453321 ], [ 79.691988, 28.8455039 ], [ 79.691552, 28.8449221 ], [ 79.6899613, 28.8453289 ], [ 79.6925017, 28.8476036 ], [ 79.69327, 28.851122 ], [ 79.693724, 28.8519789 ], [ 79.6967901, 28.8545081 ], [ 79.698557, 28.8567425 ], [ 79.6986293, 28.8576831 ], [ 79.7000127, 28.8607184 ], [ 79.7024819, 28.8597764 ], [ 79.7029768, 28.8601505 ], [ 79.7038219, 28.8596289 ], [ 79.7057503, 28.8616963 ], [ 79.7104175, 28.8601099 ] ] ] } },
{ "type": "Feature", "properties": { "gp_code": "27325", "gp_name": "HALDUWA", "blkname": "SITARGANJ", "dtname": "Udam Singh Nagar", "SHAPE_Area": 10583059.255724104 }, "geometry": { "type": "Polygon", "coordinates": [ [ [ 79.68129, 28.8795328 ], [ 79.6848537, 28.8792917 ], [ 79.6859866, 28.8780128 ], [ 79.6847294, 28.8754103 ], [ 79.686197, 28.8741398 ], [ 79.6860045, 28.8735578 ], [ 79.6894527, 28.8718713 ], [ 79.6917768, 28.8716739 ], [ 79.6921997, 28.8717527 ], [ 79.6923717, 28.8721766 ], [ 79.6933705, 28.8714204 ], [ 79.6938861, 28.8720202 ], [ 79.6958972, 28.8713831 ], [ 79.6977526, 28.8715445 ], [ 79.698501, 28.871844 ], [ 79.6984657, 28.8725726 ], [ 79.6993267, 28.8724887 ], [ 79.6994345, 28.8728203 ], [ 79.700759, 28.8722871 ], [ 79.7013773, 28.8732003 ], [ 79.7045054, 28.8722827 ], [ 79.7078663, 28.8707378 ], [ 79.7084071, 28.8708322 ], [ 79.7127748, 28.86907 ], [ 79.7129251, 28.8680594 ], [ 79.7124326, 28.8675838 ], [ 79.7123756, 28.8666748 ], [ 79.7117573, 28.8658632 ], [ 79.7116898, 28.8647309 ], [ 79.711169, 28.8640704 ], [ 79.7114577, 28.862922 ], [ 79.7106494, 28.8617225 ], [ 79.7104175, 28.8601099 ], [ 79.7057503, 28.8616963 ], [ 79.7038219, 28.8596289 ], [ 79.7029768, 28.8601505 ], [ 79.7024819, 28.8597764 ], [ 79.7000127, 28.8607184 ], [ 79.6986293, 28.8576831 ], [ 79.698557, 28.8567425 ], [ 79.6967901, 28.8545081 ], [ 79.693724, 28.8519789 ], [ 79.69327, 28.851122 ], [ 79.6927173, 28.8481696 ], [ 79.6920839, 28.8472564 ], [ 79.6916925, 28.8481544 ], [ 79.6880266, 28.8487584 ], [ 79.6846327, 28.8499622 ], [ 79.6831621, 28.8499742 ], [ 79.6831444, 28.8503892 ], [ 79.6825092, 28.8506286 ], [ 79.6832246, 28.8518779 ], [ 79.6826663, 28.8522594 ], [ 79.6830639, 28.8530486 ], [ 79.6823057, 28.8534663 ], [ 79.6836673, 28.855322 ], [ 79.6818925, 28.8567912 ], [ 79.6786959, 28.8587098 ], [ 79.6773843, 28.8592698 ], [ 79.6767355, 28.8582641 ], [ 79.6735665, 28.8591291 ], [ 79.6728947, 28.8582384 ], [ 79.6721234, 28.8580131 ], [ 79.6684294, 28.8596362 ], [ 79.6682551, 28.8594445 ], [ 79.6676736, 28.8599071 ], [ 79.6674353, 28.8596974 ], [ 79.6657088, 28.860898 ], [ 79.6634159, 28.861943 ], [ 79.6684414, 28.8697527 ], [ 79.6698917, 28.8696372 ], [ 79.6700995, 28.8702575 ], [ 79.6712039, 28.8702007 ], [ 79.6716476, 28.8710012 ], [ 79.672091, 28.8711161 ], [ 79.6736176, 28.86976 ], [ 79.6738227, 28.8699538 ], [ 79.6742581, 28.8696514 ], [ 79.6801956, 28.8795739 ], [ 79.6804804, 28.879946 ], [ 79.68129, 28.8795328 ] ] ] } },
{ "type": "Feature", "properties": { "gp_code": "27348", "gp_name": "SISAIYA", "blkname": "SITARGANJ", "dtname": "Udam Singh Nagar", "SHAPE_Area": 8235555.4768712595 }, "geometry": { "type": "Polygon", "coordinates": [ [ [ 79.669321, 28.8773539 ], [ 79.6689388, 28.8765601 ], [ 79.6692925, 28.8765667 ], [ 79.6696299, 28.8747034 ], [ 79.6679944, 28.8732761 ], [ 79.6662258, 28.8723091 ], [ 79.6642822, 28.8693435 ], [ 79.6631204, 28.8665987 ], [ 79.6604177, 28.8683521 ], [ 79.6560491, 28.8697697 ], [ 79.6555746, 28.8684142 ], [ 79.6534915, 28.8692109 ], [ 79.6530327, 28.8684666 ], [ 79.6513286, 28.8685865 ], [ 79.6509465, 28.8677769 ], [ 79.649486, 28.8678809 ], [ 79.6487041, 28.8664284 ], [ 79.6474486, 28.8670173 ], [ 79.6456673, 28.8646921 ], [ 79.6459132, 28.8644349 ], [ 79.6448573, 28.8634267 ], [ 79.6398918, 28.8659515 ], [ 79.6383288, 28.8651938 ], [ 79.6360074, 28.8668113 ], [ 79.6341648, 28.8649393 ], [ 79.6326196, 28.864186 ], [ 79.6322814, 28.8656499 ], [ 79.6312079, 28.8671793 ], [ 79.630634, 28.867653 ], [ 79.6286404, 28.8677523 ], [ 79.6281766, 28.8682395 ], [ 79.6287918, 28.8725275 ], [ 79.6305141, 28.8782139 ], [ 79.6337665, 28.8808979 ], [ 79.6405964, 28.8816461 ], [ 79.6443076, 28.8828321 ], [ 79.6564251, 28.884526 ], [ 79.6588085, 28.8841397 ], [ 79.6586392, 28.8837134 ], [ 79.6611712, 28.8832256 ], [ 79.6662161, 28.8799128 ], [ 79.6661365, 28.8796895 ], [ 79.6676252, 28.8791251 ], [ 79.6675789, 28.8784642 ], [ 79.6689704, 28.8783781 ], [ 79.66887, 28.877433 ], [ 79.669321, 28.8773539 ] ] ] } },
{ "type": "Feature", "properties": { "gp_code": "27265", "gp_name": "BARI", "blkname": "RUDRAPUR", "dtname": "Udam Singh Nagar", "SHAPE_Area": 6379972.7390544461 }, "geometry": { "type": "Polygon", "coordinates": [ [ [ 79.6314498, 28.8815567 ], [ 79.6287918, 28.8725275 ], [ 79.6281587, 28.8687313 ], [ 79.6281766, 28.8682395 ], [ 79.6286404, 28.8677523 ], [ 79.630634, 28.867653 ], [ 79.6322814, 28.8656499 ], [ 79.6325657, 28.8633491 ], [ 79.6309231, 28.8611207 ], [ 79.6293832, 28.8615809 ], [ 79.6287119, 28.8622034 ], [ 79.6280201, 28.8644952 ], [ 79.6263495, 28.86669 ], [ 79.6260113, 28.8664869 ], [ 79.6258652, 28.8656028 ], [ 79.624438, 28.8655915 ], [ 79.6213785, 28.864308 ], [ 79.6133082, 28.8528263 ], [ 79.6088012, 28.8547229 ], [ 79.6081709, 28.8547364 ], [ 79.6038969, 28.8568335 ], [ 79.6034635, 28.858656 ], [ 79.6068731, 28.8624234 ], [ 79.6081514, 28.864607 ], [ 79.6058298, 28.8651774 ], [ 79.608507, 28.8689492 ], [ 79.609237, 28.8705644 ], [ 79.6095419, 28.8705057 ], [ 79.610139, 28.8712569 ], [ 79.6102312, 28.8715208 ], [ 79.6097827, 28.8717464 ], [ 79.6108919, 28.8746314 ], [ 79.6133515, 28.8791045 ], [ 79.6130926, 28.8794136 ], [ 79.6137026, 28.8799256 ], [ 79.6152147, 28.8787505 ], [ 79.6162116, 28.8791746 ], [ 79.6188128, 28.8784102 ], [ 79.6204529, 28.8796531 ], [ 79.6212731, 28.8778802 ], [ 79.6236793, 28.8827479 ], [ 79.6253837, 28.8821975 ], [ 79.6300043, 28.881956 ], [ 79.630886, 28.8824771 ], [ 79.6312627, 28.8822582 ], [ 79.6314498, 28.8815567 ] ] ] } },
{ "type": "Feature", "properties": { "gp_code": "27232", "gp_name": "MAJHOLA", "blkname": "KHATIMA", "dtname": "Udam Singh Nagar", "SHAPE_Area": 11838538.1955043 }, "geometry": { "type": "Polygon", "coordinates": [ [ [ 79.8437458, 28.8254369 ], [ 79.8447141, 28.8254819 ], [ 79.8456546, 28.8269117 ], [ 79.8464281, 28.8266544 ], [ 79.8464842, 28.8261739 ], [ 79.8455975, 28.8244982 ], [ 79.8471366, 28.8239068 ], [ 79.8462322, 28.8228852 ], [ 79.8478524, 28.8195329 ], [ 79.8466225, 28.8181866 ], [ 79.8466145, 28.8174377 ], [ 79.849657, 28.816591 ], [ 79.849946, 28.8154789 ], [ 79.8521206, 28.8156587 ], [ 79.8529368, 28.8137299 ], [ 79.8525985, 28.8132947 ], [ 79.8508492, 28.81302 ], [ 79.8494658, 28.8119196 ], [ 79.8475115, 28.8112096 ], [ 79.8465866, 28.8104407 ], [ 79.8466709, 28.8097211 ], [ 79.8478978, 28.8099712 ], [ 79.8488964, 28.8094995 ], [ 79.8500901, 28.8104645 ], [ 79.8507586, 28.810453 ], [ 79.8513859, 28.8098213 ], [ 79.8516569, 28.8088333 ], [ 79.8503139, 28.8060141 ], [ 79.850849, 28.8057816 ], [ 79.852053, 28.8065662 ], [ 79.8528929, 28.8061328 ], [ 79.8528773, 28.8055803 ], [ 79.8521342, 28.8044684 ], [ 79.8505946, 28.8033343 ], [ 79.8507251, 28.8029576 ], [ 79.8523738, 28.8018969 ], [ 79.8505708, 28.8014847 ], [ 79.849341, 28.7996376 ], [ 79.8484524, 28.7995499 ], [ 79.8476204, 28.8002177 ], [ 79.8460045, 28.8003242 ], [ 79.8454694, 28.8007461 ], [ 79.8460127, 28.8016257 ], [ 79.8460879, 28.8047385 ], [ 79.8452147, 28.8048041 ], [ 79.8442081, 28.8042766 ], [ 79.8434245, 28.8044301 ], [ 79.84261, 28.8039499 ], [ 79.8415217, 28.8042704 ], [ 79.841117, 28.8040269 ], [ 79.8410757, 28.8028224 ], [ 79.8397492, 28.8032648 ], [ 79.8393523, 28.8030844 ], [ 79.8402765, 28.8018165 ], [ 79.8389575, 28.801686 ], [ 79.8384299, 28.8012214 ], [ 79.838463, 28.8006529 ], [ 79.8398636, 28.8001745 ], [ 79.8386495, 28.7989364 ], [ 79.8383189, 28.7975334 ], [ 79.8357915, 28.797685 ], [ 79.834332, 28.7985853 ], [ 79.8338299, 28.7974959 ], [ 79.8330794, 28.7968216 ], [ 79.8308056, 28.7977264 ], [ 79.8295275, 28.7958408 ], [ 79.8282344, 28.7960372 ], [ 79.8269309, 28.7949705 ], [ 79.8264879, 28.7952029 ], [ 79.825976, 28.7967458 ], [ 79.8243194, 28.7982865 ], [ 79.8239148, 28.7981197 ], [ 79.824204, 28.7967866 ], [ 79.8228851, 28.7956317 ], [ 79.8215996, 28.7955259 ], [ 79.8199506, 28.7961079 ], [ 79.81813, 28.7975787 ], [ 79.8155002, 28.8009284 ], [ 79.8152365, 28.8020112 ], [ 79.8145706, 28.8026067 ], [ 79.8132339, 28.8026135 ], [ 79.8128139, 28.8019638 ], [ 79.8130137, 28.800227 ], [ 79.8145449, 28.7988894 ], [ 79.8146755, 28.7976758 ], [ 79.8139354, 28.7968841 ], [ 79.8132415, 28.7969427 ], [ 79.812079, 28.7981022 ], [ 79.8101917, 28.7982984 ], [ 79.8073158, 28.8018781 ], [ 79.8066831, 28.8034615 ], [ 79.8072259, 28.8056585 ], [ 79.8093796, 28.808327 ], [ 79.8124042, 28.8106301 ], [ 79.8142995, 28.8148346 ], [ 79.816451, 28.8169188 ], [ 79.8176957, 28.816436 ], [ 79.817967, 28.8146157 ], [ 79.8185023, 28.8134157 ], [ 79.8198955, 28.8121637 ], [ 79.8191193, 28.8094141 ], [ 79.8198847, 28.8064027 ], [ 79.8189704, 28.8054735 ], [ 79.820215, 28.8049975 ], [ 79.8215928, 28.8053606 ], [ 79.8236033, 28.8065762 ], [ 79.8242871, 28.8072731 ], [ 79.8250787, 28.8089828 ], [ 79.8255146, 28.8133791 ], [ 79.8260425, 28.8149309 ], [ 79.8290522, 28.8174117 ], [ 79.8294468, 28.8181448 ], [ 79.8296955, 28.8194553 ], [ 79.8291194, 28.8206531 ], [ 79.8291528, 28.8213907 ], [ 79.8324496, 28.8235377 ], [ 79.8326651, 28.8253083 ], [ 79.8347096, 28.8272365 ], [ 79.8350302, 28.8294854 ], [ 79.8369007, 28.83177 ], [ 79.8382329, 28.8323563 ], [ 79.8428982, 28.8258792 ], [ 79.8437458, 28.8254369 ] ] ] } },
{ "type": "Feature", "properties": { "gp_code": "27332", "gp_name": "MAINA JHUNDI", "blkname": "SITARGANJ", "dtname": "Udam Singh Nagar", "SHAPE_Area": 3522944.0332360258 }, "geometry": { "type": "Polygon", "coordinates": [ [ [ 79.7126591, 28.8716731 ], [ 79.7154644, 28.8709066 ], [ 79.7156825, 28.8711862 ], [ 79.7188226, 28.8695238 ], [ 79.7194739, 28.8698549 ], [ 79.7224151, 28.8694039 ], [ 79.7228129, 28.869936 ], [ 79.7242268, 28.8694387 ], [ 79.7264655, 28.8684063 ], [ 79.7261986, 28.8678921 ], [ 79.7273638, 28.8672371 ], [ 79.7269686, 28.8666893 ], [ 79.727299, 28.8665198 ], [ 79.7271218, 28.8661613 ], [ 79.7277135, 28.8658925 ], [ 79.7252442, 28.8614598 ], [ 79.7263712, 28.860974 ], [ 79.724198, 28.8579959 ], [ 79.7241276, 28.8566674 ], [ 79.7227068, 28.8552339 ], [ 79.723446, 28.8539408 ], [ 79.7233989, 28.8528897 ], [ 79.7226601, 28.8519068 ], [ 79.7205833, 28.850273 ], [ 79.7210489, 28.8495057 ], [ 79.7198411, 28.8455975 ], [ 79.7189626, 28.8457831 ], [ 79.7188137, 28.8483659 ], [ 79.7185477, 28.8488083 ], [ 79.7160886, 28.8492294 ], [ 79.7163225, 28.8501158 ], [ 79.7158413, 28.8507409 ], [ 79.7165171, 28.8528449 ], [ 79.7144134, 28.8555148 ], [ 79.7144247, 28.856866 ], [ 79.7127321, 28.8579836 ], [ 79.7106336, 28.8579894 ], [ 79.7108237, 28.8586277 ], [ 79.7104175, 28.8601099 ], [ 79.7106494, 28.8617225 ], [ 79.7114577, 28.862922 ], [ 79.711169, 28.8640704 ], [ 79.7116898, 28.8647309 ], [ 79.7117573, 28.8658632 ], [ 79.7123756, 28.8666748 ], [ 79.7124326, 28.8675838 ], [ 79.7129251, 28.8680594 ], [ 79.712263, 28.8699726 ], [ 79.7127478, 28.8704415 ], [ 79.7125, 28.8714409 ], [ 79.7126591, 28.8716731 ] ] ] } },
{ "type": "Feature", "properties": { "gp_code": "27323", "gp_name": "GOVINDPUR", "blkname": "SITARGANJ", "dtname": "Udam Singh Nagar", "SHAPE_Area": 3635004.5656528422 }, "geometry": { "type": "Polygon", "coordinates": [ [ [ 79.7394896, 28.874495 ], [ 79.7410316, 28.8739636 ], [ 79.741327, 28.8744505 ], [ 79.7460524, 28.8744486 ], [ 79.7474985, 28.8728932 ], [ 79.7490221, 28.8719171 ], [ 79.7492542, 28.8704851 ], [ 79.7476196, 28.8690878 ], [ 79.747496, 28.8686278 ], [ 79.7480738, 28.8675333 ], [ 79.7456486, 28.8599204 ], [ 79.7433706, 28.8597262 ], [ 79.7426982, 28.8588426 ], [ 79.7413329, 28.8591595 ], [ 79.7403966, 28.858204 ], [ 79.7382475, 28.8587562 ], [ 79.7365153, 28.8562606 ], [ 79.7320392, 28.8587522 ], [ 79.7252442, 28.8614598 ], [ 79.7277135, 28.8658925 ], [ 79.7289302, 28.8655171 ], [ 79.7292075, 28.8659161 ], [ 79.7303241, 28.8654551 ], [ 79.7305755, 28.8657459 ], [ 79.7315055, 28.8655625 ], [ 79.7316262, 28.865833 ], [ 79.7327027, 28.8660059 ], [ 79.7342153, 28.8692866 ], [ 79.7338005, 28.8695554 ], [ 79.7339197, 28.8708117 ], [ 79.7342341, 28.8724964 ], [ 79.7348012, 28.8732493 ], [ 79.7358423, 28.8738236 ], [ 79.7374053, 28.8736576 ], [ 79.7394896, 28.874495 ] ] ] } },
{ "type": "Feature", "properties": { "gp_code": "260370", "gp_name": "KHUNSARA", "blkname": "SITARGANJ", "dtname": "Udam Singh Nagar", "SHAPE_Area": 4094661.898164351 }, "geometry": { "type": "Polygon", "coordinates": [ [ [ 79.7225753, 28.8843925 ], [ 79.7237484, 28.8836586 ], [ 79.7245279, 28.8813753 ], [ 79.7252937, 28.8808943 ], [ 79.7264192, 28.8814258 ], [ 79.7279937, 28.8797193 ], [ 79.7292295, 28.8803003 ], [ 79.7295998, 28.8789828 ], [ 79.7303123, 28.8789709 ], [ 79.7309586, 28.8795321 ], [ 79.7329462, 28.8784929 ], [ 79.7353982, 28.8780353 ], [ 79.7360638, 28.8772926 ], [ 79.7422084, 28.8765588 ], [ 79.7421484, 28.8757107 ], [ 79.7456027, 28.8755814 ], [ 79.7460524, 28.8744486 ], [ 79.741327, 28.8744505 ], [ 79.7410316, 28.8739636 ], [ 79.7394896, 28.874495 ], [ 79.7374053, 28.8736576 ], [ 79.7353757, 28.8736842 ], [ 79.7342341, 28.8724964 ], [ 79.7338005, 28.8695554 ], [ 79.7342153, 28.8692866 ], [ 79.7327027, 28.8660059 ], [ 79.7316262, 28.865833 ], [ 79.7315055, 28.8655625 ], [ 79.7305755, 28.8657459 ], [ 79.7303241, 28.8654551 ], [ 79.7292075, 28.8659161 ], [ 79.7289302, 28.8655171 ], [ 79.7271218, 28.8661613 ], [ 79.727299, 28.8665198 ], [ 79.7269686, 28.8666893 ], [ 79.7273638, 28.8672371 ], [ 79.7261986, 28.8678921 ], [ 79.7264655, 28.8684063 ], [ 79.7242268, 28.8694387 ], [ 79.7228129, 28.869936 ], [ 79.7224151, 28.8694039 ], [ 79.7194739, 28.8698549 ], [ 79.7188226, 28.8695238 ], [ 79.7156825, 28.8711862 ], [ 79.7154644, 28.8709066 ], [ 79.7126591, 28.8716731 ], [ 79.7146413, 28.8762079 ], [ 79.7131825, 28.8785502 ], [ 79.7137467, 28.8790167 ], [ 79.714572, 28.8790974 ], [ 79.7146906, 28.8799296 ], [ 79.716318, 28.8799488 ], [ 79.7180716, 28.8835567 ], [ 79.7186866, 28.8834705 ], [ 79.7187101, 28.8838968 ], [ 79.7203194, 28.8837356 ], [ 79.7209683, 28.8842336 ], [ 79.7212346, 28.8840055 ], [ 79.7225753, 28.8843925 ] ] ] } },
{ "type": "Feature", "properties": { "gp_code": "260372", "gp_name": "PINDARI", "blkname": "SITARGANJ", "dtname": "Udam Singh Nagar", "SHAPE_Area": 5903166.3475568406 }, "geometry": { "type": "Polygon", "coordinates": [ [ [ 79.7427971, 28.909937 ], [ 79.743269, 28.9101577 ], [ 79.744791, 28.9094977 ], [ 79.746609, 28.9077096 ], [ 79.7466, 28.9065683 ], [ 79.7437059, 28.9043446 ], [ 79.7442655, 28.9027831 ], [ 79.7448262, 28.902203 ], [ 79.7464946, 28.9019759 ], [ 79.7502514, 28.9034464 ], [ 79.7511511, 28.9034721 ], [ 79.7514259, 28.9029806 ], [ 79.75102, 28.8994907 ], [ 79.7518196, 28.8973013 ], [ 79.754523, 28.8958037 ], [ 79.7556614, 28.895498 ], [ 79.7574017, 28.8955356 ], [ 79.7586262, 28.8961231 ], [ 79.7554241, 28.8899782 ], [ 79.7473591, 28.891615 ], [ 79.7418567, 28.8943109 ], [ 79.7394908, 28.8942295 ], [ 79.7359797, 28.8872918 ], [ 79.7213707, 28.8926535 ], [ 79.7208929, 28.8942892 ], [ 79.721547, 28.8947647 ], [ 79.7227825, 28.8948111 ], [ 79.723365, 28.8955686 ], [ 79.7241725, 28.8956966 ], [ 79.7244189, 28.896019 ], [ 79.7241732, 28.896362 ], [ 79.7249684, 28.8969366 ], [ 79.7250437, 28.8979718 ], [ 79.7242054, 28.9006025 ], [ 79.7236058, 28.9007112 ], [ 79.7230269, 28.9013072 ], [ 79.7233324, 28.9017017 ], [ 79.7231229, 28.9024282 ], [ 79.7242012, 28.9042116 ], [ 79.7281353, 28.9035589 ], [ 79.7285714, 28.9039895 ], [ 79.7294808, 28.9033414 ], [ 79.7297579, 28.9035419 ], [ 79.7313792, 28.9023361 ], [ 79.7329787, 28.9023394 ], [ 79.7330662, 28.9026438 ], [ 79.7333685, 28.9024247 ], [ 79.7337224, 28.9026523 ], [ 79.7341194, 28.9022888 ], [ 79.7342453, 28.9026857 ], [ 79.7346603, 28.9023808 ], [ 79.7348632, 28.9027912 ], [ 79.7361747, 28.901854 ], [ 79.7366672, 28.9022641 ], [ 79.7374431, 28.9015462 ], [ 79.7377025, 28.9019227 ], [ 79.7385481, 28.9016896 ], [ 79.7384862, 28.9013784 ], [ 79.7397097, 28.9011736 ], [ 79.7396257, 28.9026 ], [ 79.739262, 28.9028101 ], [ 79.7395815, 28.9043504 ], [ 79.7383717, 28.9044958 ], [ 79.7385981, 28.905276 ], [ 79.7369261, 28.9070188 ], [ 79.7372525, 28.9077741 ], [ 79.737002, 28.9083586 ], [ 79.7380404, 28.9085698 ], [ 79.7375429, 28.9107965 ], [ 79.739333, 28.9114626 ], [ 79.7421984, 28.9108782 ], [ 79.7427971, 28.909937 ] ] ] } },
{ "type": "Feature", "properties": { "gp_code": "27313", "gp_name": "BIJETHI", "blkname": "SITARGANJ", "dtname": "Udam Singh Nagar", "SHAPE_Area": 10091285.317534208 }, "geometry": { "type": "Polygon", "coordinates": [ [ [ 79.7666116, 28.8975373 ], [ 79.7665945, 28.8942012 ], [ 79.7680885, 28.8919513 ], [ 79.7668161, 28.8880977 ], [ 79.7675066, 28.8870629 ], [ 79.770744, 28.8840631 ], [ 79.7715016, 28.8825321 ], [ 79.7716823, 28.8811834 ], [ 79.7710705, 28.8804137 ], [ 79.7686207, 28.880254 ], [ 79.766608, 28.8786711 ], [ 79.7658181, 28.8766675 ], [ 79.7660242, 28.8757835 ], [ 79.7667511, 28.8749265 ], [ 79.7600796, 28.8717662 ], [ 79.759401, 28.8708907 ], [ 79.7566357, 28.8715258 ], [ 79.7490708, 28.8717683 ], [ 79.7484606, 28.8724898 ], [ 79.7474985, 28.8728932 ], [ 79.7460524, 28.8744486 ], [ 79.7456027, 28.8755814 ], [ 79.7421484, 28.8757107 ], [ 79.7422084, 28.8765588 ], [ 79.7360638, 28.8772926 ], [ 79.7353982, 28.8780353 ], [ 79.7329462, 28.8784929 ], [ 79.7309586, 28.8795321 ], [ 79.7317929, 28.8808622 ], [ 79.7313702, 28.8810182 ], [ 79.7322301, 28.8823911 ], [ 79.7329454, 28.8851244 ], [ 79.7331863, 28.885131 ], [ 79.7332699, 28.8866264 ], [ 79.7328208, 28.8884358 ], [ 79.7359797, 28.8872918 ], [ 79.7394908, 28.8942295 ], [ 79.7418567, 28.8943109 ], [ 79.7473591, 28.891615 ], [ 79.7554241, 28.8899782 ], [ 79.7586925, 28.8963984 ], [ 79.7583896, 28.8968244 ], [ 79.7561035, 28.8967051 ], [ 79.7546825, 28.8974708 ], [ 79.7572349, 28.9025143 ], [ 79.7580902, 28.9032797 ], [ 79.7591009, 28.9027144 ], [ 79.758361, 28.9018251 ], [ 79.7583315, 28.9007131 ], [ 79.7576895, 28.8994516 ], [ 79.7577347, 28.8980419 ], [ 79.75813, 28.89744 ], [ 79.7587403, 28.8972759 ], [ 79.7620382, 28.8982012 ], [ 79.762681, 28.8986415 ], [ 79.7626315, 28.8994265 ], [ 79.7609506, 28.9012702 ], [ 79.760488, 28.9023412 ], [ 79.7613323, 28.9038104 ], [ 79.7629617, 28.9046576 ], [ 79.763849, 28.9043583 ], [ 79.7644596, 28.9037294 ], [ 79.7666116, 28.8975373 ] ] ] } },
{ "type": "Feature", "properties": { "gp_code": "27315", "gp_name": "DEVKALI", "blkname": "SITARGANJ", "dtname": "Udam Singh Nagar", "SHAPE_Area": 5330492.7742731357 }, "geometry": { "type": "Polygon", "coordinates": [ [ [ 79.7789293, 28.9097517 ], [ 79.781092, 28.9080119 ], [ 79.7804464, 28.9074227 ], [ 79.7820207, 28.9070381 ], [ 79.7831062, 28.9058141 ], [ 79.7828197, 28.9050041 ], [ 79.7847157, 28.9031918 ], [ 79.7830331, 28.9014336 ], [ 79.7845406, 28.9010692 ], [ 79.7845132, 28.9002436 ], [ 79.7853259, 28.9000682 ], [ 79.7846202, 28.8949519 ], [ 79.7877473, 28.8948999 ], [ 79.7877313, 28.8957006 ], [ 79.788531, 28.895656 ], [ 79.788615, 28.8963102 ], [ 79.7909169, 28.8961898 ], [ 79.7910421, 28.8965959 ], [ 79.7915214, 28.8965737 ], [ 79.7915988, 28.8959827 ], [ 79.7922191, 28.8959651 ], [ 79.7901101, 28.8922871 ], [ 79.790587, 28.8920213 ], [ 79.789625, 28.8899139 ], [ 79.7903169, 28.890009 ], [ 79.7892905, 28.8882851 ], [ 79.7878165, 28.8886563 ], [ 79.788016, 28.8892069 ], [ 79.7810636, 28.8910271 ], [ 79.7800721, 28.8906135 ], [ 79.7790236, 28.8907526 ], [ 79.7779334, 28.8917646 ], [ 79.7771131, 28.8919288 ], [ 79.7763574, 28.8914184 ], [ 79.7752471, 28.8893649 ], [ 79.7756195, 28.8885848 ], [ 79.7748713, 28.8882888 ], [ 79.7746171, 28.888769 ], [ 79.7718829, 28.8882955 ], [ 79.7707941, 28.8877736 ], [ 79.7688045, 28.8860443 ], [ 79.7675066, 28.8870629 ], [ 79.7668161, 28.8880977 ], [ 79.7680885, 28.8919513 ], [ 79.7665945, 28.8942012 ], [ 79.7666116, 28.8975373 ], [ 79.7648952, 28.9027065 ], [ 79.7655249, 28.9048243 ], [ 79.7651933, 28.9056766 ], [ 79.7648484, 28.9094726 ], [ 79.7644837, 28.9100701 ], [ 79.7625267, 28.9110902 ], [ 79.7602042, 28.913371 ], [ 79.7746882, 28.905587 ], [ 79.7754854, 28.9056034 ], [ 79.7756768, 28.9064246 ], [ 79.777842, 28.9074164 ], [ 79.7781679, 28.9098414 ], [ 79.7789293, 28.9097517 ] ] ] } },
{ "type": "Feature", "properties": { "gp_code": "259992", "gp_name": "Salmata", "blkname": "SITARGANJ", "dtname": "Udam Singh Nagar", "SHAPE_Area": 2971395.8606265807 }, "geometry": { "type": "Polygon", "coordinates": [ [ [ 79.7602042, 28.913371 ], [ 79.7625267, 28.9110902 ], [ 79.7644837, 28.9100701 ], [ 79.7649515, 28.9088704 ], [ 79.7651933, 28.9056766 ], [ 79.7655249, 28.9048243 ], [ 79.7648952, 28.9027065 ], [ 79.7641517, 28.9040969 ], [ 79.7629617, 28.9046576 ], [ 79.7613323, 28.9038104 ], [ 79.7605313, 28.9025893 ], [ 79.7609506, 28.9012702 ], [ 79.7626315, 28.8994265 ], [ 79.7624583, 28.8983617 ], [ 79.7587403, 28.8972759 ], [ 79.75813, 28.89744 ], [ 79.7577347, 28.8980419 ], [ 79.7576895, 28.8994516 ], [ 79.7583315, 28.9007131 ], [ 79.758361, 28.9018251 ], [ 79.7591009, 28.9027144 ], [ 79.7580902, 28.9032797 ], [ 79.7572349, 28.9025143 ], [ 79.7546825, 28.8974708 ], [ 79.7561035, 28.8967051 ], [ 79.7583896, 28.8968244 ], [ 79.7586873, 28.8965856 ], [ 79.7586262, 28.8961231 ], [ 79.7574017, 28.8955356 ], [ 79.7552409, 28.8955946 ], [ 79.7526174, 28.8967877 ], [ 79.751378, 28.8980024 ], [ 79.7509884, 28.9001855 ], [ 79.7514259, 28.9029806 ], [ 79.7511511, 28.9034721 ], [ 79.7502514, 28.9034464 ], [ 79.7464946, 28.9019759 ], [ 79.7448262, 28.902203 ], [ 79.7442655, 28.9027831 ], [ 79.7437059, 28.9043446 ], [ 79.7466, 28.9065683 ], [ 79.7467132, 28.9069494 ], [ 79.746609, 28.9077096 ], [ 79.7454595, 28.908976 ], [ 79.7455911, 28.9097135 ], [ 79.7460321, 28.9097988 ], [ 79.7469262, 28.9093175 ], [ 79.7485146, 28.9066523 ], [ 79.7509424, 28.9064764 ], [ 79.7515211, 28.907034 ], [ 79.7519784, 28.908433 ], [ 79.7513579, 28.9106451 ], [ 79.7539582, 28.9121226 ], [ 79.7544877, 28.9130615 ], [ 79.7528104, 28.9137885 ], [ 79.7524789, 28.9143905 ], [ 79.7602042, 28.913371 ] ] ] } },
{ "type": "Feature", "properties": { "gp_code": "259992", "gp_name": "Salmata", "blkname": "SITARGANJ", "dtname": "Udam Singh Nagar", "SHAPE_Area": 2304573.4380156663 }, "geometry": { "type": "Polygon", "coordinates": [ [ [ 79.7602042, 28.913371 ], [ 79.7637446, 28.9204881 ], [ 79.779794, 28.9145658 ], [ 79.779851, 28.9138147 ], [ 79.7812612, 28.9136015 ], [ 79.7817849, 28.9128484 ], [ 79.780906, 28.9123854 ], [ 79.7798723, 28.9130658 ], [ 79.7785805, 28.9127064 ], [ 79.7784272, 28.9122348 ], [ 79.7789746, 28.9106991 ], [ 79.7804908, 28.90941 ], [ 79.7797451, 28.9091636 ], [ 79.7789293, 28.9097517 ], [ 79.7781679, 28.9098414 ], [ 79.777842, 28.9074164 ], [ 79.7756768, 28.9064246 ], [ 79.7752701, 28.9055717 ], [ 79.7739393, 28.9059586 ], [ 79.7602042, 28.913371 ] ] ] } },
{ "type": "Feature", "properties": { "gp_code": "27312", "gp_name": "BIDAURA", "blkname": "SITARGANJ", "dtname": "Udam Singh Nagar", "SHAPE_Area": 6755263.9198583988 }, "geometry": { "type": "Polygon", "coordinates": [ [ [ 79.7792506, 28.9482418 ], [ 79.7793666, 28.9474952 ], [ 79.7777414, 28.9468738 ], [ 79.7765959, 28.9459549 ], [ 79.7763605, 28.9453367 ], [ 79.7729236, 28.9460514 ], [ 79.7721574, 28.9454418 ], [ 79.7720583, 28.9445915 ], [ 79.7732353, 28.9446533 ], [ 79.7745853, 28.9435241 ], [ 79.7745265, 28.9432941 ], [ 79.7731727, 28.9431216 ], [ 79.7732243, 28.9427179 ], [ 79.7726297, 28.9424716 ], [ 79.7724921, 28.9415061 ], [ 79.7727977, 28.9411703 ], [ 79.7742133, 28.940957 ], [ 79.7752711, 28.9395413 ], [ 79.7764361, 28.9386422 ], [ 79.7763958, 28.9378301 ], [ 79.7774289, 28.9381737 ], [ 79.7777507, 28.9368025 ], [ 79.7782766, 28.9364375 ], [ 79.7802427, 28.9371854 ], [ 79.7811532, 28.9368635 ], [ 79.7804641, 28.936209 ], [ 79.7805618, 28.9359383 ], [ 79.7813641, 28.9363359 ], [ 79.7809647, 28.9355417 ], [ 79.7796731, 28.9347603 ], [ 79.7787626, 28.9349401 ], [ 79.7784045, 28.9340511 ], [ 79.7787643, 28.9332078 ], [ 79.7792054, 28.9330953 ], [ 79.7808151, 28.9336423 ], [ 79.781964, 28.9334987 ], [ 79.7823489, 28.9331021 ], [ 79.7814606, 28.9315383 ], [ 79.7821048, 28.9308733 ], [ 79.7827736, 28.9283497 ], [ 79.7826484, 28.9279211 ], [ 79.7832433, 28.9277027 ], [ 79.7823546, 28.9267525 ], [ 79.7830576, 28.9261777 ], [ 79.7815916, 28.9255068 ], [ 79.7812972, 28.9250037 ], [ 79.7804104, 28.9246038 ], [ 79.7799599, 28.9238207 ], [ 79.7802457, 28.9224856 ], [ 79.7815003, 28.9214895 ], [ 79.7807889, 28.9199958 ], [ 79.7799871, 28.919278 ], [ 79.7806619, 28.9186942 ], [ 79.782467, 28.9183774 ], [ 79.7837315, 28.9177219 ], [ 79.7840452, 28.9167522 ], [ 79.7815629, 28.9145874 ], [ 79.7810793, 28.9135517 ], [ 79.779851, 28.9138147 ], [ 79.779794, 28.9145658 ], [ 79.7637446, 28.9204881 ], [ 79.7641898, 28.9214155 ], [ 79.7631975, 28.923853 ], [ 79.7637653, 28.9251686 ], [ 79.7635601, 28.9252925 ], [ 79.7638744, 28.9262017 ], [ 79.7633173, 28.9269366 ], [ 79.7639869, 28.9289717 ], [ 79.7619015, 28.9298136 ], [ 79.763327, 28.9347771 ], [ 79.7643986, 28.9373381 ], [ 79.7650794, 28.9433747 ], [ 79.7676791, 28.9488894 ], [ 79.7680546, 28.9478341 ], [ 79.7693324, 28.9470593 ], [ 79.7699214, 28.9480071 ], [ 79.7711107, 28.9485606 ], [ 79.7704253, 28.9493225 ], [ 79.770589, 28.9496677 ], [ 79.7714611, 28.9495804 ], [ 79.7724469, 28.948451 ], [ 79.77269, 28.9489836 ], [ 79.7751282, 28.9495922 ], [ 79.7755216, 28.948494 ], [ 79.7770966, 28.9480417 ], [ 79.7773989, 28.9482585 ], [ 79.7769831, 28.9487319 ], [ 79.7772595, 28.949278 ], [ 79.7767618, 28.9495708 ], [ 79.7770231, 28.9498372 ], [ 79.7777002, 28.9497881 ], [ 79.7780806, 28.948859 ], [ 79.7792506, 28.9482418 ] ] ] } },
{ "type": "Feature", "properties": { "gp_code": "27327", "gp_name": "KHAIRANA", "blkname": "SITARGANJ", "dtname": "Udam Singh Nagar", "SHAPE_Area": 3337130.7625886602 }, "geometry": { "type": "Polygon", "coordinates": [ [ [ 79.7558614, 28.9314798 ], [ 79.7639869, 28.9289717 ], [ 79.7633173, 28.9269366 ], [ 79.7638744, 28.9262017 ], [ 79.7635601, 28.9252925 ], [ 79.7637653, 28.9251686 ], [ 79.7631975, 28.923853 ], [ 79.7641898, 28.9214155 ], [ 79.7602042, 28.913371 ], [ 79.7524789, 28.9143905 ], [ 79.7528395, 28.9151577 ], [ 79.7543427, 28.9166478 ], [ 79.7540585, 28.91854 ], [ 79.7534037, 28.9194303 ], [ 79.7522748, 28.9201669 ], [ 79.7508053, 28.9205603 ], [ 79.7481138, 28.9207344 ], [ 79.7469187, 28.9203971 ], [ 79.7460168, 28.9208649 ], [ 79.745777, 28.9218734 ], [ 79.7468255, 28.9239567 ], [ 79.7461517, 28.9244422 ], [ 79.7476328, 28.9279935 ], [ 79.7476808, 28.9290907 ], [ 79.7492197, 28.9292737 ], [ 79.7484777, 28.9309227 ], [ 79.7491227, 28.9318571 ], [ 79.7489886, 28.9324886 ], [ 79.7556248, 28.9320841 ], [ 79.755515, 28.9316599 ], [ 79.7558614, 28.9314798 ] ] ] } },
{ "type": "Feature", "properties": { "gp_code": "27314", "gp_name": "CHIKA GHAT", "blkname": "SITARGANJ", "dtname": "Udam Singh Nagar", "SHAPE_Area": 9329880.7641889285 }, "geometry": { "type": "Polygon", "coordinates": [ [ [ 79.7407835, 28.9363543 ], [ 79.7416071, 28.9345446 ], [ 79.7428883, 28.9337766 ], [ 79.7428924, 28.932854 ], [ 79.7444601, 28.9315241 ], [ 79.7454065, 28.9295676 ], [ 79.746047, 28.9247761 ], [ 79.7468255, 28.9239567 ], [ 79.745777, 28.9218734 ], [ 79.7460168, 28.9208649 ], [ 79.7469187, 28.9203971 ], [ 79.7481138, 28.9207344 ], [ 79.7516157, 28.9203626 ], [ 79.7528571, 28.919881 ], [ 79.7540585, 28.91854 ], [ 79.7543427, 28.9166478 ], [ 79.7528395, 28.9151577 ], [ 79.7524789, 28.9143905 ], [ 79.7528104, 28.9137885 ], [ 79.7544877, 28.9130615 ], [ 79.7539582, 28.9121226 ], [ 79.7513579, 28.9106451 ], [ 79.7519784, 28.908433 ], [ 79.7518409, 28.9075689 ], [ 79.7509424, 28.9064764 ], [ 79.7485146, 28.9066523 ], [ 79.7471617, 28.9090264 ], [ 79.7463242, 28.9096497 ], [ 79.7455911, 28.9097135 ], [ 79.7454595, 28.908976 ], [ 79.743269, 28.9101577 ], [ 79.7427971, 28.909937 ], [ 79.7421984, 28.9108782 ], [ 79.739333, 28.9114626 ], [ 79.7375429, 28.9107965 ], [ 79.7380404, 28.9085698 ], [ 79.737002, 28.9083586 ], [ 79.7372525, 28.9077741 ], [ 79.7369186, 28.9071632 ], [ 79.7377273, 28.905949 ], [ 79.7385981, 28.905276 ], [ 79.7383717, 28.9044958 ], [ 79.7395815, 28.9043504 ], [ 79.739262, 28.9028101 ], [ 79.7396257, 28.9026 ], [ 79.7397097, 28.9011736 ], [ 79.7384862, 28.9013784 ], [ 79.7385481, 28.9016896 ], [ 79.7377025, 28.9019227 ], [ 79.7374431, 28.9015462 ], [ 79.7366672, 28.9022641 ], [ 79.7361747, 28.901854 ], [ 79.7348632, 28.9027912 ], [ 79.7346603, 28.9023808 ], [ 79.7342453, 28.9026857 ], [ 79.7341194, 28.9022888 ], [ 79.7337224, 28.9026523 ], [ 79.7333685, 28.9024247 ], [ 79.7330662, 28.9026438 ], [ 79.7329787, 28.9023394 ], [ 79.7313792, 28.9023361 ], [ 79.7297579, 28.9035419 ], [ 79.7294808, 28.9033414 ], [ 79.7285714, 28.9039895 ], [ 79.7281353, 28.9035589 ], [ 79.7242012, 28.9042116 ], [ 79.7250529, 28.9048967 ], [ 79.7272887, 28.9054566 ], [ 79.7329748, 28.9109649 ], [ 79.7336789, 28.9125274 ], [ 79.7336154, 28.913132 ], [ 79.7330214, 28.9137437 ], [ 79.7338128, 28.9155498 ], [ 79.7337879, 28.9162581 ], [ 79.7334783, 28.9167884 ], [ 79.7324448, 28.9164825 ], [ 79.731328, 28.917424 ], [ 79.7326938, 28.9193018 ], [ 79.7348709, 28.9196542 ], [ 79.7324087, 28.9211585 ], [ 79.7322898, 28.9202901 ], [ 79.7314184, 28.9205389 ], [ 79.7308151, 28.9197928 ], [ 79.7298386, 28.919956 ], [ 79.7298357, 28.9196808 ], [ 79.7282774, 28.9201376 ], [ 79.72856, 28.9207375 ], [ 79.7282091, 28.9210738 ], [ 79.7276598, 28.9204021 ], [ 79.7271088, 28.920637 ], [ 79.7268675, 28.920335 ], [ 79.7262808, 28.9207054 ], [ 79.7269534, 28.9216184 ], [ 79.7240709, 28.9234814 ], [ 79.7235591, 28.9217607 ], [ 79.7225619, 28.9218968 ], [ 79.7225691, 28.9214254 ], [ 79.7217392, 28.9221794 ], [ 79.7207136, 28.9221553 ], [ 79.7203561, 28.9236645 ], [ 79.7180259, 28.9239842 ], [ 79.7178956, 28.9245662 ], [ 79.7169318, 28.9247496 ], [ 79.7175333, 28.926556 ], [ 79.7186081, 28.9270538 ], [ 79.7189653, 28.9279535 ], [ 79.7188944, 28.9317858 ], [ 79.7182005, 28.9328329 ], [ 79.7190029, 28.9326744 ], [ 79.7194117, 28.9338741 ], [ 79.724185, 28.9328512 ], [ 79.7244668, 28.9325622 ], [ 79.7244801, 28.9330923 ], [ 79.7254412, 28.9327307 ], [ 79.7253162, 28.9332969 ], [ 79.7262032, 28.9331406 ], [ 79.7267706, 28.933862 ], [ 79.7288986, 28.9337317 ], [ 79.7294018, 28.9342976 ], [ 79.7308344, 28.933631 ], [ 79.7319144, 28.9341422 ], [ 79.7329574, 28.9359932 ], [ 79.7344802, 28.9357168 ], [ 79.7357018, 28.9366789 ], [ 79.7396431, 28.9369215 ], [ 79.7407835, 28.9363543 ] ] ] } },
{ "type": "Feature", "properties": { "gp_code": "27303", "gp_name": "BAGHAURI", "blkname": "SITARGANJ", "dtname": "Udam Singh Nagar", "SHAPE_Area": 3490415.9169781008 }, "geometry": { "type": "Polygon", "coordinates": [ [ [ 79.7324087, 28.9211585 ], [ 79.7348709, 28.9196542 ], [ 79.7326938, 28.9193018 ], [ 79.731328, 28.917424 ], [ 79.7324448, 28.9164825 ], [ 79.7334783, 28.9167884 ], [ 79.7337879, 28.9162581 ], [ 79.7338128, 28.9155498 ], [ 79.7330214, 28.9137437 ], [ 79.7336154, 28.913132 ], [ 79.7334372, 28.9118826 ], [ 79.7325822, 28.910505 ], [ 79.7291518, 28.9075325 ], [ 79.7272887, 28.9054566 ], [ 79.7250529, 28.9048967 ], [ 79.7242012, 28.9042116 ], [ 79.7231229, 28.9024282 ], [ 79.7228701, 28.9034682 ], [ 79.7215909, 28.9034082 ], [ 79.7208555, 28.9037493 ], [ 79.7211174, 28.9040627 ], [ 79.7203954, 28.9049993 ], [ 79.7180302, 28.9060295 ], [ 79.7178718, 28.9066409 ], [ 79.7173851, 28.9069164 ], [ 79.7175321, 28.9079899 ], [ 79.717046, 28.9089715 ], [ 79.7175871, 28.9092711 ], [ 79.7176517, 28.9098823 ], [ 79.7170309, 28.9122174 ], [ 79.7166132, 28.9123778 ], [ 79.7163844, 28.911672 ], [ 79.7160664, 28.9115841 ], [ 79.7152607, 28.9136171 ], [ 79.7135593, 28.9145047 ], [ 79.712813, 28.9142457 ], [ 79.71237, 28.9148686 ], [ 79.7130374, 28.9157275 ], [ 79.7138088, 28.9155465 ], [ 79.7139937, 28.915939 ], [ 79.7144473, 28.9156747 ], [ 79.7157272, 28.9164724 ], [ 79.7161251, 28.9170946 ], [ 79.7176605, 28.9168545 ], [ 79.7177612, 28.9176371 ], [ 79.7182406, 28.9175421 ], [ 79.7188154, 28.918171 ], [ 79.7185247, 28.9198628 ], [ 79.7203655, 28.9199428 ], [ 79.7201687, 28.9206151 ], [ 79.7207136, 28.9221553 ], [ 79.7217392, 28.9221794 ], [ 79.7225691, 28.9214254 ], [ 79.7225619, 28.9218968 ], [ 79.7235591, 28.9217607 ], [ 79.7240709, 28.9234814 ], [ 79.7269534, 28.9216184 ], [ 79.7262808, 28.9207054 ], [ 79.7268675, 28.920335 ], [ 79.7271088, 28.920637 ], [ 79.7276598, 28.9204021 ], [ 79.7282091, 28.9210738 ], [ 79.72856, 28.9207375 ], [ 79.7282774, 28.9201376 ], [ 79.7298357, 28.9196808 ], [ 79.7298386, 28.919956 ], [ 79.7308151, 28.9197928 ], [ 79.7314184, 28.9205389 ], [ 79.7322898, 28.9202901 ], [ 79.7324087, 28.9211585 ] ] ] } },
{ "type": "Feature", "properties": { "gp_code": "262970", "gp_name": "TURKAA TISOR", "blkname": "SITARGANJ", "dtname": "Udam Singh Nagar", "SHAPE_Area": 3251025.0017160098 }, "geometry": { "type": "Polygon", "coordinates": [ [ [ 79.7307287, 28.9405355 ], [ 79.7329248, 28.9391444 ], [ 79.7342331, 28.9372959 ], [ 79.735304, 28.9363928 ], [ 79.7341493, 28.9356561 ], [ 79.7329574, 28.9359932 ], [ 79.7316065, 28.9339146 ], [ 79.7308344, 28.933631 ], [ 79.7294018, 28.9342976 ], [ 79.7288986, 28.9337317 ], [ 79.7267706, 28.933862 ], [ 79.7262032, 28.9331406 ], [ 79.7253162, 28.9332969 ], [ 79.7254412, 28.9327307 ], [ 79.7244801, 28.9330923 ], [ 79.7244668, 28.9325622 ], [ 79.724185, 28.9328512 ], [ 79.7194117, 28.9338741 ], [ 79.7190029, 28.9326744 ], [ 79.7155371, 28.9335475 ], [ 79.7155477, 28.9339828 ], [ 79.7149966, 28.9341614 ], [ 79.714254, 28.9353439 ], [ 79.7117634, 28.9405198 ], [ 79.7139636, 28.9434822 ], [ 79.7133643, 28.9444165 ], [ 79.7144819, 28.9468383 ], [ 79.7179887, 28.9482885 ], [ 79.717925, 28.9486946 ], [ 79.7193121, 28.9484229 ], [ 79.7199051, 28.9490405 ], [ 79.7205177, 28.9486973 ], [ 79.7201219, 28.9478155 ], [ 79.72167, 28.9469257 ], [ 79.721855, 28.9472369 ], [ 79.7241633, 28.9476728 ], [ 79.7262641, 28.9456074 ], [ 79.727588, 28.9436237 ], [ 79.7272456, 28.9423878 ], [ 79.7265112, 28.9413125 ], [ 79.7264204, 28.9401599 ], [ 79.7300921, 28.9399654 ], [ 79.7307287, 28.9405355 ] ] ] } },
{ "type": "Feature", "properties": { "gp_code": "27352", "gp_name": "THARU TISAUR", "blkname": "SITARGANJ", "dtname": "Udam Singh Nagar", "SHAPE_Area": 6538268.8028820017 }, "geometry": { "type": "Polygon", "coordinates": [ [ [ 79.7312475, 28.9638604 ], [ 79.7331235, 28.9600694 ], [ 79.735185, 28.9523445 ], [ 79.7352044, 28.9512731 ], [ 79.7340179, 28.9472095 ], [ 79.7325422, 28.9435611 ], [ 79.7319802, 28.9407263 ], [ 79.7322072, 28.939472 ], [ 79.7307287, 28.9405355 ], [ 79.7300921, 28.9399654 ], [ 79.7264204, 28.9401599 ], [ 79.7265112, 28.9413125 ], [ 79.7272456, 28.9423878 ], [ 79.727588, 28.9436237 ], [ 79.7256264, 28.9464311 ], [ 79.7241633, 28.9476728 ], [ 79.721855, 28.9472369 ], [ 79.72167, 28.9469257 ], [ 79.7201219, 28.9478155 ], [ 79.7205177, 28.9486973 ], [ 79.7199051, 28.9490405 ], [ 79.7193121, 28.9484229 ], [ 79.717925, 28.9486946 ], [ 79.7179887, 28.9482885 ], [ 79.7144819, 28.9468383 ], [ 79.7116747, 28.9509746 ], [ 79.7130844, 28.9559812 ], [ 79.7115444, 28.957516 ], [ 79.7085424, 28.9591149 ], [ 79.7085146, 28.9596314 ], [ 79.7110975, 28.9692477 ], [ 79.716105, 28.9669932 ], [ 79.7283111, 28.9642077 ], [ 79.7312475, 28.9638604 ] ] ] } },
{ "type": "Feature", "properties": { "gp_code": "27337", "gp_name": "NAKULIYA", "blkname": "SITARGANJ", "dtname": "Udam Singh Nagar", "SHAPE_Area": 10029719.926227279 }, "geometry": { "type": "Polygon", "coordinates": [ [ [ 79.7276794, 28.9970024 ], [ 79.7287719, 28.9965549 ], [ 79.7295397, 28.994716 ], [ 79.7294493, 28.9941838 ], [ 79.7276213, 28.9928206 ], [ 79.7237459, 28.9912107 ], [ 79.7231805, 28.9902209 ], [ 79.7234771, 28.9891358 ], [ 79.7246793, 28.9881921 ], [ 79.7258643, 28.987907 ], [ 79.729287, 28.9883306 ], [ 79.7318303, 28.9867542 ], [ 79.7340065, 28.9849728 ], [ 79.7348541, 28.9836977 ], [ 79.7359, 28.9805864 ], [ 79.7355843, 28.9779724 ], [ 79.7332903, 28.972342 ], [ 79.7296548, 28.9689751 ], [ 79.730195, 28.9655484 ], [ 79.7312475, 28.9638604 ], [ 79.7307985, 28.9637885 ], [ 79.7177205, 28.9665726 ], [ 79.716105, 28.9669932 ], [ 79.7110975, 28.9692477 ], [ 79.7109126, 28.9688192 ], [ 79.7101921, 28.9690588 ], [ 79.7103854, 28.9702992 ], [ 79.7100391, 28.9703153 ], [ 79.7100404, 28.9718107 ], [ 79.7110356, 28.9717762 ], [ 79.7121001, 28.9748229 ], [ 79.7114281, 28.9750037 ], [ 79.7115029, 28.9753984 ], [ 79.7118568, 28.9753644 ], [ 79.7120547, 28.9757499 ], [ 79.7117961, 28.9764742 ], [ 79.7113013, 28.9766121 ], [ 79.7118024, 28.9777216 ], [ 79.711018, 28.978313 ], [ 79.7111136, 28.9791926 ], [ 79.7106468, 28.9793237 ], [ 79.7114277, 28.9806135 ], [ 79.710625, 28.980835 ], [ 79.7110083, 28.9821159 ], [ 79.7105877, 28.9822313 ], [ 79.7101589, 28.9818955 ], [ 79.7102161, 28.9826578 ], [ 79.7093978, 28.9827756 ], [ 79.7121021, 28.9894933 ], [ 79.7114896, 28.9901862 ], [ 79.7114574, 28.9915959 ], [ 79.7108062, 28.9921016 ], [ 79.7090793, 28.9917711 ], [ 79.7076105, 28.9933013 ], [ 79.7095387, 28.9949873 ], [ 79.7087231, 28.9953939 ], [ 79.7094067, 28.9967107 ], [ 79.707819, 28.997217 ], [ 79.7069122, 28.9958416 ], [ 79.7059247, 28.996194 ], [ 79.7059254, 28.9970354 ], [ 79.704258, 28.9974085 ], [ 79.7049091, 29.0000179 ], [ 79.7039411, 29.0020721 ], [ 79.7039044, 29.0031033 ], [ 79.7052717, 29.0042802 ], [ 79.7056578, 29.0074376 ], [ 79.7079441, 29.0057913 ], [ 79.710693, 29.0048371 ], [ 79.7158961, 28.9978861 ], [ 79.7160728, 28.9975002 ], [ 79.7157512, 28.9963231 ], [ 79.716379, 28.9955287 ], [ 79.7249823, 28.9963774 ], [ 79.7276794, 28.9970024 ] ] ] } },
{ "type": "Feature", "properties": { "gp_code": "27309", "gp_name": "BHARAUNI", "blkname": "SITARGANJ", "dtname": "Udam Singh Nagar", "SHAPE_Area": 7612549.6511342162 }, "geometry": { "type": "Polygon", "coordinates": [ [ [ 79.7305645, 29.008816 ], [ 79.7331137, 29.0088037 ], [ 79.7351447, 29.0091791 ], [ 79.7398427, 29.007223 ], [ 79.7418067, 29.0059031 ], [ 79.7429147, 29.0045364 ], [ 79.7425602, 29.0031301 ], [ 79.7432614, 29.0006588 ], [ 79.74519, 28.9999719 ], [ 79.7449413, 28.9994331 ], [ 79.747239, 28.9984589 ], [ 79.7478718, 28.9977297 ], [ 79.7484697, 28.9977226 ], [ 79.7498965, 28.9966252 ], [ 79.7521016, 28.9955604 ], [ 79.7535891, 28.9938136 ], [ 79.7533974, 28.9931458 ], [ 79.7538173, 28.9917364 ], [ 79.7536922, 28.9912108 ], [ 79.7544337, 28.9911348 ], [ 79.7573117, 28.9893779 ], [ 79.7580325, 28.9894192 ], [ 79.7586315, 28.9883461 ], [ 79.7600174, 28.9877044 ], [ 79.7587553, 28.9876424 ], [ 79.7579428, 28.9870327 ], [ 79.755243, 28.9879167 ], [ 79.7531342, 28.9879442 ], [ 79.7528644, 28.9883116 ], [ 79.7532718, 28.9886932 ], [ 79.752807, 28.9891484 ], [ 79.7522577, 28.9893577 ], [ 79.7517759, 28.9889355 ], [ 79.7511166, 28.9889461 ], [ 79.7509355, 28.9902136 ], [ 79.7493076, 28.9913918 ], [ 79.7499921, 28.9917691 ], [ 79.7499352, 28.9921728 ], [ 79.749486, 28.9923302 ], [ 79.7489811, 28.9919486 ], [ 79.7489636, 28.9915335 ], [ 79.7486069, 28.9915783 ], [ 79.7479243, 28.9922237 ], [ 79.7470365, 28.9920802 ], [ 79.7463782, 28.9930056 ], [ 79.7463308, 28.9919658 ], [ 79.7450237, 28.9886942 ], [ 79.7453695, 28.9859804 ], [ 79.7445771, 28.9840323 ], [ 79.744338, 28.9813212 ], [ 79.7439912, 28.9809493 ], [ 79.7443423, 28.9806084 ], [ 79.7435313, 28.9780422 ], [ 79.744044, 28.9777666 ], [ 79.7438146, 28.9768398 ], [ 79.7446169, 28.9763112 ], [ 79.7444264, 28.975725 ], [ 79.7355843, 28.9779724 ], [ 79.7359, 28.9805864 ], [ 79.7357265, 28.9814234 ], [ 79.7348541, 28.9836977 ], [ 79.7340065, 28.9849728 ], [ 79.729287, 28.9883306 ], [ 79.7252974, 28.9879931 ], [ 79.7238922, 28.9887047 ], [ 79.7232723, 28.989648 ], [ 79.7232425, 28.9906833 ], [ 79.7237459, 28.9912107 ], [ 79.7291821, 28.9937577 ], [ 79.7295397, 28.994716 ], [ 79.7290562, 28.9960742 ], [ 79.7285437, 28.9967266 ], [ 79.7276794, 28.9970024 ], [ 79.731755, 29.0020387 ], [ 79.7306593, 29.0026188 ], [ 79.7238709, 29.0045983 ], [ 79.7245969, 29.0063169 ], [ 79.7237299, 29.0070265 ], [ 79.7240841, 29.0084659 ], [ 79.7254884, 29.0114782 ], [ 79.7282732, 29.0113176 ], [ 79.7293498, 29.0093845 ], [ 79.7305645, 29.008816 ] ] ] } },
{ "type": "Feature", "properties": { "gp_code": "27331", "gp_name": "MAGARSADA", "blkname": "SITARGANJ", "dtname": "Udam Singh Nagar", "SHAPE_Area": 4289727.1117199296 }, "geometry": { "type": "Polygon", "coordinates": [ [ [ 79.7600174, 28.9877044 ], [ 79.7609983, 28.9869022 ], [ 79.7612228, 28.985716 ], [ 79.761893, 28.9851729 ], [ 79.7632572, 28.9856049 ], [ 79.7633452, 28.9849283 ], [ 79.7630273, 28.9847769 ], [ 79.763356, 28.9844456 ], [ 79.7646723, 28.9841263 ], [ 79.7651722, 28.9844651 ], [ 79.7655008, 28.9842285 ], [ 79.7646991, 28.983091 ], [ 79.7659732, 28.9814297 ], [ 79.7671094, 28.9815569 ], [ 79.7675132, 28.9805423 ], [ 79.7680446, 28.9802449 ], [ 79.7684087, 28.9803061 ], [ 79.7684185, 28.9808136 ], [ 79.7689855, 28.9807713 ], [ 79.7703004, 28.9792452 ], [ 79.7708196, 28.978172 ], [ 79.7705404, 28.9777995 ], [ 79.770176, 28.977876 ], [ 79.7702311, 28.9767211 ], [ 79.7707703, 28.9761892 ], [ 79.7701624, 28.976121 ], [ 79.7704246, 28.9755281 ], [ 79.770097, 28.9749098 ], [ 79.7710255, 28.9748902 ], [ 79.7713058, 28.9741528 ], [ 79.770796, 28.9735615 ], [ 79.7713845, 28.9724612 ], [ 79.7709671, 28.9717796 ], [ 79.7700658, 28.9727331 ], [ 79.7695252, 28.9747063 ], [ 79.7613567, 28.9758839 ], [ 79.7611289, 28.975401 ], [ 79.7590661, 28.9757037 ], [ 79.7588638, 28.9754306 ], [ 79.758135, 28.9757165 ], [ 79.7579403, 28.9754795 ], [ 79.7561338, 28.9760373 ], [ 79.7558854, 28.9757168 ], [ 79.7546202, 28.9762389 ], [ 79.7543001, 28.9758372 ], [ 79.7538431, 28.9760803 ], [ 79.75369, 28.9754126 ], [ 79.7521272, 28.9760224 ], [ 79.7518839, 28.9756185 ], [ 79.7523124, 28.9754925 ], [ 79.7517158, 28.9746439 ], [ 79.7481577, 28.9749253 ], [ 79.7476035, 28.9747973 ], [ 79.747595, 28.9741071 ], [ 79.7444264, 28.975725 ], [ 79.7446169, 28.9763112 ], [ 79.7438146, 28.9768398 ], [ 79.744044, 28.9777666 ], [ 79.7435313, 28.9780422 ], [ 79.7443423, 28.9806084 ], [ 79.7439912, 28.9809493 ], [ 79.744338, 28.9813212 ], [ 79.7445771, 28.9840323 ], [ 79.7453695, 28.9859804 ], [ 79.7450237, 28.9886942 ], [ 79.7463308, 28.9919658 ], [ 79.7463782, 28.9930056 ], [ 79.7470365, 28.9920802 ], [ 79.7479243, 28.9922237 ], [ 79.7486069, 28.9915783 ], [ 79.7489636, 28.9915335 ], [ 79.7489811, 28.9919486 ], [ 79.749486, 28.9923302 ], [ 79.7499352, 28.9921728 ], [ 79.7499921, 28.9917691 ], [ 79.7493076, 28.9913918 ], [ 79.7509355, 28.9902136 ], [ 79.7511166, 28.9889461 ], [ 79.7517759, 28.9889355 ], [ 79.7522577, 28.9893577 ], [ 79.752807, 28.9891484 ], [ 79.7532718, 28.9886932 ], [ 79.7528644, 28.9883116 ], [ 79.7531342, 28.9879442 ], [ 79.755243, 28.9879167 ], [ 79.7579428, 28.9870327 ], [ 79.7587553, 28.9876424 ], [ 79.7600174, 28.9877044 ] ] ] } },
{ "type": "Feature", "properties": { "gp_code": "", "gp_name": "", "blkname": "SITARGANJ", "dtname": "Udam Singh Nagar", "SHAPE_Area": 6539327.0441677365 }, "geometry": { "type": "Polygon", "coordinates": [ [ [ 79.7672676, 29.0007831 ], [ 79.7680225, 28.9992979 ], [ 79.7688749, 28.9986602 ], [ 79.7691224, 28.9975259 ], [ 79.7704751, 28.9968796 ], [ 79.7711074, 28.9931764 ], [ 79.7724238, 28.9929608 ], [ 79.7723603, 28.9922683 ], [ 79.7713327, 28.9910743 ], [ 79.7710495, 28.989529 ], [ 79.7736463, 28.983707 ], [ 79.7749601, 28.9832502 ], [ 79.7746121, 28.9823342 ], [ 79.774765, 28.9807328 ], [ 79.7700924, 28.9794526 ], [ 79.7689855, 28.9807713 ], [ 79.7684185, 28.9808136 ], [ 79.7684087, 28.9803061 ], [ 79.7680446, 28.9802449 ], [ 79.7675132, 28.9805423 ], [ 79.7671094, 28.9815569 ], [ 79.7659732, 28.9814297 ], [ 79.7646991, 28.983091 ], [ 79.7655445, 28.9841315 ], [ 79.7651722, 28.9844651 ], [ 79.7646723, 28.9841263 ], [ 79.763356, 28.9844456 ], [ 79.7630273, 28.9847769 ], [ 79.7633452, 28.9849283 ], [ 79.7632572, 28.9856049 ], [ 79.761893, 28.9851729 ], [ 79.7612228, 28.985716 ], [ 79.7609983, 28.9869022 ], [ 79.7596811, 28.9879567 ], [ 79.7586315, 28.9883461 ], [ 79.7581486, 28.9888192 ], [ 79.7581198, 28.9893696 ], [ 79.7573117, 28.9893779 ], [ 79.7544337, 28.9911348 ], [ 79.7536922, 28.9912108 ], [ 79.7538173, 28.9917364 ], [ 79.7533974, 28.9931458 ], [ 79.7535891, 28.9938136 ], [ 79.7526205, 28.9950354 ], [ 79.7484697, 28.9977226 ], [ 79.7478718, 28.9977297 ], [ 79.747239, 28.9984589 ], [ 79.7449413, 28.9994331 ], [ 79.745233, 28.9999402 ], [ 79.7445455, 29.0001062 ], [ 79.7440902, 29.0010844 ], [ 79.7510855, 29.0088321 ], [ 79.7533981, 29.0098649 ], [ 79.7538809, 29.0107292 ], [ 79.7561944, 29.0113183 ], [ 79.7586504, 29.011322 ], [ 79.7603392, 29.0098809 ], [ 79.7615548, 29.0074325 ], [ 79.7637541, 29.0043127 ], [ 79.7665675, 29.0025394 ], [ 79.7671286, 29.0017871 ], [ 79.7672676, 29.0007831 ] ] ] } },
{ "type": "Feature", "properties": { "gp_code": "260003", "gp_name": "Dhayanpur", "blkname": "SITARGANJ", "dtname": "Udam Singh Nagar", "SHAPE_Area": 3304111.1913532969 }, "geometry": { "type": "Polygon", "coordinates": [ [ [ 79.7820148, 29.0005628 ], [ 79.7830673, 29.0001638 ], [ 79.7833011, 28.9994467 ], [ 79.7818363, 28.9991773 ], [ 79.7805626, 28.9975727 ], [ 79.781643, 28.9973208 ], [ 79.782918, 28.9974683 ], [ 79.7841115, 28.9969819 ], [ 79.7838407, 28.9955742 ], [ 79.7846904, 28.9951125 ], [ 79.7846401, 28.9939214 ], [ 79.7852999, 28.9934166 ], [ 79.7851939, 28.991197 ], [ 79.7836521, 28.9853405 ], [ 79.7832041, 28.9814109 ], [ 79.7822699, 28.9818118 ], [ 79.7819213, 28.9815116 ], [ 79.7749064, 28.9830381 ], [ 79.7747419, 28.9834575 ], [ 79.7736463, 28.983707 ], [ 79.7710495, 28.989529 ], [ 79.7713327, 28.9910743 ], [ 79.7723603, 28.9922683 ], [ 79.7724238, 28.9929608 ], [ 79.7711074, 28.9931764 ], [ 79.7704751, 28.9968796 ], [ 79.7691224, 28.9975259 ], [ 79.7688749, 28.9986602 ], [ 79.7680225, 28.9992979 ], [ 79.7672676, 29.0007831 ], [ 79.7695629, 29.0011379 ], [ 79.7711632, 29.0005477 ], [ 79.7739962, 29.0004713 ], [ 79.7759141, 29.0010766 ], [ 79.7785639, 29.0012409 ], [ 79.7806134, 29.0002044 ], [ 79.7820148, 29.0005628 ] ] ] } },
{ "type": "Feature", "properties": { "gp_code": "260005", "gp_name": "Dhum Khera", "blkname": "SITARGANJ", "dtname": "Udam Singh Nagar", "SHAPE_Area": 3255394.3582873289 }, "geometry": { "type": "Polygon", "coordinates": [ [ [ 79.7726974, 28.9675901 ], [ 79.7731585, 28.9656123 ], [ 79.7744665, 28.9656809 ], [ 79.7744086, 28.9645192 ], [ 79.7757856, 28.9649668 ], [ 79.7765433, 28.9637336 ], [ 79.7770667, 28.9635964 ], [ 79.7769982, 28.9627708 ], [ 79.777565, 28.9627215 ], [ 79.7776144, 28.9620855 ], [ 79.779528, 28.9617846 ], [ 79.7788673, 28.9579294 ], [ 79.7799098, 28.9564504 ], [ 79.7801109, 28.9552822 ], [ 79.7798729, 28.9547204 ], [ 79.7813487, 28.953483 ], [ 79.7813387, 28.9531717 ], [ 79.7809549, 28.9521023 ], [ 79.7799884, 28.9517633 ], [ 79.7790328, 28.950698 ], [ 79.7793618, 28.9499899 ], [ 79.77906, 28.9490762 ], [ 79.7792506, 28.9482418 ], [ 79.7780806, 28.948859 ], [ 79.7777002, 28.9497881 ], [ 79.7770231, 28.9498372 ], [ 79.7767618, 28.9495708 ], [ 79.7772595, 28.949278 ], [ 79.7769831, 28.9487319 ], [ 79.7773989, 28.9482585 ], [ 79.7770966, 28.9480417 ], [ 79.7755216, 28.948494 ], [ 79.7751282, 28.9495922 ], [ 79.77269, 28.9489836 ], [ 79.7724469, 28.948451 ], [ 79.7714611, 28.9495804 ], [ 79.770589, 28.9496677 ], [ 79.7704253, 28.9493225 ], [ 79.7711107, 28.9485606 ], [ 79.7703031, 28.9483029 ], [ 79.7691529, 28.9470794 ], [ 79.7680546, 28.9478341 ], [ 79.7673221, 28.9494102 ], [ 79.7688216, 28.950113 ], [ 79.7680845, 28.9511815 ], [ 79.7682475, 28.9522305 ], [ 79.7665835, 28.9519495 ], [ 79.7656102, 28.9532276 ], [ 79.7642915, 28.9537363 ], [ 79.7645465, 28.9550492 ], [ 79.7643121, 28.9560551 ], [ 79.7646088, 28.9567726 ], [ 79.7638973, 28.9578592 ], [ 79.7647396, 28.9592088 ], [ 79.7637117, 28.9610936 ], [ 79.7639303, 28.9629592 ], [ 79.7648615, 28.962845 ], [ 79.7648131, 28.9625021 ], [ 79.7658413, 28.9628028 ], [ 79.7664854, 28.962447 ], [ 79.767375, 28.9628424 ], [ 79.7682575, 28.9626491 ], [ 79.7692446, 28.9629815 ], [ 79.7695745, 28.9639246 ], [ 79.7702771, 28.9641123 ], [ 79.769753, 28.9649736 ], [ 79.769109, 28.9652031 ], [ 79.7691769, 28.9665047 ], [ 79.7688738, 28.9669059 ], [ 79.7693145, 28.9674386 ], [ 79.769221, 28.9686114 ], [ 79.7696925, 28.9690133 ], [ 79.7697432, 28.9696246 ], [ 79.7726974, 28.9675901 ] ] ] } },
{ "type": "Feature", "properties": { "gp_code": "260007", "gp_name": "Bereya", "blkname": "SITARGANJ", "dtname": "Udam Singh Nagar", "SHAPE_Area": 5044215.1034326414 }, "geometry": { "type": "Polygon", "coordinates": [ [ [ 79.7703561, 28.9723002 ], [ 79.7696129, 28.971632 ], [ 79.7701369, 28.9709355 ], [ 79.7702327, 28.9699994 ], [ 79.7696278, 28.9695591 ], [ 79.7696925, 28.9690133 ], [ 79.769221, 28.9686114 ], [ 79.7693145, 28.9674386 ], [ 79.7688738, 28.9669059 ], [ 79.7691769, 28.9665047 ], [ 79.769109, 28.9652031 ], [ 79.769753, 28.9649736 ], [ 79.7702771, 28.9641123 ], [ 79.7695745, 28.9639246 ], [ 79.7692446, 28.9629815 ], [ 79.7682575, 28.9626491 ], [ 79.767375, 28.9628424 ], [ 79.7664854, 28.962447 ], [ 79.7658413, 28.9628028 ], [ 79.7648131, 28.9625021 ], [ 79.7648615, 28.962845 ], [ 79.7639303, 28.9629592 ], [ 79.7637117, 28.9610936 ], [ 79.7647396, 28.9592088 ], [ 79.7638973, 28.9578592 ], [ 79.7629629, 28.9586795 ], [ 79.7606756, 28.9582174 ], [ 79.7585433, 28.9591945 ], [ 79.7578973, 28.9589572 ], [ 79.7573648, 28.9580342 ], [ 79.756109, 28.9572932 ], [ 79.7556059, 28.9576988 ], [ 79.7530359, 28.9622032 ], [ 79.7517572, 28.9633862 ], [ 79.7503774, 28.9634459 ], [ 79.7484735, 28.9661734 ], [ 79.746103, 28.966083 ], [ 79.745506, 28.9666114 ], [ 79.7407909, 28.9680884 ], [ 79.7422948, 28.9711819 ], [ 79.7427308, 28.9711521 ], [ 79.7429856, 28.9719774 ], [ 79.7426704, 28.9721898 ], [ 79.7444264, 28.975725 ], [ 79.747595, 28.9741071 ], [ 79.7476035, 28.9747973 ], [ 79.7481577, 28.9749253 ], [ 79.7517158, 28.9746439 ], [ 79.7523124, 28.9754925 ], [ 79.7518839, 28.9756185 ], [ 79.7521272, 28.9760224 ], [ 79.75369, 28.9754126 ], [ 79.7538431, 28.9760803 ], [ 79.7543001, 28.9758372 ], [ 79.7546202, 28.9762389 ], [ 79.7558854, 28.9757168 ], [ 79.7561338, 28.9760373 ], [ 79.7588638, 28.9754306 ], [ 79.7590661, 28.9757037 ], [ 79.7611289, 28.975401 ], [ 79.7613567, 28.9758839 ], [ 79.7695252, 28.9747063 ], [ 79.7703561, 28.9723002 ] ] ] } },
{ "type": "Feature", "properties": { "gp_code": "27319", "gp_name": "DOHRA", "blkname": "SITARGANJ", "dtname": "Udam Singh Nagar", "SHAPE_Area": 15396859.570089588 }, "geometry": { "type": "Polygon", "coordinates": [ [ [ 79.7429856, 28.9719774 ], [ 79.7427308, 28.9711521 ], [ 79.7422948, 28.9711819 ], [ 79.7407909, 28.9680884 ], [ 79.745506, 28.9666114 ], [ 79.746103, 28.966083 ], [ 79.7484735, 28.9661734 ], [ 79.7503774, 28.9634459 ], [ 79.7517572, 28.9633862 ], [ 79.7530359, 28.9622032 ], [ 79.7556059, 28.9576988 ], [ 79.756109, 28.9572932 ], [ 79.7573648, 28.9580342 ], [ 79.7578973, 28.9589572 ], [ 79.7585433, 28.9591945 ], [ 79.7606756, 28.9582174 ], [ 79.7632938, 28.958558 ], [ 79.7646088, 28.9567726 ], [ 79.7643121, 28.9560551 ], [ 79.7645465, 28.9550492 ], [ 79.7642915, 28.9537363 ], [ 79.7656102, 28.9532276 ], [ 79.7665835, 28.9519495 ], [ 79.7681757, 28.9522936 ], [ 79.7680845, 28.9511815 ], [ 79.7688214, 28.950255 ], [ 79.7686373, 28.9498127 ], [ 79.7673221, 28.9494102 ], [ 79.7676791, 28.9488894 ], [ 79.7650794, 28.9433747 ], [ 79.7643986, 28.9373381 ], [ 79.763327, 28.9347771 ], [ 79.7619015, 28.9298136 ], [ 79.7558614, 28.9314798 ], [ 79.755515, 28.9316599 ], [ 79.7556248, 28.9320841 ], [ 79.7489886, 28.9324886 ], [ 79.7491227, 28.9318571 ], [ 79.7484777, 28.9309227 ], [ 79.7492197, 28.9292737 ], [ 79.7476808, 28.9290907 ], [ 79.7476328, 28.9279935 ], [ 79.7461517, 28.9244422 ], [ 79.7455805, 28.927057 ], [ 79.7457335, 28.9284959 ], [ 79.7451458, 28.9303055 ], [ 79.7444601, 28.9315241 ], [ 79.7428924, 28.932854 ], [ 79.7426784, 28.9340361 ], [ 79.7416071, 28.9345446 ], [ 79.7407835, 28.9363543 ], [ 79.7400225, 28.9368106 ], [ 79.7386508, 28.9369832 ], [ 79.7357018, 28.9366789 ], [ 79.735304, 28.9363928 ], [ 79.7342331, 28.9372959 ], [ 79.7329248, 28.9391444 ], [ 79.7322072, 28.939472 ], [ 79.7319802, 28.9407263 ], [ 79.7325422, 28.9435611 ], [ 79.7340179, 28.9472095 ], [ 79.7352044, 28.9512731 ], [ 79.735185, 28.9523445 ], [ 79.7331235, 28.9600694 ], [ 79.7322307, 28.962222 ], [ 79.730195, 28.9655484 ], [ 79.7296541, 28.9683841 ], [ 79.7299296, 28.9693516 ], [ 79.7332903, 28.972342 ], [ 79.7355843, 28.9779724 ], [ 79.7444264, 28.975725 ], [ 79.7426704, 28.9721898 ], [ 79.7429856, 28.9719774 ] ] ] } },
{ "type": "Feature", "properties": { "gp_code": "260005", "gp_name": "Dhum Khera", "blkname": "SITARGANJ", "dtname": "Udam Singh Nagar", "SHAPE_Area": 871017.09216112853 }, "geometry": { "type": "Polygon", "coordinates": [ [ [ 79.7783938, 28.9456608 ], [ 79.7830133, 28.9444888 ], [ 79.7810343, 28.9409032 ], [ 79.7807008, 28.9382076 ], [ 79.7811532, 28.9368635 ], [ 79.7802427, 28.9371854 ], [ 79.7785998, 28.9363858 ], [ 79.7777507, 28.9368025 ], [ 79.7774289, 28.9381737 ], [ 79.7763958, 28.9378301 ], [ 79.7764361, 28.9386422 ], [ 79.7752711, 28.9395413 ], [ 79.7742133, 28.940957 ], [ 79.7726616, 28.9412536 ], [ 79.7725964, 28.9423678 ], [ 79.7732243, 28.9427179 ], [ 79.7731727, 28.9431216 ], [ 79.7745265, 28.9432941 ], [ 79.7745853, 28.9435241 ], [ 79.7732353, 28.9446533 ], [ 79.7720583, 28.9445915 ], [ 79.7721574, 28.9454418 ], [ 79.7729236, 28.9460514 ], [ 79.7741011, 28.9456419 ], [ 79.7749831, 28.9457913 ], [ 79.7753297, 28.9453676 ], [ 79.7761811, 28.9453072 ], [ 79.7772725, 28.9464404 ], [ 79.7783938, 28.9456608 ] ] ] } },
{ "type": "Feature", "properties": { "gp_code": "27340", "gp_name": "PACHPEDA", "blkname": "SITARGANJ", "dtname": "Udam Singh Nagar", "SHAPE_Area": 2514256.5843782583 }, "geometry": { "type": "Polygon", "coordinates": [ [ [ 79.7811545, 28.9526302 ], [ 79.7949272, 28.9479768 ], [ 79.7930167, 28.9446373 ], [ 79.7951022, 28.943716 ], [ 79.794329, 28.9420171 ], [ 79.7945908, 28.9418752 ], [ 79.7943248, 28.9409141 ], [ 79.7926728, 28.941689 ], [ 79.7919087, 28.9416028 ], [ 79.791533, 28.9399763 ], [ 79.7905218, 28.9379614 ], [ 79.7878136, 28.9354041 ], [ 79.7871262, 28.9356788 ], [ 79.7868599, 28.9352727 ], [ 79.7863776, 28.9355137 ], [ 79.7867209, 28.9358771 ], [ 79.7860052, 28.9362104 ], [ 79.786133, 28.9366594 ], [ 79.7855455, 28.9370695 ], [ 79.7851537, 28.936449 ], [ 79.7840124, 28.936773 ], [ 79.7841737, 28.937107 ], [ 79.7833015, 28.9374696 ], [ 79.7829305, 28.9365783 ], [ 79.7810349, 28.9372312 ], [ 79.7806927, 28.9385865 ], [ 79.7810636, 28.9395748 ], [ 79.7810343, 28.9409032 ], [ 79.7830133, 28.9444888 ], [ 79.7783938, 28.9456608 ], [ 79.7772725, 28.9464404 ], [ 79.7780797, 28.9470612 ], [ 79.7789489, 28.947134 ], [ 79.7794896, 28.9476848 ], [ 79.7790601, 28.948889 ], [ 79.7793618, 28.9499899 ], [ 79.7790328, 28.950698 ], [ 79.7799884, 28.9517633 ], [ 79.7809549, 28.9521023 ], [ 79.7811545, 28.9526302 ] ] ] } },
{ "type": "Feature", "properties": { "gp_code": "293890", "gp_name": "KISHANPUR", "blkname": "SITARGANJ", "dtname": "Udam Singh Nagar", "SHAPE_Area": 4309826.3938423563 }, "geometry": { "type": "Polygon", "coordinates": [ [ [ 79.8176841, 28.9665948 ], [ 79.8166172, 28.9662289 ], [ 79.8136752, 28.9664125 ], [ 79.8131677, 28.9658056 ], [ 79.8126404, 28.964064 ], [ 79.8124777, 28.9616031 ], [ 79.812742, 28.9570176 ], [ 79.8055171, 28.9575869 ], [ 79.8053167, 28.9579478 ], [ 79.8024675, 28.957759 ], [ 79.802031, 28.9584468 ], [ 79.8008772, 28.9579838 ], [ 79.7989589, 28.9580075 ], [ 79.7975346, 28.9591774 ], [ 79.7975213, 28.9597638 ], [ 79.7981159, 28.9603484 ], [ 79.7974286, 28.9602916 ], [ 79.7969866, 28.9614642 ], [ 79.7963271, 28.9620233 ], [ 79.7954703, 28.9621716 ], [ 79.795154, 28.9632767 ], [ 79.7942688, 28.9637002 ], [ 79.793315, 28.9633252 ], [ 79.7925427, 28.9636789 ], [ 79.7928037, 28.9644279 ], [ 79.7917966, 28.9665746 ], [ 79.792549, 28.9687269 ], [ 79.7923973, 28.9691374 ], [ 79.7934795, 28.9694651 ], [ 79.7936527, 28.9710757 ], [ 79.7941857, 28.9717098 ], [ 79.8009753, 28.9753858 ], [ 79.8086261, 28.9728139 ], [ 79.809755, 28.9723047 ], [ 79.8105071, 28.971378 ], [ 79.8122157, 28.9709322 ], [ 79.8191993, 28.9677187 ], [ 79.8176841, 28.9665948 ] ] ] } },
{ "type": "Feature", "properties": { "gp_code": "27350", "gp_name": "SUNKHARIKALAN", "blkname": "SITARGANJ", "dtname": "Udam Singh Nagar", "SHAPE_Area": 4640177.6779738767 }, "geometry": { "type": "Polygon", "coordinates": [ [ [ 79.7703561, 28.9723002 ], [ 79.7732822, 28.9703356 ], [ 79.7741925, 28.970616 ], [ 79.7799909, 28.9689194 ], [ 79.7818762, 28.9688418 ], [ 79.781892, 28.968287 ], [ 79.7876926, 28.966766 ], [ 79.7877854, 28.9662654 ], [ 79.7886088, 28.9660493 ], [ 79.7885476, 28.9656207 ], [ 79.7895661, 28.9653777 ], [ 79.7900205, 28.9647894 ], [ 79.7927526, 28.9641504 ], [ 79.7925427, 28.9636789 ], [ 79.793315, 28.9633252 ], [ 79.7942688, 28.9637002 ], [ 79.7947152, 28.9635561 ], [ 79.7952336, 28.9631459 ], [ 79.7954703, 28.9621716 ], [ 79.79644, 28.9619669 ], [ 79.7971996, 28.9612524 ], [ 79.7974286, 28.9602916 ], [ 79.7981159, 28.9603484 ], [ 79.7974778, 28.9596578 ], [ 79.7977195, 28.9589158 ], [ 79.7989589, 28.9580075 ], [ 79.8003618, 28.9579384 ], [ 79.7986747, 28.953636 ], [ 79.797169, 28.9541269 ], [ 79.7955837, 28.9513493 ], [ 79.7962073, 28.9506504 ], [ 79.7948271, 28.9480106 ], [ 79.7929468, 28.9487831 ], [ 79.7918285, 28.9490508 ], [ 79.7916645, 28.9488544 ], [ 79.7811545, 28.9526302 ], [ 79.7813487, 28.953483 ], [ 79.7798729, 28.9547204 ], [ 79.7801109, 28.9552822 ], [ 79.7799098, 28.9564504 ], [ 79.7788673, 28.9579294 ], [ 79.779528, 28.9617846 ], [ 79.7776144, 28.9620855 ], [ 79.777565, 28.9627215 ], [ 79.7769982, 28.9627708 ], [ 79.7770667, 28.9635964 ], [ 79.7765433, 28.9637336 ], [ 79.7757856, 28.9649668 ], [ 79.7744086, 28.9645192 ], [ 79.7744665, 28.9656809 ], [ 79.7731585, 28.9656123 ], [ 79.7726974, 28.9675901 ], [ 79.7700075, 28.9694895 ], [ 79.7701369, 28.9709355 ], [ 79.7696129, 28.971632 ], [ 79.7703561, 28.9723002 ] ] ] } },
{ "type": "Feature", "properties": { "gp_code": "27335", "gp_name": "NAGALA", "blkname": "SITARGANJ", "dtname": "Udam Singh Nagar", "SHAPE_Area": 3855284.5796139445 }, "geometry": { "type": "Polygon", "coordinates": [ [ [ 79.7832041, 28.9814109 ], [ 79.7831812, 28.9810974 ], [ 79.7867355, 28.9794915 ], [ 79.7915771, 28.9781885 ], [ 79.792066, 28.9762716 ], [ 79.7928056, 28.9750788 ], [ 79.792488, 28.9745035 ], [ 79.7930191, 28.9743797 ], [ 79.7925914, 28.9735246 ], [ 79.7926997, 28.9727578 ], [ 79.7932955, 28.9719371 ], [ 79.7941857, 28.9717098 ], [ 79.7936527, 28.9710757 ], [ 79.7934795, 28.9694651 ], [ 79.7923973, 28.9691374 ], [ 79.792549, 28.9687269 ], [ 79.7917966, 28.9665746 ], [ 79.7927526, 28.9641504 ], [ 79.7900205, 28.9647894 ], [ 79.7895661, 28.9653777 ], [ 79.7885476, 28.9656207 ], [ 79.7886088, 28.9660493 ], [ 79.7877854, 28.9662654 ], [ 79.7876926, 28.966766 ], [ 79.781892, 28.968287 ], [ 79.7818762, 28.9688418 ], [ 79.7799909, 28.9689194 ], [ 79.7741925, 28.970616 ], [ 79.7732822, 28.9703356 ], [ 79.7708799, 28.9717209 ], [ 79.7713845, 28.9724612 ], [ 79.770796, 28.9735615 ], [ 79.771324, 28.9739927 ], [ 79.7710255, 28.9748902 ], [ 79.770097, 28.9749098 ], [ 79.7704246, 28.9755281 ], [ 79.7701624, 28.976121 ], [ 79.7707703, 28.9761892 ], [ 79.7702311, 28.9767211 ], [ 79.770176, 28.977876 ], [ 79.7705404, 28.9777995 ], [ 79.7708196, 28.978172 ], [ 79.7700924, 28.9794526 ], [ 79.774765, 28.9807328 ], [ 79.7746121, 28.9823342 ], [ 79.7749064, 28.9830381 ], [ 79.7819213, 28.9815116 ], [ 79.7822699, 28.9818118 ], [ 79.7832041, 28.9814109 ] ] ] } },
{ "type": "Feature", "properties": { "gp_code": "27306", "gp_name": "BAR KI DANDI", "blkname": "SITARGANJ", "dtname": "Udam Singh Nagar", "SHAPE_Area": 11738515.175659681 }, "geometry": { "type": "Polygon", "coordinates": [ [ [ 79.7915101, 29.0056064 ], [ 79.7958074, 29.005622 ], [ 79.795052, 29.0030201 ], [ 79.7931176, 28.9993029 ], [ 79.7932365, 28.99819 ], [ 79.793506, 28.9980119 ], [ 79.796944, 28.9981335 ], [ 79.7992185, 28.9996302 ], [ 79.7999936, 28.9994683 ], [ 79.80168, 28.9982986 ], [ 79.8063506, 28.992883 ], [ 79.8062259, 28.991198 ], [ 79.8066037, 28.9902983 ], [ 79.8080481, 28.9901862 ], [ 79.8099393, 28.9935773 ], [ 79.8121332, 28.9929107 ], [ 79.8130392, 28.992275 ], [ 79.8127878, 28.9880547 ], [ 79.8113836, 28.9852729 ], [ 79.8117302, 28.9848287 ], [ 79.8124743, 28.9846576 ], [ 79.8138183, 28.9850214 ], [ 79.8242414, 28.9901369 ], [ 79.8277926, 28.9887847 ], [ 79.8283514, 28.9840572 ], [ 79.8248378, 28.9821455 ], [ 79.8230123, 28.9801937 ], [ 79.8212299, 28.9792254 ], [ 79.8191265, 28.9792786 ], [ 79.8180104, 28.9798082 ], [ 79.8172347, 28.981468 ], [ 79.8150507, 28.983319 ], [ 79.8122392, 28.9830921 ], [ 79.810562, 28.9821079 ], [ 79.8106243, 28.9810546 ], [ 79.8155104, 28.973196 ], [ 79.8166625, 28.9725627 ], [ 79.8184582, 28.972198 ], [ 79.8204949, 28.9721019 ], [ 79.8220183, 28.9725491 ], [ 79.8224392, 28.972159 ], [ 79.8223191, 28.9712071 ], [ 79.8210247, 28.9692736 ], [ 79.8191993, 28.9677187 ], [ 79.8122157, 28.9709322 ], [ 79.8105071, 28.971378 ], [ 79.809755, 28.9723047 ], [ 79.8086261, 28.9728139 ], [ 79.8009753, 28.9753858 ], [ 79.7941857, 28.9717098 ], [ 79.7934597, 28.9718515 ], [ 79.7926997, 28.9727578 ], [ 79.7925914, 28.9735246 ], [ 79.7930191, 28.9743797 ], [ 79.792488, 28.9745035 ], [ 79.7928056, 28.9750788 ], [ 79.792066, 28.9762716 ], [ 79.7915771, 28.9781885 ], [ 79.7867355, 28.9794915 ], [ 79.7831812, 28.9810974 ], [ 79.7836521, 28.9853405 ], [ 79.7851939, 28.991197 ], [ 79.7852999, 28.9934166 ], [ 79.7846401, 28.9939214 ], [ 79.7846904, 28.9951125 ], [ 79.7838407, 28.9955742 ], [ 79.7841115, 28.9969819 ], [ 79.782918, 28.9974683 ], [ 79.781643, 28.9973208 ], [ 79.7805626, 28.9975727 ], [ 79.7818363, 28.9991773 ], [ 79.7833011, 28.9994467 ], [ 79.7830673, 29.0001638 ], [ 79.7815228, 29.001014 ], [ 79.7818645, 29.0015969 ], [ 79.7825273, 29.0014572 ], [ 79.7833364, 29.002573 ], [ 79.7831756, 29.0030246 ], [ 79.7865976, 29.0059113 ], [ 79.7877738, 29.0061538 ], [ 79.7915101, 29.0056064 ] ] ] } },
{ "type": "Feature", "properties": { "gp_code": "", "gp_name": "", "blkname": "SITARGANJ", "dtname": "Udam Singh Nagar", "SHAPE_Area": 9306487.9943663422 }, "geometry": { "type": "Polygon", "coordinates": [ [ [ 79.8394957, 28.9976754 ], [ 79.8391445, 28.9967888 ], [ 79.8378776, 28.9953291 ], [ 79.8381653, 28.9944224 ], [ 79.8390349, 28.9945783 ], [ 79.839617, 28.9953453 ], [ 79.84052, 28.995605 ], [ 79.8404177, 28.9949125 ], [ 79.8410565, 28.9950232 ], [ 79.8414129, 28.9955939 ], [ 79.8418773, 28.9955241 ], [ 79.8428033, 28.9961739 ], [ 79.8472809, 28.9940728 ], [ 79.8381054, 28.989388 ], [ 79.8356541, 28.9858843 ], [ 79.8366909, 28.9848515 ], [ 79.8362938, 28.9834146 ], [ 79.8379872, 28.9828715 ], [ 79.838259, 28.9830858 ], [ 79.8403551, 28.9822946 ], [ 79.8403937, 28.9818323 ], [ 79.8420047, 28.9816432 ], [ 79.8428209, 28.9803035 ], [ 79.844019, 28.9798414 ], [ 79.8444138, 28.9807911 ], [ 79.8448909, 28.9809243 ], [ 79.8451573, 28.982395 ], [ 79.8447877, 28.9829837 ], [ 79.8451672, 28.9833785 ], [ 79.846432, 28.9831713 ], [ 79.8452302, 28.9785379 ], [ 79.8494548, 28.9796396 ], [ 79.8487985, 28.977835 ], [ 79.8456929, 28.9750284 ], [ 79.8440058, 28.9724047 ], [ 79.8439624, 28.9717393 ], [ 79.8446785, 28.9700477 ], [ 79.8440894, 28.967377 ], [ 79.844523, 28.9666102 ], [ 79.8467292, 28.9654829 ], [ 79.8499864, 28.9663992 ], [ 79.8503378, 28.966194 ], [ 79.8502917, 28.9658535 ], [ 79.8469426, 28.963604 ], [ 79.8432674, 28.9627505 ], [ 79.8412308, 28.9632035 ], [ 79.8367552, 28.9632767 ], [ 79.8348492, 28.9639799 ], [ 79.8324685, 28.9655717 ], [ 79.8294904, 28.9662767 ], [ 79.8292209, 28.9666623 ], [ 79.829472, 28.9672083 ], [ 79.8316183, 28.9683367 ], [ 79.8321747, 28.9690948 ], [ 79.832364, 28.970155 ], [ 79.8308381, 28.9695094 ], [ 79.8300838, 28.9699987 ], [ 79.8295428, 28.9697932 ], [ 79.8289222, 28.9692878 ], [ 79.828279, 28.9680627 ], [ 79.8266682, 28.9678727 ], [ 79.8256239, 28.9686799 ], [ 79.8257518, 28.9694942 ], [ 79.821422, 28.9698241 ], [ 79.8223191, 28.9712071 ], [ 79.8222569, 28.9724477 ], [ 79.8196202, 28.9720677 ], [ 79.816057, 28.972824 ], [ 79.814802, 28.9740686 ], [ 79.8104571, 28.9816635 ], [ 79.8108697, 28.9824193 ], [ 79.8122392, 28.9830921 ], [ 79.8150507, 28.983319 ], [ 79.8172347, 28.981468 ], [ 79.8180104, 28.9798082 ], [ 79.8191265, 28.9792786 ], [ 79.8204143, 28.9791573 ], [ 79.8219275, 28.9795414 ], [ 79.8230123, 28.9801937 ], [ 79.8243942, 28.9818408 ], [ 79.8280873, 28.9838181 ], [ 79.8284436, 28.9843347 ], [ 79.827474, 28.9898898 ], [ 79.8259797, 28.9923232 ], [ 79.8249406, 28.9925303 ], [ 79.8248137, 28.9948738 ], [ 79.8259632, 28.9948246 ], [ 79.8266972, 28.9943489 ], [ 79.8271794, 28.9946626 ], [ 79.8275176, 28.9955672 ], [ 79.8284257, 28.9958405 ], [ 79.8288389, 28.9954662 ], [ 79.8284263, 28.9944962 ], [ 79.8294141, 28.9944266 ], [ 79.8302962, 28.995496 ], [ 79.8327125, 28.9966336 ], [ 79.8336335, 28.9966948 ], [ 79.8338051, 28.9975633 ], [ 79.8356986, 28.9975232 ], [ 79.8361577, 28.997767 ], [ 79.8373445, 29.0004978 ], [ 79.8384138, 29.0001398 ], [ 79.8391847, 28.9991978 ], [ 79.8394957, 28.9976754 ] ] ] } },
{ "type": "Feature", "properties": { "gp_code": "", "gp_name": "", "blkname": "SITARGANJ", "dtname": "Udam Singh Nagar", "SHAPE_Area": 7363733.3065823745 }, "geometry": { "type": "Polygon", "coordinates": [ [ [ 79.812742, 28.9570176 ], [ 79.8130276, 28.9554726 ], [ 79.8158085, 28.9539039 ], [ 79.8252349, 28.9506551 ], [ 79.8237332, 28.9483358 ], [ 79.824672, 28.9479257 ], [ 79.8251494, 28.9469762 ], [ 79.8250371, 28.9459973 ], [ 79.8242787, 28.9446074 ], [ 79.8246358, 28.943331 ], [ 79.8179793, 28.9376893 ], [ 79.8168005, 28.9363376 ], [ 79.8153138, 28.9353446 ], [ 79.8143869, 28.933172 ], [ 79.8096863, 28.9342073 ], [ 79.8097348, 28.9345029 ], [ 79.808827, 28.9347776 ], [ 79.8075295, 28.9348401 ], [ 79.8075806, 28.9350973 ], [ 79.8059133, 28.9359897 ], [ 79.8014657, 28.9380287 ], [ 79.7983709, 28.9412412 ], [ 79.7943248, 28.9409141 ], [ 79.7945908, 28.9418752 ], [ 79.794329, 28.9420171 ], [ 79.7951022, 28.943716 ], [ 79.7930167, 28.9446373 ], [ 79.7962073, 28.9506504 ], [ 79.7955837, 28.9513493 ], [ 79.797169, 28.9541269 ], [ 79.7986747, 28.953636 ], [ 79.8003618, 28.9579384 ], [ 79.802031, 28.9584468 ], [ 79.8024675, 28.957759 ], [ 79.8053167, 28.9579478 ], [ 79.8055171, 28.9575869 ], [ 79.812742, 28.9570176 ] ] ] } },
{ "type": "Feature", "properties": { "gp_code": "27347", "gp_name": "SIDHANAVADIYA", "blkname": "SITARGANJ", "dtname": "Udam Singh Nagar", "SHAPE_Area": 6414500.3077201294 }, "geometry": { "type": "Polygon", "coordinates": [ [ [ 79.8393454, 28.9335959 ], [ 79.8420378, 28.9331995 ], [ 79.8438361, 28.9303804 ], [ 79.8440624, 28.9279241 ], [ 79.8433172, 28.9248382 ], [ 79.8408219, 28.9269805 ], [ 79.8350773, 28.9306556 ], [ 79.8258866, 28.9334315 ], [ 79.8241464, 28.9318045 ], [ 79.8236395, 28.9302119 ], [ 79.8240191, 28.9300587 ], [ 79.8237658, 28.9289398 ], [ 79.824671, 28.9285748 ], [ 79.8246123, 28.9280176 ], [ 79.8236789, 28.9282992 ], [ 79.8232231, 28.9271892 ], [ 79.822723, 28.927365 ], [ 79.8221186, 28.9261219 ], [ 79.8217826, 28.9262639 ], [ 79.8204203, 28.9229791 ], [ 79.8187818, 28.9233755 ], [ 79.8188868, 28.9236169 ], [ 79.8184227, 28.9238152 ], [ 79.8181026, 28.9230278 ], [ 79.8165565, 28.9233249 ], [ 79.8164895, 28.9237151 ], [ 79.8156101, 28.9238974 ], [ 79.8153898, 28.9235861 ], [ 79.8142667, 28.9239013 ], [ 79.8143613, 28.924251 ], [ 79.8138895, 28.9243658 ], [ 79.8139918, 28.92465 ], [ 79.8133685, 28.9252138 ], [ 79.8130303, 28.9248887 ], [ 79.8126609, 28.9251547 ], [ 79.8123893, 28.924823 ], [ 79.8113686, 28.9252872 ], [ 79.8104357, 28.9248041 ], [ 79.8069046, 28.925885 ], [ 79.8066409, 28.9252037 ], [ 79.8043534, 28.9260033 ], [ 79.8047888, 28.9266779 ], [ 79.8045246, 28.9267883 ], [ 79.8049732, 28.9270254 ], [ 79.8058695, 28.9285506 ], [ 79.8058343, 28.9314829 ], [ 79.806554, 28.9327397 ], [ 79.8063051, 28.9328749 ], [ 79.8065096, 28.9339577 ], [ 79.8071369, 28.9352798 ], [ 79.8075806, 28.9350973 ], [ 79.8075295, 28.9348401 ], [ 79.8097348, 28.9345029 ], [ 79.8096863, 28.9342073 ], [ 79.8143869, 28.933172 ], [ 79.8153138, 28.9353446 ], [ 79.8168005, 28.9363376 ], [ 79.8179793, 28.9376893 ], [ 79.8246358, 28.943331 ], [ 79.8242787, 28.9446074 ], [ 79.8250371, 28.9459973 ], [ 79.8251494, 28.9469762 ], [ 79.824672, 28.9479257 ], [ 79.8237332, 28.9483358 ], [ 79.8252349, 28.9506551 ], [ 79.8326225, 28.9461126 ], [ 79.8395506, 28.9410597 ], [ 79.836713, 28.937989 ], [ 79.8354241, 28.935609 ], [ 79.8357167, 28.9349685 ], [ 79.8393454, 28.9335959 ] ] ] } },
{ "type": "Feature", "properties": { "gp_code": "27341", "gp_name": "PIPALIYA PISTAUR", "blkname": "SITARGANJ", "dtname": "Udam Singh Nagar", "SHAPE_Area": 8157493.2055203542 }, "geometry": { "type": "Polygon", "coordinates": [ [ [ 79.8350773, 28.9306556 ], [ 79.8408219, 28.9269805 ], [ 79.8433172, 28.9248382 ], [ 79.8420078, 28.9226974 ], [ 79.8400188, 28.9210277 ], [ 79.8388396, 28.9204567 ], [ 79.8351442, 28.9165851 ], [ 79.8338394, 28.9162509 ], [ 79.8325524, 28.9163429 ], [ 79.8305884, 28.916949 ], [ 79.8299244, 28.9168451 ], [ 79.8293017, 28.9161907 ], [ 79.8293357, 28.9146547 ], [ 79.8303181, 28.9133602 ], [ 79.8344641, 28.9117195 ], [ 79.8372694, 28.9094376 ], [ 79.8231665, 28.911869 ], [ 79.8185104, 28.9131822 ], [ 79.8168876, 28.9132312 ], [ 79.8169977, 28.9134454 ], [ 79.8161363, 28.9137271 ], [ 79.8158828, 28.9130728 ], [ 79.8134905, 28.9137845 ], [ 79.813314, 28.9133492 ], [ 79.8117064, 28.9135514 ], [ 79.8110583, 28.9127842 ], [ 79.8111623, 28.9104249 ], [ 79.808868, 28.9103786 ], [ 79.8079987, 28.910694 ], [ 79.806025, 28.9104878 ], [ 79.8036044, 28.9114181 ], [ 79.7975101, 28.9159711 ], [ 79.7998248, 28.9200054 ], [ 79.8004787, 28.9196246 ], [ 79.8010447, 28.920473 ], [ 79.801391, 28.9202972 ], [ 79.8027075, 28.9221634 ], [ 79.8039265, 28.9241219 ], [ 79.8034905, 28.9242795 ], [ 79.8043534, 28.9260033 ], [ 79.8066409, 28.9252037 ], [ 79.8069046, 28.925885 ], [ 79.8104357, 28.9248041 ], [ 79.8113686, 28.9252872 ], [ 79.8123893, 28.924823 ], [ 79.8126609, 28.9251547 ], [ 79.8130303, 28.9248887 ], [ 79.8133685, 28.9252138 ], [ 79.8139918, 28.92465 ], [ 79.8138895, 28.9243658 ], [ 79.8143613, 28.924251 ], [ 79.8142667, 28.9239013 ], [ 79.8153898, 28.9235861 ], [ 79.8156101, 28.9238974 ], [ 79.8164895, 28.9237151 ], [ 79.8165565, 28.9233249 ], [ 79.8181026, 28.9230278 ], [ 79.8184227, 28.9238152 ], [ 79.8188868, 28.9236169 ], [ 79.8187818, 28.9233755 ], [ 79.8204203, 28.9229791 ], [ 79.8217826, 28.9262639 ], [ 79.8221186, 28.9261219 ], [ 79.822723, 28.927365 ], [ 79.8232231, 28.9271892 ], [ 79.8236789, 28.9282992 ], [ 79.8246123, 28.9280176 ], [ 79.824671, 28.9285748 ], [ 79.8237658, 28.9289398 ], [ 79.8240191, 28.9300587 ], [ 79.8236395, 28.9302119 ], [ 79.8241464, 28.9318045 ], [ 79.8258866, 28.9334315 ], [ 79.8350773, 28.9306556 ] ] ] } },
{ "type": "Feature", "properties": { "gp_code": "27326", "gp_name": "KALYANPUR", "blkname": "SITARGANJ", "dtname": "Udam Singh Nagar", "SHAPE_Area": 3238208.4339537928 }, "geometry": { "type": "Polygon", "coordinates": [ [ [ 79.7926728, 28.941689 ], [ 79.7943248, 28.9409141 ], [ 79.7983709, 28.9412412 ], [ 79.8014657, 28.9380287 ], [ 79.8071369, 28.9352798 ], [ 79.8065096, 28.9339577 ], [ 79.8063051, 28.9328749 ], [ 79.806554, 28.9327397 ], [ 79.8058343, 28.9314829 ], [ 79.8058695, 28.9285506 ], [ 79.8049732, 28.9270254 ], [ 79.8045246, 28.9267883 ], [ 79.8047888, 28.9266779 ], [ 79.8034905, 28.9242795 ], [ 79.8039265, 28.9241219 ], [ 79.801391, 28.9202972 ], [ 79.8010447, 28.920473 ], [ 79.8004787, 28.9196246 ], [ 79.7998248, 28.9200054 ], [ 79.7989391, 28.9180673 ], [ 79.7986057, 28.9182521 ], [ 79.7982753, 28.9176452 ], [ 79.7923643, 28.9199289 ], [ 79.7935725, 28.9224401 ], [ 79.7939159, 28.9224223 ], [ 79.7941157, 28.9228082 ], [ 79.7938284, 28.922914 ], [ 79.7945374, 28.9245181 ], [ 79.7939321, 28.9248201 ], [ 79.7940929, 28.9258103 ], [ 79.7947313, 28.9257747 ], [ 79.7949205, 28.9264198 ], [ 79.7954231, 28.9263367 ], [ 79.7956162, 28.9286533 ], [ 79.7959804, 28.9284618 ], [ 79.7960748, 28.9291521 ], [ 79.7963056, 28.9291432 ], [ 79.7963559, 28.930359 ], [ 79.7970687, 28.9303323 ], [ 79.7975133, 28.9325205 ], [ 79.7966105, 28.9327501 ], [ 79.79681, 28.9334495 ], [ 79.7957251, 28.9338774 ], [ 79.7952564, 28.933214 ], [ 79.7916246, 28.9344614 ], [ 79.7918857, 28.9351428 ], [ 79.7903775, 28.9356493 ], [ 79.7904516, 28.93599 ], [ 79.7899077, 28.9363483 ], [ 79.7894979, 28.9359149 ], [ 79.7887977, 28.9360341 ], [ 79.7884215, 28.9352421 ], [ 79.7878136, 28.9354041 ], [ 79.790258, 28.9375801 ], [ 79.7910443, 28.9387557 ], [ 79.7919087, 28.9416028 ], [ 79.7926728, 28.941689 ] ] ] } },
{ "type": "Feature", "properties": { "gp_code": "27318", "gp_name": "DHUSARI", "blkname": "SITARGANJ", "dtname": "Udam Singh Nagar", "SHAPE_Area": 5746686.1122997496 }, "geometry": { "type": "Polygon", "coordinates": [ [ [ 79.7840124, 28.936773 ], [ 79.7851537, 28.936449 ], [ 79.7855455, 28.9370695 ], [ 79.786133, 28.9366594 ], [ 79.7860052, 28.9362104 ], [ 79.7867209, 28.9358771 ], [ 79.7863776, 28.9355137 ], [ 79.7868599, 28.9352727 ], [ 79.7871262, 28.9356788 ], [ 79.7884215, 28.9352421 ], [ 79.7887977, 28.9360341 ], [ 79.7894979, 28.9359149 ], [ 79.7899077, 28.9363483 ], [ 79.7904516, 28.93599 ], [ 79.7903775, 28.9356493 ], [ 79.7918857, 28.9351428 ], [ 79.7916246, 28.9344614 ], [ 79.7952564, 28.933214 ], [ 79.7957251, 28.9338774 ], [ 79.79681, 28.9334495 ], [ 79.7966105, 28.9327501 ], [ 79.7975133, 28.9325205 ], [ 79.7970687, 28.9303323 ], [ 79.7963559, 28.930359 ], [ 79.7963056, 28.9291432 ], [ 79.7960748, 28.9291521 ], [ 79.7959804, 28.9284618 ], [ 79.7956162, 28.9286533 ], [ 79.7954231, 28.9263367 ], [ 79.7949205, 28.9264198 ], [ 79.7947313, 28.9257747 ], [ 79.7940929, 28.9258103 ], [ 79.7939321, 28.9248201 ], [ 79.7945374, 28.9245181 ], [ 79.7938284, 28.922914 ], [ 79.7941157, 28.9228082 ], [ 79.7939159, 28.9224223 ], [ 79.7935725, 28.9224401 ], [ 79.7923643, 28.9199289 ], [ 79.7982753, 28.9176452 ], [ 79.7969343, 28.9146512 ], [ 79.7974471, 28.9144711 ], [ 79.7973577, 28.914083 ], [ 79.7966732, 28.9139766 ], [ 79.7958855, 28.9115469 ], [ 79.7940756, 28.9116699 ], [ 79.7936357, 28.9102756 ], [ 79.793251, 28.9104265 ], [ 79.792849, 28.9098714 ], [ 79.7913004, 28.9101749 ], [ 79.7908039, 28.9091483 ], [ 79.7902502, 28.9091638 ], [ 79.7897978, 28.9075236 ], [ 79.7887057, 28.9076516 ], [ 79.7847157, 28.9031918 ], [ 79.7828197, 28.9050041 ], [ 79.7831062, 28.9058141 ], [ 79.7820207, 28.9070381 ], [ 79.7804464, 28.9074227 ], [ 79.781092, 28.9080119 ], [ 79.7797451, 28.9091636 ], [ 79.7804908, 28.90941 ], [ 79.7804675, 28.9096896 ], [ 79.7792672, 28.9102618 ], [ 79.7784272, 28.9122348 ], [ 79.7785805, 28.9127064 ], [ 79.7793801, 28.9130588 ], [ 79.7803953, 28.9129422 ], [ 79.780906, 28.9123854 ], [ 79.781708, 28.9127536 ], [ 79.7812709, 28.9142669 ], [ 79.7840452, 28.9167522 ], [ 79.7837315, 28.9177219 ], [ 79.782467, 28.9183774 ], [ 79.7806619, 28.9186942 ], [ 79.7799871, 28.919278 ], [ 79.7807889, 28.9199958 ], [ 79.7815003, 28.9214895 ], [ 79.7802457, 28.9224856 ], [ 79.7799599, 28.9238207 ], [ 79.7804104, 28.9246038 ], [ 79.7812972, 28.9250037 ], [ 79.7815916, 28.9255068 ], [ 79.7830576, 28.9261777 ], [ 79.7823546, 28.9267525 ], [ 79.7832433, 28.9277027 ], [ 79.7826484, 28.9279211 ], [ 79.7827736, 28.9283497 ], [ 79.7821048, 28.9308733 ], [ 79.7814606, 28.9315383 ], [ 79.7823489, 28.9331021 ], [ 79.781964, 28.9334987 ], [ 79.7808151, 28.9336423 ], [ 79.7790259, 28.9331087 ], [ 79.7785358, 28.9335504 ], [ 79.778458, 28.9344233 ], [ 79.7787626, 28.9349401 ], [ 79.7796731, 28.9347603 ], [ 79.7809647, 28.9355417 ], [ 79.7813641, 28.9363359 ], [ 79.7805618, 28.9359383 ], [ 79.7804641, 28.936209 ], [ 79.781115, 28.9366967 ], [ 79.7810349, 28.9372312 ], [ 79.7829305, 28.9365783 ], [ 79.7833015, 28.9374696 ], [ 79.7841737, 28.937107 ], [ 79.7840124, 28.936773 ] ] ] } },
{ "type": "Feature", "properties": { "gp_code": "27305", "gp_name": "BALKHERA", "blkname": "SITARGANJ", "dtname": "Udam Singh Nagar", "SHAPE_Area": 6516131.479030503 }, "geometry": { "type": "Polygon", "coordinates": [ [ [ 79.8134905, 28.9137845 ], [ 79.8158828, 28.9130728 ], [ 79.8161363, 28.9137271 ], [ 79.8169977, 28.9134454 ], [ 79.8168876, 28.9132312 ], [ 79.8185104, 28.9131822 ], [ 79.8222666, 28.9121146 ], [ 79.8216014, 28.9095429 ], [ 79.8221961, 28.9093762 ], [ 79.8220528, 28.9089498 ], [ 79.8213273, 28.9090939 ], [ 79.8208946, 28.9079975 ], [ 79.821328, 28.9076413 ], [ 79.8209106, 28.9066238 ], [ 79.8205263, 28.9064229 ], [ 79.8209339, 28.9063103 ], [ 79.8205201, 28.9034951 ], [ 79.8208764, 28.9034637 ], [ 79.8207485, 28.9030373 ], [ 79.8209843, 28.902981 ], [ 79.8207078, 28.9022749 ], [ 79.8199157, 28.902455 ], [ 79.8195421, 28.9011173 ], [ 79.8200344, 28.9009912 ], [ 79.8199422, 28.9007431 ], [ 79.8175684, 28.9011142 ], [ 79.817338, 28.9005999 ], [ 79.8159745, 28.9004909 ], [ 79.8159079, 28.9001887 ], [ 79.8151852, 28.9000057 ], [ 79.813437, 28.9002756 ], [ 79.8116294, 28.9009921 ], [ 79.8112837, 28.9004776 ], [ 79.8111894, 28.8995099 ], [ 79.8118535, 28.8990252 ], [ 79.8107956, 28.8979759 ], [ 79.8117254, 28.8948635 ], [ 79.8115954, 28.8936544 ], [ 79.8120783, 28.8918502 ], [ 79.813409, 28.8910478 ], [ 79.8120743, 28.890093 ], [ 79.8118363, 28.889529 ], [ 79.8110544, 28.8896144 ], [ 79.8104681, 28.8887006 ], [ 79.8107631, 28.8882789 ], [ 79.810484, 28.8878231 ], [ 79.8124837, 28.8867526 ], [ 79.8129275, 28.8861754 ], [ 79.8138319, 28.8865615 ], [ 79.8145838, 28.8848792 ], [ 79.8146999, 28.883686 ], [ 79.7997993, 28.8874793 ], [ 79.7950877, 28.8852616 ], [ 79.7937367, 28.8856375 ], [ 79.7940105, 28.8862354 ], [ 79.7891778, 28.8881542 ], [ 79.7903169, 28.890009 ], [ 79.789625, 28.8899139 ], [ 79.790587, 28.8920213 ], [ 79.7901101, 28.8922871 ], [ 79.7922191, 28.8959651 ], [ 79.7915988, 28.8959827 ], [ 79.7917018, 28.8986264 ], [ 79.7960912, 28.8970997 ], [ 79.7963848, 28.898645 ], [ 79.7969561, 28.8990356 ], [ 79.7973432, 28.8989162 ], [ 79.8013434, 28.8967327 ], [ 79.801006, 28.8953769 ], [ 79.8024978, 28.8952898 ], [ 79.8025753, 28.8982379 ], [ 79.8038145, 28.900122 ], [ 79.8030993, 28.9003179 ], [ 79.8044119, 28.9037426 ], [ 79.8040555, 28.9039139 ], [ 79.8041629, 28.9042838 ], [ 79.8049461, 28.9060368 ], [ 79.8042743, 28.9064696 ], [ 79.8056697, 28.9087981 ], [ 79.806025, 28.9104878 ], [ 79.8079987, 28.910694 ], [ 79.808868, 28.9103786 ], [ 79.8111623, 28.9104249 ], [ 79.8110583, 28.9127842 ], [ 79.8117064, 28.9135514 ], [ 79.813314, 28.9133492 ], [ 79.8134905, 28.9137845 ] ] ] } },
{ "type": "Feature", "properties": { "gp_code": "27317", "gp_name": "DEYUDI", "blkname": "SITARGANJ", "dtname": "Udam Singh Nagar", "SHAPE_Area": 3792789.2898900574 }, "geometry": { "type": "Polygon", "coordinates": [ [ [ 79.806025, 28.9104878 ], [ 79.8056697, 28.9087981 ], [ 79.8042743, 28.9064696 ], [ 79.8049461, 28.9060368 ], [ 79.8041629, 28.9042838 ], [ 79.8040555, 28.9039139 ], [ 79.8044119, 28.9037426 ], [ 79.8030993, 28.9003179 ], [ 79.8038145, 28.900122 ], [ 79.8025753, 28.8982379 ], [ 79.8024978, 28.8952898 ], [ 79.801006, 28.8953769 ], [ 79.8013434, 28.8967327 ], [ 79.7969561, 28.8990356 ], [ 79.7963848, 28.898645 ], [ 79.7960912, 28.8970997 ], [ 79.7917018, 28.8986264 ], [ 79.7915214, 28.8965737 ], [ 79.7910421, 28.8965959 ], [ 79.7909169, 28.8961898 ], [ 79.788615, 28.8963102 ], [ 79.788531, 28.895656 ], [ 79.7877313, 28.8957006 ], [ 79.7877473, 28.8948999 ], [ 79.7846202, 28.8949519 ], [ 79.7853259, 28.9000682 ], [ 79.7845132, 28.9002436 ], [ 79.7845406, 28.9010692 ], [ 79.7830331, 28.9014336 ], [ 79.7887057, 28.9076516 ], [ 79.7897978, 28.9075236 ], [ 79.7902502, 28.9091638 ], [ 79.7908039, 28.9091483 ], [ 79.7913004, 28.9101749 ], [ 79.792849, 28.9098714 ], [ 79.793251, 28.9104265 ], [ 79.7936357, 28.9102756 ], [ 79.7940756, 28.9116699 ], [ 79.7958855, 28.9115469 ], [ 79.7966732, 28.9139766 ], [ 79.7973577, 28.914083 ], [ 79.7974471, 28.9144711 ], [ 79.7969343, 28.9146512 ], [ 79.7975101, 28.9159711 ], [ 79.8036044, 28.9114181 ], [ 79.806025, 28.9104878 ] ] ] } },
{ "type": "Feature", "properties": { "gp_code": "27334", "gp_name": "MATEHA", "blkname": "SITARGANJ", "dtname": "Udam Singh Nagar", "SHAPE_Area": 5469273.7282974944 }, "geometry": { "type": "Polygon", "coordinates": [ [ [ 79.7878165, 28.8886563 ], [ 79.7940105, 28.8862354 ], [ 79.7937367, 28.8856375 ], [ 79.7950877, 28.8852616 ], [ 79.7937285, 28.8831315 ], [ 79.7932494, 28.8828673 ], [ 79.788611, 28.8726922 ], [ 79.7878857, 28.8729222 ], [ 79.787773, 28.8727056 ], [ 79.7862891, 28.8734069 ], [ 79.7856845, 28.8726443 ], [ 79.7850644, 28.872748 ], [ 79.7846879, 28.8718207 ], [ 79.7837807, 28.8719266 ], [ 79.78344, 28.8712453 ], [ 79.7808211, 28.8713937 ], [ 79.7667511, 28.8749265 ], [ 79.7660242, 28.8757835 ], [ 79.7658996, 28.8771999 ], [ 79.766608, 28.8786711 ], [ 79.7673581, 28.8794093 ], [ 79.7686207, 28.880254 ], [ 79.7710705, 28.8804137 ], [ 79.7716823, 28.8811834 ], [ 79.7710135, 28.8836212 ], [ 79.7688045, 28.8860443 ], [ 79.7707941, 28.8877736 ], [ 79.7718829, 28.8882955 ], [ 79.7746171, 28.888769 ], [ 79.7748713, 28.8882888 ], [ 79.7756195, 28.8885848 ], [ 79.7752471, 28.8893649 ], [ 79.776657, 28.8917885 ], [ 79.7779334, 28.8917646 ], [ 79.7785646, 28.891023 ], [ 79.7795594, 28.8906132 ], [ 79.7810636, 28.8910271 ], [ 79.7875929, 28.8893442 ], [ 79.788016, 28.8892069 ], [ 79.7878165, 28.8886563 ] ] ] } },
{ "type": "Feature", "properties": { "gp_code": "27328", "gp_name": "KHAMARIYA", "blkname": "SITARGANJ", "dtname": "Udam Singh Nagar", "SHAPE_Area": 8742285.7897187043 }, "geometry": { "type": "Polygon", "coordinates": [ [ [ 79.8364453, 28.9094349 ], [ 79.8396177, 28.9091811 ], [ 79.8411282, 28.9069755 ], [ 79.8405393, 28.9050535 ], [ 79.8389945, 28.9024907 ], [ 79.8403611, 28.9010204 ], [ 79.8439887, 28.8992055 ], [ 79.8468293, 28.8971963 ], [ 79.8463171, 28.8955338 ], [ 79.846139, 28.8906143 ], [ 79.8446018, 28.8883267 ], [ 79.8434077, 28.8876836 ], [ 79.8414393, 28.8879335 ], [ 79.8402345, 28.88854 ], [ 79.8390935, 28.8899517 ], [ 79.8390721, 28.8923743 ], [ 79.8383027, 28.8941718 ], [ 79.836831, 28.8952564 ], [ 79.8359543, 28.8954433 ], [ 79.8348319, 28.8949648 ], [ 79.8330024, 28.8934936 ], [ 79.8317369, 28.8918511 ], [ 79.8314326, 28.890148 ], [ 79.831798, 28.8866474 ], [ 79.8360693, 28.882602 ], [ 79.8279364, 28.8848484 ], [ 79.8277239, 28.8844738 ], [ 79.8180242, 28.8878062 ], [ 79.8130171, 28.8861462 ], [ 79.8124837, 28.8867526 ], [ 79.810484, 28.8878231 ], [ 79.8107631, 28.8882789 ], [ 79.8104681, 28.8887006 ], [ 79.8110544, 28.8896144 ], [ 79.8118363, 28.889529 ], [ 79.8120743, 28.890093 ], [ 79.813409, 28.8910478 ], [ 79.8120783, 28.8918502 ], [ 79.8115954, 28.8936544 ], [ 79.8117254, 28.8948635 ], [ 79.8107956, 28.8979759 ], [ 79.8118535, 28.8990252 ], [ 79.8111894, 28.8995099 ], [ 79.8112837, 28.9004776 ], [ 79.8116294, 28.9009921 ], [ 79.813437, 28.9002756 ], [ 79.8151852, 28.9000057 ], [ 79.8159079, 28.9001887 ], [ 79.8159745, 28.9004909 ], [ 79.817338, 28.9005999 ], [ 79.8175684, 28.9011142 ], [ 79.8199422, 28.9007431 ], [ 79.8200344, 28.9009912 ], [ 79.8195421, 28.9011173 ], [ 79.8199157, 28.902455 ], [ 79.8207078, 28.9022749 ], [ 79.8209843, 28.902981 ], [ 79.8207485, 28.9030373 ], [ 79.8208764, 28.9034637 ], [ 79.8205201, 28.9034951 ], [ 79.8209339, 28.9063103 ], [ 79.8205263, 28.9064229 ], [ 79.8209106, 28.9066238 ], [ 79.821328, 28.9076413 ], [ 79.8208946, 28.9079975 ], [ 79.8213273, 28.9090939 ], [ 79.8220528, 28.9089498 ], [ 79.8221961, 28.9093762 ], [ 79.8216014, 28.9095429 ], [ 79.8222666, 28.9121146 ], [ 79.8364453, 28.9094349 ] ] ] } },
{ "type": "Feature", "properties": { "gp_code": "259982", "gp_name": "Jogither Nagla", "blkname": "KHATIMA", "dtname": "Udam Singh Nagar", "SHAPE_Area": 6368362.2435914306 }, "geometry": { "type": "Polygon", "coordinates": [ [ [ 79.8530353, 28.8945155 ], [ 79.8592868, 28.8937878 ], [ 79.8586075, 28.8946313 ], [ 79.8734429, 28.8921556 ], [ 79.8811345, 28.8902539 ], [ 79.8821366, 28.8902561 ], [ 79.880345, 28.8894374 ], [ 79.8809344, 28.888251 ], [ 79.8816905, 28.8880839 ], [ 79.8783382, 28.8874097 ], [ 79.8760956, 28.8881653 ], [ 79.8752344, 28.8878383 ], [ 79.8734532, 28.8864917 ], [ 79.8702445, 28.8822217 ], [ 79.8696115, 28.8823097 ], [ 79.8698217, 28.8828781 ], [ 79.8680354, 28.8830156 ], [ 79.8673999, 28.8814276 ], [ 79.8680816, 28.8810735 ], [ 79.8674743, 28.8796231 ], [ 79.8645989, 28.8800943 ], [ 79.8635201, 28.8787747 ], [ 79.8595061, 28.8843097 ], [ 79.8569691, 28.8829898 ], [ 79.849258, 28.8807736 ], [ 79.8468509, 28.8830152 ], [ 79.842076, 28.8843855 ], [ 79.831798, 28.8866474 ], [ 79.8316107, 28.8871165 ], [ 79.8314326, 28.890148 ], [ 79.8317369, 28.8918511 ], [ 79.8330024, 28.8934936 ], [ 79.8354572, 28.8953191 ], [ 79.836831, 28.8952564 ], [ 79.8383027, 28.8941718 ], [ 79.8390721, 28.8923743 ], [ 79.8390395, 28.8903848 ], [ 79.8394244, 28.8893112 ], [ 79.8414393, 28.8879335 ], [ 79.8434077, 28.8876836 ], [ 79.8453449, 28.8891096 ], [ 79.846139, 28.8906143 ], [ 79.8463171, 28.8955338 ], [ 79.8468293, 28.8971963 ], [ 79.8530353, 28.8945155 ] ] ] } },
{ "type": "Feature", "properties": { "gp_code": "27244", "gp_name": "PURANAPUR", "blkname": "KHATIMA", "dtname": "Udam Singh Nagar", "SHAPE_Area": 8462170.2663694844 }, "geometry": { "type": "Polygon", "coordinates": [ [ [ 79.8985072, 28.9040519 ], [ 79.8986172, 28.9030549 ], [ 79.8993015, 28.9024683 ], [ 79.899491, 28.9016044 ], [ 79.9005419, 28.9012116 ], [ 79.9010953, 28.9006386 ], [ 79.9027, 28.9009112 ], [ 79.9039684, 28.8997471 ], [ 79.9031636, 28.8993525 ], [ 79.9034655, 28.8977036 ], [ 79.9058073, 28.8943895 ], [ 79.9040282, 28.8933613 ], [ 79.9041048, 28.8924748 ], [ 79.9031537, 28.8915615 ], [ 79.9035765, 28.8912727 ], [ 79.9026384, 28.8909774 ], [ 79.903466, 28.8904156 ], [ 79.9036735, 28.8895765 ], [ 79.9051031, 28.8877288 ], [ 79.9046646, 28.8872124 ], [ 79.9040111, 28.8874832 ], [ 79.9036394, 28.8869374 ], [ 79.9027629, 28.8870729 ], [ 79.9022423, 28.8858595 ], [ 79.9011502, 28.8848582 ], [ 79.9010321, 28.8837304 ], [ 79.9014394, 28.8833852 ], [ 79.8997684, 28.8830878 ], [ 79.899571, 28.8828172 ], [ 79.8994222, 28.882057 ], [ 79.9006062, 28.8818426 ], [ 79.9016044, 28.8805429 ], [ 79.9011532, 28.8796426 ], [ 79.9021865, 28.8785963 ], [ 79.9021403, 28.8781363 ], [ 79.9004692, 28.8771824 ], [ 79.8996539, 28.8760052 ], [ 79.8978753, 28.8755566 ], [ 79.8967812, 28.8758703 ], [ 79.8942387, 28.8746865 ], [ 79.8928009, 28.8730356 ], [ 79.8925033, 28.8716913 ], [ 79.8928185, 28.8712581 ], [ 79.892657, 28.8708341 ], [ 79.8906017, 28.8696862 ], [ 79.8901149, 28.8709743 ], [ 79.8918221, 28.8738026 ], [ 79.8914458, 28.8759568 ], [ 79.8923889, 28.8765138 ], [ 79.891587, 28.8776891 ], [ 79.8917051, 28.8793673 ], [ 79.8909903, 28.8802245 ], [ 79.8919669, 28.8811447 ], [ 79.8917107, 28.8816996 ], [ 79.8909085, 28.8821238 ], [ 79.8917315, 28.8837726 ], [ 79.8912573, 28.8838651 ], [ 79.8906447, 28.8832719 ], [ 79.8903783, 28.8833869 ], [ 79.890017, 28.8840908 ], [ 79.8905297, 28.8853923 ], [ 79.8895124, 28.8864367 ], [ 79.8880312, 28.8871271 ], [ 79.8877032, 28.888167 ], [ 79.8869497, 28.8872761 ], [ 79.8855631, 28.8869356 ], [ 79.8827414, 28.8880162 ], [ 79.8809344, 28.888251 ], [ 79.8803348, 28.8891803 ], [ 79.8804143, 28.8896585 ], [ 79.8819213, 28.8899381 ], [ 79.8821366, 28.8902561 ], [ 79.8805553, 28.8913524 ], [ 79.8803042, 28.8918464 ], [ 79.8805477, 28.8924441 ], [ 79.8851179, 28.8951235 ], [ 79.8866123, 28.8956828 ], [ 79.8868406, 28.8975663 ], [ 79.8878355, 28.899815 ], [ 79.8871616, 28.902903 ], [ 79.8833119, 28.9067334 ], [ 79.8810868, 28.906226 ], [ 79.880182, 28.9066366 ], [ 79.8798462, 28.9073855 ], [ 79.8798514, 28.908784 ], [ 79.8793695, 28.9092915 ], [ 79.8779826, 28.9098238 ], [ 79.8779084, 28.9108659 ], [ 79.8774521, 28.9116554 ], [ 79.8754781, 28.911148 ], [ 79.8746244, 28.9112833 ], [ 79.8744963, 28.9116555 ], [ 79.8755422, 28.9131758 ], [ 79.8768933, 28.9140012 ], [ 79.8774624, 28.9147434 ], [ 79.8771138, 28.9153546 ], [ 79.8751911, 28.9162795 ], [ 79.8770369, 28.9172584 ], [ 79.8772676, 28.9176216 ], [ 79.8770831, 28.9179667 ], [ 79.8754884, 28.9187088 ], [ 79.8739554, 28.9182013 ], [ 79.8734426, 28.9186388 ], [ 79.8749834, 28.9194103 ], [ 79.8748681, 28.9207569 ], [ 79.8753245, 28.9215915 ], [ 79.8754116, 28.9226313 ], [ 79.8760577, 28.922638 ], [ 79.8766268, 28.9216072 ], [ 79.8777626, 28.9217673 ], [ 79.8781677, 28.9224801 ], [ 79.8778883, 28.9241651 ], [ 79.8811494, 28.922189 ], [ 79.8841872, 28.9193783 ], [ 79.8835667, 28.9183634 ], [ 79.883882, 28.91814 ], [ 79.8837358, 28.9176912 ], [ 79.8831308, 28.9178739 ], [ 79.8828129, 28.91701 ], [ 79.883587, 28.9163807 ], [ 79.8816, 28.9134575 ], [ 79.8837431, 28.912192 ], [ 79.8830611, 28.9115559 ], [ 79.8850862, 28.9107302 ], [ 79.8849836, 28.9104799 ], [ 79.8857731, 28.9098393 ], [ 79.8860141, 28.9100512 ], [ 79.8870292, 28.9092481 ], [ 79.8872958, 28.9099226 ], [ 79.8878572, 28.9098074 ], [ 79.8876855, 28.9094668 ], [ 79.8885288, 28.9092773 ], [ 79.8886365, 28.9097961 ], [ 79.8891441, 28.9096742 ], [ 79.8890928, 28.9092208 ], [ 79.890195, 28.909038 ], [ 79.891041, 28.9093492 ], [ 79.8923765, 28.9089858 ], [ 79.8921738, 28.9079438 ], [ 79.8929223, 28.9075558 ], [ 79.892776, 28.9063197 ], [ 79.8932886, 28.9060128 ], [ 79.8944088, 28.9061954 ], [ 79.895562, 28.9046771 ], [ 79.8970131, 28.9052025 ], [ 79.8973795, 28.9046205 ], [ 79.8985072, 28.9040519 ] ] ] } },
{ "type": "Feature", "properties": { "gp_code": "27248", "gp_name": "SADA SADIYA", "blkname": "KHATIMA", "dtname": "Udam Singh Nagar", "SHAPE_Area": 2213823.5842485144 }, "geometry": { "type": "Polygon", "coordinates": [ [ [ 79.8819067, 28.9362483 ], [ 79.881545, 28.9337513 ], [ 79.8796988, 28.9314484 ], [ 79.878891, 28.929565 ], [ 79.8786884, 28.9286289 ], [ 79.8793909, 28.9277312 ], [ 79.8787986, 28.9272711 ], [ 79.8787037, 28.9265741 ], [ 79.877014, 28.9254892 ], [ 79.8769372, 28.9251553 ], [ 79.8763808, 28.9252885 ], [ 79.876186, 28.9286132 ], [ 79.8750374, 28.9342613 ], [ 79.8742527, 28.9350485 ], [ 79.8734343, 28.9357054 ], [ 79.8706861, 28.935865 ], [ 79.869268, 28.9369319 ], [ 79.8625701, 28.9393224 ], [ 79.8653549, 28.940209 ], [ 79.8669394, 28.9412038 ], [ 79.8694829, 28.947134 ], [ 79.8753195, 28.9452845 ], [ 79.8755349, 28.9448874 ], [ 79.8748015, 28.943692 ], [ 79.8752733, 28.9435273 ], [ 79.875181, 28.9430785 ], [ 79.8769145, 28.9422867 ], [ 79.8766093, 28.9415492 ], [ 79.8803582, 28.9407393 ], [ 79.8797965, 28.9389845 ], [ 79.8790042, 28.9392822 ], [ 79.8785247, 28.9383754 ], [ 79.8808632, 28.9375205 ], [ 79.8819067, 28.9362483 ] ] ] } },
{ "type": "Feature", "properties": { "gp_code": "259979", "gp_name": "Jangal jogither", "blkname": "KHATIMA", "dtname": "Udam Singh Nagar", "SHAPE_Area": 4318265.9323857948 }, "geometry": { "type": "Polygon", "coordinates": [ [ [ 79.8706861, 28.935865 ], [ 79.8682581, 28.9319447 ], [ 79.8678094, 28.9297092 ], [ 79.8661533, 28.9278866 ], [ 79.8637894, 28.9270226 ], [ 79.8543083, 28.9255847 ], [ 79.8522546, 28.9258843 ], [ 79.850111, 28.9267637 ], [ 79.8473696, 28.9288857 ], [ 79.8440624, 28.9279241 ], [ 79.8438361, 28.9303804 ], [ 79.8420378, 28.9331995 ], [ 79.8393454, 28.9335959 ], [ 79.8361937, 28.9347341 ], [ 79.8354243, 28.9353406 ], [ 79.836713, 28.937989 ], [ 79.8384185, 28.9371865 ], [ 79.8409366, 28.9368691 ], [ 79.8455955, 28.9376281 ], [ 79.8547957, 28.9378981 ], [ 79.8600086, 28.9385146 ], [ 79.8625701, 28.9393224 ], [ 79.869268, 28.9369319 ], [ 79.8706861, 28.935865 ] ] ] } },
{ "type": "Feature", "properties": { "gp_code": "27243", "gp_name": "PRATAPPUR", "blkname": "KHATIMA", "dtname": "Udam Singh Nagar", "SHAPE_Area": 20264272.443999417 }, "geometry": { "type": "Polygon", "coordinates": [ [ [ 79.8763808, 28.9252885 ], [ 79.8778216, 28.9245373 ], [ 79.8780729, 28.9221688 ], [ 79.8775396, 28.9216298 ], [ 79.8766268, 28.9216072 ], [ 79.8760577, 28.922638 ], [ 79.8756013, 28.9227892 ], [ 79.8748681, 28.9207569 ], [ 79.8749834, 28.9194103 ], [ 79.8734426, 28.9186388 ], [ 79.8739554, 28.9182013 ], [ 79.8754884, 28.9187088 ], [ 79.8770831, 28.9179667 ], [ 79.8772676, 28.9176216 ], [ 79.8770369, 28.9172584 ], [ 79.8751911, 28.9162795 ], [ 79.8771138, 28.9153546 ], [ 79.8774624, 28.9147434 ], [ 79.8768933, 28.9140012 ], [ 79.8755422, 28.9131758 ], [ 79.8744963, 28.9115044 ], [ 79.8754781, 28.911148 ], [ 79.8774521, 28.9116554 ], [ 79.8779084, 28.9108659 ], [ 79.8779826, 28.9098238 ], [ 79.8793695, 28.9092915 ], [ 79.8798514, 28.908784 ], [ 79.8798462, 28.9073855 ], [ 79.8804152, 28.9064697 ], [ 79.8816482, 28.9062643 ], [ 79.8833119, 28.9067334 ], [ 79.8871616, 28.902903 ], [ 79.8878355, 28.899815 ], [ 79.8868406, 28.8975663 ], [ 79.8864482, 28.8954392 ], [ 79.8851179, 28.8951235 ], [ 79.8803042, 28.892178 ], [ 79.8805553, 28.8913524 ], [ 79.8821366, 28.8902561 ], [ 79.8811345, 28.8902539 ], [ 79.8734429, 28.8921556 ], [ 79.8586075, 28.8946313 ], [ 79.8592868, 28.8937878 ], [ 79.8530353, 28.8945155 ], [ 79.8470959, 28.8970115 ], [ 79.8439887, 28.8992055 ], [ 79.8403611, 28.9010204 ], [ 79.8389945, 28.9024907 ], [ 79.8405393, 28.9050535 ], [ 79.8411282, 28.9069755 ], [ 79.8396177, 28.9091811 ], [ 79.8368131, 28.909654 ], [ 79.8344641, 28.9117195 ], [ 79.8303181, 28.9133602 ], [ 79.8293357, 28.9146547 ], [ 79.8293017, 28.9161907 ], [ 79.8299244, 28.9168451 ], [ 79.8305884, 28.916949 ], [ 79.8338394, 28.9162509 ], [ 79.8351442, 28.9165851 ], [ 79.8388396, 28.9204567 ], [ 79.8409466, 28.9216933 ], [ 79.8420078, 28.9226974 ], [ 79.843143, 28.9244435 ], [ 79.8438706, 28.9263812 ], [ 79.8440624, 28.9279241 ], [ 79.8473696, 28.9288857 ], [ 79.850111, 28.9267637 ], [ 79.853452, 28.9255845 ], [ 79.8579233, 28.9262934 ], [ 79.8600231, 28.9263275 ], [ 79.8650277, 28.927361 ], [ 79.8666815, 28.9283085 ], [ 79.8678094, 28.9297092 ], [ 79.8682581, 28.9319447 ], [ 79.8706861, 28.935865 ], [ 79.8734527, 28.9357003 ], [ 79.8750374, 28.9342613 ], [ 79.876186, 28.9286132 ], [ 79.8763808, 28.9252885 ] ] ] } },
{ "type": "Feature", "properties": { "gp_code": "293889", "gp_name": "BADA BUDIYA", "blkname": "KHATIMA", "dtname": "Udam Singh Nagar", "SHAPE_Area": 12439515.121649314 }, "geometry": { "type": "Polygon", "coordinates": [ [ [ 79.8787033, 28.9801448 ], [ 79.8854495, 28.9763325 ], [ 79.885747, 28.9758407 ], [ 79.8897455, 28.973067 ], [ 79.8887529, 28.9731427 ], [ 79.88804, 28.9738962 ], [ 79.8869754, 28.9736504 ], [ 79.8867266, 28.973179 ], [ 79.8872011, 28.9728564 ], [ 79.8866879, 28.9724414 ], [ 79.8863929, 28.9715234 ], [ 79.8847025, 28.9710567 ], [ 79.8851487, 28.969789 ], [ 79.8857668, 28.9695859 ], [ 79.8868314, 28.9702738 ], [ 79.887375, 28.968979 ], [ 79.8860538, 28.967328 ], [ 79.8850407, 28.9672966 ], [ 79.8843611, 28.9679823 ], [ 79.8830785, 28.9674297 ], [ 79.8828655, 28.9662523 ], [ 79.8831527, 28.9648132 ], [ 79.8829321, 28.9644163 ], [ 79.8817933, 28.9646419 ], [ 79.8810623, 28.9637781 ], [ 79.877492, 28.9628083 ], [ 79.8782563, 28.9613264 ], [ 79.8784717, 28.959876 ], [ 79.8755146, 28.9576813 ], [ 79.8757172, 28.9568805 ], [ 79.8746374, 28.955976 ], [ 79.8746348, 28.9553422 ], [ 79.8740707, 28.9552475 ], [ 79.8740091, 28.9562197 ], [ 79.8734454, 28.9561999 ], [ 79.8727252, 28.9570658 ], [ 79.8720984, 28.9569437 ], [ 79.8718318, 28.9532332 ], [ 79.86756, 28.9422054 ], [ 79.8665317, 28.9408317 ], [ 79.8600086, 28.9385146 ], [ 79.8547957, 28.9378981 ], [ 79.8455955, 28.9376281 ], [ 79.8409366, 28.9368691 ], [ 79.8384185, 28.9371865 ], [ 79.836713, 28.937989 ], [ 79.8732497, 28.9789246 ], [ 79.874445, 28.9784735 ], [ 79.8765023, 28.9784734 ], [ 79.8780517, 28.9790306 ], [ 79.8787033, 28.9801448 ] ] ] } },
{ "type": "Feature", "properties": { "gp_code": "", "gp_name": "", "blkname": "SITARGANJ", "dtname": "Udam Singh Nagar", "SHAPE_Area": 15045425.12625031 }, "geometry": { "type": "Polygon", "coordinates": [ [ [ 79.8716258, 28.9839613 ], [ 79.8704868, 28.9825989 ], [ 79.8701585, 28.9816425 ], [ 79.8709718, 28.9804876 ], [ 79.8732497, 28.9789246 ], [ 79.8729829, 28.9784554 ], [ 79.8395506, 28.9410597 ], [ 79.8326225, 28.9461126 ], [ 79.8248347, 28.9508873 ], [ 79.8182454, 28.9529035 ], [ 79.8130276, 28.9554726 ], [ 79.8124777, 28.9616031 ], [ 79.8128091, 28.964955 ], [ 79.8135906, 28.9663787 ], [ 79.8170789, 28.9663103 ], [ 79.8182763, 28.9668973 ], [ 79.821422, 28.9698241 ], [ 79.8257518, 28.9694942 ], [ 79.8256239, 28.9686799 ], [ 79.8266682, 28.9678727 ], [ 79.828279, 28.9680627 ], [ 79.8289222, 28.9692878 ], [ 79.8295428, 28.9697932 ], [ 79.8300838, 28.9699987 ], [ 79.8308381, 28.9695094 ], [ 79.8322333, 28.9701821 ], [ 79.8324256, 28.9700761 ], [ 79.8320773, 28.968858 ], [ 79.829472, 28.9672083 ], [ 79.8292209, 28.9666623 ], [ 79.8294904, 28.9662767 ], [ 79.8324685, 28.9655717 ], [ 79.8348492, 28.9639799 ], [ 79.8367552, 28.9632767 ], [ 79.8412308, 28.9632035 ], [ 79.8432674, 28.9627505 ], [ 79.8462142, 28.9633738 ], [ 79.849707, 28.9652849 ], [ 79.8503378, 28.966194 ], [ 79.8499864, 28.9663992 ], [ 79.8467292, 28.9654829 ], [ 79.844523, 28.9666102 ], [ 79.8440894, 28.967377 ], [ 79.8446785, 28.9700477 ], [ 79.8439624, 28.9717393 ], [ 79.8440058, 28.9724047 ], [ 79.8456929, 28.9750284 ], [ 79.8487985, 28.977835 ], [ 79.8494548, 28.9796396 ], [ 79.8523996, 28.980222 ], [ 79.8553213, 28.9803759 ], [ 79.8622782, 28.9800677 ], [ 79.8651973, 28.9812227 ], [ 79.8662977, 28.9830521 ], [ 79.8692195, 28.9845139 ], [ 79.8705483, 28.984665 ], [ 79.8716258, 28.9839613 ] ] ] } },
{ "type": "Feature", "properties": { "gp_code": "27301", "gp_name": "AENCHETA", "blkname": "SITARGANJ", "dtname": "Udam Singh Nagar", "SHAPE_Area": 1721950.168680432 }, "geometry": { "type": "Polygon", "coordinates": [ [ [ 79.8478081, 29.0039123 ], [ 79.8517115, 29.002855 ], [ 79.8521993, 29.0035356 ], [ 79.8609154, 29.001324 ], [ 79.8574607, 28.9958383 ], [ 79.8539304, 28.9962122 ], [ 79.8507135, 28.9946034 ], [ 79.8472809, 28.9940728 ], [ 79.8428033, 28.9961739 ], [ 79.8418773, 28.9955241 ], [ 79.8414129, 28.9955939 ], [ 79.8410565, 28.9950232 ], [ 79.8404177, 28.9949125 ], [ 79.8404431, 28.9954831 ], [ 79.8412971, 28.9967601 ], [ 79.8417539, 28.9961038 ], [ 79.842208, 28.996264 ], [ 79.8427771, 28.9981273 ], [ 79.8438311, 28.9994944 ], [ 79.8452026, 29.0007886 ], [ 79.8463844, 29.0014352 ], [ 79.8465027, 29.0018474 ], [ 79.8451573, 29.0043717 ], [ 79.8452368, 29.0047533 ], [ 79.8456134, 29.005075 ], [ 79.8463216, 29.0050456 ], [ 79.8478081, 29.0039123 ] ] ] } },
{ "type": "Feature", "properties": { "gp_code": "", "gp_name": "", "blkname": "SITARGANJ", "dtname": "Udam Singh Nagar", "SHAPE_Area": 3255336.0425675809 }, "geometry": { "type": "Polygon", "coordinates": [ [ [ 79.8657475, 29.000009 ], [ 79.8709457, 28.9941769 ], [ 79.871918, 28.9938702 ], [ 79.8707533, 28.9934236 ], [ 79.8690292, 28.9933039 ], [ 79.8689471, 28.9941949 ], [ 79.8660993, 28.9945714 ], [ 79.8660247, 28.9954488 ], [ 79.8625536, 28.9952907 ], [ 79.8610349, 28.9936823 ], [ 79.8583899, 28.9928745 ], [ 79.8570506, 28.9939638 ], [ 79.8565351, 28.9930322 ], [ 79.8559064, 28.9931088 ], [ 79.8547011, 28.990977 ], [ 79.8539519, 28.9910221 ], [ 79.8509148, 28.9891742 ], [ 79.849022, 28.9870243 ], [ 79.8479908, 28.9869113 ], [ 79.8478245, 28.984976 ], [ 79.8471628, 28.9844503 ], [ 79.846963, 28.9834105 ], [ 79.8462115, 28.983072 ], [ 79.8451672, 28.9833785 ], [ 79.8447877, 28.9829837 ], [ 79.8451573, 28.982395 ], [ 79.8448909, 28.9809243 ], [ 79.8444138, 28.9807911 ], [ 79.844019, 28.9798414 ], [ 79.8428209, 28.9803035 ], [ 79.8420047, 28.9816432 ], [ 79.8403937, 28.9818323 ], [ 79.8403551, 28.9822946 ], [ 79.838259, 28.9830858 ], [ 79.8379872, 28.9828715 ], [ 79.8362938, 28.9834146 ], [ 79.8366909, 28.9848515 ], [ 79.8356541, 28.9858843 ], [ 79.8381054, 28.989388 ], [ 79.8472809, 28.9940728 ], [ 79.8507135, 28.9946034 ], [ 79.8539304, 28.9962122 ], [ 79.8574607, 28.9958383 ], [ 79.8609154, 29.001324 ], [ 79.8622549, 29.0051195 ], [ 79.8636732, 29.0052822 ], [ 79.8644298, 29.0028727 ], [ 79.8656226, 29.0010763 ], [ 79.8657475, 29.000009 ] ] ] } },
{ "type": "Feature", "properties": { "gp_code": "260369", "gp_name": "GIDDHAUR", "blkname": "SITARGANJ", "dtname": "Udam Singh Nagar", "SHAPE_Area": 4295680.3733489597 }, "geometry": { "type": "Polygon", "coordinates": [ [ [ 79.8689471, 28.9941949 ], [ 79.8690292, 28.9933039 ], [ 79.8707533, 28.9934236 ], [ 79.871918, 28.9938702 ], [ 79.8722951, 28.9933469 ], [ 79.872934, 28.9933334 ], [ 79.8738396, 28.992695 ], [ 79.8736292, 28.9921018 ], [ 79.8738678, 28.99191 ], [ 79.8754046, 28.9929454 ], [ 79.8755534, 28.9924423 ], [ 79.8746965, 28.9913958 ], [ 79.8760922, 28.991583 ], [ 79.8754867, 28.9905026 ], [ 79.8752352, 28.9903176 ], [ 79.8747658, 28.9905635 ], [ 79.8744476, 28.9897334 ], [ 79.8732719, 28.9884409 ], [ 79.8736709, 28.9835131 ], [ 79.8716258, 28.9839613 ], [ 79.8700789, 28.984744 ], [ 79.8670083, 28.9835191 ], [ 79.8657898, 28.9825648 ], [ 79.8651973, 28.9812227 ], [ 79.8622782, 28.9800677 ], [ 79.8523996, 28.980222 ], [ 79.8452302, 28.9785379 ], [ 79.846432, 28.9831713 ], [ 79.846963, 28.9834105 ], [ 79.8471628, 28.9844503 ], [ 79.8478245, 28.984976 ], [ 79.8479908, 28.9869113 ], [ 79.849022, 28.9870243 ], [ 79.8509148, 28.9891742 ], [ 79.8539519, 28.9910221 ], [ 79.8547011, 28.990977 ], [ 79.8559064, 28.9931088 ], [ 79.8565351, 28.9930322 ], [ 79.8570506, 28.9939638 ], [ 79.8583899, 28.9928745 ], [ 79.8610349, 28.9936823 ], [ 79.8625536, 28.9952907 ], [ 79.8660247, 28.9954488 ], [ 79.8660993, 28.9945714 ], [ 79.8689471, 28.9941949 ] ] ] } },
{ "type": "Feature", "properties": { "gp_code": "27254", "gp_name": "ULDHAN", "blkname": "KHATIMA", "dtname": "Udam Singh Nagar", "SHAPE_Area": 6724050.5817331448 }, "geometry": { "type": "Polygon", "coordinates": [ [ [ 79.886398, 28.9933058 ], [ 79.8867674, 28.992902 ], [ 79.8873139, 28.9929651 ], [ 79.8883863, 28.9936461 ], [ 79.8895126, 28.9937227 ], [ 79.8921008, 28.9908781 ], [ 79.8971847, 28.9868984 ], [ 79.8979954, 28.9868667 ], [ 79.9015505, 28.9848857 ], [ 79.9018148, 28.9854112 ], [ 79.9088504, 28.9818028 ], [ 79.9097842, 28.9817417 ], [ 79.9100486, 28.9825153 ], [ 79.9102432, 28.9813062 ], [ 79.9098481, 28.9811687 ], [ 79.9089446, 28.9796216 ], [ 79.9086394, 28.9797728 ], [ 79.9073175, 28.9771386 ], [ 79.9077202, 28.9769536 ], [ 79.9072119, 28.975853 ], [ 79.9069221, 28.9759839 ], [ 79.9064164, 28.9748764 ], [ 79.905901, 28.9751901 ], [ 79.9054082, 28.9743782 ], [ 79.9065495, 28.9737554 ], [ 79.9059233, 28.972806 ], [ 79.90629, 28.9725442 ], [ 79.9052373, 28.9691092 ], [ 79.8994689, 28.9699562 ], [ 79.8971068, 28.9707822 ], [ 79.89704, 28.9701913 ], [ 79.8966604, 28.9704282 ], [ 79.8964885, 28.9702184 ], [ 79.8902791, 28.9727479 ], [ 79.885747, 28.9758407 ], [ 79.8854495, 28.9763325 ], [ 79.8787033, 28.9801448 ], [ 79.8805325, 28.9833025 ], [ 79.879373, 28.9838756 ], [ 79.8775952, 28.9840786 ], [ 79.8778416, 28.9855334 ], [ 79.8794423, 28.9847597 ], [ 79.8812562, 28.9856574 ], [ 79.8810792, 28.9865709 ], [ 79.8790577, 28.9883055 ], [ 79.8782112, 28.9899296 ], [ 79.8789527, 28.9928551 ], [ 79.8799739, 28.9938475 ], [ 79.8835991, 28.9943887 ], [ 79.8850077, 28.9957193 ], [ 79.8862213, 28.995999 ], [ 79.8868189, 28.995162 ], [ 79.886398, 28.9933058 ] ] ] } },
{ "type": "Feature", "properties": { "gp_code": "27222", "gp_name": "FULAIYA", "blkname": "KHATIMA", "dtname": "Udam Singh Nagar", "SHAPE_Area": 4433703.4887276161 }, "geometry": { "type": "Polygon", "coordinates": [ [ [ 79.8929103, 28.9558124 ], [ 79.8916917, 28.9526118 ], [ 79.8913993, 28.9527946 ], [ 79.8901885, 28.9507715 ], [ 79.8899347, 28.9509091 ], [ 79.8893062, 28.9494769 ], [ 79.8881879, 28.9483244 ], [ 79.8871593, 28.9464004 ], [ 79.8861591, 28.9450697 ], [ 79.8859232, 28.9452118 ], [ 79.8834225, 28.9403895 ], [ 79.8817992, 28.938549 ], [ 79.8821248, 28.9377844 ], [ 79.8819067, 28.9362483 ], [ 79.8808632, 28.9375205 ], [ 79.8785247, 28.9383754 ], [ 79.8790042, 28.9392822 ], [ 79.8797965, 28.9389845 ], [ 79.8803582, 28.9407393 ], [ 79.8766093, 28.9415492 ], [ 79.8769145, 28.9422867 ], [ 79.875181, 28.9430785 ], [ 79.8752733, 28.9435273 ], [ 79.8748015, 28.943692 ], [ 79.8755349, 28.9448874 ], [ 79.8753195, 28.9452845 ], [ 79.8694829, 28.947134 ], [ 79.8718318, 28.9532332 ], [ 79.8720984, 28.9569437 ], [ 79.8727252, 28.9570658 ], [ 79.8734454, 28.9561999 ], [ 79.8740091, 28.9562197 ], [ 79.8740707, 28.9552475 ], [ 79.8746348, 28.9553422 ], [ 79.8746374, 28.955976 ], [ 79.8757172, 28.9568805 ], [ 79.8755146, 28.9576813 ], [ 79.8784717, 28.959876 ], [ 79.8780767, 28.9616849 ], [ 79.8872815, 28.9595551 ], [ 79.8894332, 28.9586572 ], [ 79.889546, 28.9590158 ], [ 79.8899333, 28.9588353 ], [ 79.8899255, 28.9585781 ], [ 79.8910591, 28.9581404 ], [ 79.8909385, 28.9578833 ], [ 79.8938441, 28.956816 ], [ 79.8935079, 28.95618 ], [ 79.8932028, 28.9562838 ], [ 79.8931053, 28.9557199 ], [ 79.8929103, 28.9558124 ] ] ] } },
{ "type": "Feature", "properties": { "gp_code": "27226", "gp_name": "JHANKAT", "blkname": "KHATIMA", "dtname": "Udam Singh Nagar", "SHAPE_Area": 7459741.4318970358 }, "geometry": { "type": "Polygon", "coordinates": [ [ [ 79.9130155, 28.9516578 ], [ 79.9114967, 28.9499147 ], [ 79.9119065, 28.9486965 ], [ 79.9107345, 28.9486675 ], [ 79.912265, 28.9469934 ], [ 79.9115006, 28.9465493 ], [ 79.9092902, 28.9468972 ], [ 79.9086925, 28.9465432 ], [ 79.9081503, 28.9430066 ], [ 79.9066367, 28.9408845 ], [ 79.9063906, 28.9408461 ], [ 79.9058422, 28.9422425 ], [ 79.9047239, 28.9411014 ], [ 79.9030726, 28.9414379 ], [ 79.9022006, 28.9408267 ], [ 79.9016947, 28.9382735 ], [ 79.9027664, 28.9374275 ], [ 79.9018681, 28.9345923 ], [ 79.9014116, 28.9340759 ], [ 79.9004756, 28.9336926 ], [ 79.8985631, 28.9349899 ], [ 79.897086, 28.9341602 ], [ 79.8968526, 28.9335692 ], [ 79.897606, 28.9321322 ], [ 79.8972009, 28.9318594 ], [ 79.8960547, 28.9319746 ], [ 79.8956931, 28.9311785 ], [ 79.8960724, 28.9306077 ], [ 79.8982159, 28.9305171 ], [ 79.8985569, 28.9300298 ], [ 79.8967464, 28.9289745 ], [ 79.8950569, 28.9296515 ], [ 79.8947159, 28.9295274 ], [ 79.8945439, 28.9290267 ], [ 79.895113, 28.9283974 ], [ 79.8950105, 28.9280478 ], [ 79.8928799, 28.9284586 ], [ 79.8923799, 28.9281383 ], [ 79.8921771, 28.9271955 ], [ 79.891549, 28.92734 ], [ 79.8897981, 28.9289236 ], [ 79.8890494, 28.929068 ], [ 79.8877776, 28.9282065 ], [ 79.8870187, 28.9286939 ], [ 79.8853136, 28.9275256 ], [ 79.8846877, 28.9255271 ], [ 79.8835468, 28.924749 ], [ 79.882693, 28.9249025 ], [ 79.8818137, 28.9262356 ], [ 79.8811164, 28.9264409 ], [ 79.8806215, 28.9259221 ], [ 79.8813008, 28.924262 ], [ 79.8807444, 28.9238717 ], [ 79.8782473, 28.9261794 ], [ 79.8787037, 28.9265741 ], [ 79.8787986, 28.9272711 ], [ 79.8793909, 28.9277312 ], [ 79.8786884, 28.9286289 ], [ 79.8794654, 28.9304379 ], [ 79.8793859, 28.9308981 ], [ 79.881622, 28.9339746 ], [ 79.8820991, 28.9367896 ], [ 79.8821094, 28.9379964 ], [ 79.8817992, 28.938549 ], [ 79.8834225, 28.9403895 ], [ 79.8859232, 28.9452118 ], [ 79.8861591, 28.9450697 ], [ 79.8871593, 28.9464004 ], [ 79.8881879, 28.9483244 ], [ 79.8893062, 28.9494769 ], [ 79.8899347, 28.9509091 ], [ 79.8901885, 28.9507715 ], [ 79.8913993, 28.9527946 ], [ 79.8916917, 28.9526118 ], [ 79.8925074, 28.9543959 ], [ 79.8964492, 28.954454 ], [ 79.8963645, 28.9541405 ], [ 79.8994292, 28.9537542 ], [ 79.8992315, 28.9532896 ], [ 79.9029935, 28.9524633 ], [ 79.9037347, 28.952515 ], [ 79.9037964, 28.953106 ], [ 79.9077225, 28.9524216 ], [ 79.9080663, 28.9527261 ], [ 79.9105537, 28.9520758 ], [ 79.9107692, 28.9523396 ], [ 79.9130155, 28.9516578 ] ] ] } },
{ "type": "Feature", "properties": { "gp_code": "27246", "gp_name": "RATANPUR", "blkname": "KHATIMA", "dtname": "Udam Singh Nagar", "SHAPE_Area": 7156178.6051225457 }, "geometry": { "type": "Polygon", "coordinates": [ [ [ 79.8897455, 28.973067 ], [ 79.8964885, 28.9702184 ], [ 79.8966604, 28.9704282 ], [ 79.89704, 28.9701913 ], [ 79.8971068, 28.9707822 ], [ 79.8994689, 28.9699562 ], [ 79.9052373, 28.9691092 ], [ 79.9052218, 28.9687416 ], [ 79.9056681, 28.9686016 ], [ 79.9066658, 28.9685359 ], [ 79.9067711, 28.9687863 ], [ 79.9080227, 28.9684837 ], [ 79.9078275, 28.9675861 ], [ 79.9121949, 28.9659405 ], [ 79.9218429, 28.963657 ], [ 79.92037, 28.962108 ], [ 79.9186899, 28.9616078 ], [ 79.9192872, 28.960897 ], [ 79.9183662, 28.9603086 ], [ 79.9182453, 28.9595192 ], [ 79.9175783, 28.9591946 ], [ 79.9172343, 28.9584391 ], [ 79.9173186, 28.9576767 ], [ 79.9166051, 28.9562491 ], [ 79.9163486, 28.9562199 ], [ 79.9160129, 28.9568922 ], [ 79.9155923, 28.9568923 ], [ 79.9143684, 28.9553679 ], [ 79.9143937, 28.9543732 ], [ 79.9136013, 28.9546035 ], [ 79.9130831, 28.954042 ], [ 79.914021, 28.9521087 ], [ 79.9137797, 28.9516485 ], [ 79.9115999, 28.9518906 ], [ 79.9116539, 28.9521319 ], [ 79.9107692, 28.9523396 ], [ 79.9105537, 28.9520758 ], [ 79.9080663, 28.9527261 ], [ 79.9077225, 28.9524216 ], [ 79.9037964, 28.953106 ], [ 79.9037347, 28.952515 ], [ 79.9029935, 28.9524633 ], [ 79.8992315, 28.9532896 ], [ 79.8994292, 28.9537542 ], [ 79.8963645, 28.9541405 ], [ 79.8964492, 28.954454 ], [ 79.8925074, 28.9543959 ], [ 79.8929103, 28.9558124 ], [ 79.8931053, 28.9557199 ], [ 79.8932028, 28.9562838 ], [ 79.8935079, 28.95618 ], [ 79.8938441, 28.956816 ], [ 79.8909385, 28.9578833 ], [ 79.8910591, 28.9581404 ], [ 79.889546, 28.9590158 ], [ 79.8894332, 28.9586572 ], [ 79.8872815, 28.9595551 ], [ 79.8780767, 28.9616849 ], [ 79.8774357, 28.9625895 ], [ 79.8781076, 28.9631172 ], [ 79.8810623, 28.9637781 ], [ 79.8817933, 28.9646419 ], [ 79.8829321, 28.9644163 ], [ 79.8831527, 28.9648132 ], [ 79.8828554, 28.9666493 ], [ 79.8830785, 28.9674297 ], [ 79.8837634, 28.9678132 ], [ 79.8844765, 28.9679372 ], [ 79.8851459, 28.9672717 ], [ 79.8863745, 28.9675287 ], [ 79.887375, 28.968979 ], [ 79.8869442, 28.9701723 ], [ 79.8866518, 28.9702671 ], [ 79.8855796, 28.9695634 ], [ 79.884828, 28.970107 ], [ 79.8847025, 28.9710567 ], [ 79.8863929, 28.9715234 ], [ 79.8866879, 28.9724414 ], [ 79.8872011, 28.9728564 ], [ 79.8867266, 28.973179 ], [ 79.8867856, 28.9735106 ], [ 79.88804, 28.9738962 ], [ 79.8887529, 28.9731427 ], [ 79.8897455, 28.973067 ] ] ] } },
{ "type": "Feature", "properties": { "gp_code": "27223", "gp_name": "GANGI", "blkname": "KHATIMA", "dtname": "Udam Singh Nagar", "SHAPE_Area": 4819696.5787288239 }, "geometry": { "type": "Polygon", "coordinates": [ [ [ 79.9041389, 29.0019511 ], [ 79.9058526, 29.001681 ], [ 79.9065842, 29.0008881 ], [ 79.9077269, 29.0003766 ], [ 79.9074775, 28.9993337 ], [ 79.9061605, 28.9989277 ], [ 79.905618, 28.9984139 ], [ 79.9084865, 28.9983206 ], [ 79.908399, 28.9977004 ], [ 79.9110031, 28.9974381 ], [ 79.911057, 28.9976997 ], [ 79.9198742, 28.9955474 ], [ 79.9212463, 28.994338 ], [ 79.9209994, 28.9929914 ], [ 79.9203324, 28.9931631 ], [ 79.9193974, 28.9903913 ], [ 79.9187124, 28.9904998 ], [ 79.9186948, 28.991181 ], [ 79.9172864, 28.9914747 ], [ 79.9173734, 28.9906852 ], [ 79.9148054, 28.9908867 ], [ 79.9147154, 28.9904086 ], [ 79.9130094, 28.9905173 ], [ 79.912904, 28.9900369 ], [ 79.911706, 28.9901298 ], [ 79.9114259, 28.989108 ], [ 79.9119364, 28.9889996 ], [ 79.9115639, 28.9874524 ], [ 79.9119513, 28.9873756 ], [ 79.9107701, 28.9842948 ], [ 79.9105777, 28.9843738 ], [ 79.9097842, 28.9817417 ], [ 79.9088504, 28.9818028 ], [ 79.9057905, 28.9831817 ], [ 79.9018148, 28.9854112 ], [ 79.9015505, 28.9848857 ], [ 79.8979954, 28.9868667 ], [ 79.8971847, 28.9868984 ], [ 79.8921008, 28.9908781 ], [ 79.8907798, 28.9922835 ], [ 79.8937019, 28.9922989 ], [ 79.8957443, 28.9931015 ], [ 79.8961138, 28.993706 ], [ 79.8956906, 28.9944189 ], [ 79.8937381, 28.994047 ], [ 79.8930686, 28.9945433 ], [ 79.8934203, 28.9953621 ], [ 79.8955857, 28.9957181 ], [ 79.8961682, 28.9963992 ], [ 79.8959914, 28.9972045 ], [ 79.8937572, 28.9998529 ], [ 79.8936085, 29.0009993 ], [ 79.8955938, 29.0037822 ], [ 79.8966098, 29.0044958 ], [ 79.9041389, 29.0019511 ] ] ] } },
{ "type": "Feature", "properties": { "gp_code": "27221", "gp_name": "DIYURI", "blkname": "KHATIMA", "dtname": "Udam Singh Nagar", "SHAPE_Area": 8060437.3758314755 }, "geometry": { "type": "Polygon", "coordinates": [ [ [ 79.9367255, 29.0076911 ], [ 79.9372191, 29.0029916 ], [ 79.9366947, 29.0008625 ], [ 79.9357271, 28.9999463 ], [ 79.936571, 28.9995738 ], [ 79.936306, 28.9982904 ], [ 79.9366241, 28.9981956 ], [ 79.9362, 28.9968492 ], [ 79.9381366, 28.9962144 ], [ 79.938136, 28.9951768 ], [ 79.9373243, 28.9936141 ], [ 79.9375885, 28.9934742 ], [ 79.9372366, 28.9927931 ], [ 79.937588, 28.9925764 ], [ 79.9370229, 28.9913993 ], [ 79.9410601, 28.9901951 ], [ 79.940644, 28.9893043 ], [ 79.9389025, 28.9899615 ], [ 79.938507, 28.9893459 ], [ 79.9376067, 28.989678 ], [ 79.9374423, 28.9891661 ], [ 79.9367291, 28.9893987 ], [ 79.9363824, 28.9886229 ], [ 79.9348587, 28.9891379 ], [ 79.9352028, 28.9895708 ], [ 79.929562, 28.9908477 ], [ 79.9289791, 28.9896637 ], [ 79.9292689, 28.9894989 ], [ 79.9289428, 28.9889623 ], [ 79.9291736, 28.9888561 ], [ 79.928077, 28.9865355 ], [ 79.9276691, 28.9864906 ], [ 79.9273914, 28.9854734 ], [ 79.927766, 28.9854597 ], [ 79.9273909, 28.9843005 ], [ 79.9290915, 28.9838397 ], [ 79.929032, 28.9830007 ], [ 79.9281232, 28.9817694 ], [ 79.9264401, 28.9809897 ], [ 79.9261156, 28.9784748 ], [ 79.9240125, 28.9793327 ], [ 79.9238286, 28.9808937 ], [ 79.9231412, 28.9811421 ], [ 79.922738, 28.9801475 ], [ 79.9200701, 28.9800153 ], [ 79.9201369, 28.9802837 ], [ 79.9194212, 28.9802524 ], [ 79.9175202, 28.9797613 ], [ 79.913473, 28.9816324 ], [ 79.9100486, 28.9825153 ], [ 79.9119513, 28.9873756 ], [ 79.9115639, 28.9874524 ], [ 79.9119364, 28.9889996 ], [ 79.9114259, 28.989108 ], [ 79.911706, 28.9901298 ], [ 79.912904, 28.9900369 ], [ 79.9130094, 28.9905173 ], [ 79.9147154, 28.9904086 ], [ 79.9148054, 28.9908867 ], [ 79.9173734, 28.9906852 ], [ 79.9172864, 28.9914747 ], [ 79.9186948, 28.991181 ], [ 79.9187124, 28.9904998 ], [ 79.9193974, 28.9903913 ], [ 79.9203324, 28.9931631 ], [ 79.9209994, 28.9929914 ], [ 79.9212641, 28.9939364 ], [ 79.9212463, 28.994338 ], [ 79.9198742, 28.9955474 ], [ 79.911057, 28.9976997 ], [ 79.9110031, 28.9974381 ], [ 79.908399, 28.9977004 ], [ 79.9084865, 28.9983206 ], [ 79.905618, 28.9984139 ], [ 79.9061605, 28.9989277 ], [ 79.9074775, 28.9993337 ], [ 79.9079549, 29.0009993 ], [ 79.9092908, 29.0017733 ], [ 79.9099521, 29.0034407 ], [ 79.9108651, 29.0045458 ], [ 79.9145092, 29.0044674 ], [ 79.9196931, 29.007794 ], [ 79.9209266, 29.0082063 ], [ 79.9231657, 29.0080869 ], [ 79.9240686, 29.0073241 ], [ 79.9246291, 29.006029 ], [ 79.9261824, 29.0065619 ], [ 79.92825, 29.0066131 ], [ 79.9309225, 29.0074879 ], [ 79.9339954, 29.0075092 ], [ 79.9339948, 29.008654 ], [ 79.9346913, 29.0093271 ], [ 79.9349308, 29.0100803 ], [ 79.9367255, 29.0076911 ] ] ] } },
{ "type": "Feature", "properties": { "gp_code": "27247", "gp_name": "SABOURA", "blkname": "KHATIMA", "dtname": "Udam Singh Nagar", "SHAPE_Area": 3484658.2715875409 }, "geometry": { "type": "Polygon", "coordinates": [ [ [ 79.9261156, 28.9784748 ], [ 79.9261176, 28.977365 ], [ 79.9255195, 28.9765443 ], [ 79.9249705, 28.976479 ], [ 79.9239719, 28.9749704 ], [ 79.9226841, 28.9746528 ], [ 79.9226223, 28.9739513 ], [ 79.9218063, 28.9734284 ], [ 79.9218673, 28.9720953 ], [ 79.9212641, 28.971103 ], [ 79.9211298, 28.9690324 ], [ 79.9204416, 28.9675169 ], [ 79.9204568, 28.9671605 ], [ 79.9214492, 28.9664903 ], [ 79.9228189, 28.9666432 ], [ 79.9231881, 28.9663678 ], [ 79.9218429, 28.963657 ], [ 79.9121949, 28.9659405 ], [ 79.9078275, 28.9675861 ], [ 79.9080227, 28.9684837 ], [ 79.9052218, 28.9687416 ], [ 79.90629, 28.9725442 ], [ 79.9059233, 28.972806 ], [ 79.9065495, 28.9737554 ], [ 79.9054082, 28.9743782 ], [ 79.905901, 28.9751901 ], [ 79.9064164, 28.9748764 ], [ 79.9069221, 28.9759839 ], [ 79.9072119, 28.975853 ], [ 79.9077202, 28.9769536 ], [ 79.9073175, 28.9771386 ], [ 79.9086394, 28.9797728 ], [ 79.9089446, 28.9796216 ], [ 79.9098481, 28.9811687 ], [ 79.9102432, 28.9813062 ], [ 79.9100486, 28.9825153 ], [ 79.913473, 28.9816324 ], [ 79.9175202, 28.9797613 ], [ 79.9194212, 28.9802524 ], [ 79.9201369, 28.9802837 ], [ 79.9200701, 28.9800153 ], [ 79.922738, 28.9801475 ], [ 79.9231412, 28.9811421 ], [ 79.9238286, 28.9808937 ], [ 79.9240125, 28.9793327 ], [ 79.9261156, 28.9784748 ] ] ] } },
{ "type": "Feature", "properties": { "gp_code": "27212", "gp_name": "BHUDAKISHANI", "blkname": "KHATIMA", "dtname": "Udam Singh Nagar", "SHAPE_Area": 5448107.0823722687 }, "geometry": { "type": "Polygon", "coordinates": [ [ [ 79.940644, 28.9893043 ], [ 79.9424451, 28.9896034 ], [ 79.9437969, 28.9893591 ], [ 79.9436993, 28.9890547 ], [ 79.9458181, 28.988704 ], [ 79.9460159, 28.9890715 ], [ 79.9497169, 28.9878424 ], [ 79.9498302, 28.9884582 ], [ 79.9507357, 28.9882434 ], [ 79.9505867, 28.9879885 ], [ 79.9539316, 28.9874836 ], [ 79.9538467, 28.9870912 ], [ 79.954629, 28.986969 ], [ 79.9546832, 28.9873884 ], [ 79.9577149, 28.9867771 ], [ 79.9573398, 28.9859365 ], [ 79.9575621, 28.9848131 ], [ 79.9560712, 28.9842613 ], [ 79.9568321, 28.9830158 ], [ 79.9561251, 28.9811215 ], [ 79.9552005, 28.9795409 ], [ 79.9543184, 28.9800129 ], [ 79.9543276, 28.978673 ], [ 79.9539091, 28.9782379 ], [ 79.9534322, 28.9785044 ], [ 79.9534961, 28.978087 ], [ 79.9531906, 28.9778617 ], [ 79.9535722, 28.9769547 ], [ 79.9530899, 28.9770497 ], [ 79.9526434, 28.9766575 ], [ 79.9527096, 28.976159 ], [ 79.9521504, 28.976139 ], [ 79.9510072, 28.9738074 ], [ 79.9516812, 28.972925 ], [ 79.9513112, 28.9720478 ], [ 79.9501546, 28.972477 ], [ 79.9502832, 28.9728559 ], [ 79.9497524, 28.9730276 ], [ 79.9494187, 28.9727143 ], [ 79.9455129, 28.9737698 ], [ 79.9452382, 28.9735082 ], [ 79.939409, 28.9754059 ], [ 79.9390881, 28.9750384 ], [ 79.9369953, 28.9755176 ], [ 79.9335304, 28.9766131 ], [ 79.9335666, 28.9771252 ], [ 79.929655, 28.977508 ], [ 79.9296985, 28.9772192 ], [ 79.9261156, 28.9784748 ], [ 79.9264401, 28.9809897 ], [ 79.9281232, 28.9817694 ], [ 79.929032, 28.9830007 ], [ 79.9290915, 28.9838397 ], [ 79.9273909, 28.9843005 ], [ 79.927766, 28.9854597 ], [ 79.9273914, 28.9854734 ], [ 79.9276691, 28.9864906 ], [ 79.928077, 28.9865355 ], [ 79.9291736, 28.9888561 ], [ 79.9289428, 28.9889623 ], [ 79.9292689, 28.9894989 ], [ 79.9289791, 28.9896637 ], [ 79.929562, 28.9908477 ], [ 79.9352028, 28.9895708 ], [ 79.9348587, 28.9891379 ], [ 79.9363824, 28.9886229 ], [ 79.9367291, 28.9893987 ], [ 79.9374423, 28.9891661 ], [ 79.9376067, 28.989678 ], [ 79.938507, 28.9893459 ], [ 79.9389025, 28.9899615 ], [ 79.940644, 28.9893043 ] ] ] } },
{ "type": "Feature", "properties": { "gp_code": "27213", "gp_name": "BHUNDIYATHARU", "blkname": "KHATIMA", "dtname": "Udam Singh Nagar", "SHAPE_Area": 6127651.2248993954 }, "geometry": { "type": "Polygon", "coordinates": [ [ [ 79.9281416, 28.9776146 ], [ 79.9296985, 28.9772192 ], [ 79.929655, 28.977508 ], [ 79.9335666, 28.9771252 ], [ 79.9335304, 28.9766131 ], [ 79.9369953, 28.9755176 ], [ 79.9390881, 28.9750384 ], [ 79.939409, 28.9754059 ], [ 79.9452382, 28.9735082 ], [ 79.9455129, 28.9737698 ], [ 79.9494187, 28.9727143 ], [ 79.9497524, 28.9730276 ], [ 79.9502832, 28.9728559 ], [ 79.9501546, 28.972477 ], [ 79.9513112, 28.9720478 ], [ 79.9506696, 28.9715971 ], [ 79.9503837, 28.9700318 ], [ 79.9499452, 28.9701697 ], [ 79.9489622, 28.9693109 ], [ 79.9491969, 28.9675198 ], [ 79.9485556, 28.9674096 ], [ 79.9481423, 28.9669565 ], [ 79.9487681, 28.966884 ], [ 79.9485369, 28.9663924 ], [ 79.9492007, 28.9656837 ], [ 79.9497524, 28.9659991 ], [ 79.9503114, 28.965868 ], [ 79.9503905, 28.9653627 ], [ 79.950829, 28.9650422 ], [ 79.9505234, 28.9646815 ], [ 79.9509028, 28.9642752 ], [ 79.9493066, 28.9632341 ], [ 79.9475783, 28.9636613 ], [ 79.9468985, 28.9634451 ], [ 79.9476778, 28.9629146 ], [ 79.9475288, 28.9624614 ], [ 79.9489981, 28.9621516 ], [ 79.9497189, 28.962309 ], [ 79.9505008, 28.9617718 ], [ 79.9509105, 28.9609573 ], [ 79.9505277, 28.9599221 ], [ 79.9500659, 28.9596337 ], [ 79.9499674, 28.9583706 ], [ 79.9496391, 28.9583888 ], [ 79.9496037, 28.9589731 ], [ 79.9489981, 28.9584614 ], [ 79.9483723, 28.9586128 ], [ 79.9486421, 28.9592488 ], [ 79.9478217, 28.959768 ], [ 79.9467648, 28.9592295 ], [ 79.9471719, 28.9584105 ], [ 79.9485332, 28.9575752 ], [ 79.9481303, 28.957228 ], [ 79.9483635, 28.9568625 ], [ 79.9439584, 28.958313 ], [ 79.9367883, 28.9597126 ], [ 79.9367523, 28.9594172 ], [ 79.9319929, 28.9609667 ], [ 79.9317234, 28.960554 ], [ 79.9276717, 28.9615527 ], [ 79.9218429, 28.963657 ], [ 79.9231881, 28.9663678 ], [ 79.9228189, 28.9666432 ], [ 79.9214492, 28.9664903 ], [ 79.9204568, 28.9671605 ], [ 79.9204416, 28.9675169 ], [ 79.9211298, 28.9690324 ], [ 79.9212641, 28.971103 ], [ 79.9218673, 28.9720953 ], [ 79.9218063, 28.9734284 ], [ 79.9226223, 28.9739513 ], [ 79.9226841, 28.9746528 ], [ 79.9239719, 28.9749704 ], [ 79.9249705, 28.976479 ], [ 79.9255195, 28.9765443 ], [ 79.9261176, 28.977365 ], [ 79.9261156, 28.9784748 ], [ 79.928193, 28.9778627 ], [ 79.9281416, 28.9776146 ] ] ] } },
{ "type": "Feature", "properties": { "gp_code": "27249", "gp_name": "SAIJANA", "blkname": "KHATIMA", "dtname": "Udam Singh Nagar", "SHAPE_Area": 5348330.7188384878 }, "geometry": { "type": "Polygon", "coordinates": [ [ [ 79.9319929, 28.9609667 ], [ 79.9367523, 28.9594172 ], [ 79.9367883, 28.9597126 ], [ 79.9439584, 28.958313 ], [ 79.9483635, 28.9568625 ], [ 79.9476321, 28.9563057 ], [ 79.9474172, 28.9569419 ], [ 79.9469681, 28.9566467 ], [ 79.9465066, 28.9568161 ], [ 79.9458932, 28.9561826 ], [ 79.94698, 28.9553429 ], [ 79.9464124, 28.9540779 ], [ 79.9467376, 28.9534213 ], [ 79.9452231, 28.9513312 ], [ 79.9452224, 28.9502891 ], [ 79.9448732, 28.9496848 ], [ 79.9440366, 28.9488393 ], [ 79.9440404, 28.9467438 ], [ 79.9432246, 28.94623 ], [ 79.9432241, 28.9454857 ], [ 79.9391491, 28.945323 ], [ 79.9373238, 28.9461856 ], [ 79.9351239, 28.9467234 ], [ 79.9350648, 28.9464956 ], [ 79.9314264, 28.9474941 ], [ 79.9310877, 28.9470883 ], [ 79.927929, 28.9482422 ], [ 79.9274932, 28.9485446 ], [ 79.9276984, 28.9488378 ], [ 79.9246447, 28.9497096 ], [ 79.9184802, 28.9510855 ], [ 79.9139695, 28.9517297 ], [ 79.9135188, 28.9533697 ], [ 79.9130649, 28.9537149 ], [ 79.9136013, 28.9546035 ], [ 79.9143937, 28.9543732 ], [ 79.9143684, 28.9553679 ], [ 79.9155923, 28.9568923 ], [ 79.9160129, 28.9568922 ], [ 79.9163486, 28.9562199 ], [ 79.9166051, 28.9562491 ], [ 79.9173186, 28.9576767 ], [ 79.9172343, 28.9584391 ], [ 79.9175783, 28.9591946 ], [ 79.9182453, 28.9595192 ], [ 79.9183662, 28.9603086 ], [ 79.9192872, 28.960897 ], [ 79.9186899, 28.9616078 ], [ 79.92037, 28.962108 ], [ 79.9218429, 28.963657 ], [ 79.9276717, 28.9615527 ], [ 79.9317234, 28.960554 ], [ 79.9319929, 28.9609667 ] ] ] } },
{ "type": "Feature", "properties": { "gp_code": "27253", "gp_name": "SUJIANYA", "blkname": "KHATIMA", "dtname": "Udam Singh Nagar", "SHAPE_Area": 3623712.9863980757 }, "geometry": { "type": "Polygon", "coordinates": [ [ [ 79.9521354, 28.9456816 ], [ 79.9570811, 28.9444019 ], [ 79.9566057, 28.9432406 ], [ 79.9568589, 28.9424532 ], [ 79.95586, 28.9405275 ], [ 79.9563829, 28.9402768 ], [ 79.9562566, 28.9394244 ], [ 79.9568667, 28.9392864 ], [ 79.9569049, 28.9388532 ], [ 79.957269, 28.938844 ], [ 79.9576583, 28.9382888 ], [ 79.957734, 28.9368384 ], [ 79.9585543, 28.9366237 ], [ 79.9587692, 28.9360078 ], [ 79.9585275, 28.9350966 ], [ 79.9589702, 28.9339528 ], [ 79.9584766, 28.9324192 ], [ 79.9597662, 28.9321862 ], [ 79.9598601, 28.9310785 ], [ 79.9593719, 28.9297525 ], [ 79.9602435, 28.929646 ], [ 79.960461, 28.9290211 ], [ 79.9598863, 28.9286177 ], [ 79.9529678, 28.9307985 ], [ 79.9525699, 28.9301086 ], [ 79.9475455, 28.9316632 ], [ 79.9468095, 28.9313276 ], [ 79.9424563, 28.9321374 ], [ 79.9414493, 28.9333288 ], [ 79.9394444, 28.9336479 ], [ 79.9408965, 28.9348516 ], [ 79.9405481, 28.9354721 ], [ 79.9409791, 28.9357719 ], [ 79.9405283, 28.9365638 ], [ 79.9393748, 28.9370922 ], [ 79.9398725, 28.9374145 ], [ 79.9398908, 28.9380054 ], [ 79.940758, 28.9386839 ], [ 79.9403377, 28.9391624 ], [ 79.942026, 28.9407653 ], [ 79.9415941, 28.9429219 ], [ 79.9421078, 28.9442118 ], [ 79.943224, 28.9453819 ], [ 79.9432246, 28.94623 ], [ 79.9440404, 28.9467438 ], [ 79.9440004, 28.9484198 ], [ 79.9521202, 28.9460425 ], [ 79.9521354, 28.9456816 ] ] ] } },
{ "type": "Feature", "properties": { "gp_code": "27234", "gp_name": "BHOODMAHOLIYA", "blkname": "KHATIMA", "dtname": "Udam Singh Nagar", "SHAPE_Area": 4897354.4464208018 }, "geometry": { "type": "Polygon", "coordinates": [ [ [ 79.9598863, 28.9286177 ], [ 79.9617811, 28.9286954 ], [ 79.9621526, 28.928332 ], [ 79.962299, 28.9286049 ], [ 79.9628861, 28.9285052 ], [ 79.9631163, 28.9279885 ], [ 79.9676894, 28.926808 ], [ 79.96668, 28.9249049 ], [ 79.9667279, 28.9239553 ], [ 79.9653933, 28.9192713 ], [ 79.9637449, 28.9164574 ], [ 79.9637906, 28.9158889 ], [ 79.9628255, 28.9145994 ], [ 79.959501, 28.9152533 ], [ 79.9498028, 28.9188118 ], [ 79.9496745, 28.9186134 ], [ 79.944784, 28.9202242 ], [ 79.9335907, 28.9245988 ], [ 79.933796, 28.9250453 ], [ 79.9342807, 28.9251691 ], [ 79.9342555, 28.9260736 ], [ 79.9355145, 28.9261024 ], [ 79.9354788, 28.9266799 ], [ 79.9363688, 28.9272636 ], [ 79.9366508, 28.9271124 ], [ 79.936376, 28.9263231 ], [ 79.9377224, 28.9269088 ], [ 79.9369714, 28.9272882 ], [ 79.938123, 28.9280184 ], [ 79.9374137, 28.9294534 ], [ 79.9389776, 28.9291639 ], [ 79.9401453, 28.9310084 ], [ 79.9409813, 28.9311839 ], [ 79.9424563, 28.9321374 ], [ 79.9468095, 28.9313276 ], [ 79.9475455, 28.9316632 ], [ 79.9525699, 28.9301086 ], [ 79.9529678, 28.9307985 ], [ 79.9598863, 28.9286177 ] ] ] } },
{ "type": "Feature", "properties": { "gp_code": "27242", "gp_name": "PAHENIYA", "blkname": "KHATIMA", "dtname": "Udam Singh Nagar", "SHAPE_Area": 8367024.808942114 }, "geometry": { "type": "Polygon", "coordinates": [ [ [ 79.9130155, 28.9516578 ], [ 79.9184802, 28.9510855 ], [ 79.9246447, 28.9497096 ], [ 79.9276984, 28.9488378 ], [ 79.9274932, 28.9485446 ], [ 79.927929, 28.9482422 ], [ 79.9310877, 28.9470883 ], [ 79.9314264, 28.9474941 ], [ 79.9350648, 28.9464956 ], [ 79.9351239, 28.9467234 ], [ 79.9373238, 28.9461856 ], [ 79.9391491, 28.945323 ], [ 79.9432241, 28.9454857 ], [ 79.9421078, 28.9442118 ], [ 79.9415941, 28.9429219 ], [ 79.942026, 28.9407653 ], [ 79.9403377, 28.9391624 ], [ 79.940758, 28.9386839 ], [ 79.9398908, 28.9380054 ], [ 79.9399238, 28.9375092 ], [ 79.9393567, 28.9369591 ], [ 79.9405283, 28.9365638 ], [ 79.9409791, 28.9357719 ], [ 79.9405481, 28.9354721 ], [ 79.9408965, 28.9348516 ], [ 79.9394444, 28.9336479 ], [ 79.9414493, 28.9333288 ], [ 79.9424563, 28.9321374 ], [ 79.9409813, 28.9311839 ], [ 79.9401453, 28.9310084 ], [ 79.9389776, 28.9291639 ], [ 79.9374137, 28.9294534 ], [ 79.9376081, 28.9286841 ], [ 79.9381105, 28.9283771 ], [ 79.9379973, 28.9277681 ], [ 79.9369638, 28.9274483 ], [ 79.9377225, 28.9270375 ], [ 79.9375891, 28.9268052 ], [ 79.936376, 28.9263231 ], [ 79.9366508, 28.9271124 ], [ 79.9363688, 28.9272636 ], [ 79.9354788, 28.9266799 ], [ 79.9355145, 28.9261024 ], [ 79.9342555, 28.9260736 ], [ 79.9342807, 28.9251691 ], [ 79.933796, 28.9250453 ], [ 79.9334829, 28.9244815 ], [ 79.9321551, 28.9250054 ], [ 79.9322389, 28.9235707 ], [ 79.9317489, 28.9230454 ], [ 79.9311887, 28.9206254 ], [ 79.9307141, 28.9200414 ], [ 79.9300323, 28.9203687 ], [ 79.9289093, 28.9201662 ], [ 79.9275508, 28.9207419 ], [ 79.9270123, 28.9205729 ], [ 79.9238363, 28.9213501 ], [ 79.9226492, 28.9212626 ], [ 79.9185554, 28.9227211 ], [ 79.9225432, 28.9306528 ], [ 79.92328, 28.9326081 ], [ 79.9232549, 28.9336637 ], [ 79.923937, 28.9339274 ], [ 79.9243094, 28.9350663 ], [ 79.9239454, 28.9354048 ], [ 79.9228736, 28.9353962 ], [ 79.9214918, 28.935929 ], [ 79.9203615, 28.9369399 ], [ 79.9206822, 28.9373571 ], [ 79.9202335, 28.9374723 ], [ 79.9198923, 28.937134 ], [ 79.9194437, 28.9373462 ], [ 79.9191439, 28.9377771 ], [ 79.9180158, 28.9382151 ], [ 79.9182623, 28.9388714 ], [ 79.912604, 28.9413678 ], [ 79.9128581, 28.9422204 ], [ 79.9106838, 28.9428368 ], [ 79.9103995, 28.9436218 ], [ 79.9082174, 28.9442719 ], [ 79.9086925, 28.9465432 ], [ 79.9092902, 28.9468972 ], [ 79.9115006, 28.9465493 ], [ 79.9121341, 28.9468107 ], [ 79.9122112, 28.94714 ], [ 79.9107345, 28.9486675 ], [ 79.9110988, 28.9488659 ], [ 79.9117655, 28.9485612 ], [ 79.9119477, 28.9489514 ], [ 79.9114966, 28.9496124 ], [ 79.9116045, 28.9501154 ], [ 79.9130155, 28.9516578 ] ] ] } },
{ "type": "Feature", "properties": { "gp_code": "27206", "gp_name": "BAANUSI", "blkname": "KHATIMA", "dtname": "Udam Singh Nagar", "SHAPE_Area": 4771681.3562734351 }, "geometry": { "type": "Polygon", "coordinates": [ [ [ 79.9243094, 28.9350663 ], [ 79.923937, 28.9339274 ], [ 79.9232549, 28.9336637 ], [ 79.92328, 28.9326081 ], [ 79.9225432, 28.9306528 ], [ 79.9185554, 28.9227211 ], [ 79.9158229, 28.9239851 ], [ 79.9110442, 28.9249045 ], [ 79.9042173, 28.9272069 ], [ 79.8978234, 28.9296127 ], [ 79.8985569, 28.9300298 ], [ 79.8984748, 28.9304269 ], [ 79.8960724, 28.9306077 ], [ 79.8956931, 28.9311785 ], [ 79.8960547, 28.9319746 ], [ 79.8972009, 28.9318594 ], [ 79.897606, 28.9321322 ], [ 79.8968526, 28.9335692 ], [ 79.897822, 28.9347555 ], [ 79.8988989, 28.9349222 ], [ 79.9004756, 28.9336926 ], [ 79.9014116, 28.9340759 ], [ 79.9018681, 28.9345923 ], [ 79.9027664, 28.9374275 ], [ 79.9016947, 28.9382735 ], [ 79.9022006, 28.9408267 ], [ 79.9030726, 28.9414379 ], [ 79.9047239, 28.9411014 ], [ 79.9058422, 28.9422425 ], [ 79.9063906, 28.9408461 ], [ 79.9066367, 28.9408845 ], [ 79.9081503, 28.9430066 ], [ 79.9082174, 28.9442719 ], [ 79.9103995, 28.9436218 ], [ 79.9106838, 28.9428368 ], [ 79.9128581, 28.9422204 ], [ 79.912604, 28.9413678 ], [ 79.9182623, 28.9388714 ], [ 79.9180158, 28.9382151 ], [ 79.9191439, 28.9377771 ], [ 79.9194437, 28.9373462 ], [ 79.9198923, 28.937134 ], [ 79.9202335, 28.9374723 ], [ 79.9206822, 28.9373571 ], [ 79.9203615, 28.9369399 ], [ 79.9214918, 28.935929 ], [ 79.9228736, 28.9353962 ], [ 79.9239454, 28.9354048 ], [ 79.9243094, 28.9350663 ] ] ] } },
{ "type": "Feature", "properties": { "gp_code": "", "gp_name": "", "blkname": "KHATIMA", "dtname": "Udam Singh Nagar", "SHAPE_Area": 8095846.1203612573 }, "geometry": { "type": "Polygon", "coordinates": [ [ [ 79.8978234, 28.9296127 ], [ 79.9096265, 28.9253199 ], [ 79.9158229, 28.9239851 ], [ 79.9151068, 28.9221966 ], [ 79.9146993, 28.9223253 ], [ 79.9138807, 28.9204421 ], [ 79.9135859, 28.9205798 ], [ 79.9129597, 28.9188792 ], [ 79.9120958, 28.9190013 ], [ 79.911249, 28.9166692 ], [ 79.9107875, 28.9167573 ], [ 79.9106745, 28.9159205 ], [ 79.910313, 28.9160875 ], [ 79.909992, 28.9143327 ], [ 79.9096766, 28.9144117 ], [ 79.9091586, 28.9138209 ], [ 79.9089764, 28.9133495 ], [ 79.9092533, 28.9132502 ], [ 79.9080913, 28.9110896 ], [ 79.9076136, 28.9083243 ], [ 79.9077801, 28.9078822 ], [ 79.9052319, 28.9075827 ], [ 79.9046809, 28.9078536 ], [ 79.9033938, 28.9073373 ], [ 79.9027634, 28.9076487 ], [ 79.9019225, 28.9073963 ], [ 79.9015508, 28.9076784 ], [ 79.9006587, 28.9073582 ], [ 79.9005076, 28.9078657 ], [ 79.9001308, 28.9078996 ], [ 79.8992174, 28.9045976 ], [ 79.8986996, 28.9045052 ], [ 79.8985072, 28.9040519 ], [ 79.8973795, 28.9046205 ], [ 79.8970131, 28.9052025 ], [ 79.895562, 28.9046771 ], [ 79.8944088, 28.9061954 ], [ 79.8932886, 28.9060128 ], [ 79.892776, 28.9063197 ], [ 79.8929223, 28.9075558 ], [ 79.8921738, 28.9079438 ], [ 79.8923765, 28.9089858 ], [ 79.891041, 28.9093492 ], [ 79.890195, 28.909038 ], [ 79.8890928, 28.9092208 ], [ 79.8891441, 28.9096742 ], [ 79.8886365, 28.9097961 ], [ 79.8885288, 28.9092773 ], [ 79.8876855, 28.9094668 ], [ 79.8878572, 28.9098074 ], [ 79.8872958, 28.9099226 ], [ 79.8870292, 28.9092481 ], [ 79.8860141, 28.9100512 ], [ 79.8857731, 28.9098393 ], [ 79.8849836, 28.9104799 ], [ 79.8850862, 28.9107302 ], [ 79.8830611, 28.9115559 ], [ 79.8837431, 28.912192 ], [ 79.8816, 28.9134575 ], [ 79.883587, 28.9163807 ], [ 79.8828129, 28.91701 ], [ 79.8831308, 28.9178739 ], [ 79.8837358, 28.9176912 ], [ 79.883882, 28.91814 ], [ 79.8835667, 28.9183634 ], [ 79.8841872, 28.9193783 ], [ 79.8811494, 28.922189 ], [ 79.8778883, 28.9241651 ], [ 79.8778216, 28.9245373 ], [ 79.8769372, 28.9251553 ], [ 79.877014, 28.9254892 ], [ 79.8782473, 28.9261794 ], [ 79.8807444, 28.9238717 ], [ 79.8813008, 28.924262 ], [ 79.8806215, 28.9259221 ], [ 79.8811164, 28.9264409 ], [ 79.8818137, 28.9262356 ], [ 79.882693, 28.9249025 ], [ 79.8835468, 28.924749 ], [ 79.8846877, 28.9255271 ], [ 79.8853136, 28.9275256 ], [ 79.8870187, 28.9286939 ], [ 79.8877776, 28.9282065 ], [ 79.8890494, 28.929068 ], [ 79.8897981, 28.9289236 ], [ 79.891549, 28.92734 ], [ 79.8921771, 28.9271955 ], [ 79.8923799, 28.9281383 ], [ 79.8928799, 28.9284586 ], [ 79.8950105, 28.9280478 ], [ 79.895113, 28.9283974 ], [ 79.8945439, 28.9290267 ], [ 79.8947159, 28.9295274 ], [ 79.8950569, 28.9296515 ], [ 79.8967464, 28.9289745 ], [ 79.8978234, 28.9296127 ] ] ] } },
{ "type": "Feature", "properties": { "gp_code": "259981", "gp_name": "Gur khura", "blkname": "KHATIMA", "dtname": "Udam Singh Nagar", "SHAPE_Area": 3671033.7467260603 }, "geometry": { "type": "Polygon", "coordinates": [ [ [ 79.9158229, 28.9239851 ], [ 79.9226492, 28.9212626 ], [ 79.9238363, 28.9213501 ], [ 79.9270123, 28.9205729 ], [ 79.9278097, 28.9206809 ], [ 79.9284427, 28.9202656 ], [ 79.9292503, 28.9202427 ], [ 79.9297423, 28.9197711 ], [ 79.9297371, 28.9195095 ], [ 79.9286448, 28.9193159 ], [ 79.9279055, 28.917435 ], [ 79.9275607, 28.9149517 ], [ 79.9290269, 28.9146918 ], [ 79.9297707, 28.9151945 ], [ 79.9303012, 28.914901 ], [ 79.9309036, 28.9150135 ], [ 79.9322154, 28.9135243 ], [ 79.9319944, 28.9126017 ], [ 79.9310355, 28.9123969 ], [ 79.9309763, 28.9119413 ], [ 79.9306045, 28.9118039 ], [ 79.9306658, 28.9113775 ], [ 79.9294857, 28.9096299 ], [ 79.92977, 28.9091268 ], [ 79.9290903, 28.908509 ], [ 79.9283313, 28.9081056 ], [ 79.9273727, 28.9083045 ], [ 79.9267265, 28.9078333 ], [ 79.9264241, 28.9079484 ], [ 79.9255108, 28.906548 ], [ 79.9246832, 28.9072161 ], [ 79.9238548, 28.9066005 ], [ 79.9224989, 28.906768 ], [ 79.9223808, 28.9064838 ], [ 79.9199996, 28.9068726 ], [ 79.9199892, 28.9065748 ], [ 79.9187485, 28.9066136 ], [ 79.9177132, 28.9074011 ], [ 79.9178518, 28.9078433 ], [ 79.9162217, 28.9083671 ], [ 79.9160835, 28.9087619 ], [ 79.915868, 28.9085048 ], [ 79.9149301, 28.9092448 ], [ 79.9148172, 28.9089336 ], [ 79.9142045, 28.9090872 ], [ 79.9142046, 28.9093759 ], [ 79.9082888, 28.9112182 ], [ 79.9092533, 28.9132502 ], [ 79.9089764, 28.9133495 ], [ 79.9091586, 28.9138209 ], [ 79.9096766, 28.9144117 ], [ 79.909992, 28.9143327 ], [ 79.910313, 28.9160875 ], [ 79.9106745, 28.9159205 ], [ 79.9107875, 28.9167573 ], [ 79.911249, 28.9166692 ], [ 79.9120958, 28.9190013 ], [ 79.9129597, 28.9188792 ], [ 79.9135859, 28.9205798 ], [ 79.9138807, 28.9204421 ], [ 79.9146993, 28.9223253 ], [ 79.9151068, 28.9221966 ], [ 79.9158229, 28.9239851 ] ] ] } },
{ "type": "Feature", "properties": { "gp_code": "", "gp_name": "", "blkname": "KHATIMA", "dtname": "Udam Singh Nagar", "SHAPE_Area": 18449.618615073603 }, "geometry": { "type": "Polygon", "coordinates": [ [ [ 79.9076475, 28.8883278 ], [ 79.9077695, 28.8893988 ], [ 79.9090481, 28.8892859 ], [ 79.90884, 28.8883059 ], [ 79.9076475, 28.8883278 ] ] ] } },
{ "type": "Feature", "properties": { "gp_code": "", "gp_name": "", "blkname": "KHATIMA", "dtname": "Udam Singh Nagar", "SHAPE_Area": 50707.067155430508 }, "geometry": { "type": "Polygon", "coordinates": [ [ [ 79.9012623, 28.8794536 ], [ 79.9011529, 28.8799417 ], [ 79.9020241, 28.8808563 ], [ 79.9020137, 28.8818043 ], [ 79.9038126, 28.8811621 ], [ 79.9050754, 28.8813209 ], [ 79.9047972, 28.880463 ], [ 79.9033098, 28.8805073 ], [ 79.9012623, 28.8794536 ] ] ] } },
{ "type": "Feature", "properties": { "gp_code": "27217", "gp_name": "CHANDELI", "blkname": "KHATIMA", "dtname": "Udam Singh Nagar", "SHAPE_Area": 10607658.771619236 }, "geometry": { "type": "Polygon", "coordinates": [ [ [ 79.9241984, 28.9068282 ], [ 79.9241905, 28.9063343 ], [ 79.9233188, 28.9061068 ], [ 79.9233366, 28.9055225 ], [ 79.9239132, 28.9054005 ], [ 79.9264642, 28.9011658 ], [ 79.9273689, 28.9007933 ], [ 79.9266431, 28.9001011 ], [ 79.9268427, 28.8993341 ], [ 79.9266039, 28.8984184 ], [ 79.9270854, 28.8978565 ], [ 79.9265238, 28.8972252 ], [ 79.9271078, 28.8964378 ], [ 79.9279099, 28.8961036 ], [ 79.9269357, 28.8957543 ], [ 79.9270381, 28.8953303 ], [ 79.9267278, 28.8951477 ], [ 79.9279567, 28.8923998 ], [ 79.9263859, 28.8929396 ], [ 79.9258166, 28.8926217 ], [ 79.9260108, 28.8912411 ], [ 79.927251, 28.8905415 ], [ 79.9274634, 28.8900068 ], [ 79.9270066, 28.8890348 ], [ 79.9259405, 28.888963 ], [ 79.9254736, 28.8881873 ], [ 79.9239713, 28.8873149 ], [ 79.9224118, 28.8853619 ], [ 79.9213474, 28.8855419 ], [ 79.9213927, 28.886576 ], [ 79.9202109, 28.88615 ], [ 79.9205214, 28.8870477 ], [ 79.919849, 28.8876459 ], [ 79.9188813, 28.8869514 ], [ 79.9193742, 28.888193 ], [ 79.9186623, 28.8885312 ], [ 79.9173166, 28.8874133 ], [ 79.917279, 28.886059 ], [ 79.9167155, 28.8850769 ], [ 79.9150112, 28.8833832 ], [ 79.9131155, 28.8805834 ], [ 79.9120414, 28.876362 ], [ 79.9110157, 28.8763615 ], [ 79.9107994, 28.8748234 ], [ 79.910008, 28.8749208 ], [ 79.9093298, 28.8724019 ], [ 79.9084454, 28.8727866 ], [ 79.9075535, 28.8725681 ], [ 79.9076226, 28.8722726 ], [ 79.9084375, 28.872225 ], [ 79.9085063, 28.8708829 ], [ 79.9072865, 28.8708899 ], [ 79.9074426, 28.8702809 ], [ 79.9067609, 28.8702946 ], [ 79.9069428, 28.8697577 ], [ 79.9062919, 28.8697105 ], [ 79.9063481, 28.8691939 ], [ 79.9059482, 28.8687158 ], [ 79.9048462, 28.8683372 ], [ 79.9038521, 28.8687163 ], [ 79.9029603, 28.868518 ], [ 79.902658, 28.8688452 ], [ 79.9020634, 28.8686242 ], [ 79.9021964, 28.867661 ], [ 79.9009765, 28.8666418 ], [ 79.9005229, 28.8666215 ], [ 79.8995469, 28.8681465 ], [ 79.8969897, 28.8688147 ], [ 79.8941662, 28.8703128 ], [ 79.8923929, 28.8705973 ], [ 79.8928056, 28.8710393 ], [ 79.8925033, 28.8716913 ], [ 79.8928009, 28.8730356 ], [ 79.8942387, 28.8746865 ], [ 79.8967812, 28.8758703 ], [ 79.8978753, 28.8755566 ], [ 79.8996539, 28.8760052 ], [ 79.9004692, 28.8771824 ], [ 79.9021403, 28.8781363 ], [ 79.9021865, 28.8785963 ], [ 79.9012623, 28.8794536 ], [ 79.9033098, 28.8805073 ], [ 79.9047972, 28.880463 ], [ 79.9050754, 28.8813209 ], [ 79.9038126, 28.8811621 ], [ 79.9020137, 28.8818043 ], [ 79.9020241, 28.8808563 ], [ 79.9016044, 28.8805429 ], [ 79.9006062, 28.8818426 ], [ 79.8994222, 28.882057 ], [ 79.8997684, 28.8830878 ], [ 79.9014394, 28.8833852 ], [ 79.9010321, 28.8837304 ], [ 79.9011502, 28.8848582 ], [ 79.9022423, 28.8858595 ], [ 79.9027629, 28.8870729 ], [ 79.9036394, 28.8869374 ], [ 79.9040111, 28.8874832 ], [ 79.9046646, 28.8872124 ], [ 79.9051031, 28.8877288 ], [ 79.9036735, 28.8895765 ], [ 79.903466, 28.8904156 ], [ 79.9026384, 28.8909774 ], [ 79.9035765, 28.8912727 ], [ 79.9031537, 28.8915615 ], [ 79.9041048, 28.8924748 ], [ 79.9040282, 28.8933613 ], [ 79.9058073, 28.8943895 ], [ 79.9034655, 28.8977036 ], [ 79.9031636, 28.8993525 ], [ 79.9038968, 28.8999049 ], [ 79.9027, 28.9009112 ], [ 79.9010005, 28.9006838 ], [ 79.9005419, 28.9012116 ], [ 79.899491, 28.9016044 ], [ 79.8993015, 28.9024683 ], [ 79.8986735, 28.9029218 ], [ 79.8985867, 28.9043924 ], [ 79.8992174, 28.9045976 ], [ 79.8999795, 28.9078342 ], [ 79.9004743, 28.9078995 ], [ 79.9006587, 28.9073582 ], [ 79.9015508, 28.9076784 ], [ 79.9019225, 28.9073963 ], [ 79.9027634, 28.9076487 ], [ 79.9033938, 28.9073373 ], [ 79.9046809, 28.9078536 ], [ 79.9052319, 28.9075827 ], [ 79.9077801, 28.9078822 ], [ 79.9076136, 28.9083243 ], [ 79.9082888, 28.9112182 ], [ 79.9142046, 28.9093759 ], [ 79.9142045, 28.9090872 ], [ 79.9148172, 28.9089336 ], [ 79.9149301, 28.9092448 ], [ 79.915868, 28.9085048 ], [ 79.9160835, 28.9087619 ], [ 79.9162217, 28.9083671 ], [ 79.9178518, 28.9078433 ], [ 79.9177132, 28.9074011 ], [ 79.9187485, 28.9066136 ], [ 79.9199892, 28.9065748 ], [ 79.9199996, 28.9068726 ], [ 79.9223808, 28.9064838 ], [ 79.9224989, 28.906768 ], [ 79.9238548, 28.9066005 ], [ 79.9241984, 28.9068282 ] ], [ [ 79.9076475, 28.8883278 ], [ 79.90884, 28.8883059 ], [ 79.9090481, 28.8892859 ], [ 79.9077695, 28.8893988 ], [ 79.9076475, 28.8883278 ] ] ] } },
{ "type": "Feature", "properties": { "gp_code": "", "gp_name": "", "blkname": "KHATIMA", "dtname": "Udam Singh Nagar", "SHAPE_Area": 1830727.0435139108 }, "geometry": { "type": "Polygon", "coordinates": [ [ [ 79.9238982, 28.8870215 ], [ 79.9242833, 28.8863615 ], [ 79.9237935, 28.8852553 ], [ 79.9241013, 28.8850918 ], [ 79.9239413, 28.8846686 ], [ 79.9251986, 28.8835773 ], [ 79.9247888, 28.8826291 ], [ 79.92286, 28.8811329 ], [ 79.922456, 28.881223 ], [ 79.9220716, 28.8807657 ], [ 79.9215778, 28.8809856 ], [ 79.9199255, 28.8783157 ], [ 79.9194254, 28.8783719 ], [ 79.9190221, 28.8774689 ], [ 79.9194454, 28.8772603 ], [ 79.9191062, 28.8763686 ], [ 79.9179135, 28.8767065 ], [ 79.9181309, 28.8776377 ], [ 79.9176308, 28.8777334 ], [ 79.917004, 28.8754252 ], [ 79.9165999, 28.875171 ], [ 79.9164875, 28.8746092 ], [ 79.9178862, 28.8733614 ], [ 79.9171413, 28.8691435 ], [ 79.9162266, 28.8693875 ], [ 79.9167805, 28.87024 ], [ 79.9157709, 28.8706576 ], [ 79.9147791, 28.8702992 ], [ 79.9109302, 28.8701131 ], [ 79.9093298, 28.8724019 ], [ 79.9094999, 28.8737987 ], [ 79.910008, 28.8749208 ], [ 79.9107994, 28.8748234 ], [ 79.9110157, 28.8763615 ], [ 79.9120414, 28.876362 ], [ 79.9131155, 28.8805834 ], [ 79.9150112, 28.8833832 ], [ 79.9167155, 28.8850769 ], [ 79.917279, 28.886059 ], [ 79.9173166, 28.8874133 ], [ 79.9186623, 28.8885312 ], [ 79.9193742, 28.888193 ], [ 79.9188813, 28.8869514 ], [ 79.919849, 28.8876459 ], [ 79.9205214, 28.8870477 ], [ 79.9202109, 28.88615 ], [ 79.9213927, 28.886576 ], [ 79.9213474, 28.8855419 ], [ 79.9224118, 28.8853619 ], [ 79.9238982, 28.8870215 ] ] ] } },
{ "type": "Feature", "properties": { "gp_code": "27238", "gp_name": "NAUGABATHAGOO", "blkname": "KHATIMA", "dtname": "Udam Singh Nagar", "SHAPE_Area": 9703376.4085888788 }, "geometry": { "type": "Polygon", "coordinates": [ [ [ 79.9321551, 28.9250054 ], [ 79.944784, 28.9202242 ], [ 79.9496745, 28.9186134 ], [ 79.9498028, 28.9188118 ], [ 79.959501, 28.9152533 ], [ 79.9628255, 28.9145994 ], [ 79.9626279, 28.9143491 ], [ 79.9628867, 28.9142587 ], [ 79.9606748, 28.9116933 ], [ 79.956791, 28.9083866 ], [ 79.9535022, 28.9051225 ], [ 79.9532608, 28.9045272 ], [ 79.9455735, 28.8974827 ], [ 79.9448813, 28.8971898 ], [ 79.93948, 28.9002466 ], [ 79.9377238, 28.8996429 ], [ 79.9366183, 28.8984592 ], [ 79.9343439, 28.8968768 ], [ 79.9339537, 28.8958575 ], [ 79.9341219, 28.8942807 ], [ 79.9329373, 28.8935436 ], [ 79.9318187, 28.8914509 ], [ 79.9322025, 28.8903905 ], [ 79.9318998, 28.8897997 ], [ 79.9320349, 28.8884508 ], [ 79.9314478, 28.8881623 ], [ 79.9314551, 28.8872736 ], [ 79.9284043, 28.8856169 ], [ 79.9270065, 28.8887303 ], [ 79.9274634, 28.8900068 ], [ 79.927251, 28.8905415 ], [ 79.9260108, 28.8912411 ], [ 79.9258189, 28.8920781 ], [ 79.9261091, 28.8929622 ], [ 79.9279567, 28.8923998 ], [ 79.9267278, 28.8951477 ], [ 79.9270381, 28.8953303 ], [ 79.9269357, 28.8957543 ], [ 79.9279099, 28.8961036 ], [ 79.9271078, 28.8964378 ], [ 79.9265238, 28.8972252 ], [ 79.9270854, 28.8978565 ], [ 79.9266039, 28.8984184 ], [ 79.9268427, 28.8993341 ], [ 79.9266431, 28.9001011 ], [ 79.9273689, 28.9007933 ], [ 79.9264642, 28.9011658 ], [ 79.9239132, 28.9054005 ], [ 79.9233366, 28.9055225 ], [ 79.9233188, 28.9061068 ], [ 79.9241905, 28.9063343 ], [ 79.9241984, 28.9068282 ], [ 79.9246832, 28.9072161 ], [ 79.9252263, 28.9066316 ], [ 79.9258134, 28.9066833 ], [ 79.9263112, 28.9078267 ], [ 79.9267265, 28.9078333 ], [ 79.9269856, 28.9082211 ], [ 79.9283313, 28.9081056 ], [ 79.9290903, 28.908509 ], [ 79.92977, 28.9091268 ], [ 79.9294857, 28.9096299 ], [ 79.9306658, 28.9113775 ], [ 79.9306045, 28.9118039 ], [ 79.9309763, 28.9119413 ], [ 79.9309252, 28.9123045 ], [ 79.9319944, 28.9126017 ], [ 79.9322079, 28.9137363 ], [ 79.9316106, 28.9139734 ], [ 79.9309036, 28.9150135 ], [ 79.9303012, 28.914901 ], [ 79.9297707, 28.9151945 ], [ 79.9290269, 28.9146918 ], [ 79.9275607, 28.9149517 ], [ 79.9279055, 28.917435 ], [ 79.9286448, 28.9193159 ], [ 79.9298191, 28.9195545 ], [ 79.9292503, 28.9202427 ], [ 79.9300323, 28.9203687 ], [ 79.9305833, 28.9199873 ], [ 79.9311887, 28.9206254 ], [ 79.9317489, 28.9230454 ], [ 79.9322389, 28.9235707 ], [ 79.9321551, 28.9250054 ] ] ] } },
{ "type": "Feature", "properties": { "gp_code": "27218", "gp_name": "CHARUBETA", "blkname": "KHATIMA", "dtname": "Udam Singh Nagar", "SHAPE_Area": 3677292.0583037417 }, "geometry": { "type": "Polygon", "coordinates": [ [ [ 79.9448813, 28.8971898 ], [ 79.9465508, 28.8947325 ], [ 79.9461914, 28.8939162 ], [ 79.9477774, 28.8931033 ], [ 79.9471049, 28.8918179 ], [ 79.9498257, 28.8902262 ], [ 79.949592, 28.8894955 ], [ 79.9510294, 28.8889737 ], [ 79.9463412, 28.8806349 ], [ 79.9429254, 28.8813111 ], [ 79.9428974, 28.8817127 ], [ 79.9388538, 28.8824883 ], [ 79.9346614, 28.8830226 ], [ 79.933203, 28.8827661 ], [ 79.9316377, 28.8836825 ], [ 79.9297721, 28.8840871 ], [ 79.9288094, 28.8858401 ], [ 79.9314551, 28.8872736 ], [ 79.9314478, 28.8881623 ], [ 79.9320349, 28.8884508 ], [ 79.9318998, 28.8897997 ], [ 79.9322025, 28.8903905 ], [ 79.9318187, 28.8914509 ], [ 79.9329373, 28.8935436 ], [ 79.9341219, 28.8942807 ], [ 79.9339537, 28.8958575 ], [ 79.9343439, 28.8968768 ], [ 79.9366183, 28.8984592 ], [ 79.9377238, 28.8996429 ], [ 79.93948, 28.9002466 ], [ 79.9448813, 28.8971898 ] ] ] } },
{ "type": "Feature", "properties": { "gp_code": "27216", "gp_name": "CHANDA", "blkname": "KHATIMA", "dtname": "Udam Singh Nagar", "SHAPE_Area": 5184487.109386174 }, "geometry": { "type": "Polygon", "coordinates": [ [ [ 79.9621561, 28.880797 ], [ 79.9617169, 28.8795904 ], [ 79.9602786, 28.8788042 ], [ 79.9593475, 28.8776815 ], [ 79.9558521, 28.8780175 ], [ 79.955488, 28.8777674 ], [ 79.956074, 28.8765647 ], [ 79.9557767, 28.8744627 ], [ 79.9567412, 28.8743952 ], [ 79.9568737, 28.8735462 ], [ 79.956571, 28.8731742 ], [ 79.9561943, 28.8732151 ], [ 79.9558909, 28.8718167 ], [ 79.954603, 28.8699182 ], [ 79.9521926, 28.8677001 ], [ 79.9469206, 28.8662143 ], [ 79.9445323, 28.8659923 ], [ 79.944631, 28.8642329 ], [ 79.9436316, 28.8639942 ], [ 79.942476, 28.8642475 ], [ 79.9414993, 28.8634066 ], [ 79.9419981, 28.8621635 ], [ 79.9418026, 28.8609614 ], [ 79.9423912, 28.8598377 ], [ 79.9419423, 28.8590801 ], [ 79.9407943, 28.8589475 ], [ 79.939516, 28.859282 ], [ 79.9347011, 28.8585873 ], [ 79.9343532, 28.8595709 ], [ 79.9345738, 28.8601301 ], [ 79.9338646, 28.8609357 ], [ 79.9341853, 28.8615243 ], [ 79.9367094, 28.8620374 ], [ 79.9367507, 28.8624615 ], [ 79.9362587, 28.8624888 ], [ 79.9372616, 28.8642929 ], [ 79.936329, 28.8643023 ], [ 79.9384299, 28.868075 ], [ 79.9384505, 28.8683231 ], [ 79.9379483, 28.8683504 ], [ 79.9390441, 28.8709055 ], [ 79.9393335, 28.8708332 ], [ 79.9422329, 28.8764912 ], [ 79.9406239, 28.8771168 ], [ 79.9411326, 28.8791805 ], [ 79.9416867, 28.8798456 ], [ 79.9422927, 28.8818348 ], [ 79.9428974, 28.8817127 ], [ 79.9429254, 28.8813111 ], [ 79.9463412, 28.8806349 ], [ 79.9510294, 28.8889737 ], [ 79.9634244, 28.8834059 ], [ 79.9621007, 28.8818797 ], [ 79.9621561, 28.880797 ] ] ] } },
{ "type": "Feature", "properties": { "gp_code": "27210", "gp_name": "BARI ANJANIYA", "blkname": "KHATIMA", "dtname": "Udam Singh Nagar", "SHAPE_Area": 6750717.3886907976 }, "geometry": { "type": "Polygon", "coordinates": [ [ [ 79.9270066, 28.8890348 ], [ 79.9279488, 28.8871082 ], [ 79.9281891, 28.8857253 ], [ 79.9287426, 28.8856033 ], [ 79.9299539, 28.8839877 ], [ 79.9316377, 28.8836825 ], [ 79.933203, 28.8827661 ], [ 79.9346614, 28.8830226 ], [ 79.9422927, 28.8818348 ], [ 79.9416867, 28.8798456 ], [ 79.9411326, 28.8791805 ], [ 79.9406239, 28.8771168 ], [ 79.9422329, 28.8764912 ], [ 79.9393335, 28.8708332 ], [ 79.9390441, 28.8709055 ], [ 79.9379483, 28.8683504 ], [ 79.9384505, 28.8683231 ], [ 79.9384299, 28.868075 ], [ 79.936329, 28.8643023 ], [ 79.9372616, 28.8642929 ], [ 79.9362587, 28.8624888 ], [ 79.9367507, 28.8624615 ], [ 79.9367094, 28.8620374 ], [ 79.9341853, 28.8615243 ], [ 79.9338646, 28.8609357 ], [ 79.9345738, 28.8601301 ], [ 79.9343532, 28.8595709 ], [ 79.9347011, 28.8585873 ], [ 79.9331559, 28.8583534 ], [ 79.9322801, 28.8593033 ], [ 79.9274917, 28.8649783 ], [ 79.9266373, 28.8679877 ], [ 79.9219808, 28.8668322 ], [ 79.9217151, 28.8629571 ], [ 79.9226757, 28.8623409 ], [ 79.9198881, 28.8629668 ], [ 79.919706, 28.8625067 ], [ 79.9182919, 28.8632673 ], [ 79.9178714, 28.8624283 ], [ 79.9148894, 28.8639157 ], [ 79.914174, 28.8625265 ], [ 79.9128777, 28.8632622 ], [ 79.9124036, 28.8629713 ], [ 79.9116196, 28.8632941 ], [ 79.9114503, 28.8629287 ], [ 79.9106511, 28.8635334 ], [ 79.9127287, 28.8693457 ], [ 79.9128317, 28.8703539 ], [ 79.9147791, 28.8702992 ], [ 79.9157709, 28.8706576 ], [ 79.9167805, 28.87024 ], [ 79.9162266, 28.8693875 ], [ 79.9171413, 28.8691435 ], [ 79.9178862, 28.8733614 ], [ 79.9164875, 28.8746092 ], [ 79.9165999, 28.875171 ], [ 79.917004, 28.8754252 ], [ 79.9174643, 28.8774399 ], [ 79.9176308, 28.8777334 ], [ 79.9181309, 28.8776377 ], [ 79.9179135, 28.8767065 ], [ 79.9191062, 28.8763686 ], [ 79.9194454, 28.8772603 ], [ 79.9190221, 28.8774689 ], [ 79.9194254, 28.8783719 ], [ 79.9199255, 28.8783157 ], [ 79.9215778, 28.8809856 ], [ 79.9220716, 28.8807657 ], [ 79.922456, 28.881223 ], [ 79.92286, 28.8811329 ], [ 79.9247888, 28.8826291 ], [ 79.9251986, 28.8835773 ], [ 79.9239413, 28.8846686 ], [ 79.9241013, 28.8850918 ], [ 79.9237935, 28.8852553 ], [ 79.9242833, 28.8863615 ], [ 79.9239713, 28.8873149 ], [ 79.9254736, 28.8881873 ], [ 79.9259405, 28.888963 ], [ 79.9270066, 28.8890348 ] ] ] } },
{ "type": "Feature", "properties": { "gp_code": "27241", "gp_name": "PACHPEDA", "blkname": "KHATIMA", "dtname": "Udam Singh Nagar", "SHAPE_Area": 3312707.8612469393 }, "geometry": { "type": "Polygon", "coordinates": [ [ [ 79.9074637, 28.8479523 ], [ 79.9104556, 28.8464312 ], [ 79.9116494, 28.8461738 ], [ 79.9128787, 28.8450659 ], [ 79.9193772, 28.8426052 ], [ 79.9188328, 28.8397115 ], [ 79.9182052, 28.8396507 ], [ 79.9180769, 28.8392944 ], [ 79.9177602, 28.8351644 ], [ 79.9188408, 28.8342189 ], [ 79.9187995, 28.8335671 ], [ 79.9222422, 28.8332388 ], [ 79.9199127, 28.8311329 ], [ 79.9182955, 28.8290897 ], [ 79.9161208, 28.8290476 ], [ 79.9160131, 28.8287431 ], [ 79.9153728, 28.828899 ], [ 79.9155138, 28.8291831 ], [ 79.9151629, 28.8293501 ], [ 79.9144736, 28.8287323 ], [ 79.9137795, 28.8286535 ], [ 79.912043, 28.8295044 ], [ 79.9119766, 28.8299443 ], [ 79.9109547, 28.8303754 ], [ 79.9109215, 28.830698 ], [ 79.9091311, 28.831109 ], [ 79.9086066, 28.8328256 ], [ 79.9081943, 28.8332543 ], [ 79.9073848, 28.8332838 ], [ 79.9071412, 28.8326727 ], [ 79.9064446, 28.8328871 ], [ 79.9066421, 28.8338434 ], [ 79.9063247, 28.8343826 ], [ 79.9039192, 28.8342997 ], [ 79.9016499, 28.8353084 ], [ 79.8997798, 28.8352547 ], [ 79.8995058, 28.8356901 ], [ 79.9074637, 28.8479523 ] ] ] } },
{ "type": "Feature", "properties": { "gp_code": "259976", "gp_name": "Haldi", "blkname": "KHATIMA", "dtname": "Udam Singh Nagar", "SHAPE_Area": 5796987.8383074282 }, "geometry": { "type": "Polygon", "coordinates": [ [ [ 79.9014843, 28.838904 ], [ 79.8995058, 28.8356901 ], [ 79.8997798, 28.8352547 ], [ 79.9016499, 28.8353084 ], [ 79.9039192, 28.8342997 ], [ 79.9063247, 28.8343826 ], [ 79.9066421, 28.8338434 ], [ 79.9064446, 28.8328871 ], [ 79.9071412, 28.8326727 ], [ 79.9073848, 28.8332838 ], [ 79.9081943, 28.8332543 ], [ 79.9086066, 28.8328256 ], [ 79.9091311, 28.831109 ], [ 79.9109215, 28.830698 ], [ 79.9109547, 28.8303754 ], [ 79.9119766, 28.8299443 ], [ 79.912043, 28.8295044 ], [ 79.9137795, 28.8286535 ], [ 79.9144736, 28.8287323 ], [ 79.9151629, 28.8293501 ], [ 79.9155138, 28.8291831 ], [ 79.9153728, 28.828899 ], [ 79.9160131, 28.8287431 ], [ 79.9161208, 28.8290476 ], [ 79.9177039, 28.82909 ], [ 79.9175548, 28.8278381 ], [ 79.9163043, 28.826731 ], [ 79.9152278, 28.8250531 ], [ 79.9155143, 28.8240402 ], [ 79.9164998, 28.8225873 ], [ 79.9163328, 28.8212091 ], [ 79.9167089, 28.8201331 ], [ 79.9166547, 28.8190842 ], [ 79.9152789, 28.8180786 ], [ 79.9166379, 28.8155 ], [ 79.9183841, 28.8142972 ], [ 79.9187065, 28.8136407 ], [ 79.9175917, 28.8117936 ], [ 79.9163673, 28.811291 ], [ 79.9148864, 28.8097238 ], [ 79.9152241, 28.8089635 ], [ 79.9169906, 28.8073164 ], [ 79.9168183, 28.8057329 ], [ 79.9153735, 28.8045153 ], [ 79.9136147, 28.8060767 ], [ 79.913149, 28.8070671 ], [ 79.9116997, 28.8078593 ], [ 79.9107759, 28.8098986 ], [ 79.9106383, 28.8119153 ], [ 79.9109384, 28.8129054 ], [ 79.9119811, 28.8140848 ], [ 79.914526, 28.8184848 ], [ 79.9073778, 28.8192267 ], [ 79.9008518, 28.8194852 ], [ 79.8940671, 28.8204044 ], [ 79.8940371, 28.8237947 ], [ 79.8919908, 28.8256108 ], [ 79.8939053, 28.8314571 ], [ 79.891769, 28.8321905 ], [ 79.8890463, 28.834045 ], [ 79.8885597, 28.8346044 ], [ 79.8888493, 28.8355992 ], [ 79.8897485, 28.8365126 ], [ 79.8901891, 28.8361245 ], [ 79.8901095, 28.835008 ], [ 79.8914955, 28.835547 ], [ 79.8942056, 28.8347955 ], [ 79.8945208, 28.8356818 ], [ 79.8953894, 28.8362524 ], [ 79.8944444, 28.8382173 ], [ 79.8948828, 28.8391578 ], [ 79.8968116, 28.8386612 ], [ 79.8979029, 28.8387422 ], [ 79.8988561, 28.8396308 ], [ 79.9014843, 28.838904 ] ] ] } },
{ "type": "Feature", "properties": { "gp_code": "27225", "gp_name": "JAMOUR", "blkname": "KHATIMA", "dtname": "Udam Singh Nagar", "SHAPE_Area": 5612051.977722045 }, "geometry": { "type": "Polygon", "coordinates": [ [ [ 79.9226757, 28.8623409 ], [ 79.9261124, 28.8584104 ], [ 79.9254548, 28.8550294 ], [ 79.9233595, 28.8504805 ], [ 79.9245184, 28.8472049 ], [ 79.9270733, 28.8482912 ], [ 79.9295056, 28.8453714 ], [ 79.9322517, 28.8447748 ], [ 79.9335373, 28.8441404 ], [ 79.9328939, 28.843252 ], [ 79.9320381, 28.8429568 ], [ 79.93, 28.8404991 ], [ 79.9288398, 28.8408852 ], [ 79.9222422, 28.8332388 ], [ 79.9187995, 28.8335671 ], [ 79.9188408, 28.8342189 ], [ 79.9177602, 28.8351644 ], [ 79.9180769, 28.8392944 ], [ 79.9182052, 28.8396507 ], [ 79.9188328, 28.8397115 ], [ 79.9193772, 28.8426052 ], [ 79.9128787, 28.8450659 ], [ 79.9116494, 28.8461738 ], [ 79.9104556, 28.8464312 ], [ 79.9083141, 28.8475822 ], [ 79.9113415, 28.8522167 ], [ 79.9115774, 28.8527084 ], [ 79.910896, 28.8530672 ], [ 79.9115061, 28.8541543 ], [ 79.9096925, 28.8550389 ], [ 79.9103897, 28.855914 ], [ 79.9101081, 28.8564464 ], [ 79.9095829, 28.8566609 ], [ 79.9090522, 28.8559233 ], [ 79.9070591, 28.8568803 ], [ 79.9079541, 28.8590003 ], [ 79.9073392, 28.8592463 ], [ 79.9075135, 28.8596659 ], [ 79.9100103, 28.8626607 ], [ 79.9097695, 28.8629359 ], [ 79.9103334, 28.8634365 ], [ 79.9106254, 28.8633124 ], [ 79.9106511, 28.8635334 ], [ 79.9114503, 28.8629287 ], [ 79.9116196, 28.8632941 ], [ 79.9124036, 28.8629713 ], [ 79.9128777, 28.8632622 ], [ 79.914174, 28.8625265 ], [ 79.9148894, 28.8639157 ], [ 79.9178714, 28.8624283 ], [ 79.9182919, 28.8632673 ], [ 79.919706, 28.8625067 ], [ 79.9198881, 28.8629668 ], [ 79.9226757, 28.8623409 ] ] ] } },
{ "type": "Feature", "properties": { "gp_code": "27208", "gp_name": "BANDIYA", "blkname": "KHATIMA", "dtname": "Udam Singh Nagar", "SHAPE_Area": 11587855.584994242 }, "geometry": { "type": "Polygon", "coordinates": [ [ [ 79.9093298, 28.8724019 ], [ 79.9109302, 28.8701131 ], [ 79.9128317, 28.8703539 ], [ 79.9128393, 28.870081 ], [ 79.9106254, 28.8633124 ], [ 79.9103334, 28.8634365 ], [ 79.9097695, 28.8629359 ], [ 79.9100103, 28.8626607 ], [ 79.9075135, 28.8596659 ], [ 79.9073392, 28.8592463 ], [ 79.9079541, 28.8590003 ], [ 79.9070591, 28.8568803 ], [ 79.9090522, 28.8559233 ], [ 79.9095829, 28.8566609 ], [ 79.9104359, 28.8562433 ], [ 79.9096925, 28.8550389 ], [ 79.9115061, 28.8541543 ], [ 79.910896, 28.8530672 ], [ 79.9115774, 28.8527084 ], [ 79.9083141, 28.8475822 ], [ 79.9074637, 28.8479523 ], [ 79.9014843, 28.838904 ], [ 79.8988561, 28.8396308 ], [ 79.8979029, 28.8387422 ], [ 79.8968116, 28.8386612 ], [ 79.8948828, 28.8391578 ], [ 79.8948752, 28.8400374 ], [ 79.8942988, 28.8401458 ], [ 79.8937917, 28.8409332 ], [ 79.8916015, 28.8412538 ], [ 79.8909559, 28.8417997 ], [ 79.8907794, 28.8435681 ], [ 79.8904798, 28.8438388 ], [ 79.8898213, 28.8430201 ], [ 79.8898646, 28.8416171 ], [ 79.8883711, 28.8414548 ], [ 79.8874849, 28.8440963 ], [ 79.8863323, 28.8452671 ], [ 79.8832887, 28.8457456 ], [ 79.8781137, 28.8458022 ], [ 79.8743272, 28.8483737 ], [ 79.8714712, 28.8488908 ], [ 79.8700805, 28.8497441 ], [ 79.8708419, 28.8504317 ], [ 79.8695361, 28.8520879 ], [ 79.8699287, 28.8531998 ], [ 79.8704003, 28.8534048 ], [ 79.870666, 28.8519656 ], [ 79.8729696, 28.8525127 ], [ 79.8744552, 28.8553233 ], [ 79.8751496, 28.8555195 ], [ 79.8774068, 28.8550142 ], [ 79.8777911, 28.855206 ], [ 79.8778297, 28.8559661 ], [ 79.8794797, 28.8562277 ], [ 79.879677, 28.8565367 ], [ 79.8790622, 28.8573939 ], [ 79.8796591, 28.8580029 ], [ 79.8786189, 28.8588714 ], [ 79.8792544, 28.860042 ], [ 79.8788266, 28.860933 ], [ 79.8789188, 28.8618352 ], [ 79.8793903, 28.8620473 ], [ 79.8803895, 28.8610164 ], [ 79.8807534, 28.8615803 ], [ 79.8806356, 28.8627014 ], [ 79.8809585, 28.8629021 ], [ 79.8819219, 28.8618689 ], [ 79.8829237, 28.8617358 ], [ 79.8839616, 28.8631455 ], [ 79.8848533, 28.8637094 ], [ 79.8845613, 28.8643161 ], [ 79.8847407, 28.8645959 ], [ 79.8864677, 28.8643814 ], [ 79.8873595, 28.8646001 ], [ 79.8875081, 28.8649001 ], [ 79.8871186, 28.8651911 ], [ 79.8855376, 28.8651349 ], [ 79.8853635, 28.865665 ], [ 79.8856556, 28.866583 ], [ 79.8873366, 28.8667317 ], [ 79.8882618, 28.867803 ], [ 79.8885025, 28.8668782 ], [ 79.8894763, 28.8668352 ], [ 79.890668, 28.867893 ], [ 79.8906017, 28.8696862 ], [ 79.8913449, 28.8701914 ], [ 79.8923929, 28.8705973 ], [ 79.8941662, 28.8703128 ], [ 79.8969897, 28.8688147 ], [ 79.8995469, 28.8681465 ], [ 79.9002411, 28.8667659 ], [ 79.9009765, 28.8666418 ], [ 79.9021964, 28.867661 ], [ 79.9019533, 28.8685702 ], [ 79.902658, 28.8688452 ], [ 79.9029603, 28.868518 ], [ 79.9038521, 28.8687163 ], [ 79.9048462, 28.8683372 ], [ 79.9056509, 28.8685783 ], [ 79.9063481, 28.8691939 ], [ 79.9062919, 28.8697105 ], [ 79.9069428, 28.8697577 ], [ 79.9067609, 28.8702946 ], [ 79.9074426, 28.8702809 ], [ 79.9072865, 28.8708899 ], [ 79.9084063, 28.8707521 ], [ 79.9084913, 28.872128 ], [ 79.9075381, 28.872329 ], [ 79.907733, 28.8727282 ], [ 79.9093298, 28.8724019 ] ] ] } },
{ "type": "Feature", "properties": { "gp_code": "27224", "gp_name": "JADOPUR", "blkname": "KHATIMA", "dtname": "Udam Singh Nagar", "SHAPE_Area": 6298623.395563595 }, "geometry": { "type": "Polygon", "coordinates": [ [ [ 79.8650229, 28.869262 ], [ 79.8663369, 28.8683005 ], [ 79.8662188, 28.8678652 ], [ 79.8657985, 28.8678902 ], [ 79.8654266, 28.8671031 ], [ 79.8645939, 28.8673719 ], [ 79.864317, 28.8670021 ], [ 79.8633485, 28.8673228 ], [ 79.8629481, 28.8657981 ], [ 79.8654077, 28.8651362 ], [ 79.8643943, 28.8628043 ], [ 79.8655242, 28.8624903 ], [ 79.8653263, 28.8615746 ], [ 79.8675269, 28.8606241 ], [ 79.8670679, 28.8599386 ], [ 79.8674315, 28.8593429 ], [ 79.8670006, 28.8587273 ], [ 79.8705664, 28.857183 ], [ 79.8722028, 28.860065 ], [ 79.8741786, 28.8597173 ], [ 79.8741375, 28.8591399 ], [ 79.8745168, 28.8590564 ], [ 79.8744425, 28.8583865 ], [ 79.8770405, 28.8574955 ], [ 79.877681, 28.8558015 ], [ 79.8777911, 28.855206 ], [ 79.8774068, 28.8550142 ], [ 79.8751496, 28.8555195 ], [ 79.8744552, 28.8553233 ], [ 79.8729696, 28.8525127 ], [ 79.870666, 28.8519656 ], [ 79.8702312, 28.8534455 ], [ 79.8695361, 28.8520879 ], [ 79.8708419, 28.8504317 ], [ 79.8700805, 28.8497441 ], [ 79.8714712, 28.8488908 ], [ 79.8743272, 28.8483737 ], [ 79.8781137, 28.8458022 ], [ 79.8832887, 28.8457456 ], [ 79.8863323, 28.8452671 ], [ 79.8874849, 28.8440963 ], [ 79.8883711, 28.8414548 ], [ 79.8898646, 28.8416171 ], [ 79.8898213, 28.8430201 ], [ 79.8904798, 28.8438388 ], [ 79.8907794, 28.8435681 ], [ 79.8907742, 28.8422373 ], [ 79.8913274, 28.8414523 ], [ 79.8935561, 28.841064 ], [ 79.8942988, 28.8401458 ], [ 79.8948752, 28.8400374 ], [ 79.8948828, 28.8391578 ], [ 79.8944444, 28.8382173 ], [ 79.8953894, 28.8362524 ], [ 79.8945208, 28.8356818 ], [ 79.8943517, 28.8349015 ], [ 79.8925149, 28.8350867 ], [ 79.8914955, 28.835547 ], [ 79.890381, 28.8349381 ], [ 79.8899995, 28.8351163 ], [ 79.8899944, 28.8364382 ], [ 79.8895667, 28.8365013 ], [ 79.8888493, 28.8355992 ], [ 79.8881858, 28.8359082 ], [ 79.8880886, 28.8366187 ], [ 79.8829678, 28.8372531 ], [ 79.8816997, 28.8365538 ], [ 79.8815844, 28.8359291 ], [ 79.8819046, 28.8354757 ], [ 79.883316, 28.8353831 ], [ 79.8833953, 28.8339824 ], [ 79.8828651, 28.8336959 ], [ 79.8812872, 28.8343637 ], [ 79.8785744, 28.8335608 ], [ 79.8796143, 28.8324103 ], [ 79.8795067, 28.8321126 ], [ 79.8783488, 28.83186 ], [ 79.8783821, 28.8313592 ], [ 79.8791122, 28.8308539 ], [ 79.8788585, 28.830369 ], [ 79.8777392, 28.8306217 ], [ 79.8774216, 28.8322819 ], [ 79.8757284, 28.8331074 ], [ 79.8746192, 28.8325209 ], [ 79.8739531, 28.83253 ], [ 79.8729804, 28.8315893 ], [ 79.8725577, 28.8315602 ], [ 79.8727094, 28.8325233 ], [ 79.8743528, 28.8342421 ], [ 79.874007, 28.8348917 ], [ 79.8731159, 28.8355074 ], [ 79.8734562, 28.8364728 ], [ 79.8743015, 28.8360646 ], [ 79.8746089, 28.8363421 ], [ 79.874153, 28.8381533 ], [ 79.8734844, 28.8387691 ], [ 79.8717958, 28.8385214 ], [ 79.8716407, 28.840475 ], [ 79.8704831, 28.8411025 ], [ 79.8706346, 28.8417431 ], [ 79.870235, 28.8418447 ], [ 79.8705992, 28.8427311 ], [ 79.869247, 28.8432594 ], [ 79.8694599, 28.8438548 ], [ 79.868269, 28.8445636 ], [ 79.8679433, 28.8439773 ], [ 79.8668549, 28.8447695 ], [ 79.8658661, 28.8449052 ], [ 79.865951, 28.8455819 ], [ 79.8644168, 28.8461599 ], [ 79.8649475, 28.8472108 ], [ 79.8643766, 28.8479555 ], [ 79.8646434, 28.8486771 ], [ 79.8640389, 28.8488736 ], [ 79.8651153, 28.8494596 ], [ 79.8650412, 28.8499559 ], [ 79.865582, 28.8503911 ], [ 79.8650697, 28.8507047 ], [ 79.8651572, 28.8514017 ], [ 79.864814, 28.8515462 ], [ 79.865032, 28.8521732 ], [ 79.8641484, 28.8525795 ], [ 79.8643436, 28.8536419 ], [ 79.8637186, 28.8540098 ], [ 79.8642064, 28.8559788 ], [ 79.8636607, 28.856067 ], [ 79.8638765, 28.8571767 ], [ 79.862588, 28.8577997 ], [ 79.8625218, 28.8586569 ], [ 79.8620094, 28.8586932 ], [ 79.8620711, 28.8590653 ], [ 79.8614384, 28.859449 ], [ 79.8617819, 28.8599091 ], [ 79.8610007, 28.8605003 ], [ 79.8610931, 28.8608296 ], [ 79.8596199, 28.8610128 ], [ 79.8591485, 28.8611754 ], [ 79.8591358, 28.861516 ], [ 79.8587003, 28.8614936 ], [ 79.8588081, 28.8619402 ], [ 79.8574017, 28.8627504 ], [ 79.8572303, 28.8635219 ], [ 79.8567948, 28.8636258 ], [ 79.8570513, 28.8643047 ], [ 79.8548585, 28.8657671 ], [ 79.8556864, 28.8663104 ], [ 79.8568738, 28.8686424 ], [ 79.8585551, 28.8692531 ], [ 79.859063, 28.8704123 ], [ 79.8607578, 28.8726537 ], [ 79.8631971, 28.8719649 ], [ 79.8628532, 28.8710628 ], [ 79.8653128, 28.8700762 ], [ 79.8650229, 28.869262 ] ] ] } },
{ "type": "Feature", "properties": { "gp_code": "27240", "gp_name": "NAUSAR", "blkname": "KHATIMA", "dtname": "Udam Singh Nagar", "SHAPE_Area": 9206260.6410703473 }, "geometry": { "type": "Polygon", "coordinates": [ [ [ 79.8816905, 28.8880839 ], [ 79.8827414, 28.8880162 ], [ 79.8859423, 28.8869265 ], [ 79.8869497, 28.8872761 ], [ 79.8877032, 28.888167 ], [ 79.8880312, 28.8871271 ], [ 79.8895124, 28.8864367 ], [ 79.8905297, 28.8853923 ], [ 79.890017, 28.8840908 ], [ 79.8903783, 28.8833869 ], [ 79.8906447, 28.8832719 ], [ 79.8912573, 28.8838651 ], [ 79.8917315, 28.8837726 ], [ 79.8909085, 28.8821238 ], [ 79.8917107, 28.8816996 ], [ 79.8919669, 28.8811447 ], [ 79.8909903, 28.8802245 ], [ 79.8917051, 28.8793673 ], [ 79.891587, 28.8776891 ], [ 79.8923889, 28.8765138 ], [ 79.8914458, 28.8759568 ], [ 79.8918221, 28.8738026 ], [ 79.8901149, 28.8709743 ], [ 79.8906017, 28.8696862 ], [ 79.890668, 28.867893 ], [ 79.8892354, 28.8667202 ], [ 79.8885025, 28.8668782 ], [ 79.8882618, 28.867803 ], [ 79.8873366, 28.8667317 ], [ 79.8856556, 28.866583 ], [ 79.8853635, 28.865665 ], [ 79.8855376, 28.8651349 ], [ 79.8871186, 28.8651911 ], [ 79.887508, 28.864749 ], [ 79.8864677, 28.8643814 ], [ 79.8847407, 28.8645959 ], [ 79.8845613, 28.8643161 ], [ 79.8848533, 28.8637094 ], [ 79.8839616, 28.8631455 ], [ 79.8829237, 28.8617358 ], [ 79.8819219, 28.8618689 ], [ 79.8809585, 28.8629021 ], [ 79.8806356, 28.8627014 ], [ 79.8807534, 28.8615803 ], [ 79.8803895, 28.8610164 ], [ 79.8793903, 28.8620473 ], [ 79.8789188, 28.8618352 ], [ 79.8788266, 28.860933 ], [ 79.8792544, 28.860042 ], [ 79.8786189, 28.8588714 ], [ 79.8796591, 28.8580029 ], [ 79.8790622, 28.8573939 ], [ 79.879677, 28.8565367 ], [ 79.8794797, 28.8562277 ], [ 79.877681, 28.8558015 ], [ 79.8770405, 28.8574955 ], [ 79.8744425, 28.8583865 ], [ 79.8745168, 28.8590564 ], [ 79.8741375, 28.8591399 ], [ 79.8741786, 28.8597173 ], [ 79.8734317, 28.8596809 ], [ 79.8728561, 28.8600218 ], [ 79.8722028, 28.860065 ], [ 79.8705664, 28.857183 ], [ 79.8698132, 28.857375 ], [ 79.8670006, 28.8587273 ], [ 79.8674315, 28.8593429 ], [ 79.8670679, 28.8599386 ], [ 79.8675269, 28.8606241 ], [ 79.8653263, 28.8615746 ], [ 79.8655242, 28.8624903 ], [ 79.8643943, 28.8628043 ], [ 79.8654077, 28.8651362 ], [ 79.8629481, 28.8657981 ], [ 79.8633485, 28.8673228 ], [ 79.864317, 28.8670021 ], [ 79.8645939, 28.8673719 ], [ 79.8654266, 28.8671031 ], [ 79.8663369, 28.8683005 ], [ 79.8650229, 28.869262 ], [ 79.8653128, 28.8700762 ], [ 79.8628532, 28.8710628 ], [ 79.8650144, 28.8767628 ], [ 79.8635201, 28.8787747 ], [ 79.8645989, 28.8800943 ], [ 79.8674743, 28.8796231 ], [ 79.8680816, 28.8810735 ], [ 79.8673999, 28.8814276 ], [ 79.8680354, 28.8830156 ], [ 79.8698217, 28.8828781 ], [ 79.8696115, 28.8823097 ], [ 79.8702445, 28.8822217 ], [ 79.8734532, 28.8864917 ], [ 79.8752344, 28.8878383 ], [ 79.8760956, 28.8881653 ], [ 79.8783382, 28.8874097 ], [ 79.8816905, 28.8880839 ] ] ] } },
{ "type": "Feature", "properties": { "gp_code": "27233", "gp_name": "MOHMADPUR BHUDIYA", "blkname": "KHATIMA", "dtname": "Udam Singh Nagar", "SHAPE_Area": 5844674.6522036195 }, "geometry": { "type": "Polygon", "coordinates": [ [ [ 79.8595061, 28.8843097 ], [ 79.8650144, 28.8767628 ], [ 79.8637435, 28.8731331 ], [ 79.8631971, 28.8719649 ], [ 79.8610397, 28.8726672 ], [ 79.8606118, 28.8725591 ], [ 79.8585551, 28.8692531 ], [ 79.8568738, 28.8686424 ], [ 79.8556864, 28.8663104 ], [ 79.8548585, 28.8657671 ], [ 79.8548696, 28.8676054 ], [ 79.8541551, 28.8688305 ], [ 79.8515805, 28.8709154 ], [ 79.8497842, 28.8708077 ], [ 79.8483511, 28.8689787 ], [ 79.8480609, 28.8670255 ], [ 79.8482961, 28.8656292 ], [ 79.8504831, 28.8620894 ], [ 79.8495087, 28.8599987 ], [ 79.8492373, 28.8605582 ], [ 79.8457741, 28.8635388 ], [ 79.8461872, 28.8655621 ], [ 79.8458982, 28.8671275 ], [ 79.8466725, 28.8685755 ], [ 79.8457584, 28.8705403 ], [ 79.8462458, 28.8720357 ], [ 79.8456518, 28.8738652 ], [ 79.8441038, 28.875537 ], [ 79.843224, 28.8758801 ], [ 79.8410091, 28.8760213 ], [ 79.8387625, 28.8755317 ], [ 79.8375824, 28.8748594 ], [ 79.8353786, 28.8748869 ], [ 79.8348838, 28.8741606 ], [ 79.8348606, 28.8734411 ], [ 79.8357188, 28.8722635 ], [ 79.8357263, 28.871429 ], [ 79.8350163, 28.8707298 ], [ 79.833466, 28.870597 ], [ 79.8321592, 28.8714092 ], [ 79.8319418, 28.8732882 ], [ 79.8308128, 28.8750221 ], [ 79.8289472, 28.8768051 ], [ 79.8282777, 28.8782846 ], [ 79.8294965, 28.8807932 ], [ 79.8288346, 28.8820742 ], [ 79.829295, 28.884454 ], [ 79.8360693, 28.882602 ], [ 79.831798, 28.8866474 ], [ 79.842076, 28.8843855 ], [ 79.8468509, 28.8830152 ], [ 79.849258, 28.8807736 ], [ 79.8569691, 28.8829898 ], [ 79.8595061, 28.8843097 ] ] ] } },
{ "type": "Feature", "properties": { "gp_code": "27255", "gp_name": "ULLANI", "blkname": "KHATIMA", "dtname": "Udam Singh Nagar", "SHAPE_Area": 13886279.30560872 }, "geometry": { "type": "Polygon", "coordinates": [ [ [ 79.8588081, 28.8619402 ], [ 79.8587003, 28.8614936 ], [ 79.8591358, 28.861516 ], [ 79.8591485, 28.8611754 ], [ 79.8610931, 28.8608296 ], [ 79.8610007, 28.8605003 ], [ 79.8617819, 28.8599091 ], [ 79.8614384, 28.859449 ], [ 79.8620711, 28.8590653 ], [ 79.8620094, 28.8586932 ], [ 79.8625218, 28.8586569 ], [ 79.862588, 28.8577997 ], [ 79.8638765, 28.8571767 ], [ 79.8636607, 28.856067 ], [ 79.8642064, 28.8559788 ], [ 79.8637186, 28.8540098 ], [ 79.8643436, 28.8536419 ], [ 79.8641484, 28.8525795 ], [ 79.865032, 28.8521732 ], [ 79.864814, 28.8515462 ], [ 79.8651572, 28.8514017 ], [ 79.8650697, 28.8507047 ], [ 79.865582, 28.8503911 ], [ 79.8650412, 28.8499559 ], [ 79.8651153, 28.8494596 ], [ 79.8640389, 28.8488736 ], [ 79.8646434, 28.8486771 ], [ 79.8643766, 28.8479555 ], [ 79.8649475, 28.8472108 ], [ 79.8644168, 28.8461599 ], [ 79.865951, 28.8455819 ], [ 79.8658661, 28.8449052 ], [ 79.8668549, 28.8447695 ], [ 79.8679433, 28.8439773 ], [ 79.868269, 28.8445636 ], [ 79.8694599, 28.8438548 ], [ 79.869247, 28.8432594 ], [ 79.8705992, 28.8427311 ], [ 79.870235, 28.8418447 ], [ 79.8706346, 28.8417431 ], [ 79.8704831, 28.8411025 ], [ 79.8715229, 28.8406802 ], [ 79.8717583, 28.8400418 ], [ 79.8712025, 28.8402203 ], [ 79.8705669, 28.8398438 ], [ 79.8702459, 28.83845 ], [ 79.8686472, 28.8381845 ], [ 79.8681351, 28.8384735 ], [ 79.8675746, 28.8394616 ], [ 79.8671878, 28.839543 ], [ 79.8660425, 28.8392209 ], [ 79.8653067, 28.8379129 ], [ 79.8646968, 28.8377688 ], [ 79.8638056, 28.838306 ], [ 79.8638578, 28.8402819 ], [ 79.8631892, 28.8402168 ], [ 79.8631548, 28.8380355 ], [ 79.8626599, 28.8370613 ], [ 79.8588774, 28.8337987 ], [ 79.8603169, 28.8334666 ], [ 79.8606138, 28.833038 ], [ 79.8604062, 28.8327696 ], [ 79.858987, 28.8326167 ], [ 79.8587075, 28.8321634 ], [ 79.8589789, 28.8316604 ], [ 79.8613199, 28.8310437 ], [ 79.8614196, 28.8305272 ], [ 79.8602155, 28.8302457 ], [ 79.8580974, 28.8308103 ], [ 79.8577181, 28.8306412 ], [ 79.8571822, 28.829394 ], [ 79.8561676, 28.828729 ], [ 79.85545, 28.8277412 ], [ 79.8538667, 28.8269906 ], [ 79.8527039, 28.8272797 ], [ 79.8520793, 28.8284573 ], [ 79.8515927, 28.8286898 ], [ 79.8507011, 28.8282547 ], [ 79.8506189, 28.8274607 ], [ 79.8511462, 28.8266169 ], [ 79.8531083, 28.8263254 ], [ 79.8539226, 28.8258424 ], [ 79.8542605, 28.8252987 ], [ 79.8540704, 28.8241146 ], [ 79.8504358, 28.824039 ], [ 79.8486304, 28.8251538 ], [ 79.8474825, 28.8240082 ], [ 79.8457255, 28.8242794 ], [ 79.8456207, 28.8248478 ], [ 79.8464842, 28.8261739 ], [ 79.846172, 28.8269206 ], [ 79.8452216, 28.8265802 ], [ 79.8447141, 28.8254819 ], [ 79.8431901, 28.825595 ], [ 79.8382329, 28.8323563 ], [ 79.8369007, 28.83177 ], [ 79.8371724, 28.8323497 ], [ 79.8368369, 28.832961 ], [ 79.8350795, 28.8322959 ], [ 79.8333732, 28.8308571 ], [ 79.8313112, 28.8307604 ], [ 79.8306349, 28.8311439 ], [ 79.829275, 28.8327682 ], [ 79.8286813, 28.8356849 ], [ 79.8278975, 28.8369549 ], [ 79.827206, 28.8374309 ], [ 79.8247391, 28.8379748 ], [ 79.8239399, 28.8387169 ], [ 79.8238913, 28.8393891 ], [ 79.8272732, 28.8416715 ], [ 79.828864, 28.8411705 ], [ 79.829942, 28.8384095 ], [ 79.8308744, 28.83778 ], [ 79.8340152, 28.838269 ], [ 79.8363262, 28.8393423 ], [ 79.8368694, 28.8402693 ], [ 79.8366598, 28.8424054 ], [ 79.836076, 28.8432424 ], [ 79.8326793, 28.8453295 ], [ 79.8322749, 28.8469897 ], [ 79.8323238, 28.8483182 ], [ 79.8317221, 28.8500439 ], [ 79.8297754, 28.8532359 ], [ 79.8301061, 28.8542711 ], [ 79.8311928, 28.8556289 ], [ 79.8318949, 28.8557461 ], [ 79.8328837, 28.8553174 ], [ 79.8361241, 28.8521657 ], [ 79.8361803, 28.8510401 ], [ 79.8380037, 28.8483195 ], [ 79.8399071, 28.8476763 ], [ 79.8413676, 28.8480459 ], [ 79.8453422, 28.8511126 ], [ 79.8454167, 28.8517713 ], [ 79.8445257, 28.8536121 ], [ 79.8450539, 28.8553736 ], [ 79.8467942, 28.8569431 ], [ 79.8489315, 28.8580478 ], [ 79.8493929, 28.8586725 ], [ 79.8495087, 28.8599987 ], [ 79.8504831, 28.8620894 ], [ 79.8481144, 28.8662698 ], [ 79.8482793, 28.8687893 ], [ 79.8497842, 28.8708077 ], [ 79.8515805, 28.8709154 ], [ 79.8541551, 28.8688305 ], [ 79.8548696, 28.8676054 ], [ 79.8548585, 28.8657671 ], [ 79.8570513, 28.8643047 ], [ 79.8567718, 28.8636687 ], [ 79.8572303, 28.8635219 ], [ 79.8574017, 28.8627504 ], [ 79.8588081, 28.8619402 ] ] ] } },
{ "type": "Feature", "properties": { "gp_code": "27232", "gp_name": "MAJHOLA", "blkname": "KHATIMA", "dtname": "Udam Singh Nagar", "SHAPE_Area": 4749969.6324495748 }, "geometry": { "type": "Polygon", "coordinates": [ [ [ 79.8923413, 28.8083233 ], [ 79.893481, 28.8082555 ], [ 79.8930992, 28.8074684 ], [ 79.892569, 28.8074932 ], [ 79.8919619, 28.8066317 ], [ 79.8932526, 28.8062435 ], [ 79.8925328, 28.8047572 ], [ 79.8925941, 28.8041864 ], [ 79.8919281, 28.803246 ], [ 79.8914314, 28.803264 ], [ 79.8916027, 28.8023053 ], [ 79.891239, 28.8016693 ], [ 79.8910827, 28.8015001 ], [ 79.8902173, 28.8019086 ], [ 79.8902503, 28.8008032 ], [ 79.8897587, 28.8009139 ], [ 79.8897638, 28.8003183 ], [ 79.8888828, 28.8001222 ], [ 79.8885061, 28.7984463 ], [ 79.8874024, 28.7975509 ], [ 79.8877199, 28.7974584 ], [ 79.8875739, 28.7970502 ], [ 79.8880937, 28.7968561 ], [ 79.887758, 28.7954306 ], [ 79.8883622, 28.7947673 ], [ 79.8877911, 28.7937004 ], [ 79.8877347, 28.7932313 ], [ 79.8879754, 28.7932019 ], [ 79.8876628, 28.7919095 ], [ 79.8884105, 28.7914673 ], [ 79.8880698, 28.7907522 ], [ 79.8888174, 28.7905582 ], [ 79.888907, 28.789771 ], [ 79.8893192, 28.7895431 ], [ 79.8886047, 28.7886996 ], [ 79.8888684, 28.7880589 ], [ 79.8839267, 28.7902519 ], [ 79.8838398, 28.7912737 ], [ 79.8826953, 28.7926091 ], [ 79.8832997, 28.7945422 ], [ 79.8813717, 28.795307 ], [ 79.8812589, 28.7946596 ], [ 79.8777074, 28.7960086 ], [ 79.8769007, 28.795844 ], [ 79.8767189, 28.7954109 ], [ 79.8754258, 28.7957921 ], [ 79.8753745, 28.7961124 ], [ 79.8740763, 28.7962343 ], [ 79.8734625, 28.7967801 ], [ 79.8730577, 28.7972831 ], [ 79.8734924, 28.7986144 ], [ 79.8722625, 28.7993586 ], [ 79.8734382, 28.8012259 ], [ 79.8747012, 28.8019929 ], [ 79.8747303, 28.8023554 ], [ 79.8730689, 28.8033349 ], [ 79.8732842, 28.8037071 ], [ 79.8700741, 28.8057634 ], [ 79.8696043, 28.8083418 ], [ 79.8734792, 28.8093918 ], [ 79.8750212, 28.8111803 ], [ 79.8772212, 28.8124118 ], [ 79.878489, 28.8148343 ], [ 79.8816828, 28.8139499 ], [ 79.8823461, 28.8134559 ], [ 79.8823691, 28.8130928 ], [ 79.8928204, 28.8092527 ], [ 79.8923413, 28.8083233 ] ] ] } },
{ "type": "Feature", "properties": { "gp_code": "27245", "gp_name": "RAGHULIYA", "blkname": "KHATIMA", "dtname": "Udam Singh Nagar", "SHAPE_Area": 6340245.5865366533 }, "geometry": { "type": "Polygon", "coordinates": [ [ [ 79.8928204, 28.8092527 ], [ 79.8961059, 28.8080341 ], [ 79.8958778, 28.8070416 ], [ 79.8976983, 28.8054331 ], [ 79.9029633, 28.804496 ], [ 79.9036239, 28.803853 ], [ 79.9055442, 28.8029931 ], [ 79.9090603, 28.8029043 ], [ 79.9156089, 28.8041475 ], [ 79.9131646, 28.8008528 ], [ 79.9125288, 28.7988319 ], [ 79.9123231, 28.796565 ], [ 79.9109529, 28.7958639 ], [ 79.9109627, 28.7948286 ], [ 79.9101179, 28.7950634 ], [ 79.9095697, 28.7947522 ], [ 79.9088701, 28.7930155 ], [ 79.9105848, 28.7901616 ], [ 79.9116601, 28.7899358 ], [ 79.9112704, 28.788675 ], [ 79.909857, 28.7884385 ], [ 79.9100869, 28.7871437 ], [ 79.9125553, 28.7872039 ], [ 79.9129162, 28.786906 ], [ 79.9117561, 28.78655 ], [ 79.911441, 28.7858419 ], [ 79.9093695, 28.7853033 ], [ 79.9093769, 28.784789 ], [ 79.9087854, 28.7845545 ], [ 79.9089131, 28.7836883 ], [ 79.9072537, 28.7827685 ], [ 79.9064674, 28.7819566 ], [ 79.9032953, 28.7825415 ], [ 79.9009345, 28.7820751 ], [ 79.900574, 28.7839 ], [ 79.8979959, 28.7852178 ], [ 79.8972767, 28.7862306 ], [ 79.8894419, 28.7883679 ], [ 79.8888684, 28.7880589 ], [ 79.8886047, 28.7886996 ], [ 79.8893192, 28.7895431 ], [ 79.888907, 28.789771 ], [ 79.8888174, 28.7905582 ], [ 79.8880698, 28.7907522 ], [ 79.8884105, 28.7914673 ], [ 79.8876628, 28.7919095 ], [ 79.8879754, 28.7932019 ], [ 79.8877347, 28.7932313 ], [ 79.8877911, 28.7937004 ], [ 79.8883622, 28.7947673 ], [ 79.887758, 28.7954306 ], [ 79.8880937, 28.7968561 ], [ 79.8875739, 28.7970502 ], [ 79.8877199, 28.7974584 ], [ 79.8874024, 28.7975509 ], [ 79.8885061, 28.7984463 ], [ 79.8888828, 28.8001222 ], [ 79.8897638, 28.8003183 ], [ 79.8897587, 28.8009139 ], [ 79.8902503, 28.8008032 ], [ 79.8902173, 28.8019086 ], [ 79.8910827, 28.8015001 ], [ 79.891239, 28.8016693 ], [ 79.8916027, 28.8023053 ], [ 79.8914314, 28.803264 ], [ 79.8919281, 28.803246 ], [ 79.8925941, 28.8041864 ], [ 79.8925328, 28.8047572 ], [ 79.8932526, 28.8062435 ], [ 79.8919619, 28.8066317 ], [ 79.892569, 28.8074932 ], [ 79.8930992, 28.8074684 ], [ 79.8934348, 28.8080886 ], [ 79.8923413, 28.8083233 ], [ 79.8928204, 28.8092527 ] ] ] } },
{ "type": "Feature", "properties": { "gp_code": "27250", "gp_name": "SARPUDA", "blkname": "KHATIMA", "dtname": "Udam Singh Nagar", "SHAPE_Area": 5148628.4937155405 }, "geometry": { "type": "Polygon", "coordinates": [ [ [ 79.9421294, 28.7602777 ], [ 79.9325776, 28.7627206 ], [ 79.9332286, 28.7642767 ], [ 79.9324172, 28.7644146 ], [ 79.9324329, 28.7652018 ], [ 79.9313043, 28.7655361 ], [ 79.930601, 28.7668696 ], [ 79.9305709, 28.76802 ], [ 79.929501, 28.7683249 ], [ 79.9292754, 28.7679912 ], [ 79.9288122, 28.7680567 ], [ 79.9273405, 28.768707 ], [ 79.9274331, 28.7697717 ], [ 79.9269934, 28.7709696 ], [ 79.9240785, 28.7731631 ], [ 79.9245991, 28.7750307 ], [ 79.9285209, 28.779024 ], [ 79.9354366, 28.7841549 ], [ 79.9365223, 28.7842943 ], [ 79.9398197, 28.7877168 ], [ 79.9433035, 28.7861068 ], [ 79.9451691, 28.7847027 ], [ 79.9407237, 28.779932 ], [ 79.9447811, 28.7749765 ], [ 79.9473523, 28.7687428 ], [ 79.9421294, 28.7602777 ] ] ] } },
{ "type": "Feature", "properties": { "gp_code": "27251", "gp_name": "SISAUYA", "blkname": "KHATIMA", "dtname": "Udam Singh Nagar", "SHAPE_Area": 2276147.2974934839 }, "geometry": { "type": "Polygon", "coordinates": [ [ [ 80.0396473, 28.8622458 ], [ 80.0430587, 28.8602471 ], [ 80.0432761, 28.860686 ], [ 80.0525544, 28.8601647 ], [ 80.055289, 28.8590211 ], [ 80.0560812, 28.8583791 ], [ 80.0553262, 28.8563361 ], [ 80.0550695, 28.8539552 ], [ 80.054609, 28.853066 ], [ 80.0555414, 28.8516248 ], [ 80.05108, 28.8493015 ], [ 80.0530597, 28.8461431 ], [ 80.0529442, 28.8451018 ], [ 80.0537617, 28.8440995 ], [ 80.0540672, 28.8413807 ], [ 80.0558945, 28.8409748 ], [ 80.0557652, 28.8376257 ], [ 80.0542827, 28.8373334 ], [ 80.0541034, 28.8362921 ], [ 80.052392, 28.83873 ], [ 80.0520099, 28.841809 ], [ 80.0438367, 28.8565418 ], [ 80.0380995, 28.8612488 ], [ 80.0362231, 28.8648298 ], [ 80.039673, 28.8626285 ], [ 80.0396473, 28.8622458 ] ] ] } },
{ "type": "Feature", "properties": { "gp_code": "259970", "gp_name": "khelriya", "blkname": "KHATIMA", "dtname": "Udam Singh Nagar", "SHAPE_Area": 3973783.0535321711 }, "geometry": { "type": "Polygon", "coordinates": [ [ [ 80.0422772, 28.8893644 ], [ 80.0380331, 28.8844031 ], [ 80.0412199, 28.8843271 ], [ 80.0460063, 28.8847926 ], [ 80.0440979, 28.8719019 ], [ 80.043151, 28.8685648 ], [ 80.0430211, 28.8625658 ], [ 80.0432761, 28.860686 ], [ 80.0430587, 28.8602471 ], [ 80.0396473, 28.8622458 ], [ 80.039673, 28.8626285 ], [ 80.0362231, 28.8648298 ], [ 80.0363508, 28.8644921 ], [ 80.035584, 28.864346 ], [ 80.035533, 28.8648637 ], [ 80.032939, 28.8659147 ], [ 80.0309389, 28.8675475 ], [ 80.0299533, 28.8676939 ], [ 80.0303444, 28.8706339 ], [ 80.0307056, 28.87099 ], [ 80.0307057, 28.8712822 ], [ 80.030208, 28.8714609 ], [ 80.031126, 28.873799 ], [ 80.0305795, 28.8738802 ], [ 80.0308335, 28.8748626 ], [ 80.0312141, 28.8748462 ], [ 80.0318412, 28.8780243 ], [ 80.0323472, 28.8780365 ], [ 80.0327747, 28.8791812 ], [ 80.0322733, 28.8793775 ], [ 80.0328169, 28.8810577 ], [ 80.0328036, 28.8832614 ], [ 80.0335056, 28.8852292 ], [ 80.0355885, 28.8845409 ], [ 80.0362991, 28.8848474 ], [ 80.0373957, 28.887268 ], [ 80.0381062, 28.8869856 ], [ 80.0383296, 28.8885885 ], [ 80.0396721, 28.8897617 ], [ 80.0422772, 28.8893644 ] ] ] } },
{ "type": "Feature", "properties": { "gp_code": "27207", "gp_name": "BAGULIYA", "blkname": "KHATIMA", "dtname": "Udam Singh Nagar", "SHAPE_Area": 8007465.1040662555 }, "geometry": { "type": "Polygon", "coordinates": [ [ [ 80.0278612, 28.8512637 ], [ 80.0259287, 28.8486243 ], [ 80.0265627, 28.8476821 ], [ 80.0269818, 28.8458058 ], [ 80.0274792, 28.8450179 ], [ 80.028728, 28.8445791 ], [ 80.0330886, 28.8417923 ], [ 80.032122, 28.8392015 ], [ 80.0344918, 28.8350506 ], [ 80.0341112, 28.8343277 ], [ 80.0331158, 28.8336537 ], [ 80.0303935, 28.8324847 ], [ 80.0292417, 28.8299752 ], [ 80.0290462, 28.8283425 ], [ 80.0281597, 28.8268482 ], [ 80.0296604, 28.8382183 ], [ 80.0285371, 28.8396471 ], [ 80.0270305, 28.840823 ], [ 80.0189989, 28.8454308 ], [ 80.0150662, 28.849247 ], [ 80.0146193, 28.8500004 ], [ 80.0134405, 28.8545685 ], [ 80.0128996, 28.8583187 ], [ 80.0112921, 28.859487 ], [ 80.0103811, 28.8608346 ], [ 80.0101777, 28.8636005 ], [ 80.0110461, 28.8658567 ], [ 80.0109552, 28.8674119 ], [ 80.011818, 28.8706534 ], [ 80.0117745, 28.871882 ], [ 80.0131431, 28.8760109 ], [ 80.0138726, 28.8796876 ], [ 80.0148012, 28.8809412 ], [ 80.0159296, 28.8806997 ], [ 80.0178426, 28.8795546 ], [ 80.0256525, 28.8729936 ], [ 80.0302, 28.8696141 ], [ 80.0299533, 28.8676939 ], [ 80.0309389, 28.8675475 ], [ 80.032939, 28.8659147 ], [ 80.03208, 28.8652163 ], [ 80.0295719, 28.8646239 ], [ 80.029884, 28.8637629 ], [ 80.0295911, 28.8628127 ], [ 80.0281076, 28.861814 ], [ 80.0284581, 28.8587845 ], [ 80.0281556, 28.8583541 ], [ 80.0279988, 28.8553409 ], [ 80.0283199, 28.8514097 ], [ 80.0278612, 28.8512637 ] ] ] } },
{ "type": "Feature", "properties": { "gp_code": "27235", "gp_name": "MUNDAELI", "blkname": "KHATIMA", "dtname": "Udam Singh Nagar", "SHAPE_Area": 4777528.5915017435 }, "geometry": { "type": "Polygon", "coordinates": [ [ [ 79.9707829, 28.9006992 ], [ 79.971169, 28.8996275 ], [ 79.9709042, 28.8986804 ], [ 79.9713722, 28.8976221 ], [ 79.9706089, 28.8953513 ], [ 79.9701649, 28.8948035 ], [ 79.9689291, 28.8943668 ], [ 79.9687517, 28.8938098 ], [ 79.9680516, 28.8933907 ], [ 79.9661574, 28.8932725 ], [ 79.9659726, 28.8929838 ], [ 79.9655564, 28.8917931 ], [ 79.9658222, 28.8910486 ], [ 79.9656242, 28.8902616 ], [ 79.9659978, 28.8896229 ], [ 79.9656814, 28.8882698 ], [ 79.966829, 28.8876194 ], [ 79.9666694, 28.8868233 ], [ 79.9656681, 28.8847849 ], [ 79.9648678, 28.8839644 ], [ 79.9634244, 28.8834059 ], [ 79.949592, 28.8894955 ], [ 79.9498257, 28.8902262 ], [ 79.9471049, 28.8918179 ], [ 79.9477774, 28.8931033 ], [ 79.9461914, 28.8939162 ], [ 79.9465508, 28.8947325 ], [ 79.9448813, 28.8971898 ], [ 79.9455735, 28.8974827 ], [ 79.9535712, 28.9048879 ], [ 79.9700286, 28.8999645 ], [ 79.9707829, 28.9006992 ] ] ] } },
{ "type": "Feature", "properties": { "gp_code": "27257", "gp_name": "UNCHI MAHUWAT", "blkname": "KHATIMA", "dtname": "Udam Singh Nagar", "SHAPE_Area": 4506126.4569951864 }, "geometry": { "type": "Polygon", "coordinates": [ [ [ 79.9831993, 28.900559 ], [ 79.9820389, 28.8963081 ], [ 79.9841913, 28.8958078 ], [ 79.9844132, 28.8946843 ], [ 79.9838327, 28.89353 ], [ 79.9832941, 28.8931469 ], [ 79.9830695, 28.8916042 ], [ 79.9805668, 28.8879814 ], [ 79.9798364, 28.8880835 ], [ 79.9786534, 28.8865732 ], [ 79.9792552, 28.8860403 ], [ 79.9786775, 28.8849987 ], [ 79.9783674, 28.8850802 ], [ 79.978239, 28.8847397 ], [ 79.9772531, 28.8855457 ], [ 79.975812, 28.8847664 ], [ 79.9739828, 28.8855932 ], [ 79.9729831, 28.8853255 ], [ 79.9725566, 28.8842003 ], [ 79.9716922, 28.8834002 ], [ 79.9706408, 28.8827152 ], [ 79.9701154, 28.8828261 ], [ 79.9700141, 28.8811728 ], [ 79.9688151, 28.8816564 ], [ 79.9685735, 28.8809122 ], [ 79.9696031, 28.8802618 ], [ 79.9695746, 28.8798784 ], [ 79.9685365, 28.8797415 ], [ 79.968408, 28.8792838 ], [ 79.9690172, 28.8784329 ], [ 79.9682088, 28.8772538 ], [ 79.9676145, 28.8775474 ], [ 79.9674674, 28.876422 ], [ 79.9655962, 28.8787217 ], [ 79.9646223, 28.8786661 ], [ 79.962765, 28.8795672 ], [ 79.9620523, 28.879173 ], [ 79.9613385, 28.8775562 ], [ 79.9596037, 28.8774152 ], [ 79.9613667, 28.8759554 ], [ 79.9615912, 28.8755153 ], [ 79.9613989, 28.8751598 ], [ 79.9600238, 28.8746012 ], [ 79.9580845, 28.8754862 ], [ 79.956944, 28.8750123 ], [ 79.9567412, 28.8743952 ], [ 79.9557767, 28.8744627 ], [ 79.956074, 28.8765647 ], [ 79.955488, 28.8777674 ], [ 79.9558521, 28.8780175 ], [ 79.9593475, 28.8776815 ], [ 79.9602786, 28.8788042 ], [ 79.9618118, 28.8797032 ], [ 79.9621007, 28.8818797 ], [ 79.9634244, 28.8834059 ], [ 79.9648678, 28.8839644 ], [ 79.9665178, 28.886282 ], [ 79.966829, 28.8876194 ], [ 79.9656814, 28.8882698 ], [ 79.9659978, 28.8896229 ], [ 79.9656242, 28.8902616 ], [ 79.9656207, 28.892039 ], [ 79.9661574, 28.8932725 ], [ 79.9680516, 28.8933907 ], [ 79.9687517, 28.8938098 ], [ 79.9689291, 28.8943668 ], [ 79.9701649, 28.8948035 ], [ 79.9706089, 28.8953513 ], [ 79.9713722, 28.8976221 ], [ 79.9709042, 28.8986804 ], [ 79.971169, 28.8996275 ], [ 79.970755, 28.9010625 ], [ 79.9711494, 28.9032862 ], [ 79.9720304, 28.905284 ], [ 79.9755185, 28.904492 ], [ 79.9767975, 28.904491 ], [ 79.9767409, 28.9042294 ], [ 79.9779834, 28.9034684 ], [ 79.978181, 28.9036892 ], [ 79.9797876, 28.9031173 ], [ 79.9798461, 28.9026909 ], [ 79.9831993, 28.900559 ] ] ] } },
{ "type": "Feature", "properties": { "gp_code": "", "gp_name": "", "blkname": "KHATIMA", "dtname": "Udam Singh Nagar", "SHAPE_Area": 410478100.18465889 }, "geometry": { "type": "Polygon", "coordinates": [ [ [ 80.0350801, 29.0485799 ], [ 80.0369398, 29.0446243 ], [ 80.0386325, 29.0423453 ], [ 80.0429158, 29.0333845 ], [ 80.0477984, 29.0250278 ], [ 80.0519891, 29.0085481 ], [ 80.0533462, 29.0070284 ], [ 80.0582827, 29.0043758 ], [ 80.0568885, 29.0019502 ], [ 80.0563167, 29.0000188 ], [ 80.0545623, 28.997719 ], [ 80.0545163, 28.995902 ], [ 80.0550523, 28.9949834 ], [ 80.0549787, 28.9943976 ], [ 80.0533464, 28.99345 ], [ 80.0509349, 28.9927557 ], [ 80.0504067, 28.9920659 ], [ 80.051521, 28.9900077 ], [ 80.0517688, 28.988419 ], [ 80.0516383, 28.9868602 ], [ 80.0508356, 28.984676 ], [ 80.0507388, 28.9827101 ], [ 80.0511255, 28.9824816 ], [ 80.0520855, 28.9827668 ], [ 80.053034, 28.9826423 ], [ 80.0530945, 28.9791175 ], [ 80.0556226, 28.9761378 ], [ 80.0572232, 28.9700506 ], [ 80.0597627, 28.9677659 ], [ 80.059398, 28.9609545 ], [ 80.0598492, 28.9601401 ], [ 80.0609779, 28.9594645 ], [ 80.0640266, 28.9600193 ], [ 80.0656296, 28.959542 ], [ 80.0666112, 28.9583799 ], [ 80.067332, 28.9551127 ], [ 80.0679299, 28.9542387 ], [ 80.0699499, 28.9528576 ], [ 80.070503, 28.9526588 ], [ 80.0727673, 28.9537897 ], [ 80.0740033, 28.9534416 ], [ 80.0743505, 28.9487993 ], [ 80.0767714, 28.9477904 ], [ 80.0771659, 28.946817 ], [ 80.0771089, 28.9459929 ], [ 80.0765239, 28.9448671 ], [ 80.0584693, 28.9166261 ], [ 80.0647757, 28.8376635 ], [ 80.0653611, 28.8368995 ], [ 80.0633168, 28.8354345 ], [ 80.0629205, 28.8346749 ], [ 80.0622937, 28.8331558 ], [ 80.0619723, 28.829098 ], [ 80.0608733, 28.8282323 ], [ 80.0608089, 28.8270063 ], [ 80.0597861, 28.8253939 ], [ 80.0555953, 28.8217326 ], [ 80.0517888, 28.8203723 ], [ 80.0539847, 28.8186667 ], [ 80.0549297, 28.8183964 ], [ 80.0565516, 28.8184858 ], [ 80.0573812, 28.817152 ], [ 80.05922, 28.8168025 ], [ 80.0600742, 28.8140283 ], [ 80.061606, 28.8125911 ], [ 80.0646282, 28.8083962 ], [ 80.0653244, 28.8079244 ], [ 80.0657651, 28.8060043 ], [ 80.0670471, 28.8048772 ], [ 80.0680991, 28.8028446 ], [ 80.0680218, 28.8011119 ], [ 80.0661952, 28.8003042 ], [ 80.0666101, 28.7979275 ], [ 80.0654205, 28.7970111 ], [ 80.0648756, 28.7944327 ], [ 80.0634061, 28.7940328 ], [ 80.0625223, 28.7931125 ], [ 80.061604, 28.7908786 ], [ 80.0586727, 28.7883872 ], [ 80.058681, 28.7878034 ], [ 80.0617023, 28.7837677 ], [ 80.061736, 28.783195 ], [ 80.0554509, 28.7812474 ], [ 80.0522736, 28.7782842 ], [ 80.0472268, 28.77171 ], [ 80.0444654, 28.7671521 ], [ 80.0301318, 28.7486342 ], [ 80.0251831, 28.7464734 ], [ 79.9932042, 28.7361055 ], [ 79.9541649, 28.7228331 ], [ 79.9529737, 28.7245014 ], [ 79.9481014, 28.7277254 ], [ 79.9463856, 28.7291933 ], [ 79.9454899, 28.7305784 ], [ 79.9437746, 28.7342644 ], [ 79.9436886, 28.7351137 ], [ 79.9459778, 28.7400767 ], [ 79.9464844, 28.7423607 ], [ 79.9435861, 28.7486223 ], [ 79.9416045, 28.7497427 ], [ 79.938596, 28.7505169 ], [ 79.9388625, 28.7507964 ], [ 79.9387179, 28.7531311 ], [ 79.9415942, 28.7558659 ], [ 79.9431494, 28.7579786 ], [ 79.9432044, 28.7598915 ], [ 79.9421294, 28.7602777 ], [ 79.9473523, 28.7687428 ], [ 79.9447811, 28.7749765 ], [ 79.9407237, 28.779932 ], [ 79.9451691, 28.7847027 ], [ 79.9433035, 28.7861068 ], [ 79.9395816, 28.7878139 ], [ 79.9361611, 28.7882712 ], [ 79.9323925, 28.7892721 ], [ 79.9265241, 28.7900053 ], [ 79.9255299, 28.7884222 ], [ 79.9237777, 28.7867085 ], [ 79.918841, 28.7865005 ], [ 79.9193546, 28.7841228 ], [ 79.9186423, 28.7828463 ], [ 79.9178075, 28.7823617 ], [ 79.9139875, 28.7827598 ], [ 79.9096563, 28.7853731 ], [ 79.911441, 28.7858419 ], [ 79.9117561, 28.78655 ], [ 79.9129342, 28.7869986 ], [ 79.9100869, 28.7871437 ], [ 79.909857, 28.7884385 ], [ 79.9112704, 28.788675 ], [ 79.9116601, 28.7899358 ], [ 79.9105848, 28.7901616 ], [ 79.9088701, 28.7930155 ], [ 79.9095697, 28.7947522 ], [ 79.9101179, 28.7950634 ], [ 79.9109627, 28.7948286 ], [ 79.9109529, 28.7958639 ], [ 79.9123231, 28.796565 ], [ 79.9125288, 28.7988319 ], [ 79.9131646, 28.8008528 ], [ 79.9155449, 28.8039897 ], [ 79.9155478, 28.804804 ], [ 79.9169004, 28.8059449 ], [ 79.9169906, 28.8073164 ], [ 79.9152241, 28.8089635 ], [ 79.9148864, 28.8097238 ], [ 79.9163673, 28.811291 ], [ 79.9175917, 28.8117936 ], [ 79.9187065, 28.8136407 ], [ 79.9183841, 28.8142972 ], [ 79.9166379, 28.8155 ], [ 79.9153454, 28.8177402 ], [ 79.9152789, 28.8180786 ], [ 79.9166547, 28.8190842 ], [ 79.9167089, 28.8201331 ], [ 79.9163328, 28.8212091 ], [ 79.9164998, 28.8225873 ], [ 79.9155143, 28.8240402 ], [ 79.9152278, 28.8250531 ], [ 79.9163043, 28.826731 ], [ 79.9175548, 28.8278381 ], [ 79.9177039, 28.82909 ], [ 79.9182955, 28.8290897 ], [ 79.9199127, 28.8311329 ], [ 79.9239029, 28.8348893 ], [ 79.9288398, 28.8408852 ], [ 79.93, 28.8404991 ], [ 79.9320381, 28.8429568 ], [ 79.9328939, 28.843252 ], [ 79.9335373, 28.8441404 ], [ 79.9322517, 28.8447748 ], [ 79.9295056, 28.8453714 ], [ 79.9270733, 28.8482912 ], [ 79.9245184, 28.8472049 ], [ 79.9243035, 28.8475907 ], [ 79.9233595, 28.8504805 ], [ 79.9254548, 28.8550294 ], [ 79.9261124, 28.8584104 ], [ 79.9233698, 28.8616663 ], [ 79.9217151, 28.8629571 ], [ 79.9219808, 28.8668322 ], [ 79.9266373, 28.8679877 ], [ 79.9274917, 28.8649783 ], [ 79.9331559, 28.8583534 ], [ 79.939516, 28.859282 ], [ 79.9415809, 28.8589336 ], [ 79.9423912, 28.8598377 ], [ 79.9418026, 28.8609614 ], [ 79.9419981, 28.8621635 ], [ 79.9414993, 28.8634066 ], [ 79.942476, 28.8642475 ], [ 79.9436316, 28.8639942 ], [ 79.944631, 28.8642329 ], [ 79.9445323, 28.8659923 ], [ 79.9469206, 28.8662143 ], [ 79.9521926, 28.8677001 ], [ 79.954603, 28.8699182 ], [ 79.9555572, 28.8712327 ], [ 79.9561943, 28.8732151 ], [ 79.956571, 28.8731742 ], [ 79.9568737, 28.8735462 ], [ 79.956944, 28.8750123 ], [ 79.9580845, 28.8754862 ], [ 79.9600238, 28.8746012 ], [ 79.9613989, 28.8751598 ], [ 79.9615912, 28.8755153 ], [ 79.9613667, 28.8759554 ], [ 79.9596037, 28.8774152 ], [ 79.9613385, 28.8775562 ], [ 79.9620523, 28.879173 ], [ 79.9629803, 28.8795671 ], [ 79.9646223, 28.8786661 ], [ 79.9655962, 28.8787217 ], [ 79.9674674, 28.876422 ], [ 79.9676145, 28.8775474 ], [ 79.9682088, 28.8772538 ], [ 79.9690172, 28.8784329 ], [ 79.968408, 28.8792838 ], [ 79.9685365, 28.8797415 ], [ 79.9695746, 28.8798784 ], [ 79.9696031, 28.8802618 ], [ 79.9685735, 28.8809122 ], [ 79.9688151, 28.8816564 ], [ 79.9700141, 28.8811728 ], [ 79.9701154, 28.8828261 ], [ 79.9706408, 28.8827152 ], [ 79.9716922, 28.8834002 ], [ 79.9725566, 28.8842003 ], [ 79.9729831, 28.8853255 ], [ 79.9739828, 28.8855932 ], [ 79.975812, 28.8847664 ], [ 79.9772531, 28.8855457 ], [ 79.978239, 28.8847397 ], [ 79.9783674, 28.8850802 ], [ 79.9786775, 28.8849987 ], [ 79.9792552, 28.8860403 ], [ 79.9786534, 28.8865732 ], [ 79.9798364, 28.8880835 ], [ 79.9805668, 28.8879814 ], [ 79.9830695, 28.8916042 ], [ 79.9832941, 28.8931469 ], [ 79.9838327, 28.89353 ], [ 79.9844132, 28.8946843 ], [ 79.9841913, 28.8958078 ], [ 79.9820389, 28.8963081 ], [ 79.9832637, 28.9009424 ], [ 79.9854392, 28.9001918 ], [ 79.9859912, 28.9010755 ], [ 79.9854768, 28.901827 ], [ 79.9866002, 28.9025027 ], [ 79.985201, 28.9028671 ], [ 79.9816384, 28.9057233 ], [ 79.9826569, 28.9064985 ], [ 79.9836821, 28.9064096 ], [ 79.9851778, 28.9074708 ], [ 79.9866861, 28.9131831 ], [ 79.986166, 28.9134903 ], [ 79.9867659, 28.9158649 ], [ 79.9858708, 28.9154913 ], [ 79.985529, 28.9147021 ], [ 79.9844371, 28.9148744 ], [ 79.9846768, 28.916108 ], [ 79.9857045, 28.9182523 ], [ 79.9858385, 28.9212251 ], [ 79.9847365, 28.9217155 ], [ 79.9854369, 28.9221096 ], [ 79.9844281, 28.9233962 ], [ 79.9858255, 28.9258514 ], [ 79.9865918, 28.9256229 ], [ 79.9873621, 28.9266937 ], [ 79.9879106, 28.9264767 ], [ 79.9892779, 28.9294755 ], [ 79.9900391, 28.9292471 ], [ 79.990109, 28.9297951 ], [ 79.9919595, 28.9291641 ], [ 79.9922882, 28.9296804 ], [ 79.9937365, 28.9293002 ], [ 79.9940139, 28.9297871 ], [ 79.997568, 28.9279591 ], [ 79.9997842, 28.9301168 ], [ 80.0001605, 28.9308159 ], [ 79.9989155, 28.9316664 ], [ 80.0005693, 28.932566 ], [ 80.0005554, 28.9330688 ], [ 80.0009642, 28.9335104 ], [ 80.0006297, 28.9337721 ], [ 80.0009085, 28.9340992 ], [ 80.006745, 28.9375667 ], [ 80.0117856, 28.9376397 ], [ 80.0140778, 28.9371031 ], [ 80.0137007, 28.9423487 ], [ 80.0143658, 28.9501379 ], [ 80.0164702, 28.9562588 ], [ 80.0166002, 28.9574733 ], [ 80.0163055, 28.9599475 ], [ 80.014404, 28.9625712 ], [ 80.0159955, 28.9635478 ], [ 80.0211794, 28.9655329 ], [ 80.0213876, 28.9674477 ], [ 80.0195807, 28.9736112 ], [ 80.0199856, 28.9799272 ], [ 80.019217, 28.9796514 ], [ 80.0189974, 28.979886 ], [ 80.0196289, 28.9811864 ], [ 80.01899, 28.9825283 ], [ 80.0193979, 28.983232 ], [ 80.02039, 28.9834975 ], [ 80.0205157, 28.9845322 ], [ 80.0183396, 28.9855846 ], [ 80.0175437, 28.9863195 ], [ 80.0170575, 28.9876856 ], [ 80.0168502, 28.9912696 ], [ 80.0172307, 28.9924181 ], [ 80.0171725, 28.9954279 ], [ 80.0111493, 28.9985129 ], [ 80.0076199, 28.9999208 ], [ 80.0077864, 29.0037959 ], [ 80.0002506, 29.0020216 ], [ 79.9975068, 29.0018941 ], [ 79.9960904, 29.0011309 ], [ 79.9950422, 28.9999989 ], [ 79.9922419, 29.000044 ], [ 79.9856386, 29.000809 ], [ 79.9786306, 29.0009739 ], [ 79.9739243, 29.0016963 ], [ 79.9720051, 29.0022382 ], [ 79.9687348, 29.0044669 ], [ 79.9663127, 29.0056916 ], [ 79.9650786, 29.0073583 ], [ 79.9627248, 29.0091854 ], [ 79.9618332, 29.0109325 ], [ 79.9559596, 29.0161326 ], [ 79.9550683, 29.016755 ], [ 79.950555, 29.0185361 ], [ 79.9449554, 29.0222095 ], [ 79.9455489, 29.0235603 ], [ 79.9491005, 29.0273974 ], [ 79.9508824, 29.0285226 ], [ 79.9542061, 29.0315159 ], [ 79.9512458, 29.0342765 ], [ 79.9482856, 29.0362236 ], [ 79.9457145, 29.0368855 ], [ 79.9423668, 29.0366232 ], [ 79.9396938, 29.0351361 ], [ 79.9367131, 29.0322029 ], [ 79.9383244, 29.0315809 ], [ 79.9382564, 29.0304261 ], [ 79.9366014, 29.0272021 ], [ 79.9361219, 29.0264689 ], [ 79.9356193, 29.0263432 ], [ 79.9352418, 29.0271865 ], [ 79.9355492, 29.0291649 ], [ 79.9320301, 29.029314 ], [ 79.929311, 29.029102 ], [ 79.9290496, 29.026712 ], [ 79.9220914, 29.0271406 ], [ 79.913306, 29.0263227 ], [ 79.9082451, 29.0265797 ], [ 79.9115917, 29.0280376 ], [ 79.9118084, 29.0285599 ], [ 79.9114406, 29.0316525 ], [ 79.912342, 29.0332998 ], [ 79.9137586, 29.033642 ], [ 79.9146844, 29.0331303 ], [ 79.9140574, 29.0311016 ], [ 79.9152807, 29.030078 ], [ 79.9179199, 29.0301898 ], [ 79.9208101, 29.0309143 ], [ 79.9232655, 29.0326025 ], [ 79.9258911, 29.0365299 ], [ 79.9295465, 29.0382185 ], [ 79.931705, 29.0401172 ], [ 79.9322529, 29.0412421 ], [ 79.9333722, 29.0420459 ], [ 79.9356573, 29.0424685 ], [ 79.9378961, 29.0442166 ], [ 79.9394958, 29.0443778 ], [ 79.9416558, 29.0436758 ], [ 79.9439409, 29.0441385 ], [ 79.9458724, 29.0432756 ], [ 79.9495739, 29.0450139 ], [ 79.9542018, 29.0451157 ], [ 79.9569437, 29.0468034 ], [ 79.9603948, 29.0464026 ], [ 79.9618117, 29.0465837 ], [ 79.9627942, 29.0470659 ], [ 79.9634567, 29.0482811 ], [ 79.9659591, 29.0485929 ], [ 79.9665304, 29.0489444 ], [ 79.9684837, 29.0519672 ], [ 79.971363, 29.0536145 ], [ 79.9732454, 29.0553519 ], [ 79.9744964, 29.0569436 ], [ 79.9749076, 29.0580081 ], [ 79.9775584, 29.0605789 ], [ 79.9789066, 29.0626074 ], [ 79.9822662, 29.065359 ], [ 79.9840491, 29.0658211 ], [ 79.9882091, 29.0659218 ], [ 79.9965978, 29.0670669 ], [ 79.9985309, 29.0678204 ], [ 79.9990695, 29.0687715 ], [ 80.0007515, 29.0700731 ], [ 80.0021101, 29.0704761 ], [ 80.0045097, 29.0718401 ], [ 80.0083386, 29.0750794 ], [ 80.0091151, 29.076366 ], [ 80.0108271, 29.0813569 ], [ 80.0133071, 29.0890989 ], [ 80.0140575, 29.0925011 ], [ 80.0145869, 29.0930203 ], [ 80.0150987, 29.0929117 ], [ 80.0154603, 29.092253 ], [ 80.0177886, 29.0845105 ], [ 80.0203286, 29.0785737 ], [ 80.031246, 29.0600179 ], [ 80.0325504, 29.0560185 ], [ 80.0329021, 29.0518797 ], [ 80.0350801, 29.0485799 ] ], [ [ 80.0185389, 28.930176 ], [ 80.0153404, 28.9275903 ], [ 80.0149869, 28.9264779 ], [ 80.0136288, 28.9203269 ], [ 80.0190538, 28.9205117 ], [ 80.0227307, 28.919435 ], [ 80.0231348, 28.917213 ], [ 80.0251427, 28.9160014 ], [ 80.0247103, 28.9155309 ], [ 80.0245427, 28.9142052 ], [ 80.0247797, 28.913751 ], [ 80.0262671, 28.9132269 ], [ 80.0263413, 28.9123431 ], [ 80.0256672, 28.9117744 ], [ 80.0234598, 28.9112302 ], [ 80.0226399, 28.9093847 ], [ 80.021802, 28.9085286 ], [ 80.020388, 28.907787 ], [ 80.0198838, 28.9052382 ], [ 80.0177107, 28.9040776 ], [ 80.0174506, 28.9036035 ], [ 80.0181653, 28.9020786 ], [ 80.0167904, 28.9012446 ], [ 80.0151693, 28.8991552 ], [ 80.0186661, 28.8967301 ], [ 80.016148, 28.8894928 ], [ 80.0148991, 28.8839795 ], [ 80.0148012, 28.8809412 ], [ 80.0138726, 28.8796876 ], [ 80.0131431, 28.8760109 ], [ 80.0117745, 28.871882 ], [ 80.011818, 28.8706534 ], [ 80.0109552, 28.8674119 ], [ 80.0110461, 28.8658567 ], [ 80.0101777, 28.8636005 ], [ 80.0101615, 28.8620359 ], [ 80.0105151, 28.8603626 ], [ 80.0128996, 28.8583187 ], [ 80.0134405, 28.8545685 ], [ 80.0146193, 28.8500004 ], [ 80.0150662, 28.849247 ], [ 80.0189989, 28.8454308 ], [ 80.0270305, 28.840823 ], [ 80.0285371, 28.8396471 ], [ 80.0296604, 28.8382183 ], [ 80.0281597, 28.8268482 ], [ 80.0290462, 28.8283425 ], [ 80.0292417, 28.8299752 ], [ 80.0303935, 28.8324847 ], [ 80.0331158, 28.8336537 ], [ 80.0341112, 28.8343277 ], [ 80.0344918, 28.8350506 ], [ 80.032122, 28.8392015 ], [ 80.0330886, 28.8417923 ], [ 80.028728, 28.8445791 ], [ 80.0274792, 28.8450179 ], [ 80.0269818, 28.8458058 ], [ 80.0265627, 28.8476821 ], [ 80.0259579, 28.8484376 ], [ 80.0265729, 28.8498425 ], [ 80.0283199, 28.8514097 ], [ 80.0279988, 28.8553409 ], [ 80.0281556, 28.8583541 ], [ 80.0284581, 28.8587845 ], [ 80.0280587, 28.8615866 ], [ 80.0295911, 28.8628127 ], [ 80.029884, 28.8637629 ], [ 80.0295719, 28.8646239 ], [ 80.03208, 28.8652163 ], [ 80.032939, 28.8659147 ], [ 80.035533, 28.8648637 ], [ 80.035584, 28.864346 ], [ 80.0363508, 28.8644921 ], [ 80.0380995, 28.8612488 ], [ 80.043645, 28.8568345 ], [ 80.0520099, 28.841809 ], [ 80.052392, 28.83873 ], [ 80.0541034, 28.8362921 ], [ 80.0542827, 28.8373334 ], [ 80.0557652, 28.8376257 ], [ 80.0558945, 28.8409748 ], [ 80.0540672, 28.8413807 ], [ 80.0537617, 28.8440995 ], [ 80.0529442, 28.8451018 ], [ 80.0530597, 28.8461431 ], [ 80.05108, 28.8493015 ], [ 80.0555414, 28.8516248 ], [ 80.054609, 28.853066 ], [ 80.0550695, 28.8539552 ], [ 80.0553262, 28.8563361 ], [ 80.0560812, 28.8583791 ], [ 80.055289, 28.8590211 ], [ 80.0525544, 28.8601647 ], [ 80.0432761, 28.860686 ], [ 80.0430211, 28.8625658 ], [ 80.043151, 28.8685648 ], [ 80.0440979, 28.8719019 ], [ 80.0460063, 28.8847926 ], [ 80.0412199, 28.8843271 ], [ 80.0380331, 28.8844031 ], [ 80.0459429, 28.8941353 ], [ 80.0461848, 28.8947732 ], [ 80.0446485, 28.8972557 ], [ 80.0443562, 28.8983966 ], [ 80.0446166, 28.899198 ], [ 80.0459219, 28.8999459 ], [ 80.0453512, 28.9017083 ], [ 80.0458951, 28.9030617 ], [ 80.0444514, 28.9048081 ], [ 80.0431698, 28.9056916 ], [ 80.0429625, 28.9074141 ], [ 80.0366439, 28.9097252 ], [ 80.0311937, 28.9103616 ], [ 80.0314848, 28.9137505 ], [ 80.0304912, 28.9179812 ], [ 80.0276011, 28.9220815 ], [ 80.0285033, 28.9237589 ], [ 80.028722, 28.9251541 ], [ 80.0260821, 28.9260055 ], [ 80.0261008, 28.9262347 ], [ 80.0238094, 28.9271557 ], [ 80.0232513, 28.9252737 ], [ 80.0195101, 28.9285679 ], [ 80.0185389, 28.930176 ] ] ] } },
{ "type": "Feature", "properties": { "gp_code": "27211", "gp_name": "BHUDAI", "blkname": "KHATIMA", "dtname": "Udam Singh Nagar", "SHAPE_Area": 3621483.0655939165 }, "geometry": { "type": "Polygon", "coordinates": [ [ [ 79.9891868, 28.9421702 ], [ 79.9930059, 28.9407774 ], [ 79.9950907, 28.9408319 ], [ 79.9982279, 28.9402328 ], [ 80.0034777, 28.937865 ], [ 80.006745, 28.9375667 ], [ 80.0009085, 28.9340992 ], [ 80.0006297, 28.9337721 ], [ 80.0009642, 28.9335104 ], [ 80.0005554, 28.9330688 ], [ 80.0005693, 28.932566 ], [ 79.9989155, 28.9316664 ], [ 80.0001605, 28.9308159 ], [ 79.9997842, 28.9301168 ], [ 79.997568, 28.9279591 ], [ 79.9940139, 28.9297871 ], [ 79.9937365, 28.9293002 ], [ 79.9922882, 28.9296804 ], [ 79.9919595, 28.9291641 ], [ 79.9903575, 28.9297024 ], [ 79.9911362, 28.9312603 ], [ 79.9913, 28.9332925 ], [ 79.9908497, 28.9341591 ], [ 79.9851014, 28.9345428 ], [ 79.9818204, 28.9356237 ], [ 79.9815664, 28.9353622 ], [ 79.9797614, 28.9354923 ], [ 79.9797106, 28.9360923 ], [ 79.9781576, 28.9368603 ], [ 79.9744975, 28.9384376 ], [ 79.9741535, 28.9380453 ], [ 79.9723416, 28.9391136 ], [ 79.9727293, 28.9397043 ], [ 79.9724783, 28.9400202 ], [ 79.9738181, 28.9413433 ], [ 79.9736852, 28.9418464 ], [ 79.9729929, 28.9418807 ], [ 79.9724422, 28.9423661 ], [ 79.972858, 28.942871 ], [ 79.9726866, 28.9432568 ], [ 79.9730281, 28.943789 ], [ 79.9728053, 28.9440891 ], [ 79.97452, 28.9458652 ], [ 79.9744156, 28.9465737 ], [ 79.9749082, 28.9469342 ], [ 79.9760416, 28.9468679 ], [ 79.975895, 28.946383 ], [ 79.9801317, 28.9441715 ], [ 79.97988, 28.9438041 ], [ 79.9821716, 28.9429496 ], [ 79.982038, 28.9426091 ], [ 79.9839319, 28.9416309 ], [ 79.9837442, 28.9410943 ], [ 79.9858159, 28.9409008 ], [ 79.9868975, 28.9404533 ], [ 79.9873135, 28.9410056 ], [ 79.9881852, 28.940768 ], [ 79.9885734, 28.9417173 ], [ 79.9891868, 28.9421702 ] ] ] } },
{ "type": "Feature", "properties": { "gp_code": "", "gp_name": "", "blkname": "KHATIMA", "dtname": "Udam Singh Nagar", "SHAPE_Area": 3785454.3128728839 }, "geometry": { "type": "Polygon", "coordinates": [ [ [ 79.9903575, 28.9297024 ], [ 79.990109, 28.9297951 ], [ 79.9900391, 28.9292471 ], [ 79.9892779, 28.9294755 ], [ 79.9879106, 28.9264767 ], [ 79.9873621, 28.9266937 ], [ 79.9865918, 28.9256229 ], [ 79.9858255, 28.9258514 ], [ 79.9844281, 28.9233962 ], [ 79.9854369, 28.9221096 ], [ 79.9847365, 28.9217155 ], [ 79.9858385, 28.9212251 ], [ 79.985635, 28.9179862 ], [ 79.9827845, 28.9183133 ], [ 79.9828517, 28.9187824 ], [ 79.9816137, 28.9190518 ], [ 79.9814003, 28.9184339 ], [ 79.9767736, 28.9193443 ], [ 79.9755846, 28.9198166 ], [ 79.9748495, 28.9205615 ], [ 79.9754528, 28.9213483 ], [ 79.9749945, 28.9221607 ], [ 79.9727626, 28.9232495 ], [ 79.9725708, 28.9264843 ], [ 79.9718338, 28.9280524 ], [ 79.9719815, 28.929753 ], [ 79.9712273, 28.9320001 ], [ 79.971569, 28.9327984 ], [ 79.9715447, 28.9342736 ], [ 79.9720375, 28.9347289 ], [ 79.9717662, 28.9352028 ], [ 79.9712224, 28.9350972 ], [ 79.9707485, 28.935508 ], [ 79.9700673, 28.9365506 ], [ 79.9710494, 28.9365273 ], [ 79.9706703, 28.9369832 ], [ 79.971076, 28.937522 ], [ 79.9708891, 28.9379101 ], [ 79.971762, 28.9389764 ], [ 79.9723416, 28.9391136 ], [ 79.9741535, 28.9380453 ], [ 79.9744975, 28.9384376 ], [ 79.9781576, 28.9368603 ], [ 79.9797106, 28.9360923 ], [ 79.9797614, 28.9354923 ], [ 79.9815664, 28.9353622 ], [ 79.9818204, 28.9356237 ], [ 79.9851014, 28.9345428 ], [ 79.9908497, 28.9341591 ], [ 79.9913, 28.9332925 ], [ 79.9911362, 28.9312603 ], [ 79.9903575, 28.9297024 ] ] ] } },
{ "type": "Feature", "properties": { "gp_code": "", "gp_name": "", "blkname": "KHATIMA", "dtname": "Udam Singh Nagar", "SHAPE_Area": 2046255.0039348381 }, "geometry": { "type": "Polygon", "coordinates": [ [ [ 79.985635, 28.9179862 ], [ 79.9846768, 28.916108 ], [ 79.9844371, 28.9148744 ], [ 79.985529, 28.9147021 ], [ 79.9858708, 28.9154913 ], [ 79.9867659, 28.9158649 ], [ 79.986166, 28.9134903 ], [ 79.9866861, 28.9131831 ], [ 79.9856291, 28.9099584 ], [ 79.9854294, 28.9078608 ], [ 79.9836821, 28.9064096 ], [ 79.9826569, 28.9064985 ], [ 79.9816384, 28.9057233 ], [ 79.985201, 28.9028671 ], [ 79.9866002, 28.9025027 ], [ 79.9854768, 28.901827 ], [ 79.9859912, 28.9010755 ], [ 79.9854392, 28.9001918 ], [ 79.9832637, 28.9009424 ], [ 79.9831993, 28.900559 ], [ 79.9798461, 28.9026909 ], [ 79.9797876, 28.9031173 ], [ 79.978181, 28.9036892 ], [ 79.9779834, 28.9034684 ], [ 79.9767409, 28.9042294 ], [ 79.9767975, 28.904491 ], [ 79.9755185, 28.904492 ], [ 79.9720304, 28.905284 ], [ 79.9735743, 28.905998 ], [ 79.9747241, 28.9075083 ], [ 79.9762579, 28.9083846 ], [ 79.9773874, 28.9100462 ], [ 79.9778285, 28.9102376 ], [ 79.9777164, 28.9109279 ], [ 79.9767175, 28.9117497 ], [ 79.9775335, 28.9125272 ], [ 79.9776109, 28.9130911 ], [ 79.9767974, 28.9147744 ], [ 79.9772901, 28.9153424 ], [ 79.9776145, 28.9167136 ], [ 79.9773386, 28.917616 ], [ 79.9766753, 28.9183091 ], [ 79.9767736, 28.9193443 ], [ 79.9814003, 28.9184339 ], [ 79.9816137, 28.9190518 ], [ 79.9828517, 28.9187824 ], [ 79.9827845, 28.9183133 ], [ 79.985635, 28.9179862 ] ] ] } },
{ "type": "Feature", "properties": { "gp_code": "", "gp_name": "", "blkname": "KHATIMA", "dtname": "Udam Singh Nagar", "SHAPE_Area": 1972685.7936647974 }, "geometry": { "type": "Polygon", "coordinates": [ [ [ 79.9731367, 28.9230711 ], [ 79.9749945, 28.9221607 ], [ 79.9754528, 28.9213483 ], [ 79.9748495, 28.9205615 ], [ 79.9755846, 28.9198166 ], [ 79.9767736, 28.9193443 ], [ 79.9766753, 28.9183091 ], [ 79.9773386, 28.917616 ], [ 79.9776145, 28.9167136 ], [ 79.9772901, 28.9153424 ], [ 79.9767975, 28.9148804 ], [ 79.9775926, 28.9127708 ], [ 79.9767175, 28.9117497 ], [ 79.9777164, 28.9109279 ], [ 79.9778285, 28.9102376 ], [ 79.9773874, 28.9100462 ], [ 79.9762579, 28.9083846 ], [ 79.9752563, 28.9090779 ], [ 79.9757128, 28.9094046 ], [ 79.9756033, 28.9100949 ], [ 79.9747732, 28.9105218 ], [ 79.9748477, 28.9107834 ], [ 79.9737432, 28.911188 ], [ 79.9734916, 28.9107461 ], [ 79.9729842, 28.9108615 ], [ 79.9730435, 28.9112179 ], [ 79.9723283, 28.9113401 ], [ 79.9721794, 28.91102 ], [ 79.9630846, 28.9148495 ], [ 79.9653933, 28.9192713 ], [ 79.9667279, 28.9239553 ], [ 79.96668, 28.9249049 ], [ 79.9674405, 28.9266187 ], [ 79.9676894, 28.926808 ], [ 79.9680865, 28.9264874 ], [ 79.9688803, 28.9254177 ], [ 79.9693616, 28.9246053 ], [ 79.9691275, 28.9237529 ], [ 79.9698962, 28.923229 ], [ 79.9700775, 28.922462 ], [ 79.9710894, 28.9216357 ], [ 79.9731367, 28.9230711 ] ] ] } },
{ "type": "Feature", "properties": { "gp_code": "", "gp_name": "", "blkname": "KHATIMA", "dtname": "Udam Singh Nagar", "SHAPE_Area": 2546881.9658485237 }, "geometry": { "type": "Polygon", "coordinates": [ [ [ 79.9762579, 28.9083846 ], [ 79.9747241, 28.9075083 ], [ 79.9735743, 28.905998 ], [ 79.9720304, 28.905284 ], [ 79.9711494, 28.9032862 ], [ 79.9707829, 28.9006992 ], [ 79.9700286, 28.8999645 ], [ 79.9620898, 28.9024353 ], [ 79.9613797, 28.9023816 ], [ 79.9535022, 28.9051225 ], [ 79.9606748, 28.9116933 ], [ 79.9628867, 28.9142587 ], [ 79.9626279, 28.9143491 ], [ 79.9630846, 28.9148495 ], [ 79.9721794, 28.91102 ], [ 79.9723283, 28.9113401 ], [ 79.9730435, 28.9112179 ], [ 79.9729842, 28.9108615 ], [ 79.9734916, 28.9107461 ], [ 79.9737432, 28.911188 ], [ 79.9748477, 28.9107834 ], [ 79.9747732, 28.9105218 ], [ 79.9756033, 28.9100949 ], [ 79.9757128, 28.9094046 ], [ 79.9752563, 28.9090779 ], [ 79.9762579, 28.9083846 ] ] ] } },
{ "type": "Feature", "properties": { "gp_code": "", "gp_name": "", "blkname": "KHATIMA", "dtname": "Udam Singh Nagar", "SHAPE_Area": 6290199.6430847375 }, "geometry": { "type": "Polygon", "coordinates": [ [ [ 79.9793104, 28.9510721 ], [ 79.976521, 28.9492539 ], [ 79.9763872, 28.948821 ], [ 79.9756565, 28.9489253 ], [ 79.9752535, 28.9485714 ], [ 79.9749082, 28.9469342 ], [ 79.9744156, 28.9465737 ], [ 79.9745791, 28.9459712 ], [ 79.9728516, 28.9442267 ], [ 79.972858, 28.942871 ], [ 79.9724038, 28.9424721 ], [ 79.9729929, 28.9418807 ], [ 79.9736852, 28.9418464 ], [ 79.9738181, 28.9413433 ], [ 79.9724783, 28.9400202 ], [ 79.9727293, 28.9397043 ], [ 79.9723416, 28.9391136 ], [ 79.971762, 28.9389764 ], [ 79.9708891, 28.9379101 ], [ 79.971076, 28.937522 ], [ 79.9706703, 28.9369832 ], [ 79.9710494, 28.9365273 ], [ 79.9700673, 28.9365506 ], [ 79.9707485, 28.935508 ], [ 79.9712224, 28.9350972 ], [ 79.9717662, 28.9352028 ], [ 79.9720375, 28.9347289 ], [ 79.9715447, 28.9342736 ], [ 79.971569, 28.9327984 ], [ 79.9712273, 28.9320001 ], [ 79.9719815, 28.929753 ], [ 79.9718338, 28.9280524 ], [ 79.9725708, 28.9264843 ], [ 79.9727626, 28.9232495 ], [ 79.9731367, 28.9230711 ], [ 79.9710894, 28.9216357 ], [ 79.9700775, 28.922462 ], [ 79.9698962, 28.923229 ], [ 79.9691275, 28.9237529 ], [ 79.9693616, 28.9246053 ], [ 79.9676894, 28.926808 ], [ 79.9631163, 28.9279885 ], [ 79.9628861, 28.9285052 ], [ 79.962299, 28.9286049 ], [ 79.9621526, 28.928332 ], [ 79.9617811, 28.9286954 ], [ 79.960089, 28.9287958 ], [ 79.960461, 28.9290211 ], [ 79.9602435, 28.929646 ], [ 79.9593719, 28.9297525 ], [ 79.9598601, 28.9310785 ], [ 79.9597662, 28.9321862 ], [ 79.9584766, 28.9324192 ], [ 79.9589702, 28.9339528 ], [ 79.9585275, 28.9350966 ], [ 79.9587692, 28.9360078 ], [ 79.9585543, 28.9366237 ], [ 79.957734, 28.9368384 ], [ 79.9576583, 28.9382888 ], [ 79.957269, 28.938844 ], [ 79.9569049, 28.9388532 ], [ 79.9568667, 28.9392864 ], [ 79.9562566, 28.9394244 ], [ 79.9563829, 28.9402768 ], [ 79.95586, 28.9405275 ], [ 79.9568589, 28.9424532 ], [ 79.9566057, 28.9432406 ], [ 79.9570811, 28.9444019 ], [ 79.9566427, 28.9445263 ], [ 79.956851, 28.9452547 ], [ 79.9563075, 28.9455483 ], [ 79.9567707, 28.947542 ], [ 79.9564425, 28.9476459 ], [ 79.9569205, 28.9488636 ], [ 79.9568518, 28.94952 ], [ 79.9577326, 28.9511526 ], [ 79.9568303, 28.951487 ], [ 79.9573231, 28.9521408 ], [ 79.957113, 28.952274 ], [ 79.9579714, 28.9546329 ], [ 79.9583047, 28.9545807 ], [ 79.9586266, 28.9561211 ], [ 79.9580523, 28.9563629 ], [ 79.9584176, 28.9577137 ], [ 79.9600946, 28.9572999 ], [ 79.9599299, 28.9567767 ], [ 79.9650093, 28.9554358 ], [ 79.9650995, 28.9559207 ], [ 79.9666046, 28.9554866 ], [ 79.9678119, 28.9548181 ], [ 79.97195, 28.9535046 ], [ 79.9719369, 28.953216 ], [ 79.9730521, 28.9528091 ], [ 79.9730236, 28.9525339 ], [ 79.9793104, 28.9510721 ] ] ] } },
{ "type": "Feature", "properties": { "gp_code": "27258", "gp_name": "VIGRA BAG", "blkname": "KHATIMA", "dtname": "Udam Singh Nagar", "SHAPE_Area": 5055628.1502539357 }, "geometry": { "type": "Polygon", "coordinates": [ [ [ 79.962853, 28.9742287 ], [ 79.9723288, 28.9719034 ], [ 79.9725318, 28.9722686 ], [ 79.9758784, 28.9714451 ], [ 79.9756703, 28.9710686 ], [ 79.9767086, 28.9706347 ], [ 79.9801811, 28.9700772 ], [ 79.9815066, 28.9695054 ], [ 79.9810696, 28.9685651 ], [ 79.9806388, 28.9687415 ], [ 79.9798078, 28.9662452 ], [ 79.978536, 28.9639973 ], [ 79.9790329, 28.9633293 ], [ 79.979244, 28.9615653 ], [ 79.9790528, 28.9576158 ], [ 79.9801567, 28.9561443 ], [ 79.9801867, 28.9553751 ], [ 79.9793445, 28.9543652 ], [ 79.9797389, 28.9539363 ], [ 79.9796461, 28.9534492 ], [ 79.9792177, 28.9533052 ], [ 79.9795183, 28.9513087 ], [ 79.9793104, 28.9510721 ], [ 79.9730236, 28.9525339 ], [ 79.9730521, 28.9528091 ], [ 79.9719369, 28.953216 ], [ 79.97195, 28.9535046 ], [ 79.9678119, 28.9548181 ], [ 79.9666046, 28.9554866 ], [ 79.9650995, 28.9559207 ], [ 79.9650093, 28.9554358 ], [ 79.9599299, 28.9567767 ], [ 79.9600946, 28.9572999 ], [ 79.9584176, 28.9577137 ], [ 79.9589814, 28.9604268 ], [ 79.9593174, 28.9603613 ], [ 79.9598909, 28.9622736 ], [ 79.9589677, 28.9625111 ], [ 79.9606922, 28.9668091 ], [ 79.9603948, 28.9669334 ], [ 79.9609294, 28.9681466 ], [ 79.9605343, 28.9681603 ], [ 79.9614825, 28.9702439 ], [ 79.9611698, 28.970402 ], [ 79.962853, 28.9742287 ] ] ] } },
{ "type": "Feature", "properties": { "gp_code": "260365", "gp_name": "UMARU KALAN", "blkname": "KHATIMA", "dtname": "Udam Singh Nagar", "SHAPE_Area": 4266531.7141148848 }, "geometry": { "type": "Polygon", "coordinates": [ [ [ 79.9566861, 28.9767701 ], [ 79.962853, 28.9742287 ], [ 79.9611698, 28.970402 ], [ 79.9614825, 28.9702439 ], [ 79.9605343, 28.9681603 ], [ 79.9609294, 28.9681466 ], [ 79.9603948, 28.9669334 ], [ 79.9606922, 28.9668091 ], [ 79.9589677, 28.9625111 ], [ 79.9598909, 28.9622736 ], [ 79.9593174, 28.9603613 ], [ 79.9589814, 28.9604268 ], [ 79.9580523, 28.9563629 ], [ 79.9586266, 28.9561211 ], [ 79.9583047, 28.9545807 ], [ 79.9579714, 28.9546329 ], [ 79.957113, 28.952274 ], [ 79.9573231, 28.9521408 ], [ 79.9568303, 28.951487 ], [ 79.9577326, 28.9511526 ], [ 79.9568518, 28.94952 ], [ 79.9569205, 28.9488636 ], [ 79.9564425, 28.9476459 ], [ 79.9567707, 28.947542 ], [ 79.9563075, 28.9455483 ], [ 79.956851, 28.9452547 ], [ 79.9566427, 28.9445263 ], [ 79.9521354, 28.9456816 ], [ 79.9521202, 28.9460425 ], [ 79.9440004, 28.9484198 ], [ 79.9442009, 28.9491551 ], [ 79.9452224, 28.9502891 ], [ 79.9452231, 28.9513312 ], [ 79.9467376, 28.9534213 ], [ 79.9464124, 28.9540779 ], [ 79.94698, 28.9553429 ], [ 79.94596, 28.9563202 ], [ 79.9470966, 28.9569219 ], [ 79.9475427, 28.9568156 ], [ 79.9476321, 28.9563057 ], [ 79.9483684, 28.9567181 ], [ 79.9481303, 28.957228 ], [ 79.9485332, 28.9575752 ], [ 79.9471719, 28.9584105 ], [ 79.9467648, 28.9592295 ], [ 79.9478217, 28.959768 ], [ 79.9486421, 28.9592488 ], [ 79.9483723, 28.9586128 ], [ 79.9489981, 28.9584614 ], [ 79.9496037, 28.9589731 ], [ 79.9498545, 28.9582511 ], [ 79.9500659, 28.9596337 ], [ 79.9505277, 28.9599221 ], [ 79.9509105, 28.9609573 ], [ 79.9505008, 28.9617718 ], [ 79.9497189, 28.962309 ], [ 79.9489981, 28.9621516 ], [ 79.9475288, 28.9624614 ], [ 79.9476778, 28.9629146 ], [ 79.9468984, 28.9633459 ], [ 79.9473321, 28.963675 ], [ 79.9493066, 28.9632341 ], [ 79.9509695, 28.9644331 ], [ 79.9505234, 28.9646815 ], [ 79.950829, 28.9650422 ], [ 79.9503905, 28.9653627 ], [ 79.9503114, 28.965868 ], [ 79.9497524, 28.9659991 ], [ 79.9492007, 28.9656837 ], [ 79.9485369, 28.9663924 ], [ 79.9487681, 28.966884 ], [ 79.9481423, 28.9669565 ], [ 79.9485556, 28.9674096 ], [ 79.9491969, 28.9675198 ], [ 79.948885, 28.9688846 ], [ 79.9490881, 28.9695274 ], [ 79.9499452, 28.9701697 ], [ 79.9503837, 28.9700318 ], [ 79.9506696, 28.9715971 ], [ 79.9513112, 28.9720478 ], [ 79.9534964, 28.9718368 ], [ 79.9544654, 28.9710513 ], [ 79.955853, 28.9710414 ], [ 79.9554407, 28.9718784 ], [ 79.957545, 28.9730433 ], [ 79.9579969, 28.9736453 ], [ 79.9575249, 28.9736275 ], [ 79.9570302, 28.9741083 ], [ 79.956494, 28.9739824 ], [ 79.9558328, 28.9746662 ], [ 79.9564541, 28.9752951 ], [ 79.9566861, 28.9767701 ] ] ] } },
{ "type": "Feature", "properties": { "gp_code": "27258", "gp_name": "VIGRA BAG", "blkname": "KHATIMA", "dtname": "Udam Singh Nagar", "SHAPE_Area": 1355294.7353337822 }, "geometry": { "type": "Polygon", "coordinates": [ [ [ 79.9621263, 28.9853605 ], [ 79.9647228, 28.9828754 ], [ 79.9597632, 28.9754622 ], [ 79.9566861, 28.9767701 ], [ 79.9564541, 28.9752951 ], [ 79.9558328, 28.9746662 ], [ 79.956494, 28.9739824 ], [ 79.9570302, 28.9741083 ], [ 79.9575249, 28.9736275 ], [ 79.9579969, 28.9736453 ], [ 79.957545, 28.9730433 ], [ 79.9554407, 28.9718784 ], [ 79.9558685, 28.9711542 ], [ 79.9556785, 28.9709197 ], [ 79.9544654, 28.9710513 ], [ 79.9534964, 28.9718368 ], [ 79.9513112, 28.9720478 ], [ 79.9516812, 28.972925 ], [ 79.9510072, 28.9738074 ], [ 79.9521504, 28.976139 ], [ 79.9527096, 28.976159 ], [ 79.9526434, 28.9766575 ], [ 79.9530899, 28.9770497 ], [ 79.9535722, 28.9769547 ], [ 79.9531906, 28.9778617 ], [ 79.9534961, 28.978087 ], [ 79.9534322, 28.9785044 ], [ 79.9539091, 28.9782379 ], [ 79.9543276, 28.978673 ], [ 79.9543184, 28.9800129 ], [ 79.9552005, 28.9795409 ], [ 79.9561251, 28.9811215 ], [ 79.9568321, 28.9830158 ], [ 79.9560712, 28.9842613 ], [ 79.9575621, 28.9848131 ], [ 79.9573398, 28.9859365 ], [ 79.9577074, 28.9867708 ], [ 79.960998, 28.9859838 ], [ 79.9621263, 28.9853605 ] ] ] } },
{ "type": "Feature", "properties": { "gp_code": "27219", "gp_name": "CHHINKI", "blkname": "KHATIMA", "dtname": "Udam Singh Nagar", "SHAPE_Area": 3425831.7835523733 }, "geometry": { "type": "Polygon", "coordinates": [ [ [ 79.9786306, 29.0009739 ], [ 79.9761546, 28.9941813 ], [ 79.9758027, 28.9911026 ], [ 79.976182, 28.9907031 ], [ 79.9762632, 28.9898708 ], [ 79.9765685, 28.9898119 ], [ 79.9763777, 28.9888647 ], [ 79.9759485, 28.9880958 ], [ 79.9756049, 28.9882563 ], [ 79.9751396, 28.9872439 ], [ 79.9745549, 28.9874676 ], [ 79.9740897, 28.9865364 ], [ 79.9746872, 28.9863149 ], [ 79.9739649, 28.9848967 ], [ 79.9734778, 28.9851248 ], [ 79.9712065, 28.9814092 ], [ 79.9705141, 28.9816105 ], [ 79.9704162, 28.9811256 ], [ 79.9647818, 28.982837 ], [ 79.9621263, 28.9853605 ], [ 79.960998, 28.9859838 ], [ 79.9577149, 28.9867771 ], [ 79.958588, 28.9876974 ], [ 79.9582341, 28.9878149 ], [ 79.9581933, 28.9882344 ], [ 79.9592658, 28.9884029 ], [ 79.958479, 28.989353 ], [ 79.9586128, 28.9898853 ], [ 79.9606252, 28.9910749 ], [ 79.9602795, 28.9918759 ], [ 79.9607464, 28.9918463 ], [ 79.9605166, 28.9931862 ], [ 79.9608351, 28.9936214 ], [ 79.9614969, 28.9934518 ], [ 79.9628217, 28.9945877 ], [ 79.963876, 28.9944156 ], [ 79.9643039, 28.9938378 ], [ 79.9648915, 28.9938939 ], [ 79.9648584, 28.9942209 ], [ 79.9659441, 28.9947232 ], [ 79.9662704, 28.9952756 ], [ 79.9668089, 28.9950091 ], [ 79.9669658, 28.9954511 ], [ 79.9674842, 28.9955725 ], [ 79.967603, 28.9964318 ], [ 79.9684594, 28.9958651 ], [ 79.9693378, 28.9969652 ], [ 79.9685175, 28.9976898 ], [ 79.9682617, 28.9985719 ], [ 79.9693057, 29.0000969 ], [ 79.9690127, 29.0007916 ], [ 79.9692294, 29.0022176 ], [ 79.9702458, 29.0032823 ], [ 79.9730675, 29.0019271 ], [ 79.9786306, 29.0009739 ] ] ] } },
{ "type": "Feature", "properties": { "gp_code": "260360", "gp_name": "ALABIRDI", "blkname": "KHATIMA", "dtname": "Udam Singh Nagar", "SHAPE_Area": 3212233.7012358834 }, "geometry": { "type": "Polygon", "coordinates": [ [ [ 79.9894363, 29.0002784 ], [ 79.9879757, 28.9955703 ], [ 79.9885084, 28.9947758 ], [ 79.9875832, 28.9932338 ], [ 79.9880857, 28.9929559 ], [ 79.9877413, 28.9923788 ], [ 79.988726, 28.991999 ], [ 79.9881651, 28.9904792 ], [ 79.9893038, 28.9901355 ], [ 79.9884465, 28.9874407 ], [ 79.9889389, 28.9872667 ], [ 79.9883984, 28.9856814 ], [ 79.9890037, 28.9855252 ], [ 79.9887798, 28.9849142 ], [ 79.9883541, 28.9850093 ], [ 79.9880298, 28.984087 ], [ 79.9872072, 28.9800479 ], [ 79.9855454, 28.9805952 ], [ 79.9854836, 28.9803719 ], [ 79.9847013, 28.9804763 ], [ 79.9851281, 28.9813556 ], [ 79.9796196, 28.9829525 ], [ 79.9796582, 28.9831758 ], [ 79.9776913, 28.9837232 ], [ 79.9750758, 28.9849905 ], [ 79.9748829, 28.984499 ], [ 79.9739649, 28.9848967 ], [ 79.9746872, 28.9863149 ], [ 79.9740897, 28.9865364 ], [ 79.9745549, 28.9874676 ], [ 79.9751396, 28.9872439 ], [ 79.9756049, 28.9882563 ], [ 79.9759485, 28.9880958 ], [ 79.9763777, 28.9888647 ], [ 79.9765685, 28.9898119 ], [ 79.9762632, 28.9898708 ], [ 79.976182, 28.9907031 ], [ 79.9758027, 28.9911026 ], [ 79.9761546, 28.9941813 ], [ 79.9786306, 29.0009739 ], [ 79.9856386, 29.000809 ], [ 79.9894363, 29.0002784 ] ] ] } },
{ "type": "Feature", "properties": { "gp_code": "27230", "gp_name": "KUTRA", "blkname": "KHATIMA", "dtname": "Udam Singh Nagar", "SHAPE_Area": 3725425.0216940595 }, "geometry": { "type": "Polygon", "coordinates": [ [ [ 79.9734778, 28.9851248 ], [ 79.9748829, 28.984499 ], [ 79.9750758, 28.9849905 ], [ 79.9776913, 28.9837232 ], [ 79.9796582, 28.9831758 ], [ 79.9796196, 28.9829525 ], [ 79.9851281, 28.9813556 ], [ 79.9847013, 28.9804763 ], [ 79.9854836, 28.9803719 ], [ 79.9855454, 28.9805952 ], [ 79.9872072, 28.9800479 ], [ 79.9858874, 28.9741687 ], [ 79.9859811, 28.9730047 ], [ 79.9853246, 28.9731857 ], [ 79.9847618, 28.9721576 ], [ 79.9850592, 28.9720333 ], [ 79.9845783, 28.9709127 ], [ 79.9838887, 28.9712674 ], [ 79.9835235, 28.9702798 ], [ 79.9821875, 28.970671 ], [ 79.9815066, 28.9695054 ], [ 79.9801811, 28.9700772 ], [ 79.9767086, 28.9706347 ], [ 79.9756703, 28.9710686 ], [ 79.9758784, 28.9714451 ], [ 79.9725318, 28.9722686 ], [ 79.9723288, 28.9719034 ], [ 79.9646789, 28.9736703 ], [ 79.9597632, 28.9754622 ], [ 79.9647228, 28.9828754 ], [ 79.9704162, 28.9811256 ], [ 79.9705141, 28.9816105 ], [ 79.9712065, 28.9814092 ], [ 79.9734778, 28.9851248 ] ] ] } },
{ "type": "Feature", "properties": { "gp_code": "27239", "gp_name": "NAUGAWANATH", "blkname": "KHATIMA", "dtname": "Udam Singh Nagar", "SHAPE_Area": 4873225.2035271525 }, "geometry": { "type": "Polygon", "coordinates": [ [ [ 79.9894363, 29.0002784 ], [ 79.9951274, 29.0000617 ], [ 79.9985607, 28.9991245 ], [ 80.0009025, 28.9996264 ], [ 80.0018005, 28.9986425 ], [ 80.0025508, 28.9968219 ], [ 80.0019206, 28.9965309 ], [ 80.0019501, 28.9951571 ], [ 80.0011525, 28.9948367 ], [ 80.0011682, 28.9941923 ], [ 80.0005676, 28.9935254 ], [ 79.9997779, 28.9931079 ], [ 79.9984453, 28.9931747 ], [ 79.9968099, 28.9919446 ], [ 79.9960467, 28.9908626 ], [ 79.9965469, 28.990817 ], [ 79.9964828, 28.9885999 ], [ 79.9957739, 28.9878786 ], [ 79.996125, 28.9875919 ], [ 79.9971131, 28.9879113 ], [ 79.9975667, 28.987577 ], [ 79.9979911, 28.9863518 ], [ 79.99889, 28.9863346 ], [ 79.999853, 28.9850527 ], [ 80.0004295, 28.983524 ], [ 80.0011669, 28.9828822 ], [ 80.002224, 28.9827114 ], [ 80.0039459, 28.981445 ], [ 80.0058501, 28.980798 ], [ 80.0055381, 28.9784361 ], [ 80.0057145, 28.9765141 ], [ 80.0074317, 28.9760449 ], [ 80.006379, 28.9726544 ], [ 80.002201, 28.9720611 ], [ 79.9991462, 28.9722167 ], [ 79.998611, 28.9723581 ], [ 79.9954743, 28.9751776 ], [ 79.9935436, 28.9758697 ], [ 79.990569, 28.9766978 ], [ 79.990376, 28.976213 ], [ 79.9895551, 28.9761483 ], [ 79.9864465, 28.976514 ], [ 79.9875546, 28.9811055 ], [ 79.9872674, 28.9811982 ], [ 79.9877544, 28.9831579 ], [ 79.9883541, 28.9850093 ], [ 79.9887798, 28.9849142 ], [ 79.9890037, 28.9855252 ], [ 79.9883984, 28.9856814 ], [ 79.9889389, 28.9872667 ], [ 79.9884465, 28.9874407 ], [ 79.9893038, 28.9901355 ], [ 79.9881651, 28.9904792 ], [ 79.988726, 28.991999 ], [ 79.9877413, 28.9923788 ], [ 79.9880857, 28.9929559 ], [ 79.9875832, 28.9932338 ], [ 79.9885084, 28.9947758 ], [ 79.9879757, 28.9955703 ], [ 79.9894363, 29.0002784 ] ] ] } },
{ "type": "Feature", "properties": { "gp_code": "27228", "gp_name": "KHETAL MUSTAJAR", "blkname": "KHATIMA", "dtname": "Udam Singh Nagar", "SHAPE_Area": 6201427.2856457271 }, "geometry": { "type": "Polygon", "coordinates": [ [ [ 80.0195807, 28.9736112 ], [ 80.0139469, 28.9747019 ], [ 80.0128429, 28.9751764 ], [ 80.008903, 28.9755443 ], [ 80.0059106, 28.9763277 ], [ 80.0055381, 28.9784361 ], [ 80.005756, 28.9809291 ], [ 80.0042361, 28.9812931 ], [ 80.0024123, 28.9826148 ], [ 80.0011669, 28.9828822 ], [ 80.0004295, 28.983524 ], [ 79.999853, 28.9850527 ], [ 79.99889, 28.9863346 ], [ 79.9979911, 28.9863518 ], [ 79.9975667, 28.987577 ], [ 79.9971131, 28.9879113 ], [ 79.996125, 28.9875919 ], [ 79.9957739, 28.9878786 ], [ 79.9965423, 28.9890058 ], [ 79.9963386, 28.9903706 ], [ 79.9965469, 28.990817 ], [ 79.9960542, 28.9906934 ], [ 79.9960699, 28.9909686 ], [ 79.9971464, 28.9922646 ], [ 79.9983895, 28.9931477 ], [ 79.9997779, 28.9931079 ], [ 80.0006385, 28.9935808 ], [ 80.0011682, 28.9941923 ], [ 80.0011525, 28.9948367 ], [ 80.0019501, 28.9951571 ], [ 80.0019443, 28.9965863 ], [ 80.0025508, 28.9968219 ], [ 80.0012176, 28.9994601 ], [ 79.9979613, 28.9991546 ], [ 79.9953408, 28.9998931 ], [ 79.9951937, 29.0001719 ], [ 79.9960904, 29.0011309 ], [ 79.9975068, 29.0018941 ], [ 80.0002506, 29.0020216 ], [ 80.0077864, 29.0037959 ], [ 80.0076199, 28.9999208 ], [ 80.0111493, 28.9985129 ], [ 80.0171725, 28.9954279 ], [ 80.0172307, 28.9924181 ], [ 80.0168502, 28.9912696 ], [ 80.0170575, 28.9876856 ], [ 80.0175437, 28.9863195 ], [ 80.0183396, 28.9855846 ], [ 80.0205157, 28.9845322 ], [ 80.02039, 28.9834975 ], [ 80.0193979, 28.983232 ], [ 80.01899, 28.9825283 ], [ 80.0196289, 28.9811864 ], [ 80.0189974, 28.979886 ], [ 80.019217, 28.9796514 ], [ 80.0199856, 28.9799272 ], [ 80.0195807, 28.9736112 ] ] ] } },
{ "type": "Feature", "properties": { "gp_code": "27231", "gp_name": "KUTRI", "blkname": "KHATIMA", "dtname": "Udam Singh Nagar", "SHAPE_Area": 5609255.4317385862 }, "geometry": { "type": "Polygon", "coordinates": [ [ [ 79.994405, 28.9665103 ], [ 80.0011273, 28.9655337 ], [ 80.0014458, 28.9659038 ], [ 80.0032939, 28.965611 ], [ 80.01018, 28.9620792 ], [ 80.014404, 28.9625712 ], [ 80.016105, 28.9604008 ], [ 80.0165843, 28.9567675 ], [ 80.0144288, 28.9506361 ], [ 80.0140495, 28.9468493 ], [ 80.0111179, 28.9454533 ], [ 80.0082672, 28.9449032 ], [ 80.0082042, 28.9446402 ], [ 80.0056839, 28.9448653 ], [ 80.0026916, 28.9458653 ], [ 80.0002654, 28.9460626 ], [ 79.998374, 28.9472479 ], [ 79.9972705, 28.9474908 ], [ 79.9971786, 28.9478111 ], [ 79.9945863, 28.9481428 ], [ 79.9952696, 28.951282 ], [ 79.9956644, 28.9512343 ], [ 79.9957875, 28.9534559 ], [ 79.995303, 28.9535488 ], [ 79.9956257, 28.9553846 ], [ 79.9934006, 28.9562708 ], [ 79.9938503, 28.9571163 ], [ 79.9923739, 28.9578123 ], [ 79.9930985, 28.9590635 ], [ 79.9911935, 28.9594712 ], [ 79.9911357, 28.9605201 ], [ 79.9920831, 28.961417 ], [ 79.991334, 28.9635221 ], [ 79.9929535, 28.9645312 ], [ 79.994405, 28.9665103 ] ] ] } },
{ "type": "Feature", "properties": { "gp_code": "260368", "gp_name": "GOHAR PATIYA", "blkname": "KHATIMA", "dtname": "Udam Singh Nagar", "SHAPE_Area": 3831018.9835769748 }, "geometry": { "type": "Polygon", "coordinates": [ [ [ 79.9954743, 28.9751776 ], [ 79.998611, 28.9723581 ], [ 79.9991462, 28.9722167 ], [ 80.002201, 28.9720611 ], [ 80.006379, 28.9726544 ], [ 80.0058412, 28.9707119 ], [ 80.0032856, 28.9656133 ], [ 80.0014458, 28.9659038 ], [ 80.0011273, 28.9655337 ], [ 79.9993032, 28.9656444 ], [ 79.994405, 28.9665103 ], [ 79.9929535, 28.9645312 ], [ 79.991334, 28.9635221 ], [ 79.9920831, 28.961417 ], [ 79.9913386, 28.9608537 ], [ 79.9910172, 28.9600804 ], [ 79.9911935, 28.9594712 ], [ 79.9907856, 28.9593723 ], [ 79.9899524, 28.9597137 ], [ 79.9898031, 28.9592085 ], [ 79.987649, 28.9594539 ], [ 79.9848567, 28.9600787 ], [ 79.9846252, 28.9594045 ], [ 79.9830405, 28.9597532 ], [ 79.9829273, 28.9593473 ], [ 79.9818991, 28.959603 ], [ 79.981961, 28.9599188 ], [ 79.9791452, 28.9601961 ], [ 79.9790329, 28.9633293 ], [ 79.978536, 28.9639973 ], [ 79.9798078, 28.9662452 ], [ 79.9806388, 28.9687415 ], [ 79.9810696, 28.9685651 ], [ 79.9821875, 28.970671 ], [ 79.9835235, 28.9702798 ], [ 79.9838887, 28.9712674 ], [ 79.9845783, 28.9709127 ], [ 79.9850592, 28.9720333 ], [ 79.9847618, 28.9721576 ], [ 79.9853246, 28.9731857 ], [ 79.9859811, 28.9730047 ], [ 79.9858874, 28.9741687 ], [ 79.9864465, 28.976514 ], [ 79.9895551, 28.9761483 ], [ 79.990376, 28.976213 ], [ 79.990569, 28.9766978 ], [ 79.9954743, 28.9751776 ] ] ] } },
{ "type": "Feature", "properties": { "gp_code": "27236", "gp_name": "NADNNA", "blkname": "KHATIMA", "dtname": "Udam Singh Nagar", "SHAPE_Area": 3960677.1691381861 }, "geometry": { "type": "Polygon", "coordinates": [ [ [ 79.9899524, 28.9597137 ], [ 79.9930985, 28.9590635 ], [ 79.9923739, 28.9578123 ], [ 79.9938503, 28.9571163 ], [ 79.9934006, 28.9562708 ], [ 79.9956257, 28.9553846 ], [ 79.995303, 28.9535488 ], [ 79.9957875, 28.9534559 ], [ 79.9956644, 28.9512343 ], [ 79.9952696, 28.951282 ], [ 79.9948615, 28.9488102 ], [ 79.992953, 28.9438112 ], [ 79.9935555, 28.9436798 ], [ 79.9933162, 28.9429267 ], [ 79.9924291, 28.9431102 ], [ 79.9925562, 28.9421018 ], [ 79.9918603, 28.9412363 ], [ 79.9891868, 28.9421702 ], [ 79.9885734, 28.9417173 ], [ 79.9881852, 28.940768 ], [ 79.9873135, 28.9410056 ], [ 79.9868975, 28.9404533 ], [ 79.9858159, 28.9409008 ], [ 79.9837442, 28.9410943 ], [ 79.9839319, 28.9416309 ], [ 79.982038, 28.9426091 ], [ 79.9821716, 28.9429496 ], [ 79.97988, 28.9438041 ], [ 79.9801317, 28.9441715 ], [ 79.975895, 28.946383 ], [ 79.9760416, 28.9468679 ], [ 79.9749082, 28.9469342 ], [ 79.975089, 28.9482445 ], [ 79.9755076, 28.948887 ], [ 79.9763872, 28.948821 ], [ 79.976521, 28.9492539 ], [ 79.9795183, 28.9513087 ], [ 79.9792177, 28.9533052 ], [ 79.9796461, 28.9534492 ], [ 79.9797389, 28.9539363 ], [ 79.9793445, 28.9543652 ], [ 79.9801867, 28.9553751 ], [ 79.9801567, 28.9561443 ], [ 79.9790528, 28.9576158 ], [ 79.9791452, 28.9601961 ], [ 79.981961, 28.9599188 ], [ 79.9818991, 28.959603 ], [ 79.9829273, 28.9593473 ], [ 79.9830405, 28.9597532 ], [ 79.9846252, 28.9594045 ], [ 79.9848567, 28.9600787 ], [ 79.9898031, 28.9592085 ], [ 79.9899524, 28.9597137 ] ] ] } },
{ "type": "Feature", "properties": { "gp_code": "260366", "gp_name": "GOSU KUMAN", "blkname": "KHATIMA", "dtname": "Udam Singh Nagar", "SHAPE_Area": 2169733.1570701543 }, "geometry": { "type": "Polygon", "coordinates": [ [ [ 80.0140495, 28.9468493 ], [ 80.0137007, 28.9423487 ], [ 80.0140778, 28.9371031 ], [ 80.0117856, 28.9376397 ], [ 80.0068353, 28.9375535 ], [ 80.0034777, 28.937865 ], [ 79.9982279, 28.9402328 ], [ 79.9950907, 28.9408319 ], [ 79.9930059, 28.9407774 ], [ 79.9918603, 28.9412363 ], [ 79.9925562, 28.9421018 ], [ 79.9924291, 28.9431102 ], [ 79.9933162, 28.9429267 ], [ 79.9935555, 28.9436798 ], [ 79.992953, 28.9438112 ], [ 79.9945863, 28.9481428 ], [ 79.9971786, 28.9478111 ], [ 79.9972705, 28.9474908 ], [ 79.998374, 28.9472479 ], [ 80.0002654, 28.9460626 ], [ 80.0026916, 28.9458653 ], [ 80.0056839, 28.9448653 ], [ 80.0082042, 28.9446402 ], [ 80.0082672, 28.9449032 ], [ 80.0111179, 28.9454533 ], [ 80.0140495, 28.9468493 ] ] ] } },
{ "type": "Feature", "properties": { "gp_code": "", "gp_name": "", "blkname": "KHATIMA", "dtname": "Udam Singh Nagar", "SHAPE_Area": 2503821.1544308229 }, "geometry": { "type": "Polygon", "coordinates": [ [ [ 80.0195807, 28.9736112 ], [ 80.0213876, 28.9674477 ], [ 80.0209598, 28.9652431 ], [ 80.0159955, 28.9635478 ], [ 80.0144029, 28.9625701 ], [ 80.01018, 28.9620792 ], [ 80.0032856, 28.9656133 ], [ 80.0058412, 28.9707119 ], [ 80.0074317, 28.9760449 ], [ 80.008903, 28.9755443 ], [ 80.0128429, 28.9751764 ], [ 80.0139469, 28.9747019 ], [ 80.0195807, 28.9736112 ] ] ] } },
{ "type": "Feature", "properties": { "gp_code": "", "gp_name": "", "blkname": "KHATIMA", "dtname": "Udam Singh Nagar", "SHAPE_Area": 2282392.9590513227 }, "geometry": { "type": "Polygon", "coordinates": [ [ [ 80.0311937, 28.9103616 ], [ 80.0261922, 28.9107534 ], [ 80.0237918, 28.9114774 ], [ 80.0256672, 28.9117744 ], [ 80.0263413, 28.9123431 ], [ 80.0263599, 28.9128178 ], [ 80.0262671, 28.9132269 ], [ 80.0247797, 28.913751 ], [ 80.0245986, 28.9149418 ], [ 80.0251427, 28.9160014 ], [ 80.0231348, 28.917213 ], [ 80.0227307, 28.919435 ], [ 80.0190538, 28.9205117 ], [ 80.0136288, 28.9203269 ], [ 80.0153404, 28.9275903 ], [ 80.0185389, 28.930176 ], [ 80.0195101, 28.9285679 ], [ 80.0232513, 28.9252737 ], [ 80.0238094, 28.9271557 ], [ 80.0261008, 28.9262347 ], [ 80.0260821, 28.9260055 ], [ 80.028722, 28.9251541 ], [ 80.0285033, 28.9237589 ], [ 80.0276011, 28.9220815 ], [ 80.0304912, 28.9179812 ], [ 80.0314848, 28.9137505 ], [ 80.0311937, 28.9103616 ] ] ] } },
{ "type": "Feature", "properties": { "gp_code": "27237", "gp_name": "NAGLA TARAI", "blkname": "KHATIMA", "dtname": "Udam Singh Nagar", "SHAPE_Area": 8789988.3067174479 }, "geometry": { "type": "Polygon", "coordinates": [ [ [ 80.0461848, 28.8947732 ], [ 80.0422772, 28.8893644 ], [ 80.0396721, 28.8897617 ], [ 80.0383296, 28.8885885 ], [ 80.0381062, 28.8869856 ], [ 80.0373957, 28.887268 ], [ 80.0362991, 28.8848474 ], [ 80.0355885, 28.8845409 ], [ 80.0314577, 28.8855281 ], [ 80.0314393, 28.8858879 ], [ 80.029749, 28.8860355 ], [ 80.0290753, 28.8846494 ], [ 80.028388, 28.8846496 ], [ 80.027385, 28.8848787 ], [ 80.0272551, 28.8852712 ], [ 80.0221193, 28.8860163 ], [ 80.0211535, 28.8867525 ], [ 80.0208934, 28.8863763 ], [ 80.0196071, 28.8868059 ], [ 80.0193842, 28.8862989 ], [ 80.0156703, 28.8873079 ], [ 80.0168032, 28.8918275 ], [ 80.0186661, 28.8967301 ], [ 80.0151693, 28.8991552 ], [ 80.0167904, 28.9012446 ], [ 80.0181653, 28.9020786 ], [ 80.0174831, 28.9032479 ], [ 80.0177107, 28.9040776 ], [ 80.0198838, 28.9052382 ], [ 80.020388, 28.907787 ], [ 80.021802, 28.9085286 ], [ 80.0226399, 28.9093847 ], [ 80.0237918, 28.9114774 ], [ 80.0261922, 28.9107534 ], [ 80.0366439, 28.9097252 ], [ 80.0429625, 28.9074141 ], [ 80.0431698, 28.9056916 ], [ 80.0444514, 28.9048081 ], [ 80.0458951, 28.9030617 ], [ 80.0453512, 28.9017083 ], [ 80.0459219, 28.8999459 ], [ 80.0446166, 28.899198 ], [ 80.0443562, 28.8983966 ], [ 80.0446485, 28.8972557 ], [ 80.0461848, 28.8947732 ] ] ] } },
{ "type": "Feature", "properties": { "gp_code": "27227", "gp_name": "KHALI MAHUWAT", "blkname": "KHATIMA", "dtname": "Udam Singh Nagar", "SHAPE_Area": 2607761.6051339204 }, "geometry": { "type": "Polygon", "coordinates": [ [ [ 80.0335056, 28.8852292 ], [ 80.0328036, 28.8832614 ], [ 80.0328169, 28.8810577 ], [ 80.0322733, 28.8793775 ], [ 80.0327747, 28.8791812 ], [ 80.0323472, 28.8780365 ], [ 80.0318412, 28.8780243 ], [ 80.0312141, 28.8748462 ], [ 80.0308335, 28.8748626 ], [ 80.0305795, 28.8738802 ], [ 80.031126, 28.873799 ], [ 80.030208, 28.8714609 ], [ 80.0307057, 28.8712822 ], [ 80.0307056, 28.87099 ], [ 80.0304323, 28.8709182 ], [ 80.0302, 28.8696141 ], [ 80.0256525, 28.8729936 ], [ 80.0178426, 28.8795546 ], [ 80.0159296, 28.8806997 ], [ 80.0148012, 28.8809412 ], [ 80.0148991, 28.8839795 ], [ 80.0156703, 28.8873079 ], [ 80.0193842, 28.8862989 ], [ 80.0196071, 28.8868059 ], [ 80.0208934, 28.8863763 ], [ 80.0211535, 28.8867525 ], [ 80.0221193, 28.8860163 ], [ 80.0272551, 28.8852712 ], [ 80.027385, 28.8848787 ], [ 80.028388, 28.8846496 ], [ 80.0290753, 28.8846494 ], [ 80.0296143, 28.8860232 ], [ 80.0314393, 28.8858879 ], [ 80.0314577, 28.8855281 ], [ 80.0335056, 28.8852292 ] ] ] } },
{ "type": "Feature", "properties": { "gp_code": "27252", "gp_name": "SRIPUR BICHAVA", "blkname": "KHATIMA", "dtname": "Udam Singh Nagar", "SHAPE_Area": 7578713.8994846931 }, "geometry": { "type": "Polygon", "coordinates": [ [ [ 79.9702458, 29.0032823 ], [ 79.9692294, 29.0022176 ], [ 79.9690127, 29.0007916 ], [ 79.9693057, 29.0000969 ], [ 79.9682617, 28.9985719 ], [ 79.9685175, 28.9976898 ], [ 79.9693378, 28.9969652 ], [ 79.9684594, 28.9958651 ], [ 79.967603, 28.9964318 ], [ 79.9674842, 28.9955725 ], [ 79.9669658, 28.9954511 ], [ 79.9668089, 28.9950091 ], [ 79.9662704, 28.9952756 ], [ 79.9659441, 28.9947232 ], [ 79.9648584, 28.9942209 ], [ 79.9648915, 28.9938939 ], [ 79.9643039, 28.9938378 ], [ 79.963876, 28.9944156 ], [ 79.9628217, 28.9945877 ], [ 79.9614969, 28.9934518 ], [ 79.9608351, 28.9936214 ], [ 79.9605166, 28.9931862 ], [ 79.9607464, 28.9918463 ], [ 79.9602795, 28.9918759 ], [ 79.9606252, 28.9910749 ], [ 79.9586128, 28.9898853 ], [ 79.958479, 28.989353 ], [ 79.9592658, 28.9884029 ], [ 79.9581933, 28.9882344 ], [ 79.9582341, 28.9878149 ], [ 79.958588, 28.9876974 ], [ 79.9577149, 28.9867771 ], [ 79.9546832, 28.9873884 ], [ 79.954629, 28.986969 ], [ 79.9538467, 28.9870912 ], [ 79.9539316, 28.9874836 ], [ 79.9505867, 28.9879885 ], [ 79.9507357, 28.9882434 ], [ 79.9498302, 28.9884582 ], [ 79.9497169, 28.9878424 ], [ 79.9460159, 28.9890715 ], [ 79.9458181, 28.988704 ], [ 79.9436993, 28.9890547 ], [ 79.9437969, 28.9893591 ], [ 79.9424451, 28.9896034 ], [ 79.940644, 28.9893043 ], [ 79.9410601, 28.9901951 ], [ 79.9395057, 28.9907169 ], [ 79.9402969, 28.9921421 ], [ 79.9400353, 28.9923429 ], [ 79.9405621, 28.9936735 ], [ 79.9402979, 28.9938451 ], [ 79.9408633, 28.9952364 ], [ 79.9417969, 28.9949269 ], [ 79.9419717, 28.9953148 ], [ 79.9414792, 28.9954685 ], [ 79.9417977, 28.9960886 ], [ 79.9423959, 28.9967221 ], [ 79.9428012, 28.9966295 ], [ 79.9439292, 28.9991528 ], [ 79.9441575, 28.999058 ], [ 79.9445093, 28.9995698 ], [ 79.943629, 29.0001348 ], [ 79.944302, 29.0016085 ], [ 79.9434567, 29.0016785 ], [ 79.9437419, 29.0023915 ], [ 79.9447472, 29.0022714 ], [ 79.947166, 29.0089601 ], [ 79.9488786, 29.0113306 ], [ 79.9527382, 29.0155292 ], [ 79.9534458, 29.0174173 ], [ 79.9550683, 29.016755 ], [ 79.9589078, 29.0137836 ], [ 79.9618332, 29.0109325 ], [ 79.9633419, 29.0085027 ], [ 79.9650786, 29.0073583 ], [ 79.9663127, 29.0056916 ], [ 79.9687348, 29.0044669 ], [ 79.9702458, 29.0032823 ] ] ] } },
{ "type": "Feature", "properties": { "gp_code": "260367", "gp_name": "MAJHOLA 2", "blkname": "KHATIMA", "dtname": "Udam Singh Nagar", "SHAPE_Area": 2221604.3560421919 }, "geometry": { "type": "Polygon", "coordinates": [ [ [ 79.9449554, 29.0222095 ], [ 79.9445896, 29.0226914 ], [ 79.9409672, 29.024347 ], [ 79.9356193, 29.0263432 ], [ 79.9361219, 29.0264689 ], [ 79.9366014, 29.0272021 ], [ 79.9382564, 29.0304261 ], [ 79.9383244, 29.0315809 ], [ 79.9367131, 29.0322029 ], [ 79.9383118, 29.0339005 ], [ 79.9414643, 29.0362915 ], [ 79.9423668, 29.0366232 ], [ 79.9457145, 29.0368855 ], [ 79.9482856, 29.0362236 ], [ 79.9512458, 29.0342765 ], [ 79.9542061, 29.0315159 ], [ 79.9508824, 29.0285226 ], [ 79.9491005, 29.0273974 ], [ 79.9455489, 29.0235603 ], [ 79.9449554, 29.0222095 ] ] ] } },
{ "type": "Feature", "properties": { "gp_code": "27209", "gp_name": "BANKATIYA", "blkname": "KHATIMA", "dtname": "Udam Singh Nagar", "SHAPE_Area": 3336037.34146772 }, "geometry": { "type": "Polygon", "coordinates": [ [ [ 79.9534458, 29.0174173 ], [ 79.9527382, 29.0155292 ], [ 79.9488786, 29.0113306 ], [ 79.947166, 29.0089601 ], [ 79.9447472, 29.0022714 ], [ 79.9437419, 29.0023915 ], [ 79.9434567, 29.0016785 ], [ 79.944302, 29.0016085 ], [ 79.943629, 29.0001348 ], [ 79.9445093, 28.9995698 ], [ 79.9441575, 28.999058 ], [ 79.9439292, 28.9991528 ], [ 79.9428012, 28.9966295 ], [ 79.9423959, 28.9967221 ], [ 79.9417977, 28.9960886 ], [ 79.9414792, 28.9954685 ], [ 79.9419717, 28.9953148 ], [ 79.9417969, 28.9949269 ], [ 79.9408633, 28.9952364 ], [ 79.9402979, 28.9938451 ], [ 79.9405621, 28.9936735 ], [ 79.9400353, 28.9923429 ], [ 79.9402969, 28.9921421 ], [ 79.9400502, 28.9915219 ], [ 79.9395057, 28.9907169 ], [ 79.9370229, 28.9913993 ], [ 79.937588, 28.9925764 ], [ 79.9372366, 28.9927931 ], [ 79.9375885, 28.9934742 ], [ 79.9373243, 28.9936141 ], [ 79.938136, 28.9951768 ], [ 79.9381366, 28.9962144 ], [ 79.9362, 28.9968492 ], [ 79.9366241, 28.9981956 ], [ 79.936306, 28.9982904 ], [ 79.936571, 28.9995738 ], [ 79.9357271, 28.9999463 ], [ 79.9366947, 29.0008625 ], [ 79.9372191, 29.0029916 ], [ 79.9368409, 29.0055321 ], [ 79.9369657, 29.0072192 ], [ 79.9354565, 29.009699 ], [ 79.9349308, 29.0100803 ], [ 79.9362556, 29.0108491 ], [ 79.9378768, 29.0126823 ], [ 79.9389612, 29.0144702 ], [ 79.9418977, 29.0134571 ], [ 79.9421945, 29.0137484 ], [ 79.943313, 29.016209 ], [ 79.9449554, 29.0222095 ], [ 79.9496637, 29.0190379 ], [ 79.9534458, 29.0174173 ] ] ] } },
{ "type": "Feature", "properties": { "gp_code": "27215", "gp_name": "BIRIYA", "blkname": "KHATIMA", "dtname": "Udam Singh Nagar", "SHAPE_Area": 5769647.1899231467 }, "geometry": { "type": "Polygon", "coordinates": [ [ [ 79.929311, 29.029102 ], [ 79.9355492, 29.0291649 ], [ 79.9352418, 29.0271865 ], [ 79.9356193, 29.0263432 ], [ 79.9409672, 29.024347 ], [ 79.9445896, 29.0226914 ], [ 79.9449554, 29.0222095 ], [ 79.943313, 29.016209 ], [ 79.9421945, 29.0137484 ], [ 79.9418977, 29.0134571 ], [ 79.9389612, 29.0144702 ], [ 79.9378768, 29.0126823 ], [ 79.9362556, 29.0108491 ], [ 79.9349308, 29.0100803 ], [ 79.9346913, 29.0093271 ], [ 79.9339948, 29.008654 ], [ 79.9339954, 29.0075092 ], [ 79.9309225, 29.0074879 ], [ 79.92825, 29.0066131 ], [ 79.9261824, 29.0065619 ], [ 79.9246291, 29.006029 ], [ 79.9240686, 29.0073241 ], [ 79.9231657, 29.0080869 ], [ 79.9209266, 29.0082063 ], [ 79.9196931, 29.007794 ], [ 79.9145092, 29.0044674 ], [ 79.9112191, 29.0047066 ], [ 79.9116697, 29.0055956 ], [ 79.9130511, 29.0068365 ], [ 79.9132618, 29.0077454 ], [ 79.9152415, 29.0110754 ], [ 79.9170548, 29.0156453 ], [ 79.921624, 29.0163907 ], [ 79.9221999, 29.0179876 ], [ 79.9247517, 29.0205796 ], [ 79.9258872, 29.0226788 ], [ 79.9272002, 29.0241957 ], [ 79.9277373, 29.0239048 ], [ 79.9283652, 29.0247887 ], [ 79.9288901, 29.0259337 ], [ 79.929311, 29.029102 ] ] ] } },
{ "type": "Feature", "properties": { "gp_code": "27220", "gp_name": "DIYAN", "blkname": "KHATIMA", "dtname": "Udam Singh Nagar", "SHAPE_Area": 5745444.6003060825 }, "geometry": { "type": "Polygon", "coordinates": [ [ [ 79.9290496, 29.026712 ], [ 79.9277373, 29.0239048 ], [ 79.9272002, 29.0241957 ], [ 79.9258872, 29.0226788 ], [ 79.9247517, 29.0205796 ], [ 79.9221999, 29.0179876 ], [ 79.921624, 29.0163907 ], [ 79.9170548, 29.0156453 ], [ 79.9152415, 29.0110754 ], [ 79.9132618, 29.0077454 ], [ 79.9130511, 29.0068365 ], [ 79.9099521, 29.0034407 ], [ 79.9092908, 29.0017733 ], [ 79.9079549, 29.0009993 ], [ 79.9077269, 29.0003766 ], [ 79.9065842, 29.0008881 ], [ 79.9058526, 29.001681 ], [ 79.9032478, 29.0021012 ], [ 79.8966098, 29.0044958 ], [ 79.9017034, 29.005935 ], [ 79.9028792, 29.0068998 ], [ 79.9028672, 29.0077533 ], [ 79.9016443, 29.0083953 ], [ 79.8998166, 29.0083941 ], [ 79.8976124, 29.0077601 ], [ 79.8970067, 29.0080811 ], [ 79.896949, 29.0087438 ], [ 79.8973825, 29.009447 ], [ 79.900614, 29.0112164 ], [ 79.9010591, 29.011779 ], [ 79.9008507, 29.0152132 ], [ 79.9012154, 29.0163481 ], [ 79.9026081, 29.0176895 ], [ 79.9063194, 29.0198407 ], [ 79.9061567, 29.0234656 ], [ 79.9063958, 29.0245402 ], [ 79.9073772, 29.026047 ], [ 79.9082451, 29.0265797 ], [ 79.913306, 29.0263227 ], [ 79.9220914, 29.0271406 ], [ 79.9290496, 29.026712 ] ] ] } },
{ "type": "Feature", "properties": { "gp_code": "260369", "gp_name": "GIDDHAUR", "blkname": "SITARGANJ", "dtname": "Udam Singh Nagar", "SHAPE_Area": 1724030.8764123998 }, "geometry": { "type": "Polygon", "coordinates": [ [ [ 79.8598169, 29.0112036 ], [ 79.8625826, 29.0101616 ], [ 79.863235, 29.0090475 ], [ 79.8636732, 29.0052822 ], [ 79.8622549, 29.0051195 ], [ 79.8609154, 29.001324 ], [ 79.8521993, 29.0035356 ], [ 79.8517115, 29.002855 ], [ 79.8478081, 29.0039123 ], [ 79.8483181, 29.0071663 ], [ 79.8497887, 29.0096581 ], [ 79.8504849, 29.0102211 ], [ 79.8521524, 29.0104837 ], [ 79.8529866, 29.0102636 ], [ 79.8542312, 29.0107467 ], [ 79.8561762, 29.0131184 ], [ 79.8576387, 29.0129389 ], [ 79.8598169, 29.0112036 ] ] ] } },
{ "type": "Feature", "properties": { "gp_code": "27354", "gp_name": "TUKARI", "blkname": "SITARGANJ", "dtname": "Udam Singh Nagar", "SHAPE_Area": 5754157.8542246185 }, "geometry": { "type": "Polygon", "coordinates": [ [ [ 79.7892402, 29.0251146 ], [ 79.78938, 29.023468 ], [ 79.7918945, 29.0228889 ], [ 79.7966672, 29.0246221 ], [ 79.8002542, 29.0249078 ], [ 79.8010548, 29.0244268 ], [ 79.8026344, 29.0225209 ], [ 79.8044679, 29.0190486 ], [ 79.8064028, 29.0163498 ], [ 79.8059016, 29.0154353 ], [ 79.8054789, 29.0153947 ], [ 79.8039698, 29.0161058 ], [ 79.8020847, 29.016224 ], [ 79.7983396, 29.014934 ], [ 79.7965141, 29.0135158 ], [ 79.7963205, 29.013134 ], [ 79.7970093, 29.0110963 ], [ 79.7959865, 29.0078214 ], [ 79.7958074, 29.005622 ], [ 79.7954735, 29.0059027 ], [ 79.7931999, 29.0060906 ], [ 79.7879204, 29.0072586 ], [ 79.7856, 29.0081091 ], [ 79.7836576, 29.0082973 ], [ 79.7839757, 29.009312 ], [ 79.7803632, 29.0108133 ], [ 79.7747415, 29.0114784 ], [ 79.7736896, 29.011979 ], [ 79.7732047, 29.0155469 ], [ 79.7734541, 29.0166318 ], [ 79.7732669, 29.0190214 ], [ 79.7746263, 29.0190836 ], [ 79.7762693, 29.020311 ], [ 79.7774973, 29.023526 ], [ 79.7786164, 29.0238288 ], [ 79.780628, 29.0233898 ], [ 79.7812892, 29.0242141 ], [ 79.7870695, 29.0246235 ], [ 79.7892402, 29.0251146 ] ] ] } },
{ "type": "Feature", "properties": { "gp_code": "27311", "gp_name": "BICHUWA", "blkname": "SITARGANJ", "dtname": "Udam Singh Nagar", "SHAPE_Area": 4021111.1791993002 }, "geometry": { "type": "Polygon", "coordinates": [ [ [ 79.76885, 29.0354495 ], [ 79.7704553, 29.0324393 ], [ 79.7719883, 29.0313771 ], [ 79.772949, 29.0308563 ], [ 79.7763313, 29.0306401 ], [ 79.7771546, 29.0302798 ], [ 79.7775669, 29.029718 ], [ 79.7772838, 29.0283419 ], [ 79.7764624, 29.027658 ], [ 79.7729888, 29.0278339 ], [ 79.7716987, 29.0273099 ], [ 79.7716886, 29.0265969 ], [ 79.772307, 29.0257944 ], [ 79.7733934, 29.0252337 ], [ 79.7742965, 29.0249738 ], [ 79.7776533, 29.0261434 ], [ 79.7834786, 29.027035 ], [ 79.7885741, 29.0271221 ], [ 79.7897397, 29.026963 ], [ 79.7900378, 29.0263408 ], [ 79.7892402, 29.0251146 ], [ 79.7870695, 29.0246235 ], [ 79.7812892, 29.0242141 ], [ 79.780628, 29.0233898 ], [ 79.7786164, 29.0238288 ], [ 79.7774973, 29.023526 ], [ 79.7762693, 29.020311 ], [ 79.7754024, 29.0195265 ], [ 79.7738954, 29.018942 ], [ 79.7699647, 29.0192979 ], [ 79.7650842, 29.0204959 ], [ 79.758673, 29.0215006 ], [ 79.75754, 29.0345491 ], [ 79.7610468, 29.0350665 ], [ 79.7641854, 29.0369388 ], [ 79.76885, 29.0354495 ] ] ] } },
{ "type": "Feature", "properties": { "gp_code": "259996", "gp_name": "Kaithulia", "blkname": "SITARGANJ", "dtname": "Udam Singh Nagar", "SHAPE_Area": 3462133.7891419535 }, "geometry": { "type": "Polygon", "coordinates": [ [ [ 79.7736896, 29.011979 ], [ 79.7747415, 29.0114784 ], [ 79.7803632, 29.0108133 ], [ 79.7839757, 29.009312 ], [ 79.7836576, 29.0082973 ], [ 79.7856, 29.0081091 ], [ 79.7879204, 29.0072586 ], [ 79.7931999, 29.0060906 ], [ 79.7954735, 29.0059027 ], [ 79.7958074, 29.005622 ], [ 79.7926412, 29.0054773 ], [ 79.7872254, 29.0061531 ], [ 79.7831756, 29.0030246 ], [ 79.7833364, 29.002573 ], [ 79.7825273, 29.0014572 ], [ 79.7818645, 29.0015969 ], [ 79.7815228, 29.001014 ], [ 79.7820148, 29.0005628 ], [ 79.7806134, 29.0002044 ], [ 79.7785639, 29.0012409 ], [ 79.7759141, 29.0010766 ], [ 79.7739962, 29.0004713 ], [ 79.7711632, 29.0005477 ], [ 79.7695629, 29.0011379 ], [ 79.7672676, 29.0007831 ], [ 79.7671286, 29.0017871 ], [ 79.7665675, 29.0025394 ], [ 79.7637541, 29.0043127 ], [ 79.7615548, 29.0074325 ], [ 79.7603392, 29.0098809 ], [ 79.7575927, 29.0123471 ], [ 79.7561975, 29.0131383 ], [ 79.75559, 29.0141315 ], [ 79.7573283, 29.0132103 ], [ 79.7590993, 29.0130624 ], [ 79.7616942, 29.0121725 ], [ 79.7648358, 29.012147 ], [ 79.7659788, 29.0118575 ], [ 79.76864, 29.0121325 ], [ 79.7736896, 29.011979 ] ] ] } },
{ "type": "Feature", "properties": { "gp_code": "260006", "gp_name": "Haraiya", "blkname": "SITARGANJ", "dtname": "Udam Singh Nagar", "SHAPE_Area": 3552915.1150848325 }, "geometry": { "type": "Polygon", "coordinates": [ [ [ 79.75754, 29.0345491 ], [ 79.758673, 29.0215006 ], [ 79.7650842, 29.0204959 ], [ 79.7699647, 29.0192979 ], [ 79.7732669, 29.0190214 ], [ 79.7734541, 29.0166318 ], [ 79.7732047, 29.0155469 ], [ 79.7736896, 29.011979 ], [ 79.76864, 29.0121325 ], [ 79.7659788, 29.0118575 ], [ 79.7648358, 29.012147 ], [ 79.7616942, 29.0121725 ], [ 79.7590993, 29.0130624 ], [ 79.7573283, 29.0132103 ], [ 79.75559, 29.0141315 ], [ 79.7505104, 29.0241692 ], [ 79.7502305, 29.0276555 ], [ 79.7493123, 29.0291795 ], [ 79.7475477, 29.0304202 ], [ 79.7468408, 29.0314823 ], [ 79.7474392, 29.032061 ], [ 79.7484498, 29.0322256 ], [ 79.7519346, 29.032211 ], [ 79.7542092, 29.0317927 ], [ 79.7551337, 29.0322761 ], [ 79.7564329, 29.0339349 ], [ 79.75754, 29.0345491 ] ] ] } },
{ "type": "Feature", "properties": { "gp_code": "27345", "gp_name": "SARAUNJA", "blkname": "SITARGANJ", "dtname": "Udam Singh Nagar", "SHAPE_Area": 4760040.7193020545 }, "geometry": { "type": "Polygon", "coordinates": [ [ [ 79.7504803, 29.0263292 ], [ 79.7505104, 29.0241692 ], [ 79.7551332, 29.0147773 ], [ 79.7561975, 29.0131383 ], [ 79.7586504, 29.011322 ], [ 79.7561944, 29.0113183 ], [ 79.7538809, 29.0107292 ], [ 79.7533981, 29.0098649 ], [ 79.7510855, 29.0088321 ], [ 79.7440902, 29.0010844 ], [ 79.7445455, 29.0001062 ], [ 79.7432614, 29.0006588 ], [ 79.7430666, 29.0011042 ], [ 79.7425602, 29.0031301 ], [ 79.7429147, 29.0045364 ], [ 79.7421694, 29.005606 ], [ 79.7398427, 29.007223 ], [ 79.7351447, 29.0091791 ], [ 79.735004, 29.0133877 ], [ 79.7362987, 29.0149535 ], [ 79.7378099, 29.0210161 ], [ 79.7376524, 29.0243564 ], [ 79.7372056, 29.0262156 ], [ 79.7453698, 29.0255168 ], [ 79.7504803, 29.0263292 ] ] ] } },
{ "type": "Feature", "properties": { "gp_code": "260010", "gp_name": "Pahsheni", "blkname": "SITARGANJ", "dtname": "Udam Singh Nagar", "SHAPE_Area": 2337972.5810836754 }, "geometry": { "type": "Polygon", "coordinates": [ [ [ 79.7247919, 29.0268604 ], [ 79.7372056, 29.0262156 ], [ 79.7376524, 29.0243564 ], [ 79.7378099, 29.0210161 ], [ 79.7362987, 29.0149535 ], [ 79.735004, 29.0133877 ], [ 79.7351447, 29.0091791 ], [ 79.7331137, 29.0088037 ], [ 79.7305645, 29.008816 ], [ 79.7293498, 29.0093845 ], [ 79.7286797, 29.0103839 ], [ 79.7279373, 29.0122224 ], [ 79.7284218, 29.0143401 ], [ 79.7283239, 29.0154557 ], [ 79.7272942, 29.0180591 ], [ 79.7272338, 29.0198533 ], [ 79.72661, 29.0212533 ], [ 79.7251525, 29.0230084 ], [ 79.7248529, 29.0242993 ], [ 79.7247919, 29.0268604 ] ] ] } },
{ "type": "Feature", "properties": { "gp_code": "27344", "gp_name": "SADHUNAGAR", "blkname": "SITARGANJ", "dtname": "Udam Singh Nagar", "SHAPE_Area": 8723195.9970740713 }, "geometry": { "type": "Polygon", "coordinates": [ [ [ 79.7105942, 29.0310323 ], [ 79.720149, 29.0309757 ], [ 79.7220663, 29.0297125 ], [ 79.7229837, 29.0286971 ], [ 79.7244576, 29.0281819 ], [ 79.7248321, 29.0276972 ], [ 79.7248529, 29.0242993 ], [ 79.7251525, 29.0230084 ], [ 79.7270252, 29.0205889 ], [ 79.7272942, 29.0180591 ], [ 79.7283239, 29.0154557 ], [ 79.7284218, 29.0143401 ], [ 79.7279373, 29.0122224 ], [ 79.7284522, 29.0112104 ], [ 79.7254884, 29.0114782 ], [ 79.7237299, 29.0070265 ], [ 79.7245969, 29.0063169 ], [ 79.7238709, 29.0045983 ], [ 79.7306593, 29.0026188 ], [ 79.731755, 29.0020387 ], [ 79.7276794, 28.9970024 ], [ 79.7249823, 28.9963774 ], [ 79.716379, 28.9955287 ], [ 79.7157512, 28.9963231 ], [ 79.7160728, 28.9975002 ], [ 79.7158961, 28.9978861 ], [ 79.710693, 29.0048371 ], [ 79.7079441, 29.0057913 ], [ 79.7056578, 29.0074376 ], [ 79.7057536, 29.0092603 ], [ 79.7082974, 29.0135482 ], [ 79.7075245, 29.0142124 ], [ 79.7038903, 29.0155246 ], [ 79.7030609, 29.0161598 ], [ 79.7028437, 29.0165232 ], [ 79.7029901, 29.0182351 ], [ 79.7049415, 29.0181472 ], [ 79.7062224, 29.0198452 ], [ 79.7076546, 29.0248751 ], [ 79.710168, 29.0282202 ], [ 79.7105942, 29.0310323 ] ] ] } },
{ "type": "Feature", "properties": { "gp_code": "", "gp_name": "", "blkname": "SITARGANJ", "dtname": "Udam Singh Nagar", "SHAPE_Area": 7526793.3098619236 }, "geometry": { "type": "Polygon", "coordinates": [ [ [ 79.7072803, 29.023998 ], [ 79.7062224, 29.0198452 ], [ 79.7049415, 29.0181472 ], [ 79.7029901, 29.0182351 ], [ 79.7028437, 29.0165232 ], [ 79.7038903, 29.0155246 ], [ 79.7075245, 29.0142124 ], [ 79.7082974, 29.0135482 ], [ 79.7057536, 29.0092603 ], [ 79.7057123, 29.0062532 ], [ 79.7052717, 29.0042802 ], [ 79.7039044, 29.0031033 ], [ 79.7039411, 29.0020721 ], [ 79.7049091, 29.0000179 ], [ 79.704258, 28.9974085 ], [ 79.7059254, 28.9970354 ], [ 79.7059247, 28.996194 ], [ 79.7069122, 28.9958416 ], [ 79.707819, 28.997217 ], [ 79.7094067, 28.9967107 ], [ 79.7087231, 28.9953939 ], [ 79.7095387, 28.9949873 ], [ 79.7076105, 28.9933013 ], [ 79.7090793, 28.9917711 ], [ 79.7108062, 28.9921016 ], [ 79.7114574, 28.9915959 ], [ 79.7114896, 28.9901862 ], [ 79.7121021, 28.9894933 ], [ 79.7093978, 28.9827756 ], [ 79.7080333, 28.9830516 ], [ 79.7077763, 28.9825172 ], [ 79.7068636, 28.9831133 ], [ 79.7071469, 28.9844574 ], [ 79.7055236, 28.9853223 ], [ 79.7060017, 28.9864295 ], [ 79.7015792, 28.9868472 ], [ 79.6992489, 28.9961145 ], [ 79.696886, 28.9962647 ], [ 79.6926947, 28.9976134 ], [ 79.6909118, 28.9978489 ], [ 79.6916663, 28.9982636 ], [ 79.6915206, 28.9991049 ], [ 79.692524, 28.9994022 ], [ 79.6925576, 28.9997586 ], [ 79.690825, 29.0003301 ], [ 79.6908091, 29.0005755 ], [ 79.6910673, 29.0012261 ], [ 79.6907003, 29.0037933 ], [ 79.6912084, 29.0065497 ], [ 79.6920862, 29.0091147 ], [ 79.6916133, 29.0101557 ], [ 79.689527, 29.0123544 ], [ 79.6888581, 29.0135406 ], [ 79.6892084, 29.0163692 ], [ 79.6897699, 29.0175444 ], [ 79.6926405, 29.0207913 ], [ 79.6928631, 29.0255012 ], [ 79.6931435, 29.0266134 ], [ 79.6943812, 29.0282901 ], [ 79.7009182, 29.0250446 ], [ 79.7072803, 29.023998 ] ] ] } },
{ "type": "Feature", "properties": { "gp_code": "260375", "gp_name": "KALYAN PUR", "blkname": "SITARGANJ", "dtname": "Udam Singh Nagar", "SHAPE_Area": 8386264.2193475887 }, "geometry": { "type": "Polygon", "coordinates": [ [ [ 79.6835938, 29.0482574 ], [ 79.6838915, 29.0466506 ], [ 79.6848585, 29.0467889 ], [ 79.6850609, 29.0456965 ], [ 79.6868489, 29.0455319 ], [ 79.6862873, 29.0443567 ], [ 79.688637, 29.0416575 ], [ 79.6886604, 29.0360681 ], [ 79.6891143, 29.0351595 ], [ 79.6946771, 29.0303744 ], [ 79.6943812, 29.0282901 ], [ 79.6931435, 29.0266134 ], [ 79.6928631, 29.0255012 ], [ 79.6926405, 29.0207913 ], [ 79.6897699, 29.0175444 ], [ 79.6889112, 29.0148637 ], [ 79.6888581, 29.0135406 ], [ 79.689527, 29.0123544 ], [ 79.6916133, 29.0101557 ], [ 79.6920862, 29.0091147 ], [ 79.6912084, 29.0065497 ], [ 79.6907003, 29.0037933 ], [ 79.6910673, 29.0012261 ], [ 79.6908091, 29.0005755 ], [ 79.6850614, 29.0009521 ], [ 79.6835739, 29.0014949 ], [ 79.6812741, 29.0033261 ], [ 79.681253, 29.0042025 ], [ 79.6794085, 29.0045461 ], [ 79.6777987, 29.0054091 ], [ 79.6750729, 29.0078946 ], [ 79.6751268, 29.0088787 ], [ 79.6741855, 29.0091001 ], [ 79.6763706, 29.015273 ], [ 79.6737458, 29.018939 ], [ 79.6754193, 29.0199497 ], [ 79.6767086, 29.0200517 ], [ 79.6805121, 29.0252699 ], [ 79.6786536, 29.0263639 ], [ 79.6789026, 29.0319374 ], [ 79.6778953, 29.0321834 ], [ 79.679064, 29.0349888 ], [ 79.6781067, 29.0352968 ], [ 79.6777071, 29.0358046 ], [ 79.6783026, 29.0383443 ], [ 79.6781791, 29.0388318 ], [ 79.6772374, 29.0391276 ], [ 79.6779771, 29.0439524 ], [ 79.6770279, 29.0440647 ], [ 79.6771951, 29.0454301 ], [ 79.6801517, 29.0446423 ], [ 79.6822846, 29.0473448 ], [ 79.6826476, 29.0473758 ], [ 79.6830401, 29.0484184 ], [ 79.6835938, 29.0482574 ] ] ] } },
{ "type": "Feature", "properties": { "gp_code": "260371", "gp_name": "SURENDRA NAGAR", "blkname": "SITARGANJ", "dtname": "Udam Singh Nagar", "SHAPE_Area": 3491093.9138833811 }, "geometry": { "type": "Polygon", "coordinates": [ [ [ 79.6717434, 29.006848 ], [ 79.6653336, 29.0068348 ], [ 79.6653352, 29.0062253 ], [ 79.6637563, 29.0057259 ], [ 79.6579782, 29.0056265 ], [ 79.6575182, 29.0087015 ], [ 79.6540564, 29.0081021 ], [ 79.6516126, 29.0080769 ], [ 79.6515918, 29.0096327 ], [ 79.6506119, 29.0096225 ], [ 79.6503055, 29.0112658 ], [ 79.6504408, 29.0200062 ], [ 79.650727, 29.0202324 ], [ 79.6556407, 29.0185502 ], [ 79.6578232, 29.0185218 ], [ 79.660125, 29.017944 ], [ 79.6631213, 29.0164746 ], [ 79.6638639, 29.0168455 ], [ 79.6643264, 29.0175267 ], [ 79.6652387, 29.0174007 ], [ 79.6657277, 29.0176454 ], [ 79.6669574, 29.0186319 ], [ 79.6676815, 29.0202682 ], [ 79.6692683, 29.0208109 ], [ 79.6699973, 29.0196776 ], [ 79.6696667, 29.0166671 ], [ 79.6733282, 29.0158477 ], [ 79.6728522, 29.0144411 ], [ 79.6728644, 29.0133827 ], [ 79.6704368, 29.0134949 ], [ 79.669883, 29.0131368 ], [ 79.6731763, 29.0092324 ], [ 79.6723055, 29.0082534 ], [ 79.6717434, 29.006848 ] ] ] } },
{ "type": "Feature", "properties": { "gp_code": "260374", "gp_name": "UKRAULI", "blkname": "SITARGANJ", "dtname": "Udam Singh Nagar", "SHAPE_Area": 15126200.722306563 }, "geometry": { "type": "Polygon", "coordinates": [ [ [ 79.6862428, 29.0575242 ], [ 79.6922219, 29.0522938 ], [ 79.6929036, 29.0531376 ], [ 79.6937476, 29.0517675 ], [ 79.6945493, 29.0471884 ], [ 79.6942764, 29.0454022 ], [ 79.6944723, 29.0447694 ], [ 79.7023782, 29.0392241 ], [ 79.7083116, 29.0327773 ], [ 79.7105942, 29.0310323 ], [ 79.710168, 29.0282202 ], [ 79.7072803, 29.023998 ], [ 79.7009182, 29.0250446 ], [ 79.6943812, 29.0282901 ], [ 79.6946771, 29.0303744 ], [ 79.6891143, 29.0351595 ], [ 79.6886604, 29.0360681 ], [ 79.688637, 29.0416575 ], [ 79.6862873, 29.0443567 ], [ 79.6868489, 29.0455319 ], [ 79.6850609, 29.0456965 ], [ 79.6848585, 29.0467889 ], [ 79.6838915, 29.0466506 ], [ 79.6835938, 29.0482574 ], [ 79.6830401, 29.0484184 ], [ 79.6826476, 29.0473758 ], [ 79.6822846, 29.0473448 ], [ 79.6801517, 29.0446423 ], [ 79.6771951, 29.0454301 ], [ 79.6770279, 29.0440647 ], [ 79.6779771, 29.0439524 ], [ 79.6772374, 29.0391276 ], [ 79.6781791, 29.0388318 ], [ 79.6783026, 29.0383443 ], [ 79.6777071, 29.0358046 ], [ 79.6781067, 29.0352968 ], [ 79.679064, 29.0349888 ], [ 79.6778953, 29.0321834 ], [ 79.6789026, 29.0319374 ], [ 79.6786536, 29.0263639 ], [ 79.6805121, 29.0252699 ], [ 79.6767086, 29.0200517 ], [ 79.6754193, 29.0199497 ], [ 79.6737458, 29.018939 ], [ 79.6700602, 29.0208106 ], [ 79.6676815, 29.0202682 ], [ 79.6671049, 29.0247519 ], [ 79.6665738, 29.0263764 ], [ 79.6672483, 29.0292264 ], [ 79.6660001, 29.0312508 ], [ 79.6656264, 29.0340601 ], [ 79.6642781, 29.0351487 ], [ 79.663921, 29.0373625 ], [ 79.6623254, 29.0387414 ], [ 79.6603992, 29.0412179 ], [ 79.6595287, 29.0429855 ], [ 79.6607693, 29.0535077 ], [ 79.6600046, 29.0547275 ], [ 79.6585252, 29.0588749 ], [ 79.6570368, 29.0603042 ], [ 79.6638119, 29.0604839 ], [ 79.6714783, 29.0601925 ], [ 79.6862428, 29.0575242 ] ] ] } },
{ "type": "Feature", "properties": { "gp_code": "", "gp_name": "", "blkname": "SITARGANJ", "dtname": "Udam Singh Nagar", "SHAPE_Area": 8630505.4469752684 }, "geometry": { "type": "Polygon", "coordinates": [ [ [ 79.6568538, 29.0728568 ], [ 79.6648194, 29.0682887 ], [ 79.665572, 29.0682038 ], [ 79.6691568, 29.0685089 ], [ 79.6702737, 29.0696356 ], [ 79.6707534, 29.0697441 ], [ 79.6738408, 29.0695106 ], [ 79.6756145, 29.0678441 ], [ 79.6827793, 29.0629885 ], [ 79.6837529, 29.0613202 ], [ 79.6888994, 29.0580148 ], [ 79.6929036, 29.0531376 ], [ 79.6922219, 29.0522938 ], [ 79.6862428, 29.0575242 ], [ 79.6714783, 29.0601925 ], [ 79.6638119, 29.0604839 ], [ 79.6570368, 29.0603042 ], [ 79.6486088, 29.0621327 ], [ 79.6478597, 29.0634407 ], [ 79.6439014, 29.0654659 ], [ 79.6429033, 29.0656456 ], [ 79.6407067, 29.0637556 ], [ 79.639395, 29.0617683 ], [ 79.6391179, 29.0599652 ], [ 79.6383508, 29.0589103 ], [ 79.6378777, 29.0592679 ], [ 79.6366768, 29.0580415 ], [ 79.6350763, 29.0583025 ], [ 79.6343831, 29.057226 ], [ 79.633284, 29.0534201 ], [ 79.6332361, 29.0513972 ], [ 79.6349799, 29.0488367 ], [ 79.6327319, 29.0463587 ], [ 79.6327347, 29.0454336 ], [ 79.6331733, 29.0447351 ], [ 79.6356823, 29.0428905 ], [ 79.6371831, 29.041162 ], [ 79.637459, 29.0390303 ], [ 79.6370214, 29.0372128 ], [ 79.6353772, 29.0335829 ], [ 79.6283074, 29.0255296 ], [ 79.6271648, 29.0238071 ], [ 79.6278372, 29.0233212 ], [ 79.6250844, 29.0205571 ], [ 79.6245081, 29.0213661 ], [ 79.6247044, 29.0248642 ], [ 79.6249565, 29.025518 ], [ 79.6276886, 29.0273766 ], [ 79.627822, 29.0283774 ], [ 79.6268949, 29.0300662 ], [ 79.6268907, 29.0314553 ], [ 79.6281927, 29.0333766 ], [ 79.6285745, 29.0347004 ], [ 79.6283641, 29.0358327 ], [ 79.6271238, 29.0384096 ], [ 79.6273646, 29.0396918 ], [ 79.6271702, 29.041775 ], [ 79.6275066, 29.042553 ], [ 79.6272948, 29.0441235 ], [ 79.6280163, 29.0451504 ], [ 79.6282842, 29.0467882 ], [ 79.6274689, 29.0488038 ], [ 79.6275217, 29.0500359 ], [ 79.6289239, 29.0513679 ], [ 79.6294288, 29.0524274 ], [ 79.6310821, 29.0543053 ], [ 79.6326339, 29.0546686 ], [ 79.6323229, 29.0558538 ], [ 79.6333286, 29.0574341 ], [ 79.6335299, 29.0603926 ], [ 79.6340852, 29.0615136 ], [ 79.636891, 29.0620355 ], [ 79.638714, 29.062916 ], [ 79.6403762, 29.064924 ], [ 79.6429016, 29.0662326 ], [ 79.6435015, 29.0670938 ], [ 79.6436395, 29.0681814 ], [ 79.6450583, 29.0689742 ], [ 79.645506, 29.0702509 ], [ 79.6479322, 29.0694146 ], [ 79.6486463, 29.0697964 ], [ 79.648997, 29.0704632 ], [ 79.6487225, 29.0727979 ], [ 79.6519342, 29.0773856 ], [ 79.6524768, 29.0764853 ], [ 79.6527254, 29.0750968 ], [ 79.6534243, 29.0742054 ], [ 79.6568538, 29.0728568 ] ] ] } },
{ "type": "Feature", "properties": { "gp_code": "27322", "gp_name": "GOVINDNAGAR", "blkname": "SITARGANJ", "dtname": "Udam Singh Nagar", "SHAPE_Area": 3455626.3330254341 }, "geometry": { "type": "Polygon", "coordinates": [ [ [ 79.6570368, 29.0603042 ], [ 79.6585252, 29.0588749 ], [ 79.6600046, 29.0547275 ], [ 79.6607693, 29.0535077 ], [ 79.6594541, 29.0530478 ], [ 79.6572051, 29.0530348 ], [ 79.6571788, 29.053447 ], [ 79.6559018, 29.0533841 ], [ 79.6558692, 29.053895 ], [ 79.6500941, 29.0528644 ], [ 79.6499206, 29.0534919 ], [ 79.6416641, 29.0523993 ], [ 79.6342882, 29.0471229 ], [ 79.6334934, 29.0470396 ], [ 79.6349799, 29.0488367 ], [ 79.6332361, 29.0513972 ], [ 79.6331181, 29.0522126 ], [ 79.6343831, 29.057226 ], [ 79.6350763, 29.0583025 ], [ 79.6366768, 29.0580415 ], [ 79.6378777, 29.0592679 ], [ 79.6383508, 29.0589103 ], [ 79.6391179, 29.0599652 ], [ 79.639395, 29.0617683 ], [ 79.6407067, 29.0637556 ], [ 79.6429033, 29.0656456 ], [ 79.6439014, 29.0654659 ], [ 79.6478597, 29.0634407 ], [ 79.6486088, 29.0621327 ], [ 79.6570368, 29.0603042 ] ] ] } },
{ "type": "Feature", "properties": { "gp_code": "27304", "gp_name": "BAIKUNTHPUR", "blkname": "SITARGANJ", "dtname": "Udam Singh Nagar", "SHAPE_Area": 7076498.8660775693 }, "geometry": { "type": "Polygon", "coordinates": [ [ [ 79.6534244, 29.0272482 ], [ 79.6449558, 29.0277754 ], [ 79.6455066, 29.0226831 ], [ 79.6278372, 29.0233212 ], [ 79.6271648, 29.0238071 ], [ 79.6283074, 29.0255296 ], [ 79.6316515, 29.029092 ], [ 79.6326337, 29.0307245 ], [ 79.6353772, 29.0335829 ], [ 79.6372628, 29.0380821 ], [ 79.6374573, 29.0396226 ], [ 79.6371831, 29.041162 ], [ 79.6356823, 29.0428905 ], [ 79.6331733, 29.0447351 ], [ 79.6327347, 29.0454336 ], [ 79.6329749, 29.0466921 ], [ 79.6342882, 29.0471229 ], [ 79.6416641, 29.0523993 ], [ 79.6499206, 29.0534919 ], [ 79.6500941, 29.0528644 ], [ 79.653369, 29.0535634 ], [ 79.6553312, 29.0442106 ], [ 79.655703, 29.0402915 ], [ 79.6427845, 29.0358486 ], [ 79.6431473, 29.0350518 ], [ 79.6437124, 29.0348546 ], [ 79.6460821, 29.0352899 ], [ 79.6477576, 29.0350289 ], [ 79.6492869, 29.0332937 ], [ 79.6511236, 29.0324648 ], [ 79.6513329, 29.0321137 ], [ 79.6508836, 29.0308271 ], [ 79.6510403, 29.0286445 ], [ 79.6514759, 29.0281751 ], [ 79.6531973, 29.0277149 ], [ 79.6534244, 29.0272482 ] ] ] } },
{ "type": "Feature", "properties": { "gp_code": "27343", "gp_name": "RUDAPUR", "blkname": "SITARGANJ", "dtname": "Udam Singh Nagar", "SHAPE_Area": 5485604.4961384078 }, "geometry": { "type": "Polygon", "coordinates": [ [ [ 79.6607693, 29.0535077 ], [ 79.6595287, 29.0429855 ], [ 79.6603992, 29.0412179 ], [ 79.6623254, 29.0387414 ], [ 79.663921, 29.0373625 ], [ 79.6640803, 29.035578 ], [ 79.6645776, 29.0347676 ], [ 79.6656264, 29.0340601 ], [ 79.6660001, 29.0312508 ], [ 79.6672483, 29.0292264 ], [ 79.6665738, 29.0263764 ], [ 79.6676036, 29.0212685 ], [ 79.6674676, 29.0195756 ], [ 79.6669574, 29.0186319 ], [ 79.6657277, 29.0176454 ], [ 79.6652387, 29.0174007 ], [ 79.6643264, 29.0175267 ], [ 79.6638639, 29.0168455 ], [ 79.6631213, 29.0164746 ], [ 79.660125, 29.017944 ], [ 79.6578232, 29.0185218 ], [ 79.6556407, 29.0185502 ], [ 79.6546393, 29.0189983 ], [ 79.655451, 29.0214062 ], [ 79.6554447, 29.0236718 ], [ 79.6550566, 29.0245309 ], [ 79.6529693, 29.0261253 ], [ 79.6534244, 29.0272482 ], [ 79.6531973, 29.0277149 ], [ 79.6511822, 29.0283554 ], [ 79.6508836, 29.0308271 ], [ 79.6513329, 29.0321137 ], [ 79.6511236, 29.0324648 ], [ 79.6492869, 29.0332937 ], [ 79.6477576, 29.0350289 ], [ 79.6460821, 29.0352899 ], [ 79.6437124, 29.0348546 ], [ 79.6431473, 29.0350518 ], [ 79.6427845, 29.0358486 ], [ 79.655703, 29.0402915 ], [ 79.6553312, 29.0442106 ], [ 79.653369, 29.0535634 ], [ 79.6558692, 29.053895 ], [ 79.6559018, 29.0533841 ], [ 79.6571788, 29.053447 ], [ 79.6572051, 29.0530348 ], [ 79.6594541, 29.0530478 ], [ 79.6607693, 29.0535077 ] ] ] } },
{ "type": "Feature", "properties": { "gp_code": "", "gp_name": "", "blkname": "SITARGANJ", "dtname": "Udam Singh Nagar", "SHAPE_Area": 3156373.1332301772 }, "geometry": { "type": "Polygon", "coordinates": [ [ [ 79.6534244, 29.0272482 ], [ 79.6529693, 29.0261253 ], [ 79.6550566, 29.0245309 ], [ 79.6554447, 29.0236718 ], [ 79.655451, 29.0214062 ], [ 79.6546393, 29.0189983 ], [ 79.650727, 29.0202324 ], [ 79.6504408, 29.0200062 ], [ 79.6502829, 29.0126219 ], [ 79.6506119, 29.0096225 ], [ 79.6515918, 29.0096327 ], [ 79.6516126, 29.0080769 ], [ 79.6540564, 29.0081021 ], [ 79.6575182, 29.0087015 ], [ 79.6579782, 29.0056265 ], [ 79.6578316, 29.0041874 ], [ 79.6557239, 29.0044475 ], [ 79.6560562, 29.0033484 ], [ 79.6566112, 29.0033248 ], [ 79.6569816, 29.0020274 ], [ 79.6550174, 29.0014361 ], [ 79.6513746, 29.0014213 ], [ 79.6492961, 29.0022919 ], [ 79.6497743, 29.0028387 ], [ 79.6492995, 29.003088 ], [ 79.6476792, 29.0019907 ], [ 79.6439836, 29.0026692 ], [ 79.6450141, 29.0172743 ], [ 79.6455495, 29.020831 ], [ 79.6449558, 29.0277754 ], [ 79.6534244, 29.0272482 ] ] ] } },
{ "type": "Feature", "properties": { "gp_code": "27316", "gp_name": "DEVNAGAR", "blkname": "SITARGANJ", "dtname": "Udam Singh Nagar", "SHAPE_Area": 4788678.6376805473 }, "geometry": { "type": "Polygon", "coordinates": [ [ [ 79.6455066, 29.0226831 ], [ 79.6439836, 29.0026692 ], [ 79.6309777, 29.0029355 ], [ 79.6270304, 29.0038049 ], [ 79.6285789, 29.0065331 ], [ 79.6296935, 29.0067845 ], [ 79.630791, 29.0091512 ], [ 79.6306385, 29.0098454 ], [ 79.6285416, 29.0127016 ], [ 79.6275926, 29.0154777 ], [ 79.6268172, 29.0168154 ], [ 79.6259686, 29.017475 ], [ 79.6260027, 29.0186327 ], [ 79.6250844, 29.0205571 ], [ 79.6278372, 29.0233212 ], [ 79.6455066, 29.0226831 ] ] ] } },
{ "type": "Feature", "properties": { "gp_code": "", "gp_name": "", "blkname": "SITARGANJ", "dtname": "Udam Singh Nagar", "SHAPE_Area": 2015334.9425509803 }, "geometry": { "type": "Polygon", "coordinates": [ [ [ 79.6296753, 29.0110835 ], [ 79.6306385, 29.0098454 ], [ 79.630791, 29.0091512 ], [ 79.6303061, 29.0077278 ], [ 79.6296935, 29.0067845 ], [ 79.6285789, 29.0065331 ], [ 79.6270304, 29.0038049 ], [ 79.6255494, 29.0020815 ], [ 79.6251943, 29.0013034 ], [ 79.6253642, 29.0000692 ], [ 79.6249383, 28.9982781 ], [ 79.620092, 28.992824 ], [ 79.6125208, 28.9948649 ], [ 79.6127183, 28.9954221 ], [ 79.6143242, 28.9968274 ], [ 79.613788, 28.9973529 ], [ 79.6137957, 28.9977477 ], [ 79.6169898, 28.9987178 ], [ 79.6185727, 28.9996246 ], [ 79.6184943, 29.0005541 ], [ 79.6196221, 29.0025637 ], [ 79.620153, 29.0042601 ], [ 79.6194936, 29.0045893 ], [ 79.619417, 29.0050356 ], [ 79.6206252, 29.0067171 ], [ 79.620703, 29.0089581 ], [ 79.6215131, 29.0101342 ], [ 79.6237035, 29.01059 ], [ 79.6246519, 29.0111545 ], [ 79.6278698, 29.0108809 ], [ 79.6296753, 29.0110835 ] ] ] } },
{ "type": "Feature", "properties": { "gp_code": "260015", "gp_name": "Jawahar Nagar", "blkname": "RUDRAPUR", "dtname": "Udam Singh Nagar", "SHAPE_Area": 3247689.4630721156 }, "geometry": { "type": "Polygon", "coordinates": [ [ [ 79.5275856, 29.0167896 ], [ 79.5262768, 29.0152684 ], [ 79.5262885, 29.0146566 ], [ 79.5276314, 29.0128001 ], [ 79.527299, 29.0111577 ], [ 79.5279648, 29.0101307 ], [ 79.5279902, 29.0093292 ], [ 79.5292564, 29.0078559 ], [ 79.5261147, 29.0030715 ], [ 79.5261204, 29.0015928 ], [ 79.5267664, 29.0000133 ], [ 79.5254292, 28.99775 ], [ 79.5254309, 28.9960041 ], [ 79.5244978, 28.9951824 ], [ 79.5207103, 28.9932104 ], [ 79.5201921, 29.0020173 ], [ 79.5192638, 29.0088895 ], [ 79.5188348, 29.0154046 ], [ 79.5182491, 29.0172128 ], [ 79.5170248, 29.027954 ], [ 79.5193004, 29.0271366 ], [ 79.5224862, 29.0267466 ], [ 79.5232729, 29.0227634 ], [ 79.5238817, 29.0212439 ], [ 79.5246383, 29.0199727 ], [ 79.5269986, 29.0177801 ], [ 79.5275856, 29.0167896 ] ] ] } },
{ "type": "Feature", "properties": { "gp_code": "25930", "gp_name": "LADOLI", "blkname": "RUDRAPUR", "dtname": "Udam Singh Nagar", "SHAPE_Area": 28142512.725307297 }, "geometry": { "type": "Polygon", "coordinates": [ [ [ 79.5201921, 29.0020173 ], [ 79.5210983, 28.9901364 ], [ 79.5209649, 28.9849709 ], [ 79.5203878, 28.9848532 ], [ 79.5203522, 28.9844652 ], [ 79.5173226, 28.9844763 ], [ 79.5153227, 28.9834484 ], [ 79.5145806, 28.9840207 ], [ 79.5139163, 28.9863999 ], [ 79.5102077, 28.9901704 ], [ 79.5087228, 28.9897834 ], [ 79.4995458, 28.9900549 ], [ 79.4972024, 28.9904885 ], [ 79.4833032, 28.9904089 ], [ 79.4824834, 28.9901696 ], [ 79.4716817, 28.9903118 ], [ 79.4713689, 28.9998723 ], [ 79.4716346, 29.0021628 ], [ 79.4713412, 29.0063816 ], [ 79.4715275, 29.0084853 ], [ 79.4722783, 29.0098826 ], [ 79.4740044, 29.0115621 ], [ 79.4749297, 29.0121231 ], [ 79.4766211, 29.0124489 ], [ 79.4782664, 29.0140009 ], [ 79.4794289, 29.016215 ], [ 79.4794724, 29.0174812 ], [ 79.4758118, 29.0199325 ], [ 79.4753852, 29.0208652 ], [ 79.4755909, 29.0231767 ], [ 79.4760484, 29.0247017 ], [ 79.4782048, 29.026972 ], [ 79.479605, 29.0279277 ], [ 79.4804189, 29.0304669 ], [ 79.4806135, 29.0321977 ], [ 79.4787139, 29.0352895 ], [ 79.479304, 29.0361202 ], [ 79.4830691, 29.0389945 ], [ 79.4839669, 29.0403707 ], [ 79.5014923, 29.0346514 ], [ 79.5021601, 29.0309332 ], [ 79.5170248, 29.027954 ], [ 79.5182491, 29.0172128 ], [ 79.5188348, 29.0154046 ], [ 79.5192638, 29.0088895 ], [ 79.5201921, 29.0020173 ] ] ] } },
{ "type": "Feature", "properties": { "gp_code": "", "gp_name": "", "blkname": "RUDRAPUR", "dtname": "Udam Singh Nagar", "SHAPE_Area": 33645796.462622926 }, "geometry": { "type": "Polygon", "coordinates": [ [ [ 79.4464116, 29.0513605 ], [ 79.4495987, 29.0488825 ], [ 79.463572, 29.0457299 ], [ 79.4670378, 29.0444672 ], [ 79.4673515, 29.0395804 ], [ 79.4647992, 29.0360136 ], [ 79.466083, 29.0360178 ], [ 79.472804, 29.0347382 ], [ 79.4772998, 29.034672 ], [ 79.4766364, 29.0363152 ], [ 79.4799821, 29.0421388 ], [ 79.4839669, 29.0403707 ], [ 79.4830691, 29.0389945 ], [ 79.479304, 29.0361202 ], [ 79.4787139, 29.0352895 ], [ 79.4806135, 29.0321977 ], [ 79.4804189, 29.0304669 ], [ 79.479605, 29.0279277 ], [ 79.4782048, 29.026972 ], [ 79.4760484, 29.0247017 ], [ 79.4755909, 29.0231767 ], [ 79.4753852, 29.0208652 ], [ 79.4758118, 29.0199325 ], [ 79.4794724, 29.0174812 ], [ 79.4794289, 29.016215 ], [ 79.4782664, 29.0140009 ], [ 79.4766211, 29.0124489 ], [ 79.4749297, 29.0121231 ], [ 79.4740044, 29.0115621 ], [ 79.4722783, 29.0098826 ], [ 79.4715275, 29.0084853 ], [ 79.4713412, 29.0063816 ], [ 79.4716346, 29.0021628 ], [ 79.4713689, 28.9998723 ], [ 79.4716817, 28.9903118 ], [ 79.4644266, 28.9900985 ], [ 79.4568094, 28.9904278 ], [ 79.4443249, 28.9899355 ], [ 79.4379496, 28.9893691 ], [ 79.436468, 28.9896951 ], [ 79.4259291, 28.9891982 ], [ 79.4258522, 28.9905745 ], [ 79.426725, 28.991926 ], [ 79.4270529, 28.9931853 ], [ 79.4274578, 28.9930514 ], [ 79.4278663, 28.9935211 ], [ 79.4291206, 28.9928824 ], [ 79.4292606, 28.9931368 ], [ 79.4286514, 28.9944209 ], [ 79.4293457, 28.9941639 ], [ 79.4293095, 28.9950438 ], [ 79.430489, 28.9953188 ], [ 79.4307375, 28.9956977 ], [ 79.4299091, 28.9958358 ], [ 79.4300804, 28.9962652 ], [ 79.4298214, 28.9967664 ], [ 79.429289, 28.9967081 ], [ 79.4297544, 28.9973811 ], [ 79.429229, 28.9986034 ], [ 79.4300456, 28.9982396 ], [ 79.4300097, 28.9990858 ], [ 79.4307824, 28.999896 ], [ 79.4307946, 29.0021763 ], [ 79.4288055, 29.0100556 ], [ 79.4285992, 29.0152397 ], [ 79.4268827, 29.0193727 ], [ 79.4268617, 29.0202714 ], [ 79.4303229, 29.0224751 ], [ 79.4306341, 29.0248147 ], [ 79.4315161, 29.0258376 ], [ 79.4353699, 29.0266774 ], [ 79.4363072, 29.0272708 ], [ 79.4372971, 29.0297206 ], [ 79.4369545, 29.0352664 ], [ 79.438512, 29.0364092 ], [ 79.4403377, 29.0394798 ], [ 79.4383031, 29.0407538 ], [ 79.4381496, 29.0422982 ], [ 79.4427674, 29.04681 ], [ 79.4432756, 29.0479892 ], [ 79.4424273, 29.0514301 ], [ 79.4464116, 29.0513605 ] ] ] } },
{ "type": "Feature", "properties": { "gp_code": "27272", "gp_name": "CHHATARPUR", "blkname": "RUDRAPUR", "dtname": "Udam Singh Nagar", "SHAPE_Area": 16459093.125219651 }, "geometry": { "type": "Polygon", "coordinates": [ [ [ 79.4356344, 29.0835491 ], [ 79.4159539, 29.0514364 ], [ 79.4126119, 29.0507097 ], [ 79.4115041, 29.048447 ], [ 79.408514, 29.047023 ], [ 79.4068236, 29.0453708 ], [ 79.405284, 29.0444544 ], [ 79.4044767, 29.045536 ], [ 79.4028857, 29.0455301 ], [ 79.4021614, 29.0438302 ], [ 79.4024515, 29.042577 ], [ 79.4017316, 29.0418018 ], [ 79.4011947, 29.0417354 ], [ 79.4000928, 29.042375 ], [ 79.3994874, 29.0413213 ], [ 79.3992723, 29.0401562 ], [ 79.39838, 29.0389477 ], [ 79.3968656, 29.0398112 ], [ 79.3950404, 29.0369057 ], [ 79.3916362, 29.0357308 ], [ 79.3906322, 29.0345929 ], [ 79.3906852, 29.0337562 ], [ 79.3902464, 29.0330123 ], [ 79.3885495, 29.0311087 ], [ 79.3870019, 29.0280771 ], [ 79.3852542, 29.0260104 ], [ 79.383114, 29.0209286 ], [ 79.3822802, 29.0196672 ], [ 79.378375, 29.0199539 ], [ 79.3761815, 29.0206218 ], [ 79.3740756, 29.0204522 ], [ 79.3725099, 29.0210899 ], [ 79.37147, 29.0225344 ], [ 79.3735697, 29.0244845 ], [ 79.3730853, 29.0264794 ], [ 79.372481, 29.0274864 ], [ 79.3726537, 29.027882 ], [ 79.3738759, 29.0281062 ], [ 79.3741745, 29.0284301 ], [ 79.3745278, 29.0300397 ], [ 79.3751001, 29.0304259 ], [ 79.3765114, 29.0302888 ], [ 79.3775417, 29.0314447 ], [ 79.3798664, 29.0317142 ], [ 79.3811056, 29.0327092 ], [ 79.3833224, 29.0338224 ], [ 79.3891933, 29.0355708 ], [ 79.3895406, 29.0379874 ], [ 79.3900224, 29.0395893 ], [ 79.3906273, 29.0402419 ], [ 79.3909323, 29.0424123 ], [ 79.3929432, 29.0447896 ], [ 79.3946588, 29.0455989 ], [ 79.3954684, 29.0466752 ], [ 79.3968257, 29.0474428 ], [ 79.3976418, 29.050548 ], [ 79.3971007, 29.0533048 ], [ 79.3962051, 29.0543355 ], [ 79.3962581, 29.0562666 ], [ 79.3969983, 29.0571669 ], [ 79.3982699, 29.0575488 ], [ 79.3989432, 29.0587121 ], [ 79.4003754, 29.0594854 ], [ 79.4014308, 29.0607071 ], [ 79.4023278, 29.0611273 ], [ 79.4028349, 29.062132 ], [ 79.4065652, 29.0644394 ], [ 79.4078382, 29.0656606 ], [ 79.4085416, 29.0672828 ], [ 79.4081527, 29.0676544 ], [ 79.4068777, 29.0679239 ], [ 79.4064362, 29.0685884 ], [ 79.4053237, 29.069103 ], [ 79.4050004, 29.0697562 ], [ 79.4048627, 29.0714819 ], [ 79.4054791, 29.0731516 ], [ 79.4083466, 29.0774988 ], [ 79.4123446, 29.0812217 ], [ 79.4147921, 29.0840043 ], [ 79.4167145, 29.0906818 ], [ 79.4179577, 29.0936457 ], [ 79.4205801, 29.0971816 ], [ 79.4356344, 29.0835491 ] ] ] } },
{ "type": "Feature", "properties": { "gp_code": "260375", "gp_name": "KALYAN PUR", "blkname": "RUDRAPUR", "dtname": "Udam Singh Nagar", "SHAPE_Area": 34860931.38505809 }, "geometry": { "type": "Polygon", "coordinates": [ [ [ 79.4159539, 29.0514364 ], [ 79.4424273, 29.0514301 ], [ 79.4432756, 29.0479892 ], [ 79.4427674, 29.04681 ], [ 79.4381496, 29.0422982 ], [ 79.4383031, 29.0407538 ], [ 79.4403377, 29.0394798 ], [ 79.438512, 29.0364092 ], [ 79.4369545, 29.0352664 ], [ 79.437323, 29.0314214 ], [ 79.4369131, 29.0282601 ], [ 79.4363072, 29.0272708 ], [ 79.4353699, 29.0266774 ], [ 79.4315161, 29.0258376 ], [ 79.4306341, 29.0248147 ], [ 79.4303229, 29.0224751 ], [ 79.4268617, 29.0202714 ], [ 79.4268827, 29.0193727 ], [ 79.4285992, 29.0152397 ], [ 79.4288055, 29.0100556 ], [ 79.4307946, 29.0021763 ], [ 79.4307824, 28.999896 ], [ 79.4300097, 28.9990858 ], [ 79.4300456, 28.9982396 ], [ 79.429229, 28.9986034 ], [ 79.4297544, 28.9973811 ], [ 79.429289, 28.9967081 ], [ 79.4298214, 28.9967664 ], [ 79.4300804, 28.9962652 ], [ 79.4299091, 28.9958358 ], [ 79.4307375, 28.9956977 ], [ 79.430489, 28.9953188 ], [ 79.4293095, 28.9950438 ], [ 79.4293457, 28.9941639 ], [ 79.4286514, 28.9944209 ], [ 79.4292606, 28.9931368 ], [ 79.4291206, 28.9928824 ], [ 79.4278663, 28.9935211 ], [ 79.4274578, 28.9930514 ], [ 79.4270529, 28.9931853 ], [ 79.426725, 28.991926 ], [ 79.4258522, 28.9905745 ], [ 79.4259291, 28.9891982 ], [ 79.4222073, 28.9892658 ], [ 79.4171698, 28.9932462 ], [ 79.4132035, 28.9954085 ], [ 79.4127973, 28.9959511 ], [ 79.4093015, 28.9971556 ], [ 79.4055561, 28.9977203 ], [ 79.3878358, 28.9988831 ], [ 79.3825027, 29.0000126 ], [ 79.3822086, 29.0051618 ], [ 79.381002, 29.0072387 ], [ 79.3823512, 29.0108276 ], [ 79.3823949, 29.0118578 ], [ 79.3814038, 29.0147725 ], [ 79.3822802, 29.0196672 ], [ 79.383114, 29.0209286 ], [ 79.3852542, 29.0260104 ], [ 79.3870019, 29.0280771 ], [ 79.3885495, 29.0311087 ], [ 79.3902464, 29.0330123 ], [ 79.3906852, 29.0337562 ], [ 79.3906322, 29.0345929 ], [ 79.3916362, 29.0357308 ], [ 79.3950404, 29.0369057 ], [ 79.3968656, 29.0398112 ], [ 79.39838, 29.0389477 ], [ 79.3992723, 29.0401562 ], [ 79.3994874, 29.0413213 ], [ 79.4000928, 29.042375 ], [ 79.4011947, 29.0417354 ], [ 79.4017316, 29.0418018 ], [ 79.4024515, 29.042577 ], [ 79.4021614, 29.0438302 ], [ 79.4028857, 29.0455301 ], [ 79.4044767, 29.045536 ], [ 79.405284, 29.0444544 ], [ 79.4068236, 29.0453708 ], [ 79.408514, 29.047023 ], [ 79.4115041, 29.048447 ], [ 79.4126119, 29.0507097 ], [ 79.4159539, 29.0514364 ] ] ] } },
{ "type": "Feature", "properties": { "gp_code": "260019", "gp_name": "Mat Kota", "blkname": "RUDRAPUR", "dtname": "Udam Singh Nagar", "SHAPE_Area": 3173481.0047244006 }, "geometry": { "type": "Polygon", "coordinates": [ [ [ 79.3822802, 29.0196672 ], [ 79.3814038, 29.0147725 ], [ 79.3823949, 29.0118578 ], [ 79.3823512, 29.0108276 ], [ 79.381002, 29.0072387 ], [ 79.3822086, 29.0051618 ], [ 79.3825027, 29.0000126 ], [ 79.382298, 28.9996652 ], [ 79.3739934, 28.9996844 ], [ 79.3700367, 29.0002755 ], [ 79.3680668, 29.0018663 ], [ 79.3660519, 29.0023 ], [ 79.3657515, 29.0027986 ], [ 79.3662671, 29.0038049 ], [ 79.3688115, 29.0055243 ], [ 79.3699673, 29.0073674 ], [ 79.3719565, 29.0096128 ], [ 79.3726961, 29.0132365 ], [ 79.3734536, 29.0142853 ], [ 79.3736582, 29.0160944 ], [ 79.3733661, 29.0207411 ], [ 79.3740756, 29.0204522 ], [ 79.3761815, 29.0206218 ], [ 79.378375, 29.0199539 ], [ 79.3822802, 29.0196672 ] ] ] } },
{ "type": "Feature", "properties": { "gp_code": "27110", "gp_name": "JAINAGAR", "blkname": "GADARPUR", "dtname": "Udam Singh Nagar", "SHAPE_Area": 8751131.5082188882 }, "geometry": { "type": "Polygon", "coordinates": [ [ [ 79.4003754, 29.0594854 ], [ 79.3989432, 29.0587121 ], [ 79.3982699, 29.0575488 ], [ 79.3969983, 29.0571669 ], [ 79.3962581, 29.0562666 ], [ 79.3962051, 29.0543355 ], [ 79.3971007, 29.0533048 ], [ 79.397638, 29.04981 ], [ 79.3971176, 29.0489962 ], [ 79.3968257, 29.0474428 ], [ 79.3954684, 29.0466752 ], [ 79.3946588, 29.0455989 ], [ 79.3929432, 29.0447896 ], [ 79.3909323, 29.0424123 ], [ 79.3906273, 29.0402419 ], [ 79.3900224, 29.0395893 ], [ 79.3895406, 29.0379874 ], [ 79.3891933, 29.0355708 ], [ 79.3833224, 29.0338224 ], [ 79.3811056, 29.0327092 ], [ 79.3798664, 29.0317142 ], [ 79.3775417, 29.0314447 ], [ 79.3765114, 29.0302888 ], [ 79.3751001, 29.0304259 ], [ 79.3745278, 29.0300397 ], [ 79.3738759, 29.0281062 ], [ 79.3694557, 29.0275899 ], [ 79.3666596, 29.0284796 ], [ 79.3644712, 29.0286658 ], [ 79.3650571, 29.0314245 ], [ 79.3640534, 29.03236 ], [ 79.3634, 29.0336127 ], [ 79.3636784, 29.0340752 ], [ 79.3653336, 29.0350796 ], [ 79.365724, 29.0369854 ], [ 79.3654886, 29.0381809 ], [ 79.3660464, 29.0389342 ], [ 79.3665745, 29.0407066 ], [ 79.3701411, 29.0428128 ], [ 79.3702745, 29.0437022 ], [ 79.3712947, 29.0451411 ], [ 79.3731616, 29.0467073 ], [ 79.3728974, 29.0484832 ], [ 79.373137, 29.0488605 ], [ 79.3755872, 29.0499475 ], [ 79.3763524, 29.0506448 ], [ 79.3766661, 29.0514214 ], [ 79.3802833, 29.052653 ], [ 79.3826556, 29.0538694 ], [ 79.3855749, 29.0546214 ], [ 79.3866965, 29.0564225 ], [ 79.3870006, 29.0576742 ], [ 79.3868626, 29.0589809 ], [ 79.3878615, 29.0613682 ], [ 79.3893248, 29.0633148 ], [ 79.3989794, 29.0614452 ], [ 79.4003754, 29.0594854 ] ] ] } },
{ "type": "Feature", "properties": { "gp_code": "27116", "gp_name": "KOPA", "blkname": "GADARPUR", "dtname": "Udam Singh Nagar", "SHAPE_Area": 5881583.4575934922 }, "geometry": { "type": "Polygon", "coordinates": [ [ [ 79.3397356, 29.1193473 ], [ 79.3350076, 29.1157785 ], [ 79.3332656, 29.113742 ], [ 79.3314784, 29.1130982 ], [ 79.330432, 29.1110536 ], [ 79.3284786, 29.1088295 ], [ 79.3209045, 29.1111781 ], [ 79.3181487, 29.1125705 ], [ 79.3163, 29.1125627 ], [ 79.3155383, 29.1137965 ], [ 79.3159144, 29.1172693 ], [ 79.317629, 29.1209186 ], [ 79.3220824, 29.1278389 ], [ 79.324001, 29.129409 ], [ 79.3250903, 29.1320445 ], [ 79.3290813, 29.1366045 ], [ 79.3298366, 29.1388954 ], [ 79.3315558, 29.1384584 ], [ 79.3338486, 29.1360451 ], [ 79.3342274, 29.1345093 ], [ 79.3349915, 29.1348783 ], [ 79.3359331, 29.1333753 ], [ 79.3338956, 29.1283106 ], [ 79.3333004, 29.1277123 ], [ 79.3346797, 29.1266545 ], [ 79.3396343, 29.1260897 ], [ 79.3408176, 29.1244373 ], [ 79.3408508, 29.1224274 ], [ 79.3397356, 29.1193473 ] ] ] } },
{ "type": "Feature", "properties": { "gp_code": "27117", "gp_name": "KULHA", "blkname": "GADARPUR", "dtname": "Udam Singh Nagar", "SHAPE_Area": 15333009.16655466 }, "geometry": { "type": "Polygon", "coordinates": [ [ [ 79.3542476, 29.0937421 ], [ 79.3524047, 29.0926816 ], [ 79.348221, 29.0914664 ], [ 79.3497909, 29.0901086 ], [ 79.3480848, 29.0888355 ], [ 79.3473926, 29.0871766 ], [ 79.345433, 29.085096 ], [ 79.3385042, 29.0885188 ], [ 79.337165, 29.0876928 ], [ 79.3330529, 29.0874464 ], [ 79.3301309, 29.08897 ], [ 79.3284938, 29.086857 ], [ 79.3249573, 29.0883647 ], [ 79.3247325, 29.0891539 ], [ 79.3239335, 29.0898346 ], [ 79.3207813, 29.0898137 ], [ 79.3150952, 29.0915524 ], [ 79.3117721, 29.093412 ], [ 79.309369, 29.0940457 ], [ 79.3089178, 29.0946065 ], [ 79.3063662, 29.0961105 ], [ 79.3054403, 29.0955568 ], [ 79.3051702, 29.0902681 ], [ 79.3021413, 29.0942654 ], [ 79.3010637, 29.0947754 ], [ 79.300287, 29.0959057 ], [ 79.2986648, 29.0972042 ], [ 79.2977494, 29.0986022 ], [ 79.299972, 29.1006775 ], [ 79.3019833, 29.1020259 ], [ 79.3032707, 29.1015589 ], [ 79.3046447, 29.1015648 ], [ 79.3063975, 29.1008265 ], [ 79.3094715, 29.1005765 ], [ 79.3108437, 29.1008895 ], [ 79.311926, 29.1016938 ], [ 79.3126977, 29.1030859 ], [ 79.3133718, 29.1035606 ], [ 79.3142237, 29.1029005 ], [ 79.3152458, 29.1032778 ], [ 79.3161313, 29.1050715 ], [ 79.3177524, 29.1069699 ], [ 79.3163, 29.1125627 ], [ 79.3181487, 29.1125705 ], [ 79.3209045, 29.1111781 ], [ 79.3284786, 29.1088295 ], [ 79.330432, 29.1110536 ], [ 79.3314784, 29.1130982 ], [ 79.3332656, 29.113742 ], [ 79.3350076, 29.1157785 ], [ 79.3397356, 29.1193473 ], [ 79.3399768, 29.1174568 ], [ 79.3394196, 29.1135887 ], [ 79.3409787, 29.1121069 ], [ 79.3479404, 29.1177549 ], [ 79.3506499, 29.1186579 ], [ 79.3509434, 29.1179787 ], [ 79.3535868, 29.1188597 ], [ 79.3544311, 29.117788 ], [ 79.3521044, 29.1132974 ], [ 79.352217, 29.1110198 ], [ 79.3552077, 29.1052612 ], [ 79.3530536, 29.1018463 ], [ 79.3533095, 29.1001551 ], [ 79.3544278, 29.0980742 ], [ 79.355753, 29.09741 ], [ 79.3542406, 29.0950822 ], [ 79.3542476, 29.0937421 ] ] ] } },
{ "type": "Feature", "properties": { "gp_code": "260036", "gp_name": "Jaganpuri", "blkname": "GADARPUR", "dtname": "Udam Singh Nagar", "SHAPE_Area": 1792676.059643981 }, "geometry": { "type": "Polygon", "coordinates": [ [ [ 79.345433, 29.085096 ], [ 79.3428103, 29.0813653 ], [ 79.3431245, 29.0797801 ], [ 79.3420225, 29.0792119 ], [ 79.3406847, 29.0794076 ], [ 79.3381382, 29.076958 ], [ 79.3328643, 29.0790763 ], [ 79.3299799, 29.0774462 ], [ 79.3292615, 29.0776959 ], [ 79.3293144, 29.0789364 ], [ 79.3302345, 29.0786881 ], [ 79.3310574, 29.0791266 ], [ 79.3318027, 29.0800254 ], [ 79.3323726, 29.0816543 ], [ 79.3306161, 29.08239 ], [ 79.3286505, 29.0855851 ], [ 79.3284938, 29.086857 ], [ 79.3301309, 29.08897 ], [ 79.3330529, 29.0874464 ], [ 79.337165, 29.0876928 ], [ 79.3385042, 29.0885188 ], [ 79.345433, 29.085096 ] ] ] } },
{ "type": "Feature", "properties": { "gp_code": "27120", "gp_name": "MADNAPUR", "blkname": "GADARPUR", "dtname": "Udam Singh Nagar", "SHAPE_Area": 10869929.370544709 }, "geometry": { "type": "Polygon", "coordinates": [ [ [ 79.3150952, 29.0915524 ], [ 79.3223588, 29.0896614 ], [ 79.3239335, 29.0898346 ], [ 79.3247325, 29.0891539 ], [ 79.3249573, 29.0883647 ], [ 79.3284938, 29.086857 ], [ 79.3286505, 29.0855851 ], [ 79.3297861, 29.0834397 ], [ 79.3306161, 29.08239 ], [ 79.3323726, 29.0816543 ], [ 79.3318027, 29.0800254 ], [ 79.3310574, 29.0791266 ], [ 79.3302345, 29.0786881 ], [ 79.3293144, 29.0789364 ], [ 79.3292615, 29.0776959 ], [ 79.3299799, 29.0774462 ], [ 79.3328643, 29.0790763 ], [ 79.3381382, 29.076958 ], [ 79.3367975, 29.0754605 ], [ 79.3289603, 29.070216 ], [ 79.3272397, 29.069409 ], [ 79.32642, 29.0685938 ], [ 79.3264232, 29.0680014 ], [ 79.3257778, 29.0672965 ], [ 79.3250036, 29.0672933 ], [ 79.3240969, 29.0686937 ], [ 79.3228985, 29.0686228 ], [ 79.3212971, 29.0691865 ], [ 79.3199056, 29.0707973 ], [ 79.3169691, 29.0671913 ], [ 79.3160445, 29.0665651 ], [ 79.3153851, 29.0665623 ], [ 79.3141591, 29.0674368 ], [ 79.3135727, 29.0674772 ], [ 79.3128867, 29.0667637 ], [ 79.3122935, 29.0647252 ], [ 79.3127983, 29.0617876 ], [ 79.3123385, 29.0613378 ], [ 79.3113837, 29.0612328 ], [ 79.3089638, 29.0618141 ], [ 79.3077166, 29.0615139 ], [ 79.307026, 29.0626376 ], [ 79.3084358, 29.0645155 ], [ 79.3073336, 29.0650901 ], [ 79.3060674, 29.064398 ], [ 79.3049274, 29.064659 ], [ 79.3048745, 29.0686092 ], [ 79.3028544, 29.0711646 ], [ 79.3032128, 29.0716012 ], [ 79.3032713, 29.0725379 ], [ 79.3022029, 29.0736941 ], [ 79.3020247, 29.074486 ], [ 79.3014246, 29.0743818 ], [ 79.3006007, 29.0780425 ], [ 79.3005903, 29.0798877 ], [ 79.2995253, 29.0811061 ], [ 79.2980415, 29.0819192 ], [ 79.2980371, 29.0826952 ], [ 79.2986408, 29.0830371 ], [ 79.298956, 29.0837907 ], [ 79.298287, 29.0850383 ], [ 79.2985373, 29.0857722 ], [ 79.2983687, 29.088242 ], [ 79.2979375, 29.0894029 ], [ 79.2991482, 29.0913332 ], [ 79.297977, 29.093462 ], [ 79.2982482, 29.094032 ], [ 79.2994064, 29.0946859 ], [ 79.3000946, 29.0944585 ], [ 79.3007611, 29.0936497 ], [ 79.3012644, 29.0939696 ], [ 79.3011476, 29.09488 ], [ 79.3021413, 29.0942654 ], [ 79.3051702, 29.0902681 ], [ 79.3054403, 29.0955568 ], [ 79.3063662, 29.0961105 ], [ 79.3089178, 29.0946065 ], [ 79.309369, 29.0940457 ], [ 79.3117721, 29.093412 ], [ 79.3150952, 29.0915524 ] ] ] } },
{ "type": "Feature", "properties": { "gp_code": "27114", "gp_name": "KHATAULA", "blkname": "GADARPUR", "dtname": "Udam Singh Nagar", "SHAPE_Area": 5141408.9225213267 }, "geometry": { "type": "Polygon", "coordinates": [ [ [ 79.3353325, 29.0505953 ], [ 79.3349289, 29.0507897 ], [ 79.3346614, 29.0517732 ], [ 79.3350713, 29.054229 ], [ 79.3306275, 29.0589453 ], [ 79.329074, 29.0598824 ], [ 79.3272189, 29.0601737 ], [ 79.3252077, 29.061632 ], [ 79.3244813, 29.0646053 ], [ 79.3234433, 29.0662893 ], [ 79.3250036, 29.0672933 ], [ 79.3257778, 29.0672965 ], [ 79.3264232, 29.0680014 ], [ 79.32642, 29.0685938 ], [ 79.3272397, 29.069409 ], [ 79.3289603, 29.070216 ], [ 79.3367975, 29.0754605 ], [ 79.3381382, 29.076958 ], [ 79.3398417, 29.0755914 ], [ 79.3423094, 29.0722141 ], [ 79.3461987, 29.0687633 ], [ 79.3488524, 29.0656902 ], [ 79.3481836, 29.0617503 ], [ 79.3477618, 29.0612439 ], [ 79.3479705, 29.0603326 ], [ 79.3485066, 29.0598472 ], [ 79.3463554, 29.0580128 ], [ 79.3457072, 29.0578127 ], [ 79.3440805, 29.0560098 ], [ 79.3426226, 29.0555621 ], [ 79.3401121, 29.0533796 ], [ 79.3353325, 29.0505953 ] ] ] } },
{ "type": "Feature", "properties": { "gp_code": "262926", "gp_name": "SRIRAMPURAM", "blkname": "GADARPUR", "dtname": "Udam Singh Nagar", "SHAPE_Area": 6283430.172617726 }, "geometry": { "type": "Polygon", "coordinates": [ [ [ 79.3650308, 29.0643467 ], [ 79.3649464, 29.0637048 ], [ 79.361921, 29.0613008 ], [ 79.3612781, 29.0600696 ], [ 79.3584417, 29.0565497 ], [ 79.3573323, 29.0543194 ], [ 79.3552936, 29.0537255 ], [ 79.3533445, 29.0536863 ], [ 79.3525236, 29.0532108 ], [ 79.3523786, 29.0523563 ], [ 79.3511079, 29.0517569 ], [ 79.3496453, 29.050498 ], [ 79.3475703, 29.0501847 ], [ 79.3465241, 29.0489955 ], [ 79.3454799, 29.0488378 ], [ 79.3360261, 29.0500594 ], [ 79.3353325, 29.0505953 ], [ 79.3401121, 29.0533796 ], [ 79.3426226, 29.0555621 ], [ 79.3440805, 29.0560098 ], [ 79.3457072, 29.0578127 ], [ 79.3463554, 29.0580128 ], [ 79.3485066, 29.0598472 ], [ 79.3479705, 29.0603326 ], [ 79.3477618, 29.0612439 ], [ 79.3481836, 29.0617503 ], [ 79.3488524, 29.0656902 ], [ 79.3461987, 29.0687633 ], [ 79.3423094, 29.0722141 ], [ 79.3398417, 29.0755914 ], [ 79.3381382, 29.076958 ], [ 79.3406847, 29.0794076 ], [ 79.3420225, 29.0792119 ], [ 79.3431245, 29.0797801 ], [ 79.3428103, 29.0813653 ], [ 79.345433, 29.085096 ], [ 79.347913, 29.0811448 ], [ 79.3492923, 29.0800753 ], [ 79.3549182, 29.0740973 ], [ 79.3582836, 29.0713723 ], [ 79.3650308, 29.0643467 ] ] ] } },
{ "type": "Feature", "properties": { "gp_code": "27102", "gp_name": "DHEEMARIBLOCK", "blkname": "GADARPUR", "dtname": "Udam Singh Nagar", "SHAPE_Area": 2282066.2945228713 }, "geometry": { "type": "Polygon", "coordinates": [ [ [ 79.3650308, 29.0643467 ], [ 79.3582836, 29.0713723 ], [ 79.3549182, 29.0740973 ], [ 79.3492923, 29.0800753 ], [ 79.347913, 29.0811448 ], [ 79.345509, 29.0846784 ], [ 79.345433, 29.085096 ], [ 79.3477172, 29.0876987 ], [ 79.3480848, 29.0888355 ], [ 79.3497909, 29.0901086 ], [ 79.348221, 29.0914664 ], [ 79.3524047, 29.0926816 ], [ 79.3542476, 29.0937421 ], [ 79.3548817, 29.0923511 ], [ 79.3531683, 29.0893502 ], [ 79.3530788, 29.0875708 ], [ 79.3581826, 29.0782301 ], [ 79.3601034, 29.0761002 ], [ 79.3637455, 29.0690417 ], [ 79.3650308, 29.0643467 ] ] ] } },
{ "type": "Feature", "properties": { "gp_code": "262927", "gp_name": "VIJAY NAGAR", "blkname": "GADARPUR", "dtname": "Udam Singh Nagar", "SHAPE_Area": 14194922.847864918 }, "geometry": { "type": "Polygon", "coordinates": [ [ [ 79.3893248, 29.0633148 ], [ 79.3878615, 29.0613682 ], [ 79.3868626, 29.0589809 ], [ 79.3870006, 29.0576742 ], [ 79.3866965, 29.0564225 ], [ 79.3855749, 29.0546214 ], [ 79.3826556, 29.0538694 ], [ 79.3802833, 29.052653 ], [ 79.3766661, 29.0514214 ], [ 79.3763524, 29.0506448 ], [ 79.3755872, 29.0499475 ], [ 79.373137, 29.0488605 ], [ 79.3728974, 29.0484832 ], [ 79.3731616, 29.0467073 ], [ 79.3712947, 29.0451411 ], [ 79.3702745, 29.0437022 ], [ 79.3701411, 29.0428128 ], [ 79.3665745, 29.0407066 ], [ 79.3660464, 29.0389342 ], [ 79.3654886, 29.0381809 ], [ 79.365724, 29.0369854 ], [ 79.3653336, 29.0350796 ], [ 79.3636784, 29.0340752 ], [ 79.3634, 29.0336127 ], [ 79.3640534, 29.03236 ], [ 79.3650571, 29.0314245 ], [ 79.3646455, 29.030248 ], [ 79.3645136, 29.027142 ], [ 79.3640392, 29.0260737 ], [ 79.3649783, 29.0251513 ], [ 79.3634906, 29.0242839 ], [ 79.3631462, 29.0229375 ], [ 79.3613017, 29.0219314 ], [ 79.34901, 29.0200949 ], [ 79.3485651, 29.0201931 ], [ 79.3477711, 29.0212487 ], [ 79.3470166, 29.0231125 ], [ 79.3457332, 29.0235511 ], [ 79.3381638, 29.0247342 ], [ 79.3391982, 29.0264603 ], [ 79.3428122, 29.0309708 ], [ 79.3429761, 29.0322804 ], [ 79.3446355, 29.0350077 ], [ 79.3449196, 29.0364513 ], [ 79.3448614, 29.0411237 ], [ 79.345957, 29.0428823 ], [ 79.3467739, 29.0454124 ], [ 79.346749, 29.0462328 ], [ 79.3462088, 29.0472286 ], [ 79.3465241, 29.0489955 ], [ 79.3475703, 29.0501847 ], [ 79.3496453, 29.050498 ], [ 79.3511079, 29.0517569 ], [ 79.3523786, 29.0523563 ], [ 79.3525236, 29.0532108 ], [ 79.3533445, 29.0536863 ], [ 79.3552936, 29.0537255 ], [ 79.3573323, 29.0543194 ], [ 79.3584417, 29.0565497 ], [ 79.3612781, 29.0600696 ], [ 79.361921, 29.0613008 ], [ 79.3649464, 29.0637048 ], [ 79.3650308, 29.0643467 ], [ 79.3666993, 29.061286 ], [ 79.3685343, 29.0597745 ], [ 79.3725846, 29.0597036 ], [ 79.374805, 29.0601028 ], [ 79.3765229, 29.0614018 ], [ 79.3772554, 29.0638876 ], [ 79.3767519, 29.0657949 ], [ 79.3800602, 29.0659813 ], [ 79.3874772, 29.064274 ], [ 79.3893248, 29.0633148 ] ] ] } },
{ "type": "Feature", "properties": { "gp_code": "27128", "gp_name": "RAIPUR", "blkname": "GADARPUR", "dtname": "Udam Singh Nagar", "SHAPE_Area": 4717564.7601659149 }, "geometry": { "type": "Polygon", "coordinates": [ [ [ 79.3726537, 29.027882 ], [ 79.372481, 29.0274864 ], [ 79.3735585, 29.0250168 ], [ 79.3734218, 29.0241109 ], [ 79.3708233, 29.0220601 ], [ 79.3691833, 29.0217222 ], [ 79.3669813, 29.0201779 ], [ 79.3662092, 29.0187615 ], [ 79.3649053, 29.0174617 ], [ 79.3634696, 29.0175109 ], [ 79.3614158, 29.0164056 ], [ 79.3608316, 29.0159205 ], [ 79.3604261, 29.0146791 ], [ 79.3595085, 29.0135105 ], [ 79.3570521, 29.0130309 ], [ 79.3566786, 29.0119462 ], [ 79.3555706, 29.0112987 ], [ 79.3522906, 29.0109753 ], [ 79.3505445, 29.0095067 ], [ 79.3484105, 29.0091231 ], [ 79.3474809, 29.0085337 ], [ 79.346156, 29.0082472 ], [ 79.3436104, 29.0064681 ], [ 79.3423465, 29.0064213 ], [ 79.3412922, 29.0077575 ], [ 79.3404916, 29.0078839 ], [ 79.340165, 29.0076435 ], [ 79.3402324, 29.0081313 ], [ 79.3414837, 29.0096509 ], [ 79.3410144, 29.0109099 ], [ 79.3419585, 29.0121109 ], [ 79.3416044, 29.0147321 ], [ 79.3419911, 29.0159868 ], [ 79.34125, 29.0171126 ], [ 79.3399652, 29.017676 ], [ 79.3397646, 29.0186838 ], [ 79.3391142, 29.0193141 ], [ 79.3368078, 29.0209498 ], [ 79.3366306, 29.02263 ], [ 79.3380296, 29.0235371 ], [ 79.3381638, 29.0247342 ], [ 79.3457332, 29.0235511 ], [ 79.3470166, 29.0231125 ], [ 79.3477711, 29.0212487 ], [ 79.3485651, 29.0201931 ], [ 79.3500478, 29.0200669 ], [ 79.3530131, 29.020813 ], [ 79.3613017, 29.0219314 ], [ 79.3631462, 29.0229375 ], [ 79.3634906, 29.0242839 ], [ 79.3649783, 29.0251513 ], [ 79.3640392, 29.0260737 ], [ 79.3645136, 29.027142 ], [ 79.3644712, 29.0286658 ], [ 79.3666596, 29.0284796 ], [ 79.3694557, 29.0275899 ], [ 79.3726537, 29.027882 ] ] ] } },
{ "type": "Feature", "properties": { "gp_code": "27271", "gp_name": "BINDUKHERA", "blkname": "RUDRAPUR", "dtname": "Udam Singh Nagar", "SHAPE_Area": 7727462.0548950499 }, "geometry": { "type": "Polygon", "coordinates": [ [ [ 79.3733661, 29.0207411 ], [ 79.3736582, 29.0160944 ], [ 79.3734536, 29.0142853 ], [ 79.3726961, 29.0132365 ], [ 79.3719565, 29.0096128 ], [ 79.3699673, 29.0073674 ], [ 79.3688115, 29.0055243 ], [ 79.3662671, 29.0038049 ], [ 79.3657515, 29.0027986 ], [ 79.3637521, 29.0010451 ], [ 79.3630554, 29.0000398 ], [ 79.364054, 28.9991825 ], [ 79.3671948, 28.9982631 ], [ 79.3688119, 28.9965214 ], [ 79.3690237, 28.9951341 ], [ 79.3673902, 28.9928505 ], [ 79.3666089, 28.9930249 ], [ 79.3653904, 28.994487 ], [ 79.3643036, 28.9938675 ], [ 79.3618364, 28.9947923 ], [ 79.3602751, 28.9948807 ], [ 79.3547916, 28.9962074 ], [ 79.3524816, 28.9953581 ], [ 79.3509841, 28.9960974 ], [ 79.3493639, 28.9945647 ], [ 79.3502051, 28.993255 ], [ 79.3501035, 28.9921071 ], [ 79.3517178, 28.9896056 ], [ 79.3516531, 28.9891114 ], [ 79.346601, 28.9928529 ], [ 79.3426809, 28.9975157 ], [ 79.3409604, 28.9987715 ], [ 79.3410506, 28.9982661 ], [ 79.3405559, 28.9976608 ], [ 79.3390387, 28.9970335 ], [ 79.3390285, 28.9976841 ], [ 79.3381911, 28.9979143 ], [ 79.3385524, 28.9982884 ], [ 79.3381431, 28.9990704 ], [ 79.337556, 28.9987545 ], [ 79.3360919, 28.9995145 ], [ 79.3368726, 29.0010111 ], [ 79.3382638, 29.0020268 ], [ 79.3404323, 29.0023879 ], [ 79.3407566, 29.0027356 ], [ 79.3414085, 29.0044425 ], [ 79.3399241, 29.0057178 ], [ 79.3397245, 29.006619 ], [ 79.3399819, 29.0075087 ], [ 79.3404916, 29.0078839 ], [ 79.3412922, 29.0077575 ], [ 79.3423465, 29.0064213 ], [ 79.3436104, 29.0064681 ], [ 79.346156, 29.0082472 ], [ 79.3474809, 29.0085337 ], [ 79.3484105, 29.0091231 ], [ 79.3505445, 29.0095067 ], [ 79.3522906, 29.0109753 ], [ 79.3561987, 29.0115244 ], [ 79.3566786, 29.0119462 ], [ 79.3570521, 29.0130309 ], [ 79.3595085, 29.0135105 ], [ 79.3604261, 29.0146791 ], [ 79.3608316, 29.0159205 ], [ 79.3614158, 29.0164056 ], [ 79.3628589, 29.017322 ], [ 79.3652661, 29.0176936 ], [ 79.3669813, 29.0201779 ], [ 79.3691833, 29.0217222 ], [ 79.3708233, 29.0220601 ], [ 79.37147, 29.0225344 ], [ 79.3725099, 29.0210899 ], [ 79.3733661, 29.0207411 ] ] ] } },
{ "type": "Feature", "properties": { "gp_code": "260037", "gp_name": "Amarpur", "blkname": "GADARPUR", "dtname": "Udam Singh Nagar", "SHAPE_Area": 3793546.2793955202 }, "geometry": { "type": "Polygon", "coordinates": [ [ [ 79.3381638, 29.0247342 ], [ 79.3380296, 29.0235371 ], [ 79.3366306, 29.02263 ], [ 79.3368078, 29.0209498 ], [ 79.3397646, 29.0186838 ], [ 79.3402106, 29.017441 ], [ 79.34125, 29.0171126 ], [ 79.3417205, 29.0166005 ], [ 79.3419911, 29.0159868 ], [ 79.3416044, 29.0147321 ], [ 79.3419585, 29.0121109 ], [ 79.3410855, 29.0113179 ], [ 79.341353, 29.009216 ], [ 79.3402324, 29.0081313 ], [ 79.3397245, 29.006619 ], [ 79.3399241, 29.0057178 ], [ 79.3414085, 29.0044425 ], [ 79.3407566, 29.0027356 ], [ 79.3404323, 29.0023879 ], [ 79.3382638, 29.0020268 ], [ 79.3368726, 29.0010111 ], [ 79.3366461, 29.000366 ], [ 79.3352286, 29.000682 ], [ 79.3329388, 29.0031303 ], [ 79.3332284, 29.0049442 ], [ 79.332269, 29.0056402 ], [ 79.3296364, 29.0042796 ], [ 79.3288389, 29.0049881 ], [ 79.3280223, 29.0065012 ], [ 79.3273421, 29.0068209 ], [ 79.3226817, 29.0070906 ], [ 79.3220937, 29.0075868 ], [ 79.3255515, 29.0104594 ], [ 79.3282771, 29.0143013 ], [ 79.3290322, 29.0174784 ], [ 79.3290801, 29.0215471 ], [ 79.3295137, 29.0226434 ], [ 79.3303592, 29.0235651 ], [ 79.3320859, 29.0244352 ], [ 79.3340415, 29.0247602 ], [ 79.3360183, 29.0245564 ], [ 79.3371125, 29.024971 ], [ 79.3381638, 29.0247342 ] ] ] } },
{ "type": "Feature", "properties": { "gp_code": "27113", "gp_name": "KHANPUR PURAV", "blkname": "GADARPUR", "dtname": "Udam Singh Nagar", "SHAPE_Area": 10731672.157755567 }, "geometry": { "type": "Polygon", "coordinates": [ [ [ 79.3295137, 29.0226434 ], [ 79.3289594, 29.0207017 ], [ 79.3290322, 29.0174784 ], [ 79.3286389, 29.0151075 ], [ 79.3263402, 29.0113318 ], [ 79.3220937, 29.0075868 ], [ 79.3214692, 29.0081138 ], [ 79.3200641, 29.0082479 ], [ 79.3190319, 29.0073953 ], [ 79.3190398, 29.0059575 ], [ 79.3187178, 29.0051472 ], [ 79.3141, 29.0035485 ], [ 79.3127856, 29.0024329 ], [ 79.3126694, 29.0013809 ], [ 79.3142042, 28.9999196 ], [ 79.3143254, 28.9992946 ], [ 79.31243, 28.9989416 ], [ 79.3110765, 28.9979302 ], [ 79.3106761, 28.997337 ], [ 79.3104517, 28.99413 ], [ 79.3093835, 28.9926585 ], [ 79.3074908, 28.9918341 ], [ 79.306837, 28.9908375 ], [ 79.3054112, 28.9907603 ], [ 79.3045338, 28.9888637 ], [ 79.3012383, 28.9862822 ], [ 79.3013627, 28.985703 ], [ 79.3000127, 28.9853068 ], [ 79.2989243, 28.9838587 ], [ 79.2977731, 28.9839956 ], [ 79.297568, 28.9845744 ], [ 79.2981857, 28.9859849 ], [ 79.2978784, 28.9867821 ], [ 79.2966362, 28.9875575 ], [ 79.2969248, 28.9883292 ], [ 79.2963709, 28.989912 ], [ 79.2964962, 28.9903562 ], [ 79.2978496, 28.99135 ], [ 79.2976272, 28.9926089 ], [ 79.2985287, 28.9937959 ], [ 79.2984881, 28.995032 ], [ 79.2979486, 28.9952485 ], [ 79.29678, 28.9948943 ], [ 79.2967014, 28.9945036 ], [ 79.2971342, 28.9941269 ], [ 79.2965182, 28.9936037 ], [ 79.2967901, 28.9931139 ], [ 79.2964764, 28.9926689 ], [ 79.2951018, 28.9930415 ], [ 79.2943904, 28.9927308 ], [ 79.2944054, 28.9936329 ], [ 79.2932343, 28.9942991 ], [ 79.2930903, 28.9947776 ], [ 79.2940415, 28.9966864 ], [ 79.2939374, 28.9972538 ], [ 79.2931192, 28.9979659 ], [ 79.2934578, 29.0003555 ], [ 79.2927377, 29.0014445 ], [ 79.294645, 29.0041795 ], [ 79.2945879, 29.0048471 ], [ 79.2951645, 29.0061034 ], [ 79.2961912, 29.0071136 ], [ 79.2994942, 29.0095048 ], [ 79.3018475, 29.0107786 ], [ 79.3032182, 29.0109323 ], [ 79.3043835, 29.0115864 ], [ 79.3049826, 29.0172009 ], [ 79.3064489, 29.0186075 ], [ 79.3070809, 29.0203678 ], [ 79.3059892, 29.0213348 ], [ 79.3042333, 29.0219178 ], [ 79.3036387, 29.0228765 ], [ 79.3045559, 29.023114 ], [ 79.3061228, 29.0245964 ], [ 79.3075147, 29.0272279 ], [ 79.3087055, 29.0282202 ], [ 79.3106073, 29.0286991 ], [ 79.3119035, 29.028309 ], [ 79.3144909, 29.0262279 ], [ 79.3173519, 29.0254354 ], [ 79.3193929, 29.0253509 ], [ 79.3208753, 29.0240555 ], [ 79.3235322, 29.0226075 ], [ 79.3251799, 29.0221556 ], [ 79.3295137, 29.0226434 ] ] ] } },
{ "type": "Feature", "properties": { "gp_code": "27094", "gp_name": "ANANAD KHERA", "blkname": "GADARPUR", "dtname": "Udam Singh Nagar", "SHAPE_Area": 5550323.2240401516 }, "geometry": { "type": "Polygon", "coordinates": [ [ [ 79.3163067, 29.0384324 ], [ 79.3196949, 29.0360093 ], [ 79.3200029, 29.0353828 ], [ 79.3209442, 29.035043 ], [ 79.3258848, 29.037238 ], [ 79.3282558, 29.0368728 ], [ 79.3296084, 29.037858 ], [ 79.330413, 29.0380759 ], [ 79.3325879, 29.0377417 ], [ 79.3341056, 29.0370398 ], [ 79.3374442, 29.0337061 ], [ 79.3392616, 29.0332816 ], [ 79.340862, 29.0338275 ], [ 79.3416438, 29.0337449 ], [ 79.3429761, 29.0322804 ], [ 79.3428122, 29.0309708 ], [ 79.3391982, 29.0264603 ], [ 79.3381638, 29.0247342 ], [ 79.3371125, 29.024971 ], [ 79.3360183, 29.0245564 ], [ 79.3340415, 29.0247602 ], [ 79.3320859, 29.0244352 ], [ 79.3303592, 29.0235651 ], [ 79.3290752, 29.0224591 ], [ 79.3251799, 29.0221556 ], [ 79.3235322, 29.0226075 ], [ 79.3208753, 29.0240555 ], [ 79.3193929, 29.0253509 ], [ 79.3173519, 29.0254354 ], [ 79.3144909, 29.0262279 ], [ 79.3119035, 29.028309 ], [ 79.3106073, 29.0286991 ], [ 79.3087055, 29.0282202 ], [ 79.3075147, 29.0272279 ], [ 79.3061228, 29.0245964 ], [ 79.3045559, 29.023114 ], [ 79.3036387, 29.0228765 ], [ 79.3021444, 29.0237712 ], [ 79.3014072, 29.0246049 ], [ 79.301624, 29.0251423 ], [ 79.3035321, 29.0255419 ], [ 79.3040728, 29.0273801 ], [ 79.3047819, 29.0280101 ], [ 79.3048717, 29.0294053 ], [ 79.3054841, 29.0307066 ], [ 79.3073106, 29.0315256 ], [ 79.3107547, 29.0340349 ], [ 79.313669, 29.0368679 ], [ 79.3146986, 29.0372456 ], [ 79.3161472, 29.0357827 ], [ 79.3171304, 29.0355799 ], [ 79.3169683, 29.0363455 ], [ 79.315599, 29.0379724 ], [ 79.3163067, 29.0384324 ] ] ] } },
{ "type": "Feature", "properties": { "gp_code": "27098", "gp_name": "BUKSAURA", "blkname": "GADARPUR", "dtname": "Udam Singh Nagar", "SHAPE_Area": 3391913.4687630977 }, "geometry": { "type": "Polygon", "coordinates": [ [ [ 79.3465241, 29.0489955 ], [ 79.3462088, 29.0472286 ], [ 79.346749, 29.0462328 ], [ 79.3467739, 29.0454124 ], [ 79.345957, 29.0428823 ], [ 79.3448614, 29.0411237 ], [ 79.3449196, 29.0364513 ], [ 79.3446355, 29.0350077 ], [ 79.3429761, 29.0322804 ], [ 79.3416438, 29.0337449 ], [ 79.340862, 29.0338275 ], [ 79.3392616, 29.0332816 ], [ 79.3374442, 29.0337061 ], [ 79.3341056, 29.0370398 ], [ 79.3325879, 29.0377417 ], [ 79.330413, 29.0380759 ], [ 79.3296084, 29.037858 ], [ 79.3282558, 29.0368728 ], [ 79.3258848, 29.037238 ], [ 79.3245378, 29.0366885 ], [ 79.3246458, 29.0379081 ], [ 79.3251105, 29.0387726 ], [ 79.3336253, 29.0491725 ], [ 79.3353325, 29.0505953 ], [ 79.3360261, 29.0500594 ], [ 79.3454799, 29.0488378 ], [ 79.3465241, 29.0489955 ] ] ] } },
{ "type": "Feature", "properties": { "gp_code": "", "gp_name": "", "blkname": "GADARPUR", "dtname": "Udam Singh Nagar", "SHAPE_Area": 6334799.4194003977 }, "geometry": { "type": "Polygon", "coordinates": [ [ [ 79.3353325, 29.0505953 ], [ 79.3336253, 29.0491725 ], [ 79.3251105, 29.0387726 ], [ 79.3246458, 29.0379081 ], [ 79.3245378, 29.0366885 ], [ 79.3209442, 29.035043 ], [ 79.3200029, 29.0353828 ], [ 79.3196949, 29.0360093 ], [ 79.3172282, 29.0379131 ], [ 79.3163448, 29.0409242 ], [ 79.3123207, 29.0444262 ], [ 79.3101638, 29.0458761 ], [ 79.3090141, 29.0462799 ], [ 79.3094697, 29.0475041 ], [ 79.3089158, 29.0507202 ], [ 79.3095873, 29.0529118 ], [ 79.3119932, 29.0528044 ], [ 79.3135637, 29.0532199 ], [ 79.3155719, 29.0563706 ], [ 79.3167254, 29.0604632 ], [ 79.31672, 29.0614396 ], [ 79.317481, 29.0621512 ], [ 79.3192985, 29.0627097 ], [ 79.3234433, 29.0662893 ], [ 79.3244813, 29.0646053 ], [ 79.3252077, 29.061632 ], [ 79.3272189, 29.0601737 ], [ 79.329074, 29.0598824 ], [ 79.3306275, 29.0589453 ], [ 79.3350713, 29.054229 ], [ 79.3346614, 29.0517732 ], [ 79.3349289, 29.0507897 ], [ 79.3353325, 29.0505953 ] ] ] } },
{ "type": "Feature", "properties": { "gp_code": "27100", "gp_name": "CHANDANNAGAR", "blkname": "GADARPUR", "dtname": "Udam Singh Nagar", "SHAPE_Area": 2636505.0799623206 }, "geometry": { "type": "Polygon", "coordinates": [ [ [ 79.3250036, 29.0672933 ], [ 79.32144, 29.0647212 ], [ 79.3192985, 29.0627097 ], [ 79.317481, 29.0621512 ], [ 79.31672, 29.0614396 ], [ 79.3167254, 29.0604632 ], [ 79.3155719, 29.0563706 ], [ 79.3135637, 29.0532199 ], [ 79.3119932, 29.0528044 ], [ 79.3095873, 29.0529118 ], [ 79.3089158, 29.0507202 ], [ 79.3094697, 29.0475041 ], [ 79.3090141, 29.0462799 ], [ 79.3054643, 29.0484816 ], [ 79.3030524, 29.0511669 ], [ 79.3033374, 29.0525844 ], [ 79.3029684, 29.0545967 ], [ 79.3000847, 29.0568901 ], [ 79.3049951, 29.0567495 ], [ 79.3067459, 29.0609891 ], [ 79.3089638, 29.0618141 ], [ 79.3113837, 29.0612328 ], [ 79.3123385, 29.0613378 ], [ 79.3127983, 29.0617876 ], [ 79.3127934, 29.0626674 ], [ 79.3122935, 29.0647252 ], [ 79.3128867, 29.0667637 ], [ 79.3135727, 29.0674772 ], [ 79.3141591, 29.0674368 ], [ 79.3153851, 29.0665623 ], [ 79.3160445, 29.0665651 ], [ 79.3169691, 29.0671913 ], [ 79.3199056, 29.0707973 ], [ 79.3212971, 29.0691865 ], [ 79.3228985, 29.0686228 ], [ 79.3240969, 29.0686937 ], [ 79.3250036, 29.0672933 ] ] ] } },
{ "type": "Feature", "properties": { "gp_code": "27097", "gp_name": "BARERAEI", "blkname": "GADARPUR", "dtname": "Udam Singh Nagar", "SHAPE_Area": 15285599.823608641 }, "geometry": { "type": "Polygon", "coordinates": [ [ [ 79.2677988, 29.0591454 ], [ 79.272054, 29.0577469 ], [ 79.2742463, 29.0585947 ], [ 79.2768694, 29.0576519 ], [ 79.2771487, 29.0563296 ], [ 79.2763918, 29.054175 ], [ 79.2757221, 29.0538696 ], [ 79.2749454, 29.0527388 ], [ 79.2762677, 29.0520044 ], [ 79.2769584, 29.050771 ], [ 79.2782199, 29.0499582 ], [ 79.2842139, 29.0471278 ], [ 79.2855414, 29.0471845 ], [ 79.2864992, 29.0479943 ], [ 79.2875962, 29.0509618 ], [ 79.2901607, 29.0507671 ], [ 79.2907443, 29.0511988 ], [ 79.2909762, 29.0533456 ], [ 79.2958114, 29.0533669 ], [ 79.2950912, 29.0548233 ], [ 79.2951352, 29.0569685 ], [ 79.3000847, 29.0568901 ], [ 79.3029684, 29.0545967 ], [ 79.3033374, 29.0525844 ], [ 79.3030524, 29.0511669 ], [ 79.3054643, 29.0484816 ], [ 79.3083532, 29.046512 ], [ 79.3101638, 29.0458761 ], [ 79.3123207, 29.0444262 ], [ 79.3163448, 29.0409242 ], [ 79.3172282, 29.0379131 ], [ 79.3163067, 29.0384324 ], [ 79.315599, 29.0379724 ], [ 79.3169683, 29.0363455 ], [ 79.3171304, 29.0355799 ], [ 79.3161472, 29.0357827 ], [ 79.3146986, 29.0372456 ], [ 79.313669, 29.0368679 ], [ 79.3107547, 29.0340349 ], [ 79.3073106, 29.0315256 ], [ 79.3054841, 29.0307066 ], [ 79.3048717, 29.0294053 ], [ 79.3047819, 29.0280101 ], [ 79.3040728, 29.0273801 ], [ 79.3035321, 29.0255419 ], [ 79.301624, 29.0251423 ], [ 79.3004183, 29.0236561 ], [ 79.2986956, 29.0238098 ], [ 79.2980925, 29.0225197 ], [ 79.2961462, 29.0229081 ], [ 79.2964531, 29.0215619 ], [ 79.2961583, 29.0213309 ], [ 79.2952279, 29.0217882 ], [ 79.2946221, 29.0231267 ], [ 79.293321, 29.0239472 ], [ 79.2924948, 29.0236968 ], [ 79.2918709, 29.0220955 ], [ 79.2911907, 29.0222533 ], [ 79.2884535, 29.0254065 ], [ 79.2865655, 29.0268676 ], [ 79.2822171, 29.0287798 ], [ 79.2814546, 29.0296244 ], [ 79.2815447, 29.0310514 ], [ 79.2810044, 29.0315855 ], [ 79.279913, 29.0320012 ], [ 79.2770295, 29.0349151 ], [ 79.2757984, 29.0356376 ], [ 79.2745747, 29.0371572 ], [ 79.2741747, 29.0382385 ], [ 79.2658241, 29.0448639 ], [ 79.2673165, 29.0485186 ], [ 79.2686996, 29.049497 ], [ 79.2657114, 29.0502252 ], [ 79.2633654, 29.0513841 ], [ 79.2616193, 29.0510906 ], [ 79.2614354, 29.051935 ], [ 79.2596145, 29.0524961 ], [ 79.2588949, 29.0530786 ], [ 79.2587679, 29.0536638 ], [ 79.261225, 29.0557146 ], [ 79.2620586, 29.0569912 ], [ 79.2621774, 29.0577261 ], [ 79.262807, 29.0582212 ], [ 79.264446, 29.0580679 ], [ 79.2665635, 29.0591899 ], [ 79.2677988, 29.0591454 ] ] ] } },
{ "type": "Feature", "properties": { "gp_code": "27099", "gp_name": "BURANAGAR", "blkname": "GADARPUR", "dtname": "Udam Singh Nagar", "SHAPE_Area": 3574291.0517165153 }, "geometry": { "type": "Polygon", "coordinates": [ [ [ 79.3036387, 29.0228765 ], [ 79.3042333, 29.0219178 ], [ 79.3059892, 29.0213348 ], [ 79.3070809, 29.0203678 ], [ 79.3064489, 29.0186075 ], [ 79.3049826, 29.0172009 ], [ 79.3043835, 29.0115864 ], [ 79.3032182, 29.0109323 ], [ 79.3018475, 29.0107786 ], [ 79.2994942, 29.0095048 ], [ 79.2961912, 29.0071136 ], [ 79.2951645, 29.0061034 ], [ 79.2945879, 29.0048471 ], [ 79.294645, 29.0041795 ], [ 79.2927377, 29.0014445 ], [ 79.2909789, 29.0016197 ], [ 79.2899847, 29.0011332 ], [ 79.2884057, 29.0010177 ], [ 79.2876039, 29.0023173 ], [ 79.2885954, 29.0038997 ], [ 79.289534, 29.0065559 ], [ 79.2893088, 29.0070974 ], [ 79.2881938, 29.0078081 ], [ 79.2885809, 29.0091989 ], [ 79.2879184, 29.0096154 ], [ 79.2878458, 29.0100581 ], [ 79.2882535, 29.0103258 ], [ 79.2883949, 29.0114982 ], [ 79.2881454, 29.0119527 ], [ 79.2885666, 29.0127683 ], [ 79.291835, 29.0153323 ], [ 79.2917264, 29.0163699 ], [ 79.2905894, 29.0176827 ], [ 79.2905681, 29.0181297 ], [ 79.2919929, 29.0200958 ], [ 79.2909201, 29.0220764 ], [ 79.2918709, 29.0220955 ], [ 79.2924948, 29.0236968 ], [ 79.293321, 29.0239472 ], [ 79.2946221, 29.0231267 ], [ 79.2952279, 29.0217882 ], [ 79.2961583, 29.0213309 ], [ 79.2964531, 29.0215619 ], [ 79.2961462, 29.0229081 ], [ 79.2980925, 29.0225197 ], [ 79.2986956, 29.0238098 ], [ 79.3004183, 29.0236561 ], [ 79.3014072, 29.0246049 ], [ 79.3021444, 29.0237712 ], [ 79.3036387, 29.0228765 ] ] ] } },
{ "type": "Feature", "properties": { "gp_code": "27121", "gp_name": "MAHTOSH", "blkname": "GADARPUR", "dtname": "Udam Singh Nagar", "SHAPE_Area": 3162229.0832684003 }, "geometry": { "type": "Polygon", "coordinates": [ [ [ 79.2885666, 29.0127683 ], [ 79.2881454, 29.0119527 ], [ 79.2883949, 29.0114982 ], [ 79.2882535, 29.0103258 ], [ 79.2878458, 29.0100581 ], [ 79.2879184, 29.0096154 ], [ 79.2885809, 29.0091989 ], [ 79.2881938, 29.0078081 ], [ 79.2893088, 29.0070974 ], [ 79.289534, 29.0065559 ], [ 79.2885954, 29.0038997 ], [ 79.2876039, 29.0023173 ], [ 79.2866061, 29.0043111 ], [ 79.2880679, 29.0055938 ], [ 79.2876843, 29.0062873 ], [ 79.2869252, 29.0066739 ], [ 79.2859225, 29.0064537 ], [ 79.2837007, 29.0024753 ], [ 79.2823549, 29.0016417 ], [ 79.2809308, 28.999182 ], [ 79.2798047, 28.9996087 ], [ 79.2787013, 28.9996097 ], [ 79.2765364, 29.0005089 ], [ 79.2763121, 29.0008768 ], [ 79.2738992, 29.0019617 ], [ 79.2708103, 29.0046492 ], [ 79.273041, 29.0060584 ], [ 79.2733167, 29.0065917 ], [ 79.2719195, 29.0075666 ], [ 79.271602, 29.0085368 ], [ 79.2721399, 29.0094289 ], [ 79.2735898, 29.0105204 ], [ 79.2741791, 29.0113763 ], [ 79.2742902, 29.0118022 ], [ 79.2736125, 29.0127439 ], [ 79.2777274, 29.0176334 ], [ 79.2778126, 29.0186981 ], [ 79.2784609, 29.0196007 ], [ 79.281883, 29.017817 ], [ 79.2885666, 29.0127683 ] ] ] } },
{ "type": "Feature", "properties": { "gp_code": "293891", "gp_name": "CHACHAR", "blkname": "GADARPUR", "dtname": "Udam Singh Nagar", "SHAPE_Area": 2893943.7888929909 }, "geometry": { "type": "Polygon", "coordinates": [ [ [ 79.291835, 29.0153323 ], [ 79.2885666, 29.0127683 ], [ 79.281883, 29.017817 ], [ 79.2784609, 29.0196007 ], [ 79.2792649, 29.0224327 ], [ 79.2781204, 29.022944 ], [ 79.2747383, 29.0235222 ], [ 79.2736282, 29.0250259 ], [ 79.2733707, 29.0268474 ], [ 79.2742724, 29.0288477 ], [ 79.2756, 29.0340178 ], [ 79.2745543, 29.0355102 ], [ 79.2724945, 29.0373235 ], [ 79.273223, 29.0390141 ], [ 79.2741747, 29.0382385 ], [ 79.2745747, 29.0371572 ], [ 79.2757984, 29.0356376 ], [ 79.2770295, 29.0349151 ], [ 79.279913, 29.0320012 ], [ 79.2815447, 29.0310514 ], [ 79.2814546, 29.0296244 ], [ 79.2822171, 29.0287798 ], [ 79.2865655, 29.0268676 ], [ 79.2884535, 29.0254065 ], [ 79.2911907, 29.0222533 ], [ 79.2909201, 29.0220764 ], [ 79.2910464, 29.0215671 ], [ 79.2919929, 29.0200958 ], [ 79.2905681, 29.0181297 ], [ 79.2905894, 29.0176827 ], [ 79.2917264, 29.0163699 ], [ 79.291835, 29.0153323 ] ] ] } },
{ "type": "Feature", "properties": { "gp_code": "27093", "gp_name": "ALAKHDEVI", "blkname": "GADARPUR", "dtname": "Udam Singh Nagar", "SHAPE_Area": 10784352.355911208 }, "geometry": { "type": "Polygon", "coordinates": [ [ [ 79.2784609, 29.0196007 ], [ 79.2778126, 29.0186981 ], [ 79.2777274, 29.0176334 ], [ 79.2736125, 29.0127439 ], [ 79.2742902, 29.0118022 ], [ 79.2741791, 29.0113763 ], [ 79.2735898, 29.0105204 ], [ 79.2721399, 29.0094289 ], [ 79.271602, 29.0085368 ], [ 79.2719195, 29.0075666 ], [ 79.2733167, 29.0065917 ], [ 79.273041, 29.0060584 ], [ 79.2676784, 29.0031961 ], [ 79.2657458, 29.0018418 ], [ 79.2654964, 29.001238 ], [ 79.2656312, 29.0007411 ], [ 79.2663003, 29.0002414 ], [ 79.2698505, 28.9994946 ], [ 79.2712517, 28.9986947 ], [ 79.2712468, 28.9926731 ], [ 79.2708782, 28.9912754 ], [ 79.2702688, 28.9896638 ], [ 79.2675148, 28.9873555 ], [ 79.2591323, 28.9924011 ], [ 79.2575671, 28.9936966 ], [ 79.2541624, 28.9976661 ], [ 79.2512859, 28.9996406 ], [ 79.2507688, 29.0006024 ], [ 79.2477513, 29.0033446 ], [ 79.247748, 29.0038888 ], [ 79.249215, 29.0060842 ], [ 79.2498241, 29.0077196 ], [ 79.2512594, 29.009029 ], [ 79.251328, 29.009947 ], [ 79.2528035, 29.0108589 ], [ 79.2515333, 29.0139531 ], [ 79.253073, 29.0152867 ], [ 79.2526094, 29.0184742 ], [ 79.2531977, 29.0191713 ], [ 79.254414, 29.019531 ], [ 79.2587353, 29.0222504 ], [ 79.2699941, 29.0322657 ], [ 79.2706347, 29.0330495 ], [ 79.2697428, 29.0336124 ], [ 79.2704344, 29.0349708 ], [ 79.2698133, 29.0356189 ], [ 79.2697358, 29.0362044 ], [ 79.2701716, 29.0366524 ], [ 79.2708159, 29.0368161 ], [ 79.2717095, 29.036452 ], [ 79.2724945, 29.0373235 ], [ 79.2745543, 29.0355102 ], [ 79.2756, 29.0340178 ], [ 79.2733012, 29.026066 ], [ 79.2736282, 29.0250259 ], [ 79.2747383, 29.0235222 ], [ 79.2781204, 29.022944 ], [ 79.2792649, 29.0224327 ], [ 79.2784609, 29.0196007 ] ] ] } },
{ "type": "Feature", "properties": { "gp_code": "260038", "gp_name": "BHAISIYA", "blkname": "GADARPUR", "dtname": "Udam Singh Nagar", "SHAPE_Area": 3987901.1767814755 }, "geometry": { "type": "Polygon", "coordinates": [ [ [ 79.2691155, 29.0316868 ], [ 79.263954, 29.0266991 ], [ 79.2587353, 29.0222504 ], [ 79.254414, 29.019531 ], [ 79.2531977, 29.0191713 ], [ 79.2508415, 29.0209829 ], [ 79.2504656, 29.0219142 ], [ 79.2505895, 29.0228963 ], [ 79.251881, 29.0246331 ], [ 79.2514586, 29.0250868 ], [ 79.2502949, 29.0256455 ], [ 79.2467171, 29.0255264 ], [ 79.2449437, 29.0265414 ], [ 79.2434928, 29.0278907 ], [ 79.2453652, 29.0299031 ], [ 79.2461416, 29.0317618 ], [ 79.2470345, 29.0329656 ], [ 79.2482097, 29.03401 ], [ 79.248173, 29.0357386 ], [ 79.2485471, 29.0370395 ], [ 79.2498741, 29.0380655 ], [ 79.2522879, 29.0390315 ], [ 79.2542156, 29.038715 ], [ 79.2585593, 29.0390172 ], [ 79.2615814, 29.0379909 ], [ 79.2638957, 29.0359702 ], [ 79.2650052, 29.0345554 ], [ 79.2643433, 29.0320992 ], [ 79.2654115, 29.030837 ], [ 79.2644696, 29.0299642 ], [ 79.2647857, 29.0292795 ], [ 79.2652592, 29.0291972 ], [ 79.2682797, 29.0323127 ], [ 79.2691155, 29.0316868 ] ] ] } },
{ "type": "Feature", "properties": { "gp_code": "", "gp_name": "", "blkname": "GADARPUR", "dtname": "Udam Singh Nagar", "SHAPE_Area": 10060501.703249516 }, "geometry": { "type": "Polygon", "coordinates": [ [ [ 79.2698883, 29.070808 ], [ 79.2688617, 29.0680522 ], [ 79.2696038, 29.0664677 ], [ 79.2709327, 29.0647572 ], [ 79.2716294, 29.0625716 ], [ 79.2701012, 29.0603265 ], [ 79.2705145, 29.0601094 ], [ 79.2708096, 29.0593168 ], [ 79.270371, 29.0583167 ], [ 79.2677988, 29.0591454 ], [ 79.2665635, 29.0591899 ], [ 79.264446, 29.0580679 ], [ 79.262807, 29.0582212 ], [ 79.2621774, 29.0577261 ], [ 79.2620586, 29.0569912 ], [ 79.261225, 29.0557146 ], [ 79.2587679, 29.0536638 ], [ 79.2588949, 29.0530786 ], [ 79.2596145, 29.0524961 ], [ 79.2614354, 29.051935 ], [ 79.2616193, 29.0510906 ], [ 79.2633654, 29.0513841 ], [ 79.2657114, 29.0502252 ], [ 79.2686996, 29.049497 ], [ 79.2673165, 29.0485186 ], [ 79.2658241, 29.0448639 ], [ 79.273223, 29.0390141 ], [ 79.2724945, 29.0373235 ], [ 79.2717095, 29.036452 ], [ 79.2708159, 29.0368161 ], [ 79.2697358, 29.0362044 ], [ 79.2698133, 29.0356189 ], [ 79.2704344, 29.0349708 ], [ 79.2697428, 29.0336124 ], [ 79.2706347, 29.0330495 ], [ 79.2699941, 29.0322657 ], [ 79.2691155, 29.0316868 ], [ 79.2682797, 29.0323127 ], [ 79.2652592, 29.0291972 ], [ 79.2647857, 29.0292795 ], [ 79.2644696, 29.0299642 ], [ 79.2654115, 29.030837 ], [ 79.2643433, 29.0320992 ], [ 79.2650052, 29.0345554 ], [ 79.2638957, 29.0359702 ], [ 79.2615814, 29.0379909 ], [ 79.2601393, 29.0386608 ], [ 79.2585593, 29.0390172 ], [ 79.2542156, 29.038715 ], [ 79.2522879, 29.0390315 ], [ 79.2498741, 29.0380655 ], [ 79.2485471, 29.0370395 ], [ 79.248173, 29.0357386 ], [ 79.2482097, 29.03401 ], [ 79.2436764, 29.0392818 ], [ 79.2419863, 29.0396201 ], [ 79.2404155, 29.0388707 ], [ 79.2397403, 29.0388675 ], [ 79.2364757, 29.041344 ], [ 79.2355966, 29.0424652 ], [ 79.2345688, 29.042621 ], [ 79.2337135, 29.0421594 ], [ 79.2331494, 29.042404 ], [ 79.2329757, 29.0431947 ], [ 79.2336721, 29.0443111 ], [ 79.2302499, 29.0472009 ], [ 79.2328994, 29.0486976 ], [ 79.2375389, 29.0468647 ], [ 79.2395942, 29.0466271 ], [ 79.242131, 29.0481726 ], [ 79.2435071, 29.0485749 ], [ 79.245187, 29.0499184 ], [ 79.2477393, 29.0512537 ], [ 79.2473721, 29.0584371 ], [ 79.2483675, 29.0589982 ], [ 79.2493681, 29.0582906 ], [ 79.250303, 29.0604276 ], [ 79.2488915, 29.0613164 ], [ 79.249158, 29.0618006 ], [ 79.2504099, 29.0617617 ], [ 79.2522994, 29.0608385 ], [ 79.2526982, 29.060972 ], [ 79.2533309, 29.0616551 ], [ 79.2535424, 29.0638502 ], [ 79.2540908, 29.0640173 ], [ 79.2557193, 29.0631472 ], [ 79.2561374, 29.0642243 ], [ 79.2571187, 29.065365 ], [ 79.2590365, 29.0638537 ], [ 79.2597352, 29.0639557 ], [ 79.2599137, 29.0646836 ], [ 79.2590659, 29.0655906 ], [ 79.2590076, 29.0664921 ], [ 79.2584027, 29.0664893 ], [ 79.2577495, 29.0671279 ], [ 79.2579206, 29.0677431 ], [ 79.2586387, 29.0679281 ], [ 79.2598057, 29.0675308 ], [ 79.2611646, 29.0683509 ], [ 79.2624687, 29.0683235 ], [ 79.2661041, 29.0710949 ], [ 79.2698883, 29.070808 ] ] ] } },
{ "type": "Feature", "properties": { "gp_code": "27106", "gp_name": "GIRDHARNAGAR", "blkname": "GADARPUR", "dtname": "Udam Singh Nagar", "SHAPE_Area": 8763974.6391672175 }, "geometry": { "type": "Polygon", "coordinates": [ [ [ 79.2503262, 29.0886939 ], [ 79.2515042, 29.0880851 ], [ 79.2544924, 29.0882372 ], [ 79.2676255, 29.086497 ], [ 79.2695038, 29.0844382 ], [ 79.2711072, 29.0819517 ], [ 79.2725716, 29.0809655 ], [ 79.2722199, 29.0805626 ], [ 79.2728211, 29.0788694 ], [ 79.2723133, 29.0781541 ], [ 79.2705366, 29.0789821 ], [ 79.270339, 29.0783535 ], [ 79.2706803, 29.077642 ], [ 79.2692003, 29.076615 ], [ 79.2693414, 29.0759904 ], [ 79.2701435, 29.0754894 ], [ 79.2701602, 29.0747764 ], [ 79.2710008, 29.0740813 ], [ 79.2707013, 29.0735329 ], [ 79.268933, 29.073235 ], [ 79.2690529, 29.0723144 ], [ 79.2698883, 29.070808 ], [ 79.2661041, 29.0710949 ], [ 79.2624687, 29.0683235 ], [ 79.2611646, 29.0683509 ], [ 79.2598057, 29.0675308 ], [ 79.2582441, 29.0679421 ], [ 79.2577495, 29.0671279 ], [ 79.2584027, 29.0664893 ], [ 79.2590076, 29.0664921 ], [ 79.2590659, 29.0655906 ], [ 79.2599137, 29.0646836 ], [ 79.2597352, 29.0639557 ], [ 79.2590365, 29.0638537 ], [ 79.2571187, 29.065365 ], [ 79.2561374, 29.0642243 ], [ 79.2557193, 29.0631472 ], [ 79.2540908, 29.0640173 ], [ 79.2535424, 29.0638502 ], [ 79.2533309, 29.0616551 ], [ 79.2526982, 29.060972 ], [ 79.2522994, 29.0608385 ], [ 79.2504099, 29.0617617 ], [ 79.249158, 29.0618006 ], [ 79.2488915, 29.0613164 ], [ 79.250303, 29.0604276 ], [ 79.2493681, 29.0582906 ], [ 79.2483675, 29.0589982 ], [ 79.2450397, 29.0579438 ], [ 79.2435291, 29.0588024 ], [ 79.2424314, 29.0588466 ], [ 79.2417641, 29.0599909 ], [ 79.242828, 29.0602867 ], [ 79.2434125, 29.060871 ], [ 79.2421928, 29.0619959 ], [ 79.2401539, 29.0648613 ], [ 79.2414637, 29.0670319 ], [ 79.2417705, 29.0709422 ], [ 79.2414869, 29.0749866 ], [ 79.2423191, 29.0762099 ], [ 79.2435475, 29.0770888 ], [ 79.2444617, 29.0789146 ], [ 79.2450056, 29.0824698 ], [ 79.2466751, 29.0841034 ], [ 79.2474722, 29.085477 ], [ 79.2478316, 29.086969 ], [ 79.2492623, 29.0874983 ], [ 79.2494523, 29.0886898 ], [ 79.2503262, 29.0886939 ] ] ] } },
{ "type": "Feature", "properties": { "gp_code": "27101", "gp_name": "DHANPUR VIJAYPUR", "blkname": "GADARPUR", "dtname": "Udam Singh Nagar", "SHAPE_Area": 8499325.8682022262 }, "geometry": { "type": "Polygon", "coordinates": [ [ [ 79.2980371, 29.0826952 ], [ 79.2980415, 29.0819192 ], [ 79.2995253, 29.0811061 ], [ 79.3005903, 29.0798877 ], [ 79.300593, 29.0794157 ], [ 79.2996115, 29.0791907 ], [ 79.2970825, 29.0768255 ], [ 79.2955597, 29.0739356 ], [ 79.2919888, 29.0705806 ], [ 79.2913922, 29.0660075 ], [ 79.2902944, 29.0642102 ], [ 79.2890637, 29.0631863 ], [ 79.2866308, 29.0615662 ], [ 79.2853748, 29.0610849 ], [ 79.2818648, 29.0608055 ], [ 79.2804071, 29.0608732 ], [ 79.2790128, 29.0612532 ], [ 79.2786561, 29.0618248 ], [ 79.275831, 29.062419 ], [ 79.2736347, 29.0621301 ], [ 79.2716294, 29.0625716 ], [ 79.2709327, 29.0647572 ], [ 79.2696038, 29.0664677 ], [ 79.2688617, 29.0680522 ], [ 79.2698883, 29.070808 ], [ 79.2690529, 29.0723144 ], [ 79.268933, 29.073235 ], [ 79.2709289, 29.0736358 ], [ 79.2710008, 29.0740813 ], [ 79.2701602, 29.0747764 ], [ 79.2701435, 29.0754894 ], [ 79.2693414, 29.0759904 ], [ 79.2692003, 29.076615 ], [ 79.2706803, 29.077642 ], [ 79.270339, 29.0783535 ], [ 79.2705366, 29.0789821 ], [ 79.2710042, 29.0789657 ], [ 79.2719661, 29.0781877 ], [ 79.2725809, 29.0783511 ], [ 79.2728303, 29.079429 ], [ 79.2722199, 29.0805626 ], [ 79.2725716, 29.0809655 ], [ 79.2741034, 29.080071 ], [ 79.2745142, 29.0802923 ], [ 79.2771671, 29.0834151 ], [ 79.2818718, 29.0875053 ], [ 79.2864979, 29.0898571 ], [ 79.2903675, 29.0908755 ], [ 79.2922797, 29.0905749 ], [ 79.2921933, 29.089268 ], [ 79.2925243, 29.0881615 ], [ 79.2931782, 29.0873855 ], [ 79.2957945, 29.0868772 ], [ 79.2963702, 29.086094 ], [ 79.2970941, 29.08398 ], [ 79.2980371, 29.0826952 ] ] ] } },
{ "type": "Feature", "properties": { "gp_code": "27125", "gp_name": "NARAYANPUR DOHRIYA", "blkname": "GADARPUR", "dtname": "Udam Singh Nagar", "SHAPE_Area": 6707856.0102489032 }, "geometry": { "type": "Polygon", "coordinates": [ [ [ 79.3006007, 29.0780425 ], [ 79.3014246, 29.0743818 ], [ 79.3020247, 29.074486 ], [ 79.3022029, 29.0736941 ], [ 79.3032713, 29.0725379 ], [ 79.3032128, 29.0716012 ], [ 79.3028544, 29.0711646 ], [ 79.3048745, 29.0686092 ], [ 79.3049274, 29.064659 ], [ 79.3060674, 29.064398 ], [ 79.3073336, 29.0650901 ], [ 79.3084358, 29.0645155 ], [ 79.307026, 29.0626376 ], [ 79.3077166, 29.0615139 ], [ 79.3067459, 29.0609891 ], [ 79.3049951, 29.0567495 ], [ 79.2951352, 29.0569685 ], [ 79.2950912, 29.0548233 ], [ 79.2958114, 29.0533669 ], [ 79.2909762, 29.0533456 ], [ 79.2907443, 29.0511988 ], [ 79.2901607, 29.0507671 ], [ 79.2875962, 29.0509618 ], [ 79.2864992, 29.0479943 ], [ 79.2855414, 29.0471845 ], [ 79.2842139, 29.0471278 ], [ 79.2782199, 29.0499582 ], [ 79.2769584, 29.050771 ], [ 79.2762677, 29.0520044 ], [ 79.2749454, 29.0527388 ], [ 79.2757221, 29.0538696 ], [ 79.2763918, 29.054175 ], [ 79.2771487, 29.0563296 ], [ 79.2768694, 29.0576519 ], [ 79.2742463, 29.0585947 ], [ 79.272054, 29.0577469 ], [ 79.270371, 29.0583167 ], [ 79.2708096, 29.0593168 ], [ 79.2705145, 29.0601094 ], [ 79.2701012, 29.0603265 ], [ 79.2716294, 29.0625716 ], [ 79.2736347, 29.0621301 ], [ 79.275831, 29.062419 ], [ 79.2786561, 29.0618248 ], [ 79.2790128, 29.0612532 ], [ 79.2804071, 29.0608732 ], [ 79.2853748, 29.0610849 ], [ 79.2866308, 29.0615662 ], [ 79.2902944, 29.0642102 ], [ 79.2913922, 29.0660075 ], [ 79.2919888, 29.0705806 ], [ 79.2955597, 29.0739356 ], [ 79.2970825, 29.0768255 ], [ 79.2996115, 29.0791907 ], [ 79.300593, 29.0794157 ], [ 79.3006007, 29.0780425 ] ] ] } },
{ "type": "Feature", "properties": { "gp_code": "27127", "gp_name": "RAFINAGAR", "blkname": "GADARPUR", "dtname": "Udam Singh Nagar", "SHAPE_Area": 8813993.8934779931 }, "geometry": { "type": "Polygon", "coordinates": [ [ [ 79.2960872, 29.1120771 ], [ 79.2914849, 29.1080997 ], [ 79.2916611, 29.106971 ], [ 79.2926274, 29.1066884 ], [ 79.2915213, 29.1052152 ], [ 79.2920421, 29.1030809 ], [ 79.2909129, 29.1023824 ], [ 79.2905622, 29.1016778 ], [ 79.2908997, 29.101417 ], [ 79.293148, 29.1014269 ], [ 79.2935611, 29.1006244 ], [ 79.2928457, 29.0999048 ], [ 79.2928684, 29.0978824 ], [ 79.29111, 29.0974139 ], [ 79.2917628, 29.0957489 ], [ 79.2911052, 29.094979 ], [ 79.2884135, 29.0949995 ], [ 79.2866664, 29.0925894 ], [ 79.2871756, 29.0911769 ], [ 79.2858573, 29.0914452 ], [ 79.2848768, 29.0910346 ], [ 79.2843952, 29.090594 ], [ 79.2844154, 29.0901928 ], [ 79.2851589, 29.0892258 ], [ 79.2814239, 29.0872016 ], [ 79.2771671, 29.0834151 ], [ 79.2745142, 29.0802923 ], [ 79.2741034, 29.080071 ], [ 79.2735214, 29.0802932 ], [ 79.2711072, 29.0819517 ], [ 79.2695038, 29.0844382 ], [ 79.2676255, 29.086497 ], [ 79.2699783, 29.0881537 ], [ 79.2714796, 29.0887749 ], [ 79.2732088, 29.090526 ], [ 79.2733146, 29.0910595 ], [ 79.2716302, 29.091945 ], [ 79.2682952, 29.092796 ], [ 79.2664112, 29.0936719 ], [ 79.2661344, 29.0940161 ], [ 79.2662132, 29.0949044 ], [ 79.2671187, 29.0954796 ], [ 79.265918, 29.096807 ], [ 79.2679892, 29.0992957 ], [ 79.2695146, 29.1021932 ], [ 79.2693657, 29.103081 ], [ 79.2698426, 29.1039433 ], [ 79.2697941, 29.1058931 ], [ 79.2709125, 29.1078536 ], [ 79.2719991, 29.1085634 ], [ 79.2724033, 29.1092414 ], [ 79.2719836, 29.1104075 ], [ 79.2736829, 29.111849 ], [ 79.2737578, 29.1135782 ], [ 79.2742808, 29.1146219 ], [ 79.2765412, 29.116513 ], [ 79.2907099, 29.1137755 ], [ 79.2960872, 29.1120771 ] ] ] } },
{ "type": "Feature", "properties": { "gp_code": "", "gp_name": "", "blkname": "GADARPUR", "dtname": "Udam Singh Nagar", "SHAPE_Area": 4413555.7832289552 }, "geometry": { "type": "Polygon", "coordinates": [ [ [ 79.3161313, 29.1050715 ], [ 79.3152458, 29.1032778 ], [ 79.3142237, 29.1029005 ], [ 79.3133718, 29.1035606 ], [ 79.3126977, 29.1030859 ], [ 79.311926, 29.1016938 ], [ 79.3108437, 29.1008895 ], [ 79.3094715, 29.1005765 ], [ 79.3063975, 29.1008265 ], [ 79.3046447, 29.1015648 ], [ 79.3032707, 29.1015589 ], [ 79.3019833, 29.1020259 ], [ 79.2980957, 29.0990766 ], [ 79.2977494, 29.0986022 ], [ 79.2986648, 29.0972042 ], [ 79.300287, 29.0959057 ], [ 79.3012427, 29.094515 ], [ 79.3012644, 29.0939696 ], [ 79.3007611, 29.0936497 ], [ 79.3000946, 29.0944585 ], [ 79.2994064, 29.0946859 ], [ 79.2982482, 29.094032 ], [ 79.297977, 29.093462 ], [ 79.2991482, 29.0913332 ], [ 79.2979375, 29.0894029 ], [ 79.2983687, 29.088242 ], [ 79.2985373, 29.0857722 ], [ 79.298287, 29.0850383 ], [ 79.298956, 29.0837907 ], [ 79.2986408, 29.0830371 ], [ 79.2980371, 29.0826952 ], [ 79.2970941, 29.08398 ], [ 79.2963702, 29.086094 ], [ 79.2957945, 29.0868772 ], [ 79.2935665, 29.0871787 ], [ 79.2925243, 29.0881615 ], [ 79.2921933, 29.089268 ], [ 79.2922797, 29.0905749 ], [ 79.2903675, 29.0908755 ], [ 79.2851589, 29.0892258 ], [ 79.2844154, 29.0901928 ], [ 79.2843952, 29.090594 ], [ 79.2848768, 29.0910346 ], [ 79.2858573, 29.0914452 ], [ 79.2871756, 29.0911769 ], [ 79.2866664, 29.0925894 ], [ 79.2884135, 29.0949995 ], [ 79.2911052, 29.094979 ], [ 79.2917628, 29.0957489 ], [ 79.29111, 29.0974139 ], [ 79.2928684, 29.0978824 ], [ 79.2928457, 29.0999048 ], [ 79.2935611, 29.1006244 ], [ 79.293148, 29.1014269 ], [ 79.2908997, 29.101417 ], [ 79.2905622, 29.1016778 ], [ 79.2909129, 29.1023824 ], [ 79.2920421, 29.1030809 ], [ 79.2915213, 29.1052152 ], [ 79.2926274, 29.1066884 ], [ 79.2916611, 29.106971 ], [ 79.2914849, 29.1080997 ], [ 79.2960872, 29.1120771 ], [ 79.3071048, 29.1098418 ], [ 79.3108592, 29.1061295 ], [ 79.3135864, 29.1049367 ], [ 79.3161313, 29.1050715 ] ] ] } },
{ "type": "Feature", "properties": { "gp_code": "260394", "gp_name": "RAJPUR FATEHGANJ", "blkname": "GADARPUR", "dtname": "Udam Singh Nagar", "SHAPE_Area": 2923060.6748653888 }, "geometry": { "type": "Polygon", "coordinates": [ [ [ 79.2709125, 29.1078536 ], [ 79.2697941, 29.1058931 ], [ 79.2698426, 29.1039433 ], [ 79.2693657, 29.103081 ], [ 79.2695146, 29.1021932 ], [ 79.2679892, 29.0992957 ], [ 79.265918, 29.096807 ], [ 79.2671187, 29.0954796 ], [ 79.2662132, 29.0949044 ], [ 79.2661344, 29.0940161 ], [ 79.2664112, 29.0936719 ], [ 79.2682952, 29.092796 ], [ 79.2716302, 29.091945 ], [ 79.2733146, 29.0910595 ], [ 79.2723355, 29.0894621 ], [ 79.2679303, 29.0869307 ], [ 79.2676255, 29.086497 ], [ 79.2544924, 29.0882372 ], [ 79.2515042, 29.0880851 ], [ 79.2503262, 29.0886939 ], [ 79.2494523, 29.0886898 ], [ 79.2499459, 29.0896795 ], [ 79.2499062, 29.0908601 ], [ 79.2529845, 29.0911417 ], [ 79.2577771, 29.0924888 ], [ 79.2595661, 29.0938908 ], [ 79.2616123, 29.097016 ], [ 79.2621299, 29.0989946 ], [ 79.2619833, 29.1028396 ], [ 79.2615575, 29.1047687 ], [ 79.2619273, 29.105696 ], [ 79.2621177, 29.1083536 ], [ 79.2647026, 29.1070429 ], [ 79.2670973, 29.1080565 ], [ 79.2695351, 29.1077165 ], [ 79.2709125, 29.1078536 ] ] ] } },
{ "type": "Feature", "properties": { "gp_code": "27130", "gp_name": "ROSHANPUR", "blkname": "GADARPUR", "dtname": "Udam Singh Nagar", "SHAPE_Area": 6799230.7392353583 }, "geometry": { "type": "Polygon", "coordinates": [ [ [ 79.2765412, 29.116513 ], [ 79.2742808, 29.1146219 ], [ 79.2737578, 29.1135782 ], [ 79.2736829, 29.111849 ], [ 79.2719836, 29.1104075 ], [ 79.2724033, 29.1092414 ], [ 79.2719991, 29.1085634 ], [ 79.2709125, 29.1078536 ], [ 79.2695351, 29.1077165 ], [ 79.2670973, 29.1080565 ], [ 79.2647026, 29.1070429 ], [ 79.2621177, 29.1083536 ], [ 79.2583005, 29.1085645 ], [ 79.2567223, 29.1076426 ], [ 79.253244, 29.1066356 ], [ 79.2485625, 29.1075934 ], [ 79.2445276, 29.1077854 ], [ 79.2411092, 29.1092459 ], [ 79.2387949, 29.1107538 ], [ 79.2364717, 29.1136961 ], [ 79.2365576, 29.1153419 ], [ 79.2354194, 29.1179605 ], [ 79.2367944, 29.1192122 ], [ 79.237542, 29.1192427 ], [ 79.2378908, 29.1191544 ], [ 79.2380844, 29.1176528 ], [ 79.2385292, 29.1169352 ], [ 79.2398176, 29.1172922 ], [ 79.2404566, 29.1183208 ], [ 79.2413766, 29.1219563 ], [ 79.2433234, 29.1241072 ], [ 79.2484223, 29.1227811 ], [ 79.2550122, 29.1223079 ], [ 79.2684688, 29.1195929 ], [ 79.2765412, 29.116513 ] ] ] } },
{ "type": "Feature", "properties": { "gp_code": "", "gp_name": "", "blkname": "GADARPUR", "dtname": "Udam Singh Nagar", "SHAPE_Area": 2835572.9399223556 }, "geometry": { "type": "Polygon", "coordinates": [ [ [ 79.2565795, 29.1335894 ], [ 79.2539399, 29.1377888 ], [ 79.253822, 29.1386877 ], [ 79.2541218, 29.1396892 ], [ 79.259508, 29.1477183 ], [ 79.2628274, 29.1517715 ], [ 79.2638718, 29.1526428 ], [ 79.2648627, 29.1549567 ], [ 79.2662581, 29.1569206 ], [ 79.2671456, 29.1568698 ], [ 79.2686059, 29.1550556 ], [ 79.2692413, 29.1532596 ], [ 79.2687756, 29.1486505 ], [ 79.2702975, 29.1472086 ], [ 79.2707479, 29.1456979 ], [ 79.2704682, 29.1446425 ], [ 79.269806, 29.1443774 ], [ 79.2699479, 29.1441043 ], [ 79.269412, 29.1433884 ], [ 79.2676943, 29.1422836 ], [ 79.2662403, 29.1430668 ], [ 79.2670464, 29.1419735 ], [ 79.2667578, 29.1413737 ], [ 79.2671757, 29.1408358 ], [ 79.2667624, 29.1392958 ], [ 79.2655707, 29.138109 ], [ 79.2623663, 29.135862 ], [ 79.2588725, 29.133916 ], [ 79.2565795, 29.1335894 ] ] ] } },
{ "type": "Feature", "properties": { "gp_code": "27079", "gp_name": "MAHAULI JANGAL", "blkname": "BAJPUR", "dtname": "Udam Singh Nagar", "SHAPE_Area": 6055472.6491148463 }, "geometry": { "type": "Polygon", "coordinates": [ [ [ 79.2673763, 29.1580116 ], [ 79.2648627, 29.1549567 ], [ 79.2638718, 29.1526428 ], [ 79.2602931, 29.1486771 ], [ 79.2563466, 29.1501342 ], [ 79.2541527, 29.152225 ], [ 79.2479316, 29.1561076 ], [ 79.246828, 29.1558915 ], [ 79.244971, 29.1531828 ], [ 79.2435061, 29.1492103 ], [ 79.2424538, 29.1484881 ], [ 79.2419708, 29.1489077 ], [ 79.2418177, 29.1503836 ], [ 79.2428688, 29.1591634 ], [ 79.2444446, 29.1607318 ], [ 79.2459289, 29.1615403 ], [ 79.2499527, 29.1620452 ], [ 79.2515948, 29.1637811 ], [ 79.253327, 29.1670322 ], [ 79.2571864, 29.1714123 ], [ 79.2578527, 29.1729343 ], [ 79.2593191, 29.1750174 ], [ 79.2593626, 29.1787063 ], [ 79.2652235, 29.1731883 ], [ 79.2666492, 29.1723807 ], [ 79.2681366, 29.1710238 ], [ 79.2689504, 29.1688643 ], [ 79.2716949, 29.1652486 ], [ 79.272161, 29.164042 ], [ 79.2693929, 29.161454 ], [ 79.2673763, 29.1580116 ] ] ] } },
{ "type": "Feature", "properties": { "gp_code": "", "gp_name": "", "blkname": "GADARPUR", "dtname": "Udam Singh Nagar", "SHAPE_Area": 157723265.19299173 }, "geometry": { "type": "Polygon", "coordinates": [ [ [ 79.363203, 29.1561914 ], [ 79.3753452, 29.1518571 ], [ 79.3774066, 29.1502492 ], [ 79.3835994, 29.1441786 ], [ 79.3868006, 29.1390291 ], [ 79.3924883, 29.1273597 ], [ 79.397515, 29.1203099 ], [ 79.3985546, 29.1181682 ], [ 79.3992314, 29.11771 ], [ 79.4013059, 29.1146037 ], [ 79.4057004, 29.1106685 ], [ 79.4068673, 29.1092261 ], [ 79.4093495, 29.1073484 ], [ 79.4205801, 29.0971816 ], [ 79.4179577, 29.0936457 ], [ 79.4167145, 29.0906818 ], [ 79.4147921, 29.0840043 ], [ 79.4123446, 29.0812217 ], [ 79.4083466, 29.0774988 ], [ 79.4054791, 29.0731516 ], [ 79.4048627, 29.0714819 ], [ 79.4050004, 29.0697562 ], [ 79.4053237, 29.069103 ], [ 79.4064362, 29.0685884 ], [ 79.4068777, 29.0679239 ], [ 79.4081527, 29.0676544 ], [ 79.4085416, 29.0672828 ], [ 79.4078382, 29.0656606 ], [ 79.4065652, 29.0644394 ], [ 79.4028349, 29.062132 ], [ 79.4023278, 29.0611273 ], [ 79.4014308, 29.0607071 ], [ 79.4003754, 29.0594854 ], [ 79.3989794, 29.0614452 ], [ 79.3893248, 29.0633148 ], [ 79.3874772, 29.064274 ], [ 79.3800602, 29.0659813 ], [ 79.3767519, 29.0657949 ], [ 79.3772554, 29.0638876 ], [ 79.3765229, 29.0614018 ], [ 79.374805, 29.0601028 ], [ 79.3725846, 29.0597036 ], [ 79.3685343, 29.0597745 ], [ 79.3666993, 29.061286 ], [ 79.3650308, 29.0643467 ], [ 79.3637455, 29.0690417 ], [ 79.3601034, 29.0761002 ], [ 79.3581826, 29.0782301 ], [ 79.3530788, 29.0875708 ], [ 79.3531683, 29.0893502 ], [ 79.3548817, 29.0923511 ], [ 79.3542476, 29.0937421 ], [ 79.3542406, 29.0950822 ], [ 79.355753, 29.09741 ], [ 79.3544278, 29.0980742 ], [ 79.3533095, 29.1001551 ], [ 79.3530536, 29.1018463 ], [ 79.3552077, 29.1052612 ], [ 79.352217, 29.1110198 ], [ 79.3521044, 29.1132974 ], [ 79.3544311, 29.117788 ], [ 79.3535868, 29.1188597 ], [ 79.3509434, 29.1179787 ], [ 79.3506499, 29.1186579 ], [ 79.3479404, 29.1177549 ], [ 79.3409787, 29.1121069 ], [ 79.3394196, 29.1135887 ], [ 79.3399768, 29.1174568 ], [ 79.3397356, 29.1193473 ], [ 79.3408508, 29.1224274 ], [ 79.3408176, 29.1244373 ], [ 79.3396343, 29.1260897 ], [ 79.3346797, 29.1266545 ], [ 79.3333004, 29.1277123 ], [ 79.3338956, 29.1283106 ], [ 79.3359331, 29.1333753 ], [ 79.3349915, 29.1348783 ], [ 79.3342274, 29.1345093 ], [ 79.3338486, 29.1360451 ], [ 79.3315558, 29.1384584 ], [ 79.3298366, 29.1388954 ], [ 79.3290813, 29.1366045 ], [ 79.3250903, 29.1320445 ], [ 79.324001, 29.129409 ], [ 79.3220824, 29.1278389 ], [ 79.317629, 29.1209186 ], [ 79.3159144, 29.1172693 ], [ 79.3155383, 29.1137965 ], [ 79.3163, 29.1125627 ], [ 79.3177524, 29.1069699 ], [ 79.3161313, 29.1050715 ], [ 79.3135864, 29.1049367 ], [ 79.3108592, 29.1061295 ], [ 79.3071048, 29.1098418 ], [ 79.2960872, 29.1120771 ], [ 79.2907099, 29.1137755 ], [ 79.2765412, 29.116513 ], [ 79.2684688, 29.1195929 ], [ 79.2550122, 29.1223079 ], [ 79.2484223, 29.1227811 ], [ 79.2433234, 29.1241072 ], [ 79.2467998, 29.1297096 ], [ 79.2485471, 29.1308421 ], [ 79.2557963, 29.1324225 ], [ 79.2565799, 29.1330075 ], [ 79.2565795, 29.1335894 ], [ 79.2588725, 29.133916 ], [ 79.2623663, 29.135862 ], [ 79.2655707, 29.138109 ], [ 79.2667624, 29.1392958 ], [ 79.2671757, 29.1408358 ], [ 79.2667578, 29.1413737 ], [ 79.2670464, 29.1419735 ], [ 79.2662403, 29.1430668 ], [ 79.2676943, 29.1422836 ], [ 79.269412, 29.1433884 ], [ 79.2699479, 29.1441043 ], [ 79.269806, 29.1443774 ], [ 79.2704682, 29.1446425 ], [ 79.2707479, 29.1456979 ], [ 79.2702975, 29.1472086 ], [ 79.2687756, 29.1486505 ], [ 79.2692413, 29.1532596 ], [ 79.2686059, 29.1550556 ], [ 79.2671456, 29.1568698 ], [ 79.2662581, 29.1569206 ], [ 79.2673763, 29.1580116 ], [ 79.2693929, 29.161454 ], [ 79.2730861, 29.1650232 ], [ 79.2745034, 29.1679377 ], [ 79.2734939, 29.1696003 ], [ 79.2714796, 29.1704758 ], [ 79.274797, 29.173163 ], [ 79.2747578, 29.17433 ], [ 79.2738153, 29.1751539 ], [ 79.2709054, 29.1752751 ], [ 79.2697804, 29.1762523 ], [ 79.2706145, 29.1789324 ], [ 79.2706417, 29.1827933 ], [ 79.2709333, 29.1841695 ], [ 79.2733442, 29.1865787 ], [ 79.2754357, 29.187992 ], [ 79.2765582, 29.1894743 ], [ 79.2792519, 29.1951107 ], [ 79.2840345, 29.2008921 ], [ 79.2859196, 29.2036574 ], [ 79.2929593, 29.2186705 ], [ 79.2950749, 29.2225732 ], [ 79.3011712, 29.2150765 ], [ 79.3233517, 29.1959335 ], [ 79.3282791, 29.1908869 ], [ 79.3302929, 29.1883398 ], [ 79.336282, 29.1833083 ], [ 79.3397595, 29.1798407 ], [ 79.3406901, 29.1793449 ], [ 79.3520512, 29.1689199 ], [ 79.363203, 29.1561914 ] ] ] } },
{ "type": "Feature", "properties": { "gp_code": "27136", "gp_name": "ANGADPUR", "blkname": "JASPUR", "dtname": "Udam Singh Nagar", "SHAPE_Area": 7254856.781850121 }, "geometry": { "type": "Polygon", "coordinates": [ [ [ 78.7668864, 29.3364923 ], [ 78.771243, 29.3334826 ], [ 78.7720407, 29.3339655 ], [ 78.7743092, 29.3319768 ], [ 78.7740443, 29.3316542 ], [ 78.774536, 29.3310454 ], [ 78.7745365, 29.3300958 ], [ 78.7733298, 29.3284918 ], [ 78.7771762, 29.3258404 ], [ 78.7775034, 29.3246541 ], [ 78.7779127, 29.3244219 ], [ 78.7780263, 29.32331 ], [ 78.7764823, 29.3226735 ], [ 78.7745784, 29.3209385 ], [ 78.7733687, 29.3209337 ], [ 78.7712714, 29.3202113 ], [ 78.7697329, 29.3187628 ], [ 78.7681692, 29.3165429 ], [ 78.7658051, 29.3142551 ], [ 78.7642123, 29.3135237 ], [ 78.7642331, 29.3130929 ], [ 78.7627565, 29.3117955 ], [ 78.760744, 29.3121421 ], [ 78.7582415, 29.3090962 ], [ 78.7547048, 29.31066 ], [ 78.7528921, 29.3079143 ], [ 78.7498432, 29.3110731 ], [ 78.7464456, 29.3129481 ], [ 78.7441737, 29.3134802 ], [ 78.744272, 29.3140928 ], [ 78.743214, 29.314658 ], [ 78.7429289, 29.3158249 ], [ 78.7442363, 29.3172717 ], [ 78.7447217, 29.3173021 ], [ 78.7450795, 29.3179404 ], [ 78.7458688, 29.3179406 ], [ 78.7471934, 29.3173627 ], [ 78.7475014, 29.3175927 ], [ 78.7491858, 29.3172192 ], [ 78.7506964, 29.3175916 ], [ 78.7504823, 29.3183696 ], [ 78.7492951, 29.3196457 ], [ 78.7495502, 29.3232434 ], [ 78.7530384, 29.3263913 ], [ 78.7536917, 29.3273231 ], [ 78.7537171, 29.3278577 ], [ 78.7527873, 29.3290662 ], [ 78.7537641, 29.3312184 ], [ 78.7608082, 29.3329264 ], [ 78.7641791, 29.3350929 ], [ 78.7665514, 29.3374011 ], [ 78.7668864, 29.3364923 ] ] ] } },
{ "type": "Feature", "properties": { "gp_code": "27145", "gp_name": "DHARAMPUR", "blkname": "JASPUR", "dtname": "Udam Singh Nagar", "SHAPE_Area": 1780644.274723795 }, "geometry": { "type": "Polygon", "coordinates": [ [ [ 78.7775237, 29.3101626 ], [ 78.7785944, 29.3096622 ], [ 78.7797364, 29.3116338 ], [ 78.7817867, 29.3141355 ], [ 78.784814, 29.3111297 ], [ 78.7832088, 29.3089776 ], [ 78.7776444, 29.3030827 ], [ 78.771207, 29.3076731 ], [ 78.7697737, 29.3070884 ], [ 78.7627565, 29.3117955 ], [ 78.7642331, 29.3130929 ], [ 78.7642123, 29.3135237 ], [ 78.7658051, 29.3142551 ], [ 78.7681692, 29.3165429 ], [ 78.7726665, 29.3130235 ], [ 78.7775365, 29.3104716 ], [ 78.7775237, 29.3101626 ] ] ] } },
{ "type": "Feature", "properties": { "gp_code": "260403", "gp_name": "Aspur", "blkname": "JASPUR", "dtname": "Udam Singh Nagar", "SHAPE_Area": 2237594.0511828153 }, "geometry": { "type": "Polygon", "coordinates": [ [ [ 78.7627565, 29.3117955 ], [ 78.7697737, 29.3070884 ], [ 78.771001, 29.307788 ], [ 78.7757011, 29.3046159 ], [ 78.7739933, 29.3022539 ], [ 78.7742662, 29.3020149 ], [ 78.7739037, 29.3008307 ], [ 78.774977, 29.3001092 ], [ 78.7741386, 29.299094 ], [ 78.7728465, 29.2999823 ], [ 78.7704105, 29.2977712 ], [ 78.7692085, 29.2988263 ], [ 78.7626374, 29.3026562 ], [ 78.7617831, 29.3026897 ], [ 78.7614924, 29.3024234 ], [ 78.7608978, 29.3027412 ], [ 78.759016, 29.3043735 ], [ 78.7569158, 29.3051238 ], [ 78.753847, 29.307529 ], [ 78.7528921, 29.3079143 ], [ 78.7547048, 29.31066 ], [ 78.7582415, 29.3090962 ], [ 78.7599414, 29.3113907 ], [ 78.7610219, 29.3122098 ], [ 78.7627565, 29.3117955 ] ] ] } },
{ "type": "Feature", "properties": { "gp_code": "27164", "gp_name": "NADEHI", "blkname": "JASPUR", "dtname": "Udam Singh Nagar", "SHAPE_Area": 1958365.4744785172 }, "geometry": { "type": "Polygon", "coordinates": [ [ [ 78.7693911, 29.2867122 ], [ 78.7647909, 29.2807448 ], [ 78.763618, 29.2803159 ], [ 78.7568497, 29.2842333 ], [ 78.7537325, 29.2871122 ], [ 78.7533002, 29.2871595 ], [ 78.7581693, 29.2898456 ], [ 78.7602806, 29.2918064 ], [ 78.7631795, 29.2938171 ], [ 78.7663915, 29.2917499 ], [ 78.7694498, 29.2939321 ], [ 78.7727339, 29.2916708 ], [ 78.7714812, 29.2906464 ], [ 78.7693911, 29.2867122 ] ] ] } },
{ "type": "Feature", "properties": { "gp_code": "27168", "gp_name": "PURANPUR", "blkname": "JASPUR", "dtname": "Udam Singh Nagar", "SHAPE_Area": 3339676.738138421 }, "geometry": { "type": "Polygon", "coordinates": [ [ [ 78.7757011, 29.3046159 ], [ 78.7799507, 29.3012157 ], [ 78.7768023, 29.2973986 ], [ 78.7834577, 29.2927155 ], [ 78.7801495, 29.2906691 ], [ 78.7805409, 29.2893745 ], [ 78.775937, 29.2852097 ], [ 78.7728727, 29.2853554 ], [ 78.771903, 29.2846266 ], [ 78.7693911, 29.2867122 ], [ 78.7714812, 29.2906464 ], [ 78.7727339, 29.2916708 ], [ 78.7707392, 29.2932287 ], [ 78.7694498, 29.2939321 ], [ 78.7663915, 29.2917499 ], [ 78.7635449, 29.2937338 ], [ 78.7631795, 29.2938171 ], [ 78.7620553, 29.2932032 ], [ 78.7598416, 29.294973 ], [ 78.7555536, 29.2972898 ], [ 78.7617831, 29.3026897 ], [ 78.7626374, 29.3026562 ], [ 78.7692085, 29.2988263 ], [ 78.7704105, 29.2977712 ], [ 78.7728465, 29.2999823 ], [ 78.7741386, 29.299094 ], [ 78.7746375, 29.2996355 ], [ 78.774977, 29.3001092 ], [ 78.7739037, 29.3008307 ], [ 78.7742662, 29.3020149 ], [ 78.7739933, 29.3022539 ], [ 78.7757011, 29.3046159 ] ] ] } },
{ "type": "Feature", "properties": { "gp_code": "27170", "gp_name": "RAJPUR", "blkname": "JASPUR", "dtname": "Udam Singh Nagar", "SHAPE_Area": 4339323.0992333731 }, "geometry": { "type": "Polygon", "coordinates": [ [ [ 78.7892637, 29.2868749 ], [ 78.7869188, 29.2806583 ], [ 78.782876, 29.2754496 ], [ 78.7810215, 29.2743349 ], [ 78.7757765, 29.2729216 ], [ 78.7727003, 29.2716465 ], [ 78.7718201, 29.2729498 ], [ 78.7682895, 29.2754681 ], [ 78.7658416, 29.2784761 ], [ 78.763618, 29.2803159 ], [ 78.7647909, 29.2807448 ], [ 78.7693911, 29.2867122 ], [ 78.771903, 29.2846266 ], [ 78.7728727, 29.2853554 ], [ 78.7761376, 29.2853315 ], [ 78.7805409, 29.2893745 ], [ 78.7801495, 29.2906691 ], [ 78.7840159, 29.2930629 ], [ 78.7870643, 29.296007 ], [ 78.7896027, 29.2893651 ], [ 78.7892637, 29.2868749 ] ] ] } },
{ "type": "Feature", "properties": { "gp_code": "27169", "gp_name": "RAIPUR PATTI DILLA", "blkname": "JASPUR", "dtname": "Udam Singh Nagar", "SHAPE_Area": 8824641.9157377761 }, "geometry": { "type": "Polygon", "coordinates": [ [ [ 78.7367201, 29.3207156 ], [ 78.7406728, 29.3204185 ], [ 78.7410883, 29.3196975 ], [ 78.7410897, 29.3182432 ], [ 78.7416614, 29.3170831 ], [ 78.7407989, 29.3166536 ], [ 78.7400814, 29.3168963 ], [ 78.7400656, 29.3164587 ], [ 78.7406762, 29.3157866 ], [ 78.7429289, 29.3158249 ], [ 78.743214, 29.314658 ], [ 78.744272, 29.3140928 ], [ 78.7441737, 29.3134802 ], [ 78.7464456, 29.3129481 ], [ 78.7498432, 29.3110731 ], [ 78.7528921, 29.3079143 ], [ 78.753847, 29.307529 ], [ 78.7569158, 29.3051238 ], [ 78.759016, 29.3043735 ], [ 78.7614924, 29.3024234 ], [ 78.7555536, 29.2972898 ], [ 78.7598416, 29.294973 ], [ 78.7620553, 29.2932032 ], [ 78.7586785, 29.2901976 ], [ 78.7564022, 29.288699 ], [ 78.7544833, 29.2878908 ], [ 78.754072, 29.2873786 ], [ 78.7536654, 29.2875318 ], [ 78.7533002, 29.2871595 ], [ 78.7507424, 29.2878463 ], [ 78.7505003, 29.2883581 ], [ 78.7493295, 29.2886054 ], [ 78.747209, 29.2902148 ], [ 78.7361355, 29.2967586 ], [ 78.7356698, 29.2974466 ], [ 78.735746, 29.2985646 ], [ 78.7345217, 29.299566 ], [ 78.7334786, 29.2990109 ], [ 78.7317002, 29.2994462 ], [ 78.7311046, 29.2989922 ], [ 78.7303636, 29.2992346 ], [ 78.7296147, 29.2985991 ], [ 78.728428, 29.2992164 ], [ 78.7267531, 29.297796 ], [ 78.7256057, 29.2988541 ], [ 78.7252893, 29.2984702 ], [ 78.7232258, 29.2997397 ], [ 78.7226905, 29.2993187 ], [ 78.7206187, 29.301064 ], [ 78.7208298, 29.301515 ], [ 78.7200988, 29.3023404 ], [ 78.7183684, 29.3034228 ], [ 78.7186841, 29.3042027 ], [ 78.7185536, 29.3047544 ], [ 78.7193204, 29.305606 ], [ 78.718588, 29.3066407 ], [ 78.7192247, 29.30703 ], [ 78.7203373, 29.3064151 ], [ 78.7218191, 29.3040148 ], [ 78.7222692, 29.3041898 ], [ 78.7229851, 29.3034477 ], [ 78.7255458, 29.304337 ], [ 78.727193, 29.3055089 ], [ 78.7293629, 29.3040643 ], [ 78.7334489, 29.3028904 ], [ 78.7344534, 29.3029397 ], [ 78.7351787, 29.30654 ], [ 78.7340037, 29.3073347 ], [ 78.7332232, 29.3084637 ], [ 78.7330793, 29.3099908 ], [ 78.7313929, 29.3132823 ], [ 78.7314577, 29.313874 ], [ 78.7321865, 29.3148257 ], [ 78.7313625, 29.3159158 ], [ 78.7323017, 29.3177352 ], [ 78.7341809, 29.3173599 ], [ 78.7357711, 29.3185252 ], [ 78.7356194, 29.3191743 ], [ 78.7342403, 29.3202852 ], [ 78.7336688, 29.3219035 ], [ 78.7348856, 29.3216619 ], [ 78.7367201, 29.3207156 ] ], [ [ 78.7476345, 29.307706 ], [ 78.7458884, 29.3072845 ], [ 78.7453937, 29.3075112 ], [ 78.7435133, 29.3063644 ], [ 78.7441114, 29.3055916 ], [ 78.744644, 29.3056135 ], [ 78.7450606, 29.3051083 ], [ 78.7454818, 29.3054782 ], [ 78.7469286, 29.3051525 ], [ 78.7474168, 29.3055642 ], [ 78.7472655, 29.3058468 ], [ 78.7478358, 29.3061527 ], [ 78.7474874, 29.3065816 ], [ 78.7479138, 29.3071052 ], [ 78.7476345, 29.307706 ] ] ] } },
{ "type": "Feature", "properties": { "gp_code": "260403", "gp_name": "Aspur", "blkname": "JASPUR", "dtname": "Udam Singh Nagar", "SHAPE_Area": 106905.91524817127 }, "geometry": { "type": "Polygon", "coordinates": [ [ [ 78.7477204, 29.307553 ], [ 78.7479014, 29.3069987 ], [ 78.7474874, 29.3065816 ], [ 78.7478358, 29.3061527 ], [ 78.7472655, 29.3058468 ], [ 78.7474168, 29.3055642 ], [ 78.7469286, 29.3051525 ], [ 78.7454818, 29.3054782 ], [ 78.7450606, 29.3051083 ], [ 78.744644, 29.3056135 ], [ 78.7441114, 29.3055916 ], [ 78.7435133, 29.3063644 ], [ 78.7453937, 29.3075112 ], [ 78.7458884, 29.3072845 ], [ 78.7477204, 29.307553 ] ] ] } },
{ "type": "Feature", "properties": { "gp_code": "27203", "gp_name": "PAIGA", "blkname": "KASHIPUR", "dtname": "Udam Singh Nagar", "SHAPE_Area": 6265394.4371166248 }, "geometry": { "type": "Polygon", "coordinates": [ [ [ 78.9140064, 29.1466115 ], [ 78.9172663, 29.1466834 ], [ 78.9188996, 29.1453505 ], [ 78.9231289, 29.1436736 ], [ 78.9278608, 29.1410125 ], [ 78.9298455, 29.1407315 ], [ 78.9308828, 29.1409828 ], [ 78.9321401, 29.1404152 ], [ 78.9315496, 29.1377584 ], [ 78.931871, 29.1360651 ], [ 78.92957, 29.1328584 ], [ 78.9304284, 29.1321111 ], [ 78.9320784, 29.131778 ], [ 78.9342751, 29.1302742 ], [ 78.9346438, 29.1296432 ], [ 78.9302146, 29.1234575 ], [ 78.9270213, 29.1181298 ], [ 78.9250325, 29.1184655 ], [ 78.9063344, 29.125014 ], [ 78.9061834, 29.1261916 ], [ 78.9071807, 29.1274127 ], [ 78.911734, 29.1296327 ], [ 78.9187376, 29.1354421 ], [ 78.9184894, 29.135898 ], [ 78.9172773, 29.1364857 ], [ 78.91621, 29.1377276 ], [ 78.9160797, 29.1383351 ], [ 78.9167151, 29.1398061 ], [ 78.9162297, 29.1406673 ], [ 78.9121927, 29.1430859 ], [ 78.9111468, 29.1441359 ], [ 78.9110854, 29.1451478 ], [ 78.9121228, 29.1474808 ], [ 78.9123753, 29.1476773 ], [ 78.9140064, 29.1466115 ] ] ] } },
{ "type": "Feature", "properties": { "gp_code": "27190", "gp_name": "GULDIYA", "blkname": "KASHIPUR", "dtname": "Udam Singh Nagar", "SHAPE_Area": 2190551.2272470868 }, "geometry": { "type": "Polygon", "coordinates": [ [ [ 78.9053394, 29.1829084 ], [ 78.9098987, 29.1826402 ], [ 78.9155634, 29.1781212 ], [ 78.9181656, 29.1768224 ], [ 78.9163925, 29.1754136 ], [ 78.9134729, 29.1740376 ], [ 78.9145227, 29.1735312 ], [ 78.9133414, 29.1709004 ], [ 78.914097, 29.1702473 ], [ 78.9138276, 29.1698765 ], [ 78.9141304, 29.1690409 ], [ 78.9139633, 29.1686608 ], [ 78.913011, 29.168415 ], [ 78.9122538, 29.1672979 ], [ 78.9098105, 29.1686376 ], [ 78.9076676, 29.1655415 ], [ 78.9068174, 29.1650518 ], [ 78.9052324, 29.1659036 ], [ 78.9034074, 29.168518 ], [ 78.9016671, 29.169563 ], [ 78.9039677, 29.1719674 ], [ 78.9041253, 29.1727712 ], [ 78.9054813, 29.1742714 ], [ 78.9086875, 29.1772899 ], [ 78.9087501, 29.1785618 ], [ 78.9082095, 29.1793011 ], [ 78.9071234, 29.1796612 ], [ 78.90683, 29.1800552 ], [ 78.9047246, 29.1795267 ], [ 78.9043781, 29.1788711 ], [ 78.9034654, 29.1782385 ], [ 78.9030184, 29.1790713 ], [ 78.9036394, 29.1798434 ], [ 78.9031697, 29.1809097 ], [ 78.9026696, 29.1806916 ], [ 78.8999775, 29.1820796 ], [ 78.9028514, 29.184118 ], [ 78.9053394, 29.1829084 ] ] ] } },
{ "type": "Feature", "properties": { "gp_code": "", "gp_name": "", "blkname": "KASHIPUR", "dtname": "Udam Singh Nagar", "SHAPE_Area": 2022608.3522329803 }, "geometry": { "type": "Polygon", "coordinates": [ [ [ 78.9295034, 29.1902662 ], [ 78.9278883, 29.1891136 ], [ 78.9256758, 29.1860872 ], [ 78.9222384, 29.1828033 ], [ 78.9197522, 29.1786081 ], [ 78.9181656, 29.1768224 ], [ 78.9155634, 29.1781212 ], [ 78.9098987, 29.1826402 ], [ 78.9122924, 29.1843916 ], [ 78.9164876, 29.1893712 ], [ 78.9173921, 29.1898959 ], [ 78.9187258, 29.1881298 ], [ 78.9199027, 29.1887061 ], [ 78.9190996, 29.1895733 ], [ 78.9196216, 29.190958 ], [ 78.9204684, 29.1909487 ], [ 78.9214306, 29.1920322 ], [ 78.9246178, 29.1934097 ], [ 78.9295034, 29.1902662 ] ] ] } },
{ "type": "Feature", "properties": { "gp_code": "260401", "gp_name": "SHIVLALPUR AMARJHANDA", "blkname": "KASHIPUR", "dtname": "Udam Singh Nagar", "SHAPE_Area": 3055862.8613427998 }, "geometry": { "type": "Polygon", "coordinates": [ [ [ 78.9257273, 29.1646414 ], [ 78.9266167, 29.1636202 ], [ 78.9256065, 29.1615391 ], [ 78.9252838, 29.1594577 ], [ 78.9244983, 29.1583255 ], [ 78.9246313, 29.1577305 ], [ 78.9229724, 29.1577393 ], [ 78.9217142, 29.1593614 ], [ 78.9211274, 29.1595519 ], [ 78.9196674, 29.157934 ], [ 78.9181961, 29.1572759 ], [ 78.9177137, 29.1552731 ], [ 78.9184495, 29.1542808 ], [ 78.9196036, 29.1535206 ], [ 78.9198226, 29.1505601 ], [ 78.9156022, 29.1502173 ], [ 78.915452, 29.1524452 ], [ 78.9147952, 29.1534929 ], [ 78.9135723, 29.1543223 ], [ 78.9105201, 29.1538728 ], [ 78.9076118, 29.1514471 ], [ 78.9069817, 29.1513388 ], [ 78.9063741, 29.1517415 ], [ 78.9061748, 29.1528635 ], [ 78.9086381, 29.1558159 ], [ 78.9092697, 29.1584518 ], [ 78.9090867, 29.1595576 ], [ 78.9080144, 29.1606922 ], [ 78.9091427, 29.1624797 ], [ 78.9089477, 29.163891 ], [ 78.9068174, 29.1650518 ], [ 78.9076676, 29.1655415 ], [ 78.9098105, 29.1686376 ], [ 78.9122538, 29.1672979 ], [ 78.913011, 29.168415 ], [ 78.9139633, 29.1686608 ], [ 78.9141304, 29.1690409 ], [ 78.9138276, 29.1698765 ], [ 78.914097, 29.1702473 ], [ 78.9152139, 29.1695671 ], [ 78.9156309, 29.1699588 ], [ 78.9175901, 29.1681071 ], [ 78.9173787, 29.1675921 ], [ 78.9188204, 29.16644 ], [ 78.9191638, 29.1668014 ], [ 78.9211751, 29.1648303 ], [ 78.9229022, 29.164822 ], [ 78.9243039, 29.1643427 ], [ 78.9246647, 29.1646643 ], [ 78.9257273, 29.1646414 ] ] ] } },
{ "type": "Feature", "properties": { "gp_code": "27180", "gp_name": "BANSKHERA KHURD", "blkname": "KASHIPUR", "dtname": "Udam Singh Nagar", "SHAPE_Area": 9757128.2737314496 }, "geometry": { "type": "Polygon", "coordinates": [ [ [ 78.9320897, 29.1845693 ], [ 78.9359283, 29.1841909 ], [ 78.9370154, 29.1853001 ], [ 78.9384749, 29.1852262 ], [ 78.9397806, 29.187349 ], [ 78.9400922, 29.187629 ], [ 78.9405145, 29.1874124 ], [ 78.9409875, 29.1879141 ], [ 78.942652, 29.1872968 ], [ 78.9431836, 29.1875895 ], [ 78.9458677, 29.1873379 ], [ 78.9454141, 29.1863919 ], [ 78.9461957, 29.18535 ], [ 78.9460864, 29.1835144 ], [ 78.9456434, 29.1834815 ], [ 78.9435462, 29.1815531 ], [ 78.9434745, 29.1806351 ], [ 78.9427131, 29.1793138 ], [ 78.9372596, 29.1745758 ], [ 78.944668, 29.171942 ], [ 78.9469087, 29.1770227 ], [ 78.9491266, 29.176778 ], [ 78.949154, 29.1755615 ], [ 78.9494059, 29.1753338 ], [ 78.9498929, 29.1755215 ], [ 78.9497405, 29.1740645 ], [ 78.9501906, 29.1739179 ], [ 78.9494233, 29.1716142 ], [ 78.9501425, 29.1718931 ], [ 78.9524246, 29.1741119 ], [ 78.9544267, 29.1711681 ], [ 78.95485, 29.1708219 ], [ 78.9552653, 29.1714329 ], [ 78.9552398, 29.1704155 ], [ 78.9546733, 29.1688761 ], [ 78.9549033, 29.1685485 ], [ 78.9545655, 29.1681872 ], [ 78.9548406, 29.1678998 ], [ 78.9534554, 29.1664398 ], [ 78.9541889, 29.1660257 ], [ 78.9514705, 29.1634631 ], [ 78.9517058, 29.1630702 ], [ 78.9505758, 29.1610186 ], [ 78.9465049, 29.1627422 ], [ 78.9453345, 29.1627644 ], [ 78.9452519, 29.1624497 ], [ 78.9434487, 29.1627221 ], [ 78.9392452, 29.164659 ], [ 78.9379862, 29.1657277 ], [ 78.9367899, 29.1647924 ], [ 78.9359821, 29.1635903 ], [ 78.9357601, 29.1629905 ], [ 78.9359714, 29.1622015 ], [ 78.9343404, 29.16061 ], [ 78.9339571, 29.1609266 ], [ 78.9334238, 29.1608408 ], [ 78.9303605, 29.1629695 ], [ 78.9298133, 29.1625171 ], [ 78.9288431, 29.1630292 ], [ 78.9289402, 29.1636282 ], [ 78.9282309, 29.164187 ], [ 78.9278813, 29.1651969 ], [ 78.9260191, 29.1650523 ], [ 78.9257273, 29.1646414 ], [ 78.9246647, 29.1646643 ], [ 78.9243039, 29.1643427 ], [ 78.9229022, 29.164822 ], [ 78.9211751, 29.1648303 ], [ 78.9191638, 29.1668014 ], [ 78.9188204, 29.16644 ], [ 78.9173787, 29.1675921 ], [ 78.9175901, 29.1681071 ], [ 78.9156309, 29.1699588 ], [ 78.9152139, 29.1695671 ], [ 78.9134334, 29.1707714 ], [ 78.9145227, 29.1735312 ], [ 78.9134729, 29.1740376 ], [ 78.9163925, 29.1754136 ], [ 78.9188415, 29.1774951 ], [ 78.9222384, 29.1828033 ], [ 78.9256758, 29.1860872 ], [ 78.9278883, 29.1891136 ], [ 78.9295034, 29.1902662 ], [ 78.9321245, 29.1897552 ], [ 78.9323019, 29.1889586 ], [ 78.9348851, 29.1872306 ], [ 78.9330451, 29.1858023 ], [ 78.9315492, 29.1853137 ], [ 78.9320897, 29.1845693 ] ] ] } },
{ "type": "Feature", "properties": { "gp_code": "27179", "gp_name": "GINNI KHERA", "blkname": "KASHIPUR", "dtname": "Udam Singh Nagar", "SHAPE_Area": 2055399.6308767935 }, "geometry": { "type": "Polygon", "coordinates": [ [ [ 78.9470072, 29.1837996 ], [ 78.950471, 29.1830544 ], [ 78.951034, 29.1836664 ], [ 78.9547335, 29.1809182 ], [ 78.9553869, 29.1815906 ], [ 78.9574816, 29.1804674 ], [ 78.9576059, 29.1798798 ], [ 78.9582481, 29.1798491 ], [ 78.9560776, 29.1758211 ], [ 78.956234, 29.1734486 ], [ 78.95485, 29.1708219 ], [ 78.9524246, 29.1741119 ], [ 78.9501425, 29.1718931 ], [ 78.9494233, 29.1716142 ], [ 78.9501906, 29.1739179 ], [ 78.9497405, 29.1740645 ], [ 78.9498929, 29.1755215 ], [ 78.9494059, 29.1753338 ], [ 78.949154, 29.1755615 ], [ 78.9491266, 29.176778 ], [ 78.9469087, 29.1770227 ], [ 78.944668, 29.171942 ], [ 78.9372596, 29.1745758 ], [ 78.9427131, 29.1793138 ], [ 78.9434745, 29.1806351 ], [ 78.9435462, 29.1815531 ], [ 78.9456434, 29.1834815 ], [ 78.9460864, 29.1835144 ], [ 78.9461957, 29.18535 ], [ 78.9472907, 29.1848785 ], [ 78.9468325, 29.183968 ], [ 78.9470072, 29.1837996 ] ] ] } },
{ "type": "Feature", "properties": { "gp_code": "27178", "gp_name": "BAGHELE WALA", "blkname": "KASHIPUR", "dtname": "Udam Singh Nagar", "SHAPE_Area": 6541115.1246721707 }, "geometry": { "type": "Polygon", "coordinates": [ [ [ 78.9434487, 29.1627221 ], [ 78.9452519, 29.1624497 ], [ 78.9453345, 29.1627644 ], [ 78.9465049, 29.1627422 ], [ 78.9505758, 29.1610186 ], [ 78.9459259, 29.1520201 ], [ 78.9433553, 29.1530454 ], [ 78.9426512, 29.1523427 ], [ 78.9421264, 29.1525985 ], [ 78.9402874, 29.1510954 ], [ 78.9376759, 29.152245 ], [ 78.9373838, 29.1518641 ], [ 78.9364061, 29.1519474 ], [ 78.9355824, 29.1493041 ], [ 78.9361886, 29.149166 ], [ 78.9362643, 29.148613 ], [ 78.9347507, 29.1469375 ], [ 78.9345933, 29.1460937 ], [ 78.9339482, 29.145142 ], [ 78.9326872, 29.1451486 ], [ 78.9308828, 29.1409828 ], [ 78.9298455, 29.1407315 ], [ 78.9278608, 29.1410125 ], [ 78.9231289, 29.1436736 ], [ 78.9188996, 29.1453505 ], [ 78.9172663, 29.1466834 ], [ 78.9140064, 29.1466115 ], [ 78.9123753, 29.1476773 ], [ 78.9146317, 29.1488245 ], [ 78.9156022, 29.1502173 ], [ 78.9198226, 29.1505601 ], [ 78.9196036, 29.1535206 ], [ 78.9184495, 29.1542808 ], [ 78.9177137, 29.1552731 ], [ 78.9181961, 29.1572759 ], [ 78.9196674, 29.157934 ], [ 78.9211274, 29.1595519 ], [ 78.9217142, 29.1593614 ], [ 78.9229724, 29.1577393 ], [ 78.9246313, 29.1577305 ], [ 78.9244983, 29.1583255 ], [ 78.9252838, 29.1594577 ], [ 78.9256065, 29.1615391 ], [ 78.9266167, 29.1636202 ], [ 78.9257273, 29.1646414 ], [ 78.9260191, 29.1650523 ], [ 78.9278813, 29.1651969 ], [ 78.9282309, 29.164187 ], [ 78.9289402, 29.1636282 ], [ 78.9288431, 29.1630292 ], [ 78.9298133, 29.1625171 ], [ 78.9303605, 29.1629695 ], [ 78.9328193, 29.161111 ], [ 78.9343404, 29.16061 ], [ 78.9359714, 29.1622015 ], [ 78.9357601, 29.1629905 ], [ 78.9367899, 29.1647924 ], [ 78.9379862, 29.1657277 ], [ 78.9392452, 29.164659 ], [ 78.9434487, 29.1627221 ] ] ] } },
{ "type": "Feature", "properties": { "gp_code": "", "gp_name": "", "blkname": "KASHIPUR", "dtname": "Udam Singh Nagar", "SHAPE_Area": 10319095.282323167 }, "geometry": { "type": "Polygon", "coordinates": [ [ [ 78.9433553, 29.1530454 ], [ 78.9565893, 29.1471731 ], [ 78.9640523, 29.141846 ], [ 78.963301, 29.1406743 ], [ 78.9635318, 29.1395738 ], [ 78.9630942, 29.1382445 ], [ 78.9632626, 29.1378068 ], [ 78.9621757, 29.1361841 ], [ 78.9610891, 29.1336888 ], [ 78.9625411, 29.1312148 ], [ 78.9628745, 29.1300601 ], [ 78.9641728, 29.1305008 ], [ 78.9579269, 29.1214407 ], [ 78.9564453, 29.119888 ], [ 78.9437491, 29.1275093 ], [ 78.9433535, 29.1272823 ], [ 78.942865, 29.1261671 ], [ 78.941234, 29.1267787 ], [ 78.9346438, 29.1296432 ], [ 78.9342751, 29.1302742 ], [ 78.9320784, 29.131778 ], [ 78.9304284, 29.1321111 ], [ 78.92957, 29.1328584 ], [ 78.931871, 29.1360651 ], [ 78.9315496, 29.1377584 ], [ 78.9321401, 29.1404152 ], [ 78.9308828, 29.1409828 ], [ 78.9326872, 29.1451486 ], [ 78.9339482, 29.145142 ], [ 78.9345933, 29.1460937 ], [ 78.9347507, 29.1469375 ], [ 78.9362643, 29.148613 ], [ 78.9361886, 29.149166 ], [ 78.9355824, 29.1493041 ], [ 78.9364061, 29.1519474 ], [ 78.9373838, 29.1518641 ], [ 78.9376759, 29.152245 ], [ 78.9402874, 29.1510954 ], [ 78.9421264, 29.1525985 ], [ 78.9426512, 29.1523427 ], [ 78.9433553, 29.1530454 ] ] ] } },
{ "type": "Feature", "properties": { "gp_code": "27181", "gp_name": "BARKHEDA PANDEY", "blkname": "KASHIPUR", "dtname": "Udam Singh Nagar", "SHAPE_Area": 5581887.5210347846 }, "geometry": { "type": "Polygon", "coordinates": [ [ [ 78.960258, 29.1658258 ], [ 78.9743274, 29.1586163 ], [ 78.96887, 29.150221 ], [ 78.9693913, 29.1496908 ], [ 78.9675157, 29.1464225 ], [ 78.9640523, 29.141846 ], [ 78.9565893, 29.1471731 ], [ 78.9459259, 29.1520201 ], [ 78.9517058, 29.1630702 ], [ 78.9514705, 29.1634631 ], [ 78.9545094, 29.1664217 ], [ 78.9591704, 29.1654597 ], [ 78.960258, 29.1658258 ] ] ] } },
{ "type": "Feature", "properties": { "gp_code": "27196", "gp_name": "KATAEYA", "blkname": "KASHIPUR", "dtname": "Udam Singh Nagar", "SHAPE_Area": 5917190.1384384856 }, "geometry": { "type": "Polygon", "coordinates": [ [ [ 78.9756162, 29.1593967 ], [ 78.9777249, 29.1578844 ], [ 78.9782463, 29.1583763 ], [ 78.9811323, 29.1571665 ], [ 78.9824569, 29.1574017 ], [ 78.9835442, 29.1567704 ], [ 78.9844912, 29.1573274 ], [ 78.9882425, 29.1556906 ], [ 78.9897396, 29.1554806 ], [ 78.9897814, 29.1552365 ], [ 78.9883543, 29.1533078 ], [ 78.9873057, 29.1530219 ], [ 78.9869519, 29.1532142 ], [ 78.9869365, 29.1537077 ], [ 78.9865504, 29.1536903 ], [ 78.9854387, 29.1527907 ], [ 78.9837405, 29.152062 ], [ 78.9835792, 29.1509589 ], [ 78.9819032, 29.1509882 ], [ 78.9822441, 29.1496041 ], [ 78.9832104, 29.1495255 ], [ 78.9837946, 29.1475545 ], [ 78.9831397, 29.1470617 ], [ 78.9800333, 29.1462891 ], [ 78.9803328, 29.1444111 ], [ 78.9799039, 29.1440792 ], [ 78.9812695, 29.1437887 ], [ 78.9819355, 29.1429138 ], [ 78.9816521, 29.142149 ], [ 78.9823649, 29.1418095 ], [ 78.9807322, 29.1414276 ], [ 78.9804196, 29.1418021 ], [ 78.9799031, 29.141754 ], [ 78.9779333, 29.1388542 ], [ 78.9771391, 29.1384004 ], [ 78.976763, 29.1385476 ], [ 78.9776187, 29.1374012 ], [ 78.9776699, 29.1367133 ], [ 78.9756881, 29.1366508 ], [ 78.9746773, 29.1359463 ], [ 78.9749622, 29.1344621 ], [ 78.9742274, 29.1326622 ], [ 78.9749347, 29.1316146 ], [ 78.9745658, 29.1298381 ], [ 78.9733304, 29.1274117 ], [ 78.9724023, 29.126741 ], [ 78.9655793, 29.1293779 ], [ 78.9641728, 29.1305008 ], [ 78.9628745, 29.1300601 ], [ 78.9625411, 29.1312148 ], [ 78.9610891, 29.1336888 ], [ 78.9621757, 29.1361841 ], [ 78.9632626, 29.1378068 ], [ 78.9630942, 29.1382445 ], [ 78.9635318, 29.1395738 ], [ 78.963301, 29.1406743 ], [ 78.9675157, 29.1464225 ], [ 78.9693913, 29.1496908 ], [ 78.96887, 29.150221 ], [ 78.9737606, 29.1577818 ], [ 78.9743274, 29.1586163 ], [ 78.9756162, 29.1593967 ] ] ] } },
{ "type": "Feature", "properties": { "gp_code": "262929", "gp_name": "RAJPURARANI", "blkname": "KASHIPUR", "dtname": "Udam Singh Nagar", "SHAPE_Area": 4953955.3873680029 }, "geometry": { "type": "Polygon", "coordinates": [ [ [ 79.0015168, 29.1460264 ], [ 79.0038727, 29.1435575 ], [ 79.0077451, 29.1410259 ], [ 79.0093689, 29.1403881 ], [ 79.0100702, 29.1398165 ], [ 79.010674, 29.1386145 ], [ 79.0108592, 29.1359521 ], [ 79.0104588, 29.1347798 ], [ 79.0078148, 29.132334 ], [ 79.0074965, 29.1311442 ], [ 79.0078997, 29.129419 ], [ 79.0088971, 29.1276614 ], [ 79.008209, 29.1266134 ], [ 79.0076735, 29.1244093 ], [ 79.0083132, 29.1234671 ], [ 79.0087816, 29.1219042 ], [ 79.0076954, 29.1193959 ], [ 79.0062503, 29.1182793 ], [ 79.0034972, 29.1192079 ], [ 79.0021926, 29.1209455 ], [ 79.0017108, 29.1222563 ], [ 79.001926, 29.1235175 ], [ 79.0041829, 29.1251274 ], [ 79.0042352, 29.125899 ], [ 79.0001272, 29.1272104 ], [ 78.9986567, 29.128126 ], [ 78.9966455, 29.1301236 ], [ 78.9933758, 29.1299086 ], [ 78.9912795, 29.1306784 ], [ 78.9905994, 29.1315542 ], [ 78.9907389, 29.1325475 ], [ 78.9904024, 29.133413 ], [ 78.9910335, 29.1340353 ], [ 78.9902445, 29.1346736 ], [ 78.9908643, 29.1366721 ], [ 78.989836, 29.1394931 ], [ 78.9918602, 29.1432397 ], [ 78.9916087, 29.1434376 ], [ 78.9937947, 29.1463385 ], [ 78.99424, 29.1467552 ], [ 78.9947469, 29.1465888 ], [ 78.9957369, 29.1474352 ], [ 78.9999435, 29.1454767 ], [ 79.0015168, 29.1460264 ] ] ] } },
{ "type": "Feature", "properties": { "gp_code": "27182", "gp_name": "BARKHEDI", "blkname": "KASHIPUR", "dtname": "Udam Singh Nagar", "SHAPE_Area": 6461354.1929960307 }, "geometry": { "type": "Polygon", "coordinates": [ [ [ 78.9995355, 29.1685576 ], [ 79.0024086, 29.1680716 ], [ 79.0047571, 29.1691119 ], [ 79.0108294, 29.1645814 ], [ 79.0089944, 29.160845 ], [ 79.0078347, 29.1572386 ], [ 79.0058361, 29.1534831 ], [ 79.001701, 29.1511385 ], [ 79.0015687, 29.1497519 ], [ 79.002115, 29.1480817 ], [ 79.0015168, 29.1460264 ], [ 78.9999435, 29.1454767 ], [ 78.9957369, 29.1474352 ], [ 78.9947469, 29.1465888 ], [ 78.9940985, 29.1466894 ], [ 78.9916087, 29.1434376 ], [ 78.9918602, 29.1432397 ], [ 78.989836, 29.1394931 ], [ 78.9867632, 29.141568 ], [ 78.9837666, 29.1426561 ], [ 78.9819355, 29.1429138 ], [ 78.9812695, 29.1437887 ], [ 78.9799503, 29.1439598 ], [ 78.9803328, 29.1444111 ], [ 78.9800333, 29.1462891 ], [ 78.9831397, 29.1470617 ], [ 78.9837946, 29.1475545 ], [ 78.9832104, 29.1495255 ], [ 78.9822441, 29.1496041 ], [ 78.9819032, 29.1509882 ], [ 78.9835792, 29.1509589 ], [ 78.9837405, 29.152062 ], [ 78.9854387, 29.1527907 ], [ 78.9865504, 29.1536903 ], [ 78.9869365, 29.1537077 ], [ 78.9869519, 29.1532142 ], [ 78.9873057, 29.1530219 ], [ 78.9881789, 29.1532169 ], [ 78.9897151, 29.1550067 ], [ 78.9897396, 29.1554806 ], [ 78.9887243, 29.1563319 ], [ 78.9896288, 29.1568761 ], [ 78.9888368, 29.158205 ], [ 78.9896747, 29.1585643 ], [ 78.990289, 29.1584684 ], [ 78.9900861, 29.1575696 ], [ 78.9903092, 29.1573815 ], [ 78.9908699, 29.1575845 ], [ 78.9915808, 29.1588854 ], [ 78.992187, 29.1590887 ], [ 78.9917531, 29.157959 ], [ 78.9920173, 29.1576017 ], [ 78.9929338, 29.1584127 ], [ 78.9931332, 29.1578268 ], [ 78.9940464, 29.1579958 ], [ 78.9947853, 29.1575891 ], [ 78.9952209, 29.1578187 ], [ 78.9949814, 29.158625 ], [ 78.9942193, 29.159438 ], [ 78.9946229, 29.1608068 ], [ 78.9962213, 29.1612406 ], [ 78.9961258, 29.1618085 ], [ 78.9952559, 29.1626058 ], [ 78.9957538, 29.1628483 ], [ 78.9955213, 29.163495 ], [ 78.9957708, 29.1639105 ], [ 78.9948299, 29.1638211 ], [ 78.993965, 29.1632834 ], [ 78.9934109, 29.1622627 ], [ 78.9908337, 29.1627202 ], [ 78.9898335, 29.1620657 ], [ 78.9898237, 29.1625742 ], [ 78.990456, 29.1630619 ], [ 78.9924515, 29.1628849 ], [ 78.9929439, 29.1631024 ], [ 78.991525, 29.1639811 ], [ 78.9923929, 29.1648492 ], [ 78.9906405, 29.1655113 ], [ 78.9903563, 29.1665741 ], [ 78.9905562, 29.1671488 ], [ 78.9897573, 29.1675801 ], [ 78.9898896, 29.1684211 ], [ 78.9905876, 29.1685127 ], [ 78.9906678, 29.1680919 ], [ 78.9911309, 29.1682569 ], [ 78.9911311, 29.1678829 ], [ 78.9916599, 29.1678239 ], [ 78.9916245, 29.1672852 ], [ 78.9919262, 29.1672123 ], [ 78.9919314, 29.1679752 ], [ 78.9924274, 29.1677539 ], [ 78.9931164, 29.1689549 ], [ 78.9921593, 29.1699861 ], [ 78.9929804, 29.1703153 ], [ 78.9930711, 29.1717295 ], [ 78.9936566, 29.1723889 ], [ 78.9940371, 29.1724062 ], [ 78.9969803, 29.1716679 ], [ 78.9983798, 29.1707097 ], [ 78.9985918, 29.1695913 ], [ 78.9995355, 29.1685576 ] ] ] } },
{ "type": "Feature", "properties": { "gp_code": "", "gp_name": "", "blkname": "KASHIPUR", "dtname": "Udam Singh Nagar", "SHAPE_Area": 2443530.5802941862 }, "geometry": { "type": "Polygon", "coordinates": [ [ [ 79.023558, 29.1693326 ], [ 79.0240375, 29.1675202 ], [ 79.0219996, 29.1660681 ], [ 79.0197633, 29.1660031 ], [ 79.0172204, 29.1676945 ], [ 79.0157063, 29.1681172 ], [ 79.0138627, 29.1672729 ], [ 79.0130458, 29.1654375 ], [ 79.0124655, 29.164786 ], [ 79.0115774, 29.1645441 ], [ 79.009928, 29.1650056 ], [ 79.0047571, 29.1691119 ], [ 79.0050747, 29.1703916 ], [ 79.0049138, 29.1725681 ], [ 79.0056763, 29.1745883 ], [ 79.0066096, 29.1757818 ], [ 79.0074362, 29.1775323 ], [ 79.0073513, 29.1779019 ], [ 79.0086021, 29.1796578 ], [ 79.009797, 29.1825547 ], [ 79.0104651, 29.1832176 ], [ 79.0107305, 29.1833569 ], [ 79.011377, 29.1826981 ], [ 79.0120111, 29.1795554 ], [ 79.0134455, 29.1773945 ], [ 79.0168546, 29.1743407 ], [ 79.023558, 29.1693326 ] ] ] } },
{ "type": "Feature", "properties": { "gp_code": "", "gp_name": "", "blkname": "KASHIPUR", "dtname": "Udam Singh Nagar", "SHAPE_Area": 1060029.7513230452 }, "geometry": { "type": "Polygon", "coordinates": [ [ [ 79.0104651, 29.1832176 ], [ 79.009797, 29.1825547 ], [ 79.0086021, 29.1796578 ], [ 79.0068569, 29.1767472 ], [ 78.9991609, 29.178355 ], [ 78.9988491, 29.1789955 ], [ 78.9985655, 29.1835869 ], [ 78.9970573, 29.1842623 ], [ 78.9971666, 29.1847965 ], [ 78.9984344, 29.1861108 ], [ 79.0010793, 29.18554 ], [ 79.0037818, 29.184477 ], [ 79.0104651, 29.1832176 ] ] ] } },
{ "type": "Feature", "properties": { "gp_code": "", "gp_name": "", "blkname": "KASHIPUR", "dtname": "Udam Singh Nagar", "SHAPE_Area": 1654505.1071294583 }, "geometry": { "type": "Polygon", "coordinates": [ [ [ 79.0068569, 29.1767472 ], [ 79.0049138, 29.1725681 ], [ 79.0050747, 29.1703916 ], [ 79.0047571, 29.1691119 ], [ 79.0024086, 29.1680716 ], [ 78.9995355, 29.1685576 ], [ 78.9985918, 29.1695913 ], [ 78.9983798, 29.1707097 ], [ 78.9969803, 29.1716679 ], [ 78.9940371, 29.1724062 ], [ 78.9939616, 29.1733182 ], [ 78.9942197, 29.1730107 ], [ 78.9945403, 29.1734141 ], [ 78.9949334, 29.1732794 ], [ 78.9951927, 29.1738819 ], [ 78.9950454, 29.1748757 ], [ 78.9942238, 29.1753069 ], [ 78.9939375, 29.1762799 ], [ 78.9936299, 29.1763727 ], [ 78.9933436, 29.1759521 ], [ 78.9925829, 29.1765706 ], [ 78.9918968, 29.1763968 ], [ 78.991605, 29.1766271 ], [ 78.9922478, 29.1772466 ], [ 78.9918969, 29.1777829 ], [ 78.9926745, 29.1785756 ], [ 78.9926876, 29.1790594 ], [ 78.9920728, 29.1792001 ], [ 78.9921495, 29.1795596 ], [ 78.9935725, 29.1792394 ], [ 78.9947626, 29.1796159 ], [ 78.9945144, 29.180093 ], [ 78.9936458, 29.1800028 ], [ 78.9932991, 29.1807236 ], [ 78.9939332, 29.1810018 ], [ 78.9945442, 29.1806217 ], [ 78.995077, 29.1807746 ], [ 78.9952631, 29.1802522 ], [ 78.9952134, 29.1814785 ], [ 78.9956967, 29.1814317 ], [ 78.9959633, 29.1821813 ], [ 78.9963723, 29.1821988 ], [ 78.9965707, 29.1815568 ], [ 78.9968601, 29.1815985 ], [ 78.997093, 29.183011 ], [ 78.996803, 29.1837372 ], [ 78.9970573, 29.1842623 ], [ 78.9985655, 29.1835869 ], [ 78.9988491, 29.1789955 ], [ 78.9991609, 29.178355 ], [ 79.0068569, 29.1767472 ] ] ] } },
{ "type": "Feature", "properties": { "gp_code": "", "gp_name": "", "blkname": "KASHIPUR", "dtname": "Udam Singh Nagar", "SHAPE_Area": 2550659.9774719817 }, "geometry": { "type": "Polygon", "coordinates": [ [ [ 78.9972163, 29.1877786 ], [ 78.997073, 29.1872342 ], [ 78.9976797, 29.1873826 ], [ 78.9976604, 29.1869686 ], [ 78.9986031, 29.1863263 ], [ 78.9971666, 29.1847965 ], [ 78.9968235, 29.1840091 ], [ 78.9971023, 29.1825673 ], [ 78.9968601, 29.1815985 ], [ 78.9965707, 29.1815568 ], [ 78.9963723, 29.1821988 ], [ 78.9959633, 29.1821813 ], [ 78.9956967, 29.1814317 ], [ 78.9952134, 29.1814785 ], [ 78.9952631, 29.1802522 ], [ 78.995077, 29.1807746 ], [ 78.9945442, 29.1806217 ], [ 78.9939332, 29.1810018 ], [ 78.9932991, 29.1807236 ], [ 78.9936458, 29.1800028 ], [ 78.9945144, 29.180093 ], [ 78.9947626, 29.1796159 ], [ 78.9935725, 29.1792394 ], [ 78.9921495, 29.1795596 ], [ 78.9920728, 29.1792001 ], [ 78.9926876, 29.1790594 ], [ 78.9926745, 29.1785756 ], [ 78.9918969, 29.1777829 ], [ 78.9922478, 29.1772466 ], [ 78.991727, 29.177019 ], [ 78.9905635, 29.1754538 ], [ 78.9894028, 29.1760049 ], [ 78.9890062, 29.1755163 ], [ 78.9877168, 29.1754832 ], [ 78.9852509, 29.1775718 ], [ 78.9826808, 29.1791936 ], [ 78.983713, 29.1803295 ], [ 78.9841537, 29.1820176 ], [ 78.9839075, 29.1822454 ], [ 78.9852756, 29.1837848 ], [ 78.9851249, 29.1841428 ], [ 78.9888799, 29.191885 ], [ 78.9901011, 29.1940367 ], [ 78.9912659, 29.1947421 ], [ 78.9887353, 29.1963666 ], [ 78.9888942, 29.1968883 ], [ 78.9902547, 29.1958997 ], [ 78.9915569, 29.1964912 ], [ 78.9918904, 29.1960146 ], [ 78.99201, 29.1966785 ], [ 78.9933663, 29.1962034 ], [ 78.9943604, 29.1962395 ], [ 78.9947928, 29.1968755 ], [ 78.9951883, 29.1964491 ], [ 78.9957846, 29.1964977 ], [ 78.9958051, 29.196079 ], [ 78.9948985, 29.1950512 ], [ 78.9954381, 29.1943865 ], [ 78.9961278, 29.1948196 ], [ 78.9964996, 29.1938247 ], [ 78.9961705, 29.1930598 ], [ 78.9959029, 29.1931279 ], [ 78.9959051, 29.1935567 ], [ 78.9955381, 29.1932702 ], [ 78.9956875, 29.1927102 ], [ 78.9952461, 29.1924881 ], [ 78.9947039, 29.1913778 ], [ 78.9949503, 29.190432 ], [ 78.995625, 29.1899176 ], [ 78.9953929, 29.1891034 ], [ 78.9959742, 29.1881996 ], [ 78.9972163, 29.1877786 ] ] ] } },
{ "type": "Feature", "properties": { "gp_code": "27195", "gp_name": "KANAKPUR", "blkname": "KASHIPUR", "dtname": "Udam Singh Nagar", "SHAPE_Area": 6606549.7078053299 }, "geometry": { "type": "Polygon", "coordinates": [ [ [ 78.9769478, 29.1821763 ], [ 78.9821691, 29.1801452 ], [ 78.9830087, 29.179607 ], [ 78.9826808, 29.1791936 ], [ 78.9852509, 29.1775718 ], [ 78.9877168, 29.1754832 ], [ 78.9890062, 29.1755163 ], [ 78.9894028, 29.1760049 ], [ 78.9905635, 29.1754538 ], [ 78.9911748, 29.1764299 ], [ 78.9925829, 29.1765706 ], [ 78.9933436, 29.1759521 ], [ 78.9936299, 29.1763727 ], [ 78.9939375, 29.1762799 ], [ 78.9942238, 29.1753069 ], [ 78.9950454, 29.1748757 ], [ 78.9952087, 29.1740067 ], [ 78.9949334, 29.1732794 ], [ 78.9945403, 29.1734141 ], [ 78.9942197, 29.1730107 ], [ 78.9939616, 29.1733182 ], [ 78.9940371, 29.1724062 ], [ 78.9936566, 29.1723889 ], [ 78.992904, 29.1713271 ], [ 78.9930703, 29.1704356 ], [ 78.9921593, 29.1699861 ], [ 78.9930642, 29.1690942 ], [ 78.9929176, 29.1682606 ], [ 78.9924274, 29.1677539 ], [ 78.9919314, 29.1679752 ], [ 78.9920324, 29.1674273 ], [ 78.9917108, 29.1671561 ], [ 78.9916599, 29.1678239 ], [ 78.9911311, 29.1678829 ], [ 78.9911309, 29.1682569 ], [ 78.9905881, 29.1681126 ], [ 78.9905876, 29.1685127 ], [ 78.9898589, 29.1683561 ], [ 78.9897573, 29.1675801 ], [ 78.9905562, 29.1671488 ], [ 78.9903563, 29.1665741 ], [ 78.9906405, 29.1655113 ], [ 78.9924794, 29.1646852 ], [ 78.991525, 29.1639811 ], [ 78.9929439, 29.1631024 ], [ 78.9924515, 29.1628849 ], [ 78.990456, 29.1630619 ], [ 78.9897295, 29.1622844 ], [ 78.9899245, 29.1620563 ], [ 78.9908337, 29.1627202 ], [ 78.9934109, 29.1622627 ], [ 78.993965, 29.1632834 ], [ 78.9957248, 29.163975 ], [ 78.9955213, 29.163495 ], [ 78.9958262, 29.1630332 ], [ 78.9952797, 29.1624713 ], [ 78.9961258, 29.1618085 ], [ 78.9962213, 29.1612406 ], [ 78.9946229, 29.1608068 ], [ 78.9942193, 29.159438 ], [ 78.9949814, 29.158625 ], [ 78.9951619, 29.157741 ], [ 78.9947853, 29.1575891 ], [ 78.9940464, 29.1579958 ], [ 78.9931332, 29.1578268 ], [ 78.9929338, 29.1584127 ], [ 78.9920173, 29.1576017 ], [ 78.9917531, 29.157959 ], [ 78.9922795, 29.1588898 ], [ 78.9920052, 29.1590825 ], [ 78.9915808, 29.1588854 ], [ 78.9908699, 29.1575845 ], [ 78.9901671, 29.1573856 ], [ 78.9903635, 29.1583841 ], [ 78.9896747, 29.1585643 ], [ 78.9888368, 29.158205 ], [ 78.9895924, 29.1571551 ], [ 78.9895452, 29.1566811 ], [ 78.9887243, 29.1563319 ], [ 78.9897396, 29.1554806 ], [ 78.9893232, 29.1555179 ], [ 78.9882425, 29.1556906 ], [ 78.9844912, 29.1573274 ], [ 78.9837489, 29.1567492 ], [ 78.9824569, 29.1574017 ], [ 78.9811323, 29.1571665 ], [ 78.9782463, 29.1583763 ], [ 78.9777249, 29.1578844 ], [ 78.9756162, 29.1593967 ], [ 78.9743274, 29.1586163 ], [ 78.9673447, 29.1621517 ], [ 78.9700036, 29.1662177 ], [ 78.9705865, 29.1699013 ], [ 78.9711611, 29.1704834 ], [ 78.970796, 29.1706705 ], [ 78.9730163, 29.174225 ], [ 78.9727363, 29.1751008 ], [ 78.9736385, 29.1759243 ], [ 78.9741851, 29.1757782 ], [ 78.9743637, 29.1761683 ], [ 78.9734157, 29.1767506 ], [ 78.9749182, 29.1803957 ], [ 78.9743567, 29.1816437 ], [ 78.9747981, 29.1818509 ], [ 78.975948, 29.1812549 ], [ 78.9769478, 29.1821763 ] ] ] } },
{ "type": "Feature", "properties": { "gp_code": "27187", "gp_name": "DHEEMAR KHEDA", "blkname": "KASHIPUR", "dtname": "Udam Singh Nagar", "SHAPE_Area": 5679625.1928901291 }, "geometry": { "type": "Polygon", "coordinates": [ [ [ 78.9643472, 29.188747 ], [ 78.9677578, 29.1885895 ], [ 78.9696523, 29.1889906 ], [ 78.9738371, 29.1886683 ], [ 78.9763871, 29.1867699 ], [ 78.9773968, 29.1855996 ], [ 78.9782328, 29.183441 ], [ 78.975948, 29.1812549 ], [ 78.9747981, 29.1818509 ], [ 78.9743567, 29.1816437 ], [ 78.9749182, 29.1803957 ], [ 78.9734157, 29.1767506 ], [ 78.9743637, 29.1761683 ], [ 78.9741851, 29.1757782 ], [ 78.9736385, 29.1759243 ], [ 78.9727363, 29.1751008 ], [ 78.9730163, 29.174225 ], [ 78.970796, 29.1706705 ], [ 78.9711611, 29.1704834 ], [ 78.9705865, 29.1699013 ], [ 78.9700036, 29.1662177 ], [ 78.9673447, 29.1621517 ], [ 78.960258, 29.1658258 ], [ 78.9591704, 29.1654597 ], [ 78.9545094, 29.1664217 ], [ 78.9541889, 29.1660257 ], [ 78.9534554, 29.1664398 ], [ 78.9548406, 29.1678998 ], [ 78.9545655, 29.1681872 ], [ 78.9549033, 29.1685485 ], [ 78.9546733, 29.1688761 ], [ 78.9552398, 29.1704155 ], [ 78.9552653, 29.1714329 ], [ 78.956234, 29.1734486 ], [ 78.9560776, 29.1758211 ], [ 78.9579375, 29.1789545 ], [ 78.9585138, 29.1806835 ], [ 78.9587097, 29.1817119 ], [ 78.958208, 29.1819181 ], [ 78.9585492, 29.1832366 ], [ 78.9582964, 29.1849203 ], [ 78.9593049, 29.1852559 ], [ 78.9599844, 29.1868858 ], [ 78.9631884, 29.1900659 ], [ 78.9643472, 29.188747 ] ] ] } },
{ "type": "Feature", "properties": { "gp_code": "", "gp_name": "", "blkname": "KASHIPUR", "dtname": "Udam Singh Nagar", "SHAPE_Area": 9353358.6207166314 }, "geometry": { "type": "Polygon", "coordinates": [ [ [ 78.9716636, 29.2269452 ], [ 78.9719537, 29.2222813 ], [ 78.9712882, 29.2175704 ], [ 78.972706, 29.2090172 ], [ 78.9679875, 29.2003777 ], [ 78.9660456, 29.1961022 ], [ 78.958322, 29.197583 ], [ 78.9454988, 29.203303 ], [ 78.9485743, 29.2138735 ], [ 78.9473953, 29.2195048 ], [ 78.9558962, 29.2303411 ], [ 78.9625907, 29.2259106 ], [ 78.9716636, 29.2269452 ] ] ] } },
{ "type": "Feature", "properties": { "gp_code": "", "gp_name": "", "blkname": "KASHIPUR", "dtname": "Udam Singh Nagar", "SHAPE_Area": 1435241.2892178907 }, "geometry": { "type": "Polygon", "coordinates": [ [ [ 78.9870249, 29.205732 ], [ 78.987456, 29.2051364 ], [ 78.9861154, 29.203677 ], [ 78.9864735, 29.2029762 ], [ 78.9876573, 29.2024028 ], [ 78.9868314, 29.2019489 ], [ 78.9868996, 29.2012513 ], [ 78.9865409, 29.2006457 ], [ 78.9851733, 29.2017533 ], [ 78.9833314, 29.2004453 ], [ 78.9826979, 29.2007804 ], [ 78.9818395, 29.1997852 ], [ 78.9811428, 29.1995115 ], [ 78.9803793, 29.199746 ], [ 78.9805198, 29.1999414 ], [ 78.9800681, 29.2002775 ], [ 78.9779751, 29.2001496 ], [ 78.9770104, 29.2006769 ], [ 78.9762695, 29.2002434 ], [ 78.9755028, 29.2008767 ], [ 78.9748857, 29.2005886 ], [ 78.9724967, 29.2015556 ], [ 78.970053, 29.2015698 ], [ 78.969382, 29.1995711 ], [ 78.9679453, 29.1987641 ], [ 78.9671956, 29.1987194 ], [ 78.972706, 29.2090172 ], [ 78.9749286, 29.2082785 ], [ 78.9765728, 29.2066835 ], [ 78.9800322, 29.206177 ], [ 78.9819197, 29.2043666 ], [ 78.9836265, 29.2048162 ], [ 78.9846013, 29.2058295 ], [ 78.9870249, 29.205732 ] ] ] } },
{ "type": "Feature", "properties": { "gp_code": "", "gp_name": "", "blkname": "KASHIPUR", "dtname": "Udam Singh Nagar", "SHAPE_Area": 3635282.0738223651 }, "geometry": { "type": "Polygon", "coordinates": [ [ [ 78.9946827, 29.2123665 ], [ 78.993275, 29.2114552 ], [ 78.9934016, 29.210566 ], [ 78.9925621, 29.2096708 ], [ 78.9928659, 29.2093486 ], [ 78.9927297, 29.2086198 ], [ 78.9905083, 29.208541 ], [ 78.9882068, 29.2071355 ], [ 78.9870249, 29.205732 ], [ 78.9846013, 29.2058295 ], [ 78.9836265, 29.2048162 ], [ 78.9819197, 29.2043666 ], [ 78.9800322, 29.206177 ], [ 78.9765728, 29.2066835 ], [ 78.9749286, 29.2082785 ], [ 78.972706, 29.2090172 ], [ 78.9712882, 29.2175704 ], [ 78.9715609, 29.2205042 ], [ 78.9734889, 29.2196689 ], [ 78.9752951, 29.2198101 ], [ 78.9781728, 29.2209652 ], [ 78.9800583, 29.2211467 ], [ 78.9812894, 29.2207257 ], [ 78.9825117, 29.2199955 ], [ 78.9843226, 29.2195682 ], [ 78.9891647, 29.2168266 ], [ 78.9946827, 29.2123665 ] ] ] } },
{ "type": "Feature", "properties": { "gp_code": "", "gp_name": "", "blkname": "KASHIPUR", "dtname": "Udam Singh Nagar", "SHAPE_Area": 4964089.4742607828 }, "geometry": { "type": "Polygon", "coordinates": [ [ [ 78.9858676, 29.2009805 ], [ 78.9854224, 29.200519 ], [ 78.9860274, 29.2001987 ], [ 78.9862888, 29.1995073 ], [ 78.9849986, 29.198846 ], [ 78.9849852, 29.1977091 ], [ 78.9855111, 29.1980216 ], [ 78.9864346, 29.1976684 ], [ 78.9862624, 29.1971787 ], [ 78.9868356, 29.1965765 ], [ 78.9874307, 29.1967672 ], [ 78.9877865, 29.1963407 ], [ 78.988063, 29.1965792 ], [ 78.9890709, 29.1963238 ], [ 78.9912659, 29.1947421 ], [ 78.9901011, 29.1940367 ], [ 78.9888799, 29.191885 ], [ 78.9851249, 29.1841428 ], [ 78.9852756, 29.1837848 ], [ 78.9839075, 29.1822454 ], [ 78.9841537, 29.1820176 ], [ 78.983713, 29.1803295 ], [ 78.9830087, 29.179607 ], [ 78.9769478, 29.1821763 ], [ 78.9782328, 29.183441 ], [ 78.9773968, 29.1855996 ], [ 78.9763871, 29.1867699 ], [ 78.9738371, 29.1886683 ], [ 78.9696523, 29.1889906 ], [ 78.9677578, 29.1885895 ], [ 78.9650534, 29.1885621 ], [ 78.9643472, 29.188747 ], [ 78.9631884, 29.1900659 ], [ 78.9622747, 29.1926378 ], [ 78.9624687, 29.1938955 ], [ 78.9618239, 29.1948985 ], [ 78.9623222, 29.1957793 ], [ 78.9630197, 29.1966265 ], [ 78.9660456, 29.1961022 ], [ 78.9671956, 29.1987194 ], [ 78.9679453, 29.1987641 ], [ 78.969382, 29.1995711 ], [ 78.970053, 29.2015698 ], [ 78.9724967, 29.2015556 ], [ 78.9748857, 29.2005886 ], [ 78.9755028, 29.2008767 ], [ 78.9762695, 29.2002434 ], [ 78.9770104, 29.2006769 ], [ 78.9779751, 29.2001496 ], [ 78.9800681, 29.2002775 ], [ 78.9805198, 29.1999414 ], [ 78.9803793, 29.199746 ], [ 78.9811428, 29.1995115 ], [ 78.9818395, 29.1997852 ], [ 78.9826979, 29.2007804 ], [ 78.9833314, 29.2004453 ], [ 78.9851733, 29.2017533 ], [ 78.9858676, 29.2009805 ] ] ] } },
{ "type": "Feature", "properties": { "gp_code": "", "gp_name": "", "blkname": "KASHIPUR", "dtname": "Udam Singh Nagar", "SHAPE_Area": 2852644.8802124942 }, "geometry": { "type": "Polygon", "coordinates": [ [ [ 79.0039963, 29.2040577 ], [ 79.0033529, 29.20113 ], [ 79.0024297, 29.1996306 ], [ 79.0014825, 29.196759 ], [ 79.0003791, 29.1945917 ], [ 78.9993356, 29.1944632 ], [ 78.9987168, 29.1936914 ], [ 78.9988481, 29.1922089 ], [ 78.9984366, 29.1917975 ], [ 78.9979634, 29.191994 ], [ 78.997871, 29.1914749 ], [ 78.9973115, 29.1910974 ], [ 78.9973732, 29.1905044 ], [ 78.9986199, 29.189515 ], [ 78.9976887, 29.1894344 ], [ 78.9978079, 29.1887421 ], [ 78.9972163, 29.1877786 ], [ 78.9959742, 29.1881996 ], [ 78.9953929, 29.1891034 ], [ 78.995625, 29.1899176 ], [ 78.9949503, 29.190432 ], [ 78.9947039, 29.1913778 ], [ 78.9952461, 29.1924881 ], [ 78.9956875, 29.1927102 ], [ 78.9955381, 29.1932702 ], [ 78.9959051, 29.1935567 ], [ 78.9959029, 29.1931279 ], [ 78.9961705, 29.1930598 ], [ 78.9964996, 29.1938247 ], [ 78.9961278, 29.1948196 ], [ 78.9954381, 29.1943865 ], [ 78.9948985, 29.1950512 ], [ 78.9958051, 29.196079 ], [ 78.9957846, 29.1964977 ], [ 78.9951883, 29.1964491 ], [ 78.9947928, 29.1968755 ], [ 78.9943604, 29.1962395 ], [ 78.9933663, 29.1962034 ], [ 78.99201, 29.1966785 ], [ 78.9918904, 29.1960146 ], [ 78.9915569, 29.1964912 ], [ 78.9902547, 29.1958997 ], [ 78.9896045, 29.1961947 ], [ 78.9891329, 29.1968898 ], [ 78.9886799, 29.1966925 ], [ 78.9887353, 29.1963666 ], [ 78.988063, 29.1965792 ], [ 78.9877865, 29.1963407 ], [ 78.9874307, 29.1967672 ], [ 78.9868356, 29.1965765 ], [ 78.9862624, 29.1971787 ], [ 78.9864346, 29.1976684 ], [ 78.9855111, 29.1980216 ], [ 78.9849852, 29.1977091 ], [ 78.9849986, 29.198846 ], [ 78.9863273, 29.1996621 ], [ 78.9854553, 29.2006638 ], [ 78.9859522, 29.2010558 ], [ 78.9865409, 29.2006457 ], [ 78.9868996, 29.2012513 ], [ 78.9868314, 29.2019489 ], [ 78.9876573, 29.2024028 ], [ 78.9864735, 29.2029762 ], [ 78.9861154, 29.203677 ], [ 78.987456, 29.2051364 ], [ 78.9870249, 29.205732 ], [ 78.9882068, 29.2071355 ], [ 78.9905083, 29.208541 ], [ 78.9927297, 29.2086198 ], [ 78.9985587, 29.2060386 ], [ 79.0039963, 29.2040577 ] ] ] } },
{ "type": "Feature", "properties": { "gp_code": "", "gp_name": "", "blkname": "KASHIPUR", "dtname": "Udam Singh Nagar", "SHAPE_Area": 1392663.7633221522 }, "geometry": { "type": "Polygon", "coordinates": [ [ [ 79.0112804, 29.1880609 ], [ 79.0096008, 29.1868384 ], [ 79.0093455, 29.1854512 ], [ 79.0095906, 29.1844487 ], [ 79.0107305, 29.1833569 ], [ 79.006152, 29.1839467 ], [ 78.9984344, 29.1861108 ], [ 78.9985784, 29.1865754 ], [ 78.9976604, 29.1869686 ], [ 78.9976797, 29.1873826 ], [ 78.997073, 29.1872342 ], [ 78.9978079, 29.1887421 ], [ 78.9976887, 29.1894344 ], [ 78.9986199, 29.189515 ], [ 78.9973732, 29.1905044 ], [ 78.9973115, 29.1910974 ], [ 78.997871, 29.1914749 ], [ 78.9979634, 29.191994 ], [ 78.9984366, 29.1917975 ], [ 78.9988481, 29.1922089 ], [ 78.9987168, 29.1936914 ], [ 78.9993356, 29.1944632 ], [ 79.0003791, 29.1945917 ], [ 79.0043827, 29.1933298 ], [ 79.0077755, 29.1914171 ], [ 79.0112804, 29.1880609 ] ] ] } },
{ "type": "Feature", "properties": { "gp_code": "293910", "gp_name": "SHIVLALPUR DALLU", "blkname": "KASHIPUR", "dtname": "Udam Singh Nagar", "SHAPE_Area": 4229103.2628666433 }, "geometry": { "type": "Polygon", "coordinates": [ [ [ 79.0168965, 29.2010253 ], [ 79.0195894, 29.2005919 ], [ 79.0212357, 29.2013829 ], [ 79.0226457, 29.2016592 ], [ 79.0268924, 29.2015137 ], [ 79.0281168, 29.2009232 ], [ 79.0288517, 29.1991256 ], [ 79.0288211, 29.1984507 ], [ 79.0285157, 29.1977598 ], [ 79.0209342, 29.1908952 ], [ 79.0188135, 29.1882065 ], [ 79.0156259, 29.185005 ], [ 79.012866, 29.1867237 ], [ 79.0077755, 29.1914171 ], [ 79.0043827, 29.1933298 ], [ 79.0003791, 29.1945917 ], [ 79.0014825, 29.196759 ], [ 79.0024297, 29.1996306 ], [ 79.0033529, 29.20113 ], [ 79.0039963, 29.2040577 ], [ 79.0083917, 29.2030114 ], [ 79.0118907, 29.2025727 ], [ 79.0168965, 29.2010253 ] ] ] } },
{ "type": "Feature", "properties": { "gp_code": "260400", "gp_name": "RAMNAGAR KASHIPUR", "blkname": "KASHIPUR", "dtname": "Udam Singh Nagar", "SHAPE_Area": 4467724.0984728737 }, "geometry": { "type": "Polygon", "coordinates": [ [ [ 79.0012625, 29.2285126 ], [ 79.0039269, 29.2279955 ], [ 79.0049256, 29.2284983 ], [ 79.0058089, 29.2280325 ], [ 79.0064622, 29.2267345 ], [ 79.0096935, 29.224509 ], [ 79.0124402, 29.2233511 ], [ 79.0153854, 29.2211598 ], [ 79.0183082, 29.2211777 ], [ 79.013517, 29.2160526 ], [ 79.0097357, 29.2128989 ], [ 79.0086366, 29.213348 ], [ 79.008365, 29.2127478 ], [ 79.0088092, 29.2118975 ], [ 79.0070719, 29.2093028 ], [ 79.0051135, 29.2054513 ], [ 79.0039963, 29.2040577 ], [ 78.9985587, 29.2060386 ], [ 78.9927297, 29.2086198 ], [ 78.9928659, 29.2093486 ], [ 78.9925621, 29.2096708 ], [ 78.9934016, 29.210566 ], [ 78.9934269, 29.2116407 ], [ 78.99587, 29.2131268 ], [ 78.9957374, 29.2137118 ], [ 78.9950123, 29.2141136 ], [ 78.9950677, 29.2146425 ], [ 78.9960823, 29.2153244 ], [ 78.9967447, 29.2163357 ], [ 78.9979368, 29.2168716 ], [ 78.9974253, 29.2175714 ], [ 78.9975627, 29.2181407 ], [ 78.9966883, 29.218569 ], [ 78.997598, 29.2190521 ], [ 78.9976889, 29.2197556 ], [ 78.9964821, 29.2196359 ], [ 78.9973234, 29.2203242 ], [ 78.9976617, 29.2213534 ], [ 78.9983433, 29.2214125 ], [ 78.9980428, 29.2220189 ], [ 79.0012625, 29.2285126 ] ] ] } },
{ "type": "Feature", "properties": { "gp_code": "27199", "gp_name": "KHARMASI", "blkname": "KASHIPUR", "dtname": "Udam Singh Nagar", "SHAPE_Area": 5250494.9178819014 }, "geometry": { "type": "Polygon", "coordinates": [ [ [ 78.9905643, 29.2507878 ], [ 78.9923335, 29.2501916 ], [ 78.9940723, 29.2505946 ], [ 78.9929948, 29.2491313 ], [ 78.9981182, 29.2468625 ], [ 78.9973521, 29.2460002 ], [ 79.0017906, 29.2426595 ], [ 79.0028291, 29.2436554 ], [ 79.0065792, 29.2454276 ], [ 79.0090975, 29.2398303 ], [ 79.0103574, 29.2387288 ], [ 79.007738, 29.2385856 ], [ 79.0077421, 29.2380772 ], [ 79.0062596, 29.2373863 ], [ 79.0062361, 29.2370396 ], [ 79.0076748, 29.2367476 ], [ 79.0072769, 29.2357224 ], [ 79.0073219, 29.2342558 ], [ 79.0067246, 29.2340297 ], [ 79.0057264, 29.2349334 ], [ 79.0051976, 29.2347886 ], [ 79.0047509, 29.2330266 ], [ 79.0045668, 29.2301339 ], [ 79.0049256, 29.2284983 ], [ 79.0039269, 29.2279955 ], [ 79.0012625, 29.2285126 ], [ 78.9980428, 29.2220189 ], [ 78.9975387, 29.2225044 ], [ 78.9975381, 29.2229282 ], [ 78.9962004, 29.2238821 ], [ 78.9953559, 29.2235926 ], [ 78.995108, 29.2240248 ], [ 78.9953283, 29.2248862 ], [ 78.9935668, 29.2258724 ], [ 78.9950504, 29.2280922 ], [ 78.9957195, 29.2296918 ], [ 78.9953529, 29.2321326 ], [ 78.9960323, 29.2331689 ], [ 78.9844744, 29.2396275 ], [ 78.9817952, 29.2407566 ], [ 78.9831672, 29.2460351 ], [ 78.9886352, 29.2505968 ], [ 78.9905643, 29.2507878 ] ] ] } },
{ "type": "Feature", "properties": { "gp_code": "", "gp_name": "", "blkname": "KASHIPUR", "dtname": "Udam Singh Nagar", "SHAPE_Area": 3364185.5741601358 }, "geometry": { "type": "Polygon", "coordinates": [ [ [ 78.9791158, 29.246498 ], [ 78.9793618, 29.24287 ], [ 78.9805199, 29.2416759 ], [ 78.9821365, 29.2405101 ], [ 78.9844744, 29.2396275 ], [ 78.9960323, 29.2331689 ], [ 78.9953529, 29.2321326 ], [ 78.9957195, 29.2296918 ], [ 78.9950504, 29.2280922 ], [ 78.9935856, 29.2260121 ], [ 78.9912411, 29.2291285 ], [ 78.9905515, 29.2286555 ], [ 78.9890005, 29.2292639 ], [ 78.9883304, 29.2291899 ], [ 78.9875832, 29.2274302 ], [ 78.9862788, 29.227761 ], [ 78.9855744, 29.2291027 ], [ 78.9852261, 29.228602 ], [ 78.9844641, 29.228642 ], [ 78.982963, 29.2293929 ], [ 78.98165, 29.2290455 ], [ 78.9809763, 29.2294127 ], [ 78.9786597, 29.2277377 ], [ 78.9762296, 29.2287892 ], [ 78.9751266, 29.2301981 ], [ 78.9728915, 29.232056 ], [ 78.9734856, 29.2327379 ], [ 78.9727984, 29.2333417 ], [ 78.9737512, 29.2349732 ], [ 78.9731256, 29.2370657 ], [ 78.9733805, 29.237855 ], [ 78.976256, 29.2420713 ], [ 78.9768013, 29.2455597 ], [ 78.9776075, 29.2470655 ], [ 78.9791158, 29.246498 ] ] ] } },
{ "type": "Feature", "properties": { "gp_code": "", "gp_name": "", "blkname": "KASHIPUR", "dtname": "Udam Singh Nagar", "SHAPE_Area": 3584115.1232917914 }, "geometry": { "type": "Polygon", "coordinates": [ [ [ 78.9912411, 29.2291285 ], [ 78.9936133, 29.2257455 ], [ 78.9953283, 29.2248862 ], [ 78.9951956, 29.2237362 ], [ 78.9956518, 29.2235496 ], [ 78.9962004, 29.2238821 ], [ 78.9975381, 29.2229282 ], [ 78.9977461, 29.2221666 ], [ 78.9983758, 29.2216121 ], [ 78.9975208, 29.2212129 ], [ 78.9973234, 29.2203242 ], [ 78.9964821, 29.2196359 ], [ 78.9976889, 29.2197556 ], [ 78.997598, 29.2190521 ], [ 78.9966883, 29.218569 ], [ 78.9975627, 29.2181407 ], [ 78.9974253, 29.2175714 ], [ 78.9979368, 29.2168716 ], [ 78.9967447, 29.2163357 ], [ 78.9960823, 29.2153244 ], [ 78.9950677, 29.2146425 ], [ 78.9950123, 29.2141136 ], [ 78.9957374, 29.2137118 ], [ 78.99587, 29.2131268 ], [ 78.9946827, 29.2123665 ], [ 78.9891647, 29.2168266 ], [ 78.9843226, 29.2195682 ], [ 78.9825117, 29.2199955 ], [ 78.9812894, 29.2207257 ], [ 78.9800583, 29.2211467 ], [ 78.9781728, 29.2209652 ], [ 78.9752951, 29.2198101 ], [ 78.9734889, 29.2196689 ], [ 78.9715609, 29.2205042 ], [ 78.9719537, 29.2222813 ], [ 78.9716636, 29.2269452 ], [ 78.9751266, 29.2301981 ], [ 78.9762296, 29.2287892 ], [ 78.9786597, 29.2277377 ], [ 78.9809763, 29.2294127 ], [ 78.98165, 29.2290455 ], [ 78.982963, 29.2293929 ], [ 78.9844641, 29.228642 ], [ 78.9852261, 29.228602 ], [ 78.9855744, 29.2291027 ], [ 78.9862788, 29.227761 ], [ 78.9875832, 29.2274302 ], [ 78.9883304, 29.2291899 ], [ 78.9890005, 29.2292639 ], [ 78.9905515, 29.2286555 ], [ 78.9912411, 29.2291285 ] ] ] } },
{ "type": "Feature", "properties": { "gp_code": "", "gp_name": "", "blkname": "KASHIPUR", "dtname": "Udam Singh Nagar", "SHAPE_Area": 5397789.6680641817 }, "geometry": { "type": "Polygon", "coordinates": [ [ [ 78.9541559, 29.2510162 ], [ 78.9545647, 29.2505651 ], [ 78.9565376, 29.2499738 ], [ 78.9595308, 29.2469271 ], [ 78.9618408, 29.2453466 ], [ 78.9623133, 29.2445918 ], [ 78.9662031, 29.2430514 ], [ 78.9649739, 29.2404909 ], [ 78.9737512, 29.2349732 ], [ 78.9727984, 29.2333417 ], [ 78.9734856, 29.2327379 ], [ 78.9728915, 29.232056 ], [ 78.9751266, 29.2301981 ], [ 78.9716636, 29.2269452 ], [ 78.9625907, 29.2259106 ], [ 78.9558962, 29.2303411 ], [ 78.9536309, 29.2320414 ], [ 78.9529587, 29.2328896 ], [ 78.9511333, 29.2356597 ], [ 78.9506639, 29.2387179 ], [ 78.9501967, 29.2401906 ], [ 78.9491706, 29.2418591 ], [ 78.9495393, 29.2473058 ], [ 78.9490118, 29.2505048 ], [ 78.9502878, 29.2524264 ], [ 78.9536183, 29.2509486 ], [ 78.9541559, 29.2510162 ] ] ] } },
{ "type": "Feature", "properties": { "gp_code": "260402", "gp_name": "MANPUR", "blkname": "KASHIPUR", "dtname": "Udam Singh Nagar", "SHAPE_Area": 4954849.1663746759 }, "geometry": { "type": "Polygon", "coordinates": [ [ [ 78.9700594, 29.2546108 ], [ 78.970669, 29.2546806 ], [ 78.9768949, 29.251988 ], [ 78.976781, 29.2499851 ], [ 78.9776075, 29.2470655 ], [ 78.9768013, 29.2455597 ], [ 78.976256, 29.2420713 ], [ 78.973952, 29.2388558 ], [ 78.9731256, 29.2370657 ], [ 78.9737512, 29.2349732 ], [ 78.9649739, 29.2404909 ], [ 78.9662031, 29.2430514 ], [ 78.9623133, 29.2445918 ], [ 78.9618408, 29.2453466 ], [ 78.9595308, 29.2469271 ], [ 78.9565376, 29.2499738 ], [ 78.9545647, 29.2505651 ], [ 78.9541559, 29.2510162 ], [ 78.9546139, 29.2523131 ], [ 78.9552634, 29.2599163 ], [ 78.9559969, 29.2624604 ], [ 78.9573373, 29.2638564 ], [ 78.961034, 29.2655925 ], [ 78.962742, 29.2649922 ], [ 78.963356, 29.2623803 ], [ 78.9633554, 29.2597503 ], [ 78.9625292, 29.2581032 ], [ 78.9649932, 29.2575035 ], [ 78.9700594, 29.2546108 ] ] ] } },
{ "type": "Feature", "properties": { "gp_code": "27163", "gp_name": "MISSARWALA", "blkname": "JASPUR", "dtname": "Udam Singh Nagar", "SHAPE_Area": 2554842.2506740196 }, "geometry": { "type": "Polygon", "coordinates": [ [ [ 78.9408112, 29.2353739 ], [ 78.9336455, 29.2265516 ], [ 78.9322356, 29.2226334 ], [ 78.9326435, 29.2221225 ], [ 78.9314294, 29.221217 ], [ 78.9307772, 29.2217063 ], [ 78.9283333, 29.2197306 ], [ 78.9229685, 29.2227722 ], [ 78.9232943, 29.2261548 ], [ 78.9254091, 29.2280685 ], [ 78.9256358, 29.2294511 ], [ 78.9270679, 29.231445 ], [ 78.926839, 29.2316229 ], [ 78.9288925, 29.2353909 ], [ 78.9305112, 29.2375056 ], [ 78.9336768, 29.2400482 ], [ 78.934555, 29.2397299 ], [ 78.9352684, 29.2400637 ], [ 78.9369576, 29.2393021 ], [ 78.9366278, 29.2379887 ], [ 78.93856, 29.2373833 ], [ 78.9388591, 29.2376395 ], [ 78.9409676, 29.2363621 ], [ 78.9408112, 29.2353739 ] ] ] } },
{ "type": "Feature", "properties": { "gp_code": "293935", "gp_name": "BAILJURI", "blkname": "JASPUR", "dtname": "Udam Singh Nagar", "SHAPE_Area": 3872850.7354551936 }, "geometry": { "type": "Polygon", "coordinates": [ [ [ 78.9511333, 29.2356597 ], [ 78.9536309, 29.2320414 ], [ 78.9558962, 29.2303411 ], [ 78.9473953, 29.2195048 ], [ 78.9481911, 29.21497 ], [ 78.9459605, 29.2166207 ], [ 78.9455279, 29.2180338 ], [ 78.9432526, 29.2195845 ], [ 78.9397765, 29.2206485 ], [ 78.9388637, 29.2197151 ], [ 78.9380049, 29.2177948 ], [ 78.9371826, 29.2169318 ], [ 78.9353265, 29.2186347 ], [ 78.9322356, 29.2226334 ], [ 78.9336455, 29.2265516 ], [ 78.9408112, 29.2353739 ], [ 78.9445302, 29.2334128 ], [ 78.9472836, 29.235824 ], [ 78.9488199, 29.2349716 ], [ 78.9511333, 29.2356597 ] ] ] } },
{ "type": "Feature", "properties": { "gp_code": "", "gp_name": "", "blkname": "KASHIPUR", "dtname": "Udam Singh Nagar", "SHAPE_Area": 133659.71791914993 }, "geometry": { "type": "Polygon", "coordinates": [ [ [ 78.9481276, 29.2117387 ], [ 78.947623, 29.2101178 ], [ 78.9461762, 29.205314 ], [ 78.9443587, 29.2071918 ], [ 78.9444584, 29.2081547 ], [ 78.9450258, 29.2082681 ], [ 78.9452843, 29.2099351 ], [ 78.9470146, 29.2096374 ], [ 78.9473131, 29.2112897 ], [ 78.9481276, 29.2117387 ] ] ] } },
{ "type": "Feature", "properties": { "gp_code": "", "gp_name": "", "blkname": "KASHIPUR", "dtname": "Udam Singh Nagar", "SHAPE_Area": 96704.686978728423 }, "geometry": { "type": "Polygon", "coordinates": [ [ [ 78.9561309, 29.1986236 ], [ 78.9540521, 29.1978348 ], [ 78.9535531, 29.198375 ], [ 78.9528507, 29.1981161 ], [ 78.9514252, 29.1993583 ], [ 78.9502512, 29.2010958 ], [ 78.9561309, 29.1986236 ] ] ] } },
{ "type": "Feature", "properties": { "gp_code": "", "gp_name": "", "blkname": "KASHIPUR", "dtname": "Udam Singh Nagar", "SHAPE_Area": 2720585.1747617391 }, "geometry": { "type": "Polygon", "coordinates": [ [ [ 78.9630197, 29.1966265 ], [ 78.9618239, 29.1948985 ], [ 78.9624687, 29.1938955 ], [ 78.9622747, 29.1926378 ], [ 78.9631884, 29.1900659 ], [ 78.9599844, 29.1868858 ], [ 78.9593049, 29.1852559 ], [ 78.9582964, 29.1849203 ], [ 78.9585492, 29.1832366 ], [ 78.958208, 29.1819181 ], [ 78.9587097, 29.1817119 ], [ 78.9582481, 29.1798491 ], [ 78.9576059, 29.1798798 ], [ 78.9574816, 29.1804674 ], [ 78.9553869, 29.1815906 ], [ 78.9547335, 29.1809182 ], [ 78.951034, 29.1836664 ], [ 78.950471, 29.1830544 ], [ 78.9468325, 29.183968 ], [ 78.9472907, 29.1848785 ], [ 78.9461957, 29.18535 ], [ 78.9454141, 29.1863919 ], [ 78.9474974, 29.1894627 ], [ 78.9474096, 29.1904294 ], [ 78.9481714, 29.1903945 ], [ 78.950183, 29.191724 ], [ 78.9502397, 29.1930707 ], [ 78.9509269, 29.1937832 ], [ 78.951146, 29.1947469 ], [ 78.9537569, 29.1971273 ], [ 78.9540521, 29.1978348 ], [ 78.9561309, 29.1986236 ], [ 78.958322, 29.197583 ], [ 78.9630197, 29.1966265 ] ] ] } },
{ "type": "Feature", "properties": { "gp_code": "", "gp_name": "", "blkname": "KASHIPUR", "dtname": "Udam Singh Nagar", "SHAPE_Area": 2018128.2726921127 }, "geometry": { "type": "Polygon", "coordinates": [ [ [ 78.9540521, 29.1978348 ], [ 78.9537569, 29.1971273 ], [ 78.951146, 29.1947469 ], [ 78.9509269, 29.1937832 ], [ 78.9502397, 29.1930707 ], [ 78.950183, 29.191724 ], [ 78.9481714, 29.1903945 ], [ 78.9474096, 29.1904294 ], [ 78.9474974, 29.1894627 ], [ 78.9458677, 29.1873379 ], [ 78.9431836, 29.1875895 ], [ 78.942652, 29.1872968 ], [ 78.9409875, 29.1879141 ], [ 78.9405145, 29.1874124 ], [ 78.9400922, 29.187629 ], [ 78.9380553, 29.1912504 ], [ 78.9358587, 29.1929411 ], [ 78.9348681, 29.1941512 ], [ 78.9436027, 29.1987212 ], [ 78.9455668, 29.1993025 ], [ 78.9463507, 29.2000032 ], [ 78.9468058, 29.1992782 ], [ 78.947348, 29.1996807 ], [ 78.9471676, 29.2001731 ], [ 78.9502512, 29.2010958 ], [ 78.9514252, 29.1993583 ], [ 78.9528507, 29.1981161 ], [ 78.9535531, 29.198375 ], [ 78.9540521, 29.1978348 ] ] ] } },
{ "type": "Feature", "properties": { "gp_code": "27179", "gp_name": "GINNI KHERA", "blkname": "KASHIPUR", "dtname": "Udam Singh Nagar", "SHAPE_Area": 1245815.8336401863 }, "geometry": { "type": "Polygon", "coordinates": [ [ [ 78.939643, 29.1868345 ], [ 78.9391336, 29.1865968 ], [ 78.9384749, 29.1852262 ], [ 78.9370154, 29.1853001 ], [ 78.9359283, 29.1841909 ], [ 78.9320897, 29.1845693 ], [ 78.9315492, 29.1853137 ], [ 78.9330451, 29.1858023 ], [ 78.9348851, 29.1872306 ], [ 78.9323019, 29.1889586 ], [ 78.9321245, 29.1897552 ], [ 78.9295034, 29.1902662 ], [ 78.9246178, 29.1934097 ], [ 78.92455, 29.1953239 ], [ 78.9303804, 29.1959662 ], [ 78.9348681, 29.1941512 ], [ 78.9358587, 29.1929411 ], [ 78.9380553, 29.1912504 ], [ 78.9400264, 29.1880075 ], [ 78.939643, 29.1868345 ] ] ] } },
{ "type": "Feature", "properties": { "gp_code": "27173", "gp_name": "SARWARKHERA", "blkname": "KASHIPUR", "dtname": "Udam Singh Nagar", "SHAPE_Area": 8116031.2242549956 }, "geometry": { "type": "Polygon", "coordinates": [ [ [ 78.9481911, 29.21497 ], [ 78.9485743, 29.2138735 ], [ 78.9481276, 29.2117387 ], [ 78.9473131, 29.2112897 ], [ 78.9470146, 29.2096374 ], [ 78.9452843, 29.2099351 ], [ 78.9450258, 29.2082681 ], [ 78.9444584, 29.2081547 ], [ 78.9443587, 29.2071918 ], [ 78.9461762, 29.205314 ], [ 78.9454988, 29.203303 ], [ 78.9502512, 29.2010958 ], [ 78.9471676, 29.2001731 ], [ 78.947348, 29.1996807 ], [ 78.9468058, 29.1992782 ], [ 78.9463507, 29.2000032 ], [ 78.9455668, 29.1993025 ], [ 78.9436027, 29.1987212 ], [ 78.9348681, 29.1941512 ], [ 78.9303804, 29.1959662 ], [ 78.92455, 29.1953239 ], [ 78.9232503, 29.1971002 ], [ 78.9237594, 29.1973629 ], [ 78.9242309, 29.1967279 ], [ 78.9247058, 29.1970103 ], [ 78.924416, 29.1976665 ], [ 78.926345, 29.1993248 ], [ 78.9259841, 29.2003196 ], [ 78.9261332, 29.2014674 ], [ 78.9267104, 29.2024036 ], [ 78.9259317, 29.2030765 ], [ 78.9247686, 29.2022111 ], [ 78.9238524, 29.2030028 ], [ 78.9227008, 29.2021275 ], [ 78.9219129, 29.202541 ], [ 78.9206313, 29.2022332 ], [ 78.918241, 29.2039323 ], [ 78.9142511, 29.2082009 ], [ 78.9143043, 29.208615 ], [ 78.9154502, 29.2091737 ], [ 78.9167292, 29.2088234 ], [ 78.9167831, 29.2094719 ], [ 78.9172737, 29.209919 ], [ 78.9166395, 29.2106227 ], [ 78.9185614, 29.2118098 ], [ 78.9187983, 29.2113627 ], [ 78.9195252, 29.2111008 ], [ 78.9204599, 29.2121043 ], [ 78.9220513, 29.212095 ], [ 78.9233029, 29.212602 ], [ 78.9246682, 29.2124466 ], [ 78.9247435, 29.2129358 ], [ 78.925517, 29.2135193 ], [ 78.9251892, 29.2139658 ], [ 78.9259927, 29.2156864 ], [ 78.9287013, 29.2192444 ], [ 78.9282896, 29.2195308 ], [ 78.9287718, 29.2202819 ], [ 78.9307772, 29.2217063 ], [ 78.9314294, 29.221217 ], [ 78.9326435, 29.2221225 ], [ 78.9353265, 29.2186347 ], [ 78.9371826, 29.2169318 ], [ 78.9380049, 29.2177948 ], [ 78.9388637, 29.2197151 ], [ 78.9397765, 29.2206485 ], [ 78.9432526, 29.2195845 ], [ 78.9455279, 29.2180338 ], [ 78.9459605, 29.2166207 ], [ 78.9481911, 29.21497 ] ] ] } },
{ "type": "Feature", "properties": { "gp_code": "260408", "gp_name": "Gangapur Raqba", "blkname": "JASPUR", "dtname": "Udam Singh Nagar", "SHAPE_Area": 4499210.2237504078 }, "geometry": { "type": "Polygon", "coordinates": [ [ [ 78.9232015, 29.2247282 ], [ 78.9229685, 29.2227722 ], [ 78.9283333, 29.2197306 ], [ 78.9287013, 29.2192444 ], [ 78.9259927, 29.2156864 ], [ 78.9251892, 29.2139658 ], [ 78.925517, 29.2135193 ], [ 78.9247435, 29.2129358 ], [ 78.9246682, 29.2124466 ], [ 78.9233029, 29.212602 ], [ 78.9220513, 29.212095 ], [ 78.9204599, 29.2121043 ], [ 78.9195252, 29.2111008 ], [ 78.9187983, 29.2113627 ], [ 78.9185614, 29.2118098 ], [ 78.9166395, 29.2106227 ], [ 78.9172737, 29.209919 ], [ 78.9167831, 29.2094719 ], [ 78.9167292, 29.2088234 ], [ 78.9154502, 29.2091737 ], [ 78.9142094, 29.20842 ], [ 78.915644, 29.2065225 ], [ 78.9171376, 29.2053409 ], [ 78.918241, 29.2039323 ], [ 78.9206313, 29.2022332 ], [ 78.9219129, 29.202541 ], [ 78.9227008, 29.2021275 ], [ 78.9238524, 29.2030028 ], [ 78.9247686, 29.2022111 ], [ 78.9259317, 29.2030765 ], [ 78.9267104, 29.2024036 ], [ 78.9261332, 29.2014674 ], [ 78.9259841, 29.2003196 ], [ 78.926345, 29.1993248 ], [ 78.924416, 29.1976665 ], [ 78.9247058, 29.1970103 ], [ 78.9242309, 29.1967279 ], [ 78.9237594, 29.1973629 ], [ 78.9232503, 29.1971002 ], [ 78.92455, 29.1953239 ], [ 78.9246178, 29.1934097 ], [ 78.9211368, 29.1918357 ], [ 78.920515, 29.1934221 ], [ 78.9209391, 29.1943075 ], [ 78.9207426, 29.1950092 ], [ 78.9182137, 29.1960119 ], [ 78.9168798, 29.1977929 ], [ 78.9156574, 29.1985076 ], [ 78.9147979, 29.1986663 ], [ 78.9130381, 29.1978168 ], [ 78.9125684, 29.1982424 ], [ 78.9127782, 29.1999092 ], [ 78.9136504, 29.2008873 ], [ 78.912585, 29.2024906 ], [ 78.9132322, 29.203218 ], [ 78.9127271, 29.2037829 ], [ 78.9110864, 29.2034764 ], [ 78.9108574, 29.2039909 ], [ 78.9098459, 29.2039791 ], [ 78.9102521, 29.2052881 ], [ 78.9111991, 29.2061671 ], [ 78.9112509, 29.2080222 ], [ 78.9103368, 29.2088936 ], [ 78.9104309, 29.209505 ], [ 78.9096609, 29.2098189 ], [ 78.9090094, 29.2105499 ], [ 78.9088089, 29.2116978 ], [ 78.9091646, 29.2122885 ], [ 78.9072294, 29.2132576 ], [ 78.9068141, 29.2139428 ], [ 78.9070146, 29.2144079 ], [ 78.9080467, 29.2149883 ], [ 78.9087504, 29.216075 ], [ 78.9094021, 29.2162838 ], [ 78.9092674, 29.2167341 ], [ 78.9136805, 29.2196266 ], [ 78.9175459, 29.2234568 ], [ 78.9199742, 29.2246068 ], [ 78.9232015, 29.2247282 ] ] ] } },
{ "type": "Feature", "properties": { "gp_code": "27140", "gp_name": "BASAI", "blkname": "JASPUR", "dtname": "Udam Singh Nagar", "SHAPE_Area": 5049595.1441246113 }, "geometry": { "type": "Polygon", "coordinates": [ [ [ 78.909356, 29.2044394 ], [ 78.9099892, 29.2038454 ], [ 78.9108574, 29.2039909 ], [ 78.9110864, 29.2034764 ], [ 78.9127271, 29.2037829 ], [ 78.9132322, 29.203218 ], [ 78.912585, 29.2024906 ], [ 78.9136504, 29.2008873 ], [ 78.9126977, 29.1996992 ], [ 78.9125099, 29.1984315 ], [ 78.9128786, 29.1978606 ], [ 78.9147979, 29.1986663 ], [ 78.9156574, 29.1985076 ], [ 78.9168798, 29.1977929 ], [ 78.9182137, 29.1960119 ], [ 78.9209089, 29.1948358 ], [ 78.920515, 29.1934221 ], [ 78.9211281, 29.1921847 ], [ 78.9210941, 29.1915263 ], [ 78.9204684, 29.1909487 ], [ 78.9196216, 29.190958 ], [ 78.9196149, 29.1904244 ], [ 78.9190867, 29.1897477 ], [ 78.9199027, 29.1887061 ], [ 78.9187258, 29.1881298 ], [ 78.9173921, 29.1898959 ], [ 78.9164876, 29.1893712 ], [ 78.9122924, 29.1843916 ], [ 78.9098987, 29.1826402 ], [ 78.9053394, 29.1829084 ], [ 78.9028514, 29.184118 ], [ 78.8994913, 29.181802 ], [ 78.8984856, 29.1818051 ], [ 78.8980498, 29.1822509 ], [ 78.8983881, 29.1825474 ], [ 78.8978118, 29.1831417 ], [ 78.8975398, 29.1833717 ], [ 78.8973003, 29.1831457 ], [ 78.8943423, 29.1860772 ], [ 78.8946307, 29.1865753 ], [ 78.8961961, 29.1866351 ], [ 78.8978169, 29.1851138 ], [ 78.8990986, 29.1853919 ], [ 78.8997419, 29.1858849 ], [ 78.8995589, 29.1885812 ], [ 78.8979966, 29.1904552 ], [ 78.8962839, 29.1935847 ], [ 78.8961215, 29.1960523 ], [ 78.9040198, 29.201222 ], [ 78.9070212, 29.2036956 ], [ 78.909356, 29.2044394 ] ] ] } },
{ "type": "Feature", "properties": { "gp_code": "27152", "gp_name": "HARIYAWALA", "blkname": "JASPUR", "dtname": "Udam Singh Nagar", "SHAPE_Area": 3686896.7244352144 }, "geometry": { "type": "Polygon", "coordinates": [ [ [ 78.9064999, 29.2173411 ], [ 78.9094983, 29.2166584 ], [ 78.9068141, 29.2139428 ], [ 78.9072294, 29.2132576 ], [ 78.9091646, 29.2122885 ], [ 78.9088089, 29.2116978 ], [ 78.9090094, 29.2105499 ], [ 78.9096609, 29.2098189 ], [ 78.9104309, 29.209505 ], [ 78.9103368, 29.2088936 ], [ 78.9112509, 29.2080222 ], [ 78.9111991, 29.2061671 ], [ 78.9103699, 29.2054635 ], [ 78.9101809, 29.2046544 ], [ 78.9098467, 29.2042134 ], [ 78.909356, 29.2044394 ], [ 78.906422, 29.2033325 ], [ 78.9040198, 29.201222 ], [ 78.8961215, 29.1960523 ], [ 78.8962839, 29.1935847 ], [ 78.8949982, 29.1921548 ], [ 78.8930257, 29.1918418 ], [ 78.8896481, 29.1924887 ], [ 78.8866703, 29.1954194 ], [ 78.8872383, 29.1960228 ], [ 78.89059, 29.1974022 ], [ 78.8912828, 29.1980801 ], [ 78.8915394, 29.1992586 ], [ 78.8913547, 29.2002046 ], [ 78.8901911, 29.2013886 ], [ 78.8957891, 29.2068223 ], [ 78.8980973, 29.2080049 ], [ 78.8988804, 29.2087731 ], [ 78.8995076, 29.2098145 ], [ 78.8990455, 29.2106589 ], [ 78.8994538, 29.2120278 ], [ 78.9001471, 29.213319 ], [ 78.9021939, 29.215786 ], [ 78.9038236, 29.2172331 ], [ 78.9064999, 29.2173411 ] ] ] } },
{ "type": "Feature", "properties": { "gp_code": "27159", "gp_name": "LALPUR", "blkname": "JASPUR", "dtname": "Udam Singh Nagar", "SHAPE_Area": 3270795.6572224065 }, "geometry": { "type": "Polygon", "coordinates": [ [ [ 78.9199742, 29.2246068 ], [ 78.9175459, 29.2234568 ], [ 78.9136805, 29.2196266 ], [ 78.9092674, 29.2167341 ], [ 78.9064999, 29.2173411 ], [ 78.9040469, 29.2170875 ], [ 78.9033123, 29.2178478 ], [ 78.9035066, 29.2190059 ], [ 78.9040893, 29.2199572 ], [ 78.9034715, 29.2216831 ], [ 78.9018664, 29.2232277 ], [ 78.9014936, 29.2242422 ], [ 78.9003942, 29.2251521 ], [ 78.9001356, 29.2261076 ], [ 78.8987319, 29.226882 ], [ 78.8992852, 29.228581 ], [ 78.9001845, 29.2297139 ], [ 78.8999829, 29.2306499 ], [ 78.9017744, 29.232457 ], [ 78.9028604, 29.2330627 ], [ 78.9038674, 29.2355325 ], [ 78.9049366, 29.2367563 ], [ 78.9074208, 29.2352912 ], [ 78.910397, 29.2329781 ], [ 78.9114317, 29.2316689 ], [ 78.9175191, 29.227163 ], [ 78.9199742, 29.2246068 ] ] ] } },
{ "type": "Feature", "properties": { "gp_code": "27158", "gp_name": "KUNDA", "blkname": "JASPUR", "dtname": "Udam Singh Nagar", "SHAPE_Area": 5003884.8564405506 }, "geometry": { "type": "Polygon", "coordinates": [ [ [ 78.9274258, 29.2437608 ], [ 78.9336768, 29.2400482 ], [ 78.9305112, 29.2375056 ], [ 78.9288925, 29.2353909 ], [ 78.926839, 29.2316229 ], [ 78.9270679, 29.231445 ], [ 78.9256358, 29.2294511 ], [ 78.9254091, 29.2280685 ], [ 78.9232943, 29.2261548 ], [ 78.9232015, 29.2247282 ], [ 78.9199742, 29.2246068 ], [ 78.9175191, 29.227163 ], [ 78.9114317, 29.2316689 ], [ 78.910397, 29.2329781 ], [ 78.9074208, 29.2352912 ], [ 78.9049366, 29.2367563 ], [ 78.907479, 29.2397949 ], [ 78.9088679, 29.244097 ], [ 78.9098579, 29.2452903 ], [ 78.9125909, 29.2467322 ], [ 78.9135474, 29.2475966 ], [ 78.9189894, 29.2457434 ], [ 78.9234987, 29.2423286 ], [ 78.9243719, 29.2425837 ], [ 78.9249038, 29.2422183 ], [ 78.9274258, 29.2437608 ] ] ] } },
{ "type": "Feature", "properties": { "gp_code": "27143", "gp_name": "BUKSAURA", "blkname": "JASPUR", "dtname": "Udam Singh Nagar", "SHAPE_Area": 5532029.6482140813 }, "geometry": { "type": "Polygon", "coordinates": [ [ [ 78.9145266, 29.2537491 ], [ 78.9185627, 29.2503936 ], [ 78.918267, 29.2499898 ], [ 78.916153, 29.2495981 ], [ 78.9125909, 29.2467322 ], [ 78.9098579, 29.2452903 ], [ 78.9093739, 29.2447287 ], [ 78.9084534, 29.2433962 ], [ 78.907479, 29.2397949 ], [ 78.9042931, 29.2362434 ], [ 78.9028604, 29.2330627 ], [ 78.9017744, 29.232457 ], [ 78.8999829, 29.2306499 ], [ 78.9001845, 29.2297139 ], [ 78.8992852, 29.228581 ], [ 78.8987319, 29.226882 ], [ 78.8898384, 29.232375 ], [ 78.8899943, 29.2340014 ], [ 78.8903958, 29.2348617 ], [ 78.8937551, 29.2367894 ], [ 78.8956599, 29.2402252 ], [ 78.8989381, 29.2410678 ], [ 78.8992042, 29.2427822 ], [ 78.8987113, 29.2432276 ], [ 78.8980859, 29.2432382 ], [ 78.8955093, 29.2421337 ], [ 78.8949304, 29.24203 ], [ 78.8942338, 29.2423742 ], [ 78.8932194, 29.2445609 ], [ 78.8923567, 29.2456717 ], [ 78.8925839, 29.2469596 ], [ 78.8910715, 29.2482504 ], [ 78.8905409, 29.2497275 ], [ 78.889115, 29.2499357 ], [ 78.8889031, 29.2503162 ], [ 78.8892245, 29.2506074 ], [ 78.8931517, 29.2508072 ], [ 78.8962999, 29.2504992 ], [ 78.8973696, 29.2514378 ], [ 78.8985349, 29.2507006 ], [ 78.8995583, 29.2514384 ], [ 78.9023973, 29.252576 ], [ 78.9044723, 29.2545839 ], [ 78.9068252, 29.2562332 ], [ 78.9067092, 29.257203 ], [ 78.9051064, 29.2585447 ], [ 78.9053093, 29.2593951 ], [ 78.9059213, 29.2597628 ], [ 78.907812, 29.259443 ], [ 78.9091654, 29.257878 ], [ 78.9087386, 29.2571223 ], [ 78.9145266, 29.2537491 ] ] ] } },
{ "type": "Feature", "properties": { "gp_code": "27151", "gp_name": "HALDUWA SAHU", "blkname": "JASPUR", "dtname": "Udam Singh Nagar", "SHAPE_Area": 4609658.2898233905 }, "geometry": { "type": "Polygon", "coordinates": [ [ [ 78.8752064, 29.2462213 ], [ 78.8762834, 29.2465679 ], [ 78.8793458, 29.2453293 ], [ 78.8821265, 29.2420881 ], [ 78.8841075, 29.2411546 ], [ 78.8851851, 29.2401749 ], [ 78.8857753, 29.2390223 ], [ 78.8866056, 29.238345 ], [ 78.8871977, 29.236988 ], [ 78.8861673, 29.2346326 ], [ 78.8849246, 29.2337565 ], [ 78.8828097, 29.2312788 ], [ 78.8824136, 29.2298302 ], [ 78.882674, 29.2286853 ], [ 78.8821231, 29.2273751 ], [ 78.8787776, 29.2239864 ], [ 78.8772626, 29.2211987 ], [ 78.8755215, 29.2192605 ], [ 78.8737883, 29.221417 ], [ 78.8720863, 29.222235 ], [ 78.8715521, 29.2230716 ], [ 78.8720094, 29.2236631 ], [ 78.8734294, 29.223673 ], [ 78.8755971, 29.2244799 ], [ 78.876386, 29.2253032 ], [ 78.8764972, 29.2258778 ], [ 78.8762053, 29.2262834 ], [ 78.8746038, 29.2263283 ], [ 78.8740031, 29.2273346 ], [ 78.8744801, 29.2302485 ], [ 78.8737197, 29.2306322 ], [ 78.8723577, 29.2300942 ], [ 78.8722084, 29.2289728 ], [ 78.8726359, 29.2275893 ], [ 78.8709049, 29.2272407 ], [ 78.8695728, 29.2284081 ], [ 78.8676787, 29.2279045 ], [ 78.8648284, 29.2298592 ], [ 78.8632628, 29.230305 ], [ 78.8629856, 29.2307145 ], [ 78.8632404, 29.2326675 ], [ 78.8651164, 29.2329257 ], [ 78.8661704, 29.2334548 ], [ 78.8666116, 29.2343707 ], [ 78.866702, 29.2355895 ], [ 78.8673759, 29.2364386 ], [ 78.867863, 29.2378924 ], [ 78.8687774, 29.2386208 ], [ 78.8699081, 29.2387019 ], [ 78.8704754, 29.2393229 ], [ 78.8703394, 29.2411126 ], [ 78.8710706, 29.2416489 ], [ 78.871076, 29.2426476 ], [ 78.8724415, 29.2436241 ], [ 78.8713944, 29.2459067 ], [ 78.8720747, 29.2468656 ], [ 78.8728357, 29.2477169 ], [ 78.8752064, 29.2462213 ] ] ] } },
{ "type": "Feature", "properties": { "gp_code": "260088", "gp_name": "Jagatpur Patti", "blkname": "JASPUR", "dtname": "Udam Singh Nagar", "SHAPE_Area": 6410319.7309776498 }, "geometry": { "type": "Polygon", "coordinates": [ [ [ 78.8833522, 29.2565506 ], [ 78.8862207, 29.2553383 ], [ 78.888022, 29.2536248 ], [ 78.8894427, 29.2515232 ], [ 78.8920664, 29.2509399 ], [ 78.8920665, 29.2506493 ], [ 78.8898905, 29.2507384 ], [ 78.8889031, 29.2503162 ], [ 78.889115, 29.2499357 ], [ 78.8905409, 29.2497275 ], [ 78.8910715, 29.2482504 ], [ 78.8925839, 29.2469596 ], [ 78.8923567, 29.2456717 ], [ 78.8932194, 29.2445609 ], [ 78.8942338, 29.2423742 ], [ 78.8949304, 29.24203 ], [ 78.8955093, 29.2421337 ], [ 78.8980859, 29.2432382 ], [ 78.8987113, 29.2432276 ], [ 78.8992042, 29.2427822 ], [ 78.8989381, 29.2410678 ], [ 78.8956599, 29.2402252 ], [ 78.8937551, 29.2367894 ], [ 78.8903958, 29.2348617 ], [ 78.8899943, 29.2340014 ], [ 78.8898384, 29.232375 ], [ 78.8861673, 29.2346326 ], [ 78.8871896, 29.2372522 ], [ 78.884663, 29.2406997 ], [ 78.8821265, 29.2420881 ], [ 78.8793458, 29.2453293 ], [ 78.8762834, 29.2465679 ], [ 78.8752064, 29.2462213 ], [ 78.8728357, 29.2477169 ], [ 78.8713944, 29.2459067 ], [ 78.8724415, 29.2436241 ], [ 78.871076, 29.2426476 ], [ 78.8710706, 29.2416489 ], [ 78.8703394, 29.2411126 ], [ 78.8704754, 29.2393229 ], [ 78.8699081, 29.2387019 ], [ 78.8687774, 29.2386208 ], [ 78.867863, 29.2378924 ], [ 78.8673759, 29.2364386 ], [ 78.866702, 29.2355895 ], [ 78.8666116, 29.2343707 ], [ 78.8661704, 29.2334548 ], [ 78.8651164, 29.2329257 ], [ 78.8633883, 29.2327545 ], [ 78.8623495, 29.23156 ], [ 78.8616998, 29.2319615 ], [ 78.8615468, 29.2326929 ], [ 78.8585888, 29.23299 ], [ 78.8584525, 29.2333694 ], [ 78.8594703, 29.2353069 ], [ 78.8609075, 29.2363603 ], [ 78.8612205, 29.2378585 ], [ 78.8621665, 29.2394321 ], [ 78.8620416, 29.2403885 ], [ 78.8612889, 29.2413978 ], [ 78.862232, 29.2421646 ], [ 78.8632447, 29.2424612 ], [ 78.8625728, 29.2461108 ], [ 78.8629618, 29.2471949 ], [ 78.8640387, 29.2476033 ], [ 78.8651172, 29.2470543 ], [ 78.8659173, 29.2485898 ], [ 78.8675003, 29.2495773 ], [ 78.8693452, 29.2493041 ], [ 78.8704012, 29.2499071 ], [ 78.8706051, 29.2504703 ], [ 78.8701893, 29.250964 ], [ 78.8706745, 29.2513517 ], [ 78.8707022, 29.2520171 ], [ 78.8699158, 29.2524875 ], [ 78.870628, 29.2531281 ], [ 78.8706656, 29.2541719 ], [ 78.8701776, 29.2544523 ], [ 78.8687981, 29.2541647 ], [ 78.8685733, 29.2544203 ], [ 78.868885, 29.2549813 ], [ 78.8701489, 29.2553833 ], [ 78.8697179, 29.2564357 ], [ 78.8699106, 29.2571081 ], [ 78.871015, 29.2568912 ], [ 78.8726888, 29.2548572 ], [ 78.8729596, 29.2551074 ], [ 78.872551, 29.2559205 ], [ 78.8746208, 29.2566741 ], [ 78.8751495, 29.2571967 ], [ 78.8759982, 29.2572557 ], [ 78.8778587, 29.2557792 ], [ 78.8806093, 29.2584599 ], [ 78.8833522, 29.2565506 ] ] ] } },
{ "type": "Feature", "properties": { "gp_code": "27172", "gp_name": "SANYASIOWALA", "blkname": "JASPUR", "dtname": "Udam Singh Nagar", "SHAPE_Area": 2815580.3275953191 }, "geometry": { "type": "Polygon", "coordinates": [ [ [ 78.8482462, 29.2502357 ], [ 78.8497137, 29.2489771 ], [ 78.8505157, 29.2477489 ], [ 78.85234, 29.2465724 ], [ 78.85583, 29.2432959 ], [ 78.8583388, 29.2418412 ], [ 78.8560277, 29.2397208 ], [ 78.8553738, 29.2385196 ], [ 78.8538652, 29.2381449 ], [ 78.8526177, 29.2384152 ], [ 78.8510693, 29.2368186 ], [ 78.8505365, 29.2348255 ], [ 78.8497642, 29.2341357 ], [ 78.8495438, 29.2327129 ], [ 78.8455445, 29.2367741 ], [ 78.8433713, 29.2348389 ], [ 78.842695, 29.2354324 ], [ 78.8419331, 29.2348435 ], [ 78.8394592, 29.2367851 ], [ 78.841038, 29.2381626 ], [ 78.8408451, 29.2383387 ], [ 78.8412935, 29.238707 ], [ 78.8408789, 29.2390647 ], [ 78.8412965, 29.23969 ], [ 78.8381767, 29.2410909 ], [ 78.8397302, 29.2438961 ], [ 78.8395116, 29.2463288 ], [ 78.8413304, 29.246697 ], [ 78.8453559, 29.2516868 ], [ 78.8482462, 29.2502357 ] ] ] } },
{ "type": "Feature", "properties": { "gp_code": "27137", "gp_name": "BABARKHERA", "blkname": "JASPUR", "dtname": "Udam Singh Nagar", "SHAPE_Area": 8419842.4096158203 }, "geometry": { "type": "Polygon", "coordinates": [ [ [ 78.8861673, 29.2346326 ], [ 78.9001356, 29.2261076 ], [ 78.9003942, 29.2251521 ], [ 78.9014936, 29.2242422 ], [ 78.9018664, 29.2232277 ], [ 78.9027187, 29.2226153 ], [ 78.9038187, 29.2209824 ], [ 78.9040893, 29.2199572 ], [ 78.9032973, 29.2182566 ], [ 78.9038236, 29.2172331 ], [ 78.9001471, 29.213319 ], [ 78.8990455, 29.2106589 ], [ 78.8995076, 29.2098145 ], [ 78.8988804, 29.2087731 ], [ 78.8980973, 29.2080049 ], [ 78.8957891, 29.2068223 ], [ 78.8901909, 29.2013882 ], [ 78.8854996, 29.2031719 ], [ 78.8820935, 29.2000208 ], [ 78.8810374, 29.1999237 ], [ 78.8785034, 29.2014648 ], [ 78.8752161, 29.2051682 ], [ 78.8749215, 29.2063129 ], [ 78.8754793, 29.2066017 ], [ 78.8775974, 29.2060543 ], [ 78.8782831, 29.2063553 ], [ 78.8792995, 29.2081873 ], [ 78.8810343, 29.2103145 ], [ 78.8832811, 29.2113083 ], [ 78.8832144, 29.211603 ], [ 78.8822375, 29.212392 ], [ 78.8806893, 29.2128784 ], [ 78.880069, 29.2139874 ], [ 78.8785377, 29.2142609 ], [ 78.8781181, 29.2157136 ], [ 78.8790377, 29.2167872 ], [ 78.8800154, 29.2165841 ], [ 78.880524, 29.2169952 ], [ 78.8804061, 29.2176409 ], [ 78.8795677, 29.2182815 ], [ 78.8794712, 29.2188145 ], [ 78.8789033, 29.2190798 ], [ 78.8764073, 29.218858 ], [ 78.8755215, 29.2192605 ], [ 78.8772626, 29.2211987 ], [ 78.8787776, 29.2239864 ], [ 78.8821231, 29.2273751 ], [ 78.882674, 29.2286853 ], [ 78.8824136, 29.2298302 ], [ 78.8828097, 29.2312788 ], [ 78.8849246, 29.2337565 ], [ 78.8861673, 29.2346326 ] ] ] } },
{ "type": "Feature", "properties": { "gp_code": "27176", "gp_name": "TALABPUR", "blkname": "JASPUR", "dtname": "Udam Singh Nagar", "SHAPE_Area": 5008767.3657463519 }, "geometry": { "type": "Polygon", "coordinates": [ [ [ 78.8233983, 29.2500135 ], [ 78.8229482, 29.2492859 ], [ 78.823941, 29.2486189 ], [ 78.8252258, 29.2492771 ], [ 78.8258427, 29.2484738 ], [ 78.8254997, 29.2471736 ], [ 78.8247971, 29.2470731 ], [ 78.8242924, 29.2475146 ], [ 78.8235916, 29.2472296 ], [ 78.8234863, 29.2468663 ], [ 78.8258854, 29.2455099 ], [ 78.8262398, 29.2456142 ], [ 78.8285482, 29.2446451 ], [ 78.8289093, 29.2448068 ], [ 78.8297639, 29.2464732 ], [ 78.831129, 29.2478444 ], [ 78.8320666, 29.2468716 ], [ 78.8333909, 29.2479626 ], [ 78.8365108, 29.2455362 ], [ 78.8376401, 29.2465431 ], [ 78.8389127, 29.2461897 ], [ 78.8395116, 29.2463288 ], [ 78.8395832, 29.2433353 ], [ 78.8387747, 29.2421821 ], [ 78.8381574, 29.2425466 ], [ 78.8351854, 29.239414 ], [ 78.8331646, 29.2379037 ], [ 78.8323115, 29.2367458 ], [ 78.8308653, 29.2372912 ], [ 78.8299553, 29.2368932 ], [ 78.8294945, 29.2360273 ], [ 78.8285137, 29.2363592 ], [ 78.8278699, 29.2353124 ], [ 78.8270014, 29.2358651 ], [ 78.8265014, 29.2358201 ], [ 78.8264515, 29.2361124 ], [ 78.8257121, 29.2361128 ], [ 78.8257371, 29.2357382 ], [ 78.8261913, 29.2354896 ], [ 78.8260552, 29.2352046 ], [ 78.8246958, 29.2355435 ], [ 78.8235439, 29.2344252 ], [ 78.8231852, 29.2344954 ], [ 78.8230612, 29.2340882 ], [ 78.8227447, 29.2341931 ], [ 78.8224348, 29.2333158 ], [ 78.8218136, 29.2334808 ], [ 78.8217142, 29.2331809 ], [ 78.8198956, 29.2337359 ], [ 78.8200754, 29.2321429 ], [ 78.8181435, 29.2326749 ], [ 78.8115256, 29.2355604 ], [ 78.8073704, 29.2366788 ], [ 78.8075273, 29.2371415 ], [ 78.8038654, 29.2392365 ], [ 78.8043762, 29.2397524 ], [ 78.8047929, 29.239571 ], [ 78.8056752, 29.2406246 ], [ 78.8065953, 29.2401129 ], [ 78.8069023, 29.2404044 ], [ 78.807098, 29.241044 ], [ 78.8067942, 29.2412985 ], [ 78.8072062, 29.2416057 ], [ 78.8075883, 29.2414839 ], [ 78.8080127, 29.2422748 ], [ 78.8077831, 29.2425024 ], [ 78.8079257, 29.2430419 ], [ 78.8093463, 29.2454605 ], [ 78.8098139, 29.2457622 ], [ 78.8117601, 29.244762 ], [ 78.8143656, 29.2489302 ], [ 78.8167483, 29.2470331 ], [ 78.8181008, 29.2482007 ], [ 78.8184962, 29.2478061 ], [ 78.8211603, 29.2483409 ], [ 78.8212254, 29.2491174 ], [ 78.8202867, 29.2504277 ], [ 78.8213896, 29.2503455 ], [ 78.8218609, 29.2499768 ], [ 78.8233098, 29.2509225 ], [ 78.8233983, 29.2500135 ] ] ] } },
{ "type": "Feature", "properties": { "gp_code": "27144", "gp_name": "DEVIPURA", "blkname": "JASPUR", "dtname": "Udam Singh Nagar", "SHAPE_Area": 3904447.0388168884 }, "geometry": { "type": "Polygon", "coordinates": [ [ [ 78.7950441, 29.2602744 ], [ 78.795484, 29.2602316 ], [ 78.7963815, 29.2614565 ], [ 78.7975132, 29.2618287 ], [ 78.8026246, 29.2581256 ], [ 78.8029949, 29.2583873 ], [ 78.8063568, 29.2562199 ], [ 78.8055364, 29.2552906 ], [ 78.8054052, 29.2545937 ], [ 78.8064418, 29.2537366 ], [ 78.8057294, 29.2528298 ], [ 78.806141, 29.252399 ], [ 78.8054441, 29.2503217 ], [ 78.8047546, 29.2497016 ], [ 78.8044683, 29.2481539 ], [ 78.803931, 29.2472824 ], [ 78.8047432, 29.24677 ], [ 78.8052708, 29.2468836 ], [ 78.8093463, 29.2454605 ], [ 78.8079257, 29.2430419 ], [ 78.8077831, 29.2425024 ], [ 78.8080127, 29.2422748 ], [ 78.8075883, 29.2414839 ], [ 78.8072062, 29.2416057 ], [ 78.8067942, 29.2412985 ], [ 78.807098, 29.241044 ], [ 78.8065953, 29.2401129 ], [ 78.8056752, 29.2406246 ], [ 78.8047929, 29.239571 ], [ 78.8043762, 29.2397524 ], [ 78.8038654, 29.2392365 ], [ 78.8029189, 29.2396438 ], [ 78.8024399, 29.2403793 ], [ 78.7998616, 29.2420806 ], [ 78.7998173, 29.2432508 ], [ 78.8012179, 29.2447794 ], [ 78.8032331, 29.2461143 ], [ 78.8032089, 29.2474354 ], [ 78.8038858, 29.2482755 ], [ 78.8039602, 29.2493978 ], [ 78.8051353, 29.2524576 ], [ 78.8048702, 29.2553041 ], [ 78.8023777, 29.2564588 ], [ 78.8007599, 29.2566729 ], [ 78.798599, 29.2588064 ], [ 78.797411, 29.2565643 ], [ 78.7957416, 29.2575069 ], [ 78.7953123, 29.2561851 ], [ 78.7945973, 29.2557452 ], [ 78.794106, 29.2560181 ], [ 78.7942704, 29.2569474 ], [ 78.7935064, 29.2576127 ], [ 78.7930023, 29.2575697 ], [ 78.7923827, 29.256363 ], [ 78.7912229, 29.2552035 ], [ 78.7912102, 29.2546103 ], [ 78.7916475, 29.2540442 ], [ 78.791375, 29.2536991 ], [ 78.7908271, 29.2536065 ], [ 78.7895588, 29.2549866 ], [ 78.7885277, 29.2534956 ], [ 78.7862927, 29.2534208 ], [ 78.7850323, 29.2536799 ], [ 78.78123, 29.256591 ], [ 78.7813791, 29.2570691 ], [ 78.7767868, 29.259937 ], [ 78.7819037, 29.2660823 ], [ 78.7863888, 29.2703483 ], [ 78.7871528, 29.270574 ], [ 78.7879683, 29.2702967 ], [ 78.7912821, 29.2674554 ], [ 78.7933969, 29.2661678 ], [ 78.7930652, 29.2648415 ], [ 78.7943235, 29.2624418 ], [ 78.7943134, 29.2615712 ], [ 78.7950441, 29.2602744 ] ] ] } },
{ "type": "Feature", "properties": { "gp_code": "260416", "gp_name": "MURLIWALA", "blkname": "JASPUR", "dtname": "Udam Singh Nagar", "SHAPE_Area": 2274152.2450248054 }, "geometry": { "type": "Polygon", "coordinates": [ [ [ 78.8007599, 29.2566729 ], [ 78.8023777, 29.2564588 ], [ 78.8048702, 29.2553041 ], [ 78.8051353, 29.2524576 ], [ 78.8039602, 29.2493978 ], [ 78.8038858, 29.2482755 ], [ 78.8032089, 29.2474354 ], [ 78.8032331, 29.2461143 ], [ 78.8012179, 29.2447794 ], [ 78.7998173, 29.2432508 ], [ 78.7987311, 29.2438709 ], [ 78.7984075, 29.2444169 ], [ 78.7969712, 29.2438973 ], [ 78.7940078, 29.2450376 ], [ 78.7932388, 29.2445276 ], [ 78.7900805, 29.2476409 ], [ 78.7914756, 29.2487024 ], [ 78.7903512, 29.2494567 ], [ 78.7904163, 29.2501691 ], [ 78.791887, 29.2522669 ], [ 78.7903357, 29.2539605 ], [ 78.7908271, 29.2536065 ], [ 78.7915576, 29.2538322 ], [ 78.7912229, 29.2552035 ], [ 78.7932158, 29.2576442 ], [ 78.7942704, 29.2569474 ], [ 78.794106, 29.2560181 ], [ 78.7945973, 29.2557452 ], [ 78.7953123, 29.2561851 ], [ 78.7957416, 29.2575069 ], [ 78.797411, 29.2565643 ], [ 78.798599, 29.2588064 ], [ 78.8007599, 29.2566729 ] ] ] } },
{ "type": "Feature", "properties": { "gp_code": "27155", "gp_name": "KASAMPUR", "blkname": "JASPUR", "dtname": "Udam Singh Nagar", "SHAPE_Area": 4160983.5738342716 }, "geometry": { "type": "Polygon", "coordinates": [ [ [ 78.8064483, 29.2774622 ], [ 78.8082646, 29.2760053 ], [ 78.8101966, 29.2750783 ], [ 78.8109092, 29.2741017 ], [ 78.8125479, 29.2732085 ], [ 78.8132167, 29.2736235 ], [ 78.8160053, 29.2720694 ], [ 78.8154445, 29.2710003 ], [ 78.8128129, 29.2680953 ], [ 78.8139421, 29.2672314 ], [ 78.8128128, 29.2660789 ], [ 78.8133041, 29.265754 ], [ 78.81147, 29.263803 ], [ 78.8116167, 29.2635143 ], [ 78.811038, 29.262867 ], [ 78.8089029, 29.2641368 ], [ 78.8079975, 29.2631669 ], [ 78.8085325, 29.2625535 ], [ 78.8083654, 29.2615069 ], [ 78.8113157, 29.259283 ], [ 78.8095899, 29.2567591 ], [ 78.809024, 29.2568403 ], [ 78.8078821, 29.2555907 ], [ 78.8066964, 29.2559606 ], [ 78.8029949, 29.2583873 ], [ 78.8026246, 29.2581256 ], [ 78.7975132, 29.2618287 ], [ 78.7963815, 29.2614565 ], [ 78.795484, 29.2602316 ], [ 78.7949824, 29.2601007 ], [ 78.7949772, 29.260633 ], [ 78.7943134, 29.2615712 ], [ 78.7943235, 29.2624418 ], [ 78.7937292, 29.2631906 ], [ 78.793742, 29.2637747 ], [ 78.7930163, 29.2651731 ], [ 78.7933969, 29.2661678 ], [ 78.7942713, 29.2669618 ], [ 78.793903, 29.269436 ], [ 78.7944482, 29.2704151 ], [ 78.7976275, 29.2720371 ], [ 78.7998602, 29.2742274 ], [ 78.8008712, 29.2743313 ], [ 78.801208, 29.27582 ], [ 78.8018793, 29.2770785 ], [ 78.8025534, 29.2776177 ], [ 78.8051466, 29.2768172 ], [ 78.8064483, 29.2774622 ] ] ] } },
{ "type": "Feature", "properties": { "gp_code": "", "gp_name": "", "blkname": "JASPUR", "dtname": "Udam Singh Nagar", "SHAPE_Area": 3604217.5010230695 }, "geometry": { "type": "Polygon", "coordinates": [ [ [ 78.7998602, 29.2742274 ], [ 78.7976275, 29.2720371 ], [ 78.794155, 29.2700744 ], [ 78.793903, 29.269436 ], [ 78.7942713, 29.2669618 ], [ 78.7935615, 29.2661791 ], [ 78.7912821, 29.2674554 ], [ 78.7879683, 29.2702967 ], [ 78.7866434, 29.2705401 ], [ 78.7819037, 29.2660823 ], [ 78.7767868, 29.259937 ], [ 78.7738281, 29.2619864 ], [ 78.773666, 29.2622435 ], [ 78.7741441, 29.2628661 ], [ 78.7708894, 29.2650531 ], [ 78.7718151, 29.2659511 ], [ 78.7701863, 29.2670377 ], [ 78.7732151, 29.2709835 ], [ 78.7727003, 29.2716465 ], [ 78.7757765, 29.2729216 ], [ 78.7820067, 29.2747614 ], [ 78.7836783, 29.2763565 ], [ 78.787253, 29.2814388 ], [ 78.7927002, 29.2778331 ], [ 78.7971948, 29.2756955 ], [ 78.7987875, 29.2740446 ], [ 78.7998602, 29.2742274 ] ] ] } },
{ "type": "Feature", "properties": { "gp_code": "27149", "gp_name": "GULARGOJI", "blkname": "JASPUR", "dtname": "Udam Singh Nagar", "SHAPE_Area": 8026756.5989969391 }, "geometry": { "type": "Polygon", "coordinates": [ [ [ 78.8028071, 29.3165543 ], [ 78.8046833, 29.3163356 ], [ 78.8084537, 29.3128781 ], [ 78.8088192, 29.3120752 ], [ 78.8076611, 29.3111661 ], [ 78.8068558, 29.309276 ], [ 78.8061406, 29.3040094 ], [ 78.8010565, 29.2979915 ], [ 78.8052046, 29.2949829 ], [ 78.8022252, 29.2917935 ], [ 78.7995723, 29.2930224 ], [ 78.7987928, 29.2928622 ], [ 78.7971359, 29.2919396 ], [ 78.7939408, 29.2887522 ], [ 78.7931278, 29.2886145 ], [ 78.7920345, 29.2878001 ], [ 78.7911183, 29.2888352 ], [ 78.7910126, 29.2900645 ], [ 78.7905262, 29.2904546 ], [ 78.7891522, 29.290513 ], [ 78.7870643, 29.296007 ], [ 78.7834577, 29.2927155 ], [ 78.7768023, 29.2973986 ], [ 78.7799507, 29.3012157 ], [ 78.7776444, 29.3030827 ], [ 78.7832088, 29.3089776 ], [ 78.784814, 29.3111297 ], [ 78.7881693, 29.3133812 ], [ 78.7883287, 29.3136677 ], [ 78.7879992, 29.3141796 ], [ 78.7884185, 29.3149557 ], [ 78.7895508, 29.3152964 ], [ 78.7931541, 29.3135828 ], [ 78.7959107, 29.3117652 ], [ 78.7954469, 29.3147108 ], [ 78.7978192, 29.3185882 ], [ 78.7985733, 29.3180381 ], [ 78.8028071, 29.3165543 ] ] ] } },
{ "type": "Feature", "properties": { "gp_code": "", "gp_name": "", "blkname": "JASPUR", "dtname": "Udam Singh Nagar", "SHAPE_Area": 3023112.7510405746 }, "geometry": { "type": "Polygon", "coordinates": [ [ [ 78.8022252, 29.2917935 ], [ 78.8067358, 29.2883563 ], [ 78.8036462, 29.2837572 ], [ 78.8028308, 29.2820181 ], [ 78.8023627, 29.2805363 ], [ 78.8025534, 29.2776177 ], [ 78.8018793, 29.2770785 ], [ 78.801208, 29.27582 ], [ 78.8008712, 29.2743313 ], [ 78.7987875, 29.2740446 ], [ 78.7971948, 29.2756955 ], [ 78.7927002, 29.2778331 ], [ 78.787253, 29.2814388 ], [ 78.7893331, 29.2871704 ], [ 78.7896569, 29.2888959 ], [ 78.7893761, 29.2904815 ], [ 78.7905262, 29.2904546 ], [ 78.7912159, 29.289866 ], [ 78.7911183, 29.2888352 ], [ 78.7920345, 29.2878001 ], [ 78.7931278, 29.2886145 ], [ 78.7939408, 29.2887522 ], [ 78.7971359, 29.2919396 ], [ 78.7987928, 29.2928622 ], [ 78.7995723, 29.2930224 ], [ 78.8022252, 29.2917935 ] ] ] } },
{ "type": "Feature", "properties": { "gp_code": "", "gp_name": "", "blkname": "JASPUR", "dtname": "Udam Singh Nagar", "SHAPE_Area": 1343072.1432225078 }, "geometry": { "type": "Polygon", "coordinates": [ [ [ 78.8136183, 29.2868407 ], [ 78.8183342, 29.2844069 ], [ 78.815697, 29.281856 ], [ 78.8148763, 29.2814771 ], [ 78.8126894, 29.281423 ], [ 78.8055839, 29.2769344 ], [ 78.8049434, 29.2768441 ], [ 78.8025534, 29.2776177 ], [ 78.8023627, 29.2805363 ], [ 78.8028308, 29.2820181 ], [ 78.8036462, 29.2837572 ], [ 78.8067358, 29.2883563 ], [ 78.8111664, 29.2852393 ], [ 78.8136183, 29.2868407 ] ] ] } },
{ "type": "Feature", "properties": { "gp_code": "", "gp_name": "", "blkname": "JASPUR", "dtname": "Udam Singh Nagar", "SHAPE_Area": 329078.14491118974 }, "geometry": { "type": "Polygon", "coordinates": [ [ [ 78.8230271, 29.2851103 ], [ 78.8220518, 29.2832721 ], [ 78.8190958, 29.285097 ], [ 78.8183342, 29.2844069 ], [ 78.8178325, 29.2846348 ], [ 78.8132838, 29.2868453 ], [ 78.8132942, 29.287346 ], [ 78.8139142, 29.2884331 ], [ 78.8154632, 29.2893962 ], [ 78.8205366, 29.2860645 ], [ 78.8230271, 29.2851103 ] ] ] } },
{ "type": "Feature", "properties": { "gp_code": "27160", "gp_name": "MADUWAKHERA", "blkname": "JASPUR", "dtname": "Udam Singh Nagar", "SHAPE_Area": 6950293.9418397145 }, "geometry": { "type": "Polygon", "coordinates": [ [ [ 78.8103633, 29.3108324 ], [ 78.8161663, 29.3059041 ], [ 78.8169049, 29.3071265 ], [ 78.8189378, 29.3073159 ], [ 78.8197356, 29.3082925 ], [ 78.8240664, 29.3060841 ], [ 78.8247766, 29.3053239 ], [ 78.8275811, 29.3036455 ], [ 78.828904, 29.3045497 ], [ 78.8322621, 29.3044005 ], [ 78.8355711, 29.3033285 ], [ 78.8363018, 29.3027736 ], [ 78.8358772, 29.302636 ], [ 78.8347494, 29.2994875 ], [ 78.8344432, 29.2994808 ], [ 78.8306054, 29.2927962 ], [ 78.8295608, 29.2937211 ], [ 78.8268153, 29.292305 ], [ 78.8247183, 29.2928013 ], [ 78.8207147, 29.2924882 ], [ 78.8171845, 29.2913494 ], [ 78.8164254, 29.2908103 ], [ 78.8154632, 29.2893962 ], [ 78.8135128, 29.2880384 ], [ 78.8132838, 29.2868453 ], [ 78.8136183, 29.2868407 ], [ 78.8111664, 29.2852393 ], [ 78.8022252, 29.2917935 ], [ 78.8052046, 29.2949829 ], [ 78.8010565, 29.2979915 ], [ 78.8061406, 29.3040094 ], [ 78.8062847, 29.3057348 ], [ 78.8067426, 29.3069597 ], [ 78.8067246, 29.3088587 ], [ 78.8075273, 29.3109586 ], [ 78.8085824, 29.3118721 ], [ 78.8103633, 29.3108324 ] ] ] } },
{ "type": "Feature", "properties": { "gp_code": "260086", "gp_name": "Niwarmundi", "blkname": "JASPUR", "dtname": "Udam Singh Nagar", "SHAPE_Area": 1161496.4839598574 }, "geometry": { "type": "Polygon", "coordinates": [ [ [ 78.8381463, 29.3108659 ], [ 78.8400787, 29.309925 ], [ 78.8403663, 29.3079784 ], [ 78.8382089, 29.3040588 ], [ 78.8328523, 29.3085775 ], [ 78.8304721, 29.3099357 ], [ 78.8301168, 29.3091327 ], [ 78.8281895, 29.3103803 ], [ 78.8275153, 29.3102495 ], [ 78.826275, 29.3109692 ], [ 78.8252664, 29.3121828 ], [ 78.8266357, 29.3143502 ], [ 78.8263964, 29.3145532 ], [ 78.8284866, 29.317149 ], [ 78.833108, 29.3136591 ], [ 78.8365433, 29.3121676 ], [ 78.8381463, 29.3108659 ] ] ] } },
{ "type": "Feature", "properties": { "gp_code": "27166", "gp_name": "BHAGWANTPUR", "blkname": "JASPUR", "dtname": "Udam Singh Nagar", "SHAPE_Area": 1817465.9647654854 }, "geometry": { "type": "Polygon", "coordinates": [ [ [ 78.8275153, 29.3102495 ], [ 78.8281895, 29.3103803 ], [ 78.8301168, 29.3091327 ], [ 78.8304721, 29.3099357 ], [ 78.8339869, 29.3077789 ], [ 78.838407, 29.3038897 ], [ 78.8411072, 29.300421 ], [ 78.8441349, 29.2990535 ], [ 78.8443817, 29.2993509 ], [ 78.8470242, 29.298415 ], [ 78.8459496, 29.2969793 ], [ 78.8453419, 29.2955292 ], [ 78.8446495, 29.2949565 ], [ 78.8425706, 29.2956923 ], [ 78.8418762, 29.2963014 ], [ 78.8402835, 29.2967055 ], [ 78.8389271, 29.2952533 ], [ 78.8382299, 29.2956323 ], [ 78.8361231, 29.2982288 ], [ 78.8362082, 29.2988152 ], [ 78.8347494, 29.2994875 ], [ 78.8358772, 29.302636 ], [ 78.8363018, 29.3027736 ], [ 78.8360831, 29.3029969 ], [ 78.8322621, 29.3044005 ], [ 78.828904, 29.3045497 ], [ 78.8275811, 29.3036455 ], [ 78.8247766, 29.3053239 ], [ 78.8240664, 29.3060841 ], [ 78.8207238, 29.3078436 ], [ 78.8239178, 29.3113754 ], [ 78.8252664, 29.3121828 ], [ 78.826275, 29.3109692 ], [ 78.8275153, 29.3102495 ] ] ] } },
{ "type": "Feature", "properties": { "gp_code": "", "gp_name": "", "blkname": "JASPUR", "dtname": "Udam Singh Nagar", "SHAPE_Area": 2008065.0110567261 }, "geometry": { "type": "Polygon", "coordinates": [ [ [ 78.8389271, 29.2952533 ], [ 78.8381498, 29.2943896 ], [ 78.8386463, 29.2938662 ], [ 78.8370582, 29.2921342 ], [ 78.8343837, 29.2868276 ], [ 78.8327805, 29.2851362 ], [ 78.8331743, 29.2856842 ], [ 78.828603, 29.2894516 ], [ 78.8281679, 29.2875998 ], [ 78.8276277, 29.2877917 ], [ 78.8271489, 29.286797 ], [ 78.8258961, 29.2876136 ], [ 78.8259244, 29.2881888 ], [ 78.8249057, 29.2885204 ], [ 78.8230271, 29.2851103 ], [ 78.8205366, 29.2860645 ], [ 78.8154632, 29.2893962 ], [ 78.8168037, 29.2911305 ], [ 78.8207147, 29.2924882 ], [ 78.8247183, 29.2928013 ], [ 78.8268153, 29.292305 ], [ 78.8295608, 29.2937211 ], [ 78.8306054, 29.2927962 ], [ 78.8344432, 29.2994808 ], [ 78.8362082, 29.2988152 ], [ 78.8361231, 29.2982288 ], [ 78.8382299, 29.2956323 ], [ 78.8389271, 29.2952533 ] ] ] } },
{ "type": "Feature", "properties": { "gp_code": "", "gp_name": "", "blkname": "JASPUR", "dtname": "Udam Singh Nagar", "SHAPE_Area": 2132253.3181523965 }, "geometry": { "type": "Polygon", "coordinates": [ [ [ 78.8453419, 29.2955292 ], [ 78.8465201, 29.2951568 ], [ 78.8480969, 29.2938233 ], [ 78.8475795, 29.2931152 ], [ 78.8476334, 29.2924904 ], [ 78.8468123, 29.2918411 ], [ 78.84665, 29.2910607 ], [ 78.8457542, 29.2898091 ], [ 78.8454141, 29.2884988 ], [ 78.8454499, 29.2878582 ], [ 78.8460081, 29.2871341 ], [ 78.8458149, 29.2866334 ], [ 78.8411693, 29.2812642 ], [ 78.8412412, 29.280486 ], [ 78.8404692, 29.2797261 ], [ 78.839412, 29.2803533 ], [ 78.8373455, 29.2779246 ], [ 78.8361003, 29.2779834 ], [ 78.835779, 29.2788925 ], [ 78.8341789, 29.2793393 ], [ 78.8355168, 29.2799008 ], [ 78.8370609, 29.2816732 ], [ 78.8369168, 29.2819417 ], [ 78.8346892, 29.2837037 ], [ 78.8342235, 29.2832053 ], [ 78.8316149, 29.284498 ], [ 78.8323586, 29.2854814 ], [ 78.8327805, 29.2851362 ], [ 78.8341033, 29.2863674 ], [ 78.8370582, 29.2921342 ], [ 78.8386463, 29.2938662 ], [ 78.8381498, 29.2943896 ], [ 78.8402835, 29.2967055 ], [ 78.8418762, 29.2963014 ], [ 78.8425706, 29.2956923 ], [ 78.8446495, 29.2949565 ], [ 78.8453419, 29.2955292 ] ] ] } },
{ "type": "Feature", "properties": { "gp_code": "", "gp_name": "", "blkname": "JASPUR", "dtname": "Udam Singh Nagar", "SHAPE_Area": 2613641.5200185492 }, "geometry": { "type": "Polygon", "coordinates": [ [ [ 78.8447863, 29.2802619 ], [ 78.8438829, 29.2790396 ], [ 78.8433962, 29.2774406 ], [ 78.841906, 29.275014 ], [ 78.8419597, 29.2742833 ], [ 78.8399242, 29.2717824 ], [ 78.8356015, 29.2677188 ], [ 78.8333707, 29.2650283 ], [ 78.831333, 29.2630889 ], [ 78.8308958, 29.2632175 ], [ 78.8296197, 29.2619501 ], [ 78.8285987, 29.2626539 ], [ 78.8280379, 29.2626743 ], [ 78.827279, 29.2621354 ], [ 78.8260882, 29.2630647 ], [ 78.825566, 29.2626904 ], [ 78.8219317, 29.2659837 ], [ 78.8237972, 29.2702329 ], [ 78.8258781, 29.2691005 ], [ 78.8273188, 29.2701221 ], [ 78.8277717, 29.2712204 ], [ 78.8298968, 29.2723322 ], [ 78.8295033, 29.2727021 ], [ 78.8304347, 29.2737485 ], [ 78.8303189, 29.2742966 ], [ 78.8308876, 29.2748717 ], [ 78.8307848, 29.2752552 ], [ 78.8314537, 29.2754829 ], [ 78.8313381, 29.2761099 ], [ 78.8315723, 29.2763129 ], [ 78.8327659, 29.2765946 ], [ 78.8338416, 29.2779229 ], [ 78.8341789, 29.2793393 ], [ 78.835779, 29.2788925 ], [ 78.8358329, 29.2782519 ], [ 78.8366097, 29.2777601 ], [ 78.8376492, 29.2781591 ], [ 78.839412, 29.2803533 ], [ 78.8404692, 29.2797261 ], [ 78.8412412, 29.280486 ], [ 78.8429855, 29.2806435 ], [ 78.8447863, 29.2802619 ] ] ] } },
{ "type": "Feature", "properties": { "gp_code": "", "gp_name": "", "blkname": "JASPUR", "dtname": "Udam Singh Nagar", "SHAPE_Area": 3643378.9117446477 }, "geometry": { "type": "Polygon", "coordinates": [ [ [ 78.8327805, 29.2851362 ], [ 78.8323586, 29.2854814 ], [ 78.8316149, 29.284498 ], [ 78.8342235, 29.2832053 ], [ 78.8346892, 29.2837037 ], [ 78.8370609, 29.2816732 ], [ 78.8355168, 29.2799008 ], [ 78.8339448, 29.2791229 ], [ 78.8338416, 29.2779229 ], [ 78.8327659, 29.2765946 ], [ 78.8323724, 29.2766962 ], [ 78.8313381, 29.2761099 ], [ 78.8314537, 29.2754829 ], [ 78.8307848, 29.2752552 ], [ 78.8308876, 29.2748717 ], [ 78.8303189, 29.2742966 ], [ 78.8304347, 29.2737485 ], [ 78.8295033, 29.2727021 ], [ 78.8298968, 29.2723322 ], [ 78.8277717, 29.2712204 ], [ 78.8273188, 29.2701221 ], [ 78.8258781, 29.2691005 ], [ 78.8229097, 29.2706345 ], [ 78.8120077, 29.2780285 ], [ 78.8190958, 29.285097 ], [ 78.8220518, 29.2832721 ], [ 78.8249057, 29.2885204 ], [ 78.8259244, 29.2881888 ], [ 78.8258961, 29.2876136 ], [ 78.8271489, 29.286797 ], [ 78.8276277, 29.2877917 ], [ 78.8281679, 29.2875998 ], [ 78.828603, 29.2894516 ], [ 78.8331743, 29.2856842 ], [ 78.8327805, 29.2851362 ] ] ] } },
{ "type": "Feature", "properties": { "gp_code": "", "gp_name": "", "blkname": "JASPUR", "dtname": "Udam Singh Nagar", "SHAPE_Area": 780534.21601251361 }, "geometry": { "type": "Polygon", "coordinates": [ [ [ 78.8237972, 29.2702329 ], [ 78.8200724, 29.2715076 ], [ 78.8193546, 29.2708378 ], [ 78.8179501, 29.2712077 ], [ 78.8172813, 29.2718348 ], [ 78.8160053, 29.2720694 ], [ 78.8132167, 29.2736235 ], [ 78.8125479, 29.2732085 ], [ 78.8109092, 29.2741017 ], [ 78.8101966, 29.2750783 ], [ 78.8082646, 29.2760053 ], [ 78.8064483, 29.2774622 ], [ 78.8126894, 29.281423 ], [ 78.8148763, 29.2814771 ], [ 78.815697, 29.281856 ], [ 78.8120077, 29.2780285 ], [ 78.8237972, 29.2702329 ] ] ] } },
{ "type": "Feature", "properties": { "gp_code": "27156", "gp_name": "KHERA LAXMIPUR", "blkname": "JASPUR", "dtname": "Udam Singh Nagar", "SHAPE_Area": 5242714.4565757886 }, "geometry": { "type": "Polygon", "coordinates": [ [ [ 78.8160053, 29.2720694 ], [ 78.8172813, 29.2718348 ], [ 78.8179501, 29.2712077 ], [ 78.8193546, 29.2708378 ], [ 78.8200724, 29.2715076 ], [ 78.8237972, 29.2702329 ], [ 78.8219317, 29.2659837 ], [ 78.823372, 29.264795 ], [ 78.8213682, 29.2635704 ], [ 78.8223147, 29.2628757 ], [ 78.8232021, 29.263153 ], [ 78.8234568, 29.2625147 ], [ 78.825432, 29.2611003 ], [ 78.8264402, 29.2608747 ], [ 78.8279835, 29.259767 ], [ 78.8280528, 29.2590475 ], [ 78.8286727, 29.258982 ], [ 78.8287575, 29.2587271 ], [ 78.8244046, 29.2525565 ], [ 78.8250013, 29.2520445 ], [ 78.8247569, 29.2508942 ], [ 78.8252258, 29.2492771 ], [ 78.823941, 29.2486189 ], [ 78.8229482, 29.2492859 ], [ 78.8235477, 29.2503199 ], [ 78.8233098, 29.2509225 ], [ 78.8218609, 29.2499768 ], [ 78.8204922, 29.2505074 ], [ 78.8202867, 29.2504277 ], [ 78.8205142, 29.2499137 ], [ 78.8212924, 29.2489398 ], [ 78.8211603, 29.2483409 ], [ 78.8184962, 29.2478061 ], [ 78.8181008, 29.2482007 ], [ 78.8167483, 29.2470331 ], [ 78.8143656, 29.2489302 ], [ 78.8117601, 29.244762 ], [ 78.8098139, 29.2457622 ], [ 78.8095256, 29.2453879 ], [ 78.8052708, 29.2468836 ], [ 78.8047432, 29.24677 ], [ 78.803931, 29.2472824 ], [ 78.8044683, 29.2481539 ], [ 78.8047546, 29.2497016 ], [ 78.8054441, 29.2503217 ], [ 78.806141, 29.252399 ], [ 78.8057294, 29.2528298 ], [ 78.8064418, 29.2537366 ], [ 78.8054052, 29.2545937 ], [ 78.8055364, 29.2552906 ], [ 78.8063568, 29.2562199 ], [ 78.8078821, 29.2555907 ], [ 78.809024, 29.2568403 ], [ 78.8095899, 29.2567591 ], [ 78.8113157, 29.259283 ], [ 78.8083654, 29.2615069 ], [ 78.8085325, 29.2625535 ], [ 78.8079975, 29.2631669 ], [ 78.8089029, 29.2641368 ], [ 78.811038, 29.262867 ], [ 78.8116167, 29.2635143 ], [ 78.81147, 29.263803 ], [ 78.8133041, 29.265754 ], [ 78.8128128, 29.2660789 ], [ 78.8139421, 29.2672314 ], [ 78.8128129, 29.2680953 ], [ 78.8132013, 29.2687448 ], [ 78.8154445, 29.2710003 ], [ 78.8160053, 29.2720694 ] ] ] } },
{ "type": "Feature", "properties": { "gp_code": "27175", "gp_name": "SURAJPUR", "blkname": "JASPUR", "dtname": "Udam Singh Nagar", "SHAPE_Area": 10663198.750685455 }, "geometry": { "type": "Polygon", "coordinates": [ [ [ 78.8636683, 29.2671988 ], [ 78.8634263, 29.2667163 ], [ 78.8627704, 29.2670029 ], [ 78.8623048, 29.2668204 ], [ 78.8621321, 29.2660491 ], [ 78.8626489, 29.2655505 ], [ 78.8640303, 29.2655657 ], [ 78.8643308, 29.2647243 ], [ 78.8641065, 29.2639078 ], [ 78.865693, 29.2626983 ], [ 78.8646737, 29.2613229 ], [ 78.8647764, 29.2609281 ], [ 78.865828, 29.2600503 ], [ 78.8638956, 29.2588872 ], [ 78.8627549, 29.2563006 ], [ 78.8666337, 29.2515354 ], [ 78.8675003, 29.2495773 ], [ 78.8659173, 29.2485898 ], [ 78.8651172, 29.2470543 ], [ 78.8640387, 29.2476033 ], [ 78.8628151, 29.2469776 ], [ 78.8626102, 29.245599 ], [ 78.8632447, 29.2424612 ], [ 78.862232, 29.2421646 ], [ 78.8612889, 29.2413978 ], [ 78.8620933, 29.2398874 ], [ 78.85583, 29.2432959 ], [ 78.85234, 29.2465724 ], [ 78.8505157, 29.2477489 ], [ 78.8486018, 29.2499869 ], [ 78.8453559, 29.2516868 ], [ 78.8413304, 29.246697 ], [ 78.8389127, 29.2461897 ], [ 78.8376401, 29.2465431 ], [ 78.8365108, 29.2455362 ], [ 78.8333909, 29.2479626 ], [ 78.8320666, 29.2468716 ], [ 78.831129, 29.2478444 ], [ 78.8297639, 29.2464732 ], [ 78.8289093, 29.2448068 ], [ 78.8285482, 29.2446451 ], [ 78.8262398, 29.2456142 ], [ 78.8258854, 29.2455099 ], [ 78.8234863, 29.2468663 ], [ 78.8235916, 29.2472296 ], [ 78.8242924, 29.2475146 ], [ 78.8250369, 29.2470239 ], [ 78.8256497, 29.2474164 ], [ 78.8258427, 29.2484738 ], [ 78.8248841, 29.2497517 ], [ 78.8247697, 29.2516385 ], [ 78.8250013, 29.2520445 ], [ 78.8244046, 29.2525565 ], [ 78.8287575, 29.2587271 ], [ 78.8280528, 29.2590475 ], [ 78.8279835, 29.259767 ], [ 78.8264402, 29.2608747 ], [ 78.825432, 29.2611003 ], [ 78.8234568, 29.2625147 ], [ 78.8232021, 29.263153 ], [ 78.8223147, 29.2628757 ], [ 78.8213064, 29.2637621 ], [ 78.823372, 29.264795 ], [ 78.825566, 29.2626904 ], [ 78.8260882, 29.2630647 ], [ 78.827279, 29.2621354 ], [ 78.8280379, 29.2626743 ], [ 78.8285987, 29.2626539 ], [ 78.8296197, 29.2619501 ], [ 78.8308958, 29.2632175 ], [ 78.831333, 29.2630889 ], [ 78.8376984, 29.2695769 ], [ 78.8446988, 29.26439 ], [ 78.8470006, 29.2630609 ], [ 78.8452739, 29.2607179 ], [ 78.8470303, 29.2596979 ], [ 78.8484527, 29.2595058 ], [ 78.8503969, 29.2584723 ], [ 78.8509347, 29.2591442 ], [ 78.8511178, 29.2605787 ], [ 78.8517818, 29.2615123 ], [ 78.8520158, 29.2614039 ], [ 78.8531481, 29.2626576 ], [ 78.8529065, 29.2628246 ], [ 78.8551761, 29.26489 ], [ 78.8549858, 29.2651472 ], [ 78.8556368, 29.2657537 ], [ 78.8561616, 29.2657603 ], [ 78.8554904, 29.2661056 ], [ 78.8591556, 29.2710213 ], [ 78.8599204, 29.2725232 ], [ 78.8623746, 29.2728832 ], [ 78.8648005, 29.2727266 ], [ 78.8639843, 29.2711955 ], [ 78.8618664, 29.2698407 ], [ 78.8625401, 29.269342 ], [ 78.8620126, 29.2687738 ], [ 78.8620121, 29.2680025 ], [ 78.8636683, 29.2671988 ] ] ] } },
{ "type": "Feature", "properties": { "gp_code": "27165", "gp_name": "NARAYANPUR", "blkname": "JASPUR", "dtname": "Udam Singh Nagar", "SHAPE_Area": 3707710.9972294383 }, "geometry": { "type": "Polygon", "coordinates": [ [ [ 78.8591211, 29.2741994 ], [ 78.8583001, 29.2734892 ], [ 78.8599794, 29.2722796 ], [ 78.8559793, 29.2664393 ], [ 78.8557323, 29.2665228 ], [ 78.8554904, 29.2661056 ], [ 78.8561616, 29.2657603 ], [ 78.8556368, 29.2657537 ], [ 78.8549858, 29.2651472 ], [ 78.8551761, 29.26489 ], [ 78.8529065, 29.2628246 ], [ 78.8531481, 29.2626576 ], [ 78.8511178, 29.2605787 ], [ 78.8509347, 29.2591442 ], [ 78.8503969, 29.2584723 ], [ 78.8484527, 29.2595058 ], [ 78.8470303, 29.2596979 ], [ 78.8452739, 29.2607179 ], [ 78.8470006, 29.2630609 ], [ 78.8446988, 29.26439 ], [ 78.8376984, 29.2695769 ], [ 78.8419597, 29.2742833 ], [ 78.841906, 29.275014 ], [ 78.8433962, 29.2774406 ], [ 78.8438829, 29.2790396 ], [ 78.8447863, 29.2802619 ], [ 78.8470964, 29.2797493 ], [ 78.8474362, 29.2804529 ], [ 78.8506872, 29.2781875 ], [ 78.8514641, 29.2777723 ], [ 78.8524983, 29.2782095 ], [ 78.8557131, 29.2757298 ], [ 78.857681, 29.2754832 ], [ 78.8591211, 29.2741994 ] ] ] } },
{ "type": "Feature", "properties": { "gp_code": "27174", "gp_name": "SHIVRAJPUR PATTI", "blkname": "JASPUR", "dtname": "Udam Singh Nagar", "SHAPE_Area": 3099307.0368599114 }, "geometry": { "type": "Polygon", "coordinates": [ [ [ 78.8931517, 29.2508072 ], [ 78.8920665, 29.2506493 ], [ 78.8918915, 29.2510459 ], [ 78.8894427, 29.2515232 ], [ 78.8887399, 29.2528559 ], [ 78.8862207, 29.2553383 ], [ 78.8833522, 29.2565506 ], [ 78.8807637, 29.258257 ], [ 78.8813589, 29.2611646 ], [ 78.8795886, 29.2623841 ], [ 78.8823121, 29.2634498 ], [ 78.8838594, 29.2656541 ], [ 78.8889845, 29.2688543 ], [ 78.8916763, 29.2664621 ], [ 78.8909667, 29.2656251 ], [ 78.8914428, 29.2651832 ], [ 78.8935025, 29.2667063 ], [ 78.8943285, 29.2663909 ], [ 78.896597, 29.2669848 ], [ 78.8967154, 29.2667277 ], [ 78.8973456, 29.2667347 ], [ 78.8980176, 29.2653206 ], [ 78.8990725, 29.2643082 ], [ 78.9006984, 29.2638147 ], [ 78.89909, 29.2588002 ], [ 78.8974548, 29.2568939 ], [ 78.8946545, 29.2553638 ], [ 78.894342, 29.2523368 ], [ 78.8931517, 29.2508072 ] ] ] } },
{ "type": "Feature", "properties": { "gp_code": "27147", "gp_name": "GARIHUSAIN", "blkname": "JASPUR", "dtname": "Udam Singh Nagar", "SHAPE_Area": 7376051.1750500137 }, "geometry": { "type": "Polygon", "coordinates": [ [ [ 78.8877109, 29.2909397 ], [ 78.8875273, 29.2874097 ], [ 78.8841133, 29.2871401 ], [ 78.8782355, 29.2895735 ], [ 78.8753512, 29.2896061 ], [ 78.8738822, 29.2894678 ], [ 78.8749336, 29.2866737 ], [ 78.87169, 29.2866334 ], [ 78.8718222, 29.284044 ], [ 78.8726417, 29.2817543 ], [ 78.8726817, 29.2800108 ], [ 78.8723442, 29.2789915 ], [ 78.8714232, 29.279037 ], [ 78.8710446, 29.2783244 ], [ 78.8711522, 29.2776567 ], [ 78.8731221, 29.2764762 ], [ 78.870473, 29.2730874 ], [ 78.8742546, 29.2694211 ], [ 78.8742959, 29.2651109 ], [ 78.8795886, 29.2623841 ], [ 78.8811787, 29.2613968 ], [ 78.8813874, 29.2608894 ], [ 78.8806093, 29.2584599 ], [ 78.8778587, 29.2557792 ], [ 78.8759982, 29.2572557 ], [ 78.8751495, 29.2571967 ], [ 78.8746208, 29.2566741 ], [ 78.872551, 29.2559205 ], [ 78.8729596, 29.2551074 ], [ 78.8726888, 29.2548572 ], [ 78.871015, 29.2568912 ], [ 78.8699106, 29.2571081 ], [ 78.8697179, 29.2564357 ], [ 78.8701489, 29.2553833 ], [ 78.868885, 29.2549813 ], [ 78.8685733, 29.2544203 ], [ 78.8687981, 29.2541647 ], [ 78.8701776, 29.2544523 ], [ 78.8706656, 29.2541719 ], [ 78.870628, 29.2531281 ], [ 78.8699158, 29.2524875 ], [ 78.8706845, 29.2521086 ], [ 78.8706745, 29.2513517 ], [ 78.8701893, 29.250964 ], [ 78.8706028, 29.250349 ], [ 78.8704012, 29.2499071 ], [ 78.8693452, 29.2493041 ], [ 78.8675003, 29.2495773 ], [ 78.8666337, 29.2515354 ], [ 78.8627549, 29.2563006 ], [ 78.8638956, 29.2588872 ], [ 78.865828, 29.2600503 ], [ 78.8647764, 29.2609281 ], [ 78.8646737, 29.2613229 ], [ 78.865693, 29.2626983 ], [ 78.8641065, 29.2639078 ], [ 78.8643308, 29.2647243 ], [ 78.8640303, 29.2655657 ], [ 78.8626489, 29.2655505 ], [ 78.8620808, 29.2663378 ], [ 78.8625467, 29.2669737 ], [ 78.8634263, 29.2667163 ], [ 78.8636683, 29.2671988 ], [ 78.8620121, 29.2680025 ], [ 78.8620126, 29.2687738 ], [ 78.8625401, 29.269342 ], [ 78.8618664, 29.2698407 ], [ 78.8639843, 29.2711955 ], [ 78.8648005, 29.2727266 ], [ 78.8623746, 29.2728832 ], [ 78.8599204, 29.2725232 ], [ 78.8583001, 29.2734892 ], [ 78.8634197, 29.2792997 ], [ 78.8650129, 29.2806411 ], [ 78.8649334, 29.2810945 ], [ 78.8641565, 29.2810744 ], [ 78.8644965, 29.2818525 ], [ 78.8661123, 29.2822668 ], [ 78.8658711, 29.2833654 ], [ 78.8651123, 29.2837468 ], [ 78.8660366, 29.2849938 ], [ 78.864941, 29.2857611 ], [ 78.8651984, 29.2861444 ], [ 78.8659471, 29.2860336 ], [ 78.8666748, 29.2853725 ], [ 78.8669193, 29.2855325 ], [ 78.8666395, 29.286534 ], [ 78.8669664, 29.2868745 ], [ 78.8682189, 29.2860439 ], [ 78.8693383, 29.2864901 ], [ 78.8705749, 29.2849152 ], [ 78.8713761, 29.286611 ], [ 78.8710943, 29.288738 ], [ 78.8714836, 29.2901227 ], [ 78.8717387, 29.2907203 ], [ 78.8735866, 29.2920299 ], [ 78.8739601, 29.292958 ], [ 78.8735753, 29.2942854 ], [ 78.8707338, 29.2972482 ], [ 78.8704256, 29.298225 ], [ 78.8718106, 29.2993746 ], [ 78.8728511, 29.3007973 ], [ 78.8740781, 29.3014897 ], [ 78.8744174, 29.3020402 ], [ 78.8744168, 29.3031386 ], [ 78.8760833, 29.304619 ], [ 78.8798491, 29.3031473 ], [ 78.8774183, 29.3011416 ], [ 78.8776659, 29.30012 ], [ 78.8818602, 29.2953402 ], [ 78.8849282, 29.2935731 ], [ 78.8877109, 29.2909397 ] ] ] } },
{ "type": "Feature", "properties": { "gp_code": "260083", "gp_name": "Barhyonwala", "blkname": "JASPUR", "dtname": "Udam Singh Nagar", "SHAPE_Area": 3375426.1131055718 }, "geometry": { "type": "Polygon", "coordinates": [ [ [ 78.8596493, 29.3147213 ], [ 78.8666594, 29.3094182 ], [ 78.8688707, 29.3088549 ], [ 78.8685723, 29.3109534 ], [ 78.8696845, 29.3118912 ], [ 78.8704515, 29.3120872 ], [ 78.8710337, 29.3129101 ], [ 78.8722177, 29.3132547 ], [ 78.8732261, 29.3126724 ], [ 78.8737764, 29.3127224 ], [ 78.8742063, 29.3118069 ], [ 78.8754876, 29.3107303 ], [ 78.8731818, 29.307399 ], [ 78.8737071, 29.3069963 ], [ 78.873155, 29.3065195 ], [ 78.8732839, 29.3056897 ], [ 78.8742925, 29.3043408 ], [ 78.8740895, 29.3038647 ], [ 78.8744168, 29.3031386 ], [ 78.8743507, 29.301801 ], [ 78.8728511, 29.3007973 ], [ 78.8718106, 29.2993746 ], [ 78.8704256, 29.298225 ], [ 78.8707338, 29.2972482 ], [ 78.8693959, 29.2974404 ], [ 78.8678654, 29.2983704 ], [ 78.8670626, 29.2984023 ], [ 78.8662774, 29.2976493 ], [ 78.8635306, 29.3001765 ], [ 78.8542536, 29.3049478 ], [ 78.8506134, 29.3074481 ], [ 78.854377, 29.3107151 ], [ 78.8550591, 29.3111322 ], [ 78.8554837, 29.3109042 ], [ 78.8573448, 29.3121328 ], [ 78.8596493, 29.3147213 ] ] ] } },
{ "type": "Feature", "properties": { "gp_code": "27153", "gp_name": "KALIYAWALA", "blkname": "JASPUR", "dtname": "Udam Singh Nagar", "SHAPE_Area": 8180829.539873193 }, "geometry": { "type": "Polygon", "coordinates": [ [ [ 78.8635306, 29.3001765 ], [ 78.8662774, 29.2976493 ], [ 78.8670626, 29.2984023 ], [ 78.8678654, 29.2983704 ], [ 78.8693959, 29.2974404 ], [ 78.8707338, 29.2972482 ], [ 78.8735753, 29.2942854 ], [ 78.8738985, 29.2926491 ], [ 78.8735866, 29.2920299 ], [ 78.8717387, 29.2907203 ], [ 78.8711306, 29.2892613 ], [ 78.8713761, 29.286611 ], [ 78.8705749, 29.2849152 ], [ 78.8693383, 29.2864901 ], [ 78.8682189, 29.2860439 ], [ 78.8669664, 29.2868745 ], [ 78.8666395, 29.286534 ], [ 78.8669193, 29.2855325 ], [ 78.8666748, 29.2853725 ], [ 78.8659471, 29.2860336 ], [ 78.8651984, 29.2861444 ], [ 78.864941, 29.2857611 ], [ 78.8660366, 29.2849938 ], [ 78.8651123, 29.2837468 ], [ 78.8658711, 29.2833654 ], [ 78.8661123, 29.2822668 ], [ 78.8644965, 29.2818525 ], [ 78.8641565, 29.2810744 ], [ 78.8649334, 29.2810945 ], [ 78.8650129, 29.2806411 ], [ 78.8624776, 29.2782805 ], [ 78.8591211, 29.2741994 ], [ 78.857681, 29.2754832 ], [ 78.8557131, 29.2757298 ], [ 78.8524983, 29.2782095 ], [ 78.8514641, 29.2777723 ], [ 78.8506872, 29.2781875 ], [ 78.8474362, 29.2804529 ], [ 78.8470964, 29.2797493 ], [ 78.8429855, 29.2806435 ], [ 78.8412412, 29.280486 ], [ 78.8411693, 29.2812642 ], [ 78.8460081, 29.2871341 ], [ 78.8454499, 29.2878582 ], [ 78.8457542, 29.2898091 ], [ 78.84665, 29.2910607 ], [ 78.8468123, 29.2918411 ], [ 78.8476334, 29.2924904 ], [ 78.8475795, 29.2931152 ], [ 78.8480969, 29.2938233 ], [ 78.8465201, 29.2951568 ], [ 78.8453419, 29.2955292 ], [ 78.8459496, 29.2969793 ], [ 78.8473062, 29.2987428 ], [ 78.8482796, 29.3010454 ], [ 78.8500481, 29.3027455 ], [ 78.8495701, 29.3046493 ], [ 78.8503735, 29.3059708 ], [ 78.8500084, 29.3067265 ], [ 78.8506134, 29.3074481 ], [ 78.8542536, 29.3049478 ], [ 78.8635306, 29.3001765 ] ] ] } },
{ "type": "Feature", "properties": { "gp_code": "27162", "gp_name": "MEGHAWALA", "blkname": "JASPUR", "dtname": "Udam Singh Nagar", "SHAPE_Area": 2884188.137786983 }, "geometry": { "type": "Polygon", "coordinates": [ [ [ 78.8506134, 29.3074481 ], [ 78.8500084, 29.3067265 ], [ 78.8503735, 29.3059708 ], [ 78.8495701, 29.3046493 ], [ 78.8500481, 29.3027455 ], [ 78.8482796, 29.3010454 ], [ 78.8470242, 29.298415 ], [ 78.8443817, 29.2993509 ], [ 78.8441349, 29.2990535 ], [ 78.8411072, 29.300421 ], [ 78.8382089, 29.3040588 ], [ 78.840186, 29.3072748 ], [ 78.8401148, 29.310155 ], [ 78.8425039, 29.3132806 ], [ 78.8430218, 29.3153082 ], [ 78.8458765, 29.3173623 ], [ 78.8458238, 29.3215484 ], [ 78.8460995, 29.3223829 ], [ 78.8491094, 29.3255849 ], [ 78.8512793, 29.3260759 ], [ 78.8540197, 29.3243474 ], [ 78.850873, 29.3202073 ], [ 78.8507389, 29.31963 ], [ 78.8511273, 29.3191358 ], [ 78.8502597, 29.3182294 ], [ 78.8506763, 29.3174038 ], [ 78.8488663, 29.3152796 ], [ 78.8487321, 29.3142444 ], [ 78.8473396, 29.3136155 ], [ 78.8515949, 29.3101904 ], [ 78.8499032, 29.3077933 ], [ 78.8506134, 29.3074481 ] ] ] } },
{ "type": "Feature", "properties": { "gp_code": "27150", "gp_name": "HAJIRO", "blkname": "JASPUR", "dtname": "Udam Singh Nagar", "SHAPE_Area": 10170263.209627483 }, "geometry": { "type": "Polygon", "coordinates": [ [ [ 78.8455817, 29.3441912 ], [ 78.8490236, 29.3443505 ], [ 78.849868, 29.3448171 ], [ 78.8541015, 29.3477299 ], [ 78.8545656, 29.3496424 ], [ 78.8562468, 29.3499238 ], [ 78.8576986, 29.3493121 ], [ 78.8580801, 29.3505209 ], [ 78.8583659, 29.3506223 ], [ 78.8611867, 29.3490425 ], [ 78.863656, 29.349858 ], [ 78.8647705, 29.3494944 ], [ 78.86887, 29.3466824 ], [ 78.8696775, 29.3450468 ], [ 78.8698866, 29.341535 ], [ 78.8706501, 29.339746 ], [ 78.8687924, 29.3366569 ], [ 78.8689425, 29.3334134 ], [ 78.8639751, 29.3293961 ], [ 78.8627044, 29.3309845 ], [ 78.8605698, 29.3292351 ], [ 78.85698, 29.3252554 ], [ 78.8531664, 29.3272573 ], [ 78.8547401, 29.3298235 ], [ 78.8572842, 29.3320488 ], [ 78.8605643, 29.3341023 ], [ 78.8595917, 29.3347861 ], [ 78.8596356, 29.3350996 ], [ 78.8618092, 29.3374671 ], [ 78.8627728, 29.339199 ], [ 78.8642202, 29.3403825 ], [ 78.8641311, 29.3424734 ], [ 78.8630479, 29.3436151 ], [ 78.8612643, 29.3443984 ], [ 78.8593692, 29.3433796 ], [ 78.8571988, 29.3427082 ], [ 78.8561893, 29.3420184 ], [ 78.8549917, 29.3405076 ], [ 78.8514723, 29.339108 ], [ 78.8504602, 29.3380821 ], [ 78.8497102, 29.33559 ], [ 78.8483199, 29.3346769 ], [ 78.8464846, 29.3346503 ], [ 78.8443453, 29.3337668 ], [ 78.84296, 29.332195 ], [ 78.8413822, 29.3326871 ], [ 78.8396215, 29.3323198 ], [ 78.8382986, 29.3329922 ], [ 78.8375107, 29.3318623 ], [ 78.8367101, 29.3314069 ], [ 78.8350576, 29.3313553 ], [ 78.8335826, 29.3308729 ], [ 78.8315005, 29.3320686 ], [ 78.8306485, 29.331683 ], [ 78.8300949, 29.3307652 ], [ 78.8270243, 29.3311602 ], [ 78.8257011, 29.3300349 ], [ 78.8242417, 29.3303373 ], [ 78.8227976, 29.3295277 ], [ 78.8222288, 29.3296248 ], [ 78.821171, 29.3304683 ], [ 78.8201389, 29.3305812 ], [ 78.8193229, 29.329873 ], [ 78.8192945, 29.3292438 ], [ 78.8166639, 29.3280394 ], [ 78.811825, 29.3336218 ], [ 78.810399, 29.332794 ], [ 78.8100747, 29.3346773 ], [ 78.81469, 29.3383425 ], [ 78.8170968, 29.3373793 ], [ 78.8251879, 29.3428191 ], [ 78.8266371, 29.3421197 ], [ 78.8297293, 29.3449635 ], [ 78.8346039, 29.3511946 ], [ 78.838717, 29.3480271 ], [ 78.8402379, 29.3459744 ], [ 78.8455817, 29.3441912 ] ] ] } },
{ "type": "Feature", "properties": { "gp_code": "", "gp_name": "", "blkname": "JASPUR", "dtname": "Udam Singh Nagar", "SHAPE_Area": 862025.0657371881 }, "geometry": { "type": "Polygon", "coordinates": [ [ [ 78.855474, 29.3304751 ], [ 78.8542612, 29.3292981 ], [ 78.8531664, 29.3272573 ], [ 78.8512793, 29.3260759 ], [ 78.8491094, 29.3255849 ], [ 78.8482965, 29.3268662 ], [ 78.8469637, 29.3281431 ], [ 78.8472551, 29.3297602 ], [ 78.8446361, 29.333911 ], [ 78.8464846, 29.3346503 ], [ 78.8483199, 29.3346769 ], [ 78.8497102, 29.33559 ], [ 78.852214, 29.3334714 ], [ 78.8525357, 29.3336991 ], [ 78.8533953, 29.3330538 ], [ 78.8534721, 29.3322192 ], [ 78.855474, 29.3304751 ] ] ] } },
{ "type": "Feature", "properties": { "gp_code": "260086", "gp_name": "Niwarmundi", "blkname": "JASPUR", "dtname": "Udam Singh Nagar", "SHAPE_Area": 1518256.0041898426 }, "geometry": { "type": "Polygon", "coordinates": [ [ [ 78.8605643, 29.3341023 ], [ 78.8572842, 29.3320488 ], [ 78.855474, 29.3304751 ], [ 78.8534721, 29.3322192 ], [ 78.8533953, 29.3330538 ], [ 78.8525357, 29.3336991 ], [ 78.852214, 29.3334714 ], [ 78.8497102, 29.33559 ], [ 78.8504602, 29.3380821 ], [ 78.8514723, 29.339108 ], [ 78.8549917, 29.3405076 ], [ 78.8561893, 29.3420184 ], [ 78.8571988, 29.3427082 ], [ 78.8593692, 29.3433796 ], [ 78.8609425, 29.3443196 ], [ 78.8617226, 29.3443531 ], [ 78.8630479, 29.3436151 ], [ 78.8641311, 29.3424734 ], [ 78.8643027, 29.340908 ], [ 78.8642202, 29.3403825 ], [ 78.8627728, 29.339199 ], [ 78.8618092, 29.3374671 ], [ 78.8596356, 29.3350996 ], [ 78.8595917, 29.3347861 ], [ 78.8605643, 29.3341023 ] ] ] } },
{ "type": "Feature", "properties": { "gp_code": "", "gp_name": "", "blkname": "JASPUR", "dtname": "Udam Singh Nagar", "SHAPE_Area": 431361.78478196554 }, "geometry": { "type": "Polygon", "coordinates": [ [ [ 78.8639751, 29.3293961 ], [ 78.8627161, 29.3284697 ], [ 78.8652101, 29.323581 ], [ 78.8644943, 29.322837 ], [ 78.8588536, 29.3250382 ], [ 78.8586218, 29.3248083 ], [ 78.8571963, 29.3255666 ], [ 78.8605698, 29.3292351 ], [ 78.8627044, 29.3309845 ], [ 78.8639751, 29.3293961 ] ] ] } },
{ "type": "Feature", "properties": { "gp_code": "27135", "gp_name": "AMKA", "blkname": "JASPUR", "dtname": "Udam Singh Nagar", "SHAPE_Area": 2214554.5558562735 }, "geometry": { "type": "Polygon", "coordinates": [ [ [ 78.8571963, 29.3255666 ], [ 78.8586218, 29.3248083 ], [ 78.8588536, 29.3250382 ], [ 78.8644943, 29.322837 ], [ 78.8622177, 29.3200027 ], [ 78.8616352, 29.3182143 ], [ 78.8596493, 29.3147213 ], [ 78.857592, 29.3123538 ], [ 78.8554837, 29.3109042 ], [ 78.8550591, 29.3111322 ], [ 78.854377, 29.3107151 ], [ 78.8506134, 29.3074481 ], [ 78.8499032, 29.3077933 ], [ 78.8515949, 29.3101904 ], [ 78.8473396, 29.3136155 ], [ 78.8487321, 29.3142444 ], [ 78.8488663, 29.3152796 ], [ 78.8506763, 29.3174038 ], [ 78.8502597, 29.3182294 ], [ 78.8511273, 29.3191358 ], [ 78.8507389, 29.31963 ], [ 78.850873, 29.3202073 ], [ 78.8540197, 29.3243474 ], [ 78.8512793, 29.3260759 ], [ 78.8531664, 29.3272573 ], [ 78.85698, 29.3252554 ], [ 78.8571963, 29.3255666 ] ] ] } },
{ "type": "Feature", "properties": { "gp_code": "27161", "gp_name": "MANORATH NO.-1", "blkname": "JASPUR", "dtname": "Udam Singh Nagar", "SHAPE_Area": 2136182.3192176763 }, "geometry": { "type": "Polygon", "coordinates": [ [ [ 78.8718055, 29.3215055 ], [ 78.8760314, 29.3184564 ], [ 78.8786201, 29.3160123 ], [ 78.8782431, 29.3155603 ], [ 78.8782617, 29.3149988 ], [ 78.877322, 29.3144779 ], [ 78.8762606, 29.3154815 ], [ 78.8756009, 29.3149625 ], [ 78.8744093, 29.315436 ], [ 78.8743602, 29.316018 ], [ 78.8737195, 29.3160017 ], [ 78.8736389, 29.3155902 ], [ 78.8741092, 29.3148811 ], [ 78.8735456, 29.3136135 ], [ 78.8737764, 29.3127224 ], [ 78.8732261, 29.3126724 ], [ 78.8722177, 29.3132547 ], [ 78.8714532, 29.3131197 ], [ 78.8704515, 29.3120872 ], [ 78.8691233, 29.3115261 ], [ 78.8685723, 29.3109534 ], [ 78.8688707, 29.3088549 ], [ 78.8664767, 29.3095176 ], [ 78.8622323, 29.3130829 ], [ 78.8596493, 29.3147213 ], [ 78.8616352, 29.3182143 ], [ 78.8622177, 29.3200027 ], [ 78.8652101, 29.323581 ], [ 78.8643282, 29.3252549 ], [ 78.8673955, 29.3239884 ], [ 78.8715351, 29.3212597 ], [ 78.8718055, 29.3215055 ] ] ] } },
{ "type": "Feature", "properties": { "gp_code": "260087", "gp_name": "Bhogpur Jaspur", "blkname": "JASPUR", "dtname": "Udam Singh Nagar", "SHAPE_Area": 2622491.0298712235 }, "geometry": { "type": "Polygon", "coordinates": [ [ [ 78.8800396, 29.3166109 ], [ 78.8821297, 29.3159803 ], [ 78.8828604, 29.3161948 ], [ 78.8840292, 29.3156223 ], [ 78.8874487, 29.3171732 ], [ 78.8890287, 29.3175663 ], [ 78.8887769, 29.3166978 ], [ 78.8850799, 29.3142176 ], [ 78.8840203, 29.312785 ], [ 78.8831233, 29.3106397 ], [ 78.8837365, 29.3091738 ], [ 78.8847818, 29.3081999 ], [ 78.8843739, 29.3058044 ], [ 78.8803936, 29.3045781 ], [ 78.8798491, 29.3031473 ], [ 78.8762172, 29.3046483 ], [ 78.8744168, 29.3031386 ], [ 78.8740895, 29.3038647 ], [ 78.8742925, 29.3043408 ], [ 78.8731798, 29.3060142 ], [ 78.873155, 29.3065195 ], [ 78.8737071, 29.3069963 ], [ 78.8731818, 29.307399 ], [ 78.8754876, 29.3107303 ], [ 78.8742063, 29.3118069 ], [ 78.8737764, 29.3127224 ], [ 78.8735456, 29.3136135 ], [ 78.8741092, 29.3148811 ], [ 78.8736466, 29.3158622 ], [ 78.8742517, 29.3160763 ], [ 78.8744093, 29.315436 ], [ 78.8756009, 29.3149625 ], [ 78.8762606, 29.3154815 ], [ 78.877322, 29.3144779 ], [ 78.8782617, 29.3149988 ], [ 78.8782431, 29.3155603 ], [ 78.8786201, 29.3160123 ], [ 78.8760314, 29.3184564 ], [ 78.8718055, 29.3215055 ], [ 78.8731164, 29.3228717 ], [ 78.8794645, 29.3277393 ], [ 78.8828209, 29.3240682 ], [ 78.8790797, 29.3186401 ], [ 78.878909, 29.3180652 ], [ 78.8800396, 29.3166109 ] ] ] } },
{ "type": "Feature", "properties": { "gp_code": "27150", "gp_name": "HAJIRO", "blkname": "JASPUR", "dtname": "Udam Singh Nagar", "SHAPE_Area": 2945628.2356948098 }, "geometry": { "type": "Polygon", "coordinates": [ [ [ 78.8890287, 29.3175663 ], [ 78.8840292, 29.3156223 ], [ 78.8828604, 29.3161948 ], [ 78.8823716, 29.315951 ], [ 78.8804513, 29.3166787 ], [ 78.8801503, 29.3165027 ], [ 78.878909, 29.3180652 ], [ 78.8793959, 29.3192743 ], [ 78.882031, 29.3231298 ], [ 78.882722, 29.3236161 ], [ 78.8828604, 29.3253926 ], [ 78.884268, 29.3266112 ], [ 78.8836776, 29.3286183 ], [ 78.8843412, 29.329311 ], [ 78.8841758, 29.3306169 ], [ 78.8849964, 29.3316954 ], [ 78.8840386, 29.3323265 ], [ 78.883716, 29.3339323 ], [ 78.8869413, 29.3391098 ], [ 78.8875113, 29.3420598 ], [ 78.8903554, 29.3431348 ], [ 78.8923417, 29.3452466 ], [ 78.8925446, 29.3406027 ], [ 78.8929233, 29.3400457 ], [ 78.8943935, 29.3392207 ], [ 78.8942991, 29.3370418 ], [ 78.8940162, 29.3364485 ], [ 78.8896344, 29.332482 ], [ 78.891856, 29.3199422 ], [ 78.8913983, 29.3192317 ], [ 78.8890287, 29.3175663 ] ] ] } },
{ "type": "Feature", "properties": { "gp_code": "27167", "gp_name": "PATRAMPUR", "blkname": "JASPUR", "dtname": "Udam Singh Nagar", "SHAPE_Area": 5544541.8799414653 }, "geometry": { "type": "Polygon", "coordinates": [ [ [ 78.8791139, 29.3516381 ], [ 78.8859617, 29.3419288 ], [ 78.8875113, 29.3420598 ], [ 78.8875373, 29.3416949 ], [ 78.8867587, 29.3387309 ], [ 78.883716, 29.3339323 ], [ 78.8840386, 29.3323265 ], [ 78.8849964, 29.3315781 ], [ 78.8841758, 29.3306169 ], [ 78.8843412, 29.329311 ], [ 78.8836776, 29.3286183 ], [ 78.884268, 29.3266112 ], [ 78.8828604, 29.3253926 ], [ 78.8828209, 29.3240682 ], [ 78.8794645, 29.3277393 ], [ 78.8731164, 29.3228717 ], [ 78.8715351, 29.3212597 ], [ 78.8673955, 29.3239884 ], [ 78.8643282, 29.3252549 ], [ 78.8627161, 29.3284697 ], [ 78.8689425, 29.3334134 ], [ 78.8687924, 29.3366569 ], [ 78.8706501, 29.339746 ], [ 78.8698866, 29.341535 ], [ 78.8696775, 29.3450468 ], [ 78.875752, 29.346767 ], [ 78.8770229, 29.3481953 ], [ 78.8791139, 29.3516381 ] ] ] } },
{ "type": "Feature", "properties": { "gp_code": "", "gp_name": "", "blkname": "JASPUR", "dtname": "Udam Singh Nagar", "SHAPE_Area": 4887468.5362081239 }, "geometry": { "type": "Polygon", "coordinates": [ [ [ 78.8346039, 29.3511946 ], [ 78.8297293, 29.3449635 ], [ 78.8266371, 29.3421197 ], [ 78.8251879, 29.3428191 ], [ 78.8170968, 29.3373793 ], [ 78.81469, 29.3383425 ], [ 78.8100747, 29.3346773 ], [ 78.810399, 29.332794 ], [ 78.8074184, 29.3308836 ], [ 78.8035856, 29.3336284 ], [ 78.8033691, 29.3365108 ], [ 78.8098738, 29.3394139 ], [ 78.8113024, 29.3412882 ], [ 78.8146336, 29.3466674 ], [ 78.8157561, 29.3490312 ], [ 78.8176562, 29.351564 ], [ 78.8221519, 29.3591376 ], [ 78.8219874, 29.3610368 ], [ 78.8229428, 29.3627554 ], [ 78.8229636, 29.3641672 ], [ 78.8241894, 29.3663843 ], [ 78.825289, 29.3676089 ], [ 78.8263061, 29.3679043 ], [ 78.8282579, 29.3678228 ], [ 78.8294914, 29.368364 ], [ 78.8302612, 29.368012 ], [ 78.8280208, 29.3666726 ], [ 78.826602, 29.3665375 ], [ 78.825863, 29.3655474 ], [ 78.8276007, 29.3637653 ], [ 78.8273945, 29.3625767 ], [ 78.8264392, 29.3620355 ], [ 78.8263568, 29.3614333 ], [ 78.8273942, 29.3609911 ], [ 78.828339, 29.359667 ], [ 78.8275354, 29.3580613 ], [ 78.8278852, 29.3557922 ], [ 78.8271847, 29.3546217 ], [ 78.8288091, 29.353505 ], [ 78.8307396, 29.3514861 ], [ 78.8346039, 29.3511946 ] ] ] } },
{ "type": "Feature", "properties": { "gp_code": "", "gp_name": "", "blkname": "JASPUR", "dtname": "Udam Singh Nagar", "SHAPE_Area": 5432117.6911196597 }, "geometry": { "type": "Polygon", "coordinates": [ [ [ 78.8491094, 29.3255849 ], [ 78.8460995, 29.3223829 ], [ 78.8458238, 29.3215484 ], [ 78.8458765, 29.3173623 ], [ 78.8430218, 29.3153082 ], [ 78.8425039, 29.3132806 ], [ 78.8400787, 29.309925 ], [ 78.8381463, 29.3108659 ], [ 78.8365433, 29.3121676 ], [ 78.833108, 29.3136591 ], [ 78.8278123, 29.3176588 ], [ 78.8278047, 29.3183716 ], [ 78.8268835, 29.3190551 ], [ 78.8285697, 29.3219035 ], [ 78.8247069, 29.3245677 ], [ 78.8216005, 29.3275272 ], [ 78.8192945, 29.3292438 ], [ 78.8193229, 29.329873 ], [ 78.8198171, 29.3304436 ], [ 78.8204529, 29.3306015 ], [ 78.8227976, 29.3295277 ], [ 78.8242417, 29.3303373 ], [ 78.8257011, 29.3300349 ], [ 78.8270243, 29.3311602 ], [ 78.8300949, 29.3307652 ], [ 78.8306485, 29.331683 ], [ 78.8315005, 29.3320686 ], [ 78.8321002, 29.3319152 ], [ 78.8331862, 29.3309316 ], [ 78.8339276, 29.3309112 ], [ 78.8350576, 29.3313553 ], [ 78.8369804, 29.331479 ], [ 78.8382986, 29.3329922 ], [ 78.8396215, 29.3323198 ], [ 78.8413822, 29.3326871 ], [ 78.84296, 29.332195 ], [ 78.8446361, 29.333911 ], [ 78.8472551, 29.3297602 ], [ 78.8469637, 29.3281431 ], [ 78.8482965, 29.3268662 ], [ 78.8491094, 29.3255849 ] ] ] } },
{ "type": "Feature", "properties": { "gp_code": "27142", "gp_name": "BIRPURI", "blkname": "JASPUR", "dtname": "Udam Singh Nagar", "SHAPE_Area": 5516951.4484554036 }, "geometry": { "type": "Polygon", "coordinates": [ [ [ 78.811825, 29.3336218 ], [ 78.8166639, 29.3280394 ], [ 78.8192945, 29.3292438 ], [ 78.8216005, 29.3275272 ], [ 78.8247069, 29.3245677 ], [ 78.8285697, 29.3219035 ], [ 78.8268835, 29.3190551 ], [ 78.8278047, 29.3183716 ], [ 78.8278123, 29.3176588 ], [ 78.8284866, 29.317149 ], [ 78.8263964, 29.3145532 ], [ 78.8266357, 29.3143502 ], [ 78.825776, 29.3128255 ], [ 78.8231379, 29.3106289 ], [ 78.8207238, 29.3078436 ], [ 78.8197356, 29.3082925 ], [ 78.8189378, 29.3073159 ], [ 78.8171055, 29.3072596 ], [ 78.8161663, 29.3059041 ], [ 78.8103633, 29.3108324 ], [ 78.8087034, 29.311721 ], [ 78.8087908, 29.3124834 ], [ 78.8084537, 29.3128781 ], [ 78.8046833, 29.3163356 ], [ 78.8028071, 29.3165543 ], [ 78.7985733, 29.3180381 ], [ 78.7978192, 29.3185882 ], [ 78.7989155, 29.3194275 ], [ 78.7997416, 29.319547 ], [ 78.8016256, 29.319024 ], [ 78.8057408, 29.319358 ], [ 78.8064177, 29.3205602 ], [ 78.8091792, 29.3196648 ], [ 78.810152, 29.3255223 ], [ 78.8101598, 29.3281027 ], [ 78.8074184, 29.3308836 ], [ 78.811825, 29.3336218 ] ] ] } },
{ "type": "Feature", "properties": { "gp_code": "27149", "gp_name": "GULARGOJI", "blkname": "JASPUR", "dtname": "Udam Singh Nagar", "SHAPE_Area": 1314460.2211629439 }, "geometry": { "type": "Polygon", "coordinates": [ [ [ 78.8101598, 29.3281027 ], [ 78.810152, 29.3255223 ], [ 78.8091792, 29.3196648 ], [ 78.8064177, 29.3205602 ], [ 78.8057408, 29.319358 ], [ 78.8047217, 29.3192497 ], [ 78.8012003, 29.3252445 ], [ 78.8010689, 29.3267648 ], [ 78.801303, 29.3274617 ], [ 78.8024149, 29.3274189 ], [ 78.8028035, 29.3276987 ], [ 78.8030788, 29.3293451 ], [ 78.8025512, 29.3301458 ], [ 78.8028573, 29.3312465 ], [ 78.8010192, 29.334059 ], [ 78.799902, 29.3345754 ], [ 78.8033691, 29.3365108 ], [ 78.8034182, 29.3341403 ], [ 78.8038043, 29.33329 ], [ 78.8074184, 29.3308836 ], [ 78.8101598, 29.3281027 ] ] ] } },
{ "type": "Feature", "properties": { "gp_code": "27177", "gp_name": "UMARPUR", "blkname": "JASPUR", "dtname": "Udam Singh Nagar", "SHAPE_Area": 3975721.7264514212 }, "geometry": { "type": "Polygon", "coordinates": [ [ [ 78.7930899, 29.3269826 ], [ 78.7953989, 29.3250116 ], [ 78.7925196, 29.3210145 ], [ 78.7905409, 29.3188873 ], [ 78.7895508, 29.3152964 ], [ 78.7881278, 29.3146984 ], [ 78.7881693, 29.3133812 ], [ 78.784814, 29.3111297 ], [ 78.7817867, 29.3141355 ], [ 78.7797364, 29.3116338 ], [ 78.7785944, 29.3096622 ], [ 78.7780463, 29.3098312 ], [ 78.7775237, 29.3101626 ], [ 78.7775365, 29.3104716 ], [ 78.7726665, 29.3130235 ], [ 78.7681692, 29.3165429 ], [ 78.7697329, 29.3187628 ], [ 78.7712714, 29.3202113 ], [ 78.7733687, 29.3209337 ], [ 78.7745784, 29.3209385 ], [ 78.7764823, 29.3226735 ], [ 78.7780263, 29.32331 ], [ 78.7779127, 29.3244219 ], [ 78.7775034, 29.3246541 ], [ 78.7771762, 29.3258404 ], [ 78.7774824, 29.3257277 ], [ 78.778818, 29.3265198 ], [ 78.7804837, 29.3253856 ], [ 78.7815929, 29.3255302 ], [ 78.7833171, 29.3266831 ], [ 78.7841381, 29.3265029 ], [ 78.7852499, 29.3271505 ], [ 78.7867868, 29.3261064 ], [ 78.7873838, 29.3264855 ], [ 78.7881839, 29.3280351 ], [ 78.7905179, 29.330591 ], [ 78.7937744, 29.3278353 ], [ 78.7930899, 29.3269826 ] ] ] } },
{ "type": "Feature", "properties": { "gp_code": "", "gp_name": "", "blkname": "JASPUR", "dtname": "Udam Singh Nagar", "SHAPE_Area": 3451610.5095975525 }, "geometry": { "type": "Polygon", "coordinates": [ [ [ 79.01445, 29.3226236 ], [ 79.0124157, 29.3179103 ], [ 79.0081584, 29.3183133 ], [ 79.0038797, 29.3182275 ], [ 79.0023984, 29.3177004 ], [ 78.9986789, 29.3143233 ], [ 78.9938522, 29.3127066 ], [ 78.9928146, 29.311974 ], [ 78.9883763, 29.3138388 ], [ 78.9837367, 29.314833 ], [ 78.981843, 29.3099143 ], [ 78.9810783, 29.3092109 ], [ 78.9791351, 29.3083364 ], [ 78.9761629, 29.3085313 ], [ 78.9744524, 29.310679 ], [ 78.9715556, 29.3134743 ], [ 78.9734093, 29.3155444 ], [ 78.9737856, 29.3169318 ], [ 78.9781346, 29.3160054 ], [ 78.9788345, 29.3160187 ], [ 78.9790665, 29.316887 ], [ 78.9796509, 29.3171349 ], [ 78.9822317, 29.3161258 ], [ 78.9864887, 29.3167401 ], [ 78.9873333, 29.3175472 ], [ 78.9878924, 29.318783 ], [ 78.9890355, 29.3196171 ], [ 78.989033, 29.3199465 ], [ 78.9880811, 29.3205873 ], [ 78.9881406, 29.3211332 ], [ 78.9889515, 29.3215524 ], [ 78.990694, 29.3217276 ], [ 78.9926485, 29.3234567 ], [ 78.9935467, 29.3234564 ], [ 78.9953144, 29.3226752 ], [ 78.9967036, 29.3214453 ], [ 78.9979712, 29.3196224 ], [ 78.9994849, 29.3184413 ], [ 79.0010531, 29.3188994 ], [ 79.0037841, 29.3207593 ], [ 79.0065155, 29.3237728 ], [ 79.008227, 29.3250698 ], [ 79.0090732, 29.3251616 ], [ 79.0120233, 29.3233862 ], [ 79.01445, 29.3226236 ] ] ] } },
{ "type": "Feature", "properties": { "gp_code": "27157", "gp_name": "KILAWALI", "blkname": "JASPUR", "dtname": "Udam Singh Nagar", "SHAPE_Area": 6763555.1709366534 }, "geometry": { "type": "Polygon", "coordinates": [ [ [ 78.9737856, 29.3169318 ], [ 78.9734093, 29.3155444 ], [ 78.9715556, 29.3134743 ], [ 78.9744524, 29.310679 ], [ 78.9761629, 29.3085313 ], [ 78.9739594, 29.3068268 ], [ 78.9698929, 29.3048746 ], [ 78.9681859, 29.3020849 ], [ 78.961701, 29.3006 ], [ 78.9570428, 29.2963537 ], [ 78.9528208, 29.2993337 ], [ 78.950803, 29.2966386 ], [ 78.9485101, 29.2942548 ], [ 78.9450471, 29.2974308 ], [ 78.9427006, 29.300363 ], [ 78.9379377, 29.3017593 ], [ 78.9349089, 29.3052711 ], [ 78.9376443, 29.3056794 ], [ 78.9432232, 29.3048131 ], [ 78.9444352, 29.3048356 ], [ 78.945951, 29.305352 ], [ 78.9479275, 29.3073705 ], [ 78.9536029, 29.3148154 ], [ 78.9563933, 29.317923 ], [ 78.9737856, 29.3169318 ] ] ] } },
{ "type": "Feature", "properties": { "gp_code": "27148", "gp_name": "GARINEGI", "blkname": "KASHIPUR", "dtname": "Udam Singh Nagar", "SHAPE_Area": 12001796.590653012 }, "geometry": { "type": "Polygon", "coordinates": [ [ [ 78.9485101, 29.2942548 ], [ 78.9540828, 29.2909003 ], [ 78.9589268, 29.2870698 ], [ 78.9736968, 29.277767 ], [ 78.972014, 29.2767142 ], [ 78.9696443, 29.275781 ], [ 78.9658263, 29.2748436 ], [ 78.9642386, 29.2730846 ], [ 78.9644998, 29.2687179 ], [ 78.9639953, 29.267349 ], [ 78.9629738, 29.2664538 ], [ 78.9573373, 29.2638564 ], [ 78.9482191, 29.2682647 ], [ 78.9455672, 29.270225 ], [ 78.9440443, 29.2709446 ], [ 78.9426784, 29.2726227 ], [ 78.9351049, 29.2783089 ], [ 78.9314772, 29.2825154 ], [ 78.9291718, 29.2870443 ], [ 78.9281992, 29.2880637 ], [ 78.935066, 29.2971446 ], [ 78.9354185, 29.3005684 ], [ 78.9343865, 29.3011165 ], [ 78.9337303, 29.3028532 ], [ 78.9343016, 29.3050433 ], [ 78.9349089, 29.3052711 ], [ 78.9379377, 29.3017593 ], [ 78.9427006, 29.300363 ], [ 78.9450471, 29.2974308 ], [ 78.9485101, 29.2942548 ] ] ] } },
{ "type": "Feature", "properties": { "gp_code": "", "gp_name": "", "blkname": "JASPUR", "dtname": "Udam Singh Nagar", "SHAPE_Area": 59028477.956122689 }, "geometry": { "type": "Polygon", "coordinates": [ [ [ 78.9581877, 29.3211842 ], [ 78.9563933, 29.317923 ], [ 78.9536029, 29.3148154 ], [ 78.9479275, 29.3073705 ], [ 78.945951, 29.305352 ], [ 78.9444352, 29.3048356 ], [ 78.9432232, 29.3048131 ], [ 78.9370885, 29.3056862 ], [ 78.9343016, 29.3050433 ], [ 78.9337613, 29.3024021 ], [ 78.9343865, 29.3011165 ], [ 78.9354185, 29.3005684 ], [ 78.935066, 29.2971446 ], [ 78.9279625, 29.2877479 ], [ 78.9245744, 29.2844028 ], [ 78.9232293, 29.2807013 ], [ 78.9201017, 29.2754118 ], [ 78.9201843, 29.2746111 ], [ 78.9215299, 29.2728137 ], [ 78.9164902, 29.2739768 ], [ 78.9154276, 29.2745743 ], [ 78.9148154, 29.274502 ], [ 78.9134958, 29.2736899 ], [ 78.9127475, 29.2726048 ], [ 78.9119989, 29.2725686 ], [ 78.9077683, 29.2683297 ], [ 78.9037159, 29.2634839 ], [ 78.9040273, 29.2628457 ], [ 78.9051413, 29.2619392 ], [ 78.9070706, 29.2617976 ], [ 78.9074287, 29.2598218 ], [ 78.907812, 29.259443 ], [ 78.9059213, 29.2597628 ], [ 78.905114, 29.2589101 ], [ 78.9051708, 29.2583057 ], [ 78.9067092, 29.257203 ], [ 78.9068252, 29.2562332 ], [ 78.9044723, 29.2545839 ], [ 78.9023973, 29.252576 ], [ 78.8995583, 29.2514384 ], [ 78.8985349, 29.2507006 ], [ 78.8973696, 29.2514378 ], [ 78.8962999, 29.2504992 ], [ 78.8931517, 29.2508072 ], [ 78.894342, 29.2523368 ], [ 78.8946545, 29.2553638 ], [ 78.8974548, 29.2568939 ], [ 78.8987713, 29.2583085 ], [ 78.8995604, 29.2596687 ], [ 78.9007577, 29.2635395 ], [ 78.9005132, 29.2639477 ], [ 78.8990725, 29.2643082 ], [ 78.8980176, 29.2653206 ], [ 78.8971706, 29.2668473 ], [ 78.8958176, 29.2669011 ], [ 78.8953959, 29.2665333 ], [ 78.8949199, 29.2667249 ], [ 78.8941767, 29.2663841 ], [ 78.8935025, 29.2667063 ], [ 78.8914428, 29.2651832 ], [ 78.8909667, 29.2656251 ], [ 78.8916763, 29.2664621 ], [ 78.8889845, 29.2688543 ], [ 78.8838594, 29.2656541 ], [ 78.8823121, 29.2634498 ], [ 78.8795886, 29.2623841 ], [ 78.8742959, 29.2651109 ], [ 78.8742546, 29.2694211 ], [ 78.870473, 29.2730874 ], [ 78.8731221, 29.2764762 ], [ 78.8711522, 29.2776567 ], [ 78.8710446, 29.2783244 ], [ 78.8714232, 29.279037 ], [ 78.8723442, 29.2789915 ], [ 78.8726817, 29.2800108 ], [ 78.8726417, 29.2817543 ], [ 78.8718222, 29.284044 ], [ 78.87169, 29.2866334 ], [ 78.8749336, 29.2866737 ], [ 78.8738822, 29.2894678 ], [ 78.8753512, 29.2896061 ], [ 78.8782355, 29.2895735 ], [ 78.8841133, 29.2871401 ], [ 78.8875273, 29.2874097 ], [ 78.8877109, 29.2909397 ], [ 78.8849282, 29.2935731 ], [ 78.8818602, 29.2953402 ], [ 78.8776659, 29.30012 ], [ 78.8773284, 29.3009454 ], [ 78.8797846, 29.3030688 ], [ 78.8803936, 29.3045781 ], [ 78.8843739, 29.3058044 ], [ 78.8847818, 29.3081999 ], [ 78.8837365, 29.3091738 ], [ 78.8830694, 29.3103645 ], [ 78.8840203, 29.312785 ], [ 78.8850799, 29.3142176 ], [ 78.8887769, 29.3166978 ], [ 78.8890287, 29.3175663 ], [ 78.8913983, 29.3192317 ], [ 78.891856, 29.3199422 ], [ 78.8896344, 29.332482 ], [ 78.8940162, 29.3364485 ], [ 78.8942991, 29.3370418 ], [ 78.8943935, 29.3392207 ], [ 78.8929233, 29.3400457 ], [ 78.8925446, 29.3406027 ], [ 78.8923417, 29.3452466 ], [ 78.8928591, 29.3455445 ], [ 78.8981547, 29.3450613 ], [ 78.8997274, 29.3455601 ], [ 78.9088226, 29.3448384 ], [ 78.9131991, 29.3441242 ], [ 78.9185129, 29.3414275 ], [ 78.9231698, 29.3409702 ], [ 78.9265136, 29.341266 ], [ 78.9278575, 29.3409796 ], [ 78.9288435, 29.3402151 ], [ 78.9296931, 29.3365026 ], [ 78.9303625, 29.3355621 ], [ 78.9315414, 29.3350773 ], [ 78.9336187, 29.3349939 ], [ 78.9353562, 29.3345338 ], [ 78.9364347, 29.334006 ], [ 78.93949, 29.3314663 ], [ 78.9404836, 29.33111 ], [ 78.945011, 29.3297542 ], [ 78.9475721, 29.3294066 ], [ 78.9534449, 29.3241147 ], [ 78.9550613, 29.3244731 ], [ 78.9571018, 29.3217437 ], [ 78.9581877, 29.3211842 ] ] ] } },
{ "type": "Feature", "properties": { "gp_code": "260084", "gp_name": "Ganeshpur", "blkname": "JASPUR", "dtname": "Udam Singh Nagar", "SHAPE_Area": 2028336.6227609608 }, "geometry": { "type": "Polygon", "coordinates": [ [ [ 78.9225695, 29.2706891 ], [ 78.9206429, 29.2698318 ], [ 78.9174144, 29.2705012 ], [ 78.9165964, 29.2701312 ], [ 78.9172602, 29.2694163 ], [ 78.9171038, 29.2667074 ], [ 78.9163042, 29.2647743 ], [ 78.9163175, 29.2631053 ], [ 78.9170999, 29.2605386 ], [ 78.916025, 29.259343 ], [ 78.9143658, 29.2596405 ], [ 78.913082, 29.2610117 ], [ 78.9117367, 29.2613339 ], [ 78.9105253, 29.260869 ], [ 78.9099392, 29.2594141 ], [ 78.907812, 29.259443 ], [ 78.9074287, 29.2598218 ], [ 78.9070706, 29.2617976 ], [ 78.9051413, 29.2619392 ], [ 78.9038111, 29.2631321 ], [ 78.9037159, 29.2634839 ], [ 78.9083649, 29.26895 ], [ 78.9119989, 29.2725686 ], [ 78.9127475, 29.2726048 ], [ 78.9134958, 29.2736899 ], [ 78.9148154, 29.274502 ], [ 78.9154276, 29.2745743 ], [ 78.9164902, 29.2739768 ], [ 78.9215299, 29.2728137 ], [ 78.9226621, 29.2711064 ], [ 78.9225695, 29.2706891 ] ] ] } },
{ "type": "Feature", "properties": { "gp_code": "27141", "gp_name": "BHARATPUR", "blkname": "JASPUR", "dtname": "Udam Singh Nagar", "SHAPE_Area": 6168759.7352368264 }, "geometry": { "type": "Polygon", "coordinates": [ [ [ 78.9174144, 29.2705012 ], [ 78.9203779, 29.2698273 ], [ 78.9215817, 29.2701206 ], [ 78.9247585, 29.2676115 ], [ 78.9283836, 29.2659485 ], [ 78.9306294, 29.264036 ], [ 78.9315219, 29.2640495 ], [ 78.9335181, 29.2627437 ], [ 78.9376208, 29.2584785 ], [ 78.9373585, 29.2561914 ], [ 78.9357587, 29.2542811 ], [ 78.9303474, 29.2497032 ], [ 78.9294512, 29.2481616 ], [ 78.9289057, 29.2468219 ], [ 78.9288693, 29.2457746 ], [ 78.92823, 29.2447583 ], [ 78.9274258, 29.2437608 ], [ 78.9249038, 29.2422183 ], [ 78.9243719, 29.2425837 ], [ 78.9234987, 29.2423286 ], [ 78.9202697, 29.2449543 ], [ 78.9183728, 29.2460384 ], [ 78.9135474, 29.2475966 ], [ 78.916153, 29.2495981 ], [ 78.918267, 29.2499898 ], [ 78.9185498, 29.2504792 ], [ 78.9145266, 29.2537491 ], [ 78.9087386, 29.2571223 ], [ 78.9091654, 29.257878 ], [ 78.907812, 29.259443 ], [ 78.9099392, 29.2594141 ], [ 78.9105253, 29.260869 ], [ 78.9113971, 29.2613226 ], [ 78.913082, 29.2610117 ], [ 78.9147466, 29.2595098 ], [ 78.916025, 29.259343 ], [ 78.9167064, 29.2599273 ], [ 78.9171152, 29.2608657 ], [ 78.9163947, 29.2627015 ], [ 78.9163042, 29.2647743 ], [ 78.9171038, 29.2667074 ], [ 78.9172602, 29.2694163 ], [ 78.9165964, 29.2701312 ], [ 78.9174144, 29.2705012 ] ] ] } },
{ "type": "Feature", "properties": { "gp_code": "27139", "gp_name": "BAITWALA", "blkname": "JASPUR", "dtname": "Udam Singh Nagar", "SHAPE_Area": 8534806.6295865569 }, "geometry": { "type": "Polygon", "coordinates": [ [ [ 78.9470334, 29.2690226 ], [ 78.9573373, 29.2638564 ], [ 78.9559969, 29.2624604 ], [ 78.9555954, 29.2614703 ], [ 78.9543591, 29.2512395 ], [ 78.9536183, 29.2509486 ], [ 78.9502878, 29.2524264 ], [ 78.9490118, 29.2505048 ], [ 78.9495393, 29.2473058 ], [ 78.9491706, 29.2418591 ], [ 78.9501967, 29.2401906 ], [ 78.9506639, 29.2387179 ], [ 78.9511333, 29.2356597 ], [ 78.9488199, 29.2349716 ], [ 78.9472836, 29.235824 ], [ 78.9445302, 29.2334128 ], [ 78.9441207, 29.2334401 ], [ 78.9408112, 29.2353739 ], [ 78.9409676, 29.2363621 ], [ 78.9388591, 29.2376395 ], [ 78.93856, 29.2373833 ], [ 78.9366278, 29.2379887 ], [ 78.9369576, 29.2393021 ], [ 78.9352684, 29.2400637 ], [ 78.9340767, 29.2398215 ], [ 78.9274258, 29.2437608 ], [ 78.9288693, 29.2457746 ], [ 78.9289057, 29.2468219 ], [ 78.9303474, 29.2497032 ], [ 78.9357587, 29.2542811 ], [ 78.9373585, 29.2561914 ], [ 78.9376208, 29.2584785 ], [ 78.9335181, 29.2627437 ], [ 78.9370627, 29.2656082 ], [ 78.9395552, 29.2666615 ], [ 78.9405869, 29.2678005 ], [ 78.9415643, 29.2672253 ], [ 78.9426525, 29.2680305 ], [ 78.9428608, 29.2685335 ], [ 78.9433213, 29.2684838 ], [ 78.9432236, 29.269059 ], [ 78.9440443, 29.2709446 ], [ 78.9455672, 29.270225 ], [ 78.9470334, 29.2690226 ] ] ] } },
{ "type": "Feature", "properties": { "gp_code": "27154", "gp_name": "KARANPUR", "blkname": "JASPUR", "dtname": "Udam Singh Nagar", "SHAPE_Area": 4395624.40163799 }, "geometry": { "type": "Polygon", "coordinates": [ [ [ 78.9440443, 29.2709446 ], [ 78.9432236, 29.269059 ], [ 78.9433213, 29.2684838 ], [ 78.9428608, 29.2685335 ], [ 78.9426525, 29.2680305 ], [ 78.9415643, 29.2672253 ], [ 78.9405869, 29.2678005 ], [ 78.9395552, 29.2666615 ], [ 78.9370627, 29.2656082 ], [ 78.9333792, 29.2627437 ], [ 78.9315219, 29.2640495 ], [ 78.9306294, 29.264036 ], [ 78.9283836, 29.2659485 ], [ 78.9247585, 29.2676115 ], [ 78.9214995, 29.2701206 ], [ 78.9227187, 29.2707974 ], [ 78.9226621, 29.2711064 ], [ 78.9200195, 29.2750058 ], [ 78.9232293, 29.2807013 ], [ 78.9245744, 29.2844028 ], [ 78.9281992, 29.2880637 ], [ 78.9291718, 29.2870443 ], [ 78.9314772, 29.2825154 ], [ 78.934045, 29.2793465 ], [ 78.9369623, 29.2768023 ], [ 78.9426784, 29.2726227 ], [ 78.9440443, 29.2709446 ] ] ] } },
{ "type": "Feature", "properties": { "gp_code": "27188", "gp_name": "FIROJPUR", "blkname": "KASHIPUR", "dtname": "Udam Singh Nagar", "SHAPE_Area": 2902878.8699262748 }, "geometry": { "type": "Polygon", "coordinates": [ [ [ 78.983279, 29.258881 ], [ 78.9832221, 29.2581254 ], [ 78.9840157, 29.2554749 ], [ 78.9837787, 29.2547172 ], [ 78.9791158, 29.246498 ], [ 78.9776075, 29.2470655 ], [ 78.976781, 29.2499851 ], [ 78.9768049, 29.252067 ], [ 78.970669, 29.2546806 ], [ 78.9702857, 29.2544979 ], [ 78.9649932, 29.2575035 ], [ 78.9625292, 29.2581032 ], [ 78.9633554, 29.2597503 ], [ 78.963356, 29.2623803 ], [ 78.962742, 29.2649922 ], [ 78.961034, 29.2655925 ], [ 78.9629738, 29.2664538 ], [ 78.9639953, 29.267349 ], [ 78.9652582, 29.2671705 ], [ 78.9738068, 29.261762 ], [ 78.9755223, 29.2614029 ], [ 78.9754145, 29.2618563 ], [ 78.9757954, 29.2622374 ], [ 78.9764486, 29.2619507 ], [ 78.9788718, 29.262189 ], [ 78.9805276, 29.2605329 ], [ 78.9802594, 29.2589948 ], [ 78.9813781, 29.2586606 ], [ 78.9828187, 29.2590436 ], [ 78.983279, 29.258881 ] ] ] } },
{ "type": "Feature", "properties": { "gp_code": "27146", "gp_name": "DURGAPUR", "blkname": "JASPUR", "dtname": "Udam Singh Nagar", "SHAPE_Area": 3382946.8273593122 }, "geometry": { "type": "Polygon", "coordinates": [ [ [ 78.9703397, 29.3018679 ], [ 78.9745909, 29.2955086 ], [ 78.9739595, 29.2926375 ], [ 78.9717107, 29.2924486 ], [ 78.9702824, 29.2918671 ], [ 78.9674186, 29.2914121 ], [ 78.9647035, 29.2893445 ], [ 78.9643145, 29.287398 ], [ 78.9645141, 29.2835862 ], [ 78.9589268, 29.2870698 ], [ 78.9529225, 29.2916763 ], [ 78.9485101, 29.2942548 ], [ 78.950803, 29.2966386 ], [ 78.9528208, 29.2993337 ], [ 78.9570428, 29.2963537 ], [ 78.961701, 29.3006 ], [ 78.9681859, 29.3020849 ], [ 78.9693034, 29.3041575 ], [ 78.9703397, 29.3018679 ] ] ] } },
{ "type": "Feature", "properties": { "gp_code": "27189", "gp_name": "GOPIPURA", "blkname": "JASPUR", "dtname": "Udam Singh Nagar", "SHAPE_Area": 3646843.9273311468 }, "geometry": { "type": "Polygon", "coordinates": [ [ [ 78.9781791, 29.29244 ], [ 78.9756034, 29.2920145 ], [ 78.975337, 29.2884621 ], [ 78.9730801, 29.2871613 ], [ 78.9727942, 29.2862028 ], [ 78.9731565, 29.284872 ], [ 78.9743112, 29.2833334 ], [ 78.9752135, 29.2814363 ], [ 78.9756194, 29.2797513 ], [ 78.9749195, 29.279544 ], [ 78.9752253, 29.2787117 ], [ 78.9736968, 29.277767 ], [ 78.9645141, 29.2835862 ], [ 78.9644254, 29.2885889 ], [ 78.9651642, 29.2899286 ], [ 78.9674186, 29.2914121 ], [ 78.9702824, 29.2918671 ], [ 78.9717107, 29.2924486 ], [ 78.9735888, 29.2924255 ], [ 78.9741886, 29.293075 ], [ 78.9745909, 29.2955086 ], [ 78.9703397, 29.3018679 ], [ 78.9693034, 29.3041575 ], [ 78.9698929, 29.3048746 ], [ 78.9739594, 29.3068268 ], [ 78.9761629, 29.3085313 ], [ 78.9813572, 29.3054171 ], [ 78.98522, 29.3004243 ], [ 78.9851504, 29.3001492 ], [ 78.9835754, 29.2997618 ], [ 78.982484, 29.2989029 ], [ 78.9819536, 29.298046 ], [ 78.9819969, 29.2971482 ], [ 78.9814353, 29.2957546 ], [ 78.980218, 29.2950603 ], [ 78.9781791, 29.29244 ] ] ] } },
{ "type": "Feature", "properties": { "gp_code": "27186", "gp_name": "DHANAURI", "blkname": "KASHIPUR", "dtname": "Udam Singh Nagar", "SHAPE_Area": 3751721.3163875183 }, "geometry": { "type": "Polygon", "coordinates": [ [ [ 78.9845453, 29.2936875 ], [ 78.9933134, 29.2877002 ], [ 78.9876923, 29.2787129 ], [ 78.9878617, 29.2745969 ], [ 78.9862447, 29.2749955 ], [ 78.9859023, 29.2742919 ], [ 78.9766735, 29.2779489 ], [ 78.9736968, 29.277767 ], [ 78.9752253, 29.2787117 ], [ 78.9749195, 29.279544 ], [ 78.9756194, 29.2797513 ], [ 78.9750953, 29.2817657 ], [ 78.9731565, 29.284872 ], [ 78.9727942, 29.2862028 ], [ 78.9730801, 29.2871613 ], [ 78.975337, 29.2884621 ], [ 78.9756034, 29.2920145 ], [ 78.9781791, 29.29244 ], [ 78.980218, 29.2950603 ], [ 78.9814353, 29.2957546 ], [ 78.9817215, 29.2968348 ], [ 78.9845453, 29.2936875 ] ] ] } },
{ "type": "Feature", "properties": { "gp_code": "", "gp_name": "", "blkname": "KASHIPUR", "dtname": "Udam Singh Nagar", "SHAPE_Area": 2286439.6637410694 }, "geometry": { "type": "Polygon", "coordinates": [ [ [ 78.9953385, 29.2998543 ], [ 78.9998129, 29.2972147 ], [ 79.0012169, 29.2967065 ], [ 79.0003696, 29.2955706 ], [ 78.9965542, 29.2858492 ], [ 78.9933003, 29.2873032 ], [ 78.9933134, 29.2877002 ], [ 78.9850056, 29.2932971 ], [ 78.9817215, 29.2968348 ], [ 78.9819969, 29.2971482 ], [ 78.9820592, 29.2983459 ], [ 78.982484, 29.2989029 ], [ 78.9835754, 29.2997618 ], [ 78.9851504, 29.3001492 ], [ 78.98522, 29.3004243 ], [ 78.9859762, 29.2998692 ], [ 78.989908, 29.2997279 ], [ 78.9937571, 29.2991037 ], [ 78.994632, 29.2991305 ], [ 78.9953385, 29.2998543 ] ] ] } },
{ "type": "Feature", "properties": { "gp_code": "", "gp_name": "", "blkname": "JASPUR", "dtname": "Udam Singh Nagar", "SHAPE_Area": 3151193.0282272166 }, "geometry": { "type": "Polygon", "coordinates": [ [ [ 78.993448, 29.3124451 ], [ 78.9976027, 29.3099216 ], [ 79.0020025, 29.3077756 ], [ 78.994632, 29.2991305 ], [ 78.9857318, 29.2999415 ], [ 78.9837308, 29.3020804 ], [ 78.9813572, 29.3054171 ], [ 78.9761629, 29.3085313 ], [ 78.9791351, 29.3083364 ], [ 78.9814876, 29.309468 ], [ 78.9837367, 29.314833 ], [ 78.9840455, 29.3149456 ], [ 78.9907307, 29.3130575 ], [ 78.9928146, 29.311974 ], [ 78.993448, 29.3124451 ] ] ] } },
{ "type": "Feature", "properties": { "gp_code": "27189", "gp_name": "GOPIPURA", "blkname": "JASPUR", "dtname": "Udam Singh Nagar", "SHAPE_Area": 1788659.9299258634 }, "geometry": { "type": "Polygon", "coordinates": [ [ [ 79.0078675, 29.3080831 ], [ 79.0071267, 29.3062863 ], [ 79.0072847, 29.3049632 ], [ 79.0053873, 29.3061006 ], [ 79.0042888, 29.3075314 ], [ 79.002613, 29.3074563 ], [ 78.9976027, 29.3099216 ], [ 78.993448, 29.3124451 ], [ 78.9985317, 29.3142405 ], [ 79.0023984, 29.3177004 ], [ 79.0038797, 29.3182275 ], [ 79.0081584, 29.3183133 ], [ 79.0124157, 29.3179103 ], [ 79.0121672, 29.3167638 ], [ 79.0088695, 29.3117869 ], [ 79.0082927, 29.310201 ], [ 79.0083161, 29.3095714 ], [ 79.0087062, 29.3091702 ], [ 79.0078675, 29.3080831 ] ] ] } },
{ "type": "Feature", "properties": { "gp_code": "", "gp_name": "", "blkname": "JASPUR", "dtname": "Udam Singh Nagar", "SHAPE_Area": 4702951.1927957879 }, "geometry": { "type": "Polygon", "coordinates": [ [ [ 79.0186622, 29.3254087 ], [ 79.0267506, 29.3181698 ], [ 79.0282862, 29.3140584 ], [ 79.0225569, 29.3107285 ], [ 79.0186461, 29.3090734 ], [ 79.0156233, 29.3092487 ], [ 79.0112101, 29.303633 ], [ 79.0089007, 29.2975617 ], [ 79.0061759, 29.2985301 ], [ 79.0048486, 29.2986512 ], [ 79.0025355, 29.2976677 ], [ 79.0012169, 29.2967065 ], [ 78.9998129, 29.2972147 ], [ 78.9953385, 29.2998543 ], [ 79.0020025, 29.3077756 ], [ 79.002613, 29.3074563 ], [ 79.0042888, 29.3075314 ], [ 79.0053873, 29.3061006 ], [ 79.0072847, 29.3049632 ], [ 79.0071267, 29.3062863 ], [ 79.0078468, 29.3083737 ], [ 79.0087062, 29.3091702 ], [ 79.0083161, 29.3095714 ], [ 79.0082927, 29.310201 ], [ 79.0088695, 29.3117869 ], [ 79.0121672, 29.3167638 ], [ 79.0147969, 29.3233805 ], [ 79.0167485, 29.3246793 ], [ 79.0186622, 29.3254087 ] ] ] } },
{ "type": "Feature", "properties": { "gp_code": "260082", "gp_name": "Chandpur", "blkname": "KASHIPUR", "dtname": "Udam Singh Nagar", "SHAPE_Area": 5943383.4507471407 }, "geometry": { "type": "Polygon", "coordinates": [ [ [ 79.0089007, 29.2975617 ], [ 79.0112415, 29.2974705 ], [ 79.013714, 29.2945595 ], [ 79.0153831, 29.2931759 ], [ 79.0124958, 29.290283 ], [ 79.0124631, 29.2897498 ], [ 79.0165975, 29.2852363 ], [ 79.0185807, 29.2836817 ], [ 79.0222493, 29.2821049 ], [ 79.022144, 29.279116 ], [ 79.0225134, 29.2755 ], [ 79.0186566, 29.2764336 ], [ 79.0183975, 29.2760378 ], [ 79.0177793, 29.2760505 ], [ 79.0149348, 29.2769037 ], [ 79.0124426, 29.2770527 ], [ 79.0090131, 29.2737626 ], [ 79.0000575, 29.2778285 ], [ 78.9993308, 29.2777503 ], [ 78.9969104, 29.2790962 ], [ 78.9957451, 29.2793132 ], [ 78.9951254, 29.2798323 ], [ 78.9952979, 29.280193 ], [ 78.9936523, 29.2816802 ], [ 78.9951681, 29.2826471 ], [ 78.9954617, 29.2831838 ], [ 79.0003696, 29.2955706 ], [ 79.0016187, 29.2971452 ], [ 79.0048486, 29.2986512 ], [ 79.0061759, 29.2985301 ], [ 79.0089007, 29.2975617 ] ] ] } },
{ "type": "Feature", "properties": { "gp_code": "27186", "gp_name": "DHANAURI", "blkname": "KASHIPUR", "dtname": "Udam Singh Nagar", "SHAPE_Area": 3489644.6148146419 }, "geometry": { "type": "Polygon", "coordinates": [ [ [ 79.0124426, 29.2770527 ], [ 79.0149348, 29.2769037 ], [ 79.0177793, 29.2760505 ], [ 79.0183975, 29.2760378 ], [ 79.0186566, 29.2764336 ], [ 79.0225134, 29.2755 ], [ 79.0204518, 29.2720749 ], [ 79.0193104, 29.2684047 ], [ 79.0180472, 29.2659165 ], [ 79.0164531, 29.266186 ], [ 79.0163263, 29.2656431 ], [ 79.0129188, 29.2631581 ], [ 79.0148163, 29.2612313 ], [ 79.0140443, 29.2594031 ], [ 79.0127078, 29.2579164 ], [ 79.0129091, 29.2573262 ], [ 79.0120036, 29.2558094 ], [ 79.0095123, 29.2558926 ], [ 79.0070726, 29.2565182 ], [ 79.0001237, 29.2601221 ], [ 79.0001956, 29.2615293 ], [ 79.0021256, 29.2637254 ], [ 79.0028713, 29.264157 ], [ 79.0042798, 29.266005 ], [ 79.0048054, 29.2672263 ], [ 79.006166, 29.2690056 ], [ 79.0066517, 29.2703251 ], [ 79.0090131, 29.2737626 ], [ 79.0124426, 29.2770527 ] ] ] } },
{ "type": "Feature", "properties": { "gp_code": "293900", "gp_name": "GARHI INDRAJIT", "blkname": "KASHIPUR", "dtname": "Udam Singh Nagar", "SHAPE_Area": 12031597.660239484 }, "geometry": { "type": "Polygon", "coordinates": [ [ [ 78.9969104, 29.2790962 ], [ 78.9993308, 29.2777503 ], [ 79.0000575, 29.2778285 ], [ 79.0090131, 29.2737626 ], [ 79.0066517, 29.2703251 ], [ 79.006166, 29.2690056 ], [ 79.0048054, 29.2672263 ], [ 79.0042798, 29.266005 ], [ 79.0028713, 29.264157 ], [ 79.0021256, 29.2637254 ], [ 79.0001956, 29.2615293 ], [ 79.0002148, 29.2604348 ], [ 78.9994057, 29.2586063 ], [ 78.9964148, 29.2539994 ], [ 78.9951865, 29.2515234 ], [ 78.9932028, 29.2502138 ], [ 78.9923335, 29.2501916 ], [ 78.9905643, 29.2507878 ], [ 78.9886352, 29.2505968 ], [ 78.98783, 29.250043 ], [ 78.9856195, 29.2478454 ], [ 78.9831672, 29.2460351 ], [ 78.9817952, 29.2407566 ], [ 78.9793618, 29.24287 ], [ 78.9791158, 29.246498 ], [ 78.9837787, 29.2547172 ], [ 78.9840157, 29.2554749 ], [ 78.9832221, 29.2581254 ], [ 78.983279, 29.258881 ], [ 78.9828187, 29.2590436 ], [ 78.9813781, 29.2586606 ], [ 78.9802594, 29.2589948 ], [ 78.9805276, 29.2605329 ], [ 78.9788718, 29.262189 ], [ 78.9764486, 29.2619507 ], [ 78.9757954, 29.2622374 ], [ 78.9754145, 29.2618563 ], [ 78.9755223, 29.2614029 ], [ 78.9738068, 29.261762 ], [ 78.9668658, 29.2663154 ], [ 78.9652582, 29.2671705 ], [ 78.9639953, 29.267349 ], [ 78.9644998, 29.2687179 ], [ 78.964303, 29.2733079 ], [ 78.9662098, 29.2751119 ], [ 78.9696443, 29.275781 ], [ 78.972014, 29.2767142 ], [ 78.9736968, 29.277767 ], [ 78.975135, 29.2779133 ], [ 78.9766735, 29.2779489 ], [ 78.9859023, 29.2742919 ], [ 78.9862447, 29.2749955 ], [ 78.9878617, 29.2745969 ], [ 78.9876923, 29.2787129 ], [ 78.9931461, 29.2874566 ], [ 78.9965542, 29.2858492 ], [ 78.9951681, 29.2826471 ], [ 78.9936523, 29.2816802 ], [ 78.9952979, 29.280193 ], [ 78.9951254, 29.2798323 ], [ 78.9957451, 29.2793132 ], [ 78.9969104, 29.2790962 ] ] ] } },
{ "type": "Feature", "properties": { "gp_code": "27201", "gp_name": "LAXMIPUR LACHHI", "blkname": "KASHIPUR", "dtname": "Udam Singh Nagar", "SHAPE_Area": 3086152.6383528686 }, "geometry": { "type": "Polygon", "coordinates": [ [ [ 79.0120036, 29.2558094 ], [ 79.0137353, 29.2524023 ], [ 79.0112533, 29.251403 ], [ 79.0112739, 29.2510187 ], [ 79.0121167, 29.2508854 ], [ 79.0121199, 29.2504857 ], [ 79.0129237, 29.2508289 ], [ 79.0134914, 29.2503303 ], [ 79.0138371, 29.2482249 ], [ 79.0133318, 29.2471819 ], [ 79.0133342, 29.2452292 ], [ 79.0128769, 29.2447758 ], [ 79.0074533, 29.2445228 ], [ 79.0069813, 29.2442657 ], [ 79.0065792, 29.2454276 ], [ 79.0028291, 29.2436554 ], [ 79.0017906, 29.2426595 ], [ 78.9973521, 29.2460002 ], [ 78.9981182, 29.2468625 ], [ 78.9929948, 29.2491313 ], [ 78.9951865, 29.2515234 ], [ 79.0001237, 29.2601221 ], [ 79.0070726, 29.2565182 ], [ 79.0095123, 29.2558926 ], [ 79.0120036, 29.2558094 ] ] ] } },
{ "type": "Feature", "properties": { "gp_code": "260398", "gp_name": "PRATAPPUR", "blkname": "KASHIPUR", "dtname": "Udam Singh Nagar", "SHAPE_Area": 4656277.6192238871 }, "geometry": { "type": "Polygon", "coordinates": [ [ [ 79.0278195, 29.268231 ], [ 79.0299979, 29.2652074 ], [ 79.032283, 29.2638481 ], [ 79.0347185, 29.2632489 ], [ 79.0345768, 29.2616687 ], [ 79.0340073, 29.2612591 ], [ 79.032716, 29.2612193 ], [ 79.0312946, 29.2606656 ], [ 79.0298807, 29.2607319 ], [ 79.030257, 29.2593445 ], [ 79.0300447, 29.2584455 ], [ 79.0295948, 29.2583252 ], [ 79.0295603, 29.2572882 ], [ 79.0285842, 29.2590031 ], [ 79.0270296, 29.259913 ], [ 79.0257148, 29.2597554 ], [ 79.0245339, 29.2588503 ], [ 79.0231946, 29.2587139 ], [ 79.0215581, 29.2576566 ], [ 79.0205585, 29.2553952 ], [ 79.0243713, 29.2518012 ], [ 79.0241383, 29.2507417 ], [ 79.0237961, 29.2504221 ], [ 79.0204526, 29.2495968 ], [ 79.0195316, 29.2484087 ], [ 79.0174875, 29.247734 ], [ 79.0164145, 29.2470179 ], [ 79.016298, 29.2447113 ], [ 79.0154317, 29.2434407 ], [ 79.0147661, 29.2406696 ], [ 79.013924, 29.2397538 ], [ 79.0129937, 29.2397481 ], [ 79.012406, 29.2390587 ], [ 79.0117003, 29.2396338 ], [ 79.0108786, 29.2395341 ], [ 79.0103574, 29.2387288 ], [ 79.0090975, 29.2398303 ], [ 79.0069813, 29.2442657 ], [ 79.0074533, 29.2445228 ], [ 79.0128769, 29.2447758 ], [ 79.0133342, 29.2452292 ], [ 79.0133318, 29.2471819 ], [ 79.0138371, 29.2482249 ], [ 79.0134914, 29.2503303 ], [ 79.0129237, 29.2508289 ], [ 79.0121199, 29.2504857 ], [ 79.0121167, 29.2508854 ], [ 79.0112548, 29.2512185 ], [ 79.0117237, 29.2517902 ], [ 79.0137353, 29.2524023 ], [ 79.0120036, 29.2558094 ], [ 79.0129091, 29.2573262 ], [ 79.0127078, 29.2579164 ], [ 79.0140443, 29.2594031 ], [ 79.0148163, 29.2612313 ], [ 79.0129188, 29.2631581 ], [ 79.0163263, 29.2656431 ], [ 79.0164531, 29.266186 ], [ 79.0180472, 29.2659165 ], [ 79.0193104, 29.2684047 ], [ 79.0204518, 29.2720749 ], [ 79.0225134, 29.2755 ], [ 79.027187, 29.2702141 ], [ 79.0278195, 29.268231 ] ] ] } },
{ "type": "Feature", "properties": { "gp_code": "27198", "gp_name": "KHARMASA", "blkname": "KASHIPUR", "dtname": "Udam Singh Nagar", "SHAPE_Area": 3170124.5953737977 }, "geometry": { "type": "Polygon", "coordinates": [ [ [ 79.041772, 29.254175 ], [ 79.0406297, 29.2527148 ], [ 79.0390501, 29.2520149 ], [ 79.0387954, 29.2506159 ], [ 79.0392281, 29.2478603 ], [ 79.0352036, 29.2484528 ], [ 79.0204526, 29.2495968 ], [ 79.0237961, 29.2504221 ], [ 79.0243713, 29.2518012 ], [ 79.0205585, 29.2553952 ], [ 79.0215581, 29.2576566 ], [ 79.0231946, 29.2587139 ], [ 79.0245339, 29.2588503 ], [ 79.0257148, 29.2597554 ], [ 79.0270296, 29.259913 ], [ 79.0285842, 29.2590031 ], [ 79.0295603, 29.2572882 ], [ 79.0295948, 29.2583252 ], [ 79.0300447, 29.2584455 ], [ 79.030257, 29.2593445 ], [ 79.0298807, 29.2607319 ], [ 79.0312946, 29.2606656 ], [ 79.032716, 29.2612193 ], [ 79.0340073, 29.2612591 ], [ 79.0345768, 29.2616687 ], [ 79.0347185, 29.2632489 ], [ 79.0351406, 29.2634117 ], [ 79.0379138, 29.2630832 ], [ 79.0404939, 29.2639638 ], [ 79.0402757, 29.263476 ], [ 79.0390857, 29.262712 ], [ 79.0412276, 29.2607799 ], [ 79.0418063, 29.2593125 ], [ 79.0415044, 29.2576776 ], [ 79.041772, 29.254175 ] ] ] } },
{ "type": "Feature", "properties": { "gp_code": "27189", "gp_name": "GOPIPURA", "blkname": "KASHIPUR", "dtname": "Udam Singh Nagar", "SHAPE_Area": 2643603.1862774389 }, "geometry": { "type": "Polygon", "coordinates": [ [ [ 79.0284976, 29.313155 ], [ 79.0229518, 29.3085504 ], [ 79.0295351, 29.3053922 ], [ 79.0171976, 29.2954644 ], [ 79.0157347, 29.2941149 ], [ 79.0153831, 29.2931759 ], [ 79.013714, 29.2945595 ], [ 79.0112415, 29.2974705 ], [ 79.0089007, 29.2975617 ], [ 79.0112101, 29.303633 ], [ 79.0156233, 29.3092487 ], [ 79.0186461, 29.3090734 ], [ 79.0225569, 29.3107285 ], [ 79.0282862, 29.3140584 ], [ 79.0284976, 29.313155 ] ] ] } },
{ "type": "Feature", "properties": { "gp_code": "", "gp_name": "", "blkname": "KASHIPUR", "dtname": "Udam Singh Nagar", "SHAPE_Area": 988272.0041524265 }, "geometry": { "type": "Polygon", "coordinates": [ [ [ 79.0514172, 29.2617666 ], [ 79.0508433, 29.2592556 ], [ 79.0493821, 29.2557771 ], [ 79.0484794, 29.2562017 ], [ 79.0466277, 29.25502 ], [ 79.0457637, 29.255145 ], [ 79.0458036, 29.2534661 ], [ 79.0449643, 29.2503984 ], [ 79.045143, 29.2499619 ], [ 79.0460878, 29.2498375 ], [ 79.0460572, 29.2494382 ], [ 79.0424975, 29.2476935 ], [ 79.0392281, 29.2478603 ], [ 79.0387954, 29.2506159 ], [ 79.0390501, 29.2520149 ], [ 79.0406297, 29.2527148 ], [ 79.041772, 29.254175 ], [ 79.0437088, 29.255625 ], [ 79.0433301, 29.2567692 ], [ 79.0438022, 29.2578968 ], [ 79.0466352, 29.259071 ], [ 79.0472848, 29.2603645 ], [ 79.0494619, 29.2616605 ], [ 79.0514172, 29.2617666 ] ] ] } },
{ "type": "Feature", "properties": { "gp_code": "27193", "gp_name": "JUDKA", "blkname": "KASHIPUR", "dtname": "Udam Singh Nagar", "SHAPE_Area": 3169780.4526184974 }, "geometry": { "type": "Polygon", "coordinates": [ [ [ 79.060008, 29.2634072 ], [ 79.0580777, 29.256268 ], [ 79.0577016, 29.2539997 ], [ 79.0565048, 29.2512276 ], [ 79.0512885, 29.2482232 ], [ 79.0513529, 29.2478458 ], [ 79.0499309, 29.2454588 ], [ 79.0504353, 29.2445123 ], [ 79.052329, 29.24357 ], [ 79.054139, 29.2445161 ], [ 79.0550152, 29.2435678 ], [ 79.0542617, 29.2428977 ], [ 79.0538622, 29.2419903 ], [ 79.0539139, 29.2403979 ], [ 79.0536305, 29.2396379 ], [ 79.0528568, 29.2389137 ], [ 79.051671, 29.238457 ], [ 79.0499702, 29.238321 ], [ 79.0479054, 29.2401798 ], [ 79.0468403, 29.2393198 ], [ 79.0465166, 29.2416192 ], [ 79.0458813, 29.2426993 ], [ 79.0446485, 29.2438369 ], [ 79.0361985, 29.2476883 ], [ 79.0352036, 29.2484528 ], [ 79.0424975, 29.2476935 ], [ 79.0460572, 29.2494382 ], [ 79.0460878, 29.2498375 ], [ 79.045143, 29.2499619 ], [ 79.0449643, 29.2503984 ], [ 79.0458036, 29.2534661 ], [ 79.0457637, 29.255145 ], [ 79.0466277, 29.25502 ], [ 79.0484794, 29.2562017 ], [ 79.0493821, 29.2557771 ], [ 79.0508433, 29.2592556 ], [ 79.0514172, 29.2617666 ], [ 79.0531785, 29.2610476 ], [ 79.0548986, 29.2616925 ], [ 79.0565114, 29.2642951 ], [ 79.0584307, 29.2660916 ], [ 79.060008, 29.2634072 ] ] ] } },
{ "type": "Feature", "properties": { "gp_code": "", "gp_name": "", "blkname": "KASHIPUR", "dtname": "Udam Singh Nagar", "SHAPE_Area": 3909120.9253504733 }, "geometry": { "type": "Polygon", "coordinates": [ [ [ 79.0726112, 29.2481879 ], [ 79.0717988, 29.2467656 ], [ 79.072363, 29.2453657 ], [ 79.0690143, 29.245386 ], [ 79.066326, 29.244726 ], [ 79.0663333, 29.2437502 ], [ 79.0658607, 29.2426141 ], [ 79.0623569, 29.2428455 ], [ 79.060208, 29.2426645 ], [ 79.0567174, 29.2435681 ], [ 79.0550152, 29.2435678 ], [ 79.054139, 29.2445161 ], [ 79.052329, 29.24357 ], [ 79.0510536, 29.2441021 ], [ 79.0500414, 29.2450676 ], [ 79.0499309, 29.2454588 ], [ 79.0513529, 29.2478458 ], [ 79.0512885, 29.2482232 ], [ 79.0565048, 29.2512276 ], [ 79.0577016, 29.2539997 ], [ 79.0580777, 29.256268 ], [ 79.0599671, 29.2625933 ], [ 79.0597796, 29.2640857 ], [ 79.0584307, 29.2660916 ], [ 79.0589318, 29.2670403 ], [ 79.059046, 29.2682163 ], [ 79.059604, 29.26876 ], [ 79.0609558, 29.2692542 ], [ 79.0658497, 29.2595785 ], [ 79.0665714, 29.2588514 ], [ 79.06842, 29.2582029 ], [ 79.0686947, 29.2575865 ], [ 79.0679424, 29.2553572 ], [ 79.0679498, 29.2543787 ], [ 79.0690837, 29.2535355 ], [ 79.0702973, 29.2510717 ], [ 79.072445, 29.2493436 ], [ 79.0726112, 29.2481879 ] ] ] } },
{ "type": "Feature", "properties": { "gp_code": "27193", "gp_name": "JUDKA", "blkname": "KASHIPUR", "dtname": "Udam Singh Nagar", "SHAPE_Area": 3202726.8432207927 }, "geometry": { "type": "Polygon", "coordinates": [ [ [ 79.0864224, 29.2730308 ], [ 79.0829442, 29.2726644 ], [ 79.0798135, 29.2719178 ], [ 79.07901, 29.2691444 ], [ 79.0774493, 29.2677987 ], [ 79.0766586, 29.2664438 ], [ 79.0747409, 29.2619043 ], [ 79.0744404, 29.2605112 ], [ 79.0734123, 29.2597143 ], [ 79.0722953, 29.2593531 ], [ 79.0723015, 29.2585212 ], [ 79.0741569, 29.2578635 ], [ 79.0759861, 29.2565509 ], [ 79.0739137, 29.2529789 ], [ 79.0740105, 29.252502 ], [ 79.0758597, 29.2505757 ], [ 79.0759577, 29.2499488 ], [ 79.0743141, 29.2494055 ], [ 79.0726112, 29.2481879 ], [ 79.072445, 29.2493436 ], [ 79.0702973, 29.2510717 ], [ 79.0690837, 29.2535355 ], [ 79.0679498, 29.2543787 ], [ 79.0679424, 29.2553572 ], [ 79.0686947, 29.2575865 ], [ 79.06842, 29.2582029 ], [ 79.0665714, 29.2588514 ], [ 79.0658497, 29.2595785 ], [ 79.0609558, 29.2692542 ], [ 79.0630458, 29.2698744 ], [ 79.064389, 29.2715034 ], [ 79.0653858, 29.2710769 ], [ 79.0658247, 29.2700662 ], [ 79.0665805, 29.269922 ], [ 79.0687529, 29.26984 ], [ 79.0712632, 29.270865 ], [ 79.0729439, 29.2710969 ], [ 79.0761658, 29.2709091 ], [ 79.0767491, 29.2715314 ], [ 79.0768268, 29.2732456 ], [ 79.0779946, 29.2743472 ], [ 79.0798879, 29.275199 ], [ 79.0805115, 29.275282 ], [ 79.0835253, 29.2738711 ], [ 79.0864224, 29.2730308 ] ] ] } },
{ "type": "Feature", "properties": { "gp_code": "", "gp_name": "", "blkname": "KASHIPUR", "dtname": "Udam Singh Nagar", "SHAPE_Area": 823883.76685663185 }, "geometry": { "type": "Polygon", "coordinates": [ [ [ 79.0901653, 29.2737321 ], [ 79.0888508, 29.2727174 ], [ 79.0872958, 29.2727085 ], [ 79.0835253, 29.2738711 ], [ 79.0805115, 29.275282 ], [ 79.0798879, 29.275199 ], [ 79.0779946, 29.2743472 ], [ 79.0768268, 29.2732456 ], [ 79.0767491, 29.2715314 ], [ 79.0761658, 29.2709091 ], [ 79.0729439, 29.2710969 ], [ 79.0694316, 29.2702334 ], [ 79.0708187, 29.2716623 ], [ 79.072545, 29.2725234 ], [ 79.0737681, 29.2737599 ], [ 79.0747556, 29.2755894 ], [ 79.0748589, 29.2772247 ], [ 79.0759321, 29.2779063 ], [ 79.081645, 29.2771285 ], [ 79.0903718, 29.2749896 ], [ 79.0901653, 29.2737321 ] ] ] } },
{ "type": "Feature", "properties": { "gp_code": "27066", "gp_name": "GOVRA", "blkname": "KASHIPUR", "dtname": "Udam Singh Nagar", "SHAPE_Area": 14630511.71451816 }, "geometry": { "type": "Polygon", "coordinates": [ [ [ 79.127424, 29.2695555 ], [ 79.1249732, 29.2689011 ], [ 79.1255378, 29.2682506 ], [ 79.1249663, 29.2668222 ], [ 79.1250992, 29.2663074 ], [ 79.1268171, 29.265009 ], [ 79.1292544, 29.2645255 ], [ 79.1271883, 29.2622634 ], [ 79.127017, 29.2610994 ], [ 79.1253658, 29.261103 ], [ 79.1242773, 29.2607073 ], [ 79.123736, 29.2601007 ], [ 79.1245613, 29.259137 ], [ 79.126125, 29.2593089 ], [ 79.1269469, 29.2588229 ], [ 79.1272625, 29.2576248 ], [ 79.1269639, 29.255272 ], [ 79.1275973, 29.2548563 ], [ 79.1294202, 29.2546515 ], [ 79.130288, 29.2541043 ], [ 79.1312373, 29.2527765 ], [ 79.1298695, 29.2513579 ], [ 79.1291588, 29.2516179 ], [ 79.1285712, 29.2508047 ], [ 79.1260602, 29.2502708 ], [ 79.1247131, 29.2488503 ], [ 79.1251706, 29.2463186 ], [ 79.1250249, 29.2447201 ], [ 79.1257641, 29.2427102 ], [ 79.1263009, 29.2422724 ], [ 79.1280593, 29.242282 ], [ 79.1284386, 29.2419259 ], [ 79.128258, 29.2408231 ], [ 79.1267573, 29.2399059 ], [ 79.1234993, 29.2388414 ], [ 79.1204054, 29.236786 ], [ 79.1192215, 29.2354848 ], [ 79.1172798, 29.2317535 ], [ 79.1172462, 29.2306239 ], [ 79.1126802, 29.235456 ], [ 79.1091315, 29.2384947 ], [ 79.1082088, 29.2388057 ], [ 79.107704, 29.2377235 ], [ 79.1038091, 29.2347515 ], [ 79.0999613, 29.2327363 ], [ 79.0964586, 29.2342586 ], [ 79.0949389, 29.2353809 ], [ 79.0928388, 29.2376048 ], [ 79.0862278, 29.2424658 ], [ 79.0853109, 29.2428415 ], [ 79.0851178, 29.2431763 ], [ 79.0869437, 29.2445417 ], [ 79.0872187, 29.2452918 ], [ 79.0873511, 29.2468036 ], [ 79.0880611, 29.2478466 ], [ 79.0884564, 29.2520153 ], [ 79.0902457, 29.2575298 ], [ 79.0894591, 29.2587314 ], [ 79.0897469, 29.2594233 ], [ 79.0885912, 29.2611219 ], [ 79.0883504, 29.2624379 ], [ 79.0887033, 29.2635545 ], [ 79.0894789, 29.2641542 ], [ 79.0896418, 29.2655738 ], [ 79.0908103, 29.2657957 ], [ 79.0901673, 29.2677703 ], [ 79.0907495, 29.2707498 ], [ 79.0916466, 29.2681474 ], [ 79.0959431, 29.2630108 ], [ 79.0934052, 29.2594029 ], [ 79.1001543, 29.2579007 ], [ 79.1064335, 29.2553553 ], [ 79.1079518, 29.2551882 ], [ 79.1090279, 29.2554508 ], [ 79.1112866, 29.2583275 ], [ 79.113033, 29.2607014 ], [ 79.1147637, 29.2642236 ], [ 79.1200266, 29.2692107 ], [ 79.1275883, 29.2731947 ], [ 79.1282247, 29.2720738 ], [ 79.128217, 29.2711311 ], [ 79.127424, 29.2695555 ] ] ] } },
{ "type": "Feature", "properties": { "gp_code": "27053", "gp_name": "BAIT KHEDI", "blkname": "BAJPUR", "dtname": "Udam Singh Nagar", "SHAPE_Area": 5875205.24620263 }, "geometry": { "type": "Polygon", "coordinates": [ [ [ 79.1512521, 29.2695193 ], [ 79.1544573, 29.2673468 ], [ 79.153876, 29.2661223 ], [ 79.1530122, 29.2664573 ], [ 79.1511407, 29.2640141 ], [ 79.1478203, 29.2624499 ], [ 79.1473142, 29.2598378 ], [ 79.1477823, 29.2585829 ], [ 79.1456023, 29.2571943 ], [ 79.1451715, 29.257192 ], [ 79.1450313, 29.2567134 ], [ 79.1445855, 29.2568116 ], [ 79.1440581, 29.2562555 ], [ 79.1436553, 29.2563665 ], [ 79.1414744, 29.2551163 ], [ 79.1364053, 29.2531652 ], [ 79.1356231, 29.2531295 ], [ 79.126125, 29.2593089 ], [ 79.1245613, 29.259137 ], [ 79.123736, 29.2601007 ], [ 79.1242773, 29.2607073 ], [ 79.1253658, 29.261103 ], [ 79.127017, 29.2610994 ], [ 79.1271883, 29.2622634 ], [ 79.1292544, 29.2645255 ], [ 79.1268171, 29.265009 ], [ 79.1250992, 29.2663074 ], [ 79.1249663, 29.2668222 ], [ 79.1255378, 29.2682506 ], [ 79.1249732, 29.2689011 ], [ 79.127424, 29.2695555 ], [ 79.127922, 29.2701993 ], [ 79.1282247, 29.2720738 ], [ 79.1275883, 29.2731947 ], [ 79.1308453, 29.274524 ], [ 79.1343511, 29.2752562 ], [ 79.1379254, 29.2744832 ], [ 79.1440852, 29.2724078 ], [ 79.147247, 29.2716801 ], [ 79.1512521, 29.2695193 ] ] ] } },
{ "type": "Feature", "properties": { "gp_code": "27057", "gp_name": "BARHAINI", "blkname": "BAJPUR", "dtname": "Udam Singh Nagar", "SHAPE_Area": 5844722.3632012689 }, "geometry": { "type": "Polygon", "coordinates": [ [ [ 79.2288619, 29.2122159 ], [ 79.234327, 29.2117462 ], [ 79.2346438, 29.2112794 ], [ 79.2288937, 29.2071142 ], [ 79.2262093, 29.204677 ], [ 79.2206644, 29.1979284 ], [ 79.2184035, 29.1980827 ], [ 79.2161387, 29.198843 ], [ 79.2131552, 29.1990763 ], [ 79.2065372, 29.2024387 ], [ 79.1996913, 29.2042586 ], [ 79.1999379, 29.2085989 ], [ 79.2009028, 29.212316 ], [ 79.2045263, 29.2181413 ], [ 79.210515, 29.2143968 ], [ 79.2116456, 29.2143197 ], [ 79.216999, 29.2116847 ], [ 79.2215393, 29.2185029 ], [ 79.2252275, 29.2160965 ], [ 79.2288619, 29.2122159 ] ] ] } },
{ "type": "Feature", "properties": { "gp_code": "260047", "gp_name": "Chanakpur", "blkname": "BAJPUR", "dtname": "Udam Singh Nagar", "SHAPE_Area": 4166446.3985789642 }, "geometry": { "type": "Polygon", "coordinates": [ [ [ 79.2215393, 29.2185029 ], [ 79.216999, 29.2116847 ], [ 79.2116456, 29.2143197 ], [ 79.210515, 29.2143968 ], [ 79.2045263, 29.2181413 ], [ 79.2009028, 29.212316 ], [ 79.1999379, 29.2085989 ], [ 79.1997651, 29.2018549 ], [ 79.1951099, 29.2076105 ], [ 79.1901622, 29.2101566 ], [ 79.18987, 29.2108144 ], [ 79.1939006, 29.2121922 ], [ 79.1975938, 29.2160566 ], [ 79.1979054, 29.2170027 ], [ 79.1999358, 29.218479 ], [ 79.2010657, 29.219717 ], [ 79.2016086, 29.2229471 ], [ 79.2035765, 29.2261942 ], [ 79.2044989, 29.22941 ], [ 79.2055397, 29.2314214 ], [ 79.2124483, 29.2263041 ], [ 79.2142812, 29.2244123 ], [ 79.2215393, 29.2185029 ] ] ] } },
{ "type": "Feature", "properties": { "gp_code": "262928", "gp_name": "HAJEERA", "blkname": "BAJPUR", "dtname": "Udam Singh Nagar", "SHAPE_Area": 7545400.3959152568 }, "geometry": { "type": "Polygon", "coordinates": [ [ [ 79.2065372, 29.2024387 ], [ 79.2131552, 29.1990763 ], [ 79.2161387, 29.198843 ], [ 79.2184035, 29.1980827 ], [ 79.2201939, 29.197882 ], [ 79.2197895, 29.1973015 ], [ 79.2185994, 29.1968825 ], [ 79.218132, 29.1963292 ], [ 79.2171182, 29.1928531 ], [ 79.2154367, 29.1907512 ], [ 79.216564, 29.1881369 ], [ 79.2163498, 29.187268 ], [ 79.2149837, 29.1861524 ], [ 79.2150027, 29.1831632 ], [ 79.2111676, 29.1816498 ], [ 79.2103008, 29.1797652 ], [ 79.2086004, 29.1794194 ], [ 79.2057028, 29.1773318 ], [ 79.2059005, 29.1759528 ], [ 79.2033589, 29.174572 ], [ 79.2040065, 29.1763592 ], [ 79.2033728, 29.177047 ], [ 79.1967557, 29.1765159 ], [ 79.1902567, 29.1767613 ], [ 79.1840661, 29.183672 ], [ 79.1883241, 29.1878148 ], [ 79.1980047, 29.1940599 ], [ 79.1996549, 29.1961991 ], [ 79.2047219, 29.200168 ], [ 79.2065372, 29.2024387 ] ] ] } },
{ "type": "Feature", "properties": { "gp_code": "27069", "gp_name": "HARIPURA", "blkname": "BAJPUR", "dtname": "Udam Singh Nagar", "SHAPE_Area": 6019650.5691189039 }, "geometry": { "type": "Polygon", "coordinates": [ [ [ 79.2434427, 29.1995304 ], [ 79.2419133, 29.1981044 ], [ 79.2418004, 29.1960377 ], [ 79.2410867, 29.194712 ], [ 79.2397462, 29.193218 ], [ 79.2326882, 29.1874873 ], [ 79.2320965, 29.1867407 ], [ 79.2318234, 29.1852241 ], [ 79.2310157, 29.1838979 ], [ 79.2276336, 29.1826971 ], [ 79.2253603, 29.1798485 ], [ 79.2239729, 29.1808887 ], [ 79.225494, 29.1835683 ], [ 79.2254843, 29.1851111 ], [ 79.2246285, 29.1864568 ], [ 79.2220128, 29.1881522 ], [ 79.2154367, 29.1907512 ], [ 79.2171182, 29.1928531 ], [ 79.2178232, 29.1955288 ], [ 79.2185994, 29.1968825 ], [ 79.2206644, 29.1979284 ], [ 79.2262093, 29.204677 ], [ 79.2288937, 29.2071142 ], [ 79.2346438, 29.2112794 ], [ 79.2405211, 29.2050263 ], [ 79.2434427, 29.1995304 ] ] ] } },
{ "type": "Feature", "properties": { "gp_code": "", "gp_name": "", "blkname": "BAJPUR", "dtname": "Udam Singh Nagar", "SHAPE_Area": 59266820.11194931 }, "geometry": { "type": "Polygon", "coordinates": [ [ [ 79.1578984, 29.2663918 ], [ 79.1604956, 29.2644814 ], [ 79.1620999, 29.2637673 ], [ 79.1683334, 29.2618463 ], [ 79.2201607, 29.2479618 ], [ 79.2516491, 29.241811 ], [ 79.2594608, 29.2422227 ], [ 79.2650561, 29.241478 ], [ 79.2710669, 29.2400138 ], [ 79.2771488, 29.2395566 ], [ 79.2799878, 29.2369832 ], [ 79.2870329, 29.2295569 ], [ 79.2950749, 29.2225732 ], [ 79.2929593, 29.2186705 ], [ 79.2859196, 29.2036574 ], [ 79.2840345, 29.2008921 ], [ 79.2792519, 29.1951107 ], [ 79.2765582, 29.1894743 ], [ 79.2754357, 29.187992 ], [ 79.2733442, 29.1865787 ], [ 79.2709333, 29.1841695 ], [ 79.2706417, 29.1827933 ], [ 79.2706145, 29.1789324 ], [ 79.2697804, 29.1762523 ], [ 79.2709054, 29.1752751 ], [ 79.2738153, 29.1751539 ], [ 79.2747578, 29.17433 ], [ 79.274797, 29.173163 ], [ 79.2714796, 29.1704758 ], [ 79.2734939, 29.1696003 ], [ 79.2745034, 29.1679377 ], [ 79.2730861, 29.1650232 ], [ 79.272161, 29.164042 ], [ 79.2716949, 29.1652486 ], [ 79.2689504, 29.1688643 ], [ 79.2681366, 29.1710238 ], [ 79.2666492, 29.1723807 ], [ 79.2652235, 29.1731883 ], [ 79.2624077, 29.1760651 ], [ 79.2610529, 29.1768924 ], [ 79.2584112, 29.179754 ], [ 79.2580415, 29.1810538 ], [ 79.2584311, 29.1819154 ], [ 79.2602648, 29.1832943 ], [ 79.2615225, 29.1837448 ], [ 79.2626453, 29.1854629 ], [ 79.263274, 29.1858968 ], [ 79.2632698, 29.1865986 ], [ 79.2625528, 29.1869096 ], [ 79.2607569, 29.1887807 ], [ 79.2518535, 29.1915034 ], [ 79.2484835, 29.1921124 ], [ 79.2463123, 29.1932821 ], [ 79.2449576, 29.1955225 ], [ 79.2439838, 29.1986238 ], [ 79.2405211, 29.2050263 ], [ 79.234327, 29.2117462 ], [ 79.2288619, 29.2122159 ], [ 79.2252275, 29.2160965 ], [ 79.2215393, 29.2185029 ], [ 79.2095452, 29.2286038 ], [ 79.1985389, 29.2361523 ], [ 79.1923002, 29.2395038 ], [ 79.1870151, 29.2410198 ], [ 79.1833945, 29.242489 ], [ 79.174589, 29.24451 ], [ 79.1721235, 29.2469489 ], [ 79.1712088, 29.2470776 ], [ 79.1707387, 29.2503409 ], [ 79.1660065, 29.255887 ], [ 79.1627356, 29.2608055 ], [ 79.1595451, 29.2633416 ], [ 79.1530122, 29.2664573 ], [ 79.153876, 29.2661223 ], [ 79.1544573, 29.2673468 ], [ 79.1578984, 29.2663918 ] ] ] } },
{ "type": "Feature", "properties": { "gp_code": "27070", "gp_name": "HARSAN", "blkname": "BAJPUR", "dtname": "Udam Singh Nagar", "SHAPE_Area": 10978472.527247733 }, "geometry": { "type": "Polygon", "coordinates": [ [ [ 79.2518535, 29.1915034 ], [ 79.2607569, 29.1887807 ], [ 79.2625528, 29.1869096 ], [ 79.2632698, 29.1865986 ], [ 79.263274, 29.1858968 ], [ 79.2626453, 29.1854629 ], [ 79.2615225, 29.1837448 ], [ 79.2602648, 29.1832943 ], [ 79.2584311, 29.1819154 ], [ 79.2580415, 29.1810538 ], [ 79.2584112, 29.179754 ], [ 79.2593626, 29.1787063 ], [ 79.2593191, 29.1750174 ], [ 79.2578527, 29.1729343 ], [ 79.2571864, 29.1714123 ], [ 79.253327, 29.1670322 ], [ 79.2515948, 29.1637811 ], [ 79.2499527, 29.1620452 ], [ 79.2459289, 29.1615403 ], [ 79.2432973, 29.1597983 ], [ 79.2431398, 29.1619912 ], [ 79.2441928, 29.1620882 ], [ 79.2471183, 29.1646052 ], [ 79.2474897, 29.1653347 ], [ 79.2467924, 29.1657184 ], [ 79.2373268, 29.1636181 ], [ 79.2338836, 29.1631717 ], [ 79.2335964, 29.1648803 ], [ 79.2355596, 29.1681734 ], [ 79.23559, 29.1689315 ], [ 79.228783, 29.1756455 ], [ 79.2253603, 29.1798485 ], [ 79.2276336, 29.1826971 ], [ 79.2310157, 29.1838979 ], [ 79.2318234, 29.1852241 ], [ 79.2320965, 29.1867407 ], [ 79.2326882, 29.1874873 ], [ 79.2397462, 29.193218 ], [ 79.2410867, 29.194712 ], [ 79.2418004, 29.1960377 ], [ 79.2419133, 29.1981044 ], [ 79.2434427, 29.1995304 ], [ 79.2449576, 29.1955225 ], [ 79.2463123, 29.1932821 ], [ 79.2484835, 29.1921124 ], [ 79.2518535, 29.1915034 ] ] ] } },
{ "type": "Feature", "properties": { "gp_code": "260051", "gp_name": "Madia Hattu", "blkname": "BAJPUR", "dtname": "Udam Singh Nagar", "SHAPE_Area": 3378814.9335274664 }, "geometry": { "type": "Polygon", "coordinates": [ [ [ 79.2355596, 29.1681734 ], [ 79.2335964, 29.1648803 ], [ 79.2338836, 29.1631717 ], [ 79.2312054, 29.1621163 ], [ 79.2302161, 29.1613738 ], [ 79.2290859, 29.1602169 ], [ 79.2288048, 29.1592979 ], [ 79.2279911, 29.1583313 ], [ 79.2269967, 29.1578299 ], [ 79.2259211, 29.1577798 ], [ 79.2202, 29.1608365 ], [ 79.2200435, 29.1612856 ], [ 79.2208594, 29.1625693 ], [ 79.220589, 29.1632068 ], [ 79.2150789, 29.1661539 ], [ 79.21552, 29.1673053 ], [ 79.2153132, 29.1688 ], [ 79.215978, 29.1697604 ], [ 79.2201043, 29.1715196 ], [ 79.2219065, 29.173595 ], [ 79.2219148, 29.1741451 ], [ 79.2235824, 29.1762168 ], [ 79.2253603, 29.1798485 ], [ 79.228783, 29.1756455 ], [ 79.23559, 29.1689315 ], [ 79.2355596, 29.1681734 ] ] ] } },
{ "type": "Feature", "properties": { "gp_code": "27058", "gp_name": "BERIYA DAULAT", "blkname": "BAJPUR", "dtname": "Udam Singh Nagar", "SHAPE_Area": 19841906.563266248 }, "geometry": { "type": "Polygon", "coordinates": [ [ [ 79.2423089, 29.148614 ], [ 79.2435061, 29.1492103 ], [ 79.244971, 29.1531828 ], [ 79.2463536, 29.1549189 ], [ 79.2464466, 29.1554256 ], [ 79.2472111, 29.1561042 ], [ 79.2479316, 29.1561076 ], [ 79.2541527, 29.152225 ], [ 79.2563466, 29.1501342 ], [ 79.2602931, 29.1486771 ], [ 79.2565618, 29.1434706 ], [ 79.2541218, 29.1396892 ], [ 79.253822, 29.1386877 ], [ 79.2539399, 29.1377888 ], [ 79.2565795, 29.1335894 ], [ 79.2565799, 29.1330075 ], [ 79.2546119, 29.1320002 ], [ 79.2485471, 29.1308421 ], [ 79.2467998, 29.1297096 ], [ 79.2451739, 29.1274594 ], [ 79.2438785, 29.1248893 ], [ 79.2413766, 29.1219563 ], [ 79.2404566, 29.1183208 ], [ 79.2398176, 29.1172922 ], [ 79.2385292, 29.1169352 ], [ 79.2380844, 29.1176528 ], [ 79.2378908, 29.1191544 ], [ 79.237542, 29.1192427 ], [ 79.2367944, 29.1192122 ], [ 79.2354194, 29.1179605 ], [ 79.2354333, 29.118543 ], [ 79.2348025, 29.1195948 ], [ 79.2338413, 29.1197168 ], [ 79.2330267, 29.1194175 ], [ 79.2310679, 29.1177628 ], [ 79.2265593, 29.1168551 ], [ 79.2245015, 29.1157061 ], [ 79.215468, 29.116506 ], [ 79.2152244, 29.1170532 ], [ 79.2165144, 29.1181143 ], [ 79.2195644, 29.1218418 ], [ 79.2196066, 29.1227702 ], [ 79.2178131, 29.1253772 ], [ 79.2167427, 29.1275659 ], [ 79.210208, 29.1321178 ], [ 79.210469, 29.1327538 ], [ 79.2122221, 29.1348804 ], [ 79.2155042, 29.1403283 ], [ 79.2174951, 29.1430303 ], [ 79.2208496, 29.1483326 ], [ 79.2223776, 29.1513719 ], [ 79.2269967, 29.1578299 ], [ 79.2279911, 29.1583313 ], [ 79.2288048, 29.1592979 ], [ 79.2290859, 29.1602169 ], [ 79.2302161, 29.1613738 ], [ 79.2312054, 29.1621163 ], [ 79.2338836, 29.1631717 ], [ 79.2373268, 29.1636181 ], [ 79.2467924, 29.1657184 ], [ 79.2474897, 29.1653347 ], [ 79.2471183, 29.1646052 ], [ 79.2441928, 29.1620882 ], [ 79.2431398, 29.1619912 ], [ 79.2432973, 29.1597983 ], [ 79.2428688, 29.1591634 ], [ 79.2418177, 29.1503836 ], [ 79.2419708, 29.1489077 ], [ 79.2423089, 29.148614 ] ] ] } },
{ "type": "Feature", "properties": { "gp_code": "27056", "gp_name": "BANSKHERA", "blkname": "BAJPUR", "dtname": "Udam Singh Nagar", "SHAPE_Area": 10470052.492065297 }, "geometry": { "type": "Polygon", "coordinates": [ [ [ 79.2039035, 29.1713078 ], [ 79.205587, 29.1656033 ], [ 79.2150789, 29.1661539 ], [ 79.220589, 29.1632068 ], [ 79.2208594, 29.1625693 ], [ 79.2200435, 29.1612856 ], [ 79.2202, 29.1608365 ], [ 79.2259211, 29.1577798 ], [ 79.2269967, 29.1578299 ], [ 79.2223776, 29.1513719 ], [ 79.2208496, 29.1483326 ], [ 79.210208, 29.1321178 ], [ 79.2050897, 29.1353181 ], [ 79.2019069, 29.1363999 ], [ 79.2034112, 29.1401297 ], [ 79.20636, 29.1448162 ], [ 79.1967727, 29.1498875 ], [ 79.193106, 29.1521552 ], [ 79.1922575, 29.1534285 ], [ 79.1910501, 29.1531705 ], [ 79.1875083, 29.155463 ], [ 79.1911775, 29.1592285 ], [ 79.1946389, 29.1641971 ], [ 79.1971543, 29.1668206 ], [ 79.2028133, 29.1738904 ], [ 79.2030761, 29.1716973 ], [ 79.2039035, 29.1713078 ] ] ] } },
{ "type": "Feature", "properties": { "gp_code": "260063", "gp_name": "Bhjuwa Nagla", "blkname": "BAJPUR", "dtname": "Udam Singh Nagar", "SHAPE_Area": 7299307.6586401546 }, "geometry": { "type": "Polygon", "coordinates": [ [ [ 79.1838582, 29.1386677 ], [ 79.1842586, 29.1377723 ], [ 79.1852262, 29.1378401 ], [ 79.1862103, 29.1374418 ], [ 79.1892693, 29.1357521 ], [ 79.1913904, 29.1340162 ], [ 79.1934547, 29.1336172 ], [ 79.1955226, 29.1309771 ], [ 79.1972988, 29.1296846 ], [ 79.1992005, 29.1321141 ], [ 79.199995, 29.1340074 ], [ 79.2019069, 29.1363999 ], [ 79.2050897, 29.1353181 ], [ 79.2064673, 29.1342524 ], [ 79.2083388, 29.1334627 ], [ 79.2167427, 29.1275659 ], [ 79.2159942, 29.126641 ], [ 79.2108554, 29.1234144 ], [ 79.2072736, 29.1224208 ], [ 79.2054385, 29.1227222 ], [ 79.1977779, 29.1228535 ], [ 79.1959183, 29.1232791 ], [ 79.1934522, 29.1201908 ], [ 79.1902333, 29.1187088 ], [ 79.1875677, 29.120358 ], [ 79.1850501, 29.1226277 ], [ 79.1761349, 29.1253808 ], [ 79.1749646, 29.1250857 ], [ 79.1745098, 29.1240132 ], [ 79.1736021, 29.1232267 ], [ 79.1733794, 29.1217699 ], [ 79.1729885, 29.1212975 ], [ 79.1731559, 29.1204462 ], [ 79.1737062, 29.1197479 ], [ 79.1735745, 29.1192897 ], [ 79.1726498, 29.1193572 ], [ 79.169306, 29.1212059 ], [ 79.1706285, 29.1258184 ], [ 79.1741312, 29.1332726 ], [ 79.1751463, 29.1342544 ], [ 79.1773979, 29.1353524 ], [ 79.1828844, 29.1395287 ], [ 79.1838582, 29.1386677 ] ] ] } },
{ "type": "Feature", "properties": { "gp_code": "260067", "gp_name": "Bannakhera Sani", "blkname": "BAJPUR", "dtname": "Udam Singh Nagar", "SHAPE_Area": 4403424.7253061691 }, "geometry": { "type": "Polygon", "coordinates": [ [ [ 79.21552, 29.1673053 ], [ 79.2150789, 29.1661539 ], [ 79.205587, 29.1656033 ], [ 79.2039035, 29.1713078 ], [ 79.2030761, 29.1716973 ], [ 79.2028133, 29.1738904 ], [ 79.2033589, 29.174572 ], [ 79.2059005, 29.1759528 ], [ 79.2057028, 29.1773318 ], [ 79.2086004, 29.1794194 ], [ 79.2103008, 29.1797652 ], [ 79.2111676, 29.1816498 ], [ 79.2150027, 29.1831632 ], [ 79.2149837, 29.1861524 ], [ 79.2163498, 29.187268 ], [ 79.216564, 29.1881369 ], [ 79.2154367, 29.1907512 ], [ 79.2220128, 29.1881522 ], [ 79.2246285, 29.1864568 ], [ 79.2254843, 29.1851111 ], [ 79.225494, 29.1835683 ], [ 79.2239729, 29.1808887 ], [ 79.2253603, 29.1798485 ], [ 79.2235824, 29.1762168 ], [ 79.2219148, 29.1741451 ], [ 79.2219065, 29.173595 ], [ 79.2201043, 29.1715196 ], [ 79.215978, 29.1697604 ], [ 79.2153132, 29.1688 ], [ 79.21552, 29.1673053 ] ] ] } },
{ "type": "Feature", "properties": { "gp_code": "27064", "gp_name": "DIYOHARI", "blkname": "BAJPUR", "dtname": "Udam Singh Nagar", "SHAPE_Area": 3336125.5946862912 }, "geometry": { "type": "Polygon", "coordinates": [ [ [ 79.1832815, 29.184293 ], [ 79.1902567, 29.1767613 ], [ 79.1862284, 29.1736013 ], [ 79.1852859, 29.1719991 ], [ 79.1829461, 29.1698933 ], [ 79.1793154, 29.1647768 ], [ 79.1657065, 29.1719579 ], [ 79.1743322, 29.1791147 ], [ 79.1832815, 29.184293 ] ] ] } },
{ "type": "Feature", "properties": { "gp_code": "", "gp_name": "", "blkname": "BAJPUR", "dtname": "Udam Singh Nagar", "SHAPE_Area": 3378860.329819486 }, "geometry": { "type": "Polygon", "coordinates": [ [ [ 79.1793154, 29.1647768 ], [ 79.1782811, 29.1628212 ], [ 79.1763522, 29.1575457 ], [ 79.1735998, 29.1529754 ], [ 79.1543609, 29.1646159 ], [ 79.1633029, 29.1700444 ], [ 79.1657065, 29.1719579 ], [ 79.1793154, 29.1647768 ] ] ] } },
{ "type": "Feature", "properties": { "gp_code": "293892", "gp_name": "NERKHERA", "blkname": "BAJPUR", "dtname": "Udam Singh Nagar", "SHAPE_Area": 5291394.9290844332 }, "geometry": { "type": "Polygon", "coordinates": [ [ [ 79.2033589, 29.174572 ], [ 79.1971543, 29.1668206 ], [ 79.1946389, 29.1641971 ], [ 79.1911775, 29.1592285 ], [ 79.1875083, 29.155463 ], [ 79.1841383, 29.1526424 ], [ 79.180705, 29.1512395 ], [ 79.1797776, 29.1504948 ], [ 79.1788319, 29.1491247 ], [ 79.1764153, 29.1506345 ], [ 79.1735998, 29.1529754 ], [ 79.1763522, 29.1575457 ], [ 79.1782811, 29.1628212 ], [ 79.1793154, 29.1647768 ], [ 79.1829461, 29.1698933 ], [ 79.1852859, 29.1719991 ], [ 79.1862284, 29.1736013 ], [ 79.1902567, 29.1767613 ], [ 79.1967557, 29.1765159 ], [ 79.2033728, 29.177047 ], [ 79.2040065, 29.1763592 ], [ 79.2033589, 29.174572 ] ] ] } },
{ "type": "Feature", "properties": { "gp_code": "27089", "gp_name": "SHIVPURI", "blkname": "BAJPUR", "dtname": "Udam Singh Nagar", "SHAPE_Area": 5761892.8543228833 }, "geometry": { "type": "Polygon", "coordinates": [ [ [ 79.1910501, 29.1531705 ], [ 79.1922575, 29.1534285 ], [ 79.193106, 29.1521552 ], [ 79.1967727, 29.1498875 ], [ 79.20636, 29.1448162 ], [ 79.2034112, 29.1401297 ], [ 79.2019069, 29.1363999 ], [ 79.199995, 29.1340074 ], [ 79.1992005, 29.1321141 ], [ 79.1972988, 29.1296846 ], [ 79.1955226, 29.1309771 ], [ 79.1934547, 29.1336172 ], [ 79.1913904, 29.1340162 ], [ 79.1892693, 29.1357521 ], [ 79.1862103, 29.1374418 ], [ 79.1852262, 29.1378401 ], [ 79.1842586, 29.1377723 ], [ 79.1838582, 29.1386677 ], [ 79.1801461, 29.1415142 ], [ 79.1758583, 29.1429181 ], [ 79.1758717, 29.1457517 ], [ 79.1782186, 29.1475966 ], [ 79.1788537, 29.1492148 ], [ 79.180705, 29.1512395 ], [ 79.1841383, 29.1526424 ], [ 79.1875083, 29.155463 ], [ 79.1910501, 29.1531705 ] ] ] } },
{ "type": "Feature", "properties": { "gp_code": "27063", "gp_name": "DHANSARA", "blkname": "BAJPUR", "dtname": "Udam Singh Nagar", "SHAPE_Area": 3842982.5301201087 }, "geometry": { "type": "Polygon", "coordinates": [ [ [ 79.162538, 29.1496249 ], [ 79.1638821, 29.1497264 ], [ 79.1645115, 29.1494463 ], [ 79.1697754, 29.1455883 ], [ 79.1708711, 29.145666 ], [ 79.1714588, 29.1451112 ], [ 79.1715888, 29.1440593 ], [ 79.1728261, 29.144268 ], [ 79.1770993, 29.1423364 ], [ 79.1801461, 29.1415142 ], [ 79.1828844, 29.1395287 ], [ 79.1773979, 29.1353524 ], [ 79.1751463, 29.1342544 ], [ 79.1741312, 29.1332726 ], [ 79.1733712, 29.1316159 ], [ 79.1714843, 29.1322832 ], [ 79.1580126, 29.139863 ], [ 79.1561079, 29.1404985 ], [ 79.1534953, 29.1423109 ], [ 79.1560749, 29.1470833 ], [ 79.1587209, 29.1497972 ], [ 79.1601073, 29.1508301 ], [ 79.162538, 29.1496249 ] ] ] } },
{ "type": "Feature", "properties": { "gp_code": "260040", "gp_name": "Lakhanpur", "blkname": "BAJPUR", "dtname": "Udam Singh Nagar", "SHAPE_Area": 2022114.9976267552 }, "geometry": { "type": "Polygon", "coordinates": [ [ [ 79.1735998, 29.1529754 ], [ 79.1764153, 29.1506345 ], [ 79.1788319, 29.1491247 ], [ 79.1782186, 29.1475966 ], [ 79.1758717, 29.1457517 ], [ 79.1758583, 29.1429181 ], [ 79.1728261, 29.144268 ], [ 79.1715888, 29.1440593 ], [ 79.1714588, 29.1451112 ], [ 79.1708711, 29.145666 ], [ 79.1697754, 29.1455883 ], [ 79.1645115, 29.1494463 ], [ 79.1638821, 29.1497264 ], [ 79.162538, 29.1496249 ], [ 79.1601073, 29.1508301 ], [ 79.1600772, 29.1521381 ], [ 79.1619623, 29.1554983 ], [ 79.1625551, 29.1579889 ], [ 79.1632364, 29.1593077 ], [ 79.1735998, 29.1529754 ] ] ] } },
{ "type": "Feature", "properties": { "gp_code": "", "gp_name": "", "blkname": "BAJPUR", "dtname": "Udam Singh Nagar", "SHAPE_Area": 2622556.3016965357 }, "geometry": { "type": "Polygon", "coordinates": [ [ [ 79.1632364, 29.1593077 ], [ 79.1625551, 29.1579889 ], [ 79.1619623, 29.1554983 ], [ 79.1600772, 29.1521381 ], [ 79.1601073, 29.1508301 ], [ 79.1560749, 29.1470833 ], [ 79.1534953, 29.1423109 ], [ 79.150973, 29.1436427 ], [ 79.147632, 29.1448726 ], [ 79.1490593, 29.1492522 ], [ 79.152154, 29.1565679 ], [ 79.1526915, 29.1588739 ], [ 79.1490889, 29.160042 ], [ 79.1513308, 29.1625887 ], [ 79.1543609, 29.1646159 ], [ 79.1632364, 29.1593077 ] ] ] } },
{ "type": "Feature", "properties": { "gp_code": "27067", "gp_name": "GUMSAANI", "blkname": "BAJPUR", "dtname": "Udam Singh Nagar", "SHAPE_Area": 11529416.930125868 }, "geometry": { "type": "Polygon", "coordinates": [ [ [ 79.1580126, 29.139863 ], [ 79.1714843, 29.1322832 ], [ 79.1733712, 29.1316159 ], [ 79.1706285, 29.1258184 ], [ 79.169306, 29.1212059 ], [ 79.16798, 29.1198782 ], [ 79.1661574, 29.116795 ], [ 79.160909, 29.1110359 ], [ 79.1567527, 29.11439 ], [ 79.1555814, 29.1150051 ], [ 79.1550994, 29.1156705 ], [ 79.1541783, 29.1158987 ], [ 79.1535008, 29.1151847 ], [ 79.1526469, 29.115569 ], [ 79.1501681, 29.1186666 ], [ 79.1494727, 29.1187362 ], [ 79.1454956, 29.1206886 ], [ 79.1443025, 29.1201694 ], [ 79.143397, 29.1202672 ], [ 79.1408243, 29.122262 ], [ 79.140831, 29.1227065 ], [ 79.1418756, 29.1235924 ], [ 79.141979, 29.1241229 ], [ 79.1407618, 29.1250975 ], [ 79.1372996, 29.1262755 ], [ 79.135912, 29.1270507 ], [ 79.1358171, 29.1278354 ], [ 79.1350161, 29.1284128 ], [ 79.1305771, 29.1304914 ], [ 79.1264737, 29.1328772 ], [ 79.125093, 29.1330791 ], [ 79.1207401, 29.1348498 ], [ 79.1221596, 29.1359665 ], [ 79.1251154, 29.1372363 ], [ 79.1294234, 29.1414062 ], [ 79.136062, 29.1367999 ], [ 79.1409754, 29.134133 ], [ 79.1426276, 29.1374146 ], [ 79.145082, 29.1402617 ], [ 79.145592, 29.1416971 ], [ 79.147632, 29.1448726 ], [ 79.150973, 29.1436427 ], [ 79.1561079, 29.1404985 ], [ 79.1580126, 29.139863 ] ] ] } },
{ "type": "Feature", "properties": { "gp_code": "260055", "gp_name": "Mundia Pistor", "blkname": "BAJPUR", "dtname": "Udam Singh Nagar", "SHAPE_Area": 4490054.8945488231 }, "geometry": { "type": "Polygon", "coordinates": [ [ [ 79.1437067, 29.1617826 ], [ 79.1526915, 29.1588739 ], [ 79.152154, 29.1565679 ], [ 79.1490593, 29.1492522 ], [ 79.147632, 29.1448726 ], [ 79.145592, 29.1416971 ], [ 79.145082, 29.1402617 ], [ 79.1426276, 29.1374146 ], [ 79.1409754, 29.134133 ], [ 79.136062, 29.1367999 ], [ 79.1294234, 29.1414062 ], [ 79.1330203, 29.1452347 ], [ 79.1354651, 29.1489604 ], [ 79.1391454, 29.1566462 ], [ 79.14318, 29.1608156 ], [ 79.1437067, 29.1617826 ] ] ] } },
{ "type": "Feature", "properties": { "gp_code": "27083", "gp_name": "NANDPUR NARKA TOPA", "blkname": "BAJPUR", "dtname": "Udam Singh Nagar", "SHAPE_Area": 3216512.8287293972 }, "geometry": { "type": "Polygon", "coordinates": [ [ [ 79.1470216, 29.175915 ], [ 79.141384, 29.1673649 ], [ 79.1411103, 29.1657303 ], [ 79.1405812, 29.1650938 ], [ 79.1401564, 29.1624249 ], [ 79.1384702, 29.1612312 ], [ 79.1319454, 29.1646056 ], [ 79.128536, 29.1674996 ], [ 79.1287023, 29.1699363 ], [ 79.1282477, 29.1708311 ], [ 79.128332, 29.171603 ], [ 79.129954, 29.1729972 ], [ 79.1307054, 29.1732531 ], [ 79.1319162, 29.1744876 ], [ 79.1316368, 29.1759659 ], [ 79.1327269, 29.1787509 ], [ 79.1322166, 29.1799131 ], [ 79.1327317, 29.1806243 ], [ 79.1320945, 29.1819747 ], [ 79.1327873, 29.182923 ], [ 79.1380026, 29.1808573 ], [ 79.1443195, 29.1776639 ], [ 79.1470216, 29.175915 ] ] ] } },
{ "type": "Feature", "properties": { "gp_code": "", "gp_name": "", "blkname": "BAJPUR", "dtname": "Udam Singh Nagar", "SHAPE_Area": 6821795.9682287043 }, "geometry": { "type": "Polygon", "coordinates": [ [ [ 79.1663124, 29.1855576 ], [ 79.1655561, 29.1836734 ], [ 79.1677033, 29.1830097 ], [ 79.1720889, 29.1828011 ], [ 79.1743322, 29.1791147 ], [ 79.1633029, 29.1700444 ], [ 79.1579771, 29.1670351 ], [ 79.1513308, 29.1625887 ], [ 79.1490889, 29.160042 ], [ 79.1437067, 29.1617826 ], [ 79.1401564, 29.1624249 ], [ 79.1405812, 29.1650938 ], [ 79.1411103, 29.1657303 ], [ 79.141384, 29.1673649 ], [ 79.145261, 29.1736046 ], [ 79.1518169, 29.1827145 ], [ 79.1531167, 29.184091 ], [ 79.154069, 29.1864416 ], [ 79.1551188, 29.1876751 ], [ 79.1564625, 29.1905126 ], [ 79.1615637, 29.1864535 ], [ 79.1663124, 29.1855576 ] ] ] } },
{ "type": "Feature", "properties": { "gp_code": "260387", "gp_name": "TANDA AMICHAND", "blkname": "BAJPUR", "dtname": "Udam Singh Nagar", "SHAPE_Area": 5365327.1774408417 }, "geometry": { "type": "Polygon", "coordinates": [ [ [ 79.1611089, 29.1967379 ], [ 79.1590933, 29.193974 ], [ 79.1577062, 29.1948719 ], [ 79.1536951, 29.2017774 ], [ 79.1479847, 29.2105202 ], [ 79.1476624, 29.2130372 ], [ 79.1443309, 29.2156368 ], [ 79.1379715, 29.2180406 ], [ 79.1371194, 29.2186696 ], [ 79.1392824, 29.2231822 ], [ 79.1404792, 29.2267698 ], [ 79.1492925, 29.2233101 ], [ 79.1513115, 29.2219456 ], [ 79.155636, 29.2205727 ], [ 79.1618384, 29.2171104 ], [ 79.1655375, 29.2144298 ], [ 79.1626877, 29.208887 ], [ 79.1618586, 29.2060219 ], [ 79.1611503, 29.2051504 ], [ 79.1605081, 29.20264 ], [ 79.1611089, 29.1967379 ] ] ] } },
{ "type": "Feature", "properties": { "gp_code": "27061", "gp_name": "BIKRAMPUR", "blkname": "BAJPUR", "dtname": "Udam Singh Nagar", "SHAPE_Area": 17839106.386500407 }, "geometry": { "type": "Polygon", "coordinates": [ [ [ 79.1911038, 29.2067209 ], [ 79.1874733, 29.2058403 ], [ 79.1790735, 29.2030784 ], [ 79.1782044, 29.2025505 ], [ 79.1709711, 29.191512 ], [ 79.1663124, 29.1855576 ], [ 79.1615637, 29.1864535 ], [ 79.1564625, 29.1905126 ], [ 79.1551188, 29.1876751 ], [ 79.154069, 29.1864416 ], [ 79.1531167, 29.184091 ], [ 79.1518169, 29.1827145 ], [ 79.1470216, 29.175915 ], [ 79.1443195, 29.1776639 ], [ 79.1380026, 29.1808573 ], [ 79.1327873, 29.182923 ], [ 79.1268421, 29.1867069 ], [ 79.1267211, 29.1873346 ], [ 79.1301322, 29.1878407 ], [ 79.1297332, 29.1899117 ], [ 79.1304313, 29.1914501 ], [ 79.1261928, 29.1957074 ], [ 79.1291322, 29.2002807 ], [ 79.1307552, 29.2034213 ], [ 79.132127, 29.207317 ], [ 79.1333657, 29.2097306 ], [ 79.1340663, 29.2121429 ], [ 79.1338344, 29.2145186 ], [ 79.1373555, 29.2163293 ], [ 79.1379715, 29.2180406 ], [ 79.1443309, 29.2156368 ], [ 79.1476624, 29.2130372 ], [ 79.1479847, 29.2105202 ], [ 79.1536951, 29.2017774 ], [ 79.1577062, 29.1948719 ], [ 79.1590933, 29.193974 ], [ 79.1611089, 29.1967379 ], [ 79.1605081, 29.20264 ], [ 79.1611503, 29.2051504 ], [ 79.1618586, 29.2060219 ], [ 79.1648198, 29.2068087 ], [ 79.1680043, 29.2070663 ], [ 79.1697027, 29.20775 ], [ 79.1730535, 29.2067117 ], [ 79.1791695, 29.207542 ], [ 79.1804835, 29.2084457 ], [ 79.1816277, 29.2102303 ], [ 79.1821827, 29.2139816 ], [ 79.187264, 29.2187123 ], [ 79.1952338, 29.2164136 ], [ 79.1975938, 29.2160566 ], [ 79.1939006, 29.2121922 ], [ 79.18987, 29.2108144 ], [ 79.1901622, 29.2101566 ], [ 79.1951099, 29.2076105 ], [ 79.1931812, 29.2068415 ], [ 79.1911038, 29.2067209 ] ] ] } },
{ "type": "Feature", "properties": { "gp_code": "293893", "gp_name": "PAHARPUR", "blkname": "BAJPUR", "dtname": "Udam Singh Nagar", "SHAPE_Area": 4247255.0825133817 }, "geometry": { "type": "Polygon", "coordinates": [ [ [ 79.1997651, 29.2018549 ], [ 79.200996, 29.2009011 ], [ 79.1819473, 29.1926825 ], [ 79.1720717, 29.1867445 ], [ 79.171589, 29.1850064 ], [ 79.1720889, 29.1828011 ], [ 79.1677033, 29.1830097 ], [ 79.1655561, 29.1836734 ], [ 79.1663124, 29.1855576 ], [ 79.1709711, 29.191512 ], [ 79.1782044, 29.2025505 ], [ 79.1790735, 29.2030784 ], [ 79.1874733, 29.2058403 ], [ 79.1911038, 29.2067209 ], [ 79.1931812, 29.2068415 ], [ 79.1951099, 29.2076105 ], [ 79.1997651, 29.2018549 ] ] ] } },
{ "type": "Feature", "properties": { "gp_code": "27082", "gp_name": "NAMUNA", "blkname": "BAJPUR", "dtname": "Udam Singh Nagar", "SHAPE_Area": 3433311.9333232972 }, "geometry": { "type": "Polygon", "coordinates": [ [ [ 79.2065372, 29.2024387 ], [ 79.2047219, 29.200168 ], [ 79.1996549, 29.1961991 ], [ 79.1980047, 29.1940599 ], [ 79.1883241, 29.1878148 ], [ 79.1840661, 29.183672 ], [ 79.1832815, 29.184293 ], [ 79.1743322, 29.1791147 ], [ 79.1720889, 29.1828011 ], [ 79.171589, 29.1850064 ], [ 79.1720717, 29.1867445 ], [ 79.1819473, 29.1926825 ], [ 79.200996, 29.2009011 ], [ 79.1997651, 29.2018549 ], [ 79.1996913, 29.2042586 ], [ 79.2065372, 29.2024387 ] ] ] } },
{ "type": "Feature", "properties": { "gp_code": "27060", "gp_name": "BHIKAMPURI", "blkname": "BAJPUR", "dtname": "Udam Singh Nagar", "SHAPE_Area": 2489661.3037113082 }, "geometry": { "type": "Polygon", "coordinates": [ [ [ 79.1750696, 29.219069 ], [ 79.1794779, 29.2177451 ], [ 79.1803533, 29.2171095 ], [ 79.1814498, 29.2174526 ], [ 79.1819935, 29.2183231 ], [ 79.1814156, 29.2197079 ], [ 79.1856809, 29.2195767 ], [ 79.1867277, 29.2193931 ], [ 79.187264, 29.2187123 ], [ 79.1821827, 29.2139816 ], [ 79.1816277, 29.2102303 ], [ 79.1804835, 29.2084457 ], [ 79.1791695, 29.207542 ], [ 79.1730535, 29.2067117 ], [ 79.1697027, 29.20775 ], [ 79.1680043, 29.2070663 ], [ 79.1648198, 29.2068087 ], [ 79.1618586, 29.2060219 ], [ 79.1626877, 29.208887 ], [ 79.1655375, 29.2144298 ], [ 79.1718772, 29.2111843 ], [ 79.1710848, 29.2146514 ], [ 79.1732058, 29.2178925 ], [ 79.1742249, 29.2173792 ], [ 79.1750696, 29.219069 ] ] ] } },
{ "type": "Feature", "properties": { "gp_code": "260383", "gp_name": "RAINTA", "blkname": "BAJPUR", "dtname": "Udam Singh Nagar", "SHAPE_Area": 1822596.7212844528 }, "geometry": { "type": "Polygon", "coordinates": [ [ [ 79.1750696, 29.219069 ], [ 79.1742249, 29.2173792 ], [ 79.1732058, 29.2178925 ], [ 79.1710848, 29.2146514 ], [ 79.1718772, 29.2111843 ], [ 79.1655375, 29.2144298 ], [ 79.1618384, 29.2171104 ], [ 79.155636, 29.2205727 ], [ 79.1574757, 29.2247283 ], [ 79.1580791, 29.2269671 ], [ 79.1665438, 29.2224095 ], [ 79.1707183, 29.2205421 ], [ 79.1750696, 29.219069 ] ] ] } },
{ "type": "Feature", "properties": { "gp_code": "27060", "gp_name": "BHIKAMPURI", "blkname": "BAJPUR", "dtname": "Udam Singh Nagar", "SHAPE_Area": 5248606.4059402924 }, "geometry": { "type": "Polygon", "coordinates": [ [ [ 79.1750696, 29.219069 ], [ 79.1707183, 29.2205421 ], [ 79.1665438, 29.2224095 ], [ 79.1580791, 29.2269671 ], [ 79.1687601, 29.237644 ], [ 79.1733095, 29.2428463 ], [ 79.1736121, 29.2445557 ], [ 79.1712088, 29.2470776 ], [ 79.1721235, 29.2469489 ], [ 79.174589, 29.24451 ], [ 79.1833945, 29.242489 ], [ 79.1870151, 29.2410198 ], [ 79.1824434, 29.2321432 ], [ 79.1814961, 29.2316032 ], [ 79.1804987, 29.2304962 ], [ 79.1800903, 29.2293489 ], [ 79.1798954, 29.2262784 ], [ 79.179075, 29.2255343 ], [ 79.1762851, 29.2251042 ], [ 79.1759531, 29.2237803 ], [ 79.1749571, 29.2224844 ], [ 79.1756832, 29.2211973 ], [ 79.1755478, 29.2199845 ], [ 79.1750696, 29.219069 ] ] ] } },
{ "type": "Feature", "properties": { "gp_code": "27078", "gp_name": "KHAMBHARII", "blkname": "BAJPUR", "dtname": "Udam Singh Nagar", "SHAPE_Area": 6555958.3329773061 }, "geometry": { "type": "Polygon", "coordinates": [ [ [ 79.2035765, 29.2261942 ], [ 79.2016086, 29.2229471 ], [ 79.2010657, 29.219717 ], [ 79.1999358, 29.218479 ], [ 79.1979054, 29.2170027 ], [ 79.1975938, 29.2160566 ], [ 79.1952338, 29.2164136 ], [ 79.187264, 29.2187123 ], [ 79.1867277, 29.2193931 ], [ 79.1845623, 29.2197599 ], [ 79.1814156, 29.2197079 ], [ 79.1819935, 29.2183231 ], [ 79.1814498, 29.2174526 ], [ 79.1803533, 29.2171095 ], [ 79.1794779, 29.2177451 ], [ 79.1750696, 29.219069 ], [ 79.1755478, 29.2199845 ], [ 79.1756832, 29.2211973 ], [ 79.1749571, 29.2224844 ], [ 79.1759531, 29.2237803 ], [ 79.1762851, 29.2251042 ], [ 79.179075, 29.2255343 ], [ 79.1798954, 29.2262784 ], [ 79.1800903, 29.2293489 ], [ 79.1804987, 29.2304962 ], [ 79.1814961, 29.2316032 ], [ 79.1824434, 29.2321432 ], [ 79.1870151, 29.2410198 ], [ 79.1923002, 29.2395038 ], [ 79.1985389, 29.2361523 ], [ 79.2055397, 29.2314214 ], [ 79.2044989, 29.22941 ], [ 79.2035765, 29.2261942 ] ] ] } },
{ "type": "Feature", "properties": { "gp_code": "27055", "gp_name": "BANNAKHERA", "blkname": "BAJPUR", "dtname": "Udam Singh Nagar", "SHAPE_Area": 7319174.7083517518 }, "geometry": { "type": "Polygon", "coordinates": [ [ [ 79.1712088, 29.2470776 ], [ 79.1736121, 29.2445557 ], [ 79.1733095, 29.2428463 ], [ 79.1687601, 29.237644 ], [ 79.1580791, 29.2269671 ], [ 79.1450343, 29.2352617 ], [ 79.1459196, 29.2369665 ], [ 79.1508262, 29.2435722 ], [ 79.1542973, 29.2492417 ], [ 79.1552278, 29.2510955 ], [ 79.1567333, 29.2575689 ], [ 79.1595451, 29.2633416 ], [ 79.1627356, 29.2608055 ], [ 79.1660065, 29.255887 ], [ 79.1707387, 29.2503409 ], [ 79.1712088, 29.2470776 ] ] ] } },
{ "type": "Feature", "properties": { "gp_code": "27075", "gp_name": "KELABAND VARI", "blkname": "BAJPUR", "dtname": "Udam Singh Nagar", "SHAPE_Area": 8759042.2495077085 }, "geometry": { "type": "Polygon", "coordinates": [ [ [ 79.1567333, 29.2575689 ], [ 79.1552278, 29.2510955 ], [ 79.1542973, 29.2492417 ], [ 79.1508262, 29.2435722 ], [ 79.1459196, 29.2369665 ], [ 79.1450343, 29.2352617 ], [ 79.1580791, 29.2269671 ], [ 79.1574757, 29.2247283 ], [ 79.155636, 29.2205727 ], [ 79.1513115, 29.2219456 ], [ 79.1492925, 29.2233101 ], [ 79.1404792, 29.2267698 ], [ 79.1392824, 29.2231822 ], [ 79.1371194, 29.2186696 ], [ 79.1263044, 29.2278485 ], [ 79.1277711, 29.2288321 ], [ 79.1306697, 29.2324998 ], [ 79.1352084, 29.22999 ], [ 79.1355802, 29.2307003 ], [ 79.1368657, 29.2315998 ], [ 79.1380123, 29.2344079 ], [ 79.1376443, 29.2357281 ], [ 79.1374604, 29.2389383 ], [ 79.1377922, 29.2402466 ], [ 79.1382439, 29.2403069 ], [ 79.1386438, 29.2414935 ], [ 79.1384502, 29.2422363 ], [ 79.1393895, 29.2426269 ], [ 79.1395825, 29.2464845 ], [ 79.1409551, 29.2477865 ], [ 79.1410087, 29.2493085 ], [ 79.1400427, 29.2504957 ], [ 79.1400325, 29.2510229 ], [ 79.1408601, 29.2540813 ], [ 79.1414744, 29.2551163 ], [ 79.1436553, 29.2563665 ], [ 79.1440581, 29.2562555 ], [ 79.1445855, 29.2568116 ], [ 79.1450313, 29.2567134 ], [ 79.1451715, 29.257192 ], [ 79.1456023, 29.2571943 ], [ 79.1477823, 29.2585829 ], [ 79.1473142, 29.2598378 ], [ 79.1478203, 29.2624499 ], [ 79.1511407, 29.2640141 ], [ 79.1530122, 29.2664573 ], [ 79.1595451, 29.2633416 ], [ 79.1567333, 29.2575689 ] ] ] } },
{ "type": "Feature", "properties": { "gp_code": "27071", "gp_name": "ITAUWA", "blkname": "BAJPUR", "dtname": "Udam Singh Nagar", "SHAPE_Area": 1681490.2392835398 }, "geometry": { "type": "Polygon", "coordinates": [ [ [ 79.1414744, 29.2551163 ], [ 79.1408601, 29.2540813 ], [ 79.1400325, 29.2510229 ], [ 79.1400427, 29.2504957 ], [ 79.1410087, 29.2493085 ], [ 79.1409551, 29.2477865 ], [ 79.1395825, 29.2464845 ], [ 79.1393895, 29.2426269 ], [ 79.1384502, 29.2422363 ], [ 79.1386438, 29.2414935 ], [ 79.1382439, 29.2403069 ], [ 79.1347538, 29.2411118 ], [ 79.1323641, 29.2429138 ], [ 79.1323386, 29.2436243 ], [ 79.1334943, 29.2454997 ], [ 79.1332893, 29.2469557 ], [ 79.1313795, 29.2487983 ], [ 79.1304341, 29.24909 ], [ 79.1307236, 29.2497116 ], [ 79.129739, 29.2508306 ], [ 79.1298695, 29.2513579 ], [ 79.1312373, 29.2527765 ], [ 79.130288, 29.2541043 ], [ 79.1294202, 29.2546515 ], [ 79.1275973, 29.2548563 ], [ 79.1269639, 29.255272 ], [ 79.1272625, 29.2576248 ], [ 79.1269469, 29.2588229 ], [ 79.1356231, 29.2531295 ], [ 79.1364053, 29.2531652 ], [ 79.1414744, 29.2551163 ] ] ] } },
{ "type": "Feature", "properties": { "gp_code": "260042", "gp_name": "Gajraola", "blkname": "KASHIPUR", "dtname": "Udam Singh Nagar", "SHAPE_Area": 2296557.5838812236 }, "geometry": { "type": "Polygon", "coordinates": [ [ [ 79.1298695, 29.2513579 ], [ 79.129739, 29.2508306 ], [ 79.1307236, 29.2497116 ], [ 79.1304341, 29.24909 ], [ 79.1313795, 29.2487983 ], [ 79.1332893, 29.2469557 ], [ 79.1334943, 29.2454997 ], [ 79.1323386, 29.2436243 ], [ 79.1326647, 29.2424477 ], [ 79.1347538, 29.2411118 ], [ 79.1377922, 29.2402466 ], [ 79.1374604, 29.2389383 ], [ 79.1376443, 29.2357281 ], [ 79.1380123, 29.2344079 ], [ 79.1368657, 29.2315998 ], [ 79.1355802, 29.2307003 ], [ 79.1352084, 29.22999 ], [ 79.1293157, 29.2333085 ], [ 79.1270983, 29.2360787 ], [ 79.1251279, 29.2394287 ], [ 79.1278839, 29.2404354 ], [ 79.128258, 29.2408231 ], [ 79.1284386, 29.2419259 ], [ 79.1271475, 29.2424423 ], [ 79.1263009, 29.2422724 ], [ 79.1257641, 29.2427102 ], [ 79.1250249, 29.2447201 ], [ 79.1251706, 29.2463186 ], [ 79.1247131, 29.2488503 ], [ 79.1260602, 29.2502708 ], [ 79.1285712, 29.2508047 ], [ 79.1291588, 29.2516179 ], [ 79.1298695, 29.2513579 ] ] ] } },
{ "type": "Feature", "properties": { "gp_code": "27073", "gp_name": "JOGIPURA", "blkname": "KASHIPUR", "dtname": "Udam Singh Nagar", "SHAPE_Area": 6034693.5111115109 }, "geometry": { "type": "Polygon", "coordinates": [ [ [ 79.1174974, 29.2256906 ], [ 79.1130643, 29.2184566 ], [ 79.1103146, 29.2116724 ], [ 79.1054871, 29.2144477 ], [ 79.1023904, 29.2110617 ], [ 79.100405, 29.2078077 ], [ 79.0999156, 29.2060419 ], [ 79.0983574, 29.2032626 ], [ 79.0954444, 29.2042537 ], [ 79.0981993, 29.2101881 ], [ 79.100087, 29.2169992 ], [ 79.0999245, 29.2196114 ], [ 79.0983315, 29.2215859 ], [ 79.0962761, 29.2229911 ], [ 79.0949736, 29.2244634 ], [ 79.0927851, 29.2244511 ], [ 79.0965452, 29.2303596 ], [ 79.0978645, 29.2315003 ], [ 79.1038091, 29.2347515 ], [ 79.107704, 29.2377235 ], [ 79.1082088, 29.2388057 ], [ 79.1091315, 29.2384947 ], [ 79.1126802, 29.235456 ], [ 79.1172462, 29.2306239 ], [ 79.1177354, 29.228144 ], [ 79.1174974, 29.2256906 ] ] ] } },
{ "type": "Feature", "properties": { "gp_code": "27091", "gp_name": "RAJPURA NO-2", "blkname": "BAJPUR", "dtname": "Udam Singh Nagar", "SHAPE_Area": 11115053.025371019 }, "geometry": { "type": "Polygon", "coordinates": [ [ [ 79.1261928, 29.1957074 ], [ 79.1159139, 29.1847206 ], [ 79.115121, 29.1852515 ], [ 79.114897, 29.1850843 ], [ 79.1147379, 29.1853865 ], [ 79.1133233, 29.1857093 ], [ 79.1123521, 29.185456 ], [ 79.1069086, 29.1882851 ], [ 79.1074404, 29.1891649 ], [ 79.1089576, 29.1901808 ], [ 79.1103964, 29.1929014 ], [ 79.1117495, 29.1942942 ], [ 79.1131077, 29.1949786 ], [ 79.1136749, 29.1959263 ], [ 79.1136289, 29.1973271 ], [ 79.1149306, 29.1984048 ], [ 79.115303, 29.1998659 ], [ 79.116438, 29.2016668 ], [ 79.1163734, 29.2031776 ], [ 79.1176114, 29.2056559 ], [ 79.1171551, 29.2067554 ], [ 79.1154468, 29.2073481 ], [ 79.1098328, 29.2111956 ], [ 79.1103146, 29.2116724 ], [ 79.1120097, 29.2154284 ], [ 79.1130643, 29.2184566 ], [ 79.1174974, 29.2256906 ], [ 79.1177354, 29.228144 ], [ 79.1172798, 29.2317535 ], [ 79.1192215, 29.2354848 ], [ 79.1221235, 29.238035 ], [ 79.1251279, 29.2394287 ], [ 79.1270983, 29.2360787 ], [ 79.1293157, 29.2333085 ], [ 79.1306697, 29.2324998 ], [ 79.1277711, 29.2288321 ], [ 79.1263044, 29.2278485 ], [ 79.1379715, 29.2180406 ], [ 79.1378519, 29.2171859 ], [ 79.1369182, 29.2160239 ], [ 79.1338344, 29.2145186 ], [ 79.1340663, 29.2121429 ], [ 79.1333657, 29.2097306 ], [ 79.132127, 29.207317 ], [ 79.1307552, 29.2034213 ], [ 79.1291322, 29.2002807 ], [ 79.1261928, 29.1957074 ] ] ] } },
{ "type": "Feature", "properties": { "gp_code": "260382", "gp_name": "RANI NAGAL", "blkname": "BAJPUR", "dtname": "Udam Singh Nagar", "SHAPE_Area": 7591383.7235530103 }, "geometry": { "type": "Polygon", "coordinates": [ [ [ 79.1069086, 29.1882851 ], [ 79.1123521, 29.185456 ], [ 79.1133233, 29.1857093 ], [ 79.1147379, 29.1853865 ], [ 79.1159139, 29.1847206 ], [ 79.1261928, 29.1957074 ], [ 79.1304313, 29.1914501 ], [ 79.1297332, 29.1899117 ], [ 79.1301322, 29.1878407 ], [ 79.1267211, 29.1873346 ], [ 79.1268421, 29.1867069 ], [ 79.1260329, 29.1849739 ], [ 79.1236337, 29.1825019 ], [ 79.1223725, 29.1822057 ], [ 79.1218885, 29.1807566 ], [ 79.1209152, 29.1795616 ], [ 79.1172939, 29.1768417 ], [ 79.1164572, 29.1753493 ], [ 79.115114, 29.1744603 ], [ 79.1134843, 29.1741483 ], [ 79.1128973, 29.1728501 ], [ 79.1119608, 29.1717519 ], [ 79.109549, 29.1729139 ], [ 79.1079165, 29.1746543 ], [ 79.1082422, 29.1755023 ], [ 79.1101115, 29.1774018 ], [ 79.110122, 29.1784409 ], [ 79.1044996, 29.181275 ], [ 79.1034867, 29.1824658 ], [ 79.1027672, 29.1827609 ], [ 79.0997271, 29.1864906 ], [ 79.0964974, 29.188896 ], [ 79.0968396, 29.1893112 ], [ 79.0979086, 29.1933669 ], [ 79.1006269, 29.1963644 ], [ 79.1003275, 29.1978813 ], [ 79.1014497, 29.2021904 ], [ 79.1067105, 29.2058475 ], [ 79.1085072, 29.2099915 ], [ 79.1098328, 29.2111956 ], [ 79.1154468, 29.2073481 ], [ 79.1171551, 29.2067554 ], [ 79.1176114, 29.2056559 ], [ 79.1163734, 29.2031776 ], [ 79.116438, 29.2016668 ], [ 79.115303, 29.1998659 ], [ 79.1149306, 29.1984048 ], [ 79.1136289, 29.1973271 ], [ 79.1136749, 29.1959263 ], [ 79.1131077, 29.1949786 ], [ 79.1117495, 29.1942942 ], [ 79.1103964, 29.1929014 ], [ 79.1089576, 29.1901808 ], [ 79.1074404, 29.1891649 ], [ 79.1069086, 29.1882851 ] ] ] } },
{ "type": "Feature", "properties": { "gp_code": "27087", "gp_name": "RATANPURA", "blkname": "KASHIPUR", "dtname": "Udam Singh Nagar", "SHAPE_Area": 8818485.3362638019 }, "geometry": { "type": "Polygon", "coordinates": [ [ [ 79.0983315, 29.2215859 ], [ 79.0999245, 29.2196114 ], [ 79.100087, 29.2169992 ], [ 79.0981993, 29.2101881 ], [ 79.0954444, 29.2042537 ], [ 79.0983574, 29.2032626 ], [ 79.0999156, 29.2060419 ], [ 79.100405, 29.2078077 ], [ 79.1023904, 29.2110617 ], [ 79.1054871, 29.2144477 ], [ 79.1103146, 29.2116724 ], [ 79.1085072, 29.2099915 ], [ 79.1067105, 29.2058475 ], [ 79.1014497, 29.2021904 ], [ 79.1003275, 29.1978813 ], [ 79.1006269, 29.1963644 ], [ 79.0979086, 29.1933669 ], [ 79.0930829, 29.1964291 ], [ 79.0898983, 29.1974276 ], [ 79.0841098, 29.2014348 ], [ 79.0837286, 29.2020387 ], [ 79.0796723, 29.2046495 ], [ 79.0777795, 29.2035052 ], [ 79.076283, 29.2021428 ], [ 79.0728906, 29.2036822 ], [ 79.0719927, 29.2044725 ], [ 79.074894, 29.2056438 ], [ 79.0762394, 29.2066591 ], [ 79.0766822, 29.2077591 ], [ 79.0762024, 29.2088717 ], [ 79.0712489, 29.211323 ], [ 79.0702543, 29.2127205 ], [ 79.0707874, 29.2145495 ], [ 79.0741539, 29.2186708 ], [ 79.0765046, 29.2207918 ], [ 79.0778004, 29.2229786 ], [ 79.0813126, 29.2201614 ], [ 79.0868174, 29.2169634 ], [ 79.0884115, 29.2190742 ], [ 79.0887218, 29.2207761 ], [ 79.0885357, 29.221688 ], [ 79.0897222, 29.2213484 ], [ 79.0913326, 29.2219242 ], [ 79.0920802, 29.2227155 ], [ 79.0927851, 29.2244511 ], [ 79.0949736, 29.2244634 ], [ 79.0962761, 29.2229911 ], [ 79.0983315, 29.2215859 ] ] ] } },
{ "type": "Feature", "properties": { "gp_code": "27202", "gp_name": "MEHTA BAN", "blkname": "KASHIPUR", "dtname": "Udam Singh Nagar", "SHAPE_Area": 2180747.0908266921 }, "geometry": { "type": "Polygon", "coordinates": [ [ [ 79.0778004, 29.2229786 ], [ 79.0803631, 29.2253778 ], [ 79.0819078, 29.2258184 ], [ 79.0869135, 29.2259592 ], [ 79.0883524, 29.2268399 ], [ 79.0886374, 29.2271294 ], [ 79.0887605, 29.2285063 ], [ 79.087999, 29.2301093 ], [ 79.0888001, 29.2321799 ], [ 79.0901067, 29.2338126 ], [ 79.0935452, 29.2369047 ], [ 79.0964586, 29.2342586 ], [ 79.0999613, 29.2327363 ], [ 79.0965452, 29.2303596 ], [ 79.0927851, 29.2244511 ], [ 79.0920802, 29.2227155 ], [ 79.0913326, 29.2219242 ], [ 79.0897222, 29.2213484 ], [ 79.0885357, 29.221688 ], [ 79.0887218, 29.2207761 ], [ 79.0884115, 29.2190742 ], [ 79.0868174, 29.2169634 ], [ 79.0813126, 29.2201614 ], [ 79.0778004, 29.2229786 ] ] ] } },
{ "type": "Feature", "properties": { "gp_code": "243126", "gp_name": "GULJARPUR", "blkname": "KASHIPUR", "dtname": "Udam Singh Nagar", "SHAPE_Area": 10119172.667841572 }, "geometry": { "type": "Polygon", "coordinates": [ [ [ 79.0901653, 29.2737321 ], [ 79.0907495, 29.2707498 ], [ 79.0901855, 29.2672762 ], [ 79.0908103, 29.2657957 ], [ 79.0896418, 29.2655738 ], [ 79.0894789, 29.2641542 ], [ 79.0887033, 29.2635545 ], [ 79.0883504, 29.2624379 ], [ 79.0885912, 29.2611219 ], [ 79.0897469, 29.2594233 ], [ 79.0894591, 29.2587314 ], [ 79.0902457, 29.2575298 ], [ 79.0884564, 29.2520153 ], [ 79.0880611, 29.2478466 ], [ 79.0873511, 29.2468036 ], [ 79.0872187, 29.2452918 ], [ 79.0869437, 29.2445417 ], [ 79.0851178, 29.2431763 ], [ 79.0935452, 29.2369047 ], [ 79.0901067, 29.2338126 ], [ 79.0888001, 29.2321799 ], [ 79.087999, 29.2301093 ], [ 79.0887605, 29.2285063 ], [ 79.0886374, 29.2271294 ], [ 79.0883524, 29.2268399 ], [ 79.0869135, 29.2259592 ], [ 79.0819078, 29.2258184 ], [ 79.0803631, 29.2253778 ], [ 79.0778004, 29.2229786 ], [ 79.0749517, 29.2242304 ], [ 79.0756734, 29.2259268 ], [ 79.0755731, 29.2267527 ], [ 79.0740469, 29.2293058 ], [ 79.0719986, 29.2298231 ], [ 79.0697727, 29.2298758 ], [ 79.071253, 29.2320612 ], [ 79.0716133, 29.2332416 ], [ 79.07195, 29.240283 ], [ 79.0735455, 29.2435394 ], [ 79.0717988, 29.2467656 ], [ 79.0726112, 29.2481879 ], [ 79.0743141, 29.2494055 ], [ 79.0759048, 29.2498572 ], [ 79.0759868, 29.2502797 ], [ 79.0740105, 29.252502 ], [ 79.0739137, 29.2529789 ], [ 79.0759861, 29.2565509 ], [ 79.0741569, 29.2578635 ], [ 79.0723015, 29.2585212 ], [ 79.0721734, 29.2590251 ], [ 79.0722953, 29.2593531 ], [ 79.0734123, 29.2597143 ], [ 79.0744404, 29.2605112 ], [ 79.0747409, 29.2619043 ], [ 79.0766586, 29.2664438 ], [ 79.0774493, 29.2677987 ], [ 79.07901, 29.2691444 ], [ 79.0798135, 29.2719178 ], [ 79.0829442, 29.2726644 ], [ 79.0843883, 29.2726102 ], [ 79.0864224, 29.2730308 ], [ 79.0872958, 29.2727085 ], [ 79.0888508, 29.2727174 ], [ 79.0901653, 29.2737321 ] ] ] } },
{ "type": "Feature", "properties": { "gp_code": "", "gp_name": "", "blkname": "KASHIPUR", "dtname": "Udam Singh Nagar", "SHAPE_Area": 3326174.645215366 }, "geometry": { "type": "Polygon", "coordinates": [ [ [ 79.0352036, 29.2484528 ], [ 79.0358087, 29.2462576 ], [ 79.0361362, 29.2432268 ], [ 79.0357672, 29.2412147 ], [ 79.0348497, 29.2402871 ], [ 79.0324296, 29.240162 ], [ 79.0307624, 29.2394816 ], [ 79.0293033, 29.2393638 ], [ 79.0284442, 29.2385471 ], [ 79.0268808, 29.2352381 ], [ 79.0245418, 29.2351531 ], [ 79.022388, 29.2355543 ], [ 79.0163217, 29.2376345 ], [ 79.0103574, 29.2387288 ], [ 79.0108786, 29.2395341 ], [ 79.0117003, 29.2396338 ], [ 79.012406, 29.2390587 ], [ 79.0129937, 29.2397481 ], [ 79.013924, 29.2397538 ], [ 79.0147661, 29.2406696 ], [ 79.0154317, 29.2434407 ], [ 79.016298, 29.2447113 ], [ 79.0164145, 29.2470179 ], [ 79.0174875, 29.247734 ], [ 79.0195316, 29.2484087 ], [ 79.0204526, 29.2495968 ], [ 79.0352036, 29.2484528 ] ] ] } },
{ "type": "Feature", "properties": { "gp_code": "260399", "gp_name": "DOHARI VAKIL", "blkname": "KASHIPUR", "dtname": "Udam Singh Nagar", "SHAPE_Area": 4075041.1682935334 }, "geometry": { "type": "Polygon", "coordinates": [ [ [ 79.0103574, 29.2387288 ], [ 79.0163217, 29.2376345 ], [ 79.022388, 29.2355543 ], [ 79.0245418, 29.2351531 ], [ 79.0287396, 29.235079 ], [ 79.0294084, 29.2344155 ], [ 79.0278984, 29.2323374 ], [ 79.0288572, 29.2311288 ], [ 79.0198482, 29.221736 ], [ 79.0183082, 29.2211777 ], [ 79.0153854, 29.2211598 ], [ 79.0124402, 29.2233511 ], [ 79.0096935, 29.224509 ], [ 79.007554, 29.2259512 ], [ 79.0064622, 29.2267345 ], [ 79.0058089, 29.2280325 ], [ 79.0049256, 29.2284983 ], [ 79.0045668, 29.2301339 ], [ 79.0047509, 29.2330266 ], [ 79.0051976, 29.2347886 ], [ 79.0057264, 29.2349334 ], [ 79.0067246, 29.2340297 ], [ 79.0073219, 29.2342558 ], [ 79.0072769, 29.2357224 ], [ 79.0076748, 29.2367476 ], [ 79.0062361, 29.2370396 ], [ 79.0062596, 29.2373863 ], [ 79.0077421, 29.2380772 ], [ 79.007738, 29.2385856 ], [ 79.0103574, 29.2387288 ] ] ] } },
{ "type": "Feature", "properties": { "gp_code": "260074", "gp_name": "Pachchawala", "blkname": "KASHIPUR", "dtname": "Udam Singh Nagar", "SHAPE_Area": 5122051.2216426441 }, "geometry": { "type": "Polygon", "coordinates": [ [ [ 79.0468403, 29.2393198 ], [ 79.0448218, 29.238019 ], [ 79.0445985, 29.2374961 ], [ 79.046549, 29.2362802 ], [ 79.0462054, 29.2354804 ], [ 79.0431001, 29.2310274 ], [ 79.0406937, 29.2285412 ], [ 79.0354594, 29.2241997 ], [ 79.0337741, 29.2214185 ], [ 79.0327987, 29.2185306 ], [ 79.0282375, 29.2196695 ], [ 79.0257075, 29.2206945 ], [ 79.0231277, 29.2206482 ], [ 79.0205335, 29.2224557 ], [ 79.0288572, 29.2311288 ], [ 79.0278984, 29.2323374 ], [ 79.0294084, 29.2344155 ], [ 79.0287396, 29.235079 ], [ 79.0268808, 29.2352381 ], [ 79.0284442, 29.2385471 ], [ 79.0293033, 29.2393638 ], [ 79.0307624, 29.2394816 ], [ 79.0324296, 29.240162 ], [ 79.0348497, 29.2402871 ], [ 79.0357672, 29.2412147 ], [ 79.0361362, 29.2432268 ], [ 79.0358087, 29.2462576 ], [ 79.0352036, 29.2484528 ], [ 79.0361985, 29.2476883 ], [ 79.0446485, 29.2438369 ], [ 79.0458813, 29.2426993 ], [ 79.0465166, 29.2416192 ], [ 79.0468403, 29.2393198 ] ] ] } },
{ "type": "Feature", "properties": { "gp_code": "27200", "gp_name": "KUNDESHWARI", "blkname": "KASHIPUR", "dtname": "Udam Singh Nagar", "SHAPE_Area": 6784207.3809631877 }, "geometry": { "type": "Polygon", "coordinates": [ [ [ 79.0327987, 29.2185306 ], [ 79.0338804, 29.2185371 ], [ 79.0359029, 29.2170197 ], [ 79.0380328, 29.2164377 ], [ 79.0370998, 29.2145531 ], [ 79.0395559, 29.2113016 ], [ 79.0389993, 29.2104787 ], [ 79.0381485, 29.2103892 ], [ 79.0360415, 29.2111239 ], [ 79.034608, 29.2112159 ], [ 79.0334617, 29.2099886 ], [ 79.0318153, 29.2088929 ], [ 79.0315916, 29.2076501 ], [ 79.0321662, 29.2061832 ], [ 79.0338491, 29.2036227 ], [ 79.0340626, 29.2025005 ], [ 79.0339042, 29.20168 ], [ 79.0301048, 29.2006442 ], [ 79.0298538, 29.1998477 ], [ 79.0312682, 29.1980965 ], [ 79.0288211, 29.1984507 ], [ 79.0288517, 29.1991256 ], [ 79.0281168, 29.2009232 ], [ 79.0268924, 29.2015137 ], [ 79.0226457, 29.2016592 ], [ 79.0212357, 29.2013829 ], [ 79.0195894, 29.2005919 ], [ 79.0168965, 29.2010253 ], [ 79.0118907, 29.2025727 ], [ 79.0083917, 29.2030114 ], [ 79.0039963, 29.2040577 ], [ 79.0051135, 29.2054513 ], [ 79.0070719, 29.2093028 ], [ 79.0088092, 29.2118975 ], [ 79.008365, 29.2127478 ], [ 79.0086366, 29.213348 ], [ 79.0097357, 29.2128989 ], [ 79.013517, 29.2160526 ], [ 79.0183082, 29.2211777 ], [ 79.0198482, 29.221736 ], [ 79.0205335, 29.2224557 ], [ 79.0231277, 29.2206482 ], [ 79.0257075, 29.2206945 ], [ 79.0282375, 29.2196695 ], [ 79.0327987, 29.2185306 ] ] ] } },
{ "type": "Feature", "properties": { "gp_code": "27184", "gp_name": "DHAKIYA KALAN", "blkname": "KASHIPUR", "dtname": "Udam Singh Nagar", "SHAPE_Area": 21033674.237385374 }, "geometry": { "type": "Polygon", "coordinates": [ [ [ 79.072363, 29.2453657 ], [ 79.0735455, 29.2435394 ], [ 79.07195, 29.240283 ], [ 79.0716133, 29.2332416 ], [ 79.071253, 29.2320612 ], [ 79.0682928, 29.2276293 ], [ 79.0674444, 29.224575 ], [ 79.0616652, 29.210713 ], [ 79.060846, 29.2079052 ], [ 79.058283, 29.2023254 ], [ 79.0555429, 29.1994167 ], [ 79.0538455, 29.1985582 ], [ 79.0513025, 29.1980395 ], [ 79.0498932, 29.1970394 ], [ 79.0487295, 29.1920894 ], [ 79.0452913, 29.1867386 ], [ 79.0422422, 29.1798157 ], [ 79.0393581, 29.1747828 ], [ 79.0335978, 29.1769505 ], [ 79.0317169, 29.1773245 ], [ 79.0330968, 29.1803483 ], [ 79.0338323, 29.1830843 ], [ 79.0335993, 29.1854591 ], [ 79.0343962, 29.1937368 ], [ 79.0345249, 29.1983522 ], [ 79.0344701, 29.1987707 ], [ 79.0338887, 29.1989329 ], [ 79.0322216, 29.1982228 ], [ 79.0313771, 29.1982177 ], [ 79.0298538, 29.1998477 ], [ 79.0301048, 29.2006442 ], [ 79.0339042, 29.20168 ], [ 79.0338491, 29.2036227 ], [ 79.0321662, 29.2061832 ], [ 79.0316278, 29.2082891 ], [ 79.0318153, 29.2088929 ], [ 79.0334617, 29.2099886 ], [ 79.034608, 29.2112159 ], [ 79.0360415, 29.2111239 ], [ 79.0381485, 29.2103892 ], [ 79.0389993, 29.2104787 ], [ 79.0395559, 29.2113016 ], [ 79.0370998, 29.2145531 ], [ 79.0380328, 29.2164377 ], [ 79.0359029, 29.2170197 ], [ 79.0338804, 29.2185371 ], [ 79.0327987, 29.2185306 ], [ 79.0337741, 29.2214185 ], [ 79.0354594, 29.2241997 ], [ 79.0406937, 29.2285412 ], [ 79.0431001, 29.2310274 ], [ 79.046549, 29.2362802 ], [ 79.0445985, 29.2374961 ], [ 79.0448218, 29.238019 ], [ 79.0475174, 29.2399796 ], [ 79.0482349, 29.2400018 ], [ 79.0499702, 29.238321 ], [ 79.051671, 29.238457 ], [ 79.0528568, 29.2389137 ], [ 79.0536305, 29.2396379 ], [ 79.0539139, 29.2403979 ], [ 79.0538622, 29.2419903 ], [ 79.0542617, 29.2428977 ], [ 79.0550152, 29.2435678 ], [ 79.0567174, 29.2435681 ], [ 79.060208, 29.2426645 ], [ 79.0623569, 29.2428455 ], [ 79.0658607, 29.2426141 ], [ 79.0663333, 29.2437502 ], [ 79.066326, 29.244726 ], [ 79.0690143, 29.245386 ], [ 79.072363, 29.2453657 ] ] ] } },
{ "type": "Feature", "properties": { "gp_code": "27202", "gp_name": "MEHTA BAN", "blkname": "KASHIPUR", "dtname": "Udam Singh Nagar", "SHAPE_Area": 3287808.4941387163 }, "geometry": { "type": "Polygon", "coordinates": [ [ [ 79.0778004, 29.2229786 ], [ 79.0765046, 29.2207918 ], [ 79.0741539, 29.2186708 ], [ 79.0707874, 29.2145495 ], [ 79.0702543, 29.2127205 ], [ 79.0712489, 29.211323 ], [ 79.076347, 29.2087286 ], [ 79.0766822, 29.2077591 ], [ 79.0762394, 29.2066591 ], [ 79.074894, 29.2056438 ], [ 79.0719927, 29.2044725 ], [ 79.0691348, 29.2044251 ], [ 79.06455, 29.2065882 ], [ 79.0632176, 29.2077422 ], [ 79.0610542, 29.2088384 ], [ 79.0654578, 29.2202224 ], [ 79.0674444, 29.224575 ], [ 79.0682928, 29.2276293 ], [ 79.0697727, 29.2298758 ], [ 79.0719986, 29.2298231 ], [ 79.0740469, 29.2293058 ], [ 79.0755731, 29.2267527 ], [ 79.0756734, 29.2259268 ], [ 79.0749517, 29.2242304 ], [ 79.0778004, 29.2229786 ] ] ] } },
{ "type": "Feature", "properties": { "gp_code": "", "gp_name": "", "blkname": "KASHIPUR", "dtname": "Udam Singh Nagar", "SHAPE_Area": 2607022.622251011 }, "geometry": { "type": "Polygon", "coordinates": [ [ [ 79.0719927, 29.2044725 ], [ 79.0728906, 29.2036822 ], [ 79.076283, 29.2021428 ], [ 79.0732345, 29.198717 ], [ 79.0683833, 29.1899529 ], [ 79.065932, 29.1903795 ], [ 79.0630646, 29.1918504 ], [ 79.0615926, 29.1942161 ], [ 79.0609277, 29.19674 ], [ 79.058283, 29.2023254 ], [ 79.0610542, 29.2088384 ], [ 79.0632176, 29.2077422 ], [ 79.06455, 29.2065882 ], [ 79.0685594, 29.2046171 ], [ 79.0703303, 29.2043395 ], [ 79.0719927, 29.2044725 ] ] ] } },
{ "type": "Feature", "properties": { "gp_code": "260064", "gp_name": "Ramjiwanpur", "blkname": "KASHIPUR", "dtname": "Udam Singh Nagar", "SHAPE_Area": 1208203.4215944165 }, "geometry": { "type": "Polygon", "coordinates": [ [ [ 79.0773643, 29.1854118 ], [ 79.0757218, 29.1834291 ], [ 79.0743778, 29.1808868 ], [ 79.0706818, 29.1759454 ], [ 79.0698703, 29.1741618 ], [ 79.0691058, 29.1732915 ], [ 79.0641341, 29.1751969 ], [ 79.064223, 29.1758862 ], [ 79.0650936, 29.1769657 ], [ 79.0671829, 29.178741 ], [ 79.0688917, 29.1810376 ], [ 79.0695675, 29.1829975 ], [ 79.069153, 29.1838492 ], [ 79.0691687, 29.185943 ], [ 79.0697089, 29.1892245 ], [ 79.0773643, 29.1854118 ] ] ] } },
{ "type": "Feature", "properties": { "gp_code": "27202", "gp_name": "MEHTA BAN", "blkname": "KASHIPUR", "dtname": "Udam Singh Nagar", "SHAPE_Area": 1734723.0436823263 }, "geometry": { "type": "Polygon", "coordinates": [ [ [ 79.064223, 29.1758862 ], [ 79.0641341, 29.1751969 ], [ 79.0575484, 29.1776937 ], [ 79.059439, 29.1814201 ], [ 79.0610924, 29.1856802 ], [ 79.0612696, 29.1876599 ], [ 79.0609096, 29.1896138 ], [ 79.0623497, 29.1900905 ], [ 79.0630646, 29.1918504 ], [ 79.0654283, 29.1905694 ], [ 79.0683833, 29.1899529 ], [ 79.0697089, 29.1892245 ], [ 79.0691687, 29.185943 ], [ 79.069153, 29.1838492 ], [ 79.0695675, 29.1829975 ], [ 79.0688917, 29.1810376 ], [ 79.0671829, 29.178741 ], [ 79.064223, 29.1758862 ] ] ] } },
{ "type": "Feature", "properties": { "gp_code": "27072", "gp_name": "JAGANNATHPUR", "blkname": "BAJPUR", "dtname": "Udam Singh Nagar", "SHAPE_Area": 2378490.5970452912 }, "geometry": { "type": "Polygon", "coordinates": [ [ [ 79.0817229, 29.1682437 ], [ 79.080515, 29.1669211 ], [ 79.0772012, 29.1602366 ], [ 79.0741634, 29.155241 ], [ 79.0730172, 29.1521533 ], [ 79.0673773, 29.1530891 ], [ 79.0631638, 29.1547289 ], [ 79.0652168, 29.1565391 ], [ 79.0682593, 29.1608599 ], [ 79.0708032, 29.1676245 ], [ 79.0718589, 29.1717663 ], [ 79.0748464, 29.1709295 ], [ 79.0773369, 29.1695832 ], [ 79.0817229, 29.1682437 ] ] ] } },
{ "type": "Feature", "properties": { "gp_code": "", "gp_name": "", "blkname": "BAJPUR", "dtname": "Udam Singh Nagar", "SHAPE_Area": 6062267.0312400777 }, "geometry": { "type": "Polygon", "coordinates": [ [ [ 79.0575484, 29.1776937 ], [ 79.0680617, 29.1738207 ], [ 79.0718589, 29.1717663 ], [ 79.0708032, 29.1676245 ], [ 79.0682593, 29.1608599 ], [ 79.0652168, 29.1565391 ], [ 79.0631638, 29.1547289 ], [ 79.0612194, 29.1548314 ], [ 79.0594195, 29.1554223 ], [ 79.0579255, 29.1547145 ], [ 79.0566816, 29.1552112 ], [ 79.0547971, 29.1547449 ], [ 79.053704, 29.1548685 ], [ 79.0537755, 29.1552103 ], [ 79.0505045, 29.1569304 ], [ 79.0480374, 29.1600043 ], [ 79.0453767, 29.1641824 ], [ 79.0479799, 29.1691758 ], [ 79.0518888, 29.1750671 ], [ 79.0529164, 29.1761201 ], [ 79.0538441, 29.1779163 ], [ 79.0542807, 29.178277 ], [ 79.0575484, 29.1776937 ] ] ] } },
{ "type": "Feature", "properties": { "gp_code": "293911", "gp_name": "JATPURGHOSI", "blkname": "KASHIPUR", "dtname": "Udam Singh Nagar", "SHAPE_Area": 12602505.80500461 }, "geometry": { "type": "Polygon", "coordinates": [ [ [ 79.059439, 29.1814201 ], [ 79.0575484, 29.1776937 ], [ 79.0542807, 29.178277 ], [ 79.0538441, 29.1779163 ], [ 79.0529164, 29.1761201 ], [ 79.0518888, 29.1750671 ], [ 79.0479799, 29.1691758 ], [ 79.0453767, 29.1641824 ], [ 79.0394374, 29.1685684 ], [ 79.0367657, 29.1693326 ], [ 79.0343598, 29.1692531 ], [ 79.035231, 29.1697397 ], [ 79.0360026, 29.1706696 ], [ 79.029036, 29.174168 ], [ 79.0276056, 29.1743753 ], [ 79.0260197, 29.1734916 ], [ 79.0248074, 29.171294 ], [ 79.0245733, 29.1697912 ], [ 79.023558, 29.1693326 ], [ 79.0227471, 29.1696978 ], [ 79.02239, 29.1704258 ], [ 79.0211323, 29.1710042 ], [ 79.0134455, 29.1773945 ], [ 79.0120111, 29.1795554 ], [ 79.011377, 29.1826981 ], [ 79.0095906, 29.1844487 ], [ 79.0093455, 29.1854512 ], [ 79.0096008, 29.1868384 ], [ 79.0112804, 29.1880609 ], [ 79.0156259, 29.185005 ], [ 79.0188135, 29.1882065 ], [ 79.0209342, 29.1908952 ], [ 79.0285157, 29.1977598 ], [ 79.0288211, 29.1984507 ], [ 79.0312682, 29.1980965 ], [ 79.0343113, 29.1988873 ], [ 79.0345229, 29.1986113 ], [ 79.0343962, 29.1937368 ], [ 79.0335993, 29.1854591 ], [ 79.0338323, 29.1830843 ], [ 79.0330968, 29.1803483 ], [ 79.0317169, 29.1773245 ], [ 79.0335978, 29.1769505 ], [ 79.0393581, 29.1747828 ], [ 79.0422422, 29.1798157 ], [ 79.0452913, 29.1867386 ], [ 79.0487295, 29.1920894 ], [ 79.0498932, 29.1970394 ], [ 79.0513025, 29.1980395 ], [ 79.0538455, 29.1985582 ], [ 79.0555429, 29.1994167 ], [ 79.058283, 29.2023254 ], [ 79.0609277, 29.19674 ], [ 79.0615926, 29.1942161 ], [ 79.0630646, 29.1918504 ], [ 79.0623497, 29.1900905 ], [ 79.0609096, 29.1896138 ], [ 79.0612696, 29.1876599 ], [ 79.0610924, 29.1856802 ], [ 79.059439, 29.1814201 ] ] ] } },
{ "type": "Feature", "properties": { "gp_code": "27183", "gp_name": "DABHOURA MUSTKAM", "blkname": "KASHIPUR", "dtname": "Udam Singh Nagar", "SHAPE_Area": 16754850.580933651 }, "geometry": { "type": "Polygon", "coordinates": [ [ [ 79.0321262, 29.1684269 ], [ 79.0291904, 29.1650932 ], [ 79.0293166, 29.1631758 ], [ 79.0300512, 29.1615547 ], [ 79.0317697, 29.1595819 ], [ 79.0323656, 29.1591304 ], [ 79.0382708, 29.1590846 ], [ 79.0393682, 29.1584084 ], [ 79.0392086, 29.1575134 ], [ 79.0359482, 29.1530886 ], [ 79.0371989, 29.1493573 ], [ 79.037803, 29.1454595 ], [ 79.0364618, 29.1441835 ], [ 79.0353533, 29.1439168 ], [ 79.0310991, 29.1459394 ], [ 79.0286384, 29.1481678 ], [ 79.0271604, 29.1501746 ], [ 79.0255586, 29.1537899 ], [ 79.024512, 29.1550677 ], [ 79.0227845, 29.1558375 ], [ 79.0190834, 29.1557174 ], [ 79.0180368, 29.1546381 ], [ 79.0178211, 29.1538403 ], [ 79.0180004, 29.1522321 ], [ 79.0192004, 29.1502887 ], [ 79.0206175, 29.1489807 ], [ 79.0210304, 29.1473407 ], [ 79.021042, 29.1451432 ], [ 79.020826, 29.1440188 ], [ 79.0195314, 29.141667 ], [ 79.0172087, 29.1376673 ], [ 79.0154854, 29.1354303 ], [ 79.0149775, 29.1335097 ], [ 79.0151719, 29.1328849 ], [ 79.0169206, 29.1307721 ], [ 79.0189526, 29.1293345 ], [ 79.0239904, 29.131053 ], [ 79.0266406, 29.1324319 ], [ 79.027579, 29.132398 ], [ 79.0281041, 29.1321476 ], [ 79.031753, 29.1281049 ], [ 79.0405139, 29.1278009 ], [ 79.0406336, 29.1274847 ], [ 79.0397492, 29.1252212 ], [ 79.0384708, 29.1237476 ], [ 79.0345582, 29.1177021 ], [ 79.0288281, 29.1134601 ], [ 79.0266988, 29.1124171 ], [ 79.024833, 29.1124122 ], [ 79.0223626, 29.1139502 ], [ 79.0174007, 29.1161767 ], [ 79.0141931, 29.1166181 ], [ 79.0125685, 29.1159772 ], [ 79.0097376, 29.113484 ], [ 79.0085211, 29.1119132 ], [ 79.0081699, 29.1119111 ], [ 79.0077548, 29.1125873 ], [ 79.0073857, 29.1162873 ], [ 79.0062503, 29.1182793 ], [ 79.0076954, 29.1193959 ], [ 79.0087816, 29.1219042 ], [ 79.0083132, 29.1234671 ], [ 79.0076735, 29.1244093 ], [ 79.008209, 29.1266134 ], [ 79.0088971, 29.1276614 ], [ 79.0078997, 29.129419 ], [ 79.0074965, 29.1311442 ], [ 79.0078148, 29.132334 ], [ 79.0104588, 29.1347798 ], [ 79.0108592, 29.1359521 ], [ 79.010674, 29.1386145 ], [ 79.0100702, 29.1398165 ], [ 79.0093689, 29.1403881 ], [ 79.0077451, 29.1410259 ], [ 79.0038727, 29.1435575 ], [ 79.0015168, 29.1460264 ], [ 79.002115, 29.1480817 ], [ 79.0015687, 29.1497519 ], [ 79.001701, 29.1511385 ], [ 79.0058361, 29.1534831 ], [ 79.0078347, 29.1572386 ], [ 79.0089944, 29.160845 ], [ 79.0108294, 29.1645814 ], [ 79.0124655, 29.164786 ], [ 79.0138627, 29.1672729 ], [ 79.0157063, 29.1681172 ], [ 79.0172204, 29.1676945 ], [ 79.0200685, 29.1659226 ], [ 79.0214976, 29.1658697 ], [ 79.0226414, 29.1663599 ], [ 79.0240375, 29.1675202 ], [ 79.023558, 29.1693326 ], [ 79.0245733, 29.1697912 ], [ 79.0248074, 29.171294 ], [ 79.0256836, 29.1730474 ], [ 79.0276056, 29.1743753 ], [ 79.029036, 29.174168 ], [ 79.0360026, 29.1706696 ], [ 79.035231, 29.1697397 ], [ 79.0321262, 29.1684269 ] ] ] } },
{ "type": "Feature", "properties": { "gp_code": "27074", "gp_name": "KANAURA", "blkname": "BAJPUR", "dtname": "Udam Singh Nagar", "SHAPE_Area": 2008728.134901044 }, "geometry": { "type": "Polygon", "coordinates": [ [ [ 79.1046245, 29.1489724 ], [ 79.1038814, 29.1483678 ], [ 79.1036354, 29.1456949 ], [ 79.1022351, 29.1435806 ], [ 79.1037855, 29.1396351 ], [ 79.1029803, 29.1384656 ], [ 79.0990481, 29.136073 ], [ 79.0963639, 29.1391268 ], [ 79.0891817, 29.1441501 ], [ 79.0912378, 29.1463103 ], [ 79.0954211, 29.152409 ], [ 79.1046245, 29.1489724 ] ] ] } },
{ "type": "Feature", "properties": { "gp_code": "260380", "gp_name": "KANAURI", "blkname": "BAJPUR", "dtname": "Udam Singh Nagar", "SHAPE_Area": 3018866.434194807 }, "geometry": { "type": "Polygon", "coordinates": [ [ [ 79.0988016, 29.157983 ], [ 79.0912378, 29.1463103 ], [ 79.0891817, 29.1441501 ], [ 79.0791432, 29.1494755 ], [ 79.082436, 29.1541072 ], [ 79.0841331, 29.1585044 ], [ 79.0875173, 29.1651489 ], [ 79.0988016, 29.157983 ] ] ] } },
{ "type": "Feature", "properties": { "gp_code": "27179", "gp_name": "GINNI KHERA", "blkname": "BAJPUR", "dtname": "Udam Singh Nagar", "SHAPE_Area": 1819645.7449873707 }, "geometry": { "type": "Polygon", "coordinates": [ [ [ 79.082436, 29.1541072 ], [ 79.0791432, 29.1494755 ], [ 79.0748689, 29.1516405 ], [ 79.0730172, 29.1521533 ], [ 79.0741634, 29.155241 ], [ 79.0772012, 29.1602366 ], [ 79.080515, 29.1669211 ], [ 79.0817229, 29.1682437 ], [ 79.0875173, 29.1651489 ], [ 79.0841331, 29.1585044 ], [ 79.082436, 29.1541072 ] ] ] } },
{ "type": "Feature", "properties": { "gp_code": "27088", "gp_name": "SARKADA", "blkname": "BAJPUR", "dtname": "Udam Singh Nagar", "SHAPE_Area": 2077038.545268202 }, "geometry": { "type": "Polygon", "coordinates": [ [ [ 79.0787485, 29.1849789 ], [ 79.0802053, 29.1822574 ], [ 79.0842986, 29.1787985 ], [ 79.0838416, 29.1775522 ], [ 79.0838907, 29.1757578 ], [ 79.0817229, 29.1682437 ], [ 79.0773369, 29.1695832 ], [ 79.0748464, 29.1709295 ], [ 79.0718589, 29.1717663 ], [ 79.0691058, 29.1732915 ], [ 79.0698703, 29.1741618 ], [ 79.0706818, 29.1759454 ], [ 79.0743778, 29.1808868 ], [ 79.0757218, 29.1834291 ], [ 79.0773643, 29.1854118 ], [ 79.0787485, 29.1849789 ] ] ] } },
{ "type": "Feature", "properties": { "gp_code": "293894", "gp_name": "MADIYA BAKSI", "blkname": "BAJPUR", "dtname": "Udam Singh Nagar", "SHAPE_Area": 9939480.3509309497 }, "geometry": { "type": "Polygon", "coordinates": [ [ [ 79.10291, 29.166659 ], [ 79.1024766, 29.165667 ], [ 79.094975, 29.1714247 ], [ 79.0915398, 29.1734165 ], [ 79.0908747, 29.1742392 ], [ 79.0842986, 29.1787985 ], [ 79.0802053, 29.1822574 ], [ 79.0787485, 29.1849789 ], [ 79.0753493, 29.1862542 ], [ 79.0713455, 29.1886279 ], [ 79.0683833, 29.1899529 ], [ 79.0732345, 29.198717 ], [ 79.0777795, 29.2035052 ], [ 79.0796723, 29.2046495 ], [ 79.0837286, 29.2020387 ], [ 79.0841098, 29.2014348 ], [ 79.0898983, 29.1974276 ], [ 79.0930829, 29.1964291 ], [ 79.0979086, 29.1933669 ], [ 79.0968396, 29.1893112 ], [ 79.0964974, 29.188896 ], [ 79.0997271, 29.1864906 ], [ 79.1027672, 29.1827609 ], [ 79.1034867, 29.1824658 ], [ 79.1044996, 29.181275 ], [ 79.110122, 29.1784409 ], [ 79.1101115, 29.1774018 ], [ 79.1082422, 29.1755023 ], [ 79.1055686, 29.1695169 ], [ 79.1045506, 29.1679186 ], [ 79.10291, 29.166659 ] ] ] } },
{ "type": "Feature", "properties": { "gp_code": "27086", "gp_name": "RAMPURA SAKAR", "blkname": "BAJPUR", "dtname": "Udam Singh Nagar", "SHAPE_Area": 2798507.1599635738 }, "geometry": { "type": "Polygon", "coordinates": [ [ [ 79.0842986, 29.1787985 ], [ 79.0908747, 29.1742392 ], [ 79.0915398, 29.1734165 ], [ 79.094975, 29.1714247 ], [ 79.1024766, 29.165667 ], [ 79.1001995, 29.1599194 ], [ 79.0988016, 29.157983 ], [ 79.0875173, 29.1651489 ], [ 79.0817229, 29.1682437 ], [ 79.0838907, 29.1757578 ], [ 79.0838416, 29.1775522 ], [ 79.0842986, 29.1787985 ] ] ] } },
{ "type": "Feature", "properties": { "gp_code": "27054", "gp_name": "BAJPUR GAON", "blkname": "BAJPUR", "dtname": "Udam Singh Nagar", "SHAPE_Area": 6440323.5066512497 }, "geometry": { "type": "Polygon", "coordinates": [ [ [ 79.109549, 29.1729139 ], [ 79.1124063, 29.1713045 ], [ 79.114259, 29.1711494 ], [ 79.1141751, 29.1703771 ], [ 79.1155545, 29.1699168 ], [ 79.1165054, 29.1685995 ], [ 79.1176043, 29.1685229 ], [ 79.1197527, 29.1664959 ], [ 79.1195068, 29.1657782 ], [ 79.1208481, 29.1650489 ], [ 79.1221022, 29.1652211 ], [ 79.1231405, 29.1648411 ], [ 79.1249861, 29.1636113 ], [ 79.1232406, 29.1613586 ], [ 79.1226084, 29.1583815 ], [ 79.1193669, 29.152988 ], [ 79.1166504, 29.1468692 ], [ 79.1116903, 29.148566 ], [ 79.1087218, 29.1490317 ], [ 79.1046245, 29.1489724 ], [ 79.0954211, 29.152409 ], [ 79.1001995, 29.1599194 ], [ 79.10291, 29.166659 ], [ 79.1045506, 29.1679186 ], [ 79.1055686, 29.1695169 ], [ 79.1079165, 29.1746543 ], [ 79.109549, 29.1729139 ] ] ] } },
{ "type": "Feature", "properties": { "gp_code": "27076", "gp_name": "KESHOAWALA", "blkname": "BAJPUR", "dtname": "Udam Singh Nagar", "SHAPE_Area": 3502468.2811460653 }, "geometry": { "type": "Polygon", "coordinates": [ [ [ 79.1327873, 29.182923 ], [ 79.1320945, 29.1819747 ], [ 79.1327317, 29.1806243 ], [ 79.1322166, 29.1799131 ], [ 79.1327269, 29.1787509 ], [ 79.1316368, 29.1759659 ], [ 79.1319162, 29.1744876 ], [ 79.1307054, 29.1732531 ], [ 79.129954, 29.1729972 ], [ 79.128332, 29.171603 ], [ 79.1282477, 29.1708311 ], [ 79.1287023, 29.1699363 ], [ 79.128536, 29.1674996 ], [ 79.1249861, 29.1636113 ], [ 79.1231405, 29.1648411 ], [ 79.1221022, 29.1652211 ], [ 79.1208481, 29.1650489 ], [ 79.1195068, 29.1657782 ], [ 79.1197527, 29.1664959 ], [ 79.1176043, 29.1685229 ], [ 79.1165054, 29.1685995 ], [ 79.1155545, 29.1699168 ], [ 79.1141751, 29.1703771 ], [ 79.114259, 29.1711494 ], [ 79.1124063, 29.1713045 ], [ 79.1119608, 29.1717519 ], [ 79.1128973, 29.1728501 ], [ 79.1134843, 29.1741483 ], [ 79.115114, 29.1744603 ], [ 79.1164572, 29.1753493 ], [ 79.1172939, 29.1768417 ], [ 79.1209152, 29.1795616 ], [ 79.1218885, 29.1807566 ], [ 79.1223725, 29.1822057 ], [ 79.1236337, 29.1825019 ], [ 79.1260329, 29.1849739 ], [ 79.1268421, 29.1867069 ], [ 79.1327873, 29.182923 ] ] ] } },
{ "type": "Feature", "properties": { "gp_code": "27081", "gp_name": "MUDIYA KALA", "blkname": "BAJPUR", "dtname": "Udam Singh Nagar", "SHAPE_Area": 5222574.0607401058 }, "geometry": { "type": "Polygon", "coordinates": [ [ [ 79.1401564, 29.1624249 ], [ 79.1437067, 29.1617826 ], [ 79.14318, 29.1608156 ], [ 79.1391454, 29.1566462 ], [ 79.1354651, 29.1489604 ], [ 79.1330203, 29.1452347 ], [ 79.1284419, 29.1404366 ], [ 79.1224048, 29.1434062 ], [ 79.1166504, 29.1468692 ], [ 79.1193669, 29.152988 ], [ 79.1226084, 29.1583815 ], [ 79.1232406, 29.1613586 ], [ 79.128536, 29.1674996 ], [ 79.1319454, 29.1646056 ], [ 79.1384702, 29.1612312 ], [ 79.1401564, 29.1624249 ] ] ] } },
{ "type": "Feature", "properties": { "gp_code": "260049", "gp_name": "Harlalpur", "blkname": "BAJPUR", "dtname": "Udam Singh Nagar", "SHAPE_Area": 2456301.157876885 }, "geometry": { "type": "Polygon", "coordinates": [ [ [ 79.1166504, 29.1468692 ], [ 79.1224048, 29.1434062 ], [ 79.1284419, 29.1404366 ], [ 79.1251154, 29.1372363 ], [ 79.1221596, 29.1359665 ], [ 79.1207401, 29.1348498 ], [ 79.1088671, 29.1418348 ], [ 79.1036354, 29.1456949 ], [ 79.1038814, 29.1483678 ], [ 79.1046245, 29.1489724 ], [ 79.1087218, 29.1490317 ], [ 79.1116903, 29.148566 ], [ 79.1166504, 29.1468692 ] ] ] } },
{ "type": "Feature", "properties": { "gp_code": "27080", "gp_name": "MAHESHPURA", "blkname": "BAJPUR", "dtname": "Udam Singh Nagar", "SHAPE_Area": 3260934.3957497221 }, "geometry": { "type": "Polygon", "coordinates": [ [ [ 79.1207401, 29.1348498 ], [ 79.125093, 29.1330791 ], [ 79.1245365, 29.1323132 ], [ 79.1240583, 29.130097 ], [ 79.1236851, 29.1299005 ], [ 79.1234859, 29.1291815 ], [ 79.1223008, 29.1282177 ], [ 79.1227327, 29.1273376 ], [ 79.1204198, 29.126954 ], [ 79.1194577, 29.1257671 ], [ 79.114742, 29.1280296 ], [ 79.1136523, 29.1280236 ], [ 79.1129407, 29.1275411 ], [ 79.1118992, 29.1279242 ], [ 79.1073078, 29.1313459 ], [ 79.1017555, 29.1338726 ], [ 79.0990481, 29.136073 ], [ 79.1029803, 29.1384656 ], [ 79.1037855, 29.1396351 ], [ 79.1022351, 29.1435806 ], [ 79.1036354, 29.1456949 ], [ 79.1088671, 29.1418348 ], [ 79.1207401, 29.1348498 ] ] ] } },
{ "type": "Feature", "properties": { "gp_code": "260032", "gp_name": "Kankata", "blkname": "GADARPUR", "dtname": "Udam Singh Nagar", "SHAPE_Area": 5664956.4630015576 }, "geometry": { "type": "Polygon", "coordinates": [ [ [ 79.200066, 29.0406152 ], [ 79.2013329, 29.0379078 ], [ 79.2019984, 29.037265 ], [ 79.2035466, 29.0364973 ], [ 79.2065741, 29.0342509 ], [ 79.2080458, 29.0339351 ], [ 79.2090057, 29.0332291 ], [ 79.2091563, 29.0326483 ], [ 79.2091148, 29.0283667 ], [ 79.209472, 29.0270924 ], [ 79.209953, 29.0265875 ], [ 79.2082361, 29.0250345 ], [ 79.2063061, 29.0242134 ], [ 79.2059512, 29.0238451 ], [ 79.2055452, 29.0221676 ], [ 79.204777, 29.0212475 ], [ 79.2036489, 29.0207445 ], [ 79.1996907, 29.0205153 ], [ 79.1974069, 29.0213803 ], [ 79.1951841, 29.0197815 ], [ 79.1942624, 29.0197183 ], [ 79.1934972, 29.0203544 ], [ 79.1932147, 29.0214261 ], [ 79.1920638, 29.0232766 ], [ 79.1907701, 29.0231773 ], [ 79.1901198, 29.0223777 ], [ 79.190093, 29.0213874 ], [ 79.1908922, 29.0189491 ], [ 79.1940193, 29.01643 ], [ 79.1938415, 29.0155889 ], [ 79.1920922, 29.0155118 ], [ 79.1872537, 29.0175844 ], [ 79.1859479, 29.0176413 ], [ 79.1846005, 29.0172681 ], [ 79.1826721, 29.0160497 ], [ 79.1813364, 29.013069 ], [ 79.1809433, 29.0128765 ], [ 79.178238, 29.0134011 ], [ 79.1769386, 29.0133309 ], [ 79.1720216, 29.0119916 ], [ 79.1708938, 29.0120248 ], [ 79.1712624, 29.0125494 ], [ 79.1754541, 29.0148816 ], [ 79.175815, 29.0157383 ], [ 79.1741058, 29.017151 ], [ 79.1749184, 29.0182446 ], [ 79.178455, 29.0204148 ], [ 79.1811279, 29.0225805 ], [ 79.1846275, 29.0231047 ], [ 79.1884973, 29.0257405 ], [ 79.189211, 29.0266724 ], [ 79.1899757, 29.026777 ], [ 79.1899718, 29.0273677 ], [ 79.1917248, 29.0308367 ], [ 79.1921945, 29.0324003 ], [ 79.1962746, 29.0396785 ], [ 79.1977149, 29.0396013 ], [ 79.1990301, 29.0417084 ], [ 79.200066, 29.0406152 ] ] ] } },
{ "type": "Feature", "properties": { "gp_code": "27095", "gp_name": "BAKAENIYA", "blkname": "GADARPUR", "dtname": "Udam Singh Nagar", "SHAPE_Area": 5776391.4590263907 }, "geometry": { "type": "Polygon", "coordinates": [ [ [ 79.1921903, 29.0323863 ], [ 79.1917248, 29.0308367 ], [ 79.1899718, 29.0273677 ], [ 79.1899757, 29.026777 ], [ 79.189211, 29.0266724 ], [ 79.1884973, 29.0257405 ], [ 79.1846275, 29.0231047 ], [ 79.1811279, 29.0225805 ], [ 79.178455, 29.0204148 ], [ 79.1749184, 29.0182446 ], [ 79.1741058, 29.017151 ], [ 79.1736957, 29.0178328 ], [ 79.1732149, 29.017971 ], [ 79.1717847, 29.0175191 ], [ 79.1712958, 29.0175312 ], [ 79.1706251, 29.0181433 ], [ 79.1690092, 29.0180518 ], [ 79.1682166, 29.0194448 ], [ 79.1673202, 29.0189272 ], [ 79.1667719, 29.0178595 ], [ 79.1654736, 29.017628 ], [ 79.1651915, 29.0182616 ], [ 79.1658893, 29.0202387 ], [ 79.1639473, 29.0210463 ], [ 79.1637739, 29.0220498 ], [ 79.1631554, 29.0223201 ], [ 79.1632112, 29.0231117 ], [ 79.1623527, 29.0235615 ], [ 79.1621761, 29.0253607 ], [ 79.1624349, 29.029816 ], [ 79.1627339, 29.0299543 ], [ 79.1636256, 29.0287183 ], [ 79.1651956, 29.0290391 ], [ 79.1650211, 29.0302056 ], [ 79.1643494, 29.0309544 ], [ 79.1643953, 29.0322173 ], [ 79.1648953, 29.0322151 ], [ 79.1661231, 29.031391 ], [ 79.1671797, 29.0317126 ], [ 79.1688039, 29.0353905 ], [ 79.1687607, 29.0368654 ], [ 79.1679997, 29.0382562 ], [ 79.1699287, 29.0384421 ], [ 79.1707183, 29.0391518 ], [ 79.1745436, 29.038497 ], [ 79.1788255, 29.0369155 ], [ 79.1835367, 29.0357159 ], [ 79.1845012, 29.0350034 ], [ 79.1856061, 29.0348403 ], [ 79.1921903, 29.0323863 ] ] ] } },
{ "type": "Feature", "properties": { "gp_code": "27131", "gp_name": "SAKEINIYA", "blkname": "GADARPUR", "dtname": "Udam Singh Nagar", "SHAPE_Area": 4439839.3496313766 }, "geometry": { "type": "Polygon", "coordinates": [ [ [ 79.1819888, 29.0517163 ], [ 79.1922861, 29.0478022 ], [ 79.1928182, 29.0471719 ], [ 79.1928739, 29.0459907 ], [ 79.1961578, 29.0428848 ], [ 79.1966437, 29.0419589 ], [ 79.1962746, 29.0396785 ], [ 79.1921903, 29.0323863 ], [ 79.1856061, 29.0348403 ], [ 79.1845012, 29.0350034 ], [ 79.1835367, 29.0357159 ], [ 79.1788255, 29.0369155 ], [ 79.1745436, 29.038497 ], [ 79.1707183, 29.0391518 ], [ 79.1709282, 29.0399302 ], [ 79.1692656, 29.0409669 ], [ 79.1691561, 29.0423824 ], [ 79.171567, 29.0424389 ], [ 79.1720816, 29.042759 ], [ 79.1723893, 29.0432735 ], [ 79.1715098, 29.0443436 ], [ 79.1717279, 29.04497 ], [ 79.1730416, 29.0452688 ], [ 79.1736479, 29.0459949 ], [ 79.1751076, 29.0462466 ], [ 79.1764688, 29.0480593 ], [ 79.1785249, 29.0500264 ], [ 79.1793631, 29.0512707 ], [ 79.1793922, 29.0524204 ], [ 79.1819888, 29.0517163 ] ] ] } },
{ "type": "Feature", "properties": { "gp_code": "293907", "gp_name": "KUAN KHERA", "blkname": "GADARPUR", "dtname": "Udam Singh Nagar", "SHAPE_Area": 6116624.9683383899 }, "geometry": { "type": "Polygon", "coordinates": [ [ [ 79.1857251, 29.0674738 ], [ 79.1907208, 29.0669927 ], [ 79.1917755, 29.067209 ], [ 79.1933654, 29.0663309 ], [ 79.1934685, 29.0652344 ], [ 79.1951607, 29.0633864 ], [ 79.1951628, 29.0630488 ], [ 79.1931128, 29.0608866 ], [ 79.1937437, 29.059835 ], [ 79.1947566, 29.0590805 ], [ 79.1965271, 29.0599333 ], [ 79.1975771, 29.0608668 ], [ 79.1992097, 29.0607906 ], [ 79.2010875, 29.0599139 ], [ 79.2021917, 29.0598772 ], [ 79.2033877, 29.060516 ], [ 79.2038863, 29.0538834 ], [ 79.2000653, 29.050953 ], [ 79.2001543, 29.0483163 ], [ 79.1987954, 29.043904 ], [ 79.1990301, 29.0417084 ], [ 79.1977149, 29.0396013 ], [ 79.1962746, 29.0396785 ], [ 79.1966437, 29.0419589 ], [ 79.1961578, 29.0428848 ], [ 79.1928739, 29.0459907 ], [ 79.1928182, 29.0471719 ], [ 79.1922861, 29.0478022 ], [ 79.1847305, 29.0508442 ], [ 79.1793922, 29.0524204 ], [ 79.178725, 29.0529483 ], [ 79.1765605, 29.0531301 ], [ 79.1751078, 29.0546606 ], [ 79.175407, 29.0556998 ], [ 79.1750078, 29.0564535 ], [ 79.1739674, 29.0566529 ], [ 79.1720891, 29.0562181 ], [ 79.1724755, 29.0573853 ], [ 79.1738048, 29.0591613 ], [ 79.1786252, 29.060371 ], [ 79.178567, 29.0644213 ], [ 79.1806907, 29.0656997 ], [ 79.1811541, 29.0667491 ], [ 79.1810067, 29.0701226 ], [ 79.1818659, 29.0703233 ], [ 79.1836094, 29.0680115 ], [ 79.1857251, 29.0674738 ] ] ] } },
{ "type": "Feature", "properties": { "gp_code": "27085", "gp_name": "RAMPUR KAJI", "blkname": "BAJPUR", "dtname": "Udam Singh Nagar", "SHAPE_Area": 2787615.305479947 }, "geometry": { "type": "Polygon", "coordinates": [ [ [ 79.1622949, 29.0613031 ], [ 79.1636092, 29.0586096 ], [ 79.1666036, 29.0558825 ], [ 79.1687738, 29.0543748 ], [ 79.1713191, 29.054177 ], [ 79.1723242, 29.0546041 ], [ 79.1751078, 29.0546606 ], [ 79.1765605, 29.0531301 ], [ 79.178725, 29.0529483 ], [ 79.1793922, 29.0524204 ], [ 79.1793631, 29.0512707 ], [ 79.1751076, 29.0462466 ], [ 79.1702906, 29.0486059 ], [ 79.1679985, 29.0473777 ], [ 79.1658591, 29.0484139 ], [ 79.1619103, 29.0489648 ], [ 79.1605241, 29.0508371 ], [ 79.1587524, 29.0515459 ], [ 79.1576574, 29.0530681 ], [ 79.1553051, 29.0541596 ], [ 79.1533196, 29.056862 ], [ 79.1544979, 29.057296 ], [ 79.1555429, 29.0589049 ], [ 79.1576874, 29.0611946 ], [ 79.1581583, 29.0625473 ], [ 79.1577056, 29.0655829 ], [ 79.1622949, 29.0613031 ] ] ] } },
{ "type": "Feature", "properties": { "gp_code": "27084", "gp_name": "RAMNAGAR", "blkname": "BAJPUR", "dtname": "Udam Singh Nagar", "SHAPE_Area": 3299627.2606995017 }, "geometry": { "type": "Polygon", "coordinates": [ [ [ 79.1474615, 29.0788311 ], [ 79.1529798, 29.0757266 ], [ 79.152856, 29.0727725 ], [ 79.1577056, 29.0655829 ], [ 79.1581583, 29.0625473 ], [ 79.1576874, 29.0611946 ], [ 79.1555429, 29.0589049 ], [ 79.1544979, 29.057296 ], [ 79.1533196, 29.056862 ], [ 79.1517397, 29.0571209 ], [ 79.1505831, 29.0580477 ], [ 79.1487633, 29.0584483 ], [ 79.1483335, 29.0595353 ], [ 79.1475451, 29.0602482 ], [ 79.1473256, 29.0622643 ], [ 79.1451313, 29.0629624 ], [ 79.1458705, 29.0645674 ], [ 79.1435534, 29.0653317 ], [ 79.1426335, 29.066567 ], [ 79.1428274, 29.0698733 ], [ 79.1441392, 29.0714336 ], [ 79.144224, 29.0720299 ], [ 79.1441256, 29.072596 ], [ 79.1428755, 29.074167 ], [ 79.1428941, 29.0762913 ], [ 79.1418066, 29.0776336 ], [ 79.1428777, 29.0802661 ], [ 79.1421618, 29.0817227 ], [ 79.1423711, 29.0824992 ], [ 79.1434235, 29.0829087 ], [ 79.1440561, 29.0816157 ], [ 79.1463421, 29.0800848 ], [ 79.1474615, 29.0788311 ] ] ] } },
{ "type": "Feature", "properties": { "gp_code": "260060", "gp_name": "Lankura", "blkname": "BAJPUR", "dtname": "Udam Singh Nagar", "SHAPE_Area": 2380372.0202630572 }, "geometry": { "type": "Polygon", "coordinates": [ [ [ 79.1604313, 29.0883814 ], [ 79.1608688, 29.087582 ], [ 79.1605042, 29.0847111 ], [ 79.1596123, 29.0817107 ], [ 79.1583273, 29.0800585 ], [ 79.1580501, 29.0784537 ], [ 79.1583899, 29.077907 ], [ 79.1651303, 29.075073 ], [ 79.168124, 29.0732299 ], [ 79.1631799, 29.0653162 ], [ 79.1623347, 29.062527 ], [ 79.1622949, 29.0613031 ], [ 79.1577056, 29.0655829 ], [ 79.1533418, 29.0719312 ], [ 79.152856, 29.0727725 ], [ 79.1529798, 29.0757266 ], [ 79.1507643, 29.0767698 ], [ 79.1537755, 29.0787265 ], [ 79.1543923, 29.0797846 ], [ 79.1570705, 29.0813176 ], [ 79.1578809, 29.0821658 ], [ 79.1596397, 29.0847487 ], [ 79.1599503, 29.0885055 ], [ 79.1604313, 29.0883814 ] ] ] } },
{ "type": "Feature", "properties": { "gp_code": "27065", "gp_name": "GANESHPUR", "blkname": "BAJPUR", "dtname": "Udam Singh Nagar", "SHAPE_Area": 9259975.6018053181 }, "geometry": { "type": "Polygon", "coordinates": [ [ [ 79.1774139, 29.1166193 ], [ 79.1744117, 29.1083005 ], [ 79.1730863, 29.1069588 ], [ 79.1725564, 29.1058328 ], [ 79.1675757, 29.107774 ], [ 79.1664252, 29.1073359 ], [ 79.1644987, 29.1072119 ], [ 79.1634823, 29.1067996 ], [ 79.1612182, 29.1045413 ], [ 79.1603792, 29.1025508 ], [ 79.1604036, 29.1010146 ], [ 79.1662885, 29.097869 ], [ 79.1706959, 29.0962227 ], [ 79.168907, 29.0901623 ], [ 79.1667114, 29.086293 ], [ 79.1661635, 29.0860361 ], [ 79.1599503, 29.0885055 ], [ 79.1596397, 29.0847487 ], [ 79.1578809, 29.0821658 ], [ 79.1570705, 29.0813176 ], [ 79.1543923, 29.0797846 ], [ 79.1537755, 29.0787265 ], [ 79.1507643, 29.0767698 ], [ 79.1474615, 29.0788311 ], [ 79.1463421, 29.0800848 ], [ 79.1440561, 29.0816157 ], [ 79.1434235, 29.0829087 ], [ 79.1433607, 29.0839042 ], [ 79.1437726, 29.0848295 ], [ 79.1434294, 29.0852209 ], [ 79.1432734, 29.0866791 ], [ 79.144914, 29.0871409 ], [ 79.1451505, 29.0881166 ], [ 79.1466772, 29.0894158 ], [ 79.1477229, 29.090916 ], [ 79.1499551, 29.0917578 ], [ 79.1501565, 29.0921628 ], [ 79.1497907, 29.0933874 ], [ 79.1500213, 29.0945105 ], [ 79.1515302, 29.095401 ], [ 79.1515361, 29.0960351 ], [ 79.1492517, 29.0976348 ], [ 79.1483187, 29.0991386 ], [ 79.1492426, 29.0997736 ], [ 79.1519352, 29.1002567 ], [ 79.1531771, 29.1015502 ], [ 79.1532173, 29.1021756 ], [ 79.1529064, 29.1025535 ], [ 79.151368, 29.1027676 ], [ 79.1508382, 29.1034144 ], [ 79.1516362, 29.1047947 ], [ 79.1515318, 29.1058369 ], [ 79.1524535, 29.1071208 ], [ 79.151603, 29.1079271 ], [ 79.1522571, 29.1098148 ], [ 79.1514806, 29.1103724 ], [ 79.1513497, 29.110821 ], [ 79.1521856, 29.112149 ], [ 79.1513765, 29.1125785 ], [ 79.1512717, 29.1132715 ], [ 79.1528957, 29.1140297 ], [ 79.1541783, 29.1158987 ], [ 79.1550994, 29.1156705 ], [ 79.1555814, 29.1150051 ], [ 79.1567527, 29.11439 ], [ 79.160909, 29.1110359 ], [ 79.1661574, 29.116795 ], [ 79.16798, 29.1198782 ], [ 79.169306, 29.1212059 ], [ 79.1726498, 29.1193572 ], [ 79.1735745, 29.1192897 ], [ 79.1753681, 29.1177961 ], [ 79.1774139, 29.1166193 ] ] ] } },
{ "type": "Feature", "properties": { "gp_code": "27090", "gp_name": "TANDA AJAM", "blkname": "BAJPUR", "dtname": "Udam Singh Nagar", "SHAPE_Area": 2192598.953612363 }, "geometry": { "type": "Polygon", "coordinates": [ [ [ 79.1725564, 29.1058328 ], [ 79.1840308, 29.0953049 ], [ 79.1816335, 29.0932479 ], [ 79.1707424, 29.0998422 ], [ 79.1709898, 29.0972184 ], [ 79.1706959, 29.0962227 ], [ 79.1662885, 29.097869 ], [ 79.1604036, 29.1010146 ], [ 79.1603792, 29.1025508 ], [ 79.1612182, 29.1045413 ], [ 79.1634823, 29.1067996 ], [ 79.1675757, 29.107774 ], [ 79.1725564, 29.1058328 ] ] ] } },
{ "type": "Feature", "properties": { "gp_code": "260045", "gp_name": "Barwala", "blkname": "BAJPUR", "dtname": "Udam Singh Nagar", "SHAPE_Area": 4074415.4594915425 }, "geometry": { "type": "Polygon", "coordinates": [ [ [ 79.1875677, 29.120358 ], [ 79.1902333, 29.1187088 ], [ 79.1934522, 29.1201908 ], [ 79.1959183, 29.1232791 ], [ 79.1977779, 29.1228535 ], [ 79.2054385, 29.1227222 ], [ 79.2072736, 29.1224208 ], [ 79.20503, 29.120393 ], [ 79.2039721, 29.1198995 ], [ 79.2035478, 29.1191495 ], [ 79.2036769, 29.1179253 ], [ 79.2031426, 29.1166093 ], [ 79.1956645, 29.1104423 ], [ 79.1944212, 29.1091038 ], [ 79.1935163, 29.1089869 ], [ 79.1926906, 29.1093116 ], [ 79.1916936, 29.1103056 ], [ 79.1912989, 29.1088568 ], [ 79.1907555, 29.1085168 ], [ 79.189339, 29.1088026 ], [ 79.1889623, 29.1092356 ], [ 79.1891269, 29.1095738 ], [ 79.1813568, 29.1146991 ], [ 79.1753681, 29.1177961 ], [ 79.1735745, 29.1192897 ], [ 79.1737062, 29.1197479 ], [ 79.1731559, 29.1204462 ], [ 79.1729885, 29.1212975 ], [ 79.1733794, 29.1217699 ], [ 79.1736021, 29.1232267 ], [ 79.1745098, 29.1240132 ], [ 79.1745349, 29.1245713 ], [ 79.1749646, 29.1250857 ], [ 79.1761349, 29.1253808 ], [ 79.1850501, 29.1226277 ], [ 79.1875677, 29.120358 ] ] ] } },
{ "type": "Feature", "properties": { "gp_code": "27090", "gp_name": "TANDA AJAM", "blkname": "BAJPUR", "dtname": "Udam Singh Nagar", "SHAPE_Area": 841758.43074609921 }, "geometry": { "type": "Polygon", "coordinates": [ [ [ 79.1889623, 29.1092356 ], [ 79.189339, 29.1088026 ], [ 79.191038, 29.1085715 ], [ 79.1916936, 29.1103056 ], [ 79.1926906, 29.1093116 ], [ 79.1935163, 29.1089869 ], [ 79.1944212, 29.1091038 ], [ 79.1956645, 29.1104423 ], [ 79.1951386, 29.1090197 ], [ 79.195148, 29.10758 ], [ 79.1914384, 29.1047595 ], [ 79.1890226, 29.1051417 ], [ 79.1873855, 29.1061101 ], [ 79.1858001, 29.1076649 ], [ 79.1848109, 29.1087343 ], [ 79.1842642, 29.1101315 ], [ 79.1830541, 29.1109719 ], [ 79.1809015, 29.1114004 ], [ 79.1806145, 29.1127664 ], [ 79.1789382, 29.1140276 ], [ 79.176838, 29.1149447 ], [ 79.1774139, 29.1166193 ], [ 79.1813568, 29.1146991 ], [ 79.1891269, 29.1095738 ], [ 79.1889623, 29.1092356 ] ] ] } },
{ "type": "Feature", "properties": { "gp_code": "260045", "gp_name": "Barwala", "blkname": "BAJPUR", "dtname": "Udam Singh Nagar", "SHAPE_Area": 2476717.0421289937 }, "geometry": { "type": "Polygon", "coordinates": [ [ [ 79.1919428, 29.1037863 ], [ 79.1911366, 29.1026949 ], [ 79.1893459, 29.102924 ], [ 79.1891455, 29.1024626 ], [ 79.1898445, 29.1006351 ], [ 79.1895248, 29.1000908 ], [ 79.186477, 29.1002482 ], [ 79.1861386, 29.098316 ], [ 79.1852891, 29.0980675 ], [ 79.1850093, 29.0975845 ], [ 79.185341, 29.0961703 ], [ 79.1840308, 29.0953049 ], [ 79.1725564, 29.1058328 ], [ 79.1730863, 29.1069588 ], [ 79.1744117, 29.1083005 ], [ 79.176838, 29.1149447 ], [ 79.1789382, 29.1140276 ], [ 79.1806145, 29.1127664 ], [ 79.1809015, 29.1114004 ], [ 79.1830541, 29.1109719 ], [ 79.1842642, 29.1101315 ], [ 79.1848109, 29.1087343 ], [ 79.1873855, 29.1061101 ], [ 79.1890226, 29.1051417 ], [ 79.1914384, 29.1047595 ], [ 79.1919428, 29.1037863 ] ] ] } },
{ "type": "Feature", "properties": { "gp_code": "", "gp_name": "", "blkname": "BAJPUR", "dtname": "Udam Singh Nagar", "SHAPE_Area": 1781398.9875136199 }, "geometry": { "type": "Polygon", "coordinates": [ [ [ 79.1926433, 29.0838029 ], [ 79.1926713, 29.0826528 ], [ 79.191948, 29.0820913 ], [ 79.1880542, 29.0824945 ], [ 79.1858355, 29.0804292 ], [ 79.183606, 29.080022 ], [ 79.1826996, 29.0808271 ], [ 79.181819, 29.0823702 ], [ 79.1809171, 29.0828047 ], [ 79.1801825, 29.0824051 ], [ 79.1792652, 29.0836468 ], [ 79.1790174, 29.0844533 ], [ 79.1793975, 29.0850234 ], [ 79.1809684, 29.0857859 ], [ 79.1811512, 29.0871613 ], [ 79.1806726, 29.0892021 ], [ 79.1808522, 29.09095 ], [ 79.1792897, 29.0924628 ], [ 79.1797078, 29.0930206 ], [ 79.1816335, 29.0932479 ], [ 79.1840308, 29.0953049 ], [ 79.1849251, 29.0937561 ], [ 79.1865234, 29.0926769 ], [ 79.1874683, 29.0914856 ], [ 79.1884534, 29.0910563 ], [ 79.1910543, 29.0908157 ], [ 79.1915172, 29.0903209 ], [ 79.1912282, 29.0858458 ], [ 79.1926433, 29.0838029 ] ] ] } },
{ "type": "Feature", "properties": { "gp_code": "", "gp_name": "", "blkname": "BAJPUR", "dtname": "Udam Singh Nagar", "SHAPE_Area": 5159855.4552337658 }, "geometry": { "type": "Polygon", "coordinates": [ [ [ 79.1816335, 29.0932479 ], [ 79.1797078, 29.0930206 ], [ 79.1792897, 29.0924628 ], [ 79.1808522, 29.09095 ], [ 79.1806726, 29.0892021 ], [ 79.1811512, 29.0871613 ], [ 79.1809684, 29.0857859 ], [ 79.1793975, 29.0850234 ], [ 79.1790174, 29.0844533 ], [ 79.1819422, 29.0788107 ], [ 79.179002, 29.077491 ], [ 79.1800701, 29.0754541 ], [ 79.1807599, 29.0748818 ], [ 79.1820506, 29.0747984 ], [ 79.1832956, 29.0710673 ], [ 79.1818659, 29.0703233 ], [ 79.180861, 29.0702175 ], [ 79.1798919, 29.0715627 ], [ 79.1781101, 29.0723975 ], [ 79.1771369, 29.0743756 ], [ 79.173994, 29.0777349 ], [ 79.1725538, 29.0777275 ], [ 79.168124, 29.0732299 ], [ 79.1651303, 29.075073 ], [ 79.1583899, 29.077907 ], [ 79.1580501, 29.0784537 ], [ 79.1580921, 29.07934 ], [ 79.1596123, 29.0817107 ], [ 79.160784, 29.0859361 ], [ 79.1608688, 29.087582 ], [ 79.1604313, 29.0883814 ], [ 79.1661635, 29.0860361 ], [ 79.1667114, 29.086293 ], [ 79.168907, 29.0901623 ], [ 79.1709898, 29.0972184 ], [ 79.1707424, 29.0998422 ], [ 79.1816335, 29.0932479 ] ] ] } },
{ "type": "Feature", "properties": { "gp_code": "260057", "gp_name": "Sakadi", "blkname": "BAJPUR", "dtname": "Udam Singh Nagar", "SHAPE_Area": 3922775.4209391051 }, "geometry": { "type": "Polygon", "coordinates": [ [ [ 79.1810067, 29.0701226 ], [ 79.1811541, 29.0667491 ], [ 79.1806907, 29.0656997 ], [ 79.178567, 29.0644213 ], [ 79.1786252, 29.060371 ], [ 79.1738048, 29.0591613 ], [ 79.1724755, 29.0573853 ], [ 79.1720891, 29.0562181 ], [ 79.1739674, 29.0566529 ], [ 79.1750078, 29.0564535 ], [ 79.175407, 29.0556998 ], [ 79.1751078, 29.0546606 ], [ 79.1723242, 29.0546041 ], [ 79.1713191, 29.054177 ], [ 79.1687738, 29.0543748 ], [ 79.1666036, 29.0558825 ], [ 79.1636092, 29.0586096 ], [ 79.1622949, 29.0613031 ], [ 79.1623347, 29.062527 ], [ 79.1631799, 29.0653162 ], [ 79.1682143, 29.0733591 ], [ 79.1725538, 29.0777275 ], [ 79.173994, 29.0777349 ], [ 79.1771369, 29.0743756 ], [ 79.1781101, 29.0723975 ], [ 79.1798919, 29.0715627 ], [ 79.1810067, 29.0701226 ] ] ] } },
{ "type": "Feature", "properties": { "gp_code": "27132", "gp_name": "SAROVER NAGAR", "blkname": "GADARPUR", "dtname": "Udam Singh Nagar", "SHAPE_Area": 4024282.3964454839 }, "geometry": { "type": "Polygon", "coordinates": [ [ [ 79.1826996, 29.0808271 ], [ 79.183606, 29.080022 ], [ 79.1848339, 29.0801452 ], [ 79.1858355, 29.0804292 ], [ 79.1880542, 29.0824945 ], [ 79.1895699, 29.0824572 ], [ 79.189231, 29.0820303 ], [ 79.1894282, 29.0781112 ], [ 79.1889354, 29.0777825 ], [ 79.1884128, 29.0765993 ], [ 79.1881223, 29.0749064 ], [ 79.189375, 29.0745807 ], [ 79.1907159, 29.0750938 ], [ 79.1930202, 29.0751054 ], [ 79.1934977, 29.0754876 ], [ 79.1937287, 29.0768811 ], [ 79.1920386, 29.0783915 ], [ 79.1920358, 29.0788134 ], [ 79.1928506, 29.0790285 ], [ 79.2006109, 29.0742574 ], [ 79.2027836, 29.0723273 ], [ 79.2054236, 29.070892 ], [ 79.203958, 29.0688732 ], [ 79.2013024, 29.0637968 ], [ 79.2015004, 29.0628695 ], [ 79.203574, 29.061403 ], [ 79.2033877, 29.060516 ], [ 79.2021917, 29.0598772 ], [ 79.2010875, 29.0599139 ], [ 79.1992097, 29.0607906 ], [ 79.1975771, 29.0608668 ], [ 79.1965271, 29.0599333 ], [ 79.1947566, 29.0590805 ], [ 79.1937437, 29.059835 ], [ 79.1931128, 29.0608866 ], [ 79.1951628, 29.0630488 ], [ 79.1951607, 29.0633864 ], [ 79.1939529, 29.0645617 ], [ 79.1934685, 29.0652344 ], [ 79.1933654, 29.0663309 ], [ 79.1925449, 29.0670019 ], [ 79.1870223, 29.0673116 ], [ 79.1836094, 29.0680115 ], [ 79.1818659, 29.0703233 ], [ 79.1832956, 29.0710673 ], [ 79.1820506, 29.0747984 ], [ 79.1807599, 29.0748818 ], [ 79.1800701, 29.0754541 ], [ 79.179002, 29.077491 ], [ 79.1819422, 29.0788107 ], [ 79.1801825, 29.0824051 ], [ 79.1809171, 29.0828047 ], [ 79.181819, 29.0823702 ], [ 79.1826996, 29.0808271 ] ] ] } },
{ "type": "Feature", "properties": { "gp_code": "27123", "gp_name": "MOTIYAPURA", "blkname": "GADARPUR", "dtname": "Udam Singh Nagar", "SHAPE_Area": 4281025.4937062459 }, "geometry": { "type": "Polygon", "coordinates": [ [ [ 79.2220802, 29.0824806 ], [ 79.2228615, 29.0723378 ], [ 79.2213313, 29.0695602 ], [ 79.2207419, 29.0693101 ], [ 79.2203242, 29.0686155 ], [ 79.2212857, 29.0678534 ], [ 79.2205908, 29.0664897 ], [ 79.2187124, 29.0653923 ], [ 79.2179533, 29.0652897 ], [ 79.2175026, 29.0653617 ], [ 79.2162, 29.0666662 ], [ 79.2158425, 29.0653536 ], [ 79.2147658, 29.0635761 ], [ 79.2161352, 29.0620645 ], [ 79.209292, 29.0574436 ], [ 79.2089074, 29.0543728 ], [ 79.2090992, 29.0531138 ], [ 79.2066919, 29.054256 ], [ 79.2061089, 29.0553502 ], [ 79.2038238, 29.0561405 ], [ 79.2033877, 29.060516 ], [ 79.203574, 29.061403 ], [ 79.2015004, 29.0628695 ], [ 79.2013024, 29.0637968 ], [ 79.203958, 29.0688732 ], [ 79.2071515, 29.0735223 ], [ 79.2086484, 29.072664 ], [ 79.2090914, 29.0738039 ], [ 79.2099931, 29.0736105 ], [ 79.2104339, 29.0750966 ], [ 79.2110499, 29.0755943 ], [ 79.2139149, 29.0764493 ], [ 79.2147517, 29.0776158 ], [ 79.2152487, 29.0791269 ], [ 79.2175836, 29.079262 ], [ 79.220411, 29.0816501 ], [ 79.2220802, 29.0824806 ] ] ] } },
{ "type": "Feature", "properties": { "gp_code": "27111", "gp_name": "JHAGARPURI", "blkname": "GADARPUR", "dtname": "Udam Singh Nagar", "SHAPE_Area": 3681280.3506490029 }, "geometry": { "type": "Polygon", "coordinates": [ [ [ 79.2281472, 29.0663222 ], [ 79.2282843, 29.0646534 ], [ 79.2267677, 29.0619254 ], [ 79.2263345, 29.0614534 ], [ 79.2253638, 29.0614552 ], [ 79.2251867, 29.0603882 ], [ 79.2235776, 29.0591206 ], [ 79.2207845, 29.0532679 ], [ 79.2202092, 29.0512622 ], [ 79.2178763, 29.0482464 ], [ 79.217253, 29.0480172 ], [ 79.2152995, 29.0489445 ], [ 79.2110894, 29.052219 ], [ 79.2090992, 29.0531138 ], [ 79.2089074, 29.0543728 ], [ 79.209292, 29.0574436 ], [ 79.2161352, 29.0620645 ], [ 79.2147658, 29.0635761 ], [ 79.2158425, 29.0653536 ], [ 79.2162, 29.0666662 ], [ 79.2175026, 29.0653617 ], [ 79.2184878, 29.0653171 ], [ 79.2200871, 29.0660421 ], [ 79.2213159, 29.0675321 ], [ 79.2211999, 29.0680756 ], [ 79.2203242, 29.0686155 ], [ 79.2207419, 29.0693101 ], [ 79.2213313, 29.0695602 ], [ 79.2228615, 29.0723378 ], [ 79.2220672, 29.0823074 ], [ 79.2225991, 29.0827675 ], [ 79.2278834, 29.074792 ], [ 79.227874, 29.0740376 ], [ 79.2264355, 29.070061 ], [ 79.2264277, 29.0690593 ], [ 79.2268437, 29.0677876 ], [ 79.2281472, 29.0663222 ] ] ] } },
{ "type": "Feature", "properties": { "gp_code": "27103", "gp_name": "DHEEMARKHERA", "blkname": "GADARPUR", "dtname": "Udam Singh Nagar", "SHAPE_Area": 4434995.7653004676 }, "geometry": { "type": "Polygon", "coordinates": [ [ [ 79.2260019, 29.0944204 ], [ 79.2250049, 29.0918311 ], [ 79.2239429, 29.0906265 ], [ 79.2249901, 29.0896917 ], [ 79.2237905, 29.0880041 ], [ 79.224922, 29.0870822 ], [ 79.2252364, 29.086317 ], [ 79.2269588, 29.0809089 ], [ 79.2268793, 29.0801171 ], [ 79.2247729, 29.0794391 ], [ 79.2225991, 29.0827675 ], [ 79.220411, 29.0816501 ], [ 79.2175836, 29.079262 ], [ 79.2152487, 29.0791269 ], [ 79.2147517, 29.0776158 ], [ 79.2139149, 29.0764493 ], [ 79.2110499, 29.0755943 ], [ 79.2104339, 29.0750966 ], [ 79.2099931, 29.0736105 ], [ 79.2090914, 29.0738039 ], [ 79.2086484, 29.072664 ], [ 79.2071515, 29.0735223 ], [ 79.2076703, 29.0742761 ], [ 79.2076641, 29.0752465 ], [ 79.205305, 29.0762897 ], [ 79.2052548, 29.076627 ], [ 79.2060328, 29.08258 ], [ 79.206846, 29.0830481 ], [ 79.2074164, 29.083937 ], [ 79.2116877, 29.0842112 ], [ 79.2122579, 29.0851422 ], [ 79.2122954, 29.0867879 ], [ 79.2135078, 29.0873729 ], [ 79.214672, 29.0901857 ], [ 79.2145249, 29.0911928 ], [ 79.2131705, 29.0917303 ], [ 79.2116501, 29.0918217 ], [ 79.212095, 29.0926648 ], [ 79.212006, 29.0933816 ], [ 79.210316, 29.0935959 ], [ 79.2106609, 29.0968869 ], [ 79.2111299, 29.0983731 ], [ 79.2130924, 29.0995946 ], [ 79.2144138, 29.0998237 ], [ 79.214887, 29.1006669 ], [ 79.2164907, 29.1007736 ], [ 79.2175077, 29.100185 ], [ 79.2184649, 29.1001588 ], [ 79.22559, 29.0950244 ], [ 79.2260019, 29.0944204 ] ] ] } },
{ "type": "Feature", "properties": { "gp_code": "27122", "gp_name": "MASEET", "blkname": "GADARPUR", "dtname": "Udam Singh Nagar", "SHAPE_Area": 3386927.9626531312 }, "geometry": { "type": "Polygon", "coordinates": [ [ [ 79.208577, 29.1013562 ], [ 79.2069443, 29.0976892 ], [ 79.2023308, 29.0908313 ], [ 79.2023352, 29.0901562 ], [ 79.202722, 29.0897363 ], [ 79.20523, 29.0879766 ], [ 79.2034636, 29.0864068 ], [ 79.2033709, 29.0859 ], [ 79.2070351, 29.0835132 ], [ 79.206846, 29.0830481 ], [ 79.2060328, 29.08258 ], [ 79.2052548, 29.076627 ], [ 79.205305, 29.0762897 ], [ 79.2076641, 29.0752465 ], [ 79.2076703, 29.0742761 ], [ 79.2054236, 29.070892 ], [ 79.2027836, 29.0723273 ], [ 79.2006109, 29.0742574 ], [ 79.1928506, 29.0790285 ], [ 79.1920358, 29.0788134 ], [ 79.1920386, 29.0783915 ], [ 79.1937287, 29.0768811 ], [ 79.1934977, 29.0754876 ], [ 79.1930202, 29.0751054 ], [ 79.1907159, 29.0750938 ], [ 79.189375, 29.0745807 ], [ 79.1881223, 29.0749064 ], [ 79.1884128, 29.0765993 ], [ 79.1889354, 29.0777825 ], [ 79.1894282, 29.0781112 ], [ 79.189231, 29.0820303 ], [ 79.1895699, 29.0824572 ], [ 79.191948, 29.0820913 ], [ 79.1926713, 29.0826528 ], [ 79.1926467, 29.0832825 ], [ 79.1950133, 29.0846781 ], [ 79.1959394, 29.0855645 ], [ 79.199255, 29.0906438 ], [ 79.2010319, 29.0945818 ], [ 79.2058078, 29.1003888 ], [ 79.2067869, 29.1042174 ], [ 79.207911, 29.1030083 ], [ 79.2079991, 29.1020461 ], [ 79.208577, 29.1013562 ] ] ] } },
{ "type": "Feature", "properties": { "gp_code": "27059", "gp_name": "BHAWA NAGLA", "blkname": "BAJPUR", "dtname": "Udam Singh Nagar", "SHAPE_Area": 3900154.6208554385 }, "geometry": { "type": "Polygon", "coordinates": [ [ [ 79.2067869, 29.1042174 ], [ 79.2058078, 29.1003888 ], [ 79.2010319, 29.0945818 ], [ 79.199255, 29.0906438 ], [ 79.1968328, 29.0867476 ], [ 79.1950133, 29.0846781 ], [ 79.1926467, 29.0832825 ], [ 79.1926433, 29.0838029 ], [ 79.1912282, 29.0858458 ], [ 79.1915172, 29.0903209 ], [ 79.1910543, 29.0908157 ], [ 79.1884534, 29.0910563 ], [ 79.1874683, 29.0914856 ], [ 79.1865234, 29.0926769 ], [ 79.1849251, 29.0937561 ], [ 79.1840308, 29.0953049 ], [ 79.185341, 29.0961703 ], [ 79.1850093, 29.0975845 ], [ 79.1852891, 29.0980675 ], [ 79.1861386, 29.098316 ], [ 79.186477, 29.1002482 ], [ 79.1888386, 29.0999555 ], [ 79.1898177, 29.1003256 ], [ 79.1891455, 29.1024626 ], [ 79.1893459, 29.102924 ], [ 79.1911366, 29.1026949 ], [ 79.1919428, 29.1037863 ], [ 79.1914384, 29.1047595 ], [ 79.195148, 29.10758 ], [ 79.1977906, 29.1069384 ], [ 79.1988284, 29.1050485 ], [ 79.2005527, 29.103628 ], [ 79.2011175, 29.1037862 ], [ 79.2016933, 29.1048426 ], [ 79.2050402, 29.104893 ], [ 79.205942, 29.1042132 ], [ 79.2067869, 29.1042174 ] ] ] } },
{ "type": "Feature", "properties": { "gp_code": "260053", "gp_name": "Chandanpura", "blkname": "BAJPUR", "dtname": "Udam Singh Nagar", "SHAPE_Area": 5609901.3710388513 }, "geometry": { "type": "Polygon", "coordinates": [ [ [ 79.2354194, 29.1179605 ], [ 79.2314882, 29.1126876 ], [ 79.2280397, 29.1089031 ], [ 79.2268053, 29.1081234 ], [ 79.2239026, 29.1087932 ], [ 79.2202842, 29.1084898 ], [ 79.2183235, 29.1099807 ], [ 79.214626, 29.1116181 ], [ 79.2138741, 29.1122802 ], [ 79.2124998, 29.1125793 ], [ 79.2109865, 29.112167 ], [ 79.2092774, 29.1103503 ], [ 79.2087195, 29.1079148 ], [ 79.2086733, 29.1055213 ], [ 79.2095633, 29.1024766 ], [ 79.2096011, 29.1013702 ], [ 79.208577, 29.1013562 ], [ 79.2079991, 29.1020461 ], [ 79.207911, 29.1030083 ], [ 79.2067869, 29.1042174 ], [ 79.205942, 29.1042132 ], [ 79.2050402, 29.104893 ], [ 79.2016933, 29.1048426 ], [ 79.2011175, 29.1037862 ], [ 79.2005527, 29.103628 ], [ 79.1988284, 29.1050485 ], [ 79.1977906, 29.1069384 ], [ 79.195148, 29.10758 ], [ 79.1951386, 29.1090197 ], [ 79.1956645, 29.1104423 ], [ 79.2031426, 29.1166093 ], [ 79.2036769, 29.1179253 ], [ 79.2035478, 29.1191495 ], [ 79.2039721, 29.1198995 ], [ 79.20503, 29.120393 ], [ 79.2070775, 29.1223262 ], [ 79.2108554, 29.1234144 ], [ 79.2159942, 29.126641 ], [ 79.2167427, 29.1275659 ], [ 79.2178131, 29.1253772 ], [ 79.2196066, 29.1227702 ], [ 79.2195644, 29.1218418 ], [ 79.2165144, 29.1181143 ], [ 79.2152244, 29.1170532 ], [ 79.215468, 29.116506 ], [ 79.2245015, 29.1157061 ], [ 79.2265593, 29.1168551 ], [ 79.2310679, 29.1177628 ], [ 79.2330267, 29.1194175 ], [ 79.2338413, 29.1197168 ], [ 79.2348025, 29.1195948 ], [ 79.2354333, 29.118543 ], [ 79.2354194, 29.1179605 ] ] ] } },
{ "type": "Feature", "properties": { "gp_code": "293908", "gp_name": "ROOPPUR", "blkname": "GADARPUR", "dtname": "Udam Singh Nagar", "SHAPE_Area": 3479882.0874904371 }, "geometry": { "type": "Polygon", "coordinates": [ [ [ 79.2193874, 29.1011526 ], [ 79.2184649, 29.1001588 ], [ 79.2175077, 29.100185 ], [ 79.2164907, 29.1007736 ], [ 79.214887, 29.1006669 ], [ 79.2144138, 29.0998237 ], [ 79.2130924, 29.0995946 ], [ 79.2111299, 29.0983731 ], [ 79.2106609, 29.0968869 ], [ 79.210316, 29.0935959 ], [ 79.212006, 29.0933816 ], [ 79.212095, 29.0926648 ], [ 79.2116501, 29.0918217 ], [ 79.2131705, 29.0917303 ], [ 79.2145249, 29.0911928 ], [ 79.2146821, 29.090804 ], [ 79.214535, 29.0896038 ], [ 79.2135078, 29.0873729 ], [ 79.2122954, 29.0867879 ], [ 79.2122579, 29.0851422 ], [ 79.2116877, 29.0842112 ], [ 79.208567, 29.0841958 ], [ 79.2074164, 29.083937 ], [ 79.2070351, 29.0835132 ], [ 79.2033709, 29.0859 ], [ 79.2034636, 29.0864068 ], [ 79.20523, 29.0879766 ], [ 79.202722, 29.0897363 ], [ 79.2023352, 29.0901562 ], [ 79.2023308, 29.0908313 ], [ 79.2069443, 29.0976892 ], [ 79.208577, 29.1013562 ], [ 79.2096417, 29.1014244 ], [ 79.208564, 29.1066004 ], [ 79.2092774, 29.1103503 ], [ 79.209886, 29.1112799 ], [ 79.2109865, 29.112167 ], [ 79.2124998, 29.1125793 ], [ 79.2138741, 29.1122802 ], [ 79.214626, 29.1116181 ], [ 79.2183235, 29.1099807 ], [ 79.2202842, 29.1084898 ], [ 79.2216808, 29.1079772 ], [ 79.2214657, 29.1063686 ], [ 79.2202529, 29.1045203 ], [ 79.2212316, 29.1033132 ], [ 79.2189428, 29.1024859 ], [ 79.2193874, 29.1011526 ] ] ] } },
{ "type": "Feature", "properties": { "gp_code": "27112", "gp_name": "KHANPUR PASHIM", "blkname": "GADARPUR", "dtname": "Udam Singh Nagar", "SHAPE_Area": 3900907.9221914932 }, "geometry": { "type": "Polygon", "coordinates": [ [ [ 79.2364717, 29.1136961 ], [ 79.2327925, 29.1029622 ], [ 79.2336252, 29.1003081 ], [ 79.2336887, 29.0978191 ], [ 79.2345187, 29.0955869 ], [ 79.2361635, 29.0936118 ], [ 79.2393458, 29.0914329 ], [ 79.2393495, 29.0908422 ], [ 79.2343089, 29.0906917 ], [ 79.2327177, 29.0917811 ], [ 79.2310903, 29.0909717 ], [ 79.2311926, 29.0899595 ], [ 79.2300977, 29.0884354 ], [ 79.2289972, 29.0878394 ], [ 79.2284205, 29.087921 ], [ 79.2271131, 29.0896868 ], [ 79.2265378, 29.0895574 ], [ 79.2263027, 29.0887547 ], [ 79.224922, 29.0870822 ], [ 79.2237905, 29.0880041 ], [ 79.2249901, 29.0896917 ], [ 79.2239429, 29.0906265 ], [ 79.2252972, 29.0923395 ], [ 79.2260019, 29.0944204 ], [ 79.2245998, 29.0958481 ], [ 79.2184649, 29.1001588 ], [ 79.2193874, 29.1011526 ], [ 79.2189428, 29.1024859 ], [ 79.2212316, 29.1033132 ], [ 79.2202529, 29.1045203 ], [ 79.2214657, 29.1063686 ], [ 79.2216808, 29.1079772 ], [ 79.2202842, 29.1084898 ], [ 79.2239026, 29.1087932 ], [ 79.2268053, 29.1081234 ], [ 79.2280397, 29.1089031 ], [ 79.2314882, 29.1126876 ], [ 79.2354194, 29.1179605 ], [ 79.2365576, 29.1153419 ], [ 79.2364717, 29.1136961 ] ] ] } },
{ "type": "Feature", "properties": { "gp_code": "27115", "gp_name": "KHEMPUR", "blkname": "GADARPUR", "dtname": "Udam Singh Nagar", "SHAPE_Area": 6588158.8102430282 }, "geometry": { "type": "Polygon", "coordinates": [ [ [ 79.2621177, 29.1083536 ], [ 79.2619273, 29.105696 ], [ 79.2615575, 29.1047687 ], [ 79.2619833, 29.1028396 ], [ 79.2621299, 29.0989946 ], [ 79.2616123, 29.097016 ], [ 79.2595661, 29.0938908 ], [ 79.2577771, 29.0924888 ], [ 79.2529845, 29.0911417 ], [ 79.2486086, 29.0907414 ], [ 79.2393495, 29.0908422 ], [ 79.2393458, 29.0914329 ], [ 79.2385732, 29.0921465 ], [ 79.2361635, 29.0936118 ], [ 79.2351969, 29.0946198 ], [ 79.233983, 29.0968079 ], [ 79.2336252, 29.1003081 ], [ 79.2330895, 29.1015291 ], [ 79.2327896, 29.1034263 ], [ 79.2364717, 29.1136961 ], [ 79.2387949, 29.1107538 ], [ 79.2411092, 29.1092459 ], [ 79.2445276, 29.1077854 ], [ 79.2485625, 29.1075934 ], [ 79.253244, 29.1066356 ], [ 79.2567223, 29.1076426 ], [ 79.2583005, 29.1085645 ], [ 79.2621177, 29.1083536 ] ] ] } },
{ "type": "Feature", "properties": { "gp_code": "27124", "gp_name": "NANDPUR", "blkname": "GADARPUR", "dtname": "Udam Singh Nagar", "SHAPE_Area": 4866865.568831915 }, "geometry": { "type": "Polygon", "coordinates": [ [ [ 79.2343089, 29.0906917 ], [ 79.2499395, 29.0907326 ], [ 79.2499459, 29.0896795 ], [ 79.2495003, 29.0890192 ], [ 79.2492623, 29.0874983 ], [ 79.2478316, 29.086969 ], [ 79.2474722, 29.085477 ], [ 79.2466751, 29.0841034 ], [ 79.2450056, 29.0824698 ], [ 79.2444617, 29.0789146 ], [ 79.2435475, 29.0770888 ], [ 79.2423191, 29.0762099 ], [ 79.2414869, 29.0749866 ], [ 79.2417662, 29.0716529 ], [ 79.2350744, 29.0720411 ], [ 79.227874, 29.0740376 ], [ 79.2278834, 29.074792 ], [ 79.2247729, 29.0794391 ], [ 79.2264732, 29.0797936 ], [ 79.2269484, 29.0803152 ], [ 79.224922, 29.0870822 ], [ 79.2263027, 29.0887547 ], [ 79.2262993, 29.0893031 ], [ 79.2271131, 29.0896868 ], [ 79.2280834, 29.0880882 ], [ 79.2289972, 29.0878394 ], [ 79.2304325, 29.0886479 ], [ 79.2304774, 29.0891545 ], [ 79.2311926, 29.0899595 ], [ 79.2310903, 29.0909717 ], [ 79.2313285, 29.0912681 ], [ 79.2327177, 29.0917811 ], [ 79.2343089, 29.0906917 ] ] ] } },
{ "type": "Feature", "properties": { "gp_code": "27126", "gp_name": "PATHARKUEI", "blkname": "GADARPUR", "dtname": "Udam Singh Nagar", "SHAPE_Area": 3057650.9614126133 }, "geometry": { "type": "Polygon", "coordinates": [ [ [ 79.2417662, 29.0716529 ], [ 79.2414637, 29.0670319 ], [ 79.2401539, 29.0648613 ], [ 79.2421928, 29.0619959 ], [ 79.2434125, 29.060871 ], [ 79.242828, 29.0602867 ], [ 79.2417641, 29.0599909 ], [ 79.2424314, 29.0588466 ], [ 79.2419291, 29.0581765 ], [ 79.2415196, 29.0561216 ], [ 79.2410314, 29.0554392 ], [ 79.2395151, 29.0549249 ], [ 79.2389236, 29.0550334 ], [ 79.2375213, 29.056585 ], [ 79.2357061, 29.0566382 ], [ 79.2336439, 29.057964 ], [ 79.2313187, 29.0585959 ], [ 79.2263345, 29.0614534 ], [ 79.2284087, 29.0650126 ], [ 79.2283749, 29.0659152 ], [ 79.2268437, 29.0677876 ], [ 79.2264277, 29.0690593 ], [ 79.2264355, 29.070061 ], [ 79.227874, 29.0740376 ], [ 79.2350744, 29.0720411 ], [ 79.2417662, 29.0716529 ] ] ] } },
{ "type": "Feature", "properties": { "gp_code": "260395", "gp_name": "RAMJIWANPUR", "blkname": "GADARPUR", "dtname": "Udam Singh Nagar", "SHAPE_Area": 1803125.3718960995 }, "geometry": { "type": "Polygon", "coordinates": [ [ [ 79.2474833, 29.0586478 ], [ 79.2477393, 29.0512537 ], [ 79.245187, 29.0499184 ], [ 79.2435071, 29.0485749 ], [ 79.242131, 29.0481726 ], [ 79.2395942, 29.0466271 ], [ 79.2375389, 29.0468647 ], [ 79.2328994, 29.0486976 ], [ 79.2333785, 29.0508332 ], [ 79.2324675, 29.0525602 ], [ 79.2324623, 29.0534012 ], [ 79.232736, 29.0546392 ], [ 79.2332387, 29.0552352 ], [ 79.2357095, 29.0560879 ], [ 79.2357061, 29.0566382 ], [ 79.2375213, 29.056585 ], [ 79.2389236, 29.0550334 ], [ 79.2395151, 29.0549249 ], [ 79.2412273, 29.0556132 ], [ 79.2419291, 29.0581765 ], [ 79.2425295, 29.0589089 ], [ 79.2435291, 29.0588024 ], [ 79.2450397, 29.0579438 ], [ 79.2474833, 29.0586478 ] ] ] } },
{ "type": "Feature", "properties": { "gp_code": "27119", "gp_name": "LUCKNOW", "blkname": "GADARPUR", "dtname": "Udam Singh Nagar", "SHAPE_Area": 2285995.7183266738 }, "geometry": { "type": "Polygon", "coordinates": [ [ [ 79.2482097, 29.03401 ], [ 79.2461416, 29.0317618 ], [ 79.2411406, 29.0307241 ], [ 79.2348964, 29.0305708 ], [ 79.2317369, 29.0319903 ], [ 79.2301538, 29.0332442 ], [ 79.2290016, 29.0335849 ], [ 79.2295679, 29.0355098 ], [ 79.2275034, 29.0365983 ], [ 79.2286284, 29.0388652 ], [ 79.2300501, 29.0406811 ], [ 79.2309623, 29.0417193 ], [ 79.232921, 29.0429347 ], [ 79.2334743, 29.0421706 ], [ 79.2345688, 29.042621 ], [ 79.2355966, 29.0424652 ], [ 79.2364757, 29.041344 ], [ 79.2397403, 29.0388675 ], [ 79.2404155, 29.0388707 ], [ 79.2419863, 29.0396201 ], [ 79.2436764, 29.0392818 ], [ 79.2482097, 29.03401 ] ] ] } },
{ "type": "Feature", "properties": { "gp_code": "293909", "gp_name": "GADARPURI", "blkname": "GADARPUR", "dtname": "Udam Singh Nagar", "SHAPE_Area": 2807814.0629744991 }, "geometry": { "type": "Polygon", "coordinates": [ [ [ 79.2302499, 29.0472009 ], [ 79.233673, 29.0441627 ], [ 79.232921, 29.0429347 ], [ 79.2309623, 29.0417193 ], [ 79.2296124, 29.0401621 ], [ 79.2275034, 29.0365983 ], [ 79.2295679, 29.0355098 ], [ 79.2290016, 29.0335849 ], [ 79.2279028, 29.0333075 ], [ 79.224048, 29.0289356 ], [ 79.2228414, 29.0284598 ], [ 79.218727, 29.0251501 ], [ 79.2174375, 29.0244513 ], [ 79.2160426, 29.024078 ], [ 79.2144528, 29.0259551 ], [ 79.2126317, 29.0267316 ], [ 79.2117332, 29.0275649 ], [ 79.2103933, 29.0275845 ], [ 79.209953, 29.0265875 ], [ 79.209472, 29.0270924 ], [ 79.2091108, 29.0289967 ], [ 79.2120282, 29.0324517 ], [ 79.2138223, 29.0334459 ], [ 79.2159766, 29.032681 ], [ 79.2174462, 29.0327044 ], [ 79.2192762, 29.033844 ], [ 79.2224917, 29.0367026 ], [ 79.2228459, 29.0388204 ], [ 79.2204931, 29.0419103 ], [ 79.2206525, 29.0428641 ], [ 79.221769, 29.0435318 ], [ 79.2226508, 29.0435522 ], [ 79.2281316, 29.042658 ], [ 79.2284598, 29.0430634 ], [ 79.2284103, 29.0451146 ], [ 79.227641, 29.0476791 ], [ 79.2289627, 29.0478793 ], [ 79.2302499, 29.0472009 ] ] ] } },
{ "type": "Feature", "properties": { "gp_code": "27104", "gp_name": "DONGPURI", "blkname": "GADARPUR", "dtname": "Udam Singh Nagar", "SHAPE_Area": 2833471.4570303368 }, "geometry": { "type": "Polygon", "coordinates": [ [ [ 79.2263345, 29.0614534 ], [ 79.2313187, 29.0585959 ], [ 79.2336439, 29.057964 ], [ 79.2357061, 29.0566382 ], [ 79.2357095, 29.0560879 ], [ 79.2332387, 29.0552352 ], [ 79.2325146, 29.0540445 ], [ 79.2324675, 29.0525602 ], [ 79.2333785, 29.0508332 ], [ 79.2328994, 29.0486976 ], [ 79.2302499, 29.0472009 ], [ 79.2289627, 29.0478793 ], [ 79.227641, 29.0476791 ], [ 79.2284103, 29.0451146 ], [ 79.2284598, 29.0430634 ], [ 79.2281316, 29.042658 ], [ 79.2226508, 29.0435522 ], [ 79.221769, 29.0435318 ], [ 79.2206525, 29.0428641 ], [ 79.2169462, 29.044236 ], [ 79.2154694, 29.0453271 ], [ 79.2155762, 29.0458769 ], [ 79.2168543, 29.047143 ], [ 79.217253, 29.0480172 ], [ 79.218315, 29.0486039 ], [ 79.2187866, 29.0495754 ], [ 79.2199186, 29.0507116 ], [ 79.2206808, 29.0522336 ], [ 79.2207845, 29.0532679 ], [ 79.2235776, 29.0591206 ], [ 79.2251867, 29.0603882 ], [ 79.2253638, 29.0614552 ], [ 79.2263345, 29.0614534 ] ] ] } },
{ "type": "Feature", "properties": { "gp_code": "27129", "gp_name": "RAJPURA", "blkname": "GADARPUR", "dtname": "Udam Singh Nagar", "SHAPE_Area": 5041922.8076642398 }, "geometry": { "type": "Polygon", "coordinates": [ [ [ 79.2066919, 29.054256 ], [ 79.2110894, 29.052219 ], [ 79.2152995, 29.0489445 ], [ 79.217253, 29.0480172 ], [ 79.2168543, 29.047143 ], [ 79.2155762, 29.0458769 ], [ 79.2154694, 29.0453271 ], [ 79.2169462, 29.044236 ], [ 79.2206525, 29.0428641 ], [ 79.2204931, 29.0419103 ], [ 79.2220667, 29.0400119 ], [ 79.2228847, 29.0384813 ], [ 79.2224917, 29.0367026 ], [ 79.2184715, 29.0332586 ], [ 79.2170054, 29.0326861 ], [ 79.2159766, 29.032681 ], [ 79.2143553, 29.0334162 ], [ 79.2130158, 29.0331511 ], [ 79.2120282, 29.0324517 ], [ 79.2091108, 29.0289967 ], [ 79.2090057, 29.0332291 ], [ 79.2080458, 29.0339351 ], [ 79.2065741, 29.0342509 ], [ 79.2013329, 29.0379078 ], [ 79.200066, 29.0406152 ], [ 79.1990301, 29.0417084 ], [ 79.1987954, 29.043904 ], [ 79.2001543, 29.0483163 ], [ 79.2000653, 29.050953 ], [ 79.2038863, 29.0538834 ], [ 79.2038238, 29.0561405 ], [ 79.2061089, 29.0553502 ], [ 79.2066919, 29.054256 ] ] ] } },
{ "type": "Feature", "properties": { "gp_code": "", "gp_name": "", "blkname": "GADARPUR", "dtname": "Udam Singh Nagar", "SHAPE_Area": 2874355.8883086094 }, "geometry": { "type": "Polygon", "coordinates": [ [ [ 79.2461416, 29.0317618 ], [ 79.2453652, 29.0299031 ], [ 79.2422901, 29.0267472 ], [ 79.2400359, 29.022779 ], [ 79.2392245, 29.0220826 ], [ 79.2390072, 29.0208201 ], [ 79.2418327, 29.0182365 ], [ 79.2342948, 29.0186704 ], [ 79.230433, 29.0199876 ], [ 79.2261948, 29.0230096 ], [ 79.2247504, 29.0245857 ], [ 79.2243224, 29.0255483 ], [ 79.224048, 29.0289356 ], [ 79.2279028, 29.0333075 ], [ 79.2285202, 29.0335579 ], [ 79.2301538, 29.0332442 ], [ 79.2317369, 29.0319903 ], [ 79.2348964, 29.0305708 ], [ 79.2411406, 29.0307241 ], [ 79.2461416, 29.0317618 ] ] ] } },
{ "type": "Feature", "properties": { "gp_code": "27108", "gp_name": "GUMCHAEYA", "blkname": "GADARPUR", "dtname": "Udam Singh Nagar", "SHAPE_Area": 4366422.621720382 }, "geometry": { "type": "Polygon", "coordinates": [ [ [ 79.2342948, 29.0186704 ], [ 79.2418327, 29.0182365 ], [ 79.2394321, 29.0203274 ], [ 79.2390072, 29.0208201 ], [ 79.2390884, 29.0213399 ], [ 79.2392245, 29.0220826 ], [ 79.2400359, 29.022779 ], [ 79.2416211, 29.0257547 ], [ 79.2434928, 29.0278907 ], [ 79.2449437, 29.0265414 ], [ 79.2467171, 29.0255264 ], [ 79.2502949, 29.0256455 ], [ 79.2514586, 29.0250868 ], [ 79.251881, 29.0246331 ], [ 79.2505895, 29.0228963 ], [ 79.2504656, 29.0219142 ], [ 79.2508415, 29.0209829 ], [ 79.2531977, 29.0191713 ], [ 79.2526094, 29.0184742 ], [ 79.253073, 29.0152867 ], [ 79.2515333, 29.0139531 ], [ 79.2528035, 29.0108589 ], [ 79.251328, 29.009947 ], [ 79.2504268, 29.0104196 ], [ 79.2474487, 29.0100128 ], [ 79.2449477, 29.0100795 ], [ 79.2431584, 29.0105947 ], [ 79.2351284, 29.0141695 ], [ 79.2315501, 29.015121 ], [ 79.2220262, 29.0194471 ], [ 79.2169125, 29.0230612 ], [ 79.2160426, 29.024078 ], [ 79.218727, 29.0251501 ], [ 79.2228414, 29.0284598 ], [ 79.224048, 29.0289356 ], [ 79.2240618, 29.0267343 ], [ 79.2247504, 29.0245857 ], [ 79.2261948, 29.0230096 ], [ 79.230433, 29.0199876 ], [ 79.2342948, 29.0186704 ] ] ] } }
]
}
